Timestamp,x57 Cell 1 Current,x57 Cell 1 Voltage,x57 Cell 1 Resistance,x57 Cell 1 Temp,x57 Cell 2 Current,x57 Cell 2 Voltage,x57 Cell 2 Resistance,x57 Cell 2 Temp,x57 Cell 3 Current,x57 Cell 3 Voltage,x57 Cell 3 Resistance,x57 Cell 3 Temp,x57 Cell 4 Current,x57 Cell 4 Voltage,x57 Cell 4 Resistance,x57 Cell 4 Temp,x58 Cell 5 Current,x58 Cell 5 Voltage,x58 Cell 5 Resistance,x58 Cell 5 Temp,x58 Cell 6 Current,x58 Cell 6 Voltage,x58 Cell 6 Resistance,x58 Cell 6 Temp,x58 Cell 7 Current,x58 Cell 7 Voltage,x58 Cell 7 Resistance,x58 Cell 7 Temp,x58 Cell 8 Current,x58 Cell 8 Voltage,x58 Cell 8 Resistance,x58 Cell 8 Temp,x59 Cell 9 Current,x59 Cell 9 Voltage,x59 Cell 9 Resistance,x59 Cell 9 Temp,x59 Cell 10 Current,x59 Cell 10 Voltage,x59 Cell 10 Resistance,x59 Cell 10 Temp,x59 Cell 11 Current,x59 Cell 11 Voltage,x59 Cell 11 Resistance,x59 Cell 11 Temp,x59 Cell 12 Current,x59 Cell 12 Voltage,x59 Cell 12 Resistance,x59 Cell 12 Temp,x60 Cell 13 Current,x60 Cell 13 Voltage,x60 Cell 13 Resistance,x60 Cell 13 Temp,x60 Cell 14 Current,x60 Cell 14 Voltage,x60 Cell 14 Resistance,x60 Cell 14 Temp,x60 Cell 15 Current,x60 Cell 15 Voltage,x60 Cell 15 Resistance,x60 Cell 15 Temp,x60 Cell 16 Current,x60 Cell 16 Voltage,x60 Cell 16 Resistance,x60 Cell 16 Temp
05-01-2026-Fri 12-46-43-PM,80.8,5.076,0.07852722772277228,,90.8,5.072,0.06982378854625551,,77.3,5.076,0.08208279430789134,,46.6,5.12,0.13733905579399142,,51.0,5.072,0.12431372549019608,,60.9,5.1,0.10467980295566502,,46.6,5.052,0.13551502145922745,,63.0,5.06,0.1003968253968254,,92.9,5.048,0.06792249730893433,,62.1,5.056,0.10177133655394524,,84.1,5.04,0.07491082045184305,,71.2,5.096,0.08946629213483145,,71.5,5.016,0.08769230769230771,,75.3,5.076,0.08426294820717133,,63.2,5.008,0.09905063291139239,,78.8,5.0,0.07931472081218274,
05-01-2026-Fri 12-46-45-PM,78.2,5.084,0.08126598465473144,,88.4,5.08,0.07183257918552036,,75.1,5.084,0.08462050599201065,,45.8,5.124,0.1398471615720524,,49.4,5.08,0.12854251012145748,,59.4,5.104,0.10740740740740741,,44.9,5.06,0.1408685968819599,,61.0,5.064,0.1037704918032787,,90.8,5.052,0.06954845814977974,,60.2,5.056,0.10498338870431895,,81.6,5.048,0.07732843137254902,,69.5,5.104,0.09179856115107914,,70.8,5.028,0.08877118644067795,,73.6,5.08,0.08627717391304347,,62.1,5.012,0.10088566827697262,,76.7,5.008,0.08161668839634942,
05-01-2026-Fri 12-46-46-PM,76.8,5.088,0.0828125,,87.3,5.084,0.07279495990836196,,74.4,5.084,0.08541666666666664,,45.4,5.128,0.14118942731277537,,49.4,5.08,0.12854251012145748,,59.1,5.108,0.10803722504230118,,44.5,5.064,0.14224719101123598,,60.6,5.068,0.10453795379537953,,89.6,5.06,0.07059151785714286,,59.4,5.06,0.10648148148148147,,80.7,5.052,0.0782527881040892,,68.7,5.104,0.0928675400291121,,70.7,5.032,0.08896746817538898,,72.9,5.08,0.08710562414266118,,61.3,5.016,0.10228384991843394,,76.0,5.016,0.0825,
05-01-2026-Fri 12-46-48-PM,76.3,5.088,0.0833551769331586,,86.6,5.088,0.07344110854503465,,73.8,5.088,0.0861788617886179,,45.5,5.128,0.14087912087912088,,48.8,5.08,0.13012295081967215,,58.6,5.108,0.10895904436860068,,43.4,5.064,0.14585253456221198,,60.0,5.072,0.10566666666666667,,88.8,5.064,0.07128378378378378,,59.1,5.064,0.10710659898477158,,80.1,5.052,0.07883895131086142,,68.3,5.108,0.09348462664714495,,70.4,5.032,0.0893465909090909,,72.3,5.084,0.08789764868603042,,61.2,5.02,0.10253267973856207,,75.8,5.016,0.08271767810026386,
05-01-2026-Fri 12-47-08-PM,77.4,5.088,0.0821705426356589,,87.5,5.088,0.0726857142857143,,74.8,5.088,0.08502673796791445,,45.2,5.132,0.14192477876106194,,47.4,5.088,0.13417721518987344,,58.9,5.112,0.10848896434634975,,43.6,5.068,0.14529816513761468,,59.8,5.072,0.10602006688963211,,87.1,5.068,0.0727324913892078,,57.5,5.068,0.11017391304347825,,78.7,5.056,0.08030495552731892,,67.1,5.112,0.09523099850968705,,69.7,5.032,0.0902439024390244,,71.7,5.088,0.08870292887029288,,59.6,5.024,0.10536912751677852,,74.4,5.02,0.08434139784946235,
05-01-2026-Fri 12-47-25-PM,75.6,5.092,0.0841931216931217,,85.8,5.092,0.07418414918414917,,73.3,5.092,0.08683492496589358,,44.5,5.136,0.14426966292134832,,46.4,5.088,0.1370689655172414,,57.7,5.112,0.11074523396880416,,42.7,5.068,0.1483606557377049,,58.3,5.076,0.1088336192109777,,87.1,5.068,0.0727324913892078,,57.1,5.072,0.11103327495621716,,77.5,5.056,0.08154838709677419,,67.0,5.112,0.0953731343283582,,69.3,5.04,0.09090909090909093,,71.4,5.092,0.08914565826330531,,59.4,5.024,0.10572390572390573,,73.5,5.02,0.08537414965986395,
05-01-2026-Fri 12-47-26-PM,73.9,5.096,0.08619756427604872,,84.2,5.096,0.07565320665083136,,71.8,5.096,0.08871866295264624,,44.4,5.136,0.1445945945945946,,46.1,5.092,0.1380694143167028,,56.5,5.116,0.1131858407079646,,42.1,5.072,0.15059382422802853,,57.3,5.08,0.11082024432809774,,85.3,5.068,0.07426729191090269,,55.8,5.072,0.11362007168458783,,76.6,5.064,0.08263707571801568,,65.7,5.116,0.09733637747336377,,68.6,5.04,0.09183673469387756,,70.3,5.096,0.09061166429587482,,58.2,5.032,0.10807560137457044,,72.5,5.024,0.08662068965517243,
05-01-2026-Fri 12-47-52-PM,74.7,5.1,0.08534136546184738,,84.7,5.1,0.07526564344746163,,72.4,5.1,0.08805248618784528,,44.0,5.132,0.14579545454545456,,45.3,5.096,0.14061810154525387,,56.2,5.12,0.11387900355871887,,42.0,5.072,0.15095238095238095,,57.3,5.08,0.11082024432809774,,85.9,5.068,0.07374854481955762,,55.8,5.076,0.11370967741935484,,76.5,5.064,0.08274509803921569,,65.4,5.116,0.09778287461773699,,68.4,5.044,0.0921783625730994,,70.6,5.096,0.09022662889518415,,58.2,5.032,0.10807560137457044,,72.3,5.028,0.08692946058091286,
05-01-2026-Fri 12-47-53-PM,72.8,5.1,0.08756868131868131,,82.9,5.1,0.07689987937273823,,71.0,5.1,0.0897887323943662,,43.6,5.14,0.1473623853211009,,44.7,5.096,0.1425055928411633,,55.2,5.124,0.11603260869565216,,41.2,5.08,0.15412621359223302,,55.6,5.084,0.11429856115107911,,83.6,5.076,0.07589712918660287,,54.4,5.08,0.1167279411764706,,75.1,5.068,0.08435419440745673,,64.3,5.12,0.0995334370139969,,67.6,5.048,0.09334319526627222,,69.6,5.096,0.09152298850574712,,56.9,5.032,0.11054481546572936,,71.2,5.032,0.08834269662921349,
05-01-2026-Fri 12-48-48-PM,69.5,5.112,0.09194244604316547,,79.3,5.108,0.08051702395964691,,68.0,5.112,0.09397058823529411,,42.7,5.148,0.15070257611241217,,42.6,5.108,0.14988262910798122,,52.5,5.128,0.1220952380952381,,39.2,5.092,0.1623724489795918,,52.6,5.096,0.12110266159695816,,80.1,5.088,0.07940074906367042,,51.1,5.092,0.12455968688845401,,71.6,5.08,0.08868715083798882,,61.1,5.132,0.10499181669394435,,64.6,5.06,0.09791021671826626,,66.4,5.112,0.09623493975903614,,53.7,5.052,0.11759776536312848,,67.9,5.044,0.09285714285714285,
05-01-2026-Fri 12-50-08-PM,70.8,5.108,0.09018361581920903,,80.1,5.112,0.07977528089887642,,68.5,5.112,0.0932846715328467,,42.4,5.148,0.1517688679245283,,41.8,5.108,0.1527511961722488,,52.9,5.132,0.12126654064272213,,37.6,5.092,0.16928191489361702,,52.3,5.1,0.12189292543021032,,80.8,5.092,0.07877475247524753,,50.7,5.092,0.12554240631163707,,71.5,5.08,0.08881118881118882,,61.7,5.136,0.10405186385737439,,64.4,5.064,0.09829192546583851,,66.3,5.108,0.09630467571644041,,53.2,5.056,0.118796992481203,,67.5,5.048,0.09348148148148148,
05-01-2026-Fri 12-50-09-PM,69.2,5.116,0.09241329479768785,,77.8,5.116,0.08219794344473008,,66.9,5.116,0.09559043348281016,,41.8,5.152,0.15406698564593302,,41.0,5.112,0.15585365853658537,,51.8,5.136,0.12393822393822396,,36.9,5.096,0.1726287262872629,,51.3,5.104,0.12436647173489279,,78.5,5.092,0.0810828025477707,,48.9,5.1,0.1303680981595092,,69.8,5.088,0.09111747851002866,,60.2,5.136,0.10664451827242526,,63.6,5.068,0.09960691823899369,,65.0,5.116,0.09838461538461538,,52.2,5.056,0.12107279693486589,,65.6,5.056,0.09634146341463415,
05-01-2026-Fri 12-50-10-PM,67.9,5.12,0.09425625920471281,,77.2,5.116,0.08283678756476683,,65.6,5.116,0.09748475609756099,,41.1,5.156,0.1568126520681265,,40.7,5.112,0.15700245700245702,,50.7,5.136,0.12662721893491125,,36.0,5.096,0.17694444444444446,,50.5,5.108,0.1264356435643564,,77.3,5.096,0.08240620957309186,,48.0,5.1,0.13281249999999997,,69.0,5.092,0.09224637681159419,,59.1,5.14,0.10871404399323181,,63.0,5.068,0.10055555555555555,,64.2,5.116,0.0996105919003115,,51.4,5.06,0.1230544747081712,,64.9,5.056,0.09738058551617874,
05-01-2026-Fri 12-50-12-PM,67.2,5.12,0.09523809523809522,,76.3,5.12,0.08387942332896463,,64.8,5.116,0.09868827160493827,,40.8,5.156,0.1579656862745098,,40.3,5.12,0.15880893300248142,,50.2,5.14,0.12798804780876494,,36.1,5.104,0.17673130193905817,,49.9,5.108,0.1279559118236473,,76.7,5.1,0.083116036505867,,47.5,5.104,0.13431578947368422,,68.5,5.092,0.09291970802919707,,58.5,5.14,0.10982905982905981,,62.3,5.076,0.10184590690208667,,63.6,5.116,0.10055031446540878,,51.1,5.064,0.1238747553816047,,64.4,5.056,0.09813664596273292,
05-01-2026-Fri 12-50-13-PM,66.7,5.12,0.09595202398800598,,75.7,5.124,0.08461030383091149,,64.3,5.12,0.0995334370139969,,41.2,5.16,0.15655339805825244,,40.2,5.116,0.15907960199004975,,49.5,5.14,0.1297979797979798,,35.6,5.104,0.17921348314606741,,49.3,5.108,0.12951318458417851,,75.8,5.1,0.08410290237467019,,47.5,5.104,0.13431578947368422,,68.1,5.092,0.0934654919236417,,58.3,5.14,0.11020583190394512,,61.9,5.072,0.10242326332794831,,63.4,5.12,0.10094637223974764,,50.4,5.064,0.1255952380952381,,63.9,5.06,0.09898278560250391,
05-01-2026-Fri 12-50-51-PM,68.5,5.116,0.09335766423357664,,77.1,5.116,0.08294422827496759,,65.8,5.116,0.09718844984802431,,41.3,5.152,0.15593220338983052,,40.0,5.116,0.159875,,50.4,5.132,0.12728174603174602,,35.5,5.096,0.17943661971830988,,50.0,5.104,0.1276,,77.2,5.096,0.08251295336787565,,48.4,5.1,0.13171487603305784,,68.4,5.088,0.09298245614035087,,59.2,5.14,0.10853040540540539,,63.0,5.072,0.10063492063492063,,63.6,5.116,0.10055031446540878,,50.5,5.06,0.12524752475247522,,64.8,5.056,0.09753086419753088,
05-01-2026-Fri 12-53-32-PM,65.9,5.12,0.09711684370257967,,74.6,5.124,0.08585790884718499,,64.0,5.12,0.1,,39.7,5.156,0.1623425692695214,,38.7,5.12,0.16537467700258396,,47.3,5.144,0.13594080338266387,,32.8,5.104,0.19451219512195125,,48.0,5.112,0.133125,,75.3,5.104,0.08472775564409032,,45.6,5.108,0.14002192982456138,,66.8,5.096,0.09535928143712574,,56.9,5.14,0.11291739894551846,,59.7,5.08,0.10636515912897823,,60.8,5.128,0.10542763157894737,,46.5,5.072,0.13634408602150538,,62.2,5.064,0.1017684887459807,
05-01-2026-Fri 12-53-33-PM,63.5,5.132,0.10102362204724409,,72.3,5.128,0.08865836791147995,,61.9,5.128,0.10355411954765753,,39.0,5.164,0.1655128205128205,,37.8,5.124,0.16944444444444443,,46.0,5.148,0.13989130434782607,,31.6,5.112,0.20221518987341772,,46.9,5.116,0.1363539445628998,,73.0,5.108,0.08746575342465754,,43.4,5.116,0.14735023041474654,,64.5,5.104,0.09891472868217055,,55.3,5.148,0.11636528028933092,,58.2,5.088,0.10927835051546392,,59.3,5.128,0.10809443507588533,,45.5,5.076,0.13945054945054947,,60.2,5.072,0.1053156146179402,
05-01-2026-Fri 12-55-19-PM,62.0,5.132,0.10346774193548386,,70.4,5.136,0.09119318181818181,,60.3,5.132,0.10638474295190714,,38.0,5.164,0.16986842105263159,,36.3,5.132,0.17672176308539947,,45.0,5.152,0.14311111111111113,,30.6,5.12,0.20915032679738563,,45.3,5.124,0.1413907284768212,,71.5,5.112,0.08937062937062938,,42.3,5.12,0.15130023640661938,,62.7,5.108,0.10183413078149918,,53.4,5.152,0.12059925093632962,,56.8,5.092,0.11205985915492958,,57.3,5.136,0.11204188481675394,,43.4,5.088,0.1465437788018433,,58.8,5.08,0.10799319727891157,
05-01-2026-Fri 12-55-20-PM,59.9,5.136,0.10717863105175292,,68.0,5.136,0.09441176470588236,,58.4,5.136,0.10993150684931507,,37.0,5.172,0.17472972972972972,,35.6,5.136,0.1803370786516854,,43.3,5.156,0.14884526558891456,,30.2,5.12,0.21192052980132453,,44.3,5.128,0.14469525959367946,,69.4,5.12,0.09221902017291067,,41.2,5.12,0.15533980582524273,,61.2,5.112,0.10441176470588236,,51.7,5.156,0.1246615087040619,,55.5,5.096,0.11477477477477478,,56.0,5.14,0.11473214285714285,,42.2,5.088,0.15071090047393365,,57.4,5.08,0.11062717770034844,
05-01-2026-Fri 12-55-22-PM,59.0,5.14,0.10889830508474577,,67.1,5.144,0.09582712369597618,,57.3,5.136,0.11204188481675394,,37.0,5.172,0.17472972972972972,,35.1,5.136,0.18290598290598292,,42.9,5.156,0.15023310023310024,,29.1,5.12,0.21993127147766323,,43.6,5.132,0.14713302752293578,,68.6,5.12,0.09329446064139943,,40.7,5.124,0.15737100737100737,,60.6,5.116,0.10552805280528052,,51.0,5.156,0.12637254901960784,,54.8,5.096,0.11624087591240878,,55.3,5.14,0.11618444846292947,,42.0,5.092,0.15154761904761904,,56.6,5.084,0.11227915194346288,
05-01-2026-Fri 12-56-07-PM,60.6,5.136,0.10594059405940595,,68.6,5.136,0.0935860058309038,,58.7,5.136,0.10936967632027257,,37.3,5.168,0.17319034852546916,,35.5,5.132,0.1807042253521127,,43.5,5.156,0.1481609195402299,,29.6,5.12,0.21621621621621623,,44.6,5.128,0.14372197309417042,,70.0,5.116,0.09135714285714285,,41.8,5.124,0.15322966507177035,,61.1,5.112,0.10458265139116202,,52.1,5.156,0.12370441458733204,,55.7,5.096,0.11436265709156195,,56.0,5.136,0.11464285714285714,,41.8,5.088,0.1521531100478469,,57.8,5.08,0.10986159169550173,
05-01-2026-Fri 12-56-08-PM,58.7,5.14,0.1094548551959114,,66.4,5.136,0.09668674698795181,,56.8,5.14,0.11311619718309861,,36.6,5.172,0.17663934426229508,,34.8,5.14,0.1846264367816092,,42.1,5.156,0.1530878859857482,,29.1,5.124,0.22010309278350512,,43.6,5.128,0.1470183486238532,,68.2,5.12,0.09384164222873902,,40.6,5.128,0.15788177339901477,,60.3,5.116,0.10605306799336649,,50.8,5.152,0.1267716535433071,,54.7,5.1,0.11654478976234002,,54.7,5.14,0.11745886654478975,,40.8,5.088,0.1558823529411765,,56.5,5.084,0.11247787610619468,
05-01-2026-Fri 13-00-14-PM,59.0,5.144,0.10898305084745763,,66.8,5.148,0.09633233532934131,,56.8,5.14,0.11311619718309861,,36.2,5.176,0.1787292817679558,,34.2,5.144,0.18801169590643277,,38.5,5.164,0.16766233766233765,,27.5,5.128,0.2330909090909091,,42.8,5.136,0.15000000000000002,,64.3,5.132,0.09976671850699845,,37.5,5.136,0.17120000000000002,,57.9,5.124,0.11062176165803107,,48.4,5.164,0.13336776859504132,,50.2,5.108,0.12719123505976096,,51.6,5.152,0.1248062015503876,,36.8,5.104,0.17336956521739133,,53.4,5.096,0.11928838951310862,
05-01-2026-Fri 13-00-16-PM,56.7,5.148,0.11349206349206348,,63.9,5.148,0.10070422535211268,,54.9,5.144,0.11712204007285976,,35.2,5.176,0.18380681818181818,,32.8,5.148,0.19618902439024394,,37.5,5.168,0.17226666666666668,,26.4,5.132,0.24299242424242423,,41.4,5.14,0.15519323671497584,,62.8,5.136,0.10222929936305734,,37.4,5.14,0.1717914438502674,,56.7,5.128,0.11305114638447972,,47.4,5.172,0.13639240506329114,,49.2,5.116,0.12997967479674796,,51.2,5.152,0.12578125,,36.5,5.108,0.17493150684931508,,52.7,5.104,0.12106261859582543,
05-01-2026-Fri 13-00-38-PM,55.2,5.156,0.11675724637681159,,61.8,5.152,0.10420711974110035,,53.4,5.152,0.12059925093632962,,34.5,5.184,0.18782608695652173,,32.1,5.152,0.20062305295950153,,36.2,5.172,0.17859116022099447,,25.6,5.14,0.25097656249999994,,40.7,5.148,0.1581081081081081,,60.8,5.144,0.10575657894736842,,36.0,5.144,0.17861111111111114,,55.0,5.136,0.11672727272727274,,45.8,5.176,0.14126637554585153,,47.7,5.124,0.1342767295597484,,49.4,5.16,0.1305668016194332,,35.4,5.112,0.18050847457627117,,51.2,5.112,0.1248046875,
05-01-2026-Fri 13-00-39-PM,53.9,5.16,0.11966604823747683,,61.0,5.156,0.10565573770491803,,51.8,5.156,0.12442084942084941,,34.1,5.18,0.18988269794721407,,31.5,5.156,0.2046031746031746,,36.0,5.176,0.17972222222222226,,24.8,5.144,0.2592741935483871,,39.6,5.148,0.16249999999999998,,60.3,5.144,0.1066334991708126,,35.7,5.152,0.1803921568627451,,55.0,5.136,0.11672727272727274,,45.3,5.176,0.14282560706401767,,47.4,5.124,0.135126582278481,,49.3,5.16,0.1308316430020284,,34.8,5.112,0.18362068965517242,,51.1,5.112,0.12504892367906068,
05-01-2026-Fri 13-01-35-PM,54.3,5.156,0.11869244935543279,,61.2,5.156,0.10531045751633986,,53.2,5.156,0.12114661654135336,,34.1,5.184,0.19002932551319648,,31.4,5.156,0.2052547770700637,,36.1,5.172,0.17908587257617728,,24.8,5.14,0.2590725806451613,,39.5,5.148,0.1629113924050633,,60.3,5.148,0.10671641791044775,,36.0,5.148,0.17875,,54.5,5.14,0.11788990825688073,,46.1,5.176,0.1403470715835141,,47.5,5.124,0.13484210526315787,,49.2,5.164,0.13119918699186991,,34.5,5.116,0.1853623188405797,,51.2,5.112,0.1248046875,
05-01-2026-Fri 13-01-36-PM,52.3,5.164,0.12342256214149139,,59.2,5.16,0.1089527027027027,,51.2,5.16,0.1259765625,,33.5,5.188,0.1935820895522388,,30.6,5.164,0.21094771241830063,,33.6,5.18,0.1927083333333333,,24.0,5.148,0.26812499999999995,,38.5,5.152,0.16727272727272727,,58.5,5.148,0.10999999999999999,,35.3,5.152,0.18243626062322948,,53.5,5.14,0.12009345794392523,,44.8,5.18,0.14453125,,46.7,5.128,0.13725910064239827,,48.2,5.164,0.13392116182572614,,34.1,5.12,0.18768328445747803,,50.2,5.112,0.12729083665338645,
05-01-2026-Fri 13-03-37-PM,51.4,5.16,0.1254863813229572,,59.3,5.164,0.10885328836424957,,50.8,5.16,0.1269685039370079,,32.8,5.188,0.19771341463414638,,29.8,5.164,0.21661073825503355,,33.3,5.176,0.19429429429429435,,22.7,5.148,0.28348017621145377,,36.9,5.156,0.17466124661246615,,55.3,5.152,0.11645569620253167,,32.4,5.16,0.1990740740740741,,50.1,5.148,0.1284431137724551,,42.3,5.188,0.1533096926713948,,44.1,5.136,0.145578231292517,,45.8,5.168,0.14104803493449783,,31.7,5.128,0.2022082018927445,,47.4,5.124,0.135126582278481,
05-01-2026-Fri 13-03-38-PM,49.4,5.164,0.130668016194332,,56.9,5.164,0.11344463971880492,,49.1,5.168,0.13156822810590632,,31.9,5.192,0.203448275862069,,28.9,5.168,0.22352941176470592,,32.2,5.18,0.20108695652173914,,21.8,5.156,0.2956422018348624,,36.1,5.16,0.17867036011080334,,54.5,5.156,0.11825688073394496,,32.5,5.16,0.19846153846153847,,49.8,5.148,0.1292168674698795,,41.9,5.184,0.15465393794749405,,43.4,5.136,0.147926267281106,,44.9,5.172,0.14398663697104677,,31.3,5.132,0.20495207667731627,,46.3,5.128,0.13844492440604753,
05-01-2026-Fri 13-04-34-PM,49.2,5.172,0.13140243902439022,,56.1,5.168,0.11515151515151514,,48.8,5.168,0.1323770491803279,,31.8,5.192,0.20408805031446542,,28.5,5.168,0.22666666666666668,,31.1,5.188,0.20852090032154336,,21.7,5.156,0.29700460829493086,,35.4,5.16,0.1822033898305085,,52.5,5.164,0.12295238095238094,,31.2,5.164,0.20689102564102563,,47.8,5.156,0.13483263598326362,,40.4,5.192,0.16064356435643565,,42.1,5.144,0.15273159144893111,,43.6,5.176,0.14839449541284405,,30.1,5.136,0.2132890365448505,,45.4,5.132,0.14129955947136563,
05-01-2026-Fri 13-05-09-PM,45.6,5.176,0.1418859649122807,,52.2,5.176,0.1239463601532567,,45.7,5.176,0.14157549234135666,,30.4,5.204,0.21398026315789473,,27.0,5.18,0.23981481481481481,,29.0,5.192,0.22379310344827588,,20.0,5.164,0.32275,,33.1,5.172,0.19531722054380662,,51.1,5.168,0.1264187866927593,,30.8,5.168,0.20974025974025975,,46.8,5.16,0.13782051282051286,,39.1,5.192,0.1659846547314578,,40.4,5.148,0.15928217821782178,,42.3,5.18,0.15307328605200946,,29.1,5.144,0.22096219931271477,,43.8,5.136,0.14657534246575343,
05-01-2026-Fri 13-05-11-PM,44.9,5.176,0.14409799554565703,,51.8,5.184,0.1250965250965251,,44.7,5.172,0.14463087248322146,,30.2,5.2,0.21523178807947024,,26.5,5.18,0.24433962264150944,,28.6,5.192,0.22692307692307695,,19.9,5.164,0.32437185929648243,,32.7,5.172,0.19770642201834862,,50.0,5.168,0.1292,,29.7,5.172,0.21767676767676766,,46.4,5.16,0.1390086206896552,,38.4,5.196,0.16914062500000002,,39.8,5.148,0.16168341708542716,,42.1,5.184,0.15391923990498815,,28.5,5.14,0.22543859649122805,,43.2,5.14,0.14872685185185183,
05-01-2026-Fri 13-05-38-PM,45.4,5.18,0.14262114537444937,,51.8,5.18,0.125,,45.5,5.176,0.1421978021978022,,30.2,5.204,0.21539735099337748,,26.6,5.18,0.2434210526315789,,28.7,5.192,0.2261324041811847,,19.9,5.168,0.32462311557788953,,32.7,5.176,0.19785932721712537,,49.2,5.172,0.13140243902439022,,29.6,5.176,0.2185810810810811,,45.5,5.164,0.14186813186813185,,37.9,5.196,0.17137203166226914,,39.3,5.152,0.16386768447837152,,41.4,5.184,0.1565217391304348,,27.9,5.144,0.23046594982078855,,42.6,5.14,0.15082159624413144,
05-01-2026-Fri 13-05-39-PM,44.2,5.184,0.14660633484162897,,50.9,5.18,0.12721021611001965,,44.3,5.176,0.14604966139954853,,29.8,5.204,0.21828859060402686,,25.9,5.18,0.25,,28.1,5.196,0.23113879003558718,,19.5,5.168,0.3312820512820513,,32.2,5.172,0.20077639751552795,,48.8,5.172,0.13247950819672133,,29.4,5.176,0.22006802721088436,,45.4,5.164,0.1421806167400881,,37.5,5.2,0.17333333333333337,,38.9,5.152,0.16555269922879182,,41.2,5.188,0.15740291262135922,,28.1,5.148,0.22900355871886122,,42.5,5.144,0.15129411764705883,
05-01-2026-Fri 13-05-41-PM,43.5,5.18,0.14885057471264368,,50.8,5.184,0.12755905511811025,,43.8,5.176,0.14771689497716897,,29.6,5.2,0.2195945945945946,,25.7,5.18,0.2519455252918288,,27.8,5.196,0.23363309352517983,,18.8,5.164,0.34335106382978725,,31.6,5.176,0.20474683544303798,,48.6,5.172,0.13302469135802467,,29.0,5.172,0.2229310344827586,,45.5,5.164,0.14186813186813185,,37.4,5.196,0.1736631016042781,,39.3,5.152,0.16386768447837152,,40.6,5.188,0.15972906403940884,,28.1,5.148,0.22900355871886122,,42.6,5.14,0.15082159624413144,
05-01-2026-Fri 13-09-45-PM,44.6,5.184,0.14529147982062782,,50.7,5.188,0.12790927021696252,,44.6,5.184,0.14529147982062782,,29.0,5.208,0.22448275862068964,,25.1,5.184,0.2581673306772908,,26.8,5.196,0.24235074626865669,,18.0,5.172,0.35916666666666663,,31.6,5.18,0.2049050632911392,,49.7,5.176,0.1301810865191147,,28.9,5.18,0.2240484429065744,,44.5,5.172,0.1452808988764045,,36.9,5.204,0.17628726287262875,,36.9,5.16,0.1747967479674797,,40.1,5.192,0.16184538653366584,,26.5,5.152,0.24301886792452831,,41.6,5.148,0.1546875,
05-01-2026-Fri 13-09-46-PM,42.9,5.188,0.15116550116550115,,48.7,5.192,0.13326488706365505,,43.4,5.184,0.14930875576036867,,27.9,5.212,0.23351254480286737,,24.3,5.188,0.26687242798353905,,25.5,5.204,0.2550980392156863,,17.6,5.176,0.36761363636363636,,30.5,5.184,0.21245901639344264,,47.9,5.18,0.13517745302713988,,27.6,5.184,0.23478260869565215,,43.0,5.176,0.15046511627906978,,36.0,5.204,0.18069444444444446,,36.3,5.164,0.1778236914600551,,38.9,5.192,0.1668380462724936,,26.0,5.156,0.24788461538461537,,40.1,5.152,0.16059850374064838,
05-01-2026-Fri 13-09-47-PM,41.7,5.192,0.15563549160671464,,47.6,5.192,0.13634453781512604,,42.4,5.188,0.15294811320754717,,27.6,5.212,0.23605072463768115,,23.8,5.192,0.2726890756302521,,25.1,5.204,0.2591633466135458,,17.1,5.18,0.3786549707602339,,30.1,5.184,0.2152823920265781,,46.9,5.18,0.13805970149253732,,26.9,5.184,0.2408921933085502,,42.5,5.172,0.1521176470588235,,35.5,5.208,0.18338028169014087,,36.2,5.168,0.17845303867403314,,38.2,5.196,0.1700261780104712,,25.7,5.16,0.2509727626459144,,39.7,5.156,0.1623425692695214,
05-01-2026-Fri 13-09-49-PM,41.2,5.192,0.1575242718446602,,46.8,5.196,0.1387820512820513,,41.8,5.188,0.15514354066985647,,27.4,5.212,0.23777372262773724,,23.2,5.192,0.2797413793103449,,24.7,5.208,0.2635627530364373,,17.0,5.18,0.38088235294117645,,29.7,5.192,0.21851851851851853,,46.6,5.184,0.13905579399141632,,27.0,5.184,0.24,,41.9,5.176,0.15441527446300715,,35.2,5.212,0.18508522727272728,,35.3,5.168,0.18300283286118985,,37.8,5.196,0.1718253968253968,,25.4,5.16,0.2539370078740158,,39.1,5.156,0.16483375959079283,
05-01-2026-Fri 13-11-12-PM,42.1,5.188,0.15403800475059382,,47.7,5.192,0.13605870020964358,,42.5,5.184,0.1524705882352941,,27.9,5.212,0.23351254480286737,,23.5,5.192,0.2761702127659575,,24.8,5.204,0.2622983870967742,,17.2,5.172,0.37587209302325575,,30.3,5.184,0.21386138613861388,,47.3,5.18,0.136892177589852,,27.2,5.184,0.23823529411764707,,42.1,5.176,0.15368171021377675,,35.4,5.204,0.18375706214689264,,35.2,5.164,0.1833806818181818,,37.9,5.196,0.17137203166226914,,24.9,5.16,0.25903614457831325,,39.3,5.152,0.16386768447837152,
05-01-2026-Fri 13-11-13-PM,40.8,5.192,0.1590686274509804,,46.1,5.192,0.14078091106290674,,41.2,5.192,0.1575242718446602,,26.9,5.212,0.24219330855018587,,22.7,5.192,0.28590308370044054,,23.9,5.204,0.27217573221757324,,16.7,5.176,0.3874251497005988,,29.1,5.184,0.222680412371134,,46.0,5.184,0.1408695652173913,,26.4,5.184,0.24545454545454548,,40.9,5.176,0.1581907090464548,,34.4,5.208,0.18924418604651164,,34.6,5.172,0.18684971098265896,,37.0,5.196,0.17554054054054052,,24.5,5.16,0.26326530612244897,,38.6,5.156,0.16696891191709842,
05-01-2026-Fri 13-11-15-PM,39.7,5.196,0.1636020151133501,,45.2,5.196,0.14369469026548673,,40.1,5.192,0.16184538653366584,,26.8,5.212,0.2430970149253731,,22.4,5.192,0.2897321428571429,,23.5,5.204,0.27680851063829787,,16.6,5.18,0.3900602409638554,,28.9,5.192,0.22456747404844293,,45.1,5.184,0.14368070953436807,,26.2,5.188,0.24751908396946565,,40.7,5.18,0.1590909090909091,,33.8,5.208,0.19260355029585804,,34.2,5.168,0.18888888888888888,,36.3,5.196,0.17892561983471073,,24.0,5.164,0.26895833333333335,,38.0,5.156,0.16960526315789473,
05-01-2026-Fri 13-11-57-PM,40.6,5.192,0.15985221674876848,,45.9,5.196,0.14150326797385623,,40.9,5.192,0.158679706601467,,26.7,5.212,0.24400749063670416,,22.5,5.196,0.2886666666666667,,23.1,5.208,0.2818181818181818,,16.4,5.18,0.3948170731707317,,29.2,5.188,0.2220890410958904,,45.9,5.188,0.14128540305010895,,26.5,5.188,0.2447169811320755,,41.1,5.176,0.15742092457420925,,34.1,5.212,0.19105571847507333,,34.4,5.164,0.18764534883720932,,36.6,5.2,0.17759562841530055,,24.2,5.16,0.2665289256198347,,38.8,5.16,0.1662371134020619,
05-01-2026-Fri 13-11-58-PM,39.3,5.196,0.1652671755725191,,44.4,5.2,0.1463963963963964,,39.4,5.192,0.16472081218274112,,26.7,5.216,0.24419475655430714,,21.8,5.196,0.29793577981651376,,22.6,5.208,0.28805309734513274,,16.1,5.184,0.40248447204968946,,28.5,5.192,0.22771929824561404,,44.3,5.188,0.1463882618510158,,25.8,5.192,0.25155038759689924,,40.3,5.18,0.1606699751861042,,33.2,5.212,0.19623493975903614,,33.8,5.172,0.19127218934911244,,35.6,5.2,0.18258426966292135,,23.4,5.168,0.27606837606837614,,37.9,5.164,0.17031662269129288,
05-01-2026-Fri 13-12-00-PM,38.7,5.2,0.16795865633074933,,44.5,5.196,0.14595505617977528,,38.9,5.192,0.1668380462724936,,26.0,5.22,0.25096153846153846,,21.4,5.196,0.3035046728971963,,22.4,5.208,0.290625,,15.4,5.184,0.42077922077922075,,28.0,5.192,0.23178571428571432,,44.0,5.188,0.14738636363636365,,25.5,5.192,0.25450980392156863,,39.8,5.184,0.16281407035175882,,33.0,5.212,0.19742424242424242,,33.1,5.168,0.19516616314199392,,35.5,5.2,0.1830985915492958,,23.4,5.168,0.27606837606837614,,37.4,5.164,0.17259358288770055,
05-01-2026-Fri 13-12-36-PM,39.5,5.196,0.16443037974683544,,44.4,5.196,0.1462837837837838,,39.9,5.192,0.16265664160401005,,26.6,5.212,0.24492481203007516,,21.7,5.196,0.29930875576036864,,22.7,5.208,0.28678414096916305,,16.0,5.18,0.40468750000000003,,28.4,5.192,0.2285211267605634,,44.8,5.184,0.14464285714285716,,26.3,5.188,0.2465779467680608,,40.0,5.18,0.161875,,33.2,5.212,0.19623493975903614,,33.3,5.176,0.19429429429429435,,35.4,5.2,0.18361581920903955,,23.4,5.164,0.2758547008547009,,38.0,5.156,0.16960526315789473,
05-01-2026-Fri 13-12-37-PM,38.2,5.196,0.1700261780104712,,43.5,5.2,0.14942528735632185,,38.7,5.196,0.16782945736434104,,26.1,5.22,0.24999999999999997,,21.1,5.196,0.30781990521327013,,22.4,5.212,0.2908482142857143,,15.5,5.184,0.4180645161290322,,27.6,5.196,0.23532608695652169,,43.4,5.188,0.14942396313364054,,25.5,5.192,0.25450980392156863,,39.8,5.18,0.16268844221105527,,32.3,5.212,0.201702786377709,,32.8,5.172,0.19710365853658537,,34.8,5.204,0.18692528735632186,,23.1,5.168,0.27965367965367965,,37.1,5.168,0.17412398921832886,
05-01-2026-Fri 13-18-13-PM,38.0,5.196,0.17092105263157895,,43.0,5.2,0.15116279069767444,,37.7,5.196,0.1722811671087533,,25.0,5.216,0.2608,,20.3,5.2,0.32019704433497537,,19.6,5.212,0.33239795918367343,,14.7,5.184,0.44081632653061226,,27.2,5.196,0.23878676470588237,,41.9,5.192,0.15489260143198091,,24.5,5.196,0.2651020408163265,,37.9,5.184,0.17097625329815305,,31.2,5.216,0.20897435897435898,,30.2,5.18,0.2144039735099338,,33.7,5.208,0.19317507418397625,,21.7,5.172,0.297926267281106,,35.6,5.168,0.1814606741573034,
05-01-2026-Fri 13-18-15-PM,36.6,5.204,0.17773224043715846,,41.1,5.204,0.15827250608272503,,36.2,5.2,0.17955801104972374,,24.1,5.224,0.270954356846473,,19.5,5.2,0.33333333333333337,,18.9,5.216,0.344973544973545,,14.3,5.192,0.4538461538461539,,26.2,5.2,0.24809160305343514,,40.3,5.196,0.161166253101737,,23.4,5.196,0.2775641025641026,,36.9,5.192,0.1758807588075881,,30.4,5.22,0.21463815789473686,,29.7,5.18,0.218013468013468,,32.9,5.208,0.19787234042553195,,20.9,5.172,0.3093301435406699,,34.4,5.172,0.18793604651162787,
05-01-2026-Fri 13-18-16-PM,35.8,5.204,0.18170391061452512,,40.4,5.208,0.16113861386138617,,35.7,5.204,0.18221288515406162,,24.3,5.224,0.26872427983539093,,19.1,5.204,0.3405759162303664,,18.7,5.216,0.34866310160427816,,14.0,5.192,0.46357142857142863,,25.6,5.2,0.25390625,,39.3,5.196,0.1652671755725191,,22.7,5.196,0.2861233480176212,,36.1,5.184,0.17950138504155125,,29.9,5.216,0.21806020066889634,,29.5,5.18,0.21949152542372882,,32.2,5.204,0.20201863354037264,,20.9,5.172,0.3093301435406699,,33.9,5.172,0.1907079646017699,
05-01-2026-Fri 13-19-19-PM,35.2,5.2,0.1846590909090909,,39.5,5.2,0.16455696202531644,,35.6,5.196,0.1824438202247191,,23.8,5.216,0.27394957983193274,,18.6,5.196,0.3491935483870967,,18.7,5.208,0.3481283422459894,,13.8,5.188,0.469927536231884,,25.4,5.192,0.2555118110236221,,38.5,5.196,0.16870129870129869,,22.7,5.192,0.28590308370044054,,35.7,5.184,0.1815126050420168,,29.6,5.212,0.22010135135135134,,28.9,5.18,0.2240484429065744,,31.8,5.204,0.20455974842767294,,20.3,5.172,0.3184729064039408,,34.0,5.168,0.19,
05-01-2026-Fri 13-19-20-PM,34.0,5.208,0.1914705882352941,,38.5,5.204,0.16896103896103895,,34.3,5.2,0.1895043731778426,,23.0,5.22,0.28369565217391307,,18.0,5.204,0.3613888888888889,,18.0,5.216,0.3622222222222223,,13.5,5.192,0.48074074074074075,,24.7,5.2,0.26315789473684215,,37.1,5.196,0.17506738544474393,,22.3,5.196,0.2912556053811659,,34.7,5.188,0.18688760806916424,,28.5,5.216,0.2287719298245614,,28.3,5.18,0.22879858657243812,,31.1,5.208,0.20932475884244373,,19.6,5.176,0.3301020408163265,,33.1,5.172,0.19531722054380662,
05-01-2026-Fri 13-19-22-PM,33.3,5.204,0.19534534534534537,,37.9,5.204,0.17163588390501322,,33.5,5.2,0.19402985074626866,,23.0,5.22,0.28369565217391307,,18.0,5.204,0.3613888888888889,,17.7,5.216,0.36836158192090396,,13.4,5.192,0.4843283582089552,,24.0,5.2,0.2708333333333333,,36.3,5.2,0.17906336088154273,,21.7,5.2,0.2995391705069125,,34.8,5.188,0.18635057471264369,,28.3,5.216,0.2303886925795053,,28.2,5.184,0.2297872340425532,,31.0,5.212,0.21016129032258066,,19.6,5.176,0.3301020408163265,,32.5,5.172,0.1989230769230769,
05-01-2026-Fri 13-20-04-PM,33.7,5.204,0.193026706231454,,38.2,5.204,0.1702879581151832,,33.6,5.2,0.19345238095238093,,23.2,5.22,0.28125,,18.1,5.204,0.35939226519337014,,18.1,5.216,0.3602209944751381,,13.4,5.192,0.4843283582089552,,24.4,5.2,0.2663934426229509,,34.7,5.2,0.1873198847262248,,20.9,5.2,0.31100478468899523,,33.9,5.192,0.19144542772861356,,27.7,5.22,0.23555956678700363,,27.5,5.184,0.23563636363636364,,30.1,5.208,0.21627906976744185,,18.9,5.176,0.34232804232804237,,32.0,5.176,0.2021875,
05-01-2026-Fri 13-20-49-PM,33.3,5.204,0.19534534534534537,,37.4,5.204,0.17393048128342248,,33.3,5.196,0.19504504504504508,,22.6,5.22,0.288716814159292,,17.7,5.2,0.3672316384180791,,17.3,5.216,0.37687861271676304,,12.8,5.192,0.50703125,,23.8,5.196,0.2728991596638655,,33.5,5.2,0.19402985074626866,,20.6,5.2,0.3155339805825243,,33.3,5.192,0.19489489489489495,,27.0,5.22,0.24166666666666664,,26.8,5.184,0.2417910447761194,,29.4,5.212,0.22159863945578231,,18.5,5.18,0.35000000000000003,,31.3,5.172,0.20654952076677316,
05-01-2026-Fri 13-20-50-PM,31.8,5.204,0.20455974842767294,,36.6,5.208,0.1778688524590164,,32.2,5.204,0.20201863354037264,,22.2,5.22,0.29391891891891886,,17.2,5.204,0.37819767441860463,,16.9,5.216,0.3857988165680474,,12.8,5.196,0.5074218749999999,,22.9,5.2,0.2838427947598254,,33.1,5.2,0.19637462235649544,,20.1,5.2,0.3233830845771144,,33.4,5.192,0.194311377245509,,26.8,5.224,0.24365671641791045,,26.4,5.188,0.2456439393939394,,29.0,5.212,0.2246551724137931,,18.6,5.18,0.34811827956989244,,31.3,5.176,0.20670926517571886,
05-01-2026-Fri 13-20-52-PM,31.5,5.212,0.2068253968253968,,36.1,5.212,0.18047091412742383,,32.0,5.204,0.20328125,,21.8,5.224,0.2995412844036697,,17.1,5.212,0.3809941520467836,,16.8,5.216,0.38809523809523805,,12.5,5.196,0.5196,,22.4,5.204,0.2904017857142857,,33.3,5.204,0.19534534534534537,,20.0,5.204,0.32525,,32.9,5.196,0.19741641337386018,,26.7,5.22,0.24438202247191013,,26.7,5.188,0.24288389513108616,,28.9,5.216,0.22560553633217997,,18.5,5.18,0.35000000000000003,,31.4,5.18,0.20621019108280256,
05-01-2026-Fri 13-22-54-PM,32.8,5.204,0.19832317073170735,,36.6,5.212,0.17800546448087431,,33.3,5.204,0.19534534534534537,,22.0,5.224,0.2968181818181818,,17.4,5.212,0.37442528735632186,,17.2,5.22,0.3793604651162791,,12.6,5.196,0.5154761904761904,,22.8,5.204,0.2853070175438596,,32.9,5.204,0.1977203647416413,,19.5,5.204,0.3335897435897436,,32.0,5.196,0.20296875,,26.9,5.22,0.2425650557620818,,26.7,5.188,0.24288389513108616,,29.0,5.216,0.22482758620689655,,18.5,5.184,0.3502702702702703,,31.3,5.184,0.20702875399361023,
05-01-2026-Fri 13-22-56-PM,31.6,5.208,0.2060126582278481,,35.5,5.212,0.1835211267605634,,32.3,5.208,0.2015479876160991,,21.7,5.224,0.3009216589861751,,16.9,5.208,0.3852071005917161,,16.3,5.224,0.4006134969325153,,12.2,5.2,0.5327868852459018,,22.0,5.208,0.29590909090909095,,31.6,5.208,0.2060126582278481,,19.3,5.208,0.3373056994818653,,31.6,5.204,0.20585443037974682,,26.2,5.228,0.24942748091603054,,26.1,5.192,0.24865900383141762,,28.7,5.22,0.2273519163763066,,17.8,5.188,0.3643258426966292,,30.6,5.184,0.21176470588235294,
05-01-2026-Fri 13-22-57-PM,30.8,5.212,0.211525974025974,,34.7,5.216,0.1878962536023055,,31.2,5.208,0.20865384615384616,,21.0,5.228,0.3111904761904762,,16.6,5.212,0.3924698795180723,,16.0,5.224,0.408125,,11.7,5.2,0.5555555555555557,,21.6,5.204,0.3011574074074074,,30.9,5.208,0.2106796116504855,,18.9,5.208,0.34444444444444444,,31.7,5.2,0.20504731861198738,,26.1,5.228,0.2503831417624521,,25.7,5.192,0.2525291828793774,,28.4,5.22,0.22975352112676056,,17.6,5.184,0.3681818181818182,,30.7,5.188,0.21123778501628665,
05-01-2026-Fri 13-27-51-PM,30.8,5.212,0.211525974025974,,34.6,5.216,0.18843930635838152,,31.8,5.208,0.20471698113207548,,20.1,5.228,0.3251243781094527,,16.5,5.212,0.39484848484848484,,15.0,5.224,0.4353333333333334,,11.2,5.204,0.5808035714285714,,21.2,5.212,0.30731132075471695,,29.9,5.212,0.21789297658862875,,17.4,5.22,0.375,,29.3,5.208,0.22218430034129694,,24.8,5.232,0.26370967741935486,,25.2,5.2,0.25793650793650796,,28.0,5.22,0.23303571428571426,,17.8,5.192,0.36460674157303374,,29.9,5.184,0.21672240802675585,
05-01-2026-Fri 13-27-52-PM,29.4,5.216,0.22176870748299324,,33.1,5.22,0.19712990936555888,,30.1,5.212,0.21644518272425248,,20.0,5.232,0.327,,15.8,5.22,0.4129746835443037,,14.8,5.228,0.44155405405405407,,10.7,5.208,0.6084112149532711,,20.3,5.216,0.32118226600985217,,29.5,5.216,0.22101694915254239,,17.2,5.216,0.3790697674418605,,28.9,5.208,0.2252595155709343,,24.4,5.232,0.26803278688524595,,24.6,5.2,0.26422764227642276,,27.4,5.224,0.23832116788321173,,17.5,5.192,0.37085714285714283,,29.5,5.188,0.21983050847457627,
05-01-2026-Fri 13-27-54-PM,28.9,5.224,0.22595155709342563,,32.5,5.22,0.20076923076923078,,29.5,5.216,0.22101694915254239,,19.4,5.236,0.3373711340206186,,15.4,5.22,0.4237012987012987,,14.2,5.228,0.46021126760563386,,10.7,5.208,0.6084112149532711,,19.7,5.22,0.33121827411167515,,28.9,5.216,0.22560553633217997,,16.8,5.216,0.38809523809523805,,28.7,5.208,0.22682926829268293,,24.1,5.232,0.2713692946058091,,24.6,5.2,0.26422764227642276,,27.7,5.224,0.23574007220216608,,17.2,5.192,0.3773255813953489,,29.2,5.192,0.22226027397260276,
05-01-2026-Fri 13-31-37-PM,26.1,5.228,0.2503831417624521,,30.0,5.228,0.21783333333333332,,27.7,5.224,0.23574007220216608,,18.0,5.244,0.36416666666666664,,13.8,5.232,0.47391304347826085,,13.0,5.24,0.5038461538461538,,9.7,5.22,0.6726804123711341,,17.5,5.228,0.37342857142857133,,25.2,5.228,0.2593253968253968,,15.1,5.228,0.4327814569536424,,25.3,5.22,0.25790513833992096,,21.4,5.244,0.3063084112149533,,22.3,5.212,0.29215246636771297,,25.7,5.236,0.2546692607003891,,15.5,5.208,0.42,,26.4,5.204,0.24640151515151515,
05-01-2026-Fri 13-31-38-PM,25.3,5.232,0.258498023715415,,28.6,5.232,0.22867132867132867,,26.4,5.228,0.2475378787878788,,17.3,5.244,0.3789017341040462,,13.5,5.228,0.48407407407407405,,12.4,5.24,0.528225806451613,,9.1,5.22,0.717032967032967,,16.9,5.232,0.38698224852071017,,23.9,5.228,0.2734309623430962,,14.4,5.232,0.4541666666666667,,24.4,5.22,0.26741803278688525,,20.7,5.244,0.31666666666666665,,21.5,5.212,0.3030232558139535,,25.0,5.236,0.2618,,15.0,5.204,0.4336666666666667,,25.3,5.204,0.2571146245059288,
05-01-2026-Fri 13-31-39-PM,24.5,5.232,0.26693877551020406,,27.9,5.236,0.2345878136200717,,25.6,5.228,0.2552734375,,16.9,5.244,0.3878698224852072,,13.2,5.232,0.4954545454545455,,12.1,5.24,0.5413223140495869,,8.7,5.22,0.75,,16.3,5.232,0.40122699386503063,,22.9,5.228,0.2853711790393013,,13.9,5.232,0.47050359712230216,,24.1,5.22,0.27074688796680496,,20.2,5.244,0.3245049504950495,,21.1,5.216,0.30900473933649286,,24.6,5.236,0.2660569105691057,,14.6,5.212,0.44623287671232875,,24.9,5.208,0.26144578313253014,
05-01-2026-Fri 13-32-07-PM,23.0,5.232,0.2843478260869565,,26.7,5.232,0.24494382022471914,,24.3,5.228,0.2689300411522633,,16.3,5.244,0.4021472392638036,,12.6,5.232,0.5190476190476191,,11.6,5.24,0.5646551724137931,,8.2,5.22,0.7957317073170732,,15.6,5.232,0.4192307692307693,,22.0,5.232,0.2972727272727273,,13.6,5.228,0.48051470588235295,,23.2,5.224,0.2814655172413793,,19.3,5.244,0.33963730569948186,,20.6,5.216,0.31650485436893205,,23.6,5.24,0.2775423728813559,,13.6,5.208,0.47867647058823537,,24.0,5.208,0.27125,
05-01-2026-Fri 13-32-08-PM,22.4,5.236,0.2921875,,26.2,5.236,0.24980916030534353,,23.6,5.228,0.2769067796610169,,15.9,5.248,0.4125786163522012,,12.2,5.232,0.5360655737704919,,11.2,5.244,0.5852678571428571,,8.3,5.22,0.786144578313253,,15.0,5.232,0.436,,21.3,5.228,0.3068075117370892,,13.2,5.228,0.4950757575757576,,22.6,5.224,0.2889380530973451,,19.2,5.244,0.34140625,,20.2,5.22,0.323019801980198,,23.1,5.24,0.28354978354978355,,13.9,5.208,0.4683453237410072,,23.3,5.208,0.2793991416309013,
05-01-2026-Fri 13-32-09-PM,22.0,5.236,0.2975,,26.2,5.236,0.24980916030534353,,23.4,5.228,0.2792735042735043,,15.7,5.244,0.417515923566879,,12.2,5.232,0.5360655737704919,,11.1,5.244,0.5905405405405405,,8.2,5.224,0.7963414634146344,,14.9,5.236,0.43926174496644294,,21.0,5.232,0.31142857142857144,,12.9,5.232,0.5069767441860465,,22.4,5.224,0.29151785714285716,,18.7,5.248,0.35080213903743324,,20.3,5.216,0.32118226600985217,,22.9,5.24,0.28602620087336245,,13.5,5.212,0.48259259259259263,,23.2,5.208,0.2806034482758621,
05-01-2026-Fri 13-33-32-PM,21.6,5.236,0.30300925925925926,,25.2,5.24,0.25992063492063494,,22.9,5.236,0.2858078602620087,,15.4,5.248,0.425974025974026,,11.4,5.24,0.5745614035087719,,10.7,5.248,0.6130841121495327,,7.7,5.228,0.8487012987012986,,14.3,5.236,0.4576923076923077,,20.5,5.24,0.3195121951219512,,12.2,5.24,0.5368852459016394,,21.4,5.228,0.30537383177570093,,17.8,5.252,0.36882022471910114,,18.9,5.228,0.3457671957671958,,21.6,5.244,0.3034722222222222,,12.7,5.22,0.5137795275590551,,21.5,5.216,0.30325581395348844,
05-01-2026-Fri 13-33-34-PM,20.6,5.24,0.3179611650485437,,24.2,5.24,0.27066115702479343,,21.9,5.236,0.2988584474885845,,15.0,5.252,0.43766666666666665,,11.0,5.24,0.5954545454545456,,10.4,5.248,0.6307692307692309,,7.5,5.232,0.872,,13.7,5.244,0.47846715328467154,,19.9,5.24,0.3291457286432161,,12.0,5.24,0.5458333333333334,,20.8,5.232,0.3144230769230769,,17.1,5.252,0.3839181286549707,,18.4,5.228,0.3551630434782609,,21.0,5.248,0.31238095238095237,,12.0,5.22,0.54375,,21.0,5.216,0.31047619047619046,
05-01-2026-Fri 13-33-35-PM,20.2,5.244,0.3245049504950495,,23.7,5.248,0.27679324894514773,,21.9,5.24,0.29908675799086765,,14.9,5.252,0.44060402684563754,,10.8,5.24,0.6064814814814815,,9.9,5.252,0.6631313131313131,,7.4,5.228,0.8831081081081081,,13.5,5.24,0.4851851851851852,,19.3,5.24,0.3393782383419689,,11.8,5.24,0.5550847457627118,,20.7,5.236,0.31618357487922705,,16.9,5.256,0.38875739644970425,,18.3,5.228,0.35710382513661204,,20.8,5.244,0.31514423076923076,,12.0,5.224,0.5441666666666667,,21.0,5.22,0.3107142857142857,
05-01-2026-Fri 13-35-24-PM,19.8,5.236,0.3305555555555555,,22.8,5.236,0.2870614035087719,,21.2,5.232,0.3084905660377359,,14.0,5.248,0.46857142857142864,,10.4,5.236,0.6293269230769231,,9.7,5.244,0.6757731958762888,,7.0,5.224,0.9328571428571429,,12.8,5.236,0.5113281249999999,,18.2,5.236,0.3596153846153846,,11.0,5.236,0.595,,19.2,5.228,0.34036458333333336,,15.9,5.252,0.41289308176100625,,16.9,5.224,0.3863905325443788,,19.7,5.244,0.33274111675126905,,11.4,5.216,0.5719298245614035,,19.3,5.216,0.3378238341968912,
05-01-2026-Fri 13-35-26-PM,18.6,5.236,0.35188172043010746,,22.3,5.24,0.2937219730941704,,20.5,5.232,0.31902439024390244,,13.6,5.248,0.48235294117647065,,9.9,5.236,0.661111111111111,,9.5,5.248,0.6905263157894738,,6.9,5.228,0.9471014492753622,,11.9,5.236,0.5499999999999999,,17.2,5.24,0.3808139534883721,,10.4,5.236,0.6293269230769231,,18.8,5.232,0.34787234042553195,,15.1,5.252,0.43476821192052983,,16.2,5.228,0.40339506172839507,,19.1,5.244,0.3431937172774869,,10.8,5.22,0.6041666666666666,,18.6,5.22,0.3508064516129032,
05-01-2026-Fri 13-35-27-PM,18.3,5.24,0.3579234972677596,,22.0,5.24,0.2977272727272728,,19.9,5.232,0.3286432160804021,,13.5,5.252,0.4862962962962963,,9.5,5.24,0.6894736842105263,,8.9,5.248,0.7370786516853933,,6.6,5.228,0.9901515151515152,,12.2,5.236,0.5364754098360657,,17.0,5.244,0.3855882352941176,,10.5,5.244,0.6242857142857142,,18.5,5.232,0.35351351351351357,,15.0,5.256,0.43800000000000006,,16.0,5.228,0.4084375,,18.6,5.248,0.35268817204301073,,10.5,5.224,0.621904761904762,,18.4,5.22,0.35461956521739135,
05-01-2026-Fri 13-36-01-PM,17.2,5.24,0.3808139534883721,,21.1,5.244,0.31066350710900476,,19.2,5.24,0.34114583333333337,,12.9,5.248,0.5085271317829458,,9.2,5.244,0.7125,,8.7,5.248,0.7540229885057472,,6.2,5.232,1.0548387096774194,,11.2,5.244,0.5852678571428571,,16.5,5.244,0.3972727272727273,,10.1,5.244,0.649009900990099,,17.8,5.236,0.3676966292134831,,13.9,5.256,0.47266187050359715,,14.6,5.232,0.44794520547945205,,17.5,5.248,0.37485714285714283,,10.1,5.228,0.647029702970297,,17.6,5.228,0.37130681818181815,
05-01-2026-Fri 13-36-12-PM,16.8,5.24,0.38988095238095233,,20.4,5.244,0.32132352941176473,,18.5,5.236,0.3537837837837838,,12.4,5.248,0.5290322580645161,,9.1,5.244,0.7203296703296702,,8.5,5.244,0.7711764705882352,,5.9,5.228,1.1076271186440676,,11.0,5.24,0.5954545454545456,,15.8,5.244,0.4148734177215189,,9.3,5.24,0.7043010752688171,,17.4,5.24,0.3764367816091954,,13.6,5.256,0.4830882352941177,,14.3,5.232,0.45734265734265733,,17.3,5.248,0.37919075144508674,,9.8,5.228,0.6668367346938774,,17.2,5.228,0.3799418604651163,
05-01-2026-Fri 13-36-13-PM,16.9,5.24,0.38757396449704146,,20.3,5.248,0.32315270935960594,,18.2,5.236,0.3596153846153846,,12.5,5.248,0.5247999999999999,,9.1,5.244,0.7203296703296702,,8.2,5.248,0.8000000000000002,,5.6,5.236,1.16875,,11.2,5.244,0.5852678571428571,,15.8,5.244,0.4148734177215189,,9.4,5.24,0.696808510638298,,17.0,5.236,0.38499999999999995,,13.7,5.26,0.47992700729927007,,14.4,5.232,0.4541666666666667,,17.1,5.252,0.3839181286549707,,9.9,5.228,0.66010101010101,,17.0,5.228,0.38441176470588234,
05-01-2026-Fri 13-36-15-PM,16.8,5.244,0.3901785714285714,,20.3,5.248,0.32315270935960594,,18.1,5.24,0.36187845303867405,,12.6,5.252,0.5210317460317461,,9.1,5.24,0.7197802197802198,,8.3,5.248,0.7903614457831326,,5.8,5.232,1.1275862068965519,,11.1,5.244,0.5905405405405405,,15.7,5.244,0.417515923566879,,9.2,5.244,0.7125,,17.1,5.236,0.38274853801169584,,13.6,5.256,0.4830882352941177,,14.3,5.232,0.45734265734265733,,17.1,5.248,0.3836257309941521,,9.9,5.228,0.66010101010101,,16.9,5.224,0.3863905325443788,
05-01-2026-Fri 13-39-09-PM,15.8,5.248,0.4151898734177215,,19.3,5.252,0.34015544041450774,,18.0,5.244,0.36416666666666664,,11.5,5.256,0.5713043478260871,,7.8,5.248,0.8410256410256411,,8.1,5.256,0.8111111111111111,,5.6,5.24,1.1696428571428572,,10.0,5.248,0.6559999999999999,,14.5,5.252,0.45275862068965517,,8.3,5.252,0.7909638554216868,,15.3,5.244,0.42843137254901953,,12.8,5.264,0.5140625,,12.7,5.244,0.5161417322834646,,15.5,5.26,0.4241935483870967,,8.6,5.236,0.7610465116279069,,15.1,5.232,0.43311258278145703,
05-01-2026-Fri 13-39-10-PM,15.2,5.252,0.43190789473684205,,18.4,5.256,0.35706521739130437,,17.1,5.248,0.3836257309941521,,11.5,5.264,0.5721739130434783,,7.7,5.252,0.8525974025974026,,7.7,5.256,0.8532467532467533,,5.3,5.24,1.2358490566037736,,9.7,5.252,0.6768041237113402,,13.7,5.252,0.47919708029197083,,8.4,5.252,0.7815476190476188,,14.7,5.248,0.44625850340136053,,11.9,5.264,0.5529411764705882,,12.2,5.244,0.5372950819672131,,15.1,5.256,0.4350993377483445,,8.6,5.236,0.7610465116279069,,14.4,5.236,0.4545138888888889,
05-01-2026-Fri 13-39-12-PM,14.9,5.252,0.44060402684563754,,18.0,5.252,0.3647222222222222,,16.9,5.244,0.3878698224852072,,11.0,5.26,0.5977272727272728,,7.4,5.248,0.8864864864864864,,7.6,5.256,0.8644736842105263,,5.2,5.24,1.2596153846153848,,9.4,5.248,0.6978723404255319,,13.5,5.256,0.48666666666666675,,8.3,5.256,0.791566265060241,,14.4,5.248,0.4555555555555556,,12.0,5.268,0.54875,,11.9,5.244,0.5508403361344537,,14.4,5.26,0.4565972222222222,,8.3,5.236,0.7885542168674698,,14.4,5.236,0.4545138888888889,
05-01-2026-Fri 13-39-13-PM,14.6,5.248,0.4493150684931507,,17.7,5.252,0.37090395480225985,,16.2,5.248,0.4049382716049383,,10.8,5.26,0.6087962962962963,,7.5,5.252,0.8753333333333333,,7.5,5.256,0.8760000000000001,,5.0,5.244,1.311,,9.4,5.252,0.6984042553191488,,13.2,5.256,0.49772727272727274,,8.1,5.252,0.8104938271604938,,14.6,5.248,0.4493150684931507,,11.6,5.264,0.5672413793103449,,12.0,5.24,0.5458333333333334,,14.2,5.26,0.4630281690140845,,8.2,5.236,0.7981707317073172,,14.1,5.236,0.4641843971631206,
05-01-2026-Fri 13-39-33-PM,14.1,5.248,0.4652482269503546,,17.1,5.252,0.3839181286549707,,15.9,5.248,0.4125786163522012,,10.6,5.256,0.619811320754717,,7.1,5.248,0.9239436619718311,,7.3,5.26,0.9006849315068494,,4.9,5.24,1.3367346938775508,,9.1,5.252,0.7214285714285714,,13.1,5.256,0.501526717557252,,7.8,5.252,0.8416666666666668,,14.4,5.248,0.4555555555555556,,11.5,5.264,0.5721739130434783,,11.7,5.24,0.55982905982906,,14.0,5.26,0.4696428571428571,,7.9,5.236,0.8284810126582278,,13.9,5.236,0.47086330935251797,
05-01-2026-Fri 13-39-34-PM,13.7,5.248,0.47883211678832127,,17.1,5.256,0.38421052631578945,,15.5,5.244,0.4229032258064516,,10.4,5.26,0.6322115384615384,,7.1,5.248,0.9239436619718311,,6.9,5.26,0.9528985507246376,,4.3,5.24,1.5232558139534884,,8.7,5.252,0.7545977011494253,,12.4,5.252,0.5294354838709677,,7.7,5.252,0.8525974025974026,,14.2,5.248,0.46197183098591554,,10.8,5.264,0.6092592592592593,,10.9,5.248,0.6018348623853211,,13.6,5.26,0.4834558823529412,,8.0,5.236,0.818125,,13.9,5.24,0.47122302158273377,
05-01-2026-Fri 13-39-36-PM,13.5,5.252,0.4862962962962963,,16.9,5.256,0.38875739644970425,,15.4,5.244,0.42564935064935067,,10.3,5.26,0.6383495145631067,,7.3,5.252,0.8993150684931507,,6.8,5.26,0.9669117647058824,,4.6,5.24,1.423913043478261,,8.8,5.252,0.7460227272727272,,12.4,5.252,0.5294354838709677,,7.6,5.256,0.8644736842105263,,13.6,5.248,0.48235294117647065,,10.9,5.268,0.6041284403669724,,11.0,5.244,0.5959090909090909,,13.9,5.264,0.4733812949640288,,7.7,5.24,0.8506493506493508,,13.7,5.236,0.4777372262773723,
05-01-2026-Fri 13-42-25-PM,12.9,5.252,0.5089147286821705,,15.7,5.256,0.41847133757961785,,14.5,5.244,0.45206896551724135,,9.5,5.26,0.6921052631578948,,6.4,5.252,1.0257812499999999,,6.4,5.256,1.0265625,,4.3,5.24,1.5232558139534884,,8.1,5.252,0.8104938271604938,,11.1,5.256,0.5918918918918918,,6.8,5.256,0.9661764705882354,,11.7,5.252,0.5611111111111111,,9.5,5.264,0.6926315789473685,,9.5,5.244,0.6900000000000001,,11.7,5.26,0.561965811965812,,6.6,5.24,0.9924242424242425,,11.5,5.24,0.5695652173913044,
05-01-2026-Fri 13-42-27-PM,12.4,5.252,0.5294354838709677,,15.1,5.256,0.4350993377483445,,13.9,5.248,0.47194244604316543,,9.2,5.26,0.7146739130434783,,6.2,5.252,1.0588709677419355,,6.1,5.256,1.077049180327869,,4.2,5.24,1.5595238095238093,,7.7,5.252,0.8525974025974026,,10.6,5.256,0.619811320754717,,6.6,5.256,0.9954545454545455,,11.7,5.248,0.5606837606837608,,9.3,5.268,0.7080645161290322,,9.3,5.248,0.7053763440860215,,11.4,5.264,0.5771929824561404,,6.2,5.24,1.056451612903226,,11.4,5.24,0.5745614035087719,
05-01-2026-Fri 13-42-28-PM,12.0,5.252,0.5470833333333333,,14.6,5.256,0.45,,13.4,5.248,0.4895522388059702,,9.0,5.26,0.7305555555555556,,5.8,5.252,1.131896551724138,,6.0,5.256,1.095,,3.9,5.24,1.6794871794871795,,7.6,5.256,0.8644736842105263,,10.4,5.256,0.6317307692307693,,6.7,5.256,0.9805970149253732,,11.6,5.252,0.565948275862069,,9.2,5.268,0.7157608695652173,,9.3,5.248,0.7053763440860215,,11.3,5.264,0.5823008849557522,,6.2,5.24,1.056451612903226,,11.1,5.244,0.5905405405405405,
05-01-2026-Fri 13-43-37-PM,11.7,5.252,0.5611111111111111,,14.1,5.256,0.4659574468085107,,13.4,5.248,0.4895522388059702,,8.4,5.26,0.782738095238095,,5.8,5.256,1.1327586206896552,,6.0,5.26,1.0958333333333332,,4.1,5.244,1.5987804878048784,,7.5,5.256,0.8760000000000001,,9.7,5.26,0.6778350515463919,,6.2,5.256,1.0596774193548388,,10.9,5.252,0.6022935779816513,,8.7,5.264,0.7563218390804599,,8.4,5.248,0.7809523809523808,,10.5,5.264,0.6266666666666667,,5.9,5.24,1.1101694915254237,,10.3,5.244,0.6364077669902912,
05-01-2026-Fri 13-43-38-PM,11.3,5.252,0.5809734513274336,,13.4,5.256,0.4902985074626866,,12.8,5.248,0.5125,,8.3,5.264,0.7927710843373494,,5.7,5.256,1.1526315789473685,,5.6,5.256,1.1732142857142858,,3.8,5.244,1.725,,6.9,5.252,0.9514492753623188,,9.7,5.26,0.6778350515463919,,5.9,5.256,1.1135593220338984,,10.8,5.252,0.6078703703703703,,8.8,5.268,0.7482954545454545,,8.6,5.248,0.7627906976744186,,10.2,5.264,0.6450980392156863,,6.1,5.244,1.0745901639344262,,10.3,5.248,0.6368932038834951,
05-01-2026-Fri 13-43-41-PM,10.8,5.256,0.6083333333333334,,13.5,5.256,0.48666666666666675,,12.5,5.248,0.5247999999999999,,8.2,5.264,0.8024390243902442,,5.1,5.256,1.2882352941176474,,5.1,5.26,1.2892156862745099,,3.7,5.244,1.7716216216216214,,7.0,5.256,0.9385714285714286,,9.6,5.26,0.6848958333333335,,6.2,5.256,1.0596774193548388,,10.6,5.252,0.6193396226415094,,8.5,5.268,0.7747058823529411,,8.6,5.248,0.7627906976744186,,10.2,5.264,0.6450980392156863,,5.9,5.24,1.1101694915254237,,10.3,5.244,0.6364077669902912,
05-01-2026-Fri 13-44-19-PM,10.7,5.26,0.6144859813084113,,13.4,5.26,0.4906716417910447,,12.2,5.256,0.5385245901639345,,8.0,5.264,0.8225,,5.3,5.26,1.240566037735849,,5.2,5.26,1.2644230769230769,,3.4,5.248,1.9294117647058826,,6.9,5.26,0.9528985507246376,,9.8,5.264,0.6714285714285714,,6.3,5.264,1.0444444444444445,,10.6,5.256,0.619811320754717,,8.3,5.272,0.7939759036144578,,8.3,5.256,0.791566265060241,,10.1,5.272,0.6524752475247526,,5.7,5.248,1.1508771929824562,,9.9,5.248,0.6626262626262626,
05-01-2026-Fri 13-44-20-PM,10.4,5.256,0.6317307692307693,,12.9,5.264,0.510077519379845,,11.6,5.252,0.565948275862069,,7.6,5.268,0.8664473684210526,,4.9,5.26,1.3418367346938775,,5.1,5.264,1.2901960784313726,,3.3,5.248,1.9878787878787882,,6.7,5.26,0.9813432835820894,,9.1,5.26,0.7225274725274724,,5.7,5.264,1.1543859649122807,,10.3,5.256,0.6378640776699029,,8.2,5.272,0.8036585365853659,,8.1,5.256,0.8111111111111111,,9.7,5.268,0.6788659793814433,,5.6,5.248,1.1714285714285715,,9.8,5.248,0.6693877551020408,
05-01-2026-Fri 13-44-22-PM,10.2,5.26,0.6446078431372549,,13.0,5.264,0.5061538461538462,,11.7,5.256,0.5615384615384617,,7.8,5.268,0.8442307692307692,,5.2,5.26,1.2644230769230769,,5.3,5.264,1.2415094339622643,,3.3,5.252,1.9893939393939395,,6.7,5.26,0.9813432835820894,,9.1,5.264,0.7230769230769231,,5.8,5.264,1.1344827586206898,,10.1,5.26,0.650990099009901,,8.1,5.272,0.8135802469135804,,8.2,5.256,0.8012195121951221,,9.8,5.268,0.671938775510204,,5.5,5.252,1.1936363636363636,,9.5,5.252,0.6910526315789474,
05-01-2026-Fri 13-46-20-PM,10.3,5.26,0.6383495145631067,,12.3,5.264,0.534959349593496,,11.4,5.252,0.5758771929824561,,7.5,5.264,0.8773333333333334,,5.0,5.256,1.314,,5.1,5.264,1.2901960784313726,,3.6,5.248,1.8222222222222224,,6.5,5.26,1.0115384615384617,,8.9,5.264,0.7393258426966293,,5.5,5.26,1.1954545454545455,,9.4,5.256,0.698936170212766,,8.0,5.272,0.82375,,7.3,5.256,0.9,,9.5,5.268,0.6931578947368421,,5.0,5.248,1.3119999999999998,,9.2,5.248,0.7130434782608697,
05-01-2026-Fri 13-46-21-PM,9.7,5.256,0.6773195876288661,,11.8,5.264,0.5576271186440678,,11.2,5.256,0.5866071428571429,,7.3,5.26,0.9006849315068494,,5.0,5.26,1.315,,5.0,5.264,1.316,,3.5,5.248,1.8742857142857146,,6.2,5.26,1.060483870967742,,8.5,5.264,0.7741176470588235,,5.5,5.26,1.1954545454545455,,9.4,5.256,0.698936170212766,,7.7,5.272,0.8558441558441559,,7.5,5.256,0.8760000000000001,,9.1,5.268,0.7236263736263736,,4.9,5.248,1.3387755102040817,,9.0,5.248,0.728888888888889,
05-01-2026-Fri 13-46-23-PM,9.5,5.26,0.6921052631578948,,11.6,5.264,0.5672413793103449,,10.7,5.252,0.6135514018691589,,7.2,5.268,0.9145833333333333,,4.7,5.26,1.3989361702127658,,4.7,5.264,1.4000000000000001,,3.4,5.248,1.9294117647058826,,6.1,5.264,1.078688524590164,,8.4,5.264,0.7833333333333333,,5.4,5.264,1.2185185185185186,,9.2,5.26,0.7146739130434783,,7.6,5.272,0.8671052631578948,,7.3,5.256,0.9,,8.8,5.272,0.7488636363636364,,5.0,5.248,1.3119999999999998,,8.8,5.252,0.7460227272727272,
05-01-2026-Fri 13-46-44-PM,9.2,5.26,0.7146739130434783,,11.5,5.26,0.5717391304347826,,10.5,5.256,0.6257142857142857,,7.0,5.268,0.9407142857142857,,4.4,5.26,1.4943181818181817,,4.9,5.264,1.3428571428571427,,3.2,5.248,2.05,,5.8,5.26,1.1336206896551724,,8.1,5.264,0.8123456790123457,,5.3,5.264,1.2415094339622643,,8.9,5.256,0.7382022471910114,,7.2,5.276,0.9159722222222222,,7.0,5.252,0.9378571428571428,,8.6,5.272,0.7662790697674419,,4.9,5.252,1.3397959183673467,,8.3,5.252,0.7909638554216868,
05-01-2026-Fri 13-46-45-PM,9.2,5.26,0.7146739130434783,,11.1,5.26,0.5923423423423423,,10.2,5.256,0.6441176470588237,,7.0,5.264,0.9400000000000001,,4.4,5.26,1.4943181818181817,,4.6,5.264,1.4304347826086956,,3.2,5.248,2.05,,5.5,5.256,1.1945454545454548,,7.9,5.26,0.8322784810126581,,5.0,5.264,1.316,,8.9,5.256,0.7382022471910114,,7.2,5.268,0.9145833333333333,,6.9,5.256,0.9521739130434782,,8.4,5.268,0.7839285714285713,,5.0,5.248,1.3119999999999998,,8.6,5.248,0.7627906976744186,
05-01-2026-Fri 13-46-47-PM,9.1,5.256,0.7219780219780221,,11.5,5.264,0.5721739130434783,,10.3,5.256,0.6378640776699029,,6.9,5.264,0.9536231884057971,,4.3,5.26,1.5290697674418605,,4.4,5.268,1.496590909090909,,3.0,5.248,2.1866666666666665,,5.8,5.26,1.1336206896551724,,7.8,5.264,0.8435897435897437,,4.9,5.268,1.343877551020408,,8.9,5.26,0.7387640449438202,,7.1,5.272,0.9281690140845072,,6.9,5.256,0.9521739130434782,,8.6,5.268,0.7656976744186047,,4.7,5.252,1.3968085106382977,,8.3,5.248,0.7903614457831326,
05-01-2026-Fri 13-49-22-PM,8.6,5.264,0.7651162790697674,,10.2,5.264,0.6450980392156863,,9.9,5.26,0.6641414141414141,,6.1,5.268,1.0795081967213116,,4.2,5.264,1.5666666666666667,,4.6,5.268,1.4315217391304347,,3.1,5.256,2.1193548387096777,,5.4,5.268,1.2194444444444443,,7.5,5.272,0.8786666666666667,,5.2,5.268,1.2663461538461538,,7.9,5.264,0.8329113924050633,,6.8,5.276,0.9698529411764706,,6.0,5.26,1.0958333333333332,,7.6,5.272,0.8671052631578948,,4.5,5.256,1.4600000000000004,,7.4,5.256,0.8878378378378379,
05-01-2026-Fri 13-49-24-PM,8.3,5.264,0.7927710843373494,,9.8,5.268,0.671938775510204,,9.2,5.26,0.7146739130434783,,5.9,5.272,1.1169491525423727,,4.2,5.264,1.5666666666666667,,4.3,5.268,1.5313953488372094,,2.8,5.256,2.3464285714285715,,5.0,5.264,1.316,,6.9,5.272,0.9550724637681159,,4.7,5.272,1.402127659574468,,7.6,5.264,0.8657894736842106,,6.5,5.28,1.0153846153846156,,6.1,5.26,1.0778688524590165,,7.3,5.276,0.9034246575342465,,4.2,5.256,1.5642857142857143,,7.2,5.26,0.9131944444444444,
05-01-2026-Fri 13-49-25-PM,7.9,5.264,0.8329113924050633,,9.8,5.268,0.671938775510204,,8.9,5.26,0.7387640449438202,,5.9,5.268,1.1161016949152542,,3.8,5.264,1.731578947368421,,4.2,5.264,1.5666666666666667,,2.8,5.256,2.3464285714285715,,5.2,5.264,1.2653846153846156,,7.1,5.272,0.9281690140845072,,4.6,5.272,1.432608695652174,,7.5,5.264,0.8773333333333334,,6.2,5.276,1.0637096774193548,,5.8,5.264,1.1344827586206898,,7.3,5.276,0.9034246575342465,,4.0,5.256,1.6425,,7.2,5.26,0.9131944444444444,
05-01-2026-Fri 13-50-33-PM,7.8,5.264,0.8435897435897437,,9.4,5.272,0.701063829787234,,8.6,5.264,0.7651162790697674,,5.7,5.272,1.156140350877193,,3.6,5.268,1.8291666666666666,,4.0,5.272,1.6475,,2.8,5.256,2.3464285714285715,,5.0,5.268,1.317,,6.2,5.276,1.0637096774193548,,4.1,5.272,1.6073170731707318,,7.2,5.268,0.9145833333333333,,6.1,5.28,1.0819672131147544,,5.4,5.268,1.2194444444444443,,6.8,5.28,0.9705882352941178,,3.7,5.256,1.7756756756756757,,6.6,5.26,0.9962121212121212,
05-01-2026-Fri 13-50-34-PM,7.4,5.268,0.8898648648648648,,9.1,5.268,0.7236263736263736,,8.7,5.264,0.7563218390804599,,5.5,5.272,1.1981818181818182,,3.6,5.268,1.8291666666666666,,3.9,5.272,1.6897435897435897,,2.5,5.26,2.63,,4.5,5.268,1.4633333333333334,,6.4,5.276,1.0304687499999998,,4.1,5.272,1.6073170731707318,,7.2,5.268,0.9145833333333333,,5.9,5.28,1.11864406779661,,5.4,5.264,1.2185185185185186,,6.6,5.276,0.9992424242424243,,4.0,5.26,1.64375,,6.6,5.26,0.9962121212121212,
05-01-2026-Fri 13-50-36-PM,7.3,5.268,0.9020547945205479,,8.8,5.276,0.7494318181818181,,8.5,5.268,0.7747058823529411,,5.7,5.276,1.157017543859649,,3.8,5.268,1.7328947368421053,,3.9,5.272,1.6897435897435897,,2.6,5.26,2.5288461538461537,,4.4,5.272,1.4977272727272728,,6.3,5.276,1.0468253968253969,,3.7,5.276,1.7824324324324323,,7.0,5.272,0.9414285714285714,,5.9,5.284,1.1194915254237285,,5.4,5.268,1.2194444444444443,,6.6,5.28,1.0,,3.9,5.26,1.685897435897436,,6.3,5.26,1.0436507936507935,
05-01-2026-Fri 13-52-45-PM,6.8,5.264,0.9676470588235296,,8.3,5.268,0.7933734939759036,,8.2,5.26,0.801829268292683,,4.9,5.272,1.3448979591836732,,3.4,5.264,1.9352941176470593,,3.5,5.268,1.8814285714285715,,2.3,5.256,2.856521739130435,,4.3,5.264,1.5302325581395348,,6.0,5.272,1.0983333333333334,,4.1,5.268,1.6060975609756099,,6.5,5.264,1.0123076923076924,,5.5,5.276,1.199090909090909,,5.3,5.264,1.2415094339622643,,6.3,5.272,1.046031746031746,,3.7,5.252,1.7743243243243243,,6.0,5.256,1.095,
05-01-2026-Fri 13-52-46-PM,6.6,5.264,0.9969696969696971,,8.0,5.268,0.823125,,7.9,5.264,0.8329113924050633,,5.0,5.268,1.317,,3.5,5.264,1.8800000000000001,,3.5,5.268,1.8814285714285715,,2.4,5.256,2.7375000000000007,,4.1,5.268,1.6060975609756099,,5.7,5.276,1.157017543859649,,3.9,5.272,1.6897435897435897,,6.4,5.268,1.02890625,,5.4,5.276,1.2212962962962963,,5.0,5.264,1.316,,6.0,5.276,1.0991666666666666,,3.6,5.256,1.825,,6.0,5.26,1.0958333333333332,
05-01-2026-Fri 13-52-48-PM,6.6,5.264,0.9969696969696971,,7.9,5.268,0.8335443037974684,,7.5,5.264,0.8773333333333334,,4.9,5.272,1.3448979591836732,,3.1,5.268,2.1241935483870966,,3.5,5.268,1.8814285714285715,,2.3,5.256,2.856521739130435,,3.7,5.268,1.7797297297297296,,5.6,5.272,1.1767857142857143,,3.8,5.268,1.7328947368421053,,6.4,5.264,1.028125,,5.3,5.28,1.2452830188679247,,4.7,5.264,1.4000000000000001,,5.8,5.276,1.1370689655172415,,3.2,5.26,2.0546874999999996,,5.7,5.26,1.1535087719298245,
05-01-2026-Fri 13-54-40-PM,6.3,5.268,1.0452380952380953,,7.3,5.268,0.9020547945205479,,7.0,5.264,0.9400000000000001,,4.7,5.272,1.402127659574468,,3.2,5.268,2.0578125,,3.1,5.268,2.1241935483870966,,2.1,5.26,3.13095238095238,,3.7,5.268,1.7797297297297296,,5.4,5.276,1.2212962962962963,,3.5,5.272,1.8828571428571428,,5.7,5.268,1.1552631578947368,,5.0,5.28,1.32,,4.5,5.264,1.4622222222222223,,5.4,5.276,1.2212962962962963,,3.2,5.26,2.0546874999999996,,5.1,5.26,1.2892156862745099,
05-01-2026-Fri 13-54-41-PM,6.0,5.264,1.0966666666666667,,7.1,5.268,0.9274647887323945,,6.7,5.264,0.982089552238806,,4.4,5.272,1.4977272727272728,,2.6,5.268,2.5326923076923076,,3.1,5.272,2.1258064516129034,,2.0,5.256,3.285,,3.7,5.272,1.781081081081081,,5.0,5.276,1.3190000000000002,,3.4,5.272,1.9382352941176473,,5.8,5.268,1.135344827586207,,4.3,5.28,1.5348837209302326,,4.2,5.268,1.5678571428571426,,5.0,5.276,1.3190000000000002,,2.8,5.256,2.3464285714285715,,5.1,5.264,1.2901960784313726,
05-01-2026-Fri 13-54-42-PM,5.6,5.264,1.175,,6.8,5.272,0.9691176470588236,,6.7,5.264,0.982089552238806,,4.4,5.268,1.496590909090909,,2.8,5.268,2.351785714285714,,3.0,5.272,2.1966666666666668,,1.8,5.256,3.65,,3.5,5.268,1.8814285714285715,,4.9,5.272,1.3448979591836732,,3.3,5.272,1.9969696969696973,,5.4,5.264,1.2185185185185186,,4.3,5.28,1.5348837209302326,,4.0,5.264,1.645,,4.8,5.276,1.3739583333333334,,3.1,5.26,2.120967741935484,,4.8,5.26,1.369791666666667,
05-01-2026-Fri 13-55-02-PM,5.4,5.264,1.2185185185185186,,6.6,5.264,0.9969696969696971,,6.6,5.26,0.9962121212121212,,4.3,5.268,1.5313953488372094,,2.6,5.268,2.5326923076923076,,2.9,5.268,2.270689655172414,,1.5,5.256,4.38,,3.4,5.264,1.9352941176470593,,4.7,5.272,1.402127659574468,,3.2,5.268,2.0578125,,5.4,5.264,1.2185185185185186,,4.4,5.276,1.4988636363636363,,4.2,5.264,1.5666666666666667,,5.1,5.276,1.2931372549019609,,2.8,5.256,2.3464285714285715,,5.0,5.26,1.315,
05-01-2026-Fri 13-55-03-PM,5.6,5.264,1.175,,6.7,5.268,0.9828358208955222,,6.5,5.26,1.0115384615384617,,4.2,5.268,1.5678571428571426,,2.6,5.264,2.530769230769231,,2.9,5.264,2.2689655172413796,,1.7,5.252,3.861764705882353,,3.4,5.268,1.9367647058823532,,4.6,5.272,1.432608695652174,,3.0,5.268,2.195,,5.3,5.26,1.240566037735849,,4.3,5.276,1.5337209302325583,,4.2,5.264,1.5666666666666667,,4.6,5.276,1.433695652173913,,3.1,5.26,2.120967741935484,,4.7,5.26,1.3989361702127658,
05-01-2026-Fri 13-55-04-PM,5.5,5.26,1.1954545454545455,,6.4,5.268,1.02890625,,6.0,5.256,1.095,,4.2,5.268,1.5678571428571426,,2.6,5.26,2.5288461538461537,,2.8,5.264,2.35,,1.8,5.252,3.647222222222222,,3.0,5.264,2.1933333333333334,,4.5,5.272,1.4644444444444447,,2.9,5.268,2.270689655172414,,5.1,5.264,1.2901960784313726,,4.3,5.276,1.5337209302325583,,3.9,5.264,1.6871794871794874,,4.6,5.272,1.432608695652174,,2.6,5.256,2.5269230769230773,,4.7,5.26,1.3989361702127658,
05-01-2026-Fri 13-55-06-PM,5.4,5.264,1.2185185185185186,,6.3,5.272,1.046031746031746,,6.2,5.26,1.060483870967742,,3.8,5.268,1.7328947368421053,,2.3,5.264,2.860869565217391,,2.5,5.264,2.632,,1.9,5.252,3.4552631578947364,,3.0,5.264,2.1933333333333334,,4.7,5.268,1.401063829787234,,3.0,5.268,2.195,,5.3,5.264,1.2415094339622643,,4.3,5.276,1.5337209302325583,,3.9,5.264,1.6871794871794874,,4.4,5.276,1.4988636363636363,,2.7,5.26,2.435185185185185,,4.8,5.26,1.369791666666667,
05-01-2026-Fri 13-55-07-PM,5.4,5.264,1.2185185185185186,,6.4,5.268,1.02890625,,6.2,5.264,1.0612903225806454,,4.0,5.268,1.64625,,2.6,5.264,2.530769230769231,,2.5,5.268,2.634,,1.7,5.256,3.8647058823529417,,3.3,5.264,1.9939393939393941,,4.4,5.272,1.4977272727272728,,3.1,5.268,2.1241935483870966,,5.3,5.264,1.2415094339622643,,4.2,5.272,1.569047619047619,,3.8,5.264,1.731578947368421,,4.9,5.276,1.3459183673469386,,2.7,5.256,2.4333333333333336,,4.6,5.26,1.4293478260869565,
05-01-2026-Fri 13-56-06-PM,5.5,5.268,1.1972727272727273,,6.3,5.276,1.0468253968253969,,6.0,5.264,1.0966666666666667,,4.0,5.268,1.64625,,2.3,5.268,2.8630434782608694,,3.1,5.272,2.1258064516129034,,2.0,5.26,3.2875,,3.0,5.268,2.195,,4.7,5.276,1.403191489361702,,3.1,5.276,2.1274193548387097,,5.1,5.268,1.2911764705882354,,4.3,5.284,1.536046511627907,,3.8,5.268,1.7328947368421053,,4.6,5.28,1.434782608695652,,2.7,5.26,2.435185185185185,,4.5,5.26,1.4611111111111112,
05-01-2026-Fri 13-56-07-PM,5.0,5.268,1.317,,6.2,5.272,1.0629032258064517,,6.0,5.268,1.0975,,4.2,5.272,1.569047619047619,,2.6,5.268,2.5326923076923076,,2.6,5.272,2.534615384615385,,1.6,5.26,4.109374999999999,,3.1,5.268,2.1241935483870966,,4.5,5.276,1.4655555555555557,,3.0,5.272,2.1966666666666668,,4.8,5.272,1.3729166666666668,,4.1,5.28,1.609756097560976,,3.7,5.268,1.7797297297297296,,4.2,5.28,1.5714285714285714,,2.5,5.26,2.63,,4.5,5.26,1.4611111111111112,
05-01-2026-Fri 13-56-08-PM,4.7,5.268,1.401063829787234,,6.2,5.268,1.0620967741935483,,5.8,5.264,1.1344827586206898,,4.1,5.276,1.608536585365854,,2.5,5.268,2.634,,2.7,5.272,2.4407407407407407,,1.5,5.26,4.383333333333333,,2.8,5.272,2.3535714285714286,,4.1,5.276,1.608536585365854,,2.7,5.272,2.4407407407407407,,4.8,5.268,1.371875,,3.9,5.28,1.6923076923076925,,3.7,5.268,1.7797297297297296,,4.2,5.28,1.5714285714285714,,2.3,5.264,2.860869565217391,,4.5,5.264,1.4622222222222223,
05-01-2026-Fri 13-57-41-PM,5.1,5.272,1.2921568627450983,,6.0,5.276,1.0991666666666666,,6.1,5.268,1.0795081967213116,,3.9,5.276,1.6910256410256412,,2.2,5.272,2.9954545454545456,,2.8,5.276,2.3553571428571427,,1.7,5.264,3.8705882352941186,,3.3,5.276,1.9984848484848485,,4.0,5.28,1.6500000000000001,,2.7,5.276,2.4425925925925926,,4.5,5.276,1.4655555555555557,,3.6,5.284,1.8347222222222224,,3.4,5.272,1.9382352941176473,,4.1,5.284,1.6109756097560979,,2.4,5.268,2.74375,,4.1,5.264,1.6048780487804883,
05-01-2026-Fri 13-57-42-PM,4.6,5.276,1.433695652173913,,5.6,5.276,1.1776785714285714,,5.1,5.268,1.2911764705882354,,3.6,5.276,1.8319444444444444,,2.4,5.272,2.7458333333333336,,2.5,5.276,2.6380000000000003,,1.7,5.26,3.8676470588235294,,3.0,5.272,2.1966666666666668,,4.0,5.272,1.6475,,2.8,5.276,2.3553571428571427,,4.7,5.276,1.403191489361702,,3.9,5.288,1.694871794871795,,3.5,5.272,1.8828571428571428,,3.9,5.288,1.694871794871795,,2.2,5.268,2.993181818181818,,4.0,5.264,1.645,
05-01-2026-Fri 13-57-44-PM,4.6,5.276,1.433695652173913,,5.5,5.272,1.1981818181818182,,5.3,5.272,1.2433962264150944,,3.6,5.276,1.8319444444444444,,2.3,5.272,2.865217391304348,,2.6,5.276,2.536538461538462,,1.5,5.268,4.39,,2.8,5.272,2.3535714285714286,,3.9,5.28,1.6923076923076925,,2.7,5.28,2.4444444444444446,,4.5,5.272,1.4644444444444447,,3.6,5.288,1.8361111111111112,,3.2,5.272,2.059375,,4.0,5.284,1.65125,,2.4,5.268,2.74375,,4.0,5.268,1.64625,
05-01-2026-Fri 13-57-45-PM,4.5,5.276,1.4655555555555557,,5.3,5.276,1.2443396226415093,,5.2,5.268,1.2663461538461538,,3.6,5.276,1.8319444444444444,,2.1,5.276,3.14047619047619,,2.5,5.276,2.6380000000000003,,1.6,5.26,4.109374999999999,,2.7,5.272,2.4407407407407407,,3.8,5.28,1.7368421052631582,,2.8,5.272,2.3535714285714286,,4.7,5.276,1.403191489361702,,3.8,5.284,1.738157894736842,,3.4,5.272,1.9382352941176473,,3.8,5.28,1.7368421052631582,,2.3,5.264,2.860869565217391,,4.0,5.268,1.64625,
05-01-2026-Fri 13-57-47-PM,4.7,5.272,1.402127659574468,,5.3,5.276,1.2443396226415093,,5.2,5.272,1.2673076923076925,,3.6,5.276,1.8319444444444444,,2.2,5.272,2.9954545454545456,,2.2,5.272,2.9954545454545456,,1.4,5.26,4.696428571428571,,2.7,5.272,2.4407407407407407,,3.7,5.28,1.783783783783784,,2.7,5.276,2.4425925925925926,,4.3,5.272,1.5325581395348837,,3.7,5.288,1.7864864864864864,,3.2,5.272,2.059375,,3.9,5.284,1.6935897435897438,,2.2,5.268,2.993181818181818,,3.8,5.268,1.7328947368421053,
05-01-2026-Fri 13-57-48-PM,4.5,5.272,1.4644444444444447,,5.4,5.276,1.2212962962962963,,5.2,5.272,1.2673076923076925,,3.7,5.276,1.7824324324324323,,2.3,5.276,2.867391304347826,,2.0,5.276,3.2975,,1.5,5.264,4.386666666666667,,2.5,5.276,2.6380000000000003,,3.8,5.28,1.7368421052631582,,2.5,5.276,2.6380000000000003,,4.5,5.272,1.4644444444444447,,3.6,5.284,1.8347222222222224,,3.2,5.272,2.059375,,3.5,5.284,1.887142857142857,,2.3,5.264,2.860869565217391,,3.8,5.268,1.7328947368421053,
05-01-2026-Fri 13-57-49-PM,4.5,5.272,1.4644444444444447,,5.6,5.276,1.1776785714285714,,5.2,5.268,1.2663461538461538,,3.6,5.276,1.8319444444444444,,1.7,5.272,3.8764705882352946,,2.4,5.276,2.747916666666667,,1.4,5.268,4.703571428571428,,2.4,5.276,2.747916666666667,,3.9,5.28,1.6923076923076925,,2.5,5.28,2.64,,4.7,5.272,1.402127659574468,,3.4,5.284,1.9426470588235296,,3.4,5.272,1.9382352941176473,,3.9,5.284,1.6935897435897438,,2.5,5.268,2.634,,4.0,5.268,1.64625,
05-01-2026-Fri 13-57-51-PM,4.5,5.276,1.4655555555555557,,5.4,5.276,1.2212962962962963,,5.4,5.272,1.2203703703703703,,3.6,5.276,1.8319444444444444,,2.3,5.272,2.865217391304348,,2.6,5.272,2.534615384615385,,1.6,5.264,4.1125,,2.6,5.272,2.534615384615385,,3.6,5.28,1.8333333333333335,,2.2,5.276,2.9977272727272726,,4.2,5.276,1.570238095238095,,3.6,5.284,1.8347222222222224,,3.4,5.268,1.9367647058823532,,3.8,5.284,1.738157894736842,,2.2,5.268,2.993181818181818,,3.9,5.264,1.6871794871794874,
05-01-2026-Fri 13-57-52-PM,4.3,5.272,1.5325581395348837,,5.5,5.276,1.199090909090909,,5.3,5.268,1.2424528301886792,,3.6,5.276,1.8319444444444444,,2.3,5.276,2.867391304347826,,2.7,5.272,2.4407407407407407,,1.7,5.264,3.8705882352941186,,2.5,5.276,2.6380000000000003,,3.8,5.28,1.7368421052631582,,2.4,5.276,2.747916666666667,,4.6,5.272,1.432608695652174,,3.7,5.284,1.785135135135135,,3.3,5.276,1.9984848484848485,,3.9,5.284,1.6935897435897438,,2.2,5.264,2.9909090909090907,,3.8,5.264,1.731578947368421,
05-01-2026-Fri 13-57-53-PM,4.3,5.272,1.5325581395348837,,5.4,5.276,1.2212962962962963,,5.0,5.272,1.318,,3.8,5.276,1.7355263157894738,,2.2,5.272,2.9954545454545456,,2.7,5.276,2.4425925925925926,,1.5,5.264,4.386666666666667,,2.5,5.276,2.6380000000000003,,3.8,5.28,1.7368421052631582,,2.7,5.276,2.4425925925925926,,4.3,5.276,1.5337209302325583,,3.7,5.284,1.785135135135135,,3.4,5.272,1.9382352941176473,,3.9,5.284,1.6935897435897438,,2.0,5.268,3.2925,,3.8,5.268,1.7328947368421053,
05-01-2026-Fri 13-57-55-PM,4.4,5.276,1.4988636363636363,,5.6,5.28,1.1785714285714286,,5.1,5.268,1.2911764705882354,,3.8,5.28,1.7368421052631582,,2.1,5.272,3.138095238095238,,2.0,5.276,3.2975,,1.6,5.264,4.1125,,2.6,5.28,2.5384615384615388,,3.6,5.28,1.8333333333333335,,2.4,5.276,2.747916666666667,,4.3,5.276,1.5337209302325583,,4.0,5.284,1.65125,,3.3,5.272,1.9969696969696973,,3.8,5.284,1.738157894736842,,2.3,5.268,2.8630434782608694,,4.1,5.268,1.6060975609756099,
05-01-2026-Fri 13-57-56-PM,4.5,5.272,1.4644444444444447,,5.1,5.276,1.2931372549019609,,5.0,5.272,1.318,,3.6,5.28,1.8333333333333335,,2.2,5.276,2.9977272727272726,,2.6,5.276,2.536538461538462,,1.6,5.264,4.1125,,2.5,5.276,2.6380000000000003,,3.7,5.28,1.783783783783784,,2.6,5.28,2.5384615384615388,,4.2,5.276,1.570238095238095,,3.7,5.288,1.7864864864864864,,3.1,5.276,2.1274193548387097,,3.8,5.288,1.7394736842105263,,2.3,5.268,2.8630434782608694,,3.7,5.268,1.7797297297297296,
05-01-2026-Fri 13-58-06-PM,4.4,5.276,1.4988636363636363,,5.4,5.28,1.2222222222222223,,5.1,5.272,1.2921568627450983,,3.5,5.28,1.885714285714286,,2.4,5.276,2.747916666666667,,2.5,5.276,2.6380000000000003,,1.4,5.264,4.7,,2.7,5.276,2.4425925925925926,,3.7,5.28,1.783783783783784,,2.6,5.28,2.5384615384615388,,4.1,5.276,1.608536585365854,,3.5,5.284,1.887142857142857,,3.1,5.276,2.1274193548387097,,3.7,5.288,1.7864864864864864,,2.4,5.272,2.7458333333333336,,3.9,5.268,1.6884615384615385,
05-01-2026-Fri 13-58-07-PM,4.6,5.276,1.433695652173913,,5.5,5.276,1.199090909090909,,5.0,5.272,1.318,,3.2,5.28,2.0625,,2.5,5.276,2.6380000000000003,,2.3,5.276,2.867391304347826,,1.5,5.264,4.386666666666667,,2.6,5.276,2.536538461538462,,3.7,5.28,1.783783783783784,,2.4,5.28,2.7500000000000004,,4.5,5.276,1.4655555555555557,,3.3,5.288,2.003030303030303,,3.5,5.272,1.8828571428571428,,3.9,5.284,1.6935897435897438,,2.2,5.272,2.9954545454545456,,3.9,5.268,1.6884615384615385,
05-01-2026-Fri 13-58-08-PM,4.4,5.276,1.4988636363636363,,5.3,5.28,1.2452830188679247,,5.2,5.268,1.2663461538461538,,3.6,5.284,1.8347222222222224,,2.3,5.276,2.867391304347826,,2.4,5.28,2.7500000000000004,,1.5,5.268,4.39,,2.9,5.276,2.274137931034483,,3.7,5.28,1.783783783783784,,2.4,5.28,2.7500000000000004,,4.2,5.276,1.570238095238095,,3.3,5.288,2.003030303030303,,3.3,5.272,1.9969696969696973,,3.5,5.284,1.887142857142857,,2.5,5.268,2.634,,3.6,5.268,1.8291666666666666,
05-01-2026-Fri 13-58-10-PM,4.5,5.28,1.4666666666666668,,5.6,5.284,1.1794642857142856,,5.0,5.272,1.318,,3.4,5.28,1.9411764705882355,,2.0,5.276,3.2975,,2.4,5.28,2.7500000000000004,,1.5,5.268,4.39,,2.7,5.276,2.4425925925925926,,3.6,5.284,1.8347222222222224,,2.3,5.28,2.869565217391304,,4.5,5.276,1.4655555555555557,,3.7,5.288,1.7864864864864864,,3.1,5.276,2.1274193548387097,,3.7,5.292,1.787837837837838,,2.3,5.268,2.8630434782608694,,3.6,5.268,1.8291666666666666,
05-01-2026-Fri 13-58-11-PM,4.3,5.276,1.5337209302325583,,5.2,5.28,1.2692307692307694,,5.0,5.272,1.318,,3.6,5.28,1.8333333333333335,,2.3,5.276,2.867391304347826,,2.3,5.276,2.867391304347826,,1.4,5.264,4.7,,2.8,5.276,2.3553571428571427,,3.5,5.284,1.887142857142857,,2.3,5.28,2.869565217391304,,4.4,5.276,1.4988636363636363,,3.7,5.288,1.7864864864864864,,3.5,5.276,1.8842857142857141,,3.6,5.284,1.8347222222222224,,2.2,5.268,2.993181818181818,,3.8,5.268,1.7328947368421053,
05-01-2026-Fri 13-58-12-PM,4.3,5.272,1.5325581395348837,,5.3,5.276,1.2443396226415093,,4.9,5.272,1.3448979591836732,,3.3,5.28,2.0,,2.1,5.276,3.14047619047619,,2.4,5.28,2.7500000000000004,,1.5,5.264,4.386666666666667,,2.6,5.28,2.5384615384615388,,3.4,5.28,1.9411764705882355,,2.5,5.28,2.64,,4.3,5.276,1.5337209302325583,,3.6,5.288,1.8361111111111112,,3.3,5.276,1.9984848484848485,,3.9,5.284,1.6935897435897438,,2.2,5.268,2.993181818181818,,3.8,5.268,1.7328947368421053,
05-01-2026-Fri 13-58-14-PM,4.3,5.276,1.5337209302325583,,5.4,5.28,1.2222222222222223,,4.9,5.272,1.3448979591836732,,3.6,5.28,1.8333333333333335,,2.2,5.276,2.9977272727272726,,2.3,5.276,2.867391304347826,,1.4,5.268,4.703571428571428,,2.6,5.276,2.536538461538462,,3.6,5.28,1.8333333333333335,,2.3,5.28,2.869565217391304,,4.2,5.276,1.570238095238095,,3.6,5.288,1.8361111111111112,,3.5,5.272,1.8828571428571428,,3.8,5.288,1.7394736842105263,,2.0,5.268,3.2925,,3.9,5.272,1.6897435897435897,
05-01-2026-Fri 13-58-15-PM,4.5,5.276,1.4655555555555557,,5.2,5.28,1.2692307692307694,,5.1,5.272,1.2921568627450983,,3.6,5.276,1.8319444444444444,,2.1,5.272,3.138095238095238,,2.4,5.28,2.7500000000000004,,1.5,5.264,4.386666666666667,,2.6,5.276,2.536538461538462,,3.5,5.28,1.885714285714286,,2.4,5.28,2.7500000000000004,,4.2,5.276,1.570238095238095,,3.5,5.288,1.8885714285714286,,3.2,5.272,2.059375,,3.6,5.284,1.8347222222222224,,2.2,5.272,2.9954545454545456,,3.9,5.268,1.6884615384615385,
05-01-2026-Fri 13-58-16-PM,4.1,5.276,1.608536585365854,,5.1,5.28,1.2941176470588238,,5.0,5.272,1.318,,3.8,5.276,1.7355263157894738,,2.0,5.276,3.2975,,2.3,5.28,2.869565217391304,,1.5,5.264,4.386666666666667,,2.7,5.276,2.4425925925925926,,3.6,5.28,1.8333333333333335,,2.4,5.276,2.747916666666667,,4.4,5.276,1.4988636363636363,,3.5,5.288,1.8885714285714286,,3.3,5.276,1.9984848484848485,,3.9,5.288,1.694871794871795,,2.4,5.264,2.7416666666666667,,3.7,5.268,1.7797297297297296,
05-01-2026-Fri 13-58-18-PM,4.3,5.272,1.5325581395348837,,5.0,5.28,1.32,,4.9,5.272,1.3448979591836732,,3.2,5.28,2.0625,,2.3,5.276,2.867391304347826,,2.3,5.276,2.867391304347826,,1.5,5.264,4.386666666666667,,2.7,5.28,2.4444444444444446,,3.6,5.28,1.8333333333333335,,2.5,5.28,2.64,,4.4,5.276,1.4988636363636363,,3.5,5.288,1.8885714285714286,,3.2,5.276,2.0609374999999996,,3.6,5.284,1.8347222222222224,,2.1,5.268,3.1357142857142852,,3.6,5.268,1.8291666666666666,
05-01-2026-Fri 13-58-19-PM,4.0,5.276,1.64875,,5.4,5.28,1.2222222222222223,,4.8,5.272,1.3729166666666668,,3.2,5.28,2.0625,,2.4,5.276,2.747916666666667,,2.3,5.276,2.867391304347826,,1.2,5.264,5.483333333333333,,2.5,5.28,2.64,,3.7,5.28,1.783783783783784,,2.3,5.28,2.869565217391304,,4.6,5.276,1.433695652173913,,3.3,5.288,2.003030303030303,,3.1,5.28,2.1290322580645165,,3.7,5.284,1.785135135135135,,2.3,5.272,2.865217391304348,,3.8,5.272,1.7342105263157896,
05-01-2026-Fri 13-58-20-PM,4.1,5.28,1.609756097560976,,5.1,5.284,1.2950980392156866,,5.0,5.272,1.318,,3.6,5.28,1.8333333333333335,,2.1,5.276,3.14047619047619,,2.3,5.276,2.867391304347826,,1.5,5.268,4.39,,2.5,5.28,2.64,,3.4,5.28,1.9411764705882355,,2.7,5.276,2.4425925925925926,,4.3,5.276,1.5337209302325583,,3.3,5.288,2.003030303030303,,3.2,5.276,2.0609374999999996,,3.7,5.284,1.785135135135135,,2.0,5.268,3.2925,,3.9,5.268,1.6884615384615385,
05-01-2026-Fri 13-58-22-PM,4.5,5.272,1.4644444444444447,,5.2,5.28,1.2692307692307694,,5.0,5.272,1.318,,3.4,5.28,1.9411764705882355,,2.1,5.272,3.138095238095238,,2.5,5.276,2.6380000000000003,,1.6,5.264,4.1125,,2.5,5.276,2.6380000000000003,,3.5,5.284,1.887142857142857,,2.4,5.28,2.7500000000000004,,4.3,5.276,1.5337209302325583,,3.4,5.288,1.9441176470588237,,3.0,5.276,2.1983333333333333,,3.7,5.284,1.785135135135135,,2.5,5.268,2.634,,3.9,5.272,1.6897435897435897,
05-01-2026-Fri 13-58-23-PM,4.2,5.272,1.569047619047619,,5.3,5.28,1.2452830188679247,,5.0,5.272,1.318,,3.2,5.28,2.0625,,2.2,5.272,2.9954545454545456,,2.1,5.276,3.14047619047619,,1.6,5.268,4.115625,,2.5,5.272,2.636,,3.7,5.284,1.785135135135135,,2.3,5.28,2.869565217391304,,4.2,5.276,1.570238095238095,,3.4,5.284,1.9426470588235296,,3.2,5.272,2.059375,,3.7,5.284,1.785135135135135,,2.4,5.268,2.74375,,3.6,5.272,1.8305555555555557,
05-01-2026-Fri 13-58-24-PM,4.3,5.276,1.5337209302325583,,5.1,5.28,1.2941176470588238,,5.0,5.272,1.318,,3.4,5.284,1.9426470588235296,,2.0,5.276,3.2975,,2.4,5.276,2.747916666666667,,1.6,5.264,4.1125,,2.7,5.276,2.4425925925925926,,3.4,5.28,1.9411764705882355,,2.4,5.28,2.7500000000000004,,4.1,5.276,1.608536585365854,,3.3,5.284,2.0015151515151515,,3.2,5.272,2.059375,,3.8,5.288,1.7394736842105263,,2.1,5.268,3.1357142857142852,,3.6,5.272,1.8305555555555557,
05-01-2026-Fri 13-58-26-PM,4.3,5.276,1.5337209302325583,,5.1,5.276,1.2931372549019609,,4.7,5.272,1.402127659574468,,3.4,5.276,1.9397058823529412,,2.0,5.276,3.2975,,2.3,5.276,2.867391304347826,,1.7,5.264,3.8705882352941186,,2.5,5.28,2.64,,3.5,5.284,1.887142857142857,,2.6,5.28,2.5384615384615388,,4.0,5.276,1.64875,,3.3,5.284,2.0015151515151515,,3.2,5.276,2.0609374999999996,,3.5,5.284,1.887142857142857,,2.2,5.268,2.993181818181818,,3.7,5.268,1.7797297297297296,
05-01-2026-Fri 13-58-27-PM,4.5,5.276,1.4655555555555557,,5.0,5.28,1.32,,4.7,5.272,1.402127659574468,,3.4,5.276,1.9397058823529412,,2.1,5.272,3.138095238095238,,2.4,5.276,2.747916666666667,,1.3,5.264,5.061538461538462,,2.7,5.28,2.4444444444444446,,3.6,5.284,1.8347222222222224,,2.2,5.284,3.002272727272727,,4.1,5.272,1.6073170731707318,,3.5,5.288,1.8885714285714286,,3.3,5.272,1.9969696969696973,,3.7,5.284,1.785135135135135,,2.2,5.268,2.993181818181818,,3.9,5.268,1.6884615384615385,
05-01-2026-Fri 13-58-29-PM,4.4,5.272,1.4977272727272728,,5.0,5.28,1.32,,4.8,5.272,1.3729166666666668,,3.5,5.276,1.8842857142857141,,2.1,5.276,3.14047619047619,,2.0,5.276,3.2975,,1.5,5.264,4.386666666666667,,2.6,5.28,2.5384615384615388,,3.5,5.28,1.885714285714286,,2.5,5.28,2.64,,4.2,5.276,1.570238095238095,,3.5,5.284,1.887142857142857,,3.0,5.272,2.1966666666666668,,3.6,5.288,1.8361111111111112,,2.3,5.268,2.8630434782608694,,3.6,5.268,1.8291666666666666,
05-01-2026-Fri 13-58-30-PM,4.2,5.276,1.570238095238095,,4.8,5.276,1.3739583333333334,,4.7,5.268,1.401063829787234,,3.4,5.28,1.9411764705882355,,2.1,5.276,3.14047619047619,,2.6,5.28,2.5384615384615388,,1.5,5.264,4.386666666666667,,2.6,5.276,2.536538461538462,,3.4,5.28,1.9411764705882355,,2.4,5.28,2.7500000000000004,,4.0,5.276,1.64875,,3.4,5.292,1.9455882352941176,,3.2,5.272,2.059375,,3.6,5.288,1.8361111111111112,,2.2,5.268,2.993181818181818,,3.9,5.268,1.6884615384615385,
05-01-2026-Fri 13-58-31-PM,4.2,5.276,1.570238095238095,,5.3,5.276,1.2443396226415093,,4.8,5.272,1.3729166666666668,,3.5,5.28,1.885714285714286,,2.2,5.276,2.9977272727272726,,2.4,5.276,2.747916666666667,,1.5,5.268,4.39,,2.6,5.276,2.536538461538462,,3.4,5.28,1.9411764705882355,,2.5,5.276,2.6380000000000003,,4.3,5.276,1.5337209302325583,,3.5,5.288,1.8885714285714286,,3.0,5.28,2.2,,3.7,5.284,1.785135135135135,,2.2,5.268,2.993181818181818,,4.2,5.268,1.5678571428571426,
05-01-2026-Fri 13-58-33-PM,4.3,5.276,1.5337209302325583,,4.9,5.28,1.346938775510204,,4.9,5.272,1.3448979591836732,,3.2,5.28,2.0625,,2.1,5.276,3.14047619047619,,2.3,5.276,2.867391304347826,,1.4,5.264,4.7,,2.8,5.276,2.3553571428571427,,3.5,5.28,1.885714285714286,,2.3,5.28,2.869565217391304,,4.0,5.272,1.6475,,3.1,5.288,2.132258064516129,,2.9,5.276,2.274137931034483,,3.7,5.288,1.7864864864864864,,2.1,5.268,3.1357142857142852,,3.6,5.272,1.8305555555555557,
05-01-2026-Fri 13-58-34-PM,4.4,5.276,1.4988636363636363,,4.9,5.28,1.346938775510204,,4.8,5.272,1.3729166666666668,,3.3,5.28,2.0,,2.0,5.276,3.2975,,2.2,5.276,2.9977272727272726,,1.4,5.26,4.696428571428571,,2.5,5.276,2.6380000000000003,,3.6,5.28,1.8333333333333335,,2.3,5.28,2.869565217391304,,4.2,5.276,1.570238095238095,,3.2,5.288,2.065625,,2.9,5.276,2.274137931034483,,3.7,5.288,1.7864864864864864,,2.4,5.272,2.7458333333333336,,3.5,5.272,1.8828571428571428,
05-01-2026-Fri 13-58-35-PM,4.2,5.276,1.570238095238095,,4.9,5.28,1.346938775510204,,4.9,5.272,1.3448979591836732,,3.2,5.28,2.0625,,1.7,5.276,3.8794117647058823,,2.4,5.276,2.747916666666667,,1.3,5.268,5.065384615384615,,2.7,5.276,2.4425925925925926,,3.6,5.28,1.8333333333333335,,2.1,5.28,3.142857142857143,,4.2,5.272,1.569047619047619,,3.1,5.284,2.1306451612903228,,3.0,5.272,2.1966666666666668,,3.6,5.284,1.8347222222222224,,2.1,5.268,3.1357142857142852,,3.6,5.268,1.8291666666666666,
05-01-2026-Fri 13-58-37-PM,4.1,5.276,1.608536585365854,,4.9,5.276,1.3459183673469386,,4.6,5.272,1.432608695652174,,3.6,5.28,1.8333333333333335,,2.3,5.276,2.867391304347826,,2.4,5.276,2.747916666666667,,1.6,5.264,4.1125,,2.4,5.276,2.747916666666667,,3.6,5.28,1.8333333333333335,,2.5,5.276,2.6380000000000003,,4.1,5.276,1.608536585365854,,3.4,5.292,1.9455882352941176,,2.8,5.272,2.3535714285714286,,3.7,5.284,1.785135135135135,,2.1,5.268,3.1357142857142852,,3.8,5.268,1.7328947368421053,
05-01-2026-Fri 13-58-38-PM,4.1,5.276,1.608536585365854,,4.9,5.276,1.3459183673469386,,4.8,5.268,1.371875,,3.5,5.28,1.885714285714286,,2.0,5.276,3.2975,,2.2,5.276,2.9977272727272726,,1.5,5.268,4.39,,2.5,5.28,2.64,,3.5,5.28,1.885714285714286,,2.4,5.28,2.7500000000000004,,4.0,5.276,1.64875,,3.4,5.288,1.9441176470588237,,3.0,5.276,2.1983333333333333,,3.7,5.284,1.785135135135135,,2.6,5.264,2.530769230769231,,3.7,5.268,1.7797297297297296,
05-01-2026-Fri 13-58-39-PM,4.2,5.276,1.570238095238095,,4.8,5.276,1.3739583333333334,,4.6,5.272,1.432608695652174,,3.4,5.28,1.9411764705882355,,2.0,5.276,3.2975,,2.0,5.276,3.2975,,1.3,5.268,5.065384615384615,,2.7,5.276,2.4425925925925926,,3.5,5.28,1.885714285714286,,2.5,5.28,2.64,,4.2,5.276,1.570238095238095,,3.2,5.288,2.065625,,3.2,5.272,2.059375,,3.6,5.288,1.8361111111111112,,2.2,5.268,2.993181818181818,,3.6,5.272,1.8305555555555557,
05-01-2026-Fri 13-58-41-PM,4.1,5.276,1.608536585365854,,5.0,5.28,1.32,,4.9,5.272,1.3448979591836732,,3.5,5.276,1.8842857142857141,,1.9,5.276,3.4710526315789476,,2.2,5.276,2.9977272727272726,,1.6,5.268,4.115625,,2.5,5.276,2.6380000000000003,,3.3,5.284,2.0015151515151515,,2.4,5.28,2.7500000000000004,,4.6,5.276,1.433695652173913,,3.4,5.288,1.9441176470588237,,2.9,5.276,2.274137931034483,,3.5,5.284,1.887142857142857,,2.3,5.268,2.8630434782608694,,3.9,5.272,1.6897435897435897,
05-01-2026-Fri 13-58-42-PM,4.1,5.276,1.608536585365854,,5.0,5.28,1.32,,4.6,5.272,1.432608695652174,,3.4,5.28,1.9411764705882355,,2.1,5.276,3.14047619047619,,2.4,5.276,2.747916666666667,,1.3,5.268,5.065384615384615,,2.7,5.276,2.4425925925925926,,3.6,5.284,1.8347222222222224,,2.3,5.28,2.869565217391304,,4.3,5.28,1.5348837209302326,,3.1,5.288,2.132258064516129,,2.9,5.276,2.274137931034483,,3.5,5.288,1.8885714285714286,,2.3,5.272,2.865217391304348,,3.5,5.272,1.8828571428571428,
05-01-2026-Fri 13-58-54-PM,4.2,5.28,1.5714285714285714,,5.1,5.28,1.2941176470588238,,4.6,5.268,1.4315217391304347,,3.2,5.28,2.0625,,2.1,5.276,3.14047619047619,,2.5,5.276,2.6380000000000003,,1.3,5.264,5.061538461538462,,2.7,5.276,2.4425925925925926,,3.7,5.284,1.785135135135135,,2.6,5.28,2.5384615384615388,,4.1,5.276,1.608536585365854,,3.3,5.284,2.0015151515151515,,3.1,5.276,2.1274193548387097,,3.9,5.284,1.6935897435897438,,2.5,5.268,2.634,,3.8,5.268,1.7328947368421053,
05-01-2026-Fri 13-58-56-PM,4.1,5.276,1.608536585365854,,4.9,5.28,1.346938775510204,,4.6,5.272,1.432608695652174,,3.4,5.28,1.9411764705882355,,1.9,5.272,3.4684210526315793,,2.4,5.28,2.7500000000000004,,1.1,5.264,5.9818181818181815,,2.6,5.276,2.536538461538462,,3.7,5.28,1.783783783783784,,2.5,5.28,2.64,,4.3,5.276,1.5337209302325583,,3.2,5.288,2.065625,,3.2,5.276,2.0609374999999996,,3.7,5.288,1.7864864864864864,,2.4,5.268,2.74375,,3.4,5.268,1.9367647058823532,
05-01-2026-Fri 13-58-57-PM,4.2,5.276,1.570238095238095,,4.8,5.28,1.3750000000000002,,4.8,5.272,1.3729166666666668,,3.4,5.276,1.9397058823529412,,2.0,5.276,3.2975,,2.1,5.28,3.142857142857143,,1.4,5.264,4.7,,2.4,5.28,2.7500000000000004,,3.7,5.284,1.785135135135135,,2.6,5.284,2.5403846153846157,,4.0,5.276,1.64875,,3.4,5.288,1.9441176470588237,,3.1,5.276,2.1274193548387097,,3.6,5.288,1.8361111111111112,,2.0,5.272,3.295,,3.4,5.268,1.9367647058823532,
05-01-2026-Fri 13-58-58-PM,4.1,5.276,1.608536585365854,,5.0,5.28,1.32,,4.4,5.272,1.4977272727272728,,3.3,5.28,2.0,,1.8,5.276,3.6638888888888888,,2.3,5.276,2.867391304347826,,1.6,5.268,4.115625,,2.6,5.276,2.536538461538462,,3.4,5.284,1.9426470588235296,,2.5,5.28,2.64,,4.0,5.28,1.6500000000000001,,3.4,5.288,1.9441176470588237,,3.2,5.276,2.0609374999999996,,3.5,5.288,1.8885714285714286,,2.3,5.268,2.8630434782608694,,3.5,5.272,1.8828571428571428,
05-01-2026-Fri 13-59-00-PM,4.0,5.276,1.64875,,5.0,5.284,1.321,,4.5,5.272,1.4644444444444447,,3.1,5.28,2.1290322580645165,,2.0,5.28,3.3000000000000003,,2.2,5.284,3.002272727272727,,1.5,5.268,4.39,,2.7,5.28,2.4444444444444446,,3.4,5.28,1.9411764705882355,,2.3,5.284,2.8717391304347823,,4.0,5.276,1.64875,,3.5,5.288,1.8885714285714286,,3.1,5.276,2.1274193548387097,,3.8,5.288,1.7394736842105263,,2.0,5.268,3.2925,,3.6,5.272,1.8305555555555557,
05-01-2026-Fri 13-59-01-PM,4.0,5.276,1.64875,,4.9,5.28,1.346938775510204,,4.6,5.272,1.432608695652174,,3.5,5.28,1.885714285714286,,2.2,5.272,2.9954545454545456,,2.2,5.276,2.9977272727272726,,1.8,5.264,3.655555555555556,,2.6,5.28,2.5384615384615388,,3.2,5.284,2.0640625,,2.2,5.28,3.0,,4.3,5.276,1.5337209302325583,,3.4,5.288,1.9441176470588237,,2.9,5.276,2.274137931034483,,3.5,5.288,1.8885714285714286,,2.0,5.268,3.2925,,4.0,5.272,1.6475,
05-01-2026-Fri 14-00-18-PM,4.1,5.276,1.608536585365854,,4.4,5.28,1.5,,4.3,5.272,1.5325581395348837,,3.1,5.276,2.1274193548387097,,1.9,5.276,3.4710526315789476,,2.4,5.276,2.747916666666667,,1.3,5.264,5.061538461538462,,2.5,5.276,2.6380000000000003,,3.3,5.284,2.0015151515151515,,2.3,5.284,2.8717391304347823,,4.0,5.276,1.64875,,3.3,5.288,2.003030303030303,,2.9,5.272,2.2724137931034485,,3.6,5.288,1.8361111111111112,,2.2,5.268,2.993181818181818,,3.5,5.272,1.8828571428571428,
05-01-2026-Fri 14-00-20-PM,4.3,5.276,1.5337209302325583,,4.6,5.28,1.434782608695652,,4.2,5.272,1.569047619047619,,3.0,5.276,2.1983333333333333,,2.0,5.272,3.295,,2.4,5.276,2.747916666666667,,1.1,5.264,5.9818181818181815,,2.7,5.28,2.4444444444444446,,3.4,5.28,1.9411764705882355,,2.3,5.28,2.869565217391304,,3.7,5.276,1.7824324324324323,,2.9,5.288,2.279310344827586,,2.8,5.276,2.3553571428571427,,3.2,5.288,2.065625,,2.1,5.268,3.1357142857142852,,3.7,5.268,1.7797297297297296,
05-01-2026-Fri 14-01-28-PM,4.1,5.272,1.6073170731707318,,4.6,5.276,1.433695652173913,,4.3,5.268,1.5313953488372094,,3.1,5.276,2.1274193548387097,,2.3,5.272,2.865217391304348,,2.3,5.276,2.867391304347826,,1.5,5.26,4.383333333333333,,2.7,5.276,2.4425925925925926,,3.3,5.28,2.0,,2.5,5.28,2.64,,3.5,5.272,1.8828571428571428,,3.2,5.288,2.065625,,2.9,5.272,2.2724137931034485,,3.2,5.284,2.0640625,,2.0,5.268,3.2925,,3.2,5.268,2.0578125,
05-01-2026-Fri 14-01-30-PM,3.7,5.276,1.7824324324324323,,4.3,5.28,1.5348837209302326,,4.2,5.272,1.569047619047619,,3.1,5.28,2.1290322580645165,,1.9,5.272,3.4684210526315793,,2.1,5.276,3.14047619047619,,1.1,5.264,5.9818181818181815,,2.4,5.28,2.7500000000000004,,3.1,5.28,2.1290322580645165,,2.5,5.276,2.6380000000000003,,3.4,5.272,1.9382352941176473,,2.9,5.284,2.277586206896552,,2.6,5.272,2.534615384615385,,3.2,5.284,2.0640625,,2.0,5.268,3.2925,,3.1,5.268,2.1241935483870966,
05-01-2026-Fri 14-01-31-PM,3.8,5.272,1.7342105263157896,,4.3,5.276,1.5337209302325583,,3.9,5.272,1.6897435897435897,,3.1,5.276,2.1274193548387097,,1.7,5.272,3.8764705882352946,,2.2,5.276,2.9977272727272726,,1.4,5.26,4.696428571428571,,2.6,5.276,2.536538461538462,,3.2,5.28,2.0625,,2.1,5.28,3.142857142857143,,3.5,5.272,1.8828571428571428,,3.0,5.284,2.2016666666666667,,2.7,5.272,2.4407407407407407,,3.0,5.284,2.2016666666666667,,2.0,5.268,3.2925,,3.4,5.268,1.9367647058823532,
05-01-2026-Fri 14-03-05-PM,4.1,5.272,1.6073170731707318,,3.9,5.276,1.6910256410256412,,4.1,5.268,1.6060975609756099,,3.0,5.276,2.1983333333333333,,2.0,5.272,3.295,,2.1,5.272,3.138095238095238,,1.5,5.26,4.383333333333333,,2.5,5.272,2.636,,3.5,5.28,1.885714285714286,,2.4,5.28,2.7500000000000004,,3.7,5.272,1.781081081081081,,3.2,5.284,2.0640625,,2.6,5.272,2.534615384615385,,3.2,5.284,2.0640625,,2.1,5.268,3.1357142857142852,,3.4,5.268,1.9367647058823532,
05-01-2026-Fri 14-03-07-PM,3.9,5.272,1.6897435897435897,,4.1,5.276,1.608536585365854,,3.9,5.272,1.6897435897435897,,2.8,5.276,2.3553571428571427,,1.6,5.272,4.11875,,2.1,5.272,3.138095238095238,,1.4,5.264,4.7,,2.3,5.272,2.865217391304348,,3.3,5.28,2.0,,2.2,5.276,2.9977272727272726,,3.4,5.272,1.9382352941176473,,3.0,5.284,2.2016666666666667,,2.6,5.268,2.5326923076923076,,3.1,5.284,2.1306451612903228,,1.9,5.264,3.463157894736842,,3.3,5.268,1.9954545454545454,
05-01-2026-Fri 14-03-08-PM,3.5,5.272,1.8828571428571428,,3.7,5.276,1.7824324324324323,,3.7,5.268,1.7797297297297296,,2.9,5.276,2.274137931034483,,1.8,5.272,3.6611111111111114,,1.9,5.276,3.4710526315789476,,1.4,5.26,4.696428571428571,,2.4,5.276,2.747916666666667,,2.8,5.276,2.3553571428571427,,2.0,5.276,3.2975,,3.5,5.272,1.8828571428571428,,2.9,5.288,2.279310344827586,,2.6,5.272,2.534615384615385,,3.2,5.284,2.0640625,,1.9,5.268,3.4657894736842105,,3.0,5.268,2.195,
05-01-2026-Fri 14-04-05-PM,3.7,5.276,1.7824324324324323,,4.1,5.276,1.608536585365854,,3.7,5.268,1.7797297297297296,,2.6,5.28,2.5384615384615388,,1.9,5.272,3.4684210526315793,,2.0,5.272,3.295,,1.3,5.264,5.061538461538462,,2.6,5.272,2.534615384615385,,3.4,5.28,1.9411764705882355,,2.0,5.28,3.3000000000000003,,3.5,5.276,1.8842857142857141,,2.7,5.284,2.446296296296296,,2.7,5.272,2.4407407407407407,,2.7,5.284,2.446296296296296,,2.3,5.264,2.860869565217391,,3.3,5.268,1.9954545454545454,
05-01-2026-Fri 14-04-07-PM,3.5,5.276,1.8842857142857141,,4.1,5.276,1.608536585365854,,3.6,5.268,1.8291666666666666,,3.0,5.276,2.1983333333333333,,1.7,5.272,3.8764705882352946,,1.7,5.272,3.8764705882352946,,1.4,5.264,4.7,,2.4,5.276,2.747916666666667,,3.2,5.276,2.0609374999999996,,2.2,5.28,3.0,,3.3,5.272,1.9969696969696973,,2.7,5.288,2.448148148148148,,2.7,5.272,2.4407407407407407,,2.8,5.284,2.3589285714285713,,2.0,5.268,3.2925,,3.0,5.268,2.195,
05-01-2026-Fri 14-04-08-PM,3.2,5.272,2.059375,,3.5,5.276,1.8842857142857141,,3.3,5.272,1.9969696969696973,,2.7,5.276,2.4425925925925926,,1.8,5.272,3.6611111111111114,,1.8,5.272,3.6611111111111114,,1.0,5.264,6.58,,2.4,5.276,2.747916666666667,,3.0,5.28,2.2,,2.2,5.28,3.0,,3.4,5.276,1.9397058823529412,,2.8,5.288,2.3607142857142858,,2.5,5.276,2.6380000000000003,,2.8,5.284,2.3589285714285713,,1.8,5.268,3.658333333333333,,2.9,5.268,2.270689655172414,
05-01-2026-Fri 14-04-41-PM,3.5,5.28,1.885714285714286,,3.6,5.28,1.8333333333333335,,3.8,5.272,1.7342105263157896,,2.5,5.284,2.642,,1.5,5.276,4.3966666666666665,,1.8,5.276,3.6638888888888888,,1.4,5.264,4.7,,2.6,5.276,2.536538461538462,,3.5,5.284,1.887142857142857,,2.2,5.28,3.0,,3.0,5.276,2.1983333333333333,,2.8,5.288,2.3607142857142858,,2.7,5.276,2.4425925925925926,,2.9,5.288,2.279310344827586,,2.0,5.272,3.295,,3.2,5.268,2.0578125,
05-01-2026-Fri 14-04-42-PM,3.3,5.28,2.0,,3.6,5.28,1.8333333333333335,,3.4,5.272,1.9382352941176473,,2.6,5.284,2.5403846153846157,,1.8,5.276,3.6638888888888888,,1.7,5.276,3.8794117647058823,,1.1,5.264,5.9818181818181815,,2.3,5.28,2.869565217391304,,3.1,5.284,2.1306451612903228,,1.9,5.284,3.476315789473684,,3.1,5.276,2.1274193548387097,,2.8,5.288,2.3607142857142858,,2.4,5.272,2.7458333333333336,,2.9,5.284,2.277586206896552,,1.9,5.272,3.4684210526315793,,3.0,5.268,2.195,
05-01-2026-Fri 14-04-43-PM,3.4,5.276,1.9397058823529412,,3.7,5.284,1.785135135135135,,3.4,5.272,1.9382352941176473,,2.6,5.28,2.5384615384615388,,1.6,5.276,4.121874999999999,,1.9,5.28,3.4736842105263164,,1.3,5.268,5.065384615384615,,2.3,5.28,2.869565217391304,,2.7,5.28,2.4444444444444446,,2.0,5.284,3.3025,,3.4,5.276,1.9397058823529412,,2.6,5.292,2.5442307692307695,,2.3,5.276,2.867391304347826,,2.7,5.288,2.448148148148148,,1.8,5.268,3.658333333333333,,3.1,5.272,2.1258064516129034,
05-01-2026-Fri 14-05-02-PM,3.7,5.276,1.7824324324324323,,3.9,5.284,1.6935897435897438,,3.4,5.276,1.9397058823529412,,2.6,5.28,2.5384615384615388,,1.8,5.276,3.6638888888888888,,1.9,5.272,3.4684210526315793,,1.1,5.268,5.986363636363636,,2.1,5.28,3.142857142857143,,3.2,5.284,2.0640625,,1.9,5.284,3.476315789473684,,3.3,5.276,1.9984848484848485,,2.7,5.288,2.448148148148148,,2.3,5.276,2.867391304347826,,2.9,5.288,2.279310344827586,,1.8,5.268,3.658333333333333,,3.2,5.268,2.0578125,
05-01-2026-Fri 14-05-03-PM,3.3,5.276,1.9984848484848485,,3.7,5.28,1.783783783783784,,3.5,5.272,1.8828571428571428,,2.7,5.28,2.4444444444444446,,1.6,5.276,4.121874999999999,,1.8,5.276,3.6638888888888888,,1.1,5.264,5.9818181818181815,,2.0,5.28,3.3000000000000003,,2.8,5.284,2.3589285714285713,,2.1,5.28,3.142857142857143,,3.4,5.276,1.9397058823529412,,2.6,5.288,2.5423076923076926,,2.3,5.276,2.867391304347826,,2.6,5.288,2.5423076923076926,,1.7,5.268,3.8735294117647063,,3.0,5.272,2.1966666666666668,
05-01-2026-Fri 14-05-05-PM,3.0,5.276,2.1983333333333333,,3.6,5.276,1.8319444444444444,,3.3,5.268,1.9954545454545454,,2.6,5.28,2.5384615384615388,,1.7,5.276,3.8794117647058823,,1.5,5.276,4.3966666666666665,,1.2,5.268,5.4875,,2.1,5.276,3.14047619047619,,2.9,5.284,2.277586206896552,,1.9,5.28,3.4736842105263164,,3.1,5.276,2.1274193548387097,,2.8,5.284,2.3589285714285713,,2.3,5.272,2.865217391304348,,2.9,5.284,2.277586206896552,,1.8,5.268,3.658333333333333,,2.6,5.268,2.5326923076923076,
05-01-2026-Fri 14-05-06-PM,3.3,5.276,1.9984848484848485,,3.4,5.28,1.9411764705882355,,3.2,5.272,2.059375,,2.5,5.28,2.64,,1.6,5.276,4.121874999999999,,1.5,5.28,4.4,,1.0,5.268,6.585,,2.0,5.276,3.2975,,2.7,5.284,2.446296296296296,,1.7,5.28,3.882352941176471,,3.1,5.276,2.1274193548387097,,2.5,5.284,2.642,,2.0,5.272,3.295,,2.7,5.284,2.446296296296296,,2.1,5.268,3.1357142857142852,,2.9,5.268,2.270689655172414,
05-01-2026-Fri 14-06-21-PM,3.2,5.28,2.0625,,3.2,5.28,2.0625,,3.3,5.272,1.9969696969696973,,2.4,5.28,2.7500000000000004,,1.2,5.28,5.500000000000001,,1.7,5.28,3.882352941176471,,1.3,5.268,5.065384615384615,,2.0,5.28,3.3000000000000003,,2.8,5.284,2.3589285714285713,,1.8,5.28,3.666666666666667,,3.3,5.276,1.9984848484848485,,2.8,5.292,2.3625000000000003,,2.2,5.276,2.9977272727272726,,2.4,5.288,2.754166666666667,,1.7,5.272,3.8764705882352946,,2.6,5.276,2.536538461538462,
05-01-2026-Fri 14-06-55-PM,3.5,5.276,1.8842857142857141,,3.2,5.28,2.0625,,3.1,5.272,2.1258064516129034,,2.7,5.284,2.446296296296296,,1.7,5.276,3.8794117647058823,,1.7,5.28,3.882352941176471,,1.4,5.272,4.707142857142857,,2.2,5.28,3.0,,2.6,5.284,2.5403846153846157,,1.8,5.284,3.6694444444444447,,2.9,5.28,2.2758620689655173,,2.4,5.288,2.754166666666667,,2.2,5.276,2.9977272727272726,,2.4,5.288,2.754166666666667,,1.5,5.272,4.3933333333333335,,2.7,5.276,2.4425925925925926,
05-01-2026-Fri 14-06-56-PM,3.2,5.276,2.0609374999999996,,3.1,5.28,2.1290322580645165,,3.1,5.272,2.1258064516129034,,2.3,5.28,2.869565217391304,,1.6,5.28,4.125,,1.8,5.276,3.6638888888888888,,1.3,5.268,5.065384615384615,,1.8,5.28,3.666666666666667,,2.4,5.288,2.754166666666667,,1.9,5.284,3.476315789473684,,3.0,5.276,2.1983333333333333,,2.4,5.288,2.754166666666667,,2.1,5.276,3.14047619047619,,2.3,5.288,2.8739130434782614,,1.7,5.272,3.8764705882352946,,2.3,5.272,2.865217391304348,
05-01-2026-Fri 14-06-58-PM,2.8,5.28,2.357142857142857,,3.0,5.28,2.2,,3.1,5.276,2.1274193548387097,,2.3,5.284,2.8717391304347823,,1.7,5.276,3.8794117647058823,,1.7,5.28,3.882352941176471,,1.3,5.268,5.065384615384615,,2.0,5.28,3.3000000000000003,,2.3,5.284,2.8717391304347823,,1.6,5.284,4.128125,,2.7,5.276,2.4425925925925926,,2.1,5.288,3.1476190476190475,,2.2,5.276,2.9977272727272726,,2.3,5.284,2.8717391304347823,,1.4,5.272,4.707142857142857,,2.3,5.272,2.865217391304348,
05-01-2026-Fri 14-06-59-PM,2.9,5.276,2.274137931034483,,3.0,5.284,2.2016666666666667,,2.7,5.272,2.4407407407407407,,2.0,5.28,3.3000000000000003,,1.1,5.276,5.995454545454545,,1.7,5.276,3.8794117647058823,,0.9,5.268,7.316666666666666,,1.8,5.28,3.666666666666667,,2.6,5.284,2.5403846153846157,,1.7,5.284,3.8852941176470592,,2.8,5.28,2.357142857142857,,2.2,5.288,3.0045454545454544,,2.1,5.276,3.14047619047619,,2.3,5.288,2.8739130434782614,,1.7,5.272,3.8764705882352946,,2.3,5.272,2.865217391304348,
05-01-2026-Fri 14-09-06-PM,3.1,5.28,2.1290322580645165,,3.0,5.28,2.2,,3.2,5.276,2.0609374999999996,,2.2,5.28,3.0,,1.4,5.276,4.710714285714285,,1.4,5.276,4.710714285714285,,1.1,5.268,5.986363636363636,,2.0,5.276,3.2975,,2.7,5.284,2.446296296296296,,1.9,5.28,3.4736842105263164,,2.5,5.28,2.64,,2.4,5.288,2.754166666666667,,1.7,5.276,3.8794117647058823,,2.3,5.288,2.8739130434782614,,1.8,5.272,3.6611111111111114,,2.5,5.272,2.636,
05-01-2026-Fri 14-09-07-PM,2.9,5.28,2.2758620689655173,,2.8,5.284,2.3589285714285713,,2.8,5.276,2.3553571428571427,,2.1,5.288,3.1476190476190475,,1.5,5.276,4.3966666666666665,,1.5,5.276,4.3966666666666665,,0.8,5.268,8.23125,,1.9,5.28,3.4736842105263164,,2.2,5.284,3.002272727272727,,1.9,5.28,3.4736842105263164,,2.6,5.28,2.5384615384615388,,2.2,5.292,3.0068181818181814,,1.8,5.276,3.6638888888888888,,2.2,5.288,3.0045454545454544,,1.5,5.272,4.3933333333333335,,2.3,5.276,2.867391304347826,
05-01-2026-Fri 14-09-09-PM,2.9,5.276,2.274137931034483,,2.8,5.284,2.3589285714285713,,2.8,5.272,2.3535714285714286,,2.0,5.284,3.3025,,1.5,5.28,4.4,,1.5,5.276,4.3966666666666665,,0.9,5.268,7.316666666666666,,1.7,5.284,3.8852941176470592,,2.3,5.284,2.8717391304347823,,1.8,5.28,3.666666666666667,,2.7,5.28,2.4444444444444446,,2.2,5.292,3.0068181818181814,,1.9,5.276,3.4710526315789476,,2.3,5.292,2.8760869565217395,,1.3,5.272,5.06923076923077,,2.4,5.272,2.7458333333333336,
05-01-2026-Fri 14-09-46-PM,2.7,5.276,2.4425925925925926,,2.4,5.28,2.7500000000000004,,2.8,5.276,2.3553571428571427,,2.2,5.284,3.002272727272727,,1.2,5.276,5.495833333333334,,1.5,5.276,4.3966666666666665,,1.3,5.268,5.065384615384615,,1.8,5.28,3.666666666666667,,2.4,5.284,2.7520833333333337,,1.8,5.284,3.6694444444444447,,2.7,5.28,2.4444444444444446,,1.9,5.288,3.4789473684210526,,1.9,5.28,3.4736842105263164,,2.2,5.288,3.0045454545454544,,1.5,5.272,4.3933333333333335,,2.4,5.276,2.747916666666667,
05-01-2026-Fri 14-09-57-PM,2.7,5.28,2.4444444444444446,,2.4,5.288,2.754166666666667,,2.4,5.276,2.747916666666667,,1.7,5.284,3.8852941176470592,,1.0,5.28,6.6000000000000005,,1.5,5.28,4.4,,0.5,5.272,13.18,,1.6,5.28,4.125,,2.3,5.284,2.8717391304347823,,1.5,5.284,4.403333333333333,,2.4,5.28,2.7500000000000004,,1.9,5.296,3.4842105263157896,,1.6,5.28,4.125,,2.1,5.292,3.1499999999999995,,1.2,5.276,5.495833333333334,,2.0,5.28,3.3000000000000003,
05-01-2026-Fri 14-09-58-PM,2.4,5.284,2.7520833333333337,,2.4,5.288,2.754166666666667,,2.6,5.28,2.5384615384615388,,2.0,5.28,3.3000000000000003,,0.9,5.284,7.3388888888888895,,1.4,5.284,4.7178571428571425,,0.8,5.272,8.2375,,1.4,5.284,4.7178571428571425,,2.1,5.288,3.1476190476190475,,1.7,5.288,3.8882352941176475,,2.4,5.284,2.7520833333333337,,1.9,5.292,3.481578947368421,,1.7,5.28,3.882352941176471,,2.1,5.292,3.1499999999999995,,1.4,5.276,4.710714285714285,,2.1,5.276,3.14047619047619,
05-01-2026-Fri 14-10-12-PM,2.4,5.28,2.7500000000000004,,2.5,5.284,2.642,,2.6,5.276,2.536538461538462,,2.2,5.284,3.002272727272727,,1.2,5.28,5.500000000000001,,1.3,5.276,5.073076923076924,,1.1,5.268,5.986363636363636,,2.0,5.28,3.3000000000000003,,2.2,5.284,3.002272727272727,,1.4,5.284,4.7178571428571425,,2.4,5.28,2.7500000000000004,,2.1,5.288,3.1476190476190475,,1.8,5.28,3.666666666666667,,2.2,5.288,3.0045454545454544,,1.3,5.276,5.073076923076924,,2.1,5.272,3.138095238095238,
05-01-2026-Fri 14-10-13-PM,2.5,5.276,2.6380000000000003,,2.6,5.284,2.5403846153846157,,2.3,5.276,2.867391304347826,,2.0,5.28,3.3000000000000003,,1.2,5.276,5.495833333333334,,1.4,5.276,4.710714285714285,,0.6,5.268,10.975,,1.5,5.284,4.403333333333333,,2.0,5.284,3.3025,,1.7,5.284,3.8852941176470592,,2.5,5.28,2.64,,1.9,5.292,3.481578947368421,,1.8,5.276,3.6638888888888888,,1.8,5.292,3.6750000000000003,,1.2,5.276,5.495833333333334,,2.0,5.272,3.295,
05-01-2026-Fri 14-10-15-PM,2.4,5.28,2.7500000000000004,,2.5,5.284,2.642,,2.4,5.272,2.7458333333333336,,2.1,5.284,3.1452380952380947,,1.0,5.28,6.6000000000000005,,1.3,5.28,5.0769230769230775,,0.9,5.268,7.316666666666666,,1.4,5.28,4.714285714285714,,2.1,5.288,3.1476190476190475,,1.4,5.284,4.7178571428571425,,2.2,5.28,3.0,,1.9,5.292,3.481578947368421,,1.9,5.28,3.4736842105263164,,2.1,5.292,3.1499999999999995,,1.2,5.276,5.495833333333334,,2.0,5.276,3.2975,
05-01-2026-Fri 14-10-16-PM,2.3,5.28,2.869565217391304,,2.6,5.284,2.5403846153846157,,2.1,5.28,3.142857142857143,,2.1,5.284,3.1452380952380947,,1.1,5.28,6.0,,1.6,5.28,4.125,,0.8,5.272,8.2375,,1.6,5.284,4.128125,,1.9,5.288,3.4789473684210526,,1.4,5.288,4.7214285714285715,,2.0,5.276,3.2975,,1.8,5.292,3.6750000000000003,,1.8,5.28,3.666666666666667,,2.1,5.292,3.1499999999999995,,1.2,5.276,5.495833333333334,,2.0,5.272,3.295,
05-01-2026-Fri 14-11-10-PM,2.4,5.28,2.7500000000000004,,2.3,5.284,2.8717391304347823,,2.5,5.276,2.6380000000000003,,2.0,5.28,3.3000000000000003,,1.5,5.28,4.4,,1.6,5.28,4.125,,1.0,5.272,6.59,,1.6,5.28,4.125,,2.1,5.288,3.1476190476190475,,1.2,5.284,5.504166666666667,,2.3,5.28,2.869565217391304,,2.0,5.292,3.3075,,1.6,5.28,4.125,,2.1,5.292,3.1499999999999995,,1.3,5.276,5.073076923076924,,2.2,5.272,2.9954545454545456,
05-01-2026-Fri 14-11-12-PM,2.4,5.28,2.7500000000000004,,2.2,5.284,3.002272727272727,,2.5,5.272,2.636,,1.8,5.284,3.6694444444444447,,1.0,5.28,6.6000000000000005,,1.1,5.28,6.0,,0.7,5.272,9.414285714285715,,1.6,5.28,4.125,,2.0,5.288,3.305,,1.3,5.284,5.080769230769231,,2.3,5.284,2.8717391304347823,,1.8,5.288,3.6722222222222225,,1.4,5.28,4.714285714285714,,1.9,5.288,3.4789473684210526,,1.2,5.272,5.491666666666667,,2.2,5.276,2.9977272727272726,
05-01-2026-Fri 14-11-13-PM,2.3,5.28,2.869565217391304,,2.1,5.28,3.142857142857143,,2.2,5.276,2.9977272727272726,,1.8,5.284,3.6694444444444447,,1.1,5.28,6.0,,1.4,5.284,4.7178571428571425,,0.6,5.268,10.975,,1.5,5.284,4.403333333333333,,1.9,5.288,3.4789473684210526,,1.5,5.284,4.403333333333333,,2.2,5.28,3.0,,2.0,5.292,3.3075,,1.7,5.276,3.8794117647058823,,1.9,5.292,3.481578947368421,,1.1,5.272,5.990909090909091,,2.2,5.276,2.9977272727272726,
05-01-2026-Fri 14-11-36-PM,2.4,5.28,2.7500000000000004,,2.3,5.284,2.8717391304347823,,2.4,5.276,2.747916666666667,,2.2,5.288,3.0045454545454544,,1.2,5.28,5.500000000000001,,1.4,5.28,4.714285714285714,,0.5,5.268,13.17,,1.6,5.28,4.125,,1.8,5.288,3.6722222222222225,,1.5,5.284,4.403333333333333,,2.0,5.28,3.3000000000000003,,1.7,5.292,3.8911764705882352,,1.7,5.28,3.882352941176471,,1.8,5.292,3.6750000000000003,,1.3,5.276,5.073076923076924,,2.1,5.276,3.14047619047619,
05-01-2026-Fri 14-11-38-PM,2.4,5.28,2.7500000000000004,,2.0,5.288,3.305,,2.2,5.276,2.9977272727272726,,1.5,5.284,4.403333333333333,,1.2,5.28,5.500000000000001,,1.5,5.28,4.4,,0.5,5.272,13.18,,1.3,5.28,5.0769230769230775,,2.1,5.284,3.1452380952380947,,1.4,5.284,4.7178571428571425,,2.0,5.28,3.3000000000000003,,1.8,5.292,3.6750000000000003,,1.6,5.284,4.128125,,1.7,5.292,3.8911764705882352,,1.0,5.276,6.595,,1.7,5.272,3.8764705882352946,
05-01-2026-Fri 14-12-08-PM,2.6,5.28,2.5384615384615388,,2.0,5.28,3.3000000000000003,,1.9,5.276,3.4710526315789476,,1.5,5.284,4.403333333333333,,1.2,5.284,5.504166666666667,,1.4,5.284,4.7178571428571425,,0.8,5.272,8.2375,,1.5,5.284,4.403333333333333,,2.0,5.292,3.3075,,1.6,5.288,4.13125,,1.9,5.284,3.476315789473684,,1.4,5.292,4.7250000000000005,,1.8,5.28,3.666666666666667,,1.8,5.292,3.6750000000000003,,1.1,5.276,5.995454545454545,,2.0,5.28,3.3000000000000003,
05-01-2026-Fri 14-12-09-PM,2.1,5.284,3.1452380952380947,,1.9,5.284,3.476315789473684,,2.0,5.28,3.3000000000000003,,1.5,5.28,4.4,,1.0,5.284,6.605,,1.4,5.284,4.7178571428571425,,0.8,5.272,8.2375,,1.4,5.284,4.7178571428571425,,1.8,5.288,3.6722222222222225,,1.2,5.288,5.508333333333334,,1.9,5.284,3.476315789473684,,1.5,5.292,4.41,,1.3,5.284,5.080769230769231,,1.9,5.292,3.481578947368421,,1.0,5.276,6.595,,2.0,5.276,3.2975,
05-01-2026-Fri 14-12-10-PM,1.9,5.28,3.4736842105263164,,2.1,5.288,3.1476190476190475,,2.2,5.276,2.9977272727272726,,1.7,5.284,3.8852941176470592,,1.0,5.28,6.6000000000000005,,1.3,5.284,5.080769230769231,,0.7,5.272,9.414285714285715,,1.1,5.284,6.004545454545454,,1.8,5.288,3.6722222222222225,,1.5,5.288,4.406666666666667,,1.9,5.284,3.476315789473684,,1.5,5.292,4.41,,1.4,5.28,4.714285714285714,,1.5,5.296,4.413333333333334,,1.0,5.276,6.595,,1.7,5.276,3.8794117647058823,
05-01-2026-Fri 14-13-30-PM,2.2,5.284,3.002272727272727,,2.1,5.288,3.1476190476190475,,2.0,5.276,3.2975,,1.7,5.284,3.8852941176470592,,0.9,5.284,7.3388888888888895,,1.3,5.284,5.080769230769231,,0.7,5.272,9.414285714285715,,1.2,5.284,5.504166666666667,,1.8,5.288,3.6722222222222225,,1.6,5.288,4.13125,,1.8,5.28,3.666666666666667,,1.6,5.292,4.1343749999999995,,1.3,5.28,5.0769230769230775,,1.7,5.292,3.8911764705882352,,0.7,5.276,9.42142857142857,,1.5,5.276,4.3966666666666665,
05-01-2026-Fri 14-13-31-PM,1.6,5.284,4.128125,,1.8,5.288,3.6722222222222225,,1.8,5.28,3.666666666666667,,1.4,5.288,4.7214285714285715,,1.1,5.284,6.004545454545454,,1.2,5.288,5.508333333333334,,0.7,5.272,9.414285714285715,,1.3,5.288,5.084615384615385,,1.8,5.292,3.6750000000000003,,1.2,5.288,5.508333333333334,,1.6,5.284,4.128125,,1.7,5.292,3.8911764705882352,,1.1,5.284,6.004545454545454,,1.6,5.296,4.1375,,0.9,5.28,7.333333333333334,,1.7,5.28,3.882352941176471,
05-01-2026-Fri 14-13-33-PM,1.9,5.284,3.476315789473684,,1.7,5.288,3.8882352941176475,,2.1,5.28,3.142857142857143,,1.6,5.288,4.13125,,0.5,5.284,13.21,,1.1,5.284,6.004545454545454,,0.8,5.276,8.243749999999999,,1.4,5.284,4.7178571428571425,,1.5,5.288,4.406666666666667,,0.9,5.284,7.3388888888888895,,1.6,5.284,4.128125,,1.3,5.292,5.088461538461539,,1.2,5.284,5.504166666666667,,1.7,5.296,3.894117647058824,,1.0,5.276,6.595,,1.8,5.276,3.6638888888888888,
05-01-2026-Fri 14-13-42-PM,1.7,5.28,3.882352941176471,,1.8,5.284,3.6694444444444447,,1.9,5.276,3.4710526315789476,,1.4,5.284,4.7178571428571425,,0.9,5.284,7.3388888888888895,,1.2,5.28,5.500000000000001,,0.7,5.272,9.414285714285715,,1.2,5.28,5.500000000000001,,1.5,5.288,4.406666666666667,,1.0,5.284,6.605,,2.0,5.28,3.3000000000000003,,1.5,5.292,4.41,,1.2,5.28,5.500000000000001,,1.7,5.292,3.8911764705882352,,1.0,5.276,6.595,,1.9,5.276,3.4710526315789476,
05-01-2026-Fri 14-13-44-PM,1.9,5.28,3.4736842105263164,,1.6,5.284,4.128125,,1.8,5.276,3.6638888888888888,,1.4,5.284,4.7178571428571425,,1.0,5.28,6.6000000000000005,,1.3,5.284,5.080769230769231,,0.6,5.268,10.975,,1.1,5.284,6.004545454545454,,1.7,5.288,3.8882352941176475,,1.0,5.288,6.61,,1.5,5.28,4.4,,1.5,5.292,4.41,,1.4,5.28,4.714285714285714,,1.4,5.292,4.7250000000000005,,0.7,5.276,9.42142857142857,,1.3,5.28,5.0769230769230775,
05-01-2026-Fri 14-13-46-PM,1.9,5.28,3.4736842105263164,,1.7,5.284,3.8852941176470592,,1.9,5.28,3.4736842105263164,,1.4,5.284,4.7178571428571425,,1.0,5.284,6.605,,1.3,5.284,5.080769230769231,,0.3,5.272,21.96666666666667,,1.1,5.284,6.004545454545454,,1.4,5.288,4.7214285714285715,,1.2,5.28,5.500000000000001,,1.8,5.28,3.666666666666667,,1.2,5.288,5.508333333333334,,1.1,5.276,5.995454545454545,,1.5,5.288,4.406666666666667,,0.9,5.272,7.322222222222223,,1.3,5.272,5.06923076923077,
05-01-2026-Fri 14-14-00-PM,1.9,5.28,3.4736842105263164,,1.9,5.284,3.476315789473684,,1.9,5.276,3.4710526315789476,,1.6,5.284,4.128125,,0.8,5.28,8.25,,1.1,5.28,6.0,,0.7,5.268,9.407142857142857,,1.4,5.28,4.714285714285714,,1.4,5.288,4.7214285714285715,,0.9,5.284,7.3388888888888895,,1.7,5.28,3.882352941176471,,1.5,5.292,4.41,,1.3,5.284,5.080769230769231,,1.5,5.288,4.406666666666667,,0.8,5.272,8.2375,,1.5,5.276,4.3966666666666665,
05-01-2026-Fri 14-14-16-PM,1.6,5.28,4.125,,1.5,5.284,4.403333333333333,,1.7,5.276,3.8794117647058823,,1.4,5.28,4.714285714285714,,0.7,5.28,9.428571428571429,,1.0,5.28,6.6000000000000005,,0.6,5.272,10.983333333333334,,1.1,5.284,6.004545454545454,,1.2,5.288,5.508333333333334,,1.2,5.288,5.508333333333334,,1.5,5.28,4.4,,1.5,5.292,4.41,,1.3,5.28,5.0769230769230775,,1.5,5.292,4.41,,1.1,5.276,5.995454545454545,,1.4,5.276,4.710714285714285,
05-01-2026-Fri 14-14-18-PM,1.8,5.28,3.666666666666667,,1.6,5.288,4.13125,,1.7,5.276,3.8794117647058823,,1.6,5.28,4.125,,1.0,5.284,6.605,,0.9,5.276,7.3277777777777775,,0.8,5.272,8.2375,,0.9,5.28,7.333333333333334,,1.4,5.288,4.7214285714285715,,0.9,5.284,7.3388888888888895,,1.4,5.28,4.714285714285714,,1.3,5.292,5.088461538461539,,1.1,5.28,6.0,,1.3,5.292,5.088461538461539,,1.2,5.272,5.491666666666667,,1.6,5.276,4.121874999999999,
05-01-2026-Fri 14-14-26-PM,1.4,5.28,4.714285714285714,,1.7,5.284,3.8852941176470592,,1.5,5.276,4.3966666666666665,,1.6,5.28,4.125,,0.9,5.276,7.3277777777777775,,0.9,5.284,7.3388888888888895,,0.7,5.268,9.407142857142857,,1.0,5.28,6.6000000000000005,,1.3,5.288,5.084615384615385,,0.8,5.284,8.25625,,1.5,5.28,4.4,,1.6,5.292,4.1343749999999995,,1.5,5.28,4.4,,1.1,5.284,6.004545454545454,,0.8,5.276,8.243749999999999,,1.3,5.276,5.073076923076924,
05-01-2026-Fri 14-14-29-PM,1.7,5.28,3.882352941176471,,1.6,5.284,4.128125,,1.6,5.276,4.121874999999999,,1.4,5.284,4.7178571428571425,,0.7,5.276,9.42142857142857,,1.1,5.276,5.995454545454545,,0.6,5.268,10.975,,1.1,5.28,6.0,,1.2,5.288,5.508333333333334,,1.0,5.28,6.6000000000000005,,1.5,5.28,4.4,,1.2,5.292,5.5125,,1.0,5.28,6.6000000000000005,,1.4,5.288,4.7214285714285715,,0.7,5.276,9.42142857142857,,1.4,5.276,4.710714285714285,
05-01-2026-Fri 14-15-00-PM,1.7,5.28,3.882352941176471,,1.5,5.284,4.403333333333333,,1.8,5.272,3.6611111111111114,,1.5,5.28,4.4,,0.5,5.276,13.19,,1.2,5.28,5.500000000000001,,0.4,5.268,16.4625,,1.2,5.28,5.500000000000001,,1.3,5.288,5.084615384615385,,1.1,5.284,6.004545454545454,,1.6,5.28,4.125,,1.4,5.292,4.7250000000000005,,1.1,5.28,6.0,,1.5,5.292,4.41,,0.8,5.272,8.2375,,1.5,5.276,4.3966666666666665,
05-01-2026-Fri 14-15-01-PM,1.4,5.28,4.714285714285714,,1.7,5.28,3.882352941176471,,1.6,5.272,4.11875,,1.2,5.28,5.500000000000001,,0.5,5.28,13.200000000000001,,1.2,5.28,5.500000000000001,,0.5,5.264,13.16,,1.0,5.28,6.6000000000000005,,1.4,5.288,4.7214285714285715,,0.9,5.284,7.3388888888888895,,1.5,5.28,4.4,,1.3,5.292,5.088461538461539,,1.0,5.276,6.595,,1.5,5.292,4.41,,0.9,5.276,7.3277777777777775,,1.5,5.276,4.3966666666666665,
05-01-2026-Fri 14-15-03-PM,1.5,5.28,4.4,,1.6,5.284,4.128125,,1.3,5.276,5.073076923076924,,1.3,5.28,5.0769230769230775,,0.8,5.28,8.25,,0.9,5.28,7.333333333333334,,0.5,5.268,13.17,,1.0,5.28,6.6000000000000005,,1.2,5.288,5.508333333333334,,1.2,5.284,5.504166666666667,,1.5,5.28,4.4,,1.1,5.288,6.009090909090909,,1.3,5.28,5.0769230769230775,,1.4,5.288,4.7214285714285715,,0.8,5.272,8.2375,,1.2,5.276,5.495833333333334,
05-01-2026-Fri 14-15-15-PM,1.5,5.28,4.4,,1.3,5.28,5.0769230769230775,,1.6,5.276,4.121874999999999,,1.4,5.284,4.7178571428571425,,0.8,5.28,8.25,,1.2,5.28,5.500000000000001,,0.3,5.272,21.96666666666667,,1.3,5.28,5.0769230769230775,,1.1,5.292,6.013636363636363,,0.7,5.288,9.442857142857143,,1.2,5.28,5.500000000000001,,1.2,5.296,5.5166666666666675,,0.9,5.284,7.3388888888888895,,1.2,5.292,5.5125,,0.6,5.276,10.991666666666667,,1.3,5.276,5.073076923076924,
05-01-2026-Fri 14-15-17-PM,1.6,5.28,4.125,,1.5,5.284,4.403333333333333,,1.1,5.28,6.0,,1.2,5.288,5.508333333333334,,0.8,5.28,8.25,,1.0,5.28,6.6000000000000005,,0.5,5.272,13.18,,0.7,5.284,9.435714285714285,,1.3,5.284,5.080769230769231,,1.0,5.288,6.61,,1.5,5.284,4.403333333333333,,1.1,5.292,6.013636363636363,,1.1,5.276,5.995454545454545,,1.1,5.292,6.013636363636363,,1.1,5.276,5.995454545454545,,1.3,5.276,5.073076923076924,
05-01-2026-Fri 14-15-18-PM,1.4,5.28,4.714285714285714,,1.3,5.288,5.084615384615385,,1.4,5.276,4.710714285714285,,1.4,5.284,4.7178571428571425,,0.7,5.284,9.435714285714285,,1.0,5.28,6.6000000000000005,,0.5,5.268,13.17,,0.9,5.284,7.3388888888888895,,1.1,5.288,6.009090909090909,,1.1,5.284,6.004545454545454,,1.5,5.28,4.4,,1.2,5.292,5.5125,,1.3,5.28,5.0769230769230775,,1.0,5.292,6.615,,1.0,5.272,6.59,,1.3,5.276,5.073076923076924,
05-01-2026-Fri 14-15-20-PM,1.5,5.28,4.4,,1.7,5.284,3.8852941176470592,,1.4,5.28,4.714285714285714,,1.3,5.28,5.0769230769230775,,0.4,5.284,16.5125,,0.8,5.28,8.25,,0.5,5.272,13.18,,1.0,5.28,6.6000000000000005,,1.1,5.288,6.009090909090909,,1.2,5.284,5.504166666666667,,1.6,5.28,4.125,,1.3,5.292,5.088461538461539,,1.0,5.28,6.6000000000000005,,1.0,5.292,6.615,,0.7,5.276,9.42142857142857,,1.3,5.276,5.073076923076924,
05-01-2026-Fri 14-16-07-PM,1.4,5.28,4.714285714285714,,1.5,5.284,4.403333333333333,,1.6,5.276,4.121874999999999,,1.4,5.28,4.714285714285714,,0.7,5.28,9.428571428571429,,0.8,5.276,8.243749999999999,,0.7,5.272,9.414285714285715,,0.9,5.284,7.3388888888888895,,1.1,5.288,6.009090909090909,,1.1,5.284,6.004545454545454,,1.2,5.28,5.500000000000001,,1.2,5.292,5.5125,,1.0,5.284,6.605,,1.2,5.292,5.5125,,0.8,5.276,8.243749999999999,,1.3,5.276,5.073076923076924,
05-01-2026-Fri 14-16-09-PM,1.5,5.28,4.4,,1.5,5.288,4.406666666666667,,1.4,5.276,4.710714285714285,,1.2,5.28,5.500000000000001,,0.9,5.28,7.333333333333334,,1.1,5.284,6.004545454545454,,0.6,5.272,10.983333333333334,,0.8,5.284,8.25625,,1.1,5.292,6.013636363636363,,0.9,5.284,7.3388888888888895,,1.4,5.28,4.714285714285714,,1.0,5.292,6.615,,1.1,5.28,6.0,,1.0,5.292,6.615,,0.7,5.276,9.42142857142857,,1.4,5.276,4.710714285714285,
05-01-2026-Fri 14-16-10-PM,1.5,5.28,4.4,,1.3,5.284,5.080769230769231,,1.4,5.276,4.710714285714285,,0.9,5.284,7.3388888888888895,,0.6,5.284,11.008333333333335,,0.9,5.284,7.3388888888888895,,0.3,5.272,21.96666666666667,,0.8,5.284,8.25625,,1.1,5.288,6.009090909090909,,0.7,5.288,9.442857142857143,,1.3,5.28,5.0769230769230775,,1.0,5.292,6.615,,1.1,5.284,6.004545454545454,,1.5,5.296,4.413333333333334,,0.8,5.272,8.2375,,1.2,5.276,5.495833333333334,
05-01-2026-Fri 14-17-21-PM,1.4,5.28,4.714285714285714,,1.1,5.284,6.004545454545454,,1.3,5.276,5.073076923076924,,1.0,5.284,6.605,,0.7,5.28,9.428571428571429,,1.0,5.28,6.6000000000000005,,0.8,5.272,8.2375,,1.0,5.28,6.6000000000000005,,1.1,5.288,6.009090909090909,,1.0,5.284,6.605,,1.2,5.28,5.500000000000001,,1.1,5.292,6.013636363636363,,1.1,5.28,6.0,,1.0,5.292,6.615,,0.7,5.276,9.42142857142857,,1.3,5.28,5.0769230769230775,
05-01-2026-Fri 14-17-22-PM,1.2,5.28,5.500000000000001,,0.9,5.288,7.344444444444445,,1.2,5.28,5.500000000000001,,1.3,5.284,5.080769230769231,,0.7,5.284,9.435714285714285,,0.9,5.284,7.3388888888888895,,0.5,5.272,13.18,,1.1,5.284,6.004545454545454,,1.1,5.288,6.009090909090909,,0.8,5.284,8.25625,,1.1,5.28,6.0,,1.0,5.292,6.615,,1.0,5.28,6.6000000000000005,,1.1,5.292,6.013636363636363,,0.9,5.276,7.3277777777777775,,1.0,5.276,6.595,
05-01-2026-Fri 14-17-24-PM,1.4,5.284,4.7178571428571425,,1.0,5.284,6.605,,1.5,5.276,4.3966666666666665,,1.2,5.284,5.504166666666667,,0.5,5.284,13.21,,0.9,5.284,7.3388888888888895,,0.3,5.272,21.96666666666667,,0.8,5.284,8.25625,,1.0,5.284,6.605,,0.6,5.288,11.016666666666667,,1.5,5.284,4.403333333333333,,0.9,5.292,7.3500000000000005,,1.0,5.28,6.6000000000000005,,1.0,5.292,6.615,,0.8,5.276,8.243749999999999,,1.1,5.276,5.995454545454545,
05-01-2026-Fri 14-17-25-PM,1.1,5.284,6.004545454545454,,1.1,5.284,6.004545454545454,,1.0,5.276,6.595,,0.9,5.28,7.333333333333334,,0.6,5.28,11.000000000000002,,0.9,5.28,7.333333333333334,,0.4,5.268,16.4625,,0.6,5.28,11.000000000000002,,0.9,5.284,7.3388888888888895,,0.8,5.288,8.2625,,1.1,5.28,6.0,,1.2,5.292,5.5125,,0.7,5.28,9.428571428571429,,1.2,5.292,5.5125,,0.8,5.276,8.243749999999999,,1.2,5.276,5.495833333333334,
05-01-2026-Fri 14-17-44-PM,1.5,5.276,4.3966666666666665,,1.3,5.288,5.084615384615385,,1.5,5.276,4.3966666666666665,,1.1,5.284,6.004545454545454,,0.4,5.28,16.5,,0.9,5.28,7.333333333333334,,0.4,5.268,16.4625,,1.0,5.28,6.6000000000000005,,1.1,5.288,6.009090909090909,,0.6,5.284,11.008333333333335,,1.3,5.28,5.0769230769230775,,1.0,5.288,6.61,,0.9,5.28,7.333333333333334,,0.9,5.292,7.3500000000000005,,0.8,5.276,8.243749999999999,,1.0,5.276,6.595,
05-01-2026-Fri 14-17-46-PM,1.2,5.28,5.500000000000001,,1.1,5.28,6.0,,1.1,5.276,5.995454545454545,,1.0,5.28,6.6000000000000005,,0.5,5.276,13.19,,0.6,5.28,11.000000000000002,,0.5,5.272,13.18,,0.7,5.28,9.428571428571429,,1.2,5.288,5.508333333333334,,0.7,5.284,9.435714285714285,,1.4,5.28,4.714285714285714,,1.1,5.288,6.009090909090909,,1.0,5.276,6.595,,1.0,5.288,6.61,,0.7,5.272,9.414285714285715,,1.3,5.276,5.073076923076924,
05-01-2026-Fri 14-17-47-PM,1.2,5.28,5.500000000000001,,1.2,5.284,5.504166666666667,,1.1,5.276,5.995454545454545,,0.9,5.28,7.333333333333334,,0.3,5.28,22.000000000000004,,0.8,5.28,8.25,,0.1,5.272,65.9,,0.7,5.28,9.428571428571429,,1.0,5.288,6.61,,0.7,5.284,9.435714285714285,,1.1,5.276,5.995454545454545,,1.0,5.292,6.615,,0.8,5.28,8.25,,0.8,5.288,8.2625,,0.5,5.276,13.19,,0.9,5.276,7.3277777777777775,
05-01-2026-Fri 14-19-17-PM,1.1,5.284,6.004545454545454,,1.2,5.288,5.508333333333334,,1.1,5.276,5.995454545454545,,1.0,5.284,6.605,,0.7,5.284,9.435714285714285,,0.6,5.284,11.008333333333335,,0.4,5.276,16.487499999999997,,0.9,5.284,7.3388888888888895,,1.0,5.288,6.61,,1.0,5.288,6.61,,1.1,5.28,6.0,,1.1,5.292,6.013636363636363,,0.8,5.284,8.25625,,0.7,5.292,9.450000000000001,,0.6,5.276,10.991666666666667,,1.2,5.28,5.500000000000001,
05-01-2026-Fri 14-19-18-PM,1.3,5.28,5.0769230769230775,,0.9,5.288,7.344444444444445,,1.4,5.28,4.714285714285714,,1.2,5.284,5.504166666666667,,0.4,5.284,16.5125,,0.8,5.284,8.25625,,0.6,5.272,10.983333333333334,,0.6,5.284,11.008333333333335,,1.0,5.288,6.61,,0.9,5.288,7.344444444444445,,1.1,5.28,6.0,,0.8,5.292,8.268749999999999,,0.7,5.28,9.428571428571429,,0.7,5.292,9.450000000000001,,0.6,5.276,10.991666666666667,,1.0,5.276,6.595,
05-01-2026-Fri 14-20-09-PM,1.2,5.284,5.504166666666667,,0.8,5.288,8.2625,,1.0,5.28,6.6000000000000005,,0.8,5.284,8.25625,,0.5,5.288,13.22,,1.0,5.284,6.605,,0.3,5.276,21.983333333333334,,0.9,5.284,7.3388888888888895,,1.0,5.292,6.615,,0.9,5.288,7.344444444444445,,1.0,5.284,6.605,,1.0,5.296,6.62,,0.8,5.284,8.25625,,0.7,5.296,9.457142857142857,,0.6,5.276,10.991666666666667,,1.2,5.28,5.500000000000001,
05-01-2026-Fri 14-20-10-PM,1.0,5.284,6.605,,1.1,5.288,6.009090909090909,,1.0,5.28,6.6000000000000005,,0.9,5.288,7.344444444444445,,0.3,5.284,22.01666666666667,,0.6,5.284,11.008333333333335,,0.3,5.276,21.983333333333334,,0.8,5.284,8.25625,,0.9,5.292,7.3500000000000005,,0.9,5.288,7.344444444444445,,1.0,5.284,6.605,,0.7,5.292,9.450000000000001,,0.5,5.284,13.21,,1.0,5.296,6.62,,0.4,5.28,16.5,,1.1,5.28,6.0,
05-01-2026-Fri 14-20-24-PM,1.0,5.284,6.605,,0.9,5.288,7.344444444444445,,1.1,5.276,5.995454545454545,,0.8,5.284,8.25625,,0.4,5.284,16.5125,,0.7,5.28,9.428571428571429,,0.4,5.272,16.475,,0.8,5.288,8.2625,,1.1,5.288,6.009090909090909,,0.9,5.288,7.344444444444445,,1.3,5.284,5.080769230769231,,1.1,5.292,6.013636363636363,,1.0,5.284,6.605,,0.8,5.292,8.268749999999999,,0.9,5.276,7.3277777777777775,,1.1,5.276,5.995454545454545,
05-01-2026-Fri 14-20-26-PM,1.1,5.284,6.004545454545454,,1.0,5.288,6.61,,1.1,5.276,5.995454545454545,,1.2,5.288,5.508333333333334,,0.3,5.28,22.000000000000004,,0.5,5.28,13.200000000000001,,0.4,5.268,16.4625,,0.5,5.284,13.21,,0.9,5.288,7.344444444444445,,0.6,5.288,11.016666666666667,,1.2,5.284,5.504166666666667,,1.0,5.296,6.62,,0.9,5.284,7.3388888888888895,,1.1,5.296,6.018181818181818,,0.7,5.28,9.428571428571429,,0.9,5.28,7.333333333333334,
05-01-2026-Fri 14-20-27-PM,1.4,5.284,4.7178571428571425,,1.0,5.288,6.61,,1.2,5.28,5.500000000000001,,0.7,5.288,9.442857142857143,,0.6,5.284,11.008333333333335,,0.6,5.284,11.008333333333335,,0.2,5.272,32.95,,0.6,5.284,11.008333333333335,,0.9,5.288,7.344444444444445,,0.5,5.288,13.22,,0.8,5.284,8.25625,,0.9,5.296,7.355555555555557,,0.9,5.28,7.333333333333334,,1.0,5.292,6.615,,0.6,5.28,11.000000000000002,,0.8,5.28,8.25,
05-01-2026-Fri 14-20-40-PM,1.2,5.284,5.504166666666667,,1.2,5.284,5.504166666666667,,0.9,5.276,7.3277777777777775,,0.7,5.284,9.435714285714285,,0.4,5.28,16.5,,0.8,5.28,8.25,,0.3,5.268,21.95,,0.9,5.284,7.3388888888888895,,0.5,5.288,13.22,,0.5,5.284,13.21,,0.7,5.284,9.435714285714285,,0.6,5.292,11.025,,0.6,5.276,10.991666666666667,,0.8,5.292,8.268749999999999,,0.8,5.276,8.243749999999999,,0.8,5.276,8.243749999999999,
05-01-2026-Fri 14-20-41-PM,1.2,5.284,5.504166666666667,,0.7,5.284,9.435714285714285,,1.2,5.276,5.495833333333334,,0.8,5.284,8.25625,,0.4,5.28,16.5,,0.7,5.28,9.428571428571429,,0.4,5.272,16.475,,0.7,5.284,9.435714285714285,,1.0,5.288,6.61,,0.9,5.288,7.344444444444445,,1.0,5.284,6.605,,0.9,5.292,7.3500000000000005,,0.8,5.284,8.25625,,0.8,5.292,8.268749999999999,,0.4,5.28,16.5,,0.7,5.28,9.428571428571429,
05-01-2026-Fri 14-20-42-PM,1.3,5.276,5.073076923076924,,0.9,5.284,7.3388888888888895,,0.9,5.276,7.3277777777777775,,0.8,5.284,8.25625,,0.5,5.28,13.200000000000001,,0.8,5.284,8.25625,,0.3,5.272,21.96666666666667,,0.6,5.28,11.000000000000002,,1.0,5.288,6.61,,0.5,5.288,13.22,,0.9,5.28,7.333333333333334,,0.6,5.292,11.025,,0.8,5.28,8.25,,0.9,5.292,7.3500000000000005,,0.3,5.276,21.983333333333334,,0.9,5.276,7.3277777777777775,
05-01-2026-Fri 14-20-44-PM,1.2,5.28,5.500000000000001,,0.8,5.284,8.25625,,0.9,5.28,7.333333333333334,,0.9,5.284,7.3388888888888895,,0.3,5.28,22.000000000000004,,0.6,5.284,11.008333333333335,,0.3,5.272,21.96666666666667,,0.6,5.284,11.008333333333335,,0.6,5.288,11.016666666666667,,0.5,5.288,13.22,,0.9,5.28,7.333333333333334,,0.8,5.292,8.268749999999999,,0.7,5.28,9.428571428571429,,0.8,5.292,8.268749999999999,,0.7,5.276,9.42142857142857,,0.9,5.28,7.333333333333334,
05-01-2026-Fri 14-21-18-PM,1.1,5.28,6.0,,1.0,5.284,6.605,,0.9,5.276,7.3277777777777775,,1.0,5.28,6.6000000000000005,,0.6,5.28,11.000000000000002,,0.8,5.284,8.25625,,0.4,5.272,16.475,,0.7,5.28,9.428571428571429,,1.0,5.284,6.605,,0.7,5.288,9.442857142857143,,1.1,5.28,6.0,,0.9,5.292,7.3500000000000005,,0.8,5.28,8.25,,0.7,5.292,9.450000000000001,,0.5,5.276,13.19,,0.9,5.276,7.3277777777777775,
05-01-2026-Fri 14-21-20-PM,1.3,5.28,5.0769230769230775,,1.0,5.284,6.605,,1.2,5.276,5.495833333333334,,0.8,5.284,8.25625,,0.5,5.284,13.21,,0.8,5.284,8.25625,,0.4,5.268,16.4625,,0.7,5.284,9.435714285714285,,1.1,5.288,6.009090909090909,,0.7,5.288,9.442857142857143,,0.8,5.284,8.25625,,0.8,5.292,8.268749999999999,,0.7,5.28,9.428571428571429,,0.7,5.292,9.450000000000001,,0.6,5.276,10.991666666666667,,0.8,5.276,8.243749999999999,
05-01-2026-Fri 14-21-21-PM,1.0,5.284,6.605,,1.0,5.288,6.61,,0.8,5.276,8.243749999999999,,0.6,5.284,11.008333333333335,,0.5,5.28,13.200000000000001,,0.6,5.284,11.008333333333335,,0.1,5.272,65.9,,0.6,5.284,11.008333333333335,,0.9,5.288,7.344444444444445,,0.5,5.288,13.22,,0.9,5.284,7.3388888888888895,,0.7,5.292,9.450000000000001,,0.8,5.284,8.25625,,0.8,5.296,8.275,,0.5,5.276,13.19,,0.8,5.276,8.243749999999999,
05-01-2026-Fri 14-21-22-PM,0.8,5.28,8.25,,0.8,5.288,8.2625,,1.0,5.276,6.595,,0.8,5.284,8.25625,,0.5,5.284,13.21,,0.4,5.28,16.5,,0.3,5.272,21.96666666666667,,0.7,5.284,9.435714285714285,,0.8,5.288,8.2625,,0.7,5.284,9.435714285714285,,0.9,5.28,7.333333333333334,,0.8,5.292,8.268749999999999,,0.5,5.284,13.21,,0.8,5.288,8.2625,,0.3,5.272,21.96666666666667,,0.9,5.276,7.3277777777777775,
05-01-2026-Fri 14-21-24-PM,1.0,5.28,6.6000000000000005,,0.9,5.284,7.3388888888888895,,0.9,5.276,7.3277777777777775,,0.7,5.28,9.428571428571429,,0.2,5.28,33.0,,0.5,5.28,13.200000000000001,,0.3,5.272,21.96666666666667,,0.6,5.28,11.000000000000002,,0.9,5.288,7.344444444444445,,0.7,5.284,9.435714285714285,,0.7,5.28,9.428571428571429,,0.8,5.292,8.268749999999999,,0.7,5.284,9.435714285714285,,0.9,5.292,7.3500000000000005,,0.5,5.272,13.18,,0.8,5.276,8.243749999999999,
05-01-2026-Fri 14-22-39-PM,1.1,5.28,6.0,,0.9,5.284,7.3388888888888895,,1.1,5.276,5.995454545454545,,0.7,5.284,9.435714285714285,,0.5,5.284,13.21,,0.8,5.28,8.25,,0.3,5.272,21.96666666666667,,0.8,5.284,8.25625,,0.8,5.288,8.2625,,0.6,5.288,11.016666666666667,,1.0,5.284,6.605,,0.9,5.292,7.3500000000000005,,0.9,5.28,7.333333333333334,,0.6,5.292,11.025,,0.4,5.276,16.487499999999997,,0.8,5.28,8.25,
05-01-2026-Fri 14-22-40-PM,0.9,5.28,7.333333333333334,,0.8,5.284,8.25625,,0.9,5.276,7.3277777777777775,,0.7,5.284,9.435714285714285,,0.5,5.28,13.200000000000001,,0.7,5.284,9.435714285714285,,0.4,5.272,16.475,,0.6,5.284,11.008333333333335,,0.8,5.284,8.25625,,0.4,5.284,16.5125,,0.9,5.284,7.3388888888888895,,0.5,5.292,13.23,,0.8,5.284,8.25625,,0.8,5.292,8.268749999999999,,0.4,5.276,16.487499999999997,,0.8,5.276,8.243749999999999,
05-01-2026-Fri 14-22-42-PM,0.9,5.28,7.333333333333334,,0.7,5.284,9.435714285714285,,0.9,5.276,7.3277777777777775,,0.8,5.284,8.25625,,0.3,5.28,22.000000000000004,,0.6,5.28,11.000000000000002,,0.1,5.272,65.9,,0.8,5.284,8.25625,,0.8,5.292,8.268749999999999,,0.3,5.284,22.01666666666667,,0.7,5.28,9.428571428571429,,0.5,5.292,13.23,,0.8,5.284,8.25625,,0.7,5.292,9.450000000000001,,0.7,5.276,9.42142857142857,,0.6,5.276,10.991666666666667,
05-01-2026-Fri 14-22-43-PM,1.0,5.276,6.595,,0.8,5.284,8.25625,,0.9,5.276,7.3277777777777775,,0.8,5.284,8.25625,,0.5,5.28,13.200000000000001,,0.6,5.28,11.000000000000002,,0.1,5.272,65.9,,0.7,5.284,9.435714285714285,,0.4,5.288,16.525,,0.3,5.284,22.01666666666667,,0.9,5.28,7.333333333333334,,0.3,5.292,22.05,,0.4,5.28,16.5,,0.7,5.292,9.450000000000001,,0.5,5.276,13.19,,0.9,5.276,7.3277777777777775,
05-01-2026-Fri 14-25-06-PM,1.1,5.28,6.0,,0.6,5.288,11.016666666666667,,0.7,5.276,9.42142857142857,,0.5,5.284,13.21,,0.5,5.28,13.200000000000001,,0.4,5.284,16.5125,,0.6,5.268,10.975,,0.7,5.284,9.435714285714285,,0.7,5.288,9.442857142857143,,0.5,5.288,13.22,,0.7,5.284,9.435714285714285,,0.5,5.292,13.23,,0.3,5.28,22.000000000000004,,0.8,5.292,8.268749999999999,,0.6,5.272,10.983333333333334,,0.4,5.276,16.487499999999997,
05-01-2026-Fri 14-25-07-PM,0.7,5.28,9.428571428571429,,0.8,5.288,8.2625,,0.8,5.276,8.243749999999999,,0.7,5.28,9.428571428571429,,0.2,5.28,33.0,,0.6,5.28,11.000000000000002,,0.3,5.272,21.96666666666667,,0.6,5.28,11.000000000000002,,0.5,5.288,13.22,,0.6,5.284,11.008333333333335,,0.7,5.284,9.435714285714285,,0.4,5.292,16.537499999999998,,0.7,5.28,9.428571428571429,,0.6,5.292,11.025,,0.4,5.276,16.487499999999997,,0.5,5.28,13.200000000000001,
05-01-2026-Fri 14-25-08-PM,0.9,5.276,7.3277777777777775,,0.9,5.284,7.3388888888888895,,0.7,5.276,9.42142857142857,,0.6,5.284,11.008333333333335,,0.2,5.284,33.025,,0.5,5.28,13.200000000000001,,0.2,5.268,32.925,,0.5,5.284,13.21,,0.5,5.288,13.22,,0.2,5.284,33.025,,0.7,5.284,9.435714285714285,,0.5,5.288,13.22,,0.7,5.28,9.428571428571429,,0.6,5.288,11.016666666666667,,0.5,5.276,13.19,,0.6,5.28,11.000000000000002,
05-01-2026-Fri 14-25-10-PM,0.7,5.284,9.435714285714285,,0.4,5.288,16.525,,0.6,5.276,10.991666666666667,,0.5,5.284,13.21,,0.3,5.28,22.000000000000004,,0.7,5.28,9.428571428571429,,0.4,5.268,16.4625,,0.6,5.284,11.008333333333335,,0.6,5.288,11.016666666666667,,0.6,5.288,11.016666666666667,,0.5,5.28,13.200000000000001,,0.6,5.292,11.025,,0.5,5.28,13.200000000000001,,0.6,5.292,11.025,,0.4,5.276,16.487499999999997,,0.6,5.276,10.991666666666667,
05-01-2026-Fri 14-25-11-PM,0.7,5.28,9.428571428571429,,0.9,5.284,7.3388888888888895,,0.4,5.28,16.5,,0.6,5.284,11.008333333333335,,0.4,5.284,16.5125,,0.7,5.28,9.428571428571429,,0.1,5.272,65.9,,0.6,5.28,11.000000000000002,,0.8,5.288,8.2625,,0.4,5.288,16.525,,0.6,5.284,11.008333333333335,,0.8,5.296,8.275,,0.5,5.284,13.21,,0.5,5.292,13.23,,0.5,5.272,13.18,,0.6,5.276,10.991666666666667,
05-01-2026-Fri 14-25-12-PM,0.8,5.28,8.25,,0.6,5.288,11.016666666666667,,0.9,5.28,7.333333333333334,,0.6,5.288,11.016666666666667,,0.2,5.28,33.0,,0.6,5.28,11.000000000000002,,0.2,5.272,32.95,,0.6,5.284,11.008333333333335,,0.8,5.292,8.268749999999999,,0.4,5.288,16.525,,0.6,5.28,11.000000000000002,,0.4,5.292,16.537499999999998,,0.3,5.284,22.01666666666667,,0.4,5.292,16.537499999999998,,0.6,5.276,10.991666666666667,,0.6,5.28,11.000000000000002,
05-01-2026-Fri 14-25-28-PM,0.7,5.284,9.435714285714285,,0.7,5.284,9.435714285714285,,0.6,5.276,10.991666666666667,,0.5,5.284,13.21,,0.4,5.284,16.5125,,0.5,5.28,13.200000000000001,,0.3,5.272,21.96666666666667,,0.4,5.284,16.5125,,0.6,5.288,11.016666666666667,,0.4,5.288,16.525,,0.7,5.284,9.435714285714285,,0.1,5.292,66.14999999999999,,0.6,5.28,11.000000000000002,,0.7,5.292,9.450000000000001,,0.3,5.276,21.983333333333334,,0.6,5.276,10.991666666666667,
05-01-2026-Fri 14-25-29-PM,0.7,5.284,9.435714285714285,,0.3,5.288,22.033333333333335,,0.5,5.28,13.200000000000001,,0.6,5.284,11.008333333333335,,0.3,5.284,22.01666666666667,,0.4,5.284,16.5125,,0.2,5.272,32.95,,0.5,5.288,13.22,,0.7,5.288,9.442857142857143,,0.6,5.288,11.016666666666667,,0.4,5.284,16.5125,,0.5,5.296,13.24,,0.6,5.284,11.008333333333335,,0.7,5.292,9.450000000000001,,0.6,5.276,10.991666666666667,,0.6,5.276,10.991666666666667,
05-01-2026-Fri 14-25-30-PM,0.6,5.284,11.008333333333335,,0.6,5.284,11.008333333333335,,0.8,5.276,8.243749999999999,,0.5,5.284,13.21,,0.1,5.284,66.05,,0.5,5.284,13.21,,0.5,5.272,13.18,,0.4,5.284,16.5125,,0.4,5.292,16.537499999999998,,0.4,5.292,16.537499999999998,,0.7,5.28,9.428571428571429,,0.3,5.296,22.06666666666667,,0.5,5.284,13.21,,0.7,5.296,9.457142857142857,,0.4,5.276,16.487499999999997,,0.4,5.276,16.487499999999997,
05-01-2026-Fri 14-25-32-PM,0.5,5.284,13.21,,0.6,5.288,11.016666666666667,,0.4,5.276,16.487499999999997,,0.7,5.288,9.442857142857143,,0.2,5.28,33.0,,0.4,5.284,16.5125,,0.2,5.272,32.95,,0.6,5.284,11.008333333333335,,0.6,5.292,11.025,,0.3,5.284,22.01666666666667,,0.3,5.284,22.01666666666667,,0.4,5.292,16.537499999999998,,0.7,5.28,9.428571428571429,,0.7,5.292,9.450000000000001,,0.4,5.28,16.5,,0.5,5.28,13.200000000000001,
05-01-2026-Fri 14-26-10-PM,0.8,5.284,8.25625,,0.4,5.288,16.525,,0.8,5.276,8.243749999999999,,0.5,5.284,13.21,,0.1,5.284,66.05,,0.3,5.28,22.000000000000004,,0.5,5.272,13.18,,0.6,5.284,11.008333333333335,,0.6,5.284,11.008333333333335,,0.4,5.288,16.525,,0.7,5.284,9.435714285714285,,0.1,5.292,66.14999999999999,,0.6,5.28,11.000000000000002,,0.4,5.292,16.537499999999998,,0.4,5.276,16.487499999999997,,0.4,5.276,16.487499999999997,
05-01-2026-Fri 14-28-08-PM,0.6,5.28,11.000000000000002,,0.5,5.284,13.21,,0.4,5.28,16.5,,0.7,5.28,9.428571428571429,,0.2,5.276,32.974999999999994,,0.4,5.28,16.5,,0.2,5.272,32.95,,0.3,5.284,22.01666666666667,,0.5,5.288,13.22,,0.4,5.28,16.5,,0.6,5.28,11.000000000000002,,0.5,5.288,13.22,,0.5,5.28,13.200000000000001,,0.6,5.288,11.016666666666667,,0.4,5.276,16.487499999999997,,0.5,5.272,13.18,
05-01-2026-Fri 14-28-09-PM,0.8,5.276,8.243749999999999,,0.7,5.28,9.428571428571429,,0.7,5.276,9.42142857142857,,0.3,5.284,22.01666666666667,,0.1,5.28,66.0,,0.5,5.28,13.200000000000001,,0.3,5.268,21.95,,0.5,5.284,13.21,,0.5,5.288,13.22,,0.5,5.284,13.21,,0.6,5.28,11.000000000000002,,0.6,5.292,11.025,,0.2,5.28,33.0,,0.5,5.288,13.22,,0.2,5.276,32.974999999999994,,0.7,5.276,9.42142857142857,
05-01-2026-Fri 14-28-11-PM,0.8,5.28,8.25,,0.5,5.288,13.22,,0.6,5.276,10.991666666666667,,0.5,5.284,13.21,,0.3,5.28,22.000000000000004,,0.5,5.284,13.21,,-0.2,5.272,-32.95,,0.3,5.276,21.983333333333334,,0.3,5.288,22.033333333333335,,0.2,5.288,33.05,,0.6,5.28,11.000000000000002,,0.6,5.288,11.016666666666667,,0.3,5.28,22.000000000000004,,0.6,5.288,11.016666666666667,,0.4,5.276,16.487499999999997,,0.5,5.272,13.18,
05-01-2026-Fri 14-28-12-PM,0.4,5.28,16.5,,0.3,5.284,22.01666666666667,,0.7,5.276,9.42142857142857,,0.6,5.28,11.000000000000002,,0.3,5.28,22.000000000000004,,0.6,5.28,11.000000000000002,,0.2,5.268,32.925,,0.3,5.284,22.01666666666667,,0.4,5.288,16.525,,0.4,5.284,16.5125,,0.4,5.28,16.5,,0.4,5.292,16.537499999999998,,0.4,5.28,16.5,,0.3,5.288,22.033333333333335,,0.2,5.272,32.95,,0.7,5.276,9.42142857142857,
05-01-2026-Fri 14-28-30-PM,0.9,5.28,7.333333333333334,,0.4,5.284,16.5125,,0.5,5.276,13.19,,0.4,5.28,16.5,,0.1,5.276,65.94999999999999,,0.5,5.28,13.200000000000001,,0.4,5.268,16.4625,,0.1,5.28,66.0,,0.4,5.288,16.525,,0.3,5.284,22.01666666666667,,0.4,5.28,16.5,,0.4,5.292,16.537499999999998,,0.2,5.28,33.0,,0.4,5.292,16.537499999999998,,0.5,5.276,13.19,,0.6,5.276,10.991666666666667,
05-01-2026-Fri 14-28-32-PM,0.4,5.276,16.487499999999997,,0.2,5.284,33.025,,0.5,5.276,13.19,,0.4,5.28,16.5,,0.1,5.28,66.0,,0.4,5.284,16.5125,,0.0,5.272,inf,,0.2,5.28,33.0,,0.6,5.288,11.016666666666667,,0.5,5.284,13.21,,0.5,5.28,13.200000000000001,,0.1,5.288,66.1,,0.7,5.28,9.428571428571429,,0.5,5.292,13.23,,0.3,5.276,21.983333333333334,,0.4,5.28,16.5,
05-01-2026-Fri 14-29-29-PM,0.7,5.28,9.428571428571429,,0.3,5.284,22.01666666666667,,0.7,5.276,9.42142857142857,,0.6,5.284,11.008333333333335,,0.2,5.28,33.0,,0.3,5.28,22.000000000000004,,0.4,5.272,16.475,,0.5,5.28,13.200000000000001,,0.3,5.288,22.033333333333335,,0.3,5.288,22.033333333333335,,0.5,5.284,13.21,,0.3,5.292,22.05,,0.7,5.28,9.428571428571429,,0.5,5.292,13.23,,0.2,5.276,32.974999999999994,,0.3,5.28,22.000000000000004,
05-01-2026-Fri 14-29-30-PM,0.5,5.28,13.200000000000001,,0.3,5.284,22.01666666666667,,0.4,5.276,16.487499999999997,,0.3,5.284,22.01666666666667,,0.2,5.28,33.0,,0.6,5.28,11.000000000000002,,0.0,5.268,inf,,0.5,5.284,13.21,,0.4,5.288,16.525,,0.0,5.284,inf,,0.5,5.28,13.200000000000001,,0.3,5.288,22.033333333333335,,0.6,5.28,11.000000000000002,,0.4,5.292,16.537499999999998,,0.3,5.276,21.983333333333334,,0.5,5.28,13.200000000000001,
05-01-2026-Fri 14-29-31-PM,0.8,5.276,8.243749999999999,,0.4,5.28,16.5,,0.7,5.276,9.42142857142857,,0.7,5.28,9.428571428571429,,0.4,5.28,16.5,,0.4,5.276,16.487499999999997,,-0.1,5.272,-65.9,,0.3,5.28,22.000000000000004,,0.4,5.288,16.525,,0.6,5.284,11.008333333333335,,0.2,5.28,33.0,,0.5,5.288,13.22,,0.2,5.28,33.0,,0.5,5.288,13.22,,0.1,5.268,65.85,,0.4,5.272,16.475,
05-01-2026-Fri 14-29-33-PM,0.7,5.276,9.42142857142857,,0.3,5.28,22.000000000000004,,0.1,5.272,65.9,,0.0,5.28,inf,,0.1,5.276,65.94999999999999,,0.6,5.276,10.991666666666667,,0.2,5.268,32.925,,0.5,5.276,13.19,,0.5,5.284,13.21,,0.2,5.28,33.0,,0.3,5.276,21.983333333333334,,0.3,5.284,22.01666666666667,,0.5,5.28,13.200000000000001,,0.5,5.288,13.22,,0.4,5.272,16.475,,0.4,5.272,16.475,
05-01-2026-Fri 14-30-22-PM,0.5,5.284,13.21,,0.6,5.284,11.008333333333335,,0.2,5.276,32.974999999999994,,0.4,5.28,16.5,,0.1,5.276,65.94999999999999,,0.4,5.28,16.5,,0.5,5.268,13.17,,0.2,5.28,33.0,,0.2,5.284,33.025,,0.3,5.288,22.033333333333335,,0.2,5.28,33.0,,0.1,5.288,66.1,,0.4,5.28,16.5,,0.5,5.292,13.23,,0.3,5.276,21.983333333333334,,0.4,5.272,16.475,
05-01-2026-Fri 14-30-23-PM,0.3,5.276,21.983333333333334,,0.1,5.284,66.05,,0.3,5.276,21.983333333333334,,0.5,5.28,13.200000000000001,,0.4,5.276,16.487499999999997,,0.4,5.276,16.487499999999997,,0.2,5.268,32.925,,0.2,5.28,33.0,,0.4,5.288,16.525,,0.2,5.284,33.025,,0.2,5.284,33.025,,0.4,5.288,16.525,,0.5,5.28,13.200000000000001,,0.1,5.288,66.1,,0.3,5.276,21.983333333333334,,0.2,5.272,32.95,
05-01-2026-Fri 14-30-25-PM,0.5,5.284,13.21,,0.2,5.28,33.0,,0.7,5.276,9.42142857142857,,0.4,5.28,16.5,,0.0,5.28,inf,,0.5,5.28,13.200000000000001,,0.1,5.264,65.8,,0.4,5.28,16.5,,0.2,5.284,33.025,,0.3,5.28,22.000000000000004,,0.7,5.28,9.428571428571429,,0.1,5.288,66.1,,0.6,5.28,11.000000000000002,,0.2,5.288,33.05,,0.4,5.272,16.475,,0.5,5.276,13.19,
05-01-2026-Fri 14-30-26-PM,0.5,5.28,13.200000000000001,,-0.1,5.28,-66.0,,0.5,5.272,13.18,,0.5,5.28,13.200000000000001,,0.2,5.28,33.0,,0.2,5.28,33.0,,0.2,5.268,32.925,,0.5,5.28,13.200000000000001,,0.2,5.288,33.05,,0.5,5.288,13.22,,0.3,5.276,21.983333333333334,,0.0,5.288,inf,,0.2,5.28,33.0,,0.4,5.288,16.525,,0.3,5.276,21.983333333333334,,0.4,5.272,16.475,
05-01-2026-Fri 14-30-27-PM,0.5,5.28,13.200000000000001,,0.4,5.284,16.5125,,0.3,5.276,21.983333333333334,,0.3,5.28,22.000000000000004,,0.3,5.28,22.000000000000004,,0.6,5.276,10.991666666666667,,0.2,5.268,32.925,,0.4,5.28,16.5,,0.3,5.288,22.033333333333335,,0.3,5.284,22.01666666666667,,0.3,5.28,22.000000000000004,,0.3,5.292,22.05,,0.6,5.28,11.000000000000002,,0.4,5.288,16.525,,0.5,5.272,13.18,,0.3,5.276,21.983333333333334,
05-01-2026-Fri 14-30-29-PM,0.6,5.276,10.991666666666667,,0.3,5.284,22.01666666666667,,0.2,5.28,33.0,,0.7,5.28,9.428571428571429,,0.1,5.28,66.0,,0.1,5.276,65.94999999999999,,0.2,5.268,32.925,,0.4,5.28,16.5,,0.2,5.28,33.0,,0.2,5.288,33.05,,0.3,5.284,22.01666666666667,,0.1,5.292,66.14999999999999,,0.2,5.28,33.0,,0.3,5.292,22.05,,0.2,5.272,32.95,,0.4,5.272,16.475,
05-01-2026-Fri 14-30-30-PM,0.4,5.28,16.5,,0.1,5.284,66.05,,0.5,5.276,13.19,,0.4,5.284,16.5125,,0.2,5.28,33.0,,0.2,5.28,33.0,,0.1,5.268,65.85,,0.6,5.28,11.000000000000002,,0.1,5.288,66.1,,0.2,5.284,33.025,,0.4,5.28,16.5,,0.4,5.288,16.525,,0.2,5.276,32.974999999999994,,0.2,5.288,33.05,,0.5,5.276,13.19,,0.4,5.276,16.487499999999997,
05-01-2026-Fri 14-32-08-PM,0.4,5.28,16.5,,0.1,5.284,66.05,,0.4,5.276,16.487499999999997,,0.3,5.284,22.01666666666667,,0.3,5.28,22.000000000000004,,0.4,5.28,16.5,,0.2,5.268,32.925,,0.6,5.28,11.000000000000002,,0.2,5.284,33.025,,0.3,5.284,22.01666666666667,,0.3,5.28,22.000000000000004,,0.4,5.288,16.525,,0.5,5.276,13.19,,0.3,5.292,22.05,,0.3,5.272,21.96666666666667,,0.6,5.272,10.983333333333334,
05-01-2026-Fri 14-32-11-PM,0.6,5.28,11.000000000000002,,0.2,5.284,33.025,,0.3,5.276,21.983333333333334,,0.4,5.28,16.5,,0.1,5.28,66.0,,0.6,5.28,11.000000000000002,,0.3,5.268,21.95,,0.2,5.28,33.0,,0.3,5.284,22.01666666666667,,0.1,5.288,66.1,,0.5,5.28,13.200000000000001,,0.0,5.292,inf,,0.2,5.28,33.0,,0.5,5.288,13.22,,0.2,5.272,32.95,,0.4,5.276,16.487499999999997,
05-01-2026-Fri 14-32-12-PM,0.4,5.28,16.5,,0.2,5.284,33.025,,0.2,5.276,32.974999999999994,,0.4,5.28,16.5,,0.0,5.28,inf,,0.2,5.276,32.974999999999994,,0.0,5.268,inf,,0.4,5.28,16.5,,0.4,5.284,16.5125,,0.3,5.28,22.000000000000004,,0.0,5.28,inf,,0.1,5.292,66.14999999999999,,-0.2,5.28,-33.0,,0.4,5.288,16.525,,0.4,5.272,16.475,,0.5,5.272,13.18,
05-01-2026-Fri 14-32-44-PM,0.5,5.276,13.19,,0.2,5.284,33.025,,0.3,5.272,21.96666666666667,,0.3,5.28,22.000000000000004,,0.2,5.28,33.0,,0.3,5.28,22.000000000000004,,0.2,5.272,32.95,,0.4,5.28,16.5,,0.2,5.284,33.025,,0.4,5.284,16.5125,,0.3,5.284,22.01666666666667,,0.2,5.288,33.05,,0.0,5.28,inf,,0.5,5.288,13.22,,0.2,5.276,32.974999999999994,,0.3,5.276,21.983333333333334,
05-01-2026-Fri 14-32-46-PM,0.3,5.28,22.000000000000004,,0.2,5.284,33.025,,0.3,5.276,21.983333333333334,,0.4,5.28,16.5,,0.4,5.28,16.5,,0.3,5.276,21.983333333333334,,0.1,5.268,65.85,,0.2,5.28,33.0,,0.1,5.284,66.05,,0.1,5.284,66.05,,0.2,5.28,33.0,,0.4,5.288,16.525,,0.2,5.28,33.0,,0.6,5.292,11.025,,0.3,5.272,21.96666666666667,,0.4,5.276,16.487499999999997,
05-01-2026-Fri 14-32-47-PM,0.2,5.28,33.0,,0.6,5.28,11.000000000000002,,0.4,5.276,16.487499999999997,,0.5,5.284,13.21,,0.2,5.276,32.974999999999994,,0.4,5.276,16.487499999999997,,-0.1,5.268,-65.85,,0.2,5.284,33.025,,0.2,5.284,33.025,,0.3,5.28,22.000000000000004,,0.2,5.28,33.0,,0.5,5.292,13.23,,0.6,5.276,10.991666666666667,,0.4,5.288,16.525,,0.4,5.272,16.475,,0.1,5.276,65.94999999999999,
05-01-2026-Fri 14-32-49-PM,0.5,5.28,13.200000000000001,,-0.1,5.284,-66.05,,0.2,5.272,32.95,,0.2,5.284,33.025,,0.0,5.28,inf,,0.5,5.276,13.19,,0.0,5.268,inf,,0.1,5.28,66.0,,0.3,5.288,22.033333333333335,,0.5,5.284,13.21,,0.3,5.28,22.000000000000004,,0.3,5.292,22.05,,0.4,5.28,16.5,,0.3,5.288,22.033333333333335,,0.2,5.276,32.974999999999994,,0.3,5.272,21.96666666666667,
05-01-2026-Fri 14-33-47-PM,0.4,5.28,16.5,,0.1,5.284,66.05,,0.5,5.272,13.18,,0.4,5.28,16.5,,0.1,5.28,66.0,,0.1,5.276,65.94999999999999,,0.2,5.268,32.925,,0.3,5.28,22.000000000000004,,0.5,5.284,13.21,,0.2,5.28,33.0,,0.2,5.276,32.974999999999994,,0.1,5.288,66.1,,0.1,5.28,66.0,,0.4,5.288,16.525,,0.2,5.276,32.974999999999994,,0.5,5.276,13.19,
05-01-2026-Fri 14-33-48-PM,0.4,5.28,16.5,,0.3,5.28,22.000000000000004,,0.5,5.276,13.19,,0.3,5.28,22.000000000000004,,-0.2,5.28,-33.0,,0.4,5.28,16.5,,0.0,5.268,inf,,0.1,5.276,65.94999999999999,,0.1,5.288,66.1,,0.2,5.28,33.0,,0.3,5.276,21.983333333333334,,0.3,5.288,22.033333333333335,,0.1,5.28,66.0,,0.5,5.288,13.22,,0.1,5.272,65.9,,0.4,5.272,16.475,
05-01-2026-Fri 14-35-25-PM,0.4,5.28,16.5,,0.2,5.28,33.0,,0.6,5.276,10.991666666666667,,0.3,5.28,22.000000000000004,,0.4,5.276,16.487499999999997,,0.2,5.28,33.0,,0.1,5.268,65.85,,0.5,5.28,13.200000000000001,,0.3,5.284,22.01666666666667,,0.2,5.28,33.0,,0.3,5.276,21.983333333333334,,0.3,5.292,22.05,,0.1,5.276,65.94999999999999,,0.5,5.288,13.22,,0.2,5.272,32.95,,0.5,5.272,13.18,
05-01-2026-Fri 14-35-26-PM,0.3,5.28,22.000000000000004,,-0.2,5.28,-33.0,,0.2,5.276,32.974999999999994,,0.1,5.28,66.0,,0.0,5.28,inf,,0.3,5.276,21.983333333333334,,0.1,5.268,65.85,,0.4,5.28,16.5,,0.2,5.284,33.025,,0.4,5.284,16.5125,,0.2,5.276,32.974999999999994,,0.1,5.288,66.1,,0.3,5.28,22.000000000000004,,0.3,5.288,22.033333333333335,,0.3,5.272,21.96666666666667,,0.3,5.276,21.983333333333334,
05-01-2026-Fri 14-35-28-PM,0.3,5.284,22.01666666666667,,-0.1,5.284,-66.05,,0.4,5.276,16.487499999999997,,0.1,5.28,66.0,,0.2,5.28,33.0,,0.2,5.28,33.0,,0.0,5.268,inf,,0.4,5.284,16.5125,,0.3,5.288,22.033333333333335,,0.3,5.284,22.01666666666667,,0.2,5.28,33.0,,0.1,5.288,66.1,,0.3,5.28,22.000000000000004,,0.2,5.292,33.074999999999996,,0.0,5.276,inf,,0.1,5.276,65.94999999999999,
05-01-2026-Fri 14-35-29-PM,0.3,5.276,21.983333333333334,,0.1,5.284,66.05,,0.3,5.272,21.96666666666667,,0.3,5.28,22.000000000000004,,-0.2,5.28,-33.0,,0.5,5.28,13.200000000000001,,0.2,5.268,32.925,,0.3,5.28,22.000000000000004,,0.1,5.288,66.1,,0.1,5.288,66.1,,0.2,5.28,33.0,,0.6,5.288,11.016666666666667,,0.4,5.28,16.5,,0.3,5.292,22.05,,0.1,5.272,65.9,,0.2,5.276,32.974999999999994,
05-01-2026-Fri 14-35-30-PM,0.4,5.284,16.5125,,0.1,5.284,66.05,,0.5,5.276,13.19,,0.3,5.28,22.000000000000004,,-0.1,5.28,-66.0,,0.2,5.28,33.0,,-0.1,5.268,-65.85,,0.5,5.28,13.200000000000001,,0.1,5.288,66.1,,0.4,5.288,16.525,,0.6,5.28,11.000000000000002,,0.2,5.296,33.1,,0.1,5.28,66.0,,0.3,5.292,22.05,,0.1,5.276,65.94999999999999,,0.4,5.276,16.487499999999997,
05-01-2026-Fri 14-36-41-PM,0.5,5.28,13.200000000000001,,0.2,5.284,33.025,,0.1,5.276,65.94999999999999,,0.3,5.28,22.000000000000004,,0.0,5.28,inf,,0.4,5.28,16.5,,0.1,5.268,65.85,,0.2,5.28,33.0,,0.2,5.288,33.05,,0.3,5.28,22.000000000000004,,0.4,5.28,16.5,,0.1,5.288,66.1,,0.0,5.28,inf,,0.3,5.292,22.05,,0.5,5.276,13.19,,0.2,5.272,32.95,
05-01-2026-Fri 14-36-42-PM,0.1,5.28,66.0,,0.2,5.284,33.025,,0.2,5.276,32.974999999999994,,-0.1,5.284,-66.05,,0.0,5.28,inf,,0.5,5.28,13.200000000000001,,0.1,5.268,65.85,,0.3,5.28,22.000000000000004,,0.1,5.288,66.1,,0.5,5.288,13.22,,0.2,5.28,33.0,,0.1,5.292,66.14999999999999,,0.0,5.28,inf,,0.2,5.288,33.05,,0.1,5.276,65.94999999999999,,0.3,5.276,21.983333333333334,
05-01-2026-Fri 14-36-44-PM,0.4,5.28,16.5,,0.3,5.284,22.01666666666667,,0.3,5.276,21.983333333333334,,0.4,5.28,16.5,,-0.1,5.276,-65.94999999999999,,0.1,5.28,66.0,,0.1,5.268,65.85,,0.3,5.28,22.000000000000004,,0.3,5.288,22.033333333333335,,0.0,5.284,inf,,0.2,5.28,33.0,,0.4,5.292,16.537499999999998,,0.3,5.28,22.000000000000004,,0.4,5.288,16.525,,0.1,5.276,65.94999999999999,,0.2,5.272,32.95,
05-01-2026-Fri 14-36-45-PM,0.4,5.276,16.487499999999997,,0.2,5.284,33.025,,0.4,5.276,16.487499999999997,,0.1,5.28,66.0,,0.1,5.28,66.0,,0.3,5.28,22.000000000000004,,0.3,5.272,21.96666666666667,,0.2,5.28,33.0,,0.2,5.288,33.05,,0.1,5.284,66.05,,0.0,5.28,inf,,0.1,5.292,66.14999999999999,,0.3,5.28,22.000000000000004,,0.4,5.292,16.537499999999998,,0.3,5.276,21.983333333333334,,0.0,5.276,inf,
05-01-2026-Fri 14-39-07-PM,0.4,5.276,16.487499999999997,,0.2,5.28,33.0,,0.4,5.276,16.487499999999997,,0.2,5.28,33.0,,-0.1,5.276,-65.94999999999999,,0.2,5.276,32.974999999999994,,0.1,5.268,65.85,,0.5,5.28,13.200000000000001,,0.3,5.284,22.01666666666667,,0.1,5.28,66.0,,0.0,5.28,inf,,0.1,5.288,66.1,,-0.1,5.276,-65.94999999999999,,0.1,5.288,66.1,,0.3,5.272,21.96666666666667,,0.3,5.276,21.983333333333334,
05-01-2026-Fri 14-39-08-PM,0.5,5.276,13.19,,0.1,5.28,66.0,,0.4,5.276,16.487499999999997,,0.3,5.28,22.000000000000004,,0.0,5.276,inf,,0.1,5.276,65.94999999999999,,0.0,5.268,inf,,0.4,5.28,16.5,,0.1,5.288,66.1,,0.2,5.28,33.0,,0.2,5.276,32.974999999999994,,0.3,5.288,22.033333333333335,,0.3,5.28,22.000000000000004,,0.2,5.288,33.05,,0.1,5.276,65.94999999999999,,0.1,5.276,65.94999999999999,
05-01-2026-Fri 14-39-09-PM,0.5,5.28,13.200000000000001,,0.1,5.284,66.05,,0.3,5.272,21.96666666666667,,0.2,5.28,33.0,,0.1,5.276,65.94999999999999,,0.4,5.276,16.487499999999997,,-0.1,5.268,-65.85,,0.4,5.28,16.5,,0.2,5.288,33.05,,0.2,5.284,33.025,,0.1,5.28,66.0,,0.0,5.288,inf,,0.3,5.276,21.983333333333334,,0.5,5.288,13.22,,0.1,5.268,65.85,,0.1,5.272,65.9,
05-01-2026-Fri 14-39-56-PM,0.2,5.28,33.0,,0.0,5.288,inf,,0.2,5.276,32.974999999999994,,0.3,5.284,22.01666666666667,,0.1,5.284,66.05,,0.2,5.28,33.0,,0.0,5.268,inf,,0.2,5.28,33.0,,0.1,5.288,66.1,,0.4,5.284,16.5125,,0.4,5.28,16.5,,-0.1,5.292,-66.14999999999999,,0.1,5.28,66.0,,0.1,5.292,66.14999999999999,,0.1,5.276,65.94999999999999,,0.2,5.28,33.0,
05-01-2026-Fri 14-39-57-PM,0.4,5.28,16.5,,0.2,5.284,33.025,,0.2,5.276,32.974999999999994,,0.3,5.284,22.01666666666667,,0.1,5.276,65.94999999999999,,0.2,5.276,32.974999999999994,,0.0,5.272,inf,,0.2,5.284,33.025,,0.1,5.288,66.1,,0.2,5.288,33.05,,0.2,5.28,33.0,,0.3,5.292,22.05,,0.1,5.28,66.0,,0.0,5.288,inf,,0.3,5.276,21.983333333333334,,0.2,5.276,32.974999999999994,
05-01-2026-Fri 14-39-59-PM,0.3,5.28,22.000000000000004,,0.3,5.284,22.01666666666667,,0.2,5.272,32.95,,0.2,5.284,33.025,,0.1,5.284,66.05,,0.2,5.276,32.974999999999994,,0.2,5.268,32.925,,0.2,5.28,33.0,,0.1,5.288,66.1,,0.1,5.284,66.05,,0.2,5.28,33.0,,0.0,5.292,inf,,0.0,5.28,inf,,-0.1,5.292,-66.14999999999999,,0.1,5.276,65.94999999999999,,0.3,5.276,21.983333333333334,
05-01-2026-Fri 14-40-00-PM,0.3,5.28,22.000000000000004,,0.1,5.284,66.05,,0.4,5.272,16.475,,0.2,5.284,33.025,,0.1,5.28,66.0,,0.2,5.28,33.0,,0.0,5.272,inf,,-0.1,5.284,-66.05,,0.1,5.288,66.1,,0.1,5.284,66.05,,0.3,5.28,22.000000000000004,,0.3,5.288,22.033333333333335,,0.0,5.28,inf,,0.1,5.288,66.1,,0.1,5.272,65.9,,0.2,5.272,32.95,
05-01-2026-Fri 14-40-01-PM,0.2,5.276,32.974999999999994,,0.0,5.28,inf,,0.8,5.276,8.243749999999999,,0.2,5.28,33.0,,0.0,5.28,inf,,0.1,5.28,66.0,,0.0,5.272,inf,,0.4,5.28,16.5,,-0.1,5.288,-66.1,,0.3,5.284,22.01666666666667,,0.3,5.28,22.000000000000004,,-0.2,5.292,-33.074999999999996,,0.2,5.28,33.0,,0.2,5.288,33.05,,0.3,5.276,21.983333333333334,,0.2,5.276,32.974999999999994,
05-01-2026-Fri 14-40-50-PM,0.1,5.276,65.94999999999999,,0.0,5.284,inf,,0.2,5.276,32.974999999999994,,0.0,5.28,inf,,0.0,5.28,inf,,0.6,5.28,11.000000000000002,,0.5,5.272,13.18,,0.3,5.28,22.000000000000004,,0.0,5.284,inf,,0.3,5.284,22.01666666666667,,0.2,5.276,32.974999999999994,,0.1,5.292,66.14999999999999,,0.4,5.276,16.487499999999997,,0.3,5.288,22.033333333333335,,0.2,5.276,32.974999999999994,,0.3,5.272,21.96666666666667,
05-01-2026-Fri 14-40-52-PM,0.4,5.276,16.487499999999997,,0.2,5.28,33.0,,0.4,5.276,16.487499999999997,,0.4,5.276,16.487499999999997,,0.1,5.276,65.94999999999999,,0.1,5.276,65.94999999999999,,-0.2,5.268,-32.925,,0.3,5.276,21.983333333333334,,0.4,5.284,16.5125,,0.1,5.28,66.0,,-0.1,5.28,-66.0,,0.1,5.288,66.1,,0.0,5.28,inf,,0.1,5.288,66.1,,0.1,5.272,65.9,,0.1,5.272,65.9,
05-01-2026-Fri 14-40-53-PM,0.4,5.28,16.5,,0.0,5.28,inf,,0.4,5.276,16.487499999999997,,0.4,5.28,16.5,,-0.2,5.28,-33.0,,0.3,5.276,21.983333333333334,,-0.1,5.268,-65.85,,0.3,5.28,22.000000000000004,,0.4,5.284,16.5125,,0.2,5.284,33.025,,0.1,5.28,66.0,,0.0,5.288,inf,,0.2,5.28,33.0,,0.2,5.284,33.025,,0.0,5.272,inf,,0.1,5.276,65.94999999999999,
05-01-2026-Fri 14-41-34-PM,0.3,5.28,22.000000000000004,,0.0,5.28,inf,,0.3,5.272,21.96666666666667,,0.4,5.28,16.5,,0.0,5.276,inf,,0.3,5.276,21.983333333333334,,0.0,5.264,inf,,-0.1,5.28,-66.0,,-0.1,5.284,-66.05,,-0.1,5.288,-66.1,,0.0,5.276,inf,,0.4,5.288,16.525,,0.3,5.272,21.96666666666667,,0.2,5.288,33.05,,0.0,5.272,inf,,0.1,5.272,65.9,
05-01-2026-Fri 14-41-35-PM,0.2,5.28,33.0,,0.1,5.28,66.0,,0.4,5.272,16.475,,0.4,5.28,16.5,,-0.1,5.276,-65.94999999999999,,0.0,5.276,inf,,0.0,5.272,inf,,0.2,5.276,32.974999999999994,,0.0,5.284,inf,,0.6,5.284,11.008333333333335,,-0.1,5.276,-65.94999999999999,,-0.1,5.284,-66.05,,0.1,5.276,65.94999999999999,,0.0,5.288,inf,,0.4,5.272,16.475,,0.3,5.272,21.96666666666667,
05-01-2026-Fri 14-41-36-PM,0.2,5.28,33.0,,0.1,5.284,66.05,,0.4,5.272,16.475,,0.1,5.28,66.0,,0.1,5.276,65.94999999999999,,0.1,5.276,65.94999999999999,,0.1,5.268,65.85,,0.3,5.28,22.000000000000004,,0.2,5.28,33.0,,0.2,5.28,33.0,,0.3,5.276,21.983333333333334,,-0.2,5.288,-33.05,,0.0,5.28,inf,,0.1,5.288,66.1,,0.2,5.272,32.95,,0.1,5.276,65.94999999999999,
05-01-2026-Fri 14-42-00-PM,0.5,5.28,13.200000000000001,,0.1,5.284,66.05,,0.4,5.276,16.487499999999997,,0.0,5.284,inf,,0.1,5.28,66.0,,0.3,5.284,22.01666666666667,,-0.1,5.268,-65.85,,0.0,5.284,inf,,0.1,5.288,66.1,,0.3,5.284,22.01666666666667,,0.3,5.284,22.01666666666667,,0.0,5.292,inf,,0.1,5.28,66.0,,0.1,5.288,66.1,,0.1,5.276,65.94999999999999,,0.2,5.276,32.974999999999994,
05-01-2026-Fri 14-42-02-PM,0.1,5.28,66.0,,0.0,5.284,inf,,0.1,5.276,65.94999999999999,,0.3,5.284,22.01666666666667,,0.0,5.28,inf,,0.4,5.28,16.5,,0.1,5.268,65.85,,0.3,5.284,22.01666666666667,,0.2,5.288,33.05,,0.1,5.288,66.1,,-0.2,5.28,-33.0,,0.1,5.292,66.14999999999999,,0.0,5.28,inf,,0.0,5.292,inf,,0.3,5.276,21.983333333333334,,0.1,5.28,66.0,
05-01-2026-Fri 14-43-19-PM,0.1,5.28,66.0,,0.2,5.284,33.025,,0.3,5.276,21.983333333333334,,0.2,5.284,33.025,,0.2,5.28,33.0,,0.1,5.276,65.94999999999999,,-0.1,5.268,-65.85,,0.2,5.28,33.0,,0.1,5.288,66.1,,0.1,5.288,66.1,,0.2,5.28,33.0,,-0.1,5.292,-66.14999999999999,,-0.2,5.28,-33.0,,0.1,5.292,66.14999999999999,,0.1,5.276,65.94999999999999,,0.1,5.276,65.94999999999999,
05-01-2026-Fri 14-43-22-PM,0.2,5.276,32.974999999999994,,-0.1,5.284,-66.05,,0.3,5.276,21.983333333333334,,0.1,5.28,66.0,,-0.1,5.276,-65.94999999999999,,0.0,5.28,inf,,0.0,5.268,inf,,0.2,5.28,33.0,,0.0,5.288,inf,,0.2,5.288,33.05,,-0.2,5.28,-33.0,,0.1,5.292,66.14999999999999,,0.0,5.28,inf,,0.3,5.288,22.033333333333335,,0.0,5.276,inf,,0.2,5.276,32.974999999999994,
05-01-2026-Fri 14-44-00-PM,0.2,5.28,33.0,,0.1,5.28,66.0,,0.1,5.276,65.94999999999999,,0.0,5.28,inf,,0.1,5.28,66.0,,0.2,5.28,33.0,,-0.1,5.272,-65.9,,0.2,5.276,32.974999999999994,,0.0,5.284,inf,,-0.1,5.28,-66.0,,0.1,5.28,66.0,,0.0,5.288,inf,,0.0,5.276,inf,,0.1,5.288,66.1,,-0.1,5.276,-65.94999999999999,,0.3,5.272,21.96666666666667,
05-01-2026-Fri 14-44-24-PM,0.1,5.276,65.94999999999999,,0.2,5.284,33.025,,0.3,5.276,21.983333333333334,,0.2,5.28,33.0,,-0.1,5.28,-66.0,,0.3,5.28,22.000000000000004,,-0.1,5.268,-65.85,,0.1,5.28,66.0,,0.0,5.284,inf,,-0.2,5.284,-33.025,,-0.1,5.284,-66.05,,-0.1,5.288,-66.1,,0.2,5.28,33.0,,0.0,5.288,inf,,0.1,5.276,65.94999999999999,,0.3,5.276,21.983333333333334,
05-01-2026-Fri 14-44-26-PM,0.4,5.28,16.5,,0.0,5.284,inf,,0.3,5.28,22.000000000000004,,0.2,5.284,33.025,,0.0,5.28,inf,,0.3,5.284,22.01666666666667,,-0.3,5.268,-21.95,,0.2,5.28,33.0,,-0.1,5.284,-66.05,,0.2,5.284,33.025,,0.0,5.28,inf,,-0.2,5.292,-33.074999999999996,,0.2,5.28,33.0,,0.1,5.292,66.14999999999999,,0.3,5.272,21.96666666666667,,0.1,5.28,66.0,
05-01-2026-Fri 14-44-27-PM,0.2,5.28,33.0,,0.1,5.288,66.1,,0.0,5.276,inf,,0.2,5.284,33.025,,-0.3,5.28,-22.000000000000004,,0.0,5.28,inf,,0.0,5.268,inf,,0.2,5.28,33.0,,0.1,5.288,66.1,,-0.2,5.28,-33.0,,0.3,5.284,22.01666666666667,,-0.1,5.292,-66.14999999999999,,0.3,5.28,22.000000000000004,,0.1,5.288,66.1,,0.4,5.272,16.475,,0.2,5.276,32.974999999999994,
05-01-2026-Fri 14-45-15-PM,0.2,5.276,32.974999999999994,,0.2,5.28,33.0,,0.4,5.272,16.475,,0.1,5.28,66.0,,0.0,5.276,inf,,-0.1,5.276,-65.94999999999999,,0.1,5.264,65.8,,0.0,5.28,inf,,0.1,5.284,66.05,,0.0,5.284,inf,,0.2,5.28,33.0,,-0.1,5.288,-66.1,,0.0,5.276,inf,,0.2,5.284,33.025,,-0.1,5.272,-65.9,,0.0,5.276,inf,
05-01-2026-Fri 14-45-16-PM,0.3,5.276,21.983333333333334,,0.2,5.28,33.0,,-0.1,5.272,-65.9,,0.2,5.28,33.0,,0.1,5.276,65.94999999999999,,0.2,5.276,32.974999999999994,,0.0,5.268,inf,,0.1,5.28,66.0,,0.1,5.284,66.05,,-0.1,5.28,-66.0,,0.0,5.276,inf,,0.0,5.288,inf,,-0.2,5.28,-33.0,,0.0,5.288,inf,,0.1,5.272,65.9,,0.2,5.276,32.974999999999994,
05-01-2026-Fri 14-45-17-PM,0.4,5.276,16.487499999999997,,-0.2,5.276,-32.974999999999994,,0.4,5.272,16.475,,0.0,5.28,inf,,0.1,5.276,65.94999999999999,,0.4,5.276,16.487499999999997,,0.0,5.268,inf,,0.2,5.276,32.974999999999994,,0.0,5.284,inf,,0.1,5.28,66.0,,0.1,5.276,65.94999999999999,,0.0,5.288,inf,,0.2,5.276,32.974999999999994,,0.1,5.284,66.05,,0.3,5.272,21.96666666666667,,0.0,5.272,inf,
05-01-2026-Fri 14-45-19-PM,0.1,5.276,65.94999999999999,,0.1,5.28,66.0,,0.1,5.272,65.9,,0.0,5.276,inf,,0.1,5.276,65.94999999999999,,0.1,5.276,65.94999999999999,,0.1,5.268,65.85,,0.3,5.28,22.000000000000004,,-0.1,5.284,-66.05,,0.2,5.28,33.0,,-0.2,5.276,-32.974999999999994,,-0.1,5.288,-66.1,,0.1,5.276,65.94999999999999,,-0.1,5.288,-66.1,,0.1,5.272,65.9,,0.0,5.272,inf,
05-01-2026-Fri 14-45-20-PM,0.3,5.28,22.000000000000004,,0.2,5.28,33.0,,0.0,5.272,inf,,0.0,5.28,inf,,0.0,5.28,inf,,0.1,5.276,65.94999999999999,,0.1,5.268,65.85,,0.3,5.28,22.000000000000004,,0.0,5.288,inf,,0.4,5.28,16.5,,0.1,5.276,65.94999999999999,,-0.2,5.288,-33.05,,0.2,5.276,32.974999999999994,,0.0,5.284,inf,,-0.1,5.268,-65.85,,0.1,5.272,65.9,
05-01-2026-Fri 14-46-01-PM,0.1,5.276,65.94999999999999,,0.1,5.28,66.0,,0.1,5.272,65.9,,0.0,5.28,inf,,-0.2,5.276,-32.974999999999994,,0.2,5.276,32.974999999999994,,0.1,5.268,65.85,,0.0,5.276,inf,,-0.1,5.28,-66.0,,0.0,5.28,inf,,0.2,5.276,32.974999999999994,,0.0,5.288,inf,,0.1,5.28,66.0,,0.0,5.284,inf,,0.1,5.272,65.9,,0.3,5.272,21.96666666666667,
05-01-2026-Fri 14-46-02-PM,0.4,5.272,16.475,,-0.1,5.28,-66.0,,0.2,5.272,32.95,,0.3,5.276,21.983333333333334,,-0.1,5.276,-65.94999999999999,,0.1,5.276,65.94999999999999,,0.0,5.264,inf,,0.0,5.276,inf,,-0.1,5.28,-66.0,,0.0,5.28,inf,,0.1,5.276,65.94999999999999,,-0.1,5.284,-66.05,,0.0,5.276,inf,,-0.1,5.288,-66.1,,-0.1,5.272,-65.9,,0.1,5.268,65.85,
05-01-2026-Fri 14-46-04-PM,0.4,5.276,16.487499999999997,,0.0,5.276,inf,,0.1,5.272,65.9,,0.2,5.276,32.974999999999994,,0.0,5.276,inf,,0.1,5.276,65.94999999999999,,-0.1,5.268,-65.85,,0.3,5.276,21.983333333333334,,0.1,5.284,66.05,,0.1,5.28,66.0,,-0.1,5.276,-65.94999999999999,,-0.1,5.284,-66.05,,0.3,5.272,21.96666666666667,,0.5,5.284,13.21,,0.0,5.268,inf,,0.0,5.272,inf,
05-01-2026-Fri 14-46-50-PM,0.2,5.276,32.974999999999994,,0.0,5.28,inf,,0.1,5.272,65.9,,0.0,5.276,inf,,0.0,5.276,inf,,0.4,5.272,16.475,,-0.1,5.264,-65.8,,0.3,5.276,21.983333333333334,,0.1,5.284,66.05,,0.1,5.284,66.05,,0.2,5.276,32.974999999999994,,-0.2,5.284,-33.025,,0.2,5.276,32.974999999999994,,0.1,5.284,66.05,,0.2,5.272,32.95,,0.2,5.268,32.925,
05-01-2026-Fri 14-46-51-PM,-0.1,5.276,-65.94999999999999,,0.2,5.28,33.0,,0.3,5.272,21.96666666666667,,0.2,5.28,33.0,,-0.1,5.276,-65.94999999999999,,0.1,5.276,65.94999999999999,,-0.1,5.268,-65.85,,0.5,5.28,13.200000000000001,,0.3,5.28,22.000000000000004,,0.2,5.28,33.0,,0.2,5.276,32.974999999999994,,0.2,5.288,33.05,,0.1,5.276,65.94999999999999,,-0.1,5.284,-66.05,,-0.3,5.272,-21.96666666666667,,0.2,5.272,32.95,
05-01-2026-Fri 14-46-53-PM,0.3,5.276,21.983333333333334,,-0.1,5.28,-66.0,,0.0,5.272,inf,,0.1,5.276,65.94999999999999,,-0.1,5.276,-65.94999999999999,,0.0,5.276,inf,,0.1,5.264,65.8,,0.2,5.276,32.974999999999994,,0.1,5.28,66.0,,0.1,5.28,66.0,,0.0,5.28,inf,,-0.4,5.288,-16.525,,-0.1,5.276,-65.94999999999999,,0.1,5.284,66.05,,0.2,5.272,32.95,,0.3,5.272,21.96666666666667,
05-01-2026-Fri 14-46-54-PM,0.3,5.272,21.96666666666667,,-0.1,5.28,-66.0,,0.4,5.272,16.475,,0.1,5.28,66.0,,0.0,5.272,inf,,0.2,5.276,32.974999999999994,,0.1,5.264,65.8,,0.1,5.276,65.94999999999999,,0.1,5.284,66.05,,-0.2,5.28,-33.0,,0.2,5.276,32.974999999999994,,-0.1,5.288,-66.1,,0.2,5.276,32.974999999999994,,0.2,5.288,33.05,,0.0,5.272,inf,,0.3,5.272,21.96666666666667,
05-01-2026-Fri 14-46-55-PM,0.1,5.276,65.94999999999999,,0.0,5.28,inf,,0.3,5.268,21.95,,0.2,5.28,33.0,,0.1,5.276,65.94999999999999,,0.3,5.276,21.983333333333334,,0.1,5.268,65.85,,0.0,5.28,inf,,-0.1,5.284,-66.05,,0.0,5.28,inf,,-0.2,5.272,-32.95,,-0.1,5.288,-66.1,,0.0,5.272,inf,,0.3,5.288,22.033333333333335,,-0.1,5.272,-65.9,,0.1,5.272,65.9,
05-01-2026-Fri 14-47-35-PM,0.2,5.276,32.974999999999994,,-0.1,5.284,-66.05,,0.1,5.272,65.9,,0.2,5.28,33.0,,-0.3,5.28,-22.000000000000004,,0.1,5.276,65.94999999999999,,-0.1,5.268,-65.85,,0.0,5.28,inf,,0.2,5.284,33.025,,-0.1,5.28,-66.0,,-0.1,5.276,-65.94999999999999,,-0.1,5.284,-66.05,,0.1,5.28,66.0,,0.1,5.288,66.1,,0.0,5.272,inf,,-0.1,5.272,-65.9,
05-01-2026-Fri 14-47-37-PM,-0.1,5.28,-66.0,,0.1,5.28,66.0,,0.1,5.276,65.94999999999999,,0.0,5.28,inf,,-0.1,5.28,-66.0,,0.0,5.276,inf,,-0.1,5.268,-65.85,,0.0,5.28,inf,,-0.1,5.284,-66.05,,0.3,5.284,22.01666666666667,,0.0,5.28,inf,,-0.2,5.284,-33.025,,0.0,5.276,inf,,0.0,5.292,inf,,0.0,5.276,inf,,0.1,5.272,65.9,
05-01-2026-Fri 14-47-38-PM,-0.2,5.28,-33.0,,-0.2,5.28,-33.0,,0.2,5.272,32.95,,0.2,5.28,33.0,,-0.1,5.28,-66.0,,0.0,5.276,inf,,-0.1,5.268,-65.85,,-0.1,5.28,-66.0,,-0.2,5.284,-33.025,,-0.1,5.28,-66.0,,0.0,5.276,inf,,-0.1,5.288,-66.1,,0.0,5.28,inf,,0.2,5.288,33.05,,0.1,5.272,65.9,,0.2,5.272,32.95,
05-01-2026-Fri 14-47-39-PM,-0.1,5.276,-65.94999999999999,,-0.2,5.28,-33.0,,0.0,5.276,inf,,0.2,5.28,33.0,,-0.1,5.284,-66.05,,0.2,5.276,32.974999999999994,,-0.1,5.268,-65.85,,0.0,5.28,inf,,-0.2,5.284,-33.025,,-0.2,5.284,-33.025,,0.0,5.276,inf,,0.1,5.288,66.1,,0.2,5.276,32.974999999999994,,0.0,5.288,inf,,-0.1,5.276,-65.94999999999999,,0.0,5.276,inf,
05-01-2026-Fri 14-48-35-PM,0.3,5.28,22.000000000000004,,-0.2,5.28,-33.0,,0.2,5.276,32.974999999999994,,0.0,5.28,inf,,0.2,5.276,32.974999999999994,,0.1,5.276,65.94999999999999,,0.1,5.272,65.9,,0.1,5.28,66.0,,0.2,5.288,33.05,,0.2,5.28,33.0,,-0.1,5.28,-66.0,,-0.2,5.292,-33.074999999999996,,0.1,5.28,66.0,,0.2,5.288,33.05,,0.0,5.276,inf,,0.0,5.276,inf,
05-01-2026-Fri 14-48-36-PM,-0.1,5.276,-65.94999999999999,,0.1,5.284,66.05,,0.1,5.276,65.94999999999999,,0.1,5.28,66.0,,0.0,5.28,inf,,0.4,5.28,16.5,,0.0,5.268,inf,,0.1,5.28,66.0,,0.1,5.288,66.1,,-0.1,5.284,-66.05,,0.0,5.28,inf,,-0.1,5.288,-66.1,,0.2,5.28,33.0,,0.1,5.288,66.1,,0.0,5.276,inf,,0.0,5.276,inf,
05-01-2026-Fri 14-48-37-PM,-0.2,5.28,-33.0,,0.2,5.28,33.0,,0.2,5.276,32.974999999999994,,0.6,5.28,11.000000000000002,,0.2,5.276,32.974999999999994,,0.1,5.284,66.05,,0.0,5.268,inf,,0.2,5.28,33.0,,-0.2,5.288,-33.05,,-0.2,5.284,-33.025,,0.0,5.28,inf,,0.0,5.292,inf,,0.0,5.28,inf,,0.1,5.288,66.1,,0.1,5.276,65.94999999999999,,0.1,5.276,65.94999999999999,
05-01-2026-Fri 14-48-39-PM,0.0,5.28,inf,,0.0,5.284,inf,,0.2,5.272,32.95,,0.3,5.28,22.000000000000004,,-0.2,5.276,-32.974999999999994,,0.0,5.276,inf,,0.0,5.268,inf,,0.1,5.28,66.0,,0.0,5.284,inf,,-0.1,5.284,-66.05,,0.1,5.28,66.0,,0.0,5.292,inf,,-0.2,5.28,-33.0,,0.1,5.292,66.14999999999999,,0.0,5.276,inf,,-0.2,5.276,-32.974999999999994,
05-01-2026-Fri 14-48-40-PM,0.1,5.276,65.94999999999999,,0.0,5.284,inf,,0.3,5.272,21.96666666666667,,0.0,5.28,inf,,-0.1,5.276,-65.94999999999999,,0.0,5.276,inf,,0.1,5.268,65.85,,0.0,5.28,inf,,0.0,5.28,inf,,0.4,5.284,16.5125,,0.2,5.28,33.0,,-0.2,5.292,-33.074999999999996,,0.1,5.28,66.0,,0.0,5.292,inf,,0.2,5.272,32.95,,0.2,5.276,32.974999999999994,
,,,,,,,,,,,,,,,,,,,,,,,,,,,,,,,,,89.1,5.06,0.07098765432098765,,58.8,5.06,0.10756802721088436,,79.5,5.052,0.07943396226415093,,68.0,5.108,0.0938970588235294,,70.3,5.032,0.08947368421052632,,72.7,5.08,0.0873452544704264,,60.8,5.02,0.10320723684210525,,75.5,5.012,0.08298013245033113,
,,,,,,,,,,,,,,,,,,,,,,,,,,,,,,,,,83.9,5.076,0.07562574493444577,,53.4,5.08,0.11891385767790263,,74.7,5.068,0.08480589022757697,,64.2,5.12,0.09968847352024922,,67.3,5.056,0.09390787518573551,,69.2,5.096,0.09205202312138729,,56.4,5.04,0.11170212765957448,,70.9,5.036,0.08878702397743299,
,,,,,,,,,,,,,,,,,,,,,,,,,,,,,,,,,73.1,5.112,0.08741450068399453,,43.4,5.116,0.14735023041474654,,64.0,5.104,0.0996875,,54.6,5.152,0.11794871794871795,,57.6,5.088,0.11041666666666668,,58.4,5.132,0.1098458904109589,,44.5,5.08,0.14269662921348317,,60.0,5.072,0.10566666666666667,
,,,,,,,,,,,,,,,,,,,,,,,,,,,,,,,,,66.0,5.124,0.09704545454545453,,38.8,5.128,0.16520618556701036,,59.8,5.116,0.10693979933110369,,49.6,5.16,0.13004032258064518,,51.2,5.104,0.12460937500000001,,53.1,5.14,0.12099811676082863,,37.8,5.096,0.1685185185185185,,55.4,5.092,0.11489169675090252,
,,,,,,,,,,,,,,,,,,,,,,,,,,,,,,,,,62.0,5.14,0.10362903225806451,,36.9,5.144,0.1742547425474255,,56.0,5.132,0.11455357142857142,,47.0,5.172,0.1375531914893617,,49.0,5.12,0.1306122448979592,,50.0,5.156,0.1289,,35.7,5.112,0.17899159663865546,,52.6,5.104,0.12129277566539924,
,,,,,,,,,,,,,,,,,,,,,,,,,,,,,,,,,57.1,5.148,0.1126970227670753,,33.0,5.152,0.19515151515151516,,51.8,5.144,0.12413127413127414,,43.7,5.184,0.1482837528604119,,44.8,5.132,0.14319196428571426,,46.7,5.164,0.13822269807280513,,32.7,5.124,0.19587155963302752,,48.5,5.124,0.1320618556701031,
,,,,,,,,,,,,,,,,,,,,,,,,,,,,,,,,,53.8,5.152,0.11970260223048328,,32.3,5.156,0.1995356037151703,,48.9,5.148,0.13159509202453987,,41.2,5.184,0.15728155339805824,,42.8,5.136,0.15000000000000002,,44.5,5.172,0.1452808988764045,,30.8,5.128,0.20811688311688312,,46.3,5.124,0.13833693304535638,
,,,,,,,,,,,,,,,,,,,,,,,,,,,,,,,,,51.7,5.168,0.12495164410058028,,31.2,5.168,0.2070512820512821,,47.5,5.16,0.13578947368421054,,39.4,5.192,0.16472081218274112,,40.9,5.148,0.15733496332518337,,42.9,5.18,0.15093240093240093,,29.7,5.14,0.2163299663299663,,44.4,5.136,0.1445945945945946,
,,,,,,,,,,,,,,,,,,,,,,,,,,,,,,,,,50.7,5.168,0.12741617357001972,,30.5,5.172,0.21196721311475408,,46.0,5.164,0.14032608695652174,,38.7,5.192,0.16770025839793282,,40.3,5.148,0.15967741935483873,,41.9,5.18,0.15453460620525059,,28.9,5.14,0.22231833910034604,,43.6,5.14,0.1473623853211009,
,,,,,,,,,,,,,,,,,,,,,,,,,,,,,,,,,43.7,5.184,0.1482837528604119,,25.5,5.188,0.2543137254901961,,39.2,5.176,0.16505102040816325,,32.4,5.208,0.20092592592592595,,32.2,5.168,0.20062111801242238,,34.6,5.2,0.1878612716763006,,22.5,5.164,0.2868888888888889,,36.8,5.16,0.1752717391304348,
,,,,,,,,,,,,,,,,,,,,,,,,,,,,,,,,,36.0,5.208,0.18083333333333337,,21.5,5.188,0.3016279069767442,,34.4,5.184,0.18837209302325583,,28.6,5.212,0.2277972027972028,,28.1,5.176,0.2302491103202847,,30.4,5.204,0.21398026315789473,,19.8,5.172,0.3265151515151515,,32.5,5.168,0.19876923076923078,
,,,,,,,,,,,,,,,,,,,,,,,,,,,,,,,,,34.8,5.196,0.18663793103448278,,21.1,5.2,0.3080568720379147,,33.9,5.188,0.19129793510324483,,27.7,5.22,0.23555956678700363,,27.5,5.18,0.23545454545454544,,30.2,5.208,0.2155629139072848,,19.0,5.176,0.34052631578947373,,32.0,5.172,0.20203125,
,,,,,,,,,,,,,,,,,,,,,,,,,,,,,,,,,34.2,5.204,0.19020467836257307,,20.0,5.204,0.32525,,32.6,5.196,0.1992331288343558,,27.5,5.22,0.23727272727272727,,27.3,5.184,0.23736263736263738,,29.8,5.212,0.2186241610738255,,18.6,5.18,0.34811827956989244,,32.1,5.176,0.20155763239875388,
,,,,,,,,,,,,,,,,,,,,,,,,,,,,,,,,,31.8,5.208,0.20471698113207548,,18.2,5.208,0.3576923076923077,,30.3,5.2,0.2145214521452145,,25.6,5.224,0.255078125,,25.6,5.192,0.253515625,,28.8,5.216,0.2263888888888889,,18.2,5.184,0.35604395604395606,,30.8,5.184,0.21038961038961038,
,,,,,,,,,,,,,,,,,,,,,,,,,,,,,,,,,16.5,5.24,0.396969696969697,,10.3,5.24,0.6359223300970874,,17.9,5.236,0.3656424581005587,,14.2,5.252,0.4623239436619718,,15.4,5.228,0.4243506493506493,,17.8,5.248,0.36853932584269666,,10.3,5.224,0.6339805825242718,,17.9,5.22,0.3645251396648045,
,,,,,,,,,,,,,,,,,,,,,,,,,,,,,,,,,16.4,5.24,0.3993902439024391,,9.4,5.244,0.6973404255319149,,17.6,5.236,0.37187499999999996,,13.9,5.256,0.47266187050359715,,14.4,5.228,0.45381944444444444,,17.5,5.248,0.37485714285714283,,10.2,5.22,0.6397058823529412,,17.3,5.228,0.37774566473988436,
,,,,,,,,,,,,,,,,,,,,,,,,,,,,,,,,,11.6,5.252,0.565948275862069,,7.0,5.252,0.9378571428571428,,12.1,5.248,0.5421487603305786,,9.9,5.264,0.6646464646464646,,9.9,5.24,0.6616161616161615,,12.1,5.26,0.5433884297520661,,7.0,5.236,0.935,,11.9,5.236,0.5499999999999999,
,,,,,,,,,,,,,,,,,,,,,,,,,,,,,,,,,10.2,5.26,0.6446078431372549,,6.8,5.256,0.9661764705882354,,11.2,5.252,0.5861607142857143,,8.9,5.264,0.7393258426966293,,9.2,5.248,0.7130434782608697,,11.0,5.26,0.5977272727272728,,6.0,5.244,1.0925,,10.6,5.244,0.6183962264150943,
,,,,,,,,,,,,,,,,,,,,,,,,,,,,,,,,,6.8,5.272,0.9691176470588236,,4.7,5.276,1.403191489361702,,7.6,5.272,0.8671052631578948,,6.3,5.284,1.0484126984126985,,5.6,5.264,1.175,,6.8,5.28,0.9705882352941178,,4.3,5.26,1.5290697674418605,,7.0,5.264,0.9400000000000001,
,,,,,,,,,,,,,,,,,,,,,,,,,,,,,,,,,6.9,5.276,0.9557971014492752,,4.2,5.272,1.569047619047619,,7.1,5.264,0.9267605633802818,,6.1,5.28,1.0819672131147544,,5.9,5.268,1.1161016949152542,,6.9,5.28,0.9565217391304347,,3.9,5.26,1.685897435897436,,6.6,5.26,0.9962121212121212,
,,,,,,,,,,,,,,,,,,,,,,,,,,,,,,,,,3.6,5.28,1.8333333333333335,,2.6,5.276,2.536538461538462,,4.6,5.276,1.433695652173913,,3.5,5.288,1.8885714285714286,,3.3,5.272,1.9969696969696973,,4.0,5.284,1.65125,,2.3,5.268,2.8630434782608694,,3.6,5.264,1.827777777777778,
,,,,,,,,,,,,,,,,,,,,,,,,,,,,,,,,,3.5,5.28,1.885714285714286,,2.6,5.28,2.5384615384615388,,3.7,5.272,1.781081081081081,,3.3,5.288,2.003030303030303,,2.9,5.276,2.274137931034483,,3.4,5.284,1.9426470588235296,,2.3,5.268,2.8630434782608694,,3.6,5.272,1.8305555555555557,
,,,,,,,,,,,,,,,,,,,,,,,,,,,,,,,,,3.6,5.28,1.8333333333333335,,2.4,5.276,2.747916666666667,,3.4,5.276,1.9397058823529412,,3.3,5.288,2.003030303030303,,2.8,5.272,2.3535714285714286,,3.4,5.28,1.9411764705882355,,2.2,5.264,2.9909090909090907,,3.4,5.264,1.9352941176470593,
,,,,,,,,,,,,,,,,,,,,,,,,,,,,,,,,,3.4,5.28,1.9411764705882355,,2.6,5.28,2.5384615384615388,,3.3,5.272,1.9969696969696973,,2.9,5.288,2.279310344827586,,2.6,5.272,2.534615384615385,,3.1,5.284,2.1306451612903228,,1.9,5.264,3.463157894736842,,3.1,5.268,2.1241935483870966,
,,,,,,,,,,,,,,,,,,,,,,,,,,,,,,,,,2.9,5.284,2.277586206896552,,2.2,5.284,3.002272727272727,,3.4,5.276,1.9397058823529412,,2.9,5.288,2.279310344827586,,2.4,5.276,2.747916666666667,,2.7,5.288,2.448148148148148,,1.6,5.272,4.11875,,2.9,5.272,2.2724137931034485,
,,,,,,,,,,,,,,,,,,,,,,,,,,,,,,,,,2.8,5.284,2.3589285714285713,,2.0,5.284,3.3025,,3.0,5.276,2.1983333333333333,,2.5,5.288,2.6440000000000006,,2.1,5.276,3.14047619047619,,2.6,5.288,2.5423076923076926,,1.9,5.268,3.4657894736842105,,2.7,5.272,2.4407407407407407,
,,,,,,,,,,,,,,,,,,,,,,,,,,,,,,,,,2.5,5.284,2.642,,1.8,5.284,3.6694444444444447,,2.8,5.28,2.357142857142857,,2.5,5.288,2.6440000000000006,,1.9,5.276,3.4710526315789476,,2.8,5.288,2.3607142857142858,,1.3,5.268,5.065384615384615,,2.4,5.272,2.7458333333333336,
,,,,,,,,,,,,,,,,,,,,,,,,,,,,,,,,,1.4,5.288,4.7214285714285715,,1.2,5.288,5.508333333333334,,1.5,5.284,4.403333333333333,,1.5,5.292,4.41,,1.1,5.28,6.0,,1.4,5.292,4.7250000000000005,,0.9,5.276,7.3277777777777775,,1.6,5.276,4.121874999999999,
,,,,,,,,,,,,,,,,,,,,,,,,,,,,,,,,,1.1,5.288,6.009090909090909,,0.9,5.284,7.3388888888888895,,1.3,5.28,5.0769230769230775,,1.3,5.288,5.084615384615385,,1.1,5.28,6.0,,1.2,5.288,5.508333333333334,,0.8,5.272,8.2375,,1.3,5.276,5.073076923076924,
,,,,,,,,,,,,,,,,,,,,,,,,,,,,,,,,,1.2,5.284,5.504166666666667,,1.1,5.292,6.013636363636363,,1.0,5.28,6.6000000000000005,,1.0,5.292,6.615,,0.9,5.284,7.3388888888888895,,1.0,5.292,6.615,,0.9,5.28,7.333333333333334,,1.1,5.28,6.0,
,,,,,,,,,,,,,,,,,,,,,,,,,,,,,,,,,0.6,5.284,11.008333333333335,,0.6,5.288,11.016666666666667,,0.9,5.28,7.333333333333334,,1.0,5.292,6.615,,0.8,5.28,8.25,,0.8,5.292,8.268749999999999,,0.6,5.276,10.991666666666667,,0.7,5.276,9.42142857142857,
,,,,,,,,,,,,,,,,,,,,,,,,,,,,,,,,,0.2,5.288,33.05,,0.6,5.284,11.008333333333335,,0.9,5.284,7.3388888888888895,,0.4,5.288,16.525,,0.6,5.28,11.000000000000002,,0.6,5.292,11.025,,0.3,5.276,21.983333333333334,,0.7,5.276,9.42142857142857,
,,,,,,,,,,,,,,,,,,,,,,,,,,,,,,,,,0.2,5.288,33.05,,0.3,5.28,22.000000000000004,,0.1,5.284,66.05,,0.4,5.292,16.537499999999998,,0.5,5.28,13.200000000000001,,0.3,5.288,22.033333333333335,,0.3,5.272,21.96666666666667,,0.5,5.276,13.19,
,,,,,,,,,,,,,,,,,,,,,,,,,,,,,,,,,0.4,5.288,16.525,,0.2,5.288,33.05,,0.3,5.28,22.000000000000004,,0.5,5.292,13.23,,0.6,5.28,11.000000000000002,,0.5,5.292,13.23,,0.4,5.272,16.475,,0.2,5.272,32.95,
,,,,,,,,,,,,,,,,,,,,,,,,,,,,,,,,,0.3,5.288,22.033333333333335,,0.3,5.288,22.033333333333335,,0.2,5.276,32.974999999999994,,0.5,5.292,13.23,,0.6,5.28,11.000000000000002,,0.5,5.288,13.22,,0.0,5.272,inf,,0.6,5.272,10.983333333333334,
,,,,,,,,,,,,,,,,,,,,,,,,,,,,,,,,,0.2,5.284,33.025,,0.4,5.284,16.5125,,0.1,5.28,66.0,,-0.1,5.288,-66.1,,0.2,5.276,32.974999999999994,,0.3,5.288,22.033333333333335,,0.2,5.268,32.925,,0.4,5.276,16.487499999999997,
,,,,,,,,,,,,,,,,,,,,,,,,,,,,,,,,,0.4,5.288,16.525,,0.3,5.284,22.01666666666667,,0.2,5.284,33.025,,0.3,5.288,22.033333333333335,,0.3,5.28,22.000000000000004,,0.3,5.292,22.05,,0.1,5.276,65.94999999999999,,0.3,5.276,21.983333333333334,
,,,,,,,,,,,,,,,,,,,,,,,,,,,,,,,,,0.4,5.28,16.5,,0.2,5.28,33.0,,0.4,5.276,16.487499999999997,,0.1,5.288,66.1,,0.3,5.28,22.000000000000004,,0.4,5.288,16.525,,0.2,5.272,32.95,,0.1,5.272,65.9,
,,,,,,,,,,,,,,,,,,,,,,,,,,,,,,,,,0.0,5.284,inf,,0.1,5.28,66.0,,0.1,5.276,65.94999999999999,,0.0,5.292,inf,,0.1,5.28,66.0,,0.4,5.288,16.525,,0.1,5.272,65.9,,0.3,5.276,21.983333333333334,
,,,,,,,,,,,,,,,,,,,,,,,,,,,,,,,,,0.0,5.288,inf,,0.2,5.284,33.025,,0.4,5.28,16.5,,-0.2,5.288,-33.05,,0.4,5.28,16.5,,0.1,5.292,66.14999999999999,,-0.1,5.272,-65.9,,-0.1,5.276,-65.94999999999999,
,,,,,,,,,,,,,,,,,,,,,,,,,,,,,,,,,-0.1,5.288,-66.1,,0.0,5.284,inf,,0.1,5.28,66.0,,-0.2,5.292,-33.074999999999996,,0.3,5.28,22.000000000000004,,-0.2,5.288,-33.05,,0.2,5.276,32.974999999999994,,0.2,5.276,32.974999999999994,
,,,,,,,,,,,,,,,,,,,,,,,,,,,,,,,,,0.0,5.284,inf,,0.0,5.28,inf,,-0.1,5.28,-66.0,,-0.2,5.288,-33.05,,0.5,5.276,13.19,,-0.1,5.288,-66.1,,0.2,5.268,32.925,,0.0,5.276,inf,
,,,,,,,,,,,,,,,,,,,,,,,,,,,,,,,,,-0.1,5.284,-66.05,,0.1,5.28,66.0,,0.1,5.276,65.94999999999999,,-0.1,5.288,-66.1,,0.0,5.276,inf,,0.1,5.284,66.05,,0.0,5.268,inf,,0.1,5.268,65.85,
