Timestamp,x57 Cell 1 Temp,x57 Cell 2 Temp,x57 Cell 3 Temp,x57 Cell 4 Temp,x58 Cell 5 Temp,x58 Cell 6 Temp,x58 Cell 7 Temp,x58 Cell 8 Temp,x59 Cell 9 Temp,x59 Cell 10 Temp,x59 Cell 11 Temp,x59 Cell 12 Temp,x60 Cell 13 Temp,x60 Cell 14 Temp,x60 Cell 15 Temp,x60 Cell 16 Temp
05-01-2026-Fri 12-38-33-PM,23.57,23.57,23.739,23.739,23.739,23.57,23.57,23.57,23.57,,23.739,23.739,,23.57,23.57,23.57
05-01-2026-Fri 12-38-35-PM,23.57,23.57,23.739,23.739,23.739,23.503,23.503,23.503,23.57,,23.739,23.739,,23.57,23.57,23.57
05-01-2026-Fri 12-38-36-PM,23.57,23.57,23.739,23.739,23.739,23.503,23.503,23.503,23.57,,23.739,23.739,,23.57,23.57,23.57
05-01-2026-Fri 12-38-37-PM,23.605,23.605,23.739,23.739,23.739,23.57,23.57,23.57,23.605,,23.739,23.739,,23.605,23.605,23.605
05-01-2026-Fri 12-38-39-PM,23.605,23.605,23.739,23.739,23.739,23.57,23.57,23.57,23.605,,23.739,23.739,,23.605,23.605,23.605
05-01-2026-Fri 12-38-40-PM,23.57,23.57,23.739,23.739,23.739,23.537,23.537,23.537,23.57,,23.739,23.739,,23.57,23.57,23.57
05-01-2026-Fri 12-38-42-PM,23.605,23.605,23.739,23.739,23.739,23.537,23.537,23.537,23.605,,23.739,23.739,,23.605,23.605,23.605
05-01-2026-Fri 12-38-43-PM,23.605,23.605,23.739,23.739,23.739,23.503,23.503,23.503,23.605,,23.739,23.739,,23.605,23.605,23.605
05-01-2026-Fri 12-38-44-PM,23.57,23.57,23.773,23.773,23.773,23.57,23.57,23.57,23.57,,23.773,23.773,,23.57,23.57,23.57
05-01-2026-Fri 12-38-46-PM,23.605,23.605,23.739,23.739,23.739,23.639,23.639,23.639,23.605,,23.739,23.739,,23.605,23.605,23.605
05-01-2026-Fri 12-38-47-PM,23.605,23.605,23.739,23.739,23.739,23.57,23.57,23.57,23.605,,23.739,23.739,,23.605,23.605,23.605
05-01-2026-Fri 12-38-49-PM,23.605,23.605,23.739,23.739,23.739,23.57,23.57,23.57,23.605,,23.739,23.739,,23.605,23.605,23.605
05-01-2026-Fri 12-38-50-PM,23.57,23.57,23.739,23.739,23.739,23.537,23.537,23.537,23.57,,23.739,23.739,,23.57,23.57,23.57
05-01-2026-Fri 12-38-51-PM,23.57,23.57,23.739,23.739,23.739,23.537,23.537,23.537,23.57,,23.739,23.739,,23.57,23.57,23.57
05-01-2026-Fri 12-38-53-PM,23.57,23.57,23.739,23.739,23.739,23.537,23.537,23.537,23.57,,23.739,23.739,,23.57,23.57,23.57
05-01-2026-Fri 12-38-54-PM,23.57,23.57,23.739,23.739,23.739,23.503,23.503,23.503,23.57,,23.739,23.739,,23.57,23.57,23.57
05-01-2026-Fri 12-38-56-PM,23.57,23.57,23.739,23.739,23.739,23.537,23.537,23.537,23.57,,23.739,23.739,,23.57,23.57,23.57
05-01-2026-Fri 12-38-57-PM,23.57,23.57,23.739,23.739,23.739,23.503,23.503,23.503,23.57,,23.739,23.739,,23.57,23.57,23.57
05-01-2026-Fri 12-38-58-PM,23.605,23.605,23.739,23.739,23.739,23.605,23.605,23.605,23.605,,23.739,23.739,,23.605,23.605,23.605
05-01-2026-Fri 12-39-00-PM,23.57,23.57,23.739,23.739,23.739,23.503,23.503,23.503,23.57,,23.739,23.739,,23.57,23.57,23.57
05-01-2026-Fri 12-39-01-PM,23.605,23.605,23.739,23.739,23.739,23.537,23.537,23.537,23.605,,23.739,23.739,,23.605,23.605,23.605
05-01-2026-Fri 12-39-03-PM,23.605,23.605,23.706,23.706,23.706,23.57,23.57,23.57,23.605,,23.706,23.706,,23.605,23.605,23.605
05-01-2026-Fri 12-39-04-PM,23.57,23.57,23.706,23.706,23.706,23.537,23.537,23.537,23.57,,23.706,23.706,,23.57,23.57,23.57
05-01-2026-Fri 12-39-05-PM,23.605,23.605,23.706,23.706,23.706,23.57,23.57,23.57,23.605,,23.706,23.706,,23.605,23.605,23.605
05-01-2026-Fri 12-39-07-PM,23.57,23.57,23.739,23.739,23.739,23.537,23.537,23.537,23.57,,23.739,23.739,,23.57,23.57,23.57
05-01-2026-Fri 12-39-08-PM,23.57,23.57,23.739,23.739,23.739,23.537,23.537,23.537,23.57,,23.739,23.739,,23.57,23.57,23.57
05-01-2026-Fri 12-39-10-PM,23.57,23.57,23.739,23.739,23.739,23.537,23.537,23.537,23.57,,23.739,23.739,,23.57,23.57,23.57
05-01-2026-Fri 12-39-11-PM,23.57,23.57,23.739,23.739,23.739,23.537,23.537,23.537,23.57,,23.739,23.739,,23.57,23.57,23.57
05-01-2026-Fri 12-39-12-PM,23.57,23.57,23.739,23.739,23.739,23.503,23.503,23.503,23.57,,23.739,23.739,,23.57,23.57,23.57
05-01-2026-Fri 12-39-14-PM,23.57,23.57,23.739,23.739,23.739,23.537,23.537,23.537,23.57,,23.739,23.739,,23.57,23.57,23.57
05-01-2026-Fri 12-39-15-PM,23.57,23.57,23.706,23.706,23.706,23.503,23.503,23.503,23.57,,23.706,23.706,,23.57,23.57,23.57
05-01-2026-Fri 12-39-17-PM,23.57,23.57,23.706,23.706,23.706,23.537,23.537,23.537,23.57,,23.706,23.706,,23.57,23.57,23.57
05-01-2026-Fri 12-39-18-PM,23.57,23.57,23.739,23.739,23.739,23.57,23.57,23.57,23.57,,23.739,23.739,,23.57,23.57,23.57
05-01-2026-Fri 12-39-19-PM,23.57,23.57,23.706,23.706,23.706,23.57,23.57,23.57,23.57,,23.706,23.706,,23.57,23.57,23.57
05-01-2026-Fri 12-39-21-PM,23.57,23.57,23.706,23.706,23.706,23.537,23.537,23.537,23.57,,23.706,23.706,,23.57,23.57,23.57
05-01-2026-Fri 12-39-22-PM,23.537,23.537,23.739,23.739,23.739,23.503,23.503,23.503,23.537,,23.739,23.739,,23.537,23.537,23.537
05-01-2026-Fri 12-39-24-PM,23.537,23.537,23.706,23.706,23.706,23.503,23.503,23.503,23.537,,23.706,23.706,,23.537,23.537,23.537
05-01-2026-Fri 12-39-25-PM,23.605,23.605,23.706,23.706,23.706,23.537,23.537,23.537,23.605,,23.706,23.706,,23.605,23.605,23.605
05-01-2026-Fri 12-39-27-PM,23.57,23.57,23.706,23.706,23.706,23.537,23.537,23.537,23.57,,23.706,23.706,,23.57,23.57,23.57
05-01-2026-Fri 12-39-28-PM,23.605,23.605,23.706,23.706,23.706,23.503,23.503,23.503,23.605,,23.706,23.706,,23.605,23.605,23.605
05-01-2026-Fri 12-39-30-PM,23.537,23.537,23.706,23.706,23.706,23.537,23.537,23.537,23.537,,23.706,23.706,,23.537,23.537,23.537
05-01-2026-Fri 12-39-31-PM,23.57,23.57,23.706,23.706,23.706,23.537,23.537,23.537,23.57,,23.706,23.706,,23.57,23.57,23.57
05-01-2026-Fri 12-39-32-PM,23.57,23.57,23.706,23.706,23.706,23.57,23.57,23.57,23.57,,23.706,23.706,,23.57,23.57,23.57
05-01-2026-Fri 12-39-34-PM,23.57,23.57,23.706,23.706,23.706,23.503,23.503,23.503,23.57,,23.706,23.706,,23.57,23.57,23.57
05-01-2026-Fri 12-39-35-PM,23.57,23.57,23.706,23.706,23.706,23.503,23.503,23.503,23.57,,23.706,23.706,,23.57,23.57,23.57
05-01-2026-Fri 12-39-37-PM,23.57,23.57,23.706,23.706,23.706,23.537,23.537,23.537,23.57,,23.706,23.706,,23.57,23.57,23.57
05-01-2026-Fri 12-39-38-PM,23.57,23.57,23.706,23.706,23.706,23.469,23.469,23.469,23.57,,23.706,23.706,,23.57,23.57,23.57
05-01-2026-Fri 12-39-39-PM,23.537,23.537,23.672,23.672,23.672,23.537,23.537,23.537,23.537,,23.672,23.672,,23.537,23.537,23.537
05-01-2026-Fri 12-39-41-PM,23.537,23.537,23.706,23.706,23.706,23.503,23.503,23.503,23.537,,23.706,23.706,,23.537,23.537,23.537
05-01-2026-Fri 12-39-43-PM,23.57,23.57,23.706,23.706,23.706,23.503,23.503,23.503,23.57,,23.706,23.706,,23.57,23.57,23.57
05-01-2026-Fri 12-39-44-PM,23.57,23.57,23.672,23.672,23.672,23.537,23.537,23.537,23.57,,23.672,23.672,,23.57,23.57,23.57
05-01-2026-Fri 12-39-45-PM,23.537,23.537,23.672,23.672,23.672,23.537,23.537,23.537,23.537,,23.672,23.672,,23.537,23.537,23.537
05-01-2026-Fri 12-39-47-PM,23.537,23.537,23.706,23.706,23.706,23.469,23.469,23.469,23.537,,23.706,23.706,,23.537,23.537,23.537
05-01-2026-Fri 12-39-48-PM,23.57,23.57,23.706,23.706,23.706,23.537,23.537,23.537,23.57,,23.706,23.706,,23.57,23.57,23.57
05-01-2026-Fri 12-39-50-PM,23.537,23.537,23.706,23.706,23.706,23.503,23.503,23.503,23.537,,23.706,23.706,,23.537,23.537,23.537
05-01-2026-Fri 12-39-51-PM,23.57,23.57,23.706,23.706,23.706,23.503,23.503,23.503,23.57,,23.706,23.706,,23.57,23.57,23.57
05-01-2026-Fri 12-39-52-PM,23.537,23.537,23.672,23.672,23.672,23.537,23.537,23.537,23.537,,23.672,23.672,,23.537,23.537,23.537
05-01-2026-Fri 12-39-54-PM,23.537,23.537,23.706,23.706,23.706,23.503,23.503,23.503,23.537,,23.706,23.706,,23.537,23.537,23.537
05-01-2026-Fri 12-39-55-PM,23.57,23.57,23.672,23.672,23.672,23.537,23.537,23.537,23.57,,23.672,23.672,,23.57,23.57,23.57
05-01-2026-Fri 12-39-57-PM,23.537,23.537,23.706,23.706,23.706,23.503,23.503,23.503,23.537,,23.706,23.706,,23.537,23.537,23.537
05-01-2026-Fri 12-39-58-PM,23.537,23.537,23.706,23.706,23.706,23.537,23.537,23.537,23.537,,23.706,23.706,,23.537,23.537,23.537
05-01-2026-Fri 12-39-59-PM,23.537,23.537,23.706,23.706,23.706,23.503,23.503,23.503,23.537,,23.706,23.706,,23.537,23.537,23.537
05-01-2026-Fri 12-40-01-PM,23.537,23.537,23.706,23.706,23.706,23.503,23.503,23.503,23.537,,23.706,23.706,,23.537,23.537,23.537
05-01-2026-Fri 12-40-02-PM,23.537,23.537,23.706,23.706,23.706,23.503,23.503,23.503,23.537,,23.706,23.706,,23.537,23.537,23.537
05-01-2026-Fri 12-40-04-PM,23.57,23.57,23.706,23.706,23.706,23.469,23.469,23.469,23.57,,23.706,23.706,,23.57,23.57,23.57
05-01-2026-Fri 12-40-05-PM,23.57,23.57,23.706,23.706,23.706,23.503,23.503,23.503,23.57,,23.706,23.706,,23.57,23.57,23.57
05-01-2026-Fri 12-40-06-PM,23.57,23.57,23.706,23.706,23.706,23.503,23.503,23.503,23.57,,23.706,23.706,,23.57,23.57,23.57
05-01-2026-Fri 12-40-08-PM,23.57,23.57,23.706,23.706,23.706,23.537,23.537,23.537,23.57,,23.706,23.706,,23.57,23.57,23.57
05-01-2026-Fri 12-40-10-PM,23.57,23.57,23.672,23.672,23.672,23.503,23.503,23.503,23.57,,23.672,23.672,,23.57,23.57,23.57
05-01-2026-Fri 12-40-11-PM,23.57,23.57,23.672,23.672,23.672,23.503,23.503,23.503,23.57,,23.672,23.672,,23.57,23.57,23.57
05-01-2026-Fri 12-40-12-PM,23.57,23.57,23.672,23.672,23.672,23.537,23.537,23.537,23.57,,23.672,23.672,,23.57,23.57,23.57
05-01-2026-Fri 12-40-14-PM,23.706,23.706,23.943,23.943,23.943,23.537,23.537,23.537,23.706,,23.943,23.943,,23.706,23.706,23.706
05-01-2026-Fri 12-40-15-PM,23.605,23.605,23.639,23.639,23.639,23.469,23.469,23.469,23.605,,23.639,23.639,,23.605,23.605,23.605
05-01-2026-Fri 12-40-17-PM,23.503,23.503,23.943,23.943,23.943,23.537,23.537,23.537,23.503,,23.943,23.943,,23.503,23.503,23.503
05-01-2026-Fri 12-40-18-PM,23.739,23.739,23.739,23.739,23.739,23.503,23.503,23.503,23.739,,23.739,23.739,,23.739,23.739,23.739
05-01-2026-Fri 12-40-19-PM,23.605,23.605,23.807,23.807,23.807,23.503,23.503,23.503,23.605,,23.807,23.807,,23.605,23.605,23.605
05-01-2026-Fri 12-40-21-PM,23.639,23.639,23.841,23.841,23.841,23.537,23.537,23.537,23.639,,23.841,23.841,,23.639,23.639,23.639
05-01-2026-Fri 12-40-22-PM,23.57,23.57,23.706,23.706,23.706,23.503,23.503,23.503,23.57,,23.706,23.706,,23.57,23.57,23.57
05-01-2026-Fri 12-40-24-PM,23.57,23.57,23.706,23.706,23.706,23.537,23.537,23.537,23.57,,23.706,23.706,,23.57,23.57,23.57
05-01-2026-Fri 12-40-25-PM,23.57,23.57,23.706,23.706,23.706,23.537,23.537,23.537,23.57,,23.706,23.706,,23.57,23.57,23.57
05-01-2026-Fri 12-40-26-PM,23.605,23.605,23.706,23.706,23.706,23.57,23.57,23.57,23.605,,23.706,23.706,,23.605,23.605,23.605
05-01-2026-Fri 12-40-28-PM,23.57,23.57,23.706,23.706,23.706,23.57,23.57,23.57,23.57,,23.706,23.706,,23.57,23.57,23.57
05-01-2026-Fri 12-40-30-PM,23.605,23.605,23.672,23.672,23.672,23.537,23.537,23.537,23.605,,23.672,23.672,,23.605,23.605,23.605
05-01-2026-Fri 12-40-31-PM,23.605,23.605,23.672,23.672,23.672,23.57,23.57,23.57,23.605,,23.672,23.672,,23.605,23.605,23.605
05-01-2026-Fri 12-40-32-PM,23.57,23.57,23.706,23.706,23.706,23.57,23.57,23.57,23.57,,23.706,23.706,,23.57,23.57,23.57
05-01-2026-Fri 12-40-34-PM,23.605,23.605,23.706,23.706,23.706,23.605,23.605,23.605,23.605,,23.706,23.706,,23.605,23.605,23.605
05-01-2026-Fri 12-40-35-PM,23.605,23.605,23.706,23.706,23.706,23.57,23.57,23.57,23.605,,23.706,23.706,,23.605,23.605,23.605
05-01-2026-Fri 12-40-37-PM,23.57,23.57,23.706,23.706,23.706,23.57,23.57,23.57,23.57,,23.706,23.706,,23.57,23.57,23.57
05-01-2026-Fri 12-40-38-PM,23.57,23.57,23.672,23.672,23.672,23.57,23.57,23.57,23.57,,23.672,23.672,,23.57,23.57,23.57
05-01-2026-Fri 12-40-39-PM,23.57,23.57,23.706,23.706,23.706,23.537,23.537,23.537,23.57,,23.706,23.706,,23.57,23.57,23.57
05-01-2026-Fri 12-40-41-PM,23.605,23.605,23.706,23.706,23.706,23.57,23.57,23.57,23.605,,23.706,23.706,,23.605,23.605,23.605
05-01-2026-Fri 12-40-42-PM,23.57,23.57,23.706,23.706,23.706,23.57,23.57,23.57,23.57,,23.706,23.706,,23.57,23.57,23.57
05-01-2026-Fri 12-40-43-PM,23.57,23.57,23.672,23.672,23.672,23.57,23.57,23.57,23.57,,23.672,23.672,,23.57,23.57,23.57
05-01-2026-Fri 12-40-45-PM,23.57,23.57,23.672,23.672,23.672,23.537,23.537,23.537,23.57,,23.672,23.672,,23.57,23.57,23.57
05-01-2026-Fri 12-40-46-PM,23.57,23.57,23.706,23.706,23.706,23.537,23.537,23.537,23.57,,23.706,23.706,,23.57,23.57,23.57
05-01-2026-Fri 12-40-48-PM,23.57,23.57,23.706,23.706,23.706,23.57,23.57,23.57,23.57,,23.706,23.706,,23.57,23.57,23.57
05-01-2026-Fri 12-40-49-PM,23.57,23.57,23.672,23.672,23.672,23.57,23.57,23.57,23.57,,23.672,23.672,,23.57,23.57,23.57
05-01-2026-Fri 12-40-50-PM,23.57,23.57,23.672,23.672,23.672,23.537,23.537,23.537,23.57,,23.672,23.672,,23.57,23.57,23.57
05-01-2026-Fri 12-40-52-PM,23.57,23.57,23.672,23.672,23.672,23.537,23.537,23.537,23.57,,23.672,23.672,,23.57,23.57,23.57
05-01-2026-Fri 12-40-53-PM,23.57,23.57,23.672,23.672,23.672,23.537,23.537,23.537,23.57,,23.672,23.672,,23.57,23.57,23.57
05-01-2026-Fri 12-40-55-PM,23.537,23.537,23.672,23.672,23.672,23.57,23.57,23.57,23.537,,23.672,23.672,,23.537,23.537,23.537
05-01-2026-Fri 12-40-56-PM,23.57,23.57,23.706,23.706,23.706,23.537,23.537,23.537,23.57,,23.706,23.706,,23.57,23.57,23.57
05-01-2026-Fri 12-40-57-PM,23.57,23.57,23.706,23.706,23.706,23.57,23.57,23.57,23.57,,23.706,23.706,,23.57,23.57,23.57
05-01-2026-Fri 12-40-59-PM,23.57,23.57,23.672,23.672,23.672,23.537,23.537,23.537,23.57,,23.672,23.672,,23.57,23.57,23.57
05-01-2026-Fri 12-41-00-PM,23.605,23.605,23.672,23.672,23.672,23.537,23.537,23.537,23.605,,23.672,23.672,,23.605,23.605,23.605
05-01-2026-Fri 12-41-02-PM,23.57,23.57,23.706,23.706,23.706,23.57,23.57,23.57,23.57,,23.706,23.706,,23.57,23.57,23.57
05-01-2026-Fri 12-41-03-PM,23.537,23.537,23.672,23.672,23.672,23.537,23.537,23.537,23.537,,23.672,23.672,,23.537,23.537,23.537
05-01-2026-Fri 12-41-04-PM,23.57,23.57,23.672,23.672,23.672,23.503,23.503,23.503,23.57,,23.672,23.672,,23.57,23.57,23.57
05-01-2026-Fri 12-41-06-PM,23.57,23.57,23.672,23.672,23.672,23.537,23.537,23.537,23.57,,23.672,23.672,,23.57,23.57,23.57
05-01-2026-Fri 12-41-07-PM,23.537,23.537,23.672,23.672,23.672,23.537,23.537,23.537,23.537,,23.672,23.672,,23.537,23.537,23.537
05-01-2026-Fri 12-41-09-PM,23.57,23.57,23.672,23.672,23.672,23.503,23.503,23.503,23.57,,23.672,23.672,,23.57,23.57,23.57
05-01-2026-Fri 12-41-10-PM,23.537,23.537,23.672,23.672,23.672,23.537,23.537,23.537,23.537,,23.672,23.672,,23.537,23.537,23.537
05-01-2026-Fri 12-41-11-PM,23.57,23.57,23.672,23.672,23.672,23.503,23.503,23.503,23.57,,23.672,23.672,,23.57,23.57,23.57
05-01-2026-Fri 12-41-13-PM,23.57,23.57,23.639,23.639,23.639,23.469,23.469,23.469,23.57,,23.639,23.639,,23.57,23.57,23.57
05-01-2026-Fri 12-41-14-PM,23.57,23.57,23.672,23.672,23.672,23.503,23.503,23.503,23.57,,23.672,23.672,,23.57,23.57,23.57
05-01-2026-Fri 12-41-16-PM,23.57,23.57,23.672,23.672,23.672,23.469,23.469,23.469,23.57,,23.672,23.672,,23.57,23.57,23.57
05-01-2026-Fri 12-41-17-PM,23.57,23.57,23.672,23.672,23.672,23.503,23.503,23.503,23.57,,23.672,23.672,,23.57,23.57,23.57
05-01-2026-Fri 12-41-18-PM,23.57,23.57,23.672,23.672,23.672,23.57,23.57,23.57,23.57,,23.672,23.672,,23.57,23.57,23.57
05-01-2026-Fri 12-41-20-PM,23.537,23.537,23.672,23.672,23.672,23.537,23.537,23.537,23.537,,23.672,23.672,,23.537,23.537,23.537
05-01-2026-Fri 12-41-21-PM,23.537,23.537,23.639,23.639,23.639,23.57,23.57,23.57,23.537,,23.639,23.639,,23.537,23.537,23.537
05-01-2026-Fri 12-41-23-PM,23.57,23.57,23.672,23.672,23.672,23.57,23.57,23.57,23.57,,23.672,23.672,,23.57,23.57,23.57
05-01-2026-Fri 12-41-24-PM,23.537,23.537,23.672,23.672,23.672,23.537,23.537,23.537,23.537,,23.672,23.672,,23.537,23.537,23.537
05-01-2026-Fri 12-41-25-PM,23.537,23.537,23.672,23.672,23.672,23.537,23.537,23.537,23.537,,23.672,23.672,,23.537,23.537,23.537
05-01-2026-Fri 12-41-27-PM,23.57,23.57,23.672,23.672,23.672,23.537,23.537,23.537,23.57,,23.672,23.672,,23.57,23.57,23.57
05-01-2026-Fri 12-41-28-PM,23.537,23.537,23.639,23.639,23.639,23.503,23.503,23.503,23.537,,23.639,23.639,,23.537,23.537,23.537
05-01-2026-Fri 12-41-29-PM,23.537,23.537,23.672,23.672,23.672,23.57,23.57,23.57,23.537,,23.672,23.672,,23.537,23.537,23.537
05-01-2026-Fri 12-41-31-PM,23.57,23.57,23.639,23.639,23.639,23.503,23.503,23.503,23.57,,23.639,23.639,,23.57,23.57,23.57
05-01-2026-Fri 12-41-32-PM,23.537,23.537,23.672,23.672,23.672,23.537,23.537,23.537,23.537,,23.672,23.672,,23.537,23.537,23.537
05-01-2026-Fri 12-41-34-PM,23.57,23.57,23.639,23.639,23.639,23.57,23.57,23.57,23.57,,23.639,23.639,,23.57,23.57,23.57
05-01-2026-Fri 12-41-35-PM,23.57,23.57,23.672,23.672,23.672,23.537,23.537,23.537,23.57,,23.672,23.672,,23.57,23.57,23.57
05-01-2026-Fri 12-41-36-PM,23.537,23.537,23.672,23.672,23.672,23.537,23.537,23.537,23.537,,23.672,23.672,,23.537,23.537,23.537
05-01-2026-Fri 12-41-38-PM,23.537,23.537,23.639,23.639,23.639,23.537,23.537,23.537,23.537,,23.639,23.639,,23.537,23.537,23.537
05-01-2026-Fri 12-41-39-PM,23.57,23.57,23.639,23.639,23.639,23.537,23.537,23.537,23.57,,23.639,23.639,,23.57,23.57,23.57
05-01-2026-Fri 12-41-41-PM,23.57,23.57,23.639,23.639,23.639,23.537,23.537,23.537,23.57,,23.639,23.639,,23.57,23.57,23.57
05-01-2026-Fri 12-41-42-PM,23.537,23.537,23.639,23.639,23.639,23.537,23.537,23.537,23.537,,23.639,23.639,,23.537,23.537,23.537
05-01-2026-Fri 12-41-43-PM,23.57,23.57,23.672,23.672,23.672,23.503,23.503,23.503,23.57,,23.672,23.672,,23.57,23.57,23.57
05-01-2026-Fri 12-41-45-PM,23.537,23.537,23.672,23.672,23.672,23.503,23.503,23.503,23.537,,23.672,23.672,,23.537,23.537,23.537
05-01-2026-Fri 12-41-46-PM,23.537,23.537,23.639,23.639,23.639,23.537,23.537,23.537,23.537,,23.639,23.639,,23.537,23.537,23.537
05-01-2026-Fri 12-41-49-PM,23.57,23.57,23.672,23.672,23.672,23.469,23.469,23.469,23.57,,23.672,23.672,,23.57,23.57,23.57
05-01-2026-Fri 12-41-52-PM,23.537,23.537,23.672,23.672,23.672,23.537,23.537,23.537,23.537,,23.672,23.672,,23.537,23.537,23.537
05-01-2026-Fri 12-41-54-PM,23.57,23.57,23.639,23.639,23.639,23.537,23.537,23.537,23.57,,23.639,23.639,,23.57,23.57,23.57
05-01-2026-Fri 12-41-55-PM,23.57,23.57,23.672,23.672,23.672,23.436,23.436,23.436,23.57,,23.672,23.672,,23.57,23.57,23.57
05-01-2026-Fri 12-41-57-PM,23.537,23.537,23.672,23.672,23.672,23.503,23.503,23.503,23.537,,23.672,23.672,,23.537,23.537,23.537
05-01-2026-Fri 12-41-58-PM,23.57,23.57,23.639,23.639,23.639,23.57,23.57,23.57,23.57,,23.639,23.639,,23.57,23.57,23.57
05-01-2026-Fri 12-41-59-PM,23.57,23.57,23.639,23.639,23.639,23.537,23.537,23.537,23.57,,23.639,23.639,,23.57,23.57,23.57
05-01-2026-Fri 12-42-01-PM,23.537,23.537,23.639,23.639,23.639,23.503,23.503,23.503,23.537,,23.639,23.639,,23.537,23.537,23.537
05-01-2026-Fri 12-42-02-PM,23.537,23.537,23.639,23.639,23.639,23.503,23.503,23.503,23.537,,23.639,23.639,,23.537,23.537,23.537
05-01-2026-Fri 12-42-04-PM,23.537,23.537,23.639,23.639,23.639,23.503,23.503,23.503,23.537,,23.639,23.639,,23.537,23.537,23.537
05-01-2026-Fri 12-42-05-PM,23.503,23.503,23.639,23.639,23.639,23.469,23.469,23.469,23.503,,23.639,23.639,,23.503,23.503,23.503
05-01-2026-Fri 12-42-06-PM,23.537,23.537,23.639,23.639,23.639,23.503,23.503,23.503,23.537,,23.639,23.639,,23.537,23.537,23.537
05-01-2026-Fri 12-42-08-PM,23.57,23.57,23.605,23.605,23.605,23.469,23.469,23.469,23.57,,23.605,23.605,,23.57,23.57,23.57
05-01-2026-Fri 12-42-10-PM,23.537,23.537,23.639,23.639,23.639,23.503,23.503,23.503,23.537,,23.639,23.639,,23.537,23.537,23.537
05-01-2026-Fri 12-42-11-PM,23.537,23.537,23.639,23.639,23.639,23.537,23.537,23.537,23.537,,23.639,23.639,,23.537,23.537,23.537
05-01-2026-Fri 12-42-12-PM,23.537,23.537,23.672,23.672,23.672,23.469,23.469,23.469,23.537,,23.672,23.672,,23.537,23.537,23.537
05-01-2026-Fri 12-42-14-PM,23.57,23.57,23.639,23.639,23.639,23.537,23.537,23.537,23.57,,23.639,23.639,,23.57,23.57,23.57
05-01-2026-Fri 12-42-15-PM,23.537,23.537,23.639,23.639,23.639,23.537,23.537,23.537,23.537,,23.639,23.639,,23.537,23.537,23.537
05-01-2026-Fri 12-42-17-PM,23.537,23.537,23.639,23.639,23.639,23.537,23.537,23.537,23.537,,23.639,23.639,,23.537,23.537,23.537
05-01-2026-Fri 12-42-18-PM,23.537,23.537,23.639,23.639,23.639,23.537,23.537,23.537,23.537,,23.639,23.639,,23.537,23.537,23.537
05-01-2026-Fri 12-42-19-PM,23.537,23.537,23.639,23.639,23.639,23.503,23.503,23.503,23.537,,23.639,23.639,,23.537,23.537,23.537
05-01-2026-Fri 12-42-21-PM,23.537,23.537,23.639,23.639,23.639,23.503,23.503,23.503,23.537,,23.639,23.639,,23.537,23.537,23.537
05-01-2026-Fri 12-42-22-PM,23.537,23.537,23.639,23.639,23.639,23.503,23.503,23.503,23.537,,23.639,23.639,,23.537,23.537,23.537
05-01-2026-Fri 12-42-24-PM,23.537,23.537,23.672,23.672,23.672,23.469,23.469,23.469,23.537,,23.672,23.672,,23.537,23.537,23.537
05-01-2026-Fri 12-42-25-PM,23.537,23.537,23.639,23.639,23.639,23.503,23.503,23.503,23.537,,23.639,23.639,,23.537,23.537,23.537
05-01-2026-Fri 12-42-26-PM,23.537,23.537,23.639,23.639,23.639,23.537,23.537,23.537,23.537,,23.639,23.639,,23.537,23.537,23.537
05-01-2026-Fri 12-42-28-PM,23.537,23.537,23.639,23.639,23.639,23.503,23.503,23.503,23.537,,23.639,23.639,,23.537,23.537,23.537
05-01-2026-Fri 12-42-29-PM,23.537,23.537,23.605,23.605,23.605,23.503,23.503,23.503,23.537,,23.605,23.605,,23.537,23.537,23.537
05-01-2026-Fri 12-42-30-PM,23.537,23.537,23.639,23.639,23.639,23.503,23.503,23.503,23.537,,23.639,23.639,,23.537,23.537,23.537
05-01-2026-Fri 12-42-32-PM,23.537,23.537,23.639,23.639,23.639,23.503,23.503,23.503,23.537,,23.639,23.639,,23.537,23.537,23.537
05-01-2026-Fri 12-42-33-PM,23.57,23.57,23.639,23.639,23.639,23.537,23.537,23.537,23.57,,23.639,23.639,,23.57,23.57,23.57
05-01-2026-Fri 12-42-35-PM,23.537,23.537,23.639,23.639,23.639,23.57,23.57,23.57,23.537,,23.639,23.639,,23.537,23.537,23.537
05-01-2026-Fri 12-42-36-PM,23.537,23.537,23.605,23.605,23.605,23.537,23.537,23.537,23.537,,23.605,23.605,,23.537,23.537,23.537
05-01-2026-Fri 12-42-37-PM,23.537,23.537,23.639,23.639,23.639,23.537,23.537,23.537,23.537,,23.639,23.639,,23.537,23.537,23.537
05-01-2026-Fri 12-42-39-PM,23.537,23.537,23.639,23.639,23.639,23.503,23.503,23.503,23.537,,23.639,23.639,,23.537,23.537,23.537
05-01-2026-Fri 12-42-40-PM,23.537,23.537,23.672,23.672,23.672,23.537,23.537,23.537,23.537,,23.672,23.672,,23.537,23.537,23.537
05-01-2026-Fri 12-42-42-PM,23.537,23.537,23.639,23.639,23.639,23.469,23.469,23.469,23.537,,23.639,23.639,,23.537,23.537,23.537
05-01-2026-Fri 12-42-43-PM,23.503,23.503,23.639,23.639,23.639,23.469,23.469,23.469,23.503,,23.639,23.639,,23.503,23.503,23.503
05-01-2026-Fri 12-42-44-PM,23.537,23.537,23.639,23.639,23.639,23.503,23.503,23.503,23.537,,23.639,23.639,,23.537,23.537,23.537
05-01-2026-Fri 12-42-46-PM,23.537,23.537,23.639,23.639,23.639,23.503,23.503,23.503,23.537,,23.639,23.639,,23.537,23.537,23.537
05-01-2026-Fri 12-42-47-PM,23.537,23.537,23.639,23.639,23.639,23.469,23.469,23.469,23.537,,23.639,23.639,,23.537,23.537,23.537
05-01-2026-Fri 12-42-49-PM,23.537,23.537,23.639,23.639,23.639,23.469,23.469,23.469,23.537,,23.639,23.639,,23.537,23.537,23.537
05-01-2026-Fri 12-42-50-PM,23.503,23.503,23.639,23.639,23.639,23.469,23.469,23.469,23.503,,23.639,23.639,,23.503,23.503,23.503
05-01-2026-Fri 12-42-51-PM,23.537,23.537,23.639,23.639,23.639,23.503,23.503,23.503,23.537,,23.639,23.639,,23.537,23.537,23.537
05-01-2026-Fri 12-42-53-PM,23.57,23.57,23.605,23.605,23.605,23.537,23.537,23.537,23.57,,23.605,23.605,,23.57,23.57,23.57
05-01-2026-Fri 12-42-54-PM,23.537,23.537,23.639,23.639,23.639,23.503,23.503,23.503,23.537,,23.639,23.639,,23.537,23.537,23.537
05-01-2026-Fri 12-42-56-PM,23.537,23.537,23.639,23.639,23.639,23.436,23.436,23.436,23.537,,23.639,23.639,,23.537,23.537,23.537
05-01-2026-Fri 12-42-57-PM,23.503,23.503,23.639,23.639,23.639,23.537,23.537,23.537,23.503,,23.639,23.639,,23.503,23.503,23.503
05-01-2026-Fri 12-42-58-PM,23.537,23.537,23.639,23.639,23.639,23.503,23.503,23.503,23.537,,23.639,23.639,,23.537,23.537,23.537
05-01-2026-Fri 12-43-00-PM,23.537,23.537,23.639,23.639,23.639,23.503,23.503,23.503,23.537,,23.639,23.639,,23.537,23.537,23.537
05-01-2026-Fri 12-43-01-PM,23.537,23.537,23.605,23.605,23.605,23.436,23.436,23.436,23.537,,23.605,23.605,,23.537,23.537,23.537
05-01-2026-Fri 12-43-03-PM,23.537,23.537,23.639,23.639,23.639,23.503,23.503,23.503,23.537,,23.639,23.639,,23.537,23.537,23.537
05-01-2026-Fri 12-43-04-PM,23.537,23.537,23.639,23.639,23.639,23.537,23.537,23.537,23.537,,23.639,23.639,,23.537,23.537,23.537
05-01-2026-Fri 12-43-06-PM,23.503,23.503,23.605,23.605,23.605,23.469,23.469,23.469,23.503,,23.605,23.605,,23.503,23.503,23.503
05-01-2026-Fri 12-43-07-PM,23.537,23.537,23.639,23.639,23.639,23.503,23.503,23.503,23.537,,23.639,23.639,,23.537,23.537,23.537
05-01-2026-Fri 12-43-09-PM,23.503,23.503,23.605,23.605,23.605,23.537,23.537,23.537,23.503,,23.605,23.605,,23.503,23.503,23.503
05-01-2026-Fri 12-43-10-PM,23.537,23.537,23.639,23.639,23.639,23.469,23.469,23.469,23.537,,23.639,23.639,,23.537,23.537,23.537
05-01-2026-Fri 12-43-11-PM,23.537,23.537,23.639,23.639,23.639,23.469,23.469,23.469,23.537,,23.639,23.639,,23.537,23.537,23.537
05-01-2026-Fri 12-43-13-PM,23.503,23.503,23.639,23.639,23.639,23.469,23.469,23.469,23.503,,23.639,23.639,,23.503,23.503,23.503
05-01-2026-Fri 12-43-14-PM,23.537,23.537,23.739,23.739,23.739,23.57,23.57,23.57,23.537,,23.739,23.739,,23.537,23.537,23.537
05-01-2026-Fri 12-43-16-PM,23.639,23.639,23.875,23.875,23.875,23.436,23.436,23.436,23.639,,23.875,23.875,,23.639,23.639,23.639
05-01-2026-Fri 12-43-17-PM,23.773,23.773,23.672,23.672,23.672,23.537,23.537,23.537,23.773,,23.672,23.672,,23.773,23.773,23.773
05-01-2026-Fri 12-43-18-PM,23.368,23.368,23.605,23.605,23.605,23.503,23.503,23.503,23.368,,23.605,23.605,,23.368,23.368,23.368
05-01-2026-Fri 12-43-20-PM,23.639,23.639,23.639,23.639,23.639,23.469,23.469,23.469,23.639,,23.639,23.639,,23.639,23.639,23.639
05-01-2026-Fri 12-43-21-PM,23.537,23.537,23.639,23.639,23.639,23.503,23.503,23.503,23.537,,23.639,23.639,,23.537,23.537,23.537
05-01-2026-Fri 12-43-23-PM,23.503,23.503,23.639,23.639,23.639,23.503,23.503,23.503,23.503,,23.639,23.639,,23.503,23.503,23.503
05-01-2026-Fri 12-43-24-PM,23.57,23.57,23.639,23.639,23.639,23.503,23.503,23.503,23.57,,23.639,23.639,,23.57,23.57,23.57
05-01-2026-Fri 12-43-25-PM,23.537,23.537,23.639,23.639,23.639,23.537,23.537,23.537,23.537,,23.639,23.639,,23.537,23.537,23.537
05-01-2026-Fri 12-43-27-PM,23.537,23.537,23.605,23.605,23.605,23.537,23.537,23.537,23.537,,23.605,23.605,,23.537,23.537,23.537
05-01-2026-Fri 12-43-28-PM,23.537,23.537,23.639,23.639,23.639,23.469,23.469,23.469,23.537,,23.639,23.639,,23.537,23.537,23.537
05-01-2026-Fri 12-43-30-PM,23.537,23.537,23.639,23.639,23.639,23.469,23.469,23.469,23.537,,23.639,23.639,,23.537,23.537,23.537
05-01-2026-Fri 12-43-31-PM,23.537,23.537,23.639,23.639,23.639,23.469,23.469,23.469,23.537,,23.639,23.639,,23.537,23.537,23.537
05-01-2026-Fri 12-43-33-PM,23.537,23.537,23.605,23.605,23.605,23.537,23.537,23.537,23.537,,23.605,23.605,,23.537,23.537,23.537
05-01-2026-Fri 12-43-34-PM,23.537,23.537,23.639,23.639,23.639,23.537,23.537,23.537,23.537,,23.639,23.639,,23.537,23.537,23.537
05-01-2026-Fri 12-43-36-PM,23.537,23.537,23.639,23.639,23.639,23.503,23.503,23.503,23.537,,23.639,23.639,,23.537,23.537,23.537
05-01-2026-Fri 12-43-37-PM,23.537,23.537,23.605,23.605,23.605,23.469,23.469,23.469,23.537,,23.605,23.605,,23.537,23.537,23.537
05-01-2026-Fri 12-43-38-PM,23.503,23.503,23.605,23.605,23.605,23.537,23.537,23.537,23.503,,23.605,23.605,,23.503,23.503,23.503
05-01-2026-Fri 12-43-40-PM,23.537,23.537,23.605,23.605,23.605,23.503,23.503,23.503,23.537,,23.605,23.605,,23.537,23.537,23.537
05-01-2026-Fri 12-43-41-PM,23.537,23.537,23.605,23.605,23.605,23.503,23.503,23.503,23.537,,23.605,23.605,,23.537,23.537,23.537
05-01-2026-Fri 12-43-43-PM,23.503,23.503,23.57,23.57,23.57,23.469,23.469,23.469,23.503,,23.57,23.57,,23.503,23.503,23.503
05-01-2026-Fri 12-43-44-PM,23.537,23.537,23.57,23.57,23.57,23.469,23.469,23.469,23.537,,23.57,23.57,,23.537,23.537,23.537
05-01-2026-Fri 12-43-45-PM,23.503,23.503,23.57,23.57,23.57,23.469,23.469,23.469,23.503,,23.57,23.57,,23.503,23.503,23.503
05-01-2026-Fri 12-43-47-PM,23.537,23.537,23.57,23.57,23.57,23.469,23.469,23.469,23.537,,23.57,23.57,,23.537,23.537,23.537
05-01-2026-Fri 12-43-48-PM,23.503,23.503,23.537,23.537,23.537,23.469,23.469,23.469,23.503,,23.537,23.537,,23.503,23.503,23.503
05-01-2026-Fri 12-43-50-PM,23.537,23.537,23.57,23.57,23.57,23.469,23.469,23.469,23.537,,23.57,23.57,,23.537,23.537,23.537
05-01-2026-Fri 12-43-51-PM,23.503,23.503,23.503,23.503,23.503,23.469,23.469,23.469,23.503,,23.503,23.503,,23.503,23.503,23.503
05-01-2026-Fri 12-43-52-PM,23.503,23.503,23.537,23.537,23.537,23.469,23.469,23.469,23.503,,23.537,23.537,,23.503,23.503,23.503
05-01-2026-Fri 12-43-54-PM,23.503,23.503,23.537,23.537,23.537,23.469,23.469,23.469,23.503,,23.537,23.537,,23.503,23.503,23.503
05-01-2026-Fri 12-43-55-PM,23.469,23.469,23.503,23.503,23.503,23.402,23.402,23.402,23.469,,23.503,23.503,,23.469,23.469,23.469
05-01-2026-Fri 12-43-56-PM,23.469,23.469,23.469,23.469,23.469,23.436,23.436,23.436,23.469,,23.469,23.469,,23.469,23.469,23.469
05-01-2026-Fri 12-43-58-PM,23.469,23.469,23.503,23.503,23.503,23.436,23.436,23.436,23.469,,23.503,23.503,,23.469,23.469,23.469
05-01-2026-Fri 12-43-59-PM,23.436,23.436,23.469,23.469,23.469,23.436,23.436,23.436,23.436,,23.469,23.469,,23.436,23.436,23.436
05-01-2026-Fri 12-44-01-PM,23.436,23.436,23.469,23.469,23.469,23.368,23.368,23.368,23.436,,23.469,23.469,,23.436,23.436,23.436
05-01-2026-Fri 12-44-02-PM,23.436,23.436,23.436,23.436,23.436,23.402,23.402,23.402,23.436,,23.436,23.436,,23.436,23.436,23.436
05-01-2026-Fri 12-44-03-PM,23.436,23.436,23.402,23.402,23.402,23.334,23.334,23.334,23.436,,23.402,23.402,,23.436,23.436,23.436
05-01-2026-Fri 12-44-05-PM,23.402,23.402,23.368,23.368,23.368,23.368,23.368,23.368,23.402,,23.368,23.368,,23.402,23.402,23.402
05-01-2026-Fri 12-44-06-PM,23.402,23.402,23.368,23.368,23.368,23.334,23.334,23.334,23.402,,23.368,23.368,,23.402,23.402,23.402
05-01-2026-Fri 12-44-08-PM,23.368,23.368,23.334,23.334,23.334,23.334,23.334,23.334,23.368,,23.334,23.334,,23.368,23.368,23.368
05-01-2026-Fri 12-44-09-PM,23.368,23.368,23.334,23.334,23.334,23.368,23.368,23.368,23.368,,23.334,23.334,,23.368,23.368,23.368
05-01-2026-Fri 12-44-10-PM,23.334,23.334,23.3,23.3,23.3,23.3,23.3,23.3,23.334,,23.3,23.3,,23.334,23.334,23.334
05-01-2026-Fri 12-44-12-PM,23.3,23.3,23.266,23.266,23.266,23.3,23.3,23.3,23.3,,23.266,23.266,,23.3,23.3,23.3
05-01-2026-Fri 12-44-13-PM,23.266,23.266,23.232,23.232,23.232,23.3,23.3,23.3,23.266,,23.232,23.232,,23.266,23.266,23.266
05-01-2026-Fri 12-44-15-PM,23.266,23.266,23.232,23.232,23.232,23.266,23.266,23.266,23.266,,23.232,23.232,,23.266,23.266,23.266
05-01-2026-Fri 12-44-16-PM,23.266,23.266,23.199,23.199,23.199,23.266,23.266,23.266,23.266,,23.199,23.199,,23.266,23.266,23.266
05-01-2026-Fri 12-44-17-PM,23.199,23.199,23.164,23.164,23.164,23.199,23.199,23.199,23.199,,23.164,23.164,,23.199,23.199,23.199
05-01-2026-Fri 12-44-19-PM,23.199,23.199,23.132,23.132,23.132,23.199,23.199,23.199,23.199,,23.132,23.132,,23.199,23.199,23.199
05-01-2026-Fri 12-44-20-PM,23.164,23.164,23.063,23.063,23.063,23.164,23.164,23.164,23.164,,23.063,23.063,,23.164,23.164,23.164
05-01-2026-Fri 12-44-22-PM,23.132,23.132,23.03,23.03,23.03,23.164,23.164,23.164,23.132,,23.03,23.03,,23.132,23.132,23.132
05-01-2026-Fri 12-44-23-PM,23.063,23.063,22.996,22.996,22.996,23.132,23.132,23.132,23.063,,22.996,22.996,,23.063,23.063,23.063
05-01-2026-Fri 12-44-24-PM,23.03,23.03,22.962,22.962,22.962,23.132,23.132,23.132,23.03,,22.962,22.962,,23.03,23.03,23.03
05-01-2026-Fri 12-44-26-PM,22.996,22.996,22.894,22.894,22.894,23.098,23.098,23.098,22.996,,22.894,22.894,,22.996,22.996,22.996
05-01-2026-Fri 12-44-27-PM,22.962,22.962,22.86,22.86,22.86,23.03,23.03,23.03,22.962,,22.86,22.86,,22.962,22.962,22.962
05-01-2026-Fri 12-44-29-PM,22.928,22.928,22.827,22.827,22.827,23.063,23.063,23.063,22.928,,22.827,22.827,,22.928,22.928,22.928
05-01-2026-Fri 12-44-30-PM,22.86,22.86,22.76,22.76,22.76,23.03,23.03,23.03,22.86,,22.76,22.76,,22.86,22.86,22.86
05-01-2026-Fri 12-44-31-PM,22.793,22.793,22.692,22.692,22.692,22.996,22.996,22.996,22.793,,22.692,22.692,,22.793,22.793,22.793
05-01-2026-Fri 12-44-33-PM,22.725,22.725,22.624,22.624,22.624,22.962,22.962,22.962,22.725,,22.624,22.624,,22.725,22.725,22.725
05-01-2026-Fri 12-44-34-PM,22.692,22.692,22.59,22.59,22.59,22.928,22.928,22.928,22.692,,22.59,22.59,,22.692,22.692,22.692
05-01-2026-Fri 12-44-36-PM,22.658,22.658,22.523,22.523,22.523,22.86,22.86,22.86,22.658,,22.523,22.523,,22.658,22.658,22.658
05-01-2026-Fri 12-44-37-PM,22.59,22.59,22.421,22.421,22.421,22.827,22.827,22.827,22.59,,22.421,22.421,,22.59,22.59,22.59
05-01-2026-Fri 12-44-38-PM,22.523,22.523,22.387,22.387,22.387,22.793,22.793,22.793,22.523,,22.387,22.387,,22.523,22.523,22.523
05-01-2026-Fri 12-44-40-PM,22.455,22.455,22.286,22.286,22.286,22.76,22.76,22.76,22.455,,22.286,22.286,,22.455,22.455,22.455
05-01-2026-Fri 12-44-41-PM,22.387,22.387,22.219,22.219,22.219,22.76,22.76,22.76,22.387,,22.219,22.219,,22.387,22.387,22.387
05-01-2026-Fri 12-44-42-PM,22.32,22.32,22.151,22.151,22.151,22.624,22.624,22.624,22.32,,22.151,22.151,,22.32,22.32,22.32
05-01-2026-Fri 12-44-44-PM,22.253,22.253,22.083,22.083,22.083,22.658,22.658,22.658,22.253,,22.083,22.083,,22.253,22.253,22.253
05-01-2026-Fri 12-44-45-PM,22.185,22.185,22.016,22.016,22.016,22.59,22.59,22.59,22.185,,22.016,22.016,,22.185,22.185,22.185
05-01-2026-Fri 12-44-47-PM,22.117,22.117,21.948,21.948,21.948,22.59,22.59,22.59,22.117,,21.948,21.948,,22.117,22.117,22.117
05-01-2026-Fri 12-44-48-PM,22.016,22.016,21.847,21.847,21.847,22.523,22.523,22.523,22.016,,21.847,21.847,,22.016,22.016,22.016
05-01-2026-Fri 12-44-49-PM,21.982,21.982,21.779,21.779,21.779,22.523,22.523,22.523,21.982,,21.779,21.779,,21.982,21.982,21.982
05-01-2026-Fri 12-44-51-PM,21.914,21.914,21.678,21.678,21.678,22.387,22.387,22.387,21.914,,21.678,21.678,,21.914,21.914,21.914
05-01-2026-Fri 12-44-52-PM,21.847,21.847,21.644,21.644,21.644,22.387,22.387,22.387,21.847,,21.644,21.644,,21.847,21.847,21.847
05-01-2026-Fri 12-44-54-PM,21.745,21.745,21.576,21.576,21.576,22.286,22.286,22.286,21.745,,21.576,21.576,,21.745,21.745,21.745
05-01-2026-Fri 12-44-55-PM,21.712,21.712,21.475,21.475,21.475,22.253,22.253,22.253,21.712,,21.475,21.475,,21.712,21.712,21.712
05-01-2026-Fri 12-44-56-PM,21.611,21.611,21.408,21.408,21.408,22.219,22.219,22.219,21.611,,21.408,21.408,,21.611,21.611,21.611
05-01-2026-Fri 12-44-58-PM,21.543,21.543,21.34,21.34,21.34,22.185,22.185,22.185,21.543,,21.34,21.34,,21.543,21.543,21.543
05-01-2026-Fri 12-44-59-PM,21.475,21.475,21.272,21.272,21.272,22.151,22.151,22.151,21.475,,21.272,21.272,,21.475,21.475,21.475
05-01-2026-Fri 12-45-01-PM,21.408,21.408,21.17,21.17,21.17,22.049,22.049,22.049,21.408,,21.17,21.17,,21.408,21.408,21.408
05-01-2026-Fri 12-45-02-PM,21.306,21.306,21.104,21.104,21.104,21.982,21.982,21.982,21.306,,21.104,21.104,,21.306,21.306,21.306
05-01-2026-Fri 12-45-03-PM,21.238,21.238,21.036,21.036,21.036,21.948,21.948,21.948,21.238,,21.036,21.036,,21.238,21.238,21.238
05-01-2026-Fri 12-45-05-PM,21.17,21.17,20.934,20.934,20.934,21.948,21.948,21.948,21.17,,20.934,20.934,,21.17,21.17,21.17
05-01-2026-Fri 12-45-06-PM,21.07,21.07,20.866,20.866,20.866,21.847,21.847,21.847,21.07,,20.866,20.866,,21.07,21.07,21.07
05-01-2026-Fri 12-45-08-PM,21.002,21.002,20.8,20.8,20.8,21.847,21.847,21.847,21.002,,20.8,20.8,,21.002,21.002,21.002
05-01-2026-Fri 12-45-09-PM,20.934,20.934,20.766,20.766,20.766,21.812,21.812,21.812,20.934,,20.766,20.766,,20.934,20.934,20.934
05-01-2026-Fri 12-45-10-PM,20.833,20.833,20.664,20.664,20.664,21.712,21.712,21.712,20.833,,20.664,20.664,,20.833,20.833,20.833
05-01-2026-Fri 12-45-12-PM,20.8,20.8,20.562,20.562,20.562,21.678,21.678,21.678,20.8,,20.562,20.562,,20.8,20.8,20.8
05-01-2026-Fri 12-45-13-PM,20.732,20.732,20.496,20.496,20.496,21.644,21.644,21.644,20.732,,20.496,20.496,,20.732,20.732,20.732
05-01-2026-Fri 12-45-15-PM,20.63,20.63,20.462,20.462,20.462,21.576,21.576,21.576,20.63,,20.462,20.462,,20.63,20.63,20.63
05-01-2026-Fri 12-45-16-PM,20.562,20.562,20.36,20.36,20.36,21.475,21.475,21.475,20.562,,20.36,20.36,,20.562,20.562,20.562
05-01-2026-Fri 12-45-17-PM,20.496,20.496,20.292,20.292,20.292,21.441,21.441,21.441,20.496,,20.292,20.292,,20.496,20.496,20.496
05-01-2026-Fri 12-45-19-PM,20.428,20.428,20.192,20.192,20.192,21.374,21.374,21.374,20.428,,20.192,20.192,,20.428,20.428,20.428
05-01-2026-Fri 12-45-20-PM,20.326,20.326,20.158,20.158,20.158,21.34,21.34,21.34,20.326,,20.158,20.158,,20.326,20.326,20.326
05-01-2026-Fri 12-45-22-PM,20.292,20.292,20.056,20.056,20.056,21.238,21.238,21.238,20.292,,20.056,20.056,,20.292,20.292,20.292
05-01-2026-Fri 12-45-23-PM,20.192,20.192,19.988,19.988,19.988,21.238,21.238,21.238,20.192,,19.988,19.988,,20.192,20.192,20.192
05-01-2026-Fri 12-45-24-PM,20.124,20.124,19.921,19.921,19.921,21.137,21.137,21.137,20.124,,19.921,19.921,,20.124,20.124,20.124
05-01-2026-Fri 12-45-26-PM,20.022,20.022,19.82,19.82,19.82,21.07,21.07,21.07,20.022,,19.82,19.82,,20.022,20.022,20.022
05-01-2026-Fri 12-45-27-PM,19.988,19.988,19.786,19.786,19.786,21.002,21.002,21.002,19.988,,19.786,19.786,,19.988,19.988,19.988
05-01-2026-Fri 12-45-29-PM,20.056,20.056,19.752,19.752,19.752,20.968,20.968,20.968,20.056,,19.752,19.752,,20.056,20.056,20.056
05-01-2026-Fri 12-45-30-PM,19.954,19.954,19.921,19.921,19.921,20.934,20.934,20.934,19.954,,19.921,19.921,,19.954,19.954,19.954
05-01-2026-Fri 12-45-31-PM,19.954,19.954,19.65,19.65,19.65,20.866,20.866,20.866,19.954,,19.65,19.65,,19.954,19.954,19.954
05-01-2026-Fri 12-45-33-PM,19.718,19.718,19.516,19.516,19.516,20.833,20.833,20.833,19.718,,19.516,19.516,,19.718,19.718,19.718
05-01-2026-Fri 12-45-35-PM,19.65,19.65,19.448,19.448,19.448,20.8,20.8,20.8,19.65,,19.448,19.448,,19.65,19.65,19.65
05-01-2026-Fri 12-45-36-PM,19.584,19.584,19.38,19.38,19.38,20.63,20.63,20.63,19.584,,19.38,19.38,,19.584,19.584,19.584
05-01-2026-Fri 12-45-37-PM,19.516,19.516,19.28,19.28,19.28,20.596,20.596,20.596,19.516,,19.28,19.28,,19.516,19.516,19.516
05-01-2026-Fri 12-45-39-PM,19.414,19.414,19.212,19.212,19.212,20.496,20.496,20.496,19.414,,19.212,19.212,,19.414,19.414,19.414
05-01-2026-Fri 12-45-40-PM,19.346,19.346,19.144,19.144,19.144,20.462,20.462,20.462,19.346,,19.144,19.144,,19.346,19.346,19.346
05-01-2026-Fri 12-45-42-PM,19.313,19.313,19.076,19.076,19.076,20.428,20.428,20.428,19.313,,19.076,19.076,,19.313,19.313,19.313
05-01-2026-Fri 12-45-43-PM,19.246,19.246,19.01,19.01,19.01,20.394,20.394,20.394,19.246,,19.01,19.01,,19.246,19.246,19.246
05-01-2026-Fri 12-45-44-PM,19.178,19.178,18.976,18.976,18.976,20.292,20.292,20.292,19.178,,18.976,18.976,,19.178,19.178,19.178
05-01-2026-Fri 12-45-46-PM,19.11,19.11,18.908,18.908,18.908,20.192,20.192,20.192,19.11,,18.908,18.908,,19.11,19.11,19.11
05-01-2026-Fri 12-45-47-PM,19.043,19.043,18.84,18.84,18.84,20.192,20.192,20.192,19.043,,18.84,18.84,,19.043,19.043,19.043
05-01-2026-Fri 12-45-48-PM,18.976,18.976,18.739,18.739,18.739,20.124,20.124,20.124,18.976,,18.739,18.739,,18.976,18.976,18.976
05-01-2026-Fri 12-45-50-PM,18.908,18.908,18.706,18.706,18.706,20.056,20.056,20.056,18.908,,18.706,18.706,,18.908,18.908,18.908
05-01-2026-Fri 12-45-51-PM,18.84,18.84,18.604,18.604,18.604,20.022,20.022,20.022,18.84,,18.604,18.604,,18.84,18.84,18.84
05-01-2026-Fri 12-45-53-PM,18.772,18.772,18.536,18.536,18.536,19.921,19.921,19.921,18.772,,18.536,18.536,,18.772,18.772,18.772
05-01-2026-Fri 12-45-54-PM,18.706,18.706,18.503,18.503,18.503,19.888,19.888,19.888,18.706,,18.503,18.503,,18.706,18.706,18.706
05-01-2026-Fri 12-45-55-PM,18.638,18.638,18.435,18.435,18.435,19.82,19.82,19.82,18.638,,18.435,18.435,,18.638,18.638,18.638
05-01-2026-Fri 12-45-57-PM,18.604,18.604,18.368,18.368,18.368,19.718,19.718,19.718,18.604,,18.368,18.368,,18.604,18.604,18.604
05-01-2026-Fri 12-46-00-PM,18.503,18.503,18.266,18.266,18.266,19.684,19.684,19.684,18.503,,18.266,18.266,,18.503,18.503,18.503
05-01-2026-Fri 12-46-02-PM,18.402,18.402,18.165,18.165,18.165,19.516,19.516,19.516,18.402,,18.165,18.165,,18.402,18.402,18.402
05-01-2026-Fri 12-46-05-PM,18.266,18.266,18.064,18.064,18.064,19.414,19.414,19.414,18.266,,18.064,18.064,,18.266,18.266,18.266
05-01-2026-Fri 12-46-08-PM,18.131,18.131,17.895,17.895,17.895,19.28,19.28,19.28,18.131,,17.895,17.895,,18.131,18.131,18.131
05-01-2026-Fri 12-46-10-PM,17.997,17.997,17.76,17.76,17.76,19.11,19.11,19.11,17.997,,17.76,17.76,,17.997,17.997,17.997
05-01-2026-Fri 12-46-11-PM,17.929,17.929,17.693,17.693,17.693,19.076,19.076,19.076,17.929,,17.693,17.693,,17.929,17.929,17.929
05-01-2026-Fri 12-46-13-PM,17.861,17.861,17.625,17.625,17.625,19.043,19.043,19.043,17.861,,17.625,17.625,,17.861,17.861,17.861
05-01-2026-Fri 12-46-14-PM,17.794,17.794,17.558,17.558,17.558,18.942,18.942,18.942,17.794,,17.558,17.558,,17.794,17.794,17.794
05-01-2026-Fri 12-46-15-PM,17.76,17.76,17.523,17.523,17.523,18.84,18.84,18.84,17.76,,17.523,17.523,,17.76,17.76,17.76
05-01-2026-Fri 12-46-17-PM,17.659,17.659,17.456,17.456,17.456,18.807,18.807,18.807,17.659,,17.456,17.456,,17.659,17.659,17.659
05-01-2026-Fri 12-46-18-PM,17.591,17.591,17.389,17.389,17.389,18.739,18.739,18.739,17.591,,17.389,17.389,,17.591,17.591,17.591
05-01-2026-Fri 12-46-20-PM,17.558,17.558,17.355,17.355,17.355,18.672,18.672,18.672,17.558,,17.355,17.355,,17.558,17.558,17.558
05-01-2026-Fri 12-46-21-PM,17.49,17.49,17.287,17.287,17.287,18.604,18.604,18.604,17.49,,17.287,17.287,,17.49,17.49,17.49
05-01-2026-Fri 12-46-22-PM,17.423,17.423,17.22,17.22,17.22,18.536,18.536,18.536,17.423,,17.22,17.22,,17.423,17.423,17.423
05-01-2026-Fri 12-46-24-PM,17.423,17.423,17.152,17.152,17.152,18.503,18.503,18.503,17.423,,17.152,17.152,,17.423,17.423,17.423
05-01-2026-Fri 12-46-25-PM,17.355,17.355,17.085,17.085,17.085,18.402,18.402,18.402,17.355,,17.085,17.085,,17.355,17.355,17.355
05-01-2026-Fri 12-46-27-PM,17.287,17.287,17.017,17.017,17.017,18.368,18.368,18.368,17.287,,17.017,17.017,,17.287,17.287,17.287
05-01-2026-Fri 12-46-28-PM,17.186,17.186,16.95,16.95,16.95,18.266,18.266,18.266,17.186,,16.95,16.95,,17.186,17.186,17.186
05-01-2026-Fri 12-46-29-PM,17.152,17.152,16.916,16.916,16.916,18.199,18.199,18.199,17.152,,16.916,16.916,,17.152,17.152,17.152
05-01-2026-Fri 12-46-31-PM,17.119,17.119,16.882,16.882,16.882,18.165,18.165,18.165,17.119,,16.882,16.882,,17.119,17.119,17.119
05-01-2026-Fri 12-46-32-PM,17.052,17.052,16.815,16.815,16.815,18.098,18.098,18.098,17.052,,16.815,16.815,,17.052,17.052,17.052
05-01-2026-Fri 12-46-34-PM,16.984,16.984,16.748,16.748,16.748,18.03,18.03,18.03,16.984,,16.748,16.748,,16.984,16.984,16.984
05-01-2026-Fri 12-46-35-PM,16.95,16.95,16.68,16.68,16.68,17.997,17.997,17.997,16.95,,16.68,16.68,,16.95,16.95,16.95
05-01-2026-Fri 12-46-36-PM,16.882,16.882,16.646,16.646,16.646,17.861,17.861,17.861,16.882,,16.646,16.646,,16.882,16.882,16.882
05-01-2026-Fri 12-46-38-PM,16.815,16.815,16.579,16.579,16.579,17.794,17.794,17.794,16.815,,16.579,16.579,,16.815,16.815,16.815
05-01-2026-Fri 12-46-39-PM,16.782,16.782,16.511,16.511,16.511,17.76,17.76,17.76,16.782,,16.511,16.511,,16.782,16.782,16.782
05-01-2026-Fri 12-46-41-PM,16.748,16.748,16.444,16.444,16.444,17.727,17.727,17.727,16.748,,16.444,16.444,,16.748,16.748,16.748
05-01-2026-Fri 12-46-42-PM,16.68,16.68,16.376,16.376,16.376,17.659,17.659,17.659,16.68,,16.376,16.376,,16.68,16.68,16.68
05-01-2026-Fri 12-46-43-PM,16.646,16.646,16.579,16.579,16.579,17.591,17.591,17.591,16.646,,16.579,16.579,,16.646,16.646,16.646
05-01-2026-Fri 12-46-45-PM,16.748,16.748,16.511,16.511,16.511,17.523,17.523,17.523,16.748,,16.511,16.511,,16.748,16.748,16.748
05-01-2026-Fri 12-46-46-PM,16.613,16.613,16.478,16.478,16.478,17.49,17.49,17.49,16.613,,16.478,16.478,,16.613,16.613,16.613
05-01-2026-Fri 12-46-48-PM,16.579,16.579,16.478,16.478,16.478,17.423,17.423,17.423,16.579,,16.478,16.478,,16.579,16.579,16.579
05-01-2026-Fri 12-46-49-PM,16.545,16.545,16.275,16.275,16.275,17.389,17.389,17.389,16.545,,16.275,16.275,,16.545,16.545,16.545
05-01-2026-Fri 12-46-50-PM,16.411,16.411,16.107,16.107,16.107,17.321,17.321,17.321,16.411,,16.107,16.107,,16.411,16.411,16.411
05-01-2026-Fri 12-46-52-PM,16.376,16.376,16.006,16.006,16.006,17.22,17.22,17.22,16.376,,16.006,16.006,,16.376,16.376,16.376
05-01-2026-Fri 12-46-53-PM,16.309,16.309,15.938,15.938,15.938,17.186,17.186,17.186,16.309,,15.938,15.938,,16.309,16.309,16.309
05-01-2026-Fri 12-46-54-PM,16.275,16.275,15.904,15.904,15.904,17.085,17.085,17.085,16.275,,15.904,15.904,,16.275,16.275,16.275
05-01-2026-Fri 12-46-56-PM,16.208,16.208,15.836,15.836,15.836,17.017,17.017,17.017,16.208,,15.836,15.836,,16.208,16.208,16.208
05-01-2026-Fri 12-46-57-PM,16.174,16.174,15.803,15.803,15.803,16.984,16.984,16.984,16.174,,15.803,15.803,,16.174,16.174,16.174
05-01-2026-Fri 12-46-59-PM,16.14,16.14,15.736,15.736,15.736,16.95,16.95,16.95,16.14,,15.736,15.736,,16.14,16.14,16.14
05-01-2026-Fri 12-47-00-PM,16.073,16.073,15.668,15.668,15.668,16.882,16.882,16.882,16.073,,15.668,15.668,,16.073,16.073,16.073
05-01-2026-Fri 12-47-01-PM,16.039,16.039,15.634,15.634,15.634,16.815,16.815,16.815,16.039,,15.634,15.634,,16.039,16.039,16.039
05-01-2026-Fri 12-47-03-PM,15.971,15.971,15.567,15.567,15.567,16.714,16.714,16.714,15.971,,15.567,15.567,,15.971,15.971,15.971
05-01-2026-Fri 12-47-04-PM,15.904,15.904,15.533,15.533,15.533,16.714,16.714,16.714,15.904,,15.533,15.533,,15.904,15.904,15.904
05-01-2026-Fri 12-47-06-PM,15.87,15.87,15.466,15.466,15.466,16.646,16.646,16.646,15.87,,15.466,15.466,,15.87,15.87,15.87
05-01-2026-Fri 12-47-07-PM,15.836,15.836,15.702,15.702,15.702,16.613,16.613,16.613,15.836,,15.702,15.702,,15.836,15.836,15.836
05-01-2026-Fri 12-47-08-PM,15.87,15.87,15.432,15.432,15.432,16.511,16.511,16.511,15.87,,15.432,15.432,,15.87,15.87,15.87
05-01-2026-Fri 12-47-10-PM,15.87,15.87,15.398,15.398,15.398,16.478,16.478,16.478,15.87,,15.398,15.398,,15.87,15.87,15.87
05-01-2026-Fri 12-47-11-PM,15.668,15.668,15.229,15.229,15.229,16.411,16.411,16.411,15.668,,15.229,15.229,,15.668,15.668,15.668
05-01-2026-Fri 12-47-13-PM,15.634,15.634,15.196,15.196,15.196,16.343,16.343,16.343,15.634,,15.196,15.196,,15.634,15.634,15.634
05-01-2026-Fri 12-47-14-PM,15.6,15.6,15.162,15.162,15.162,16.275,16.275,16.275,15.6,,15.162,15.162,,15.6,15.6,15.6
05-01-2026-Fri 12-47-15-PM,15.533,15.533,15.095,15.095,15.095,16.174,16.174,16.174,15.533,,15.095,15.095,,15.533,15.533,15.533
05-01-2026-Fri 12-47-17-PM,15.466,15.466,15.027,15.027,15.027,16.208,16.208,16.208,15.466,,15.027,15.027,,15.466,15.466,15.466
05-01-2026-Fri 12-47-18-PM,15.432,15.432,14.96,14.96,14.96,16.107,16.107,16.107,15.432,,14.96,14.96,,15.432,15.432,15.432
05-01-2026-Fri 12-47-20-PM,15.398,15.398,14.926,14.926,14.926,16.039,16.039,16.039,15.398,,14.926,14.926,,15.398,15.398,15.398
05-01-2026-Fri 12-47-21-PM,15.297,15.297,14.892,14.892,14.892,16.006,16.006,16.006,15.297,,14.892,14.892,,15.297,15.297,15.297
05-01-2026-Fri 12-47-22-PM,15.263,15.263,14.825,14.825,14.825,15.904,15.904,15.904,15.263,,14.825,14.825,,15.263,15.263,15.263
05-01-2026-Fri 12-47-24-PM,15.196,15.196,14.791,14.791,14.791,15.938,15.938,15.938,15.196,,14.791,14.791,,15.196,15.196,15.196
05-01-2026-Fri 12-47-25-PM,15.128,15.128,15.229,15.229,15.229,15.836,15.836,15.836,15.128,,15.229,15.229,,15.128,15.128,15.128
05-01-2026-Fri 12-47-26-PM,15.162,15.162,14.825,14.825,14.825,15.769,15.769,15.769,15.162,,14.825,14.825,,15.162,15.162,15.162
05-01-2026-Fri 12-47-28-PM,15.331,15.331,14.724,14.724,14.724,15.702,15.702,15.702,15.331,,14.724,14.724,,15.331,15.331,15.331
05-01-2026-Fri 12-47-29-PM,15.027,15.027,14.588,14.588,14.588,15.668,15.668,15.668,15.027,,14.588,14.588,,15.027,15.027,15.027
05-01-2026-Fri 12-47-31-PM,14.96,14.96,14.555,14.555,14.555,15.634,15.634,15.634,14.96,,14.555,14.555,,14.96,14.96,14.96
05-01-2026-Fri 12-47-32-PM,14.892,14.892,14.521,14.521,14.521,15.567,15.567,15.567,14.892,,14.521,14.521,,14.892,14.892,14.892
05-01-2026-Fri 12-47-33-PM,14.892,14.892,14.454,14.454,14.454,15.533,15.533,15.533,14.892,,14.454,14.454,,14.892,14.892,14.892
05-01-2026-Fri 12-47-35-PM,14.791,14.791,14.421,14.421,14.421,15.466,15.466,15.466,14.791,,14.421,14.421,,14.791,14.791,14.791
05-01-2026-Fri 12-47-36-PM,14.791,14.791,14.353,14.353,14.353,15.398,15.398,15.398,14.791,,14.353,14.353,,14.791,14.791,14.791
05-01-2026-Fri 12-47-38-PM,14.724,14.724,14.285,14.285,14.285,15.365,15.365,15.365,14.724,,14.285,14.285,,14.724,14.724,14.724
05-01-2026-Fri 12-47-39-PM,14.656,14.656,14.251,14.251,14.251,15.297,15.297,15.297,14.656,,14.251,14.251,,14.656,14.656,14.656
05-01-2026-Fri 12-47-40-PM,14.622,14.622,14.218,14.218,14.218,15.263,15.263,15.263,14.622,,14.218,14.218,,14.622,14.622,14.622
05-01-2026-Fri 12-47-42-PM,14.588,14.588,14.184,14.184,14.184,15.162,15.162,15.162,14.588,,14.184,14.184,,14.588,14.588,14.588
05-01-2026-Fri 12-47-43-PM,14.521,14.521,14.117,14.117,14.117,15.128,15.128,15.128,14.521,,14.117,14.117,,14.521,14.521,14.521
05-01-2026-Fri 12-47-45-PM,14.488,14.488,14.083,14.083,14.083,15.095,15.095,15.095,14.488,,14.083,14.083,,14.488,14.488,14.488
05-01-2026-Fri 12-47-46-PM,14.421,14.421,14.016,14.016,14.016,15.027,15.027,15.027,14.421,,14.016,14.016,,14.421,14.421,14.421
05-01-2026-Fri 12-47-48-PM,14.387,14.387,13.982,13.982,13.982,14.96,14.96,14.96,14.387,,13.982,13.982,,14.387,14.387,14.387
05-01-2026-Fri 12-47-49-PM,14.319,14.319,13.948,13.948,13.948,14.96,14.96,14.96,14.319,,13.948,13.948,,14.319,14.319,14.319
05-01-2026-Fri 12-47-50-PM,14.285,14.285,13.88,13.88,13.88,14.858,14.858,14.858,14.285,,13.88,13.88,,14.285,14.285,14.285
05-01-2026-Fri 12-47-52-PM,14.319,14.319,14.05,14.05,14.05,14.858,14.858,14.858,14.319,,14.05,14.05,,14.319,14.319,14.319
05-01-2026-Fri 12-47-53-PM,14.454,14.454,13.982,13.982,13.982,14.791,14.791,14.791,14.454,,13.982,13.982,,14.454,14.454,14.454
05-01-2026-Fri 12-47-55-PM,14.319,14.319,14.016,14.016,14.016,14.69,14.69,14.69,14.319,,14.016,14.016,,14.319,14.319,14.319
05-01-2026-Fri 12-47-56-PM,14.184,14.184,13.914,13.914,13.914,14.69,14.69,14.69,14.184,,13.914,13.914,,14.184,14.184,14.184
05-01-2026-Fri 12-47-57-PM,14.083,14.083,13.713,13.713,13.713,14.622,14.622,14.622,14.083,,13.713,13.713,,14.083,14.083,14.083
05-01-2026-Fri 12-47-59-PM,14.05,14.05,13.645,13.645,13.645,14.521,14.521,14.521,14.05,,13.645,13.645,,14.05,14.05,14.05
05-01-2026-Fri 12-48-00-PM,13.982,13.982,13.645,13.645,13.645,14.521,14.521,14.521,13.982,,13.645,13.645,,13.982,13.982,13.982
05-01-2026-Fri 12-48-02-PM,13.948,13.948,13.577,13.577,13.577,14.488,14.488,14.488,13.948,,13.577,13.577,,13.948,13.948,13.948
05-01-2026-Fri 12-48-03-PM,13.914,13.914,13.543,13.543,13.543,14.387,14.387,14.387,13.914,,13.543,13.543,,13.914,13.914,13.914
05-01-2026-Fri 12-48-04-PM,13.88,13.88,13.476,13.476,13.476,14.353,14.353,14.353,13.88,,13.476,13.476,,13.88,13.88,13.88
05-01-2026-Fri 12-48-06-PM,13.813,13.813,13.442,13.442,13.442,14.285,14.285,14.285,13.813,,13.442,13.442,,13.813,13.813,13.813
05-01-2026-Fri 12-48-07-PM,13.78,13.78,13.409,13.409,13.409,14.251,14.251,14.251,13.78,,13.409,13.409,,13.78,13.78,13.78
05-01-2026-Fri 12-48-09-PM,13.746,13.746,13.375,13.375,13.375,14.218,14.218,14.218,13.746,,13.375,13.375,,13.746,13.746,13.746
05-01-2026-Fri 12-48-10-PM,13.746,13.746,13.308,13.308,13.308,14.15,14.15,14.15,13.746,,13.308,13.308,,13.746,13.746,13.746
05-01-2026-Fri 12-48-11-PM,13.678,13.678,13.274,13.274,13.274,14.083,14.083,14.083,13.678,,13.274,13.274,,13.678,13.678,13.678
05-01-2026-Fri 12-48-13-PM,13.611,13.611,13.24,13.24,13.24,14.05,14.05,14.05,13.611,,13.24,13.24,,13.611,13.611,13.611
05-01-2026-Fri 12-48-14-PM,13.577,13.577,13.206,13.206,13.206,13.982,13.982,13.982,13.577,,13.206,13.206,,13.577,13.577,13.577
05-01-2026-Fri 12-48-16-PM,13.543,13.543,13.173,13.173,13.173,14.016,14.016,14.016,13.543,,13.173,13.173,,13.543,13.543,13.543
05-01-2026-Fri 12-48-17-PM,13.51,13.51,13.105,13.105,13.105,13.914,13.914,13.914,13.51,,13.105,13.105,,13.51,13.51,13.51
05-01-2026-Fri 12-48-18-PM,13.442,13.442,13.105,13.105,13.105,13.847,13.847,13.847,13.442,,13.105,13.105,,13.442,13.442,13.442
05-01-2026-Fri 12-48-20-PM,13.409,13.409,13.004,13.004,13.004,13.78,13.78,13.78,13.409,,13.004,13.004,,13.409,13.409,13.409
05-01-2026-Fri 12-48-21-PM,13.375,13.375,12.971,12.971,12.971,13.78,13.78,13.78,13.375,,12.971,12.971,,13.375,13.375,13.375
05-01-2026-Fri 12-48-24-PM,13.341,13.341,12.937,12.937,12.937,13.678,13.678,13.678,13.341,,12.937,12.937,,13.341,13.341,13.341
05-01-2026-Fri 12-48-27-PM,13.274,13.274,12.835,12.835,12.835,13.645,13.645,13.645,13.274,,12.835,12.835,,13.274,13.274,13.274
05-01-2026-Fri 12-48-29-PM,13.173,13.173,12.802,12.802,12.802,13.577,13.577,13.577,13.173,,12.802,12.802,,13.173,13.173,13.173
05-01-2026-Fri 12-48-32-PM,13.105,13.105,12.768,12.768,12.768,13.442,13.442,13.442,13.105,,12.768,12.768,,13.105,13.105,13.105
05-01-2026-Fri 12-48-35-PM,13.004,13.004,12.668,12.668,12.668,13.341,13.341,13.341,13.004,,12.668,12.668,,13.004,13.004,13.004
05-01-2026-Fri 12-48-38-PM,13.038,13.038,12.734,12.734,12.734,13.206,13.206,13.206,13.038,,12.734,12.734,,13.038,13.038,13.038
05-01-2026-Fri 12-48-41-PM,12.835,12.835,12.532,12.532,12.532,13.206,13.206,13.206,12.835,,12.532,12.532,,12.835,12.835,12.835
05-01-2026-Fri 12-48-44-PM,12.802,12.802,12.465,12.465,12.465,13.038,13.038,13.038,12.802,,12.465,12.465,,12.802,12.802,12.802
05-01-2026-Fri 12-48-45-PM,12.734,12.734,12.431,12.431,12.431,13.004,13.004,13.004,12.734,,12.431,12.431,,12.734,12.734,12.734
05-01-2026-Fri 12-48-48-PM,12.768,12.768,12.633,12.633,12.633,12.937,12.937,12.937,12.768,,12.633,12.633,,12.768,12.768,12.768
05-01-2026-Fri 12-48-51-PM,12.802,12.802,12.431,12.431,12.431,12.835,12.835,12.835,12.802,,12.431,12.431,,12.802,12.802,12.802
05-01-2026-Fri 12-48-54-PM,12.532,12.532,12.297,12.297,12.297,12.768,12.768,12.768,12.532,,12.297,12.297,,12.532,12.532,12.532
05-01-2026-Fri 12-48-56-PM,12.431,12.431,12.195,12.195,12.195,12.633,12.633,12.633,12.431,,12.195,12.195,,12.431,12.431,12.431
05-01-2026-Fri 12-48-58-PM,12.33,12.33,12.162,12.162,12.162,12.6,12.6,12.6,12.33,,12.162,12.162,,12.33,12.33,12.33
05-01-2026-Fri 12-49-00-PM,12.297,12.297,12.094,12.094,12.094,12.532,12.532,12.532,12.297,,12.094,12.094,,12.297,12.297,12.297
05-01-2026-Fri 12-49-01-PM,12.263,12.263,12.06,12.06,12.06,12.532,12.532,12.532,12.263,,12.06,12.06,,12.263,12.263,12.263
05-01-2026-Fri 12-49-03-PM,12.229,12.229,12.06,12.06,12.06,12.431,12.431,12.431,12.229,,12.06,12.06,,12.229,12.229,12.229
05-01-2026-Fri 12-49-04-PM,12.195,12.195,11.994,11.994,11.994,12.398,12.398,12.398,12.195,,11.994,11.994,,12.195,12.195,12.195
05-01-2026-Fri 12-49-05-PM,12.128,12.128,11.96,11.96,11.96,12.297,12.297,12.297,12.128,,11.96,11.96,,12.128,12.128,12.128
05-01-2026-Fri 12-49-07-PM,12.128,12.128,11.96,11.96,11.96,12.33,12.33,12.33,12.128,,11.96,11.96,,12.128,12.128,12.128
05-01-2026-Fri 12-49-08-PM,12.06,12.06,11.892,11.892,11.892,12.229,12.229,12.229,12.06,,11.892,11.892,,12.06,12.06,12.06
05-01-2026-Fri 12-49-09-PM,12.027,12.027,11.859,11.859,11.859,12.195,12.195,12.195,12.027,,11.859,11.859,,12.027,12.027,12.027
05-01-2026-Fri 12-49-11-PM,11.994,11.994,11.825,11.825,11.825,12.162,12.162,12.162,11.994,,11.825,11.825,,11.994,11.994,11.994
05-01-2026-Fri 12-49-12-PM,11.892,11.892,11.825,11.825,11.825,12.094,12.094,12.094,11.892,,11.825,11.825,,11.892,11.892,11.892
05-01-2026-Fri 12-49-14-PM,11.892,11.892,11.757,11.757,11.757,12.094,12.094,12.094,11.892,,11.757,11.757,,11.892,11.892,11.892
05-01-2026-Fri 12-49-15-PM,11.859,11.859,11.724,11.724,11.724,11.994,11.994,11.994,11.859,,11.724,11.724,,11.859,11.859,11.859
05-01-2026-Fri 12-49-16-PM,11.825,11.825,11.724,11.724,11.724,11.994,11.994,11.994,11.825,,11.724,11.724,,11.825,11.825,11.825
05-01-2026-Fri 12-49-18-PM,11.791,11.791,11.69,11.69,11.69,11.96,11.96,11.96,11.791,,11.69,11.69,,11.791,11.791,11.791
05-01-2026-Fri 12-49-19-PM,11.757,11.757,11.623,11.623,11.623,11.859,11.859,11.859,11.757,,11.623,11.623,,11.757,11.757,11.757
05-01-2026-Fri 12-49-21-PM,11.724,11.724,11.589,11.589,11.589,11.859,11.859,11.859,11.724,,11.589,11.589,,11.724,11.724,11.724
05-01-2026-Fri 12-49-22-PM,11.69,11.69,11.555,11.555,11.555,11.825,11.825,11.825,11.69,,11.555,11.555,,11.69,11.69,11.69
05-01-2026-Fri 12-49-23-PM,11.623,11.623,11.555,11.555,11.555,11.757,11.757,11.757,11.623,,11.555,11.555,,11.623,11.623,11.623
05-01-2026-Fri 12-49-25-PM,11.589,11.589,11.522,11.522,11.522,11.69,11.69,11.69,11.589,,11.522,11.522,,11.589,11.589,11.589
05-01-2026-Fri 12-49-26-PM,11.589,11.589,11.488,11.488,11.488,11.623,11.623,11.623,11.589,,11.488,11.488,,11.589,11.589,11.589
05-01-2026-Fri 12-49-28-PM,11.555,11.555,11.454,11.454,11.454,11.623,11.623,11.623,11.555,,11.454,11.454,,11.555,11.555,11.555
05-01-2026-Fri 12-49-29-PM,11.488,11.488,11.42,11.42,11.42,11.555,11.555,11.555,11.488,,11.42,11.42,,11.488,11.488,11.488
05-01-2026-Fri 12-49-31-PM,11.454,11.454,11.353,11.353,11.353,11.555,11.555,11.555,11.454,,11.353,11.353,,11.454,11.454,11.454
05-01-2026-Fri 12-49-32-PM,11.42,11.42,11.353,11.353,11.353,11.522,11.522,11.522,11.42,,11.353,11.353,,11.42,11.42,11.42
05-01-2026-Fri 12-49-34-PM,11.353,11.353,11.319,11.319,11.319,11.454,11.454,11.454,11.353,,11.319,11.319,,11.353,11.353,11.353
05-01-2026-Fri 12-49-35-PM,11.353,11.353,11.286,11.286,11.286,11.386,11.386,11.386,11.353,,11.286,11.286,,11.353,11.353,11.353
05-01-2026-Fri 12-49-36-PM,11.319,11.319,11.286,11.286,11.286,11.386,11.386,11.386,11.319,,11.286,11.286,,11.319,11.319,11.319
05-01-2026-Fri 12-49-38-PM,11.286,11.286,11.219,11.219,11.219,11.386,11.386,11.386,11.286,,11.219,11.219,,11.286,11.286,11.286
05-01-2026-Fri 12-49-39-PM,11.252,11.252,11.219,11.219,11.219,11.252,11.252,11.252,11.252,,11.219,11.219,,11.252,11.252,11.252
05-01-2026-Fri 12-49-41-PM,11.219,11.219,11.185,11.185,11.185,11.252,11.252,11.252,11.219,,11.185,11.185,,11.219,11.219,11.219
05-01-2026-Fri 12-49-42-PM,11.185,11.185,11.151,11.151,11.151,11.219,11.219,11.219,11.185,,11.151,11.151,,11.185,11.185,11.185
05-01-2026-Fri 12-49-43-PM,11.151,11.151,11.151,11.151,11.151,11.151,11.151,11.151,11.151,,11.151,11.151,,11.151,11.151,11.151
05-01-2026-Fri 12-49-45-PM,11.083,11.083,11.117,11.117,11.117,11.151,11.151,11.151,11.083,,11.117,11.117,,11.083,11.083,11.083
05-01-2026-Fri 12-49-46-PM,11.117,11.117,11.05,11.05,11.05,11.083,11.083,11.083,11.117,,11.05,11.05,,11.117,11.117,11.117
05-01-2026-Fri 12-49-48-PM,11.05,11.05,11.05,11.05,11.05,11.05,11.05,11.05,11.05,,11.05,11.05,,11.05,11.05,11.05
05-01-2026-Fri 12-49-49-PM,11.05,11.05,11.016,11.016,11.016,11.016,11.016,11.016,11.05,,11.016,11.016,,11.05,11.05,11.05
05-01-2026-Fri 12-49-50-PM,10.982,10.982,10.948,10.948,10.948,10.982,10.982,10.982,10.982,,10.948,10.948,,10.982,10.982,10.982
05-01-2026-Fri 12-49-52-PM,10.982,10.982,10.948,10.948,10.948,10.915,10.915,10.915,10.982,,10.948,10.948,,10.982,10.982,10.982
05-01-2026-Fri 12-49-53-PM,10.948,10.948,10.948,10.948,10.948,10.882,10.882,10.882,10.948,,10.948,10.948,,10.948,10.948,10.948
05-01-2026-Fri 12-49-55-PM,10.915,10.915,10.882,10.882,10.882,10.848,10.848,10.848,10.915,,10.882,10.882,,10.915,10.915,10.915
05-01-2026-Fri 12-49-56-PM,10.882,10.882,10.915,10.915,10.915,10.848,10.848,10.848,10.882,,10.915,10.915,,10.882,10.882,10.882
05-01-2026-Fri 12-49-57-PM,10.848,10.848,10.848,10.848,10.848,10.747,10.747,10.747,10.848,,10.848,10.848,,10.848,10.848,10.848
05-01-2026-Fri 12-49-59-PM,10.848,10.848,10.814,10.814,10.814,10.747,10.747,10.747,10.848,,10.814,10.814,,10.848,10.848,10.848
05-01-2026-Fri 12-50-00-PM,10.747,10.747,10.781,10.781,10.781,10.679,10.679,10.679,10.747,,10.781,10.781,,10.747,10.747,10.747
05-01-2026-Fri 12-50-02-PM,10.747,10.747,10.781,10.781,10.781,10.612,10.612,10.612,10.747,,10.781,10.781,,10.747,10.747,10.747
05-01-2026-Fri 12-50-04-PM,10.713,10.713,10.713,10.713,10.713,10.645,10.645,10.645,10.713,,10.713,10.713,,10.713,10.713,10.713
05-01-2026-Fri 12-50-05-PM,10.679,10.679,10.679,10.679,10.679,10.578,10.578,10.578,10.679,,10.679,10.679,,10.679,10.679,10.679
05-01-2026-Fri 12-50-06-PM,10.645,10.645,10.679,10.679,10.679,10.544,10.544,10.544,10.645,,10.679,10.679,,10.645,10.645,10.645
05-01-2026-Fri 12-50-08-PM,10.713,10.713,10.645,10.645,10.645,10.511,10.511,10.511,10.713,,10.645,10.645,,10.713,10.713,10.713
05-01-2026-Fri 12-50-09-PM,10.713,10.713,10.814,10.814,10.814,10.478,10.478,10.478,10.713,,10.814,10.814,,10.713,10.713,10.713
05-01-2026-Fri 12-50-10-PM,10.578,10.578,10.781,10.781,10.781,10.41,10.41,10.41,10.578,,10.781,10.781,,10.578,10.578,10.578
05-01-2026-Fri 12-50-12-PM,10.645,10.645,10.612,10.612,10.612,10.376,10.376,10.376,10.645,,10.612,10.612,,10.645,10.645,10.645
05-01-2026-Fri 12-50-13-PM,10.612,10.612,10.848,10.848,10.848,10.376,10.376,10.376,10.612,,10.848,10.848,,10.612,10.612,10.612
05-01-2026-Fri 12-50-15-PM,10.713,10.713,10.645,10.645,10.645,10.342,10.342,10.342,10.713,,10.645,10.645,,10.713,10.713,10.713
05-01-2026-Fri 12-50-16-PM,10.444,10.444,10.544,10.544,10.544,10.275,10.275,10.275,10.444,,10.544,10.544,,10.444,10.444,10.444
05-01-2026-Fri 12-50-17-PM,10.41,10.41,10.511,10.511,10.511,10.275,10.275,10.275,10.41,,10.511,10.511,,10.41,10.41,10.41
05-01-2026-Fri 12-50-19-PM,10.376,10.376,10.478,10.478,10.478,10.174,10.174,10.174,10.376,,10.478,10.478,,10.376,10.376,10.376
05-01-2026-Fri 12-50-20-PM,10.342,10.342,10.444,10.444,10.444,10.174,10.174,10.174,10.342,,10.444,10.444,,10.342,10.342,10.342
05-01-2026-Fri 12-50-22-PM,10.309,10.309,10.41,10.41,10.41,10.14,10.14,10.14,10.309,,10.41,10.41,,10.309,10.309,10.309
05-01-2026-Fri 12-50-23-PM,10.275,10.275,10.41,10.41,10.41,10.107,10.107,10.107,10.275,,10.41,10.41,,10.275,10.275,10.275
05-01-2026-Fri 12-50-24-PM,10.241,10.241,10.376,10.376,10.376,10.039,10.039,10.039,10.241,,10.376,10.376,,10.241,10.241,10.241
05-01-2026-Fri 12-50-26-PM,10.174,10.174,10.342,10.342,10.342,10.039,10.039,10.039,10.174,,10.342,10.342,,10.174,10.174,10.174
05-01-2026-Fri 12-50-27-PM,10.174,10.174,10.309,10.309,10.309,10.039,10.039,10.039,10.174,,10.309,10.309,,10.174,10.174,10.174
05-01-2026-Fri 12-50-29-PM,10.14,10.14,10.275,10.275,10.275,9.938,9.938,9.938,10.14,,10.275,10.275,,10.14,10.14,10.14
05-01-2026-Fri 12-50-30-PM,10.107,10.107,10.241,10.241,10.241,9.938,9.938,9.938,10.107,,10.241,10.241,,10.107,10.107,10.107
05-01-2026-Fri 12-50-32-PM,10.074,10.074,10.241,10.241,10.241,9.904,9.904,9.904,10.074,,10.241,10.241,,10.074,10.074,10.074
05-01-2026-Fri 12-50-33-PM,10.039,10.039,10.208,10.208,10.208,9.837,9.837,9.837,10.039,,10.208,10.208,,10.039,10.039,10.039
05-01-2026-Fri 12-50-34-PM,10.006,10.006,10.174,10.174,10.174,9.837,9.837,9.837,10.006,,10.174,10.174,,10.006,10.006,10.006
05-01-2026-Fri 12-50-36-PM,9.972,9.972,10.14,10.14,10.14,9.77,9.77,9.77,9.972,,10.14,10.14,,9.972,9.972,9.972
05-01-2026-Fri 12-50-37-PM,9.938,9.938,10.107,10.107,10.107,9.77,9.77,9.77,9.938,,10.107,10.107,,9.938,9.938,9.938
05-01-2026-Fri 12-50-39-PM,9.904,9.904,10.107,10.107,10.107,9.736,9.736,9.736,9.904,,10.107,10.107,,9.904,9.904,9.904
05-01-2026-Fri 12-50-40-PM,9.904,9.904,10.074,10.074,10.074,9.669,9.669,9.669,9.904,,10.074,10.074,,9.904,9.904,9.904
05-01-2026-Fri 12-50-41-PM,9.871,9.871,10.074,10.074,10.074,9.669,9.669,9.669,9.871,,10.074,10.074,,9.871,9.871,9.871
05-01-2026-Fri 12-50-43-PM,9.837,9.837,10.006,10.006,10.006,9.635,9.635,9.635,9.837,,10.006,10.006,,9.837,9.837,9.837
05-01-2026-Fri 12-50-44-PM,9.803,9.803,10.006,10.006,10.006,9.602,9.602,9.602,9.803,,10.006,10.006,,9.803,9.803,9.803
05-01-2026-Fri 12-50-46-PM,9.77,9.77,9.972,9.972,9.972,9.534,9.534,9.534,9.77,,9.972,9.972,,9.77,9.77,9.77
05-01-2026-Fri 12-50-49-PM,9.77,9.77,9.972,9.972,9.972,9.534,9.534,9.534,9.77,,9.972,9.972,,9.77,9.77,9.77
05-01-2026-Fri 12-50-51-PM,9.669,9.669,9.904,9.904,9.904,9.467,9.467,9.467,9.669,,9.904,9.904,,9.669,9.669,9.669
05-01-2026-Fri 12-50-54-PM,9.871,9.871,10.006,10.006,10.006,9.333,9.333,9.333,9.871,,10.006,10.006,,9.871,9.871,9.871
05-01-2026-Fri 12-50-57-PM,9.568,9.568,9.837,9.837,9.837,9.333,9.333,9.333,9.568,,9.837,9.837,,9.568,9.568,9.568
05-01-2026-Fri 12-50-58-PM,9.534,9.534,9.77,9.77,9.77,9.299,9.299,9.299,9.534,,9.77,9.77,,9.534,9.534,9.534
05-01-2026-Fri 12-51-00-PM,9.5,9.5,9.77,9.77,9.77,9.299,9.299,9.299,9.5,,9.77,9.77,,9.5,9.5,9.5
05-01-2026-Fri 12-51-01-PM,9.5,9.5,9.703,9.703,9.703,9.197,9.197,9.197,9.5,,9.703,9.703,,9.5,9.5,9.5
05-01-2026-Fri 12-51-02-PM,9.433,9.433,9.703,9.703,9.703,9.164,9.164,9.164,9.433,,9.703,9.703,,9.433,9.433,9.433
05-01-2026-Fri 12-51-04-PM,9.467,9.467,9.669,9.669,9.669,9.13,9.13,9.13,9.467,,9.669,9.669,,9.467,9.467,9.467
05-01-2026-Fri 12-51-05-PM,9.4,9.4,9.635,9.635,9.635,9.096,9.096,9.096,9.4,,9.635,9.635,,9.4,9.4,9.4
05-01-2026-Fri 12-51-07-PM,9.4,9.4,9.602,9.602,9.602,9.063,9.063,9.063,9.4,,9.602,9.602,,9.4,9.4,9.4
05-01-2026-Fri 12-51-08-PM,9.333,9.333,9.602,9.602,9.602,9.029,9.029,9.029,9.333,,9.602,9.602,,9.333,9.333,9.333
05-01-2026-Fri 12-51-09-PM,9.333,9.333,9.568,9.568,9.568,8.962,8.962,8.962,9.333,,9.568,9.568,,9.333,9.333,9.333
05-01-2026-Fri 12-51-11-PM,9.299,9.299,9.534,9.534,9.534,8.962,8.962,8.962,9.299,,9.534,9.534,,9.299,9.299,9.299
05-01-2026-Fri 12-51-12-PM,9.299,9.299,9.534,9.534,9.534,8.929,8.929,8.929,9.299,,9.534,9.534,,9.299,9.299,9.299
05-01-2026-Fri 12-51-14-PM,9.232,9.232,9.467,9.467,9.467,8.895,8.895,8.895,9.232,,9.467,9.467,,9.232,9.232,9.232
05-01-2026-Fri 12-51-15-PM,9.197,9.197,9.467,9.467,9.467,8.827,8.827,8.827,9.197,,9.467,9.467,,9.197,9.197,9.197
05-01-2026-Fri 12-51-16-PM,9.197,9.197,9.433,9.433,9.433,8.861,8.861,8.861,9.197,,9.433,9.433,,9.197,9.197,9.197
05-01-2026-Fri 12-51-18-PM,9.164,9.164,9.4,9.4,9.4,8.827,8.827,8.827,9.164,,9.4,9.4,,9.164,9.164,9.164
05-01-2026-Fri 12-51-19-PM,9.13,9.13,9.366,9.366,9.366,8.726,8.726,8.726,9.13,,9.366,9.366,,9.13,9.13,9.13
05-01-2026-Fri 12-51-20-PM,9.13,9.13,9.333,9.333,9.333,8.76,8.76,8.76,9.13,,9.333,9.333,,9.13,9.13,9.13
05-01-2026-Fri 12-51-22-PM,9.096,9.096,9.299,9.299,9.299,8.692,8.692,8.692,9.096,,9.299,9.299,,9.096,9.096,9.096
05-01-2026-Fri 12-51-23-PM,9.063,9.063,9.299,9.299,9.299,8.659,8.659,8.659,9.063,,9.299,9.299,,9.063,9.063,9.063
05-01-2026-Fri 12-51-25-PM,9.029,9.029,9.265,9.265,9.265,8.625,8.625,8.625,9.029,,9.265,9.265,,9.029,9.029,9.029
05-01-2026-Fri 12-51-26-PM,8.996,8.996,9.265,9.265,9.265,8.592,8.592,8.592,8.996,,9.265,9.265,,8.996,8.996,8.996
05-01-2026-Fri 12-51-27-PM,8.962,8.962,9.197,9.197,9.197,8.592,8.592,8.592,8.962,,9.197,9.197,,8.962,8.962,8.962
05-01-2026-Fri 12-51-29-PM,8.962,8.962,9.197,9.197,9.197,8.558,8.558,8.558,8.962,,9.197,9.197,,8.962,8.962,8.962
05-01-2026-Fri 12-51-30-PM,8.895,8.895,9.164,9.164,9.164,8.525,8.525,8.525,8.895,,9.164,9.164,,8.895,8.895,8.895
05-01-2026-Fri 12-51-32-PM,8.895,8.895,9.096,9.096,9.096,8.491,8.491,8.491,8.895,,9.096,9.096,,8.895,8.895,8.895
05-01-2026-Fri 12-51-33-PM,8.861,8.861,9.096,9.096,9.096,8.457,8.457,8.457,8.861,,9.096,9.096,,8.861,8.861,8.861
05-01-2026-Fri 12-51-35-PM,8.827,8.827,9.063,9.063,9.063,8.39,8.39,8.39,8.827,,9.063,9.063,,8.827,8.827,8.827
05-01-2026-Fri 12-51-36-PM,8.793,8.793,9.063,9.063,9.063,8.39,8.39,8.39,8.793,,9.063,9.063,,8.793,8.793,8.793
05-01-2026-Fri 12-51-37-PM,8.76,8.76,9.063,9.063,9.063,8.356,8.356,8.356,8.76,,9.063,9.063,,8.76,8.76,8.76
05-01-2026-Fri 12-51-39-PM,8.76,8.76,9.029,9.029,9.029,8.322,8.322,8.322,8.76,,9.029,9.029,,8.76,8.76,8.76
05-01-2026-Fri 12-51-40-PM,8.692,8.692,9.029,9.029,9.029,8.289,8.289,8.289,8.692,,9.029,9.029,,8.692,8.692,8.692
05-01-2026-Fri 12-51-42-PM,8.692,8.692,8.996,8.996,8.996,8.255,8.255,8.255,8.692,,8.996,8.996,,8.692,8.692,8.692
05-01-2026-Fri 12-51-43-PM,8.659,8.659,8.962,8.962,8.962,8.221,8.221,8.221,8.659,,8.962,8.962,,8.659,8.659,8.659
05-01-2026-Fri 12-51-45-PM,8.592,8.592,8.929,8.929,8.929,8.221,8.221,8.221,8.592,,8.929,8.929,,8.592,8.592,8.592
05-01-2026-Fri 12-51-46-PM,8.558,8.558,8.895,8.895,8.895,8.221,8.221,8.221,8.558,,8.895,8.895,,8.558,8.558,8.558
05-01-2026-Fri 12-51-47-PM,8.558,8.558,8.861,8.861,8.861,8.154,8.154,8.154,8.558,,8.861,8.861,,8.558,8.558,8.558
05-01-2026-Fri 12-51-49-PM,8.525,8.525,8.895,8.895,8.895,8.087,8.087,8.087,8.525,,8.895,8.895,,8.525,8.525,8.525
05-01-2026-Fri 12-51-51-PM,8.525,8.525,8.827,8.827,8.827,8.053,8.053,8.053,8.525,,8.827,8.827,,8.525,8.525,8.525
05-01-2026-Fri 12-51-52-PM,8.491,8.491,8.793,8.793,8.793,8.053,8.053,8.053,8.491,,8.793,8.793,,8.491,8.491,8.491
05-01-2026-Fri 12-51-53-PM,8.457,8.457,8.827,8.827,8.827,8.02,8.02,8.02,8.457,,8.827,8.827,,8.457,8.457,8.457
05-01-2026-Fri 12-51-55-PM,8.423,8.423,8.793,8.793,8.793,7.952,7.952,7.952,8.423,,8.793,8.793,,8.423,8.423,8.423
05-01-2026-Fri 12-51-56-PM,8.423,8.423,8.76,8.76,8.76,7.918,7.918,7.918,8.423,,8.76,8.76,,8.423,8.423,8.423
05-01-2026-Fri 12-51-58-PM,8.39,8.39,8.76,8.76,8.76,7.885,7.885,7.885,8.39,,8.76,8.76,,8.39,8.39,8.39
05-01-2026-Fri 12-51-59-PM,8.322,8.322,8.726,8.726,8.726,7.817,7.817,7.817,8.322,,8.726,8.726,,8.322,8.322,8.322
05-01-2026-Fri 12-52-00-PM,8.322,8.322,8.692,8.692,8.692,7.851,7.851,7.851,8.322,,8.692,8.692,,8.322,8.322,8.322
05-01-2026-Fri 12-52-02-PM,8.322,8.322,8.692,8.692,8.692,7.851,7.851,7.851,8.322,,8.692,8.692,,8.322,8.322,8.322
05-01-2026-Fri 12-52-03-PM,8.255,8.255,8.659,8.659,8.659,7.784,7.784,7.784,8.255,,8.659,8.659,,8.255,8.255,8.255
05-01-2026-Fri 12-52-05-PM,8.255,8.255,8.625,8.625,8.625,7.784,7.784,7.784,8.255,,8.625,8.625,,8.255,8.255,8.255
05-01-2026-Fri 12-52-06-PM,8.221,8.221,8.625,8.625,8.625,7.784,7.784,7.784,8.221,,8.625,8.625,,8.221,8.221,8.221
05-01-2026-Fri 12-52-07-PM,8.188,8.188,8.592,8.592,8.592,7.717,7.717,7.717,8.188,,8.592,8.592,,8.188,8.188,8.188
05-01-2026-Fri 12-52-09-PM,8.188,8.188,8.558,8.558,8.558,7.649,7.649,7.649,8.188,,8.558,8.558,,8.188,8.188,8.188
05-01-2026-Fri 12-52-10-PM,8.154,8.154,8.558,8.558,8.558,7.649,7.649,7.649,8.154,,8.558,8.558,,8.154,8.154,8.154
05-01-2026-Fri 12-52-11-PM,8.121,8.121,8.558,8.558,8.558,7.582,7.582,7.582,8.121,,8.558,8.558,,8.121,8.121,8.121
05-01-2026-Fri 12-52-13-PM,8.087,8.087,8.525,8.525,8.525,7.616,7.616,7.616,8.087,,8.525,8.525,,8.087,8.087,8.087
05-01-2026-Fri 12-52-14-PM,8.087,8.087,8.491,8.491,8.491,7.582,7.582,7.582,8.087,,8.491,8.491,,8.087,8.087,8.087
05-01-2026-Fri 12-52-16-PM,8.053,8.053,8.491,8.491,8.491,7.548,7.548,7.548,8.053,,8.491,8.491,,8.053,8.053,8.053
05-01-2026-Fri 12-52-17-PM,8.02,8.02,8.457,8.457,8.457,7.548,7.548,7.548,8.02,,8.457,8.457,,8.02,8.02,8.02
05-01-2026-Fri 12-52-18-PM,7.986,7.986,8.423,8.423,8.423,7.481,7.481,7.481,7.986,,8.423,8.423,,7.986,7.986,7.986
05-01-2026-Fri 12-52-20-PM,8.02,8.02,8.423,8.423,8.423,7.514,7.514,7.514,8.02,,8.423,8.423,,8.02,8.02,8.02
05-01-2026-Fri 12-52-21-PM,7.952,7.952,8.39,8.39,8.39,7.447,7.447,7.447,7.952,,8.39,8.39,,7.952,7.952,7.952
05-01-2026-Fri 12-52-23-PM,7.918,7.918,8.39,8.39,8.39,7.447,7.447,7.447,7.918,,8.39,8.39,,7.918,7.918,7.918
05-01-2026-Fri 12-52-24-PM,7.918,7.918,8.322,8.322,8.322,7.413,7.413,7.413,7.918,,8.322,8.322,,7.918,7.918,7.918
05-01-2026-Fri 12-52-25-PM,7.918,7.918,8.322,8.322,8.322,7.347,7.347,7.347,7.918,,8.322,8.322,,7.918,7.918,7.918
05-01-2026-Fri 12-52-27-PM,7.885,7.885,8.289,8.289,8.289,7.347,7.347,7.347,7.885,,8.289,8.289,,7.885,7.885,7.885
05-01-2026-Fri 12-52-28-PM,7.851,7.851,8.289,8.289,8.289,7.313,7.313,7.313,7.851,,8.289,8.289,,7.851,7.851,7.851
05-01-2026-Fri 12-52-30-PM,7.817,7.817,8.255,8.255,8.255,7.279,7.279,7.279,7.817,,8.255,8.255,,7.817,7.817,7.817
05-01-2026-Fri 12-52-31-PM,7.817,7.817,8.255,8.255,8.255,7.245,7.245,7.245,7.817,,8.255,8.255,,7.817,7.817,7.817
05-01-2026-Fri 12-52-32-PM,7.784,7.784,8.221,8.221,8.221,7.279,7.279,7.279,7.784,,8.221,8.221,,7.784,7.784,7.784
05-01-2026-Fri 12-52-34-PM,7.784,7.784,8.188,8.188,8.188,7.212,7.212,7.212,7.784,,8.188,8.188,,7.784,7.784,7.784
05-01-2026-Fri 12-52-35-PM,7.75,7.75,8.188,8.188,8.188,7.212,7.212,7.212,7.75,,8.188,8.188,,7.75,7.75,7.75
05-01-2026-Fri 12-52-37-PM,7.75,7.75,8.154,8.154,8.154,7.178,7.178,7.178,7.75,,8.154,8.154,,7.75,7.75,7.75
05-01-2026-Fri 12-52-38-PM,7.717,7.717,8.154,8.154,8.154,7.111,7.111,7.111,7.717,,8.154,8.154,,7.717,7.717,7.717
05-01-2026-Fri 12-52-39-PM,7.683,7.683,8.121,8.121,8.121,7.145,7.145,7.145,7.683,,8.121,8.121,,7.683,7.683,7.683
05-01-2026-Fri 12-52-41-PM,7.683,7.683,8.087,8.087,8.087,7.111,7.111,7.111,7.683,,8.087,8.087,,7.683,7.683,7.683
05-01-2026-Fri 12-52-42-PM,7.649,7.649,8.087,8.087,8.087,7.01,7.01,7.01,7.649,,8.087,8.087,,7.649,7.649,7.649
05-01-2026-Fri 12-52-44-PM,7.616,7.616,8.087,8.087,8.087,7.01,7.01,7.01,7.616,,8.087,8.087,,7.616,7.616,7.616
05-01-2026-Fri 12-52-45-PM,7.616,7.616,8.053,8.053,8.053,7.01,7.01,7.01,7.616,,8.053,8.053,,7.616,7.616,7.616
05-01-2026-Fri 12-52-46-PM,7.582,7.582,8.02,8.02,8.02,7.01,7.01,7.01,7.582,,8.02,8.02,,7.582,7.582,7.582
05-01-2026-Fri 12-52-48-PM,7.582,7.582,8.02,8.02,8.02,6.976,6.976,6.976,7.582,,8.02,8.02,,7.582,7.582,7.582
05-01-2026-Fri 12-52-49-PM,7.548,7.548,7.986,7.986,7.986,6.943,6.943,6.943,7.548,,7.986,7.986,,7.548,7.548,7.548
05-01-2026-Fri 12-52-51-PM,7.514,7.514,7.952,7.952,7.952,6.909,6.909,6.909,7.514,,7.952,7.952,,7.514,7.514,7.514
05-01-2026-Fri 12-52-52-PM,7.481,7.481,7.952,7.952,7.952,6.876,6.876,6.876,7.481,,7.952,7.952,,7.481,7.481,7.481
05-01-2026-Fri 12-52-53-PM,7.481,7.481,7.918,7.918,7.918,6.842,6.842,6.842,7.481,,7.918,7.918,,7.481,7.481,7.481
05-01-2026-Fri 12-52-55-PM,7.481,7.481,7.918,7.918,7.918,6.876,6.876,6.876,7.481,,7.918,7.918,,7.481,7.481,7.481
05-01-2026-Fri 12-52-56-PM,7.447,7.447,7.885,7.885,7.885,6.808,6.808,6.808,7.447,,7.885,7.885,,7.447,7.447,7.447
05-01-2026-Fri 12-52-58-PM,7.413,7.413,7.885,7.885,7.885,6.808,6.808,6.808,7.413,,7.885,7.885,,7.413,7.413,7.413
05-01-2026-Fri 12-52-59-PM,7.413,7.413,7.851,7.851,7.851,6.741,6.741,6.741,7.413,,7.851,7.851,,7.413,7.413,7.413
05-01-2026-Fri 12-53-00-PM,7.38,7.38,7.817,7.817,7.817,6.741,6.741,6.741,7.38,,7.817,7.817,,7.38,7.38,7.38
05-01-2026-Fri 12-53-02-PM,7.347,7.347,7.784,7.784,7.784,6.707,6.707,6.707,7.347,,7.784,7.784,,7.347,7.347,7.347
05-01-2026-Fri 12-53-03-PM,7.313,7.313,7.817,7.817,7.817,6.673,6.673,6.673,7.313,,7.817,7.817,,7.313,7.313,7.313
05-01-2026-Fri 12-53-05-PM,7.313,7.313,7.784,7.784,7.784,6.673,6.673,6.673,7.313,,7.784,7.784,,7.313,7.313,7.313
05-01-2026-Fri 12-53-07-PM,7.279,7.279,7.75,7.75,7.75,6.64,6.64,6.64,7.279,,7.75,7.75,,7.279,7.279,7.279
05-01-2026-Fri 12-53-08-PM,7.245,7.245,7.717,7.717,7.717,6.572,6.572,6.572,7.245,,7.717,7.717,,7.245,7.245,7.245
05-01-2026-Fri 12-53-09-PM,7.245,7.245,7.683,7.683,7.683,6.572,6.572,6.572,7.245,,7.683,7.683,,7.245,7.245,7.245
05-01-2026-Fri 12-53-11-PM,7.212,7.212,7.683,7.683,7.683,6.572,6.572,6.572,7.212,,7.683,7.683,,7.212,7.212,7.212
05-01-2026-Fri 12-53-12-PM,7.178,7.178,7.649,7.649,7.649,6.505,6.505,6.505,7.178,,7.649,7.649,,7.178,7.178,7.178
05-01-2026-Fri 12-53-14-PM,7.145,7.145,7.616,7.616,7.616,6.505,6.505,6.505,7.145,,7.616,7.616,,7.145,7.145,7.145
05-01-2026-Fri 12-53-15-PM,7.111,7.111,7.616,7.616,7.616,6.438,6.438,6.438,7.111,,7.616,7.616,,7.111,7.111,7.111
05-01-2026-Fri 12-53-17-PM,7.111,7.111,7.582,7.582,7.582,6.472,6.472,6.472,7.111,,7.582,7.582,,7.111,7.111,7.111
05-01-2026-Fri 12-53-18-PM,7.077,7.077,7.582,7.582,7.582,6.438,6.438,6.438,7.077,,7.582,7.582,,7.077,7.077,7.077
05-01-2026-Fri 12-53-20-PM,7.077,7.077,7.548,7.548,7.548,6.371,6.371,6.371,7.077,,7.548,7.548,,7.077,7.077,7.077
05-01-2026-Fri 12-53-21-PM,7.01,7.01,7.548,7.548,7.548,6.337,6.337,6.337,7.01,,7.548,7.548,,7.01,7.01,7.01
05-01-2026-Fri 12-53-23-PM,7.01,7.01,7.514,7.514,7.514,6.337,6.337,6.337,7.01,,7.514,7.514,,7.01,7.01,7.01
05-01-2026-Fri 12-53-24-PM,6.943,6.943,7.514,7.514,7.514,6.303,6.303,6.303,6.943,,7.514,7.514,,6.943,6.943,6.943
05-01-2026-Fri 12-53-26-PM,7.01,7.01,7.481,7.481,7.481,6.337,6.337,6.337,7.01,,7.481,7.481,,7.01,7.01,7.01
05-01-2026-Fri 12-53-27-PM,6.943,6.943,7.481,7.481,7.481,6.27,6.27,6.27,6.943,,7.481,7.481,,6.943,6.943,6.943
05-01-2026-Fri 12-53-29-PM,6.943,6.943,7.413,7.413,7.413,6.303,6.303,6.303,6.943,,7.413,7.413,,6.943,6.943,6.943
05-01-2026-Fri 12-53-30-PM,6.909,6.909,7.413,7.413,7.413,6.236,6.236,6.236,6.909,,7.413,7.413,,6.909,6.909,6.909
05-01-2026-Fri 12-53-32-PM,6.976,6.976,7.447,7.447,7.447,6.236,6.236,6.236,6.976,,7.447,7.447,,6.976,6.976,6.976
05-01-2026-Fri 12-53-33-PM,6.976,6.976,7.514,7.514,7.514,6.202,6.202,6.202,6.976,,7.514,7.514,,6.976,6.976,6.976
05-01-2026-Fri 12-53-34-PM,6.673,6.673,7.347,7.347,7.347,6.202,6.202,6.202,6.673,,7.347,7.347,,6.673,6.673,6.673
05-01-2026-Fri 12-53-36-PM,6.842,6.842,7.347,7.347,7.347,6.135,6.135,6.135,6.842,,7.347,7.347,,6.842,6.842,6.842
05-01-2026-Fri 12-53-37-PM,6.808,6.808,7.347,7.347,7.347,6.135,6.135,6.135,6.808,,7.347,7.347,,6.808,6.808,6.808
05-01-2026-Fri 12-53-39-PM,6.808,6.808,7.313,7.313,7.313,6.102,6.102,6.102,6.808,,7.313,7.313,,6.808,6.808,6.808
05-01-2026-Fri 12-53-40-PM,6.774,6.774,7.279,7.279,7.279,6.135,6.135,6.135,6.774,,7.279,7.279,,6.774,6.774,6.774
05-01-2026-Fri 12-53-41-PM,6.741,6.741,7.279,7.279,7.279,6.135,6.135,6.135,6.741,,7.279,7.279,,6.741,6.741,6.741
05-01-2026-Fri 12-53-43-PM,6.741,6.741,7.279,7.279,7.279,6.102,6.102,6.102,6.741,,7.279,7.279,,6.741,6.741,6.741
05-01-2026-Fri 12-53-44-PM,6.707,6.707,7.245,7.245,7.245,6.068,6.068,6.068,6.707,,7.245,7.245,,6.707,6.707,6.707
05-01-2026-Fri 12-53-46-PM,6.707,6.707,7.212,7.212,7.212,6.035,6.035,6.035,6.707,,7.212,7.212,,6.707,6.707,6.707
05-01-2026-Fri 12-53-47-PM,6.673,6.673,7.212,7.212,7.212,6.001,6.001,6.001,6.673,,7.212,7.212,,6.673,6.673,6.673
05-01-2026-Fri 12-53-48-PM,6.64,6.64,7.145,7.145,7.145,5.967,5.967,5.967,6.64,,7.145,7.145,,6.64,6.64,6.64
05-01-2026-Fri 12-53-50-PM,6.606,6.606,7.178,7.178,7.178,5.934,5.934,5.934,6.606,,7.178,7.178,,6.606,6.606,6.606
05-01-2026-Fri 12-53-51-PM,6.606,6.606,7.145,7.145,7.145,5.967,5.967,5.967,6.606,,7.145,7.145,,6.606,6.606,6.606
05-01-2026-Fri 12-53-53-PM,6.606,6.606,7.111,7.111,7.111,5.9,5.9,5.9,6.606,,7.111,7.111,,6.606,6.606,6.606
05-01-2026-Fri 12-53-54-PM,6.572,6.572,7.111,7.111,7.111,5.866,5.866,5.866,6.572,,7.111,7.111,,6.572,6.572,6.572
05-01-2026-Fri 12-53-56-PM,6.539,6.539,7.077,7.077,7.077,5.866,5.866,5.866,6.539,,7.077,7.077,,6.539,6.539,6.539
05-01-2026-Fri 12-53-57-PM,6.505,6.505,7.043,7.043,7.043,5.832,5.832,5.832,6.505,,7.043,7.043,,6.505,6.505,6.505
05-01-2026-Fri 12-53-58-PM,6.539,6.539,7.043,7.043,7.043,5.866,5.866,5.866,6.539,,7.043,7.043,,6.539,6.539,6.539
05-01-2026-Fri 12-54-00-PM,6.472,6.472,7.043,7.043,7.043,5.765,5.765,5.765,6.472,,7.043,7.043,,6.472,6.472,6.472
05-01-2026-Fri 12-54-01-PM,6.472,6.472,7.043,7.043,7.043,5.765,5.765,5.765,6.472,,7.043,7.043,,6.472,6.472,6.472
05-01-2026-Fri 12-54-02-PM,6.438,6.438,7.043,7.043,7.043,5.765,5.765,5.765,6.438,,7.043,7.043,,6.438,6.438,6.438
05-01-2026-Fri 12-54-04-PM,6.404,6.404,7.01,7.01,7.01,5.765,5.765,5.765,6.404,,7.01,7.01,,6.404,6.404,6.404
05-01-2026-Fri 12-54-05-PM,6.404,6.404,6.976,6.976,6.976,5.698,5.698,5.698,6.404,,6.976,6.976,,6.404,6.404,6.404
05-01-2026-Fri 12-54-07-PM,6.371,6.371,6.943,6.943,6.943,5.665,5.665,5.665,6.371,,6.943,6.943,,6.371,6.371,6.371
05-01-2026-Fri 12-54-08-PM,6.371,6.371,6.909,6.909,6.909,5.698,5.698,5.698,6.371,,6.909,6.909,,6.371,6.371,6.371
05-01-2026-Fri 12-54-09-PM,6.337,6.337,6.909,6.909,6.909,5.665,5.665,5.665,6.337,,6.909,6.909,,6.337,6.337,6.337
05-01-2026-Fri 12-54-11-PM,6.337,6.337,6.909,6.909,6.909,5.631,5.631,5.631,6.337,,6.909,6.909,,6.337,6.337,6.337
05-01-2026-Fri 12-54-12-PM,6.337,6.337,6.842,6.842,6.842,5.631,5.631,5.631,6.337,,6.842,6.842,,6.337,6.337,6.337
05-01-2026-Fri 12-54-14-PM,6.303,6.303,6.842,6.842,6.842,5.598,5.598,5.598,6.303,,6.842,6.842,,6.303,6.303,6.303
05-01-2026-Fri 12-54-15-PM,6.236,6.236,6.842,6.842,6.842,5.564,5.564,5.564,6.236,,6.842,6.842,,6.236,6.236,6.236
05-01-2026-Fri 12-54-16-PM,6.27,6.27,6.842,6.842,6.842,5.496,5.496,5.496,6.27,,6.842,6.842,,6.27,6.27,6.27
05-01-2026-Fri 12-54-18-PM,6.27,6.27,6.808,6.808,6.808,5.53,5.53,5.53,6.27,,6.808,6.808,,6.27,6.27,6.27
05-01-2026-Fri 12-54-19-PM,6.236,6.236,6.774,6.774,6.774,5.53,5.53,5.53,6.236,,6.774,6.774,,6.236,6.236,6.236
05-01-2026-Fri 12-54-22-PM,6.236,6.236,6.774,6.774,6.774,5.462,5.462,5.462,6.236,,6.774,6.774,,6.236,6.236,6.236
05-01-2026-Fri 12-54-25-PM,6.168,6.168,6.707,6.707,6.707,5.462,5.462,5.462,6.168,,6.707,6.707,,6.168,6.168,6.168
05-01-2026-Fri 12-54-27-PM,6.236,6.236,7.043,7.043,7.043,5.429,5.429,5.429,6.236,,7.043,7.043,,6.236,6.236,6.236
05-01-2026-Fri 12-54-30-PM,6.438,6.438,6.774,6.774,6.774,5.395,5.395,5.395,6.438,,6.774,6.774,,6.438,6.438,6.438
05-01-2026-Fri 12-54-32-PM,6.068,6.068,6.64,6.64,6.64,5.328,5.328,5.328,6.068,,6.64,6.64,,6.068,6.068,6.068
05-01-2026-Fri 12-54-34-PM,6.102,6.102,6.64,6.64,6.64,5.361,5.361,5.361,6.102,,6.64,6.64,,6.102,6.102,6.102
05-01-2026-Fri 12-54-35-PM,6.068,6.068,6.606,6.606,6.606,5.294,5.294,5.294,6.068,,6.606,6.606,,6.068,6.068,6.068
05-01-2026-Fri 12-54-37-PM,6.001,6.001,6.606,6.606,6.606,5.294,5.294,5.294,6.001,,6.606,6.606,,6.001,6.001,6.001
05-01-2026-Fri 12-54-38-PM,6.001,6.001,6.572,6.572,6.572,5.294,5.294,5.294,6.001,,6.572,6.572,,6.001,6.001,6.001
05-01-2026-Fri 12-54-39-PM,6.001,6.001,6.539,6.539,6.539,5.228,5.228,5.228,6.001,,6.539,6.539,,6.001,6.001,6.001
05-01-2026-Fri 12-54-41-PM,5.967,5.967,6.539,6.539,6.539,5.261,5.261,5.261,5.967,,6.539,6.539,,5.967,5.967,5.967
05-01-2026-Fri 12-54-42-PM,6.001,6.001,6.505,6.505,6.505,5.228,5.228,5.228,6.001,,6.505,6.505,,6.001,6.001,6.001
05-01-2026-Fri 12-54-44-PM,5.967,5.967,6.505,6.505,6.505,5.194,5.194,5.194,5.967,,6.505,6.505,,5.967,5.967,5.967
05-01-2026-Fri 12-54-45-PM,5.934,5.934,6.505,6.505,6.505,5.126,5.126,5.126,5.934,,6.505,6.505,,5.934,5.934,5.934
05-01-2026-Fri 12-54-46-PM,5.934,5.934,6.472,6.472,6.472,5.194,5.194,5.194,5.934,,6.472,6.472,,5.934,5.934,5.934
05-01-2026-Fri 12-54-48-PM,5.934,5.934,6.438,6.438,6.438,5.126,5.126,5.126,5.934,,6.438,6.438,,5.934,5.934,5.934
05-01-2026-Fri 12-54-49-PM,5.9,5.9,6.438,6.438,6.438,5.126,5.126,5.126,5.9,,6.438,6.438,,5.9,5.9,5.9
05-01-2026-Fri 12-54-51-PM,5.866,5.866,6.404,6.404,6.404,5.126,5.126,5.126,5.866,,6.404,6.404,,5.866,5.866,5.866
05-01-2026-Fri 12-54-52-PM,5.866,5.866,6.404,6.404,6.404,5.093,5.093,5.093,5.866,,6.404,6.404,,5.866,5.866,5.866
05-01-2026-Fri 12-54-54-PM,5.832,5.832,6.371,6.371,6.371,5.059,5.059,5.059,5.832,,6.371,6.371,,5.832,5.832,5.832
05-01-2026-Fri 12-54-55-PM,5.832,5.832,6.371,6.371,6.371,5.059,5.059,5.059,5.832,,6.371,6.371,,5.832,5.832,5.832
05-01-2026-Fri 12-54-56-PM,5.799,5.799,6.371,6.371,6.371,5.025,5.025,5.025,5.799,,6.371,6.371,,5.799,5.799,5.799
05-01-2026-Fri 12-54-58-PM,5.765,5.765,6.371,6.371,6.371,4.992,4.992,4.992,5.765,,6.371,6.371,,5.765,5.765,5.765
05-01-2026-Fri 12-54-59-PM,5.765,5.765,6.337,6.337,6.337,4.992,4.992,4.992,5.765,,6.337,6.337,,5.765,5.765,5.765
05-01-2026-Fri 12-55-01-PM,5.731,5.731,6.303,6.303,6.303,4.992,4.992,4.992,5.731,,6.303,6.303,,5.731,5.731,5.731
05-01-2026-Fri 12-55-02-PM,5.698,5.698,6.303,6.303,6.303,4.924,4.924,4.924,5.698,,6.303,6.303,,5.698,5.698,5.698
05-01-2026-Fri 12-55-03-PM,5.698,5.698,6.303,6.303,6.303,4.924,4.924,4.924,5.698,,6.303,6.303,,5.698,5.698,5.698
05-01-2026-Fri 12-55-05-PM,5.698,5.698,6.236,6.236,6.236,4.924,4.924,4.924,5.698,,6.236,6.236,,5.698,5.698,5.698
05-01-2026-Fri 12-55-06-PM,5.665,5.665,6.27,6.27,6.27,4.924,4.924,4.924,5.665,,6.27,6.27,,5.665,5.665,5.665
05-01-2026-Fri 12-55-08-PM,5.631,5.631,6.27,6.27,6.27,4.857,4.857,4.857,5.631,,6.27,6.27,,5.631,5.631,5.631
05-01-2026-Fri 12-55-09-PM,5.665,5.665,6.236,6.236,6.236,4.857,4.857,4.857,5.665,,6.236,6.236,,5.665,5.665,5.665
05-01-2026-Fri 12-55-10-PM,5.598,5.598,6.236,6.236,6.236,4.857,4.857,4.857,5.598,,6.236,6.236,,5.598,5.598,5.598
05-01-2026-Fri 12-55-12-PM,5.598,5.598,6.202,6.202,6.202,4.824,4.824,4.824,5.598,,6.202,6.202,,5.598,5.598,5.598
05-01-2026-Fri 12-55-13-PM,5.598,5.598,6.202,6.202,6.202,4.79,4.79,4.79,5.598,,6.202,6.202,,5.598,5.598,5.598
05-01-2026-Fri 12-55-15-PM,5.564,5.564,6.168,6.168,6.168,4.757,4.757,4.757,5.564,,6.168,6.168,,5.564,5.564,5.564
05-01-2026-Fri 12-55-16-PM,5.564,5.564,6.168,6.168,6.168,4.757,4.757,4.757,5.564,,6.168,6.168,,5.564,5.564,5.564
05-01-2026-Fri 12-55-18-PM,5.496,5.496,6.168,6.168,6.168,4.757,4.757,4.757,5.496,,6.168,6.168,,5.496,5.496,5.496
05-01-2026-Fri 12-55-19-PM,5.832,5.832,6.27,6.27,6.27,4.723,4.723,4.723,5.832,,6.27,6.27,,5.832,5.832,5.832
05-01-2026-Fri 12-55-20-PM,5.598,5.598,6.168,6.168,6.168,4.757,4.757,4.757,5.598,,6.168,6.168,,5.598,5.598,5.598
05-01-2026-Fri 12-55-22-PM,5.598,5.598,6.303,6.303,6.303,4.689,4.689,4.689,5.598,,6.303,6.303,,5.598,5.598,5.598
05-01-2026-Fri 12-55-23-PM,5.361,5.361,6.404,6.404,6.404,4.689,4.689,4.689,5.361,,6.404,6.404,,5.361,5.361,5.361
05-01-2026-Fri 12-55-25-PM,5.462,5.462,6.102,6.102,6.102,4.656,4.656,4.656,5.462,,6.102,6.102,,5.462,5.462,5.462
05-01-2026-Fri 12-55-26-PM,5.429,5.429,6.102,6.102,6.102,4.622,4.622,4.622,5.429,,6.102,6.102,,5.429,5.429,5.429
05-01-2026-Fri 12-55-27-PM,5.429,5.429,6.068,6.068,6.068,4.588,4.588,4.588,5.429,,6.068,6.068,,5.429,5.429,5.429
05-01-2026-Fri 12-55-29-PM,5.395,5.395,6.068,6.068,6.068,4.588,4.588,4.588,5.395,,6.068,6.068,,5.395,5.395,5.395
05-01-2026-Fri 12-55-30-PM,5.395,5.395,6.035,6.035,6.035,4.622,4.622,4.622,5.395,,6.035,6.035,,5.395,5.395,5.395
05-01-2026-Fri 12-55-32-PM,5.361,5.361,6.001,6.001,6.001,4.588,4.588,4.588,5.361,,6.001,6.001,,5.361,5.361,5.361
05-01-2026-Fri 12-55-33-PM,5.361,5.361,6.001,6.001,6.001,4.588,4.588,4.588,5.361,,6.001,6.001,,5.361,5.361,5.361
05-01-2026-Fri 12-55-35-PM,5.328,5.328,6.001,6.001,6.001,4.521,4.521,4.521,5.328,,6.001,6.001,,5.328,5.328,5.328
05-01-2026-Fri 12-55-36-PM,5.328,5.328,6.001,6.001,6.001,4.588,4.588,4.588,5.328,,6.001,6.001,,5.328,5.328,5.328
05-01-2026-Fri 12-55-37-PM,5.328,5.328,5.967,5.967,5.967,4.521,4.521,4.521,5.328,,5.967,5.967,,5.328,5.328,5.328
05-01-2026-Fri 12-55-39-PM,5.294,5.294,5.967,5.967,5.967,4.521,4.521,4.521,5.294,,5.967,5.967,,5.294,5.294,5.294
05-01-2026-Fri 12-55-40-PM,5.294,5.294,5.934,5.934,5.934,4.521,4.521,4.521,5.294,,5.934,5.934,,5.294,5.294,5.294
05-01-2026-Fri 12-55-42-PM,5.294,5.294,5.934,5.934,5.934,4.521,4.521,4.521,5.294,,5.934,5.934,,5.294,5.294,5.294
05-01-2026-Fri 12-55-43-PM,5.228,5.228,5.9,5.9,5.9,4.42,4.42,4.42,5.228,,5.9,5.9,,5.228,5.228,5.228
05-01-2026-Fri 12-55-46-PM,5.228,5.228,5.9,5.9,5.9,4.42,4.42,4.42,5.228,,5.9,5.9,,5.228,5.228,5.228
05-01-2026-Fri 12-55-49-PM,5.194,5.194,5.866,5.866,5.866,4.454,4.454,4.454,5.194,,5.866,5.866,,5.194,5.194,5.194
05-01-2026-Fri 12-55-51-PM,5.16,5.16,5.832,5.832,5.832,4.32,4.32,4.32,5.16,,5.832,5.832,,5.16,5.16,5.16
05-01-2026-Fri 12-55-52-PM,5.126,5.126,5.832,5.832,5.832,4.386,4.386,4.386,5.126,,5.832,5.832,,5.126,5.126,5.126
05-01-2026-Fri 12-55-53-PM,5.126,5.126,5.832,5.832,5.832,4.386,4.386,4.386,5.126,,5.832,5.832,,5.126,5.126,5.126
05-01-2026-Fri 12-55-55-PM,5.093,5.093,5.765,5.765,5.765,4.32,4.32,4.32,5.093,,5.765,5.765,,5.093,5.093,5.093
05-01-2026-Fri 12-55-56-PM,5.093,5.093,5.799,5.799,5.799,4.32,4.32,4.32,5.093,,5.799,5.799,,5.093,5.093,5.093
05-01-2026-Fri 12-55-58-PM,5.059,5.059,5.731,5.731,5.731,4.253,4.253,4.253,5.059,,5.731,5.731,,5.059,5.059,5.059
05-01-2026-Fri 12-56-00-PM,5.059,5.059,5.731,5.731,5.731,4.218,4.218,4.218,5.059,,5.731,5.731,,5.059,5.059,5.059
05-01-2026-Fri 12-56-01-PM,5.025,5.025,5.698,5.698,5.698,4.218,4.218,4.218,5.025,,5.698,5.698,,5.025,5.025,5.025
05-01-2026-Fri 12-56-03-PM,4.992,4.992,5.698,5.698,5.698,4.218,4.218,4.218,4.992,,5.698,5.698,,4.992,4.992,4.992
05-01-2026-Fri 12-56-04-PM,4.992,4.992,5.665,5.665,5.665,4.185,4.185,4.185,4.992,,5.665,5.665,,4.992,4.992,4.992
05-01-2026-Fri 12-56-05-PM,4.958,4.958,5.698,5.698,5.698,4.218,4.218,4.218,4.958,,5.698,5.698,,4.958,4.958,4.958
05-01-2026-Fri 12-56-07-PM,5.059,5.059,5.698,5.698,5.698,4.185,4.185,4.185,5.059,,5.698,5.698,,5.059,5.059,5.059
05-01-2026-Fri 12-56-08-PM,5.228,5.228,5.799,5.799,5.799,4.151,4.151,4.151,5.228,,5.799,5.799,,5.228,5.228,5.228
05-01-2026-Fri 12-56-10-PM,5.16,5.16,5.832,5.832,5.832,4.117,4.117,4.117,5.16,,5.832,5.832,,5.16,5.16,5.16
05-01-2026-Fri 12-56-11-PM,5.126,5.126,5.866,5.866,5.866,4.117,4.117,4.117,5.126,,5.866,5.866,,5.126,5.126,5.126
05-01-2026-Fri 12-56-12-PM,4.958,4.958,5.631,5.631,5.631,4.151,4.151,4.151,4.958,,5.631,5.631,,4.958,4.958,4.958
05-01-2026-Fri 12-56-14-PM,4.924,4.924,5.631,5.631,5.631,4.117,4.117,4.117,4.924,,5.631,5.631,,4.924,4.924,4.924
05-01-2026-Fri 12-56-15-PM,4.891,4.891,5.598,5.598,5.598,4.151,4.151,4.151,4.891,,5.598,5.598,,4.891,4.891,4.891
05-01-2026-Fri 12-56-17-PM,4.857,4.857,5.598,5.598,5.598,4.016,4.016,4.016,4.857,,5.598,5.598,,4.857,4.857,4.857
05-01-2026-Fri 12-56-18-PM,4.857,4.857,5.564,5.564,5.564,4.05,4.05,4.05,4.857,,5.564,5.564,,4.857,4.857,4.857
05-01-2026-Fri 12-56-19-PM,4.857,4.857,5.564,5.564,5.564,4.084,4.084,4.084,4.857,,5.564,5.564,,4.857,4.857,4.857
05-01-2026-Fri 12-56-21-PM,4.857,4.857,5.564,5.564,5.564,4.05,4.05,4.05,4.857,,5.564,5.564,,4.857,4.857,4.857
05-01-2026-Fri 12-56-22-PM,4.824,4.824,5.53,5.53,5.53,4.05,4.05,4.05,4.824,,5.53,5.53,,4.824,4.824,4.824
05-01-2026-Fri 12-56-23-PM,4.824,4.824,5.496,5.496,5.496,4.016,4.016,4.016,4.824,,5.496,5.496,,4.824,4.824,4.824
05-01-2026-Fri 12-56-25-PM,4.824,4.824,5.53,5.53,5.53,3.983,3.983,3.983,4.824,,5.53,5.53,,4.824,4.824,4.824
05-01-2026-Fri 12-56-26-PM,4.79,4.79,5.496,5.496,5.496,4.016,4.016,4.016,4.79,,5.496,5.496,,4.79,4.79,4.79
05-01-2026-Fri 12-56-28-PM,4.79,4.79,5.496,5.496,5.496,3.983,3.983,3.983,4.79,,5.496,5.496,,4.79,4.79,4.79
05-01-2026-Fri 12-56-29-PM,4.723,4.723,5.496,5.496,5.496,3.949,3.949,3.949,4.723,,5.496,5.496,,4.723,4.723,4.723
05-01-2026-Fri 12-56-30-PM,4.757,4.757,5.429,5.429,5.429,3.916,3.916,3.916,4.757,,5.429,5.429,,4.757,4.757,4.757
05-01-2026-Fri 12-56-32-PM,4.757,4.757,5.429,5.429,5.429,3.916,3.916,3.916,4.757,,5.429,5.429,,4.757,4.757,4.757
05-01-2026-Fri 12-56-33-PM,4.723,4.723,5.429,5.429,5.429,3.849,3.849,3.849,4.723,,5.429,5.429,,4.723,4.723,4.723
05-01-2026-Fri 12-56-35-PM,4.723,4.723,5.429,5.429,5.429,3.883,3.883,3.883,4.723,,5.429,5.429,,4.723,4.723,4.723
05-01-2026-Fri 12-56-36-PM,4.689,4.689,5.395,5.395,5.395,3.883,3.883,3.883,4.689,,5.395,5.395,,4.689,4.689,4.689
05-01-2026-Fri 12-56-37-PM,4.689,4.689,5.395,5.395,5.395,3.883,3.883,3.883,4.689,,5.395,5.395,,4.689,4.689,4.689
05-01-2026-Fri 12-56-39-PM,4.656,4.656,5.361,5.361,5.361,3.883,3.883,3.883,4.656,,5.361,5.361,,4.656,4.656,4.656
05-01-2026-Fri 12-56-40-PM,4.656,4.656,5.395,5.395,5.395,3.815,3.815,3.815,4.656,,5.395,5.395,,4.656,4.656,4.656
05-01-2026-Fri 12-56-42-PM,4.622,4.622,5.361,5.361,5.361,3.849,3.849,3.849,4.622,,5.361,5.361,,4.622,4.622,4.622
05-01-2026-Fri 12-56-43-PM,4.622,4.622,5.361,5.361,5.361,3.815,3.815,3.815,4.622,,5.361,5.361,,4.622,4.622,4.622
05-01-2026-Fri 12-56-44-PM,4.622,4.622,5.361,5.361,5.361,3.748,3.748,3.748,4.622,,5.361,5.361,,4.622,4.622,4.622
05-01-2026-Fri 12-56-46-PM,4.588,4.588,5.328,5.328,5.328,3.782,3.782,3.782,4.588,,5.328,5.328,,4.588,4.588,4.588
05-01-2026-Fri 12-56-47-PM,4.555,4.555,5.361,5.361,5.361,3.748,3.748,3.748,4.555,,5.361,5.361,,4.555,4.555,4.555
05-01-2026-Fri 12-56-49-PM,4.555,4.555,5.328,5.328,5.328,3.748,3.748,3.748,4.555,,5.328,5.328,,4.555,4.555,4.555
05-01-2026-Fri 12-56-50-PM,4.521,4.521,5.294,5.294,5.294,3.782,3.782,3.782,4.521,,5.294,5.294,,4.521,4.521,4.521
05-01-2026-Fri 12-56-51-PM,4.521,4.521,5.294,5.294,5.294,3.748,3.748,3.748,4.521,,5.294,5.294,,4.521,4.521,4.521
05-01-2026-Fri 12-56-53-PM,4.487,4.487,5.294,5.294,5.294,3.714,3.714,3.714,4.487,,5.294,5.294,,4.487,4.487,4.487
05-01-2026-Fri 12-56-54-PM,4.454,4.454,5.261,5.261,5.261,3.714,3.714,3.714,4.454,,5.261,5.261,,4.454,4.454,4.454
05-01-2026-Fri 12-56-56-PM,4.454,4.454,5.261,5.261,5.261,3.748,3.748,3.748,4.454,,5.261,5.261,,4.454,4.454,4.454
05-01-2026-Fri 12-56-57-PM,4.487,4.487,5.228,5.228,5.228,3.714,3.714,3.714,4.487,,5.228,5.228,,4.487,4.487,4.487
05-01-2026-Fri 12-56-58-PM,4.42,4.42,5.228,5.228,5.228,3.681,3.681,3.681,4.42,,5.228,5.228,,4.42,4.42,4.42
05-01-2026-Fri 12-57-00-PM,4.42,4.42,5.228,5.228,5.228,3.647,3.647,3.647,4.42,,5.228,5.228,,4.42,4.42,4.42
05-01-2026-Fri 12-57-01-PM,4.42,4.42,5.228,5.228,5.228,3.647,3.647,3.647,4.42,,5.228,5.228,,4.42,4.42,4.42
05-01-2026-Fri 12-57-03-PM,4.42,4.42,5.228,5.228,5.228,3.613,3.613,3.613,4.42,,5.228,5.228,,4.42,4.42,4.42
05-01-2026-Fri 12-57-04-PM,4.386,4.386,5.194,5.194,5.194,3.613,3.613,3.613,4.386,,5.194,5.194,,4.386,4.386,4.386
05-01-2026-Fri 12-57-05-PM,4.353,4.353,5.16,5.16,5.16,3.613,3.613,3.613,4.353,,5.16,5.16,,4.353,4.353,4.353
05-01-2026-Fri 12-57-07-PM,4.353,4.353,5.16,5.16,5.16,3.613,3.613,3.613,4.353,,5.16,5.16,,4.353,4.353,4.353
05-01-2026-Fri 12-57-08-PM,4.353,4.353,5.16,5.16,5.16,3.546,3.546,3.546,4.353,,5.16,5.16,,4.353,4.353,4.353
05-01-2026-Fri 12-57-10-PM,4.32,4.32,5.16,5.16,5.16,3.579,3.579,3.579,4.32,,5.16,5.16,,4.32,4.32,4.32
05-01-2026-Fri 12-57-11-PM,4.286,4.286,5.16,5.16,5.16,3.546,3.546,3.546,4.286,,5.16,5.16,,4.286,4.286,4.286
05-01-2026-Fri 12-57-12-PM,4.32,4.32,5.126,5.126,5.126,3.579,3.579,3.579,4.32,,5.126,5.126,,4.32,4.32,4.32
05-01-2026-Fri 12-57-14-PM,4.286,4.286,5.126,5.126,5.126,3.512,3.512,3.512,4.286,,5.126,5.126,,4.286,4.286,4.286
05-01-2026-Fri 12-57-15-PM,4.253,4.253,5.126,5.126,5.126,3.512,3.512,3.512,4.253,,5.126,5.126,,4.253,4.253,4.253
05-01-2026-Fri 12-57-16-PM,4.286,4.286,5.093,5.093,5.093,3.479,3.479,3.479,4.286,,5.093,5.093,,4.286,4.286,4.286
05-01-2026-Fri 12-57-18-PM,4.286,4.286,5.093,5.093,5.093,3.512,3.512,3.512,4.286,,5.093,5.093,,4.286,4.286,4.286
05-01-2026-Fri 12-57-19-PM,4.253,4.253,5.059,5.059,5.059,3.479,3.479,3.479,4.253,,5.059,5.059,,4.253,4.253,4.253
05-01-2026-Fri 12-57-21-PM,4.253,4.253,5.059,5.059,5.059,3.512,3.512,3.512,4.253,,5.059,5.059,,4.253,4.253,4.253
05-01-2026-Fri 12-57-22-PM,4.218,4.218,5.059,5.059,5.059,3.412,3.412,3.412,4.218,,5.059,5.059,,4.218,4.218,4.218
05-01-2026-Fri 12-57-23-PM,4.218,4.218,5.059,5.059,5.059,3.479,3.479,3.479,4.218,,5.059,5.059,,4.218,4.218,4.218
05-01-2026-Fri 12-57-25-PM,4.218,4.218,5.025,5.025,5.025,3.378,3.378,3.378,4.218,,5.025,5.025,,4.218,4.218,4.218
05-01-2026-Fri 12-57-26-PM,4.218,4.218,5.025,5.025,5.025,3.412,3.412,3.412,4.218,,5.025,5.025,,4.218,4.218,4.218
05-01-2026-Fri 12-57-28-PM,4.185,4.185,4.992,4.992,4.992,3.445,3.445,3.445,4.185,,4.992,4.992,,4.185,4.185,4.185
05-01-2026-Fri 12-57-29-PM,4.151,4.151,4.992,4.992,4.992,3.412,3.412,3.412,4.151,,4.992,4.992,,4.151,4.151,4.151
05-01-2026-Fri 12-57-30-PM,4.151,4.151,4.992,4.992,4.992,3.378,3.378,3.378,4.151,,4.992,4.992,,4.151,4.151,4.151
05-01-2026-Fri 12-57-32-PM,4.185,4.185,4.958,4.958,4.958,3.412,3.412,3.412,4.185,,4.958,4.958,,4.185,4.185,4.185
05-01-2026-Fri 12-57-33-PM,4.151,4.151,4.958,4.958,4.958,3.345,3.345,3.345,4.151,,4.958,4.958,,4.151,4.151,4.151
05-01-2026-Fri 12-57-35-PM,4.117,4.117,4.958,4.958,4.958,3.311,3.311,3.311,4.117,,4.958,4.958,,4.117,4.117,4.117
05-01-2026-Fri 12-57-36-PM,4.117,4.117,4.924,4.924,4.924,3.412,3.412,3.412,4.117,,4.924,4.924,,4.117,4.117,4.117
05-01-2026-Fri 12-57-37-PM,4.117,4.117,4.958,4.958,4.958,3.311,3.311,3.311,4.117,,4.958,4.958,,4.117,4.117,4.117
05-01-2026-Fri 12-57-39-PM,4.084,4.084,4.924,4.924,4.924,3.244,3.244,3.244,4.084,,4.924,4.924,,4.084,4.084,4.084
05-01-2026-Fri 12-57-40-PM,4.084,4.084,4.924,4.924,4.924,3.345,3.345,3.345,4.084,,4.924,4.924,,4.084,4.084,4.084
05-01-2026-Fri 12-57-42-PM,4.084,4.084,4.891,4.891,4.891,3.277,3.277,3.277,4.084,,4.891,4.891,,4.084,4.084,4.084
05-01-2026-Fri 12-57-43-PM,4.05,4.05,4.891,4.891,4.891,3.244,3.244,3.244,4.05,,4.891,4.891,,4.05,4.05,4.05
05-01-2026-Fri 12-57-44-PM,4.05,4.05,4.891,4.891,4.891,3.244,3.244,3.244,4.05,,4.891,4.891,,4.05,4.05,4.05
05-01-2026-Fri 12-57-46-PM,4.05,4.05,4.857,4.857,4.857,3.277,3.277,3.277,4.05,,4.857,4.857,,4.05,4.05,4.05
05-01-2026-Fri 12-57-47-PM,4.016,4.016,4.857,4.857,4.857,3.244,3.244,3.244,4.016,,4.857,4.857,,4.016,4.016,4.016
05-01-2026-Fri 12-57-49-PM,3.983,3.983,4.857,4.857,4.857,3.244,3.244,3.244,3.983,,4.857,4.857,,3.983,3.983,3.983
05-01-2026-Fri 12-57-50-PM,3.983,3.983,4.824,4.824,4.824,3.21,3.21,3.21,3.983,,4.824,4.824,,3.983,3.983,3.983
05-01-2026-Fri 12-57-52-PM,3.983,3.983,4.824,4.824,4.824,3.21,3.21,3.21,3.983,,4.824,4.824,,3.983,3.983,3.983
05-01-2026-Fri 12-57-53-PM,3.983,3.983,4.79,4.79,4.79,3.176,3.176,3.176,3.983,,4.79,4.79,,3.983,3.983,3.983
05-01-2026-Fri 12-57-54-PM,3.949,3.949,4.824,4.824,4.824,3.176,3.176,3.176,3.949,,4.824,4.824,,3.949,3.949,3.949
05-01-2026-Fri 12-57-56-PM,3.983,3.983,4.79,4.79,4.79,3.143,3.143,3.143,3.983,,4.79,4.79,,3.983,3.983,3.983
05-01-2026-Fri 12-57-57-PM,3.916,3.916,4.79,4.79,4.79,3.176,3.176,3.176,3.916,,4.79,4.79,,3.916,3.916,3.916
05-01-2026-Fri 12-57-59-PM,3.916,3.916,4.79,4.79,4.79,3.109,3.109,3.109,3.916,,4.79,4.79,,3.916,3.916,3.916
05-01-2026-Fri 12-58-00-PM,3.916,3.916,4.757,4.757,4.757,3.075,3.075,3.075,3.916,,4.757,4.757,,3.916,3.916,3.916
05-01-2026-Fri 12-58-01-PM,3.916,3.916,4.757,4.757,4.757,3.109,3.109,3.109,3.916,,4.757,4.757,,3.916,3.916,3.916
05-01-2026-Fri 12-58-03-PM,3.883,3.883,4.723,4.723,4.723,3.109,3.109,3.109,3.883,,4.723,4.723,,3.883,3.883,3.883
05-01-2026-Fri 12-58-04-PM,3.916,3.916,4.723,4.723,4.723,3.109,3.109,3.109,3.916,,4.723,4.723,,3.916,3.916,3.916
05-01-2026-Fri 12-58-07-PM,3.883,3.883,4.723,4.723,4.723,3.075,3.075,3.075,3.883,,4.723,4.723,,3.883,3.883,3.883
05-01-2026-Fri 12-58-10-PM,3.883,3.883,4.689,4.689,4.689,3.042,3.042,3.042,3.883,,4.689,4.689,,3.883,3.883,3.883
05-01-2026-Fri 12-58-12-PM,3.849,3.849,4.656,4.656,4.656,3.042,3.042,3.042,3.849,,4.656,4.656,,3.849,3.849,3.849
05-01-2026-Fri 12-58-13-PM,3.815,3.815,4.656,4.656,4.656,3.008,3.008,3.008,3.815,,4.656,4.656,,3.815,3.815,3.815
05-01-2026-Fri 12-58-15-PM,3.815,3.815,4.656,4.656,4.656,3.008,3.008,3.008,3.815,,4.656,4.656,,3.815,3.815,3.815
05-01-2026-Fri 12-58-16-PM,3.782,3.782,4.622,4.622,4.622,3.075,3.075,3.075,3.782,,4.622,4.622,,3.782,3.782,3.782
05-01-2026-Fri 12-58-17-PM,3.782,3.782,4.622,4.622,4.622,2.942,2.942,2.942,3.782,,4.622,4.622,,3.782,3.782,3.782
05-01-2026-Fri 12-58-19-PM,3.782,3.782,4.622,4.622,4.622,3.008,3.008,3.008,3.782,,4.622,4.622,,3.782,3.782,3.782
05-01-2026-Fri 12-58-20-PM,3.782,3.782,4.622,4.622,4.622,2.975,2.975,2.975,3.782,,4.622,4.622,,3.782,3.782,3.782
05-01-2026-Fri 12-58-21-PM,3.782,3.782,4.588,4.588,4.588,2.942,2.942,2.942,3.782,,4.588,4.588,,3.782,3.782,3.782
05-01-2026-Fri 12-58-23-PM,3.748,3.748,4.588,4.588,4.588,2.975,2.975,2.975,3.748,,4.588,4.588,,3.748,3.748,3.748
05-01-2026-Fri 12-58-24-PM,3.748,3.748,4.588,4.588,4.588,2.908,2.908,2.908,3.748,,4.588,4.588,,3.748,3.748,3.748
05-01-2026-Fri 12-58-26-PM,3.714,3.714,4.588,4.588,4.588,2.908,2.908,2.908,3.714,,4.588,4.588,,3.714,3.714,3.714
05-01-2026-Fri 12-58-27-PM,3.714,3.714,4.555,4.555,4.555,2.975,2.975,2.975,3.714,,4.555,4.555,,3.714,3.714,3.714
05-01-2026-Fri 12-58-28-PM,3.681,3.681,4.555,4.555,4.555,2.908,2.908,2.908,3.681,,4.555,4.555,,3.681,3.681,3.681
05-01-2026-Fri 12-58-30-PM,3.681,3.681,4.521,4.521,4.521,2.942,2.942,2.942,3.681,,4.521,4.521,,3.681,3.681,3.681
05-01-2026-Fri 12-58-32-PM,3.681,3.681,4.555,4.555,4.555,2.841,2.841,2.841,3.681,,4.555,4.555,,3.681,3.681,3.681
05-01-2026-Fri 12-58-33-PM,3.681,3.681,4.521,4.521,4.521,2.874,2.874,2.874,3.681,,4.521,4.521,,3.681,3.681,3.681
05-01-2026-Fri 12-58-34-PM,3.681,3.681,4.521,4.521,4.521,2.841,2.841,2.841,3.681,,4.521,4.521,,3.681,3.681,3.681
05-01-2026-Fri 12-58-36-PM,3.681,3.681,4.521,4.521,4.521,2.908,2.908,2.908,3.681,,4.521,4.521,,3.681,3.681,3.681
05-01-2026-Fri 12-58-37-PM,3.647,3.647,4.521,4.521,4.521,2.807,2.807,2.807,3.647,,4.521,4.521,,3.647,3.647,3.647
05-01-2026-Fri 12-58-39-PM,3.647,3.647,4.521,4.521,4.521,2.807,2.807,2.807,3.647,,4.521,4.521,,3.647,3.647,3.647
05-01-2026-Fri 12-58-40-PM,3.613,3.613,4.521,4.521,4.521,2.807,2.807,2.807,3.613,,4.521,4.521,,3.613,3.613,3.613
05-01-2026-Fri 12-58-42-PM,3.613,3.613,4.521,4.521,4.521,2.807,2.807,2.807,3.613,,4.521,4.521,,3.613,3.613,3.613
05-01-2026-Fri 12-58-44-PM,3.647,3.647,4.487,4.487,4.487,2.841,2.841,2.841,3.647,,4.487,4.487,,3.647,3.647,3.647
05-01-2026-Fri 12-58-45-PM,3.613,3.613,4.487,4.487,4.487,2.807,2.807,2.807,3.613,,4.487,4.487,,3.613,3.613,3.613
05-01-2026-Fri 12-58-46-PM,3.579,3.579,4.487,4.487,4.487,2.807,2.807,2.807,3.579,,4.487,4.487,,3.579,3.579,3.579
05-01-2026-Fri 12-58-48-PM,3.579,3.579,4.454,4.454,4.454,2.773,2.773,2.773,3.579,,4.454,4.454,,3.579,3.579,3.579
05-01-2026-Fri 12-58-49-PM,3.579,3.579,4.42,4.42,4.42,2.807,2.807,2.807,3.579,,4.42,4.42,,3.579,3.579,3.579
05-01-2026-Fri 12-58-51-PM,3.546,3.546,4.42,4.42,4.42,2.74,2.74,2.74,3.546,,4.42,4.42,,3.546,3.546,3.546
05-01-2026-Fri 12-58-52-PM,3.512,3.512,4.386,4.386,4.386,2.74,2.74,2.74,3.512,,4.386,4.386,,3.512,3.512,3.512
05-01-2026-Fri 12-58-53-PM,3.512,3.512,4.353,4.353,4.353,2.672,2.672,2.672,3.512,,4.353,4.353,,3.512,3.512,3.512
05-01-2026-Fri 12-58-55-PM,3.479,3.479,4.286,4.286,4.286,2.74,2.74,2.74,3.479,,4.286,4.286,,3.479,3.479,3.479
05-01-2026-Fri 12-58-56-PM,3.412,3.412,4.286,4.286,4.286,2.672,2.672,2.672,3.412,,4.286,4.286,,3.412,3.412,3.412
05-01-2026-Fri 12-58-58-PM,3.412,3.412,4.218,4.218,4.218,2.74,2.74,2.74,3.412,,4.218,4.218,,3.412,3.412,3.412
05-01-2026-Fri 12-58-59-PM,3.345,3.345,4.185,4.185,4.185,2.639,2.639,2.639,3.345,,4.185,4.185,,3.345,3.345,3.345
05-01-2026-Fri 12-59-00-PM,3.311,3.311,4.117,4.117,4.117,2.639,2.639,2.639,3.311,,4.117,4.117,,3.311,3.311,3.311
05-01-2026-Fri 12-59-02-PM,3.277,3.277,4.084,4.084,4.084,2.571,2.571,2.571,3.277,,4.084,4.084,,3.277,3.277,3.277
05-01-2026-Fri 12-59-03-PM,3.21,3.21,4.05,4.05,4.05,2.571,2.571,2.571,3.21,,4.05,4.05,,3.21,3.21,3.21
05-01-2026-Fri 12-59-05-PM,3.143,3.143,3.983,3.983,3.983,2.571,2.571,2.571,3.143,,3.983,3.983,,3.143,3.143,3.143
05-01-2026-Fri 12-59-06-PM,3.109,3.109,3.949,3.949,3.949,2.538,2.538,2.538,3.109,,3.949,3.949,,3.109,3.109,3.109
05-01-2026-Fri 12-59-07-PM,3.075,3.075,3.883,3.883,3.883,2.471,2.471,2.471,3.075,,3.883,3.883,,3.075,3.075,3.075
05-01-2026-Fri 12-59-09-PM,2.975,2.975,3.849,3.849,3.849,2.471,2.471,2.471,2.975,,3.849,3.849,,2.975,2.975,2.975
05-01-2026-Fri 12-59-10-PM,2.975,2.975,3.815,3.815,3.815,2.437,2.437,2.437,2.975,,3.815,3.815,,2.975,2.975,2.975
05-01-2026-Fri 12-59-12-PM,2.942,2.942,3.782,3.782,3.782,2.404,2.404,2.404,2.942,,3.782,3.782,,2.942,2.942,2.942
05-01-2026-Fri 12-59-13-PM,2.874,2.874,3.714,3.714,3.714,2.336,2.336,2.336,2.874,,3.714,3.714,,2.874,2.874,2.874
05-01-2026-Fri 12-59-14-PM,2.841,2.841,3.681,3.681,3.681,2.336,2.336,2.336,2.841,,3.681,3.681,,2.841,2.841,2.841
05-01-2026-Fri 12-59-16-PM,2.807,2.807,3.613,3.613,3.613,2.336,2.336,2.336,2.807,,3.613,3.613,,2.807,2.807,2.807
05-01-2026-Fri 12-59-17-PM,2.773,2.773,3.579,3.579,3.579,2.269,2.269,2.269,2.773,,3.579,3.579,,2.773,2.773,2.773
05-01-2026-Fri 12-59-19-PM,2.706,2.706,3.546,3.546,3.546,2.269,2.269,2.269,2.706,,3.546,3.546,,2.706,2.706,2.706
05-01-2026-Fri 12-59-20-PM,2.672,2.672,3.512,3.512,3.512,2.235,2.235,2.235,2.672,,3.512,3.512,,2.672,2.672,2.672
05-01-2026-Fri 12-59-22-PM,2.639,2.639,3.445,3.445,3.445,2.168,2.168,2.168,2.639,,3.445,3.445,,2.639,2.639,2.639
05-01-2026-Fri 12-59-23-PM,2.571,2.571,3.378,3.378,3.378,2.134,2.134,2.134,2.571,,3.378,3.378,,2.571,2.571,2.571
05-01-2026-Fri 12-59-25-PM,2.538,2.538,3.345,3.345,3.345,2.101,2.101,2.101,2.538,,3.345,3.345,,2.538,2.538,2.538
05-01-2026-Fri 12-59-26-PM,2.504,2.504,3.277,3.277,3.277,2.101,2.101,2.101,2.504,,3.277,3.277,,2.504,2.504,2.504
05-01-2026-Fri 12-59-28-PM,2.471,2.471,3.21,3.21,3.21,2.034,2.034,2.034,2.471,,3.21,3.21,,2.471,2.471,2.471
05-01-2026-Fri 12-59-29-PM,2.437,2.437,3.176,3.176,3.176,2.034,2.034,2.034,2.437,,3.176,3.176,,2.437,2.437,2.437
05-01-2026-Fri 12-59-30-PM,2.37,2.37,3.143,3.143,3.143,1.967,1.967,1.967,2.37,,3.143,3.143,,2.37,2.37,2.37
05-01-2026-Fri 12-59-32-PM,2.336,2.336,3.075,3.075,3.075,1.967,1.967,1.967,2.336,,3.075,3.075,,2.336,2.336,2.336
05-01-2026-Fri 12-59-33-PM,2.303,2.303,3.042,3.042,3.042,1.933,1.933,1.933,2.303,,3.042,3.042,,2.303,2.303,2.303
05-01-2026-Fri 12-59-35-PM,2.235,2.235,3.008,3.008,3.008,1.9,1.9,1.9,2.235,,3.008,3.008,,2.235,2.235,2.235
05-01-2026-Fri 12-59-36-PM,2.235,2.235,2.942,2.942,2.942,1.832,1.832,1.832,2.235,,2.942,2.942,,2.235,2.235,2.235
05-01-2026-Fri 12-59-37-PM,2.202,2.202,2.908,2.908,2.908,1.832,1.832,1.832,2.202,,2.908,2.908,,2.202,2.202,2.202
05-01-2026-Fri 12-59-39-PM,2.134,2.134,2.874,2.874,2.874,1.732,1.732,1.732,2.134,,2.874,2.874,,2.134,2.134,2.134
05-01-2026-Fri 12-59-40-PM,2.101,2.101,2.807,2.807,2.807,1.698,1.698,1.698,2.101,,2.807,2.807,,2.101,2.101,2.101
05-01-2026-Fri 12-59-42-PM,2.067,2.067,2.74,2.74,2.74,1.664,1.664,1.664,2.067,,2.74,2.74,,2.067,2.067,2.067
05-01-2026-Fri 12-59-43-PM,2.001,2.001,2.74,2.74,2.74,1.63,1.63,1.63,2.001,,2.74,2.74,,2.001,2.001,2.001
05-01-2026-Fri 12-59-44-PM,1.967,1.967,2.672,2.672,2.672,1.598,1.598,1.598,1.967,,2.672,2.672,,1.967,1.967,1.967
05-01-2026-Fri 12-59-46-PM,1.967,1.967,2.639,2.639,2.639,1.564,1.564,1.564,1.967,,2.639,2.639,,1.967,1.967,1.967
05-01-2026-Fri 12-59-47-PM,1.9,1.9,2.571,2.571,2.571,1.63,1.63,1.63,1.9,,2.571,2.571,,1.9,1.9,1.9
05-01-2026-Fri 12-59-49-PM,1.866,1.866,2.571,2.571,2.571,1.53,1.53,1.53,1.866,,2.571,2.571,,1.866,1.866,1.866
05-01-2026-Fri 12-59-50-PM,1.799,1.799,2.504,2.504,2.504,1.463,1.463,1.463,1.799,,2.504,2.504,,1.799,1.799,1.799
05-01-2026-Fri 12-59-51-PM,1.766,1.766,2.437,2.437,2.437,1.429,1.429,1.429,1.766,,2.437,2.437,,1.766,1.766,1.766
05-01-2026-Fri 12-59-53-PM,1.732,1.732,2.404,2.404,2.404,1.429,1.429,1.429,1.732,,2.404,2.404,,1.732,1.732,1.732
05-01-2026-Fri 12-59-54-PM,1.698,1.698,2.37,2.37,2.37,1.363,1.363,1.363,1.698,,2.37,2.37,,1.698,1.698,1.698
05-01-2026-Fri 12-59-56-PM,1.664,1.664,2.303,2.303,2.303,1.329,1.329,1.329,1.664,,2.303,2.303,,1.664,1.664,1.664
05-01-2026-Fri 12-59-57-PM,1.598,1.598,2.269,2.269,2.269,1.295,1.295,1.295,1.598,,2.269,2.269,,1.598,1.598,1.598
05-01-2026-Fri 12-59-59-PM,1.564,1.564,2.235,2.235,2.235,1.295,1.295,1.295,1.564,,2.235,2.235,,1.564,1.564,1.564
05-01-2026-Fri 13-00-00-PM,1.564,1.564,2.168,2.168,2.168,1.261,1.261,1.261,1.564,,2.168,2.168,,1.564,1.564,1.564
05-01-2026-Fri 13-00-01-PM,1.497,1.497,2.134,2.134,2.134,1.161,1.161,1.161,1.497,,2.134,2.134,,1.497,1.497,1.497
05-01-2026-Fri 13-00-03-PM,1.429,1.429,2.101,2.101,2.101,1.093,1.093,1.093,1.429,,2.101,2.101,,1.429,1.429,1.429
05-01-2026-Fri 13-00-04-PM,1.429,1.429,2.034,2.034,2.034,1.161,1.161,1.161,1.429,,2.034,2.034,,1.429,1.429,1.429
05-01-2026-Fri 13-00-06-PM,1.363,1.363,2.001,2.001,2.001,1.093,1.093,1.093,1.363,,2.001,2.001,,1.363,1.363,1.363
05-01-2026-Fri 13-00-07-PM,1.363,1.363,1.933,1.933,1.933,1.026,1.026,1.026,1.363,,1.933,1.933,,1.363,1.363,1.363
05-01-2026-Fri 13-00-09-PM,1.295,1.295,1.9,1.9,1.9,0.993,0.993,0.993,1.295,,1.9,1.9,,1.295,1.295,1.295
05-01-2026-Fri 13-00-10-PM,1.295,1.295,1.866,1.866,1.866,0.96,0.96,0.96,1.295,,1.866,1.866,,1.295,1.295,1.295
05-01-2026-Fri 13-00-11-PM,1.261,1.261,1.832,1.832,1.832,0.892,0.892,0.892,1.261,,1.832,1.832,,1.261,1.261,1.261
05-01-2026-Fri 13-00-13-PM,1.429,1.429,1.799,1.799,1.799,0.892,0.892,0.892,1.429,,1.799,1.799,,1.429,1.429,1.429
05-01-2026-Fri 13-00-14-PM,1.195,1.195,2.001,2.001,2.001,0.858,0.858,0.858,1.195,,2.001,2.001,,1.195,1.195,1.195
05-01-2026-Fri 13-00-16-PM,1.227,1.227,2.034,2.034,2.034,0.858,0.858,0.858,1.227,,2.034,2.034,,1.227,1.227,1.227
05-01-2026-Fri 13-00-17-PM,1.161,1.161,1.866,1.866,1.866,0.758,0.758,0.758,1.161,,1.866,1.866,,1.161,1.161,1.161
05-01-2026-Fri 13-00-18-PM,1.093,1.093,1.63,1.63,1.63,0.792,0.792,0.792,1.093,,1.63,1.63,,1.093,1.093,1.093
05-01-2026-Fri 13-00-20-PM,1.026,1.026,1.564,1.564,1.564,0.724,0.724,0.724,1.026,,1.564,1.564,,1.026,1.026,1.026
05-01-2026-Fri 13-00-21-PM,1.026,1.026,1.53,1.53,1.53,0.69,0.69,0.69,1.026,,1.53,1.53,,1.026,1.026,1.026
05-01-2026-Fri 13-00-23-PM,0.993,0.993,1.463,1.463,1.463,0.656,0.656,0.656,0.993,,1.463,1.463,,0.993,0.993,0.993
05-01-2026-Fri 13-00-24-PM,0.96,0.96,1.463,1.463,1.463,0.622,0.622,0.622,0.96,,1.463,1.463,,0.96,0.96,0.96
05-01-2026-Fri 13-00-25-PM,0.926,0.926,1.429,1.429,1.429,0.523,0.523,0.523,0.926,,1.429,1.429,,0.926,0.926,0.926
05-01-2026-Fri 13-00-27-PM,0.892,0.892,1.363,1.363,1.363,0.556,0.556,0.556,0.892,,1.363,1.363,,0.892,0.892,0.892
05-01-2026-Fri 13-00-28-PM,0.824,0.824,1.363,1.363,1.363,0.523,0.523,0.523,0.824,,1.363,1.363,,0.824,0.824,0.824
05-01-2026-Fri 13-00-30-PM,0.824,0.824,1.295,1.295,1.295,0.49,0.49,0.49,0.824,,1.295,1.295,,0.824,0.824,0.824
05-01-2026-Fri 13-00-31-PM,0.792,0.792,1.261,1.261,1.261,0.423,0.423,0.423,0.792,,1.261,1.261,,0.792,0.792,0.792
05-01-2026-Fri 13-00-32-PM,0.758,0.758,1.195,1.195,1.195,0.389,0.389,0.389,0.758,,1.195,1.195,,0.758,0.758,0.758
05-01-2026-Fri 13-00-34-PM,0.724,0.724,1.195,1.195,1.195,0.389,0.389,0.389,0.724,,1.195,1.195,,0.724,0.724,0.724
05-01-2026-Fri 13-00-35-PM,0.69,0.69,1.127,1.127,1.127,0.355,0.355,0.355,0.69,,1.127,1.127,,0.69,0.69,0.69
05-01-2026-Fri 13-00-36-PM,0.792,0.792,1.195,1.195,1.195,0.321,0.321,0.321,0.792,,1.195,1.195,,0.792,0.792,0.792
05-01-2026-Fri 13-00-38-PM,0.656,0.656,1.195,1.195,1.195,0.255,0.255,0.255,0.656,,1.195,1.195,,0.656,0.656,0.656
05-01-2026-Fri 13-00-39-PM,0.656,0.656,1.026,1.026,1.026,0.187,0.187,0.187,0.656,,1.026,1.026,,0.656,0.656,0.656
05-01-2026-Fri 13-00-41-PM,0.858,0.858,1.127,1.127,1.127,0.221,0.221,0.221,0.858,,1.127,1.127,,0.858,0.858,0.858
05-01-2026-Fri 13-00-42-PM,0.59,0.59,0.96,0.96,0.96,0.221,0.221,0.221,0.59,,0.96,0.96,,0.59,0.59,0.59
05-01-2026-Fri 13-00-44-PM,0.556,0.556,0.926,0.926,0.926,0.153,0.153,0.153,0.556,,0.926,0.926,,0.556,0.556,0.556
05-01-2026-Fri 13-00-45-PM,0.523,0.523,0.892,0.892,0.892,0.121,0.121,0.121,0.523,,0.892,0.892,,0.523,0.523,0.523
05-01-2026-Fri 13-00-46-PM,0.49,0.49,0.892,0.892,0.892,0.087,0.087,0.087,0.49,,0.892,0.892,,0.49,0.49,0.49
05-01-2026-Fri 13-00-49-PM,0.456,0.456,0.824,0.824,0.824,0.019,0.019,0.019,0.456,,0.824,0.824,,0.456,0.456,0.456
05-01-2026-Fri 13-00-52-PM,0.389,0.389,0.758,0.758,0.758,-0.017,-0.017,-0.017,0.389,,0.758,0.758,,0.389,0.389,0.389
05-01-2026-Fri 13-00-55-PM,0.321,0.321,0.69,0.69,0.69,-0.117,-0.117,-0.117,0.321,,0.69,0.69,,0.321,0.321,0.321
05-01-2026-Fri 13-00-57-PM,0.255,0.255,0.622,0.622,0.622,-0.185,-0.185,-0.185,0.255,,0.622,0.622,,0.255,0.255,0.255
05-01-2026-Fri 13-00-59-PM,0.221,0.221,0.556,0.556,0.556,-0.218,-0.218,-0.218,0.221,,0.556,0.556,,0.221,0.221,0.221
05-01-2026-Fri 13-01-01-PM,0.153,0.153,0.523,0.523,0.523,-0.285,-0.285,-0.285,0.153,,0.523,0.523,,0.153,0.153,0.153
05-01-2026-Fri 13-01-02-PM,0.153,0.153,0.49,0.49,0.49,-0.319,-0.319,-0.319,0.153,,0.49,0.49,,0.153,0.153,0.153
05-01-2026-Fri 13-01-04-PM,0.087,0.087,0.456,0.456,0.456,-0.386,-0.386,-0.386,0.087,,0.456,0.456,,0.087,0.087,0.087
05-01-2026-Fri 13-01-05-PM,0.053,0.053,0.423,0.423,0.423,-0.386,-0.386,-0.386,0.053,,0.423,0.423,,0.053,0.053,0.053
05-01-2026-Fri 13-01-07-PM,0.053,0.053,0.389,0.389,0.389,-0.352,-0.352,-0.352,0.053,,0.389,0.389,,0.053,0.053,0.053
05-01-2026-Fri 13-01-08-PM,0.019,0.019,0.355,0.355,0.355,-0.52,-0.52,-0.52,0.019,,0.355,0.355,,0.019,0.019,0.019
05-01-2026-Fri 13-01-10-PM,-0.017,-0.017,0.321,0.321,0.321,-0.487,-0.487,-0.487,-0.017,,0.321,0.321,,-0.017,-0.017,-0.017
05-01-2026-Fri 13-01-11-PM,-0.017,-0.017,0.321,0.321,0.321,-0.52,-0.52,-0.52,-0.017,,0.321,0.321,,-0.017,-0.017,-0.017
05-01-2026-Fri 13-01-12-PM,-0.05,-0.05,0.289,0.289,0.289,-0.621,-0.621,-0.621,-0.05,,0.289,0.289,,-0.05,-0.05,-0.05
05-01-2026-Fri 13-01-14-PM,-0.084,-0.084,0.221,0.221,0.221,-0.621,-0.621,-0.621,-0.084,,0.221,0.221,,-0.084,-0.084,-0.084
05-01-2026-Fri 13-01-15-PM,-0.117,-0.117,0.221,0.221,0.221,-0.621,-0.621,-0.621,-0.117,,0.221,0.221,,-0.117,-0.117,-0.117
05-01-2026-Fri 13-01-17-PM,-0.151,-0.151,0.153,0.153,0.153,-0.688,-0.688,-0.688,-0.151,,0.153,0.153,,-0.151,-0.151,-0.151
05-01-2026-Fri 13-01-18-PM,-0.185,-0.185,0.121,0.121,0.121,-0.722,-0.722,-0.722,-0.185,,0.121,0.121,,-0.185,-0.185,-0.185
05-01-2026-Fri 13-01-20-PM,-0.218,-0.218,0.121,0.121,0.121,-0.722,-0.722,-0.722,-0.218,,0.121,0.121,,-0.218,-0.218,-0.218
05-01-2026-Fri 13-01-21-PM,-0.218,-0.218,0.087,0.087,0.087,-0.789,-0.789,-0.789,-0.218,,0.087,0.087,,-0.218,-0.218,-0.218
05-01-2026-Fri 13-01-22-PM,-0.285,-0.285,0.019,0.019,0.019,-0.856,-0.856,-0.856,-0.285,,0.019,0.019,,-0.285,-0.285,-0.285
05-01-2026-Fri 13-01-24-PM,-0.285,-0.285,0.019,0.019,0.019,-0.89,-0.89,-0.89,-0.285,,0.019,0.019,,-0.285,-0.285,-0.285
05-01-2026-Fri 13-01-25-PM,-0.319,-0.319,-0.017,-0.017,-0.017,-0.923,-0.923,-0.923,-0.319,,-0.017,-0.017,,-0.319,-0.319,-0.319
05-01-2026-Fri 13-01-27-PM,-0.319,-0.319,-0.05,-0.05,-0.05,-0.923,-0.923,-0.923,-0.319,,-0.05,-0.05,,-0.319,-0.319,-0.319
05-01-2026-Fri 13-01-28-PM,-0.386,-0.386,-0.084,-0.084,-0.084,-0.923,-0.923,-0.923,-0.386,,-0.084,-0.084,,-0.386,-0.386,-0.386
05-01-2026-Fri 13-01-29-PM,-0.386,-0.386,-0.117,-0.117,-0.117,-0.923,-0.923,-0.923,-0.386,,-0.117,-0.117,,-0.386,-0.386,-0.386
05-01-2026-Fri 13-01-31-PM,-0.42,-0.42,-0.151,-0.151,-0.151,-0.99,-0.99,-0.99,-0.42,,-0.151,-0.151,,-0.42,-0.42,-0.42
05-01-2026-Fri 13-01-32-PM,-0.42,-0.42,-0.185,-0.185,-0.185,-1.024,-1.024,-1.024,-0.42,,-0.185,-0.185,,-0.42,-0.42,-0.42
05-01-2026-Fri 13-01-34-PM,-0.487,-0.487,-0.185,-0.185,-0.185,-1.125,-1.125,-1.125,-0.487,,-0.185,-0.185,,-0.487,-0.487,-0.487
05-01-2026-Fri 13-01-35-PM,-0.285,-0.285,0.187,0.187,0.187,-1.125,-1.125,-1.125,-0.285,,0.187,0.187,,-0.285,-0.285,-0.285
05-01-2026-Fri 13-01-36-PM,-0.42,-0.42,-0.084,-0.084,-0.084,-1.125,-1.125,-1.125,-0.42,,-0.084,-0.084,,-0.42,-0.42,-0.42
05-01-2026-Fri 13-01-38-PM,-0.487,-0.487,-0.252,-0.252,-0.252,-1.158,-1.158,-1.158,-0.487,,-0.252,-0.252,,-0.487,-0.487,-0.487
05-01-2026-Fri 13-01-39-PM,-0.588,-0.588,-0.285,-0.285,-0.285,-1.192,-1.192,-1.192,-0.588,,-0.285,-0.285,,-0.588,-0.588,-0.588
05-01-2026-Fri 13-01-41-PM,-0.621,-0.621,-0.319,-0.319,-0.319,-1.225,-1.225,-1.225,-0.621,,-0.319,-0.319,,-0.621,-0.621,-0.621
05-01-2026-Fri 13-01-42-PM,-0.621,-0.621,-0.352,-0.352,-0.352,-1.259,-1.259,-1.259,-0.621,,-0.352,-0.352,,-0.621,-0.621,-0.621
05-01-2026-Fri 13-01-43-PM,-0.655,-0.655,-0.352,-0.352,-0.352,-1.259,-1.259,-1.259,-0.655,,-0.352,-0.352,,-0.655,-0.655,-0.655
05-01-2026-Fri 13-01-45-PM,-0.688,-0.688,-0.386,-0.386,-0.386,-1.292,-1.292,-1.292,-0.688,,-0.386,-0.386,,-0.688,-0.688,-0.688
05-01-2026-Fri 13-01-46-PM,-0.688,-0.688,-0.42,-0.42,-0.42,-1.359,-1.359,-1.359,-0.688,,-0.42,-0.42,,-0.688,-0.688,-0.688
05-01-2026-Fri 13-01-48-PM,-0.722,-0.722,-0.453,-0.453,-0.453,-1.359,-1.359,-1.359,-0.722,,-0.453,-0.453,,-0.722,-0.722,-0.722
05-01-2026-Fri 13-01-49-PM,-0.755,-0.755,-0.487,-0.487,-0.487,-1.393,-1.393,-1.393,-0.755,,-0.487,-0.487,,-0.755,-0.755,-0.755
05-01-2026-Fri 13-01-50-PM,-0.789,-0.789,-0.52,-0.52,-0.52,-1.427,-1.427,-1.427,-0.789,,-0.52,-0.52,,-0.789,-0.789,-0.789
05-01-2026-Fri 13-01-52-PM,-0.789,-0.789,-0.52,-0.52,-0.52,-1.494,-1.494,-1.494,-0.789,,-0.52,-0.52,,-0.789,-0.789,-0.789
05-01-2026-Fri 13-01-53-PM,-0.822,-0.822,-0.588,-0.588,-0.588,-1.494,-1.494,-1.494,-0.822,,-0.588,-0.588,,-0.822,-0.822,-0.822
05-01-2026-Fri 13-01-55-PM,-0.856,-0.856,-0.588,-0.588,-0.588,-1.494,-1.494,-1.494,-0.856,,-0.588,-0.588,,-0.856,-0.856,-0.856
05-01-2026-Fri 13-01-56-PM,-0.89,-0.89,-0.621,-0.621,-0.621,-1.527,-1.527,-1.527,-0.89,,-0.621,-0.621,,-0.89,-0.89,-0.89
05-01-2026-Fri 13-01-57-PM,-0.89,-0.89,-0.621,-0.621,-0.621,-1.594,-1.594,-1.594,-0.89,,-0.621,-0.621,,-0.89,-0.89,-0.89
05-01-2026-Fri 13-01-59-PM,-0.957,-0.957,-0.655,-0.655,-0.655,-1.628,-1.628,-1.628,-0.957,,-0.655,-0.655,,-0.957,-0.957,-0.957
05-01-2026-Fri 13-02-00-PM,-0.957,-0.957,-0.688,-0.688,-0.688,-1.662,-1.662,-1.662,-0.957,,-0.688,-0.688,,-0.957,-0.957,-0.957
05-01-2026-Fri 13-02-01-PM,-0.99,-0.99,-0.722,-0.722,-0.722,-1.695,-1.695,-1.695,-0.99,,-0.722,-0.722,,-0.99,-0.99,-0.99
05-01-2026-Fri 13-02-03-PM,-0.99,-0.99,-0.722,-0.722,-0.722,-1.695,-1.695,-1.695,-0.99,,-0.722,-0.722,,-0.99,-0.99,-0.99
05-01-2026-Fri 13-02-04-PM,-1.024,-1.024,-0.755,-0.755,-0.755,-1.729,-1.729,-1.729,-1.024,,-0.755,-0.755,,-1.024,-1.024,-1.024
05-01-2026-Fri 13-02-06-PM,-1.024,-1.024,-0.755,-0.755,-0.755,-1.762,-1.762,-1.762,-1.024,,-0.755,-0.755,,-1.024,-1.024,-1.024
05-01-2026-Fri 13-02-07-PM,-1.057,-1.057,-0.822,-0.822,-0.822,-1.863,-1.863,-1.863,-1.057,,-0.822,-0.822,,-1.057,-1.057,-1.057
05-01-2026-Fri 13-02-08-PM,-1.091,-1.091,-0.856,-0.856,-0.856,-1.829,-1.829,-1.829,-1.091,,-0.856,-0.856,,-1.091,-1.091,-1.091
05-01-2026-Fri 13-02-10-PM,-1.125,-1.125,-0.856,-0.856,-0.856,-1.829,-1.829,-1.829,-1.125,,-0.856,-0.856,,-1.125,-1.125,-1.125
05-01-2026-Fri 13-02-11-PM,-1.158,-1.158,-0.89,-0.89,-0.89,-1.93,-1.93,-1.93,-1.158,,-0.89,-0.89,,-1.158,-1.158,-1.158
05-01-2026-Fri 13-02-14-PM,-1.192,-1.192,-0.89,-0.89,-0.89,-1.93,-1.93,-1.93,-1.192,,-0.89,-0.89,,-1.192,-1.192,-1.192
05-01-2026-Fri 13-02-16-PM,-1.225,-1.225,-0.957,-0.957,-0.957,-2.031,-2.031,-2.031,-1.225,,-0.957,-0.957,,-1.225,-1.225,-1.225
05-01-2026-Fri 13-02-17-PM,-1.259,-1.259,-0.99,-0.99,-0.99,-2.064,-2.064,-2.064,-1.259,,-0.99,-0.99,,-1.259,-1.259,-1.259
05-01-2026-Fri 13-02-19-PM,-1.292,-1.292,-1.024,-1.024,-1.024,-2.064,-2.064,-2.064,-1.292,,-1.024,-1.024,,-1.292,-1.292,-1.292
05-01-2026-Fri 13-02-20-PM,-1.326,-1.326,-1.024,-1.024,-1.024,-2.098,-2.098,-2.098,-1.326,,-1.024,-1.024,,-1.326,-1.326,-1.326
05-01-2026-Fri 13-02-22-PM,-1.359,-1.359,-1.057,-1.057,-1.057,-2.131,-2.131,-2.131,-1.359,,-1.057,-1.057,,-1.359,-1.359,-1.359
05-01-2026-Fri 13-02-23-PM,-1.393,-1.393,-1.057,-1.057,-1.057,-2.165,-2.165,-2.165,-1.393,,-1.057,-1.057,,-1.393,-1.393,-1.393
05-01-2026-Fri 13-02-25-PM,-1.427,-1.427,-1.091,-1.091,-1.091,-2.165,-2.165,-2.165,-1.427,,-1.091,-1.091,,-1.427,-1.427,-1.427
05-01-2026-Fri 13-02-26-PM,-1.427,-1.427,-1.125,-1.125,-1.125,-2.198,-2.198,-2.198,-1.427,,-1.125,-1.125,,-1.427,-1.427,-1.427
05-01-2026-Fri 13-02-27-PM,-1.427,-1.427,-1.125,-1.125,-1.125,-2.299,-2.299,-2.299,-1.427,,-1.125,-1.125,,-1.427,-1.427,-1.427
05-01-2026-Fri 13-02-29-PM,-1.46,-1.46,-1.158,-1.158,-1.158,-2.266,-2.266,-2.266,-1.46,,-1.158,-1.158,,-1.46,-1.46,-1.46
05-01-2026-Fri 13-02-30-PM,-1.527,-1.527,-1.158,-1.158,-1.158,-2.299,-2.299,-2.299,-1.527,,-1.158,-1.158,,-1.527,-1.527,-1.527
05-01-2026-Fri 13-02-32-PM,-1.527,-1.527,-1.192,-1.192,-1.192,-2.333,-2.333,-2.333,-1.527,,-1.192,-1.192,,-1.527,-1.527,-1.527
05-01-2026-Fri 13-02-33-PM,-1.561,-1.561,-1.192,-1.192,-1.192,-2.366,-2.366,-2.366,-1.561,,-1.192,-1.192,,-1.561,-1.561,-1.561
05-01-2026-Fri 13-02-35-PM,-1.594,-1.594,-1.225,-1.225,-1.225,-2.333,-2.333,-2.333,-1.594,,-1.225,-1.225,,-1.594,-1.594,-1.594
05-01-2026-Fri 13-02-36-PM,-1.628,-1.628,-1.259,-1.259,-1.259,-2.4,-2.4,-2.4,-1.628,,-1.259,-1.259,,-1.628,-1.628,-1.628
05-01-2026-Fri 13-02-37-PM,-1.628,-1.628,-1.292,-1.292,-1.292,-2.433,-2.433,-2.433,-1.628,,-1.292,-1.292,,-1.628,-1.628,-1.628
05-01-2026-Fri 13-02-39-PM,-1.662,-1.662,-1.292,-1.292,-1.292,-2.5,-2.5,-2.5,-1.662,,-1.292,-1.292,,-1.662,-1.662,-1.662
05-01-2026-Fri 13-02-40-PM,-1.695,-1.695,-1.326,-1.326,-1.326,-2.5,-2.5,-2.5,-1.695,,-1.326,-1.326,,-1.695,-1.695,-1.695
05-01-2026-Fri 13-02-42-PM,-1.729,-1.729,-1.359,-1.359,-1.359,-2.5,-2.5,-2.5,-1.729,,-1.359,-1.359,,-1.729,-1.729,-1.729
05-01-2026-Fri 13-02-43-PM,-1.762,-1.762,-1.393,-1.393,-1.393,-2.534,-2.534,-2.534,-1.762,,-1.393,-1.393,,-1.762,-1.762,-1.762
05-01-2026-Fri 13-02-44-PM,-1.796,-1.796,-1.393,-1.393,-1.393,-2.601,-2.601,-2.601,-1.796,,-1.393,-1.393,,-1.796,-1.796,-1.796
05-01-2026-Fri 13-02-46-PM,-1.829,-1.829,-1.427,-1.427,-1.427,-2.568,-2.568,-2.568,-1.829,,-1.427,-1.427,,-1.829,-1.829,-1.829
05-01-2026-Fri 13-02-47-PM,-1.829,-1.829,-1.46,-1.46,-1.46,-2.635,-2.635,-2.635,-1.829,,-1.46,-1.46,,-1.829,-1.829,-1.829
05-01-2026-Fri 13-02-48-PM,-1.897,-1.897,-1.527,-1.527,-1.527,-2.601,-2.601,-2.601,-1.897,,-1.527,-1.527,,-1.897,-1.897,-1.897
05-01-2026-Fri 13-02-50-PM,-1.897,-1.897,-1.561,-1.561,-1.561,-2.668,-2.668,-2.668,-1.897,,-1.561,-1.561,,-1.897,-1.897,-1.897
05-01-2026-Fri 13-02-51-PM,-1.964,-1.964,-1.594,-1.594,-1.594,-2.735,-2.735,-2.735,-1.964,,-1.594,-1.594,,-1.964,-1.964,-1.964
05-01-2026-Fri 13-02-53-PM,-1.997,-1.997,-1.628,-1.628,-1.628,-2.769,-2.769,-2.769,-1.997,,-1.628,-1.628,,-1.997,-1.997,-1.997
05-01-2026-Fri 13-02-54-PM,-2.064,-2.064,-1.662,-1.662,-1.662,-2.769,-2.769,-2.769,-2.064,,-1.662,-1.662,,-2.064,-2.064,-2.064
05-01-2026-Fri 13-02-55-PM,-2.064,-2.064,-1.695,-1.695,-1.695,-2.869,-2.869,-2.869,-2.064,,-1.695,-1.695,,-2.064,-2.064,-2.064
05-01-2026-Fri 13-02-57-PM,-2.131,-2.131,-1.729,-1.729,-1.729,-2.836,-2.836,-2.836,-2.131,,-1.729,-1.729,,-2.131,-2.131,-2.131
05-01-2026-Fri 13-03-00-PM,-2.165,-2.165,-1.796,-1.796,-1.796,-2.903,-2.903,-2.903,-2.165,,-1.796,-1.796,,-2.165,-2.165,-2.165
05-01-2026-Fri 13-03-02-PM,-2.232,-2.232,-1.863,-1.863,-1.863,-2.937,-2.937,-2.937,-2.232,,-1.863,-1.863,,-2.232,-2.232,-2.232
05-01-2026-Fri 13-03-03-PM,-2.299,-2.299,-1.897,-1.897,-1.897,-3.037,-3.037,-3.037,-2.299,,-1.897,-1.897,,-2.299,-2.299,-2.299
05-01-2026-Fri 13-03-04-PM,-2.333,-2.333,-1.897,-1.897,-1.897,-3.104,-3.104,-3.104,-2.333,,-1.897,-1.897,,-2.333,-2.333,-2.333
05-01-2026-Fri 13-03-06-PM,-2.366,-2.366,-1.997,-1.997,-1.997,-3.104,-3.104,-3.104,-2.366,,-1.997,-1.997,,-2.366,-2.366,-2.366
05-01-2026-Fri 13-03-07-PM,-2.433,-2.433,-1.997,-1.997,-1.997,-3.138,-3.138,-3.138,-2.433,,-1.997,-1.997,,-2.433,-2.433,-2.433
05-01-2026-Fri 13-03-09-PM,-2.433,-2.433,-2.064,-2.064,-2.064,-3.171,-3.171,-3.171,-2.433,,-2.064,-2.064,,-2.433,-2.433,-2.433
05-01-2026-Fri 13-03-10-PM,-2.5,-2.5,-2.098,-2.098,-2.098,-3.205,-3.205,-3.205,-2.5,,-2.098,-2.098,,-2.5,-2.5,-2.5
05-01-2026-Fri 13-03-12-PM,-2.534,-2.534,-2.131,-2.131,-2.131,-3.239,-3.239,-3.239,-2.534,,-2.131,-2.131,,-2.534,-2.534,-2.534
05-01-2026-Fri 13-03-13-PM,-2.568,-2.568,-2.165,-2.165,-2.165,-3.272,-3.272,-3.272,-2.568,,-2.165,-2.165,,-2.568,-2.568,-2.568
05-01-2026-Fri 13-03-14-PM,-2.601,-2.601,-2.198,-2.198,-2.198,-3.306,-3.306,-3.306,-2.601,,-2.198,-2.198,,-2.601,-2.601,-2.601
05-01-2026-Fri 13-03-16-PM,-2.635,-2.635,-2.232,-2.232,-2.232,-3.373,-3.373,-3.373,-2.635,,-2.232,-2.232,,-2.635,-2.635,-2.635
05-01-2026-Fri 13-03-17-PM,-2.635,-2.635,-2.299,-2.299,-2.299,-3.406,-3.406,-3.406,-2.635,,-2.299,-2.299,,-2.635,-2.635,-2.635
05-01-2026-Fri 13-03-19-PM,-2.702,-2.702,-2.299,-2.299,-2.299,-3.44,-3.44,-3.44,-2.702,,-2.299,-2.299,,-2.702,-2.702,-2.702
05-01-2026-Fri 13-03-20-PM,-2.735,-2.735,-2.366,-2.366,-2.366,-3.507,-3.507,-3.507,-2.735,,-2.366,-2.366,,-2.735,-2.735,-2.735
05-01-2026-Fri 13-03-21-PM,-2.769,-2.769,-2.4,-2.4,-2.4,-3.507,-3.507,-3.507,-2.769,,-2.4,-2.4,,-2.769,-2.769,-2.769
05-01-2026-Fri 13-03-23-PM,-2.802,-2.802,-2.433,-2.433,-2.433,-3.574,-3.574,-3.574,-2.802,,-2.433,-2.433,,-2.802,-2.802,-2.802
05-01-2026-Fri 13-03-24-PM,-2.836,-2.836,-2.5,-2.5,-2.5,-3.54,-3.54,-3.54,-2.836,,-2.5,-2.5,,-2.836,-2.836,-2.836
05-01-2026-Fri 13-03-25-PM,-2.869,-2.869,-2.5,-2.5,-2.5,-3.641,-3.641,-3.641,-2.869,,-2.5,-2.5,,-2.869,-2.869,-2.869
05-01-2026-Fri 13-03-27-PM,-2.903,-2.903,-2.568,-2.568,-2.568,-3.608,-3.608,-3.608,-2.903,,-2.568,-2.568,,-2.903,-2.903,-2.903
05-01-2026-Fri 13-03-28-PM,-2.903,-2.903,-2.601,-2.601,-2.601,-3.641,-3.641,-3.641,-2.903,,-2.601,-2.601,,-2.903,-2.903,-2.903
05-01-2026-Fri 13-03-30-PM,-2.97,-2.97,-2.635,-2.635,-2.635,-3.675,-3.675,-3.675,-2.97,,-2.635,-2.635,,-2.97,-2.97,-2.97
05-01-2026-Fri 13-03-31-PM,-2.97,-2.97,-2.668,-2.668,-2.668,-3.742,-3.742,-3.742,-2.97,,-2.668,-2.668,,-2.97,-2.97,-2.97
05-01-2026-Fri 13-03-32-PM,-3.037,-3.037,-2.702,-2.702,-2.702,-3.809,-3.809,-3.809,-3.037,,-2.702,-2.702,,-3.037,-3.037,-3.037
05-01-2026-Fri 13-03-34-PM,-3.071,-3.071,-2.735,-2.735,-2.735,-3.809,-3.809,-3.809,-3.071,,-2.735,-2.735,,-3.071,-3.071,-3.071
05-01-2026-Fri 13-03-35-PM,-3.004,-3.004,-2.5,-2.5,-2.5,-3.842,-3.842,-3.842,-3.004,,-2.5,-2.5,,-3.004,-3.004,-3.004
05-01-2026-Fri 13-03-37-PM,-3.171,-3.171,-2.467,-2.467,-2.467,-3.909,-3.909,-3.909,-3.171,,-2.467,-2.467,,-3.171,-3.171,-3.171
05-01-2026-Fri 13-03-38-PM,-2.802,-2.802,-2.869,-2.869,-2.869,-3.876,-3.876,-3.876,-2.802,,-2.869,-2.869,,-2.802,-2.802,-2.802
05-01-2026-Fri 13-03-39-PM,-3.239,-3.239,-2.668,-2.668,-2.668,-3.943,-3.943,-3.943,-3.239,,-2.668,-2.668,,-3.239,-3.239,-3.239
05-01-2026-Fri 13-03-41-PM,-3.205,-3.205,-2.869,-2.869,-2.869,-3.976,-3.976,-3.976,-3.205,,-2.869,-2.869,,-3.205,-3.205,-3.205
05-01-2026-Fri 13-03-42-PM,-3.272,-3.272,-2.937,-2.937,-2.937,-4.043,-4.043,-4.043,-3.272,,-2.937,-2.937,,-3.272,-3.272,-3.272
05-01-2026-Fri 13-03-44-PM,-3.306,-3.306,-2.97,-2.97,-2.97,-4.077,-4.077,-4.077,-3.306,,-2.97,-2.97,,-3.306,-3.306,-3.306
05-01-2026-Fri 13-03-45-PM,-3.339,-3.339,-3.004,-3.004,-3.004,-4.043,-4.043,-4.043,-3.339,,-3.004,-3.004,,-3.339,-3.339,-3.339
05-01-2026-Fri 13-03-46-PM,-3.373,-3.373,-3.037,-3.037,-3.037,-4.077,-4.077,-4.077,-3.373,,-3.037,-3.037,,-3.373,-3.373,-3.373
05-01-2026-Fri 13-03-48-PM,-3.373,-3.373,-3.071,-3.071,-3.071,-4.144,-4.144,-4.144,-3.373,,-3.071,-3.071,,-3.373,-3.373,-3.373
05-01-2026-Fri 13-03-49-PM,-3.44,-3.44,-3.071,-3.071,-3.071,-4.211,-4.211,-4.211,-3.44,,-3.071,-3.071,,-3.44,-3.44,-3.44
05-01-2026-Fri 13-03-51-PM,-3.473,-3.473,-3.138,-3.138,-3.138,-4.245,-4.245,-4.245,-3.473,,-3.138,-3.138,,-3.473,-3.473,-3.473
05-01-2026-Fri 13-03-52-PM,-3.473,-3.473,-3.171,-3.171,-3.171,-4.312,-4.312,-4.312,-3.473,,-3.171,-3.171,,-3.473,-3.473,-3.473
05-01-2026-Fri 13-03-54-PM,-3.54,-3.54,-3.205,-3.205,-3.205,-4.278,-4.278,-4.278,-3.54,,-3.205,-3.205,,-3.54,-3.54,-3.54
05-01-2026-Fri 13-03-55-PM,-3.54,-3.54,-3.205,-3.205,-3.205,-4.312,-4.312,-4.312,-3.54,,-3.205,-3.205,,-3.54,-3.54,-3.54
05-01-2026-Fri 13-03-56-PM,-3.608,-3.608,-3.239,-3.239,-3.239,-4.379,-4.379,-4.379,-3.608,,-3.239,-3.239,,-3.608,-3.608,-3.608
05-01-2026-Fri 13-03-58-PM,-3.641,-3.641,-3.272,-3.272,-3.272,-4.412,-4.412,-4.412,-3.641,,-3.272,-3.272,,-3.641,-3.641,-3.641
05-01-2026-Fri 13-03-59-PM,-3.675,-3.675,-3.306,-3.306,-3.306,-4.479,-4.479,-4.479,-3.675,,-3.306,-3.306,,-3.675,-3.675,-3.675
05-01-2026-Fri 13-04-01-PM,-3.708,-3.708,-3.339,-3.339,-3.339,-4.446,-4.446,-4.446,-3.708,,-3.339,-3.339,,-3.708,-3.708,-3.708
05-01-2026-Fri 13-04-03-PM,-3.742,-3.742,-3.406,-3.406,-3.406,-4.513,-4.513,-4.513,-3.742,,-3.406,-3.406,,-3.742,-3.742,-3.742
05-01-2026-Fri 13-04-05-PM,-3.809,-3.809,-3.44,-3.44,-3.44,-4.58,-4.58,-4.58,-3.809,,-3.44,-3.44,,-3.809,-3.809,-3.809
05-01-2026-Fri 13-04-08-PM,-3.842,-3.842,-3.473,-3.473,-3.473,-4.614,-4.614,-4.614,-3.842,,-3.473,-3.473,,-3.842,-3.842,-3.842
05-01-2026-Fri 13-04-09-PM,-3.909,-3.909,-3.54,-3.54,-3.54,-4.681,-4.681,-4.681,-3.909,,-3.54,-3.54,,-3.909,-3.909,-3.909
05-01-2026-Fri 13-04-10-PM,-3.943,-3.943,-3.54,-3.54,-3.54,-4.714,-4.714,-4.714,-3.943,,-3.54,-3.54,,-3.943,-3.943,-3.943
05-01-2026-Fri 13-04-12-PM,-3.976,-3.976,-3.574,-3.574,-3.574,-4.714,-4.714,-4.714,-3.976,,-3.574,-3.574,,-3.976,-3.976,-3.976
05-01-2026-Fri 13-04-13-PM,-3.976,-3.976,-3.641,-3.641,-3.641,-4.781,-4.781,-4.781,-3.976,,-3.641,-3.641,,-3.976,-3.976,-3.976
05-01-2026-Fri 13-04-15-PM,-3.976,-3.976,-3.641,-3.641,-3.641,-4.815,-4.815,-4.815,-3.976,,-3.641,-3.641,,-3.976,-3.976,-3.976
05-01-2026-Fri 13-04-16-PM,-4.043,-4.043,-3.675,-3.675,-3.675,-4.848,-4.848,-4.848,-4.043,,-3.675,-3.675,,-4.043,-4.043,-4.043
05-01-2026-Fri 13-04-17-PM,-4.077,-4.077,-3.675,-3.675,-3.675,-4.882,-4.882,-4.882,-4.077,,-3.675,-3.675,,-4.077,-4.077,-4.077
05-01-2026-Fri 13-04-19-PM,-4.111,-4.111,-3.742,-3.742,-3.742,-4.915,-4.915,-4.915,-4.111,,-3.742,-3.742,,-4.111,-4.111,-4.111
05-01-2026-Fri 13-04-20-PM,-4.144,-4.144,-3.775,-3.775,-3.775,-4.915,-4.915,-4.915,-4.144,,-3.775,-3.775,,-4.144,-4.144,-4.144
05-01-2026-Fri 13-04-22-PM,-4.144,-4.144,-3.809,-3.809,-3.809,-4.982,-4.982,-4.982,-4.144,,-3.809,-3.809,,-4.144,-4.144,-4.144
05-01-2026-Fri 13-04-23-PM,-4.211,-4.211,-3.809,-3.809,-3.809,-4.982,-4.982,-4.982,-4.211,,-3.809,-3.809,,-4.211,-4.211,-4.211
05-01-2026-Fri 13-04-24-PM,-4.211,-4.211,-3.809,-3.809,-3.809,-5.049,-5.049,-5.049,-4.211,,-3.809,-3.809,,-4.211,-4.211,-4.211
05-01-2026-Fri 13-04-26-PM,-4.245,-4.245,-3.876,-3.876,-3.876,-5.083,-5.083,-5.083,-4.245,,-3.876,-3.876,,-4.245,-4.245,-4.245
05-01-2026-Fri 13-04-27-PM,-4.245,-4.245,-3.909,-3.909,-3.909,-5.116,-5.116,-5.116,-4.245,,-3.909,-3.909,,-4.245,-4.245,-4.245
05-01-2026-Fri 13-04-29-PM,-4.245,-4.245,-3.909,-3.909,-3.909,-5.15,-5.15,-5.15,-4.245,,-3.909,-3.909,,-4.245,-4.245,-4.245
05-01-2026-Fri 13-04-30-PM,-4.278,-4.278,-3.909,-3.909,-3.909,-5.184,-5.184,-5.184,-4.278,,-3.909,-3.909,,-4.278,-4.278,-4.278
05-01-2026-Fri 13-04-31-PM,-4.345,-4.345,-3.976,-3.976,-3.976,-5.15,-5.15,-5.15,-4.345,,-3.976,-3.976,,-4.345,-4.345,-4.345
05-01-2026-Fri 13-04-33-PM,-3.976,-3.976,-3.708,-3.708,-3.708,-5.217,-5.217,-5.217,-3.976,,-3.708,-3.708,,-3.976,-3.976,-3.976
05-01-2026-Fri 13-04-34-PM,-4.245,-4.245,-3.876,-3.876,-3.876,-5.284,-5.284,-5.284,-4.245,,-3.876,-3.876,,-4.245,-4.245,-4.245
05-01-2026-Fri 13-04-35-PM,-4.513,-4.513,-3.775,-3.775,-3.775,-5.251,-5.251,-5.251,-4.513,,-3.775,-3.775,,-4.513,-4.513,-4.513
05-01-2026-Fri 13-04-37-PM,-4.446,-4.446,-4.077,-4.077,-4.077,-5.318,-5.318,-5.318,-4.446,,-4.077,-4.077,,-4.446,-4.446,-4.446
05-01-2026-Fri 13-04-38-PM,-4.446,-4.446,-4.077,-4.077,-4.077,-5.318,-5.318,-5.318,-4.446,,-4.077,-4.077,,-4.446,-4.446,-4.446
05-01-2026-Fri 13-04-40-PM,-4.479,-4.479,-4.111,-4.111,-4.111,-5.351,-5.351,-5.351,-4.479,,-4.111,-4.111,,-4.479,-4.479,-4.479
05-01-2026-Fri 13-04-42-PM,-4.513,-4.513,-4.144,-4.144,-4.144,-5.418,-5.418,-5.418,-4.513,,-4.144,-4.144,,-4.513,-4.513,-4.513
05-01-2026-Fri 13-04-44-PM,-4.58,-4.58,-4.211,-4.211,-4.211,-5.452,-5.452,-5.452,-4.58,,-4.211,-4.211,,-4.58,-4.58,-4.58
05-01-2026-Fri 13-04-45-PM,-4.58,-4.58,-4.211,-4.211,-4.211,-5.519,-5.519,-5.519,-4.58,,-4.211,-4.211,,-4.58,-4.58,-4.58
05-01-2026-Fri 13-04-47-PM,-4.614,-4.614,-4.245,-4.245,-4.245,-5.519,-5.519,-5.519,-4.614,,-4.245,-4.245,,-4.614,-4.614,-4.614
05-01-2026-Fri 13-04-49-PM,-4.647,-4.647,-4.278,-4.278,-4.278,-5.552,-5.552,-5.552,-4.647,,-4.278,-4.278,,-4.647,-4.647,-4.647
05-01-2026-Fri 13-04-52-PM,-4.714,-4.714,-4.278,-4.278,-4.278,-5.619,-5.619,-5.619,-4.714,,-4.278,-4.278,,-4.714,-4.714,-4.714
05-01-2026-Fri 13-04-55-PM,-4.647,-4.647,-4.345,-4.345,-4.345,-5.686,-5.686,-5.686,-4.647,,-4.345,-4.345,,-4.647,-4.647,-4.647
05-01-2026-Fri 13-04-57-PM,-4.848,-4.848,-4.446,-4.446,-4.446,-5.753,-5.753,-5.753,-4.848,,-4.446,-4.446,,-4.848,-4.848,-4.848
05-01-2026-Fri 13-04-58-PM,-4.882,-4.882,-4.446,-4.446,-4.446,-5.72,-5.72,-5.72,-4.882,,-4.446,-4.446,,-4.882,-4.882,-4.882
05-01-2026-Fri 13-05-00-PM,-4.882,-4.882,-4.479,-4.479,-4.479,-5.82,-5.82,-5.82,-4.882,,-4.479,-4.479,,-4.882,-4.882,-4.882
05-01-2026-Fri 13-05-01-PM,-4.949,-4.949,-4.513,-4.513,-4.513,-5.82,-5.82,-5.82,-4.949,,-4.513,-4.513,,-4.949,-4.949,-4.949
05-01-2026-Fri 13-05-03-PM,-4.949,-4.949,-4.546,-4.546,-4.546,-5.854,-5.854,-5.854,-4.949,,-4.546,-4.546,,-4.949,-4.949,-4.949
05-01-2026-Fri 13-05-04-PM,-5.016,-5.016,-4.58,-4.58,-4.58,-5.82,-5.82,-5.82,-5.016,,-4.58,-4.58,,-5.016,-5.016,-5.016
05-01-2026-Fri 13-05-05-PM,-5.016,-5.016,-4.546,-4.546,-4.546,-5.887,-5.887,-5.887,-5.016,,-4.546,-4.546,,-5.016,-5.016,-5.016
05-01-2026-Fri 13-05-07-PM,-5.049,-5.049,-4.58,-4.58,-4.58,-5.921,-5.921,-5.921,-5.049,,-4.58,-4.58,,-5.049,-5.049,-5.049
05-01-2026-Fri 13-05-08-PM,-5.083,-5.083,-4.647,-4.647,-4.647,-6.022,-6.022,-6.022,-5.083,,-4.647,-4.647,,-5.083,-5.083,-5.083
05-01-2026-Fri 13-05-09-PM,-4.949,-4.949,-4.647,-4.647,-4.647,-6.022,-6.022,-6.022,-4.949,,-4.647,-4.647,,-4.949,-4.949,-4.949
05-01-2026-Fri 13-05-11-PM,-5.116,-5.116,-4.446,-4.446,-4.446,-5.988,-5.988,-5.988,-5.116,,-4.446,-4.446,,-5.116,-5.116,-5.116
05-01-2026-Fri 13-05-13-PM,-5.083,-5.083,-4.58,-4.58,-4.58,-6.022,-6.022,-6.022,-5.083,,-4.58,-4.58,,-5.083,-5.083,-5.083
05-01-2026-Fri 13-05-14-PM,-5.217,-5.217,-4.748,-4.748,-4.748,-6.089,-6.089,-6.089,-5.217,,-4.748,-4.748,,-5.217,-5.217,-5.217
05-01-2026-Fri 13-05-15-PM,-5.251,-5.251,-4.748,-4.748,-4.748,-6.122,-6.122,-6.122,-5.251,,-4.748,-4.748,,-5.251,-5.251,-5.251
05-01-2026-Fri 13-05-17-PM,-5.251,-5.251,-4.781,-4.781,-4.781,-6.156,-6.156,-6.156,-5.251,,-4.781,-4.781,,-5.251,-5.251,-5.251
05-01-2026-Fri 13-05-18-PM,-5.284,-5.284,-4.815,-4.815,-4.815,-6.156,-6.156,-6.156,-5.284,,-4.815,-4.815,,-5.284,-5.284,-5.284
05-01-2026-Fri 13-05-20-PM,-5.318,-5.318,-4.815,-4.815,-4.815,-6.156,-6.156,-6.156,-5.318,,-4.815,-4.815,,-5.318,-5.318,-5.318
05-01-2026-Fri 13-05-21-PM,-5.318,-5.318,-4.848,-4.848,-4.848,-6.223,-6.223,-6.223,-5.318,,-4.848,-4.848,,-5.318,-5.318,-5.318
05-01-2026-Fri 13-05-23-PM,-5.351,-5.351,-4.882,-4.882,-4.882,-6.256,-6.256,-6.256,-5.351,,-4.882,-4.882,,-5.351,-5.351,-5.351
05-01-2026-Fri 13-05-24-PM,-5.385,-5.385,-4.882,-4.882,-4.882,-6.256,-6.256,-6.256,-5.385,,-4.882,-4.882,,-5.385,-5.385,-5.385
05-01-2026-Fri 13-05-25-PM,-5.418,-5.418,-4.915,-4.915,-4.915,-6.256,-6.256,-6.256,-5.418,,-4.915,-4.915,,-5.418,-5.418,-5.418
05-01-2026-Fri 13-05-27-PM,-5.452,-5.452,-4.949,-4.949,-4.949,-6.323,-6.323,-6.323,-5.452,,-4.949,-4.949,,-5.452,-5.452,-5.452
05-01-2026-Fri 13-05-28-PM,-5.452,-5.452,-4.982,-4.982,-4.982,-6.323,-6.323,-6.323,-5.452,,-4.982,-4.982,,-5.452,-5.452,-5.452
05-01-2026-Fri 13-05-29-PM,-5.485,-5.485,-4.982,-4.982,-4.982,-6.39,-6.39,-6.39,-5.485,,-4.982,-4.982,,-5.485,-5.485,-5.485
05-01-2026-Fri 13-05-31-PM,-5.519,-5.519,-5.016,-5.016,-5.016,-6.424,-6.424,-6.424,-5.519,,-5.016,-5.016,,-5.519,-5.519,-5.519
05-01-2026-Fri 13-05-32-PM,-5.519,-5.519,-5.049,-5.049,-5.049,-6.491,-6.491,-6.491,-5.519,,-5.049,-5.049,,-5.519,-5.519,-5.519
05-01-2026-Fri 13-05-34-PM,-5.552,-5.552,-5.083,-5.083,-5.083,-6.457,-6.457,-6.457,-5.552,,-5.083,-5.083,,-5.552,-5.552,-5.552
05-01-2026-Fri 13-05-35-PM,-5.586,-5.586,-5.083,-5.083,-5.083,-6.491,-6.491,-6.491,-5.586,,-5.083,-5.083,,-5.586,-5.586,-5.586
05-01-2026-Fri 13-05-36-PM,-5.72,-5.72,-4.915,-4.915,-4.915,-6.491,-6.491,-6.491,-5.72,,-4.915,-4.915,,-5.72,-5.72,-5.72
05-01-2026-Fri 13-05-38-PM,-5.619,-5.619,-5.083,-5.083,-5.083,-6.524,-6.524,-6.524,-5.619,,-5.083,-5.083,,-5.619,-5.619,-5.619
05-01-2026-Fri 13-05-39-PM,-5.485,-5.485,-4.815,-4.815,-4.815,-6.591,-6.591,-6.591,-5.485,,-4.815,-4.815,,-5.485,-5.485,-5.485
05-01-2026-Fri 13-05-41-PM,-5.519,-5.519,-5.083,-5.083,-5.083,-6.591,-6.591,-6.591,-5.519,,-5.083,-5.083,,-5.519,-5.519,-5.519
05-01-2026-Fri 13-05-43-PM,-5.418,-5.418,-5.116,-5.116,-5.116,-6.625,-6.625,-6.625,-5.418,,-5.116,-5.116,,-5.418,-5.418,-5.418
05-01-2026-Fri 13-05-45-PM,-5.72,-5.72,-5.251,-5.251,-5.251,-6.658,-6.658,-6.658,-5.72,,-5.251,-5.251,,-5.72,-5.72,-5.72
05-01-2026-Fri 13-05-46-PM,-5.72,-5.72,-5.251,-5.251,-5.251,-6.725,-6.725,-6.725,-5.72,,-5.251,-5.251,,-5.72,-5.72,-5.72
05-01-2026-Fri 13-05-48-PM,-5.72,-5.72,-5.284,-5.284,-5.284,-6.725,-6.725,-6.725,-5.72,,-5.284,-5.284,,-5.72,-5.72,-5.72
05-01-2026-Fri 13-05-49-PM,-5.72,-5.72,-5.284,-5.284,-5.284,-6.725,-6.725,-6.725,-5.72,,-5.284,-5.284,,-5.72,-5.72,-5.72
05-01-2026-Fri 13-05-50-PM,-5.787,-5.787,-5.318,-5.318,-5.318,-6.759,-6.759,-6.759,-5.787,,-5.318,-5.318,,-5.787,-5.787,-5.787
05-01-2026-Fri 13-05-52-PM,-5.787,-5.787,-5.318,-5.318,-5.318,-6.792,-6.792,-6.792,-5.787,,-5.318,-5.318,,-5.787,-5.787,-5.787
05-01-2026-Fri 13-05-53-PM,-5.82,-5.82,-5.318,-5.318,-5.318,-6.792,-6.792,-6.792,-5.82,,-5.318,-5.318,,-5.82,-5.82,-5.82
05-01-2026-Fri 13-05-55-PM,-5.854,-5.854,-5.385,-5.385,-5.385,-6.893,-6.893,-6.893,-5.854,,-5.385,-5.385,,-5.854,-5.854,-5.854
05-01-2026-Fri 13-05-56-PM,-5.854,-5.854,-5.418,-5.418,-5.418,-6.926,-6.926,-6.926,-5.854,,-5.418,-5.418,,-5.854,-5.854,-5.854
05-01-2026-Fri 13-05-57-PM,-5.887,-5.887,-5.452,-5.452,-5.452,-6.926,-6.926,-6.926,-5.887,,-5.452,-5.452,,-5.887,-5.887,-5.887
05-01-2026-Fri 13-05-59-PM,-5.921,-5.921,-5.418,-5.418,-5.418,-6.96,-6.96,-6.96,-5.921,,-5.418,-5.418,,-5.921,-5.921,-5.921
05-01-2026-Fri 13-06-00-PM,-5.921,-5.921,-5.452,-5.452,-5.452,-6.96,-6.96,-6.96,-5.921,,-5.452,-5.452,,-5.921,-5.921,-5.921
05-01-2026-Fri 13-06-02-PM,-5.954,-5.954,-5.485,-5.485,-5.485,-6.993,-6.993,-6.993,-5.954,,-5.485,-5.485,,-5.954,-5.954,-5.954
05-01-2026-Fri 13-06-03-PM,-5.954,-5.954,-5.485,-5.485,-5.485,-7.027,-7.027,-7.027,-5.954,,-5.485,-5.485,,-5.954,-5.954,-5.954
05-01-2026-Fri 13-06-04-PM,-6.022,-6.022,-5.519,-5.519,-5.519,-7.027,-7.027,-7.027,-6.022,,-5.519,-5.519,,-6.022,-6.022,-6.022
05-01-2026-Fri 13-06-06-PM,-6.022,-6.022,-5.519,-5.519,-5.519,-7.06,-7.06,-7.06,-6.022,,-5.519,-5.519,,-6.022,-6.022,-6.022
05-01-2026-Fri 13-06-07-PM,-6.055,-6.055,-5.552,-5.552,-5.552,-7.161,-7.161,-7.161,-6.055,,-5.552,-5.552,,-6.055,-6.055,-6.055
05-01-2026-Fri 13-06-08-PM,-6.055,-6.055,-5.586,-5.586,-5.586,-7.127,-7.127,-7.127,-6.055,,-5.586,-5.586,,-6.055,-6.055,-6.055
05-01-2026-Fri 13-06-10-PM,-6.089,-6.089,-5.586,-5.586,-5.586,-7.127,-7.127,-7.127,-6.089,,-5.586,-5.586,,-6.089,-6.089,-6.089
05-01-2026-Fri 13-06-11-PM,-6.122,-6.122,-5.619,-5.619,-5.619,-7.161,-7.161,-7.161,-6.122,,-5.619,-5.619,,-6.122,-6.122,-6.122
05-01-2026-Fri 13-06-13-PM,-6.156,-6.156,-5.619,-5.619,-5.619,-7.194,-7.194,-7.194,-6.156,,-5.619,-5.619,,-6.156,-6.156,-6.156
05-01-2026-Fri 13-06-14-PM,-6.156,-6.156,-5.686,-5.686,-5.686,-7.228,-7.228,-7.228,-6.156,,-5.686,-5.686,,-6.156,-6.156,-6.156
05-01-2026-Fri 13-06-16-PM,-6.223,-6.223,-5.686,-5.686,-5.686,-7.295,-7.295,-7.295,-6.223,,-5.686,-5.686,,-6.223,-6.223,-6.223
05-01-2026-Fri 13-06-17-PM,-6.223,-6.223,-5.72,-5.72,-5.72,-7.295,-7.295,-7.295,-6.223,,-5.72,-5.72,,-6.223,-6.223,-6.223
05-01-2026-Fri 13-06-18-PM,-6.223,-6.223,-5.72,-5.72,-5.72,-7.295,-7.295,-7.295,-6.223,,-5.72,-5.72,,-6.223,-6.223,-6.223
05-01-2026-Fri 13-06-20-PM,-6.256,-6.256,-5.753,-5.753,-5.753,-7.362,-7.362,-7.362,-6.256,,-5.753,-5.753,,-6.256,-6.256,-6.256
05-01-2026-Fri 13-06-21-PM,-6.256,-6.256,-5.787,-5.787,-5.787,-7.362,-7.362,-7.362,-6.256,,-5.787,-5.787,,-6.256,-6.256,-6.256
05-01-2026-Fri 13-06-23-PM,-6.323,-6.323,-5.787,-5.787,-5.787,-7.362,-7.362,-7.362,-6.323,,-5.787,-5.787,,-6.323,-6.323,-6.323
05-01-2026-Fri 13-06-24-PM,-6.323,-6.323,-5.82,-5.82,-5.82,-7.429,-7.429,-7.429,-6.323,,-5.82,-5.82,,-6.323,-6.323,-6.323
05-01-2026-Fri 13-06-25-PM,-6.357,-6.357,-5.854,-5.854,-5.854,-7.462,-7.462,-7.462,-6.357,,-5.854,-5.854,,-6.357,-6.357,-6.357
05-01-2026-Fri 13-06-27-PM,-6.39,-6.39,-5.854,-5.854,-5.854,-7.496,-7.496,-7.496,-6.39,,-5.854,-5.854,,-6.39,-6.39,-6.39
05-01-2026-Fri 13-06-28-PM,-6.39,-6.39,-5.921,-5.921,-5.921,-7.462,-7.462,-7.462,-6.39,,-5.921,-5.921,,-6.39,-6.39,-6.39
05-01-2026-Fri 13-06-30-PM,-6.424,-6.424,-5.887,-5.887,-5.887,-7.529,-7.529,-7.529,-6.424,,-5.887,-5.887,,-6.424,-6.424,-6.424
05-01-2026-Fri 13-06-31-PM,-6.457,-6.457,-5.921,-5.921,-5.921,-7.529,-7.529,-7.529,-6.457,,-5.921,-5.921,,-6.457,-6.457,-6.457
05-01-2026-Fri 13-06-32-PM,-6.491,-6.491,-5.954,-5.954,-5.954,-7.563,-7.563,-7.563,-6.491,,-5.954,-5.954,,-6.491,-6.491,-6.491
05-01-2026-Fri 13-06-34-PM,-6.491,-6.491,-5.954,-5.954,-5.954,-7.563,-7.563,-7.563,-6.491,,-5.954,-5.954,,-6.491,-6.491,-6.491
05-01-2026-Fri 13-06-35-PM,-6.524,-6.524,-5.988,-5.988,-5.988,-7.596,-7.596,-7.596,-6.524,,-5.988,-5.988,,-6.524,-6.524,-6.524
05-01-2026-Fri 13-06-36-PM,-6.524,-6.524,-5.988,-5.988,-5.988,-7.63,-7.63,-7.63,-6.524,,-5.988,-5.988,,-6.524,-6.524,-6.524
05-01-2026-Fri 13-06-38-PM,-6.558,-6.558,-6.022,-6.022,-6.022,-7.697,-7.697,-7.697,-6.558,,-6.022,-6.022,,-6.558,-6.558,-6.558
05-01-2026-Fri 13-06-39-PM,-6.558,-6.558,-6.055,-6.055,-6.055,-7.663,-7.663,-7.663,-6.558,,-6.055,-6.055,,-6.558,-6.558,-6.558
05-01-2026-Fri 13-06-41-PM,-6.625,-6.625,-6.055,-6.055,-6.055,-7.663,-7.663,-7.663,-6.625,,-6.055,-6.055,,-6.625,-6.625,-6.625
05-01-2026-Fri 13-06-42-PM,-6.625,-6.625,-6.089,-6.089,-6.089,-7.697,-7.697,-7.697,-6.625,,-6.089,-6.089,,-6.625,-6.625,-6.625
05-01-2026-Fri 13-06-44-PM,-6.658,-6.658,-6.089,-6.089,-6.089,-7.764,-7.764,-7.764,-6.658,,-6.089,-6.089,,-6.658,-6.658,-6.658
05-01-2026-Fri 13-06-45-PM,-6.692,-6.692,-6.122,-6.122,-6.122,-7.797,-7.797,-7.797,-6.692,,-6.122,-6.122,,-6.692,-6.692,-6.692
05-01-2026-Fri 13-06-46-PM,-6.658,-6.658,-6.122,-6.122,-6.122,-7.797,-7.797,-7.797,-6.658,,-6.122,-6.122,,-6.658,-6.658,-6.658
05-01-2026-Fri 13-06-48-PM,-6.725,-6.725,-6.156,-6.156,-6.156,-7.764,-7.764,-7.764,-6.725,,-6.156,-6.156,,-6.725,-6.725,-6.725
05-01-2026-Fri 13-06-49-PM,-6.725,-6.725,-6.156,-6.156,-6.156,-7.864,-7.864,-7.864,-6.725,,-6.156,-6.156,,-6.725,-6.725,-6.725
05-01-2026-Fri 13-06-50-PM,-6.725,-6.725,-6.223,-6.223,-6.223,-7.831,-7.831,-7.831,-6.725,,-6.223,-6.223,,-6.725,-6.725,-6.725
05-01-2026-Fri 13-06-52-PM,-6.759,-6.759,-6.189,-6.189,-6.189,-7.864,-7.864,-7.864,-6.759,,-6.189,-6.189,,-6.759,-6.759,-6.759
05-01-2026-Fri 13-06-53-PM,-6.759,-6.759,-6.223,-6.223,-6.223,-7.898,-7.898,-7.898,-6.759,,-6.223,-6.223,,-6.759,-6.759,-6.759
05-01-2026-Fri 13-06-55-PM,-6.792,-6.792,-6.256,-6.256,-6.256,-7.898,-7.898,-7.898,-6.792,,-6.256,-6.256,,-6.792,-6.792,-6.792
05-01-2026-Fri 13-06-56-PM,-6.826,-6.826,-6.256,-6.256,-6.256,-7.931,-7.931,-7.931,-6.826,,-6.256,-6.256,,-6.826,-6.826,-6.826
05-01-2026-Fri 13-06-57-PM,-6.826,-6.826,-6.256,-6.256,-6.256,-7.965,-7.965,-7.965,-6.826,,-6.256,-6.256,,-6.826,-6.826,-6.826
05-01-2026-Fri 13-06-59-PM,-6.859,-6.859,-6.323,-6.323,-6.323,-7.965,-7.965,-7.965,-6.859,,-6.323,-6.323,,-6.859,-6.859,-6.859
05-01-2026-Fri 13-07-00-PM,-6.859,-6.859,-6.323,-6.323,-6.323,-8.065,-8.065,-8.065,-6.859,,-6.323,-6.323,,-6.859,-6.859,-6.859
05-01-2026-Fri 13-07-02-PM,-6.893,-6.893,-6.29,-6.29,-6.29,-7.998,-7.998,-7.998,-6.893,,-6.29,-6.29,,-6.893,-6.893,-6.893
05-01-2026-Fri 13-07-03-PM,-6.926,-6.926,-6.357,-6.357,-6.357,-8.065,-8.065,-8.065,-6.926,,-6.357,-6.357,,-6.926,-6.926,-6.926
05-01-2026-Fri 13-07-04-PM,-6.96,-6.96,-6.357,-6.357,-6.357,-8.099,-8.099,-8.099,-6.96,,-6.357,-6.357,,-6.96,-6.96,-6.96
05-01-2026-Fri 13-07-06-PM,-6.96,-6.96,-6.39,-6.39,-6.39,-8.132,-8.132,-8.132,-6.96,,-6.39,-6.39,,-6.96,-6.96,-6.96
05-01-2026-Fri 13-07-07-PM,-6.993,-6.993,-6.39,-6.39,-6.39,-8.166,-8.166,-8.166,-6.993,,-6.39,-6.39,,-6.993,-6.993,-6.993
05-01-2026-Fri 13-07-09-PM,-6.96,-6.96,-6.39,-6.39,-6.39,-8.132,-8.132,-8.132,-6.96,,-6.39,-6.39,,-6.96,-6.96,-6.96
05-01-2026-Fri 13-07-10-PM,-7.027,-7.027,-6.39,-6.39,-6.39,-8.166,-8.166,-8.166,-7.027,,-6.39,-6.39,,-7.027,-7.027,-7.027
05-01-2026-Fri 13-07-11-PM,-7.06,-7.06,-6.424,-6.424,-6.424,-8.233,-8.233,-8.233,-7.06,,-6.424,-6.424,,-7.06,-7.06,-7.06
05-01-2026-Fri 13-07-13-PM,-7.06,-7.06,-6.457,-6.457,-6.457,-8.233,-8.233,-8.233,-7.06,,-6.457,-6.457,,-7.06,-7.06,-7.06
05-01-2026-Fri 13-07-14-PM,-7.094,-7.094,-6.457,-6.457,-6.457,-8.199,-8.199,-8.199,-7.094,,-6.457,-6.457,,-7.094,-7.094,-7.094
05-01-2026-Fri 13-07-16-PM,-7.094,-7.094,-6.524,-6.524,-6.524,-8.199,-8.199,-8.199,-7.094,,-6.524,-6.524,,-7.094,-7.094,-7.094
05-01-2026-Fri 13-07-17-PM,-7.127,-7.127,-6.524,-6.524,-6.524,-8.233,-8.233,-8.233,-7.127,,-6.524,-6.524,,-7.127,-7.127,-7.127
05-01-2026-Fri 13-07-18-PM,-7.161,-7.161,-6.524,-6.524,-6.524,-8.266,-8.266,-8.266,-7.161,,-6.524,-6.524,,-7.161,-7.161,-7.161
05-01-2026-Fri 13-07-20-PM,-7.194,-7.194,-6.558,-6.558,-6.558,-8.3,-8.3,-8.3,-7.194,,-6.558,-6.558,,-7.194,-7.194,-7.194
05-01-2026-Fri 13-07-21-PM,-7.194,-7.194,-6.558,-6.558,-6.558,-8.3,-8.3,-8.3,-7.194,,-6.558,-6.558,,-7.194,-7.194,-7.194
05-01-2026-Fri 13-07-22-PM,-7.228,-7.228,-6.558,-6.558,-6.558,-8.367,-8.367,-8.367,-7.228,,-6.558,-6.558,,-7.228,-7.228,-7.228
05-01-2026-Fri 13-07-24-PM,-7.228,-7.228,-6.625,-6.625,-6.625,-8.367,-8.367,-8.367,-7.228,,-6.625,-6.625,,-7.228,-7.228,-7.228
05-01-2026-Fri 13-07-25-PM,-7.261,-7.261,-6.625,-6.625,-6.625,-8.4,-8.4,-8.4,-7.261,,-6.625,-6.625,,-7.261,-7.261,-7.261
05-01-2026-Fri 13-07-27-PM,-7.295,-7.295,-6.625,-6.625,-6.625,-8.4,-8.4,-8.4,-7.295,,-6.625,-6.625,,-7.295,-7.295,-7.295
05-01-2026-Fri 13-07-28-PM,-7.295,-7.295,-6.658,-6.658,-6.658,-8.434,-8.434,-8.434,-7.295,,-6.658,-6.658,,-7.295,-7.295,-7.295
05-01-2026-Fri 13-07-29-PM,-7.328,-7.328,-6.658,-6.658,-6.658,-8.434,-8.434,-8.434,-7.328,,-6.658,-6.658,,-7.328,-7.328,-7.328
05-01-2026-Fri 13-07-31-PM,-7.362,-7.362,-6.658,-6.658,-6.658,-8.467,-8.467,-8.467,-7.362,,-6.658,-6.658,,-7.362,-7.362,-7.362
05-01-2026-Fri 13-07-32-PM,-7.395,-7.395,-6.692,-6.692,-6.692,-8.434,-8.434,-8.434,-7.395,,-6.692,-6.692,,-7.395,-7.395,-7.395
05-01-2026-Fri 13-07-34-PM,-7.395,-7.395,-6.725,-6.725,-6.725,-8.568,-8.568,-8.568,-7.395,,-6.725,-6.725,,-7.395,-7.395,-7.395
05-01-2026-Fri 13-07-35-PM,-7.429,-7.429,-6.725,-6.725,-6.725,-8.501,-8.501,-8.501,-7.429,,-6.725,-6.725,,-7.429,-7.429,-7.429
05-01-2026-Fri 13-07-36-PM,-7.462,-7.462,-6.725,-6.725,-6.725,-8.568,-8.568,-8.568,-7.462,,-6.725,-6.725,,-7.462,-7.462,-7.462
05-01-2026-Fri 13-07-38-PM,-7.496,-7.496,-6.759,-6.759,-6.759,-8.568,-8.568,-8.568,-7.496,,-6.759,-6.759,,-7.496,-7.496,-7.496
05-01-2026-Fri 13-07-39-PM,-7.496,-7.496,-6.759,-6.759,-6.759,-8.534,-8.534,-8.534,-7.496,,-6.759,-6.759,,-7.496,-7.496,-7.496
05-01-2026-Fri 13-07-41-PM,-7.529,-7.529,-6.792,-6.792,-6.792,-8.601,-8.601,-8.601,-7.529,,-6.792,-6.792,,-7.529,-7.529,-7.529
05-01-2026-Fri 13-07-43-PM,-7.563,-7.563,-6.792,-6.792,-6.792,-8.635,-8.635,-8.635,-7.563,,-6.792,-6.792,,-7.563,-7.563,-7.563
05-01-2026-Fri 13-07-46-PM,-7.596,-7.596,-6.826,-6.826,-6.826,-8.635,-8.635,-8.635,-7.596,,-6.826,-6.826,,-7.596,-7.596,-7.596
05-01-2026-Fri 13-07-49-PM,-7.63,-7.63,-6.893,-6.893,-6.893,-8.702,-8.702,-8.702,-7.63,,-6.893,-6.893,,-7.63,-7.63,-7.63
05-01-2026-Fri 13-07-51-PM,-7.663,-7.663,-6.926,-6.926,-6.926,-8.769,-8.769,-8.769,-7.663,,-6.926,-6.926,,-7.663,-7.663,-7.663
05-01-2026-Fri 13-07-52-PM,-7.697,-7.697,-6.926,-6.926,-6.926,-8.735,-8.735,-8.735,-7.697,,-6.926,-6.926,,-7.697,-7.697,-7.697
05-01-2026-Fri 13-07-54-PM,-7.697,-7.697,-6.96,-6.96,-6.96,-8.802,-8.802,-8.802,-7.697,,-6.96,-6.96,,-7.697,-7.697,-7.697
05-01-2026-Fri 13-07-55-PM,-7.73,-7.73,-6.96,-6.96,-6.96,-8.869,-8.869,-8.869,-7.73,,-6.96,-6.96,,-7.73,-7.73,-7.73
05-01-2026-Fri 13-07-56-PM,-7.73,-7.73,-6.993,-6.993,-6.993,-8.869,-8.869,-8.869,-7.73,,-6.993,-6.993,,-7.73,-7.73,-7.73
05-01-2026-Fri 13-07-58-PM,-7.764,-7.764,-7.027,-7.027,-7.027,-8.903,-8.903,-8.903,-7.764,,-7.027,-7.027,,-7.764,-7.764,-7.764
05-01-2026-Fri 13-07-59-PM,-7.764,-7.764,-7.027,-7.027,-7.027,-8.903,-8.903,-8.903,-7.764,,-7.027,-7.027,,-7.764,-7.764,-7.764
05-01-2026-Fri 13-08-01-PM,-7.797,-7.797,-7.027,-7.027,-7.027,-8.869,-8.869,-8.869,-7.797,,-7.027,-7.027,,-7.797,-7.797,-7.797
05-01-2026-Fri 13-08-02-PM,-7.797,-7.797,-7.06,-7.06,-7.06,-8.903,-8.903,-8.903,-7.797,,-7.06,-7.06,,-7.797,-7.797,-7.797
05-01-2026-Fri 13-08-03-PM,-7.797,-7.797,-7.06,-7.06,-7.06,-8.97,-8.97,-8.97,-7.797,,-7.06,-7.06,,-7.797,-7.797,-7.797
05-01-2026-Fri 13-08-05-PM,-7.831,-7.831,-7.06,-7.06,-7.06,-8.97,-8.97,-8.97,-7.831,,-7.06,-7.06,,-7.831,-7.831,-7.831
05-01-2026-Fri 13-08-06-PM,-7.797,-7.797,-7.094,-7.094,-7.094,-8.97,-8.97,-8.97,-7.797,,-7.094,-7.094,,-7.797,-7.797,-7.797
05-01-2026-Fri 13-08-08-PM,-7.864,-7.864,-7.127,-7.127,-7.127,-9.003,-9.003,-9.003,-7.864,,-7.127,-7.127,,-7.864,-7.864,-7.864
05-01-2026-Fri 13-08-09-PM,-7.864,-7.864,-7.127,-7.127,-7.127,-9.003,-9.003,-9.003,-7.864,,-7.127,-7.127,,-7.864,-7.864,-7.864
05-01-2026-Fri 13-08-10-PM,-7.898,-7.898,-7.161,-7.161,-7.161,-9.037,-9.037,-9.037,-7.898,,-7.161,-7.161,,-7.898,-7.898,-7.898
05-01-2026-Fri 13-08-12-PM,-7.898,-7.898,-7.161,-7.161,-7.161,-9.037,-9.037,-9.037,-7.898,,-7.161,-7.161,,-7.898,-7.898,-7.898
05-01-2026-Fri 13-08-13-PM,-7.931,-7.931,-7.194,-7.194,-7.194,-9.037,-9.037,-9.037,-7.931,,-7.194,-7.194,,-7.931,-7.931,-7.931
05-01-2026-Fri 13-08-15-PM,-7.931,-7.931,-7.194,-7.194,-7.194,-9.037,-9.037,-9.037,-7.931,,-7.194,-7.194,,-7.931,-7.931,-7.931
05-01-2026-Fri 13-08-16-PM,-7.965,-7.965,-7.194,-7.194,-7.194,-9.104,-9.104,-9.104,-7.965,,-7.194,-7.194,,-7.965,-7.965,-7.965
05-01-2026-Fri 13-08-18-PM,-7.965,-7.965,-7.194,-7.194,-7.194,-9.137,-9.137,-9.137,-7.965,,-7.194,-7.194,,-7.965,-7.965,-7.965
05-01-2026-Fri 13-08-19-PM,-7.965,-7.965,-7.228,-7.228,-7.228,-9.137,-9.137,-9.137,-7.965,,-7.228,-7.228,,-7.965,-7.965,-7.965
05-01-2026-Fri 13-08-21-PM,-7.998,-7.998,-7.228,-7.228,-7.228,-9.171,-9.171,-9.171,-7.998,,-7.228,-7.228,,-7.998,-7.998,-7.998
05-01-2026-Fri 13-08-22-PM,-7.998,-7.998,-7.261,-7.261,-7.261,-9.137,-9.137,-9.137,-7.998,,-7.261,-7.261,,-7.998,-7.998,-7.998
05-01-2026-Fri 13-08-24-PM,-8.032,-8.032,-7.261,-7.261,-7.261,-9.204,-9.204,-9.204,-8.032,,-7.261,-7.261,,-8.032,-8.032,-8.032
05-01-2026-Fri 13-08-25-PM,-8.032,-8.032,-7.295,-7.295,-7.295,-9.137,-9.137,-9.137,-8.032,,-7.295,-7.295,,-8.032,-8.032,-8.032
05-01-2026-Fri 13-08-26-PM,-8.065,-8.065,-7.295,-7.295,-7.295,-9.204,-9.204,-9.204,-8.065,,-7.295,-7.295,,-8.065,-8.065,-8.065
05-01-2026-Fri 13-08-28-PM,-8.065,-8.065,-7.295,-7.295,-7.295,-9.237,-9.237,-9.237,-8.065,,-7.295,-7.295,,-8.065,-8.065,-8.065
05-01-2026-Fri 13-08-29-PM,-8.099,-8.099,-7.362,-7.362,-7.362,-9.271,-9.271,-9.271,-8.099,,-7.362,-7.362,,-8.099,-8.099,-8.099
05-01-2026-Fri 13-08-31-PM,-8.132,-8.132,-7.362,-7.362,-7.362,-9.304,-9.304,-9.304,-8.132,,-7.362,-7.362,,-8.132,-8.132,-8.132
05-01-2026-Fri 13-08-32-PM,-8.132,-8.132,-7.362,-7.362,-7.362,-9.304,-9.304,-9.304,-8.132,,-7.362,-7.362,,-8.132,-8.132,-8.132
05-01-2026-Fri 13-08-33-PM,-8.132,-8.132,-7.395,-7.395,-7.395,-9.304,-9.304,-9.304,-8.132,,-7.395,-7.395,,-8.132,-8.132,-8.132
05-01-2026-Fri 13-08-35-PM,-8.166,-8.166,-7.395,-7.395,-7.395,-9.304,-9.304,-9.304,-8.166,,-7.395,-7.395,,-8.166,-8.166,-8.166
05-01-2026-Fri 13-08-37-PM,-8.166,-8.166,-7.395,-7.395,-7.395,-9.371,-9.371,-9.371,-8.166,,-7.395,-7.395,,-8.166,-8.166,-8.166
05-01-2026-Fri 13-08-38-PM,-8.233,-8.233,-7.429,-7.429,-7.429,-9.405,-9.405,-9.405,-8.233,,-7.429,-7.429,,-8.233,-8.233,-8.233
05-01-2026-Fri 13-08-40-PM,-8.233,-8.233,-7.429,-7.429,-7.429,-9.371,-9.371,-9.371,-8.233,,-7.429,-7.429,,-8.233,-8.233,-8.233
05-01-2026-Fri 13-08-41-PM,-8.266,-8.266,-7.462,-7.462,-7.462,-9.405,-9.405,-9.405,-8.266,,-7.462,-7.462,,-8.266,-8.266,-8.266
05-01-2026-Fri 13-08-43-PM,-8.233,-8.233,-7.462,-7.462,-7.462,-9.438,-9.438,-9.438,-8.233,,-7.462,-7.462,,-8.233,-8.233,-8.233
05-01-2026-Fri 13-08-44-PM,-8.266,-8.266,-7.496,-7.496,-7.496,-9.371,-9.371,-9.371,-8.266,,-7.496,-7.496,,-8.266,-8.266,-8.266
05-01-2026-Fri 13-08-45-PM,-8.3,-8.3,-7.496,-7.496,-7.496,-9.438,-9.438,-9.438,-8.3,,-7.496,-7.496,,-8.3,-8.3,-8.3
05-01-2026-Fri 13-08-47-PM,-8.333,-8.333,-7.529,-7.529,-7.529,-9.438,-9.438,-9.438,-8.333,,-7.529,-7.529,,-8.333,-8.333,-8.333
05-01-2026-Fri 13-08-48-PM,-8.333,-8.333,-7.563,-7.563,-7.563,-9.505,-9.505,-9.505,-8.333,,-7.563,-7.563,,-8.333,-8.333,-8.333
05-01-2026-Fri 13-08-50-PM,-8.333,-8.333,-7.529,-7.529,-7.529,-9.505,-9.505,-9.505,-8.333,,-7.529,-7.529,,-8.333,-8.333,-8.333
05-01-2026-Fri 13-08-51-PM,-8.367,-8.367,-7.563,-7.563,-7.563,-9.539,-9.539,-9.539,-8.367,,-7.563,-7.563,,-8.367,-8.367,-8.367
05-01-2026-Fri 13-08-52-PM,-8.4,-8.4,-7.596,-7.596,-7.596,-9.505,-9.505,-9.505,-8.4,,-7.596,-7.596,,-8.4,-8.4,-8.4
05-01-2026-Fri 13-08-54-PM,-8.4,-8.4,-7.596,-7.596,-7.596,-9.539,-9.539,-9.539,-8.4,,-7.596,-7.596,,-8.4,-8.4,-8.4
05-01-2026-Fri 13-08-55-PM,-8.467,-8.467,-7.596,-7.596,-7.596,-9.572,-9.572,-9.572,-8.467,,-7.596,-7.596,,-8.467,-8.467,-8.467
05-01-2026-Fri 13-08-56-PM,-8.434,-8.434,-7.63,-7.63,-7.63,-9.539,-9.539,-9.539,-8.434,,-7.63,-7.63,,-8.434,-8.434,-8.434
05-01-2026-Fri 13-08-58-PM,-8.434,-8.434,-7.63,-7.63,-7.63,-9.606,-9.606,-9.606,-8.434,,-7.63,-7.63,,-8.434,-8.434,-8.434
05-01-2026-Fri 13-08-59-PM,-8.467,-8.467,-7.663,-7.663,-7.663,-9.572,-9.572,-9.572,-8.467,,-7.663,-7.663,,-8.467,-8.467,-8.467
05-01-2026-Fri 13-09-01-PM,-8.501,-8.501,-7.697,-7.697,-7.697,-9.606,-9.606,-9.606,-8.501,,-7.697,-7.697,,-8.501,-8.501,-8.501
05-01-2026-Fri 13-09-02-PM,-8.501,-8.501,-7.697,-7.697,-7.697,-9.639,-9.639,-9.639,-8.501,,-7.697,-7.697,,-8.501,-8.501,-8.501
05-01-2026-Fri 13-09-03-PM,-8.534,-8.534,-7.697,-7.697,-7.697,-9.639,-9.639,-9.639,-8.534,,-7.697,-7.697,,-8.534,-8.534,-8.534
05-01-2026-Fri 13-09-05-PM,-8.568,-8.568,-7.73,-7.73,-7.73,-9.673,-9.673,-9.673,-8.568,,-7.73,-7.73,,-8.568,-8.568,-8.568
05-01-2026-Fri 13-09-06-PM,-8.568,-8.568,-7.764,-7.764,-7.764,-9.706,-9.706,-9.706,-8.568,,-7.764,-7.764,,-8.568,-8.568,-8.568
05-01-2026-Fri 13-09-08-PM,-8.568,-8.568,-7.764,-7.764,-7.764,-9.639,-9.639,-9.639,-8.568,,-7.764,-7.764,,-8.568,-8.568,-8.568
05-01-2026-Fri 13-09-09-PM,-8.601,-8.601,-7.764,-7.764,-7.764,-9.773,-9.773,-9.773,-8.601,,-7.764,-7.764,,-8.601,-8.601,-8.601
05-01-2026-Fri 13-09-11-PM,-8.635,-8.635,-7.797,-7.797,-7.797,-9.773,-9.773,-9.773,-8.635,,-7.797,-7.797,,-8.635,-8.635,-8.635
05-01-2026-Fri 13-09-12-PM,-8.635,-8.635,-7.797,-7.797,-7.797,-9.807,-9.807,-9.807,-8.635,,-7.797,-7.797,,-8.635,-8.635,-8.635
05-01-2026-Fri 13-09-14-PM,-8.668,-8.668,-7.831,-7.831,-7.831,-9.84,-9.84,-9.84,-8.668,,-7.831,-7.831,,-8.668,-8.668,-8.668
05-01-2026-Fri 13-09-15-PM,-8.668,-8.668,-7.831,-7.831,-7.831,-9.807,-9.807,-9.807,-8.668,,-7.831,-7.831,,-8.668,-8.668,-8.668
05-01-2026-Fri 13-09-17-PM,-8.702,-8.702,-7.831,-7.831,-7.831,-9.84,-9.84,-9.84,-8.702,,-7.831,-7.831,,-8.702,-8.702,-8.702
05-01-2026-Fri 13-09-18-PM,-8.735,-8.735,-7.864,-7.864,-7.864,-9.84,-9.84,-9.84,-8.735,,-7.864,-7.864,,-8.735,-8.735,-8.735
05-01-2026-Fri 13-09-19-PM,-8.668,-8.668,-7.864,-7.864,-7.864,-9.84,-9.84,-9.84,-8.668,,-7.864,-7.864,,-8.668,-8.668,-8.668
05-01-2026-Fri 13-09-21-PM,-8.735,-8.735,-7.864,-7.864,-7.864,-9.84,-9.84,-9.84,-8.735,,-7.864,-7.864,,-8.735,-8.735,-8.735
05-01-2026-Fri 13-09-22-PM,-8.702,-8.702,-7.898,-7.898,-7.898,-9.874,-9.874,-9.874,-8.702,,-7.898,-7.898,,-8.702,-8.702,-8.702
05-01-2026-Fri 13-09-24-PM,-8.769,-8.769,-7.898,-7.898,-7.898,-9.874,-9.874,-9.874,-8.769,,-7.898,-7.898,,-8.769,-8.769,-8.769
05-01-2026-Fri 13-09-25-PM,-8.802,-8.802,-7.931,-7.931,-7.931,-9.907,-9.907,-9.907,-8.802,,-7.931,-7.931,,-8.802,-8.802,-8.802
05-01-2026-Fri 13-09-26-PM,-8.769,-8.769,-7.965,-7.965,-7.965,-9.874,-9.874,-9.874,-8.769,,-7.965,-7.965,,-8.769,-8.769,-8.769
05-01-2026-Fri 13-09-28-PM,-8.769,-8.769,-7.965,-7.965,-7.965,-9.907,-9.907,-9.907,-8.769,,-7.965,-7.965,,-8.769,-8.769,-8.769
05-01-2026-Fri 13-09-29-PM,-8.836,-8.836,-7.965,-7.965,-7.965,-9.974,-9.974,-9.974,-8.836,,-7.965,-7.965,,-8.836,-8.836,-8.836
05-01-2026-Fri 13-09-31-PM,-8.836,-8.836,-7.965,-7.965,-7.965,-9.941,-9.941,-9.941,-8.836,,-7.965,-7.965,,-8.836,-8.836,-8.836
05-01-2026-Fri 13-09-32-PM,-8.836,-8.836,-7.998,-7.998,-7.998,-9.974,-9.974,-9.974,-8.836,,-7.998,-7.998,,-8.836,-8.836,-8.836
05-01-2026-Fri 13-09-34-PM,-8.836,-8.836,-7.998,-7.998,-7.998,-9.974,-9.974,-9.974,-8.836,,-7.998,-7.998,,-8.836,-8.836,-8.836
05-01-2026-Fri 13-09-35-PM,-8.869,-8.869,-8.032,-8.032,-8.032,-9.974,-9.974,-9.974,-8.869,,-8.032,-8.032,,-8.869,-8.869,-8.869
05-01-2026-Fri 13-09-36-PM,-8.903,-8.903,-8.032,-8.032,-8.032,-10.008,-10.008,-10.008,-8.903,,-8.032,-8.032,,-8.903,-8.903,-8.903
05-01-2026-Fri 13-09-38-PM,-8.903,-8.903,-8.032,-8.032,-8.032,-10.041,-10.041,-10.041,-8.903,,-8.032,-8.032,,-8.903,-8.903,-8.903
05-01-2026-Fri 13-09-39-PM,-8.903,-8.903,-8.032,-8.032,-8.032,-10.008,-10.008,-10.008,-8.903,,-8.032,-8.032,,-8.903,-8.903,-8.903
05-01-2026-Fri 13-09-40-PM,-8.936,-8.936,-8.065,-8.065,-8.065,-10.108,-10.108,-10.108,-8.936,,-8.065,-8.065,,-8.936,-8.936,-8.936
05-01-2026-Fri 13-09-42-PM,-8.936,-8.936,-8.099,-8.099,-8.099,-10.108,-10.108,-10.108,-8.936,,-8.099,-8.099,,-8.936,-8.936,-8.936
05-01-2026-Fri 13-09-43-PM,-8.936,-8.936,-8.132,-8.132,-8.132,-10.108,-10.108,-10.108,-8.936,,-8.132,-8.132,,-8.936,-8.936,-8.936
05-01-2026-Fri 13-09-45-PM,-8.97,-8.97,-7.931,-7.931,-7.931,-10.142,-10.142,-10.142,-8.97,,-7.931,-7.931,,-8.97,-8.97,-8.97
05-01-2026-Fri 13-09-46-PM,-8.869,-8.869,-7.898,-7.898,-7.898,-10.074,-10.074,-10.074,-8.869,,-7.898,-7.898,,-8.869,-8.869,-8.869
05-01-2026-Fri 13-09-47-PM,-8.903,-8.903,-8.065,-8.065,-8.065,-10.108,-10.108,-10.108,-8.903,,-8.065,-8.065,,-8.903,-8.903,-8.903
05-01-2026-Fri 13-09-49-PM,-9.037,-9.037,-7.831,-7.831,-7.831,-10.108,-10.108,-10.108,-9.037,,-7.831,-7.831,,-9.037,-9.037,-9.037
05-01-2026-Fri 13-09-50-PM,-8.936,-8.936,-8.099,-8.099,-8.099,-10.108,-10.108,-10.108,-8.936,,-8.099,-8.099,,-8.936,-8.936,-8.936
05-01-2026-Fri 13-09-52-PM,-9.037,-9.037,-8.199,-8.199,-8.199,-10.142,-10.142,-10.142,-9.037,,-8.199,-8.199,,-9.037,-9.037,-9.037
05-01-2026-Fri 13-09-53-PM,-9.037,-9.037,-8.199,-8.199,-8.199,-10.175,-10.175,-10.175,-9.037,,-8.199,-8.199,,-9.037,-9.037,-9.037
05-01-2026-Fri 13-09-55-PM,-9.037,-9.037,-8.199,-8.199,-8.199,-10.175,-10.175,-10.175,-9.037,,-8.199,-8.199,,-9.037,-9.037,-9.037
05-01-2026-Fri 13-09-56-PM,-9.07,-9.07,-8.233,-8.233,-8.233,-10.208,-10.208,-10.208,-9.07,,-8.233,-8.233,,-9.07,-9.07,-9.07
05-01-2026-Fri 13-09-57-PM,-9.037,-9.037,-8.199,-8.199,-8.199,-10.175,-10.175,-10.175,-9.037,,-8.199,-8.199,,-9.037,-9.037,-9.037
05-01-2026-Fri 13-09-59-PM,-9.104,-9.104,-8.233,-8.233,-8.233,-10.242,-10.242,-10.242,-9.104,,-8.233,-8.233,,-9.104,-9.104,-9.104
05-01-2026-Fri 13-10-00-PM,-9.104,-9.104,-8.266,-8.266,-8.266,-10.242,-10.242,-10.242,-9.104,,-8.266,-8.266,,-9.104,-9.104,-9.104
05-01-2026-Fri 13-10-01-PM,-9.104,-9.104,-8.266,-8.266,-8.266,-10.242,-10.242,-10.242,-9.104,,-8.266,-8.266,,-9.104,-9.104,-9.104
05-01-2026-Fri 13-10-03-PM,-9.137,-9.137,-8.266,-8.266,-8.266,-10.242,-10.242,-10.242,-9.137,,-8.266,-8.266,,-9.137,-9.137,-9.137
05-01-2026-Fri 13-10-04-PM,-9.137,-9.137,-8.3,-8.3,-8.3,-10.275,-10.275,-10.275,-9.137,,-8.3,-8.3,,-9.137,-9.137,-9.137
05-01-2026-Fri 13-10-06-PM,-9.171,-9.171,-8.333,-8.333,-8.333,-10.309,-10.309,-10.309,-9.171,,-8.333,-8.333,,-9.171,-9.171,-9.171
05-01-2026-Fri 13-10-07-PM,-9.171,-9.171,-8.333,-8.333,-8.333,-10.275,-10.275,-10.275,-9.171,,-8.333,-8.333,,-9.171,-9.171,-9.171
05-01-2026-Fri 13-10-08-PM,-9.204,-9.204,-8.333,-8.333,-8.333,-10.309,-10.309,-10.309,-9.204,,-8.333,-8.333,,-9.204,-9.204,-9.204
05-01-2026-Fri 13-10-10-PM,-9.204,-9.204,-8.333,-8.333,-8.333,-10.376,-10.376,-10.376,-9.204,,-8.333,-8.333,,-9.204,-9.204,-9.204
05-01-2026-Fri 13-10-11-PM,-9.204,-9.204,-8.367,-8.367,-8.367,-10.342,-10.342,-10.342,-9.204,,-8.367,-8.367,,-9.204,-9.204,-9.204
05-01-2026-Fri 13-10-13-PM,-9.204,-9.204,-8.367,-8.367,-8.367,-10.376,-10.376,-10.376,-9.204,,-8.367,-8.367,,-9.204,-9.204,-9.204
05-01-2026-Fri 13-10-14-PM,-9.237,-9.237,-8.4,-8.4,-8.4,-10.376,-10.376,-10.376,-9.237,,-8.4,-8.4,,-9.237,-9.237,-9.237
05-01-2026-Fri 13-10-15-PM,-9.271,-9.271,-8.4,-8.4,-8.4,-10.443,-10.443,-10.443,-9.271,,-8.4,-8.4,,-9.271,-9.271,-9.271
05-01-2026-Fri 13-10-17-PM,-9.271,-9.271,-8.4,-8.4,-8.4,-10.409,-10.409,-10.409,-9.271,,-8.4,-8.4,,-9.271,-9.271,-9.271
05-01-2026-Fri 13-10-18-PM,-9.271,-9.271,-8.434,-8.434,-8.434,-10.443,-10.443,-10.443,-9.271,,-8.434,-8.434,,-9.271,-9.271,-9.271
05-01-2026-Fri 13-10-20-PM,-9.304,-9.304,-8.434,-8.434,-8.434,-10.443,-10.443,-10.443,-9.304,,-8.434,-8.434,,-9.304,-9.304,-9.304
05-01-2026-Fri 13-10-21-PM,-9.338,-9.338,-8.434,-8.434,-8.434,-10.443,-10.443,-10.443,-9.338,,-8.434,-8.434,,-9.338,-9.338,-9.338
05-01-2026-Fri 13-10-22-PM,-9.304,-9.304,-8.467,-8.467,-8.467,-10.443,-10.443,-10.443,-9.304,,-8.467,-8.467,,-9.304,-9.304,-9.304
05-01-2026-Fri 13-10-24-PM,-9.338,-9.338,-8.434,-8.434,-8.434,-10.51,-10.51,-10.51,-9.338,,-8.434,-8.434,,-9.338,-9.338,-9.338
05-01-2026-Fri 13-10-25-PM,-9.371,-9.371,-8.501,-8.501,-8.501,-10.476,-10.476,-10.476,-9.371,,-8.501,-8.501,,-9.371,-9.371,-9.371
05-01-2026-Fri 13-10-27-PM,-9.371,-9.371,-8.501,-8.501,-8.501,-10.476,-10.476,-10.476,-9.371,,-8.501,-8.501,,-9.371,-9.371,-9.371
05-01-2026-Fri 13-10-28-PM,-9.371,-9.371,-8.534,-8.534,-8.534,-10.543,-10.543,-10.543,-9.371,,-8.534,-8.534,,-9.371,-9.371,-9.371
05-01-2026-Fri 13-10-29-PM,-9.405,-9.405,-8.534,-8.534,-8.534,-10.51,-10.51,-10.51,-9.405,,-8.534,-8.534,,-9.405,-9.405,-9.405
05-01-2026-Fri 13-10-31-PM,-9.405,-9.405,-8.534,-8.534,-8.534,-10.51,-10.51,-10.51,-9.405,,-8.534,-8.534,,-9.405,-9.405,-9.405
05-01-2026-Fri 13-10-32-PM,-9.405,-9.405,-8.568,-8.568,-8.568,-10.543,-10.543,-10.543,-9.405,,-8.568,-8.568,,-9.405,-9.405,-9.405
05-01-2026-Fri 13-10-35-PM,-9.438,-9.438,-8.534,-8.534,-8.534,-10.543,-10.543,-10.543,-9.438,,-8.534,-8.534,,-9.438,-9.438,-9.438
05-01-2026-Fri 13-10-38-PM,-9.472,-9.472,-8.601,-8.601,-8.601,-10.61,-10.61,-10.61,-9.472,,-8.601,-8.601,,-9.472,-9.472,-9.472
05-01-2026-Fri 13-10-40-PM,-9.505,-9.505,-8.635,-8.635,-8.635,-10.644,-10.644,-10.644,-9.505,,-8.635,-8.635,,-9.505,-9.505,-9.505
05-01-2026-Fri 13-10-42-PM,-9.539,-9.539,-8.635,-8.635,-8.635,-10.71,-10.71,-10.71,-9.539,,-8.635,-8.635,,-9.539,-9.539,-9.539
05-01-2026-Fri 13-10-43-PM,-9.539,-9.539,-8.668,-8.668,-8.668,-10.677,-10.677,-10.677,-9.539,,-8.668,-8.668,,-9.539,-9.539,-9.539
05-01-2026-Fri 13-10-45-PM,-9.539,-9.539,-8.668,-8.668,-8.668,-10.71,-10.71,-10.71,-9.539,,-8.668,-8.668,,-9.539,-9.539,-9.539
05-01-2026-Fri 13-10-46-PM,-9.572,-9.572,-8.702,-8.702,-8.702,-10.677,-10.677,-10.677,-9.572,,-8.702,-8.702,,-9.572,-9.572,-9.572
05-01-2026-Fri 13-10-47-PM,-9.606,-9.606,-8.702,-8.702,-8.702,-10.71,-10.71,-10.71,-9.606,,-8.702,-8.702,,-9.606,-9.606,-9.606
05-01-2026-Fri 13-10-49-PM,-9.606,-9.606,-8.702,-8.702,-8.702,-10.71,-10.71,-10.71,-9.606,,-8.702,-8.702,,-9.606,-9.606,-9.606
05-01-2026-Fri 13-10-50-PM,-9.606,-9.606,-8.702,-8.702,-8.702,-10.744,-10.744,-10.744,-9.606,,-8.702,-8.702,,-9.606,-9.606,-9.606
05-01-2026-Fri 13-10-52-PM,-9.606,-9.606,-8.735,-8.735,-8.735,-10.71,-10.71,-10.71,-9.606,,-8.735,-8.735,,-9.606,-9.606,-9.606
05-01-2026-Fri 13-10-53-PM,-9.639,-9.639,-8.735,-8.735,-8.735,-10.744,-10.744,-10.744,-9.639,,-8.735,-8.735,,-9.639,-9.639,-9.639
05-01-2026-Fri 13-10-55-PM,-9.639,-9.639,-8.769,-8.769,-8.769,-10.71,-10.71,-10.71,-9.639,,-8.769,-8.769,,-9.639,-9.639,-9.639
05-01-2026-Fri 13-10-56-PM,-9.673,-9.673,-8.769,-8.769,-8.769,-10.777,-10.777,-10.777,-9.673,,-8.769,-8.769,,-9.673,-9.673,-9.673
05-01-2026-Fri 13-10-57-PM,-9.706,-9.706,-8.769,-8.769,-8.769,-10.744,-10.744,-10.744,-9.706,,-8.769,-8.769,,-9.706,-9.706,-9.706
05-01-2026-Fri 13-10-59-PM,-9.673,-9.673,-8.769,-8.769,-8.769,-10.777,-10.777,-10.777,-9.673,,-8.769,-8.769,,-9.673,-9.673,-9.673
05-01-2026-Fri 13-11-00-PM,-9.706,-9.706,-8.802,-8.802,-8.802,-10.844,-10.844,-10.844,-9.706,,-8.802,-8.802,,-9.706,-9.706,-9.706
05-01-2026-Fri 13-11-01-PM,-9.706,-9.706,-8.802,-8.802,-8.802,-10.777,-10.777,-10.777,-9.706,,-8.802,-8.802,,-9.706,-9.706,-9.706
05-01-2026-Fri 13-11-03-PM,-9.706,-9.706,-8.836,-8.836,-8.836,-10.811,-10.811,-10.811,-9.706,,-8.836,-8.836,,-9.706,-9.706,-9.706
05-01-2026-Fri 13-11-05-PM,-9.706,-9.706,-8.836,-8.836,-8.836,-10.844,-10.844,-10.844,-9.706,,-8.836,-8.836,,-9.706,-9.706,-9.706
05-01-2026-Fri 13-11-06-PM,-9.773,-9.773,-8.836,-8.836,-8.836,-10.878,-10.878,-10.878,-9.773,,-8.836,-8.836,,-9.773,-9.773,-9.773
05-01-2026-Fri 13-11-08-PM,-9.773,-9.773,-8.836,-8.836,-8.836,-10.844,-10.844,-10.844,-9.773,,-8.836,-8.836,,-9.773,-9.773,-9.773
05-01-2026-Fri 13-11-09-PM,-9.773,-9.773,-8.903,-8.903,-8.903,-10.911,-10.911,-10.911,-9.773,,-8.903,-8.903,,-9.773,-9.773,-9.773
05-01-2026-Fri 13-11-10-PM,-9.807,-9.807,-8.903,-8.903,-8.903,-10.844,-10.844,-10.844,-9.807,,-8.903,-8.903,,-9.807,-9.807,-9.807
05-01-2026-Fri 13-11-12-PM,-9.74,-9.74,-8.601,-8.601,-8.601,-10.911,-10.911,-10.911,-9.74,,-8.601,-8.601,,-9.74,-9.74,-9.74
05-01-2026-Fri 13-11-13-PM,-9.74,-9.74,-8.836,-8.836,-8.836,-10.878,-10.878,-10.878,-9.74,,-8.836,-8.836,,-9.74,-9.74,-9.74
05-01-2026-Fri 13-11-15-PM,-9.539,-9.539,-8.903,-8.903,-8.903,-10.878,-10.878,-10.878,-9.539,,-8.903,-8.903,,-9.539,-9.539,-9.539
05-01-2026-Fri 13-11-16-PM,-9.773,-9.773,-8.668,-8.668,-8.668,-10.945,-10.945,-10.945,-9.773,,-8.668,-8.668,,-9.773,-9.773,-9.773
05-01-2026-Fri 13-11-17-PM,-9.84,-9.84,-8.936,-8.936,-8.936,-10.978,-10.978,-10.978,-9.84,,-8.936,-8.936,,-9.84,-9.84,-9.84
05-01-2026-Fri 13-11-19-PM,-9.84,-9.84,-8.97,-8.97,-8.97,-10.878,-10.878,-10.878,-9.84,,-8.97,-8.97,,-9.84,-9.84,-9.84
05-01-2026-Fri 13-11-20-PM,-9.874,-9.874,-8.936,-8.936,-8.936,-10.945,-10.945,-10.945,-9.874,,-8.936,-8.936,,-9.874,-9.874,-9.874
05-01-2026-Fri 13-11-21-PM,-9.874,-9.874,-8.97,-8.97,-8.97,-10.978,-10.978,-10.978,-9.874,,-8.97,-8.97,,-9.874,-9.874,-9.874
05-01-2026-Fri 13-11-23-PM,-9.907,-9.907,-8.97,-8.97,-8.97,-10.978,-10.978,-10.978,-9.907,,-8.97,-8.97,,-9.907,-9.907,-9.907
05-01-2026-Fri 13-11-24-PM,-9.941,-9.941,-9.003,-9.003,-9.003,-11.012,-11.012,-11.012,-9.941,,-9.003,-9.003,,-9.941,-9.941,-9.941
05-01-2026-Fri 13-11-26-PM,-9.907,-9.907,-9.037,-9.037,-9.037,-10.978,-10.978,-10.978,-9.907,,-9.037,-9.037,,-9.907,-9.907,-9.907
05-01-2026-Fri 13-11-27-PM,-9.907,-9.907,-9.037,-9.037,-9.037,-11.045,-11.045,-11.045,-9.907,,-9.037,-9.037,,-9.907,-9.907,-9.907
05-01-2026-Fri 13-11-28-PM,-9.941,-9.941,-9.037,-9.037,-9.037,-11.045,-11.045,-11.045,-9.941,,-9.037,-9.037,,-9.941,-9.941,-9.941
05-01-2026-Fri 13-11-30-PM,-9.974,-9.974,-9.037,-9.037,-9.037,-11.045,-11.045,-11.045,-9.974,,-9.037,-9.037,,-9.974,-9.974,-9.974
05-01-2026-Fri 13-11-33-PM,-9.974,-9.974,-9.07,-9.07,-9.07,-11.078,-11.078,-11.078,-9.974,,-9.07,-9.07,,-9.974,-9.974,-9.974
05-01-2026-Fri 13-11-35-PM,-10.008,-10.008,-9.07,-9.07,-9.07,-11.045,-11.045,-11.045,-10.008,,-9.07,-9.07,,-10.008,-10.008,-10.008
05-01-2026-Fri 13-11-37-PM,-10.008,-10.008,-9.104,-9.104,-9.104,-11.146,-11.146,-11.146,-10.008,,-9.104,-9.104,,-10.008,-10.008,-10.008
05-01-2026-Fri 13-11-39-PM,-10.008,-10.008,-9.104,-9.104,-9.104,-11.112,-11.112,-11.112,-10.008,,-9.104,-9.104,,-10.008,-10.008,-10.008
05-01-2026-Fri 13-11-40-PM,-10.041,-10.041,-9.137,-9.137,-9.137,-11.146,-11.146,-11.146,-10.041,,-9.137,-9.137,,-10.041,-10.041,-10.041
05-01-2026-Fri 13-11-41-PM,-10.041,-10.041,-9.171,-9.171,-9.171,-11.112,-11.112,-11.112,-10.041,,-9.171,-9.171,,-10.041,-10.041,-10.041
05-01-2026-Fri 13-11-43-PM,-10.074,-10.074,-9.171,-9.171,-9.171,-11.146,-11.146,-11.146,-10.074,,-9.171,-9.171,,-10.074,-10.074,-10.074
05-01-2026-Fri 13-11-45-PM,-10.041,-10.041,-9.171,-9.171,-9.171,-11.179,-11.179,-11.179,-10.041,,-9.171,-9.171,,-10.041,-10.041,-10.041
05-01-2026-Fri 13-11-46-PM,-10.074,-10.074,-9.171,-9.171,-9.171,-11.179,-11.179,-11.179,-10.074,,-9.171,-9.171,,-10.074,-10.074,-10.074
05-01-2026-Fri 13-11-47-PM,-10.108,-10.108,-9.204,-9.204,-9.204,-11.179,-11.179,-11.179,-10.108,,-9.204,-9.204,,-10.108,-10.108,-10.108
05-01-2026-Fri 13-11-49-PM,-10.108,-10.108,-9.204,-9.204,-9.204,-11.212,-11.212,-11.212,-10.108,,-9.204,-9.204,,-10.108,-10.108,-10.108
05-01-2026-Fri 13-11-50-PM,-10.108,-10.108,-9.237,-9.237,-9.237,-11.179,-11.179,-11.179,-10.108,,-9.237,-9.237,,-10.108,-10.108,-10.108
05-01-2026-Fri 13-11-51-PM,-10.108,-10.108,-9.237,-9.237,-9.237,-11.179,-11.179,-11.179,-10.108,,-9.237,-9.237,,-10.108,-10.108,-10.108
05-01-2026-Fri 13-11-53-PM,-10.142,-10.142,-9.204,-9.204,-9.204,-11.279,-11.279,-11.279,-10.142,,-9.204,-9.204,,-10.142,-10.142,-10.142
05-01-2026-Fri 13-11-54-PM,-10.142,-10.142,-9.237,-9.237,-9.237,-11.179,-11.179,-11.179,-10.142,,-9.237,-9.237,,-10.142,-10.142,-10.142
05-01-2026-Fri 13-11-56-PM,-10.175,-10.175,-9.271,-9.271,-9.271,-11.246,-11.246,-11.246,-10.175,,-9.271,-9.271,,-10.175,-10.175,-10.175
05-01-2026-Fri 13-11-57-PM,-9.874,-9.874,-9.171,-9.171,-9.171,-11.212,-11.212,-11.212,-9.874,,-9.171,-9.171,,-9.874,-9.874,-9.874
05-01-2026-Fri 13-11-58-PM,-10.108,-10.108,-9.237,-9.237,-9.237,-11.279,-11.279,-11.279,-10.108,,-9.237,-9.237,,-10.108,-10.108,-10.108
05-01-2026-Fri 13-12-00-PM,-9.941,-9.941,-9.171,-9.171,-9.171,-11.246,-11.246,-11.246,-9.941,,-9.171,-9.171,,-9.941,-9.941,-9.941
05-01-2026-Fri 13-12-01-PM,-10.242,-10.242,-9.171,-9.171,-9.171,-11.279,-11.279,-11.279,-10.242,,-9.171,-9.171,,-10.242,-10.242,-10.242
05-01-2026-Fri 13-12-03-PM,-10.208,-10.208,-9.304,-9.304,-9.304,-11.246,-11.246,-11.246,-10.208,,-9.304,-9.304,,-10.208,-10.208,-10.208
05-01-2026-Fri 13-12-04-PM,-10.208,-10.208,-9.338,-9.338,-9.338,-11.279,-11.279,-11.279,-10.208,,-9.338,-9.338,,-10.208,-10.208,-10.208
05-01-2026-Fri 13-12-05-PM,-10.242,-10.242,-9.338,-9.338,-9.338,-11.279,-11.279,-11.279,-10.242,,-9.338,-9.338,,-10.242,-10.242,-10.242
05-01-2026-Fri 13-12-07-PM,-10.242,-10.242,-9.338,-9.338,-9.338,-11.346,-11.346,-11.346,-10.242,,-9.338,-9.338,,-10.242,-10.242,-10.242
05-01-2026-Fri 13-12-08-PM,-10.242,-10.242,-9.338,-9.338,-9.338,-11.313,-11.313,-11.313,-10.242,,-9.338,-9.338,,-10.242,-10.242,-10.242
05-01-2026-Fri 13-12-10-PM,-10.242,-10.242,-9.338,-9.338,-9.338,-11.313,-11.313,-11.313,-10.242,,-9.338,-9.338,,-10.242,-10.242,-10.242
05-01-2026-Fri 13-12-11-PM,-10.275,-10.275,-9.338,-9.338,-9.338,-11.413,-11.413,-11.413,-10.275,,-9.338,-9.338,,-10.275,-10.275,-10.275
05-01-2026-Fri 13-12-12-PM,-10.309,-10.309,-9.371,-9.371,-9.371,-11.346,-11.346,-11.346,-10.309,,-9.371,-9.371,,-10.309,-10.309,-10.309
05-01-2026-Fri 13-12-14-PM,-10.309,-10.309,-9.371,-9.371,-9.371,-11.38,-11.38,-11.38,-10.309,,-9.371,-9.371,,-10.309,-10.309,-10.309
05-01-2026-Fri 13-12-15-PM,-10.309,-10.309,-9.405,-9.405,-9.405,-11.346,-11.346,-11.346,-10.309,,-9.405,-9.405,,-10.309,-10.309,-10.309
05-01-2026-Fri 13-12-16-PM,-10.309,-10.309,-9.371,-9.371,-9.371,-11.346,-11.346,-11.346,-10.309,,-9.371,-9.371,,-10.309,-10.309,-10.309
05-01-2026-Fri 13-12-18-PM,-10.309,-10.309,-9.405,-9.405,-9.405,-11.38,-11.38,-11.38,-10.309,,-9.405,-9.405,,-10.309,-10.309,-10.309
05-01-2026-Fri 13-12-19-PM,-10.342,-10.342,-9.438,-9.438,-9.438,-11.38,-11.38,-11.38,-10.342,,-9.438,-9.438,,-10.342,-10.342,-10.342
05-01-2026-Fri 13-12-21-PM,-10.376,-10.376,-9.438,-9.438,-9.438,-11.38,-11.38,-11.38,-10.376,,-9.438,-9.438,,-10.376,-10.376,-10.376
05-01-2026-Fri 13-12-22-PM,-10.376,-10.376,-9.438,-9.438,-9.438,-11.413,-11.413,-11.413,-10.376,,-9.438,-9.438,,-10.376,-10.376,-10.376
05-01-2026-Fri 13-12-23-PM,-10.376,-10.376,-9.472,-9.472,-9.472,-11.413,-11.413,-11.413,-10.376,,-9.472,-9.472,,-10.376,-10.376,-10.376
05-01-2026-Fri 13-12-25-PM,-10.376,-10.376,-9.438,-9.438,-9.438,-11.447,-11.447,-11.447,-10.376,,-9.438,-9.438,,-10.376,-10.376,-10.376
05-01-2026-Fri 13-12-26-PM,-10.409,-10.409,-9.472,-9.472,-9.472,-11.447,-11.447,-11.447,-10.409,,-9.472,-9.472,,-10.409,-10.409,-10.409
05-01-2026-Fri 13-12-28-PM,-10.409,-10.409,-9.505,-9.505,-9.505,-11.38,-11.38,-11.38,-10.409,,-9.505,-9.505,,-10.409,-10.409,-10.409
05-01-2026-Fri 13-12-29-PM,-10.443,-10.443,-9.472,-9.472,-9.472,-11.413,-11.413,-11.413,-10.443,,-9.472,-9.472,,-10.443,-10.443,-10.443
05-01-2026-Fri 13-12-31-PM,-10.409,-10.409,-9.505,-9.505,-9.505,-11.48,-11.48,-11.48,-10.409,,-9.505,-9.505,,-10.409,-10.409,-10.409
05-01-2026-Fri 13-12-32-PM,-10.443,-10.443,-9.505,-9.505,-9.505,-11.413,-11.413,-11.413,-10.443,,-9.505,-9.505,,-10.443,-10.443,-10.443
05-01-2026-Fri 13-12-33-PM,-10.443,-10.443,-9.505,-9.505,-9.505,-11.514,-11.514,-11.514,-10.443,,-9.505,-9.505,,-10.443,-10.443,-10.443
05-01-2026-Fri 13-12-35-PM,-10.476,-10.476,-9.539,-9.539,-9.539,-11.514,-11.514,-11.514,-10.476,,-9.539,-9.539,,-10.476,-10.476,-10.476
05-01-2026-Fri 13-12-36-PM,-10.409,-10.409,-9.371,-9.371,-9.371,-11.48,-11.48,-11.48,-10.409,,-9.371,-9.371,,-10.409,-10.409,-10.409
05-01-2026-Fri 13-12-37-PM,-10.208,-10.208,-9.472,-9.472,-9.472,-11.547,-11.547,-11.547,-10.208,,-9.472,-9.472,,-10.208,-10.208,-10.208
05-01-2026-Fri 13-12-39-PM,-10.376,-10.376,-9.304,-9.304,-9.304,-11.48,-11.48,-11.48,-10.376,,-9.304,-9.304,,-10.376,-10.376,-10.376
05-01-2026-Fri 13-12-40-PM,-10.443,-10.443,-9.539,-9.539,-9.539,-11.514,-11.514,-11.514,-10.443,,-9.539,-9.539,,-10.443,-10.443,-10.443
05-01-2026-Fri 13-12-42-PM,-10.543,-10.543,-9.572,-9.572,-9.572,-11.547,-11.547,-11.547,-10.543,,-9.572,-9.572,,-10.543,-10.543,-10.543
05-01-2026-Fri 13-12-43-PM,-10.51,-10.51,-9.572,-9.572,-9.572,-11.547,-11.547,-11.547,-10.51,,-9.572,-9.572,,-10.51,-10.51,-10.51
05-01-2026-Fri 13-12-44-PM,-10.543,-10.543,-9.606,-9.606,-9.606,-11.547,-11.547,-11.547,-10.543,,-9.606,-9.606,,-10.543,-10.543,-10.543
05-01-2026-Fri 13-12-46-PM,-10.543,-10.543,-9.572,-9.572,-9.572,-11.58,-11.58,-11.58,-10.543,,-9.572,-9.572,,-10.543,-10.543,-10.543
05-01-2026-Fri 13-12-47-PM,-10.576,-10.576,-9.606,-9.606,-9.606,-11.58,-11.58,-11.58,-10.576,,-9.606,-9.606,,-10.576,-10.576,-10.576
05-01-2026-Fri 13-12-49-PM,-10.576,-10.576,-9.606,-9.606,-9.606,-11.547,-11.547,-11.547,-10.576,,-9.606,-9.606,,-10.576,-10.576,-10.576
05-01-2026-Fri 13-12-50-PM,-10.576,-10.576,-9.606,-9.606,-9.606,-11.58,-11.58,-11.58,-10.576,,-9.606,-9.606,,-10.576,-10.576,-10.576
05-01-2026-Fri 13-12-51-PM,-10.576,-10.576,-9.673,-9.673,-9.673,-11.614,-11.614,-11.614,-10.576,,-9.673,-9.673,,-10.576,-10.576,-10.576
05-01-2026-Fri 13-12-53-PM,-10.576,-10.576,-9.673,-9.673,-9.673,-11.614,-11.614,-11.614,-10.576,,-9.673,-9.673,,-10.576,-10.576,-10.576
05-01-2026-Fri 13-12-54-PM,-10.61,-10.61,-9.673,-9.673,-9.673,-11.614,-11.614,-11.614,-10.61,,-9.673,-9.673,,-10.61,-10.61,-10.61
05-01-2026-Fri 13-12-56-PM,-10.61,-10.61,-9.639,-9.639,-9.639,-11.648,-11.648,-11.648,-10.61,,-9.639,-9.639,,-10.61,-10.61,-10.61
05-01-2026-Fri 13-12-57-PM,-10.61,-10.61,-9.706,-9.706,-9.706,-11.648,-11.648,-11.648,-10.61,,-9.706,-9.706,,-10.61,-10.61,-10.61
05-01-2026-Fri 13-12-58-PM,-10.644,-10.644,-9.706,-9.706,-9.706,-11.681,-11.681,-11.681,-10.644,,-9.706,-9.706,,-10.644,-10.644,-10.644
05-01-2026-Fri 13-13-00-PM,-10.644,-10.644,-9.706,-9.706,-9.706,-11.681,-11.681,-11.681,-10.644,,-9.706,-9.706,,-10.644,-10.644,-10.644
05-01-2026-Fri 13-13-01-PM,-10.677,-10.677,-9.706,-9.706,-9.706,-11.681,-11.681,-11.681,-10.677,,-9.706,-9.706,,-10.677,-10.677,-10.677
05-01-2026-Fri 13-13-03-PM,-10.71,-10.71,-9.74,-9.74,-9.74,-11.648,-11.648,-11.648,-10.71,,-9.74,-9.74,,-10.71,-10.71,-10.71
05-01-2026-Fri 13-13-04-PM,-10.71,-10.71,-9.706,-9.706,-9.706,-11.714,-11.714,-11.714,-10.71,,-9.706,-9.706,,-10.71,-10.71,-10.71
05-01-2026-Fri 13-13-05-PM,-10.71,-10.71,-9.74,-9.74,-9.74,-11.714,-11.714,-11.714,-10.71,,-9.74,-9.74,,-10.71,-10.71,-10.71
05-01-2026-Fri 13-13-07-PM,-10.71,-10.71,-9.74,-9.74,-9.74,-11.714,-11.714,-11.714,-10.71,,-9.74,-9.74,,-10.71,-10.71,-10.71
05-01-2026-Fri 13-13-08-PM,-10.71,-10.71,-9.74,-9.74,-9.74,-11.681,-11.681,-11.681,-10.71,,-9.74,-9.74,,-10.71,-10.71,-10.71
05-01-2026-Fri 13-13-10-PM,-10.71,-10.71,-9.773,-9.773,-9.773,-11.681,-11.681,-11.681,-10.71,,-9.773,-9.773,,-10.71,-10.71,-10.71
05-01-2026-Fri 13-13-11-PM,-10.744,-10.744,-9.773,-9.773,-9.773,-11.714,-11.714,-11.714,-10.744,,-9.773,-9.773,,-10.744,-10.744,-10.744
05-01-2026-Fri 13-13-12-PM,-10.744,-10.744,-9.773,-9.773,-9.773,-11.748,-11.748,-11.748,-10.744,,-9.773,-9.773,,-10.744,-10.744,-10.744
05-01-2026-Fri 13-13-14-PM,-10.744,-10.744,-9.773,-9.773,-9.773,-11.748,-11.748,-11.748,-10.744,,-9.773,-9.773,,-10.744,-10.744,-10.744
05-01-2026-Fri 13-13-15-PM,-10.744,-10.744,-9.807,-9.807,-9.807,-11.781,-11.781,-11.781,-10.744,,-9.807,-9.807,,-10.744,-10.744,-10.744
05-01-2026-Fri 13-13-17-PM,-10.777,-10.777,-9.773,-9.773,-9.773,-11.781,-11.781,-11.781,-10.777,,-9.773,-9.773,,-10.777,-10.777,-10.777
05-01-2026-Fri 13-13-18-PM,-10.811,-10.811,-9.807,-9.807,-9.807,-11.748,-11.748,-11.748,-10.811,,-9.807,-9.807,,-10.811,-10.811,-10.811
05-01-2026-Fri 13-13-19-PM,-10.811,-10.811,-9.807,-9.807,-9.807,-11.781,-11.781,-11.781,-10.811,,-9.807,-9.807,,-10.811,-10.811,-10.811
05-01-2026-Fri 13-13-21-PM,-10.811,-10.811,-9.84,-9.84,-9.84,-11.815,-11.815,-11.815,-10.811,,-9.84,-9.84,,-10.811,-10.811,-10.811
05-01-2026-Fri 13-13-22-PM,-10.811,-10.811,-9.807,-9.807,-9.807,-11.781,-11.781,-11.781,-10.811,,-9.807,-9.807,,-10.811,-10.811,-10.811
05-01-2026-Fri 13-13-24-PM,-10.844,-10.844,-9.84,-9.84,-9.84,-11.781,-11.781,-11.781,-10.844,,-9.84,-9.84,,-10.844,-10.844,-10.844
05-01-2026-Fri 13-13-25-PM,-10.811,-10.811,-9.874,-9.874,-9.874,-11.815,-11.815,-11.815,-10.811,,-9.874,-9.874,,-10.811,-10.811,-10.811
05-01-2026-Fri 13-13-26-PM,-10.844,-10.844,-9.874,-9.874,-9.874,-11.848,-11.848,-11.848,-10.844,,-9.874,-9.874,,-10.844,-10.844,-10.844
05-01-2026-Fri 13-13-28-PM,-10.878,-10.878,-9.874,-9.874,-9.874,-11.848,-11.848,-11.848,-10.878,,-9.874,-9.874,,-10.878,-10.878,-10.878
05-01-2026-Fri 13-13-29-PM,-10.878,-10.878,-9.874,-9.874,-9.874,-11.848,-11.848,-11.848,-10.878,,-9.874,-9.874,,-10.878,-10.878,-10.878
05-01-2026-Fri 13-13-31-PM,-10.878,-10.878,-9.907,-9.907,-9.907,-11.848,-11.848,-11.848,-10.878,,-9.907,-9.907,,-10.878,-10.878,-10.878
05-01-2026-Fri 13-13-32-PM,-10.878,-10.878,-9.874,-9.874,-9.874,-11.815,-11.815,-11.815,-10.878,,-9.874,-9.874,,-10.878,-10.878,-10.878
05-01-2026-Fri 13-13-33-PM,-10.878,-10.878,-9.907,-9.907,-9.907,-11.815,-11.815,-11.815,-10.878,,-9.907,-9.907,,-10.878,-10.878,-10.878
05-01-2026-Fri 13-13-35-PM,-10.911,-10.911,-9.941,-9.941,-9.941,-11.882,-11.882,-11.882,-10.911,,-9.941,-9.941,,-10.911,-10.911,-10.911
05-01-2026-Fri 13-13-36-PM,-10.911,-10.911,-9.907,-9.907,-9.907,-11.882,-11.882,-11.882,-10.911,,-9.907,-9.907,,-10.911,-10.911,-10.911
05-01-2026-Fri 13-13-38-PM,-10.911,-10.911,-9.941,-9.941,-9.941,-11.882,-11.882,-11.882,-10.911,,-9.941,-9.941,,-10.911,-10.911,-10.911
05-01-2026-Fri 13-13-39-PM,-10.911,-10.911,-9.941,-9.941,-9.941,-11.848,-11.848,-11.848,-10.911,,-9.941,-9.941,,-10.911,-10.911,-10.911
05-01-2026-Fri 13-13-42-PM,-10.945,-10.945,-9.941,-9.941,-9.941,-11.882,-11.882,-11.882,-10.945,,-9.941,-9.941,,-10.945,-10.945,-10.945
05-01-2026-Fri 13-13-45-PM,-10.945,-10.945,-9.974,-9.974,-9.974,-11.882,-11.882,-11.882,-10.945,,-9.974,-9.974,,-10.945,-10.945,-10.945
05-01-2026-Fri 13-13-47-PM,-10.978,-10.978,-10.008,-10.008,-10.008,-11.949,-11.949,-11.949,-10.978,,-10.008,-10.008,,-10.978,-10.978,-10.978
05-01-2026-Fri 13-13-50-PM,-10.978,-10.978,-10.008,-10.008,-10.008,-11.949,-11.949,-11.949,-10.978,,-10.008,-10.008,,-10.978,-10.978,-10.978
05-01-2026-Fri 13-13-53-PM,-11.045,-11.045,-10.008,-10.008,-10.008,-11.949,-11.949,-11.949,-11.045,,-10.008,-10.008,,-11.045,-11.045,-11.045
05-01-2026-Fri 13-13-56-PM,-10.777,-10.777,-9.941,-9.941,-9.941,-12.016,-12.016,-12.016,-10.777,,-9.941,-9.941,,-10.777,-10.777,-10.777
05-01-2026-Fri 13-13-58-PM,-11.045,-11.045,-10.074,-10.074,-10.074,-11.982,-11.982,-11.982,-11.045,,-10.074,-10.074,,-11.045,-11.045,-11.045
05-01-2026-Fri 13-13-59-PM,-11.045,-11.045,-10.041,-10.041,-10.041,-11.982,-11.982,-11.982,-11.045,,-10.041,-10.041,,-11.045,-11.045,-11.045
05-01-2026-Fri 13-14-01-PM,-11.045,-11.045,-10.074,-10.074,-10.074,-11.982,-11.982,-11.982,-11.045,,-10.074,-10.074,,-11.045,-11.045,-11.045
05-01-2026-Fri 13-14-03-PM,-11.078,-11.078,-10.074,-10.074,-10.074,-12.016,-12.016,-12.016,-11.078,,-10.074,-10.074,,-11.078,-11.078,-11.078
05-01-2026-Fri 13-14-04-PM,-11.078,-11.078,-10.108,-10.108,-10.108,-12.016,-12.016,-12.016,-11.078,,-10.108,-10.108,,-11.078,-11.078,-11.078
05-01-2026-Fri 13-14-05-PM,-11.112,-11.112,-10.108,-10.108,-10.108,-12.016,-12.016,-12.016,-11.112,,-10.108,-10.108,,-11.112,-11.112,-11.112
05-01-2026-Fri 13-14-07-PM,-11.112,-11.112,-10.108,-10.108,-10.108,-12.049,-12.049,-12.049,-11.112,,-10.108,-10.108,,-11.112,-11.112,-11.112
05-01-2026-Fri 13-14-08-PM,-11.112,-11.112,-10.142,-10.142,-10.142,-12.049,-12.049,-12.049,-11.112,,-10.142,-10.142,,-11.112,-11.112,-11.112
05-01-2026-Fri 13-14-10-PM,-11.112,-11.112,-10.108,-10.108,-10.108,-12.049,-12.049,-12.049,-11.112,,-10.108,-10.108,,-11.112,-11.112,-11.112
05-01-2026-Fri 13-14-11-PM,-11.112,-11.112,-10.142,-10.142,-10.142,-12.049,-12.049,-12.049,-11.112,,-10.142,-10.142,,-11.112,-11.112,-11.112
05-01-2026-Fri 13-14-12-PM,-11.112,-11.112,-10.142,-10.142,-10.142,-12.049,-12.049,-12.049,-11.112,,-10.142,-10.142,,-11.112,-11.112,-11.112
05-01-2026-Fri 13-14-14-PM,-11.112,-11.112,-10.142,-10.142,-10.142,-12.049,-12.049,-12.049,-11.112,,-10.142,-10.142,,-11.112,-11.112,-11.112
05-01-2026-Fri 13-14-15-PM,-11.146,-11.146,-10.175,-10.175,-10.175,-12.116,-12.116,-12.116,-11.146,,-10.175,-10.175,,-11.146,-11.146,-11.146
05-01-2026-Fri 13-14-17-PM,-11.112,-11.112,-10.142,-10.142,-10.142,-12.116,-12.116,-12.116,-11.112,,-10.142,-10.142,,-11.112,-11.112,-11.112
05-01-2026-Fri 13-14-18-PM,-11.146,-11.146,-10.175,-10.175,-10.175,-12.082,-12.082,-12.082,-11.146,,-10.175,-10.175,,-11.146,-11.146,-11.146
05-01-2026-Fri 13-14-19-PM,-11.179,-11.179,-10.175,-10.175,-10.175,-12.082,-12.082,-12.082,-11.179,,-10.175,-10.175,,-11.179,-11.179,-11.179
05-01-2026-Fri 13-14-21-PM,-11.179,-11.179,-10.175,-10.175,-10.175,-12.049,-12.049,-12.049,-11.179,,-10.175,-10.175,,-11.179,-11.179,-11.179
05-01-2026-Fri 13-14-22-PM,-11.179,-11.179,-10.208,-10.208,-10.208,-12.116,-12.116,-12.116,-11.179,,-10.208,-10.208,,-11.179,-11.179,-11.179
05-01-2026-Fri 13-14-24-PM,-11.212,-11.212,-10.208,-10.208,-10.208,-12.116,-12.116,-12.116,-11.212,,-10.208,-10.208,,-11.212,-11.212,-11.212
05-01-2026-Fri 13-14-25-PM,-11.212,-11.212,-10.208,-10.208,-10.208,-12.149,-12.149,-12.149,-11.212,,-10.208,-10.208,,-11.212,-11.212,-11.212
05-01-2026-Fri 13-14-26-PM,-11.212,-11.212,-10.208,-10.208,-10.208,-12.149,-12.149,-12.149,-11.212,,-10.208,-10.208,,-11.212,-11.212,-11.212
05-01-2026-Fri 13-14-28-PM,-11.212,-11.212,-10.242,-10.242,-10.242,-12.149,-12.149,-12.149,-11.212,,-10.242,-10.242,,-11.212,-11.212,-11.212
05-01-2026-Fri 13-14-29-PM,-11.212,-11.212,-10.275,-10.275,-10.275,-12.149,-12.149,-12.149,-11.212,,-10.275,-10.275,,-11.212,-11.212,-11.212
05-01-2026-Fri 13-14-30-PM,-11.246,-11.246,-10.242,-10.242,-10.242,-12.183,-12.183,-12.183,-11.246,,-10.242,-10.242,,-11.246,-11.246,-11.246
05-01-2026-Fri 13-14-32-PM,-11.279,-11.279,-10.309,-10.309,-10.309,-12.183,-12.183,-12.183,-11.279,,-10.309,-10.309,,-11.279,-11.279,-11.279
05-01-2026-Fri 13-14-34-PM,-11.279,-11.279,-10.309,-10.309,-10.309,-12.183,-12.183,-12.183,-11.279,,-10.309,-10.309,,-11.279,-11.279,-11.279
05-01-2026-Fri 13-14-35-PM,-11.313,-11.313,-10.342,-10.342,-10.342,-12.216,-12.216,-12.216,-11.313,,-10.342,-10.342,,-11.313,-11.313,-11.313
05-01-2026-Fri 13-14-37-PM,-11.346,-11.346,-10.342,-10.342,-10.342,-12.25,-12.25,-12.25,-11.346,,-10.342,-10.342,,-11.346,-11.346,-11.346
05-01-2026-Fri 13-14-38-PM,-11.38,-11.38,-10.409,-10.409,-10.409,-12.25,-12.25,-12.25,-11.38,,-10.409,-10.409,,-11.38,-11.38,-11.38
05-01-2026-Fri 13-14-40-PM,-11.38,-11.38,-10.409,-10.409,-10.409,-12.283,-12.283,-12.283,-11.38,,-10.409,-10.409,,-11.38,-11.38,-11.38
05-01-2026-Fri 13-14-41-PM,-11.413,-11.413,-10.476,-10.476,-10.476,-12.283,-12.283,-12.283,-11.413,,-10.476,-10.476,,-11.413,-11.413,-11.413
05-01-2026-Fri 13-14-43-PM,-11.413,-11.413,-10.51,-10.51,-10.51,-12.317,-12.317,-12.317,-11.413,,-10.51,-10.51,,-11.413,-11.413,-11.413
05-01-2026-Fri 13-14-44-PM,-11.48,-11.48,-10.543,-10.543,-10.543,-12.35,-12.35,-12.35,-11.48,,-10.543,-10.543,,-11.48,-11.48,-11.48
05-01-2026-Fri 13-14-45-PM,-11.514,-11.514,-10.576,-10.576,-10.576,-12.317,-12.317,-12.317,-11.514,,-10.576,-10.576,,-11.514,-11.514,-11.514
05-01-2026-Fri 13-14-47-PM,-11.514,-11.514,-10.61,-10.61,-10.61,-12.35,-12.35,-12.35,-11.514,,-10.61,-10.61,,-11.514,-11.514,-11.514
05-01-2026-Fri 13-14-48-PM,-11.58,-11.58,-10.644,-10.644,-10.644,-12.317,-12.317,-12.317,-11.58,,-10.644,-10.644,,-11.58,-11.58,-11.58
05-01-2026-Fri 13-14-50-PM,-11.58,-11.58,-10.677,-10.677,-10.677,-12.384,-12.384,-12.384,-11.58,,-10.677,-10.677,,-11.58,-11.58,-11.58
05-01-2026-Fri 13-14-51-PM,-11.614,-11.614,-10.677,-10.677,-10.677,-12.417,-12.417,-12.417,-11.614,,-10.677,-10.677,,-11.614,-11.614,-11.614
05-01-2026-Fri 13-14-52-PM,-11.614,-11.614,-10.744,-10.744,-10.744,-12.417,-12.417,-12.417,-11.614,,-10.744,-10.744,,-11.614,-11.614,-11.614
05-01-2026-Fri 13-14-54-PM,-11.648,-11.648,-10.744,-10.744,-10.744,-12.45,-12.45,-12.45,-11.648,,-10.744,-10.744,,-11.648,-11.648,-11.648
05-01-2026-Fri 13-14-55-PM,-11.681,-11.681,-10.744,-10.744,-10.744,-12.484,-12.484,-12.484,-11.681,,-10.744,-10.744,,-11.681,-11.681,-11.681
05-01-2026-Fri 13-14-57-PM,-11.714,-11.714,-10.777,-10.777,-10.777,-12.517,-12.517,-12.517,-11.714,,-10.777,-10.777,,-11.714,-11.714,-11.714
05-01-2026-Fri 13-14-58-PM,-11.748,-11.748,-10.844,-10.844,-10.844,-12.484,-12.484,-12.484,-11.748,,-10.844,-10.844,,-11.748,-11.748,-11.748
05-01-2026-Fri 13-14-59-PM,-11.748,-11.748,-10.811,-10.811,-10.811,-12.517,-12.517,-12.517,-11.748,,-10.811,-10.811,,-11.748,-11.748,-11.748
05-01-2026-Fri 13-15-01-PM,-11.781,-11.781,-10.844,-10.844,-10.844,-12.551,-12.551,-12.551,-11.781,,-10.844,-10.844,,-11.781,-11.781,-11.781
05-01-2026-Fri 13-15-02-PM,-11.781,-11.781,-10.878,-10.878,-10.878,-12.584,-12.584,-12.584,-11.781,,-10.878,-10.878,,-11.781,-11.781,-11.781
05-01-2026-Fri 13-15-04-PM,-11.815,-11.815,-10.945,-10.945,-10.945,-12.618,-12.618,-12.618,-11.815,,-10.945,-10.945,,-11.815,-11.815,-11.815
05-01-2026-Fri 13-15-05-PM,-11.848,-11.848,-10.945,-10.945,-10.945,-12.651,-12.651,-12.651,-11.848,,-10.945,-10.945,,-11.848,-11.848,-11.848
05-01-2026-Fri 13-15-06-PM,-11.848,-11.848,-10.978,-10.978,-10.978,-12.651,-12.651,-12.651,-11.848,,-10.978,-10.978,,-11.848,-11.848,-11.848
05-01-2026-Fri 13-15-08-PM,-11.915,-11.915,-10.978,-10.978,-10.978,-12.584,-12.584,-12.584,-11.915,,-10.978,-10.978,,-11.915,-11.915,-11.915
05-01-2026-Fri 13-15-09-PM,-11.915,-11.915,-11.045,-11.045,-11.045,-12.618,-12.618,-12.618,-11.915,,-11.045,-11.045,,-11.915,-11.915,-11.915
05-01-2026-Fri 13-15-11-PM,-11.949,-11.949,-11.078,-11.078,-11.078,-12.718,-12.718,-12.718,-11.949,,-11.078,-11.078,,-11.949,-11.949,-11.949
05-01-2026-Fri 13-15-12-PM,-11.949,-11.949,-11.112,-11.112,-11.112,-12.718,-12.718,-12.718,-11.949,,-11.112,-11.112,,-11.949,-11.949,-11.949
05-01-2026-Fri 13-15-13-PM,-11.982,-11.982,-11.146,-11.146,-11.146,-12.718,-12.718,-12.718,-11.982,,-11.146,-11.146,,-11.982,-11.982,-11.982
05-01-2026-Fri 13-15-15-PM,-12.016,-12.016,-11.146,-11.146,-11.146,-12.785,-12.785,-12.785,-12.016,,-11.146,-11.146,,-12.016,-12.016,-12.016
05-01-2026-Fri 13-15-16-PM,-12.016,-12.016,-11.179,-11.179,-11.179,-12.785,-12.785,-12.785,-12.016,,-11.179,-11.179,,-12.016,-12.016,-12.016
05-01-2026-Fri 13-15-17-PM,-12.049,-12.049,-11.212,-11.212,-11.212,-12.785,-12.785,-12.785,-12.049,,-11.212,-11.212,,-12.049,-12.049,-12.049
05-01-2026-Fri 13-15-19-PM,-12.082,-12.082,-11.212,-11.212,-11.212,-12.852,-12.852,-12.852,-12.082,,-11.212,-11.212,,-12.082,-12.082,-12.082
05-01-2026-Fri 13-15-20-PM,-12.116,-12.116,-11.246,-11.246,-11.246,-12.852,-12.852,-12.852,-12.116,,-11.246,-11.246,,-12.116,-12.116,-12.116
05-01-2026-Fri 13-15-22-PM,-12.116,-12.116,-11.279,-11.279,-11.279,-12.885,-12.885,-12.885,-12.116,,-11.279,-11.279,,-12.116,-12.116,-12.116
05-01-2026-Fri 13-15-23-PM,-12.149,-12.149,-11.313,-11.313,-11.313,-12.885,-12.885,-12.885,-12.149,,-11.313,-11.313,,-12.149,-12.149,-12.149
05-01-2026-Fri 13-15-25-PM,-12.149,-12.149,-11.346,-11.346,-11.346,-12.919,-12.919,-12.919,-12.149,,-11.346,-11.346,,-12.149,-12.149,-12.149
05-01-2026-Fri 13-15-26-PM,-12.183,-12.183,-11.346,-11.346,-11.346,-12.986,-12.986,-12.986,-12.183,,-11.346,-11.346,,-12.183,-12.183,-12.183
05-01-2026-Fri 13-15-27-PM,-12.216,-12.216,-11.38,-11.38,-11.38,-12.952,-12.952,-12.952,-12.216,,-11.38,-11.38,,-12.216,-12.216,-12.216
05-01-2026-Fri 13-15-29-PM,-12.25,-12.25,-11.413,-11.413,-11.413,-12.986,-12.986,-12.986,-12.25,,-11.413,-11.413,,-12.25,-12.25,-12.25
05-01-2026-Fri 13-15-30-PM,-12.25,-12.25,-11.447,-11.447,-11.447,-12.986,-12.986,-12.986,-12.25,,-11.447,-11.447,,-12.25,-12.25,-12.25
05-01-2026-Fri 13-15-32-PM,-12.283,-12.283,-11.447,-11.447,-11.447,-13.019,-13.019,-13.019,-12.283,,-11.447,-11.447,,-12.283,-12.283,-12.283
05-01-2026-Fri 13-15-33-PM,-12.283,-12.283,-11.48,-11.48,-11.48,-13.019,-13.019,-13.019,-12.283,,-11.48,-11.48,,-12.283,-12.283,-12.283
05-01-2026-Fri 13-15-34-PM,-12.317,-12.317,-11.514,-11.514,-11.514,-13.019,-13.019,-13.019,-12.317,,-11.514,-11.514,,-12.317,-12.317,-12.317
05-01-2026-Fri 13-15-36-PM,-12.317,-12.317,-11.547,-11.547,-11.547,-13.086,-13.086,-13.086,-12.317,,-11.547,-11.547,,-12.317,-12.317,-12.317
05-01-2026-Fri 13-15-37-PM,-12.35,-12.35,-11.547,-11.547,-11.547,-13.119,-13.119,-13.119,-12.35,,-11.547,-11.547,,-12.35,-12.35,-12.35
05-01-2026-Fri 13-15-39-PM,-12.35,-12.35,-11.58,-11.58,-11.58,-13.086,-13.086,-13.086,-12.35,,-11.58,-11.58,,-12.35,-12.35,-12.35
05-01-2026-Fri 13-15-40-PM,-12.384,-12.384,-11.58,-11.58,-11.58,-13.119,-13.119,-13.119,-12.384,,-11.58,-11.58,,-12.384,-12.384,-12.384
05-01-2026-Fri 13-15-41-PM,-12.417,-12.417,-11.614,-11.614,-11.614,-13.153,-13.153,-13.153,-12.417,,-11.614,-11.614,,-12.417,-12.417,-12.417
05-01-2026-Fri 13-15-43-PM,-12.45,-12.45,-11.648,-11.648,-11.648,-13.186,-13.186,-13.186,-12.45,,-11.648,-11.648,,-12.45,-12.45,-12.45
05-01-2026-Fri 13-15-44-PM,-12.484,-12.484,-11.681,-11.681,-11.681,-13.22,-13.22,-13.22,-12.484,,-11.681,-11.681,,-12.484,-12.484,-12.484
05-01-2026-Fri 13-15-46-PM,-12.45,-12.45,-11.681,-11.681,-11.681,-13.22,-13.22,-13.22,-12.45,,-11.681,-11.681,,-12.45,-12.45,-12.45
05-01-2026-Fri 13-15-47-PM,-12.484,-12.484,-11.748,-11.748,-11.748,-13.253,-13.253,-13.253,-12.484,,-11.748,-11.748,,-12.484,-12.484,-12.484
05-01-2026-Fri 13-15-48-PM,-12.484,-12.484,-11.748,-11.748,-11.748,-13.22,-13.22,-13.22,-12.484,,-11.748,-11.748,,-12.484,-12.484,-12.484
05-01-2026-Fri 13-15-50-PM,-12.517,-12.517,-11.748,-11.748,-11.748,-13.32,-13.32,-13.32,-12.517,,-11.748,-11.748,,-12.517,-12.517,-12.517
05-01-2026-Fri 13-15-51-PM,-12.517,-12.517,-11.781,-11.781,-11.781,-13.287,-13.287,-13.287,-12.517,,-11.781,-11.781,,-12.517,-12.517,-12.517
05-01-2026-Fri 13-15-53-PM,-12.551,-12.551,-11.815,-11.815,-11.815,-13.32,-13.32,-13.32,-12.551,,-11.815,-11.815,,-12.551,-12.551,-12.551
05-01-2026-Fri 13-15-54-PM,-12.584,-12.584,-11.815,-11.815,-11.815,-13.32,-13.32,-13.32,-12.584,,-11.815,-11.815,,-12.584,-12.584,-12.584
05-01-2026-Fri 13-15-55-PM,-12.618,-12.618,-11.882,-11.882,-11.882,-13.387,-13.387,-13.387,-12.618,,-11.882,-11.882,,-12.618,-12.618,-12.618
05-01-2026-Fri 13-15-57-PM,-12.618,-12.618,-11.882,-11.882,-11.882,-13.42,-13.42,-13.42,-12.618,,-11.882,-11.882,,-12.618,-12.618,-12.618
05-01-2026-Fri 13-15-58-PM,-12.618,-12.618,-11.915,-11.915,-11.915,-13.454,-13.454,-13.454,-12.618,,-11.915,-11.915,,-12.618,-12.618,-12.618
05-01-2026-Fri 13-16-00-PM,-12.651,-12.651,-11.915,-11.915,-11.915,-13.454,-13.454,-13.454,-12.651,,-11.915,-11.915,,-12.651,-12.651,-12.651
05-01-2026-Fri 13-16-01-PM,-12.684,-12.684,-11.949,-11.949,-11.949,-13.454,-13.454,-13.454,-12.684,,-11.949,-11.949,,-12.684,-12.684,-12.684
05-01-2026-Fri 13-16-02-PM,-12.684,-12.684,-11.982,-11.982,-11.982,-13.454,-13.454,-13.454,-12.684,,-11.982,-11.982,,-12.684,-12.684,-12.684
05-01-2026-Fri 13-16-04-PM,-12.684,-12.684,-12.016,-12.016,-12.016,-13.487,-13.487,-13.487,-12.684,,-12.016,-12.016,,-12.684,-12.684,-12.684
05-01-2026-Fri 13-16-05-PM,-12.718,-12.718,-12.016,-12.016,-12.016,-13.521,-13.521,-13.521,-12.718,,-12.016,-12.016,,-12.718,-12.718,-12.718
05-01-2026-Fri 13-16-07-PM,-12.751,-12.751,-12.016,-12.016,-12.016,-13.554,-13.554,-13.554,-12.751,,-12.016,-12.016,,-12.751,-12.751,-12.751
05-01-2026-Fri 13-16-08-PM,-12.751,-12.751,-12.049,-12.049,-12.049,-13.554,-13.554,-13.554,-12.751,,-12.049,-12.049,,-12.751,-12.751,-12.751
05-01-2026-Fri 13-16-09-PM,-12.785,-12.785,-12.082,-12.082,-12.082,-13.554,-13.554,-13.554,-12.785,,-12.082,-12.082,,-12.785,-12.785,-12.785
05-01-2026-Fri 13-16-11-PM,-12.785,-12.785,-12.082,-12.082,-12.082,-13.621,-13.621,-13.621,-12.785,,-12.082,-12.082,,-12.785,-12.785,-12.785
05-01-2026-Fri 13-16-12-PM,-12.818,-12.818,-12.082,-12.082,-12.082,-13.588,-13.588,-13.588,-12.818,,-12.082,-12.082,,-12.818,-12.818,-12.818
05-01-2026-Fri 13-16-14-PM,-12.852,-12.852,-12.116,-12.116,-12.116,-13.621,-13.621,-13.621,-12.852,,-12.116,-12.116,,-12.852,-12.852,-12.852
05-01-2026-Fri 13-16-15-PM,-12.852,-12.852,-12.149,-12.149,-12.149,-13.621,-13.621,-13.621,-12.852,,-12.149,-12.149,,-12.852,-12.852,-12.852
05-01-2026-Fri 13-16-16-PM,-12.852,-12.852,-12.183,-12.183,-12.183,-13.654,-13.654,-13.654,-12.852,,-12.183,-12.183,,-12.852,-12.852,-12.852
05-01-2026-Fri 13-16-18-PM,-12.885,-12.885,-12.183,-12.183,-12.183,-13.688,-13.688,-13.688,-12.885,,-12.183,-12.183,,-12.885,-12.885,-12.885
05-01-2026-Fri 13-16-19-PM,-12.885,-12.885,-12.183,-12.183,-12.183,-13.654,-13.654,-13.654,-12.885,,-12.183,-12.183,,-12.885,-12.885,-12.885
05-01-2026-Fri 13-16-20-PM,-12.919,-12.919,-12.216,-12.216,-12.216,-13.788,-13.788,-13.788,-12.919,,-12.216,-12.216,,-12.919,-12.919,-12.919
05-01-2026-Fri 13-16-22-PM,-12.952,-12.952,-12.25,-12.25,-12.25,-13.721,-13.721,-13.721,-12.952,,-12.25,-12.25,,-12.952,-12.952,-12.952
05-01-2026-Fri 13-16-23-PM,-12.952,-12.952,-12.283,-12.283,-12.283,-13.755,-13.755,-13.755,-12.952,,-12.283,-12.283,,-12.952,-12.952,-12.952
05-01-2026-Fri 13-16-25-PM,-12.952,-12.952,-12.283,-12.283,-12.283,-13.822,-13.822,-13.822,-12.952,,-12.283,-12.283,,-12.952,-12.952,-12.952
05-01-2026-Fri 13-16-26-PM,-12.986,-12.986,-12.317,-12.317,-12.317,-13.822,-13.822,-13.822,-12.986,,-12.317,-12.317,,-12.986,-12.986,-12.986
05-01-2026-Fri 13-16-27-PM,-13.019,-13.019,-12.35,-12.35,-12.35,-13.788,-13.788,-13.788,-13.019,,-12.35,-12.35,,-13.019,-13.019,-13.019
05-01-2026-Fri 13-16-29-PM,-12.986,-12.986,-12.35,-12.35,-12.35,-13.822,-13.822,-13.822,-12.986,,-12.35,-12.35,,-12.986,-12.986,-12.986
05-01-2026-Fri 13-16-30-PM,-13.019,-13.019,-12.384,-12.384,-12.384,-13.855,-13.855,-13.855,-13.019,,-12.384,-12.384,,-13.019,-13.019,-13.019
05-01-2026-Fri 13-16-32-PM,-13.052,-13.052,-12.384,-12.384,-12.384,-13.888,-13.888,-13.888,-13.052,,-12.384,-12.384,,-13.052,-13.052,-13.052
05-01-2026-Fri 13-16-33-PM,-13.052,-13.052,-12.384,-12.384,-12.384,-13.855,-13.855,-13.855,-13.052,,-12.384,-12.384,,-13.052,-13.052,-13.052
05-01-2026-Fri 13-16-34-PM,-13.052,-13.052,-12.45,-12.45,-12.45,-13.922,-13.922,-13.922,-13.052,,-12.45,-12.45,,-13.052,-13.052,-13.052
05-01-2026-Fri 13-16-36-PM,-13.119,-13.119,-12.417,-12.417,-12.417,-13.922,-13.922,-13.922,-13.119,,-12.417,-12.417,,-13.119,-13.119,-13.119
05-01-2026-Fri 13-16-37-PM,-13.119,-13.119,-12.484,-12.484,-12.484,-13.922,-13.922,-13.922,-13.119,,-12.484,-12.484,,-13.119,-13.119,-13.119
05-01-2026-Fri 13-16-39-PM,-13.119,-13.119,-12.484,-12.484,-12.484,-13.922,-13.922,-13.922,-13.119,,-12.484,-12.484,,-13.119,-13.119,-13.119
05-01-2026-Fri 13-16-40-PM,-13.153,-13.153,-12.517,-12.517,-12.517,-13.989,-13.989,-13.989,-13.153,,-12.517,-12.517,,-13.153,-13.153,-13.153
05-01-2026-Fri 13-16-41-PM,-13.186,-13.186,-12.484,-12.484,-12.484,-14.022,-14.022,-14.022,-13.186,,-12.484,-12.484,,-13.186,-13.186,-13.186
05-01-2026-Fri 13-16-43-PM,-13.186,-13.186,-12.517,-12.517,-12.517,-14.022,-14.022,-14.022,-13.186,,-12.517,-12.517,,-13.186,-13.186,-13.186
05-01-2026-Fri 13-16-44-PM,-13.186,-13.186,-12.551,-12.551,-12.551,-14.022,-14.022,-14.022,-13.186,,-12.551,-12.551,,-13.186,-13.186,-13.186
05-01-2026-Fri 13-16-46-PM,-13.22,-13.22,-12.551,-12.551,-12.551,-14.056,-14.056,-14.056,-13.22,,-12.551,-12.551,,-13.22,-13.22,-13.22
05-01-2026-Fri 13-16-47-PM,-13.253,-13.253,-12.551,-12.551,-12.551,-14.022,-14.022,-14.022,-13.253,,-12.551,-12.551,,-13.253,-13.253,-13.253
05-01-2026-Fri 13-16-48-PM,-13.253,-13.253,-12.584,-12.584,-12.584,-14.056,-14.056,-14.056,-13.253,,-12.584,-12.584,,-13.253,-13.253,-13.253
05-01-2026-Fri 13-16-50-PM,-13.253,-13.253,-12.584,-12.584,-12.584,-14.122,-14.122,-14.122,-13.253,,-12.584,-12.584,,-13.253,-13.253,-13.253
05-01-2026-Fri 13-16-51-PM,-13.287,-13.287,-12.618,-12.618,-12.618,-14.156,-14.156,-14.156,-13.287,,-12.618,-12.618,,-13.287,-13.287,-13.287
05-01-2026-Fri 13-16-52-PM,-13.287,-13.287,-12.618,-12.618,-12.618,-14.122,-14.122,-14.122,-13.287,,-12.618,-12.618,,-13.287,-13.287,-13.287
05-01-2026-Fri 13-16-54-PM,-13.32,-13.32,-12.651,-12.651,-12.651,-14.156,-14.156,-14.156,-13.32,,-12.651,-12.651,,-13.32,-13.32,-13.32
05-01-2026-Fri 13-16-56-PM,-13.32,-13.32,-12.684,-12.684,-12.684,-14.189,-14.189,-14.189,-13.32,,-12.684,-12.684,,-13.32,-13.32,-13.32
05-01-2026-Fri 13-16-57-PM,-13.353,-13.353,-12.718,-12.718,-12.718,-14.29,-14.29,-14.29,-13.353,,-12.718,-12.718,,-13.353,-13.353,-13.353
05-01-2026-Fri 13-16-59-PM,-13.353,-13.353,-12.718,-12.718,-12.718,-14.223,-14.223,-14.223,-13.353,,-12.718,-12.718,,-13.353,-13.353,-13.353
05-01-2026-Fri 13-17-00-PM,-13.387,-13.387,-12.751,-12.751,-12.751,-14.256,-14.256,-14.256,-13.387,,-12.751,-12.751,,-13.387,-13.387,-13.387
05-01-2026-Fri 13-17-01-PM,-13.387,-13.387,-12.751,-12.751,-12.751,-14.256,-14.256,-14.256,-13.387,,-12.751,-12.751,,-13.387,-13.387,-13.387
05-01-2026-Fri 13-17-03-PM,-13.42,-13.42,-12.751,-12.751,-12.751,-14.256,-14.256,-14.256,-13.42,,-12.751,-12.751,,-13.42,-13.42,-13.42
05-01-2026-Fri 13-17-04-PM,-13.454,-13.454,-12.785,-12.785,-12.785,-14.29,-14.29,-14.29,-13.454,,-12.785,-12.785,,-13.454,-13.454,-13.454
05-01-2026-Fri 13-17-06-PM,-13.454,-13.454,-12.818,-12.818,-12.818,-14.29,-14.29,-14.29,-13.454,,-12.818,-12.818,,-13.454,-13.454,-13.454
05-01-2026-Fri 13-17-07-PM,-13.454,-13.454,-12.818,-12.818,-12.818,-14.29,-14.29,-14.29,-13.454,,-12.818,-12.818,,-13.454,-13.454,-13.454
05-01-2026-Fri 13-17-08-PM,-13.454,-13.454,-12.818,-12.818,-12.818,-14.323,-14.323,-14.323,-13.454,,-12.818,-12.818,,-13.454,-13.454,-13.454
05-01-2026-Fri 13-17-10-PM,-13.487,-13.487,-12.818,-12.818,-12.818,-14.356,-14.356,-14.356,-13.487,,-12.818,-12.818,,-13.487,-13.487,-13.487
05-01-2026-Fri 13-17-11-PM,-13.521,-13.521,-12.852,-12.852,-12.852,-14.39,-14.39,-14.39,-13.521,,-12.852,-12.852,,-13.521,-13.521,-13.521
05-01-2026-Fri 13-17-12-PM,-13.521,-13.521,-12.885,-12.885,-12.885,-14.423,-14.423,-14.423,-13.521,,-12.885,-12.885,,-13.521,-13.521,-13.521
05-01-2026-Fri 13-17-14-PM,-13.521,-13.521,-12.885,-12.885,-12.885,-14.423,-14.423,-14.423,-13.521,,-12.885,-12.885,,-13.521,-13.521,-13.521
05-01-2026-Fri 13-17-15-PM,-13.554,-13.554,-12.919,-12.919,-12.919,-14.423,-14.423,-14.423,-13.554,,-12.919,-12.919,,-13.554,-13.554,-13.554
05-01-2026-Fri 13-17-17-PM,-13.588,-13.588,-12.919,-12.919,-12.919,-14.423,-14.423,-14.423,-13.588,,-12.919,-12.919,,-13.588,-13.588,-13.588
05-01-2026-Fri 13-17-18-PM,-13.588,-13.588,-12.952,-12.952,-12.952,-14.457,-14.457,-14.457,-13.588,,-12.952,-12.952,,-13.588,-13.588,-13.588
05-01-2026-Fri 13-17-20-PM,-13.588,-13.588,-12.952,-12.952,-12.952,-14.524,-14.524,-14.524,-13.588,,-12.952,-12.952,,-13.588,-13.588,-13.588
05-01-2026-Fri 13-17-21-PM,-13.621,-13.621,-12.952,-12.952,-12.952,-14.524,-14.524,-14.524,-13.621,,-12.952,-12.952,,-13.621,-13.621,-13.621
05-01-2026-Fri 13-17-22-PM,-13.654,-13.654,-12.986,-12.986,-12.986,-14.49,-14.49,-14.49,-13.654,,-12.986,-12.986,,-13.654,-13.654,-13.654
05-01-2026-Fri 13-17-24-PM,-13.654,-13.654,-12.986,-12.986,-12.986,-14.557,-14.557,-14.557,-13.654,,-12.986,-12.986,,-13.654,-13.654,-13.654
05-01-2026-Fri 13-17-25-PM,-13.654,-13.654,-12.986,-12.986,-12.986,-14.59,-14.59,-14.59,-13.654,,-12.986,-12.986,,-13.654,-13.654,-13.654
05-01-2026-Fri 13-17-26-PM,-13.688,-13.688,-13.019,-13.019,-13.019,-14.624,-14.624,-14.624,-13.688,,-13.019,-13.019,,-13.688,-13.688,-13.688
05-01-2026-Fri 13-17-28-PM,-13.721,-13.721,-13.019,-13.019,-13.019,-14.59,-14.59,-14.59,-13.721,,-13.019,-13.019,,-13.721,-13.721,-13.721
05-01-2026-Fri 13-17-29-PM,-13.688,-13.688,-13.052,-13.052,-13.052,-14.557,-14.557,-14.557,-13.688,,-13.052,-13.052,,-13.688,-13.688,-13.688
05-01-2026-Fri 13-17-31-PM,-13.721,-13.721,-13.052,-13.052,-13.052,-14.624,-14.624,-14.624,-13.721,,-13.052,-13.052,,-13.721,-13.721,-13.721
05-01-2026-Fri 13-17-32-PM,-13.721,-13.721,-13.086,-13.086,-13.086,-14.59,-14.59,-14.59,-13.721,,-13.086,-13.086,,-13.721,-13.721,-13.721
05-01-2026-Fri 13-17-33-PM,-13.755,-13.755,-13.119,-13.119,-13.119,-14.59,-14.59,-14.59,-13.755,,-13.119,-13.119,,-13.755,-13.755,-13.755
05-01-2026-Fri 13-17-35-PM,-13.755,-13.755,-13.119,-13.119,-13.119,-14.691,-14.691,-14.691,-13.755,,-13.119,-13.119,,-13.755,-13.755,-13.755
05-01-2026-Fri 13-17-36-PM,-13.822,-13.822,-13.153,-13.153,-13.153,-14.691,-14.691,-14.691,-13.822,,-13.153,-13.153,,-13.822,-13.822,-13.822
05-01-2026-Fri 13-17-38-PM,-13.788,-13.788,-13.153,-13.153,-13.153,-14.691,-14.691,-14.691,-13.788,,-13.153,-13.153,,-13.788,-13.788,-13.788
05-01-2026-Fri 13-17-39-PM,-13.822,-13.822,-13.119,-13.119,-13.119,-14.724,-14.724,-14.724,-13.822,,-13.119,-13.119,,-13.822,-13.822,-13.822
05-01-2026-Fri 13-17-40-PM,-13.822,-13.822,-13.153,-13.153,-13.153,-14.724,-14.724,-14.724,-13.822,,-13.153,-13.153,,-13.822,-13.822,-13.822
05-01-2026-Fri 13-17-42-PM,-13.822,-13.822,-13.186,-13.186,-13.186,-14.758,-14.758,-14.758,-13.822,,-13.186,-13.186,,-13.822,-13.822,-13.822
05-01-2026-Fri 13-17-43-PM,-13.855,-13.855,-13.22,-13.22,-13.22,-14.724,-14.724,-14.724,-13.855,,-13.22,-13.22,,-13.855,-13.855,-13.855
05-01-2026-Fri 13-17-45-PM,-13.888,-13.888,-13.22,-13.22,-13.22,-14.758,-14.758,-14.758,-13.888,,-13.22,-13.22,,-13.888,-13.888,-13.888
05-01-2026-Fri 13-17-46-PM,-13.888,-13.888,-13.22,-13.22,-13.22,-14.825,-14.825,-14.825,-13.888,,-13.22,-13.22,,-13.888,-13.888,-13.888
05-01-2026-Fri 13-17-48-PM,-13.888,-13.888,-13.22,-13.22,-13.22,-14.791,-14.791,-14.791,-13.888,,-13.22,-13.22,,-13.888,-13.888,-13.888
05-01-2026-Fri 13-17-49-PM,-13.922,-13.922,-13.253,-13.253,-13.253,-14.791,-14.791,-14.791,-13.922,,-13.253,-13.253,,-13.922,-13.922,-13.922
05-01-2026-Fri 13-17-50-PM,-13.955,-13.955,-13.287,-13.287,-13.287,-14.858,-14.858,-14.858,-13.955,,-13.287,-13.287,,-13.955,-13.955,-13.955
05-01-2026-Fri 13-17-52-PM,-13.955,-13.955,-13.287,-13.287,-13.287,-14.858,-14.858,-14.858,-13.955,,-13.287,-13.287,,-13.955,-13.955,-13.955
05-01-2026-Fri 13-17-53-PM,-13.955,-13.955,-13.287,-13.287,-13.287,-14.825,-14.825,-14.825,-13.955,,-13.287,-13.287,,-13.955,-13.955,-13.955
05-01-2026-Fri 13-17-55-PM,-13.989,-13.989,-13.287,-13.287,-13.287,-14.858,-14.858,-14.858,-13.989,,-13.287,-13.287,,-13.989,-13.989,-13.989
05-01-2026-Fri 13-17-56-PM,-13.989,-13.989,-13.32,-13.32,-13.32,-14.925,-14.925,-14.925,-13.989,,-13.32,-13.32,,-13.989,-13.989,-13.989
05-01-2026-Fri 13-17-57-PM,-14.022,-14.022,-13.353,-13.353,-13.353,-14.891,-14.891,-14.891,-14.022,,-13.353,-13.353,,-14.022,-14.022,-14.022
05-01-2026-Fri 13-17-59-PM,-14.022,-14.022,-13.353,-13.353,-13.353,-14.858,-14.858,-14.858,-14.022,,-13.353,-13.353,,-14.022,-14.022,-14.022
05-01-2026-Fri 13-18-00-PM,-14.022,-14.022,-13.387,-13.387,-13.387,-14.925,-14.925,-14.925,-14.022,,-13.387,-13.387,,-14.022,-14.022,-14.022
05-01-2026-Fri 13-18-02-PM,-14.056,-14.056,-13.387,-13.387,-13.387,-14.958,-14.958,-14.958,-14.056,,-13.387,-13.387,,-14.056,-14.056,-14.056
05-01-2026-Fri 13-18-03-PM,-14.056,-14.056,-13.387,-13.387,-13.387,-14.925,-14.925,-14.925,-14.056,,-13.387,-13.387,,-14.056,-14.056,-14.056
05-01-2026-Fri 13-18-05-PM,-14.056,-14.056,-13.42,-13.42,-13.42,-14.958,-14.958,-14.958,-14.056,,-13.42,-13.42,,-14.056,-14.056,-14.056
05-01-2026-Fri 13-18-06-PM,-14.089,-14.089,-13.454,-13.454,-13.454,-14.992,-14.992,-14.992,-14.089,,-13.454,-13.454,,-14.089,-14.089,-14.089
05-01-2026-Fri 13-18-08-PM,-14.089,-14.089,-13.42,-13.42,-13.42,-15.025,-15.025,-15.025,-14.089,,-13.42,-13.42,,-14.089,-14.089,-14.089
05-01-2026-Fri 13-18-09-PM,-14.089,-14.089,-13.454,-13.454,-13.454,-15.092,-15.092,-15.092,-14.089,,-13.454,-13.454,,-14.089,-14.089,-14.089
05-01-2026-Fri 13-18-10-PM,-14.122,-14.122,-13.454,-13.454,-13.454,-14.992,-14.992,-14.992,-14.122,,-13.454,-13.454,,-14.122,-14.122,-14.122
05-01-2026-Fri 13-18-12-PM,-14.156,-14.156,-13.487,-13.487,-13.487,-15.092,-15.092,-15.092,-14.156,,-13.487,-13.487,,-14.156,-14.156,-14.156
05-01-2026-Fri 13-18-13-PM,-14.122,-14.122,-13.387,-13.387,-13.387,-15.025,-15.025,-15.025,-14.122,,-13.387,-13.387,,-14.122,-14.122,-14.122
05-01-2026-Fri 13-18-15-PM,-14.022,-14.022,-13.287,-13.287,-13.287,-15.058,-15.058,-15.058,-14.022,,-13.287,-13.287,,-14.022,-14.022,-14.022
05-01-2026-Fri 13-18-16-PM,-14.089,-14.089,-13.353,-13.353,-13.353,-15.125,-15.125,-15.125,-14.089,,-13.353,-13.353,,-14.089,-14.089,-14.089
05-01-2026-Fri 13-18-17-PM,-14.022,-14.022,-13.253,-13.253,-13.253,-15.125,-15.125,-15.125,-14.022,,-13.253,-13.253,,-14.022,-14.022,-14.022
05-01-2026-Fri 13-18-19-PM,-14.223,-14.223,-13.521,-13.521,-13.521,-15.159,-15.159,-15.159,-14.223,,-13.521,-13.521,,-14.223,-14.223,-14.223
05-01-2026-Fri 13-18-20-PM,-14.223,-14.223,-13.554,-13.554,-13.554,-15.125,-15.125,-15.125,-14.223,,-13.554,-13.554,,-14.223,-14.223,-14.223
05-01-2026-Fri 13-18-22-PM,-14.256,-14.256,-13.554,-13.554,-13.554,-15.159,-15.159,-15.159,-14.256,,-13.554,-13.554,,-14.256,-14.256,-14.256
05-01-2026-Fri 13-18-23-PM,-14.256,-14.256,-13.554,-13.554,-13.554,-15.159,-15.159,-15.159,-14.256,,-13.554,-13.554,,-14.256,-14.256,-14.256
05-01-2026-Fri 13-18-24-PM,-14.256,-14.256,-13.588,-13.588,-13.588,-15.125,-15.125,-15.125,-14.256,,-13.588,-13.588,,-14.256,-14.256,-14.256
05-01-2026-Fri 13-18-26-PM,-14.256,-14.256,-13.588,-13.588,-13.588,-15.192,-15.192,-15.192,-14.256,,-13.588,-13.588,,-14.256,-14.256,-14.256
05-01-2026-Fri 13-18-27-PM,-14.29,-14.29,-13.621,-13.621,-13.621,-15.192,-15.192,-15.192,-14.29,,-13.621,-13.621,,-14.29,-14.29,-14.29
05-01-2026-Fri 13-18-30-PM,-14.323,-14.323,-13.621,-13.621,-13.621,-15.192,-15.192,-15.192,-14.323,,-13.621,-13.621,,-14.323,-14.323,-14.323
05-01-2026-Fri 13-18-33-PM,-14.323,-14.323,-13.654,-13.654,-13.654,-15.226,-15.226,-15.226,-14.323,,-13.654,-13.654,,-14.323,-14.323,-14.323
05-01-2026-Fri 13-18-34-PM,-14.323,-14.323,-13.654,-13.654,-13.654,-15.326,-15.326,-15.326,-14.323,,-13.654,-13.654,,-14.323,-14.323,-14.323
05-01-2026-Fri 13-18-36-PM,-14.356,-14.356,-13.688,-13.688,-13.688,-15.259,-15.259,-15.259,-14.356,,-13.688,-13.688,,-14.356,-14.356,-14.356
05-01-2026-Fri 13-18-37-PM,-14.39,-14.39,-13.688,-13.688,-13.688,-15.259,-15.259,-15.259,-14.39,,-13.688,-13.688,,-14.39,-14.39,-14.39
05-01-2026-Fri 13-18-39-PM,-14.39,-14.39,-13.721,-13.721,-13.721,-15.292,-15.292,-15.292,-14.39,,-13.721,-13.721,,-14.39,-14.39,-14.39
05-01-2026-Fri 13-18-40-PM,-14.423,-14.423,-13.721,-13.721,-13.721,-15.326,-15.326,-15.326,-14.423,,-13.721,-13.721,,-14.423,-14.423,-14.423
05-01-2026-Fri 13-18-41-PM,-14.423,-14.423,-13.721,-13.721,-13.721,-15.359,-15.359,-15.359,-14.423,,-13.721,-13.721,,-14.423,-14.423,-14.423
05-01-2026-Fri 13-18-43-PM,-14.39,-14.39,-13.721,-13.721,-13.721,-15.326,-15.326,-15.326,-14.39,,-13.721,-13.721,,-14.39,-14.39,-14.39
05-01-2026-Fri 13-18-45-PM,-14.457,-14.457,-13.755,-13.755,-13.755,-15.359,-15.359,-15.359,-14.457,,-13.755,-13.755,,-14.457,-14.457,-14.457
05-01-2026-Fri 13-18-46-PM,-14.457,-14.457,-13.755,-13.755,-13.755,-15.359,-15.359,-15.359,-14.457,,-13.755,-13.755,,-14.457,-14.457,-14.457
05-01-2026-Fri 13-18-47-PM,-14.49,-14.49,-13.788,-13.788,-13.788,-15.359,-15.359,-15.359,-14.49,,-13.788,-13.788,,-14.49,-14.49,-14.49
05-01-2026-Fri 13-18-49-PM,-14.49,-14.49,-13.788,-13.788,-13.788,-15.393,-15.393,-15.393,-14.49,,-13.788,-13.788,,-14.49,-14.49,-14.49
05-01-2026-Fri 13-18-50-PM,-14.524,-14.524,-13.822,-13.822,-13.822,-15.359,-15.359,-15.359,-14.524,,-13.822,-13.822,,-14.524,-14.524,-14.524
05-01-2026-Fri 13-18-52-PM,-14.524,-14.524,-13.822,-13.822,-13.822,-15.46,-15.46,-15.46,-14.524,,-13.822,-13.822,,-14.524,-14.524,-14.524
05-01-2026-Fri 13-18-53-PM,-14.524,-14.524,-13.822,-13.822,-13.822,-15.393,-15.393,-15.393,-14.524,,-13.822,-13.822,,-14.524,-14.524,-14.524
05-01-2026-Fri 13-18-55-PM,-14.524,-14.524,-13.822,-13.822,-13.822,-15.46,-15.46,-15.46,-14.524,,-13.822,-13.822,,-14.524,-14.524,-14.524
05-01-2026-Fri 13-18-56-PM,-14.557,-14.557,-13.855,-13.855,-13.855,-15.46,-15.46,-15.46,-14.557,,-13.855,-13.855,,-14.557,-14.557,-14.557
05-01-2026-Fri 13-18-57-PM,-14.59,-14.59,-13.855,-13.855,-13.855,-15.526,-15.526,-15.526,-14.59,,-13.855,-13.855,,-14.59,-14.59,-14.59
05-01-2026-Fri 13-18-59-PM,-14.557,-14.557,-13.855,-13.855,-13.855,-15.493,-15.493,-15.493,-14.557,,-13.855,-13.855,,-14.557,-14.557,-14.557
05-01-2026-Fri 13-19-00-PM,-14.59,-14.59,-13.888,-13.888,-13.888,-15.46,-15.46,-15.46,-14.59,,-13.888,-13.888,,-14.59,-14.59,-14.59
05-01-2026-Fri 13-19-02-PM,-14.59,-14.59,-13.888,-13.888,-13.888,-15.493,-15.493,-15.493,-14.59,,-13.888,-13.888,,-14.59,-14.59,-14.59
05-01-2026-Fri 13-19-03-PM,-14.624,-14.624,-13.888,-13.888,-13.888,-15.526,-15.526,-15.526,-14.624,,-13.888,-13.888,,-14.624,-14.624,-14.624
05-01-2026-Fri 13-19-04-PM,-14.624,-14.624,-13.922,-13.922,-13.922,-15.493,-15.493,-15.493,-14.624,,-13.922,-13.922,,-14.624,-14.624,-14.624
05-01-2026-Fri 13-19-06-PM,-14.624,-14.624,-13.888,-13.888,-13.888,-15.526,-15.526,-15.526,-14.624,,-13.888,-13.888,,-14.624,-14.624,-14.624
05-01-2026-Fri 13-19-07-PM,-14.657,-14.657,-13.922,-13.922,-13.922,-15.526,-15.526,-15.526,-14.657,,-13.922,-13.922,,-14.657,-14.657,-14.657
05-01-2026-Fri 13-19-09-PM,-14.691,-14.691,-13.955,-13.955,-13.955,-15.56,-15.56,-15.56,-14.691,,-13.955,-13.955,,-14.691,-14.691,-14.691
05-01-2026-Fri 13-19-10-PM,-14.691,-14.691,-13.955,-13.955,-13.955,-15.593,-15.593,-15.593,-14.691,,-13.955,-13.955,,-14.691,-14.691,-14.691
05-01-2026-Fri 13-19-11-PM,-14.691,-14.691,-13.955,-13.955,-13.955,-15.56,-15.56,-15.56,-14.691,,-13.955,-13.955,,-14.691,-14.691,-14.691
05-01-2026-Fri 13-19-13-PM,-14.724,-14.724,-13.989,-13.989,-13.989,-15.66,-15.66,-15.66,-14.724,,-13.989,-13.989,,-14.724,-14.724,-14.724
05-01-2026-Fri 13-19-15-PM,-14.724,-14.724,-13.989,-13.989,-13.989,-15.627,-15.627,-15.627,-14.724,,-13.989,-13.989,,-14.724,-14.724,-14.724
05-01-2026-Fri 13-19-16-PM,-14.724,-14.724,-14.022,-14.022,-14.022,-15.66,-15.66,-15.66,-14.724,,-14.022,-14.022,,-14.724,-14.724,-14.724
05-01-2026-Fri 13-19-17-PM,-14.758,-14.758,-14.022,-14.022,-14.022,-15.66,-15.66,-15.66,-14.758,,-14.022,-14.022,,-14.758,-14.758,-14.758
05-01-2026-Fri 13-19-19-PM,-14.657,-14.657,-13.755,-13.755,-13.755,-15.66,-15.66,-15.66,-14.657,,-13.755,-13.755,,-14.657,-14.657,-14.657
05-01-2026-Fri 13-19-20-PM,-14.691,-14.691,-13.922,-13.922,-13.922,-15.66,-15.66,-15.66,-14.691,,-13.922,-13.922,,-14.691,-14.691,-14.691
05-01-2026-Fri 13-19-22-PM,-14.691,-14.691,-13.989,-13.989,-13.989,-15.627,-15.627,-15.627,-14.691,,-13.989,-13.989,,-14.691,-14.691,-14.691
05-01-2026-Fri 13-19-23-PM,-14.524,-14.524,-14.022,-14.022,-14.022,-15.694,-15.694,-15.694,-14.524,,-14.022,-14.022,,-14.524,-14.524,-14.524
05-01-2026-Fri 13-19-24-PM,-14.791,-14.791,-14.056,-14.056,-14.056,-15.66,-15.66,-15.66,-14.791,,-14.056,-14.056,,-14.791,-14.791,-14.791
05-01-2026-Fri 13-19-26-PM,-14.791,-14.791,-14.089,-14.089,-14.089,-15.694,-15.694,-15.694,-14.791,,-14.089,-14.089,,-14.791,-14.791,-14.791
05-01-2026-Fri 13-19-28-PM,-14.825,-14.825,-14.089,-14.089,-14.089,-15.694,-15.694,-15.694,-14.825,,-14.089,-14.089,,-14.825,-14.825,-14.825
05-01-2026-Fri 13-19-29-PM,-14.825,-14.825,-14.089,-14.089,-14.089,-15.727,-15.727,-15.727,-14.825,,-14.089,-14.089,,-14.825,-14.825,-14.825
05-01-2026-Fri 13-19-30-PM,-14.858,-14.858,-14.089,-14.089,-14.089,-15.694,-15.694,-15.694,-14.858,,-14.089,-14.089,,-14.858,-14.858,-14.858
05-01-2026-Fri 13-19-32-PM,-14.858,-14.858,-14.089,-14.089,-14.089,-15.76,-15.76,-15.76,-14.858,,-14.089,-14.089,,-14.858,-14.858,-14.858
05-01-2026-Fri 13-19-33-PM,-14.891,-14.891,-14.122,-14.122,-14.122,-15.76,-15.76,-15.76,-14.891,,-14.122,-14.122,,-14.891,-14.891,-14.891
05-01-2026-Fri 13-19-35-PM,-14.891,-14.891,-14.122,-14.122,-14.122,-15.76,-15.76,-15.76,-14.891,,-14.122,-14.122,,-14.891,-14.891,-14.891
05-01-2026-Fri 13-19-36-PM,-14.891,-14.891,-14.156,-14.156,-14.156,-15.794,-15.794,-15.794,-14.891,,-14.156,-14.156,,-14.891,-14.891,-14.891
05-01-2026-Fri 13-19-37-PM,-14.925,-14.925,-14.156,-14.156,-14.156,-15.76,-15.76,-15.76,-14.925,,-14.156,-14.156,,-14.925,-14.925,-14.925
05-01-2026-Fri 13-19-39-PM,-14.925,-14.925,-14.156,-14.156,-14.156,-15.76,-15.76,-15.76,-14.925,,-14.156,-14.156,,-14.925,-14.925,-14.925
05-01-2026-Fri 13-19-40-PM,-14.925,-14.925,-14.189,-14.189,-14.189,-15.794,-15.794,-15.794,-14.925,,-14.189,-14.189,,-14.925,-14.925,-14.925
05-01-2026-Fri 13-19-41-PM,-14.925,-14.925,-14.189,-14.189,-14.189,-15.794,-15.794,-15.794,-14.925,,-14.189,-14.189,,-14.925,-14.925,-14.925
05-01-2026-Fri 13-19-43-PM,-14.958,-14.958,-14.189,-14.189,-14.189,-15.794,-15.794,-15.794,-14.958,,-14.189,-14.189,,-14.958,-14.958,-14.958
05-01-2026-Fri 13-19-44-PM,-14.958,-14.958,-14.189,-14.189,-14.189,-15.76,-15.76,-15.76,-14.958,,-14.189,-14.189,,-14.958,-14.958,-14.958
05-01-2026-Fri 13-19-46-PM,-14.992,-14.992,-14.223,-14.223,-14.223,-15.794,-15.794,-15.794,-14.992,,-14.223,-14.223,,-14.992,-14.992,-14.992
05-01-2026-Fri 13-19-47-PM,-14.992,-14.992,-14.223,-14.223,-14.223,-15.827,-15.827,-15.827,-14.992,,-14.223,-14.223,,-14.992,-14.992,-14.992
05-01-2026-Fri 13-19-48-PM,-14.992,-14.992,-14.223,-14.223,-14.223,-15.861,-15.861,-15.861,-14.992,,-14.223,-14.223,,-14.992,-14.992,-14.992
05-01-2026-Fri 13-19-50-PM,-15.025,-15.025,-14.223,-14.223,-14.223,-15.76,-15.76,-15.76,-15.025,,-14.223,-14.223,,-15.025,-15.025,-15.025
05-01-2026-Fri 13-19-51-PM,-15.025,-15.025,-14.223,-14.223,-14.223,-15.794,-15.794,-15.794,-15.025,,-14.223,-14.223,,-15.025,-15.025,-15.025
05-01-2026-Fri 13-19-53-PM,-15.025,-15.025,-14.256,-14.256,-14.256,-15.827,-15.827,-15.827,-15.025,,-14.256,-14.256,,-15.025,-15.025,-15.025
05-01-2026-Fri 13-19-54-PM,-15.058,-15.058,-14.256,-14.256,-14.256,-15.827,-15.827,-15.827,-15.058,,-14.256,-14.256,,-15.058,-15.058,-15.058
05-01-2026-Fri 13-19-55-PM,-15.025,-15.025,-14.256,-14.256,-14.256,-15.794,-15.794,-15.794,-15.025,,-14.256,-14.256,,-15.025,-15.025,-15.025
05-01-2026-Fri 13-19-57-PM,-15.058,-15.058,-14.323,-14.323,-14.323,-15.861,-15.861,-15.861,-15.058,,-14.323,-14.323,,-15.058,-15.058,-15.058
05-01-2026-Fri 13-20-00-PM,-15.058,-15.058,-14.29,-14.29,-14.29,-15.861,-15.861,-15.861,-15.058,,-14.29,-14.29,,-15.058,-15.058,-15.058
05-01-2026-Fri 13-20-02-PM,-15.125,-15.125,-14.323,-14.323,-14.323,-15.861,-15.861,-15.861,-15.125,,-14.323,-14.323,,-15.125,-15.125,-15.125
05-01-2026-Fri 13-20-04-PM,-14.992,-14.992,-14.189,-14.189,-14.189,-15.927,-15.927,-15.927,-14.992,,-14.189,-14.189,,-14.992,-14.992,-14.992
05-01-2026-Fri 13-20-06-PM,-15.092,-15.092,-14.256,-14.256,-14.256,-15.894,-15.894,-15.894,-15.092,,-14.256,-14.256,,-15.092,-15.092,-15.092
05-01-2026-Fri 13-20-09-PM,-15.159,-15.159,-14.356,-14.356,-14.356,-15.961,-15.961,-15.961,-15.159,,-14.356,-14.356,,-15.159,-15.159,-15.159
05-01-2026-Fri 13-20-11-PM,-15.159,-15.159,-14.39,-14.39,-14.39,-15.927,-15.927,-15.927,-15.159,,-14.39,-14.39,,-15.159,-15.159,-15.159
05-01-2026-Fri 13-20-13-PM,-15.159,-15.159,-14.39,-14.39,-14.39,-15.927,-15.927,-15.927,-15.159,,-14.39,-14.39,,-15.159,-15.159,-15.159
05-01-2026-Fri 13-20-14-PM,-15.192,-15.192,-14.423,-14.423,-14.423,-15.927,-15.927,-15.927,-15.192,,-14.423,-14.423,,-15.192,-15.192,-15.192
05-01-2026-Fri 13-20-15-PM,-15.192,-15.192,-14.423,-14.423,-14.423,-15.927,-15.927,-15.927,-15.192,,-14.423,-14.423,,-15.192,-15.192,-15.192
05-01-2026-Fri 13-20-17-PM,-15.192,-15.192,-14.39,-14.39,-14.39,-15.961,-15.961,-15.961,-15.192,,-14.39,-14.39,,-15.192,-15.192,-15.192
05-01-2026-Fri 13-20-18-PM,-15.226,-15.226,-14.423,-14.423,-14.423,-15.927,-15.927,-15.927,-15.226,,-14.423,-14.423,,-15.226,-15.226,-15.226
05-01-2026-Fri 13-20-20-PM,-15.192,-15.192,-14.423,-14.423,-14.423,-15.927,-15.927,-15.927,-15.192,,-14.423,-14.423,,-15.192,-15.192,-15.192
05-01-2026-Fri 13-20-21-PM,-15.226,-15.226,-14.423,-14.423,-14.423,-15.927,-15.927,-15.927,-15.226,,-14.423,-14.423,,-15.226,-15.226,-15.226
05-01-2026-Fri 13-20-22-PM,-15.226,-15.226,-14.457,-14.457,-14.457,-15.961,-15.961,-15.961,-15.226,,-14.457,-14.457,,-15.226,-15.226,-15.226
05-01-2026-Fri 13-20-24-PM,-15.226,-15.226,-14.457,-14.457,-14.457,-15.961,-15.961,-15.961,-15.226,,-14.457,-14.457,,-15.226,-15.226,-15.226
05-01-2026-Fri 13-20-25-PM,-15.259,-15.259,-14.457,-14.457,-14.457,-15.927,-15.927,-15.927,-15.259,,-14.457,-14.457,,-15.259,-15.259,-15.259
05-01-2026-Fri 13-20-27-PM,-15.259,-15.259,-14.457,-14.457,-14.457,-15.927,-15.927,-15.927,-15.259,,-14.457,-14.457,,-15.259,-15.259,-15.259
05-01-2026-Fri 13-20-28-PM,-15.292,-15.292,-14.49,-14.49,-14.49,-16.028,-16.028,-16.028,-15.292,,-14.49,-14.49,,-15.292,-15.292,-15.292
05-01-2026-Fri 13-20-30-PM,-15.292,-15.292,-14.49,-14.49,-14.49,-15.994,-15.994,-15.994,-15.292,,-14.49,-14.49,,-15.292,-15.292,-15.292
05-01-2026-Fri 13-20-31-PM,-15.292,-15.292,-14.524,-14.524,-14.524,-15.961,-15.961,-15.961,-15.292,,-14.524,-14.524,,-15.292,-15.292,-15.292
05-01-2026-Fri 13-20-32-PM,-15.292,-15.292,-14.524,-14.524,-14.524,-16.028,-16.028,-16.028,-15.292,,-14.524,-14.524,,-15.292,-15.292,-15.292
05-01-2026-Fri 13-20-34-PM,-15.292,-15.292,-14.49,-14.49,-14.49,-15.961,-15.961,-15.961,-15.292,,-14.49,-14.49,,-15.292,-15.292,-15.292
05-01-2026-Fri 13-20-35-PM,-15.326,-15.326,-14.524,-14.524,-14.524,-15.994,-15.994,-15.994,-15.326,,-14.524,-14.524,,-15.326,-15.326,-15.326
05-01-2026-Fri 13-20-37-PM,-15.326,-15.326,-14.557,-14.557,-14.557,-15.961,-15.961,-15.961,-15.326,,-14.557,-14.557,,-15.326,-15.326,-15.326
05-01-2026-Fri 13-20-38-PM,-15.326,-15.326,-14.557,-14.557,-14.557,-15.927,-15.927,-15.927,-15.326,,-14.557,-14.557,,-15.326,-15.326,-15.326
05-01-2026-Fri 13-20-39-PM,-15.326,-15.326,-14.557,-14.557,-14.557,-16.028,-16.028,-16.028,-15.326,,-14.557,-14.557,,-15.326,-15.326,-15.326
05-01-2026-Fri 13-20-41-PM,-15.326,-15.326,-14.557,-14.557,-14.557,-15.961,-15.961,-15.961,-15.326,,-14.557,-14.557,,-15.326,-15.326,-15.326
05-01-2026-Fri 13-20-42-PM,-15.359,-15.359,-14.557,-14.557,-14.557,-15.961,-15.961,-15.961,-15.359,,-14.557,-14.557,,-15.359,-15.359,-15.359
05-01-2026-Fri 13-20-43-PM,-15.359,-15.359,-14.59,-14.59,-14.59,-15.994,-15.994,-15.994,-15.359,,-14.59,-14.59,,-15.359,-15.359,-15.359
05-01-2026-Fri 13-20-45-PM,-15.393,-15.393,-14.59,-14.59,-14.59,-15.961,-15.961,-15.961,-15.393,,-14.59,-14.59,,-15.393,-15.393,-15.393
05-01-2026-Fri 13-20-46-PM,-15.393,-15.393,-14.59,-14.59,-14.59,-15.994,-15.994,-15.994,-15.393,,-14.59,-14.59,,-15.393,-15.393,-15.393
05-01-2026-Fri 13-20-48-PM,-15.259,-15.259,-14.457,-14.457,-14.457,-15.994,-15.994,-15.994,-15.259,,-14.457,-14.457,,-15.259,-15.259,-15.259
05-01-2026-Fri 13-20-49-PM,-15.393,-15.393,-14.524,-14.524,-14.524,-15.994,-15.994,-15.994,-15.393,,-14.524,-14.524,,-15.393,-15.393,-15.393
05-01-2026-Fri 13-20-50-PM,-15.259,-15.259,-14.524,-14.524,-14.524,-16.028,-16.028,-16.028,-15.259,,-14.524,-14.524,,-15.259,-15.259,-15.259
05-01-2026-Fri 13-20-52-PM,-15.359,-15.359,-14.49,-14.49,-14.49,-15.961,-15.961,-15.961,-15.359,,-14.49,-14.49,,-15.359,-15.359,-15.359
05-01-2026-Fri 13-20-53-PM,-15.326,-15.326,-14.59,-14.59,-14.59,-15.994,-15.994,-15.994,-15.326,,-14.59,-14.59,,-15.326,-15.326,-15.326
05-01-2026-Fri 13-20-55-PM,-15.359,-15.359,-14.624,-14.624,-14.624,-15.961,-15.961,-15.961,-15.359,,-14.624,-14.624,,-15.359,-15.359,-15.359
05-01-2026-Fri 13-20-56-PM,-15.393,-15.393,-14.657,-14.657,-14.657,-15.961,-15.961,-15.961,-15.393,,-14.657,-14.657,,-15.393,-15.393,-15.393
05-01-2026-Fri 13-20-58-PM,-15.393,-15.393,-14.657,-14.657,-14.657,-16.028,-16.028,-16.028,-15.393,,-14.657,-14.657,,-15.393,-15.393,-15.393
05-01-2026-Fri 13-20-59-PM,-15.393,-15.393,-14.657,-14.657,-14.657,-15.994,-15.994,-15.994,-15.393,,-14.657,-14.657,,-15.393,-15.393,-15.393
05-01-2026-Fri 13-21-00-PM,-15.426,-15.426,-14.691,-14.691,-14.691,-15.961,-15.961,-15.961,-15.426,,-14.691,-14.691,,-15.426,-15.426,-15.426
05-01-2026-Fri 13-21-02-PM,-15.426,-15.426,-14.691,-14.691,-14.691,-16.028,-16.028,-16.028,-15.426,,-14.691,-14.691,,-15.426,-15.426,-15.426
05-01-2026-Fri 13-21-03-PM,-15.426,-15.426,-14.657,-14.657,-14.657,-15.994,-15.994,-15.994,-15.426,,-14.657,-14.657,,-15.426,-15.426,-15.426
05-01-2026-Fri 13-21-05-PM,-15.426,-15.426,-14.657,-14.657,-14.657,-15.961,-15.961,-15.961,-15.426,,-14.657,-14.657,,-15.426,-15.426,-15.426
05-01-2026-Fri 13-21-06-PM,-15.46,-15.46,-14.691,-14.691,-14.691,-15.927,-15.927,-15.927,-15.46,,-14.691,-14.691,,-15.46,-15.46,-15.46
05-01-2026-Fri 13-21-07-PM,-15.426,-15.426,-14.691,-14.691,-14.691,-15.994,-15.994,-15.994,-15.426,,-14.691,-14.691,,-15.426,-15.426,-15.426
05-01-2026-Fri 13-21-09-PM,-15.46,-15.46,-14.691,-14.691,-14.691,-16.028,-16.028,-16.028,-15.46,,-14.691,-14.691,,-15.46,-15.46,-15.46
05-01-2026-Fri 13-21-12-PM,-15.46,-15.46,-14.691,-14.691,-14.691,-15.994,-15.994,-15.994,-15.46,,-14.691,-14.691,,-15.46,-15.46,-15.46
05-01-2026-Fri 13-21-15-PM,-15.493,-15.493,-14.724,-14.724,-14.724,-15.927,-15.927,-15.927,-15.493,,-14.724,-14.724,,-15.493,-15.493,-15.493
05-01-2026-Fri 13-21-16-PM,-15.493,-15.493,-14.724,-14.724,-14.724,-15.994,-15.994,-15.994,-15.493,,-14.724,-14.724,,-15.493,-15.493,-15.493
05-01-2026-Fri 13-21-18-PM,-15.493,-15.493,-14.758,-14.758,-14.758,-15.961,-15.961,-15.961,-15.493,,-14.758,-14.758,,-15.493,-15.493,-15.493
05-01-2026-Fri 13-21-19-PM,-15.493,-15.493,-14.758,-14.758,-14.758,-15.961,-15.961,-15.961,-15.493,,-14.758,-14.758,,-15.493,-15.493,-15.493
05-01-2026-Fri 13-21-20-PM,-15.526,-15.526,-14.758,-14.758,-14.758,-15.994,-15.994,-15.994,-15.526,,-14.758,-14.758,,-15.526,-15.526,-15.526
05-01-2026-Fri 13-21-22-PM,-15.526,-15.526,-14.758,-14.758,-14.758,-15.961,-15.961,-15.961,-15.526,,-14.758,-14.758,,-15.526,-15.526,-15.526
05-01-2026-Fri 13-21-23-PM,-15.493,-15.493,-14.758,-14.758,-14.758,-15.994,-15.994,-15.994,-15.493,,-14.758,-14.758,,-15.493,-15.493,-15.493
05-01-2026-Fri 13-21-25-PM,-15.526,-15.526,-14.791,-14.791,-14.791,-15.961,-15.961,-15.961,-15.526,,-14.791,-14.791,,-15.526,-15.526,-15.526
05-01-2026-Fri 13-21-26-PM,-15.526,-15.526,-14.791,-14.791,-14.791,-15.961,-15.961,-15.961,-15.526,,-14.791,-14.791,,-15.526,-15.526,-15.526
05-01-2026-Fri 13-21-27-PM,-15.56,-15.56,-14.791,-14.791,-14.791,-15.961,-15.961,-15.961,-15.56,,-14.791,-14.791,,-15.56,-15.56,-15.56
05-01-2026-Fri 13-21-29-PM,-15.526,-15.526,-14.791,-14.791,-14.791,-15.927,-15.927,-15.927,-15.526,,-14.791,-14.791,,-15.526,-15.526,-15.526
05-01-2026-Fri 13-21-30-PM,-15.526,-15.526,-14.825,-14.825,-14.825,-15.994,-15.994,-15.994,-15.526,,-14.825,-14.825,,-15.526,-15.526,-15.526
05-01-2026-Fri 13-21-32-PM,-15.56,-15.56,-14.825,-14.825,-14.825,-15.961,-15.961,-15.961,-15.56,,-14.825,-14.825,,-15.56,-15.56,-15.56
05-01-2026-Fri 13-21-33-PM,-15.56,-15.56,-14.791,-14.791,-14.791,-15.994,-15.994,-15.994,-15.56,,-14.791,-14.791,,-15.56,-15.56,-15.56
05-01-2026-Fri 13-21-34-PM,-15.56,-15.56,-14.825,-14.825,-14.825,-15.961,-15.961,-15.961,-15.56,,-14.825,-14.825,,-15.56,-15.56,-15.56
05-01-2026-Fri 13-21-36-PM,-15.593,-15.593,-14.825,-14.825,-14.825,-15.927,-15.927,-15.927,-15.593,,-14.825,-14.825,,-15.593,-15.593,-15.593
05-01-2026-Fri 13-21-37-PM,-15.56,-15.56,-14.825,-14.825,-14.825,-15.927,-15.927,-15.927,-15.56,,-14.825,-14.825,,-15.56,-15.56,-15.56
05-01-2026-Fri 13-21-39-PM,-15.593,-15.593,-14.825,-14.825,-14.825,-15.961,-15.961,-15.961,-15.593,,-14.825,-14.825,,-15.593,-15.593,-15.593
05-01-2026-Fri 13-21-40-PM,-15.593,-15.593,-14.825,-14.825,-14.825,-15.961,-15.961,-15.961,-15.593,,-14.825,-14.825,,-15.593,-15.593,-15.593
05-01-2026-Fri 13-21-41-PM,-15.56,-15.56,-14.825,-14.825,-14.825,-15.994,-15.994,-15.994,-15.56,,-14.825,-14.825,,-15.56,-15.56,-15.56
05-01-2026-Fri 13-21-43-PM,-15.593,-15.593,-14.858,-14.858,-14.858,-15.894,-15.894,-15.894,-15.593,,-14.858,-14.858,,-15.593,-15.593,-15.593
05-01-2026-Fri 13-21-44-PM,-15.627,-15.627,-14.825,-14.825,-14.825,-15.994,-15.994,-15.994,-15.627,,-14.825,-14.825,,-15.627,-15.627,-15.627
05-01-2026-Fri 13-21-46-PM,-15.627,-15.627,-14.858,-14.858,-14.858,-15.961,-15.961,-15.961,-15.627,,-14.858,-14.858,,-15.627,-15.627,-15.627
05-01-2026-Fri 13-21-47-PM,-15.593,-15.593,-14.858,-14.858,-14.858,-15.927,-15.927,-15.927,-15.593,,-14.858,-14.858,,-15.593,-15.593,-15.593
05-01-2026-Fri 13-21-48-PM,-15.627,-15.627,-14.858,-14.858,-14.858,-15.961,-15.961,-15.961,-15.627,,-14.858,-14.858,,-15.627,-15.627,-15.627
05-01-2026-Fri 13-21-50-PM,-15.627,-15.627,-14.891,-14.891,-14.891,-15.927,-15.927,-15.927,-15.627,,-14.891,-14.891,,-15.627,-15.627,-15.627
05-01-2026-Fri 13-21-51-PM,-15.627,-15.627,-14.858,-14.858,-14.858,-15.927,-15.927,-15.927,-15.627,,-14.858,-14.858,,-15.627,-15.627,-15.627
05-01-2026-Fri 13-21-53-PM,-15.627,-15.627,-14.858,-14.858,-14.858,-15.961,-15.961,-15.961,-15.627,,-14.858,-14.858,,-15.627,-15.627,-15.627
05-01-2026-Fri 13-21-54-PM,-15.627,-15.627,-14.858,-14.858,-14.858,-15.927,-15.927,-15.927,-15.627,,-14.858,-14.858,,-15.627,-15.627,-15.627
05-01-2026-Fri 13-21-55-PM,-15.66,-15.66,-14.891,-14.891,-14.891,-15.961,-15.961,-15.961,-15.66,,-14.891,-14.891,,-15.66,-15.66,-15.66
05-01-2026-Fri 13-21-57-PM,-15.66,-15.66,-14.891,-14.891,-14.891,-15.961,-15.961,-15.961,-15.66,,-14.891,-14.891,,-15.66,-15.66,-15.66
05-01-2026-Fri 13-21-58-PM,-15.66,-15.66,-14.891,-14.891,-14.891,-15.927,-15.927,-15.927,-15.66,,-14.891,-14.891,,-15.66,-15.66,-15.66
05-01-2026-Fri 13-21-59-PM,-15.66,-15.66,-14.891,-14.891,-14.891,-15.994,-15.994,-15.994,-15.66,,-14.891,-14.891,,-15.66,-15.66,-15.66
05-01-2026-Fri 13-22-01-PM,-15.66,-15.66,-14.891,-14.891,-14.891,-15.927,-15.927,-15.927,-15.66,,-14.891,-14.891,,-15.66,-15.66,-15.66
05-01-2026-Fri 13-22-02-PM,-15.66,-15.66,-14.925,-14.925,-14.925,-15.927,-15.927,-15.927,-15.66,,-14.925,-14.925,,-15.66,-15.66,-15.66
05-01-2026-Fri 13-22-04-PM,-15.66,-15.66,-14.891,-14.891,-14.891,-15.927,-15.927,-15.927,-15.66,,-14.891,-14.891,,-15.66,-15.66,-15.66
05-01-2026-Fri 13-22-05-PM,-15.694,-15.694,-14.891,-14.891,-14.891,-15.894,-15.894,-15.894,-15.694,,-14.891,-14.891,,-15.694,-15.694,-15.694
05-01-2026-Fri 13-22-06-PM,-15.694,-15.694,-14.891,-14.891,-14.891,-15.961,-15.961,-15.961,-15.694,,-14.891,-14.891,,-15.694,-15.694,-15.694
05-01-2026-Fri 13-22-08-PM,-15.694,-15.694,-14.925,-14.925,-14.925,-15.961,-15.961,-15.961,-15.694,,-14.925,-14.925,,-15.694,-15.694,-15.694
05-01-2026-Fri 13-22-09-PM,-15.694,-15.694,-14.891,-14.891,-14.891,-15.961,-15.961,-15.961,-15.694,,-14.891,-14.891,,-15.694,-15.694,-15.694
05-01-2026-Fri 13-22-11-PM,-15.694,-15.694,-14.925,-14.925,-14.925,-15.927,-15.927,-15.927,-15.694,,-14.925,-14.925,,-15.694,-15.694,-15.694
05-01-2026-Fri 13-22-12-PM,-15.727,-15.727,-14.891,-14.891,-14.891,-15.927,-15.927,-15.927,-15.727,,-14.891,-14.891,,-15.727,-15.727,-15.727
05-01-2026-Fri 13-22-13-PM,-15.727,-15.727,-14.925,-14.925,-14.925,-15.927,-15.927,-15.927,-15.727,,-14.925,-14.925,,-15.727,-15.727,-15.727
05-01-2026-Fri 13-22-15-PM,-15.727,-15.727,-14.925,-14.925,-14.925,-15.961,-15.961,-15.961,-15.727,,-14.925,-14.925,,-15.727,-15.727,-15.727
05-01-2026-Fri 13-22-16-PM,-15.694,-15.694,-14.925,-14.925,-14.925,-15.961,-15.961,-15.961,-15.694,,-14.925,-14.925,,-15.694,-15.694,-15.694
05-01-2026-Fri 13-22-18-PM,-15.727,-15.727,-14.958,-14.958,-14.958,-15.961,-15.961,-15.961,-15.727,,-14.958,-14.958,,-15.727,-15.727,-15.727
05-01-2026-Fri 13-22-19-PM,-15.727,-15.727,-14.925,-14.925,-14.925,-15.927,-15.927,-15.927,-15.727,,-14.925,-14.925,,-15.727,-15.727,-15.727
05-01-2026-Fri 13-22-20-PM,-15.727,-15.727,-14.925,-14.925,-14.925,-15.927,-15.927,-15.927,-15.727,,-14.925,-14.925,,-15.727,-15.727,-15.727
05-01-2026-Fri 13-22-22-PM,-15.727,-15.727,-14.925,-14.925,-14.925,-15.927,-15.927,-15.927,-15.727,,-14.925,-14.925,,-15.727,-15.727,-15.727
05-01-2026-Fri 13-22-23-PM,-15.76,-15.76,-14.958,-14.958,-14.958,-15.961,-15.961,-15.961,-15.76,,-14.958,-14.958,,-15.76,-15.76,-15.76
05-01-2026-Fri 13-22-25-PM,-15.76,-15.76,-14.958,-14.958,-14.958,-15.927,-15.927,-15.927,-15.76,,-14.958,-14.958,,-15.76,-15.76,-15.76
05-01-2026-Fri 13-22-26-PM,-15.727,-15.727,-14.958,-14.958,-14.958,-15.927,-15.927,-15.927,-15.727,,-14.958,-14.958,,-15.727,-15.727,-15.727
05-01-2026-Fri 13-22-27-PM,-15.727,-15.727,-14.958,-14.958,-14.958,-15.961,-15.961,-15.961,-15.727,,-14.958,-14.958,,-15.727,-15.727,-15.727
05-01-2026-Fri 13-22-29-PM,-15.76,-15.76,-14.958,-14.958,-14.958,-15.961,-15.961,-15.961,-15.76,,-14.958,-14.958,,-15.76,-15.76,-15.76
05-01-2026-Fri 13-22-30-PM,-15.76,-15.76,-14.958,-14.958,-14.958,-15.961,-15.961,-15.961,-15.76,,-14.958,-14.958,,-15.76,-15.76,-15.76
05-01-2026-Fri 13-22-31-PM,-15.794,-15.794,-14.992,-14.992,-14.992,-15.961,-15.961,-15.961,-15.794,,-14.992,-14.992,,-15.794,-15.794,-15.794
05-01-2026-Fri 13-22-33-PM,-15.76,-15.76,-14.958,-14.958,-14.958,-15.961,-15.961,-15.961,-15.76,,-14.958,-14.958,,-15.76,-15.76,-15.76
05-01-2026-Fri 13-22-34-PM,-15.76,-15.76,-14.958,-14.958,-14.958,-15.927,-15.927,-15.927,-15.76,,-14.958,-14.958,,-15.76,-15.76,-15.76
05-01-2026-Fri 13-22-36-PM,-15.794,-15.794,-14.992,-14.992,-14.992,-15.961,-15.961,-15.961,-15.794,,-14.992,-14.992,,-15.794,-15.794,-15.794
05-01-2026-Fri 13-22-38-PM,-15.794,-15.794,-14.958,-14.958,-14.958,-15.927,-15.927,-15.927,-15.794,,-14.958,-14.958,,-15.794,-15.794,-15.794
05-01-2026-Fri 13-22-39-PM,-15.76,-15.76,-14.992,-14.992,-14.992,-15.927,-15.927,-15.927,-15.76,,-14.992,-14.992,,-15.76,-15.76,-15.76
05-01-2026-Fri 13-22-40-PM,-15.794,-15.794,-14.992,-14.992,-14.992,-15.961,-15.961,-15.961,-15.794,,-14.992,-14.992,,-15.794,-15.794,-15.794
05-01-2026-Fri 13-22-42-PM,-15.794,-15.794,-14.992,-14.992,-14.992,-15.961,-15.961,-15.961,-15.794,,-14.992,-14.992,,-15.794,-15.794,-15.794
05-01-2026-Fri 13-22-43-PM,-15.794,-15.794,-15.025,-15.025,-15.025,-15.994,-15.994,-15.994,-15.794,,-15.025,-15.025,,-15.794,-15.794,-15.794
05-01-2026-Fri 13-22-45-PM,-15.794,-15.794,-14.992,-14.992,-14.992,-15.994,-15.994,-15.994,-15.794,,-14.992,-14.992,,-15.794,-15.794,-15.794
05-01-2026-Fri 13-22-46-PM,-15.794,-15.794,-14.992,-14.992,-14.992,-15.927,-15.927,-15.927,-15.794,,-14.992,-14.992,,-15.794,-15.794,-15.794
05-01-2026-Fri 13-22-47-PM,-15.827,-15.827,-14.992,-14.992,-14.992,-15.994,-15.994,-15.994,-15.827,,-14.992,-14.992,,-15.827,-15.827,-15.827
05-01-2026-Fri 13-22-49-PM,-15.827,-15.827,-15.025,-15.025,-15.025,-15.961,-15.961,-15.961,-15.827,,-15.025,-15.025,,-15.827,-15.827,-15.827
05-01-2026-Fri 13-22-50-PM,-15.827,-15.827,-14.992,-14.992,-14.992,-15.961,-15.961,-15.961,-15.827,,-14.992,-14.992,,-15.827,-15.827,-15.827
05-01-2026-Fri 13-22-51-PM,-15.827,-15.827,-14.992,-14.992,-14.992,-15.961,-15.961,-15.961,-15.827,,-14.992,-14.992,,-15.827,-15.827,-15.827
05-01-2026-Fri 13-22-53-PM,-15.56,-15.56,-14.858,-14.858,-14.858,-15.961,-15.961,-15.961,-15.56,,-14.858,-14.858,,-15.56,-15.56,-15.56
05-01-2026-Fri 13-22-54-PM,-15.894,-15.894,-15.025,-15.025,-15.025,-15.961,-15.961,-15.961,-15.894,,-15.025,-15.025,,-15.894,-15.894,-15.894
05-01-2026-Fri 13-22-56-PM,-15.66,-15.66,-14.825,-14.825,-14.825,-15.994,-15.994,-15.994,-15.66,,-14.825,-14.825,,-15.66,-15.66,-15.66
05-01-2026-Fri 13-22-57-PM,-15.694,-15.694,-14.825,-14.825,-14.825,-15.961,-15.961,-15.961,-15.694,,-14.825,-14.825,,-15.694,-15.694,-15.694
05-01-2026-Fri 13-22-59-PM,-15.694,-15.694,-14.925,-14.925,-14.925,-15.961,-15.961,-15.961,-15.694,,-14.925,-14.925,,-15.694,-15.694,-15.694
05-01-2026-Fri 13-23-00-PM,-15.827,-15.827,-15.025,-15.025,-15.025,-15.927,-15.927,-15.927,-15.827,,-15.025,-15.025,,-15.827,-15.827,-15.827
05-01-2026-Fri 13-23-02-PM,-15.827,-15.827,-15.025,-15.025,-15.025,-15.927,-15.927,-15.927,-15.827,,-15.025,-15.025,,-15.827,-15.827,-15.827
05-01-2026-Fri 13-23-03-PM,-15.861,-15.861,-15.025,-15.025,-15.025,-15.927,-15.927,-15.927,-15.861,,-15.025,-15.025,,-15.861,-15.861,-15.861
05-01-2026-Fri 13-23-04-PM,-15.861,-15.861,-15.058,-15.058,-15.058,-15.994,-15.994,-15.994,-15.861,,-15.058,-15.058,,-15.861,-15.861,-15.861
05-01-2026-Fri 13-23-06-PM,-15.861,-15.861,-15.058,-15.058,-15.058,-15.961,-15.961,-15.961,-15.861,,-15.058,-15.058,,-15.861,-15.861,-15.861
05-01-2026-Fri 13-23-07-PM,-15.894,-15.894,-15.025,-15.025,-15.025,-15.994,-15.994,-15.994,-15.894,,-15.025,-15.025,,-15.894,-15.894,-15.894
05-01-2026-Fri 13-23-09-PM,-15.861,-15.861,-15.025,-15.025,-15.025,-15.994,-15.994,-15.994,-15.861,,-15.025,-15.025,,-15.861,-15.861,-15.861
05-01-2026-Fri 13-23-10-PM,-15.894,-15.894,-15.058,-15.058,-15.058,-15.994,-15.994,-15.994,-15.894,,-15.058,-15.058,,-15.894,-15.894,-15.894
05-01-2026-Fri 13-23-11-PM,-15.894,-15.894,-15.058,-15.058,-15.058,-15.961,-15.961,-15.961,-15.894,,-15.058,-15.058,,-15.894,-15.894,-15.894
05-01-2026-Fri 13-23-13-PM,-15.861,-15.861,-15.025,-15.025,-15.025,-16.028,-16.028,-16.028,-15.861,,-15.025,-15.025,,-15.861,-15.861,-15.861
05-01-2026-Fri 13-23-14-PM,-15.861,-15.861,-15.058,-15.058,-15.058,-15.994,-15.994,-15.994,-15.861,,-15.058,-15.058,,-15.861,-15.861,-15.861
05-01-2026-Fri 13-23-15-PM,-15.894,-15.894,-15.058,-15.058,-15.058,-16.028,-16.028,-16.028,-15.894,,-15.058,-15.058,,-15.894,-15.894,-15.894
05-01-2026-Fri 13-23-17-PM,-15.894,-15.894,-15.058,-15.058,-15.058,-15.961,-15.961,-15.961,-15.894,,-15.058,-15.058,,-15.894,-15.894,-15.894
05-01-2026-Fri 13-23-18-PM,-15.894,-15.894,-15.058,-15.058,-15.058,-16.028,-16.028,-16.028,-15.894,,-15.058,-15.058,,-15.894,-15.894,-15.894
05-01-2026-Fri 13-23-21-PM,-15.894,-15.894,-15.058,-15.058,-15.058,-16.028,-16.028,-16.028,-15.894,,-15.058,-15.058,,-15.894,-15.894,-15.894
05-01-2026-Fri 13-23-24-PM,-15.894,-15.894,-15.092,-15.092,-15.092,-16.028,-16.028,-16.028,-15.894,,-15.092,-15.092,,-15.894,-15.894,-15.894
05-01-2026-Fri 13-23-25-PM,-15.927,-15.927,-15.058,-15.058,-15.058,-16.028,-16.028,-16.028,-15.927,,-15.058,-15.058,,-15.927,-15.927,-15.927
05-01-2026-Fri 13-23-27-PM,-15.927,-15.927,-15.058,-15.058,-15.058,-16.061,-16.061,-16.061,-15.927,,-15.058,-15.058,,-15.927,-15.927,-15.927
05-01-2026-Fri 13-23-29-PM,-15.894,-15.894,-15.092,-15.092,-15.092,-16.061,-16.061,-16.061,-15.894,,-15.092,-15.092,,-15.894,-15.894,-15.894
05-01-2026-Fri 13-23-30-PM,-15.927,-15.927,-15.058,-15.058,-15.058,-16.028,-16.028,-16.028,-15.927,,-15.058,-15.058,,-15.927,-15.927,-15.927
05-01-2026-Fri 13-23-31-PM,-15.894,-15.894,-15.058,-15.058,-15.058,-16.061,-16.061,-16.061,-15.894,,-15.058,-15.058,,-15.894,-15.894,-15.894
05-01-2026-Fri 13-23-33-PM,-15.927,-15.927,-15.058,-15.058,-15.058,-16.094,-16.094,-16.094,-15.927,,-15.058,-15.058,,-15.927,-15.927,-15.927
05-01-2026-Fri 13-23-34-PM,-15.927,-15.927,-15.092,-15.092,-15.092,-16.028,-16.028,-16.028,-15.927,,-15.092,-15.092,,-15.927,-15.927,-15.927
05-01-2026-Fri 13-23-36-PM,-15.927,-15.927,-15.058,-15.058,-15.058,-15.994,-15.994,-15.994,-15.927,,-15.058,-15.058,,-15.927,-15.927,-15.927
05-01-2026-Fri 13-23-37-PM,-15.961,-15.961,-15.092,-15.092,-15.092,-16.028,-16.028,-16.028,-15.961,,-15.092,-15.092,,-15.961,-15.961,-15.961
05-01-2026-Fri 13-23-38-PM,-15.927,-15.927,-15.092,-15.092,-15.092,-16.061,-16.061,-16.061,-15.927,,-15.092,-15.092,,-15.927,-15.927,-15.927
05-01-2026-Fri 13-23-40-PM,-15.927,-15.927,-15.092,-15.092,-15.092,-16.094,-16.094,-16.094,-15.927,,-15.092,-15.092,,-15.927,-15.927,-15.927
05-01-2026-Fri 13-23-41-PM,-15.961,-15.961,-15.092,-15.092,-15.092,-16.028,-16.028,-16.028,-15.961,,-15.092,-15.092,,-15.961,-15.961,-15.961
05-01-2026-Fri 13-23-43-PM,-15.961,-15.961,-15.092,-15.092,-15.092,-16.061,-16.061,-16.061,-15.961,,-15.092,-15.092,,-15.961,-15.961,-15.961
05-01-2026-Fri 13-23-44-PM,-15.961,-15.961,-15.092,-15.092,-15.092,-16.028,-16.028,-16.028,-15.961,,-15.092,-15.092,,-15.961,-15.961,-15.961
05-01-2026-Fri 13-23-46-PM,-15.927,-15.927,-15.092,-15.092,-15.092,-16.094,-16.094,-16.094,-15.927,,-15.092,-15.092,,-15.927,-15.927,-15.927
05-01-2026-Fri 13-23-47-PM,-15.961,-15.961,-15.092,-15.092,-15.092,-16.094,-16.094,-16.094,-15.961,,-15.092,-15.092,,-15.961,-15.961,-15.961
05-01-2026-Fri 13-23-48-PM,-15.961,-15.961,-15.125,-15.125,-15.125,-16.061,-16.061,-16.061,-15.961,,-15.125,-15.125,,-15.961,-15.961,-15.961
05-01-2026-Fri 13-23-50-PM,-15.961,-15.961,-15.092,-15.092,-15.092,-16.061,-16.061,-16.061,-15.961,,-15.092,-15.092,,-15.961,-15.961,-15.961
05-01-2026-Fri 13-23-51-PM,-15.961,-15.961,-15.058,-15.058,-15.058,-16.094,-16.094,-16.094,-15.961,,-15.058,-15.058,,-15.961,-15.961,-15.961
05-01-2026-Fri 13-23-52-PM,-15.961,-15.961,-15.092,-15.092,-15.092,-16.094,-16.094,-16.094,-15.961,,-15.092,-15.092,,-15.961,-15.961,-15.961
05-01-2026-Fri 13-23-54-PM,-15.961,-15.961,-15.058,-15.058,-15.058,-16.028,-16.028,-16.028,-15.961,,-15.058,-15.058,,-15.961,-15.961,-15.961
05-01-2026-Fri 13-23-56-PM,-15.961,-15.961,-15.092,-15.092,-15.092,-16.061,-16.061,-16.061,-15.961,,-15.092,-15.092,,-15.961,-15.961,-15.961
05-01-2026-Fri 13-23-57-PM,-15.961,-15.961,-15.092,-15.092,-15.092,-16.094,-16.094,-16.094,-15.961,,-15.092,-15.092,,-15.961,-15.961,-15.961
05-01-2026-Fri 13-23-59-PM,-15.961,-15.961,-15.092,-15.092,-15.092,-16.061,-16.061,-16.061,-15.961,,-15.092,-15.092,,-15.961,-15.961,-15.961
05-01-2026-Fri 13-24-00-PM,-15.994,-15.994,-15.092,-15.092,-15.092,-16.061,-16.061,-16.061,-15.994,,-15.092,-15.092,,-15.994,-15.994,-15.994
05-01-2026-Fri 13-24-01-PM,-15.961,-15.961,-15.092,-15.092,-15.092,-16.028,-16.028,-16.028,-15.961,,-15.092,-15.092,,-15.961,-15.961,-15.961
05-01-2026-Fri 13-24-03-PM,-15.994,-15.994,-15.125,-15.125,-15.125,-16.094,-16.094,-16.094,-15.994,,-15.125,-15.125,,-15.994,-15.994,-15.994
05-01-2026-Fri 13-24-04-PM,-15.994,-15.994,-15.092,-15.092,-15.092,-16.094,-16.094,-16.094,-15.994,,-15.092,-15.092,,-15.994,-15.994,-15.994
05-01-2026-Fri 13-24-06-PM,-15.994,-15.994,-15.125,-15.125,-15.125,-16.128,-16.128,-16.128,-15.994,,-15.125,-15.125,,-15.994,-15.994,-15.994
05-01-2026-Fri 13-24-07-PM,-15.961,-15.961,-15.125,-15.125,-15.125,-16.061,-16.061,-16.061,-15.961,,-15.125,-15.125,,-15.961,-15.961,-15.961
05-01-2026-Fri 13-24-08-PM,-15.994,-15.994,-15.058,-15.058,-15.058,-16.094,-16.094,-16.094,-15.994,,-15.058,-15.058,,-15.994,-15.994,-15.994
05-01-2026-Fri 13-24-10-PM,-15.994,-15.994,-15.092,-15.092,-15.092,-16.128,-16.128,-16.128,-15.994,,-15.092,-15.092,,-15.994,-15.994,-15.994
05-01-2026-Fri 13-24-11-PM,-15.994,-15.994,-15.092,-15.092,-15.092,-16.128,-16.128,-16.128,-15.994,,-15.092,-15.092,,-15.994,-15.994,-15.994
05-01-2026-Fri 13-24-13-PM,-15.961,-15.961,-15.092,-15.092,-15.092,-16.128,-16.128,-16.128,-15.961,,-15.092,-15.092,,-15.961,-15.961,-15.961
05-01-2026-Fri 13-24-14-PM,-15.961,-15.961,-15.125,-15.125,-15.125,-16.128,-16.128,-16.128,-15.961,,-15.125,-15.125,,-15.961,-15.961,-15.961
05-01-2026-Fri 13-24-16-PM,-15.994,-15.994,-15.125,-15.125,-15.125,-16.094,-16.094,-16.094,-15.994,,-15.125,-15.125,,-15.994,-15.994,-15.994
05-01-2026-Fri 13-24-17-PM,-15.994,-15.994,-15.092,-15.092,-15.092,-16.128,-16.128,-16.128,-15.994,,-15.092,-15.092,,-15.994,-15.994,-15.994
05-01-2026-Fri 13-24-19-PM,-15.994,-15.994,-15.092,-15.092,-15.092,-16.128,-16.128,-16.128,-15.994,,-15.092,-15.092,,-15.994,-15.994,-15.994
05-01-2026-Fri 13-24-20-PM,-15.994,-15.994,-15.125,-15.125,-15.125,-16.094,-16.094,-16.094,-15.994,,-15.125,-15.125,,-15.994,-15.994,-15.994
05-01-2026-Fri 13-24-21-PM,-15.994,-15.994,-15.125,-15.125,-15.125,-16.094,-16.094,-16.094,-15.994,,-15.125,-15.125,,-15.994,-15.994,-15.994
05-01-2026-Fri 13-24-23-PM,-16.028,-16.028,-15.125,-15.125,-15.125,-16.161,-16.161,-16.161,-16.028,,-15.125,-15.125,,-16.028,-16.028,-16.028
05-01-2026-Fri 13-24-24-PM,-16.028,-16.028,-15.125,-15.125,-15.125,-16.195,-16.195,-16.195,-16.028,,-15.125,-15.125,,-16.028,-16.028,-16.028
05-01-2026-Fri 13-24-26-PM,-15.994,-15.994,-15.125,-15.125,-15.125,-16.161,-16.161,-16.161,-15.994,,-15.125,-15.125,,-15.994,-15.994,-15.994
05-01-2026-Fri 13-24-27-PM,-15.994,-15.994,-15.092,-15.092,-15.092,-16.128,-16.128,-16.128,-15.994,,-15.092,-15.092,,-15.994,-15.994,-15.994
05-01-2026-Fri 13-24-29-PM,-15.994,-15.994,-15.092,-15.092,-15.092,-16.161,-16.161,-16.161,-15.994,,-15.092,-15.092,,-15.994,-15.994,-15.994
05-01-2026-Fri 13-24-30-PM,-16.028,-16.028,-15.092,-15.092,-15.092,-16.161,-16.161,-16.161,-16.028,,-15.092,-15.092,,-16.028,-16.028,-16.028
05-01-2026-Fri 13-24-31-PM,-15.994,-15.994,-15.092,-15.092,-15.092,-16.161,-16.161,-16.161,-15.994,,-15.092,-15.092,,-15.994,-15.994,-15.994
05-01-2026-Fri 13-24-33-PM,-16.028,-16.028,-15.125,-15.125,-15.125,-16.161,-16.161,-16.161,-16.028,,-15.125,-15.125,,-16.028,-16.028,-16.028
05-01-2026-Fri 13-24-34-PM,-16.028,-16.028,-15.092,-15.092,-15.092,-16.161,-16.161,-16.161,-16.028,,-15.092,-15.092,,-16.028,-16.028,-16.028
05-01-2026-Fri 13-24-36-PM,-16.028,-16.028,-15.125,-15.125,-15.125,-16.161,-16.161,-16.161,-16.028,,-15.125,-15.125,,-16.028,-16.028,-16.028
05-01-2026-Fri 13-24-37-PM,-16.061,-16.061,-15.125,-15.125,-15.125,-16.228,-16.228,-16.228,-16.061,,-15.125,-15.125,,-16.061,-16.061,-16.061
05-01-2026-Fri 13-24-38-PM,-16.061,-16.061,-15.092,-15.092,-15.092,-16.161,-16.161,-16.161,-16.061,,-15.092,-15.092,,-16.061,-16.061,-16.061
05-01-2026-Fri 13-24-40-PM,-16.028,-16.028,-15.092,-15.092,-15.092,-16.195,-16.195,-16.195,-16.028,,-15.092,-15.092,,-16.028,-16.028,-16.028
05-01-2026-Fri 13-24-41-PM,-16.028,-16.028,-15.092,-15.092,-15.092,-16.195,-16.195,-16.195,-16.028,,-15.092,-15.092,,-16.028,-16.028,-16.028
05-01-2026-Fri 13-24-43-PM,-16.028,-16.028,-15.092,-15.092,-15.092,-16.228,-16.228,-16.228,-16.028,,-15.092,-15.092,,-16.028,-16.028,-16.028
05-01-2026-Fri 13-24-44-PM,-16.028,-16.028,-15.092,-15.092,-15.092,-16.161,-16.161,-16.161,-16.028,,-15.092,-15.092,,-16.028,-16.028,-16.028
05-01-2026-Fri 13-24-45-PM,-16.061,-16.061,-15.125,-15.125,-15.125,-16.195,-16.195,-16.195,-16.061,,-15.125,-15.125,,-16.061,-16.061,-16.061
05-01-2026-Fri 13-24-47-PM,-16.028,-16.028,-15.092,-15.092,-15.092,-16.161,-16.161,-16.161,-16.028,,-15.092,-15.092,,-16.028,-16.028,-16.028
05-01-2026-Fri 13-24-48-PM,-16.061,-16.061,-15.125,-15.125,-15.125,-16.195,-16.195,-16.195,-16.061,,-15.125,-15.125,,-16.061,-16.061,-16.061
05-01-2026-Fri 13-24-50-PM,-16.061,-16.061,-15.125,-15.125,-15.125,-16.262,-16.262,-16.262,-16.061,,-15.125,-15.125,,-16.061,-16.061,-16.061
05-01-2026-Fri 13-24-51-PM,-16.061,-16.061,-15.125,-15.125,-15.125,-16.195,-16.195,-16.195,-16.061,,-15.125,-15.125,,-16.061,-16.061,-16.061
05-01-2026-Fri 13-24-52-PM,-16.061,-16.061,-15.125,-15.125,-15.125,-16.161,-16.161,-16.161,-16.061,,-15.125,-15.125,,-16.061,-16.061,-16.061
05-01-2026-Fri 13-24-54-PM,-16.028,-16.028,-15.125,-15.125,-15.125,-16.195,-16.195,-16.195,-16.028,,-15.125,-15.125,,-16.028,-16.028,-16.028
05-01-2026-Fri 13-24-55-PM,-16.061,-16.061,-15.125,-15.125,-15.125,-16.195,-16.195,-16.195,-16.061,,-15.125,-15.125,,-16.061,-16.061,-16.061
05-01-2026-Fri 13-24-57-PM,-16.061,-16.061,-15.092,-15.092,-15.092,-16.262,-16.262,-16.262,-16.061,,-15.092,-15.092,,-16.061,-16.061,-16.061
05-01-2026-Fri 13-24-58-PM,-16.061,-16.061,-15.092,-15.092,-15.092,-16.195,-16.195,-16.195,-16.061,,-15.092,-15.092,,-16.061,-16.061,-16.061
05-01-2026-Fri 13-24-59-PM,-16.094,-16.094,-15.125,-15.125,-15.125,-16.228,-16.228,-16.228,-16.094,,-15.125,-15.125,,-16.094,-16.094,-16.094
05-01-2026-Fri 13-25-01-PM,-16.028,-16.028,-15.125,-15.125,-15.125,-16.295,-16.295,-16.295,-16.028,,-15.125,-15.125,,-16.028,-16.028,-16.028
05-01-2026-Fri 13-25-02-PM,-16.061,-16.061,-15.092,-15.092,-15.092,-16.195,-16.195,-16.195,-16.061,,-15.092,-15.092,,-16.061,-16.061,-16.061
05-01-2026-Fri 13-25-03-PM,-16.094,-16.094,-15.092,-15.092,-15.092,-16.195,-16.195,-16.195,-16.094,,-15.092,-15.092,,-16.094,-16.094,-16.094
05-01-2026-Fri 13-25-05-PM,-16.028,-16.028,-15.125,-15.125,-15.125,-16.228,-16.228,-16.228,-16.028,,-15.125,-15.125,,-16.028,-16.028,-16.028
05-01-2026-Fri 13-25-06-PM,-16.061,-16.061,-15.125,-15.125,-15.125,-16.262,-16.262,-16.262,-16.061,,-15.125,-15.125,,-16.061,-16.061,-16.061
05-01-2026-Fri 13-25-08-PM,-16.061,-16.061,-15.125,-15.125,-15.125,-16.228,-16.228,-16.228,-16.061,,-15.125,-15.125,,-16.061,-16.061,-16.061
05-01-2026-Fri 13-25-09-PM,-16.061,-16.061,-15.092,-15.092,-15.092,-16.262,-16.262,-16.262,-16.061,,-15.092,-15.092,,-16.061,-16.061,-16.061
05-01-2026-Fri 13-25-10-PM,-16.061,-16.061,-15.092,-15.092,-15.092,-16.262,-16.262,-16.262,-16.061,,-15.092,-15.092,,-16.061,-16.061,-16.061
05-01-2026-Fri 13-25-12-PM,-16.094,-16.094,-15.092,-15.092,-15.092,-16.228,-16.228,-16.228,-16.094,,-15.092,-15.092,,-16.094,-16.094,-16.094
05-01-2026-Fri 13-25-13-PM,-16.061,-16.061,-15.092,-15.092,-15.092,-16.228,-16.228,-16.228,-16.061,,-15.092,-15.092,,-16.061,-16.061,-16.061
05-01-2026-Fri 13-25-15-PM,-16.061,-16.061,-15.092,-15.092,-15.092,-16.262,-16.262,-16.262,-16.061,,-15.092,-15.092,,-16.061,-16.061,-16.061
05-01-2026-Fri 13-25-16-PM,-16.061,-16.061,-15.125,-15.125,-15.125,-16.228,-16.228,-16.228,-16.061,,-15.125,-15.125,,-16.061,-16.061,-16.061
05-01-2026-Fri 13-25-17-PM,-16.061,-16.061,-15.092,-15.092,-15.092,-16.262,-16.262,-16.262,-16.061,,-15.092,-15.092,,-16.061,-16.061,-16.061
05-01-2026-Fri 13-25-19-PM,-16.061,-16.061,-15.092,-15.092,-15.092,-16.362,-16.362,-16.362,-16.061,,-15.092,-15.092,,-16.061,-16.061,-16.061
05-01-2026-Fri 13-25-20-PM,-16.061,-16.061,-15.125,-15.125,-15.125,-16.295,-16.295,-16.295,-16.061,,-15.125,-15.125,,-16.061,-16.061,-16.061
05-01-2026-Fri 13-25-22-PM,-16.061,-16.061,-15.092,-15.092,-15.092,-16.328,-16.328,-16.328,-16.061,,-15.092,-15.092,,-16.061,-16.061,-16.061
05-01-2026-Fri 13-25-23-PM,-16.094,-16.094,-15.092,-15.092,-15.092,-16.262,-16.262,-16.262,-16.094,,-15.092,-15.092,,-16.094,-16.094,-16.094
05-01-2026-Fri 13-25-24-PM,-16.061,-16.061,-15.125,-15.125,-15.125,-16.295,-16.295,-16.295,-16.061,,-15.125,-15.125,,-16.061,-16.061,-16.061
05-01-2026-Fri 13-25-26-PM,-16.094,-16.094,-15.092,-15.092,-15.092,-16.295,-16.295,-16.295,-16.094,,-15.092,-15.092,,-16.094,-16.094,-16.094
05-01-2026-Fri 13-25-27-PM,-16.094,-16.094,-15.092,-15.092,-15.092,-16.328,-16.328,-16.328,-16.094,,-15.092,-15.092,,-16.094,-16.094,-16.094
05-01-2026-Fri 13-25-28-PM,-16.094,-16.094,-15.092,-15.092,-15.092,-16.295,-16.295,-16.295,-16.094,,-15.092,-15.092,,-16.094,-16.094,-16.094
05-01-2026-Fri 13-25-30-PM,-16.094,-16.094,-15.125,-15.125,-15.125,-16.295,-16.295,-16.295,-16.094,,-15.125,-15.125,,-16.094,-16.094,-16.094
05-01-2026-Fri 13-25-32-PM,-16.094,-16.094,-15.125,-15.125,-15.125,-16.328,-16.328,-16.328,-16.094,,-15.125,-15.125,,-16.094,-16.094,-16.094
05-01-2026-Fri 13-25-33-PM,-16.094,-16.094,-15.125,-15.125,-15.125,-16.295,-16.295,-16.295,-16.094,,-15.125,-15.125,,-16.094,-16.094,-16.094
05-01-2026-Fri 13-25-35-PM,-16.094,-16.094,-15.125,-15.125,-15.125,-16.295,-16.295,-16.295,-16.094,,-15.125,-15.125,,-16.094,-16.094,-16.094
05-01-2026-Fri 13-25-36-PM,-16.094,-16.094,-15.092,-15.092,-15.092,-16.328,-16.328,-16.328,-16.094,,-15.092,-15.092,,-16.094,-16.094,-16.094
05-01-2026-Fri 13-25-37-PM,-16.094,-16.094,-15.125,-15.125,-15.125,-16.328,-16.328,-16.328,-16.094,,-15.125,-15.125,,-16.094,-16.094,-16.094
05-01-2026-Fri 13-25-39-PM,-16.094,-16.094,-15.092,-15.092,-15.092,-16.328,-16.328,-16.328,-16.094,,-15.092,-15.092,,-16.094,-16.094,-16.094
05-01-2026-Fri 13-25-40-PM,-16.094,-16.094,-15.092,-15.092,-15.092,-16.295,-16.295,-16.295,-16.094,,-15.092,-15.092,,-16.094,-16.094,-16.094
05-01-2026-Fri 13-25-42-PM,-16.094,-16.094,-15.092,-15.092,-15.092,-16.295,-16.295,-16.295,-16.094,,-15.092,-15.092,,-16.094,-16.094,-16.094
05-01-2026-Fri 13-25-43-PM,-16.094,-16.094,-15.092,-15.092,-15.092,-16.328,-16.328,-16.328,-16.094,,-15.092,-15.092,,-16.094,-16.094,-16.094
05-01-2026-Fri 13-25-44-PM,-16.094,-16.094,-15.125,-15.125,-15.125,-16.328,-16.328,-16.328,-16.094,,-15.125,-15.125,,-16.094,-16.094,-16.094
05-01-2026-Fri 13-25-46-PM,-16.094,-16.094,-15.125,-15.125,-15.125,-16.362,-16.362,-16.362,-16.094,,-15.125,-15.125,,-16.094,-16.094,-16.094
05-01-2026-Fri 13-25-47-PM,-16.094,-16.094,-15.125,-15.125,-15.125,-16.362,-16.362,-16.362,-16.094,,-15.125,-15.125,,-16.094,-16.094,-16.094
05-01-2026-Fri 13-25-49-PM,-16.094,-16.094,-15.125,-15.125,-15.125,-16.362,-16.362,-16.362,-16.094,,-15.125,-15.125,,-16.094,-16.094,-16.094
05-01-2026-Fri 13-25-50-PM,-16.094,-16.094,-15.125,-15.125,-15.125,-16.362,-16.362,-16.362,-16.094,,-15.125,-15.125,,-16.094,-16.094,-16.094
05-01-2026-Fri 13-25-52-PM,-16.094,-16.094,-15.125,-15.125,-15.125,-16.362,-16.362,-16.362,-16.094,,-15.125,-15.125,,-16.094,-16.094,-16.094
05-01-2026-Fri 13-25-53-PM,-16.094,-16.094,-15.125,-15.125,-15.125,-16.362,-16.362,-16.362,-16.094,,-15.125,-15.125,,-16.094,-16.094,-16.094
05-01-2026-Fri 13-25-54-PM,-16.094,-16.094,-15.125,-15.125,-15.125,-16.395,-16.395,-16.395,-16.094,,-15.125,-15.125,,-16.094,-16.094,-16.094
05-01-2026-Fri 13-25-56-PM,-16.094,-16.094,-15.125,-15.125,-15.125,-16.362,-16.362,-16.362,-16.094,,-15.125,-15.125,,-16.094,-16.094,-16.094
05-01-2026-Fri 13-25-57-PM,-16.128,-16.128,-15.125,-15.125,-15.125,-16.395,-16.395,-16.395,-16.128,,-15.125,-15.125,,-16.128,-16.128,-16.128
05-01-2026-Fri 13-25-59-PM,-16.094,-16.094,-15.125,-15.125,-15.125,-16.328,-16.328,-16.328,-16.094,,-15.125,-15.125,,-16.094,-16.094,-16.094
05-01-2026-Fri 13-26-00-PM,-16.128,-16.128,-15.125,-15.125,-15.125,-16.395,-16.395,-16.395,-16.128,,-15.125,-15.125,,-16.128,-16.128,-16.128
05-01-2026-Fri 13-26-01-PM,-16.128,-16.128,-15.125,-15.125,-15.125,-16.362,-16.362,-16.362,-16.128,,-15.125,-15.125,,-16.128,-16.128,-16.128
05-01-2026-Fri 13-26-03-PM,-16.094,-16.094,-15.125,-15.125,-15.125,-16.429,-16.429,-16.429,-16.094,,-15.125,-15.125,,-16.094,-16.094,-16.094
05-01-2026-Fri 13-26-04-PM,-16.128,-16.128,-15.125,-15.125,-15.125,-16.395,-16.395,-16.395,-16.128,,-15.125,-15.125,,-16.128,-16.128,-16.128
05-01-2026-Fri 13-26-06-PM,-16.094,-16.094,-15.125,-15.125,-15.125,-16.395,-16.395,-16.395,-16.094,,-15.125,-15.125,,-16.094,-16.094,-16.094
05-01-2026-Fri 13-26-07-PM,-16.128,-16.128,-15.125,-15.125,-15.125,-16.395,-16.395,-16.395,-16.128,,-15.125,-15.125,,-16.128,-16.128,-16.128
05-01-2026-Fri 13-26-08-PM,-16.094,-16.094,-15.125,-15.125,-15.125,-16.395,-16.395,-16.395,-16.094,,-15.125,-15.125,,-16.094,-16.094,-16.094
05-01-2026-Fri 13-26-10-PM,-16.128,-16.128,-15.125,-15.125,-15.125,-16.429,-16.429,-16.429,-16.128,,-15.125,-15.125,,-16.128,-16.128,-16.128
05-01-2026-Fri 13-26-11-PM,-16.128,-16.128,-15.125,-15.125,-15.125,-16.395,-16.395,-16.395,-16.128,,-15.125,-15.125,,-16.128,-16.128,-16.128
05-01-2026-Fri 13-26-12-PM,-16.094,-16.094,-15.125,-15.125,-15.125,-16.429,-16.429,-16.429,-16.094,,-15.125,-15.125,,-16.094,-16.094,-16.094
05-01-2026-Fri 13-26-14-PM,-16.128,-16.128,-15.159,-15.159,-15.159,-16.429,-16.429,-16.429,-16.128,,-15.159,-15.159,,-16.128,-16.128,-16.128
05-01-2026-Fri 13-26-15-PM,-16.128,-16.128,-15.125,-15.125,-15.125,-16.395,-16.395,-16.395,-16.128,,-15.125,-15.125,,-16.128,-16.128,-16.128
05-01-2026-Fri 13-26-17-PM,-16.128,-16.128,-15.125,-15.125,-15.125,-16.395,-16.395,-16.395,-16.128,,-15.125,-15.125,,-16.128,-16.128,-16.128
05-01-2026-Fri 13-26-18-PM,-16.094,-16.094,-15.159,-15.159,-15.159,-16.429,-16.429,-16.429,-16.094,,-15.159,-15.159,,-16.094,-16.094,-16.094
05-01-2026-Fri 13-26-19-PM,-16.128,-16.128,-15.125,-15.125,-15.125,-16.462,-16.462,-16.462,-16.128,,-15.125,-15.125,,-16.128,-16.128,-16.128
05-01-2026-Fri 13-26-21-PM,-16.128,-16.128,-15.125,-15.125,-15.125,-16.395,-16.395,-16.395,-16.128,,-15.125,-15.125,,-16.128,-16.128,-16.128
05-01-2026-Fri 13-26-22-PM,-16.128,-16.128,-15.125,-15.125,-15.125,-16.395,-16.395,-16.395,-16.128,,-15.125,-15.125,,-16.128,-16.128,-16.128
05-01-2026-Fri 13-26-24-PM,-16.128,-16.128,-15.125,-15.125,-15.125,-16.429,-16.429,-16.429,-16.128,,-15.125,-15.125,,-16.128,-16.128,-16.128
05-01-2026-Fri 13-26-25-PM,-16.161,-16.161,-15.159,-15.159,-15.159,-16.462,-16.462,-16.462,-16.161,,-15.159,-15.159,,-16.161,-16.161,-16.161
05-01-2026-Fri 13-26-27-PM,-16.128,-16.128,-15.125,-15.125,-15.125,-16.462,-16.462,-16.462,-16.128,,-15.125,-15.125,,-16.128,-16.128,-16.128
05-01-2026-Fri 13-26-28-PM,-16.161,-16.161,-15.159,-15.159,-15.159,-16.462,-16.462,-16.462,-16.161,,-15.159,-15.159,,-16.161,-16.161,-16.161
05-01-2026-Fri 13-26-29-PM,-16.128,-16.128,-15.159,-15.159,-15.159,-16.496,-16.496,-16.496,-16.128,,-15.159,-15.159,,-16.128,-16.128,-16.128
05-01-2026-Fri 13-26-31-PM,-16.128,-16.128,-15.159,-15.159,-15.159,-16.462,-16.462,-16.462,-16.128,,-15.159,-15.159,,-16.128,-16.128,-16.128
05-01-2026-Fri 13-26-32-PM,-16.128,-16.128,-15.159,-15.159,-15.159,-16.462,-16.462,-16.462,-16.128,,-15.159,-15.159,,-16.128,-16.128,-16.128
05-01-2026-Fri 13-26-34-PM,-16.161,-16.161,-15.159,-15.159,-15.159,-16.462,-16.462,-16.462,-16.161,,-15.159,-15.159,,-16.161,-16.161,-16.161
05-01-2026-Fri 13-26-35-PM,-16.161,-16.161,-15.159,-15.159,-15.159,-16.429,-16.429,-16.429,-16.161,,-15.159,-15.159,,-16.161,-16.161,-16.161
05-01-2026-Fri 13-26-36-PM,-16.128,-16.128,-15.159,-15.159,-15.159,-16.429,-16.429,-16.429,-16.128,,-15.159,-15.159,,-16.128,-16.128,-16.128
05-01-2026-Fri 13-26-38-PM,-16.161,-16.161,-15.125,-15.125,-15.125,-16.462,-16.462,-16.462,-16.161,,-15.125,-15.125,,-16.161,-16.161,-16.161
05-01-2026-Fri 13-26-39-PM,-16.161,-16.161,-15.159,-15.159,-15.159,-16.462,-16.462,-16.462,-16.161,,-15.159,-15.159,,-16.161,-16.161,-16.161
05-01-2026-Fri 13-26-41-PM,-16.161,-16.161,-15.159,-15.159,-15.159,-16.462,-16.462,-16.462,-16.161,,-15.159,-15.159,,-16.161,-16.161,-16.161
05-01-2026-Fri 13-26-42-PM,-16.161,-16.161,-15.159,-15.159,-15.159,-16.496,-16.496,-16.496,-16.161,,-15.159,-15.159,,-16.161,-16.161,-16.161
05-01-2026-Fri 13-26-43-PM,-16.161,-16.161,-15.159,-15.159,-15.159,-16.462,-16.462,-16.462,-16.161,,-15.159,-15.159,,-16.161,-16.161,-16.161
05-01-2026-Fri 13-26-45-PM,-16.161,-16.161,-15.192,-15.192,-15.192,-16.529,-16.529,-16.529,-16.161,,-15.192,-15.192,,-16.161,-16.161,-16.161
05-01-2026-Fri 13-26-46-PM,-16.161,-16.161,-15.159,-15.159,-15.159,-16.462,-16.462,-16.462,-16.161,,-15.159,-15.159,,-16.161,-16.161,-16.161
05-01-2026-Fri 13-26-47-PM,-16.161,-16.161,-15.159,-15.159,-15.159,-16.496,-16.496,-16.496,-16.161,,-15.159,-15.159,,-16.161,-16.161,-16.161
05-01-2026-Fri 13-26-49-PM,-16.128,-16.128,-15.159,-15.159,-15.159,-16.496,-16.496,-16.496,-16.128,,-15.159,-15.159,,-16.128,-16.128,-16.128
05-01-2026-Fri 13-26-50-PM,-16.161,-16.161,-15.192,-15.192,-15.192,-16.529,-16.529,-16.529,-16.161,,-15.192,-15.192,,-16.161,-16.161,-16.161
05-01-2026-Fri 13-26-52-PM,-16.161,-16.161,-15.159,-15.159,-15.159,-16.529,-16.529,-16.529,-16.161,,-15.159,-15.159,,-16.161,-16.161,-16.161
05-01-2026-Fri 13-26-53-PM,-16.161,-16.161,-15.192,-15.192,-15.192,-16.529,-16.529,-16.529,-16.161,,-15.192,-15.192,,-16.161,-16.161,-16.161
05-01-2026-Fri 13-26-55-PM,-16.161,-16.161,-15.192,-15.192,-15.192,-16.529,-16.529,-16.529,-16.161,,-15.192,-15.192,,-16.161,-16.161,-16.161
05-01-2026-Fri 13-26-56-PM,-16.161,-16.161,-15.192,-15.192,-15.192,-16.496,-16.496,-16.496,-16.161,,-15.192,-15.192,,-16.161,-16.161,-16.161
05-01-2026-Fri 13-26-58-PM,-16.195,-16.195,-15.159,-15.159,-15.159,-16.529,-16.529,-16.529,-16.195,,-15.159,-15.159,,-16.195,-16.195,-16.195
05-01-2026-Fri 13-26-59-PM,-16.161,-16.161,-15.192,-15.192,-15.192,-16.496,-16.496,-16.496,-16.161,,-15.192,-15.192,,-16.161,-16.161,-16.161
05-01-2026-Fri 13-27-00-PM,-16.161,-16.161,-15.192,-15.192,-15.192,-16.562,-16.562,-16.562,-16.161,,-15.192,-15.192,,-16.161,-16.161,-16.161
05-01-2026-Fri 13-27-02-PM,-16.161,-16.161,-15.159,-15.159,-15.159,-16.562,-16.562,-16.562,-16.161,,-15.159,-15.159,,-16.161,-16.161,-16.161
05-01-2026-Fri 13-27-03-PM,-16.161,-16.161,-15.159,-15.159,-15.159,-16.562,-16.562,-16.562,-16.161,,-15.159,-15.159,,-16.161,-16.161,-16.161
05-01-2026-Fri 13-27-05-PM,-16.161,-16.161,-15.192,-15.192,-15.192,-16.529,-16.529,-16.529,-16.161,,-15.192,-15.192,,-16.161,-16.161,-16.161
05-01-2026-Fri 13-27-06-PM,-16.161,-16.161,-15.192,-15.192,-15.192,-16.596,-16.596,-16.596,-16.161,,-15.192,-15.192,,-16.161,-16.161,-16.161
05-01-2026-Fri 13-27-07-PM,-16.161,-16.161,-15.192,-15.192,-15.192,-16.562,-16.562,-16.562,-16.161,,-15.192,-15.192,,-16.161,-16.161,-16.161
05-01-2026-Fri 13-27-09-PM,-16.161,-16.161,-15.192,-15.192,-15.192,-16.529,-16.529,-16.529,-16.161,,-15.192,-15.192,,-16.161,-16.161,-16.161
05-01-2026-Fri 13-27-10-PM,-16.195,-16.195,-15.192,-15.192,-15.192,-16.562,-16.562,-16.562,-16.195,,-15.192,-15.192,,-16.195,-16.195,-16.195
05-01-2026-Fri 13-27-12-PM,-16.161,-16.161,-15.192,-15.192,-15.192,-16.529,-16.529,-16.529,-16.161,,-15.192,-15.192,,-16.161,-16.161,-16.161
05-01-2026-Fri 13-27-13-PM,-16.195,-16.195,-15.192,-15.192,-15.192,-16.529,-16.529,-16.529,-16.195,,-15.192,-15.192,,-16.195,-16.195,-16.195
05-01-2026-Fri 13-27-14-PM,-16.195,-16.195,-15.192,-15.192,-15.192,-16.596,-16.596,-16.596,-16.195,,-15.192,-15.192,,-16.195,-16.195,-16.195
05-01-2026-Fri 13-27-16-PM,-16.195,-16.195,-15.192,-15.192,-15.192,-16.596,-16.596,-16.596,-16.195,,-15.192,-15.192,,-16.195,-16.195,-16.195
05-01-2026-Fri 13-27-17-PM,-16.195,-16.195,-15.192,-15.192,-15.192,-16.596,-16.596,-16.596,-16.195,,-15.192,-15.192,,-16.195,-16.195,-16.195
05-01-2026-Fri 13-27-19-PM,-16.195,-16.195,-15.192,-15.192,-15.192,-16.596,-16.596,-16.596,-16.195,,-15.192,-15.192,,-16.195,-16.195,-16.195
05-01-2026-Fri 13-27-20-PM,-16.195,-16.195,-15.226,-15.226,-15.226,-16.629,-16.629,-16.629,-16.195,,-15.226,-15.226,,-16.195,-16.195,-16.195
05-01-2026-Fri 13-27-21-PM,-16.161,-16.161,-15.192,-15.192,-15.192,-16.562,-16.562,-16.562,-16.161,,-15.192,-15.192,,-16.161,-16.161,-16.161
05-01-2026-Fri 13-27-23-PM,-16.195,-16.195,-15.192,-15.192,-15.192,-16.596,-16.596,-16.596,-16.195,,-15.192,-15.192,,-16.195,-16.195,-16.195
05-01-2026-Fri 13-27-24-PM,-16.195,-16.195,-15.226,-15.226,-15.226,-16.596,-16.596,-16.596,-16.195,,-15.226,-15.226,,-16.195,-16.195,-16.195
05-01-2026-Fri 13-27-25-PM,-16.161,-16.161,-15.192,-15.192,-15.192,-16.629,-16.629,-16.629,-16.161,,-15.192,-15.192,,-16.161,-16.161,-16.161
05-01-2026-Fri 13-27-27-PM,-16.228,-16.228,-15.226,-15.226,-15.226,-16.596,-16.596,-16.596,-16.228,,-15.226,-15.226,,-16.228,-16.228,-16.228
05-01-2026-Fri 13-27-28-PM,-16.195,-16.195,-15.226,-15.226,-15.226,-16.596,-16.596,-16.596,-16.195,,-15.226,-15.226,,-16.195,-16.195,-16.195
05-01-2026-Fri 13-27-30-PM,-16.195,-16.195,-15.226,-15.226,-15.226,-16.629,-16.629,-16.629,-16.195,,-15.226,-15.226,,-16.195,-16.195,-16.195
05-01-2026-Fri 13-27-31-PM,-16.195,-16.195,-15.226,-15.226,-15.226,-16.629,-16.629,-16.629,-16.195,,-15.226,-15.226,,-16.195,-16.195,-16.195
05-01-2026-Fri 13-27-33-PM,-16.228,-16.228,-15.226,-15.226,-15.226,-16.596,-16.596,-16.596,-16.228,,-15.226,-15.226,,-16.228,-16.228,-16.228
05-01-2026-Fri 13-27-34-PM,-16.195,-16.195,-15.259,-15.259,-15.259,-16.662,-16.662,-16.662,-16.195,,-15.259,-15.259,,-16.195,-16.195,-16.195
05-01-2026-Fri 13-27-36-PM,-16.195,-16.195,-15.192,-15.192,-15.192,-16.629,-16.629,-16.629,-16.195,,-15.192,-15.192,,-16.195,-16.195,-16.195
05-01-2026-Fri 13-27-37-PM,-16.195,-16.195,-15.226,-15.226,-15.226,-16.629,-16.629,-16.629,-16.195,,-15.226,-15.226,,-16.195,-16.195,-16.195
05-01-2026-Fri 13-27-38-PM,-16.195,-16.195,-15.226,-15.226,-15.226,-16.662,-16.662,-16.662,-16.195,,-15.226,-15.226,,-16.195,-16.195,-16.195
05-01-2026-Fri 13-27-40-PM,-16.195,-16.195,-15.259,-15.259,-15.259,-16.596,-16.596,-16.596,-16.195,,-15.259,-15.259,,-16.195,-16.195,-16.195
05-01-2026-Fri 13-27-41-PM,-16.195,-16.195,-15.226,-15.226,-15.226,-16.662,-16.662,-16.662,-16.195,,-15.226,-15.226,,-16.195,-16.195,-16.195
05-01-2026-Fri 13-27-43-PM,-16.228,-16.228,-15.259,-15.259,-15.259,-16.629,-16.629,-16.629,-16.228,,-15.259,-15.259,,-16.228,-16.228,-16.228
05-01-2026-Fri 13-27-44-PM,-16.228,-16.228,-15.226,-15.226,-15.226,-16.662,-16.662,-16.662,-16.228,,-15.226,-15.226,,-16.228,-16.228,-16.228
05-01-2026-Fri 13-27-45-PM,-16.228,-16.228,-15.259,-15.259,-15.259,-16.662,-16.662,-16.662,-16.228,,-15.259,-15.259,,-16.228,-16.228,-16.228
05-01-2026-Fri 13-27-47-PM,-16.195,-16.195,-15.259,-15.259,-15.259,-16.662,-16.662,-16.662,-16.195,,-15.259,-15.259,,-16.195,-16.195,-16.195
05-01-2026-Fri 13-27-48-PM,-16.195,-16.195,-15.259,-15.259,-15.259,-16.696,-16.696,-16.696,-16.195,,-15.259,-15.259,,-16.195,-16.195,-16.195
05-01-2026-Fri 13-27-49-PM,-16.161,-16.161,-15.192,-15.192,-15.192,-16.662,-16.662,-16.662,-16.161,,-15.192,-15.192,,-16.161,-16.161,-16.161
05-01-2026-Fri 13-27-51-PM,-16.195,-16.195,-15.125,-15.125,-15.125,-16.696,-16.696,-16.696,-16.195,,-15.125,-15.125,,-16.195,-16.195,-16.195
05-01-2026-Fri 13-27-52-PM,-15.961,-15.961,-15.025,-15.025,-15.025,-16.629,-16.629,-16.629,-15.961,,-15.025,-15.025,,-15.961,-15.961,-15.961
05-01-2026-Fri 13-27-54-PM,-16.161,-16.161,-15.125,-15.125,-15.125,-16.629,-16.629,-16.629,-16.161,,-15.125,-15.125,,-16.161,-16.161,-16.161
05-01-2026-Fri 13-27-55-PM,-16.161,-16.161,-15.259,-15.259,-15.259,-16.696,-16.696,-16.696,-16.161,,-15.259,-15.259,,-16.161,-16.161,-16.161
05-01-2026-Fri 13-27-56-PM,-16.195,-16.195,-15.259,-15.259,-15.259,-16.629,-16.629,-16.629,-16.195,,-15.259,-15.259,,-16.195,-16.195,-16.195
05-01-2026-Fri 13-27-58-PM,-16.228,-16.228,-15.292,-15.292,-15.292,-16.696,-16.696,-16.696,-16.228,,-15.292,-15.292,,-16.228,-16.228,-16.228
05-01-2026-Fri 13-27-59-PM,-16.228,-16.228,-15.259,-15.259,-15.259,-16.696,-16.696,-16.696,-16.228,,-15.259,-15.259,,-16.228,-16.228,-16.228
05-01-2026-Fri 13-28-01-PM,-16.228,-16.228,-15.292,-15.292,-15.292,-16.662,-16.662,-16.662,-16.228,,-15.292,-15.292,,-16.228,-16.228,-16.228
05-01-2026-Fri 13-28-03-PM,-16.228,-16.228,-15.259,-15.259,-15.259,-16.696,-16.696,-16.696,-16.228,,-15.259,-15.259,,-16.228,-16.228,-16.228
05-01-2026-Fri 13-28-06-PM,-16.195,-16.195,-15.259,-15.259,-15.259,-16.696,-16.696,-16.696,-16.195,,-15.259,-15.259,,-16.195,-16.195,-16.195
05-01-2026-Fri 13-28-08-PM,-16.262,-16.262,-15.259,-15.259,-15.259,-16.696,-16.696,-16.696,-16.262,,-15.259,-15.259,,-16.262,-16.262,-16.262
05-01-2026-Fri 13-28-10-PM,-16.262,-16.262,-15.259,-15.259,-15.259,-16.729,-16.729,-16.729,-16.262,,-15.259,-15.259,,-16.262,-16.262,-16.262
05-01-2026-Fri 13-28-11-PM,-16.228,-16.228,-15.259,-15.259,-15.259,-16.696,-16.696,-16.696,-16.228,,-15.259,-15.259,,-16.228,-16.228,-16.228
05-01-2026-Fri 13-28-12-PM,-16.262,-16.262,-15.259,-15.259,-15.259,-16.662,-16.662,-16.662,-16.262,,-15.259,-15.259,,-16.262,-16.262,-16.262
05-01-2026-Fri 13-28-14-PM,-16.228,-16.228,-15.292,-15.292,-15.292,-16.729,-16.729,-16.729,-16.228,,-15.292,-15.292,,-16.228,-16.228,-16.228
05-01-2026-Fri 13-28-15-PM,-16.262,-16.262,-15.292,-15.292,-15.292,-16.662,-16.662,-16.662,-16.262,,-15.292,-15.292,,-16.262,-16.262,-16.262
05-01-2026-Fri 13-28-17-PM,-16.228,-16.228,-15.259,-15.259,-15.259,-16.696,-16.696,-16.696,-16.228,,-15.259,-15.259,,-16.228,-16.228,-16.228
05-01-2026-Fri 13-28-18-PM,-16.228,-16.228,-15.292,-15.292,-15.292,-16.763,-16.763,-16.763,-16.228,,-15.292,-15.292,,-16.228,-16.228,-16.228
05-01-2026-Fri 13-28-19-PM,-16.262,-16.262,-15.292,-15.292,-15.292,-16.729,-16.729,-16.729,-16.262,,-15.292,-15.292,,-16.262,-16.262,-16.262
05-01-2026-Fri 13-28-21-PM,-16.228,-16.228,-15.292,-15.292,-15.292,-16.729,-16.729,-16.729,-16.228,,-15.292,-15.292,,-16.228,-16.228,-16.228
05-01-2026-Fri 13-28-22-PM,-16.262,-16.262,-15.292,-15.292,-15.292,-16.696,-16.696,-16.696,-16.262,,-15.292,-15.292,,-16.262,-16.262,-16.262
05-01-2026-Fri 13-28-23-PM,-16.262,-16.262,-15.292,-15.292,-15.292,-16.763,-16.763,-16.763,-16.262,,-15.292,-15.292,,-16.262,-16.262,-16.262
05-01-2026-Fri 13-28-25-PM,-16.262,-16.262,-15.292,-15.292,-15.292,-16.729,-16.729,-16.729,-16.262,,-15.292,-15.292,,-16.262,-16.262,-16.262
05-01-2026-Fri 13-28-26-PM,-16.262,-16.262,-15.326,-15.326,-15.326,-16.763,-16.763,-16.763,-16.262,,-15.326,-15.326,,-16.262,-16.262,-16.262
05-01-2026-Fri 13-28-28-PM,-16.262,-16.262,-15.292,-15.292,-15.292,-16.729,-16.729,-16.729,-16.262,,-15.292,-15.292,,-16.262,-16.262,-16.262
05-01-2026-Fri 13-28-29-PM,-16.262,-16.262,-15.292,-15.292,-15.292,-16.763,-16.763,-16.763,-16.262,,-15.292,-15.292,,-16.262,-16.262,-16.262
05-01-2026-Fri 13-28-30-PM,-16.262,-16.262,-15.326,-15.326,-15.326,-16.763,-16.763,-16.763,-16.262,,-15.326,-15.326,,-16.262,-16.262,-16.262
05-01-2026-Fri 13-28-32-PM,-16.228,-16.228,-15.292,-15.292,-15.292,-16.729,-16.729,-16.729,-16.228,,-15.292,-15.292,,-16.228,-16.228,-16.228
05-01-2026-Fri 13-28-33-PM,-16.228,-16.228,-15.326,-15.326,-15.326,-16.763,-16.763,-16.763,-16.228,,-15.326,-15.326,,-16.228,-16.228,-16.228
05-01-2026-Fri 13-28-35-PM,-16.228,-16.228,-15.326,-15.326,-15.326,-16.763,-16.763,-16.763,-16.228,,-15.326,-15.326,,-16.228,-16.228,-16.228
05-01-2026-Fri 13-28-36-PM,-16.295,-16.295,-15.292,-15.292,-15.292,-16.729,-16.729,-16.729,-16.295,,-15.292,-15.292,,-16.295,-16.295,-16.295
05-01-2026-Fri 13-28-37-PM,-16.262,-16.262,-15.326,-15.326,-15.326,-16.763,-16.763,-16.763,-16.262,,-15.326,-15.326,,-16.262,-16.262,-16.262
05-01-2026-Fri 13-28-39-PM,-16.262,-16.262,-15.326,-15.326,-15.326,-16.83,-16.83,-16.83,-16.262,,-15.326,-15.326,,-16.262,-16.262,-16.262
05-01-2026-Fri 13-28-40-PM,-16.295,-16.295,-15.326,-15.326,-15.326,-16.796,-16.796,-16.796,-16.295,,-15.326,-15.326,,-16.295,-16.295,-16.295
05-01-2026-Fri 13-28-41-PM,-16.295,-16.295,-15.326,-15.326,-15.326,-16.796,-16.796,-16.796,-16.295,,-15.326,-15.326,,-16.295,-16.295,-16.295
05-01-2026-Fri 13-28-43-PM,-16.262,-16.262,-15.359,-15.359,-15.359,-16.796,-16.796,-16.796,-16.262,,-15.359,-15.359,,-16.262,-16.262,-16.262
05-01-2026-Fri 13-28-45-PM,-16.295,-16.295,-15.326,-15.326,-15.326,-16.796,-16.796,-16.796,-16.295,,-15.326,-15.326,,-16.295,-16.295,-16.295
05-01-2026-Fri 13-28-46-PM,-16.295,-16.295,-15.326,-15.326,-15.326,-16.796,-16.796,-16.796,-16.295,,-15.326,-15.326,,-16.295,-16.295,-16.295
05-01-2026-Fri 13-28-48-PM,-16.295,-16.295,-15.326,-15.326,-15.326,-16.763,-16.763,-16.763,-16.295,,-15.326,-15.326,,-16.295,-16.295,-16.295
05-01-2026-Fri 13-28-49-PM,-16.295,-16.295,-15.359,-15.359,-15.359,-16.796,-16.796,-16.796,-16.295,,-15.359,-15.359,,-16.295,-16.295,-16.295
05-01-2026-Fri 13-28-50-PM,-16.295,-16.295,-15.359,-15.359,-15.359,-16.83,-16.83,-16.83,-16.295,,-15.359,-15.359,,-16.295,-16.295,-16.295
05-01-2026-Fri 13-28-52-PM,-16.328,-16.328,-15.393,-15.393,-15.393,-16.83,-16.83,-16.83,-16.328,,-15.393,-15.393,,-16.328,-16.328,-16.328
05-01-2026-Fri 13-28-53-PM,-16.328,-16.328,-15.393,-15.393,-15.393,-16.796,-16.796,-16.796,-16.328,,-15.393,-15.393,,-16.328,-16.328,-16.328
05-01-2026-Fri 13-28-55-PM,-16.362,-16.362,-15.393,-15.393,-15.393,-16.796,-16.796,-16.796,-16.362,,-15.393,-15.393,,-16.362,-16.362,-16.362
05-01-2026-Fri 13-28-56-PM,-16.362,-16.362,-15.426,-15.426,-15.426,-16.863,-16.863,-16.863,-16.362,,-15.426,-15.426,,-16.362,-16.362,-16.362
05-01-2026-Fri 13-28-58-PM,-16.328,-16.328,-15.46,-15.46,-15.46,-16.863,-16.863,-16.863,-16.328,,-15.46,-15.46,,-16.328,-16.328,-16.328
05-01-2026-Fri 13-28-59-PM,-16.362,-16.362,-15.46,-15.46,-15.46,-16.863,-16.863,-16.863,-16.362,,-15.46,-15.46,,-16.362,-16.362,-16.362
05-01-2026-Fri 13-29-01-PM,-16.395,-16.395,-15.493,-15.493,-15.493,-16.83,-16.83,-16.83,-16.395,,-15.493,-15.493,,-16.395,-16.395,-16.395
05-01-2026-Fri 13-29-02-PM,-16.395,-16.395,-15.526,-15.526,-15.526,-16.93,-16.93,-16.93,-16.395,,-15.526,-15.526,,-16.395,-16.395,-16.395
05-01-2026-Fri 13-29-03-PM,-16.429,-16.429,-15.526,-15.526,-15.526,-16.896,-16.896,-16.896,-16.429,,-15.526,-15.526,,-16.429,-16.429,-16.429
05-01-2026-Fri 13-29-05-PM,-16.429,-16.429,-15.56,-15.56,-15.56,-16.93,-16.93,-16.93,-16.429,,-15.56,-15.56,,-16.429,-16.429,-16.429
05-01-2026-Fri 13-29-06-PM,-16.496,-16.496,-15.593,-15.593,-15.593,-16.93,-16.93,-16.93,-16.496,,-15.593,-15.593,,-16.496,-16.496,-16.496
05-01-2026-Fri 13-29-07-PM,-16.462,-16.462,-15.56,-15.56,-15.56,-16.963,-16.963,-16.963,-16.462,,-15.56,-15.56,,-16.462,-16.462,-16.462
05-01-2026-Fri 13-29-09-PM,-16.496,-16.496,-15.593,-15.593,-15.593,-16.93,-16.93,-16.93,-16.496,,-15.593,-15.593,,-16.496,-16.496,-16.496
05-01-2026-Fri 13-29-10-PM,-16.529,-16.529,-15.627,-15.627,-15.627,-16.963,-16.963,-16.963,-16.529,,-15.627,-15.627,,-16.529,-16.529,-16.529
05-01-2026-Fri 13-29-12-PM,-16.496,-16.496,-15.66,-15.66,-15.66,-16.963,-16.963,-16.963,-16.496,,-15.66,-15.66,,-16.496,-16.496,-16.496
05-01-2026-Fri 13-29-13-PM,-16.496,-16.496,-15.66,-15.66,-15.66,-16.963,-16.963,-16.963,-16.496,,-15.66,-15.66,,-16.496,-16.496,-16.496
05-01-2026-Fri 13-29-14-PM,-16.562,-16.562,-15.694,-15.694,-15.694,-16.997,-16.997,-16.997,-16.562,,-15.694,-15.694,,-16.562,-16.562,-16.562
05-01-2026-Fri 13-29-16-PM,-16.562,-16.562,-15.66,-15.66,-15.66,-17.03,-17.03,-17.03,-16.562,,-15.66,-15.66,,-16.562,-16.562,-16.562
05-01-2026-Fri 13-29-17-PM,-16.562,-16.562,-15.694,-15.694,-15.694,-17.063,-17.063,-17.063,-16.562,,-15.694,-15.694,,-16.562,-16.562,-16.562
05-01-2026-Fri 13-29-19-PM,-16.562,-16.562,-15.694,-15.694,-15.694,-17.063,-17.063,-17.063,-16.562,,-15.694,-15.694,,-16.562,-16.562,-16.562
05-01-2026-Fri 13-29-20-PM,-16.596,-16.596,-15.727,-15.727,-15.727,-17.03,-17.03,-17.03,-16.596,,-15.727,-15.727,,-16.596,-16.596,-16.596
05-01-2026-Fri 13-29-21-PM,-16.596,-16.596,-15.76,-15.76,-15.76,-17.03,-17.03,-17.03,-16.596,,-15.76,-15.76,,-16.596,-16.596,-16.596
05-01-2026-Fri 13-29-23-PM,-16.629,-16.629,-15.76,-15.76,-15.76,-17.03,-17.03,-17.03,-16.629,,-15.76,-15.76,,-16.629,-16.629,-16.629
05-01-2026-Fri 13-29-24-PM,-16.662,-16.662,-15.794,-15.794,-15.794,-17.097,-17.097,-17.097,-16.662,,-15.794,-15.794,,-16.662,-16.662,-16.662
05-01-2026-Fri 13-29-26-PM,-16.696,-16.696,-15.827,-15.827,-15.827,-17.097,-17.097,-17.097,-16.696,,-15.827,-15.827,,-16.696,-16.696,-16.696
05-01-2026-Fri 13-29-27-PM,-16.696,-16.696,-15.861,-15.861,-15.861,-17.097,-17.097,-17.097,-16.696,,-15.861,-15.861,,-16.696,-16.696,-16.696
05-01-2026-Fri 13-29-28-PM,-16.729,-16.729,-15.894,-15.894,-15.894,-17.13,-17.13,-17.13,-16.729,,-15.894,-15.894,,-16.729,-16.729,-16.729
05-01-2026-Fri 13-29-30-PM,-16.763,-16.763,-15.927,-15.927,-15.927,-17.13,-17.13,-17.13,-16.763,,-15.927,-15.927,,-16.763,-16.763,-16.763
05-01-2026-Fri 13-29-31-PM,-16.763,-16.763,-15.994,-15.994,-15.994,-17.164,-17.164,-17.164,-16.763,,-15.994,-15.994,,-16.763,-16.763,-16.763
05-01-2026-Fri 13-29-33-PM,-16.796,-16.796,-15.994,-15.994,-15.994,-17.23,-17.23,-17.23,-16.796,,-15.994,-15.994,,-16.796,-16.796,-16.796
05-01-2026-Fri 13-29-34-PM,-16.863,-16.863,-16.028,-16.028,-16.028,-17.23,-17.23,-17.23,-16.863,,-16.028,-16.028,,-16.863,-16.863,-16.863
05-01-2026-Fri 13-29-36-PM,-16.863,-16.863,-16.061,-16.061,-16.061,-17.264,-17.264,-17.264,-16.863,,-16.061,-16.061,,-16.863,-16.863,-16.863
05-01-2026-Fri 13-29-37-PM,-16.896,-16.896,-16.128,-16.128,-16.128,-17.264,-17.264,-17.264,-16.896,,-16.128,-16.128,,-16.896,-16.896,-16.896
05-01-2026-Fri 13-29-39-PM,-16.896,-16.896,-16.128,-16.128,-16.128,-17.23,-17.23,-17.23,-16.896,,-16.128,-16.128,,-16.896,-16.896,-16.896
05-01-2026-Fri 13-29-40-PM,-16.93,-16.93,-16.195,-16.195,-16.195,-17.297,-17.297,-17.297,-16.93,,-16.195,-16.195,,-16.93,-16.93,-16.93
05-01-2026-Fri 13-29-41-PM,-16.963,-16.963,-16.228,-16.228,-16.228,-17.331,-17.331,-17.331,-16.963,,-16.228,-16.228,,-16.963,-16.963,-16.963
05-01-2026-Fri 13-29-43-PM,-16.997,-16.997,-16.262,-16.262,-16.262,-17.331,-17.331,-17.331,-16.997,,-16.262,-16.262,,-16.997,-16.997,-16.997
05-01-2026-Fri 13-29-44-PM,-17.03,-17.03,-16.295,-16.295,-16.295,-17.364,-17.364,-17.364,-17.03,,-16.295,-16.295,,-17.03,-17.03,-17.03
05-01-2026-Fri 13-29-46-PM,-17.03,-17.03,-16.328,-16.328,-16.328,-17.397,-17.397,-17.397,-17.03,,-16.328,-16.328,,-17.03,-17.03,-17.03
05-01-2026-Fri 13-29-47-PM,-17.063,-17.063,-16.362,-16.362,-16.362,-17.397,-17.397,-17.397,-17.063,,-16.362,-16.362,,-17.063,-17.063,-17.063
05-01-2026-Fri 13-29-49-PM,-17.097,-17.097,-16.362,-16.362,-16.362,-17.431,-17.431,-17.431,-17.097,,-16.362,-16.362,,-17.097,-17.097,-17.097
05-01-2026-Fri 13-29-50-PM,-17.097,-17.097,-16.395,-16.395,-16.395,-17.464,-17.464,-17.464,-17.097,,-16.395,-16.395,,-17.097,-17.097,-17.097
05-01-2026-Fri 13-29-52-PM,-17.164,-17.164,-16.462,-16.462,-16.462,-17.464,-17.464,-17.464,-17.164,,-16.462,-16.462,,-17.164,-17.164,-17.164
05-01-2026-Fri 13-29-53-PM,-17.164,-17.164,-16.496,-16.496,-16.496,-17.531,-17.531,-17.531,-17.164,,-16.496,-16.496,,-17.164,-17.164,-17.164
05-01-2026-Fri 13-29-54-PM,-17.197,-17.197,-16.496,-16.496,-16.496,-17.531,-17.531,-17.531,-17.197,,-16.496,-16.496,,-17.197,-17.197,-17.197
05-01-2026-Fri 13-29-56-PM,-17.23,-17.23,-16.496,-16.496,-16.496,-17.531,-17.531,-17.531,-17.23,,-16.496,-16.496,,-17.23,-17.23,-17.23
05-01-2026-Fri 13-29-57-PM,-17.264,-17.264,-16.562,-16.562,-16.562,-17.564,-17.564,-17.564,-17.264,,-16.562,-16.562,,-17.264,-17.264,-17.264
05-01-2026-Fri 13-29-59-PM,-17.264,-17.264,-16.596,-16.596,-16.596,-17.598,-17.598,-17.598,-17.264,,-16.596,-16.596,,-17.264,-17.264,-17.264
05-01-2026-Fri 13-30-00-PM,-17.297,-17.297,-16.629,-16.629,-16.629,-17.665,-17.665,-17.665,-17.297,,-16.629,-16.629,,-17.297,-17.297,-17.297
05-01-2026-Fri 13-30-02-PM,-17.331,-17.331,-16.629,-16.629,-16.629,-17.631,-17.631,-17.631,-17.331,,-16.629,-16.629,,-17.331,-17.331,-17.331
05-01-2026-Fri 13-30-03-PM,-17.331,-17.331,-16.696,-16.696,-16.696,-17.698,-17.698,-17.698,-17.331,,-16.696,-16.696,,-17.331,-17.331,-17.331
05-01-2026-Fri 13-30-04-PM,-17.397,-17.397,-16.696,-16.696,-16.696,-17.698,-17.698,-17.698,-17.397,,-16.696,-16.696,,-17.397,-17.397,-17.397
05-01-2026-Fri 13-30-06-PM,-17.397,-17.397,-16.729,-16.729,-16.729,-17.698,-17.698,-17.698,-17.397,,-16.729,-16.729,,-17.397,-17.397,-17.397
05-01-2026-Fri 13-30-07-PM,-17.397,-17.397,-16.729,-16.729,-16.729,-17.765,-17.765,-17.765,-17.397,,-16.729,-16.729,,-17.397,-17.397,-17.397
05-01-2026-Fri 13-30-09-PM,-17.464,-17.464,-16.796,-16.796,-16.796,-17.765,-17.765,-17.765,-17.464,,-16.796,-16.796,,-17.464,-17.464,-17.464
05-01-2026-Fri 13-30-10-PM,-17.464,-17.464,-16.796,-16.796,-16.796,-17.731,-17.731,-17.731,-17.464,,-16.796,-16.796,,-17.464,-17.464,-17.464
05-01-2026-Fri 13-30-11-PM,-17.498,-17.498,-16.83,-16.83,-16.83,-17.798,-17.798,-17.798,-17.498,,-16.83,-16.83,,-17.498,-17.498,-17.498
05-01-2026-Fri 13-30-13-PM,-17.531,-17.531,-16.863,-16.863,-16.863,-17.865,-17.865,-17.865,-17.531,,-16.863,-16.863,,-17.531,-17.531,-17.531
05-01-2026-Fri 13-30-14-PM,-17.531,-17.531,-16.896,-16.896,-16.896,-17.832,-17.832,-17.832,-17.531,,-16.896,-16.896,,-17.531,-17.531,-17.531
05-01-2026-Fri 13-30-16-PM,-17.564,-17.564,-16.896,-16.896,-16.896,-17.865,-17.865,-17.865,-17.564,,-16.896,-16.896,,-17.564,-17.564,-17.564
05-01-2026-Fri 13-30-17-PM,-17.598,-17.598,-16.963,-16.963,-16.963,-17.898,-17.898,-17.898,-17.598,,-16.963,-16.963,,-17.598,-17.598,-17.598
05-01-2026-Fri 13-30-18-PM,-17.598,-17.598,-16.963,-16.963,-16.963,-17.932,-17.932,-17.932,-17.598,,-16.963,-16.963,,-17.598,-17.598,-17.598
05-01-2026-Fri 13-30-20-PM,-17.631,-17.631,-16.997,-16.997,-16.997,-17.932,-17.932,-17.932,-17.631,,-16.997,-16.997,,-17.631,-17.631,-17.631
05-01-2026-Fri 13-30-21-PM,-17.631,-17.631,-17.03,-17.03,-17.03,-17.965,-17.965,-17.965,-17.631,,-17.03,-17.03,,-17.631,-17.631,-17.631
05-01-2026-Fri 13-30-22-PM,-17.665,-17.665,-17.03,-17.03,-17.03,-18.065,-18.065,-18.065,-17.665,,-17.03,-17.03,,-17.665,-17.665,-17.665
05-01-2026-Fri 13-30-24-PM,-17.665,-17.665,-17.063,-17.063,-17.063,-18.065,-18.065,-18.065,-17.665,,-17.063,-17.063,,-17.665,-17.665,-17.665
05-01-2026-Fri 13-30-25-PM,-17.698,-17.698,-17.097,-17.097,-17.097,-18.065,-18.065,-18.065,-17.698,,-17.097,-17.097,,-17.698,-17.698,-17.698
05-01-2026-Fri 13-30-27-PM,-17.731,-17.731,-17.13,-17.13,-17.13,-18.065,-18.065,-18.065,-17.731,,-17.13,-17.13,,-17.731,-17.731,-17.731
05-01-2026-Fri 13-30-28-PM,-17.765,-17.765,-17.164,-17.164,-17.164,-18.032,-18.032,-18.032,-17.765,,-17.164,-17.164,,-17.765,-17.765,-17.765
05-01-2026-Fri 13-30-30-PM,-17.765,-17.765,-17.164,-17.164,-17.164,-18.132,-18.132,-18.132,-17.765,,-17.164,-17.164,,-17.765,-17.765,-17.765
05-01-2026-Fri 13-30-31-PM,-17.798,-17.798,-17.197,-17.197,-17.197,-18.099,-18.099,-18.099,-17.798,,-17.197,-17.197,,-17.798,-17.798,-17.798
05-01-2026-Fri 13-30-32-PM,-17.798,-17.798,-17.23,-17.23,-17.23,-18.199,-18.199,-18.199,-17.798,,-17.23,-17.23,,-17.798,-17.798,-17.798
05-01-2026-Fri 13-30-34-PM,-17.798,-17.798,-17.264,-17.264,-17.264,-18.132,-18.132,-18.132,-17.798,,-17.264,-17.264,,-17.798,-17.798,-17.798
05-01-2026-Fri 13-30-35-PM,-17.865,-17.865,-17.264,-17.264,-17.264,-18.166,-18.166,-18.166,-17.865,,-17.264,-17.264,,-17.865,-17.865,-17.865
05-01-2026-Fri 13-30-36-PM,-17.898,-17.898,-17.264,-17.264,-17.264,-18.166,-18.166,-18.166,-17.898,,-17.264,-17.264,,-17.898,-17.898,-17.898
05-01-2026-Fri 13-30-38-PM,-17.898,-17.898,-17.297,-17.297,-17.297,-18.232,-18.232,-18.232,-17.898,,-17.297,-17.297,,-17.898,-17.898,-17.898
05-01-2026-Fri 13-30-39-PM,-17.898,-17.898,-17.331,-17.331,-17.331,-18.232,-18.232,-18.232,-17.898,,-17.331,-17.331,,-17.898,-17.898,-17.898
05-01-2026-Fri 13-30-41-PM,-17.932,-17.932,-17.331,-17.331,-17.331,-18.266,-18.266,-18.266,-17.932,,-17.331,-17.331,,-17.932,-17.932,-17.932
05-01-2026-Fri 13-30-42-PM,-17.932,-17.932,-17.364,-17.364,-17.364,-18.299,-18.299,-18.299,-17.932,,-17.364,-17.364,,-17.932,-17.932,-17.932
05-01-2026-Fri 13-30-43-PM,-17.965,-17.965,-17.364,-17.364,-17.364,-18.332,-18.332,-18.332,-17.965,,-17.364,-17.364,,-17.965,-17.965,-17.965
05-01-2026-Fri 13-30-45-PM,-17.999,-17.999,-17.397,-17.397,-17.397,-18.332,-18.332,-18.332,-17.999,,-17.397,-17.397,,-17.999,-17.999,-17.999
05-01-2026-Fri 13-30-46-PM,-17.999,-17.999,-17.431,-17.431,-17.431,-18.332,-18.332,-18.332,-17.999,,-17.431,-17.431,,-17.999,-17.999,-17.999
05-01-2026-Fri 13-30-48-PM,-18.032,-18.032,-17.431,-17.431,-17.431,-18.366,-18.366,-18.366,-18.032,,-17.431,-17.431,,-18.032,-18.032,-18.032
05-01-2026-Fri 13-30-49-PM,-18.032,-18.032,-17.464,-17.464,-17.464,-18.366,-18.366,-18.366,-18.032,,-17.464,-17.464,,-18.032,-18.032,-18.032
05-01-2026-Fri 13-30-50-PM,-18.065,-18.065,-17.498,-17.498,-17.498,-18.399,-18.399,-18.399,-18.065,,-17.498,-17.498,,-18.065,-18.065,-18.065
05-01-2026-Fri 13-30-52-PM,-18.065,-18.065,-17.498,-17.498,-17.498,-18.433,-18.433,-18.433,-18.065,,-17.498,-17.498,,-18.065,-18.065,-18.065
05-01-2026-Fri 13-30-53-PM,-18.065,-18.065,-17.498,-17.498,-17.498,-18.366,-18.366,-18.366,-18.065,,-17.498,-17.498,,-18.065,-18.065,-18.065
05-01-2026-Fri 13-30-55-PM,-18.099,-18.099,-17.531,-17.531,-17.531,-18.433,-18.433,-18.433,-18.099,,-17.531,-17.531,,-18.099,-18.099,-18.099
05-01-2026-Fri 13-30-56-PM,-18.132,-18.132,-17.564,-17.564,-17.564,-18.433,-18.433,-18.433,-18.132,,-17.564,-17.564,,-18.132,-18.132,-18.132
05-01-2026-Fri 13-30-57-PM,-18.132,-18.132,-17.564,-17.564,-17.564,-18.466,-18.466,-18.466,-18.132,,-17.564,-17.564,,-18.132,-18.132,-18.132
05-01-2026-Fri 13-30-59-PM,-18.166,-18.166,-17.564,-17.564,-17.564,-18.499,-18.499,-18.499,-18.166,,-17.564,-17.564,,-18.166,-18.166,-18.166
05-01-2026-Fri 13-31-00-PM,-18.199,-18.199,-17.598,-17.598,-17.598,-18.533,-18.533,-18.533,-18.199,,-17.598,-17.598,,-18.199,-18.199,-18.199
05-01-2026-Fri 13-31-02-PM,-18.199,-18.199,-17.631,-17.631,-17.631,-18.533,-18.533,-18.533,-18.199,,-17.631,-17.631,,-18.199,-18.199,-18.199
05-01-2026-Fri 13-31-03-PM,-18.232,-18.232,-17.631,-17.631,-17.631,-18.499,-18.499,-18.499,-18.232,,-17.631,-17.631,,-18.232,-18.232,-18.232
05-01-2026-Fri 13-31-04-PM,-18.232,-18.232,-17.698,-17.698,-17.698,-18.566,-18.566,-18.566,-18.232,,-17.698,-17.698,,-18.232,-18.232,-18.232
05-01-2026-Fri 13-31-06-PM,-18.232,-18.232,-17.698,-17.698,-17.698,-18.499,-18.499,-18.499,-18.232,,-17.698,-17.698,,-18.232,-18.232,-18.232
05-01-2026-Fri 13-31-07-PM,-18.299,-18.299,-17.731,-17.731,-17.731,-18.566,-18.566,-18.566,-18.299,,-17.731,-17.731,,-18.299,-18.299,-18.299
05-01-2026-Fri 13-31-09-PM,-18.299,-18.299,-17.731,-17.731,-17.731,-18.633,-18.633,-18.633,-18.299,,-17.731,-17.731,,-18.299,-18.299,-18.299
05-01-2026-Fri 13-31-10-PM,-18.299,-18.299,-17.731,-17.731,-17.731,-18.6,-18.6,-18.6,-18.299,,-17.731,-17.731,,-18.299,-18.299,-18.299
05-01-2026-Fri 13-31-11-PM,-18.332,-18.332,-17.765,-17.765,-17.765,-18.633,-18.633,-18.633,-18.332,,-17.765,-17.765,,-18.332,-18.332,-18.332
05-01-2026-Fri 13-31-13-PM,-18.366,-18.366,-17.798,-17.798,-17.798,-18.633,-18.633,-18.633,-18.366,,-17.798,-17.798,,-18.366,-18.366,-18.366
05-01-2026-Fri 13-31-14-PM,-18.332,-18.332,-17.798,-17.798,-17.798,-18.7,-18.7,-18.7,-18.332,,-17.798,-17.798,,-18.332,-18.332,-18.332
05-01-2026-Fri 13-31-15-PM,-18.366,-18.366,-17.832,-17.832,-17.832,-18.7,-18.7,-18.7,-18.366,,-17.832,-17.832,,-18.366,-18.366,-18.366
05-01-2026-Fri 13-31-17-PM,-18.399,-18.399,-17.865,-17.865,-17.865,-18.7,-18.7,-18.7,-18.399,,-17.865,-17.865,,-18.399,-18.399,-18.399
05-01-2026-Fri 13-31-18-PM,-18.399,-18.399,-17.832,-17.832,-17.832,-18.733,-18.733,-18.733,-18.399,,-17.832,-17.832,,-18.399,-18.399,-18.399
05-01-2026-Fri 13-31-20-PM,-18.399,-18.399,-17.865,-17.865,-17.865,-18.8,-18.8,-18.8,-18.399,,-17.865,-17.865,,-18.399,-18.399,-18.399
05-01-2026-Fri 13-31-21-PM,-18.466,-18.466,-17.865,-17.865,-17.865,-18.766,-18.766,-18.766,-18.466,,-17.865,-17.865,,-18.466,-18.466,-18.466
05-01-2026-Fri 13-31-23-PM,-18.466,-18.466,-17.898,-17.898,-17.898,-18.766,-18.766,-18.766,-18.466,,-17.898,-17.898,,-18.466,-18.466,-18.466
05-01-2026-Fri 13-31-24-PM,-18.499,-18.499,-17.932,-17.932,-17.932,-18.8,-18.8,-18.8,-18.499,,-17.932,-17.932,,-18.499,-18.499,-18.499
05-01-2026-Fri 13-31-25-PM,-18.499,-18.499,-17.932,-17.932,-17.932,-18.833,-18.833,-18.833,-18.499,,-17.932,-17.932,,-18.499,-18.499,-18.499
05-01-2026-Fri 13-31-27-PM,-18.499,-18.499,-17.965,-17.965,-17.965,-18.833,-18.833,-18.833,-18.499,,-17.965,-17.965,,-18.499,-18.499,-18.499
05-01-2026-Fri 13-31-28-PM,-18.533,-18.533,-17.965,-17.965,-17.965,-18.9,-18.9,-18.9,-18.533,,-17.965,-17.965,,-18.533,-18.533,-18.533
05-01-2026-Fri 13-31-30-PM,-18.533,-18.533,-17.999,-17.999,-17.999,-18.867,-18.867,-18.867,-18.533,,-17.999,-17.999,,-18.533,-18.533,-18.533
05-01-2026-Fri 13-31-31-PM,-18.533,-18.533,-17.999,-17.999,-17.999,-18.9,-18.9,-18.9,-18.533,,-17.999,-17.999,,-18.533,-18.533,-18.533
05-01-2026-Fri 13-31-32-PM,-18.566,-18.566,-18.032,-18.032,-18.032,-18.933,-18.933,-18.933,-18.566,,-18.032,-18.032,,-18.566,-18.566,-18.566
05-01-2026-Fri 13-31-34-PM,-18.566,-18.566,-18.032,-18.032,-18.032,-18.933,-18.933,-18.933,-18.566,,-18.032,-18.032,,-18.566,-18.566,-18.566
05-01-2026-Fri 13-31-35-PM,-18.6,-18.6,-18.065,-18.065,-18.065,-18.933,-18.933,-18.933,-18.6,,-18.065,-18.065,,-18.6,-18.6,-18.6
05-01-2026-Fri 13-31-37-PM,-18.633,-18.633,-17.965,-17.965,-17.965,-18.967,-18.967,-18.967,-18.633,,-17.965,-17.965,,-18.633,-18.633,-18.633
05-01-2026-Fri 13-31-38-PM,-18.466,-18.466,-17.898,-17.898,-17.898,-18.967,-18.967,-18.967,-18.466,,-17.898,-17.898,,-18.466,-18.466,-18.466
05-01-2026-Fri 13-31-39-PM,-18.399,-18.399,-17.999,-17.999,-17.999,-19.0,-19.0,-19.0,-18.399,,-17.999,-17.999,,-18.399,-18.399,-18.399
05-01-2026-Fri 13-31-41-PM,-18.666,-18.666,-17.965,-17.965,-17.965,-18.967,-18.967,-18.967,-18.666,,-17.965,-17.965,,-18.666,-18.666,-18.666
05-01-2026-Fri 13-31-42-PM,-18.666,-18.666,-18.166,-18.166,-18.166,-19.0,-19.0,-19.0,-18.666,,-18.166,-18.166,,-18.666,-18.666,-18.666
05-01-2026-Fri 13-31-44-PM,-18.666,-18.666,-18.166,-18.166,-18.166,-19.067,-19.067,-19.067,-18.666,,-18.166,-18.166,,-18.666,-18.666,-18.666
05-01-2026-Fri 13-31-45-PM,-18.7,-18.7,-18.166,-18.166,-18.166,-19.067,-19.067,-19.067,-18.7,,-18.166,-18.166,,-18.7,-18.7,-18.7
05-01-2026-Fri 13-31-46-PM,-18.7,-18.7,-18.166,-18.166,-18.166,-19.1,-19.1,-19.1,-18.7,,-18.166,-18.166,,-18.7,-18.7,-18.7
05-01-2026-Fri 13-31-48-PM,-18.7,-18.7,-18.199,-18.199,-18.199,-19.1,-19.1,-19.1,-18.7,,-18.199,-18.199,,-18.7,-18.7,-18.7
05-01-2026-Fri 13-31-49-PM,-18.733,-18.733,-18.199,-18.199,-18.199,-19.134,-19.134,-19.134,-18.733,,-18.199,-18.199,,-18.733,-18.733,-18.733
05-01-2026-Fri 13-31-51-PM,-18.766,-18.766,-18.232,-18.232,-18.232,-19.134,-19.134,-19.134,-18.766,,-18.232,-18.232,,-18.766,-18.766,-18.766
05-01-2026-Fri 13-31-52-PM,-18.766,-18.766,-18.232,-18.232,-18.232,-19.2,-19.2,-19.2,-18.766,,-18.232,-18.232,,-18.766,-18.766,-18.766
05-01-2026-Fri 13-31-53-PM,-18.766,-18.766,-18.232,-18.232,-18.232,-19.167,-19.167,-19.167,-18.766,,-18.232,-18.232,,-18.766,-18.766,-18.766
05-01-2026-Fri 13-31-56-PM,-18.8,-18.8,-18.266,-18.266,-18.266,-19.267,-19.267,-19.267,-18.8,,-18.266,-18.266,,-18.8,-18.8,-18.8
05-01-2026-Fri 13-31-59-PM,-18.8,-18.8,-18.299,-18.299,-18.299,-19.267,-19.267,-19.267,-18.8,,-18.299,-18.299,,-18.8,-18.8,-18.8
05-01-2026-Fri 13-32-01-PM,-18.833,-18.833,-18.332,-18.332,-18.332,-19.368,-19.368,-19.368,-18.833,,-18.332,-18.332,,-18.833,-18.833,-18.833
05-01-2026-Fri 13-32-02-PM,-18.833,-18.833,-18.332,-18.332,-18.332,-19.301,-19.301,-19.301,-18.833,,-18.332,-18.332,,-18.833,-18.833,-18.833
05-01-2026-Fri 13-32-04-PM,-18.833,-18.833,-18.366,-18.366,-18.366,-19.334,-19.334,-19.334,-18.833,,-18.366,-18.366,,-18.833,-18.833,-18.833
05-01-2026-Fri 13-32-05-PM,-18.867,-18.867,-18.366,-18.366,-18.366,-19.334,-19.334,-19.334,-18.867,,-18.366,-18.366,,-18.867,-18.867,-18.867
05-01-2026-Fri 13-32-07-PM,-18.9,-18.9,-18.399,-18.399,-18.399,-19.368,-19.368,-19.368,-18.9,,-18.399,-18.399,,-18.9,-18.9,-18.9
05-01-2026-Fri 13-32-08-PM,-18.9,-18.9,-18.399,-18.399,-18.399,-19.368,-19.368,-19.368,-18.9,,-18.399,-18.399,,-18.9,-18.9,-18.9
05-01-2026-Fri 13-32-09-PM,-18.933,-18.933,-18.433,-18.433,-18.433,-19.401,-19.401,-19.401,-18.933,,-18.433,-18.433,,-18.933,-18.933,-18.933
05-01-2026-Fri 13-32-11-PM,-18.9,-18.9,-18.433,-18.433,-18.433,-19.434,-19.434,-19.434,-18.9,,-18.433,-18.433,,-18.9,-18.9,-18.9
05-01-2026-Fri 13-32-12-PM,-18.9,-18.9,-18.433,-18.433,-18.433,-19.434,-19.434,-19.434,-18.9,,-18.433,-18.433,,-18.9,-18.9,-18.9
05-01-2026-Fri 13-32-14-PM,-18.967,-18.967,-18.466,-18.466,-18.466,-19.468,-19.468,-19.468,-18.967,,-18.466,-18.466,,-18.967,-18.967,-18.967
05-01-2026-Fri 13-32-15-PM,-18.967,-18.967,-18.466,-18.466,-18.466,-19.501,-19.501,-19.501,-18.967,,-18.466,-18.466,,-18.967,-18.967,-18.967
05-01-2026-Fri 13-32-17-PM,-19.0,-19.0,-18.499,-18.499,-18.499,-19.534,-19.534,-19.534,-19.0,,-18.499,-18.499,,-19.0,-19.0,-19.0
05-01-2026-Fri 13-32-18-PM,-19.0,-19.0,-18.466,-18.466,-18.466,-19.501,-19.501,-19.501,-19.0,,-18.466,-18.466,,-19.0,-19.0,-19.0
05-01-2026-Fri 13-32-19-PM,-19.0,-19.0,-18.499,-18.499,-18.499,-19.501,-19.501,-19.501,-19.0,,-18.499,-18.499,,-19.0,-19.0,-19.0
05-01-2026-Fri 13-32-21-PM,-19.034,-19.034,-18.533,-18.533,-18.533,-19.534,-19.534,-19.534,-19.034,,-18.533,-18.533,,-19.034,-19.034,-19.034
05-01-2026-Fri 13-32-22-PM,-19.034,-19.034,-18.533,-18.533,-18.533,-19.568,-19.568,-19.568,-19.034,,-18.533,-18.533,,-19.034,-19.034,-19.034
05-01-2026-Fri 13-32-23-PM,-19.034,-19.034,-18.533,-18.533,-18.533,-19.601,-19.601,-19.601,-19.034,,-18.533,-18.533,,-19.034,-19.034,-19.034
05-01-2026-Fri 13-32-25-PM,-19.067,-19.067,-18.566,-18.566,-18.566,-19.601,-19.601,-19.601,-19.067,,-18.566,-18.566,,-19.067,-19.067,-19.067
05-01-2026-Fri 13-32-26-PM,-19.034,-19.034,-18.6,-18.6,-18.6,-19.534,-19.534,-19.534,-19.034,,-18.6,-18.6,,-19.034,-19.034,-19.034
05-01-2026-Fri 13-32-28-PM,-19.1,-19.1,-18.566,-18.566,-18.566,-19.668,-19.668,-19.668,-19.1,,-18.566,-18.566,,-19.1,-19.1,-19.1
05-01-2026-Fri 13-32-29-PM,-19.1,-19.1,-18.6,-18.6,-18.6,-19.668,-19.668,-19.668,-19.1,,-18.6,-18.6,,-19.1,-19.1,-19.1
05-01-2026-Fri 13-32-30-PM,-19.1,-19.1,-18.6,-18.6,-18.6,-19.668,-19.668,-19.668,-19.1,,-18.6,-18.6,,-19.1,-19.1,-19.1
05-01-2026-Fri 13-32-32-PM,-19.134,-19.134,-18.633,-18.633,-18.633,-19.735,-19.735,-19.735,-19.134,,-18.633,-18.633,,-19.134,-19.134,-19.134
05-01-2026-Fri 13-32-33-PM,-19.134,-19.134,-18.633,-18.633,-18.633,-19.668,-19.668,-19.668,-19.134,,-18.633,-18.633,,-19.134,-19.134,-19.134
05-01-2026-Fri 13-32-35-PM,-19.134,-19.134,-18.633,-18.633,-18.633,-19.768,-19.768,-19.768,-19.134,,-18.633,-18.633,,-19.134,-19.134,-19.134
05-01-2026-Fri 13-32-36-PM,-19.167,-19.167,-18.666,-18.666,-18.666,-19.701,-19.701,-19.701,-19.167,,-18.666,-18.666,,-19.167,-19.167,-19.167
05-01-2026-Fri 13-32-37-PM,-19.134,-19.134,-18.666,-18.666,-18.666,-19.768,-19.768,-19.768,-19.134,,-18.666,-18.666,,-19.134,-19.134,-19.134
05-01-2026-Fri 13-32-39-PM,-19.167,-19.167,-18.7,-18.7,-18.7,-19.835,-19.835,-19.835,-19.167,,-18.7,-18.7,,-19.167,-19.167,-19.167
05-01-2026-Fri 13-32-40-PM,-19.167,-19.167,-18.7,-18.7,-18.7,-19.835,-19.835,-19.835,-19.167,,-18.7,-18.7,,-19.167,-19.167,-19.167
05-01-2026-Fri 13-32-42-PM,-19.2,-19.2,-18.7,-18.7,-18.7,-19.835,-19.835,-19.835,-19.2,,-18.7,-18.7,,-19.2,-19.2,-19.2
05-01-2026-Fri 13-32-43-PM,-19.234,-19.234,-18.733,-18.733,-18.733,-19.868,-19.868,-19.868,-19.234,,-18.733,-18.733,,-19.234,-19.234,-19.234
05-01-2026-Fri 13-32-44-PM,-19.2,-19.2,-18.733,-18.733,-18.733,-19.835,-19.835,-19.835,-19.2,,-18.733,-18.733,,-19.2,-19.2,-19.2
05-01-2026-Fri 13-32-46-PM,-19.2,-19.2,-18.733,-18.733,-18.733,-19.868,-19.868,-19.868,-19.2,,-18.733,-18.733,,-19.2,-19.2,-19.2
05-01-2026-Fri 13-32-47-PM,-19.234,-19.234,-18.766,-18.766,-18.766,-19.935,-19.935,-19.935,-19.234,,-18.766,-18.766,,-19.234,-19.234,-19.234
05-01-2026-Fri 13-32-49-PM,-19.267,-19.267,-18.8,-18.8,-18.8,-19.902,-19.902,-19.902,-19.267,,-18.8,-18.8,,-19.267,-19.267,-19.267
05-01-2026-Fri 13-32-50-PM,-19.267,-19.267,-18.766,-18.766,-18.766,-19.935,-19.935,-19.935,-19.267,,-18.766,-18.766,,-19.267,-19.267,-19.267
05-01-2026-Fri 13-32-51-PM,-19.267,-19.267,-18.8,-18.8,-18.8,-20.002,-20.002,-20.002,-19.267,,-18.8,-18.8,,-19.267,-19.267,-19.267
05-01-2026-Fri 13-32-53-PM,-19.267,-19.267,-18.833,-18.833,-18.833,-19.968,-19.968,-19.968,-19.267,,-18.833,-18.833,,-19.267,-19.267,-19.267
05-01-2026-Fri 13-32-54-PM,-19.267,-19.267,-18.833,-18.833,-18.833,-20.035,-20.035,-20.035,-19.267,,-18.833,-18.833,,-19.267,-19.267,-19.267
05-01-2026-Fri 13-32-56-PM,-19.301,-19.301,-18.833,-18.833,-18.833,-20.002,-20.002,-20.002,-19.301,,-18.833,-18.833,,-19.301,-19.301,-19.301
05-01-2026-Fri 13-32-57-PM,-19.301,-19.301,-18.833,-18.833,-18.833,-20.068,-20.068,-20.068,-19.301,,-18.833,-18.833,,-19.301,-19.301,-19.301
05-01-2026-Fri 13-32-58-PM,-19.301,-19.301,-18.867,-18.867,-18.867,-20.068,-20.068,-20.068,-19.301,,-18.867,-18.867,,-19.301,-19.301,-19.301
05-01-2026-Fri 13-33-00-PM,-19.334,-19.334,-18.867,-18.867,-18.867,-20.035,-20.035,-20.035,-19.334,,-18.867,-18.867,,-19.334,-19.334,-19.334
05-01-2026-Fri 13-33-01-PM,-19.334,-19.334,-18.9,-18.9,-18.9,-20.102,-20.102,-20.102,-19.334,,-18.9,-18.9,,-19.334,-19.334,-19.334
05-01-2026-Fri 13-33-02-PM,-19.334,-19.334,-18.9,-18.9,-18.9,-20.068,-20.068,-20.068,-19.334,,-18.9,-18.9,,-19.334,-19.334,-19.334
05-01-2026-Fri 13-33-04-PM,-19.334,-19.334,-18.9,-18.9,-18.9,-20.135,-20.135,-20.135,-19.334,,-18.9,-18.9,,-19.334,-19.334,-19.334
05-01-2026-Fri 13-33-05-PM,-19.368,-19.368,-18.933,-18.933,-18.933,-20.168,-20.168,-20.168,-19.368,,-18.933,-18.933,,-19.368,-19.368,-19.368
05-01-2026-Fri 13-33-07-PM,-19.368,-19.368,-18.933,-18.933,-18.933,-20.135,-20.135,-20.135,-19.368,,-18.933,-18.933,,-19.368,-19.368,-19.368
05-01-2026-Fri 13-33-08-PM,-19.401,-19.401,-18.933,-18.933,-18.933,-20.202,-20.202,-20.202,-19.401,,-18.933,-18.933,,-19.401,-19.401,-19.401
05-01-2026-Fri 13-33-09-PM,-19.401,-19.401,-18.933,-18.933,-18.933,-20.135,-20.135,-20.135,-19.401,,-18.933,-18.933,,-19.401,-19.401,-19.401
05-01-2026-Fri 13-33-11-PM,-19.401,-19.401,-18.967,-18.967,-18.967,-20.168,-20.168,-20.168,-19.401,,-18.967,-18.967,,-19.401,-19.401,-19.401
05-01-2026-Fri 13-33-12-PM,-19.434,-19.434,-18.967,-18.967,-18.967,-20.235,-20.235,-20.235,-19.434,,-18.967,-18.967,,-19.434,-19.434,-19.434
05-01-2026-Fri 13-33-14-PM,-19.434,-19.434,-19.0,-19.0,-19.0,-20.235,-20.235,-20.235,-19.434,,-19.0,-19.0,,-19.434,-19.434,-19.434
05-01-2026-Fri 13-33-15-PM,-19.434,-19.434,-19.0,-19.0,-19.0,-20.235,-20.235,-20.235,-19.434,,-19.0,-19.0,,-19.434,-19.434,-19.434
05-01-2026-Fri 13-33-17-PM,-19.468,-19.468,-19.034,-19.034,-19.034,-20.302,-20.302,-20.302,-19.468,,-19.034,-19.034,,-19.468,-19.468,-19.468
05-01-2026-Fri 13-33-18-PM,-19.468,-19.468,-19.034,-19.034,-19.034,-20.302,-20.302,-20.302,-19.468,,-19.034,-19.034,,-19.468,-19.468,-19.468
05-01-2026-Fri 13-33-19-PM,-19.468,-19.468,-19.067,-19.067,-19.067,-20.335,-20.335,-20.335,-19.468,,-19.067,-19.067,,-19.468,-19.468,-19.468
05-01-2026-Fri 13-33-21-PM,-19.468,-19.468,-19.034,-19.034,-19.034,-20.335,-20.335,-20.335,-19.468,,-19.034,-19.034,,-19.468,-19.468,-19.468
05-01-2026-Fri 13-33-22-PM,-19.468,-19.468,-19.034,-19.034,-19.034,-20.369,-20.369,-20.369,-19.468,,-19.034,-19.034,,-19.468,-19.468,-19.468
05-01-2026-Fri 13-33-24-PM,-19.501,-19.501,-19.067,-19.067,-19.067,-20.369,-20.369,-20.369,-19.501,,-19.067,-19.067,,-19.501,-19.501,-19.501
05-01-2026-Fri 13-33-25-PM,-19.501,-19.501,-19.067,-19.067,-19.067,-20.402,-20.402,-20.402,-19.501,,-19.067,-19.067,,-19.501,-19.501,-19.501
05-01-2026-Fri 13-33-26-PM,-19.501,-19.501,-19.067,-19.067,-19.067,-20.435,-20.435,-20.435,-19.501,,-19.067,-19.067,,-19.501,-19.501,-19.501
05-01-2026-Fri 13-33-28-PM,-19.501,-19.501,-19.1,-19.1,-19.1,-20.435,-20.435,-20.435,-19.501,,-19.1,-19.1,,-19.501,-19.501,-19.501
05-01-2026-Fri 13-33-29-PM,-19.534,-19.534,-19.1,-19.1,-19.1,-20.402,-20.402,-20.402,-19.534,,-19.1,-19.1,,-19.534,-19.534,-19.534
05-01-2026-Fri 13-33-31-PM,-19.534,-19.534,-19.134,-19.134,-19.134,-20.469,-20.469,-20.469,-19.534,,-19.134,-19.134,,-19.534,-19.534,-19.534
05-01-2026-Fri 13-33-32-PM,-19.401,-19.401,-18.9,-18.9,-18.9,-20.469,-20.469,-20.469,-19.401,,-18.9,-18.9,,-19.401,-19.401,-19.401
05-01-2026-Fri 13-33-34-PM,-19.568,-19.568,-18.967,-18.967,-18.967,-20.536,-20.536,-20.536,-19.568,,-18.967,-18.967,,-19.568,-19.568,-19.568
05-01-2026-Fri 13-33-35-PM,-19.368,-19.368,-19.2,-19.2,-19.2,-20.502,-20.502,-20.502,-19.368,,-19.2,-19.2,,-19.368,-19.368,-19.368
05-01-2026-Fri 13-33-36-PM,-19.434,-19.434,-18.967,-18.967,-18.967,-20.536,-20.536,-20.536,-19.434,,-18.967,-18.967,,-19.434,-19.434,-19.434
05-01-2026-Fri 13-33-38-PM,-19.568,-19.568,-19.167,-19.167,-19.167,-20.502,-20.502,-20.502,-19.568,,-19.167,-19.167,,-19.568,-19.568,-19.568
05-01-2026-Fri 13-33-39-PM,-19.568,-19.568,-19.167,-19.167,-19.167,-20.536,-20.536,-20.536,-19.568,,-19.167,-19.167,,-19.568,-19.568,-19.568
05-01-2026-Fri 13-33-41-PM,-19.601,-19.601,-19.2,-19.2,-19.2,-20.502,-20.502,-20.502,-19.601,,-19.2,-19.2,,-19.601,-19.601,-19.601
05-01-2026-Fri 13-33-42-PM,-19.601,-19.601,-19.2,-19.2,-19.2,-20.569,-20.569,-20.569,-19.601,,-19.2,-19.2,,-19.601,-19.601,-19.601
05-01-2026-Fri 13-33-43-PM,-19.601,-19.601,-19.2,-19.2,-19.2,-20.636,-20.636,-20.636,-19.601,,-19.2,-19.2,,-19.601,-19.601,-19.601
05-01-2026-Fri 13-33-45-PM,-19.634,-19.634,-19.234,-19.234,-19.234,-20.636,-20.636,-20.636,-19.634,,-19.234,-19.234,,-19.634,-19.634,-19.634
05-01-2026-Fri 13-33-46-PM,-19.634,-19.634,-19.234,-19.234,-19.234,-20.669,-20.669,-20.669,-19.634,,-19.234,-19.234,,-19.634,-19.634,-19.634
05-01-2026-Fri 13-33-47-PM,-19.634,-19.634,-19.2,-19.2,-19.2,-20.669,-20.669,-20.669,-19.634,,-19.2,-19.2,,-19.634,-19.634,-19.634
05-01-2026-Fri 13-33-49-PM,-19.668,-19.668,-19.234,-19.234,-19.234,-20.636,-20.636,-20.636,-19.668,,-19.234,-19.234,,-19.668,-19.668,-19.668
05-01-2026-Fri 13-33-50-PM,-19.668,-19.668,-19.234,-19.234,-19.234,-20.669,-20.669,-20.669,-19.668,,-19.234,-19.234,,-19.668,-19.668,-19.668
05-01-2026-Fri 13-33-52-PM,-19.634,-19.634,-19.267,-19.267,-19.267,-20.769,-20.769,-20.769,-19.634,,-19.267,-19.267,,-19.634,-19.634,-19.634
05-01-2026-Fri 13-33-53-PM,-19.668,-19.668,-19.267,-19.267,-19.267,-20.669,-20.669,-20.669,-19.668,,-19.267,-19.267,,-19.668,-19.668,-19.668
05-01-2026-Fri 13-33-55-PM,-19.701,-19.701,-19.267,-19.267,-19.267,-20.702,-20.702,-20.702,-19.701,,-19.267,-19.267,,-19.701,-19.701,-19.701
05-01-2026-Fri 13-33-56-PM,-19.701,-19.701,-19.301,-19.301,-19.301,-20.702,-20.702,-20.702,-19.701,,-19.301,-19.301,,-19.701,-19.701,-19.701
05-01-2026-Fri 13-33-57-PM,-19.701,-19.701,-19.301,-19.301,-19.301,-20.736,-20.736,-20.736,-19.701,,-19.301,-19.301,,-19.701,-19.701,-19.701
05-01-2026-Fri 13-33-59-PM,-19.701,-19.701,-19.301,-19.301,-19.301,-20.802,-20.802,-20.802,-19.701,,-19.301,-19.301,,-19.701,-19.701,-19.701
05-01-2026-Fri 13-34-00-PM,-19.735,-19.735,-19.334,-19.334,-19.334,-20.802,-20.802,-20.802,-19.735,,-19.334,-19.334,,-19.735,-19.735,-19.735
05-01-2026-Fri 13-34-02-PM,-19.735,-19.735,-19.334,-19.334,-19.334,-20.802,-20.802,-20.802,-19.735,,-19.334,-19.334,,-19.735,-19.735,-19.735
05-01-2026-Fri 13-34-03-PM,-19.735,-19.735,-19.334,-19.334,-19.334,-20.802,-20.802,-20.802,-19.735,,-19.334,-19.334,,-19.735,-19.735,-19.735
05-01-2026-Fri 13-34-04-PM,-19.735,-19.735,-19.368,-19.368,-19.368,-20.836,-20.836,-20.836,-19.735,,-19.368,-19.368,,-19.735,-19.735,-19.735
05-01-2026-Fri 13-34-06-PM,-19.768,-19.768,-19.368,-19.368,-19.368,-20.869,-20.869,-20.869,-19.768,,-19.368,-19.368,,-19.768,-19.768,-19.768
05-01-2026-Fri 13-34-07-PM,-19.768,-19.768,-19.401,-19.401,-19.401,-20.869,-20.869,-20.869,-19.768,,-19.401,-19.401,,-19.768,-19.768,-19.768
05-01-2026-Fri 13-34-09-PM,-19.768,-19.768,-19.401,-19.401,-19.401,-20.936,-20.936,-20.936,-19.768,,-19.401,-19.401,,-19.768,-19.768,-19.768
05-01-2026-Fri 13-34-10-PM,-19.801,-19.801,-19.401,-19.401,-19.401,-20.902,-20.902,-20.902,-19.801,,-19.401,-19.401,,-19.801,-19.801,-19.801
05-01-2026-Fri 13-34-11-PM,-19.768,-19.768,-19.401,-19.401,-19.401,-20.902,-20.902,-20.902,-19.768,,-19.401,-19.401,,-19.768,-19.768,-19.768
05-01-2026-Fri 13-34-13-PM,-19.768,-19.768,-19.401,-19.401,-19.401,-20.936,-20.936,-20.936,-19.768,,-19.401,-19.401,,-19.768,-19.768,-19.768
05-01-2026-Fri 13-34-14-PM,-19.801,-19.801,-19.401,-19.401,-19.401,-20.969,-20.969,-20.969,-19.801,,-19.401,-19.401,,-19.801,-19.801,-19.801
05-01-2026-Fri 13-34-16-PM,-19.835,-19.835,-19.468,-19.468,-19.468,-21.003,-21.003,-21.003,-19.835,,-19.468,-19.468,,-19.835,-19.835,-19.835
05-01-2026-Fri 13-34-17-PM,-19.801,-19.801,-19.434,-19.434,-19.434,-21.036,-21.036,-21.036,-19.801,,-19.434,-19.434,,-19.801,-19.801,-19.801
05-01-2026-Fri 13-34-18-PM,-19.801,-19.801,-19.434,-19.434,-19.434,-21.003,-21.003,-21.003,-19.801,,-19.434,-19.434,,-19.801,-19.801,-19.801
05-01-2026-Fri 13-34-20-PM,-19.835,-19.835,-19.468,-19.468,-19.468,-21.003,-21.003,-21.003,-19.835,,-19.468,-19.468,,-19.835,-19.835,-19.835
05-01-2026-Fri 13-34-21-PM,-19.868,-19.868,-19.501,-19.501,-19.501,-21.036,-21.036,-21.036,-19.868,,-19.501,-19.501,,-19.868,-19.868,-19.868
05-01-2026-Fri 13-34-24-PM,-19.835,-19.835,-19.501,-19.501,-19.501,-21.036,-21.036,-21.036,-19.835,,-19.501,-19.501,,-19.835,-19.835,-19.835
05-01-2026-Fri 13-34-27-PM,-19.868,-19.868,-19.501,-19.501,-19.501,-21.069,-21.069,-21.069,-19.868,,-19.501,-19.501,,-19.868,-19.868,-19.868
05-01-2026-Fri 13-34-30-PM,-19.902,-19.902,-19.534,-19.534,-19.534,-21.103,-21.103,-21.103,-19.902,,-19.534,-19.534,,-19.902,-19.902,-19.902
05-01-2026-Fri 13-34-32-PM,-19.902,-19.902,-19.568,-19.568,-19.568,-21.136,-21.136,-21.136,-19.902,,-19.568,-19.568,,-19.902,-19.902,-19.902
05-01-2026-Fri 13-34-34-PM,-19.935,-19.935,-19.601,-19.601,-19.601,-21.169,-21.169,-21.169,-19.935,,-19.601,-19.601,,-19.935,-19.935,-19.935
05-01-2026-Fri 13-34-36-PM,-19.968,-19.968,-19.601,-19.601,-19.601,-21.236,-21.236,-21.236,-19.968,,-19.601,-19.601,,-19.968,-19.968,-19.968
05-01-2026-Fri 13-34-37-PM,-19.935,-19.935,-19.601,-19.601,-19.601,-21.236,-21.236,-21.236,-19.935,,-19.601,-19.601,,-19.935,-19.935,-19.935
05-01-2026-Fri 13-34-39-PM,-19.935,-19.935,-19.601,-19.601,-19.601,-21.236,-21.236,-21.236,-19.935,,-19.601,-19.601,,-19.935,-19.935,-19.935
05-01-2026-Fri 13-34-40-PM,-19.968,-19.968,-19.634,-19.634,-19.634,-21.269,-21.269,-21.269,-19.968,,-19.634,-19.634,,-19.968,-19.968,-19.968
05-01-2026-Fri 13-34-41-PM,-19.968,-19.968,-19.634,-19.634,-19.634,-21.269,-21.269,-21.269,-19.968,,-19.634,-19.634,,-19.968,-19.968,-19.968
05-01-2026-Fri 13-34-43-PM,-19.935,-19.935,-19.634,-19.634,-19.634,-21.269,-21.269,-21.269,-19.935,,-19.634,-19.634,,-19.935,-19.935,-19.935
05-01-2026-Fri 13-34-44-PM,-20.002,-20.002,-19.634,-19.634,-19.634,-21.336,-21.336,-21.336,-20.002,,-19.634,-19.634,,-20.002,-20.002,-20.002
05-01-2026-Fri 13-34-46-PM,-19.968,-19.968,-19.668,-19.668,-19.668,-21.303,-21.303,-21.303,-19.968,,-19.668,-19.668,,-19.968,-19.968,-19.968
05-01-2026-Fri 13-34-47-PM,-20.002,-20.002,-19.668,-19.668,-19.668,-21.303,-21.303,-21.303,-20.002,,-19.668,-19.668,,-20.002,-20.002,-20.002
05-01-2026-Fri 13-34-48-PM,-20.002,-20.002,-19.668,-19.668,-19.668,-21.37,-21.37,-21.37,-20.002,,-19.668,-19.668,,-20.002,-20.002,-20.002
05-01-2026-Fri 13-34-50-PM,-20.035,-20.035,-19.668,-19.668,-19.668,-21.403,-21.403,-21.403,-20.035,,-19.668,-19.668,,-20.035,-20.035,-20.035
05-01-2026-Fri 13-34-51-PM,-20.002,-20.002,-19.701,-19.701,-19.701,-21.336,-21.336,-21.336,-20.002,,-19.701,-19.701,,-20.002,-20.002,-20.002
05-01-2026-Fri 13-34-53-PM,-20.035,-20.035,-19.668,-19.668,-19.668,-21.336,-21.336,-21.336,-20.035,,-19.668,-19.668,,-20.035,-20.035,-20.035
05-01-2026-Fri 13-34-54-PM,-20.035,-20.035,-19.701,-19.701,-19.701,-21.403,-21.403,-21.403,-20.035,,-19.701,-19.701,,-20.035,-20.035,-20.035
05-01-2026-Fri 13-34-55-PM,-20.035,-20.035,-19.701,-19.701,-19.701,-21.403,-21.403,-21.403,-20.035,,-19.701,-19.701,,-20.035,-20.035,-20.035
05-01-2026-Fri 13-34-57-PM,-20.035,-20.035,-19.735,-19.735,-19.735,-21.47,-21.47,-21.47,-20.035,,-19.735,-19.735,,-20.035,-20.035,-20.035
05-01-2026-Fri 13-34-58-PM,-20.068,-20.068,-19.735,-19.735,-19.735,-21.436,-21.436,-21.436,-20.068,,-19.735,-19.735,,-20.068,-20.068,-20.068
05-01-2026-Fri 13-35-00-PM,-20.068,-20.068,-19.735,-19.735,-19.735,-21.47,-21.47,-21.47,-20.068,,-19.735,-19.735,,-20.068,-20.068,-20.068
05-01-2026-Fri 13-35-01-PM,-20.068,-20.068,-19.768,-19.768,-19.768,-21.536,-21.536,-21.536,-20.068,,-19.768,-19.768,,-20.068,-20.068,-20.068
05-01-2026-Fri 13-35-03-PM,-20.102,-20.102,-19.735,-19.735,-19.735,-21.47,-21.47,-21.47,-20.102,,-19.735,-19.735,,-20.102,-20.102,-20.102
05-01-2026-Fri 13-35-04-PM,-20.068,-20.068,-19.735,-19.735,-19.735,-21.536,-21.536,-21.536,-20.068,,-19.735,-19.735,,-20.068,-20.068,-20.068
05-01-2026-Fri 13-35-06-PM,-20.102,-20.102,-19.768,-19.768,-19.768,-21.603,-21.603,-21.603,-20.102,,-19.768,-19.768,,-20.102,-20.102,-20.102
05-01-2026-Fri 13-35-07-PM,-20.102,-20.102,-19.768,-19.768,-19.768,-21.603,-21.603,-21.603,-20.102,,-19.768,-19.768,,-20.102,-20.102,-20.102
05-01-2026-Fri 13-35-09-PM,-20.102,-20.102,-19.801,-19.801,-19.801,-21.603,-21.603,-21.603,-20.102,,-19.801,-19.801,,-20.102,-20.102,-20.102
05-01-2026-Fri 13-35-10-PM,-20.135,-20.135,-19.801,-19.801,-19.801,-21.636,-21.636,-21.636,-20.135,,-19.801,-19.801,,-20.135,-20.135,-20.135
05-01-2026-Fri 13-35-12-PM,-20.135,-20.135,-19.835,-19.835,-19.835,-21.636,-21.636,-21.636,-20.135,,-19.835,-19.835,,-20.135,-20.135,-20.135
05-01-2026-Fri 13-35-13-PM,-20.135,-20.135,-19.801,-19.801,-19.801,-21.636,-21.636,-21.636,-20.135,,-19.801,-19.801,,-20.135,-20.135,-20.135
05-01-2026-Fri 13-35-14-PM,-20.168,-20.168,-19.835,-19.835,-19.835,-21.67,-21.67,-21.67,-20.168,,-19.835,-19.835,,-20.168,-20.168,-20.168
05-01-2026-Fri 13-35-16-PM,-20.168,-20.168,-19.835,-19.835,-19.835,-21.67,-21.67,-21.67,-20.168,,-19.835,-19.835,,-20.168,-20.168,-20.168
05-01-2026-Fri 13-35-17-PM,-20.168,-20.168,-19.868,-19.868,-19.868,-21.67,-21.67,-21.67,-20.168,,-19.868,-19.868,,-20.168,-20.168,-20.168
05-01-2026-Fri 13-35-19-PM,-20.168,-20.168,-19.868,-19.868,-19.868,-21.736,-21.736,-21.736,-20.168,,-19.868,-19.868,,-20.168,-20.168,-20.168
05-01-2026-Fri 13-35-20-PM,-20.168,-20.168,-19.868,-19.868,-19.868,-21.67,-21.67,-21.67,-20.168,,-19.868,-19.868,,-20.168,-20.168,-20.168
05-01-2026-Fri 13-35-21-PM,-20.168,-20.168,-19.868,-19.868,-19.868,-21.736,-21.736,-21.736,-20.168,,-19.868,-19.868,,-20.168,-20.168,-20.168
05-01-2026-Fri 13-35-23-PM,-20.202,-20.202,-19.835,-19.835,-19.835,-21.77,-21.77,-21.77,-20.202,,-19.835,-19.835,,-20.202,-20.202,-20.202
05-01-2026-Fri 13-35-24-PM,-20.202,-20.202,-19.868,-19.868,-19.868,-21.703,-21.703,-21.703,-20.202,,-19.868,-19.868,,-20.202,-20.202,-20.202
05-01-2026-Fri 13-35-26-PM,-20.202,-20.202,-19.868,-19.868,-19.868,-21.77,-21.77,-21.77,-20.202,,-19.868,-19.868,,-20.202,-20.202,-20.202
05-01-2026-Fri 13-35-27-PM,-20.202,-20.202,-19.902,-19.902,-19.902,-21.77,-21.77,-21.77,-20.202,,-19.902,-19.902,,-20.202,-20.202,-20.202
05-01-2026-Fri 13-35-28-PM,-20.235,-20.235,-19.902,-19.902,-19.902,-21.837,-21.837,-21.837,-20.235,,-19.902,-19.902,,-20.235,-20.235,-20.235
05-01-2026-Fri 13-35-30-PM,-20.235,-20.235,-19.935,-19.935,-19.935,-21.837,-21.837,-21.837,-20.235,,-19.935,-19.935,,-20.235,-20.235,-20.235
05-01-2026-Fri 13-35-31-PM,-20.235,-20.235,-19.935,-19.935,-19.935,-21.87,-21.87,-21.87,-20.235,,-19.935,-19.935,,-20.235,-20.235,-20.235
05-01-2026-Fri 13-35-33-PM,-20.268,-20.268,-19.935,-19.935,-19.935,-21.87,-21.87,-21.87,-20.268,,-19.935,-19.935,,-20.268,-20.268,-20.268
05-01-2026-Fri 13-35-34-PM,-20.302,-20.302,-19.968,-19.968,-19.968,-21.87,-21.87,-21.87,-20.302,,-19.968,-19.968,,-20.302,-20.302,-20.302
05-01-2026-Fri 13-35-35-PM,-20.268,-20.268,-19.968,-19.968,-19.968,-21.87,-21.87,-21.87,-20.268,,-19.968,-19.968,,-20.268,-20.268,-20.268
05-01-2026-Fri 13-35-37-PM,-20.302,-20.302,-19.968,-19.968,-19.968,-21.903,-21.903,-21.903,-20.302,,-19.968,-19.968,,-20.302,-20.302,-20.302
05-01-2026-Fri 13-35-38-PM,-20.268,-20.268,-19.968,-19.968,-19.968,-21.903,-21.903,-21.903,-20.268,,-19.968,-19.968,,-20.268,-20.268,-20.268
05-01-2026-Fri 13-35-40-PM,-20.302,-20.302,-19.968,-19.968,-19.968,-21.937,-21.937,-21.937,-20.302,,-19.968,-19.968,,-20.302,-20.302,-20.302
05-01-2026-Fri 13-35-41-PM,-20.302,-20.302,-19.968,-19.968,-19.968,-21.937,-21.937,-21.937,-20.302,,-19.968,-19.968,,-20.302,-20.302,-20.302
05-01-2026-Fri 13-35-42-PM,-20.302,-20.302,-20.002,-20.002,-20.002,-21.97,-21.97,-21.97,-20.302,,-20.002,-20.002,,-20.302,-20.302,-20.302
05-01-2026-Fri 13-35-44-PM,-20.302,-20.302,-20.035,-20.035,-20.035,-21.97,-21.97,-21.97,-20.302,,-20.035,-20.035,,-20.302,-20.302,-20.302
05-01-2026-Fri 13-35-45-PM,-20.302,-20.302,-20.035,-20.035,-20.035,-22.07,-22.07,-22.07,-20.302,,-20.035,-20.035,,-20.302,-20.302,-20.302
05-01-2026-Fri 13-35-46-PM,-20.369,-20.369,-20.002,-20.002,-20.002,-22.003,-22.003,-22.003,-20.369,,-20.002,-20.002,,-20.369,-20.369,-20.369
05-01-2026-Fri 13-35-48-PM,-20.369,-20.369,-20.035,-20.035,-20.035,-22.07,-22.07,-22.07,-20.369,,-20.035,-20.035,,-20.369,-20.369,-20.369
05-01-2026-Fri 13-35-49-PM,-20.369,-20.369,-20.068,-20.068,-20.068,-22.003,-22.003,-22.003,-20.369,,-20.068,-20.068,,-20.369,-20.369,-20.369
05-01-2026-Fri 13-35-51-PM,-20.369,-20.369,-20.035,-20.035,-20.035,-22.037,-22.037,-22.037,-20.369,,-20.035,-20.035,,-20.369,-20.369,-20.369
05-01-2026-Fri 13-35-52-PM,-20.402,-20.402,-20.068,-20.068,-20.068,-22.103,-22.103,-22.103,-20.402,,-20.068,-20.068,,-20.402,-20.402,-20.402
05-01-2026-Fri 13-35-53-PM,-20.402,-20.402,-20.068,-20.068,-20.068,-22.07,-22.07,-22.07,-20.402,,-20.068,-20.068,,-20.402,-20.402,-20.402
05-01-2026-Fri 13-35-55-PM,-20.402,-20.402,-20.068,-20.068,-20.068,-22.07,-22.07,-22.07,-20.402,,-20.068,-20.068,,-20.402,-20.402,-20.402
05-01-2026-Fri 13-35-56-PM,-20.402,-20.402,-20.102,-20.102,-20.102,-22.137,-22.137,-22.137,-20.402,,-20.102,-20.102,,-20.402,-20.402,-20.402
05-01-2026-Fri 13-35-58-PM,-20.402,-20.402,-20.102,-20.102,-20.102,-22.103,-22.103,-22.103,-20.402,,-20.102,-20.102,,-20.402,-20.402,-20.402
05-01-2026-Fri 13-36-01-PM,-20.435,-20.435,-20.102,-20.102,-20.102,-22.137,-22.137,-22.137,-20.435,,-20.102,-20.102,,-20.435,-20.435,-20.435
05-01-2026-Fri 13-36-03-PM,-20.402,-20.402,-20.102,-20.102,-20.102,-22.203,-22.203,-22.203,-20.402,,-20.102,-20.102,,-20.402,-20.402,-20.402
05-01-2026-Fri 13-36-06-PM,-20.469,-20.469,-20.135,-20.135,-20.135,-22.203,-22.203,-22.203,-20.469,,-20.135,-20.135,,-20.469,-20.469,-20.469
05-01-2026-Fri 13-36-09-PM,-20.469,-20.469,-20.135,-20.135,-20.135,-22.27,-22.27,-22.27,-20.469,,-20.135,-20.135,,-20.469,-20.469,-20.469
05-01-2026-Fri 13-36-12-PM,-20.502,-20.502,-20.168,-20.168,-20.168,-22.203,-22.203,-22.203,-20.502,,-20.168,-20.168,,-20.502,-20.502,-20.502
05-01-2026-Fri 13-36-13-PM,-20.502,-20.502,-20.202,-20.202,-20.202,-22.27,-22.27,-22.27,-20.502,,-20.202,-20.202,,-20.502,-20.502,-20.502
05-01-2026-Fri 13-36-15-PM,-20.536,-20.536,-20.202,-20.202,-20.202,-22.337,-22.337,-22.337,-20.536,,-20.202,-20.202,,-20.536,-20.536,-20.536
05-01-2026-Fri 13-36-16-PM,-20.536,-20.536,-20.235,-20.235,-20.235,-22.304,-22.304,-22.304,-20.536,,-20.235,-20.235,,-20.536,-20.536,-20.536
05-01-2026-Fri 13-36-18-PM,-20.536,-20.536,-20.202,-20.202,-20.202,-22.337,-22.337,-22.337,-20.536,,-20.202,-20.202,,-20.536,-20.536,-20.536
05-01-2026-Fri 13-36-19-PM,-20.536,-20.536,-20.202,-20.202,-20.202,-22.304,-22.304,-22.304,-20.536,,-20.202,-20.202,,-20.536,-20.536,-20.536
05-01-2026-Fri 13-36-20-PM,-20.569,-20.569,-20.235,-20.235,-20.235,-22.304,-22.304,-22.304,-20.569,,-20.235,-20.235,,-20.569,-20.569,-20.569
05-01-2026-Fri 13-36-22-PM,-20.569,-20.569,-20.235,-20.235,-20.235,-22.37,-22.37,-22.37,-20.569,,-20.235,-20.235,,-20.569,-20.569,-20.569
05-01-2026-Fri 13-36-23-PM,-20.536,-20.536,-20.235,-20.235,-20.235,-22.37,-22.37,-22.37,-20.536,,-20.235,-20.235,,-20.536,-20.536,-20.536
05-01-2026-Fri 13-36-25-PM,-20.569,-20.569,-20.268,-20.268,-20.268,-22.404,-22.404,-22.404,-20.569,,-20.268,-20.268,,-20.569,-20.569,-20.569
05-01-2026-Fri 13-36-26-PM,-20.569,-20.569,-20.268,-20.268,-20.268,-22.437,-22.437,-22.437,-20.569,,-20.268,-20.268,,-20.569,-20.569,-20.569
05-01-2026-Fri 13-36-27-PM,-20.602,-20.602,-20.268,-20.268,-20.268,-22.404,-22.404,-22.404,-20.602,,-20.268,-20.268,,-20.602,-20.602,-20.602
05-01-2026-Fri 13-36-29-PM,-20.602,-20.602,-20.302,-20.302,-20.302,-22.437,-22.437,-22.437,-20.602,,-20.302,-20.302,,-20.602,-20.602,-20.602
05-01-2026-Fri 13-36-30-PM,-20.636,-20.636,-20.302,-20.302,-20.302,-22.47,-22.47,-22.47,-20.636,,-20.302,-20.302,,-20.636,-20.636,-20.636
05-01-2026-Fri 13-36-32-PM,-20.602,-20.602,-20.268,-20.268,-20.268,-22.47,-22.47,-22.47,-20.602,,-20.268,-20.268,,-20.602,-20.602,-20.602
05-01-2026-Fri 13-36-33-PM,-20.636,-20.636,-20.302,-20.302,-20.302,-22.47,-22.47,-22.47,-20.636,,-20.302,-20.302,,-20.636,-20.636,-20.636
05-01-2026-Fri 13-36-34-PM,-20.636,-20.636,-20.302,-20.302,-20.302,-22.504,-22.504,-22.504,-20.636,,-20.302,-20.302,,-20.636,-20.636,-20.636
05-01-2026-Fri 13-36-36-PM,-20.636,-20.636,-20.302,-20.302,-20.302,-22.504,-22.504,-22.504,-20.636,,-20.302,-20.302,,-20.636,-20.636,-20.636
05-01-2026-Fri 13-36-37-PM,-20.669,-20.669,-20.302,-20.302,-20.302,-22.537,-22.537,-22.537,-20.669,,-20.302,-20.302,,-20.669,-20.669,-20.669
05-01-2026-Fri 13-36-38-PM,-20.702,-20.702,-20.335,-20.335,-20.335,-22.537,-22.537,-22.537,-20.702,,-20.335,-20.335,,-20.702,-20.702,-20.702
05-01-2026-Fri 13-36-40-PM,-20.669,-20.669,-20.335,-20.335,-20.335,-22.537,-22.537,-22.537,-20.669,,-20.335,-20.335,,-20.669,-20.669,-20.669
05-01-2026-Fri 13-36-41-PM,-20.669,-20.669,-20.369,-20.369,-20.369,-22.604,-22.604,-22.604,-20.669,,-20.369,-20.369,,-20.669,-20.669,-20.669
05-01-2026-Fri 13-36-43-PM,-20.669,-20.669,-20.369,-20.369,-20.369,-22.604,-22.604,-22.604,-20.669,,-20.369,-20.369,,-20.669,-20.669,-20.669
05-01-2026-Fri 13-36-44-PM,-20.702,-20.702,-20.369,-20.369,-20.369,-22.604,-22.604,-22.604,-20.702,,-20.369,-20.369,,-20.702,-20.702,-20.702
05-01-2026-Fri 13-36-46-PM,-20.736,-20.736,-20.335,-20.335,-20.335,-22.604,-22.604,-22.604,-20.736,,-20.335,-20.335,,-20.736,-20.736,-20.736
05-01-2026-Fri 13-36-47-PM,-20.702,-20.702,-20.369,-20.369,-20.369,-22.637,-22.637,-22.637,-20.702,,-20.369,-20.369,,-20.702,-20.702,-20.702
05-01-2026-Fri 13-36-48-PM,-20.702,-20.702,-20.369,-20.369,-20.369,-22.604,-22.604,-22.604,-20.702,,-20.369,-20.369,,-20.702,-20.702,-20.702
05-01-2026-Fri 13-36-50-PM,-20.736,-20.736,-20.402,-20.402,-20.402,-22.637,-22.637,-22.637,-20.736,,-20.402,-20.402,,-20.736,-20.736,-20.736
05-01-2026-Fri 13-36-51-PM,-20.769,-20.769,-20.402,-20.402,-20.402,-22.637,-22.637,-22.637,-20.769,,-20.402,-20.402,,-20.769,-20.769,-20.769
05-01-2026-Fri 13-36-53-PM,-20.769,-20.769,-20.402,-20.402,-20.402,-22.67,-22.67,-22.67,-20.769,,-20.402,-20.402,,-20.769,-20.769,-20.769
05-01-2026-Fri 13-36-54-PM,-20.769,-20.769,-20.435,-20.435,-20.435,-22.67,-22.67,-22.67,-20.769,,-20.435,-20.435,,-20.769,-20.769,-20.769
05-01-2026-Fri 13-36-57-PM,-20.769,-20.769,-20.435,-20.435,-20.435,-22.737,-22.737,-22.737,-20.769,,-20.435,-20.435,,-20.769,-20.769,-20.769
05-01-2026-Fri 13-36-58-PM,-20.802,-20.802,-20.435,-20.435,-20.435,-22.77,-22.77,-22.77,-20.802,,-20.435,-20.435,,-20.802,-20.802,-20.802
05-01-2026-Fri 13-37-00-PM,-20.802,-20.802,-20.435,-20.435,-20.435,-22.77,-22.77,-22.77,-20.802,,-20.435,-20.435,,-20.802,-20.802,-20.802
05-01-2026-Fri 13-37-01-PM,-20.802,-20.802,-20.469,-20.469,-20.469,-22.77,-22.77,-22.77,-20.802,,-20.469,-20.469,,-20.802,-20.802,-20.802
05-01-2026-Fri 13-37-03-PM,-20.802,-20.802,-20.469,-20.469,-20.469,-22.804,-22.804,-22.804,-20.802,,-20.469,-20.469,,-20.802,-20.802,-20.802
05-01-2026-Fri 13-37-04-PM,-20.836,-20.836,-20.469,-20.469,-20.469,-22.804,-22.804,-22.804,-20.836,,-20.469,-20.469,,-20.836,-20.836,-20.836
05-01-2026-Fri 13-37-06-PM,-20.869,-20.869,-20.502,-20.502,-20.502,-22.804,-22.804,-22.804,-20.869,,-20.502,-20.502,,-20.869,-20.869,-20.869
05-01-2026-Fri 13-37-07-PM,-20.836,-20.836,-20.502,-20.502,-20.502,-22.837,-22.837,-22.837,-20.836,,-20.502,-20.502,,-20.836,-20.836,-20.836
05-01-2026-Fri 13-37-08-PM,-20.869,-20.869,-20.502,-20.502,-20.502,-22.87,-22.87,-22.87,-20.869,,-20.502,-20.502,,-20.869,-20.869,-20.869
05-01-2026-Fri 13-37-10-PM,-20.869,-20.869,-20.502,-20.502,-20.502,-22.837,-22.837,-22.837,-20.869,,-20.502,-20.502,,-20.869,-20.869,-20.869
05-01-2026-Fri 13-37-11-PM,-20.869,-20.869,-20.536,-20.536,-20.536,-22.87,-22.87,-22.87,-20.869,,-20.536,-20.536,,-20.869,-20.869,-20.869
05-01-2026-Fri 13-37-13-PM,-20.902,-20.902,-20.502,-20.502,-20.502,-22.937,-22.937,-22.937,-20.902,,-20.502,-20.502,,-20.902,-20.902,-20.902
05-01-2026-Fri 13-37-14-PM,-20.869,-20.869,-20.502,-20.502,-20.502,-22.904,-22.904,-22.904,-20.869,,-20.502,-20.502,,-20.869,-20.869,-20.869
05-01-2026-Fri 13-37-15-PM,-20.902,-20.902,-20.536,-20.536,-20.536,-22.904,-22.904,-22.904,-20.902,,-20.536,-20.536,,-20.902,-20.902,-20.902
05-01-2026-Fri 13-37-17-PM,-20.902,-20.902,-20.569,-20.569,-20.569,-22.904,-22.904,-22.904,-20.902,,-20.569,-20.569,,-20.902,-20.902,-20.902
05-01-2026-Fri 13-37-18-PM,-20.936,-20.936,-20.569,-20.569,-20.569,-22.937,-22.937,-22.937,-20.936,,-20.569,-20.569,,-20.936,-20.936,-20.936
05-01-2026-Fri 13-37-20-PM,-20.936,-20.936,-20.569,-20.569,-20.569,-22.937,-22.937,-22.937,-20.936,,-20.569,-20.569,,-20.936,-20.936,-20.936
05-01-2026-Fri 13-37-21-PM,-20.936,-20.936,-20.602,-20.602,-20.602,-22.97,-22.97,-22.97,-20.936,,-20.602,-20.602,,-20.936,-20.936,-20.936
05-01-2026-Fri 13-37-23-PM,-20.936,-20.936,-20.602,-20.602,-20.602,-23.037,-23.037,-23.037,-20.936,,-20.602,-20.602,,-20.936,-20.936,-20.936
05-01-2026-Fri 13-37-24-PM,-20.936,-20.936,-20.569,-20.569,-20.569,-23.004,-23.004,-23.004,-20.936,,-20.569,-20.569,,-20.936,-20.936,-20.936
05-01-2026-Fri 13-37-25-PM,-20.969,-20.969,-20.602,-20.602,-20.602,-23.037,-23.037,-23.037,-20.969,,-20.602,-20.602,,-20.969,-20.969,-20.969
05-01-2026-Fri 13-37-27-PM,-20.969,-20.969,-20.602,-20.602,-20.602,-23.004,-23.004,-23.004,-20.969,,-20.602,-20.602,,-20.969,-20.969,-20.969
05-01-2026-Fri 13-37-28-PM,-21.003,-21.003,-20.602,-20.602,-20.602,-23.037,-23.037,-23.037,-21.003,,-20.602,-20.602,,-21.003,-21.003,-21.003
05-01-2026-Fri 13-37-30-PM,-21.003,-21.003,-20.602,-20.602,-20.602,-23.037,-23.037,-23.037,-21.003,,-20.602,-20.602,,-21.003,-21.003,-21.003
05-01-2026-Fri 13-37-31-PM,-21.003,-21.003,-20.636,-20.636,-20.636,-23.037,-23.037,-23.037,-21.003,,-20.636,-20.636,,-21.003,-21.003,-21.003
05-01-2026-Fri 13-37-32-PM,-21.003,-21.003,-20.636,-20.636,-20.636,-23.07,-23.07,-23.07,-21.003,,-20.636,-20.636,,-21.003,-21.003,-21.003
05-01-2026-Fri 13-37-34-PM,-21.036,-21.036,-20.636,-20.636,-20.636,-23.137,-23.137,-23.137,-21.036,,-20.636,-20.636,,-21.036,-21.036,-21.036
05-01-2026-Fri 13-37-35-PM,-21.036,-21.036,-20.669,-20.669,-20.669,-23.137,-23.137,-23.137,-21.036,,-20.669,-20.669,,-21.036,-21.036,-21.036
05-01-2026-Fri 13-37-37-PM,-21.036,-21.036,-20.669,-20.669,-20.669,-23.104,-23.104,-23.104,-21.036,,-20.669,-20.669,,-21.036,-21.036,-21.036
05-01-2026-Fri 13-37-38-PM,-21.069,-21.069,-20.669,-20.669,-20.669,-23.104,-23.104,-23.104,-21.069,,-20.669,-20.669,,-21.069,-21.069,-21.069
05-01-2026-Fri 13-37-39-PM,-21.069,-21.069,-20.669,-20.669,-20.669,-23.17,-23.17,-23.17,-21.069,,-20.669,-20.669,,-21.069,-21.069,-21.069
05-01-2026-Fri 13-37-41-PM,-21.069,-21.069,-20.702,-20.702,-20.702,-23.17,-23.17,-23.17,-21.069,,-20.702,-20.702,,-21.069,-21.069,-21.069
05-01-2026-Fri 13-37-42-PM,-21.069,-21.069,-20.702,-20.702,-20.702,-23.237,-23.237,-23.237,-21.069,,-20.702,-20.702,,-21.069,-21.069,-21.069
05-01-2026-Fri 13-37-44-PM,-21.069,-21.069,-20.702,-20.702,-20.702,-23.204,-23.204,-23.204,-21.069,,-20.702,-20.702,,-21.069,-21.069,-21.069
05-01-2026-Fri 13-37-45-PM,-21.069,-21.069,-20.702,-20.702,-20.702,-23.204,-23.204,-23.204,-21.069,,-20.702,-20.702,,-21.069,-21.069,-21.069
05-01-2026-Fri 13-37-46-PM,-21.103,-21.103,-20.702,-20.702,-20.702,-23.237,-23.237,-23.237,-21.103,,-20.702,-20.702,,-21.103,-21.103,-21.103
05-01-2026-Fri 13-37-48-PM,-21.103,-21.103,-20.769,-20.769,-20.769,-23.204,-23.204,-23.204,-21.103,,-20.769,-20.769,,-21.103,-21.103,-21.103
05-01-2026-Fri 13-37-50-PM,-21.136,-21.136,-20.769,-20.769,-20.769,-23.237,-23.237,-23.237,-21.136,,-20.769,-20.769,,-21.136,-21.136,-21.136
05-01-2026-Fri 13-37-51-PM,-21.169,-21.169,-20.769,-20.769,-20.769,-23.337,-23.337,-23.337,-21.169,,-20.769,-20.769,,-21.169,-21.169,-21.169
05-01-2026-Fri 13-37-53-PM,-21.169,-21.169,-20.836,-20.836,-20.836,-23.337,-23.337,-23.337,-21.169,,-20.836,-20.836,,-21.169,-21.169,-21.169
05-01-2026-Fri 13-37-54-PM,-21.203,-21.203,-20.836,-20.836,-20.836,-23.37,-23.37,-23.37,-21.203,,-20.836,-20.836,,-21.203,-21.203,-21.203
05-01-2026-Fri 13-37-56-PM,-21.236,-21.236,-20.869,-20.869,-20.869,-23.37,-23.37,-23.37,-21.236,,-20.869,-20.869,,-21.236,-21.236,-21.236
05-01-2026-Fri 13-37-57-PM,-21.269,-21.269,-20.936,-20.936,-20.936,-23.37,-23.37,-23.37,-21.269,,-20.936,-20.936,,-21.269,-21.269,-21.269
05-01-2026-Fri 13-37-58-PM,-21.269,-21.269,-20.936,-20.936,-20.936,-23.437,-23.437,-23.437,-21.269,,-20.936,-20.936,,-21.269,-21.269,-21.269
05-01-2026-Fri 13-38-00-PM,-21.303,-21.303,-20.969,-20.969,-20.969,-23.437,-23.437,-23.437,-21.303,,-20.969,-20.969,,-21.303,-21.303,-21.303
05-01-2026-Fri 13-38-01-PM,-21.336,-21.336,-20.969,-20.969,-20.969,-23.471,-23.471,-23.471,-21.336,,-20.969,-20.969,,-21.336,-21.336,-21.336
05-01-2026-Fri 13-38-03-PM,-21.37,-21.37,-21.036,-21.036,-21.036,-23.504,-23.504,-23.504,-21.37,,-21.036,-21.036,,-21.37,-21.37,-21.37
05-01-2026-Fri 13-38-04-PM,-21.37,-21.37,-21.036,-21.036,-21.036,-23.504,-23.504,-23.504,-21.37,,-21.036,-21.036,,-21.37,-21.37,-21.37
05-01-2026-Fri 13-38-05-PM,-21.403,-21.403,-21.103,-21.103,-21.103,-23.57,-23.57,-23.57,-21.403,,-21.103,-21.103,,-21.403,-21.403,-21.403
05-01-2026-Fri 13-38-07-PM,-21.436,-21.436,-21.103,-21.103,-21.103,-23.57,-23.57,-23.57,-21.436,,-21.103,-21.103,,-21.436,-21.436,-21.436
05-01-2026-Fri 13-38-08-PM,-21.436,-21.436,-21.136,-21.136,-21.136,-23.604,-23.604,-23.604,-21.436,,-21.136,-21.136,,-21.436,-21.436,-21.436
05-01-2026-Fri 13-38-10-PM,-21.503,-21.503,-21.169,-21.169,-21.169,-23.604,-23.604,-23.604,-21.503,,-21.169,-21.169,,-21.503,-21.503,-21.503
05-01-2026-Fri 13-38-11-PM,-21.47,-21.47,-21.169,-21.169,-21.169,-23.637,-23.637,-23.637,-21.47,,-21.169,-21.169,,-21.47,-21.47,-21.47
05-01-2026-Fri 13-38-12-PM,-21.536,-21.536,-21.203,-21.203,-21.203,-23.67,-23.67,-23.67,-21.536,,-21.203,-21.203,,-21.536,-21.536,-21.536
05-01-2026-Fri 13-38-14-PM,-21.536,-21.536,-21.236,-21.236,-21.236,-23.704,-23.704,-23.704,-21.536,,-21.236,-21.236,,-21.536,-21.536,-21.536
05-01-2026-Fri 13-38-15-PM,-21.57,-21.57,-21.236,-21.236,-21.236,-23.67,-23.67,-23.67,-21.57,,-21.236,-21.236,,-21.57,-21.57,-21.57
05-01-2026-Fri 13-38-17-PM,-21.603,-21.603,-21.269,-21.269,-21.269,-23.737,-23.737,-23.737,-21.603,,-21.269,-21.269,,-21.603,-21.603,-21.603
05-01-2026-Fri 13-38-18-PM,-21.636,-21.636,-21.303,-21.303,-21.303,-23.77,-23.77,-23.77,-21.636,,-21.303,-21.303,,-21.636,-21.636,-21.636
05-01-2026-Fri 13-38-19-PM,-21.636,-21.636,-21.303,-21.303,-21.303,-23.77,-23.77,-23.77,-21.636,,-21.303,-21.303,,-21.636,-21.636,-21.636
05-01-2026-Fri 13-38-21-PM,-21.636,-21.636,-21.336,-21.336,-21.336,-23.804,-23.804,-23.804,-21.636,,-21.336,-21.336,,-21.636,-21.636,-21.636
05-01-2026-Fri 13-38-22-PM,-21.67,-21.67,-21.37,-21.37,-21.37,-23.837,-23.837,-23.837,-21.67,,-21.37,-21.37,,-21.67,-21.67,-21.67
05-01-2026-Fri 13-38-24-PM,-21.703,-21.703,-21.403,-21.403,-21.403,-23.87,-23.87,-23.87,-21.703,,-21.403,-21.403,,-21.703,-21.703,-21.703
05-01-2026-Fri 13-38-25-PM,-21.736,-21.736,-21.436,-21.436,-21.436,-23.87,-23.87,-23.87,-21.736,,-21.436,-21.436,,-21.736,-21.736,-21.736
05-01-2026-Fri 13-38-26-PM,-21.736,-21.736,-21.436,-21.436,-21.436,-23.97,-23.97,-23.97,-21.736,,-21.436,-21.436,,-21.736,-21.736,-21.736
05-01-2026-Fri 13-38-28-PM,-21.77,-21.77,-21.436,-21.436,-21.436,-23.97,-23.97,-23.97,-21.77,,-21.436,-21.436,,-21.77,-21.77,-21.77
05-01-2026-Fri 13-38-29-PM,-21.803,-21.803,-21.47,-21.47,-21.47,-24.004,-24.004,-24.004,-21.803,,-21.47,-21.47,,-21.803,-21.803,-21.803
05-01-2026-Fri 13-38-31-PM,-21.837,-21.837,-21.503,-21.503,-21.503,-24.004,-24.004,-24.004,-21.837,,-21.503,-21.503,,-21.837,-21.837,-21.837
05-01-2026-Fri 13-38-32-PM,-21.87,-21.87,-21.536,-21.536,-21.536,-24.037,-24.037,-24.037,-21.87,,-21.536,-21.536,,-21.87,-21.87,-21.87
05-01-2026-Fri 13-38-33-PM,-21.837,-21.837,-21.536,-21.536,-21.536,-24.037,-24.037,-24.037,-21.837,,-21.536,-21.536,,-21.837,-21.837,-21.837
05-01-2026-Fri 13-38-35-PM,-21.87,-21.87,-21.57,-21.57,-21.57,-24.07,-24.07,-24.07,-21.87,,-21.57,-21.57,,-21.87,-21.87,-21.87
05-01-2026-Fri 13-38-36-PM,-21.903,-21.903,-21.603,-21.603,-21.603,-24.07,-24.07,-24.07,-21.903,,-21.603,-21.603,,-21.903,-21.903,-21.903
05-01-2026-Fri 13-38-38-PM,-21.903,-21.903,-21.603,-21.603,-21.603,-24.104,-24.104,-24.104,-21.903,,-21.603,-21.603,,-21.903,-21.903,-21.903
05-01-2026-Fri 13-38-39-PM,-21.937,-21.937,-21.603,-21.603,-21.603,-24.104,-24.104,-24.104,-21.937,,-21.603,-21.603,,-21.937,-21.937,-21.937
05-01-2026-Fri 13-38-41-PM,-21.97,-21.97,-21.636,-21.636,-21.636,-24.17,-24.17,-24.17,-21.97,,-21.636,-21.636,,-21.97,-21.97,-21.97
05-01-2026-Fri 13-38-42-PM,-22.003,-22.003,-21.67,-21.67,-21.67,-24.204,-24.204,-24.204,-22.003,,-21.67,-21.67,,-22.003,-22.003,-22.003
05-01-2026-Fri 13-38-44-PM,-22.003,-22.003,-21.703,-21.703,-21.703,-24.204,-24.204,-24.204,-22.003,,-21.703,-21.703,,-22.003,-22.003,-22.003
05-01-2026-Fri 13-38-45-PM,-22.037,-22.037,-21.736,-21.736,-21.736,-24.27,-24.27,-24.27,-22.037,,-21.736,-21.736,,-22.037,-22.037,-22.037
05-01-2026-Fri 13-38-46-PM,-22.07,-22.07,-21.77,-21.77,-21.77,-24.337,-24.337,-24.337,-22.07,,-21.77,-21.77,,-22.07,-22.07,-22.07
05-01-2026-Fri 13-38-48-PM,-22.07,-22.07,-21.77,-21.77,-21.77,-24.304,-24.304,-24.304,-22.07,,-21.77,-21.77,,-22.07,-22.07,-22.07
05-01-2026-Fri 13-38-49-PM,-22.103,-22.103,-21.77,-21.77,-21.77,-24.37,-24.37,-24.37,-22.103,,-21.77,-21.77,,-22.103,-22.103,-22.103
05-01-2026-Fri 13-38-51-PM,-22.103,-22.103,-21.803,-21.803,-21.803,-24.37,-24.37,-24.37,-22.103,,-21.803,-21.803,,-22.103,-22.103,-22.103
05-01-2026-Fri 13-38-52-PM,-22.137,-22.137,-21.837,-21.837,-21.837,-24.437,-24.437,-24.437,-22.137,,-21.837,-21.837,,-22.137,-22.137,-22.137
05-01-2026-Fri 13-38-53-PM,-22.137,-22.137,-21.837,-21.837,-21.837,-24.37,-24.37,-24.37,-22.137,,-21.837,-21.837,,-22.137,-22.137,-22.137
05-01-2026-Fri 13-38-55-PM,-22.17,-22.17,-21.87,-21.87,-21.87,-24.37,-24.37,-24.37,-22.17,,-21.87,-21.87,,-22.17,-22.17,-22.17
05-01-2026-Fri 13-38-56-PM,-22.203,-22.203,-21.87,-21.87,-21.87,-24.47,-24.47,-24.47,-22.203,,-21.87,-21.87,,-22.203,-22.203,-22.203
05-01-2026-Fri 13-38-58-PM,-22.17,-22.17,-21.937,-21.937,-21.937,-24.537,-24.537,-24.537,-22.17,,-21.937,-21.937,,-22.17,-22.17,-22.17
05-01-2026-Fri 13-38-59-PM,-22.203,-22.203,-21.937,-21.937,-21.937,-24.47,-24.47,-24.47,-22.203,,-21.937,-21.937,,-22.203,-22.203,-22.203
05-01-2026-Fri 13-39-00-PM,-22.237,-22.237,-21.937,-21.937,-21.937,-24.504,-24.504,-24.504,-22.237,,-21.937,-21.937,,-22.237,-22.237,-22.237
05-01-2026-Fri 13-39-02-PM,-22.27,-22.27,-21.97,-21.97,-21.97,-24.537,-24.537,-24.537,-22.27,,-21.97,-21.97,,-22.27,-22.27,-22.27
05-01-2026-Fri 13-39-03-PM,-22.27,-22.27,-21.97,-21.97,-21.97,-24.604,-24.604,-24.604,-22.27,,-21.97,-21.97,,-22.27,-22.27,-22.27
05-01-2026-Fri 13-39-05-PM,-22.304,-22.304,-22.037,-22.037,-22.037,-24.57,-24.57,-24.57,-22.304,,-22.037,-22.037,,-22.304,-22.304,-22.304
05-01-2026-Fri 13-39-06-PM,-22.304,-22.304,-22.037,-22.037,-22.037,-24.604,-24.604,-24.604,-22.304,,-22.037,-22.037,,-22.304,-22.304,-22.304
05-01-2026-Fri 13-39-07-PM,-22.304,-22.304,-22.037,-22.037,-22.037,-24.637,-24.637,-24.637,-22.304,,-22.037,-22.037,,-22.304,-22.304,-22.304
05-01-2026-Fri 13-39-09-PM,-22.337,-22.337,-22.07,-22.07,-22.07,-24.637,-24.637,-24.637,-22.337,,-22.07,-22.07,,-22.337,-22.337,-22.337
05-01-2026-Fri 13-39-10-PM,-22.37,-22.37,-22.103,-22.103,-22.103,-24.737,-24.737,-24.737,-22.37,,-22.103,-22.103,,-22.37,-22.37,-22.37
05-01-2026-Fri 13-39-12-PM,-22.37,-22.37,-22.103,-22.103,-22.103,-24.737,-24.737,-24.737,-22.37,,-22.103,-22.103,,-22.37,-22.37,-22.37
05-01-2026-Fri 13-39-13-PM,-22.37,-22.37,-22.137,-22.137,-22.137,-24.77,-24.77,-24.77,-22.37,,-22.137,-22.137,,-22.37,-22.37,-22.37
05-01-2026-Fri 13-39-14-PM,-22.404,-22.404,-22.17,-22.17,-22.17,-24.77,-24.77,-24.77,-22.404,,-22.17,-22.17,,-22.404,-22.404,-22.404
05-01-2026-Fri 13-39-16-PM,-22.437,-22.437,-22.17,-22.17,-22.17,-24.77,-24.77,-24.77,-22.437,,-22.17,-22.17,,-22.437,-22.437,-22.437
05-01-2026-Fri 13-39-17-PM,-22.47,-22.47,-22.203,-22.203,-22.203,-24.804,-24.804,-24.804,-22.47,,-22.203,-22.203,,-22.47,-22.47,-22.47
05-01-2026-Fri 13-39-19-PM,-22.437,-22.437,-22.203,-22.203,-22.203,-24.837,-24.837,-24.837,-22.437,,-22.203,-22.203,,-22.437,-22.437,-22.437
05-01-2026-Fri 13-39-20-PM,-22.47,-22.47,-22.237,-22.237,-22.237,-24.837,-24.837,-24.837,-22.47,,-22.237,-22.237,,-22.47,-22.47,-22.47
05-01-2026-Fri 13-39-22-PM,-22.504,-22.504,-22.237,-22.237,-22.237,-24.87,-24.87,-24.87,-22.504,,-22.237,-22.237,,-22.504,-22.504,-22.504
05-01-2026-Fri 13-39-23-PM,-22.504,-22.504,-22.27,-22.27,-22.27,-24.904,-24.904,-24.904,-22.504,,-22.27,-22.27,,-22.504,-22.504,-22.504
05-01-2026-Fri 13-39-25-PM,-22.537,-22.537,-22.27,-22.27,-22.27,-24.904,-24.904,-24.904,-22.537,,-22.27,-22.27,,-22.537,-22.537,-22.537
05-01-2026-Fri 13-39-26-PM,-22.504,-22.504,-22.304,-22.304,-22.304,-25.004,-25.004,-25.004,-22.504,,-22.304,-22.304,,-22.504,-22.504,-22.504
05-01-2026-Fri 13-39-27-PM,-22.57,-22.57,-22.304,-22.304,-22.304,-24.97,-24.97,-24.97,-22.57,,-22.304,-22.304,,-22.57,-22.57,-22.57
05-01-2026-Fri 13-39-29-PM,-22.57,-22.57,-22.337,-22.337,-22.337,-25.004,-25.004,-25.004,-22.57,,-22.337,-22.337,,-22.57,-22.57,-22.57
05-01-2026-Fri 13-39-30-PM,-22.57,-22.57,-22.337,-22.337,-22.337,-25.004,-25.004,-25.004,-22.57,,-22.337,-22.337,,-22.57,-22.57,-22.57
05-01-2026-Fri 13-39-31-PM,-22.637,-22.637,-22.37,-22.37,-22.37,-25.037,-25.037,-25.037,-22.637,,-22.37,-22.37,,-22.637,-22.637,-22.637
05-01-2026-Fri 13-39-33-PM,-22.604,-22.604,-22.37,-22.37,-22.37,-25.07,-25.07,-25.07,-22.604,,-22.37,-22.37,,-22.604,-22.604,-22.604
05-01-2026-Fri 13-39-34-PM,-22.67,-22.67,-22.404,-22.404,-22.404,-25.037,-25.037,-25.037,-22.67,,-22.404,-22.404,,-22.67,-22.67,-22.67
05-01-2026-Fri 13-39-36-PM,-22.67,-22.67,-22.404,-22.404,-22.404,-25.137,-25.137,-25.137,-22.67,,-22.404,-22.404,,-22.67,-22.67,-22.67
05-01-2026-Fri 13-39-37-PM,-22.704,-22.704,-22.437,-22.437,-22.437,-25.137,-25.137,-25.137,-22.704,,-22.437,-22.437,,-22.704,-22.704,-22.704
05-01-2026-Fri 13-39-38-PM,-22.67,-22.67,-22.437,-22.437,-22.437,-25.137,-25.137,-25.137,-22.67,,-22.437,-22.437,,-22.67,-22.67,-22.67
05-01-2026-Fri 13-39-40-PM,-22.704,-22.704,-22.47,-22.47,-22.47,-25.17,-25.17,-25.17,-22.704,,-22.47,-22.47,,-22.704,-22.704,-22.704
05-01-2026-Fri 13-39-41-PM,-22.737,-22.737,-22.47,-22.47,-22.47,-25.204,-25.204,-25.204,-22.737,,-22.47,-22.47,,-22.737,-22.737,-22.737
05-01-2026-Fri 13-39-43-PM,-22.737,-22.737,-22.47,-22.47,-22.47,-25.237,-25.237,-25.237,-22.737,,-22.47,-22.47,,-22.737,-22.737,-22.737
05-01-2026-Fri 13-39-44-PM,-22.77,-22.77,-22.537,-22.537,-22.537,-25.237,-25.237,-25.237,-22.77,,-22.537,-22.537,,-22.77,-22.77,-22.77
05-01-2026-Fri 13-39-45-PM,-22.804,-22.804,-22.537,-22.537,-22.537,-25.304,-25.304,-25.304,-22.804,,-22.537,-22.537,,-22.804,-22.804,-22.804
05-01-2026-Fri 13-39-47-PM,-22.804,-22.804,-22.537,-22.537,-22.537,-25.304,-25.304,-25.304,-22.804,,-22.537,-22.537,,-22.804,-22.804,-22.804
05-01-2026-Fri 13-39-48-PM,-22.804,-22.804,-22.57,-22.57,-22.57,-25.337,-25.337,-25.337,-22.804,,-22.57,-22.57,,-22.804,-22.804,-22.804
05-01-2026-Fri 13-39-50-PM,-22.837,-22.837,-22.57,-22.57,-22.57,-25.404,-25.404,-25.404,-22.837,,-22.57,-22.57,,-22.837,-22.837,-22.837
05-01-2026-Fri 13-39-51-PM,-22.837,-22.837,-22.604,-22.604,-22.604,-25.37,-25.37,-25.37,-22.837,,-22.604,-22.604,,-22.837,-22.837,-22.837
05-01-2026-Fri 13-39-52-PM,-22.87,-22.87,-22.604,-22.604,-22.604,-25.437,-25.437,-25.437,-22.87,,-22.604,-22.604,,-22.87,-22.87,-22.87
05-01-2026-Fri 13-39-54-PM,-22.87,-22.87,-22.604,-22.604,-22.604,-25.437,-25.437,-25.437,-22.87,,-22.604,-22.604,,-22.87,-22.87,-22.87
05-01-2026-Fri 13-39-55-PM,-22.87,-22.87,-22.637,-22.637,-22.637,-25.437,-25.437,-25.437,-22.87,,-22.637,-22.637,,-22.87,-22.87,-22.87
05-01-2026-Fri 13-39-57-PM,-22.937,-22.937,-22.67,-22.67,-22.67,-25.437,-25.437,-25.437,-22.937,,-22.67,-22.67,,-22.937,-22.937,-22.937
05-01-2026-Fri 13-39-58-PM,-22.937,-22.937,-22.67,-22.67,-22.67,-25.437,-25.437,-25.437,-22.937,,-22.67,-22.67,,-22.937,-22.937,-22.937
05-01-2026-Fri 13-39-59-PM,-22.937,-22.937,-22.67,-22.67,-22.67,-25.437,-25.437,-25.437,-22.937,,-22.67,-22.67,,-22.937,-22.937,-22.937
05-01-2026-Fri 13-40-01-PM,-22.937,-22.937,-22.67,-22.67,-22.67,-25.537,-25.537,-25.537,-22.937,,-22.67,-22.67,,-22.937,-22.937,-22.937
05-01-2026-Fri 13-40-02-PM,-22.97,-22.97,-22.704,-22.704,-22.704,-25.504,-25.504,-25.504,-22.97,,-22.704,-22.704,,-22.97,-22.97,-22.97
05-01-2026-Fri 13-40-04-PM,-22.97,-22.97,-22.737,-22.737,-22.737,-25.603,-25.603,-25.603,-22.97,,-22.737,-22.737,,-22.97,-22.97,-22.97
05-01-2026-Fri 13-40-05-PM,-23.004,-23.004,-22.77,-22.77,-22.77,-25.603,-25.603,-25.603,-23.004,,-22.77,-22.77,,-23.004,-23.004,-23.004
05-01-2026-Fri 13-40-06-PM,-23.037,-23.037,-22.77,-22.77,-22.77,-25.603,-25.603,-25.603,-23.037,,-22.77,-22.77,,-23.037,-23.037,-23.037
05-01-2026-Fri 13-40-08-PM,-23.037,-23.037,-22.77,-22.77,-22.77,-25.637,-25.637,-25.637,-23.037,,-22.77,-22.77,,-23.037,-23.037,-23.037
05-01-2026-Fri 13-40-09-PM,-23.004,-23.004,-22.804,-22.804,-22.804,-25.67,-25.67,-25.67,-23.004,,-22.804,-22.804,,-23.004,-23.004,-23.004
05-01-2026-Fri 13-40-10-PM,-23.07,-23.07,-22.837,-22.837,-22.837,-25.67,-25.67,-25.67,-23.07,,-22.837,-22.837,,-23.07,-23.07,-23.07
05-01-2026-Fri 13-40-12-PM,-23.07,-23.07,-22.837,-22.837,-22.837,-25.703,-25.703,-25.703,-23.07,,-22.837,-22.837,,-23.07,-23.07,-23.07
05-01-2026-Fri 13-40-13-PM,-23.104,-23.104,-22.837,-22.837,-22.837,-25.737,-25.737,-25.737,-23.104,,-22.837,-22.837,,-23.104,-23.104,-23.104
05-01-2026-Fri 13-40-15-PM,-23.104,-23.104,-22.87,-22.87,-22.87,-25.737,-25.737,-25.737,-23.104,,-22.87,-22.87,,-23.104,-23.104,-23.104
05-01-2026-Fri 13-40-16-PM,-23.137,-23.137,-22.87,-22.87,-22.87,-25.77,-25.77,-25.77,-23.137,,-22.87,-22.87,,-23.137,-23.137,-23.137
05-01-2026-Fri 13-40-18-PM,-23.137,-23.137,-22.904,-22.904,-22.904,-25.77,-25.77,-25.77,-23.137,,-22.904,-22.904,,-23.137,-23.137,-23.137
05-01-2026-Fri 13-40-19-PM,-23.137,-23.137,-22.937,-22.937,-22.937,-25.77,-25.77,-25.77,-23.137,,-22.937,-22.937,,-23.137,-23.137,-23.137
05-01-2026-Fri 13-40-21-PM,-23.17,-23.17,-22.904,-22.904,-22.904,-25.803,-25.803,-25.803,-23.17,,-22.904,-22.904,,-23.17,-23.17,-23.17
05-01-2026-Fri 13-40-22-PM,-23.17,-23.17,-22.937,-22.937,-22.937,-25.837,-25.837,-25.837,-23.17,,-22.937,-22.937,,-23.17,-23.17,-23.17
05-01-2026-Fri 13-40-23-PM,-23.17,-23.17,-22.937,-22.937,-22.937,-25.87,-25.87,-25.87,-23.17,,-22.937,-22.937,,-23.17,-23.17,-23.17
05-01-2026-Fri 13-40-25-PM,-23.204,-23.204,-22.97,-22.97,-22.97,-25.903,-25.903,-25.903,-23.204,,-22.97,-22.97,,-23.204,-23.204,-23.204
05-01-2026-Fri 13-40-26-PM,-23.204,-23.204,-23.004,-23.004,-23.004,-25.903,-25.903,-25.903,-23.204,,-23.004,-23.004,,-23.204,-23.204,-23.204
05-01-2026-Fri 13-40-27-PM,-23.204,-23.204,-23.004,-23.004,-23.004,-25.903,-25.903,-25.903,-23.204,,-23.004,-23.004,,-23.204,-23.204,-23.204
05-01-2026-Fri 13-40-29-PM,-23.17,-23.17,-23.037,-23.037,-23.037,-25.97,-25.97,-25.97,-23.17,,-23.037,-23.037,,-23.17,-23.17,-23.17
05-01-2026-Fri 13-40-30-PM,-23.17,-23.17,-23.037,-23.037,-23.037,-26.003,-26.003,-26.003,-23.17,,-23.037,-23.037,,-23.17,-23.17,-23.17
05-01-2026-Fri 13-40-32-PM,-23.204,-23.204,-23.037,-23.037,-23.037,-26.003,-26.003,-26.003,-23.204,,-23.037,-23.037,,-23.204,-23.204,-23.204
05-01-2026-Fri 13-40-33-PM,-23.204,-23.204,-23.07,-23.07,-23.07,-26.003,-26.003,-26.003,-23.204,,-23.07,-23.07,,-23.204,-23.204,-23.204
05-01-2026-Fri 13-40-35-PM,-23.17,-23.17,-23.07,-23.07,-23.07,-26.036,-26.036,-26.036,-23.17,,-23.07,-23.07,,-23.17,-23.17,-23.17
05-01-2026-Fri 13-40-36-PM,-23.204,-23.204,-23.104,-23.104,-23.104,-26.036,-26.036,-26.036,-23.204,,-23.104,-23.104,,-23.204,-23.204,-23.204
05-01-2026-Fri 13-40-37-PM,-23.17,-23.17,-23.104,-23.104,-23.104,-26.103,-26.103,-26.103,-23.17,,-23.104,-23.104,,-23.17,-23.17,-23.17
05-01-2026-Fri 13-40-39-PM,-23.204,-23.204,-23.137,-23.137,-23.137,-26.17,-26.17,-26.17,-23.204,,-23.137,-23.137,,-23.204,-23.204,-23.204
05-01-2026-Fri 13-40-40-PM,-23.237,-23.237,-23.137,-23.137,-23.137,-26.103,-26.103,-26.103,-23.237,,-23.137,-23.137,,-23.237,-23.237,-23.237
05-01-2026-Fri 13-40-42-PM,-23.237,-23.237,-23.137,-23.137,-23.137,-26.17,-26.17,-26.17,-23.237,,-23.137,-23.137,,-23.237,-23.237,-23.237
05-01-2026-Fri 13-40-43-PM,-23.27,-23.27,-23.17,-23.17,-23.17,-26.136,-26.136,-26.136,-23.27,,-23.17,-23.17,,-23.27,-23.27,-23.27
05-01-2026-Fri 13-40-44-PM,-23.27,-23.27,-23.17,-23.17,-23.17,-26.203,-26.203,-26.203,-23.27,,-23.17,-23.17,,-23.27,-23.27,-23.27
05-01-2026-Fri 13-40-46-PM,-23.304,-23.304,-23.204,-23.204,-23.204,-26.236,-26.236,-26.236,-23.304,,-23.204,-23.204,,-23.304,-23.304,-23.304
05-01-2026-Fri 13-40-47-PM,-23.304,-23.304,-23.237,-23.237,-23.237,-26.236,-26.236,-26.236,-23.304,,-23.237,-23.237,,-23.304,-23.304,-23.304
05-01-2026-Fri 13-40-48-PM,-23.337,-23.337,-23.204,-23.204,-23.204,-26.203,-26.203,-26.203,-23.337,,-23.204,-23.204,,-23.337,-23.337,-23.337
05-01-2026-Fri 13-40-50-PM,-23.337,-23.337,-23.204,-23.204,-23.204,-26.27,-26.27,-26.27,-23.337,,-23.204,-23.204,,-23.337,-23.337,-23.337
05-01-2026-Fri 13-40-51-PM,-23.37,-23.37,-23.237,-23.237,-23.237,-26.336,-26.336,-26.336,-23.37,,-23.237,-23.237,,-23.37,-23.37,-23.37
05-01-2026-Fri 13-40-53-PM,-23.37,-23.37,-23.27,-23.27,-23.27,-26.336,-26.336,-26.336,-23.37,,-23.27,-23.27,,-23.37,-23.37,-23.37
05-01-2026-Fri 13-40-54-PM,-23.437,-23.437,-23.27,-23.27,-23.27,-26.336,-26.336,-26.336,-23.437,,-23.27,-23.27,,-23.437,-23.437,-23.437
05-01-2026-Fri 13-40-55-PM,-23.437,-23.437,-23.27,-23.27,-23.27,-26.37,-26.37,-26.37,-23.437,,-23.27,-23.27,,-23.437,-23.437,-23.437
05-01-2026-Fri 13-40-57-PM,-23.437,-23.437,-23.304,-23.304,-23.304,-26.37,-26.37,-26.37,-23.437,,-23.304,-23.304,,-23.437,-23.437,-23.437
05-01-2026-Fri 13-41-00-PM,-23.437,-23.437,-23.337,-23.337,-23.337,-26.403,-26.403,-26.403,-23.437,,-23.337,-23.337,,-23.437,-23.437,-23.437
05-01-2026-Fri 13-41-02-PM,-23.471,-23.471,-23.337,-23.337,-23.337,-26.403,-26.403,-26.403,-23.471,,-23.337,-23.337,,-23.471,-23.471,-23.471
05-01-2026-Fri 13-41-05-PM,-23.504,-23.504,-23.404,-23.404,-23.404,-26.47,-26.47,-26.47,-23.504,,-23.404,-23.404,,-23.504,-23.504,-23.504
05-01-2026-Fri 13-41-06-PM,-23.537,-23.537,-23.437,-23.437,-23.437,-26.47,-26.47,-26.47,-23.537,,-23.437,-23.437,,-23.537,-23.537,-23.537
05-01-2026-Fri 13-41-08-PM,-23.57,-23.57,-23.437,-23.437,-23.437,-26.536,-26.536,-26.536,-23.57,,-23.437,-23.437,,-23.57,-23.57,-23.57
05-01-2026-Fri 13-41-09-PM,-23.57,-23.57,-23.437,-23.437,-23.437,-26.569,-26.569,-26.569,-23.57,,-23.437,-23.437,,-23.57,-23.57,-23.57
05-01-2026-Fri 13-41-11-PM,-23.637,-23.637,-23.437,-23.437,-23.437,-26.569,-26.569,-26.569,-23.637,,-23.437,-23.437,,-23.637,-23.637,-23.637
05-01-2026-Fri 13-41-12-PM,-23.637,-23.637,-23.471,-23.471,-23.471,-26.603,-26.603,-26.603,-23.637,,-23.471,-23.471,,-23.637,-23.637,-23.637
05-01-2026-Fri 13-41-13-PM,-23.637,-23.637,-23.471,-23.471,-23.471,-26.603,-26.603,-26.603,-23.637,,-23.471,-23.471,,-23.637,-23.637,-23.637
05-01-2026-Fri 13-41-15-PM,-23.637,-23.637,-23.471,-23.471,-23.471,-26.636,-26.636,-26.636,-23.637,,-23.471,-23.471,,-23.637,-23.637,-23.637
05-01-2026-Fri 13-41-16-PM,-23.67,-23.67,-23.504,-23.504,-23.504,-26.703,-26.703,-26.703,-23.67,,-23.504,-23.504,,-23.67,-23.67,-23.67
05-01-2026-Fri 13-41-18-PM,-23.704,-23.704,-23.537,-23.537,-23.537,-26.636,-26.636,-26.636,-23.704,,-23.537,-23.537,,-23.704,-23.704,-23.704
05-01-2026-Fri 13-41-19-PM,-23.704,-23.704,-23.537,-23.537,-23.537,-26.703,-26.703,-26.703,-23.704,,-23.537,-23.537,,-23.704,-23.704,-23.704
05-01-2026-Fri 13-41-20-PM,-23.704,-23.704,-23.537,-23.537,-23.537,-26.703,-26.703,-26.703,-23.704,,-23.537,-23.537,,-23.704,-23.704,-23.704
05-01-2026-Fri 13-41-22-PM,-23.737,-23.737,-23.537,-23.537,-23.537,-26.736,-26.736,-26.736,-23.737,,-23.537,-23.537,,-23.737,-23.737,-23.737
05-01-2026-Fri 13-41-23-PM,-23.77,-23.77,-23.57,-23.57,-23.57,-26.736,-26.736,-26.736,-23.77,,-23.57,-23.57,,-23.77,-23.77,-23.77
05-01-2026-Fri 13-41-25-PM,-23.77,-23.77,-23.604,-23.604,-23.604,-26.769,-26.769,-26.769,-23.77,,-23.604,-23.604,,-23.77,-23.77,-23.77
05-01-2026-Fri 13-41-26-PM,-23.77,-23.77,-23.604,-23.604,-23.604,-26.769,-26.769,-26.769,-23.77,,-23.604,-23.604,,-23.77,-23.77,-23.77
05-01-2026-Fri 13-41-27-PM,-23.837,-23.837,-23.604,-23.604,-23.604,-26.769,-26.769,-26.769,-23.837,,-23.604,-23.604,,-23.837,-23.837,-23.837
05-01-2026-Fri 13-41-29-PM,-23.804,-23.804,-23.637,-23.637,-23.637,-26.836,-26.836,-26.836,-23.804,,-23.637,-23.637,,-23.804,-23.804,-23.804
05-01-2026-Fri 13-41-30-PM,-23.804,-23.804,-23.637,-23.637,-23.637,-26.836,-26.836,-26.836,-23.804,,-23.637,-23.637,,-23.804,-23.804,-23.804
05-01-2026-Fri 13-41-32-PM,-23.87,-23.87,-23.67,-23.67,-23.67,-26.836,-26.836,-26.836,-23.87,,-23.67,-23.67,,-23.87,-23.87,-23.87
05-01-2026-Fri 13-41-33-PM,-23.87,-23.87,-23.67,-23.67,-23.67,-26.902,-26.902,-26.902,-23.87,,-23.67,-23.67,,-23.87,-23.87,-23.87
05-01-2026-Fri 13-41-34-PM,-23.904,-23.904,-23.67,-23.67,-23.67,-26.902,-26.902,-26.902,-23.904,,-23.67,-23.67,,-23.904,-23.904,-23.904
05-01-2026-Fri 13-41-36-PM,-23.904,-23.904,-23.67,-23.67,-23.67,-26.969,-26.969,-26.969,-23.904,,-23.67,-23.67,,-23.904,-23.904,-23.904
05-01-2026-Fri 13-41-37-PM,-23.904,-23.904,-23.704,-23.704,-23.704,-26.969,-26.969,-26.969,-23.904,,-23.704,-23.704,,-23.904,-23.904,-23.904
05-01-2026-Fri 13-41-38-PM,-23.904,-23.904,-23.737,-23.737,-23.737,-27.036,-27.036,-27.036,-23.904,,-23.737,-23.737,,-23.904,-23.904,-23.904
05-01-2026-Fri 13-41-40-PM,-23.937,-23.937,-23.737,-23.737,-23.737,-27.002,-27.002,-27.002,-23.937,,-23.737,-23.737,,-23.937,-23.937,-23.937
05-01-2026-Fri 13-41-41-PM,-23.937,-23.937,-23.737,-23.737,-23.737,-27.002,-27.002,-27.002,-23.937,,-23.737,-23.737,,-23.937,-23.937,-23.937
05-01-2026-Fri 13-41-43-PM,-23.97,-23.97,-23.737,-23.737,-23.737,-27.002,-27.002,-27.002,-23.97,,-23.737,-23.737,,-23.97,-23.97,-23.97
05-01-2026-Fri 13-41-44-PM,-23.97,-23.97,-23.804,-23.804,-23.804,-27.036,-27.036,-27.036,-23.97,,-23.804,-23.804,,-23.97,-23.97,-23.97
05-01-2026-Fri 13-41-45-PM,-24.004,-24.004,-23.77,-23.77,-23.77,-27.069,-27.069,-27.069,-24.004,,-23.77,-23.77,,-24.004,-24.004,-24.004
05-01-2026-Fri 13-41-47-PM,-24.037,-24.037,-23.804,-23.804,-23.804,-27.002,-27.002,-27.002,-24.037,,-23.804,-23.804,,-24.037,-24.037,-24.037
05-01-2026-Fri 13-41-50-PM,-24.037,-24.037,-23.804,-23.804,-23.804,-27.136,-27.136,-27.136,-24.037,,-23.804,-23.804,,-24.037,-24.037,-24.037
05-01-2026-Fri 13-41-52-PM,-24.104,-24.104,-23.837,-23.837,-23.837,-27.169,-27.169,-27.169,-24.104,,-23.837,-23.837,,-24.104,-24.104,-24.104
05-01-2026-Fri 13-41-54-PM,-24.104,-24.104,-23.87,-23.87,-23.87,-27.169,-27.169,-27.169,-24.104,,-23.87,-23.87,,-24.104,-24.104,-24.104
05-01-2026-Fri 13-41-55-PM,-24.104,-24.104,-23.87,-23.87,-23.87,-27.169,-27.169,-27.169,-24.104,,-23.87,-23.87,,-24.104,-24.104,-24.104
05-01-2026-Fri 13-41-56-PM,-24.137,-24.137,-23.904,-23.904,-23.904,-27.202,-27.202,-27.202,-24.137,,-23.904,-23.904,,-24.137,-24.137,-24.137
05-01-2026-Fri 13-41-58-PM,-24.17,-24.17,-23.904,-23.904,-23.904,-27.235,-27.235,-27.235,-24.17,,-23.904,-23.904,,-24.17,-24.17,-24.17
05-01-2026-Fri 13-41-59-PM,-24.17,-24.17,-23.904,-23.904,-23.904,-27.235,-27.235,-27.235,-24.17,,-23.904,-23.904,,-24.17,-24.17,-24.17
05-01-2026-Fri 13-42-01-PM,-24.204,-24.204,-23.937,-23.937,-23.937,-27.302,-27.302,-27.302,-24.204,,-23.937,-23.937,,-24.204,-24.204,-24.204
05-01-2026-Fri 13-42-02-PM,-24.204,-24.204,-23.937,-23.937,-23.937,-27.269,-27.269,-27.269,-24.204,,-23.937,-23.937,,-24.204,-24.204,-24.204
05-01-2026-Fri 13-42-03-PM,-24.204,-24.204,-23.97,-23.97,-23.97,-27.302,-27.302,-27.302,-24.204,,-23.97,-23.97,,-24.204,-24.204,-24.204
05-01-2026-Fri 13-42-05-PM,-24.237,-24.237,-23.97,-23.97,-23.97,-27.302,-27.302,-27.302,-24.237,,-23.97,-23.97,,-24.237,-24.237,-24.237
05-01-2026-Fri 13-42-06-PM,-24.27,-24.27,-24.004,-24.004,-24.004,-27.335,-27.335,-27.335,-24.27,,-24.004,-24.004,,-24.27,-24.27,-24.27
05-01-2026-Fri 13-42-07-PM,-24.27,-24.27,-24.004,-24.004,-24.004,-27.368,-27.368,-27.368,-24.27,,-24.004,-24.004,,-24.27,-24.27,-24.27
05-01-2026-Fri 13-42-09-PM,-24.304,-24.304,-24.004,-24.004,-24.004,-27.368,-27.368,-27.368,-24.304,,-24.004,-24.004,,-24.304,-24.304,-24.304
05-01-2026-Fri 13-42-10-PM,-24.304,-24.304,-24.037,-24.037,-24.037,-27.402,-27.402,-27.402,-24.304,,-24.037,-24.037,,-24.304,-24.304,-24.304
05-01-2026-Fri 13-42-12-PM,-24.304,-24.304,-24.037,-24.037,-24.037,-27.368,-27.368,-27.368,-24.304,,-24.037,-24.037,,-24.304,-24.304,-24.304
05-01-2026-Fri 13-42-13-PM,-24.337,-24.337,-24.037,-24.037,-24.037,-27.402,-27.402,-27.402,-24.337,,-24.037,-24.037,,-24.337,-24.337,-24.337
05-01-2026-Fri 13-42-14-PM,-24.337,-24.337,-24.07,-24.07,-24.07,-27.402,-27.402,-27.402,-24.337,,-24.07,-24.07,,-24.337,-24.337,-24.337
05-01-2026-Fri 13-42-16-PM,-24.37,-24.37,-24.07,-24.07,-24.07,-27.502,-27.502,-27.502,-24.37,,-24.07,-24.07,,-24.37,-24.37,-24.37
05-01-2026-Fri 13-42-17-PM,-24.37,-24.37,-24.104,-24.104,-24.104,-27.502,-27.502,-27.502,-24.37,,-24.104,-24.104,,-24.37,-24.37,-24.37
05-01-2026-Fri 13-42-19-PM,-24.404,-24.404,-24.104,-24.104,-24.104,-27.468,-27.468,-27.468,-24.404,,-24.104,-24.104,,-24.404,-24.404,-24.404
05-01-2026-Fri 13-42-20-PM,-24.404,-24.404,-24.104,-24.104,-24.104,-27.502,-27.502,-27.502,-24.404,,-24.104,-24.104,,-24.404,-24.404,-24.404
05-01-2026-Fri 13-42-21-PM,-24.437,-24.437,-24.137,-24.137,-24.137,-27.535,-27.535,-27.535,-24.437,,-24.137,-24.137,,-24.437,-24.437,-24.437
05-01-2026-Fri 13-42-23-PM,-24.437,-24.437,-24.17,-24.17,-24.17,-27.568,-27.568,-27.568,-24.437,,-24.17,-24.17,,-24.437,-24.437,-24.437
05-01-2026-Fri 13-42-24-PM,-24.437,-24.437,-24.137,-24.137,-24.137,-27.535,-27.535,-27.535,-24.437,,-24.137,-24.137,,-24.437,-24.437,-24.437
05-01-2026-Fri 13-42-25-PM,-24.47,-24.47,-24.17,-24.17,-24.17,-27.535,-27.535,-27.535,-24.47,,-24.17,-24.17,,-24.47,-24.47,-24.47
05-01-2026-Fri 13-42-27-PM,-24.504,-24.504,-24.204,-24.204,-24.204,-27.635,-27.635,-27.635,-24.504,,-24.204,-24.204,,-24.504,-24.504,-24.504
05-01-2026-Fri 13-42-28-PM,-24.504,-24.504,-24.17,-24.17,-24.17,-27.602,-27.602,-27.602,-24.504,,-24.17,-24.17,,-24.504,-24.504,-24.504
05-01-2026-Fri 13-42-29-PM,-24.504,-24.504,-24.204,-24.204,-24.204,-27.668,-27.668,-27.668,-24.504,,-24.204,-24.204,,-24.504,-24.504,-24.504
05-01-2026-Fri 13-42-31-PM,-24.504,-24.504,-24.204,-24.204,-24.204,-27.602,-27.602,-27.602,-24.504,,-24.204,-24.204,,-24.504,-24.504,-24.504
05-01-2026-Fri 13-42-32-PM,-24.537,-24.537,-24.237,-24.237,-24.237,-27.668,-27.668,-27.668,-24.537,,-24.237,-24.237,,-24.537,-24.537,-24.537
05-01-2026-Fri 13-42-34-PM,-24.57,-24.57,-24.204,-24.204,-24.204,-27.668,-27.668,-27.668,-24.57,,-24.204,-24.204,,-24.57,-24.57,-24.57
05-01-2026-Fri 13-42-35-PM,-24.57,-24.57,-24.237,-24.237,-24.237,-27.668,-27.668,-27.668,-24.57,,-24.237,-24.237,,-24.57,-24.57,-24.57
05-01-2026-Fri 13-42-37-PM,-24.604,-24.604,-24.27,-24.27,-24.27,-27.702,-27.702,-27.702,-24.604,,-24.27,-24.27,,-24.604,-24.604,-24.604
05-01-2026-Fri 13-42-38-PM,-24.604,-24.604,-24.237,-24.237,-24.237,-27.768,-27.768,-27.768,-24.604,,-24.237,-24.237,,-24.604,-24.604,-24.604
05-01-2026-Fri 13-42-39-PM,-24.637,-24.637,-24.304,-24.304,-24.304,-27.735,-27.735,-27.735,-24.637,,-24.304,-24.304,,-24.637,-24.637,-24.637
05-01-2026-Fri 13-42-41-PM,-24.637,-24.637,-24.304,-24.304,-24.304,-27.801,-27.801,-27.801,-24.637,,-24.304,-24.304,,-24.637,-24.637,-24.637
05-01-2026-Fri 13-42-42-PM,-24.67,-24.67,-24.337,-24.337,-24.337,-27.768,-27.768,-27.768,-24.67,,-24.337,-24.337,,-24.67,-24.67,-24.67
05-01-2026-Fri 13-42-43-PM,-24.67,-24.67,-24.337,-24.337,-24.337,-27.801,-27.801,-27.801,-24.67,,-24.337,-24.337,,-24.67,-24.67,-24.67
05-01-2026-Fri 13-42-45-PM,-24.704,-24.704,-24.337,-24.337,-24.337,-27.801,-27.801,-27.801,-24.704,,-24.337,-24.337,,-24.704,-24.704,-24.704
05-01-2026-Fri 13-42-46-PM,-24.704,-24.704,-24.337,-24.337,-24.337,-27.868,-27.868,-27.868,-24.704,,-24.337,-24.337,,-24.704,-24.704,-24.704
05-01-2026-Fri 13-42-48-PM,-24.704,-24.704,-24.37,-24.37,-24.37,-27.901,-27.901,-27.901,-24.704,,-24.37,-24.37,,-24.704,-24.704,-24.704
05-01-2026-Fri 13-42-49-PM,-24.737,-24.737,-24.37,-24.37,-24.37,-27.835,-27.835,-27.835,-24.737,,-24.37,-24.37,,-24.737,-24.737,-24.737
05-01-2026-Fri 13-42-50-PM,-24.737,-24.737,-24.404,-24.404,-24.404,-27.901,-27.901,-27.901,-24.737,,-24.404,-24.404,,-24.737,-24.737,-24.737
05-01-2026-Fri 13-42-52-PM,-24.77,-24.77,-24.404,-24.404,-24.404,-27.968,-27.968,-27.968,-24.77,,-24.404,-24.404,,-24.77,-24.77,-24.77
05-01-2026-Fri 13-42-53-PM,-24.77,-24.77,-24.437,-24.437,-24.437,-27.901,-27.901,-27.901,-24.77,,-24.437,-24.437,,-24.77,-24.77,-24.77
05-01-2026-Fri 13-42-55-PM,-24.77,-24.77,-24.404,-24.404,-24.404,-27.934,-27.934,-27.934,-24.77,,-24.404,-24.404,,-24.77,-24.77,-24.77
05-01-2026-Fri 13-42-56-PM,-24.804,-24.804,-24.404,-24.404,-24.404,-27.968,-27.968,-27.968,-24.804,,-24.404,-24.404,,-24.804,-24.804,-24.804
05-01-2026-Fri 13-42-57-PM,-24.837,-24.837,-24.437,-24.437,-24.437,-27.968,-27.968,-27.968,-24.837,,-24.437,-24.437,,-24.837,-24.837,-24.837
05-01-2026-Fri 13-42-59-PM,-24.837,-24.837,-24.47,-24.47,-24.47,-27.968,-27.968,-27.968,-24.837,,-24.47,-24.47,,-24.837,-24.837,-24.837
05-01-2026-Fri 13-43-00-PM,-24.87,-24.87,-24.47,-24.47,-24.47,-28.034,-28.034,-28.034,-24.87,,-24.47,-24.47,,-24.87,-24.87,-24.87
05-01-2026-Fri 13-43-02-PM,-24.87,-24.87,-24.504,-24.504,-24.504,-28.034,-28.034,-28.034,-24.87,,-24.504,-24.504,,-24.87,-24.87,-24.87
05-01-2026-Fri 13-43-03-PM,-24.87,-24.87,-24.504,-24.504,-24.504,-28.034,-28.034,-28.034,-24.87,,-24.504,-24.504,,-24.87,-24.87,-24.87
05-01-2026-Fri 13-43-04-PM,-24.904,-24.904,-24.537,-24.537,-24.537,-28.034,-28.034,-28.034,-24.904,,-24.537,-24.537,,-24.904,-24.904,-24.904
05-01-2026-Fri 13-43-06-PM,-24.904,-24.904,-24.537,-24.537,-24.537,-28.068,-28.068,-28.068,-24.904,,-24.537,-24.537,,-24.904,-24.904,-24.904
05-01-2026-Fri 13-43-07-PM,-24.937,-24.937,-24.537,-24.537,-24.537,-28.101,-28.101,-28.101,-24.937,,-24.537,-24.537,,-24.937,-24.937,-24.937
05-01-2026-Fri 13-43-09-PM,-24.937,-24.937,-24.57,-24.57,-24.57,-28.101,-28.101,-28.101,-24.937,,-24.57,-24.57,,-24.937,-24.937,-24.937
05-01-2026-Fri 13-43-10-PM,-24.97,-24.97,-24.57,-24.57,-24.57,-28.101,-28.101,-28.101,-24.97,,-24.57,-24.57,,-24.97,-24.97,-24.97
05-01-2026-Fri 13-43-11-PM,-24.97,-24.97,-24.57,-24.57,-24.57,-28.168,-28.168,-28.168,-24.97,,-24.57,-24.57,,-24.97,-24.97,-24.97
05-01-2026-Fri 13-43-13-PM,-25.004,-25.004,-24.604,-24.604,-24.604,-28.134,-28.134,-28.134,-25.004,,-24.604,-24.604,,-25.004,-25.004,-25.004
05-01-2026-Fri 13-43-14-PM,-25.004,-25.004,-24.604,-24.604,-24.604,-28.201,-28.201,-28.201,-25.004,,-24.604,-24.604,,-25.004,-25.004,-25.004
05-01-2026-Fri 13-43-16-PM,-25.037,-25.037,-24.637,-24.637,-24.637,-28.168,-28.168,-28.168,-25.037,,-24.637,-24.637,,-25.037,-25.037,-25.037
05-01-2026-Fri 13-43-17-PM,-25.037,-25.037,-24.637,-24.637,-24.637,-28.234,-28.234,-28.234,-25.037,,-24.637,-24.637,,-25.037,-25.037,-25.037
05-01-2026-Fri 13-43-18-PM,-25.037,-25.037,-24.637,-24.637,-24.637,-28.234,-28.234,-28.234,-25.037,,-24.637,-24.637,,-25.037,-25.037,-25.037
05-01-2026-Fri 13-43-20-PM,-25.07,-25.07,-24.67,-24.67,-24.67,-28.234,-28.234,-28.234,-25.07,,-24.67,-24.67,,-25.07,-25.07,-25.07
05-01-2026-Fri 13-43-21-PM,-25.07,-25.07,-24.637,-24.637,-24.637,-28.234,-28.234,-28.234,-25.07,,-24.637,-24.637,,-25.07,-25.07,-25.07
05-01-2026-Fri 13-43-23-PM,-25.104,-25.104,-24.67,-24.67,-24.67,-28.267,-28.267,-28.267,-25.104,,-24.67,-24.67,,-25.104,-25.104,-25.104
05-01-2026-Fri 13-43-24-PM,-25.104,-25.104,-24.67,-24.67,-24.67,-28.301,-28.301,-28.301,-25.104,,-24.67,-24.67,,-25.104,-25.104,-25.104
05-01-2026-Fri 13-43-25-PM,-25.137,-25.137,-24.704,-24.704,-24.704,-28.267,-28.267,-28.267,-25.137,,-24.704,-24.704,,-25.137,-25.137,-25.137
05-01-2026-Fri 13-43-27-PM,-25.17,-25.17,-24.737,-24.737,-24.737,-28.334,-28.334,-28.334,-25.17,,-24.737,-24.737,,-25.17,-25.17,-25.17
05-01-2026-Fri 13-43-28-PM,-25.17,-25.17,-24.737,-24.737,-24.737,-28.367,-28.367,-28.367,-25.17,,-24.737,-24.737,,-25.17,-25.17,-25.17
05-01-2026-Fri 13-43-30-PM,-25.17,-25.17,-24.704,-24.704,-24.704,-28.4,-28.4,-28.4,-25.17,,-24.704,-24.704,,-25.17,-25.17,-25.17
05-01-2026-Fri 13-43-31-PM,-25.204,-25.204,-24.737,-24.737,-24.737,-28.367,-28.367,-28.367,-25.204,,-24.737,-24.737,,-25.204,-25.204,-25.204
05-01-2026-Fri 13-43-32-PM,-25.204,-25.204,-24.77,-24.77,-24.77,-28.367,-28.367,-28.367,-25.204,,-24.77,-24.77,,-25.204,-25.204,-25.204
05-01-2026-Fri 13-43-34-PM,-25.237,-25.237,-24.77,-24.77,-24.77,-28.367,-28.367,-28.367,-25.237,,-24.77,-24.77,,-25.237,-25.237,-25.237
05-01-2026-Fri 13-43-35-PM,-25.204,-25.204,-24.77,-24.77,-24.77,-28.434,-28.434,-28.434,-25.204,,-24.77,-24.77,,-25.204,-25.204,-25.204
05-01-2026-Fri 13-43-37-PM,-25.237,-25.237,-24.804,-24.804,-24.804,-28.434,-28.434,-28.434,-25.237,,-24.804,-24.804,,-25.237,-25.237,-25.237
05-01-2026-Fri 13-43-38-PM,-25.27,-25.27,-24.804,-24.804,-24.804,-28.434,-28.434,-28.434,-25.27,,-24.804,-24.804,,-25.27,-25.27,-25.27
05-01-2026-Fri 13-43-41-PM,-25.27,-25.27,-24.804,-24.804,-24.804,-28.467,-28.467,-28.467,-25.27,,-24.804,-24.804,,-25.27,-25.27,-25.27
05-01-2026-Fri 13-43-43-PM,-25.304,-25.304,-24.837,-24.837,-24.837,-28.467,-28.467,-28.467,-25.304,,-24.837,-24.837,,-25.304,-25.304,-25.304
05-01-2026-Fri 13-43-45-PM,-25.337,-25.337,-24.87,-24.87,-24.87,-28.5,-28.5,-28.5,-25.337,,-24.87,-24.87,,-25.337,-25.337,-25.337
05-01-2026-Fri 13-43-48-PM,-25.337,-25.337,-24.87,-24.87,-24.87,-28.5,-28.5,-28.5,-25.337,,-24.87,-24.87,,-25.337,-25.337,-25.337
05-01-2026-Fri 13-43-50-PM,-25.404,-25.404,-24.904,-24.904,-24.904,-28.534,-28.534,-28.534,-25.404,,-24.904,-24.904,,-25.404,-25.404,-25.404
05-01-2026-Fri 13-43-52-PM,-25.404,-25.404,-24.937,-24.937,-24.937,-28.6,-28.6,-28.6,-25.404,,-24.937,-24.937,,-25.404,-25.404,-25.404
05-01-2026-Fri 13-43-54-PM,-25.437,-25.437,-24.937,-24.937,-24.937,-28.667,-28.667,-28.667,-25.437,,-24.937,-24.937,,-25.437,-25.437,-25.437
05-01-2026-Fri 13-43-55-PM,-25.437,-25.437,-24.937,-24.937,-24.937,-28.634,-28.634,-28.634,-25.437,,-24.937,-24.937,,-25.437,-25.437,-25.437
05-01-2026-Fri 13-43-57-PM,-25.47,-25.47,-24.97,-24.97,-24.97,-28.634,-28.634,-28.634,-25.47,,-24.97,-24.97,,-25.47,-25.47,-25.47
05-01-2026-Fri 13-43-58-PM,-25.504,-25.504,-24.97,-24.97,-24.97,-28.634,-28.634,-28.634,-25.504,,-24.97,-24.97,,-25.504,-25.504,-25.504
05-01-2026-Fri 13-43-59-PM,-25.47,-25.47,-25.004,-25.004,-25.004,-28.733,-28.733,-28.733,-25.47,,-25.004,-25.004,,-25.47,-25.47,-25.47
05-01-2026-Fri 13-44-01-PM,-25.537,-25.537,-25.004,-25.004,-25.004,-28.667,-28.667,-28.667,-25.537,,-25.004,-25.004,,-25.537,-25.537,-25.537
05-01-2026-Fri 13-44-02-PM,-25.537,-25.537,-25.037,-25.037,-25.037,-28.733,-28.733,-28.733,-25.537,,-25.037,-25.037,,-25.537,-25.537,-25.537
05-01-2026-Fri 13-44-04-PM,-25.537,-25.537,-25.037,-25.037,-25.037,-28.767,-28.767,-28.767,-25.537,,-25.037,-25.037,,-25.537,-25.537,-25.537
05-01-2026-Fri 13-44-05-PM,-25.504,-25.504,-25.07,-25.07,-25.07,-28.767,-28.767,-28.767,-25.504,,-25.07,-25.07,,-25.504,-25.504,-25.504
05-01-2026-Fri 13-44-06-PM,-25.57,-25.57,-25.07,-25.07,-25.07,-28.733,-28.733,-28.733,-25.57,,-25.07,-25.07,,-25.57,-25.57,-25.57
05-01-2026-Fri 13-44-08-PM,-25.57,-25.57,-25.07,-25.07,-25.07,-28.8,-28.8,-28.8,-25.57,,-25.07,-25.07,,-25.57,-25.57,-25.57
05-01-2026-Fri 13-44-09-PM,-25.637,-25.637,-25.104,-25.104,-25.104,-28.733,-28.733,-28.733,-25.637,,-25.104,-25.104,,-25.637,-25.637,-25.637
05-01-2026-Fri 13-44-11-PM,-25.603,-25.603,-25.104,-25.104,-25.104,-28.833,-28.833,-28.833,-25.603,,-25.104,-25.104,,-25.603,-25.603,-25.603
05-01-2026-Fri 13-44-12-PM,-25.67,-25.67,-25.104,-25.104,-25.104,-28.767,-28.767,-28.767,-25.67,,-25.104,-25.104,,-25.67,-25.67,-25.67
05-01-2026-Fri 13-44-13-PM,-25.637,-25.637,-25.104,-25.104,-25.104,-28.8,-28.8,-28.8,-25.637,,-25.104,-25.104,,-25.637,-25.637,-25.637
05-01-2026-Fri 13-44-15-PM,-25.67,-25.67,-25.137,-25.137,-25.137,-28.833,-28.833,-28.833,-25.67,,-25.137,-25.137,,-25.67,-25.67,-25.67
05-01-2026-Fri 13-44-16-PM,-25.67,-25.67,-25.17,-25.17,-25.17,-28.9,-28.9,-28.9,-25.67,,-25.17,-25.17,,-25.67,-25.67,-25.67
05-01-2026-Fri 13-44-18-PM,-25.703,-25.703,-25.137,-25.137,-25.137,-28.866,-28.866,-28.866,-25.703,,-25.137,-25.137,,-25.703,-25.703,-25.703
05-01-2026-Fri 13-44-19-PM,-25.703,-25.703,-25.204,-25.204,-25.204,-28.866,-28.866,-28.866,-25.703,,-25.204,-25.204,,-25.703,-25.703,-25.703
05-01-2026-Fri 13-44-20-PM,-25.737,-25.737,-25.204,-25.204,-25.204,-28.866,-28.866,-28.866,-25.737,,-25.204,-25.204,,-25.737,-25.737,-25.737
05-01-2026-Fri 13-44-22-PM,-25.737,-25.737,-25.204,-25.204,-25.204,-28.933,-28.933,-28.933,-25.737,,-25.204,-25.204,,-25.737,-25.737,-25.737
05-01-2026-Fri 13-44-23-PM,-25.737,-25.737,-25.204,-25.204,-25.204,-28.9,-28.9,-28.9,-25.737,,-25.204,-25.204,,-25.737,-25.737,-25.737
05-01-2026-Fri 13-44-24-PM,-25.77,-25.77,-25.237,-25.237,-25.237,-28.933,-28.933,-28.933,-25.77,,-25.237,-25.237,,-25.77,-25.77,-25.77
05-01-2026-Fri 13-44-26-PM,-25.77,-25.77,-25.204,-25.204,-25.204,-28.966,-28.966,-28.966,-25.77,,-25.204,-25.204,,-25.77,-25.77,-25.77
05-01-2026-Fri 13-44-27-PM,-25.803,-25.803,-25.237,-25.237,-25.237,-29.033,-29.033,-29.033,-25.803,,-25.237,-25.237,,-25.803,-25.803,-25.803
05-01-2026-Fri 13-44-29-PM,-25.803,-25.803,-25.27,-25.27,-25.27,-28.966,-28.966,-28.966,-25.803,,-25.27,-25.27,,-25.803,-25.803,-25.803
05-01-2026-Fri 13-44-30-PM,-25.837,-25.837,-25.27,-25.27,-25.27,-29.0,-29.0,-29.0,-25.837,,-25.27,-25.27,,-25.837,-25.837,-25.837
05-01-2026-Fri 13-44-31-PM,-25.837,-25.837,-25.304,-25.304,-25.304,-29.0,-29.0,-29.0,-25.837,,-25.304,-25.304,,-25.837,-25.837,-25.837
05-01-2026-Fri 13-44-33-PM,-25.87,-25.87,-25.27,-25.27,-25.27,-29.033,-29.033,-29.033,-25.87,,-25.27,-25.27,,-25.87,-25.87,-25.87
05-01-2026-Fri 13-44-34-PM,-25.87,-25.87,-25.337,-25.337,-25.337,-29.066,-29.066,-29.066,-25.87,,-25.337,-25.337,,-25.87,-25.87,-25.87
05-01-2026-Fri 13-44-36-PM,-25.87,-25.87,-25.337,-25.337,-25.337,-29.066,-29.066,-29.066,-25.87,,-25.337,-25.337,,-25.87,-25.87,-25.87
05-01-2026-Fri 13-44-37-PM,-25.87,-25.87,-25.337,-25.337,-25.337,-29.099,-29.099,-29.099,-25.87,,-25.337,-25.337,,-25.87,-25.87,-25.87
05-01-2026-Fri 13-44-39-PM,-25.936,-25.936,-25.337,-25.337,-25.337,-29.066,-29.066,-29.066,-25.936,,-25.337,-25.337,,-25.936,-25.936,-25.936
05-01-2026-Fri 13-44-40-PM,-25.903,-25.903,-25.337,-25.337,-25.337,-29.133,-29.133,-29.133,-25.903,,-25.337,-25.337,,-25.903,-25.903,-25.903
05-01-2026-Fri 13-44-41-PM,-25.936,-25.936,-25.37,-25.37,-25.37,-29.133,-29.133,-29.133,-25.936,,-25.37,-25.37,,-25.936,-25.936,-25.936
05-01-2026-Fri 13-44-43-PM,-25.97,-25.97,-25.37,-25.37,-25.37,-29.166,-29.166,-29.166,-25.97,,-25.37,-25.37,,-25.97,-25.97,-25.97
05-01-2026-Fri 13-44-44-PM,-25.97,-25.97,-25.37,-25.37,-25.37,-29.166,-29.166,-29.166,-25.97,,-25.37,-25.37,,-25.97,-25.97,-25.97
05-01-2026-Fri 13-44-46-PM,-26.003,-26.003,-25.404,-25.404,-25.404,-29.166,-29.166,-29.166,-26.003,,-25.404,-25.404,,-26.003,-26.003,-26.003
05-01-2026-Fri 13-44-47-PM,-26.003,-26.003,-25.404,-25.404,-25.404,-29.199,-29.199,-29.199,-26.003,,-25.404,-25.404,,-26.003,-26.003,-26.003
05-01-2026-Fri 13-44-49-PM,-26.07,-26.07,-25.404,-25.404,-25.404,-29.199,-29.199,-29.199,-26.07,,-25.404,-25.404,,-26.07,-26.07,-26.07
05-01-2026-Fri 13-44-50-PM,-26.036,-26.036,-25.437,-25.437,-25.437,-29.233,-29.233,-29.233,-26.036,,-25.437,-25.437,,-26.036,-26.036,-26.036
05-01-2026-Fri 13-44-51-PM,-26.036,-26.036,-25.47,-25.47,-25.47,-29.199,-29.199,-29.199,-26.036,,-25.47,-25.47,,-26.036,-26.036,-26.036
05-01-2026-Fri 13-44-53-PM,-26.07,-26.07,-25.47,-25.47,-25.47,-29.199,-29.199,-29.199,-26.07,,-25.47,-25.47,,-26.07,-26.07,-26.07
05-01-2026-Fri 13-44-54-PM,-26.07,-26.07,-25.47,-25.47,-25.47,-29.266,-29.266,-29.266,-26.07,,-25.47,-25.47,,-26.07,-26.07,-26.07
05-01-2026-Fri 13-44-55-PM,-26.103,-26.103,-25.47,-25.47,-25.47,-29.266,-29.266,-29.266,-26.103,,-25.47,-25.47,,-26.103,-26.103,-26.103
05-01-2026-Fri 13-44-57-PM,-26.103,-26.103,-25.504,-25.504,-25.504,-29.233,-29.233,-29.233,-26.103,,-25.504,-25.504,,-26.103,-26.103,-26.103
05-01-2026-Fri 13-44-58-PM,-26.136,-26.136,-25.47,-25.47,-25.47,-29.299,-29.299,-29.299,-26.136,,-25.47,-25.47,,-26.136,-26.136,-26.136
05-01-2026-Fri 13-45-00-PM,-26.136,-26.136,-25.537,-25.537,-25.537,-29.299,-29.299,-29.299,-26.136,,-25.537,-25.537,,-26.136,-26.136,-26.136
05-01-2026-Fri 13-45-01-PM,-26.17,-26.17,-25.537,-25.537,-25.537,-29.366,-29.366,-29.366,-26.17,,-25.537,-25.537,,-26.17,-26.17,-26.17
05-01-2026-Fri 13-45-02-PM,-26.17,-26.17,-25.537,-25.537,-25.537,-29.399,-29.399,-29.399,-26.17,,-25.537,-25.537,,-26.17,-26.17,-26.17
05-01-2026-Fri 13-45-04-PM,-26.203,-26.203,-25.57,-25.57,-25.57,-29.299,-29.299,-29.299,-26.203,,-25.57,-25.57,,-26.203,-26.203,-26.203
05-01-2026-Fri 13-45-05-PM,-26.203,-26.203,-25.537,-25.537,-25.537,-29.366,-29.366,-29.366,-26.203,,-25.537,-25.537,,-26.203,-26.203,-26.203
05-01-2026-Fri 13-45-07-PM,-26.203,-26.203,-25.603,-25.603,-25.603,-29.399,-29.399,-29.399,-26.203,,-25.603,-25.603,,-26.203,-26.203,-26.203
05-01-2026-Fri 13-45-08-PM,-26.236,-26.236,-25.603,-25.603,-25.603,-29.399,-29.399,-29.399,-26.236,,-25.603,-25.603,,-26.236,-26.236,-26.236
05-01-2026-Fri 13-45-09-PM,-26.27,-26.27,-25.603,-25.603,-25.603,-29.366,-29.366,-29.366,-26.27,,-25.603,-25.603,,-26.27,-26.27,-26.27
05-01-2026-Fri 13-45-11-PM,-26.27,-26.27,-25.637,-25.637,-25.637,-29.399,-29.399,-29.399,-26.27,,-25.637,-25.637,,-26.27,-26.27,-26.27
05-01-2026-Fri 13-45-12-PM,-26.27,-26.27,-25.637,-25.637,-25.637,-29.399,-29.399,-29.399,-26.27,,-25.637,-25.637,,-26.27,-26.27,-26.27
05-01-2026-Fri 13-45-14-PM,-26.303,-26.303,-25.637,-25.637,-25.637,-29.466,-29.466,-29.466,-26.303,,-25.637,-25.637,,-26.303,-26.303,-26.303
05-01-2026-Fri 13-45-15-PM,-26.27,-26.27,-25.637,-25.637,-25.637,-29.499,-29.499,-29.499,-26.27,,-25.637,-25.637,,-26.27,-26.27,-26.27
05-01-2026-Fri 13-45-16-PM,-26.336,-26.336,-25.67,-25.67,-25.67,-29.466,-29.466,-29.466,-26.336,,-25.67,-25.67,,-26.336,-26.336,-26.336
05-01-2026-Fri 13-45-18-PM,-26.336,-26.336,-25.703,-25.703,-25.703,-29.466,-29.466,-29.466,-26.336,,-25.703,-25.703,,-26.336,-26.336,-26.336
05-01-2026-Fri 13-45-19-PM,-26.336,-26.336,-25.703,-25.703,-25.703,-29.532,-29.532,-29.532,-26.336,,-25.703,-25.703,,-26.336,-26.336,-26.336
05-01-2026-Fri 13-45-21-PM,-26.37,-26.37,-25.703,-25.703,-25.703,-29.532,-29.532,-29.532,-26.37,,-25.703,-25.703,,-26.37,-26.37,-26.37
05-01-2026-Fri 13-45-22-PM,-26.37,-26.37,-25.703,-25.703,-25.703,-29.499,-29.499,-29.499,-26.37,,-25.703,-25.703,,-26.37,-26.37,-26.37
05-01-2026-Fri 13-45-23-PM,-26.403,-26.403,-25.737,-25.737,-25.737,-29.532,-29.532,-29.532,-26.403,,-25.737,-25.737,,-26.403,-26.403,-26.403
05-01-2026-Fri 13-45-25-PM,-26.403,-26.403,-25.737,-25.737,-25.737,-29.499,-29.499,-29.499,-26.403,,-25.737,-25.737,,-26.403,-26.403,-26.403
05-01-2026-Fri 13-45-26-PM,-26.403,-26.403,-25.77,-25.77,-25.77,-29.532,-29.532,-29.532,-26.403,,-25.77,-25.77,,-26.403,-26.403,-26.403
05-01-2026-Fri 13-45-28-PM,-26.436,-26.436,-25.77,-25.77,-25.77,-29.532,-29.532,-29.532,-26.436,,-25.77,-25.77,,-26.436,-26.436,-26.436
05-01-2026-Fri 13-45-29-PM,-26.47,-26.47,-25.803,-25.803,-25.803,-29.565,-29.565,-29.565,-26.47,,-25.803,-25.803,,-26.47,-26.47,-26.47
05-01-2026-Fri 13-45-30-PM,-26.47,-26.47,-25.803,-25.803,-25.803,-29.598,-29.598,-29.598,-26.47,,-25.803,-25.803,,-26.47,-26.47,-26.47
05-01-2026-Fri 13-45-32-PM,-26.503,-26.503,-25.803,-25.803,-25.803,-29.565,-29.565,-29.565,-26.503,,-25.803,-25.803,,-26.503,-26.503,-26.503
05-01-2026-Fri 13-45-33-PM,-26.47,-26.47,-25.837,-25.837,-25.837,-29.632,-29.632,-29.632,-26.47,,-25.837,-25.837,,-26.47,-26.47,-26.47
05-01-2026-Fri 13-45-35-PM,-26.503,-26.503,-25.803,-25.803,-25.803,-29.665,-29.665,-29.665,-26.503,,-25.803,-25.803,,-26.503,-26.503,-26.503
05-01-2026-Fri 13-45-36-PM,-26.536,-26.536,-25.837,-25.837,-25.837,-29.665,-29.665,-29.665,-26.536,,-25.837,-25.837,,-26.536,-26.536,-26.536
05-01-2026-Fri 13-45-37-PM,-26.536,-26.536,-25.837,-25.837,-25.837,-29.698,-29.698,-29.698,-26.536,,-25.837,-25.837,,-26.536,-26.536,-26.536
05-01-2026-Fri 13-45-39-PM,-26.536,-26.536,-25.87,-25.87,-25.87,-29.632,-29.632,-29.632,-26.536,,-25.87,-25.87,,-26.536,-26.536,-26.536
05-01-2026-Fri 13-45-40-PM,-26.603,-26.603,-25.87,-25.87,-25.87,-29.665,-29.665,-29.665,-26.603,,-25.87,-25.87,,-26.603,-26.603,-26.603
05-01-2026-Fri 13-45-41-PM,-26.569,-26.569,-25.87,-25.87,-25.87,-29.665,-29.665,-29.665,-26.569,,-25.87,-25.87,,-26.569,-26.569,-26.569
05-01-2026-Fri 13-45-43-PM,-26.603,-26.603,-25.903,-25.903,-25.903,-29.665,-29.665,-29.665,-26.603,,-25.903,-25.903,,-26.603,-26.603,-26.603
05-01-2026-Fri 13-45-46-PM,-26.603,-26.603,-25.903,-25.903,-25.903,-29.698,-29.698,-29.698,-26.603,,-25.903,-25.903,,-26.603,-26.603,-26.603
05-01-2026-Fri 13-45-48-PM,-26.636,-26.636,-25.936,-25.936,-25.936,-29.798,-29.798,-29.798,-26.636,,-25.936,-25.936,,-26.636,-26.636,-26.636
05-01-2026-Fri 13-45-50-PM,-26.669,-26.669,-25.97,-25.97,-25.97,-29.832,-29.832,-29.832,-26.669,,-25.97,-25.97,,-26.669,-26.669,-26.669
05-01-2026-Fri 13-45-52-PM,-26.703,-26.703,-25.97,-25.97,-25.97,-29.732,-29.732,-29.732,-26.703,,-25.97,-25.97,,-26.703,-26.703,-26.703
05-01-2026-Fri 13-45-53-PM,-26.736,-26.736,-26.036,-26.036,-26.036,-29.798,-29.798,-29.798,-26.736,,-26.036,-26.036,,-26.736,-26.736,-26.736
05-01-2026-Fri 13-45-55-PM,-26.736,-26.736,-26.036,-26.036,-26.036,-29.865,-29.865,-29.865,-26.736,,-26.036,-26.036,,-26.736,-26.736,-26.736
05-01-2026-Fri 13-45-56-PM,-26.736,-26.736,-26.07,-26.07,-26.07,-29.832,-29.832,-29.832,-26.736,,-26.07,-26.07,,-26.736,-26.736,-26.736
05-01-2026-Fri 13-45-58-PM,-26.836,-26.836,-26.103,-26.103,-26.103,-29.898,-29.898,-29.898,-26.836,,-26.103,-26.103,,-26.836,-26.836,-26.836
05-01-2026-Fri 13-45-59-PM,-26.836,-26.836,-26.136,-26.136,-26.136,-29.865,-29.865,-29.865,-26.836,,-26.136,-26.136,,-26.836,-26.836,-26.836
05-01-2026-Fri 13-46-00-PM,-26.869,-26.869,-26.17,-26.17,-26.17,-29.964,-29.964,-29.964,-26.869,,-26.17,-26.17,,-26.869,-26.869,-26.869
05-01-2026-Fri 13-46-02-PM,-26.869,-26.869,-26.203,-26.203,-26.203,-29.931,-29.931,-29.931,-26.869,,-26.203,-26.203,,-26.869,-26.869,-26.869
05-01-2026-Fri 13-46-03-PM,-26.936,-26.936,-26.27,-26.27,-26.27,-29.931,-29.931,-29.931,-26.936,,-26.27,-26.27,,-26.936,-26.936,-26.936
05-01-2026-Fri 13-46-05-PM,-26.936,-26.936,-26.303,-26.303,-26.303,-29.964,-29.964,-29.964,-26.936,,-26.303,-26.303,,-26.936,-26.936,-26.936
05-01-2026-Fri 13-46-06-PM,-26.969,-26.969,-26.303,-26.303,-26.303,-29.964,-29.964,-29.964,-26.969,,-26.303,-26.303,,-26.969,-26.969,-26.969
05-01-2026-Fri 13-46-07-PM,-27.036,-27.036,-26.336,-26.336,-26.336,-30.031,-30.031,-30.031,-27.036,,-26.336,-26.336,,-27.036,-27.036,-27.036
05-01-2026-Fri 13-46-09-PM,-27.036,-27.036,-26.37,-26.37,-26.37,-30.031,-30.031,-30.031,-27.036,,-26.37,-26.37,,-27.036,-27.036,-27.036
05-01-2026-Fri 13-46-10-PM,-27.102,-27.102,-26.37,-26.37,-26.37,-30.098,-30.098,-30.098,-27.102,,-26.37,-26.37,,-27.102,-27.102,-27.102
05-01-2026-Fri 13-46-12-PM,-27.069,-27.069,-26.403,-26.403,-26.403,-30.098,-30.098,-30.098,-27.069,,-26.403,-26.403,,-27.069,-27.069,-27.069
05-01-2026-Fri 13-46-13-PM,-27.102,-27.102,-26.436,-26.436,-26.436,-30.098,-30.098,-30.098,-27.102,,-26.436,-26.436,,-27.102,-27.102,-27.102
05-01-2026-Fri 13-46-14-PM,-27.136,-27.136,-26.47,-26.47,-26.47,-30.164,-30.164,-30.164,-27.136,,-26.47,-26.47,,-27.136,-27.136,-27.136
05-01-2026-Fri 13-46-16-PM,-27.136,-27.136,-26.47,-26.47,-26.47,-30.197,-30.197,-30.197,-27.136,,-26.47,-26.47,,-27.136,-27.136,-27.136
05-01-2026-Fri 13-46-17-PM,-27.202,-27.202,-26.503,-26.503,-26.503,-30.131,-30.131,-30.131,-27.202,,-26.503,-26.503,,-27.202,-27.202,-27.202
05-01-2026-Fri 13-46-18-PM,-27.202,-27.202,-26.536,-26.536,-26.536,-30.197,-30.197,-30.197,-27.202,,-26.536,-26.536,,-27.202,-27.202,-27.202
05-01-2026-Fri 13-46-20-PM,-27.269,-27.269,-26.569,-26.569,-26.569,-30.197,-30.197,-30.197,-27.269,,-26.569,-26.569,,-27.269,-27.269,-27.269
05-01-2026-Fri 13-46-21-PM,-27.235,-27.235,-26.603,-26.603,-26.603,-30.264,-30.264,-30.264,-27.235,,-26.603,-26.603,,-27.235,-27.235,-27.235
05-01-2026-Fri 13-46-23-PM,-27.302,-27.302,-26.603,-26.603,-26.603,-30.231,-30.231,-30.231,-27.302,,-26.603,-26.603,,-27.302,-27.302,-27.302
05-01-2026-Fri 13-46-24-PM,-27.269,-27.269,-26.636,-26.636,-26.636,-30.297,-30.297,-30.297,-27.269,,-26.636,-26.636,,-27.269,-27.269,-27.269
05-01-2026-Fri 13-46-26-PM,-27.335,-27.335,-26.636,-26.636,-26.636,-30.297,-30.297,-30.297,-27.335,,-26.636,-26.636,,-27.335,-27.335,-27.335
05-01-2026-Fri 13-46-28-PM,-27.368,-27.368,-26.703,-26.703,-26.703,-30.364,-30.364,-30.364,-27.368,,-26.703,-26.703,,-27.368,-27.368,-27.368
05-01-2026-Fri 13-46-31-PM,-27.402,-27.402,-26.736,-26.736,-26.736,-30.397,-30.397,-30.397,-27.402,,-26.736,-26.736,,-27.402,-27.402,-27.402
05-01-2026-Fri 13-46-32-PM,-27.468,-27.468,-26.802,-26.802,-26.802,-30.43,-30.43,-30.43,-27.468,,-26.802,-26.802,,-27.468,-27.468,-27.468
05-01-2026-Fri 13-46-34-PM,-27.502,-27.502,-26.836,-26.836,-26.836,-30.464,-30.464,-30.464,-27.502,,-26.836,-26.836,,-27.502,-27.502,-27.502
05-01-2026-Fri 13-46-36-PM,-27.502,-27.502,-26.869,-26.869,-26.869,-30.497,-30.497,-30.497,-27.502,,-26.869,-26.869,,-27.502,-27.502,-27.502
05-01-2026-Fri 13-46-37-PM,-27.535,-27.535,-26.902,-26.902,-26.902,-30.497,-30.497,-30.497,-27.535,,-26.902,-26.902,,-27.535,-27.535,-27.535
05-01-2026-Fri 13-46-38-PM,-27.568,-27.568,-26.902,-26.902,-26.902,-30.497,-30.497,-30.497,-27.568,,-26.902,-26.902,,-27.568,-27.568,-27.568
05-01-2026-Fri 13-46-40-PM,-27.602,-27.602,-26.936,-26.936,-26.936,-30.563,-30.563,-30.563,-27.602,,-26.936,-26.936,,-27.602,-27.602,-27.602
05-01-2026-Fri 13-46-41-PM,-27.635,-27.635,-26.969,-26.969,-26.969,-30.596,-30.596,-30.596,-27.635,,-26.969,-26.969,,-27.635,-27.635,-27.635
05-01-2026-Fri 13-46-43-PM,-27.668,-27.668,-26.936,-26.936,-26.936,-30.596,-30.596,-30.596,-27.668,,-26.936,-26.936,,-27.668,-27.668,-27.668
05-01-2026-Fri 13-46-44-PM,-27.702,-27.702,-27.002,-27.002,-27.002,-30.63,-30.63,-30.63,-27.702,,-27.002,-27.002,,-27.702,-27.702,-27.702
05-01-2026-Fri 13-46-45-PM,-27.702,-27.702,-27.002,-27.002,-27.002,-30.63,-30.63,-30.63,-27.702,,-27.002,-27.002,,-27.702,-27.702,-27.702
05-01-2026-Fri 13-46-47-PM,-27.702,-27.702,-27.036,-27.036,-27.036,-30.663,-30.663,-30.663,-27.702,,-27.036,-27.036,,-27.702,-27.702,-27.702
05-01-2026-Fri 13-46-48-PM,-27.735,-27.735,-27.069,-27.069,-27.069,-30.63,-30.63,-30.63,-27.735,,-27.069,-27.069,,-27.735,-27.735,-27.735
05-01-2026-Fri 13-46-49-PM,-27.735,-27.735,-27.069,-27.069,-27.069,-30.696,-30.696,-30.696,-27.735,,-27.069,-27.069,,-27.735,-27.735,-27.735
05-01-2026-Fri 13-46-51-PM,-27.768,-27.768,-27.102,-27.102,-27.102,-30.696,-30.696,-30.696,-27.768,,-27.102,-27.102,,-27.768,-27.768,-27.768
05-01-2026-Fri 13-46-52-PM,-27.801,-27.801,-27.169,-27.169,-27.169,-30.763,-30.763,-30.763,-27.801,,-27.169,-27.169,,-27.801,-27.801,-27.801
05-01-2026-Fri 13-46-53-PM,-27.868,-27.868,-27.169,-27.169,-27.169,-30.763,-30.763,-30.763,-27.868,,-27.169,-27.169,,-27.868,-27.868,-27.868
05-01-2026-Fri 13-46-55-PM,-27.868,-27.868,-27.202,-27.202,-27.202,-30.796,-30.796,-30.796,-27.868,,-27.202,-27.202,,-27.868,-27.868,-27.868
05-01-2026-Fri 13-46-56-PM,-27.868,-27.868,-27.235,-27.235,-27.235,-30.829,-30.829,-30.829,-27.868,,-27.235,-27.235,,-27.868,-27.868,-27.868
05-01-2026-Fri 13-46-58-PM,-27.934,-27.934,-27.235,-27.235,-27.235,-30.829,-30.829,-30.829,-27.934,,-27.235,-27.235,,-27.934,-27.934,-27.934
05-01-2026-Fri 13-46-59-PM,-27.934,-27.934,-27.269,-27.269,-27.269,-30.863,-30.863,-30.863,-27.934,,-27.269,-27.269,,-27.934,-27.934,-27.934
05-01-2026-Fri 13-47-00-PM,-27.934,-27.934,-27.269,-27.269,-27.269,-30.863,-30.863,-30.863,-27.934,,-27.269,-27.269,,-27.934,-27.934,-27.934
05-01-2026-Fri 13-47-02-PM,-27.968,-27.968,-27.302,-27.302,-27.302,-30.863,-30.863,-30.863,-27.968,,-27.302,-27.302,,-27.968,-27.968,-27.968
05-01-2026-Fri 13-47-03-PM,-27.968,-27.968,-27.335,-27.335,-27.335,-30.929,-30.929,-30.929,-27.968,,-27.335,-27.335,,-27.968,-27.968,-27.968
05-01-2026-Fri 13-47-05-PM,-28.034,-28.034,-27.335,-27.335,-27.335,-30.962,-30.962,-30.962,-28.034,,-27.335,-27.335,,-28.034,-28.034,-28.034
05-01-2026-Fri 13-47-06-PM,-28.034,-28.034,-27.402,-27.402,-27.402,-30.962,-30.962,-30.962,-28.034,,-27.402,-27.402,,-28.034,-28.034,-28.034
05-01-2026-Fri 13-47-08-PM,-28.034,-28.034,-27.402,-27.402,-27.402,-30.962,-30.962,-30.962,-28.034,,-27.402,-27.402,,-28.034,-28.034,-28.034
05-01-2026-Fri 13-47-09-PM,-28.068,-28.068,-27.435,-27.435,-27.435,-31.029,-31.029,-31.029,-28.068,,-27.435,-27.435,,-28.068,-28.068,-28.068
05-01-2026-Fri 13-47-10-PM,-28.068,-28.068,-27.435,-27.435,-27.435,-31.062,-31.062,-31.062,-28.068,,-27.435,-27.435,,-28.068,-28.068,-28.068
05-01-2026-Fri 13-47-12-PM,-28.134,-28.134,-27.468,-27.468,-27.468,-31.029,-31.029,-31.029,-28.134,,-27.468,-27.468,,-28.134,-28.134,-28.134
05-01-2026-Fri 13-47-13-PM,-28.168,-28.168,-27.502,-27.502,-27.502,-31.062,-31.062,-31.062,-28.168,,-27.502,-27.502,,-28.168,-28.168,-28.168
05-01-2026-Fri 13-47-15-PM,-28.201,-28.201,-27.535,-27.535,-27.535,-31.129,-31.129,-31.129,-28.201,,-27.535,-27.535,,-28.201,-28.201,-28.201
05-01-2026-Fri 13-47-16-PM,-28.201,-28.201,-27.535,-27.535,-27.535,-31.162,-31.162,-31.162,-28.201,,-27.535,-27.535,,-28.201,-28.201,-28.201
05-01-2026-Fri 13-47-18-PM,-28.234,-28.234,-27.568,-27.568,-27.568,-31.195,-31.195,-31.195,-28.234,,-27.568,-27.568,,-28.234,-28.234,-28.234
05-01-2026-Fri 13-47-19-PM,-28.234,-28.234,-27.602,-27.602,-27.602,-31.228,-31.228,-31.228,-28.234,,-27.602,-27.602,,-28.234,-28.234,-28.234
05-01-2026-Fri 13-47-20-PM,-28.301,-28.301,-27.602,-27.602,-27.602,-31.195,-31.195,-31.195,-28.301,,-27.602,-27.602,,-28.301,-28.301,-28.301
05-01-2026-Fri 13-47-22-PM,-28.301,-28.301,-27.602,-27.602,-27.602,-31.228,-31.228,-31.228,-28.301,,-27.602,-27.602,,-28.301,-28.301,-28.301
05-01-2026-Fri 13-47-23-PM,-28.334,-28.334,-27.668,-27.668,-27.668,-31.228,-31.228,-31.228,-28.334,,-27.668,-27.668,,-28.334,-28.334,-28.334
05-01-2026-Fri 13-47-25-PM,-28.334,-28.334,-27.702,-27.702,-27.702,-31.295,-31.295,-31.295,-28.334,,-27.702,-27.702,,-28.334,-28.334,-28.334
05-01-2026-Fri 13-47-26-PM,-28.367,-28.367,-27.702,-27.702,-27.702,-31.295,-31.295,-31.295,-28.367,,-27.702,-27.702,,-28.367,-28.367,-28.367
05-01-2026-Fri 13-47-27-PM,-28.4,-28.4,-27.702,-27.702,-27.702,-31.328,-31.328,-31.328,-28.4,,-27.702,-27.702,,-28.4,-28.4,-28.4
05-01-2026-Fri 13-47-29-PM,-28.4,-28.4,-27.735,-27.735,-27.735,-31.328,-31.328,-31.328,-28.4,,-27.735,-27.735,,-28.4,-28.4,-28.4
05-01-2026-Fri 13-47-30-PM,-28.434,-28.434,-27.768,-27.768,-27.768,-31.395,-31.395,-31.395,-28.434,,-27.768,-27.768,,-28.434,-28.434,-28.434
05-01-2026-Fri 13-47-32-PM,-28.434,-28.434,-27.801,-27.801,-27.801,-31.361,-31.361,-31.361,-28.434,,-27.801,-27.801,,-28.434,-28.434,-28.434
05-01-2026-Fri 13-47-33-PM,-28.434,-28.434,-27.801,-27.801,-27.801,-31.428,-31.428,-31.428,-28.434,,-27.801,-27.801,,-28.434,-28.434,-28.434
05-01-2026-Fri 13-47-34-PM,-28.5,-28.5,-27.801,-27.801,-27.801,-31.428,-31.428,-31.428,-28.5,,-27.801,-27.801,,-28.5,-28.5,-28.5
05-01-2026-Fri 13-47-36-PM,-28.5,-28.5,-27.835,-27.835,-27.835,-31.461,-31.461,-31.461,-28.5,,-27.835,-27.835,,-28.5,-28.5,-28.5
05-01-2026-Fri 13-47-37-PM,-28.534,-28.534,-27.868,-27.868,-27.868,-31.494,-31.494,-31.494,-28.534,,-27.868,-27.868,,-28.534,-28.534,-28.534
05-01-2026-Fri 13-47-39-PM,-28.567,-28.567,-27.868,-27.868,-27.868,-31.494,-31.494,-31.494,-28.567,,-27.868,-27.868,,-28.567,-28.567,-28.567
05-01-2026-Fri 13-47-40-PM,-28.6,-28.6,-27.901,-27.901,-27.901,-31.561,-31.561,-31.561,-28.6,,-27.901,-27.901,,-28.6,-28.6,-28.6
05-01-2026-Fri 13-47-41-PM,-28.6,-28.6,-27.934,-27.934,-27.934,-31.528,-31.528,-31.528,-28.6,,-27.934,-27.934,,-28.6,-28.6,-28.6
05-01-2026-Fri 13-47-43-PM,-28.6,-28.6,-28.001,-28.001,-28.001,-31.528,-31.528,-31.528,-28.6,,-28.001,-28.001,,-28.6,-28.6,-28.6
05-01-2026-Fri 13-47-44-PM,-28.634,-28.634,-27.968,-27.968,-27.968,-31.628,-31.628,-31.628,-28.634,,-27.968,-27.968,,-28.634,-28.634,-28.634
05-01-2026-Fri 13-47-46-PM,-28.667,-28.667,-27.968,-27.968,-27.968,-31.628,-31.628,-31.628,-28.667,,-27.968,-27.968,,-28.667,-28.667,-28.667
05-01-2026-Fri 13-47-47-PM,-28.7,-28.7,-28.034,-28.034,-28.034,-31.594,-31.594,-31.594,-28.7,,-28.034,-28.034,,-28.7,-28.7,-28.7
05-01-2026-Fri 13-47-48-PM,-28.7,-28.7,-28.034,-28.034,-28.034,-31.628,-31.628,-31.628,-28.7,,-28.034,-28.034,,-28.7,-28.7,-28.7
05-01-2026-Fri 13-47-50-PM,-28.733,-28.733,-28.034,-28.034,-28.034,-31.661,-31.661,-31.661,-28.733,,-28.034,-28.034,,-28.733,-28.733,-28.733
05-01-2026-Fri 13-47-51-PM,-28.767,-28.767,-28.068,-28.068,-28.068,-31.661,-31.661,-31.661,-28.767,,-28.068,-28.068,,-28.767,-28.767,-28.767
05-01-2026-Fri 13-47-53-PM,-28.767,-28.767,-28.101,-28.101,-28.101,-31.727,-31.727,-31.727,-28.767,,-28.101,-28.101,,-28.767,-28.767,-28.767
05-01-2026-Fri 13-47-54-PM,-28.8,-28.8,-28.101,-28.101,-28.101,-31.727,-31.727,-31.727,-28.8,,-28.101,-28.101,,-28.8,-28.8,-28.8
05-01-2026-Fri 13-47-55-PM,-28.833,-28.833,-28.168,-28.168,-28.168,-31.794,-31.794,-31.794,-28.833,,-28.168,-28.168,,-28.833,-28.833,-28.833
05-01-2026-Fri 13-47-57-PM,-28.833,-28.833,-28.168,-28.168,-28.168,-31.794,-31.794,-31.794,-28.833,,-28.168,-28.168,,-28.833,-28.833,-28.833
05-01-2026-Fri 13-47-58-PM,-28.9,-28.9,-28.168,-28.168,-28.168,-31.794,-31.794,-31.794,-28.9,,-28.168,-28.168,,-28.9,-28.9,-28.9
05-01-2026-Fri 13-47-59-PM,-28.866,-28.866,-28.201,-28.201,-28.201,-31.827,-31.827,-31.827,-28.866,,-28.201,-28.201,,-28.866,-28.866,-28.866
05-01-2026-Fri 13-48-01-PM,-28.866,-28.866,-28.201,-28.201,-28.201,-31.86,-31.86,-31.86,-28.866,,-28.201,-28.201,,-28.866,-28.866,-28.866
05-01-2026-Fri 13-48-02-PM,-28.933,-28.933,-28.234,-28.234,-28.234,-31.827,-31.827,-31.827,-28.933,,-28.234,-28.234,,-28.933,-28.933,-28.933
05-01-2026-Fri 13-48-04-PM,-28.933,-28.933,-28.267,-28.267,-28.267,-31.86,-31.86,-31.86,-28.933,,-28.267,-28.267,,-28.933,-28.933,-28.933
05-01-2026-Fri 13-48-05-PM,-28.966,-28.966,-28.301,-28.301,-28.301,-31.894,-31.894,-31.894,-28.966,,-28.301,-28.301,,-28.966,-28.966,-28.966
05-01-2026-Fri 13-48-06-PM,-29.0,-29.0,-28.301,-28.301,-28.301,-31.86,-31.86,-31.86,-29.0,,-28.301,-28.301,,-29.0,-29.0,-29.0
05-01-2026-Fri 13-48-08-PM,-29.0,-29.0,-28.301,-28.301,-28.301,-31.927,-31.927,-31.927,-29.0,,-28.301,-28.301,,-29.0,-29.0,-29.0
05-01-2026-Fri 13-48-09-PM,-29.033,-29.033,-28.334,-28.334,-28.334,-31.96,-31.96,-31.96,-29.033,,-28.334,-28.334,,-29.033,-29.033,-29.033
05-01-2026-Fri 13-48-11-PM,-29.033,-29.033,-28.367,-28.367,-28.367,-31.993,-31.993,-31.993,-29.033,,-28.367,-28.367,,-29.033,-29.033,-29.033
05-01-2026-Fri 13-48-12-PM,-29.066,-29.066,-28.367,-28.367,-28.367,-32.026,-32.026,-32.026,-29.066,,-28.367,-28.367,,-29.066,-29.066,-29.066
05-01-2026-Fri 13-48-14-PM,-29.099,-29.099,-28.4,-28.4,-28.4,-32.026,-32.026,-32.026,-29.099,,-28.4,-28.4,,-29.099,-29.099,-29.099
05-01-2026-Fri 13-48-17-PM,-29.099,-29.099,-28.4,-28.4,-28.4,-32.06,-32.06,-32.06,-29.099,,-28.4,-28.4,,-29.099,-29.099,-29.099
05-01-2026-Fri 13-48-19-PM,-29.166,-29.166,-28.467,-28.467,-28.467,-32.093,-32.093,-32.093,-29.166,,-28.467,-28.467,,-29.166,-29.166,-29.166
05-01-2026-Fri 13-48-21-PM,-29.199,-29.199,-28.5,-28.5,-28.5,-32.126,-32.126,-32.126,-29.199,,-28.5,-28.5,,-29.199,-29.199,-29.199
05-01-2026-Fri 13-48-22-PM,-29.233,-29.233,-28.534,-28.534,-28.534,-32.126,-32.126,-32.126,-29.233,,-28.534,-28.534,,-29.233,-29.233,-29.233
05-01-2026-Fri 13-48-24-PM,-29.233,-29.233,-28.534,-28.534,-28.534,-32.226,-32.226,-32.226,-29.233,,-28.534,-28.534,,-29.233,-29.233,-29.233
05-01-2026-Fri 13-48-25-PM,-29.233,-29.233,-28.567,-28.567,-28.567,-32.193,-32.193,-32.193,-29.233,,-28.567,-28.567,,-29.233,-29.233,-29.233
05-01-2026-Fri 13-48-26-PM,-29.299,-29.299,-28.567,-28.567,-28.567,-32.226,-32.226,-32.226,-29.299,,-28.567,-28.567,,-29.299,-29.299,-29.299
05-01-2026-Fri 13-48-28-PM,-29.299,-29.299,-28.567,-28.567,-28.567,-32.259,-32.259,-32.259,-29.299,,-28.567,-28.567,,-29.299,-29.299,-29.299
05-01-2026-Fri 13-48-29-PM,-29.332,-29.332,-28.6,-28.6,-28.6,-32.226,-32.226,-32.226,-29.332,,-28.6,-28.6,,-29.332,-29.332,-29.332
05-01-2026-Fri 13-48-31-PM,-29.332,-29.332,-28.634,-28.634,-28.634,-32.226,-32.226,-32.226,-29.332,,-28.634,-28.634,,-29.332,-29.332,-29.332
05-01-2026-Fri 13-48-32-PM,-29.366,-29.366,-28.634,-28.634,-28.634,-32.326,-32.326,-32.326,-29.366,,-28.634,-28.634,,-29.366,-29.366,-29.366
05-01-2026-Fri 13-48-34-PM,-29.399,-29.399,-28.667,-28.667,-28.667,-32.292,-32.292,-32.292,-29.399,,-28.667,-28.667,,-29.399,-29.399,-29.399
05-01-2026-Fri 13-48-35-PM,-29.399,-29.399,-28.7,-28.7,-28.7,-32.326,-32.326,-32.326,-29.399,,-28.7,-28.7,,-29.399,-29.399,-29.399
05-01-2026-Fri 13-48-37-PM,-29.432,-29.432,-28.7,-28.7,-28.7,-32.392,-32.392,-32.392,-29.432,,-28.7,-28.7,,-29.432,-29.432,-29.432
05-01-2026-Fri 13-48-38-PM,-29.466,-29.466,-28.7,-28.7,-28.7,-32.359,-32.359,-32.359,-29.466,,-28.7,-28.7,,-29.466,-29.466,-29.466
05-01-2026-Fri 13-48-39-PM,-29.499,-29.499,-28.733,-28.733,-28.733,-32.392,-32.392,-32.392,-29.499,,-28.733,-28.733,,-29.499,-29.499,-29.499
05-01-2026-Fri 13-48-41-PM,-29.499,-29.499,-28.767,-28.767,-28.767,-32.425,-32.425,-32.425,-29.499,,-28.767,-28.767,,-29.499,-29.499,-29.499
05-01-2026-Fri 13-48-42-PM,-29.499,-29.499,-28.767,-28.767,-28.767,-32.459,-32.459,-32.459,-29.499,,-28.767,-28.767,,-29.499,-29.499,-29.499
05-01-2026-Fri 13-48-43-PM,-29.532,-29.532,-28.767,-28.767,-28.767,-32.492,-32.492,-32.492,-29.532,,-28.767,-28.767,,-29.532,-29.532,-29.532
05-01-2026-Fri 13-48-45-PM,-29.565,-29.565,-28.8,-28.8,-28.8,-32.492,-32.492,-32.492,-29.565,,-28.8,-28.8,,-29.565,-29.565,-29.565
05-01-2026-Fri 13-48-46-PM,-29.565,-29.565,-28.833,-28.833,-28.833,-32.492,-32.492,-32.492,-29.565,,-28.833,-28.833,,-29.565,-29.565,-29.565
05-01-2026-Fri 13-48-48-PM,-29.598,-29.598,-28.833,-28.833,-28.833,-32.459,-32.459,-32.459,-29.598,,-28.833,-28.833,,-29.598,-29.598,-29.598
05-01-2026-Fri 13-48-49-PM,-29.632,-29.632,-28.9,-28.9,-28.9,-32.525,-32.525,-32.525,-29.632,,-28.9,-28.9,,-29.632,-29.632,-29.632
05-01-2026-Fri 13-48-51-PM,-29.632,-29.632,-28.866,-28.866,-28.866,-32.592,-32.592,-32.592,-29.632,,-28.866,-28.866,,-29.632,-29.632,-29.632
05-01-2026-Fri 13-48-52-PM,-29.665,-29.665,-28.9,-28.9,-28.9,-32.558,-32.558,-32.558,-29.665,,-28.9,-28.9,,-29.665,-29.665,-29.665
05-01-2026-Fri 13-48-54-PM,-29.698,-29.698,-28.933,-28.933,-28.933,-32.592,-32.592,-32.592,-29.698,,-28.933,-28.933,,-29.698,-29.698,-29.698
05-01-2026-Fri 13-48-56-PM,-29.698,-29.698,-28.933,-28.933,-28.933,-32.658,-32.658,-32.658,-29.698,,-28.933,-28.933,,-29.698,-29.698,-29.698
05-01-2026-Fri 13-48-57-PM,-29.732,-29.732,-28.966,-28.966,-28.966,-32.658,-32.658,-32.658,-29.732,,-28.966,-28.966,,-29.732,-29.732,-29.732
05-01-2026-Fri 13-48-58-PM,-29.732,-29.732,-29.0,-29.0,-29.0,-32.658,-32.658,-32.658,-29.732,,-29.0,-29.0,,-29.732,-29.732,-29.732
05-01-2026-Fri 13-49-00-PM,-29.732,-29.732,-29.0,-29.0,-29.0,-32.724,-32.724,-32.724,-29.732,,-29.0,-29.0,,-29.732,-29.732,-29.732
05-01-2026-Fri 13-49-01-PM,-29.765,-29.765,-29.0,-29.0,-29.0,-32.691,-32.691,-32.691,-29.765,,-29.0,-29.0,,-29.765,-29.765,-29.765
05-01-2026-Fri 13-49-03-PM,-29.798,-29.798,-29.033,-29.033,-29.033,-32.724,-32.724,-32.724,-29.798,,-29.033,-29.033,,-29.798,-29.798,-29.798
05-01-2026-Fri 13-49-04-PM,-29.832,-29.832,-29.033,-29.033,-29.033,-32.724,-32.724,-32.724,-29.832,,-29.033,-29.033,,-29.832,-29.832,-29.832
05-01-2026-Fri 13-49-05-PM,-29.832,-29.832,-29.066,-29.066,-29.066,-32.791,-32.791,-32.791,-29.832,,-29.066,-29.066,,-29.832,-29.832,-29.832
05-01-2026-Fri 13-49-07-PM,-29.865,-29.865,-29.099,-29.099,-29.099,-32.758,-32.758,-32.758,-29.865,,-29.099,-29.099,,-29.865,-29.865,-29.865
05-01-2026-Fri 13-49-08-PM,-29.898,-29.898,-29.099,-29.099,-29.099,-32.791,-32.791,-32.791,-29.898,,-29.099,-29.099,,-29.898,-29.898,-29.898
05-01-2026-Fri 13-49-10-PM,-29.865,-29.865,-29.133,-29.133,-29.133,-32.824,-32.824,-32.824,-29.865,,-29.133,-29.133,,-29.865,-29.865,-29.865
05-01-2026-Fri 13-49-11-PM,-29.964,-29.964,-29.133,-29.133,-29.133,-32.824,-32.824,-32.824,-29.964,,-29.133,-29.133,,-29.964,-29.964,-29.964
05-01-2026-Fri 13-49-13-PM,-29.964,-29.964,-29.166,-29.166,-29.166,-32.858,-32.858,-32.858,-29.964,,-29.166,-29.166,,-29.964,-29.964,-29.964
05-01-2026-Fri 13-49-14-PM,-29.964,-29.964,-29.166,-29.166,-29.166,-32.858,-32.858,-32.858,-29.964,,-29.166,-29.166,,-29.964,-29.964,-29.964
05-01-2026-Fri 13-49-15-PM,-29.964,-29.964,-29.199,-29.199,-29.199,-32.891,-32.891,-32.891,-29.964,,-29.199,-29.199,,-29.964,-29.964,-29.964
05-01-2026-Fri 13-49-17-PM,-29.998,-29.998,-29.199,-29.199,-29.199,-32.957,-32.957,-32.957,-29.998,,-29.199,-29.199,,-29.998,-29.998,-29.998
05-01-2026-Fri 13-49-18-PM,-30.031,-30.031,-29.233,-29.233,-29.233,-32.858,-32.858,-32.858,-30.031,,-29.233,-29.233,,-30.031,-30.031,-30.031
05-01-2026-Fri 13-49-19-PM,-30.031,-30.031,-29.233,-29.233,-29.233,-32.891,-32.891,-32.891,-30.031,,-29.233,-29.233,,-30.031,-30.031,-30.031
05-01-2026-Fri 13-49-21-PM,-30.064,-30.064,-29.266,-29.266,-29.266,-32.99,-32.99,-32.99,-30.064,,-29.266,-29.266,,-30.064,-30.064,-30.064
05-01-2026-Fri 13-49-22-PM,-30.064,-30.064,-29.266,-29.266,-29.266,-32.99,-32.99,-32.99,-30.064,,-29.266,-29.266,,-30.064,-30.064,-30.064
05-01-2026-Fri 13-49-24-PM,-30.131,-30.131,-29.299,-29.299,-29.299,-32.957,-32.957,-32.957,-30.131,,-29.299,-29.299,,-30.131,-30.131,-30.131
05-01-2026-Fri 13-49-25-PM,-30.098,-30.098,-29.299,-29.299,-29.299,-32.957,-32.957,-32.957,-30.098,,-29.299,-29.299,,-30.098,-30.098,-30.098
05-01-2026-Fri 13-49-26-PM,-30.131,-30.131,-29.299,-29.299,-29.299,-33.024,-33.024,-33.024,-30.131,,-29.299,-29.299,,-30.131,-30.131,-30.131
05-01-2026-Fri 13-49-28-PM,-30.164,-30.164,-29.332,-29.332,-29.332,-33.024,-33.024,-33.024,-30.164,,-29.332,-29.332,,-30.164,-30.164,-30.164
05-01-2026-Fri 13-49-29-PM,-30.164,-30.164,-29.366,-29.366,-29.366,-33.057,-33.057,-33.057,-30.164,,-29.366,-29.366,,-30.164,-30.164,-30.164
05-01-2026-Fri 13-49-30-PM,-30.164,-30.164,-29.332,-29.332,-29.332,-33.057,-33.057,-33.057,-30.164,,-29.332,-29.332,,-30.164,-30.164,-30.164
05-01-2026-Fri 13-49-32-PM,-30.164,-30.164,-29.366,-29.366,-29.366,-33.09,-33.09,-33.09,-30.164,,-29.366,-29.366,,-30.164,-30.164,-30.164
05-01-2026-Fri 13-49-33-PM,-30.231,-30.231,-29.399,-29.399,-29.399,-33.123,-33.123,-33.123,-30.231,,-29.399,-29.399,,-30.231,-30.231,-30.231
05-01-2026-Fri 13-49-35-PM,-30.231,-30.231,-29.432,-29.432,-29.432,-33.157,-33.157,-33.157,-30.231,,-29.432,-29.432,,-30.231,-30.231,-30.231
05-01-2026-Fri 13-49-36-PM,-30.264,-30.264,-29.466,-29.466,-29.466,-33.09,-33.09,-33.09,-30.264,,-29.466,-29.466,,-30.264,-30.264,-30.264
05-01-2026-Fri 13-49-37-PM,-30.297,-30.297,-29.466,-29.466,-29.466,-33.123,-33.123,-33.123,-30.297,,-29.466,-29.466,,-30.297,-30.297,-30.297
05-01-2026-Fri 13-49-39-PM,-30.297,-30.297,-29.499,-29.499,-29.499,-33.157,-33.157,-33.157,-30.297,,-29.499,-29.499,,-30.297,-30.297,-30.297
05-01-2026-Fri 13-49-40-PM,-30.33,-30.33,-29.499,-29.499,-29.499,-33.223,-33.223,-33.223,-30.33,,-29.499,-29.499,,-30.33,-30.33,-30.33
05-01-2026-Fri 13-49-42-PM,-30.364,-30.364,-29.532,-29.532,-29.532,-33.19,-33.19,-33.19,-30.364,,-29.532,-29.532,,-30.364,-30.364,-30.364
05-01-2026-Fri 13-49-43-PM,-30.364,-30.364,-29.532,-29.532,-29.532,-33.223,-33.223,-33.223,-30.364,,-29.532,-29.532,,-30.364,-30.364,-30.364
05-01-2026-Fri 13-49-44-PM,-30.397,-30.397,-29.499,-29.499,-29.499,-33.256,-33.256,-33.256,-30.397,,-29.499,-29.499,,-30.397,-30.397,-30.397
05-01-2026-Fri 13-49-46-PM,-30.397,-30.397,-29.532,-29.532,-29.532,-33.29,-33.29,-33.29,-30.397,,-29.532,-29.532,,-30.397,-30.397,-30.397
05-01-2026-Fri 13-49-47-PM,-30.43,-30.43,-29.598,-29.598,-29.598,-33.29,-33.29,-33.29,-30.43,,-29.598,-29.598,,-30.43,-30.43,-30.43
05-01-2026-Fri 13-49-49-PM,-30.397,-30.397,-29.598,-29.598,-29.598,-33.323,-33.323,-33.323,-30.397,,-29.598,-29.598,,-30.397,-30.397,-30.397
05-01-2026-Fri 13-49-50-PM,-30.464,-30.464,-29.632,-29.632,-29.632,-33.356,-33.356,-33.356,-30.464,,-29.632,-29.632,,-30.464,-30.464,-30.464
05-01-2026-Fri 13-49-51-PM,-30.464,-30.464,-29.598,-29.598,-29.598,-33.323,-33.323,-33.323,-30.464,,-29.598,-29.598,,-30.464,-30.464,-30.464
05-01-2026-Fri 13-49-53-PM,-30.497,-30.497,-29.632,-29.632,-29.632,-33.356,-33.356,-33.356,-30.497,,-29.632,-29.632,,-30.497,-30.497,-30.497
05-01-2026-Fri 13-49-54-PM,-30.53,-30.53,-29.665,-29.665,-29.665,-33.356,-33.356,-33.356,-30.53,,-29.665,-29.665,,-30.53,-30.53,-30.53
05-01-2026-Fri 13-49-56-PM,-30.53,-30.53,-29.665,-29.665,-29.665,-33.389,-33.389,-33.389,-30.53,,-29.665,-29.665,,-30.53,-30.53,-30.53
05-01-2026-Fri 13-49-57-PM,-30.563,-30.563,-29.665,-29.665,-29.665,-33.389,-33.389,-33.389,-30.563,,-29.665,-29.665,,-30.563,-30.563,-30.563
05-01-2026-Fri 13-49-58-PM,-30.563,-30.563,-29.698,-29.698,-29.698,-33.389,-33.389,-33.389,-30.563,,-29.698,-29.698,,-30.563,-30.563,-30.563
05-01-2026-Fri 13-50-00-PM,-30.596,-30.596,-29.698,-29.698,-29.698,-33.456,-33.456,-33.456,-30.596,,-29.698,-29.698,,-30.596,-30.596,-30.596
05-01-2026-Fri 13-50-01-PM,-30.63,-30.63,-29.732,-29.732,-29.732,-33.489,-33.489,-33.489,-30.63,,-29.732,-29.732,,-30.63,-30.63,-30.63
05-01-2026-Fri 13-50-03-PM,-30.63,-30.63,-29.765,-29.765,-29.765,-33.456,-33.456,-33.456,-30.63,,-29.765,-29.765,,-30.63,-30.63,-30.63
05-01-2026-Fri 13-50-04-PM,-30.596,-30.596,-29.765,-29.765,-29.765,-33.489,-33.489,-33.489,-30.596,,-29.765,-29.765,,-30.596,-30.596,-30.596
05-01-2026-Fri 13-50-05-PM,-30.663,-30.663,-29.798,-29.798,-29.798,-33.522,-33.522,-33.522,-30.663,,-29.798,-29.798,,-30.663,-30.663,-30.663
05-01-2026-Fri 13-50-07-PM,-30.696,-30.696,-29.798,-29.798,-29.798,-33.522,-33.522,-33.522,-30.696,,-29.798,-29.798,,-30.696,-30.696,-30.696
05-01-2026-Fri 13-50-08-PM,-30.696,-30.696,-29.798,-29.798,-29.798,-33.555,-33.555,-33.555,-30.696,,-29.798,-29.798,,-30.696,-30.696,-30.696
05-01-2026-Fri 13-50-10-PM,-30.696,-30.696,-29.832,-29.832,-29.832,-33.555,-33.555,-33.555,-30.696,,-29.832,-29.832,,-30.696,-30.696,-30.696
05-01-2026-Fri 13-50-11-PM,-30.763,-30.763,-29.865,-29.865,-29.865,-33.555,-33.555,-33.555,-30.763,,-29.865,-29.865,,-30.763,-30.763,-30.763
05-01-2026-Fri 13-50-12-PM,-30.73,-30.73,-29.865,-29.865,-29.865,-33.589,-33.589,-33.589,-30.73,,-29.865,-29.865,,-30.73,-30.73,-30.73
05-01-2026-Fri 13-50-14-PM,-30.763,-30.763,-29.898,-29.898,-29.898,-33.622,-33.622,-33.622,-30.763,,-29.898,-29.898,,-30.763,-30.763,-30.763
05-01-2026-Fri 13-50-15-PM,-30.796,-30.796,-29.898,-29.898,-29.898,-33.655,-33.655,-33.655,-30.796,,-29.898,-29.898,,-30.796,-30.796,-30.796
05-01-2026-Fri 13-50-18-PM,-30.829,-30.829,-29.898,-29.898,-29.898,-33.688,-33.688,-33.688,-30.829,,-29.898,-29.898,,-30.829,-30.829,-30.829
05-01-2026-Fri 13-50-21-PM,-30.863,-30.863,-29.964,-29.964,-29.964,-33.688,-33.688,-33.688,-30.863,,-29.964,-29.964,,-30.863,-30.863,-30.863
05-01-2026-Fri 13-50-22-PM,-30.896,-30.896,-29.964,-29.964,-29.964,-33.722,-33.722,-33.722,-30.896,,-29.964,-29.964,,-30.896,-30.896,-30.896
05-01-2026-Fri 13-50-23-PM,-30.896,-30.896,-29.998,-29.998,-29.998,-33.722,-33.722,-33.722,-30.896,,-29.998,-29.998,,-30.896,-30.896,-30.896
05-01-2026-Fri 13-50-25-PM,-30.929,-30.929,-29.998,-29.998,-29.998,-33.755,-33.755,-33.755,-30.929,,-29.998,-29.998,,-30.929,-30.929,-30.929
05-01-2026-Fri 13-50-26-PM,-30.896,-30.896,-29.998,-29.998,-29.998,-33.788,-33.788,-33.788,-30.896,,-29.998,-29.998,,-30.896,-30.896,-30.896
05-01-2026-Fri 13-50-28-PM,-30.962,-30.962,-30.031,-30.031,-30.031,-33.755,-33.755,-33.755,-30.962,,-30.031,-30.031,,-30.962,-30.962,-30.962
05-01-2026-Fri 13-50-29-PM,-30.962,-30.962,-30.031,-30.031,-30.031,-33.755,-33.755,-33.755,-30.962,,-30.031,-30.031,,-30.962,-30.962,-30.962
05-01-2026-Fri 13-50-30-PM,-30.996,-30.996,-30.064,-30.064,-30.064,-33.755,-33.755,-33.755,-30.996,,-30.064,-30.064,,-30.996,-30.996,-30.996
05-01-2026-Fri 13-50-32-PM,-30.996,-30.996,-30.064,-30.064,-30.064,-33.788,-33.788,-33.788,-30.996,,-30.064,-30.064,,-30.996,-30.996,-30.996
05-01-2026-Fri 13-50-33-PM,-30.996,-30.996,-30.098,-30.098,-30.098,-33.821,-33.821,-33.821,-30.996,,-30.098,-30.098,,-30.996,-30.996,-30.996
05-01-2026-Fri 13-50-34-PM,-30.996,-30.996,-30.098,-30.098,-30.098,-33.888,-33.888,-33.888,-30.996,,-30.098,-30.098,,-30.996,-30.996,-30.996
05-01-2026-Fri 13-50-36-PM,-31.062,-31.062,-30.098,-30.098,-30.098,-33.854,-33.854,-33.854,-31.062,,-30.098,-30.098,,-31.062,-31.062,-31.062
05-01-2026-Fri 13-50-37-PM,-31.062,-31.062,-30.131,-30.131,-30.131,-33.888,-33.888,-33.888,-31.062,,-30.131,-30.131,,-31.062,-31.062,-31.062
05-01-2026-Fri 13-50-38-PM,-31.095,-31.095,-30.164,-30.164,-30.164,-33.888,-33.888,-33.888,-31.095,,-30.164,-30.164,,-31.095,-31.095,-31.095
05-01-2026-Fri 13-50-40-PM,-31.129,-31.129,-30.164,-30.164,-30.164,-33.888,-33.888,-33.888,-31.129,,-30.164,-30.164,,-31.129,-31.129,-31.129
05-01-2026-Fri 13-50-41-PM,-31.129,-31.129,-30.197,-30.197,-30.197,-33.921,-33.921,-33.921,-31.129,,-30.197,-30.197,,-31.129,-31.129,-31.129
05-01-2026-Fri 13-50-43-PM,-31.162,-31.162,-30.164,-30.164,-30.164,-33.954,-33.954,-33.954,-31.162,,-30.164,-30.164,,-31.162,-31.162,-31.162
05-01-2026-Fri 13-50-44-PM,-31.162,-31.162,-30.197,-30.197,-30.197,-33.987,-33.987,-33.987,-31.162,,-30.197,-30.197,,-31.162,-31.162,-31.162
05-01-2026-Fri 13-50-45-PM,-31.195,-31.195,-30.231,-30.231,-30.231,-33.954,-33.954,-33.954,-31.195,,-30.231,-30.231,,-31.195,-31.195,-31.195
05-01-2026-Fri 13-50-47-PM,-31.195,-31.195,-30.231,-30.231,-30.231,-34.02,-34.02,-34.02,-31.195,,-30.231,-30.231,,-31.195,-31.195,-31.195
05-01-2026-Fri 13-50-48-PM,-31.228,-31.228,-30.264,-30.264,-30.264,-33.987,-33.987,-33.987,-31.228,,-30.264,-30.264,,-31.228,-31.228,-31.228
05-01-2026-Fri 13-50-50-PM,-31.228,-31.228,-30.264,-30.264,-30.264,-34.02,-34.02,-34.02,-31.228,,-30.264,-30.264,,-31.228,-31.228,-31.228
05-01-2026-Fri 13-50-51-PM,-31.262,-31.262,-30.297,-30.297,-30.297,-34.02,-34.02,-34.02,-31.262,,-30.297,-30.297,,-31.262,-31.262,-31.262
05-01-2026-Fri 13-50-53-PM,-31.262,-31.262,-30.297,-30.297,-30.297,-34.02,-34.02,-34.02,-31.262,,-30.297,-30.297,,-31.262,-31.262,-31.262
05-01-2026-Fri 13-50-54-PM,-31.295,-31.295,-30.297,-30.297,-30.297,-34.02,-34.02,-34.02,-31.295,,-30.297,-30.297,,-31.295,-31.295,-31.295
05-01-2026-Fri 13-50-55-PM,-31.295,-31.295,-30.33,-30.33,-30.33,-34.12,-34.12,-34.12,-31.295,,-30.33,-30.33,,-31.295,-31.295,-31.295
05-01-2026-Fri 13-50-57-PM,-31.361,-31.361,-30.364,-30.364,-30.364,-34.087,-34.087,-34.087,-31.361,,-30.364,-30.364,,-31.361,-31.361,-31.361
05-01-2026-Fri 13-50-58-PM,-31.328,-31.328,-30.364,-30.364,-30.364,-34.12,-34.12,-34.12,-31.328,,-30.364,-30.364,,-31.328,-31.328,-31.328
05-01-2026-Fri 13-51-00-PM,-31.361,-31.361,-30.397,-30.397,-30.397,-34.087,-34.087,-34.087,-31.361,,-30.397,-30.397,,-31.361,-31.361,-31.361
05-01-2026-Fri 13-51-01-PM,-31.361,-31.361,-30.43,-30.43,-30.43,-34.153,-34.153,-34.153,-31.361,,-30.43,-30.43,,-31.361,-31.361,-31.361
05-01-2026-Fri 13-51-02-PM,-31.395,-31.395,-30.397,-30.397,-30.397,-34.153,-34.153,-34.153,-31.395,,-30.397,-30.397,,-31.395,-31.395,-31.395
05-01-2026-Fri 13-51-04-PM,-31.395,-31.395,-30.43,-30.43,-30.43,-34.153,-34.153,-34.153,-31.395,,-30.43,-30.43,,-31.395,-31.395,-31.395
05-01-2026-Fri 13-51-05-PM,-31.428,-31.428,-30.43,-30.43,-30.43,-34.153,-34.153,-34.153,-31.428,,-30.43,-30.43,,-31.428,-31.428,-31.428
05-01-2026-Fri 13-51-07-PM,-31.428,-31.428,-30.464,-30.464,-30.464,-34.22,-34.22,-34.22,-31.428,,-30.464,-30.464,,-31.428,-31.428,-31.428
05-01-2026-Fri 13-51-08-PM,-31.461,-31.461,-30.464,-30.464,-30.464,-34.22,-34.22,-34.22,-31.461,,-30.464,-30.464,,-31.461,-31.461,-31.461
05-01-2026-Fri 13-51-09-PM,-31.494,-31.494,-30.497,-30.497,-30.497,-34.187,-34.187,-34.187,-31.494,,-30.497,-30.497,,-31.494,-31.494,-31.494
05-01-2026-Fri 13-51-11-PM,-31.494,-31.494,-30.497,-30.497,-30.497,-34.253,-34.253,-34.253,-31.494,,-30.497,-30.497,,-31.494,-31.494,-31.494
05-01-2026-Fri 13-51-12-PM,-31.528,-31.528,-30.497,-30.497,-30.497,-34.253,-34.253,-34.253,-31.528,,-30.497,-30.497,,-31.528,-31.528,-31.528
05-01-2026-Fri 13-51-14-PM,-31.561,-31.561,-30.53,-30.53,-30.53,-34.32,-34.32,-34.32,-31.561,,-30.53,-30.53,,-31.561,-31.561,-31.561
05-01-2026-Fri 13-51-17-PM,-31.561,-31.561,-30.53,-30.53,-30.53,-34.253,-34.253,-34.253,-31.561,,-30.53,-30.53,,-31.561,-31.561,-31.561
05-01-2026-Fri 13-51-20-PM,-31.561,-31.561,-30.596,-30.596,-30.596,-34.353,-34.353,-34.353,-31.561,,-30.596,-30.596,,-31.561,-31.561,-31.561
05-01-2026-Fri 13-51-21-PM,-31.628,-31.628,-30.596,-30.596,-30.596,-34.386,-34.386,-34.386,-31.628,,-30.596,-30.596,,-31.628,-31.628,-31.628
05-01-2026-Fri 13-51-22-PM,-31.628,-31.628,-30.63,-30.63,-30.63,-34.386,-34.386,-34.386,-31.628,,-30.63,-30.63,,-31.628,-31.628,-31.628
05-01-2026-Fri 13-51-24-PM,-31.661,-31.661,-30.663,-30.663,-30.663,-34.419,-34.419,-34.419,-31.661,,-30.663,-30.663,,-31.661,-31.661,-31.661
05-01-2026-Fri 13-51-25-PM,-31.694,-31.694,-30.663,-30.663,-30.663,-34.353,-34.353,-34.353,-31.694,,-30.663,-30.663,,-31.694,-31.694,-31.694
05-01-2026-Fri 13-51-27-PM,-31.694,-31.694,-30.696,-30.696,-30.696,-34.419,-34.419,-34.419,-31.694,,-30.696,-30.696,,-31.694,-31.694,-31.694
05-01-2026-Fri 13-51-28-PM,-31.727,-31.727,-30.696,-30.696,-30.696,-34.386,-34.386,-34.386,-31.727,,-30.696,-30.696,,-31.727,-31.727,-31.727
05-01-2026-Fri 13-51-30-PM,-31.76,-31.76,-30.696,-30.696,-30.696,-34.386,-34.386,-34.386,-31.76,,-30.696,-30.696,,-31.76,-31.76,-31.76
05-01-2026-Fri 13-51-32-PM,-31.76,-31.76,-30.696,-30.696,-30.696,-34.419,-34.419,-34.419,-31.76,,-30.696,-30.696,,-31.76,-31.76,-31.76
05-01-2026-Fri 13-51-33-PM,-31.76,-31.76,-30.73,-30.73,-30.73,-34.486,-34.486,-34.486,-31.76,,-30.73,-30.73,,-31.76,-31.76,-31.76
05-01-2026-Fri 13-51-35-PM,-31.794,-31.794,-30.73,-30.73,-30.73,-34.486,-34.486,-34.486,-31.794,,-30.73,-30.73,,-31.794,-31.794,-31.794
05-01-2026-Fri 13-51-36-PM,-31.827,-31.827,-30.763,-30.763,-30.763,-34.486,-34.486,-34.486,-31.827,,-30.763,-30.763,,-31.827,-31.827,-31.827
05-01-2026-Fri 13-51-37-PM,-31.827,-31.827,-30.763,-30.763,-30.763,-34.552,-34.552,-34.552,-31.827,,-30.763,-30.763,,-31.827,-31.827,-31.827
05-01-2026-Fri 13-51-39-PM,-31.86,-31.86,-30.796,-30.796,-30.796,-34.519,-34.519,-34.519,-31.86,,-30.796,-30.796,,-31.86,-31.86,-31.86
05-01-2026-Fri 13-51-40-PM,-31.86,-31.86,-30.796,-30.796,-30.796,-34.519,-34.519,-34.519,-31.86,,-30.796,-30.796,,-31.86,-31.86,-31.86
05-01-2026-Fri 13-51-42-PM,-31.86,-31.86,-30.829,-30.829,-30.829,-34.552,-34.552,-34.552,-31.86,,-30.829,-30.829,,-31.86,-31.86,-31.86
05-01-2026-Fri 13-51-43-PM,-31.894,-31.894,-30.829,-30.829,-30.829,-34.552,-34.552,-34.552,-31.894,,-30.829,-30.829,,-31.894,-31.894,-31.894
05-01-2026-Fri 13-51-45-PM,-31.894,-31.894,-30.829,-30.829,-30.829,-34.519,-34.519,-34.519,-31.894,,-30.829,-30.829,,-31.894,-31.894,-31.894
05-01-2026-Fri 13-51-46-PM,-31.927,-31.927,-30.896,-30.896,-30.896,-34.618,-34.618,-34.618,-31.927,,-30.896,-30.896,,-31.927,-31.927,-31.927
05-01-2026-Fri 13-51-47-PM,-31.927,-31.927,-30.863,-30.863,-30.863,-34.618,-34.618,-34.618,-31.927,,-30.863,-30.863,,-31.927,-31.927,-31.927
05-01-2026-Fri 13-51-49-PM,-31.96,-31.96,-30.896,-30.896,-30.896,-34.618,-34.618,-34.618,-31.96,,-30.896,-30.896,,-31.96,-31.96,-31.96
05-01-2026-Fri 13-51-50-PM,-31.96,-31.96,-30.929,-30.929,-30.929,-34.618,-34.618,-34.618,-31.96,,-30.929,-30.929,,-31.96,-31.96,-31.96
05-01-2026-Fri 13-51-52-PM,-32.026,-32.026,-30.929,-30.929,-30.929,-34.685,-34.685,-34.685,-32.026,,-30.929,-30.929,,-32.026,-32.026,-32.026
05-01-2026-Fri 13-51-53-PM,-32.026,-32.026,-30.929,-30.929,-30.929,-34.718,-34.718,-34.718,-32.026,,-30.929,-30.929,,-32.026,-32.026,-32.026
05-01-2026-Fri 13-51-54-PM,-32.026,-32.026,-30.962,-30.962,-30.962,-34.618,-34.618,-34.618,-32.026,,-30.962,-30.962,,-32.026,-32.026,-32.026
05-01-2026-Fri 13-51-56-PM,-32.06,-32.06,-30.962,-30.962,-30.962,-34.718,-34.718,-34.718,-32.06,,-30.962,-30.962,,-32.06,-32.06,-32.06
05-01-2026-Fri 13-51-57-PM,-32.06,-32.06,-30.962,-30.962,-30.962,-34.718,-34.718,-34.718,-32.06,,-30.962,-30.962,,-32.06,-32.06,-32.06
05-01-2026-Fri 13-51-59-PM,-32.06,-32.06,-30.996,-30.996,-30.996,-34.718,-34.718,-34.718,-32.06,,-30.996,-30.996,,-32.06,-32.06,-32.06
05-01-2026-Fri 13-52-00-PM,-32.093,-32.093,-30.996,-30.996,-30.996,-34.685,-34.685,-34.685,-32.093,,-30.996,-30.996,,-32.093,-32.093,-32.093
05-01-2026-Fri 13-52-01-PM,-32.093,-32.093,-31.029,-31.029,-31.029,-34.751,-34.751,-34.751,-32.093,,-31.029,-31.029,,-32.093,-32.093,-32.093
05-01-2026-Fri 13-52-03-PM,-32.126,-32.126,-31.029,-31.029,-31.029,-34.785,-34.785,-34.785,-32.126,,-31.029,-31.029,,-32.126,-32.126,-32.126
05-01-2026-Fri 13-52-04-PM,-32.126,-32.126,-31.062,-31.062,-31.062,-34.751,-34.751,-34.751,-32.126,,-31.062,-31.062,,-32.126,-32.126,-32.126
05-01-2026-Fri 13-52-06-PM,-32.159,-32.159,-31.062,-31.062,-31.062,-34.818,-34.818,-34.818,-32.159,,-31.062,-31.062,,-32.159,-32.159,-32.159
05-01-2026-Fri 13-52-08-PM,-32.159,-32.159,-31.062,-31.062,-31.062,-34.851,-34.851,-34.851,-32.159,,-31.062,-31.062,,-32.159,-32.159,-32.159
05-01-2026-Fri 13-52-09-PM,-32.193,-32.193,-31.062,-31.062,-31.062,-34.785,-34.785,-34.785,-32.193,,-31.062,-31.062,,-32.193,-32.193,-32.193
05-01-2026-Fri 13-52-10-PM,-32.226,-32.226,-31.095,-31.095,-31.095,-34.818,-34.818,-34.818,-32.226,,-31.095,-31.095,,-32.226,-32.226,-32.226
05-01-2026-Fri 13-52-12-PM,-32.226,-32.226,-31.129,-31.129,-31.129,-34.884,-34.884,-34.884,-32.226,,-31.129,-31.129,,-32.226,-32.226,-32.226
05-01-2026-Fri 13-52-13-PM,-32.259,-32.259,-31.162,-31.162,-31.162,-34.851,-34.851,-34.851,-32.259,,-31.162,-31.162,,-32.259,-32.259,-32.259
05-01-2026-Fri 13-52-14-PM,-32.292,-32.292,-31.195,-31.195,-31.195,-34.884,-34.884,-34.884,-32.292,,-31.195,-31.195,,-32.292,-32.292,-32.292
05-01-2026-Fri 13-52-16-PM,-32.292,-32.292,-31.195,-31.195,-31.195,-34.917,-34.917,-34.917,-32.292,,-31.195,-31.195,,-32.292,-32.292,-32.292
05-01-2026-Fri 13-52-17-PM,-32.326,-32.326,-31.262,-31.262,-31.262,-34.951,-34.951,-34.951,-32.326,,-31.262,-31.262,,-32.326,-32.326,-32.326
05-01-2026-Fri 13-52-19-PM,-32.359,-32.359,-31.295,-31.295,-31.295,-34.951,-34.951,-34.951,-32.359,,-31.295,-31.295,,-32.359,-32.359,-32.359
05-01-2026-Fri 13-52-20-PM,-32.425,-32.425,-31.328,-31.328,-31.328,-34.951,-34.951,-34.951,-32.425,,-31.328,-31.328,,-32.425,-32.425,-32.425
05-01-2026-Fri 13-52-21-PM,-32.425,-32.425,-31.361,-31.361,-31.361,-35.05,-35.05,-35.05,-32.425,,-31.361,-31.361,,-32.425,-32.425,-32.425
05-01-2026-Fri 13-52-23-PM,-32.492,-32.492,-31.395,-31.395,-31.395,-34.984,-34.984,-34.984,-32.492,,-31.395,-31.395,,-32.492,-32.492,-32.492
05-01-2026-Fri 13-52-24-PM,-32.492,-32.492,-31.461,-31.461,-31.461,-35.05,-35.05,-35.05,-32.492,,-31.461,-31.461,,-32.492,-32.492,-32.492
05-01-2026-Fri 13-52-26-PM,-32.525,-32.525,-31.461,-31.461,-31.461,-35.05,-35.05,-35.05,-32.525,,-31.461,-31.461,,-32.525,-32.525,-32.525
05-01-2026-Fri 13-52-27-PM,-32.592,-32.592,-31.528,-31.528,-31.528,-35.117,-35.117,-35.117,-32.592,,-31.528,-31.528,,-32.592,-32.592,-32.592
05-01-2026-Fri 13-52-28-PM,-32.625,-32.625,-31.561,-31.561,-31.561,-35.083,-35.083,-35.083,-32.625,,-31.561,-31.561,,-32.625,-32.625,-32.625
05-01-2026-Fri 13-52-30-PM,-32.658,-32.658,-31.594,-31.594,-31.594,-35.15,-35.15,-35.15,-32.658,,-31.594,-31.594,,-32.658,-32.658,-32.658
05-01-2026-Fri 13-52-31-PM,-32.691,-32.691,-31.628,-31.628,-31.628,-35.216,-35.216,-35.216,-32.691,,-31.628,-31.628,,-32.691,-32.691,-32.691
05-01-2026-Fri 13-52-33-PM,-32.691,-32.691,-31.661,-31.661,-31.661,-35.216,-35.216,-35.216,-32.691,,-31.661,-31.661,,-32.691,-32.691,-32.691
05-01-2026-Fri 13-52-34-PM,-32.724,-32.724,-31.661,-31.661,-31.661,-35.25,-35.25,-35.25,-32.724,,-31.661,-31.661,,-32.724,-32.724,-32.724
05-01-2026-Fri 13-52-35-PM,-32.758,-32.758,-31.694,-31.694,-31.694,-35.283,-35.283,-35.283,-32.758,,-31.694,-31.694,,-32.758,-32.758,-32.758
05-01-2026-Fri 13-52-37-PM,-32.791,-32.791,-31.727,-31.727,-31.727,-35.316,-35.316,-35.316,-32.791,,-31.727,-31.727,,-32.791,-32.791,-32.791
05-01-2026-Fri 13-52-38-PM,-32.791,-32.791,-31.727,-31.727,-31.727,-35.316,-35.316,-35.316,-32.791,,-31.727,-31.727,,-32.791,-32.791,-32.791
05-01-2026-Fri 13-52-40-PM,-32.824,-32.824,-31.794,-31.794,-31.794,-35.349,-35.349,-35.349,-32.824,,-31.794,-31.794,,-32.824,-32.824,-32.824
05-01-2026-Fri 13-52-41-PM,-32.891,-32.891,-31.827,-31.827,-31.827,-35.382,-35.382,-35.382,-32.891,,-31.827,-31.827,,-32.891,-32.891,-32.891
05-01-2026-Fri 13-52-42-PM,-32.891,-32.891,-31.86,-31.86,-31.86,-35.349,-35.349,-35.349,-32.891,,-31.86,-31.86,,-32.891,-32.891,-32.891
05-01-2026-Fri 13-52-44-PM,-32.957,-32.957,-31.894,-31.894,-31.894,-35.416,-35.416,-35.416,-32.957,,-31.894,-31.894,,-32.957,-32.957,-32.957
05-01-2026-Fri 13-52-45-PM,-32.99,-32.99,-31.927,-31.927,-31.927,-35.449,-35.449,-35.449,-32.99,,-31.927,-31.927,,-32.99,-32.99,-32.99
05-01-2026-Fri 13-52-46-PM,-33.024,-33.024,-31.96,-31.96,-31.96,-35.515,-35.515,-35.515,-33.024,,-31.96,-31.96,,-33.024,-33.024,-33.024
05-01-2026-Fri 13-52-48-PM,-33.024,-33.024,-31.993,-31.993,-31.993,-35.449,-35.449,-35.449,-33.024,,-31.993,-31.993,,-33.024,-33.024,-33.024
05-01-2026-Fri 13-52-49-PM,-33.057,-33.057,-31.993,-31.993,-31.993,-35.515,-35.515,-35.515,-33.057,,-31.993,-31.993,,-33.057,-33.057,-33.057
05-01-2026-Fri 13-52-50-PM,-33.09,-33.09,-32.026,-32.026,-32.026,-35.548,-35.548,-35.548,-33.09,,-32.026,-32.026,,-33.09,-33.09,-33.09
05-01-2026-Fri 13-52-52-PM,-33.123,-33.123,-32.093,-32.093,-32.093,-35.582,-35.582,-35.582,-33.123,,-32.093,-32.093,,-33.123,-33.123,-33.123
05-01-2026-Fri 13-52-53-PM,-33.123,-33.123,-32.06,-32.06,-32.06,-35.615,-35.615,-35.615,-33.123,,-32.06,-32.06,,-33.123,-33.123,-33.123
05-01-2026-Fri 13-52-55-PM,-33.157,-33.157,-32.126,-32.126,-32.126,-35.648,-35.648,-35.648,-33.157,,-32.126,-32.126,,-33.157,-33.157,-33.157
05-01-2026-Fri 13-52-57-PM,-33.19,-33.19,-32.126,-32.126,-32.126,-35.681,-35.681,-35.681,-33.19,,-32.126,-32.126,,-33.19,-33.19,-33.19
05-01-2026-Fri 13-53-00-PM,-33.256,-33.256,-32.226,-32.226,-32.226,-35.648,-35.648,-35.648,-33.256,,-32.226,-32.226,,-33.256,-33.256,-33.256
05-01-2026-Fri 13-53-02-PM,-33.29,-33.29,-32.259,-32.259,-32.259,-35.714,-35.714,-35.714,-33.29,,-32.259,-32.259,,-33.29,-33.29,-33.29
05-01-2026-Fri 13-53-03-PM,-33.356,-33.356,-32.292,-32.292,-32.292,-35.847,-35.847,-35.847,-33.356,,-32.292,-32.292,,-33.356,-33.356,-33.356
05-01-2026-Fri 13-53-05-PM,-33.356,-33.356,-32.326,-32.326,-32.326,-35.814,-35.814,-35.814,-33.356,,-32.326,-32.326,,-33.356,-33.356,-33.356
05-01-2026-Fri 13-53-06-PM,-33.389,-33.389,-32.359,-32.359,-32.359,-35.814,-35.814,-35.814,-33.389,,-32.359,-32.359,,-33.389,-33.389,-33.389
05-01-2026-Fri 13-53-08-PM,-33.389,-33.389,-32.359,-32.359,-32.359,-35.847,-35.847,-35.847,-33.389,,-32.359,-32.359,,-33.389,-33.389,-33.389
05-01-2026-Fri 13-53-10-PM,-33.422,-33.422,-32.392,-32.392,-32.392,-35.914,-35.914,-35.914,-33.422,,-32.392,-32.392,,-33.422,-33.422,-33.422
05-01-2026-Fri 13-53-11-PM,-33.456,-33.456,-32.459,-32.459,-32.459,-35.914,-35.914,-35.914,-33.456,,-32.459,-32.459,,-33.456,-33.456,-33.456
05-01-2026-Fri 13-53-12-PM,-33.489,-33.489,-32.459,-32.459,-32.459,-35.98,-35.98,-35.98,-33.489,,-32.459,-32.459,,-33.489,-33.489,-33.489
05-01-2026-Fri 13-53-14-PM,-33.555,-33.555,-32.492,-32.492,-32.492,-35.98,-35.98,-35.98,-33.555,,-32.492,-32.492,,-33.555,-33.555,-33.555
05-01-2026-Fri 13-53-15-PM,-33.555,-33.555,-32.525,-32.525,-32.525,-35.98,-35.98,-35.98,-33.555,,-32.525,-32.525,,-33.555,-33.555,-33.555
05-01-2026-Fri 13-53-16-PM,-33.589,-33.589,-32.558,-32.558,-32.558,-36.013,-36.013,-36.013,-33.589,,-32.558,-32.558,,-33.589,-33.589,-33.589
05-01-2026-Fri 13-53-18-PM,-33.622,-33.622,-32.558,-32.558,-32.558,-36.013,-36.013,-36.013,-33.622,,-32.558,-32.558,,-33.622,-33.622,-33.622
05-01-2026-Fri 13-53-20-PM,-33.622,-33.622,-32.592,-32.592,-32.592,-36.113,-36.113,-36.113,-33.622,,-32.592,-32.592,,-33.622,-33.622,-33.622
05-01-2026-Fri 13-53-21-PM,-33.688,-33.688,-32.658,-32.658,-32.658,-36.113,-36.113,-36.113,-33.688,,-32.658,-32.658,,-33.688,-33.688,-33.688
05-01-2026-Fri 13-53-22-PM,-33.688,-33.688,-32.625,-32.625,-32.625,-36.113,-36.113,-36.113,-33.688,,-32.625,-32.625,,-33.688,-33.688,-33.688
05-01-2026-Fri 13-53-24-PM,-33.722,-33.722,-32.691,-32.691,-32.691,-36.179,-36.179,-36.179,-33.722,,-32.691,-32.691,,-33.722,-33.722,-33.722
05-01-2026-Fri 13-53-25-PM,-33.755,-33.755,-32.691,-32.691,-32.691,-36.212,-36.212,-36.212,-33.755,,-32.691,-32.691,,-33.755,-33.755,-33.755
05-01-2026-Fri 13-53-27-PM,-33.788,-33.788,-32.758,-32.758,-32.758,-36.212,-36.212,-36.212,-33.788,,-32.758,-32.758,,-33.788,-33.788,-33.788
05-01-2026-Fri 13-53-28-PM,-33.788,-33.788,-32.758,-32.758,-32.758,-36.179,-36.179,-36.179,-33.788,,-32.758,-32.758,,-33.788,-33.788,-33.788
05-01-2026-Fri 13-53-29-PM,-33.821,-33.821,-32.758,-32.758,-32.758,-36.246,-36.246,-36.246,-33.821,,-32.758,-32.758,,-33.821,-33.821,-33.821
05-01-2026-Fri 13-53-31-PM,-33.854,-33.854,-32.824,-32.824,-32.824,-36.312,-36.312,-36.312,-33.854,,-32.824,-32.824,,-33.854,-33.854,-33.854
05-01-2026-Fri 13-53-32-PM,-33.854,-33.854,-32.824,-32.824,-32.824,-36.312,-36.312,-36.312,-33.854,,-32.824,-32.824,,-33.854,-33.854,-33.854
05-01-2026-Fri 13-53-34-PM,-33.921,-33.921,-32.858,-32.858,-32.858,-36.345,-36.345,-36.345,-33.921,,-32.858,-32.858,,-33.921,-33.921,-33.921
05-01-2026-Fri 13-53-35-PM,-33.921,-33.921,-32.891,-32.891,-32.891,-36.312,-36.312,-36.312,-33.921,,-32.891,-32.891,,-33.921,-33.921,-33.921
05-01-2026-Fri 13-53-36-PM,-33.954,-33.954,-32.891,-32.891,-32.891,-36.345,-36.345,-36.345,-33.954,,-32.891,-32.891,,-33.954,-33.954,-33.954
05-01-2026-Fri 13-53-38-PM,-33.987,-33.987,-32.924,-32.924,-32.924,-36.412,-36.412,-36.412,-33.987,,-32.924,-32.924,,-33.987,-33.987,-33.987
05-01-2026-Fri 13-53-39-PM,-34.02,-34.02,-32.957,-32.957,-32.957,-36.478,-36.478,-36.478,-34.02,,-32.957,-32.957,,-34.02,-34.02,-34.02
05-01-2026-Fri 13-53-41-PM,-34.02,-34.02,-32.99,-32.99,-32.99,-36.478,-36.478,-36.478,-34.02,,-32.99,-32.99,,-34.02,-34.02,-34.02
05-01-2026-Fri 13-53-42-PM,-34.054,-34.054,-33.024,-33.024,-33.024,-36.445,-36.445,-36.445,-34.054,,-33.024,-33.024,,-34.054,-34.054,-34.054
05-01-2026-Fri 13-53-44-PM,-34.054,-34.054,-33.024,-33.024,-33.024,-36.511,-36.511,-36.511,-34.054,,-33.024,-33.024,,-34.054,-34.054,-34.054
05-01-2026-Fri 13-53-45-PM,-34.087,-34.087,-33.057,-33.057,-33.057,-36.544,-36.544,-36.544,-34.087,,-33.057,-33.057,,-34.087,-34.087,-34.087
05-01-2026-Fri 13-53-47-PM,-34.12,-34.12,-33.057,-33.057,-33.057,-36.544,-36.544,-36.544,-34.12,,-33.057,-33.057,,-34.12,-34.12,-34.12
05-01-2026-Fri 13-53-48-PM,-34.153,-34.153,-33.09,-33.09,-33.09,-36.544,-36.544,-36.544,-34.153,,-33.09,-33.09,,-34.153,-34.153,-34.153
05-01-2026-Fri 13-53-49-PM,-34.153,-34.153,-33.123,-33.123,-33.123,-36.644,-36.644,-36.644,-34.153,,-33.123,-33.123,,-34.153,-34.153,-34.153
05-01-2026-Fri 13-53-51-PM,-34.22,-34.22,-33.123,-33.123,-33.123,-36.611,-36.611,-36.611,-34.22,,-33.123,-33.123,,-34.22,-34.22,-34.22
05-01-2026-Fri 13-53-52-PM,-34.22,-34.22,-33.157,-33.157,-33.157,-36.677,-36.677,-36.677,-34.22,,-33.157,-33.157,,-34.22,-34.22,-34.22
05-01-2026-Fri 13-53-54-PM,-34.253,-34.253,-33.19,-33.19,-33.19,-36.644,-36.644,-36.644,-34.253,,-33.19,-33.19,,-34.253,-34.253,-34.253
05-01-2026-Fri 13-53-55-PM,-34.286,-34.286,-33.223,-33.223,-33.223,-36.71,-36.71,-36.71,-34.286,,-33.223,-33.223,,-34.286,-34.286,-34.286
05-01-2026-Fri 13-53-56-PM,-34.286,-34.286,-33.223,-33.223,-33.223,-36.71,-36.71,-36.71,-34.286,,-33.223,-33.223,,-34.286,-34.286,-34.286
05-01-2026-Fri 13-53-58-PM,-34.32,-34.32,-33.256,-33.256,-33.256,-36.777,-36.777,-36.777,-34.32,,-33.256,-33.256,,-34.32,-34.32,-34.32
05-01-2026-Fri 13-53-59-PM,-34.353,-34.353,-33.29,-33.29,-33.29,-36.777,-36.777,-36.777,-34.353,,-33.29,-33.29,,-34.353,-34.353,-34.353
05-01-2026-Fri 13-54-01-PM,-34.386,-34.386,-33.29,-33.29,-33.29,-36.81,-36.81,-36.81,-34.386,,-33.29,-33.29,,-34.386,-34.386,-34.386
05-01-2026-Fri 13-54-02-PM,-34.386,-34.386,-33.356,-33.356,-33.356,-36.843,-36.843,-36.843,-34.386,,-33.356,-33.356,,-34.386,-34.386,-34.386
05-01-2026-Fri 13-54-03-PM,-34.419,-34.419,-33.323,-33.323,-33.323,-36.81,-36.81,-36.81,-34.419,,-33.323,-33.323,,-34.419,-34.419,-34.419
05-01-2026-Fri 13-54-05-PM,-34.452,-34.452,-33.389,-33.389,-33.389,-36.843,-36.843,-36.843,-34.452,,-33.389,-33.389,,-34.452,-34.452,-34.452
05-01-2026-Fri 13-54-06-PM,-34.452,-34.452,-33.389,-33.389,-33.389,-36.843,-36.843,-36.843,-34.452,,-33.389,-33.389,,-34.452,-34.452,-34.452
05-01-2026-Fri 13-54-08-PM,-34.486,-34.486,-33.422,-33.422,-33.422,-36.876,-36.876,-36.876,-34.486,,-33.422,-33.422,,-34.486,-34.486,-34.486
05-01-2026-Fri 13-54-09-PM,-34.519,-34.519,-33.456,-33.456,-33.456,-36.943,-36.943,-36.943,-34.519,,-33.456,-33.456,,-34.519,-34.519,-34.519
05-01-2026-Fri 13-54-10-PM,-34.552,-34.552,-33.456,-33.456,-33.456,-36.943,-36.943,-36.943,-34.552,,-33.456,-33.456,,-34.552,-34.552,-34.552
05-01-2026-Fri 13-54-12-PM,-34.552,-34.552,-33.489,-33.489,-33.489,-36.943,-36.943,-36.943,-34.552,,-33.489,-33.489,,-34.552,-34.552,-34.552
05-01-2026-Fri 13-54-13-PM,-34.618,-34.618,-33.522,-33.522,-33.522,-36.976,-36.976,-36.976,-34.618,,-33.522,-33.522,,-34.618,-34.618,-34.618
05-01-2026-Fri 13-54-15-PM,-34.618,-34.618,-33.522,-33.522,-33.522,-36.976,-36.976,-36.976,-34.618,,-33.522,-33.522,,-34.618,-34.618,-34.618
05-01-2026-Fri 13-54-16-PM,-34.618,-34.618,-33.555,-33.555,-33.555,-37.042,-37.042,-37.042,-34.618,,-33.555,-33.555,,-34.618,-34.618,-34.618
05-01-2026-Fri 13-54-17-PM,-34.652,-34.652,-33.589,-33.589,-33.589,-37.009,-37.009,-37.009,-34.652,,-33.589,-33.589,,-34.652,-34.652,-34.652
05-01-2026-Fri 13-54-19-PM,-34.652,-34.652,-33.589,-33.589,-33.589,-37.076,-37.076,-37.076,-34.652,,-33.589,-33.589,,-34.652,-34.652,-34.652
05-01-2026-Fri 13-54-20-PM,-34.718,-34.718,-33.622,-33.622,-33.622,-37.109,-37.109,-37.109,-34.718,,-33.622,-33.622,,-34.718,-34.718,-34.718
05-01-2026-Fri 13-54-22-PM,-34.718,-34.718,-33.622,-33.622,-33.622,-37.076,-37.076,-37.076,-34.718,,-33.622,-33.622,,-34.718,-34.718,-34.718
05-01-2026-Fri 13-54-23-PM,-34.751,-34.751,-33.655,-33.655,-33.655,-37.175,-37.175,-37.175,-34.751,,-33.655,-33.655,,-34.751,-34.751,-34.751
05-01-2026-Fri 13-54-24-PM,-34.751,-34.751,-33.688,-33.688,-33.688,-37.175,-37.175,-37.175,-34.751,,-33.688,-33.688,,-34.751,-34.751,-34.751
05-01-2026-Fri 13-54-26-PM,-34.785,-34.785,-33.688,-33.688,-33.688,-37.175,-37.175,-37.175,-34.785,,-33.688,-33.688,,-34.785,-34.785,-34.785
05-01-2026-Fri 13-54-27-PM,-34.785,-34.785,-33.722,-33.722,-33.722,-37.242,-37.242,-37.242,-34.785,,-33.722,-33.722,,-34.785,-34.785,-34.785
05-01-2026-Fri 13-54-29-PM,-34.851,-34.851,-33.755,-33.755,-33.755,-37.208,-37.208,-37.208,-34.851,,-33.755,-33.755,,-34.851,-34.851,-34.851
05-01-2026-Fri 13-54-30-PM,-34.851,-34.851,-33.755,-33.755,-33.755,-37.242,-37.242,-37.242,-34.851,,-33.755,-33.755,,-34.851,-34.851,-34.851
05-01-2026-Fri 13-54-31-PM,-34.884,-34.884,-33.788,-33.788,-33.788,-37.275,-37.275,-37.275,-34.884,,-33.788,-33.788,,-34.884,-34.884,-34.884
05-01-2026-Fri 13-54-33-PM,-34.884,-34.884,-33.821,-33.821,-33.821,-37.341,-37.341,-37.341,-34.884,,-33.821,-33.821,,-34.884,-34.884,-34.884
05-01-2026-Fri 13-54-34-PM,-34.917,-34.917,-33.821,-33.821,-33.821,-37.341,-37.341,-37.341,-34.917,,-33.821,-33.821,,-34.917,-34.917,-34.917
05-01-2026-Fri 13-54-35-PM,-34.951,-34.951,-33.854,-33.854,-33.854,-37.341,-37.341,-37.341,-34.951,,-33.854,-33.854,,-34.951,-34.951,-34.951
05-01-2026-Fri 13-54-37-PM,-34.917,-34.917,-33.888,-33.888,-33.888,-37.374,-37.374,-37.374,-34.917,,-33.888,-33.888,,-34.917,-34.917,-34.917
05-01-2026-Fri 13-54-38-PM,-35.017,-35.017,-33.888,-33.888,-33.888,-37.341,-37.341,-37.341,-35.017,,-33.888,-33.888,,-35.017,-35.017,-35.017
05-01-2026-Fri 13-54-40-PM,-35.017,-35.017,-33.921,-33.921,-33.921,-37.407,-37.407,-37.407,-35.017,,-33.921,-33.921,,-35.017,-35.017,-35.017
05-01-2026-Fri 13-54-41-PM,-35.05,-35.05,-33.954,-33.954,-33.954,-37.374,-37.374,-37.374,-35.05,,-33.954,-33.954,,-35.05,-35.05,-35.05
05-01-2026-Fri 13-54-42-PM,-35.083,-35.083,-33.921,-33.921,-33.921,-37.407,-37.407,-37.407,-35.083,,-33.921,-33.921,,-35.083,-35.083,-35.083
05-01-2026-Fri 13-54-44-PM,-35.05,-35.05,-33.954,-33.954,-33.954,-37.441,-37.441,-37.441,-35.05,,-33.954,-33.954,,-35.05,-35.05,-35.05
05-01-2026-Fri 13-54-45-PM,-35.117,-35.117,-33.987,-33.987,-33.987,-37.507,-37.507,-37.507,-35.117,,-33.987,-33.987,,-35.117,-35.117,-35.117
05-01-2026-Fri 13-54-46-PM,-35.117,-35.117,-33.987,-33.987,-33.987,-37.507,-37.507,-37.507,-35.117,,-33.987,-33.987,,-35.117,-35.117,-35.117
05-01-2026-Fri 13-54-48-PM,-35.15,-35.15,-34.054,-34.054,-34.054,-37.507,-37.507,-37.507,-35.15,,-34.054,-34.054,,-35.15,-35.15,-35.15
05-01-2026-Fri 13-54-49-PM,-35.15,-35.15,-34.054,-34.054,-34.054,-37.573,-37.573,-37.573,-35.15,,-34.054,-34.054,,-35.15,-35.15,-35.15
05-01-2026-Fri 13-54-51-PM,-35.216,-35.216,-34.087,-34.087,-34.087,-37.573,-37.573,-37.573,-35.216,,-34.087,-34.087,,-35.216,-35.216,-35.216
05-01-2026-Fri 13-54-52-PM,-35.216,-35.216,-34.087,-34.087,-34.087,-37.607,-37.607,-37.607,-35.216,,-34.087,-34.087,,-35.216,-35.216,-35.216
05-01-2026-Fri 13-54-54-PM,-35.25,-35.25,-34.12,-34.12,-34.12,-37.64,-37.64,-37.64,-35.25,,-34.12,-34.12,,-35.25,-35.25,-35.25
05-01-2026-Fri 13-54-55-PM,-35.25,-35.25,-34.153,-34.153,-34.153,-37.673,-37.673,-37.673,-35.25,,-34.153,-34.153,,-35.25,-35.25,-35.25
05-01-2026-Fri 13-54-56-PM,-35.283,-35.283,-34.153,-34.153,-34.153,-37.673,-37.673,-37.673,-35.283,,-34.153,-34.153,,-35.283,-35.283,-35.283
05-01-2026-Fri 13-54-58-PM,-35.316,-35.316,-34.153,-34.153,-34.153,-37.673,-37.673,-37.673,-35.316,,-34.153,-34.153,,-35.316,-35.316,-35.316
05-01-2026-Fri 13-54-59-PM,-35.283,-35.283,-34.153,-34.153,-34.153,-37.739,-37.739,-37.739,-35.283,,-34.153,-34.153,,-35.283,-35.283,-35.283
05-01-2026-Fri 13-55-00-PM,-35.349,-35.349,-34.187,-34.187,-34.187,-37.739,-37.739,-37.739,-35.349,,-34.187,-34.187,,-35.349,-35.349,-35.349
05-01-2026-Fri 13-55-02-PM,-35.349,-35.349,-34.187,-34.187,-34.187,-37.739,-37.739,-37.739,-35.349,,-34.187,-34.187,,-35.349,-35.349,-35.349
05-01-2026-Fri 13-55-03-PM,-35.382,-35.382,-34.253,-34.253,-34.253,-37.739,-37.739,-37.739,-35.382,,-34.253,-34.253,,-35.382,-35.382,-35.382
05-01-2026-Fri 13-55-04-PM,-35.382,-35.382,-34.253,-34.253,-34.253,-37.739,-37.739,-37.739,-35.382,,-34.253,-34.253,,-35.382,-35.382,-35.382
05-01-2026-Fri 13-55-06-PM,-35.416,-35.416,-34.286,-34.286,-34.286,-37.839,-37.839,-37.839,-35.416,,-34.286,-34.286,,-35.416,-35.416,-35.416
05-01-2026-Fri 13-55-07-PM,-35.449,-35.449,-34.286,-34.286,-34.286,-37.806,-37.806,-37.806,-35.449,,-34.286,-34.286,,-35.449,-35.449,-35.449
05-01-2026-Fri 13-55-08-PM,-35.482,-35.482,-34.32,-34.32,-34.32,-37.872,-37.872,-37.872,-35.482,,-34.32,-34.32,,-35.482,-35.482,-35.482
05-01-2026-Fri 13-55-11-PM,-35.482,-35.482,-34.353,-34.353,-34.353,-37.872,-37.872,-37.872,-35.482,,-34.353,-34.353,,-35.482,-35.482,-35.482
05-01-2026-Fri 13-55-14-PM,-35.515,-35.515,-34.353,-34.353,-34.353,-37.905,-37.905,-37.905,-35.515,,-34.353,-34.353,,-35.515,-35.515,-35.515
05-01-2026-Fri 13-55-17-PM,-35.548,-35.548,-34.419,-34.419,-34.419,-37.938,-37.938,-37.938,-35.548,,-34.419,-34.419,,-35.548,-35.548,-35.548
05-01-2026-Fri 13-55-20-PM,-35.615,-35.615,-34.452,-34.452,-34.452,-37.938,-37.938,-37.938,-35.615,,-34.452,-34.452,,-35.615,-35.615,-35.615
05-01-2026-Fri 13-55-22-PM,-35.681,-35.681,-34.486,-34.486,-34.486,-38.005,-38.005,-38.005,-35.681,,-34.486,-34.486,,-35.681,-35.681,-35.681
05-01-2026-Fri 13-55-23-PM,-35.681,-35.681,-34.519,-34.519,-34.519,-38.071,-38.071,-38.071,-35.681,,-34.519,-34.519,,-35.681,-35.681,-35.681
05-01-2026-Fri 13-55-24-PM,-35.714,-35.714,-34.519,-34.519,-34.519,-38.104,-38.104,-38.104,-35.714,,-34.519,-34.519,,-35.714,-35.714,-35.714
05-01-2026-Fri 13-55-26-PM,-35.714,-35.714,-34.552,-34.552,-34.552,-38.071,-38.071,-38.071,-35.714,,-34.552,-34.552,,-35.714,-35.714,-35.714
05-01-2026-Fri 13-55-27-PM,-35.714,-35.714,-34.552,-34.552,-34.552,-38.104,-38.104,-38.104,-35.714,,-34.552,-34.552,,-35.714,-35.714,-35.714
05-01-2026-Fri 13-55-28-PM,-35.781,-35.781,-34.585,-34.585,-34.585,-38.138,-38.138,-38.138,-35.781,,-34.585,-34.585,,-35.781,-35.781,-35.781
05-01-2026-Fri 13-55-30-PM,-35.781,-35.781,-34.585,-34.585,-34.585,-38.171,-38.171,-38.171,-35.781,,-34.585,-34.585,,-35.781,-35.781,-35.781
05-01-2026-Fri 13-55-31-PM,-35.781,-35.781,-34.618,-34.618,-34.618,-38.138,-38.138,-38.138,-35.781,,-34.618,-34.618,,-35.781,-35.781,-35.781
05-01-2026-Fri 13-55-33-PM,-35.814,-35.814,-34.652,-34.652,-34.652,-38.171,-38.171,-38.171,-35.814,,-34.652,-34.652,,-35.814,-35.814,-35.814
05-01-2026-Fri 13-55-34-PM,-35.847,-35.847,-34.652,-34.652,-34.652,-38.171,-38.171,-38.171,-35.847,,-34.652,-34.652,,-35.847,-35.847,-35.847
05-01-2026-Fri 13-55-36-PM,-35.88,-35.88,-34.685,-34.685,-34.685,-38.237,-38.237,-38.237,-35.88,,-34.685,-34.685,,-35.88,-35.88,-35.88
05-01-2026-Fri 13-55-37-PM,-35.88,-35.88,-34.685,-34.685,-34.685,-38.27,-38.27,-38.27,-35.88,,-34.685,-34.685,,-35.88,-35.88,-35.88
05-01-2026-Fri 13-55-39-PM,-35.914,-35.914,-34.685,-34.685,-34.685,-38.303,-38.303,-38.303,-35.914,,-34.685,-34.685,,-35.914,-35.914,-35.914
05-01-2026-Fri 13-55-40-PM,-35.947,-35.947,-34.751,-34.751,-34.751,-38.27,-38.27,-38.27,-35.947,,-34.751,-34.751,,-35.947,-35.947,-35.947
05-01-2026-Fri 13-55-42-PM,-35.947,-35.947,-34.751,-34.751,-34.751,-38.27,-38.27,-38.27,-35.947,,-34.751,-34.751,,-35.947,-35.947,-35.947
05-01-2026-Fri 13-55-43-PM,-35.98,-35.98,-34.751,-34.751,-34.751,-38.303,-38.303,-38.303,-35.98,,-34.751,-34.751,,-35.98,-35.98,-35.98
05-01-2026-Fri 13-55-44-PM,-35.98,-35.98,-34.785,-34.785,-34.785,-38.37,-38.37,-38.37,-35.98,,-34.785,-34.785,,-35.98,-35.98,-35.98
05-01-2026-Fri 13-55-46-PM,-35.98,-35.98,-34.818,-34.818,-34.818,-38.37,-38.37,-38.37,-35.98,,-34.818,-34.818,,-35.98,-35.98,-35.98
05-01-2026-Fri 13-55-47-PM,-36.046,-36.046,-34.818,-34.818,-34.818,-38.37,-38.37,-38.37,-36.046,,-34.818,-34.818,,-36.046,-36.046,-36.046
05-01-2026-Fri 13-55-49-PM,-36.046,-36.046,-34.851,-34.851,-34.851,-38.403,-38.403,-38.403,-36.046,,-34.851,-34.851,,-36.046,-36.046,-36.046
05-01-2026-Fri 13-55-50-PM,-36.046,-36.046,-34.851,-34.851,-34.851,-38.403,-38.403,-38.403,-36.046,,-34.851,-34.851,,-36.046,-36.046,-36.046
05-01-2026-Fri 13-55-51-PM,-36.08,-36.08,-34.851,-34.851,-34.851,-38.469,-38.469,-38.469,-36.08,,-34.851,-34.851,,-36.08,-36.08,-36.08
05-01-2026-Fri 13-55-53-PM,-36.113,-36.113,-34.884,-34.884,-34.884,-38.403,-38.403,-38.403,-36.113,,-34.884,-34.884,,-36.113,-36.113,-36.113
05-01-2026-Fri 13-55-54-PM,-36.146,-36.146,-34.917,-34.917,-34.917,-38.469,-38.469,-38.469,-36.146,,-34.917,-34.917,,-36.146,-36.146,-36.146
05-01-2026-Fri 13-55-55-PM,-36.179,-36.179,-34.917,-34.917,-34.917,-38.536,-38.536,-38.536,-36.179,,-34.917,-34.917,,-36.179,-36.179,-36.179
05-01-2026-Fri 13-55-57-PM,-36.179,-36.179,-34.917,-34.917,-34.917,-38.502,-38.502,-38.502,-36.179,,-34.917,-34.917,,-36.179,-36.179,-36.179
05-01-2026-Fri 13-55-58-PM,-36.212,-36.212,-34.951,-34.951,-34.951,-38.536,-38.536,-38.536,-36.212,,-34.951,-34.951,,-36.212,-36.212,-36.212
05-01-2026-Fri 13-56-00-PM,-36.212,-36.212,-34.984,-34.984,-34.984,-38.502,-38.502,-38.502,-36.212,,-34.984,-34.984,,-36.212,-36.212,-36.212
05-01-2026-Fri 13-56-02-PM,-36.246,-36.246,-35.017,-35.017,-35.017,-38.602,-38.602,-38.602,-36.246,,-35.017,-35.017,,-36.246,-36.246,-36.246
05-01-2026-Fri 13-56-03-PM,-36.246,-36.246,-35.017,-35.017,-35.017,-38.635,-38.635,-38.635,-36.246,,-35.017,-35.017,,-36.246,-36.246,-36.246
05-01-2026-Fri 13-56-04-PM,-36.279,-36.279,-35.05,-35.05,-35.05,-38.635,-38.635,-38.635,-36.279,,-35.05,-35.05,,-36.279,-36.279,-36.279
05-01-2026-Fri 13-56-06-PM,-36.312,-36.312,-35.083,-35.083,-35.083,-38.635,-38.635,-38.635,-36.312,,-35.083,-35.083,,-36.312,-36.312,-36.312
05-01-2026-Fri 13-56-07-PM,-36.345,-36.345,-35.05,-35.05,-35.05,-38.635,-38.635,-38.635,-36.345,,-35.05,-35.05,,-36.345,-36.345,-36.345
05-01-2026-Fri 13-56-08-PM,-36.345,-36.345,-35.083,-35.083,-35.083,-38.635,-38.635,-38.635,-36.345,,-35.083,-35.083,,-36.345,-36.345,-36.345
05-01-2026-Fri 13-56-10-PM,-36.345,-36.345,-35.083,-35.083,-35.083,-38.702,-38.702,-38.702,-36.345,,-35.083,-35.083,,-36.345,-36.345,-36.345
05-01-2026-Fri 13-56-11-PM,-36.378,-36.378,-35.117,-35.117,-35.117,-38.668,-38.668,-38.668,-36.378,,-35.117,-35.117,,-36.378,-36.378,-36.378
05-01-2026-Fri 13-56-12-PM,-36.412,-36.412,-35.15,-35.15,-35.15,-38.702,-38.702,-38.702,-36.412,,-35.15,-35.15,,-36.412,-36.412,-36.412
05-01-2026-Fri 13-56-14-PM,-36.412,-36.412,-35.15,-35.15,-35.15,-38.768,-38.768,-38.768,-36.412,,-35.15,-35.15,,-36.412,-36.412,-36.412
05-01-2026-Fri 13-56-15-PM,-36.412,-36.412,-35.15,-35.15,-35.15,-38.768,-38.768,-38.768,-36.412,,-35.15,-35.15,,-36.412,-36.412,-36.412
05-01-2026-Fri 13-56-17-PM,-36.445,-36.445,-35.183,-35.183,-35.183,-38.801,-38.801,-38.801,-36.445,,-35.183,-35.183,,-36.445,-36.445,-36.445
05-01-2026-Fri 13-56-18-PM,-36.445,-36.445,-35.183,-35.183,-35.183,-38.801,-38.801,-38.801,-36.445,,-35.183,-35.183,,-36.445,-36.445,-36.445
05-01-2026-Fri 13-56-19-PM,-36.511,-36.511,-35.216,-35.216,-35.216,-38.834,-38.834,-38.834,-36.511,,-35.216,-35.216,,-36.511,-36.511,-36.511
05-01-2026-Fri 13-56-21-PM,-36.511,-36.511,-35.25,-35.25,-35.25,-38.801,-38.801,-38.801,-36.511,,-35.25,-35.25,,-36.511,-36.511,-36.511
05-01-2026-Fri 13-56-22-PM,-36.511,-36.511,-35.25,-35.25,-35.25,-38.867,-38.867,-38.867,-36.511,,-35.25,-35.25,,-36.511,-36.511,-36.511
05-01-2026-Fri 13-56-24-PM,-36.544,-36.544,-35.283,-35.283,-35.283,-38.834,-38.834,-38.834,-36.544,,-35.283,-35.283,,-36.544,-36.544,-36.544
05-01-2026-Fri 13-56-25-PM,-36.578,-36.578,-35.316,-35.316,-35.316,-38.867,-38.867,-38.867,-36.578,,-35.316,-35.316,,-36.578,-36.578,-36.578
05-01-2026-Fri 13-56-26-PM,-36.611,-36.611,-35.283,-35.283,-35.283,-38.9,-38.9,-38.9,-36.611,,-35.283,-35.283,,-36.611,-36.611,-36.611
05-01-2026-Fri 13-56-28-PM,-36.611,-36.611,-35.316,-35.316,-35.316,-38.967,-38.967,-38.967,-36.611,,-35.316,-35.316,,-36.611,-36.611,-36.611
05-01-2026-Fri 13-56-29-PM,-36.611,-36.611,-35.316,-35.316,-35.316,-38.934,-38.934,-38.934,-36.611,,-35.316,-35.316,,-36.611,-36.611,-36.611
05-01-2026-Fri 13-56-31-PM,-36.644,-36.644,-35.349,-35.349,-35.349,-38.9,-38.9,-38.9,-36.644,,-35.349,-35.349,,-36.644,-36.644,-36.644
05-01-2026-Fri 13-56-32-PM,-36.644,-36.644,-35.382,-35.382,-35.382,-39.0,-39.0,-39.0,-36.644,,-35.382,-35.382,,-36.644,-36.644,-36.644
05-01-2026-Fri 13-56-33-PM,-36.677,-36.677,-35.416,-35.416,-35.416,-39.033,-39.033,-39.033,-36.677,,-35.416,-35.416,,-36.677,-36.677,-36.677
05-01-2026-Fri 13-56-35-PM,-36.677,-36.677,-35.416,-35.416,-35.416,-39.033,-39.033,-39.033,-36.677,,-35.416,-35.416,,-36.677,-36.677,-36.677
05-01-2026-Fri 13-56-36-PM,-36.71,-36.71,-35.416,-35.416,-35.416,-39.033,-39.033,-39.033,-36.71,,-35.416,-35.416,,-36.71,-36.71,-36.71
05-01-2026-Fri 13-56-37-PM,-36.71,-36.71,-35.449,-35.449,-35.449,-39.066,-39.066,-39.066,-36.71,,-35.449,-35.449,,-36.71,-36.71,-36.71
05-01-2026-Fri 13-56-39-PM,-36.777,-36.777,-35.449,-35.449,-35.449,-39.1,-39.1,-39.1,-36.777,,-35.449,-35.449,,-36.777,-36.777,-36.777
05-01-2026-Fri 13-56-40-PM,-36.777,-36.777,-35.482,-35.482,-35.482,-39.033,-39.033,-39.033,-36.777,,-35.482,-35.482,,-36.777,-36.777,-36.777
05-01-2026-Fri 13-56-42-PM,-36.81,-36.81,-35.482,-35.482,-35.482,-39.033,-39.033,-39.033,-36.81,,-35.482,-35.482,,-36.81,-36.81,-36.81
05-01-2026-Fri 13-56-43-PM,-36.81,-36.81,-35.482,-35.482,-35.482,-39.1,-39.1,-39.1,-36.81,,-35.482,-35.482,,-36.81,-36.81,-36.81
05-01-2026-Fri 13-56-45-PM,-36.843,-36.843,-35.515,-35.515,-35.515,-39.1,-39.1,-39.1,-36.843,,-35.515,-35.515,,-36.843,-36.843,-36.843
05-01-2026-Fri 13-56-46-PM,-36.843,-36.843,-35.548,-35.548,-35.548,-39.1,-39.1,-39.1,-36.843,,-35.548,-35.548,,-36.843,-36.843,-36.843
05-01-2026-Fri 13-56-47-PM,-36.876,-36.876,-35.548,-35.548,-35.548,-39.166,-39.166,-39.166,-36.876,,-35.548,-35.548,,-36.876,-36.876,-36.876
05-01-2026-Fri 13-56-49-PM,-36.91,-36.91,-35.582,-35.582,-35.582,-39.199,-39.199,-39.199,-36.91,,-35.582,-35.582,,-36.91,-36.91,-36.91
05-01-2026-Fri 13-56-50-PM,-36.91,-36.91,-35.615,-35.615,-35.615,-39.199,-39.199,-39.199,-36.91,,-35.615,-35.615,,-36.91,-36.91,-36.91
05-01-2026-Fri 13-56-52-PM,-36.943,-36.943,-35.582,-35.582,-35.582,-39.199,-39.199,-39.199,-36.943,,-35.582,-35.582,,-36.943,-36.943,-36.943
05-01-2026-Fri 13-56-53-PM,-36.976,-36.976,-35.648,-35.648,-35.648,-39.199,-39.199,-39.199,-36.976,,-35.648,-35.648,,-36.976,-36.976,-36.976
05-01-2026-Fri 13-56-54-PM,-36.976,-36.976,-35.648,-35.648,-35.648,-39.265,-39.265,-39.265,-36.976,,-35.648,-35.648,,-36.976,-36.976,-36.976
05-01-2026-Fri 13-56-56-PM,-36.976,-36.976,-35.648,-35.648,-35.648,-39.232,-39.232,-39.232,-36.976,,-35.648,-35.648,,-36.976,-36.976,-36.976
05-01-2026-Fri 13-56-57-PM,-36.976,-36.976,-35.648,-35.648,-35.648,-39.199,-39.199,-39.199,-36.976,,-35.648,-35.648,,-36.976,-36.976,-36.976
05-01-2026-Fri 13-56-59-PM,-37.042,-37.042,-35.681,-35.681,-35.681,-39.299,-39.299,-39.299,-37.042,,-35.681,-35.681,,-37.042,-37.042,-37.042
05-01-2026-Fri 13-57-00-PM,-37.042,-37.042,-35.714,-35.714,-35.714,-39.299,-39.299,-39.299,-37.042,,-35.714,-35.714,,-37.042,-37.042,-37.042
05-01-2026-Fri 13-57-02-PM,-37.042,-37.042,-35.714,-35.714,-35.714,-39.299,-39.299,-39.299,-37.042,,-35.714,-35.714,,-37.042,-37.042,-37.042
05-01-2026-Fri 13-57-03-PM,-37.076,-37.076,-35.714,-35.714,-35.714,-39.365,-39.365,-39.365,-37.076,,-35.714,-35.714,,-37.076,-37.076,-37.076
05-01-2026-Fri 13-57-04-PM,-37.076,-37.076,-35.748,-35.748,-35.748,-39.365,-39.365,-39.365,-37.076,,-35.748,-35.748,,-37.076,-37.076,-37.076
05-01-2026-Fri 13-57-06-PM,-37.109,-37.109,-35.748,-35.748,-35.748,-39.365,-39.365,-39.365,-37.109,,-35.748,-35.748,,-37.109,-37.109,-37.109
05-01-2026-Fri 13-57-07-PM,-37.142,-37.142,-35.781,-35.781,-35.781,-39.398,-39.398,-39.398,-37.142,,-35.781,-35.781,,-37.142,-37.142,-37.142
05-01-2026-Fri 13-57-09-PM,-37.175,-37.175,-35.814,-35.814,-35.814,-39.398,-39.398,-39.398,-37.175,,-35.814,-35.814,,-37.175,-37.175,-37.175
05-01-2026-Fri 13-57-10-PM,-37.175,-37.175,-35.814,-35.814,-35.814,-39.398,-39.398,-39.398,-37.175,,-35.814,-35.814,,-37.175,-37.175,-37.175
05-01-2026-Fri 13-57-12-PM,-37.175,-37.175,-35.847,-35.847,-35.847,-39.464,-39.464,-39.464,-37.175,,-35.847,-35.847,,-37.175,-37.175,-37.175
05-01-2026-Fri 13-57-13-PM,-37.208,-37.208,-35.847,-35.847,-35.847,-39.431,-39.431,-39.431,-37.208,,-35.847,-35.847,,-37.208,-37.208,-37.208
05-01-2026-Fri 13-57-14-PM,-37.242,-37.242,-35.847,-35.847,-35.847,-39.531,-39.531,-39.531,-37.242,,-35.847,-35.847,,-37.242,-37.242,-37.242
05-01-2026-Fri 13-57-16-PM,-37.242,-37.242,-35.88,-35.88,-35.88,-39.464,-39.464,-39.464,-37.242,,-35.88,-35.88,,-37.242,-37.242,-37.242
05-01-2026-Fri 13-57-17-PM,-37.242,-37.242,-35.914,-35.914,-35.914,-39.464,-39.464,-39.464,-37.242,,-35.914,-35.914,,-37.242,-37.242,-37.242
05-01-2026-Fri 13-57-18-PM,-37.308,-37.308,-35.914,-35.914,-35.914,-39.464,-39.464,-39.464,-37.308,,-35.914,-35.914,,-37.308,-37.308,-37.308
05-01-2026-Fri 13-57-20-PM,-37.308,-37.308,-35.947,-35.947,-35.947,-39.531,-39.531,-39.531,-37.308,,-35.947,-35.947,,-37.308,-37.308,-37.308
05-01-2026-Fri 13-57-21-PM,-37.308,-37.308,-35.947,-35.947,-35.947,-39.531,-39.531,-39.531,-37.308,,-35.947,-35.947,,-37.308,-37.308,-37.308
05-01-2026-Fri 13-57-23-PM,-37.308,-37.308,-35.947,-35.947,-35.947,-39.564,-39.564,-39.564,-37.308,,-35.947,-35.947,,-37.308,-37.308,-37.308
05-01-2026-Fri 13-57-24-PM,-37.374,-37.374,-35.98,-35.98,-35.98,-39.597,-39.597,-39.597,-37.374,,-35.98,-35.98,,-37.374,-37.374,-37.374
05-01-2026-Fri 13-57-25-PM,-37.374,-37.374,-35.98,-35.98,-35.98,-39.531,-39.531,-39.531,-37.374,,-35.98,-35.98,,-37.374,-37.374,-37.374
05-01-2026-Fri 13-57-27-PM,-37.374,-37.374,-36.013,-36.013,-36.013,-39.597,-39.597,-39.597,-37.374,,-36.013,-36.013,,-37.374,-37.374,-37.374
05-01-2026-Fri 13-57-28-PM,-37.407,-37.407,-36.013,-36.013,-36.013,-39.597,-39.597,-39.597,-37.407,,-36.013,-36.013,,-37.407,-37.407,-37.407
05-01-2026-Fri 13-57-30-PM,-37.407,-37.407,-36.046,-36.046,-36.046,-39.597,-39.597,-39.597,-37.407,,-36.046,-36.046,,-37.407,-37.407,-37.407
05-01-2026-Fri 13-57-31-PM,-37.441,-37.441,-36.046,-36.046,-36.046,-39.663,-39.663,-39.663,-37.441,,-36.046,-36.046,,-37.441,-37.441,-37.441
05-01-2026-Fri 13-57-33-PM,-37.474,-37.474,-36.046,-36.046,-36.046,-39.696,-39.696,-39.696,-37.474,,-36.046,-36.046,,-37.474,-37.474,-37.474
05-01-2026-Fri 13-57-35-PM,-37.474,-37.474,-36.08,-36.08,-36.08,-39.663,-39.663,-39.663,-37.474,,-36.08,-36.08,,-37.474,-37.474,-37.474
05-01-2026-Fri 13-57-38-PM,-37.507,-37.507,-36.113,-36.113,-36.113,-39.73,-39.73,-39.73,-37.507,,-36.113,-36.113,,-37.507,-37.507,-37.507
05-01-2026-Fri 13-57-41-PM,-37.54,-37.54,-36.146,-36.146,-36.146,-39.73,-39.73,-39.73,-37.54,,-36.146,-36.146,,-37.54,-37.54,-37.54
05-01-2026-Fri 13-57-42-PM,-37.573,-37.573,-36.179,-36.179,-36.179,-39.763,-39.763,-39.763,-37.573,,-36.179,-36.179,,-37.573,-37.573,-37.573
05-01-2026-Fri 13-57-44-PM,-37.607,-37.607,-36.212,-36.212,-36.212,-39.763,-39.763,-39.763,-37.607,,-36.212,-36.212,,-37.607,-37.607,-37.607
05-01-2026-Fri 13-57-45-PM,-37.607,-37.607,-36.212,-36.212,-36.212,-39.796,-39.796,-39.796,-37.607,,-36.212,-36.212,,-37.607,-37.607,-37.607
05-01-2026-Fri 13-57-47-PM,-37.64,-37.64,-36.179,-36.179,-36.179,-39.829,-39.829,-39.829,-37.64,,-36.179,-36.179,,-37.64,-37.64,-37.64
05-01-2026-Fri 13-57-48-PM,-37.64,-37.64,-36.212,-36.212,-36.212,-39.862,-39.862,-39.862,-37.64,,-36.212,-36.212,,-37.64,-37.64,-37.64
05-01-2026-Fri 13-57-49-PM,-37.673,-37.673,-36.246,-36.246,-36.246,-39.829,-39.829,-39.829,-37.673,,-36.246,-36.246,,-37.673,-37.673,-37.673
05-01-2026-Fri 13-57-51-PM,-37.673,-37.673,-36.246,-36.246,-36.246,-39.829,-39.829,-39.829,-37.673,,-36.246,-36.246,,-37.673,-37.673,-37.673
05-01-2026-Fri 13-57-52-PM,-37.706,-37.706,-36.279,-36.279,-36.279,-39.895,-39.895,-39.895,-37.706,,-36.279,-36.279,,-37.706,-37.706,-37.706
05-01-2026-Fri 13-57-53-PM,-37.739,-37.739,-36.246,-36.246,-36.246,-39.829,-39.829,-39.829,-37.739,,-36.246,-36.246,,-37.739,-37.739,-37.739
05-01-2026-Fri 13-57-55-PM,-37.739,-37.739,-36.312,-36.312,-36.312,-39.895,-39.895,-39.895,-37.739,,-36.312,-36.312,,-37.739,-37.739,-37.739
05-01-2026-Fri 13-57-56-PM,-37.739,-37.739,-36.312,-36.312,-36.312,-39.895,-39.895,-39.895,-37.739,,-36.312,-36.312,,-37.739,-37.739,-37.739
05-01-2026-Fri 13-57-57-PM,-37.772,-37.772,-36.312,-36.312,-36.312,-39.995,-39.995,-39.995,-37.772,,-36.312,-36.312,,-37.772,-37.772,-37.772
05-01-2026-Fri 13-57-59-PM,-37.772,-37.772,-36.345,-36.345,-36.345,-39.962,-39.962,-39.962,-37.772,,-36.345,-36.345,,-37.772,-37.772,-37.772
05-01-2026-Fri 13-58-00-PM,-37.806,-37.806,-36.345,-36.345,-36.345,-39.929,-39.929,-39.929,-37.806,,-36.345,-36.345,,-37.806,-37.806,-37.806
05-01-2026-Fri 13-58-02-PM,-37.839,-37.839,-36.345,-36.345,-36.345,-39.962,-39.962,-39.962,-37.839,,-36.345,-36.345,,-37.839,-37.839,-37.839
05-01-2026-Fri 13-58-03-PM,-37.839,-37.839,-36.378,-36.378,-36.378,-39.995,-39.995,-39.995,-37.839,,-36.378,-36.378,,-37.839,-37.839,-37.839
05-01-2026-Fri 13-58-04-PM,-37.806,-37.806,-36.378,-36.378,-36.378,-39.962,-39.962,-39.962,-37.806,,-36.378,-36.378,,-37.806,-37.806,-37.806
05-01-2026-Fri 13-58-06-PM,-37.872,-37.872,-36.412,-36.412,-36.412,-40.028,-40.028,-40.028,-37.872,,-36.412,-36.412,,-37.872,-37.872,-37.872
05-01-2026-Fri 13-58-07-PM,-37.872,-37.872,-36.412,-36.412,-36.412,-40.061,-40.061,-40.061,-37.872,,-36.412,-36.412,,-37.872,-37.872,-37.872
05-01-2026-Fri 13-58-08-PM,-37.872,-37.872,-36.445,-36.445,-36.445,-39.995,-39.995,-39.995,-37.872,,-36.445,-36.445,,-37.872,-37.872,-37.872
05-01-2026-Fri 13-58-10-PM,-37.905,-37.905,-36.478,-36.478,-36.478,-40.061,-40.061,-40.061,-37.905,,-36.478,-36.478,,-37.905,-37.905,-37.905
05-01-2026-Fri 13-58-11-PM,-37.905,-37.905,-36.478,-36.478,-36.478,-40.061,-40.061,-40.061,-37.905,,-36.478,-36.478,,-37.905,-37.905,-37.905
05-01-2026-Fri 13-58-12-PM,-37.938,-37.938,-36.478,-36.478,-36.478,-40.094,-40.094,-40.094,-37.938,,-36.478,-36.478,,-37.938,-37.938,-37.938
05-01-2026-Fri 13-58-14-PM,-37.938,-37.938,-36.478,-36.478,-36.478,-40.094,-40.094,-40.094,-37.938,,-36.478,-36.478,,-37.938,-37.938,-37.938
05-01-2026-Fri 13-58-15-PM,-37.972,-37.972,-36.478,-36.478,-36.478,-40.061,-40.061,-40.061,-37.972,,-36.478,-36.478,,-37.972,-37.972,-37.972
05-01-2026-Fri 13-58-16-PM,-38.005,-38.005,-36.511,-36.511,-36.511,-40.094,-40.094,-40.094,-38.005,,-36.511,-36.511,,-38.005,-38.005,-38.005
05-01-2026-Fri 13-58-18-PM,-38.005,-38.005,-36.544,-36.544,-36.544,-40.128,-40.128,-40.128,-38.005,,-36.544,-36.544,,-38.005,-38.005,-38.005
05-01-2026-Fri 13-58-19-PM,-38.038,-38.038,-36.511,-36.511,-36.511,-40.128,-40.128,-40.128,-38.038,,-36.511,-36.511,,-38.038,-38.038,-38.038
05-01-2026-Fri 13-58-20-PM,-38.005,-38.005,-36.544,-36.544,-36.544,-40.128,-40.128,-40.128,-38.005,,-36.544,-36.544,,-38.005,-38.005,-38.005
05-01-2026-Fri 13-58-22-PM,-38.038,-38.038,-36.578,-36.578,-36.578,-40.161,-40.161,-40.161,-38.038,,-36.578,-36.578,,-38.038,-38.038,-38.038
05-01-2026-Fri 13-58-23-PM,-38.038,-38.038,-36.611,-36.611,-36.611,-40.161,-40.161,-40.161,-38.038,,-36.611,-36.611,,-38.038,-38.038,-38.038
05-01-2026-Fri 13-58-24-PM,-38.071,-38.071,-36.611,-36.611,-36.611,-40.161,-40.161,-40.161,-38.071,,-36.611,-36.611,,-38.071,-38.071,-38.071
05-01-2026-Fri 13-58-26-PM,-38.071,-38.071,-36.611,-36.611,-36.611,-40.194,-40.194,-40.194,-38.071,,-36.611,-36.611,,-38.071,-38.071,-38.071
05-01-2026-Fri 13-58-27-PM,-38.071,-38.071,-36.644,-36.644,-36.644,-40.227,-40.227,-40.227,-38.071,,-36.644,-36.644,,-38.071,-38.071,-38.071
05-01-2026-Fri 13-58-29-PM,-38.138,-38.138,-36.644,-36.644,-36.644,-40.26,-40.26,-40.26,-38.138,,-36.644,-36.644,,-38.138,-38.138,-38.138
05-01-2026-Fri 13-58-30-PM,-38.138,-38.138,-36.677,-36.677,-36.677,-40.26,-40.26,-40.26,-38.138,,-36.677,-36.677,,-38.138,-38.138,-38.138
05-01-2026-Fri 13-58-31-PM,-38.138,-38.138,-36.677,-36.677,-36.677,-40.26,-40.26,-40.26,-38.138,,-36.677,-36.677,,-38.138,-38.138,-38.138
05-01-2026-Fri 13-58-33-PM,-38.171,-38.171,-36.71,-36.71,-36.71,-40.26,-40.26,-40.26,-38.171,,-36.71,-36.71,,-38.171,-38.171,-38.171
05-01-2026-Fri 13-58-34-PM,-38.171,-38.171,-36.677,-36.677,-36.677,-40.26,-40.26,-40.26,-38.171,,-36.677,-36.677,,-38.171,-38.171,-38.171
05-01-2026-Fri 13-58-35-PM,-38.171,-38.171,-36.677,-36.677,-36.677,-40.26,-40.26,-40.26,-38.171,,-36.677,-36.677,,-38.171,-38.171,-38.171
05-01-2026-Fri 13-58-37-PM,-38.204,-38.204,-36.744,-36.744,-36.744,-40.26,-40.26,-40.26,-38.204,,-36.744,-36.744,,-38.204,-38.204,-38.204
05-01-2026-Fri 13-58-38-PM,-38.237,-38.237,-36.744,-36.744,-36.744,-40.326,-40.326,-40.326,-38.237,,-36.744,-36.744,,-38.237,-38.237,-38.237
05-01-2026-Fri 13-58-39-PM,-38.237,-38.237,-36.744,-36.744,-36.744,-40.326,-40.326,-40.326,-38.237,,-36.744,-36.744,,-38.237,-38.237,-38.237
05-01-2026-Fri 13-58-41-PM,-38.237,-38.237,-36.777,-36.777,-36.777,-40.293,-40.293,-40.293,-38.237,,-36.777,-36.777,,-38.237,-38.237,-38.237
05-01-2026-Fri 13-58-42-PM,-38.27,-38.27,-36.777,-36.777,-36.777,-40.326,-40.326,-40.326,-38.27,,-36.777,-36.777,,-38.27,-38.27,-38.27
05-01-2026-Fri 13-58-43-PM,-38.303,-38.303,-36.81,-36.81,-36.81,-40.393,-40.393,-40.393,-38.303,,-36.81,-36.81,,-38.303,-38.303,-38.303
05-01-2026-Fri 13-58-45-PM,-38.303,-38.303,-36.81,-36.81,-36.81,-40.36,-40.36,-40.36,-38.303,,-36.81,-36.81,,-38.303,-38.303,-38.303
05-01-2026-Fri 13-58-46-PM,-38.303,-38.303,-36.81,-36.81,-36.81,-40.36,-40.36,-40.36,-38.303,,-36.81,-36.81,,-38.303,-38.303,-38.303
05-01-2026-Fri 13-58-47-PM,-38.337,-38.337,-36.843,-36.843,-36.843,-40.36,-40.36,-40.36,-38.337,,-36.843,-36.843,,-38.337,-38.337,-38.337
05-01-2026-Fri 13-58-49-PM,-38.337,-38.337,-36.843,-36.843,-36.843,-40.393,-40.393,-40.393,-38.337,,-36.843,-36.843,,-38.337,-38.337,-38.337
05-01-2026-Fri 13-58-50-PM,-38.337,-38.337,-36.876,-36.876,-36.876,-40.426,-40.426,-40.426,-38.337,,-36.876,-36.876,,-38.337,-38.337,-38.337
05-01-2026-Fri 13-58-52-PM,-38.37,-38.37,-36.876,-36.876,-36.876,-40.393,-40.393,-40.393,-38.37,,-36.876,-36.876,,-38.37,-38.37,-38.37
05-01-2026-Fri 13-58-53-PM,-38.37,-38.37,-36.876,-36.876,-36.876,-40.426,-40.426,-40.426,-38.37,,-36.876,-36.876,,-38.37,-38.37,-38.37
05-01-2026-Fri 13-58-54-PM,-38.403,-38.403,-36.91,-36.91,-36.91,-40.459,-40.459,-40.459,-38.403,,-36.91,-36.91,,-38.403,-38.403,-38.403
05-01-2026-Fri 13-58-56-PM,-38.436,-38.436,-36.943,-36.943,-36.943,-40.492,-40.492,-40.492,-38.436,,-36.943,-36.943,,-38.436,-38.436,-38.436
05-01-2026-Fri 13-58-57-PM,-38.436,-38.436,-36.943,-36.943,-36.943,-40.492,-40.492,-40.492,-38.436,,-36.943,-36.943,,-38.436,-38.436,-38.436
05-01-2026-Fri 13-58-58-PM,-38.436,-38.436,-36.943,-36.943,-36.943,-40.492,-40.492,-40.492,-38.436,,-36.943,-36.943,,-38.436,-38.436,-38.436
05-01-2026-Fri 13-59-00-PM,-38.436,-38.436,-36.976,-36.976,-36.976,-40.525,-40.525,-40.525,-38.436,,-36.976,-36.976,,-38.436,-38.436,-38.436
05-01-2026-Fri 13-59-01-PM,-38.469,-38.469,-36.976,-36.976,-36.976,-40.492,-40.492,-40.492,-38.469,,-36.976,-36.976,,-38.469,-38.469,-38.469
05-01-2026-Fri 13-59-02-PM,-38.502,-38.502,-36.976,-36.976,-36.976,-40.558,-40.558,-40.558,-38.502,,-36.976,-36.976,,-38.502,-38.502,-38.502
05-01-2026-Fri 13-59-04-PM,-38.502,-38.502,-37.009,-37.009,-37.009,-40.558,-40.558,-40.558,-38.502,,-37.009,-37.009,,-38.502,-38.502,-38.502
05-01-2026-Fri 13-59-05-PM,-38.502,-38.502,-37.009,-37.009,-37.009,-40.525,-40.525,-40.525,-38.502,,-37.009,-37.009,,-38.502,-38.502,-38.502
05-01-2026-Fri 13-59-07-PM,-38.536,-38.536,-37.009,-37.009,-37.009,-40.558,-40.558,-40.558,-38.536,,-37.009,-37.009,,-38.536,-38.536,-38.536
05-01-2026-Fri 13-59-08-PM,-38.536,-38.536,-37.042,-37.042,-37.042,-40.558,-40.558,-40.558,-38.536,,-37.042,-37.042,,-38.536,-38.536,-38.536
05-01-2026-Fri 13-59-10-PM,-38.569,-38.569,-37.076,-37.076,-37.076,-40.592,-40.592,-40.592,-38.569,,-37.076,-37.076,,-38.569,-38.569,-38.569
05-01-2026-Fri 13-59-11-PM,-38.569,-38.569,-37.042,-37.042,-37.042,-40.558,-40.558,-40.558,-38.569,,-37.042,-37.042,,-38.569,-38.569,-38.569
05-01-2026-Fri 13-59-12-PM,-38.602,-38.602,-37.076,-37.076,-37.076,-40.625,-40.625,-40.625,-38.602,,-37.076,-37.076,,-38.602,-38.602,-38.602
05-01-2026-Fri 13-59-14-PM,-38.602,-38.602,-37.076,-37.076,-37.076,-40.592,-40.592,-40.592,-38.602,,-37.076,-37.076,,-38.602,-38.602,-38.602
05-01-2026-Fri 13-59-15-PM,-38.635,-38.635,-37.109,-37.109,-37.109,-40.592,-40.592,-40.592,-38.635,,-37.109,-37.109,,-38.635,-38.635,-38.635
05-01-2026-Fri 13-59-17-PM,-38.635,-38.635,-37.142,-37.142,-37.142,-40.625,-40.625,-40.625,-38.635,,-37.142,-37.142,,-38.635,-38.635,-38.635
05-01-2026-Fri 13-59-18-PM,-38.668,-38.668,-37.142,-37.142,-37.142,-40.625,-40.625,-40.625,-38.668,,-37.142,-37.142,,-38.668,-38.668,-38.668
05-01-2026-Fri 13-59-19-PM,-38.668,-38.668,-37.142,-37.142,-37.142,-40.658,-40.658,-40.658,-38.668,,-37.142,-37.142,,-38.668,-38.668,-38.668
05-01-2026-Fri 13-59-21-PM,-38.668,-38.668,-37.208,-37.208,-37.208,-40.658,-40.658,-40.658,-38.668,,-37.208,-37.208,,-38.668,-38.668,-38.668
05-01-2026-Fri 13-59-22-PM,-38.702,-38.702,-37.175,-37.175,-37.175,-40.658,-40.658,-40.658,-38.702,,-37.175,-37.175,,-38.702,-38.702,-38.702
05-01-2026-Fri 13-59-23-PM,-38.702,-38.702,-37.175,-37.175,-37.175,-40.691,-40.691,-40.691,-38.702,,-37.175,-37.175,,-38.702,-38.702,-38.702
05-01-2026-Fri 13-59-25-PM,-38.735,-38.735,-37.208,-37.208,-37.208,-40.691,-40.691,-40.691,-38.735,,-37.208,-37.208,,-38.735,-38.735,-38.735
05-01-2026-Fri 13-59-26-PM,-38.768,-38.768,-37.208,-37.208,-37.208,-40.658,-40.658,-40.658,-38.768,,-37.208,-37.208,,-38.768,-38.768,-38.768
05-01-2026-Fri 13-59-28-PM,-38.735,-38.735,-37.242,-37.242,-37.242,-40.758,-40.758,-40.758,-38.735,,-37.242,-37.242,,-38.735,-38.735,-38.735
05-01-2026-Fri 13-59-29-PM,-38.768,-38.768,-37.242,-37.242,-37.242,-40.758,-40.758,-40.758,-38.768,,-37.242,-37.242,,-38.768,-38.768,-38.768
05-01-2026-Fri 13-59-31-PM,-38.768,-38.768,-37.275,-37.275,-37.275,-40.724,-40.724,-40.724,-38.768,,-37.275,-37.275,,-38.768,-38.768,-38.768
05-01-2026-Fri 13-59-32-PM,-38.801,-38.801,-37.275,-37.275,-37.275,-40.724,-40.724,-40.724,-38.801,,-37.275,-37.275,,-38.801,-38.801,-38.801
05-01-2026-Fri 13-59-33-PM,-38.801,-38.801,-37.275,-37.275,-37.275,-40.791,-40.791,-40.791,-38.801,,-37.275,-37.275,,-38.801,-38.801,-38.801
05-01-2026-Fri 13-59-35-PM,-38.867,-38.867,-37.308,-37.308,-37.308,-40.791,-40.791,-40.791,-38.867,,-37.308,-37.308,,-38.867,-38.867,-38.867
05-01-2026-Fri 13-59-36-PM,-38.834,-38.834,-37.341,-37.341,-37.341,-40.791,-40.791,-40.791,-38.834,,-37.341,-37.341,,-38.834,-38.834,-38.834
05-01-2026-Fri 13-59-37-PM,-38.867,-38.867,-37.341,-37.341,-37.341,-40.824,-40.824,-40.824,-38.867,,-37.341,-37.341,,-38.867,-38.867,-38.867
05-01-2026-Fri 13-59-39-PM,-38.867,-38.867,-37.341,-37.341,-37.341,-40.824,-40.824,-40.824,-38.867,,-37.341,-37.341,,-38.867,-38.867,-38.867
05-01-2026-Fri 13-59-40-PM,-38.9,-38.9,-37.341,-37.341,-37.341,-40.857,-40.857,-40.857,-38.9,,-37.341,-37.341,,-38.9,-38.9,-38.9
05-01-2026-Fri 13-59-42-PM,-38.9,-38.9,-37.374,-37.374,-37.374,-40.824,-40.824,-40.824,-38.9,,-37.374,-37.374,,-38.9,-38.9,-38.9
05-01-2026-Fri 13-59-43-PM,-38.934,-38.934,-37.407,-37.407,-37.407,-40.791,-40.791,-40.791,-38.934,,-37.407,-37.407,,-38.934,-38.934,-38.934
05-01-2026-Fri 13-59-44-PM,-38.934,-38.934,-37.407,-37.407,-37.407,-40.89,-40.89,-40.89,-38.934,,-37.407,-37.407,,-38.934,-38.934,-38.934
05-01-2026-Fri 13-59-46-PM,-38.934,-38.934,-37.407,-37.407,-37.407,-40.89,-40.89,-40.89,-38.934,,-37.407,-37.407,,-38.934,-38.934,-38.934
05-01-2026-Fri 13-59-47-PM,-38.934,-38.934,-37.407,-37.407,-37.407,-40.923,-40.923,-40.923,-38.934,,-37.407,-37.407,,-38.934,-38.934,-38.934
05-01-2026-Fri 13-59-49-PM,-38.967,-38.967,-37.407,-37.407,-37.407,-40.857,-40.857,-40.857,-38.967,,-37.407,-37.407,,-38.967,-38.967,-38.967
05-01-2026-Fri 13-59-50-PM,-39.0,-39.0,-37.441,-37.441,-37.441,-40.857,-40.857,-40.857,-39.0,,-37.441,-37.441,,-39.0,-39.0,-39.0
05-01-2026-Fri 13-59-51-PM,-39.0,-39.0,-37.474,-37.474,-37.474,-40.923,-40.923,-40.923,-39.0,,-37.474,-37.474,,-39.0,-39.0,-39.0
05-01-2026-Fri 13-59-53-PM,-39.033,-39.033,-37.441,-37.441,-37.441,-40.956,-40.956,-40.956,-39.033,,-37.441,-37.441,,-39.033,-39.033,-39.033
05-01-2026-Fri 13-59-54-PM,-39.0,-39.0,-37.474,-37.474,-37.474,-40.956,-40.956,-40.956,-39.0,,-37.474,-37.474,,-39.0,-39.0,-39.0
05-01-2026-Fri 13-59-56-PM,-39.033,-39.033,-37.507,-37.507,-37.507,-40.956,-40.956,-40.956,-39.033,,-37.507,-37.507,,-39.033,-39.033,-39.033
05-01-2026-Fri 13-59-57-PM,-39.066,-39.066,-37.507,-37.507,-37.507,-40.956,-40.956,-40.956,-39.066,,-37.507,-37.507,,-39.066,-39.066,-39.066
05-01-2026-Fri 13-59-58-PM,-39.066,-39.066,-37.507,-37.507,-37.507,-40.956,-40.956,-40.956,-39.066,,-37.507,-37.507,,-39.066,-39.066,-39.066
05-01-2026-Fri 14-00-00-PM,-39.1,-39.1,-37.54,-37.54,-37.54,-40.956,-40.956,-40.956,-39.1,,-37.54,-37.54,,-39.1,-39.1,-39.1
05-01-2026-Fri 14-00-03-PM,-39.1,-39.1,-37.54,-37.54,-37.54,-40.956,-40.956,-40.956,-39.1,,-37.54,-37.54,,-39.1,-39.1,-39.1
05-01-2026-Fri 14-00-05-PM,-39.1,-39.1,-37.573,-37.573,-37.573,-41.023,-41.023,-41.023,-39.1,,-37.573,-37.573,,-39.1,-39.1,-39.1
05-01-2026-Fri 14-00-08-PM,-39.166,-39.166,-37.607,-37.607,-37.607,-41.023,-41.023,-41.023,-39.166,,-37.607,-37.607,,-39.166,-39.166,-39.166
05-01-2026-Fri 14-00-11-PM,-39.199,-39.199,-37.64,-37.64,-37.64,-41.089,-41.089,-41.089,-39.199,,-37.64,-37.64,,-39.199,-39.199,-39.199
05-01-2026-Fri 14-00-14-PM,-39.232,-39.232,-37.64,-37.64,-37.64,-41.056,-41.056,-41.056,-39.232,,-37.64,-37.64,,-39.232,-39.232,-39.232
05-01-2026-Fri 14-00-16-PM,-39.232,-39.232,-37.706,-37.706,-37.706,-41.122,-41.122,-41.122,-39.232,,-37.706,-37.706,,-39.232,-39.232,-39.232
05-01-2026-Fri 14-00-18-PM,-39.232,-39.232,-37.706,-37.706,-37.706,-41.089,-41.089,-41.089,-39.232,,-37.706,-37.706,,-39.232,-39.232,-39.232
05-01-2026-Fri 14-00-20-PM,-39.265,-39.265,-37.739,-37.739,-37.739,-41.056,-41.056,-41.056,-39.265,,-37.739,-37.739,,-39.265,-39.265,-39.265
05-01-2026-Fri 14-00-22-PM,-39.265,-39.265,-37.739,-37.739,-37.739,-41.155,-41.155,-41.155,-39.265,,-37.739,-37.739,,-39.265,-39.265,-39.265
05-01-2026-Fri 14-00-24-PM,-39.299,-39.299,-37.739,-37.739,-37.739,-41.155,-41.155,-41.155,-39.299,,-37.739,-37.739,,-39.299,-39.299,-39.299
05-01-2026-Fri 14-00-26-PM,-39.332,-39.332,-37.772,-37.772,-37.772,-41.155,-41.155,-41.155,-39.332,,-37.772,-37.772,,-39.332,-39.332,-39.332
05-01-2026-Fri 14-00-27-PM,-39.332,-39.332,-37.806,-37.806,-37.806,-41.188,-41.188,-41.188,-39.332,,-37.806,-37.806,,-39.332,-39.332,-39.332
05-01-2026-Fri 14-00-28-PM,-39.365,-39.365,-37.772,-37.772,-37.772,-41.188,-41.188,-41.188,-39.365,,-37.772,-37.772,,-39.365,-39.365,-39.365
05-01-2026-Fri 14-00-30-PM,-39.365,-39.365,-37.806,-37.806,-37.806,-41.188,-41.188,-41.188,-39.365,,-37.806,-37.806,,-39.365,-39.365,-39.365
05-01-2026-Fri 14-00-31-PM,-39.398,-39.398,-37.806,-37.806,-37.806,-41.221,-41.221,-41.221,-39.398,,-37.806,-37.806,,-39.398,-39.398,-39.398
05-01-2026-Fri 14-00-32-PM,-39.398,-39.398,-37.806,-37.806,-37.806,-41.221,-41.221,-41.221,-39.398,,-37.806,-37.806,,-39.398,-39.398,-39.398
05-01-2026-Fri 14-00-34-PM,-39.398,-39.398,-37.806,-37.806,-37.806,-41.255,-41.255,-41.255,-39.398,,-37.806,-37.806,,-39.398,-39.398,-39.398
05-01-2026-Fri 14-00-35-PM,-39.431,-39.431,-37.839,-37.839,-37.839,-41.221,-41.221,-41.221,-39.431,,-37.839,-37.839,,-39.431,-39.431,-39.431
05-01-2026-Fri 14-00-37-PM,-39.431,-39.431,-37.839,-37.839,-37.839,-41.255,-41.255,-41.255,-39.431,,-37.839,-37.839,,-39.431,-39.431,-39.431
05-01-2026-Fri 14-00-38-PM,-39.464,-39.464,-37.872,-37.872,-37.872,-41.288,-41.288,-41.288,-39.464,,-37.872,-37.872,,-39.464,-39.464,-39.464
05-01-2026-Fri 14-00-39-PM,-39.431,-39.431,-37.872,-37.872,-37.872,-41.255,-41.255,-41.255,-39.431,,-37.872,-37.872,,-39.431,-39.431,-39.431
05-01-2026-Fri 14-00-41-PM,-39.498,-39.498,-37.938,-37.938,-37.938,-41.288,-41.288,-41.288,-39.498,,-37.938,-37.938,,-39.498,-39.498,-39.498
05-01-2026-Fri 14-00-42-PM,-39.498,-39.498,-37.938,-37.938,-37.938,-41.255,-41.255,-41.255,-39.498,,-37.938,-37.938,,-39.498,-39.498,-39.498
05-01-2026-Fri 14-00-44-PM,-39.498,-39.498,-37.938,-37.938,-37.938,-41.288,-41.288,-41.288,-39.498,,-37.938,-37.938,,-39.498,-39.498,-39.498
05-01-2026-Fri 14-00-45-PM,-39.498,-39.498,-37.905,-37.905,-37.905,-41.288,-41.288,-41.288,-39.498,,-37.905,-37.905,,-39.498,-39.498,-39.498
05-01-2026-Fri 14-00-46-PM,-39.498,-39.498,-37.972,-37.972,-37.972,-41.321,-41.321,-41.321,-39.498,,-37.972,-37.972,,-39.498,-39.498,-39.498
05-01-2026-Fri 14-00-48-PM,-39.531,-39.531,-37.972,-37.972,-37.972,-41.354,-41.354,-41.354,-39.531,,-37.972,-37.972,,-39.531,-39.531,-39.531
05-01-2026-Fri 14-00-49-PM,-39.531,-39.531,-37.972,-37.972,-37.972,-41.354,-41.354,-41.354,-39.531,,-37.972,-37.972,,-39.531,-39.531,-39.531
05-01-2026-Fri 14-00-51-PM,-39.564,-39.564,-38.005,-38.005,-38.005,-41.354,-41.354,-41.354,-39.564,,-38.005,-38.005,,-39.564,-39.564,-39.564
05-01-2026-Fri 14-00-52-PM,-39.564,-39.564,-38.005,-38.005,-38.005,-41.321,-41.321,-41.321,-39.564,,-38.005,-38.005,,-39.564,-39.564,-39.564
05-01-2026-Fri 14-00-54-PM,-39.597,-39.597,-38.005,-38.005,-38.005,-41.354,-41.354,-41.354,-39.597,,-38.005,-38.005,,-39.597,-39.597,-39.597
05-01-2026-Fri 14-00-55-PM,-39.597,-39.597,-38.005,-38.005,-38.005,-41.354,-41.354,-41.354,-39.597,,-38.005,-38.005,,-39.597,-39.597,-39.597
05-01-2026-Fri 14-00-56-PM,-39.597,-39.597,-38.038,-38.038,-38.038,-41.354,-41.354,-41.354,-39.597,,-38.038,-38.038,,-39.597,-39.597,-39.597
05-01-2026-Fri 14-00-58-PM,-39.597,-39.597,-38.071,-38.071,-38.071,-41.387,-41.387,-41.387,-39.597,,-38.071,-38.071,,-39.597,-39.597,-39.597
05-01-2026-Fri 14-00-59-PM,-39.63,-39.63,-38.071,-38.071,-38.071,-41.354,-41.354,-41.354,-39.63,,-38.071,-38.071,,-39.63,-39.63,-39.63
05-01-2026-Fri 14-01-01-PM,-39.63,-39.63,-38.071,-38.071,-38.071,-41.387,-41.387,-41.387,-39.63,,-38.071,-38.071,,-39.63,-39.63,-39.63
05-01-2026-Fri 14-01-02-PM,-39.663,-39.663,-38.071,-38.071,-38.071,-41.42,-41.42,-41.42,-39.663,,-38.071,-38.071,,-39.663,-39.663,-39.663
05-01-2026-Fri 14-01-03-PM,-39.696,-39.696,-38.071,-38.071,-38.071,-41.42,-41.42,-41.42,-39.696,,-38.071,-38.071,,-39.696,-39.696,-39.696
05-01-2026-Fri 14-01-05-PM,-39.663,-39.663,-38.104,-38.104,-38.104,-41.42,-41.42,-41.42,-39.663,,-38.104,-38.104,,-39.663,-39.663,-39.663
05-01-2026-Fri 14-01-06-PM,-39.696,-39.696,-38.104,-38.104,-38.104,-41.487,-41.487,-41.487,-39.696,,-38.104,-38.104,,-39.696,-39.696,-39.696
05-01-2026-Fri 14-01-08-PM,-39.696,-39.696,-38.138,-38.138,-38.138,-41.454,-41.454,-41.454,-39.696,,-38.138,-38.138,,-39.696,-39.696,-39.696
05-01-2026-Fri 14-01-09-PM,-39.73,-39.73,-38.171,-38.171,-38.171,-41.487,-41.487,-41.487,-39.73,,-38.171,-38.171,,-39.73,-39.73,-39.73
05-01-2026-Fri 14-01-10-PM,-39.73,-39.73,-38.171,-38.171,-38.171,-41.487,-41.487,-41.487,-39.73,,-38.171,-38.171,,-39.73,-39.73,-39.73
05-01-2026-Fri 14-01-12-PM,-39.73,-39.73,-38.171,-38.171,-38.171,-41.487,-41.487,-41.487,-39.73,,-38.171,-38.171,,-39.73,-39.73,-39.73
05-01-2026-Fri 14-01-13-PM,-39.73,-39.73,-38.171,-38.171,-38.171,-41.454,-41.454,-41.454,-39.73,,-38.171,-38.171,,-39.73,-39.73,-39.73
05-01-2026-Fri 14-01-15-PM,-39.763,-39.763,-38.204,-38.204,-38.204,-41.487,-41.487,-41.487,-39.763,,-38.204,-38.204,,-39.763,-39.763,-39.763
05-01-2026-Fri 14-01-16-PM,-39.796,-39.796,-38.237,-38.237,-38.237,-41.487,-41.487,-41.487,-39.796,,-38.237,-38.237,,-39.796,-39.796,-39.796
05-01-2026-Fri 14-01-17-PM,-39.796,-39.796,-38.204,-38.204,-38.204,-41.487,-41.487,-41.487,-39.796,,-38.204,-38.204,,-39.796,-39.796,-39.796
05-01-2026-Fri 14-01-19-PM,-39.796,-39.796,-38.237,-38.237,-38.237,-41.487,-41.487,-41.487,-39.796,,-38.237,-38.237,,-39.796,-39.796,-39.796
05-01-2026-Fri 14-01-20-PM,-39.796,-39.796,-38.237,-38.237,-38.237,-41.553,-41.553,-41.553,-39.796,,-38.237,-38.237,,-39.796,-39.796,-39.796
05-01-2026-Fri 14-01-21-PM,-39.829,-39.829,-38.27,-38.27,-38.27,-41.52,-41.52,-41.52,-39.829,,-38.27,-38.27,,-39.829,-39.829,-39.829
05-01-2026-Fri 14-01-23-PM,-39.829,-39.829,-38.237,-38.237,-38.237,-41.52,-41.52,-41.52,-39.829,,-38.237,-38.237,,-39.829,-39.829,-39.829
05-01-2026-Fri 14-01-24-PM,-39.829,-39.829,-38.27,-38.27,-38.27,-41.586,-41.586,-41.586,-39.829,,-38.27,-38.27,,-39.829,-39.829,-39.829
05-01-2026-Fri 14-01-26-PM,-39.862,-39.862,-38.303,-38.303,-38.303,-41.586,-41.586,-41.586,-39.862,,-38.303,-38.303,,-39.862,-39.862,-39.862
05-01-2026-Fri 14-01-27-PM,-39.862,-39.862,-38.303,-38.303,-38.303,-41.586,-41.586,-41.586,-39.862,,-38.303,-38.303,,-39.862,-39.862,-39.862
05-01-2026-Fri 14-01-28-PM,-39.862,-39.862,-38.303,-38.303,-38.303,-41.619,-41.619,-41.619,-39.862,,-38.303,-38.303,,-39.862,-39.862,-39.862
05-01-2026-Fri 14-01-30-PM,-39.895,-39.895,-38.303,-38.303,-38.303,-41.586,-41.586,-41.586,-39.895,,-38.303,-38.303,,-39.895,-39.895,-39.895
05-01-2026-Fri 14-01-31-PM,-39.929,-39.929,-38.303,-38.303,-38.303,-41.586,-41.586,-41.586,-39.929,,-38.303,-38.303,,-39.929,-39.929,-39.929
05-01-2026-Fri 14-01-32-PM,-39.895,-39.895,-38.37,-38.37,-38.37,-41.619,-41.619,-41.619,-39.895,,-38.37,-38.37,,-39.895,-39.895,-39.895
05-01-2026-Fri 14-01-34-PM,-39.929,-39.929,-38.337,-38.337,-38.337,-41.586,-41.586,-41.586,-39.929,,-38.337,-38.337,,-39.929,-39.929,-39.929
05-01-2026-Fri 14-01-35-PM,-39.929,-39.929,-38.403,-38.403,-38.403,-41.652,-41.652,-41.652,-39.929,,-38.403,-38.403,,-39.929,-39.929,-39.929
05-01-2026-Fri 14-01-37-PM,-39.929,-39.929,-38.37,-38.37,-38.37,-41.586,-41.586,-41.586,-39.929,,-38.37,-38.37,,-39.929,-39.929,-39.929
05-01-2026-Fri 14-01-38-PM,-39.995,-39.995,-38.37,-38.37,-38.37,-41.686,-41.686,-41.686,-39.995,,-38.37,-38.37,,-39.995,-39.995,-39.995
05-01-2026-Fri 14-01-39-PM,-39.995,-39.995,-38.403,-38.403,-38.403,-41.619,-41.619,-41.619,-39.995,,-38.403,-38.403,,-39.995,-39.995,-39.995
05-01-2026-Fri 14-01-41-PM,-39.995,-39.995,-38.436,-38.436,-38.436,-41.652,-41.652,-41.652,-39.995,,-38.436,-38.436,,-39.995,-39.995,-39.995
05-01-2026-Fri 14-01-42-PM,-39.995,-39.995,-38.436,-38.436,-38.436,-41.652,-41.652,-41.652,-39.995,,-38.436,-38.436,,-39.995,-39.995,-39.995
05-01-2026-Fri 14-01-44-PM,-39.995,-39.995,-38.436,-38.436,-38.436,-41.686,-41.686,-41.686,-39.995,,-38.436,-38.436,,-39.995,-39.995,-39.995
05-01-2026-Fri 14-01-45-PM,-40.028,-40.028,-38.436,-38.436,-38.436,-41.719,-41.719,-41.719,-40.028,,-38.436,-38.436,,-40.028,-40.028,-40.028
05-01-2026-Fri 14-01-46-PM,-40.028,-40.028,-38.436,-38.436,-38.436,-41.686,-41.686,-41.686,-40.028,,-38.436,-38.436,,-40.028,-40.028,-40.028
05-01-2026-Fri 14-01-48-PM,-40.061,-40.061,-38.436,-38.436,-38.436,-41.719,-41.719,-41.719,-40.061,,-38.436,-38.436,,-40.061,-40.061,-40.061
05-01-2026-Fri 14-01-49-PM,-40.061,-40.061,-38.502,-38.502,-38.502,-41.719,-41.719,-41.719,-40.061,,-38.502,-38.502,,-40.061,-40.061,-40.061
05-01-2026-Fri 14-01-50-PM,-40.061,-40.061,-38.469,-38.469,-38.469,-41.652,-41.652,-41.652,-40.061,,-38.469,-38.469,,-40.061,-40.061,-40.061
05-01-2026-Fri 14-01-52-PM,-40.061,-40.061,-38.502,-38.502,-38.502,-41.719,-41.719,-41.719,-40.061,,-38.502,-38.502,,-40.061,-40.061,-40.061
05-01-2026-Fri 14-01-53-PM,-40.094,-40.094,-38.502,-38.502,-38.502,-41.752,-41.752,-41.752,-40.094,,-38.502,-38.502,,-40.094,-40.094,-40.094
05-01-2026-Fri 14-01-55-PM,-40.128,-40.128,-38.502,-38.502,-38.502,-41.752,-41.752,-41.752,-40.128,,-38.502,-38.502,,-40.128,-40.128,-40.128
05-01-2026-Fri 14-01-56-PM,-40.128,-40.128,-38.502,-38.502,-38.502,-41.719,-41.719,-41.719,-40.128,,-38.502,-38.502,,-40.128,-40.128,-40.128
05-01-2026-Fri 14-01-57-PM,-40.094,-40.094,-38.569,-38.569,-38.569,-41.719,-41.719,-41.719,-40.094,,-38.569,-38.569,,-40.094,-40.094,-40.094
05-01-2026-Fri 14-01-59-PM,-40.161,-40.161,-38.569,-38.569,-38.569,-41.752,-41.752,-41.752,-40.161,,-38.569,-38.569,,-40.161,-40.161,-40.161
05-01-2026-Fri 14-02-01-PM,-40.161,-40.161,-38.569,-38.569,-38.569,-41.785,-41.785,-41.785,-40.161,,-38.569,-38.569,,-40.161,-40.161,-40.161
05-01-2026-Fri 14-02-02-PM,-40.194,-40.194,-38.569,-38.569,-38.569,-41.752,-41.752,-41.752,-40.194,,-38.569,-38.569,,-40.194,-40.194,-40.194
05-01-2026-Fri 14-02-03-PM,-40.161,-40.161,-38.602,-38.602,-38.602,-41.752,-41.752,-41.752,-40.161,,-38.602,-38.602,,-40.161,-40.161,-40.161
05-01-2026-Fri 14-02-05-PM,-40.161,-40.161,-38.602,-38.602,-38.602,-41.818,-41.818,-41.818,-40.161,,-38.602,-38.602,,-40.161,-40.161,-40.161
05-01-2026-Fri 14-02-06-PM,-40.194,-40.194,-38.602,-38.602,-38.602,-41.785,-41.785,-41.785,-40.194,,-38.602,-38.602,,-40.194,-40.194,-40.194
05-01-2026-Fri 14-02-08-PM,-40.194,-40.194,-38.602,-38.602,-38.602,-41.818,-41.818,-41.818,-40.194,,-38.602,-38.602,,-40.194,-40.194,-40.194
05-01-2026-Fri 14-02-09-PM,-40.194,-40.194,-38.635,-38.635,-38.635,-41.818,-41.818,-41.818,-40.194,,-38.635,-38.635,,-40.194,-40.194,-40.194
05-01-2026-Fri 14-02-10-PM,-40.227,-40.227,-38.635,-38.635,-38.635,-41.818,-41.818,-41.818,-40.227,,-38.635,-38.635,,-40.227,-40.227,-40.227
05-01-2026-Fri 14-02-12-PM,-40.227,-40.227,-38.635,-38.635,-38.635,-41.851,-41.851,-41.851,-40.227,,-38.635,-38.635,,-40.227,-40.227,-40.227
05-01-2026-Fri 14-02-13-PM,-40.227,-40.227,-38.668,-38.668,-38.668,-41.785,-41.785,-41.785,-40.227,,-38.668,-38.668,,-40.227,-40.227,-40.227
05-01-2026-Fri 14-02-14-PM,-40.227,-40.227,-38.668,-38.668,-38.668,-41.851,-41.851,-41.851,-40.227,,-38.668,-38.668,,-40.227,-40.227,-40.227
05-01-2026-Fri 14-02-16-PM,-40.26,-40.26,-38.702,-38.702,-38.702,-41.851,-41.851,-41.851,-40.26,,-38.702,-38.702,,-40.26,-40.26,-40.26
05-01-2026-Fri 14-02-17-PM,-40.293,-40.293,-38.702,-38.702,-38.702,-41.884,-41.884,-41.884,-40.293,,-38.702,-38.702,,-40.293,-40.293,-40.293
05-01-2026-Fri 14-02-19-PM,-40.293,-40.293,-38.702,-38.702,-38.702,-41.851,-41.851,-41.851,-40.293,,-38.702,-38.702,,-40.293,-40.293,-40.293
05-01-2026-Fri 14-02-20-PM,-40.26,-40.26,-38.702,-38.702,-38.702,-41.851,-41.851,-41.851,-40.26,,-38.702,-38.702,,-40.26,-40.26,-40.26
05-01-2026-Fri 14-02-21-PM,-40.293,-40.293,-38.735,-38.735,-38.735,-41.851,-41.851,-41.851,-40.293,,-38.735,-38.735,,-40.293,-40.293,-40.293
05-01-2026-Fri 14-02-23-PM,-40.326,-40.326,-38.735,-38.735,-38.735,-41.917,-41.917,-41.917,-40.326,,-38.735,-38.735,,-40.326,-40.326,-40.326
05-01-2026-Fri 14-02-24-PM,-40.326,-40.326,-38.735,-38.735,-38.735,-41.917,-41.917,-41.917,-40.326,,-38.735,-38.735,,-40.326,-40.326,-40.326
05-01-2026-Fri 14-02-26-PM,-40.36,-40.36,-38.735,-38.735,-38.735,-41.917,-41.917,-41.917,-40.36,,-38.735,-38.735,,-40.36,-40.36,-40.36
05-01-2026-Fri 14-02-27-PM,-40.36,-40.36,-38.768,-38.768,-38.768,-41.884,-41.884,-41.884,-40.36,,-38.768,-38.768,,-40.36,-40.36,-40.36
05-01-2026-Fri 14-02-29-PM,-40.36,-40.36,-38.801,-38.801,-38.801,-41.917,-41.917,-41.917,-40.36,,-38.801,-38.801,,-40.36,-40.36,-40.36
05-01-2026-Fri 14-02-30-PM,-40.36,-40.36,-38.801,-38.801,-38.801,-41.917,-41.917,-41.917,-40.36,,-38.801,-38.801,,-40.36,-40.36,-40.36
05-01-2026-Fri 14-02-32-PM,-40.393,-40.393,-38.834,-38.834,-38.834,-41.917,-41.917,-41.917,-40.393,,-38.834,-38.834,,-40.393,-40.393,-40.393
05-01-2026-Fri 14-02-33-PM,-40.393,-40.393,-38.834,-38.834,-38.834,-41.917,-41.917,-41.917,-40.393,,-38.834,-38.834,,-40.393,-40.393,-40.393
05-01-2026-Fri 14-02-34-PM,-40.393,-40.393,-38.834,-38.834,-38.834,-41.917,-41.917,-41.917,-40.393,,-38.834,-38.834,,-40.393,-40.393,-40.393
05-01-2026-Fri 14-02-36-PM,-40.393,-40.393,-38.834,-38.834,-38.834,-41.951,-41.951,-41.951,-40.393,,-38.834,-38.834,,-40.393,-40.393,-40.393
05-01-2026-Fri 14-02-37-PM,-40.426,-40.426,-38.867,-38.867,-38.867,-41.984,-41.984,-41.984,-40.426,,-38.867,-38.867,,-40.426,-40.426,-40.426
05-01-2026-Fri 14-02-39-PM,-40.426,-40.426,-38.867,-38.867,-38.867,-41.951,-41.951,-41.951,-40.426,,-38.867,-38.867,,-40.426,-40.426,-40.426
05-01-2026-Fri 14-02-40-PM,-40.459,-40.459,-38.867,-38.867,-38.867,-41.951,-41.951,-41.951,-40.459,,-38.867,-38.867,,-40.459,-40.459,-40.459
05-01-2026-Fri 14-02-41-PM,-40.459,-40.459,-38.9,-38.9,-38.9,-41.984,-41.984,-41.984,-40.459,,-38.9,-38.9,,-40.459,-40.459,-40.459
05-01-2026-Fri 14-02-43-PM,-40.459,-40.459,-38.9,-38.9,-38.9,-41.984,-41.984,-41.984,-40.459,,-38.9,-38.9,,-40.459,-40.459,-40.459
05-01-2026-Fri 14-02-44-PM,-40.492,-40.492,-38.934,-38.934,-38.934,-42.017,-42.017,-42.017,-40.492,,-38.934,-38.934,,-40.492,-40.492,-40.492
05-01-2026-Fri 14-02-46-PM,-40.459,-40.459,-38.867,-38.867,-38.867,-42.05,-42.05,-42.05,-40.459,,-38.867,-38.867,,-40.459,-40.459,-40.459
05-01-2026-Fri 14-02-47-PM,-40.492,-40.492,-38.934,-38.934,-38.934,-41.984,-41.984,-41.984,-40.492,,-38.934,-38.934,,-40.492,-40.492,-40.492
05-01-2026-Fri 14-02-48-PM,-40.492,-40.492,-38.9,-38.9,-38.9,-42.017,-42.017,-42.017,-40.492,,-38.9,-38.9,,-40.492,-40.492,-40.492
05-01-2026-Fri 14-02-50-PM,-40.492,-40.492,-38.934,-38.934,-38.934,-42.017,-42.017,-42.017,-40.492,,-38.934,-38.934,,-40.492,-40.492,-40.492
05-01-2026-Fri 14-02-53-PM,-40.525,-40.525,-38.967,-38.967,-38.967,-41.984,-41.984,-41.984,-40.525,,-38.967,-38.967,,-40.525,-40.525,-40.525
05-01-2026-Fri 14-02-56-PM,-40.558,-40.558,-39.0,-39.0,-39.0,-42.017,-42.017,-42.017,-40.558,,-39.0,-39.0,,-40.558,-40.558,-40.558
05-01-2026-Fri 14-02-57-PM,-40.558,-40.558,-39.0,-39.0,-39.0,-42.083,-42.083,-42.083,-40.558,,-39.0,-39.0,,-40.558,-40.558,-40.558
05-01-2026-Fri 14-02-58-PM,-40.558,-40.558,-39.0,-39.0,-39.0,-42.05,-42.05,-42.05,-40.558,,-39.0,-39.0,,-40.558,-40.558,-40.558
05-01-2026-Fri 14-03-00-PM,-40.592,-40.592,-39.033,-39.033,-39.033,-42.05,-42.05,-42.05,-40.592,,-39.033,-39.033,,-40.592,-40.592,-40.592
05-01-2026-Fri 14-03-01-PM,-40.592,-40.592,-39.033,-39.033,-39.033,-42.083,-42.083,-42.083,-40.592,,-39.033,-39.033,,-40.592,-40.592,-40.592
05-01-2026-Fri 14-03-03-PM,-40.625,-40.625,-39.033,-39.033,-39.033,-42.05,-42.05,-42.05,-40.625,,-39.033,-39.033,,-40.625,-40.625,-40.625
05-01-2026-Fri 14-03-04-PM,-40.625,-40.625,-39.033,-39.033,-39.033,-42.083,-42.083,-42.083,-40.625,,-39.033,-39.033,,-40.625,-40.625,-40.625
05-01-2026-Fri 14-03-05-PM,-40.658,-40.658,-39.066,-39.066,-39.066,-42.083,-42.083,-42.083,-40.658,,-39.066,-39.066,,-40.658,-40.658,-40.658
05-01-2026-Fri 14-03-07-PM,-40.625,-40.625,-39.066,-39.066,-39.066,-42.116,-42.116,-42.116,-40.625,,-39.066,-39.066,,-40.625,-40.625,-40.625
05-01-2026-Fri 14-03-08-PM,-40.658,-40.658,-39.066,-39.066,-39.066,-42.116,-42.116,-42.116,-40.658,,-39.066,-39.066,,-40.658,-40.658,-40.658
05-01-2026-Fri 14-03-09-PM,-40.658,-40.658,-39.066,-39.066,-39.066,-42.116,-42.116,-42.116,-40.658,,-39.066,-39.066,,-40.658,-40.658,-40.658
05-01-2026-Fri 14-03-11-PM,-40.691,-40.691,-39.1,-39.1,-39.1,-42.149,-42.149,-42.149,-40.691,,-39.1,-39.1,,-40.691,-40.691,-40.691
05-01-2026-Fri 14-03-12-PM,-40.691,-40.691,-39.1,-39.1,-39.1,-42.149,-42.149,-42.149,-40.691,,-39.1,-39.1,,-40.691,-40.691,-40.691
05-01-2026-Fri 14-03-13-PM,-40.691,-40.691,-39.133,-39.133,-39.133,-42.149,-42.149,-42.149,-40.691,,-39.133,-39.133,,-40.691,-40.691,-40.691
05-01-2026-Fri 14-03-15-PM,-40.691,-40.691,-39.133,-39.133,-39.133,-42.149,-42.149,-42.149,-40.691,,-39.133,-39.133,,-40.691,-40.691,-40.691
05-01-2026-Fri 14-03-16-PM,-40.691,-40.691,-39.133,-39.133,-39.133,-42.149,-42.149,-42.149,-40.691,,-39.133,-39.133,,-40.691,-40.691,-40.691
05-01-2026-Fri 14-03-18-PM,-40.724,-40.724,-39.133,-39.133,-39.133,-42.182,-42.182,-42.182,-40.724,,-39.133,-39.133,,-40.724,-40.724,-40.724
05-01-2026-Fri 14-03-19-PM,-40.724,-40.724,-39.133,-39.133,-39.133,-42.182,-42.182,-42.182,-40.724,,-39.133,-39.133,,-40.724,-40.724,-40.724
05-01-2026-Fri 14-03-20-PM,-40.758,-40.758,-39.166,-39.166,-39.166,-42.149,-42.149,-42.149,-40.758,,-39.166,-39.166,,-40.758,-40.758,-40.758
05-01-2026-Fri 14-03-22-PM,-40.758,-40.758,-39.166,-39.166,-39.166,-42.149,-42.149,-42.149,-40.758,,-39.166,-39.166,,-40.758,-40.758,-40.758
05-01-2026-Fri 14-03-23-PM,-40.758,-40.758,-39.166,-39.166,-39.166,-42.182,-42.182,-42.182,-40.758,,-39.166,-39.166,,-40.758,-40.758,-40.758
05-01-2026-Fri 14-03-25-PM,-40.758,-40.758,-39.199,-39.199,-39.199,-42.216,-42.216,-42.216,-40.758,,-39.199,-39.199,,-40.758,-40.758,-40.758
05-01-2026-Fri 14-03-26-PM,-40.791,-40.791,-39.199,-39.199,-39.199,-42.216,-42.216,-42.216,-40.791,,-39.199,-39.199,,-40.791,-40.791,-40.791
05-01-2026-Fri 14-03-27-PM,-40.791,-40.791,-39.199,-39.199,-39.199,-42.216,-42.216,-42.216,-40.791,,-39.199,-39.199,,-40.791,-40.791,-40.791
05-01-2026-Fri 14-03-29-PM,-40.791,-40.791,-39.232,-39.232,-39.232,-42.249,-42.249,-42.249,-40.791,,-39.232,-39.232,,-40.791,-40.791,-40.791
05-01-2026-Fri 14-03-30-PM,-40.791,-40.791,-39.232,-39.232,-39.232,-42.249,-42.249,-42.249,-40.791,,-39.232,-39.232,,-40.791,-40.791,-40.791
05-01-2026-Fri 14-03-32-PM,-40.824,-40.824,-39.232,-39.232,-39.232,-42.216,-42.216,-42.216,-40.824,,-39.232,-39.232,,-40.824,-40.824,-40.824
05-01-2026-Fri 14-03-33-PM,-40.824,-40.824,-39.232,-39.232,-39.232,-42.249,-42.249,-42.249,-40.824,,-39.232,-39.232,,-40.824,-40.824,-40.824
05-01-2026-Fri 14-03-34-PM,-40.824,-40.824,-39.232,-39.232,-39.232,-42.249,-42.249,-42.249,-40.824,,-39.232,-39.232,,-40.824,-40.824,-40.824
05-01-2026-Fri 14-03-36-PM,-40.857,-40.857,-39.265,-39.265,-39.265,-42.216,-42.216,-42.216,-40.857,,-39.265,-39.265,,-40.857,-40.857,-40.857
05-01-2026-Fri 14-03-37-PM,-40.857,-40.857,-39.265,-39.265,-39.265,-42.216,-42.216,-42.216,-40.857,,-39.265,-39.265,,-40.857,-40.857,-40.857
05-01-2026-Fri 14-03-39-PM,-40.857,-40.857,-39.265,-39.265,-39.265,-42.282,-42.282,-42.282,-40.857,,-39.265,-39.265,,-40.857,-40.857,-40.857
05-01-2026-Fri 14-03-40-PM,-40.857,-40.857,-39.299,-39.299,-39.299,-42.249,-42.249,-42.249,-40.857,,-39.299,-39.299,,-40.857,-40.857,-40.857
05-01-2026-Fri 14-03-41-PM,-40.857,-40.857,-39.299,-39.299,-39.299,-42.249,-42.249,-42.249,-40.857,,-39.299,-39.299,,-40.857,-40.857,-40.857
05-01-2026-Fri 14-03-43-PM,-40.89,-40.89,-39.299,-39.299,-39.299,-42.282,-42.282,-42.282,-40.89,,-39.299,-39.299,,-40.89,-40.89,-40.89
05-01-2026-Fri 14-03-44-PM,-40.923,-40.923,-39.332,-39.332,-39.332,-42.282,-42.282,-42.282,-40.923,,-39.332,-39.332,,-40.923,-40.923,-40.923
05-01-2026-Fri 14-03-46-PM,-40.89,-40.89,-39.332,-39.332,-39.332,-42.282,-42.282,-42.282,-40.89,,-39.332,-39.332,,-40.89,-40.89,-40.89
05-01-2026-Fri 14-03-47-PM,-40.89,-40.89,-39.332,-39.332,-39.332,-42.249,-42.249,-42.249,-40.89,,-39.332,-39.332,,-40.89,-40.89,-40.89
05-01-2026-Fri 14-03-48-PM,-40.923,-40.923,-39.365,-39.365,-39.365,-42.282,-42.282,-42.282,-40.923,,-39.365,-39.365,,-40.923,-40.923,-40.923
05-01-2026-Fri 14-03-50-PM,-40.956,-40.956,-39.365,-39.365,-39.365,-42.315,-42.315,-42.315,-40.956,,-39.365,-39.365,,-40.956,-40.956,-40.956
05-01-2026-Fri 14-03-51-PM,-40.923,-40.923,-39.365,-39.365,-39.365,-42.282,-42.282,-42.282,-40.923,,-39.365,-39.365,,-40.923,-40.923,-40.923
05-01-2026-Fri 14-03-53-PM,-40.956,-40.956,-39.365,-39.365,-39.365,-42.315,-42.315,-42.315,-40.956,,-39.365,-39.365,,-40.956,-40.956,-40.956
05-01-2026-Fri 14-03-54-PM,-40.956,-40.956,-39.398,-39.398,-39.398,-42.282,-42.282,-42.282,-40.956,,-39.398,-39.398,,-40.956,-40.956,-40.956
05-01-2026-Fri 14-03-57-PM,-40.956,-40.956,-39.431,-39.431,-39.431,-42.315,-42.315,-42.315,-40.956,,-39.431,-39.431,,-40.956,-40.956,-40.956
05-01-2026-Fri 14-04-00-PM,-40.99,-40.99,-39.398,-39.398,-39.398,-42.381,-42.381,-42.381,-40.99,,-39.398,-39.398,,-40.99,-40.99,-40.99
05-01-2026-Fri 14-04-01-PM,-41.023,-41.023,-39.464,-39.464,-39.464,-42.315,-42.315,-42.315,-41.023,,-39.464,-39.464,,-41.023,-41.023,-41.023
05-01-2026-Fri 14-04-03-PM,-41.023,-41.023,-39.431,-39.431,-39.431,-42.381,-42.381,-42.381,-41.023,,-39.431,-39.431,,-41.023,-41.023,-41.023
05-01-2026-Fri 14-04-04-PM,-41.023,-41.023,-39.431,-39.431,-39.431,-42.315,-42.315,-42.315,-41.023,,-39.431,-39.431,,-41.023,-41.023,-41.023
05-01-2026-Fri 14-04-05-PM,-41.023,-41.023,-39.464,-39.464,-39.464,-42.348,-42.348,-42.348,-41.023,,-39.464,-39.464,,-41.023,-41.023,-41.023
05-01-2026-Fri 14-04-07-PM,-41.023,-41.023,-39.464,-39.464,-39.464,-42.348,-42.348,-42.348,-41.023,,-39.464,-39.464,,-41.023,-41.023,-41.023
05-01-2026-Fri 14-04-08-PM,-41.056,-41.056,-39.498,-39.498,-39.498,-42.348,-42.348,-42.348,-41.056,,-39.498,-39.498,,-41.056,-41.056,-41.056
05-01-2026-Fri 14-04-09-PM,-41.056,-41.056,-39.498,-39.498,-39.498,-42.381,-42.381,-42.381,-41.056,,-39.498,-39.498,,-41.056,-41.056,-41.056
05-01-2026-Fri 14-04-11-PM,-41.056,-41.056,-39.498,-39.498,-39.498,-42.348,-42.348,-42.348,-41.056,,-39.498,-39.498,,-41.056,-41.056,-41.056
05-01-2026-Fri 14-04-13-PM,-41.089,-41.089,-39.498,-39.498,-39.498,-42.414,-42.414,-42.414,-41.089,,-39.498,-39.498,,-41.089,-41.089,-41.089
05-01-2026-Fri 14-04-14-PM,-41.089,-41.089,-39.531,-39.531,-39.531,-42.414,-42.414,-42.414,-41.089,,-39.531,-39.531,,-41.089,-41.089,-41.089
05-01-2026-Fri 14-04-15-PM,-41.089,-41.089,-39.531,-39.531,-39.531,-42.448,-42.448,-42.448,-41.089,,-39.531,-39.531,,-41.089,-41.089,-41.089
05-01-2026-Fri 14-04-17-PM,-41.122,-41.122,-39.531,-39.531,-39.531,-42.381,-42.381,-42.381,-41.122,,-39.531,-39.531,,-41.122,-41.122,-41.122
05-01-2026-Fri 14-04-18-PM,-41.089,-41.089,-39.564,-39.564,-39.564,-42.381,-42.381,-42.381,-41.089,,-39.564,-39.564,,-41.089,-41.089,-41.089
05-01-2026-Fri 14-04-20-PM,-41.122,-41.122,-39.564,-39.564,-39.564,-42.414,-42.414,-42.414,-41.122,,-39.564,-39.564,,-41.122,-41.122,-41.122
05-01-2026-Fri 14-04-21-PM,-41.089,-41.089,-39.564,-39.564,-39.564,-42.381,-42.381,-42.381,-41.089,,-39.564,-39.564,,-41.089,-41.089,-41.089
05-01-2026-Fri 14-04-22-PM,-41.155,-41.155,-39.564,-39.564,-39.564,-42.448,-42.448,-42.448,-41.155,,-39.564,-39.564,,-41.155,-41.155,-41.155
05-01-2026-Fri 14-04-24-PM,-41.155,-41.155,-39.597,-39.597,-39.597,-42.448,-42.448,-42.448,-41.155,,-39.597,-39.597,,-41.155,-41.155,-41.155
05-01-2026-Fri 14-04-25-PM,-41.155,-41.155,-39.597,-39.597,-39.597,-42.381,-42.381,-42.381,-41.155,,-39.597,-39.597,,-41.155,-41.155,-41.155
05-01-2026-Fri 14-04-27-PM,-41.155,-41.155,-39.597,-39.597,-39.597,-42.414,-42.414,-42.414,-41.155,,-39.597,-39.597,,-41.155,-41.155,-41.155
05-01-2026-Fri 14-04-30-PM,-41.188,-41.188,-39.63,-39.63,-39.63,-42.448,-42.448,-42.448,-41.188,,-39.63,-39.63,,-41.188,-41.188,-41.188
05-01-2026-Fri 14-04-33-PM,-41.188,-41.188,-39.663,-39.663,-39.663,-42.414,-42.414,-42.414,-41.188,,-39.663,-39.663,,-41.188,-41.188,-41.188
05-01-2026-Fri 14-04-34-PM,-41.188,-41.188,-39.663,-39.663,-39.663,-42.481,-42.481,-42.481,-41.188,,-39.663,-39.663,,-41.188,-41.188,-41.188
05-01-2026-Fri 14-04-35-PM,-41.221,-41.221,-39.63,-39.63,-39.63,-42.481,-42.481,-42.481,-41.221,,-39.63,-39.63,,-41.221,-41.221,-41.221
05-01-2026-Fri 14-04-37-PM,-41.255,-41.255,-39.663,-39.663,-39.663,-42.481,-42.481,-42.481,-41.255,,-39.663,-39.663,,-41.255,-41.255,-41.255
05-01-2026-Fri 14-04-38-PM,-41.221,-41.221,-39.663,-39.663,-39.663,-42.448,-42.448,-42.448,-41.221,,-39.663,-39.663,,-41.221,-41.221,-41.221
05-01-2026-Fri 14-04-39-PM,-41.221,-41.221,-39.663,-39.663,-39.663,-42.481,-42.481,-42.481,-41.221,,-39.663,-39.663,,-41.221,-41.221,-41.221
05-01-2026-Fri 14-04-41-PM,-41.255,-41.255,-39.73,-39.73,-39.73,-42.481,-42.481,-42.481,-41.255,,-39.73,-39.73,,-41.255,-41.255,-41.255
05-01-2026-Fri 14-04-42-PM,-41.221,-41.221,-39.696,-39.696,-39.696,-42.514,-42.514,-42.514,-41.221,,-39.696,-39.696,,-41.221,-41.221,-41.221
05-01-2026-Fri 14-04-43-PM,-41.255,-41.255,-39.763,-39.763,-39.763,-42.481,-42.481,-42.481,-41.255,,-39.763,-39.763,,-41.255,-41.255,-41.255
05-01-2026-Fri 14-04-45-PM,-41.288,-41.288,-39.763,-39.763,-39.763,-42.547,-42.547,-42.547,-41.288,,-39.763,-39.763,,-41.288,-41.288,-41.288
05-01-2026-Fri 14-04-46-PM,-41.321,-41.321,-39.796,-39.796,-39.796,-42.547,-42.547,-42.547,-41.321,,-39.796,-39.796,,-41.321,-41.321,-41.321
05-01-2026-Fri 14-04-47-PM,-41.321,-41.321,-39.829,-39.829,-39.829,-42.547,-42.547,-42.547,-41.321,,-39.829,-39.829,,-41.321,-41.321,-41.321
05-01-2026-Fri 14-04-49-PM,-41.354,-41.354,-39.862,-39.862,-39.862,-42.613,-42.613,-42.613,-41.354,,-39.862,-39.862,,-41.354,-41.354,-41.354
05-01-2026-Fri 14-04-50-PM,-41.354,-41.354,-39.895,-39.895,-39.895,-42.613,-42.613,-42.613,-41.354,,-39.895,-39.895,,-41.354,-41.354,-41.354
05-01-2026-Fri 14-04-52-PM,-41.354,-41.354,-39.929,-39.929,-39.929,-42.646,-42.646,-42.646,-41.354,,-39.929,-39.929,,-41.354,-41.354,-41.354
05-01-2026-Fri 14-04-55-PM,-41.454,-41.454,-39.962,-39.962,-39.962,-42.613,-42.613,-42.613,-41.454,,-39.962,-39.962,,-41.454,-41.454,-41.454
05-01-2026-Fri 14-04-58-PM,-41.52,-41.52,-40.028,-40.028,-40.028,-42.713,-42.713,-42.713,-41.52,,-40.028,-40.028,,-41.52,-41.52,-41.52
05-01-2026-Fri 14-04-59-PM,-41.553,-41.553,-40.094,-40.094,-40.094,-42.713,-42.713,-42.713,-41.553,,-40.094,-40.094,,-41.553,-41.553,-41.553
05-01-2026-Fri 14-05-00-PM,-41.586,-41.586,-40.128,-40.128,-40.128,-42.713,-42.713,-42.713,-41.586,,-40.128,-40.128,,-41.586,-41.586,-41.586
05-01-2026-Fri 14-05-02-PM,-41.619,-41.619,-40.161,-40.161,-40.161,-42.812,-42.812,-42.812,-41.619,,-40.161,-40.161,,-41.619,-41.619,-41.619
05-01-2026-Fri 14-05-03-PM,-41.619,-41.619,-40.161,-40.161,-40.161,-42.779,-42.779,-42.779,-41.619,,-40.161,-40.161,,-41.619,-41.619,-41.619
05-01-2026-Fri 14-05-05-PM,-41.652,-41.652,-40.194,-40.194,-40.194,-42.779,-42.779,-42.779,-41.652,,-40.194,-40.194,,-41.652,-41.652,-41.652
05-01-2026-Fri 14-05-06-PM,-41.686,-41.686,-40.227,-40.227,-40.227,-42.779,-42.779,-42.779,-41.686,,-40.227,-40.227,,-41.686,-41.686,-41.686
05-01-2026-Fri 14-05-07-PM,-41.686,-41.686,-40.227,-40.227,-40.227,-42.845,-42.845,-42.845,-41.686,,-40.227,-40.227,,-41.686,-41.686,-41.686
05-01-2026-Fri 14-05-09-PM,-41.686,-41.686,-40.26,-40.26,-40.26,-42.812,-42.812,-42.812,-41.686,,-40.26,-40.26,,-41.686,-41.686,-41.686
05-01-2026-Fri 14-05-10-PM,-41.752,-41.752,-40.26,-40.26,-40.26,-42.812,-42.812,-42.812,-41.752,,-40.26,-40.26,,-41.752,-41.752,-41.752
05-01-2026-Fri 14-05-11-PM,-41.752,-41.752,-40.26,-40.26,-40.26,-42.845,-42.845,-42.845,-41.752,,-40.26,-40.26,,-41.752,-41.752,-41.752
05-01-2026-Fri 14-05-13-PM,-41.785,-41.785,-40.326,-40.326,-40.326,-42.878,-42.878,-42.878,-41.785,,-40.326,-40.326,,-41.785,-41.785,-41.785
05-01-2026-Fri 14-05-14-PM,-41.785,-41.785,-40.326,-40.326,-40.326,-42.878,-42.878,-42.878,-41.785,,-40.326,-40.326,,-41.785,-41.785,-41.785
05-01-2026-Fri 14-05-16-PM,-41.818,-41.818,-40.326,-40.326,-40.326,-42.878,-42.878,-42.878,-41.818,,-40.326,-40.326,,-41.818,-41.818,-41.818
05-01-2026-Fri 14-05-17-PM,-41.851,-41.851,-40.36,-40.36,-40.36,-42.911,-42.911,-42.911,-41.851,,-40.36,-40.36,,-41.851,-41.851,-41.851
05-01-2026-Fri 14-05-18-PM,-41.818,-41.818,-40.426,-40.426,-40.426,-42.944,-42.944,-42.944,-41.818,,-40.426,-40.426,,-41.818,-41.818,-41.818
05-01-2026-Fri 14-05-20-PM,-41.884,-41.884,-40.426,-40.426,-40.426,-42.978,-42.978,-42.978,-41.884,,-40.426,-40.426,,-41.884,-41.884,-41.884
05-01-2026-Fri 14-05-21-PM,-41.884,-41.884,-40.492,-40.492,-40.492,-42.978,-42.978,-42.978,-41.884,,-40.492,-40.492,,-41.884,-41.884,-41.884
05-01-2026-Fri 14-05-23-PM,-41.917,-41.917,-40.492,-40.492,-40.492,-42.978,-42.978,-42.978,-41.917,,-40.492,-40.492,,-41.917,-41.917,-41.917
05-01-2026-Fri 14-05-24-PM,-41.951,-41.951,-40.525,-40.525,-40.525,-42.944,-42.944,-42.944,-41.951,,-40.525,-40.525,,-41.951,-41.951,-41.951
05-01-2026-Fri 14-05-25-PM,-41.951,-41.951,-40.525,-40.525,-40.525,-43.044,-43.044,-43.044,-41.951,,-40.525,-40.525,,-41.951,-41.951,-41.951
05-01-2026-Fri 14-05-27-PM,-41.951,-41.951,-40.525,-40.525,-40.525,-43.077,-43.077,-43.077,-41.951,,-40.525,-40.525,,-41.951,-41.951,-41.951
05-01-2026-Fri 14-05-28-PM,-41.984,-41.984,-40.558,-40.558,-40.558,-42.978,-42.978,-42.978,-41.984,,-40.558,-40.558,,-41.984,-41.984,-41.984
05-01-2026-Fri 14-05-29-PM,-42.017,-42.017,-40.592,-40.592,-40.592,-43.077,-43.077,-43.077,-42.017,,-40.592,-40.592,,-42.017,-42.017,-42.017
05-01-2026-Fri 14-05-31-PM,-42.017,-42.017,-40.625,-40.625,-40.625,-43.077,-43.077,-43.077,-42.017,,-40.625,-40.625,,-42.017,-42.017,-42.017
05-01-2026-Fri 14-05-32-PM,-42.05,-42.05,-40.625,-40.625,-40.625,-43.11,-43.11,-43.11,-42.05,,-40.625,-40.625,,-42.05,-42.05,-42.05
05-01-2026-Fri 14-05-34-PM,-42.083,-42.083,-40.658,-40.658,-40.658,-43.143,-43.143,-43.143,-42.083,,-40.658,-40.658,,-42.083,-42.083,-42.083
05-01-2026-Fri 14-05-35-PM,-42.116,-42.116,-40.658,-40.658,-40.658,-43.176,-43.176,-43.176,-42.116,,-40.658,-40.658,,-42.116,-42.116,-42.116
05-01-2026-Fri 14-05-36-PM,-42.116,-42.116,-40.691,-40.691,-40.691,-43.176,-43.176,-43.176,-42.116,,-40.691,-40.691,,-42.116,-42.116,-42.116
05-01-2026-Fri 14-05-38-PM,-42.149,-42.149,-40.724,-40.724,-40.724,-43.176,-43.176,-43.176,-42.149,,-40.724,-40.724,,-42.149,-42.149,-42.149
05-01-2026-Fri 14-05-39-PM,-42.182,-42.182,-40.724,-40.724,-40.724,-43.209,-43.209,-43.209,-42.182,,-40.724,-40.724,,-42.182,-42.182,-42.182
05-01-2026-Fri 14-05-41-PM,-42.182,-42.182,-40.758,-40.758,-40.758,-43.209,-43.209,-43.209,-42.182,,-40.758,-40.758,,-42.182,-42.182,-42.182
05-01-2026-Fri 14-05-42-PM,-42.149,-42.149,-40.791,-40.791,-40.791,-43.243,-43.243,-43.243,-42.149,,-40.791,-40.791,,-42.149,-42.149,-42.149
05-01-2026-Fri 14-05-44-PM,-42.216,-42.216,-40.791,-40.791,-40.791,-43.243,-43.243,-43.243,-42.216,,-40.791,-40.791,,-42.216,-42.216,-42.216
05-01-2026-Fri 14-05-45-PM,-42.249,-42.249,-40.857,-40.857,-40.857,-43.276,-43.276,-43.276,-42.249,,-40.857,-40.857,,-42.249,-42.249,-42.249
05-01-2026-Fri 14-05-46-PM,-42.249,-42.249,-40.857,-40.857,-40.857,-43.276,-43.276,-43.276,-42.249,,-40.857,-40.857,,-42.249,-42.249,-42.249
05-01-2026-Fri 14-05-48-PM,-42.282,-42.282,-40.89,-40.89,-40.89,-43.309,-43.309,-43.309,-42.282,,-40.89,-40.89,,-42.282,-42.282,-42.282
05-01-2026-Fri 14-05-49-PM,-42.282,-42.282,-40.89,-40.89,-40.89,-43.309,-43.309,-43.309,-42.282,,-40.89,-40.89,,-42.282,-42.282,-42.282
05-01-2026-Fri 14-05-51-PM,-42.315,-42.315,-40.89,-40.89,-40.89,-43.375,-43.375,-43.375,-42.315,,-40.89,-40.89,,-42.315,-42.315,-42.315
05-01-2026-Fri 14-05-52-PM,-42.315,-42.315,-40.923,-40.923,-40.923,-43.342,-43.342,-43.342,-42.315,,-40.923,-40.923,,-42.315,-42.315,-42.315
05-01-2026-Fri 14-05-53-PM,-42.315,-42.315,-40.956,-40.956,-40.956,-43.375,-43.375,-43.375,-42.315,,-40.956,-40.956,,-42.315,-42.315,-42.315
05-01-2026-Fri 14-05-55-PM,-42.381,-42.381,-40.99,-40.99,-40.99,-43.342,-43.342,-43.342,-42.381,,-40.99,-40.99,,-42.381,-42.381,-42.381
05-01-2026-Fri 14-05-56-PM,-42.381,-42.381,-40.99,-40.99,-40.99,-43.408,-43.408,-43.408,-42.381,,-40.99,-40.99,,-42.381,-42.381,-42.381
05-01-2026-Fri 14-05-57-PM,-42.381,-42.381,-41.023,-41.023,-41.023,-43.375,-43.375,-43.375,-42.381,,-41.023,-41.023,,-42.381,-42.381,-42.381
05-01-2026-Fri 14-05-59-PM,-42.414,-42.414,-41.023,-41.023,-41.023,-43.474,-43.474,-43.474,-42.414,,-41.023,-41.023,,-42.414,-42.414,-42.414
05-01-2026-Fri 14-06-00-PM,-42.414,-42.414,-41.056,-41.056,-41.056,-43.441,-43.441,-43.441,-42.414,,-41.056,-41.056,,-42.414,-42.414,-42.414
05-01-2026-Fri 14-06-02-PM,-42.448,-42.448,-41.089,-41.089,-41.089,-43.474,-43.474,-43.474,-42.448,,-41.089,-41.089,,-42.448,-42.448,-42.448
05-01-2026-Fri 14-06-03-PM,-42.481,-42.481,-41.122,-41.122,-41.122,-43.441,-43.441,-43.441,-42.481,,-41.122,-41.122,,-42.481,-42.481,-42.481
05-01-2026-Fri 14-06-04-PM,-42.481,-42.481,-41.122,-41.122,-41.122,-43.508,-43.508,-43.508,-42.481,,-41.122,-41.122,,-42.481,-42.481,-42.481
05-01-2026-Fri 14-06-06-PM,-42.514,-42.514,-41.122,-41.122,-41.122,-43.508,-43.508,-43.508,-42.514,,-41.122,-41.122,,-42.514,-42.514,-42.514
05-01-2026-Fri 14-06-07-PM,-42.481,-42.481,-41.155,-41.155,-41.155,-43.574,-43.574,-43.574,-42.481,,-41.155,-41.155,,-42.481,-42.481,-42.481
05-01-2026-Fri 14-06-09-PM,-42.547,-42.547,-41.155,-41.155,-41.155,-43.607,-43.607,-43.607,-42.547,,-41.155,-41.155,,-42.547,-42.547,-42.547
05-01-2026-Fri 14-06-10-PM,-42.514,-42.514,-41.188,-41.188,-41.188,-43.574,-43.574,-43.574,-42.514,,-41.188,-41.188,,-42.514,-42.514,-42.514
05-01-2026-Fri 14-06-11-PM,-42.58,-42.58,-41.221,-41.221,-41.221,-43.607,-43.607,-43.607,-42.58,,-41.221,-41.221,,-42.58,-42.58,-42.58
05-01-2026-Fri 14-06-13-PM,-42.58,-42.58,-41.221,-41.221,-41.221,-43.607,-43.607,-43.607,-42.58,,-41.221,-41.221,,-42.58,-42.58,-42.58
05-01-2026-Fri 14-06-14-PM,-42.613,-42.613,-41.221,-41.221,-41.221,-43.574,-43.574,-43.574,-42.613,,-41.221,-41.221,,-42.613,-42.613,-42.613
05-01-2026-Fri 14-06-16-PM,-42.613,-42.613,-41.255,-41.255,-41.255,-43.574,-43.574,-43.574,-42.613,,-41.255,-41.255,,-42.613,-42.613,-42.613
05-01-2026-Fri 14-06-18-PM,-42.646,-42.646,-41.255,-41.255,-41.255,-43.706,-43.706,-43.706,-42.646,,-41.255,-41.255,,-42.646,-42.646,-42.646
05-01-2026-Fri 14-06-20-PM,-42.68,-42.68,-41.321,-41.321,-41.321,-43.673,-43.673,-43.673,-42.68,,-41.321,-41.321,,-42.68,-42.68,-42.68
05-01-2026-Fri 14-06-21-PM,-42.713,-42.713,-41.321,-41.321,-41.321,-43.706,-43.706,-43.706,-42.713,,-41.321,-41.321,,-42.713,-42.713,-42.713
05-01-2026-Fri 14-06-22-PM,-42.713,-42.713,-41.321,-41.321,-41.321,-43.772,-43.772,-43.772,-42.713,,-41.321,-41.321,,-42.713,-42.713,-42.713
05-01-2026-Fri 14-06-24-PM,-42.713,-42.713,-41.387,-41.387,-41.387,-43.739,-43.739,-43.739,-42.713,,-41.387,-41.387,,-42.713,-42.713,-42.713
05-01-2026-Fri 14-06-25-PM,-42.713,-42.713,-41.387,-41.387,-41.387,-43.739,-43.739,-43.739,-42.713,,-41.387,-41.387,,-42.713,-42.713,-42.713
05-01-2026-Fri 14-06-27-PM,-42.746,-42.746,-41.42,-41.42,-41.42,-43.739,-43.739,-43.739,-42.746,,-41.42,-41.42,,-42.746,-42.746,-42.746
05-01-2026-Fri 14-06-28-PM,-42.779,-42.779,-41.42,-41.42,-41.42,-43.806,-43.806,-43.806,-42.779,,-41.42,-41.42,,-42.779,-42.779,-42.779
05-01-2026-Fri 14-06-29-PM,-42.779,-42.779,-41.454,-41.454,-41.454,-43.806,-43.806,-43.806,-42.779,,-41.454,-41.454,,-42.779,-42.779,-42.779
05-01-2026-Fri 14-06-31-PM,-42.812,-42.812,-41.454,-41.454,-41.454,-43.772,-43.772,-43.772,-42.812,,-41.454,-41.454,,-42.812,-42.812,-42.812
05-01-2026-Fri 14-06-32-PM,-42.812,-42.812,-41.454,-41.454,-41.454,-43.839,-43.839,-43.839,-42.812,,-41.454,-41.454,,-42.812,-42.812,-42.812
05-01-2026-Fri 14-06-34-PM,-42.845,-42.845,-41.487,-41.487,-41.487,-43.806,-43.806,-43.806,-42.845,,-41.487,-41.487,,-42.845,-42.845,-42.845
05-01-2026-Fri 14-06-35-PM,-42.878,-42.878,-41.52,-41.52,-41.52,-43.839,-43.839,-43.839,-42.878,,-41.52,-41.52,,-42.878,-42.878,-42.878
05-01-2026-Fri 14-06-36-PM,-42.878,-42.878,-41.52,-41.52,-41.52,-43.872,-43.872,-43.872,-42.878,,-41.52,-41.52,,-42.878,-42.878,-42.878
05-01-2026-Fri 14-06-38-PM,-42.878,-42.878,-41.553,-41.553,-41.553,-43.938,-43.938,-43.938,-42.878,,-41.553,-41.553,,-42.878,-42.878,-42.878
05-01-2026-Fri 14-06-39-PM,-42.911,-42.911,-41.553,-41.553,-41.553,-43.905,-43.905,-43.905,-42.911,,-41.553,-41.553,,-42.911,-42.911,-42.911
05-01-2026-Fri 14-06-40-PM,-42.944,-42.944,-41.586,-41.586,-41.586,-43.872,-43.872,-43.872,-42.944,,-41.586,-41.586,,-42.944,-42.944,-42.944
05-01-2026-Fri 14-06-42-PM,-42.944,-42.944,-41.586,-41.586,-41.586,-43.938,-43.938,-43.938,-42.944,,-41.586,-41.586,,-42.944,-42.944,-42.944
05-01-2026-Fri 14-06-45-PM,-42.978,-42.978,-41.619,-41.619,-41.619,-43.938,-43.938,-43.938,-42.978,,-41.619,-41.619,,-42.978,-42.978,-42.978
05-01-2026-Fri 14-06-47-PM,-43.011,-43.011,-41.652,-41.652,-41.652,-44.037,-44.037,-44.037,-43.011,,-41.652,-41.652,,-43.011,-43.011,-43.011
05-01-2026-Fri 14-06-50-PM,-43.011,-43.011,-41.686,-41.686,-41.686,-44.037,-44.037,-44.037,-43.011,,-41.686,-41.686,,-43.011,-43.011,-43.011
05-01-2026-Fri 14-06-52-PM,-43.077,-43.077,-41.719,-41.719,-41.719,-44.037,-44.037,-44.037,-43.077,,-41.719,-41.719,,-43.077,-43.077,-43.077
05-01-2026-Fri 14-06-53-PM,-43.077,-43.077,-41.719,-41.719,-41.719,-44.037,-44.037,-44.037,-43.077,,-41.719,-41.719,,-43.077,-43.077,-43.077
05-01-2026-Fri 14-06-55-PM,-43.077,-43.077,-41.752,-41.752,-41.752,-44.104,-44.104,-44.104,-43.077,,-41.752,-41.752,,-43.077,-43.077,-43.077
05-01-2026-Fri 14-06-56-PM,-43.11,-43.11,-41.785,-41.785,-41.785,-44.071,-44.071,-44.071,-43.11,,-41.785,-41.785,,-43.11,-43.11,-43.11
05-01-2026-Fri 14-06-58-PM,-43.143,-43.143,-41.785,-41.785,-41.785,-44.137,-44.137,-44.137,-43.143,,-41.785,-41.785,,-43.143,-43.143,-43.143
05-01-2026-Fri 14-06-59-PM,-43.143,-43.143,-41.785,-41.785,-41.785,-44.104,-44.104,-44.104,-43.143,,-41.785,-41.785,,-43.143,-43.143,-43.143
05-01-2026-Fri 14-07-00-PM,-43.143,-43.143,-41.818,-41.818,-41.818,-44.104,-44.104,-44.104,-43.143,,-41.818,-41.818,,-43.143,-43.143,-43.143
05-01-2026-Fri 14-07-02-PM,-43.176,-43.176,-41.851,-41.851,-41.851,-44.17,-44.17,-44.17,-43.176,,-41.851,-41.851,,-43.176,-43.176,-43.176
05-01-2026-Fri 14-07-03-PM,-43.176,-43.176,-41.851,-41.851,-41.851,-44.203,-44.203,-44.203,-43.176,,-41.851,-41.851,,-43.176,-43.176,-43.176
05-01-2026-Fri 14-07-05-PM,-43.209,-43.209,-41.851,-41.851,-41.851,-44.203,-44.203,-44.203,-43.209,,-41.851,-41.851,,-43.209,-43.209,-43.209
05-01-2026-Fri 14-07-06-PM,-43.243,-43.243,-41.884,-41.884,-41.884,-44.236,-44.236,-44.236,-43.243,,-41.884,-41.884,,-43.243,-43.243,-43.243
05-01-2026-Fri 14-07-07-PM,-43.243,-43.243,-41.884,-41.884,-41.884,-44.203,-44.203,-44.203,-43.243,,-41.884,-41.884,,-43.243,-43.243,-43.243
05-01-2026-Fri 14-07-09-PM,-43.243,-43.243,-41.917,-41.917,-41.917,-44.236,-44.236,-44.236,-43.243,,-41.917,-41.917,,-43.243,-43.243,-43.243
05-01-2026-Fri 14-07-10-PM,-43.276,-43.276,-41.917,-41.917,-41.917,-44.269,-44.269,-44.269,-43.276,,-41.917,-41.917,,-43.276,-43.276,-43.276
05-01-2026-Fri 14-07-12-PM,-43.276,-43.276,-41.917,-41.917,-41.917,-44.236,-44.236,-44.236,-43.276,,-41.917,-41.917,,-43.276,-43.276,-43.276
05-01-2026-Fri 14-07-14-PM,-43.309,-43.309,-41.951,-41.951,-41.951,-44.302,-44.302,-44.302,-43.309,,-41.951,-41.951,,-43.309,-43.309,-43.309
05-01-2026-Fri 14-07-17-PM,-43.342,-43.342,-41.984,-41.984,-41.984,-44.335,-44.335,-44.335,-43.342,,-41.984,-41.984,,-43.342,-43.342,-43.342
05-01-2026-Fri 14-07-19-PM,-43.375,-43.375,-42.017,-42.017,-42.017,-44.368,-44.368,-44.368,-43.375,,-42.017,-42.017,,-43.375,-43.375,-43.375
05-01-2026-Fri 14-07-20-PM,-43.375,-43.375,-42.017,-42.017,-42.017,-44.368,-44.368,-44.368,-43.375,,-42.017,-42.017,,-43.375,-43.375,-43.375
05-01-2026-Fri 14-07-21-PM,-43.375,-43.375,-42.017,-42.017,-42.017,-44.368,-44.368,-44.368,-43.375,,-42.017,-42.017,,-43.375,-43.375,-43.375
05-01-2026-Fri 14-07-23-PM,-43.408,-43.408,-42.083,-42.083,-42.083,-44.368,-44.368,-44.368,-43.408,,-42.083,-42.083,,-43.408,-43.408,-43.408
05-01-2026-Fri 14-07-24-PM,-43.408,-43.408,-42.083,-42.083,-42.083,-44.402,-44.402,-44.402,-43.408,,-42.083,-42.083,,-43.408,-43.408,-43.408
05-01-2026-Fri 14-07-26-PM,-43.441,-43.441,-42.083,-42.083,-42.083,-44.468,-44.468,-44.468,-43.441,,-42.083,-42.083,,-43.441,-43.441,-43.441
05-01-2026-Fri 14-07-27-PM,-43.441,-43.441,-42.116,-42.116,-42.116,-44.435,-44.435,-44.435,-43.441,,-42.116,-42.116,,-43.441,-43.441,-43.441
05-01-2026-Fri 14-07-28-PM,-43.474,-43.474,-42.116,-42.116,-42.116,-44.435,-44.435,-44.435,-43.474,,-42.116,-42.116,,-43.474,-43.474,-43.474
05-01-2026-Fri 14-07-30-PM,-43.508,-43.508,-42.149,-42.149,-42.149,-44.435,-44.435,-44.435,-43.508,,-42.149,-42.149,,-43.508,-43.508,-43.508
05-01-2026-Fri 14-07-31-PM,-43.508,-43.508,-42.149,-42.149,-42.149,-44.501,-44.501,-44.501,-43.508,,-42.149,-42.149,,-43.508,-43.508,-43.508
05-01-2026-Fri 14-07-33-PM,-43.508,-43.508,-42.182,-42.182,-42.182,-44.468,-44.468,-44.468,-43.508,,-42.182,-42.182,,-43.508,-43.508,-43.508
05-01-2026-Fri 14-07-34-PM,-43.541,-43.541,-42.182,-42.182,-42.182,-44.501,-44.501,-44.501,-43.541,,-42.182,-42.182,,-43.541,-43.541,-43.541
05-01-2026-Fri 14-07-35-PM,-43.541,-43.541,-42.182,-42.182,-42.182,-44.567,-44.567,-44.567,-43.541,,-42.182,-42.182,,-43.541,-43.541,-43.541
05-01-2026-Fri 14-07-37-PM,-43.541,-43.541,-42.216,-42.216,-42.216,-44.501,-44.501,-44.501,-43.541,,-42.216,-42.216,,-43.541,-43.541,-43.541
05-01-2026-Fri 14-07-38-PM,-43.574,-43.574,-42.216,-42.216,-42.216,-44.567,-44.567,-44.567,-43.574,,-42.216,-42.216,,-43.574,-43.574,-43.574
05-01-2026-Fri 14-07-40-PM,-43.607,-43.607,-42.249,-42.249,-42.249,-44.6,-44.6,-44.6,-43.607,,-42.249,-42.249,,-43.607,-43.607,-43.607
05-01-2026-Fri 14-07-41-PM,-43.64,-43.64,-42.249,-42.249,-42.249,-44.6,-44.6,-44.6,-43.64,,-42.249,-42.249,,-43.64,-43.64,-43.64
05-01-2026-Fri 14-07-42-PM,-43.64,-43.64,-42.282,-42.282,-42.282,-44.6,-44.6,-44.6,-43.64,,-42.282,-42.282,,-43.64,-43.64,-43.64
05-01-2026-Fri 14-07-44-PM,-43.64,-43.64,-42.315,-42.315,-42.315,-44.6,-44.6,-44.6,-43.64,,-42.315,-42.315,,-43.64,-43.64,-43.64
05-01-2026-Fri 14-07-45-PM,-43.673,-43.673,-42.282,-42.282,-42.282,-44.666,-44.666,-44.666,-43.673,,-42.282,-42.282,,-43.673,-43.673,-43.673
05-01-2026-Fri 14-07-47-PM,-43.64,-43.64,-42.315,-42.315,-42.315,-44.633,-44.633,-44.633,-43.64,,-42.315,-42.315,,-43.64,-43.64,-43.64
05-01-2026-Fri 14-07-48-PM,-43.673,-43.673,-42.348,-42.348,-42.348,-44.666,-44.666,-44.666,-43.673,,-42.348,-42.348,,-43.673,-43.673,-43.673
05-01-2026-Fri 14-07-49-PM,-43.673,-43.673,-42.348,-42.348,-42.348,-44.733,-44.733,-44.733,-43.673,,-42.348,-42.348,,-43.673,-43.673,-43.673
05-01-2026-Fri 14-07-51-PM,-43.706,-43.706,-42.348,-42.348,-42.348,-44.7,-44.7,-44.7,-43.706,,-42.348,-42.348,,-43.706,-43.706,-43.706
05-01-2026-Fri 14-07-52-PM,-43.739,-43.739,-42.381,-42.381,-42.381,-44.733,-44.733,-44.733,-43.739,,-42.381,-42.381,,-43.739,-43.739,-43.739
05-01-2026-Fri 14-07-54-PM,-43.772,-43.772,-42.414,-42.414,-42.414,-44.733,-44.733,-44.733,-43.772,,-42.414,-42.414,,-43.772,-43.772,-43.772
05-01-2026-Fri 14-07-56-PM,-43.772,-43.772,-42.414,-42.414,-42.414,-44.733,-44.733,-44.733,-43.772,,-42.414,-42.414,,-43.772,-43.772,-43.772
05-01-2026-Fri 14-07-57-PM,-43.806,-43.806,-42.414,-42.414,-42.414,-44.766,-44.766,-44.766,-43.806,,-42.414,-42.414,,-43.806,-43.806,-43.806
05-01-2026-Fri 14-07-59-PM,-43.806,-43.806,-42.448,-42.448,-42.448,-44.799,-44.799,-44.799,-43.806,,-42.448,-42.448,,-43.806,-43.806,-43.806
05-01-2026-Fri 14-08-00-PM,-43.806,-43.806,-42.448,-42.448,-42.448,-44.799,-44.799,-44.799,-43.806,,-42.448,-42.448,,-43.806,-43.806,-43.806
05-01-2026-Fri 14-08-02-PM,-43.839,-43.839,-42.481,-42.481,-42.481,-44.832,-44.832,-44.832,-43.839,,-42.481,-42.481,,-43.839,-43.839,-43.839
05-01-2026-Fri 14-08-03-PM,-43.872,-43.872,-42.514,-42.514,-42.514,-44.832,-44.832,-44.832,-43.872,,-42.514,-42.514,,-43.872,-43.872,-43.872
05-01-2026-Fri 14-08-04-PM,-43.872,-43.872,-42.514,-42.514,-42.514,-44.799,-44.799,-44.799,-43.872,,-42.514,-42.514,,-43.872,-43.872,-43.872
05-01-2026-Fri 14-08-06-PM,-43.872,-43.872,-42.514,-42.514,-42.514,-44.865,-44.865,-44.865,-43.872,,-42.514,-42.514,,-43.872,-43.872,-43.872
05-01-2026-Fri 14-08-07-PM,-43.905,-43.905,-42.514,-42.514,-42.514,-44.865,-44.865,-44.865,-43.905,,-42.514,-42.514,,-43.905,-43.905,-43.905
05-01-2026-Fri 14-08-09-PM,-43.905,-43.905,-42.547,-42.547,-42.547,-44.931,-44.931,-44.931,-43.905,,-42.547,-42.547,,-43.905,-43.905,-43.905
05-01-2026-Fri 14-08-10-PM,-43.938,-43.938,-42.547,-42.547,-42.547,-44.865,-44.865,-44.865,-43.938,,-42.547,-42.547,,-43.938,-43.938,-43.938
05-01-2026-Fri 14-08-11-PM,-43.938,-43.938,-42.547,-42.547,-42.547,-44.898,-44.898,-44.898,-43.938,,-42.547,-42.547,,-43.938,-43.938,-43.938
05-01-2026-Fri 14-08-13-PM,-43.971,-43.971,-42.58,-42.58,-42.58,-44.931,-44.931,-44.931,-43.971,,-42.58,-42.58,,-43.971,-43.971,-43.971
05-01-2026-Fri 14-08-14-PM,-43.938,-43.938,-42.58,-42.58,-42.58,-44.931,-44.931,-44.931,-43.938,,-42.58,-42.58,,-43.938,-43.938,-43.938
05-01-2026-Fri 14-08-16-PM,-43.971,-43.971,-42.613,-42.613,-42.613,-44.898,-44.898,-44.898,-43.971,,-42.613,-42.613,,-43.971,-43.971,-43.971
05-01-2026-Fri 14-08-17-PM,-43.971,-43.971,-42.613,-42.613,-42.613,-44.964,-44.964,-44.964,-43.971,,-42.613,-42.613,,-43.971,-43.971,-43.971
05-01-2026-Fri 14-08-18-PM,-44.004,-44.004,-42.646,-42.646,-42.646,-44.998,-44.998,-44.998,-44.004,,-42.646,-42.646,,-44.004,-44.004,-44.004
05-01-2026-Fri 14-08-20-PM,-44.004,-44.004,-42.646,-42.646,-42.646,-44.964,-44.964,-44.964,-44.004,,-42.646,-42.646,,-44.004,-44.004,-44.004
05-01-2026-Fri 14-08-21-PM,-44.037,-44.037,-42.646,-42.646,-42.646,-44.998,-44.998,-44.998,-44.037,,-42.646,-42.646,,-44.037,-44.037,-44.037
05-01-2026-Fri 14-08-23-PM,-44.071,-44.071,-42.68,-42.68,-42.68,-45.031,-45.031,-45.031,-44.071,,-42.68,-42.68,,-44.071,-44.071,-44.071
05-01-2026-Fri 14-08-24-PM,-44.071,-44.071,-42.713,-42.713,-42.713,-45.031,-45.031,-45.031,-44.071,,-42.713,-42.713,,-44.071,-44.071,-44.071
05-01-2026-Fri 14-08-25-PM,-44.071,-44.071,-42.713,-42.713,-42.713,-45.031,-45.031,-45.031,-44.071,,-42.713,-42.713,,-44.071,-44.071,-44.071
05-01-2026-Fri 14-08-27-PM,-44.104,-44.104,-42.713,-42.713,-42.713,-45.064,-45.064,-45.064,-44.104,,-42.713,-42.713,,-44.104,-44.104,-44.104
05-01-2026-Fri 14-08-28-PM,-44.104,-44.104,-42.746,-42.746,-42.746,-45.064,-45.064,-45.064,-44.104,,-42.746,-42.746,,-44.104,-44.104,-44.104
05-01-2026-Fri 14-08-30-PM,-44.137,-44.137,-42.746,-42.746,-42.746,-45.097,-45.097,-45.097,-44.137,,-42.746,-42.746,,-44.137,-44.137,-44.137
05-01-2026-Fri 14-08-31-PM,-44.137,-44.137,-42.779,-42.779,-42.779,-45.13,-45.13,-45.13,-44.137,,-42.779,-42.779,,-44.137,-44.137,-44.137
05-01-2026-Fri 14-08-32-PM,-44.17,-44.17,-42.779,-42.779,-42.779,-45.13,-45.13,-45.13,-44.17,,-42.779,-42.779,,-44.17,-44.17,-44.17
05-01-2026-Fri 14-08-34-PM,-44.17,-44.17,-42.779,-42.779,-42.779,-45.097,-45.097,-45.097,-44.17,,-42.779,-42.779,,-44.17,-44.17,-44.17
05-01-2026-Fri 14-08-35-PM,-44.203,-44.203,-42.812,-42.812,-42.812,-45.097,-45.097,-45.097,-44.203,,-42.812,-42.812,,-44.203,-44.203,-44.203
05-01-2026-Fri 14-08-36-PM,-44.203,-44.203,-42.812,-42.812,-42.812,-45.163,-45.163,-45.163,-44.203,,-42.812,-42.812,,-44.203,-44.203,-44.203
05-01-2026-Fri 14-08-38-PM,-44.203,-44.203,-42.812,-42.812,-42.812,-45.196,-45.196,-45.196,-44.203,,-42.812,-42.812,,-44.203,-44.203,-44.203
05-01-2026-Fri 14-08-39-PM,-44.236,-44.236,-42.845,-42.845,-42.845,-45.13,-45.13,-45.13,-44.236,,-42.845,-42.845,,-44.236,-44.236,-44.236
05-01-2026-Fri 14-08-41-PM,-44.236,-44.236,-42.845,-42.845,-42.845,-45.196,-45.196,-45.196,-44.236,,-42.845,-42.845,,-44.236,-44.236,-44.236
05-01-2026-Fri 14-08-42-PM,-44.269,-44.269,-42.878,-42.878,-42.878,-45.196,-45.196,-45.196,-44.269,,-42.878,-42.878,,-44.269,-44.269,-44.269
05-01-2026-Fri 14-08-44-PM,-44.269,-44.269,-42.878,-42.878,-42.878,-45.196,-45.196,-45.196,-44.269,,-42.878,-42.878,,-44.269,-44.269,-44.269
05-01-2026-Fri 14-08-45-PM,-44.302,-44.302,-42.878,-42.878,-42.878,-45.262,-45.262,-45.262,-44.302,,-42.878,-42.878,,-44.302,-44.302,-44.302
05-01-2026-Fri 14-08-46-PM,-44.269,-44.269,-42.911,-42.911,-42.911,-45.262,-45.262,-45.262,-44.269,,-42.911,-42.911,,-44.269,-44.269,-44.269
05-01-2026-Fri 14-08-48-PM,-44.302,-44.302,-42.911,-42.911,-42.911,-45.229,-45.229,-45.229,-44.302,,-42.911,-42.911,,-44.302,-44.302,-44.302
05-01-2026-Fri 14-08-49-PM,-44.302,-44.302,-42.944,-42.944,-42.944,-45.229,-45.229,-45.229,-44.302,,-42.944,-42.944,,-44.302,-44.302,-44.302
05-01-2026-Fri 14-08-50-PM,-44.335,-44.335,-42.944,-42.944,-42.944,-45.262,-45.262,-45.262,-44.335,,-42.944,-42.944,,-44.335,-44.335,-44.335
05-01-2026-Fri 14-08-52-PM,-44.335,-44.335,-42.944,-42.944,-42.944,-45.328,-45.328,-45.328,-44.335,,-42.944,-42.944,,-44.335,-44.335,-44.335
05-01-2026-Fri 14-08-54-PM,-44.368,-44.368,-42.978,-42.978,-42.978,-45.295,-45.295,-45.295,-44.368,,-42.978,-42.978,,-44.368,-44.368,-44.368
05-01-2026-Fri 14-08-55-PM,-44.368,-44.368,-42.978,-42.978,-42.978,-45.328,-45.328,-45.328,-44.368,,-42.978,-42.978,,-44.368,-44.368,-44.368
05-01-2026-Fri 14-08-57-PM,-44.368,-44.368,-43.011,-43.011,-43.011,-45.328,-45.328,-45.328,-44.368,,-43.011,-43.011,,-44.368,-44.368,-44.368
05-01-2026-Fri 14-08-58-PM,-44.402,-44.402,-42.978,-42.978,-42.978,-45.362,-45.362,-45.362,-44.402,,-42.978,-42.978,,-44.402,-44.402,-44.402
05-01-2026-Fri 14-08-59-PM,-44.435,-44.435,-42.978,-42.978,-42.978,-45.328,-45.328,-45.328,-44.435,,-42.978,-42.978,,-44.435,-44.435,-44.435
05-01-2026-Fri 14-09-01-PM,-44.435,-44.435,-43.044,-43.044,-43.044,-45.362,-45.362,-45.362,-44.435,,-43.044,-43.044,,-44.435,-44.435,-44.435
05-01-2026-Fri 14-09-02-PM,-44.435,-44.435,-43.011,-43.011,-43.011,-45.428,-45.428,-45.428,-44.435,,-43.011,-43.011,,-44.435,-44.435,-44.435
05-01-2026-Fri 14-09-03-PM,-44.468,-44.468,-43.044,-43.044,-43.044,-45.395,-45.395,-45.395,-44.468,,-43.044,-43.044,,-44.468,-44.468,-44.468
05-01-2026-Fri 14-09-05-PM,-44.468,-44.468,-43.077,-43.077,-43.077,-45.428,-45.428,-45.428,-44.468,,-43.077,-43.077,,-44.468,-44.468,-44.468
05-01-2026-Fri 14-09-06-PM,-44.468,-44.468,-43.077,-43.077,-43.077,-45.428,-45.428,-45.428,-44.468,,-43.077,-43.077,,-44.468,-44.468,-44.468
05-01-2026-Fri 14-09-07-PM,-44.501,-44.501,-43.11,-43.11,-43.11,-45.461,-45.461,-45.461,-44.501,,-43.11,-43.11,,-44.501,-44.501,-44.501
05-01-2026-Fri 14-09-09-PM,-44.501,-44.501,-43.11,-43.11,-43.11,-45.461,-45.461,-45.461,-44.501,,-43.11,-43.11,,-44.501,-44.501,-44.501
05-01-2026-Fri 14-09-10-PM,-44.501,-44.501,-43.11,-43.11,-43.11,-45.494,-45.494,-45.494,-44.501,,-43.11,-43.11,,-44.501,-44.501,-44.501
05-01-2026-Fri 14-09-11-PM,-44.534,-44.534,-43.143,-43.143,-43.143,-45.494,-45.494,-45.494,-44.534,,-43.143,-43.143,,-44.534,-44.534,-44.534
05-01-2026-Fri 14-09-13-PM,-44.534,-44.534,-43.143,-43.143,-43.143,-45.461,-45.461,-45.461,-44.534,,-43.143,-43.143,,-44.534,-44.534,-44.534
05-01-2026-Fri 14-09-14-PM,-44.567,-44.567,-43.143,-43.143,-43.143,-45.461,-45.461,-45.461,-44.567,,-43.143,-43.143,,-44.567,-44.567,-44.567
05-01-2026-Fri 14-09-16-PM,-44.567,-44.567,-43.176,-43.176,-43.176,-45.494,-45.494,-45.494,-44.567,,-43.176,-43.176,,-44.567,-44.567,-44.567
05-01-2026-Fri 14-09-17-PM,-44.6,-44.6,-43.176,-43.176,-43.176,-45.56,-45.56,-45.56,-44.6,,-43.176,-43.176,,-44.6,-44.6,-44.6
05-01-2026-Fri 14-09-18-PM,-44.567,-44.567,-43.176,-43.176,-43.176,-45.527,-45.527,-45.527,-44.567,,-43.176,-43.176,,-44.567,-44.567,-44.567
05-01-2026-Fri 14-09-20-PM,-44.6,-44.6,-43.209,-43.209,-43.209,-45.527,-45.527,-45.527,-44.6,,-43.209,-43.209,,-44.6,-44.6,-44.6
05-01-2026-Fri 14-09-21-PM,-44.633,-44.633,-43.209,-43.209,-43.209,-45.593,-45.593,-45.593,-44.633,,-43.209,-43.209,,-44.633,-44.633,-44.633
05-01-2026-Fri 14-09-23-PM,-44.633,-44.633,-43.209,-43.209,-43.209,-45.56,-45.56,-45.56,-44.633,,-43.209,-43.209,,-44.633,-44.633,-44.633
05-01-2026-Fri 14-09-24-PM,-44.666,-44.666,-43.243,-43.243,-43.243,-45.626,-45.626,-45.626,-44.666,,-43.243,-43.243,,-44.666,-44.666,-44.666
05-01-2026-Fri 14-09-25-PM,-44.666,-44.666,-43.243,-43.243,-43.243,-45.593,-45.593,-45.593,-44.666,,-43.243,-43.243,,-44.666,-44.666,-44.666
05-01-2026-Fri 14-09-27-PM,-44.666,-44.666,-43.276,-43.276,-43.276,-45.626,-45.626,-45.626,-44.666,,-43.276,-43.276,,-44.666,-44.666,-44.666
05-01-2026-Fri 14-09-28-PM,-44.7,-44.7,-43.276,-43.276,-43.276,-45.626,-45.626,-45.626,-44.7,,-43.276,-43.276,,-44.7,-44.7,-44.7
05-01-2026-Fri 14-09-30-PM,-44.7,-44.7,-43.309,-43.309,-43.309,-45.692,-45.692,-45.692,-44.7,,-43.309,-43.309,,-44.7,-44.7,-44.7
05-01-2026-Fri 14-09-31-PM,-44.733,-44.733,-43.309,-43.309,-43.309,-45.593,-45.593,-45.593,-44.733,,-43.309,-43.309,,-44.733,-44.733,-44.733
05-01-2026-Fri 14-09-32-PM,-44.733,-44.733,-43.342,-43.342,-43.342,-45.692,-45.692,-45.692,-44.733,,-43.342,-43.342,,-44.733,-44.733,-44.733
05-01-2026-Fri 14-09-34-PM,-44.799,-44.799,-43.408,-43.408,-43.408,-45.726,-45.726,-45.726,-44.799,,-43.408,-43.408,,-44.799,-44.799,-44.799
05-01-2026-Fri 14-09-35-PM,-44.799,-44.799,-43.408,-43.408,-43.408,-45.726,-45.726,-45.726,-44.799,,-43.408,-43.408,,-44.799,-44.799,-44.799
05-01-2026-Fri 14-09-37-PM,-44.832,-44.832,-43.441,-43.441,-43.441,-45.792,-45.792,-45.792,-44.832,,-43.441,-43.441,,-44.832,-44.832,-44.832
05-01-2026-Fri 14-09-38-PM,-44.865,-44.865,-43.508,-43.508,-43.508,-45.759,-45.759,-45.759,-44.865,,-43.508,-43.508,,-44.865,-44.865,-44.865
05-01-2026-Fri 14-09-40-PM,-44.931,-44.931,-43.541,-43.541,-43.541,-45.792,-45.792,-45.792,-44.931,,-43.541,-43.541,,-44.931,-44.931,-44.931
05-01-2026-Fri 14-09-41-PM,-44.931,-44.931,-43.574,-43.574,-43.574,-45.825,-45.825,-45.825,-44.931,,-43.574,-43.574,,-44.931,-44.931,-44.931
05-01-2026-Fri 14-09-43-PM,-44.964,-44.964,-43.64,-43.64,-43.64,-45.891,-45.891,-45.891,-44.964,,-43.64,-43.64,,-44.964,-44.964,-44.964
05-01-2026-Fri 14-09-46-PM,-44.998,-44.998,-43.673,-43.673,-43.673,-45.924,-45.924,-45.924,-44.998,,-43.673,-43.673,,-44.998,-44.998,-44.998
05-01-2026-Fri 14-09-48-PM,-45.097,-45.097,-43.739,-43.739,-43.739,-45.891,-45.891,-45.891,-45.097,,-43.739,-43.739,,-45.097,-45.097,-45.097
05-01-2026-Fri 14-09-51-PM,-45.13,-45.13,-43.806,-43.806,-43.806,-45.957,-45.957,-45.957,-45.13,,-43.806,-43.806,,-45.13,-45.13,-45.13
05-01-2026-Fri 14-09-54-PM,-45.196,-45.196,-43.839,-43.839,-43.839,-45.99,-45.99,-45.99,-45.196,,-43.839,-43.839,,-45.196,-45.196,-45.196
05-01-2026-Fri 14-09-57-PM,-45.229,-45.229,-43.872,-43.872,-43.872,-46.09,-46.09,-46.09,-45.229,,-43.872,-43.872,,-45.229,-45.229,-45.229
05-01-2026-Fri 14-09-58-PM,-45.295,-45.295,-43.938,-43.938,-43.938,-46.156,-46.156,-46.156,-45.295,,-43.938,-43.938,,-45.295,-45.295,-45.295
05-01-2026-Fri 14-09-59-PM,-45.328,-45.328,-43.971,-43.971,-43.971,-46.156,-46.156,-46.156,-45.328,,-43.971,-43.971,,-45.328,-45.328,-45.328
05-01-2026-Fri 14-10-01-PM,-45.362,-45.362,-44.004,-44.004,-44.004,-46.156,-46.156,-46.156,-45.362,,-44.004,-44.004,,-45.362,-45.362,-45.362
05-01-2026-Fri 14-10-02-PM,-45.362,-45.362,-44.037,-44.037,-44.037,-46.222,-46.222,-46.222,-45.362,,-44.037,-44.037,,-45.362,-45.362,-45.362
05-01-2026-Fri 14-10-04-PM,-45.362,-45.362,-44.037,-44.037,-44.037,-46.222,-46.222,-46.222,-45.362,,-44.037,-44.037,,-45.362,-45.362,-45.362
05-01-2026-Fri 14-10-05-PM,-45.428,-45.428,-44.071,-44.071,-44.071,-46.255,-46.255,-46.255,-45.428,,-44.071,-44.071,,-45.428,-45.428,-45.428
05-01-2026-Fri 14-10-06-PM,-45.494,-45.494,-44.137,-44.137,-44.137,-46.255,-46.255,-46.255,-45.494,,-44.137,-44.137,,-45.494,-45.494,-45.494
05-01-2026-Fri 14-10-08-PM,-45.494,-45.494,-44.17,-44.17,-44.17,-46.255,-46.255,-46.255,-45.494,,-44.17,-44.17,,-45.494,-45.494,-45.494
05-01-2026-Fri 14-10-09-PM,-45.494,-45.494,-44.17,-44.17,-44.17,-46.321,-46.321,-46.321,-45.494,,-44.17,-44.17,,-45.494,-45.494,-45.494
05-01-2026-Fri 14-10-10-PM,-45.527,-45.527,-44.203,-44.203,-44.203,-46.321,-46.321,-46.321,-45.527,,-44.203,-44.203,,-45.527,-45.527,-45.527
05-01-2026-Fri 14-10-12-PM,-45.527,-45.527,-44.236,-44.236,-44.236,-46.354,-46.354,-46.354,-45.527,,-44.236,-44.236,,-45.527,-45.527,-45.527
05-01-2026-Fri 14-10-13-PM,-45.56,-45.56,-44.236,-44.236,-44.236,-46.42,-46.42,-46.42,-45.56,,-44.236,-44.236,,-45.56,-45.56,-45.56
05-01-2026-Fri 14-10-15-PM,-45.593,-45.593,-44.236,-44.236,-44.236,-46.454,-46.454,-46.454,-45.593,,-44.236,-44.236,,-45.593,-45.593,-45.593
05-01-2026-Fri 14-10-16-PM,-45.626,-45.626,-44.302,-44.302,-44.302,-46.42,-46.42,-46.42,-45.626,,-44.302,-44.302,,-45.626,-45.626,-45.626
05-01-2026-Fri 14-10-17-PM,-45.66,-45.66,-44.335,-44.335,-44.335,-46.487,-46.487,-46.487,-45.66,,-44.335,-44.335,,-45.66,-45.66,-45.66
05-01-2026-Fri 14-10-19-PM,-45.692,-45.692,-44.302,-44.302,-44.302,-46.487,-46.487,-46.487,-45.692,,-44.302,-44.302,,-45.692,-45.692,-45.692
05-01-2026-Fri 14-10-20-PM,-45.692,-45.692,-44.368,-44.368,-44.368,-46.52,-46.52,-46.52,-45.692,,-44.368,-44.368,,-45.692,-45.692,-45.692
05-01-2026-Fri 14-10-21-PM,-45.726,-45.726,-44.402,-44.402,-44.402,-46.487,-46.487,-46.487,-45.726,,-44.402,-44.402,,-45.726,-45.726,-45.726
05-01-2026-Fri 14-10-23-PM,-45.759,-45.759,-44.435,-44.435,-44.435,-46.487,-46.487,-46.487,-45.759,,-44.435,-44.435,,-45.759,-45.759,-45.759
05-01-2026-Fri 14-10-24-PM,-45.759,-45.759,-44.435,-44.435,-44.435,-46.586,-46.586,-46.586,-45.759,,-44.435,-44.435,,-45.759,-45.759,-45.759
05-01-2026-Fri 14-10-26-PM,-45.825,-45.825,-44.468,-44.468,-44.468,-46.586,-46.586,-46.586,-45.825,,-44.468,-44.468,,-45.825,-45.825,-45.825
05-01-2026-Fri 14-10-27-PM,-45.825,-45.825,-44.468,-44.468,-44.468,-46.619,-46.619,-46.619,-45.825,,-44.468,-44.468,,-45.825,-45.825,-45.825
05-01-2026-Fri 14-10-28-PM,-45.858,-45.858,-44.501,-44.501,-44.501,-46.652,-46.652,-46.652,-45.858,,-44.501,-44.501,,-45.858,-45.858,-45.858
05-01-2026-Fri 14-10-30-PM,-45.858,-45.858,-44.534,-44.534,-44.534,-46.619,-46.619,-46.619,-45.858,,-44.534,-44.534,,-45.858,-45.858,-45.858
05-01-2026-Fri 14-10-31-PM,-45.858,-45.858,-44.534,-44.534,-44.534,-46.718,-46.718,-46.718,-45.858,,-44.534,-44.534,,-45.858,-45.858,-45.858
05-01-2026-Fri 14-10-33-PM,-45.891,-45.891,-44.567,-44.567,-44.567,-46.718,-46.718,-46.718,-45.891,,-44.567,-44.567,,-45.891,-45.891,-45.891
05-01-2026-Fri 14-10-34-PM,-45.957,-45.957,-44.6,-44.6,-44.6,-46.718,-46.718,-46.718,-45.957,,-44.6,-44.6,,-45.957,-45.957,-45.957
05-01-2026-Fri 14-10-35-PM,-45.957,-45.957,-44.633,-44.633,-44.633,-46.751,-46.751,-46.751,-45.957,,-44.633,-44.633,,-45.957,-45.957,-45.957
05-01-2026-Fri 14-10-37-PM,-45.99,-45.99,-44.666,-44.666,-44.666,-46.784,-46.784,-46.784,-45.99,,-44.666,-44.666,,-45.99,-45.99,-45.99
05-01-2026-Fri 14-10-38-PM,-45.99,-45.99,-44.7,-44.7,-44.7,-46.818,-46.818,-46.818,-45.99,,-44.7,-44.7,,-45.99,-45.99,-45.99
05-01-2026-Fri 14-10-40-PM,-46.057,-46.057,-44.666,-44.666,-44.666,-46.85,-46.85,-46.85,-46.057,,-44.666,-44.666,,-46.057,-46.057,-46.057
05-01-2026-Fri 14-10-41-PM,-46.057,-46.057,-44.733,-44.733,-44.733,-46.85,-46.85,-46.85,-46.057,,-44.733,-44.733,,-46.057,-46.057,-46.057
05-01-2026-Fri 14-10-42-PM,-46.09,-46.09,-44.733,-44.733,-44.733,-46.917,-46.917,-46.917,-46.09,,-44.733,-44.733,,-46.09,-46.09,-46.09
05-01-2026-Fri 14-10-44-PM,-46.123,-46.123,-44.766,-44.766,-44.766,-46.884,-46.884,-46.884,-46.123,,-44.766,-44.766,,-46.123,-46.123,-46.123
05-01-2026-Fri 14-10-45-PM,-46.123,-46.123,-44.799,-44.799,-44.799,-46.95,-46.95,-46.95,-46.123,,-44.799,-44.799,,-46.123,-46.123,-46.123
05-01-2026-Fri 14-10-47-PM,-46.156,-46.156,-44.799,-44.799,-44.799,-46.983,-46.983,-46.983,-46.156,,-44.799,-44.799,,-46.156,-46.156,-46.156
05-01-2026-Fri 14-10-48-PM,-46.156,-46.156,-44.832,-44.832,-44.832,-46.95,-46.95,-46.95,-46.156,,-44.832,-44.832,,-46.156,-46.156,-46.156
05-01-2026-Fri 14-10-49-PM,-46.189,-46.189,-44.865,-44.865,-44.865,-47.049,-47.049,-47.049,-46.189,,-44.865,-44.865,,-46.189,-46.189,-46.189
05-01-2026-Fri 14-10-51-PM,-46.222,-46.222,-44.865,-44.865,-44.865,-46.983,-46.983,-46.983,-46.222,,-44.865,-44.865,,-46.222,-46.222,-46.222
05-01-2026-Fri 14-10-52-PM,-46.222,-46.222,-44.931,-44.931,-44.931,-47.082,-47.082,-47.082,-46.222,,-44.931,-44.931,,-46.222,-46.222,-46.222
05-01-2026-Fri 14-10-54-PM,-46.255,-46.255,-44.931,-44.931,-44.931,-47.049,-47.049,-47.049,-46.255,,-44.931,-44.931,,-46.255,-46.255,-46.255
05-01-2026-Fri 14-10-55-PM,-46.288,-46.288,-44.964,-44.964,-44.964,-47.082,-47.082,-47.082,-46.288,,-44.964,-44.964,,-46.288,-46.288,-46.288
05-01-2026-Fri 14-10-56-PM,-46.288,-46.288,-44.964,-44.964,-44.964,-47.049,-47.049,-47.049,-46.288,,-44.964,-44.964,,-46.288,-46.288,-46.288
05-01-2026-Fri 14-10-58-PM,-46.321,-46.321,-45.031,-45.031,-45.031,-47.115,-47.115,-47.115,-46.321,,-45.031,-45.031,,-46.321,-46.321,-46.321
05-01-2026-Fri 14-10-59-PM,-46.321,-46.321,-44.998,-44.998,-44.998,-47.181,-47.181,-47.181,-46.321,,-44.998,-44.998,,-46.321,-46.321,-46.321
05-01-2026-Fri 14-11-01-PM,-46.354,-46.354,-45.064,-45.064,-45.064,-47.148,-47.148,-47.148,-46.354,,-45.064,-45.064,,-46.354,-46.354,-46.354
05-01-2026-Fri 14-11-02-PM,-46.388,-46.388,-45.064,-45.064,-45.064,-47.181,-47.181,-47.181,-46.388,,-45.064,-45.064,,-46.388,-46.388,-46.388
05-01-2026-Fri 14-11-03-PM,-46.388,-46.388,-45.064,-45.064,-45.064,-47.248,-47.248,-47.248,-46.388,,-45.064,-45.064,,-46.388,-46.388,-46.388
05-01-2026-Fri 14-11-05-PM,-46.42,-46.42,-45.097,-45.097,-45.097,-47.281,-47.281,-47.281,-46.42,,-45.097,-45.097,,-46.42,-46.42,-46.42
05-01-2026-Fri 14-11-06-PM,-46.454,-46.454,-45.13,-45.13,-45.13,-47.248,-47.248,-47.248,-46.454,,-45.13,-45.13,,-46.454,-46.454,-46.454
05-01-2026-Fri 14-11-08-PM,-46.487,-46.487,-45.13,-45.13,-45.13,-47.281,-47.281,-47.281,-46.487,,-45.13,-45.13,,-46.487,-46.487,-46.487
05-01-2026-Fri 14-11-09-PM,-46.487,-46.487,-45.196,-45.196,-45.196,-47.314,-47.314,-47.314,-46.487,,-45.196,-45.196,,-46.487,-46.487,-46.487
05-01-2026-Fri 14-11-10-PM,-46.52,-46.52,-45.163,-45.163,-45.163,-47.314,-47.314,-47.314,-46.52,,-45.163,-45.163,,-46.52,-46.52,-46.52
05-01-2026-Fri 14-11-12-PM,-46.52,-46.52,-45.196,-45.196,-45.196,-47.347,-47.347,-47.347,-46.52,,-45.196,-45.196,,-46.52,-46.52,-46.52
05-01-2026-Fri 14-11-13-PM,-46.553,-46.553,-45.262,-45.262,-45.262,-47.38,-47.38,-47.38,-46.553,,-45.262,-45.262,,-46.553,-46.553,-46.553
05-01-2026-Fri 14-11-14-PM,-46.553,-46.553,-45.262,-45.262,-45.262,-47.446,-47.446,-47.446,-46.553,,-45.262,-45.262,,-46.553,-46.553,-46.553
05-01-2026-Fri 14-11-16-PM,-46.619,-46.619,-45.262,-45.262,-45.262,-47.413,-47.413,-47.413,-46.619,,-45.262,-45.262,,-46.619,-46.619,-46.619
05-01-2026-Fri 14-11-17-PM,-46.586,-46.586,-45.295,-45.295,-45.295,-47.446,-47.446,-47.446,-46.586,,-45.295,-45.295,,-46.586,-46.586,-46.586
05-01-2026-Fri 14-11-18-PM,-46.652,-46.652,-45.328,-45.328,-45.328,-47.479,-47.479,-47.479,-46.652,,-45.328,-45.328,,-46.652,-46.652,-46.652
05-01-2026-Fri 14-11-20-PM,-46.652,-46.652,-45.328,-45.328,-45.328,-47.512,-47.512,-47.512,-46.652,,-45.328,-45.328,,-46.652,-46.652,-46.652
05-01-2026-Fri 14-11-21-PM,-46.685,-46.685,-45.362,-45.362,-45.362,-47.479,-47.479,-47.479,-46.685,,-45.362,-45.362,,-46.685,-46.685,-46.685
05-01-2026-Fri 14-11-23-PM,-46.685,-46.685,-45.362,-45.362,-45.362,-47.545,-47.545,-47.545,-46.685,,-45.362,-45.362,,-46.685,-46.685,-46.685
05-01-2026-Fri 14-11-24-PM,-46.751,-46.751,-45.395,-45.395,-45.395,-47.545,-47.545,-47.545,-46.751,,-45.395,-45.395,,-46.751,-46.751,-46.751
05-01-2026-Fri 14-11-25-PM,-46.751,-46.751,-45.428,-45.428,-45.428,-47.611,-47.611,-47.611,-46.751,,-45.428,-45.428,,-46.751,-46.751,-46.751
05-01-2026-Fri 14-11-27-PM,-46.751,-46.751,-45.428,-45.428,-45.428,-47.545,-47.545,-47.545,-46.751,,-45.428,-45.428,,-46.751,-46.751,-46.751
05-01-2026-Fri 14-11-28-PM,-46.784,-46.784,-45.461,-45.461,-45.461,-47.644,-47.644,-47.644,-46.784,,-45.461,-45.461,,-46.784,-46.784,-46.784
05-01-2026-Fri 14-11-30-PM,-46.818,-46.818,-45.461,-45.461,-45.461,-47.611,-47.611,-47.611,-46.818,,-45.461,-45.461,,-46.818,-46.818,-46.818
05-01-2026-Fri 14-11-31-PM,-46.85,-46.85,-45.494,-45.494,-45.494,-47.611,-47.611,-47.611,-46.85,,-45.494,-45.494,,-46.85,-46.85,-46.85
05-01-2026-Fri 14-11-32-PM,-46.85,-46.85,-45.527,-45.527,-45.527,-47.677,-47.677,-47.677,-46.85,,-45.527,-45.527,,-46.85,-46.85,-46.85
05-01-2026-Fri 14-11-34-PM,-46.884,-46.884,-45.527,-45.527,-45.527,-47.711,-47.711,-47.711,-46.884,,-45.527,-45.527,,-46.884,-46.884,-46.884
05-01-2026-Fri 14-11-35-PM,-46.884,-46.884,-45.56,-45.56,-45.56,-47.711,-47.711,-47.711,-46.884,,-45.56,-45.56,,-46.884,-46.884,-46.884
05-01-2026-Fri 14-11-36-PM,-46.917,-46.917,-45.593,-45.593,-45.593,-47.777,-47.777,-47.777,-46.917,,-45.593,-45.593,,-46.917,-46.917,-46.917
05-01-2026-Fri 14-11-38-PM,-46.95,-46.95,-45.593,-45.593,-45.593,-47.777,-47.777,-47.777,-46.95,,-45.593,-45.593,,-46.95,-46.95,-46.95
05-01-2026-Fri 14-11-39-PM,-46.95,-46.95,-45.626,-45.626,-45.626,-47.81,-47.81,-47.81,-46.95,,-45.626,-45.626,,-46.95,-46.95,-46.95
05-01-2026-Fri 14-11-41-PM,-46.983,-46.983,-45.626,-45.626,-45.626,-47.81,-47.81,-47.81,-46.983,,-45.626,-45.626,,-46.983,-46.983,-46.983
05-01-2026-Fri 14-11-42-PM,-47.016,-47.016,-45.66,-45.66,-45.66,-47.843,-47.843,-47.843,-47.016,,-45.66,-45.66,,-47.016,-47.016,-47.016
05-01-2026-Fri 14-11-44-PM,-47.016,-47.016,-45.66,-45.66,-45.66,-47.843,-47.843,-47.843,-47.016,,-45.66,-45.66,,-47.016,-47.016,-47.016
05-01-2026-Fri 14-11-47-PM,-47.016,-47.016,-45.66,-45.66,-45.66,-47.876,-47.876,-47.876,-47.016,,-45.66,-45.66,,-47.016,-47.016,-47.016
05-01-2026-Fri 14-11-48-PM,-47.082,-47.082,-45.759,-45.759,-45.759,-47.909,-47.909,-47.909,-47.082,,-45.759,-45.759,,-47.082,-47.082,-47.082
05-01-2026-Fri 14-11-49-PM,-47.082,-47.082,-45.759,-45.759,-45.759,-47.975,-47.975,-47.975,-47.082,,-45.759,-45.759,,-47.082,-47.082,-47.082
05-01-2026-Fri 14-11-51-PM,-47.115,-47.115,-45.792,-45.792,-45.792,-47.975,-47.975,-47.975,-47.115,,-45.792,-45.792,,-47.115,-47.115,-47.115
05-01-2026-Fri 14-11-52-PM,-47.148,-47.148,-45.792,-45.792,-45.792,-48.008,-48.008,-48.008,-47.148,,-45.792,-45.792,,-47.148,-47.148,-47.148
05-01-2026-Fri 14-11-54-PM,-47.181,-47.181,-45.792,-45.792,-45.792,-47.975,-47.975,-47.975,-47.181,,-45.792,-45.792,,-47.181,-47.181,-47.181
05-01-2026-Fri 14-11-55-PM,-47.181,-47.181,-45.825,-45.825,-45.825,-48.041,-48.041,-48.041,-47.181,,-45.825,-45.825,,-47.181,-47.181,-47.181
05-01-2026-Fri 14-11-56-PM,-47.214,-47.214,-45.825,-45.825,-45.825,-48.041,-48.041,-48.041,-47.214,,-45.825,-45.825,,-47.214,-47.214,-47.214
05-01-2026-Fri 14-11-58-PM,-47.214,-47.214,-45.858,-45.858,-45.858,-48.074,-48.074,-48.074,-47.214,,-45.858,-45.858,,-47.214,-47.214,-47.214
05-01-2026-Fri 14-11-59-PM,-47.281,-47.281,-45.891,-45.891,-45.891,-48.14,-48.14,-48.14,-47.281,,-45.891,-45.891,,-47.281,-47.281,-47.281
05-01-2026-Fri 14-12-01-PM,-47.281,-47.281,-45.891,-45.891,-45.891,-48.14,-48.14,-48.14,-47.281,,-45.891,-45.891,,-47.281,-47.281,-47.281
05-01-2026-Fri 14-12-02-PM,-47.281,-47.281,-45.924,-45.924,-45.924,-48.107,-48.107,-48.107,-47.281,,-45.924,-45.924,,-47.281,-47.281,-47.281
05-01-2026-Fri 14-12-04-PM,-47.314,-47.314,-45.924,-45.924,-45.924,-48.173,-48.173,-48.173,-47.314,,-45.924,-45.924,,-47.314,-47.314,-47.314
05-01-2026-Fri 14-12-05-PM,-47.314,-47.314,-45.957,-45.957,-45.957,-48.207,-48.207,-48.207,-47.314,,-45.957,-45.957,,-47.314,-47.314,-47.314
05-01-2026-Fri 14-12-06-PM,-47.347,-47.347,-45.957,-45.957,-45.957,-48.207,-48.207,-48.207,-47.347,,-45.957,-45.957,,-47.347,-47.347,-47.347
05-01-2026-Fri 14-12-08-PM,-47.347,-47.347,-45.99,-45.99,-45.99,-48.207,-48.207,-48.207,-47.347,,-45.99,-45.99,,-47.347,-47.347,-47.347
05-01-2026-Fri 14-12-09-PM,-47.38,-47.38,-46.023,-46.023,-46.023,-48.24,-48.24,-48.24,-47.38,,-46.023,-46.023,,-47.38,-47.38,-47.38
05-01-2026-Fri 14-12-10-PM,-47.413,-47.413,-46.023,-46.023,-46.023,-48.273,-48.273,-48.273,-47.413,,-46.023,-46.023,,-47.413,-47.413,-47.413
05-01-2026-Fri 14-12-12-PM,-47.413,-47.413,-46.057,-46.057,-46.057,-48.273,-48.273,-48.273,-47.413,,-46.057,-46.057,,-47.413,-47.413,-47.413
05-01-2026-Fri 14-12-13-PM,-47.446,-47.446,-46.057,-46.057,-46.057,-48.306,-48.306,-48.306,-47.446,,-46.057,-46.057,,-47.446,-47.446,-47.446
05-01-2026-Fri 14-12-14-PM,-47.446,-47.446,-46.057,-46.057,-46.057,-48.273,-48.273,-48.273,-47.446,,-46.057,-46.057,,-47.446,-47.446,-47.446
05-01-2026-Fri 14-12-16-PM,-47.479,-47.479,-46.123,-46.123,-46.123,-48.339,-48.339,-48.339,-47.479,,-46.123,-46.123,,-47.479,-47.479,-47.479
05-01-2026-Fri 14-12-17-PM,-47.512,-47.512,-46.09,-46.09,-46.09,-48.339,-48.339,-48.339,-47.512,,-46.09,-46.09,,-47.512,-47.512,-47.512
05-01-2026-Fri 14-12-19-PM,-47.512,-47.512,-46.123,-46.123,-46.123,-48.339,-48.339,-48.339,-47.512,,-46.123,-46.123,,-47.512,-47.512,-47.512
05-01-2026-Fri 14-12-20-PM,-47.545,-47.545,-46.156,-46.156,-46.156,-48.372,-48.372,-48.372,-47.545,,-46.156,-46.156,,-47.545,-47.545,-47.545
05-01-2026-Fri 14-12-21-PM,-47.578,-47.578,-46.156,-46.156,-46.156,-48.438,-48.438,-48.438,-47.578,,-46.156,-46.156,,-47.578,-47.578,-47.578
05-01-2026-Fri 14-12-23-PM,-47.578,-47.578,-46.189,-46.189,-46.189,-48.405,-48.405,-48.405,-47.578,,-46.189,-46.189,,-47.578,-47.578,-47.578
05-01-2026-Fri 14-12-24-PM,-47.578,-47.578,-46.222,-46.222,-46.222,-48.438,-48.438,-48.438,-47.578,,-46.222,-46.222,,-47.578,-47.578,-47.578
05-01-2026-Fri 14-12-26-PM,-47.611,-47.611,-46.222,-46.222,-46.222,-48.438,-48.438,-48.438,-47.611,,-46.222,-46.222,,-47.611,-47.611,-47.611
05-01-2026-Fri 14-12-27-PM,-47.611,-47.611,-46.222,-46.222,-46.222,-48.471,-48.471,-48.471,-47.611,,-46.222,-46.222,,-47.611,-47.611,-47.611
05-01-2026-Fri 14-12-28-PM,-47.644,-47.644,-46.255,-46.255,-46.255,-48.471,-48.471,-48.471,-47.644,,-46.255,-46.255,,-47.644,-47.644,-47.644
05-01-2026-Fri 14-12-30-PM,-47.677,-47.677,-46.255,-46.255,-46.255,-48.537,-48.537,-48.537,-47.677,,-46.255,-46.255,,-47.677,-47.677,-47.677
05-01-2026-Fri 14-12-31-PM,-47.677,-47.677,-46.288,-46.288,-46.288,-48.537,-48.537,-48.537,-47.677,,-46.288,-46.288,,-47.677,-47.677,-47.677
05-01-2026-Fri 14-12-33-PM,-47.711,-47.711,-46.288,-46.288,-46.288,-48.57,-48.57,-48.57,-47.711,,-46.288,-46.288,,-47.711,-47.711,-47.711
05-01-2026-Fri 14-12-34-PM,-47.744,-47.744,-46.354,-46.354,-46.354,-48.537,-48.537,-48.537,-47.744,,-46.354,-46.354,,-47.744,-47.744,-47.744
05-01-2026-Fri 14-12-35-PM,-47.744,-47.744,-46.321,-46.321,-46.321,-48.636,-48.636,-48.636,-47.744,,-46.321,-46.321,,-47.744,-47.744,-47.744
05-01-2026-Fri 14-12-37-PM,-47.777,-47.777,-46.354,-46.354,-46.354,-48.636,-48.636,-48.636,-47.777,,-46.354,-46.354,,-47.777,-47.777,-47.777
05-01-2026-Fri 14-12-38-PM,-47.777,-47.777,-46.354,-46.354,-46.354,-48.702,-48.702,-48.702,-47.777,,-46.354,-46.354,,-47.777,-47.777,-47.777
05-01-2026-Fri 14-12-39-PM,-47.81,-47.81,-46.354,-46.354,-46.354,-48.603,-48.603,-48.603,-47.81,,-46.354,-46.354,,-47.81,-47.81,-47.81
05-01-2026-Fri 14-12-41-PM,-47.81,-47.81,-46.42,-46.42,-46.42,-48.669,-48.669,-48.669,-47.81,,-46.42,-46.42,,-47.81,-47.81,-47.81
05-01-2026-Fri 14-12-42-PM,-47.843,-47.843,-46.454,-46.454,-46.454,-48.702,-48.702,-48.702,-47.843,,-46.454,-46.454,,-47.843,-47.843,-47.843
05-01-2026-Fri 14-12-44-PM,-47.876,-47.876,-46.454,-46.454,-46.454,-48.736,-48.736,-48.736,-47.876,,-46.454,-46.454,,-47.876,-47.876,-47.876
05-01-2026-Fri 14-12-45-PM,-47.876,-47.876,-46.454,-46.454,-46.454,-48.769,-48.769,-48.769,-47.876,,-46.454,-46.454,,-47.876,-47.876,-47.876
05-01-2026-Fri 14-12-46-PM,-47.876,-47.876,-46.454,-46.454,-46.454,-48.736,-48.736,-48.736,-47.876,,-46.454,-46.454,,-47.876,-47.876,-47.876
05-01-2026-Fri 14-12-48-PM,-47.909,-47.909,-46.52,-46.52,-46.52,-48.802,-48.802,-48.802,-47.909,,-46.52,-46.52,,-47.909,-47.909,-47.909
05-01-2026-Fri 14-12-49-PM,-47.942,-47.942,-46.52,-46.52,-46.52,-48.802,-48.802,-48.802,-47.942,,-46.52,-46.52,,-47.942,-47.942,-47.942
05-01-2026-Fri 14-12-51-PM,-47.975,-47.975,-46.52,-46.52,-46.52,-48.802,-48.802,-48.802,-47.975,,-46.52,-46.52,,-47.975,-47.975,-47.975
05-01-2026-Fri 14-12-52-PM,-47.975,-47.975,-46.553,-46.553,-46.553,-48.868,-48.868,-48.868,-47.975,,-46.553,-46.553,,-47.975,-47.975,-47.975
05-01-2026-Fri 14-12-53-PM,-47.975,-47.975,-46.553,-46.553,-46.553,-48.868,-48.868,-48.868,-47.975,,-46.553,-46.553,,-47.975,-47.975,-47.975
05-01-2026-Fri 14-12-55-PM,-48.008,-48.008,-46.586,-46.586,-46.586,-48.901,-48.901,-48.901,-48.008,,-46.586,-46.586,,-48.008,-48.008,-48.008
05-01-2026-Fri 14-12-56-PM,-48.008,-48.008,-46.586,-46.586,-46.586,-48.868,-48.868,-48.868,-48.008,,-46.586,-46.586,,-48.008,-48.008,-48.008
05-01-2026-Fri 14-12-58-PM,-48.041,-48.041,-46.619,-46.619,-46.619,-48.934,-48.934,-48.934,-48.041,,-46.619,-46.619,,-48.041,-48.041,-48.041
05-01-2026-Fri 14-12-59-PM,-48.041,-48.041,-46.619,-46.619,-46.619,-48.934,-48.934,-48.934,-48.041,,-46.619,-46.619,,-48.041,-48.041,-48.041
05-01-2026-Fri 14-13-01-PM,-48.074,-48.074,-46.652,-46.652,-46.652,-48.967,-48.967,-48.967,-48.074,,-46.652,-46.652,,-48.074,-48.074,-48.074
05-01-2026-Fri 14-13-02-PM,-48.074,-48.074,-46.652,-46.652,-46.652,-48.967,-48.967,-48.967,-48.074,,-46.652,-46.652,,-48.074,-48.074,-48.074
05-01-2026-Fri 14-13-03-PM,-48.14,-48.14,-46.685,-46.685,-46.685,-49.0,-49.0,-49.0,-48.14,,-46.685,-46.685,,-48.14,-48.14,-48.14
05-01-2026-Fri 14-13-05-PM,-48.14,-48.14,-46.685,-46.685,-46.685,-49.0,-49.0,-49.0,-48.14,,-46.685,-46.685,,-48.14,-48.14,-48.14
05-01-2026-Fri 14-13-06-PM,-48.173,-48.173,-46.718,-46.718,-46.718,-49.033,-49.033,-49.033,-48.173,,-46.718,-46.718,,-48.173,-48.173,-48.173
05-01-2026-Fri 14-13-08-PM,-48.173,-48.173,-46.718,-46.718,-46.718,-49.0,-49.0,-49.0,-48.173,,-46.718,-46.718,,-48.173,-48.173,-48.173
05-01-2026-Fri 14-13-09-PM,-48.207,-48.207,-46.751,-46.751,-46.751,-49.099,-49.099,-49.099,-48.207,,-46.751,-46.751,,-48.207,-48.207,-48.207
05-01-2026-Fri 14-13-10-PM,-48.207,-48.207,-46.751,-46.751,-46.751,-49.066,-49.066,-49.066,-48.207,,-46.751,-46.751,,-48.207,-48.207,-48.207
05-01-2026-Fri 14-13-12-PM,-48.24,-48.24,-46.818,-46.818,-46.818,-49.132,-49.132,-49.132,-48.24,,-46.818,-46.818,,-48.24,-48.24,-48.24
05-01-2026-Fri 14-13-13-PM,-48.273,-48.273,-46.818,-46.818,-46.818,-49.132,-49.132,-49.132,-48.273,,-46.818,-46.818,,-48.273,-48.273,-48.273
05-01-2026-Fri 14-13-14-PM,-48.273,-48.273,-46.85,-46.85,-46.85,-49.132,-49.132,-49.132,-48.273,,-46.85,-46.85,,-48.273,-48.273,-48.273
05-01-2026-Fri 14-13-16-PM,-48.339,-48.339,-46.917,-46.917,-46.917,-49.198,-49.198,-49.198,-48.339,,-46.917,-46.917,,-48.339,-48.339,-48.339
05-01-2026-Fri 14-13-17-PM,-48.372,-48.372,-46.95,-46.95,-46.95,-49.264,-49.264,-49.264,-48.372,,-46.95,-46.95,,-48.372,-48.372,-48.372
05-01-2026-Fri 14-13-19-PM,-48.405,-48.405,-47.016,-47.016,-47.016,-49.264,-49.264,-49.264,-48.405,,-47.016,-47.016,,-48.405,-48.405,-48.405
05-01-2026-Fri 14-13-20-PM,-48.438,-48.438,-47.016,-47.016,-47.016,-49.264,-49.264,-49.264,-48.438,,-47.016,-47.016,,-48.438,-48.438,-48.438
05-01-2026-Fri 14-13-21-PM,-48.471,-48.471,-47.082,-47.082,-47.082,-49.33,-49.33,-49.33,-48.471,,-47.082,-47.082,,-48.471,-48.471,-48.471
05-01-2026-Fri 14-13-23-PM,-48.537,-48.537,-47.115,-47.115,-47.115,-49.364,-49.364,-49.364,-48.537,,-47.115,-47.115,,-48.537,-48.537,-48.537
05-01-2026-Fri 14-13-24-PM,-48.57,-48.57,-47.181,-47.181,-47.181,-49.463,-49.463,-49.463,-48.57,,-47.181,-47.181,,-48.57,-48.57,-48.57
05-01-2026-Fri 14-13-26-PM,-48.603,-48.603,-47.214,-47.214,-47.214,-49.397,-49.397,-49.397,-48.603,,-47.214,-47.214,,-48.603,-48.603,-48.603
05-01-2026-Fri 14-13-27-PM,-48.636,-48.636,-47.281,-47.281,-47.281,-49.496,-49.496,-49.496,-48.636,,-47.281,-47.281,,-48.636,-48.636,-48.636
05-01-2026-Fri 14-13-28-PM,-48.702,-48.702,-47.314,-47.314,-47.314,-49.529,-49.529,-49.529,-48.702,,-47.314,-47.314,,-48.702,-48.702,-48.702
05-01-2026-Fri 14-13-30-PM,-48.736,-48.736,-47.314,-47.314,-47.314,-49.562,-49.562,-49.562,-48.736,,-47.314,-47.314,,-48.736,-48.736,-48.736
05-01-2026-Fri 14-13-31-PM,-48.769,-48.769,-47.314,-47.314,-47.314,-49.562,-49.562,-49.562,-48.769,,-47.314,-47.314,,-48.769,-48.769,-48.769
05-01-2026-Fri 14-13-33-PM,-48.769,-48.769,-47.38,-47.38,-47.38,-49.628,-49.628,-49.628,-48.769,,-47.38,-47.38,,-48.769,-48.769,-48.769
05-01-2026-Fri 14-13-34-PM,-48.835,-48.835,-47.413,-47.413,-47.413,-49.628,-49.628,-49.628,-48.835,,-47.413,-47.413,,-48.835,-48.835,-48.835
05-01-2026-Fri 14-13-35-PM,-48.868,-48.868,-47.413,-47.413,-47.413,-49.661,-49.661,-49.661,-48.868,,-47.413,-47.413,,-48.868,-48.868,-48.868
05-01-2026-Fri 14-13-37-PM,-48.868,-48.868,-47.479,-47.479,-47.479,-49.727,-49.727,-49.727,-48.868,,-47.479,-47.479,,-48.868,-48.868,-48.868
05-01-2026-Fri 14-13-38-PM,-48.934,-48.934,-47.512,-47.512,-47.512,-49.727,-49.727,-49.727,-48.934,,-47.512,-47.512,,-48.934,-48.934,-48.934
05-01-2026-Fri 14-13-40-PM,-48.934,-48.934,-47.545,-47.545,-47.545,-49.661,-49.661,-49.661,-48.934,,-47.545,-47.545,,-48.934,-48.934,-48.934
05-01-2026-Fri 14-13-41-PM,-48.967,-48.967,-47.545,-47.545,-47.545,-49.793,-49.793,-49.793,-48.967,,-47.545,-47.545,,-48.967,-48.967,-48.967
05-01-2026-Fri 14-13-42-PM,-49.0,-49.0,-47.611,-47.611,-47.611,-49.793,-49.793,-49.793,-49.0,,-47.611,-47.611,,-49.0,-49.0,-49.0
05-01-2026-Fri 14-13-44-PM,-49.033,-49.033,-47.644,-47.644,-47.644,-49.826,-49.826,-49.826,-49.033,,-47.644,-47.644,,-49.033,-49.033,-49.033
05-01-2026-Fri 14-13-46-PM,-49.066,-49.066,-47.677,-47.677,-47.677,-49.892,-49.892,-49.892,-49.066,,-47.677,-47.677,,-49.066,-49.066,-49.066
05-01-2026-Fri 14-13-49-PM,-49.099,-49.099,-47.711,-47.711,-47.711,-49.925,-49.925,-49.925,-49.099,,-47.711,-47.711,,-49.099,-49.099,-49.099
05-01-2026-Fri 14-13-52-PM,-49.198,-49.198,-47.777,-47.777,-47.777,-49.991,-49.991,-49.991,-49.198,,-47.777,-47.777,,-49.198,-49.198,-49.198
05-01-2026-Fri 14-13-55-PM,-49.264,-49.264,-47.843,-47.843,-47.843,-50.058,-50.058,-50.058,-49.264,,-47.843,-47.843,,-49.264,-49.264,-49.264
05-01-2026-Fri 14-13-57-PM,-49.298,-49.298,-47.909,-47.909,-47.909,-50.091,-50.091,-50.091,-49.298,,-47.909,-47.909,,-49.298,-49.298,-49.298
05-01-2026-Fri 14-14-00-PM,-49.397,-49.397,-47.975,-47.975,-47.975,-50.223,-50.223,-50.223,-49.397,,-47.975,-47.975,,-49.397,-49.397,-49.397
05-01-2026-Fri 14-14-03-PM,-49.43,-49.43,-48.008,-48.008,-48.008,-50.223,-50.223,-50.223,-49.43,,-48.008,-48.008,,-49.43,-49.43,-49.43
05-01-2026-Fri 14-14-05-PM,-49.496,-49.496,-48.074,-48.074,-48.074,-50.322,-50.322,-50.322,-49.496,,-48.074,-48.074,,-49.496,-49.496,-49.496
05-01-2026-Fri 14-14-08-PM,-49.562,-49.562,-48.107,-48.107,-48.107,-50.355,-50.355,-50.355,-49.562,,-48.107,-48.107,,-49.562,-49.562,-49.562
05-01-2026-Fri 14-14-11-PM,-49.628,-49.628,-48.173,-48.173,-48.173,-50.421,-50.421,-50.421,-49.628,,-48.173,-48.173,,-49.628,-49.628,-49.628
05-01-2026-Fri 14-14-14-PM,-49.694,-49.694,-48.24,-48.24,-48.24,-50.421,-50.421,-50.421,-49.694,,-48.24,-48.24,,-49.694,-49.694,-49.694
05-01-2026-Fri 14-14-16-PM,-49.694,-49.694,-48.306,-48.306,-48.306,-50.487,-50.487,-50.487,-49.694,,-48.306,-48.306,,-49.694,-49.694,-49.694
05-01-2026-Fri 14-14-18-PM,-49.76,-49.76,-48.339,-48.339,-48.339,-50.619,-50.619,-50.619,-49.76,,-48.339,-48.339,,-49.76,-49.76,-49.76
05-01-2026-Fri 14-14-19-PM,-49.793,-49.793,-48.372,-48.372,-48.372,-50.586,-50.586,-50.586,-49.793,,-48.372,-48.372,,-49.793,-49.793,-49.793
05-01-2026-Fri 14-14-21-PM,-49.826,-49.826,-48.405,-48.405,-48.405,-50.586,-50.586,-50.586,-49.826,,-48.405,-48.405,,-49.826,-49.826,-49.826
05-01-2026-Fri 14-14-23-PM,-49.859,-49.859,-48.438,-48.438,-48.438,-50.619,-50.619,-50.619,-49.859,,-48.438,-48.438,,-49.859,-49.859,-49.859
05-01-2026-Fri 14-14-26-PM,-49.892,-49.892,-48.471,-48.471,-48.471,-50.718,-50.718,-50.718,-49.892,,-48.471,-48.471,,-49.892,-49.892,-49.892
05-01-2026-Fri 14-14-29-PM,-49.958,-49.958,-48.537,-48.537,-48.537,-50.751,-50.751,-50.751,-49.958,,-48.537,-48.537,,-49.958,-49.958,-49.958
05-01-2026-Fri 14-14-31-PM,-50.024,-50.024,-48.603,-48.603,-48.603,-50.85,-50.85,-50.85,-50.024,,-48.603,-48.603,,-50.024,-50.024,-50.024
05-01-2026-Fri 14-14-34-PM,-50.058,-50.058,-48.636,-48.636,-48.636,-50.916,-50.916,-50.916,-50.058,,-48.636,-48.636,,-50.058,-50.058,-50.058
05-01-2026-Fri 14-14-37-PM,-50.091,-50.091,-48.702,-48.702,-48.702,-50.95,-50.95,-50.95,-50.091,,-48.702,-48.702,,-50.091,-50.091,-50.091
05-01-2026-Fri 14-14-39-PM,-50.19,-50.19,-48.736,-48.736,-48.736,-50.982,-50.982,-50.982,-50.19,,-48.736,-48.736,,-50.19,-50.19,-50.19
05-01-2026-Fri 14-14-42-PM,-50.223,-50.223,-48.802,-48.802,-48.802,-51.016,-51.016,-51.016,-50.223,,-48.802,-48.802,,-50.223,-50.223,-50.223
05-01-2026-Fri 14-14-44-PM,-50.256,-50.256,-48.802,-48.802,-48.802,-51.115,-51.115,-51.115,-50.256,,-48.802,-48.802,,-50.256,-50.256,-50.256
05-01-2026-Fri 14-14-46-PM,-50.289,-50.289,-48.868,-48.868,-48.868,-51.148,-51.148,-51.148,-50.289,,-48.868,-48.868,,-50.289,-50.289,-50.289
05-01-2026-Fri 14-14-48-PM,-50.322,-50.322,-48.868,-48.868,-48.868,-51.148,-51.148,-51.148,-50.322,,-48.868,-48.868,,-50.322,-50.322,-50.322
05-01-2026-Fri 14-14-49-PM,-50.355,-50.355,-48.901,-48.901,-48.901,-51.214,-51.214,-51.214,-50.355,,-48.901,-48.901,,-50.355,-50.355,-50.355
05-01-2026-Fri 14-14-50-PM,-50.421,-50.421,-48.967,-48.967,-48.967,-51.247,-51.247,-51.247,-50.421,,-48.967,-48.967,,-50.421,-50.421,-50.421
05-01-2026-Fri 14-14-52-PM,-50.421,-50.421,-48.967,-48.967,-48.967,-51.247,-51.247,-51.247,-50.421,,-48.967,-48.967,,-50.421,-50.421,-50.421
05-01-2026-Fri 14-14-53-PM,-50.454,-50.454,-49.0,-49.0,-49.0,-51.247,-51.247,-51.247,-50.454,,-49.0,-49.0,,-50.454,-50.454,-50.454
05-01-2026-Fri 14-14-54-PM,-50.487,-50.487,-49.0,-49.0,-49.0,-51.28,-51.28,-51.28,-50.487,,-49.0,-49.0,,-50.487,-50.487,-50.487
05-01-2026-Fri 14-14-56-PM,-50.487,-50.487,-49.033,-49.033,-49.033,-51.313,-51.313,-51.313,-50.487,,-49.033,-49.033,,-50.487,-50.487,-50.487
05-01-2026-Fri 14-14-57-PM,-50.553,-50.553,-49.066,-49.066,-49.066,-51.346,-51.346,-51.346,-50.553,,-49.066,-49.066,,-50.553,-50.553,-50.553
05-01-2026-Fri 14-14-59-PM,-50.52,-50.52,-49.099,-49.099,-49.099,-51.412,-51.412,-51.412,-50.52,,-49.099,-49.099,,-50.52,-50.52,-50.52
05-01-2026-Fri 14-15-00-PM,-50.553,-50.553,-49.099,-49.099,-49.099,-51.445,-51.445,-51.445,-50.553,,-49.099,-49.099,,-50.553,-50.553,-50.553
05-01-2026-Fri 14-15-01-PM,-50.586,-50.586,-49.132,-49.132,-49.132,-51.445,-51.445,-51.445,-50.586,,-49.132,-49.132,,-50.586,-50.586,-50.586
05-01-2026-Fri 14-15-03-PM,-50.619,-50.619,-49.165,-49.165,-49.165,-51.478,-51.478,-51.478,-50.619,,-49.165,-49.165,,-50.619,-50.619,-50.619
05-01-2026-Fri 14-15-05-PM,-50.652,-50.652,-49.198,-49.198,-49.198,-51.478,-51.478,-51.478,-50.652,,-49.198,-49.198,,-50.652,-50.652,-50.652
05-01-2026-Fri 14-15-07-PM,-50.685,-50.685,-49.231,-49.231,-49.231,-51.544,-51.544,-51.544,-50.685,,-49.231,-49.231,,-50.685,-50.685,-50.685
05-01-2026-Fri 14-15-10-PM,-50.718,-50.718,-49.231,-49.231,-49.231,-51.577,-51.577,-51.577,-50.718,,-49.231,-49.231,,-50.718,-50.718,-50.718
05-01-2026-Fri 14-15-11-PM,-50.784,-50.784,-49.298,-49.298,-49.298,-51.643,-51.643,-51.643,-50.784,,-49.298,-49.298,,-50.784,-50.784,-50.784
05-01-2026-Fri 14-15-13-PM,-50.817,-50.817,-49.298,-49.298,-49.298,-51.643,-51.643,-51.643,-50.817,,-49.298,-49.298,,-50.817,-50.817,-50.817
05-01-2026-Fri 14-15-14-PM,-50.817,-50.817,-49.364,-49.364,-49.364,-51.676,-51.676,-51.676,-50.817,,-49.364,-49.364,,-50.817,-50.817,-50.817
05-01-2026-Fri 14-15-15-PM,-50.85,-50.85,-49.364,-49.364,-49.364,-51.709,-51.709,-51.709,-50.85,,-49.364,-49.364,,-50.85,-50.85,-50.85
05-01-2026-Fri 14-15-17-PM,-50.884,-50.884,-49.397,-49.397,-49.397,-51.775,-51.775,-51.775,-50.884,,-49.397,-49.397,,-50.884,-50.884,-50.884
05-01-2026-Fri 14-15-18-PM,-50.916,-50.916,-49.43,-49.43,-49.43,-51.775,-51.775,-51.775,-50.916,,-49.43,-49.43,,-50.916,-50.916,-50.916
05-01-2026-Fri 14-15-20-PM,-50.916,-50.916,-49.43,-49.43,-49.43,-51.775,-51.775,-51.775,-50.916,,-49.43,-49.43,,-50.916,-50.916,-50.916
05-01-2026-Fri 14-15-21-PM,-50.95,-50.95,-49.463,-49.463,-49.463,-51.808,-51.808,-51.808,-50.95,,-49.463,-49.463,,-50.95,-50.95,-50.95
05-01-2026-Fri 14-15-22-PM,-50.95,-50.95,-49.496,-49.496,-49.496,-51.808,-51.808,-51.808,-50.95,,-49.496,-49.496,,-50.95,-50.95,-50.95
05-01-2026-Fri 14-15-24-PM,-50.982,-50.982,-49.496,-49.496,-49.496,-51.841,-51.841,-51.841,-50.982,,-49.496,-49.496,,-50.982,-50.982,-50.982
05-01-2026-Fri 14-15-25-PM,-51.016,-51.016,-49.496,-49.496,-49.496,-51.94,-51.94,-51.94,-51.016,,-49.496,-49.496,,-51.016,-51.016,-51.016
05-01-2026-Fri 14-15-27-PM,-51.049,-51.049,-49.529,-49.529,-49.529,-51.94,-51.94,-51.94,-51.049,,-49.529,-49.529,,-51.049,-51.049,-51.049
05-01-2026-Fri 14-15-30-PM,-51.082,-51.082,-49.562,-49.562,-49.562,-51.907,-51.907,-51.907,-51.082,,-49.562,-49.562,,-51.082,-51.082,-51.082
05-01-2026-Fri 14-15-31-PM,-51.148,-51.148,-49.628,-49.628,-49.628,-52.006,-52.006,-52.006,-51.148,,-49.628,-49.628,,-51.148,-51.148,-51.148
05-01-2026-Fri 14-15-32-PM,-51.148,-51.148,-49.661,-49.661,-49.661,-52.006,-52.006,-52.006,-51.148,,-49.661,-49.661,,-51.148,-51.148,-51.148
05-01-2026-Fri 14-15-34-PM,-51.181,-51.181,-49.661,-49.661,-49.661,-52.04,-52.04,-52.04,-51.181,,-49.661,-49.661,,-51.181,-51.181,-51.181
05-01-2026-Fri 14-15-35-PM,-51.214,-51.214,-49.661,-49.661,-49.661,-52.04,-52.04,-52.04,-51.214,,-49.661,-49.661,,-51.214,-51.214,-51.214
05-01-2026-Fri 14-15-36-PM,-51.214,-51.214,-49.727,-49.727,-49.727,-52.106,-52.106,-52.106,-51.214,,-49.727,-49.727,,-51.214,-51.214,-51.214
05-01-2026-Fri 14-15-38-PM,-51.247,-51.247,-49.727,-49.727,-49.727,-52.172,-52.172,-52.172,-51.247,,-49.727,-49.727,,-51.247,-51.247,-51.247
05-01-2026-Fri 14-15-39-PM,-51.247,-51.247,-49.76,-49.76,-49.76,-52.138,-52.138,-52.138,-51.247,,-49.76,-49.76,,-51.247,-51.247,-51.247
05-01-2026-Fri 14-15-41-PM,-51.313,-51.313,-49.76,-49.76,-49.76,-52.172,-52.172,-52.172,-51.313,,-49.76,-49.76,,-51.313,-51.313,-51.313
05-01-2026-Fri 14-15-42-PM,-51.313,-51.313,-49.793,-49.793,-49.793,-52.205,-52.205,-52.205,-51.313,,-49.793,-49.793,,-51.313,-51.313,-51.313
05-01-2026-Fri 14-15-44-PM,-51.346,-51.346,-49.826,-49.826,-49.826,-52.172,-52.172,-52.172,-51.346,,-49.826,-49.826,,-51.346,-51.346,-51.346
05-01-2026-Fri 14-15-46-PM,-51.379,-51.379,-49.826,-49.826,-49.826,-52.238,-52.238,-52.238,-51.379,,-49.826,-49.826,,-51.379,-51.379,-51.379
05-01-2026-Fri 14-15-48-PM,-51.412,-51.412,-49.859,-49.859,-49.859,-52.238,-52.238,-52.238,-51.412,,-49.859,-49.859,,-51.412,-51.412,-51.412
05-01-2026-Fri 14-15-49-PM,-51.412,-51.412,-49.925,-49.925,-49.925,-52.271,-52.271,-52.271,-51.412,,-49.925,-49.925,,-51.412,-51.412,-51.412
05-01-2026-Fri 14-15-51-PM,-51.478,-51.478,-49.925,-49.925,-49.925,-52.337,-52.337,-52.337,-51.478,,-49.925,-49.925,,-51.478,-51.478,-51.478
05-01-2026-Fri 14-15-52-PM,-51.511,-51.511,-49.925,-49.925,-49.925,-52.37,-52.37,-52.37,-51.511,,-49.925,-49.925,,-51.511,-51.511,-51.511
05-01-2026-Fri 14-15-53-PM,-51.511,-51.511,-49.991,-49.991,-49.991,-52.304,-52.304,-52.304,-51.511,,-49.991,-49.991,,-51.511,-51.511,-51.511
05-01-2026-Fri 14-15-55-PM,-51.544,-51.544,-49.991,-49.991,-49.991,-52.37,-52.37,-52.37,-51.544,,-49.991,-49.991,,-51.544,-51.544,-51.544
05-01-2026-Fri 14-15-56-PM,-51.577,-51.577,-50.024,-50.024,-50.024,-52.436,-52.436,-52.436,-51.577,,-50.024,-50.024,,-51.577,-51.577,-51.577
05-01-2026-Fri 14-15-58-PM,-51.577,-51.577,-50.024,-50.024,-50.024,-52.502,-52.502,-52.502,-51.577,,-50.024,-50.024,,-51.577,-51.577,-51.577
05-01-2026-Fri 14-15-59-PM,-51.61,-51.61,-50.058,-50.058,-50.058,-52.535,-52.535,-52.535,-51.61,,-50.058,-50.058,,-51.61,-51.61,-51.61
05-01-2026-Fri 14-16-00-PM,-51.643,-51.643,-50.091,-50.091,-50.091,-52.502,-52.502,-52.502,-51.643,,-50.091,-50.091,,-51.643,-51.643,-51.643
05-01-2026-Fri 14-16-02-PM,-51.676,-51.676,-50.124,-50.124,-50.124,-52.535,-52.535,-52.535,-51.676,,-50.124,-50.124,,-51.676,-51.676,-51.676
05-01-2026-Fri 14-16-03-PM,-51.676,-51.676,-50.124,-50.124,-50.124,-52.568,-52.568,-52.568,-51.676,,-50.124,-50.124,,-51.676,-51.676,-51.676
05-01-2026-Fri 14-16-05-PM,-51.709,-51.709,-50.157,-50.157,-50.157,-52.535,-52.535,-52.535,-51.709,,-50.157,-50.157,,-51.709,-51.709,-51.709
05-01-2026-Fri 14-16-06-PM,-51.709,-51.709,-50.157,-50.157,-50.157,-52.568,-52.568,-52.568,-51.709,,-50.157,-50.157,,-51.709,-51.709,-51.709
05-01-2026-Fri 14-16-07-PM,-51.742,-51.742,-50.157,-50.157,-50.157,-52.601,-52.601,-52.601,-51.742,,-50.157,-50.157,,-51.742,-51.742,-51.742
05-01-2026-Fri 14-16-09-PM,-51.742,-51.742,-50.19,-50.19,-50.19,-52.634,-52.634,-52.634,-51.742,,-50.19,-50.19,,-51.742,-51.742,-51.742
05-01-2026-Fri 14-16-10-PM,-51.775,-51.775,-50.223,-50.223,-50.223,-52.7,-52.7,-52.7,-51.775,,-50.223,-50.223,,-51.775,-51.775,-51.775
05-01-2026-Fri 14-16-11-PM,-51.808,-51.808,-50.223,-50.223,-50.223,-52.667,-52.667,-52.667,-51.808,,-50.223,-50.223,,-51.808,-51.808,-51.808
05-01-2026-Fri 14-16-13-PM,-51.841,-51.841,-50.256,-50.256,-50.256,-52.733,-52.733,-52.733,-51.841,,-50.256,-50.256,,-51.841,-51.841,-51.841
05-01-2026-Fri 14-16-14-PM,-51.841,-51.841,-50.256,-50.256,-50.256,-52.733,-52.733,-52.733,-51.841,,-50.256,-50.256,,-51.841,-51.841,-51.841
05-01-2026-Fri 14-16-15-PM,-51.874,-51.874,-50.289,-50.289,-50.289,-52.766,-52.766,-52.766,-51.874,,-50.289,-50.289,,-51.874,-51.874,-51.874
05-01-2026-Fri 14-16-17-PM,-51.907,-51.907,-50.289,-50.289,-50.289,-52.766,-52.766,-52.766,-51.907,,-50.289,-50.289,,-51.907,-51.907,-51.907
05-01-2026-Fri 14-16-18-PM,-51.94,-51.94,-50.322,-50.322,-50.322,-52.799,-52.799,-52.799,-51.94,,-50.322,-50.322,,-51.94,-51.94,-51.94
05-01-2026-Fri 14-16-20-PM,-51.94,-51.94,-50.322,-50.322,-50.322,-52.865,-52.865,-52.865,-51.94,,-50.322,-50.322,,-51.94,-51.94,-51.94
05-01-2026-Fri 14-16-21-PM,-51.973,-51.973,-50.355,-50.355,-50.355,-52.865,-52.865,-52.865,-51.973,,-50.355,-50.355,,-51.973,-51.973,-51.973
05-01-2026-Fri 14-16-22-PM,-52.006,-52.006,-50.388,-50.388,-50.388,-52.898,-52.898,-52.898,-52.006,,-50.388,-50.388,,-52.006,-52.006,-52.006
05-01-2026-Fri 14-16-24-PM,-52.006,-52.006,-50.421,-50.421,-50.421,-52.865,-52.865,-52.865,-52.006,,-50.421,-50.421,,-52.006,-52.006,-52.006
05-01-2026-Fri 14-16-25-PM,-52.04,-52.04,-50.421,-50.421,-50.421,-52.898,-52.898,-52.898,-52.04,,-50.421,-50.421,,-52.04,-52.04,-52.04
05-01-2026-Fri 14-16-27-PM,-52.072,-52.072,-50.454,-50.454,-50.454,-52.964,-52.964,-52.964,-52.072,,-50.454,-50.454,,-52.072,-52.072,-52.072
05-01-2026-Fri 14-16-28-PM,-52.106,-52.106,-50.454,-50.454,-50.454,-52.964,-52.964,-52.964,-52.106,,-50.454,-50.454,,-52.106,-52.106,-52.106
05-01-2026-Fri 14-16-29-PM,-52.106,-52.106,-50.52,-50.52,-50.52,-52.997,-52.997,-52.997,-52.106,,-50.52,-50.52,,-52.106,-52.106,-52.106
05-01-2026-Fri 14-16-31-PM,-52.138,-52.138,-50.52,-50.52,-50.52,-52.997,-52.997,-52.997,-52.138,,-50.52,-50.52,,-52.138,-52.138,-52.138
05-01-2026-Fri 14-16-32-PM,-52.138,-52.138,-50.553,-50.553,-50.553,-53.03,-53.03,-53.03,-52.138,,-50.553,-50.553,,-52.138,-52.138,-52.138
05-01-2026-Fri 14-16-34-PM,-52.172,-52.172,-50.553,-50.553,-50.553,-53.03,-53.03,-53.03,-52.172,,-50.553,-50.553,,-52.172,-52.172,-52.172
05-01-2026-Fri 14-16-35-PM,-52.205,-52.205,-50.586,-50.586,-50.586,-53.096,-53.096,-53.096,-52.205,,-50.586,-50.586,,-52.205,-52.205,-52.205
05-01-2026-Fri 14-16-36-PM,-52.205,-52.205,-50.586,-50.586,-50.586,-53.129,-53.129,-53.129,-52.205,,-50.586,-50.586,,-52.205,-52.205,-52.205
05-01-2026-Fri 14-16-38-PM,-52.238,-52.238,-50.619,-50.619,-50.619,-53.129,-53.129,-53.129,-52.238,,-50.619,-50.619,,-52.238,-52.238,-52.238
05-01-2026-Fri 14-16-39-PM,-52.238,-52.238,-50.652,-50.652,-50.652,-53.162,-53.162,-53.162,-52.238,,-50.652,-50.652,,-52.238,-52.238,-52.238
05-01-2026-Fri 14-16-41-PM,-52.271,-52.271,-50.652,-50.652,-50.652,-53.162,-53.162,-53.162,-52.271,,-50.652,-50.652,,-52.271,-52.271,-52.271
05-01-2026-Fri 14-16-42-PM,-52.304,-52.304,-50.652,-50.652,-50.652,-53.195,-53.195,-53.195,-52.304,,-50.652,-50.652,,-52.304,-52.304,-52.304
05-01-2026-Fri 14-16-43-PM,-52.304,-52.304,-50.685,-50.685,-50.685,-53.162,-53.162,-53.162,-52.304,,-50.685,-50.685,,-52.304,-52.304,-52.304
05-01-2026-Fri 14-16-45-PM,-52.337,-52.337,-50.685,-50.685,-50.685,-53.228,-53.228,-53.228,-52.337,,-50.685,-50.685,,-52.337,-52.337,-52.337
05-01-2026-Fri 14-16-46-PM,-52.37,-52.37,-50.718,-50.718,-50.718,-53.261,-53.261,-53.261,-52.37,,-50.718,-50.718,,-52.37,-52.37,-52.37
05-01-2026-Fri 14-16-48-PM,-52.37,-52.37,-50.751,-50.751,-50.751,-53.294,-53.294,-53.294,-52.37,,-50.751,-50.751,,-52.37,-52.37,-52.37
05-01-2026-Fri 14-16-49-PM,-52.403,-52.403,-50.784,-50.784,-50.784,-53.294,-53.294,-53.294,-52.403,,-50.784,-50.784,,-52.403,-52.403,-52.403
05-01-2026-Fri 14-16-50-PM,-52.436,-52.436,-50.784,-50.784,-50.784,-53.327,-53.327,-53.327,-52.436,,-50.784,-50.784,,-52.436,-52.436,-52.436
05-01-2026-Fri 14-16-52-PM,-52.469,-52.469,-50.817,-50.817,-50.817,-53.36,-53.36,-53.36,-52.469,,-50.817,-50.817,,-52.469,-52.469,-52.469
05-01-2026-Fri 14-16-53-PM,-52.469,-52.469,-50.817,-50.817,-50.817,-53.36,-53.36,-53.36,-52.469,,-50.817,-50.817,,-52.469,-52.469,-52.469
05-01-2026-Fri 14-16-55-PM,-52.502,-52.502,-50.85,-50.85,-50.85,-53.426,-53.426,-53.426,-52.502,,-50.85,-50.85,,-52.502,-52.502,-52.502
05-01-2026-Fri 14-16-56-PM,-52.502,-52.502,-50.85,-50.85,-50.85,-53.36,-53.36,-53.36,-52.502,,-50.85,-50.85,,-52.502,-52.502,-52.502
05-01-2026-Fri 14-16-57-PM,-52.535,-52.535,-50.884,-50.884,-50.884,-53.459,-53.459,-53.459,-52.535,,-50.884,-50.884,,-52.535,-52.535,-52.535
05-01-2026-Fri 14-16-59-PM,-52.568,-52.568,-50.884,-50.884,-50.884,-53.459,-53.459,-53.459,-52.568,,-50.884,-50.884,,-52.568,-52.568,-52.568
05-01-2026-Fri 14-17-00-PM,-52.601,-52.601,-50.916,-50.916,-50.916,-53.492,-53.492,-53.492,-52.601,,-50.916,-50.916,,-52.601,-52.601,-52.601
05-01-2026-Fri 14-17-01-PM,-52.634,-52.634,-50.916,-50.916,-50.916,-53.459,-53.459,-53.459,-52.634,,-50.916,-50.916,,-52.634,-52.634,-52.634
05-01-2026-Fri 14-17-03-PM,-52.634,-52.634,-50.95,-50.95,-50.95,-53.492,-53.492,-53.492,-52.634,,-50.95,-50.95,,-52.634,-52.634,-52.634
05-01-2026-Fri 14-17-04-PM,-52.634,-52.634,-50.982,-50.982,-50.982,-53.525,-53.525,-53.525,-52.634,,-50.982,-50.982,,-52.634,-52.634,-52.634
05-01-2026-Fri 14-17-06-PM,-52.667,-52.667,-50.982,-50.982,-50.982,-53.591,-53.591,-53.591,-52.667,,-50.982,-50.982,,-52.667,-52.667,-52.667
05-01-2026-Fri 14-17-07-PM,-52.7,-52.7,-51.016,-51.016,-51.016,-53.558,-53.558,-53.558,-52.7,,-51.016,-51.016,,-52.7,-52.7,-52.7
05-01-2026-Fri 14-17-08-PM,-52.7,-52.7,-51.016,-51.016,-51.016,-53.591,-53.591,-53.591,-52.7,,-51.016,-51.016,,-52.7,-52.7,-52.7
05-01-2026-Fri 14-17-10-PM,-52.733,-52.733,-51.049,-51.049,-51.049,-53.624,-53.624,-53.624,-52.733,,-51.049,-51.049,,-52.733,-52.733,-52.733
05-01-2026-Fri 14-17-11-PM,-52.733,-52.733,-51.049,-51.049,-51.049,-53.657,-53.657,-53.657,-52.733,,-51.049,-51.049,,-52.733,-52.733,-52.733
05-01-2026-Fri 14-17-13-PM,-52.766,-52.766,-51.082,-51.082,-51.082,-53.657,-53.657,-53.657,-52.766,,-51.082,-51.082,,-52.766,-52.766,-52.766
05-01-2026-Fri 14-17-14-PM,-52.766,-52.766,-51.082,-51.082,-51.082,-53.69,-53.69,-53.69,-52.766,,-51.082,-51.082,,-52.766,-52.766,-52.766
05-01-2026-Fri 14-17-15-PM,-52.799,-52.799,-51.115,-51.115,-51.115,-53.723,-53.723,-53.723,-52.799,,-51.115,-51.115,,-52.799,-52.799,-52.799
05-01-2026-Fri 14-17-17-PM,-52.832,-52.832,-51.115,-51.115,-51.115,-53.756,-53.756,-53.756,-52.832,,-51.115,-51.115,,-52.832,-52.832,-52.832
05-01-2026-Fri 14-17-20-PM,-52.832,-52.832,-51.181,-51.181,-51.181,-53.756,-53.756,-53.756,-52.832,,-51.181,-51.181,,-52.832,-52.832,-52.832
05-01-2026-Fri 14-17-21-PM,-52.898,-52.898,-51.214,-51.214,-51.214,-53.789,-53.789,-53.789,-52.898,,-51.214,-51.214,,-52.898,-52.898,-52.898
05-01-2026-Fri 14-17-22-PM,-52.898,-52.898,-51.214,-51.214,-51.214,-53.789,-53.789,-53.789,-52.898,,-51.214,-51.214,,-52.898,-52.898,-52.898
05-01-2026-Fri 14-17-24-PM,-52.931,-52.931,-51.214,-51.214,-51.214,-53.855,-53.855,-53.855,-52.931,,-51.214,-51.214,,-52.931,-52.931,-52.931
05-01-2026-Fri 14-17-25-PM,-52.931,-52.931,-51.247,-51.247,-51.247,-53.855,-53.855,-53.855,-52.931,,-51.247,-51.247,,-52.931,-52.931,-52.931
05-01-2026-Fri 14-17-26-PM,-52.964,-52.964,-51.247,-51.247,-51.247,-53.921,-53.921,-53.921,-52.964,,-51.247,-51.247,,-52.964,-52.964,-52.964
05-01-2026-Fri 14-17-28-PM,-52.997,-52.997,-51.247,-51.247,-51.247,-53.888,-53.888,-53.888,-52.997,,-51.247,-51.247,,-52.997,-52.997,-52.997
05-01-2026-Fri 14-17-29-PM,-52.997,-52.997,-51.313,-51.313,-51.313,-53.954,-53.954,-53.954,-52.997,,-51.313,-51.313,,-52.997,-52.997,-52.997
05-01-2026-Fri 14-17-30-PM,-52.997,-52.997,-51.313,-51.313,-51.313,-53.921,-53.921,-53.921,-52.997,,-51.313,-51.313,,-52.997,-52.997,-52.997
05-01-2026-Fri 14-17-32-PM,-53.03,-53.03,-51.313,-51.313,-51.313,-53.954,-53.954,-53.954,-53.03,,-51.313,-51.313,,-53.03,-53.03,-53.03
05-01-2026-Fri 14-17-33-PM,-53.063,-53.063,-51.346,-51.346,-51.346,-53.987,-53.987,-53.987,-53.063,,-51.346,-51.346,,-53.063,-53.063,-53.063
05-01-2026-Fri 14-17-35-PM,-53.063,-53.063,-51.379,-51.379,-51.379,-54.02,-54.02,-54.02,-53.063,,-51.379,-51.379,,-53.063,-53.063,-53.063
05-01-2026-Fri 14-17-36-PM,-53.096,-53.096,-51.379,-51.379,-51.379,-53.987,-53.987,-53.987,-53.096,,-51.379,-51.379,,-53.096,-53.096,-53.096
05-01-2026-Fri 14-17-37-PM,-53.096,-53.096,-51.412,-51.412,-51.412,-54.02,-54.02,-54.02,-53.096,,-51.412,-51.412,,-53.096,-53.096,-53.096
05-01-2026-Fri 14-17-39-PM,-53.129,-53.129,-51.445,-51.445,-51.445,-54.02,-54.02,-54.02,-53.129,,-51.445,-51.445,,-53.129,-53.129,-53.129
05-01-2026-Fri 14-17-40-PM,-53.129,-53.129,-51.445,-51.445,-51.445,-54.02,-54.02,-54.02,-53.129,,-51.445,-51.445,,-53.129,-53.129,-53.129
05-01-2026-Fri 14-17-42-PM,-53.162,-53.162,-51.478,-51.478,-51.478,-54.053,-54.053,-54.053,-53.162,,-51.478,-51.478,,-53.162,-53.162,-53.162
05-01-2026-Fri 14-17-43-PM,-53.195,-53.195,-51.478,-51.478,-51.478,-54.086,-54.086,-54.086,-53.195,,-51.478,-51.478,,-53.195,-53.195,-53.195
05-01-2026-Fri 14-17-44-PM,-53.195,-53.195,-51.478,-51.478,-51.478,-54.152,-54.152,-54.152,-53.195,,-51.478,-51.478,,-53.195,-53.195,-53.195
05-01-2026-Fri 14-17-46-PM,-53.228,-53.228,-51.511,-51.511,-51.511,-54.119,-54.119,-54.119,-53.228,,-51.511,-51.511,,-53.228,-53.228,-53.228
05-01-2026-Fri 14-17-47-PM,-53.261,-53.261,-51.544,-51.544,-51.544,-54.185,-54.185,-54.185,-53.261,,-51.544,-51.544,,-53.261,-53.261,-53.261
05-01-2026-Fri 14-17-48-PM,-53.261,-53.261,-51.511,-51.511,-51.511,-54.185,-54.185,-54.185,-53.261,,-51.511,-51.511,,-53.261,-53.261,-53.261
05-01-2026-Fri 14-17-50-PM,-53.294,-53.294,-51.577,-51.577,-51.577,-54.218,-54.218,-54.218,-53.294,,-51.577,-51.577,,-53.294,-53.294,-53.294
05-01-2026-Fri 14-17-51-PM,-53.294,-53.294,-51.577,-51.577,-51.577,-54.185,-54.185,-54.185,-53.294,,-51.577,-51.577,,-53.294,-53.294,-53.294
05-01-2026-Fri 14-17-52-PM,-53.327,-53.327,-51.61,-51.61,-51.61,-54.284,-54.284,-54.284,-53.327,,-51.61,-51.61,,-53.327,-53.327,-53.327
05-01-2026-Fri 14-17-54-PM,-53.327,-53.327,-51.61,-51.61,-51.61,-54.218,-54.218,-54.218,-53.327,,-51.61,-51.61,,-53.327,-53.327,-53.327
05-01-2026-Fri 14-17-55-PM,-53.36,-53.36,-51.61,-51.61,-51.61,-54.284,-54.284,-54.284,-53.36,,-51.61,-51.61,,-53.36,-53.36,-53.36
05-01-2026-Fri 14-17-57-PM,-53.36,-53.36,-51.643,-51.643,-51.643,-54.284,-54.284,-54.284,-53.36,,-51.643,-51.643,,-53.36,-53.36,-53.36
05-01-2026-Fri 14-17-58-PM,-53.393,-53.393,-51.643,-51.643,-51.643,-54.317,-54.317,-54.317,-53.393,,-51.643,-51.643,,-53.393,-53.393,-53.393
05-01-2026-Fri 14-18-00-PM,-53.426,-53.426,-51.676,-51.676,-51.676,-54.317,-54.317,-54.317,-53.426,,-51.676,-51.676,,-53.426,-53.426,-53.426
05-01-2026-Fri 14-18-01-PM,-53.426,-53.426,-51.676,-51.676,-51.676,-54.35,-54.35,-54.35,-53.426,,-51.676,-51.676,,-53.426,-53.426,-53.426
05-01-2026-Fri 14-18-03-PM,-53.459,-53.459,-51.709,-51.709,-51.709,-54.317,-54.317,-54.317,-53.459,,-51.709,-51.709,,-53.459,-53.459,-53.459
05-01-2026-Fri 14-18-04-PM,-53.492,-53.492,-51.742,-51.742,-51.742,-54.383,-54.383,-54.383,-53.492,,-51.742,-51.742,,-53.492,-53.492,-53.492
05-01-2026-Fri 14-18-05-PM,-53.525,-53.525,-51.742,-51.742,-51.742,-54.416,-54.416,-54.416,-53.525,,-51.742,-51.742,,-53.525,-53.525,-53.525
05-01-2026-Fri 14-18-07-PM,-53.492,-53.492,-51.742,-51.742,-51.742,-54.449,-54.449,-54.449,-53.492,,-51.742,-51.742,,-53.492,-53.492,-53.492
05-01-2026-Fri 14-18-08-PM,-53.525,-53.525,-51.775,-51.775,-51.775,-54.449,-54.449,-54.449,-53.525,,-51.775,-51.775,,-53.525,-53.525,-53.525
05-01-2026-Fri 14-18-10-PM,-53.525,-53.525,-51.775,-51.775,-51.775,-54.416,-54.416,-54.416,-53.525,,-51.775,-51.775,,-53.525,-53.525,-53.525
05-01-2026-Fri 14-18-11-PM,-53.558,-53.558,-51.808,-51.808,-51.808,-54.482,-54.482,-54.482,-53.558,,-51.808,-51.808,,-53.558,-53.558,-53.558
05-01-2026-Fri 14-18-12-PM,-53.591,-53.591,-51.841,-51.841,-51.841,-54.482,-54.482,-54.482,-53.591,,-51.841,-51.841,,-53.591,-53.591,-53.591
05-01-2026-Fri 14-18-14-PM,-53.591,-53.591,-51.874,-51.874,-51.874,-54.482,-54.482,-54.482,-53.591,,-51.874,-51.874,,-53.591,-53.591,-53.591
05-01-2026-Fri 14-18-15-PM,-53.624,-53.624,-51.841,-51.841,-51.841,-54.515,-54.515,-54.515,-53.624,,-51.841,-51.841,,-53.624,-53.624,-53.624
05-01-2026-Fri 14-18-16-PM,-53.624,-53.624,-51.874,-51.874,-51.874,-54.515,-54.515,-54.515,-53.624,,-51.874,-51.874,,-53.624,-53.624,-53.624
05-01-2026-Fri 14-18-18-PM,-53.657,-53.657,-51.94,-51.94,-51.94,-54.548,-54.548,-54.548,-53.657,,-51.94,-51.94,,-53.657,-53.657,-53.657
05-01-2026-Fri 14-18-19-PM,-53.69,-53.69,-51.907,-51.907,-51.907,-54.614,-54.614,-54.614,-53.69,,-51.907,-51.907,,-53.69,-53.69,-53.69
05-01-2026-Fri 14-18-21-PM,-53.657,-53.657,-51.94,-51.94,-51.94,-54.614,-54.614,-54.614,-53.657,,-51.94,-51.94,,-53.657,-53.657,-53.657
05-01-2026-Fri 14-18-22-PM,-53.723,-53.723,-51.973,-51.973,-51.973,-54.581,-54.581,-54.581,-53.723,,-51.973,-51.973,,-53.723,-53.723,-53.723
05-01-2026-Fri 14-18-24-PM,-53.723,-53.723,-51.94,-51.94,-51.94,-54.614,-54.614,-54.614,-53.723,,-51.94,-51.94,,-53.723,-53.723,-53.723
05-01-2026-Fri 14-18-25-PM,-53.756,-53.756,-51.973,-51.973,-51.973,-54.68,-54.68,-54.68,-53.756,,-51.973,-51.973,,-53.756,-53.756,-53.756
05-01-2026-Fri 14-18-26-PM,-53.756,-53.756,-51.973,-51.973,-51.973,-54.647,-54.647,-54.647,-53.756,,-51.973,-51.973,,-53.756,-53.756,-53.756
05-01-2026-Fri 14-18-28-PM,-53.789,-53.789,-52.006,-52.006,-52.006,-54.68,-54.68,-54.68,-53.789,,-52.006,-52.006,,-53.789,-53.789,-53.789
05-01-2026-Fri 14-18-29-PM,-53.789,-53.789,-52.006,-52.006,-52.006,-54.713,-54.713,-54.713,-53.789,,-52.006,-52.006,,-53.789,-53.789,-53.789
05-01-2026-Fri 14-18-31-PM,-53.822,-53.822,-52.04,-52.04,-52.04,-54.713,-54.713,-54.713,-53.822,,-52.04,-52.04,,-53.822,-53.822,-53.822
05-01-2026-Fri 14-18-32-PM,-53.822,-53.822,-52.04,-52.04,-52.04,-54.746,-54.746,-54.746,-53.822,,-52.04,-52.04,,-53.822,-53.822,-53.822
05-01-2026-Fri 14-18-33-PM,-53.855,-53.855,-52.072,-52.072,-52.072,-54.746,-54.746,-54.746,-53.855,,-52.072,-52.072,,-53.855,-53.855,-53.855
05-01-2026-Fri 14-18-35-PM,-53.855,-53.855,-52.106,-52.106,-52.106,-54.746,-54.746,-54.746,-53.855,,-52.106,-52.106,,-53.855,-53.855,-53.855
05-01-2026-Fri 14-18-36-PM,-53.888,-53.888,-52.138,-52.138,-52.138,-54.779,-54.779,-54.779,-53.888,,-52.138,-52.138,,-53.888,-53.888,-53.888
05-01-2026-Fri 14-18-38-PM,-53.921,-53.921,-52.138,-52.138,-52.138,-54.812,-54.812,-54.812,-53.921,,-52.138,-52.138,,-53.921,-53.921,-53.921
05-01-2026-Fri 14-18-39-PM,-53.921,-53.921,-52.138,-52.138,-52.138,-54.779,-54.779,-54.779,-53.921,,-52.138,-52.138,,-53.921,-53.921,-53.921
05-01-2026-Fri 14-18-40-PM,-53.954,-53.954,-52.138,-52.138,-52.138,-54.812,-54.812,-54.812,-53.954,,-52.138,-52.138,,-53.954,-53.954,-53.954
05-01-2026-Fri 14-18-42-PM,-53.954,-53.954,-52.172,-52.172,-52.172,-54.812,-54.812,-54.812,-53.954,,-52.172,-52.172,,-53.954,-53.954,-53.954
05-01-2026-Fri 14-18-43-PM,-53.954,-53.954,-52.172,-52.172,-52.172,-54.845,-54.845,-54.845,-53.954,,-52.172,-52.172,,-53.954,-53.954,-53.954
05-01-2026-Fri 14-18-45-PM,-53.987,-53.987,-52.205,-52.205,-52.205,-54.878,-54.878,-54.878,-53.987,,-52.205,-52.205,,-53.987,-53.987,-53.987
05-01-2026-Fri 14-18-46-PM,-53.987,-53.987,-52.205,-52.205,-52.205,-54.911,-54.911,-54.911,-53.987,,-52.205,-52.205,,-53.987,-53.987,-53.987
05-01-2026-Fri 14-18-47-PM,-53.987,-53.987,-52.271,-52.271,-52.271,-54.878,-54.878,-54.878,-53.987,,-52.271,-52.271,,-53.987,-53.987,-53.987
05-01-2026-Fri 14-18-49-PM,-54.02,-54.02,-52.238,-52.238,-52.238,-54.911,-54.911,-54.911,-54.02,,-52.238,-52.238,,-54.02,-54.02,-54.02
05-01-2026-Fri 14-18-51-PM,-54.053,-54.053,-52.238,-52.238,-52.238,-54.944,-54.944,-54.944,-54.053,,-52.238,-52.238,,-54.053,-54.053,-54.053
05-01-2026-Fri 14-18-54-PM,-54.086,-54.086,-52.271,-52.271,-52.271,-54.944,-54.944,-54.944,-54.086,,-52.271,-52.271,,-54.086,-54.086,-54.086
05-01-2026-Fri 14-18-56-PM,-54.119,-54.119,-52.337,-52.337,-52.337,-55.043,-55.043,-55.043,-54.119,,-52.337,-52.337,,-54.119,-54.119,-54.119
05-01-2026-Fri 14-18-57-PM,-54.152,-54.152,-52.337,-52.337,-52.337,-54.977,-54.977,-54.977,-54.152,,-52.337,-52.337,,-54.152,-54.152,-54.152
05-01-2026-Fri 14-18-59-PM,-54.152,-54.152,-52.37,-52.37,-52.37,-55.043,-55.043,-55.043,-54.152,,-52.37,-52.37,,-54.152,-54.152,-54.152
05-01-2026-Fri 14-19-00-PM,-54.152,-54.152,-52.37,-52.37,-52.37,-55.043,-55.043,-55.043,-54.152,,-52.37,-52.37,,-54.152,-54.152,-54.152
05-01-2026-Fri 14-19-02-PM,-54.185,-54.185,-52.436,-52.436,-52.436,-55.076,-55.076,-55.076,-54.185,,-52.436,-52.436,,-54.185,-54.185,-54.185
05-01-2026-Fri 14-19-03-PM,-54.185,-54.185,-52.403,-52.403,-52.403,-55.108,-55.108,-55.108,-54.185,,-52.403,-52.403,,-54.185,-54.185,-54.185
05-01-2026-Fri 14-19-05-PM,-54.218,-54.218,-52.403,-52.403,-52.403,-55.142,-55.142,-55.142,-54.218,,-52.403,-52.403,,-54.218,-54.218,-54.218
05-01-2026-Fri 14-19-06-PM,-54.218,-54.218,-52.469,-52.469,-52.469,-55.108,-55.108,-55.108,-54.218,,-52.469,-52.469,,-54.218,-54.218,-54.218
05-01-2026-Fri 14-19-07-PM,-54.251,-54.251,-52.469,-52.469,-52.469,-55.142,-55.142,-55.142,-54.251,,-52.469,-52.469,,-54.251,-54.251,-54.251
05-01-2026-Fri 14-19-09-PM,-54.251,-54.251,-52.469,-52.469,-52.469,-55.175,-55.175,-55.175,-54.251,,-52.469,-52.469,,-54.251,-54.251,-54.251
05-01-2026-Fri 14-19-10-PM,-54.284,-54.284,-52.469,-52.469,-52.469,-55.175,-55.175,-55.175,-54.284,,-52.469,-52.469,,-54.284,-54.284,-54.284
05-01-2026-Fri 14-19-12-PM,-54.284,-54.284,-52.502,-52.502,-52.502,-55.175,-55.175,-55.175,-54.284,,-52.502,-52.502,,-54.284,-54.284,-54.284
05-01-2026-Fri 14-19-13-PM,-54.317,-54.317,-52.535,-52.535,-52.535,-55.175,-55.175,-55.175,-54.317,,-52.535,-52.535,,-54.317,-54.317,-54.317
05-01-2026-Fri 14-19-14-PM,-54.317,-54.317,-52.535,-52.535,-52.535,-55.24,-55.24,-55.24,-54.317,,-52.535,-52.535,,-54.317,-54.317,-54.317
05-01-2026-Fri 14-19-16-PM,-54.35,-54.35,-52.568,-52.568,-52.568,-55.208,-55.208,-55.208,-54.35,,-52.568,-52.568,,-54.35,-54.35,-54.35
05-01-2026-Fri 14-19-17-PM,-54.35,-54.35,-52.535,-52.535,-52.535,-55.24,-55.24,-55.24,-54.35,,-52.535,-52.535,,-54.35,-54.35,-54.35
05-01-2026-Fri 14-19-18-PM,-54.383,-54.383,-52.568,-52.568,-52.568,-55.273,-55.273,-55.273,-54.383,,-52.568,-52.568,,-54.383,-54.383,-54.383
05-01-2026-Fri 14-19-20-PM,-54.383,-54.383,-52.601,-52.601,-52.601,-55.273,-55.273,-55.273,-54.383,,-52.601,-52.601,,-54.383,-54.383,-54.383
05-01-2026-Fri 14-19-21-PM,-54.416,-54.416,-52.601,-52.601,-52.601,-55.339,-55.339,-55.339,-54.416,,-52.601,-52.601,,-54.416,-54.416,-54.416
05-01-2026-Fri 14-19-23-PM,-54.416,-54.416,-52.634,-52.634,-52.634,-55.339,-55.339,-55.339,-54.416,,-52.634,-52.634,,-54.416,-54.416,-54.416
05-01-2026-Fri 14-19-24-PM,-54.416,-54.416,-52.667,-52.667,-52.667,-55.273,-55.273,-55.273,-54.416,,-52.667,-52.667,,-54.416,-54.416,-54.416
05-01-2026-Fri 14-19-26-PM,-54.449,-54.449,-52.667,-52.667,-52.667,-55.339,-55.339,-55.339,-54.449,,-52.667,-52.667,,-54.449,-54.449,-54.449
05-01-2026-Fri 14-19-27-PM,-54.482,-54.482,-52.7,-52.7,-52.7,-55.339,-55.339,-55.339,-54.482,,-52.7,-52.7,,-54.482,-54.482,-54.482
05-01-2026-Fri 14-19-28-PM,-54.482,-54.482,-52.7,-52.7,-52.7,-55.339,-55.339,-55.339,-54.482,,-52.7,-52.7,,-54.482,-54.482,-54.482
05-01-2026-Fri 14-19-30-PM,-54.515,-54.515,-52.7,-52.7,-52.7,-55.372,-55.372,-55.372,-54.515,,-52.7,-52.7,,-54.515,-54.515,-54.515
05-01-2026-Fri 14-19-31-PM,-54.482,-54.482,-52.733,-52.733,-52.733,-55.405,-55.405,-55.405,-54.482,,-52.733,-52.733,,-54.482,-54.482,-54.482
05-01-2026-Fri 14-19-33-PM,-54.515,-54.515,-52.733,-52.733,-52.733,-55.372,-55.372,-55.372,-54.515,,-52.733,-52.733,,-54.515,-54.515,-54.515
05-01-2026-Fri 14-19-34-PM,-54.548,-54.548,-52.733,-52.733,-52.733,-55.405,-55.405,-55.405,-54.548,,-52.733,-52.733,,-54.548,-54.548,-54.548
05-01-2026-Fri 14-19-35-PM,-54.548,-54.548,-52.766,-52.766,-52.766,-55.438,-55.438,-55.438,-54.548,,-52.766,-52.766,,-54.548,-54.548,-54.548
05-01-2026-Fri 14-19-37-PM,-54.581,-54.581,-52.766,-52.766,-52.766,-55.438,-55.438,-55.438,-54.581,,-52.766,-52.766,,-54.581,-54.581,-54.581
05-01-2026-Fri 14-19-38-PM,-54.581,-54.581,-52.799,-52.799,-52.799,-55.438,-55.438,-55.438,-54.581,,-52.799,-52.799,,-54.581,-54.581,-54.581
05-01-2026-Fri 14-19-40-PM,-54.581,-54.581,-52.832,-52.832,-52.832,-55.537,-55.537,-55.537,-54.581,,-52.832,-52.832,,-54.581,-54.581,-54.581
05-01-2026-Fri 14-19-41-PM,-54.614,-54.614,-52.799,-52.799,-52.799,-55.471,-55.471,-55.471,-54.614,,-52.799,-52.799,,-54.614,-54.614,-54.614
05-01-2026-Fri 14-19-42-PM,-54.647,-54.647,-52.832,-52.832,-52.832,-55.471,-55.471,-55.471,-54.647,,-52.832,-52.832,,-54.647,-54.647,-54.647
05-01-2026-Fri 14-19-44-PM,-54.647,-54.647,-52.832,-52.832,-52.832,-55.504,-55.504,-55.504,-54.647,,-52.832,-52.832,,-54.647,-54.647,-54.647
05-01-2026-Fri 14-19-45-PM,-54.68,-54.68,-52.865,-52.865,-52.865,-55.537,-55.537,-55.537,-54.68,,-52.865,-52.865,,-54.68,-54.68,-54.68
05-01-2026-Fri 14-19-47-PM,-54.68,-54.68,-52.865,-52.865,-52.865,-55.504,-55.504,-55.504,-54.68,,-52.865,-52.865,,-54.68,-54.68,-54.68
05-01-2026-Fri 14-19-48-PM,-54.68,-54.68,-52.898,-52.898,-52.898,-55.471,-55.471,-55.471,-54.68,,-52.898,-52.898,,-54.68,-54.68,-54.68
05-01-2026-Fri 14-19-49-PM,-54.713,-54.713,-52.898,-52.898,-52.898,-55.537,-55.537,-55.537,-54.713,,-52.898,-52.898,,-54.713,-54.713,-54.713
05-01-2026-Fri 14-19-51-PM,-54.713,-54.713,-52.898,-52.898,-52.898,-55.636,-55.636,-55.636,-54.713,,-52.898,-52.898,,-54.713,-54.713,-54.713
05-01-2026-Fri 14-19-54-PM,-54.746,-54.746,-52.931,-52.931,-52.931,-55.603,-55.603,-55.603,-54.746,,-52.931,-52.931,,-54.746,-54.746,-54.746
05-01-2026-Fri 14-19-56-PM,-54.746,-54.746,-52.931,-52.931,-52.931,-55.636,-55.636,-55.636,-54.746,,-52.931,-52.931,,-54.746,-54.746,-54.746
05-01-2026-Fri 14-19-59-PM,-54.779,-54.779,-52.997,-52.997,-52.997,-55.636,-55.636,-55.636,-54.779,,-52.997,-52.997,,-54.779,-54.779,-54.779
05-01-2026-Fri 14-20-01-PM,-54.812,-54.812,-53.03,-53.03,-53.03,-55.702,-55.702,-55.702,-54.812,,-53.03,-53.03,,-54.812,-54.812,-54.812
05-01-2026-Fri 14-20-03-PM,-54.812,-54.812,-53.03,-53.03,-53.03,-55.636,-55.636,-55.636,-54.812,,-53.03,-53.03,,-54.812,-54.812,-54.812
05-01-2026-Fri 14-20-06-PM,-54.878,-54.878,-53.063,-53.063,-53.063,-55.702,-55.702,-55.702,-54.878,,-53.063,-53.063,,-54.878,-54.878,-54.878
05-01-2026-Fri 14-20-09-PM,-54.878,-54.878,-53.096,-53.096,-53.096,-55.735,-55.735,-55.735,-54.878,,-53.096,-53.096,,-54.878,-54.878,-54.878
05-01-2026-Fri 14-20-10-PM,-54.911,-54.911,-53.129,-53.129,-53.129,-55.735,-55.735,-55.735,-54.911,,-53.129,-53.129,,-54.911,-54.911,-54.911
05-01-2026-Fri 14-20-12-PM,-54.911,-54.911,-53.129,-53.129,-53.129,-55.768,-55.768,-55.768,-54.911,,-53.129,-53.129,,-54.911,-54.911,-54.911
05-01-2026-Fri 14-20-13-PM,-54.944,-54.944,-53.129,-53.129,-53.129,-55.834,-55.834,-55.834,-54.944,,-53.129,-53.129,,-54.944,-54.944,-54.944
05-01-2026-Fri 14-20-14-PM,-54.944,-54.944,-53.162,-53.162,-53.162,-55.834,-55.834,-55.834,-54.944,,-53.162,-53.162,,-54.944,-54.944,-54.944
05-01-2026-Fri 14-20-16-PM,-54.944,-54.944,-53.162,-53.162,-53.162,-55.801,-55.801,-55.801,-54.944,,-53.162,-53.162,,-54.944,-54.944,-54.944
05-01-2026-Fri 14-20-17-PM,-54.977,-54.977,-53.195,-53.195,-53.195,-55.801,-55.801,-55.801,-54.977,,-53.195,-53.195,,-54.977,-54.977,-54.977
05-01-2026-Fri 14-20-19-PM,-55.01,-55.01,-53.195,-53.195,-53.195,-55.834,-55.834,-55.834,-55.01,,-53.195,-53.195,,-55.01,-55.01,-55.01
05-01-2026-Fri 14-20-20-PM,-55.01,-55.01,-53.195,-53.195,-53.195,-55.834,-55.834,-55.834,-55.01,,-53.195,-53.195,,-55.01,-55.01,-55.01
05-01-2026-Fri 14-20-22-PM,-55.01,-55.01,-53.228,-53.228,-53.228,-55.867,-55.867,-55.867,-55.01,,-53.228,-53.228,,-55.01,-55.01,-55.01
05-01-2026-Fri 14-20-24-PM,-55.043,-55.043,-53.228,-53.228,-53.228,-55.867,-55.867,-55.867,-55.043,,-53.228,-53.228,,-55.043,-55.043,-55.043
05-01-2026-Fri 14-20-26-PM,-55.076,-55.076,-53.261,-53.261,-53.261,-55.9,-55.9,-55.9,-55.076,,-53.261,-53.261,,-55.076,-55.076,-55.076
05-01-2026-Fri 14-20-27-PM,-55.076,-55.076,-53.294,-53.294,-53.294,-55.9,-55.9,-55.9,-55.076,,-53.294,-53.294,,-55.076,-55.076,-55.076
05-01-2026-Fri 14-20-30-PM,-55.076,-55.076,-53.294,-53.294,-53.294,-55.933,-55.933,-55.933,-55.076,,-53.294,-53.294,,-55.076,-55.076,-55.076
05-01-2026-Fri 14-20-33-PM,-55.108,-55.108,-53.327,-53.327,-53.327,-55.9,-55.9,-55.9,-55.108,,-53.327,-53.327,,-55.108,-55.108,-55.108
05-01-2026-Fri 14-20-34-PM,-55.142,-55.142,-53.36,-53.36,-53.36,-55.999,-55.999,-55.999,-55.142,,-53.36,-53.36,,-55.142,-55.142,-55.142
05-01-2026-Fri 14-20-35-PM,-55.142,-55.142,-53.36,-53.36,-53.36,-55.933,-55.933,-55.933,-55.142,,-53.36,-53.36,,-55.142,-55.142,-55.142
05-01-2026-Fri 14-20-37-PM,-55.175,-55.175,-53.36,-53.36,-53.36,-56.032,-56.032,-56.032,-55.175,,-53.36,-53.36,,-55.175,-55.175,-55.175
05-01-2026-Fri 14-20-38-PM,-55.175,-55.175,-53.36,-53.36,-53.36,-56.032,-56.032,-56.032,-55.175,,-53.36,-53.36,,-55.175,-55.175,-55.175
05-01-2026-Fri 14-20-40-PM,-55.208,-55.208,-53.426,-53.426,-53.426,-55.999,-55.999,-55.999,-55.208,,-53.426,-53.426,,-55.208,-55.208,-55.208
05-01-2026-Fri 14-20-41-PM,-55.208,-55.208,-53.426,-53.426,-53.426,-55.999,-55.999,-55.999,-55.208,,-53.426,-53.426,,-55.208,-55.208,-55.208
05-01-2026-Fri 14-20-42-PM,-55.208,-55.208,-53.426,-53.426,-53.426,-56.032,-56.032,-56.032,-55.208,,-53.426,-53.426,,-55.208,-55.208,-55.208
05-01-2026-Fri 14-20-44-PM,-55.208,-55.208,-53.459,-53.459,-53.459,-56.065,-56.065,-56.065,-55.208,,-53.459,-53.459,,-55.208,-55.208,-55.208
05-01-2026-Fri 14-20-45-PM,-55.24,-55.24,-53.426,-53.426,-53.426,-56.098,-56.098,-56.098,-55.24,,-53.426,-53.426,,-55.24,-55.24,-55.24
05-01-2026-Fri 14-20-46-PM,-55.273,-55.273,-53.459,-53.459,-53.459,-55.999,-55.999,-55.999,-55.273,,-53.459,-53.459,,-55.273,-55.273,-55.273
05-01-2026-Fri 14-20-48-PM,-55.24,-55.24,-53.459,-53.459,-53.459,-56.098,-56.098,-56.098,-55.24,,-53.459,-53.459,,-55.24,-55.24,-55.24
05-01-2026-Fri 14-20-49-PM,-55.273,-55.273,-53.492,-53.492,-53.492,-56.098,-56.098,-56.098,-55.273,,-53.492,-53.492,,-55.273,-55.273,-55.273
05-01-2026-Fri 14-20-50-PM,-55.273,-55.273,-53.492,-53.492,-53.492,-56.098,-56.098,-56.098,-55.273,,-53.492,-53.492,,-55.273,-55.273,-55.273
05-01-2026-Fri 14-20-52-PM,-55.273,-55.273,-53.492,-53.492,-53.492,-56.131,-56.131,-56.131,-55.273,,-53.492,-53.492,,-55.273,-55.273,-55.273
05-01-2026-Fri 14-20-53-PM,-55.306,-55.306,-53.525,-53.525,-53.525,-56.164,-56.164,-56.164,-55.306,,-53.525,-53.525,,-55.306,-55.306,-55.306
05-01-2026-Fri 14-20-55-PM,-55.306,-55.306,-53.525,-53.525,-53.525,-56.131,-56.131,-56.131,-55.306,,-53.525,-53.525,,-55.306,-55.306,-55.306
05-01-2026-Fri 14-20-56-PM,-55.306,-55.306,-53.558,-53.558,-53.558,-56.164,-56.164,-56.164,-55.306,,-53.558,-53.558,,-55.306,-55.306,-55.306
05-01-2026-Fri 14-20-57-PM,-55.339,-55.339,-53.558,-53.558,-53.558,-56.098,-56.098,-56.098,-55.339,,-53.558,-53.558,,-55.339,-55.339,-55.339
05-01-2026-Fri 14-20-59-PM,-55.339,-55.339,-53.558,-53.558,-53.558,-56.23,-56.23,-56.23,-55.339,,-53.558,-53.558,,-55.339,-55.339,-55.339
05-01-2026-Fri 14-21-00-PM,-55.372,-55.372,-53.591,-53.591,-53.591,-56.164,-56.164,-56.164,-55.372,,-53.591,-53.591,,-55.372,-55.372,-55.372
05-01-2026-Fri 14-21-02-PM,-55.372,-55.372,-53.591,-53.591,-53.591,-56.197,-56.197,-56.197,-55.372,,-53.591,-53.591,,-55.372,-55.372,-55.372
05-01-2026-Fri 14-21-03-PM,-55.405,-55.405,-53.624,-53.624,-53.624,-56.164,-56.164,-56.164,-55.405,,-53.624,-53.624,,-55.405,-55.405,-55.405
05-01-2026-Fri 14-21-04-PM,-55.405,-55.405,-53.657,-53.657,-53.657,-56.197,-56.197,-56.197,-55.405,,-53.657,-53.657,,-55.405,-55.405,-55.405
05-01-2026-Fri 14-21-06-PM,-55.438,-55.438,-53.657,-53.657,-53.657,-56.23,-56.23,-56.23,-55.438,,-53.657,-53.657,,-55.438,-55.438,-55.438
05-01-2026-Fri 14-21-07-PM,-55.438,-55.438,-53.69,-53.69,-53.69,-56.263,-56.263,-56.263,-55.438,,-53.69,-53.69,,-55.438,-55.438,-55.438
05-01-2026-Fri 14-21-09-PM,-55.438,-55.438,-53.723,-53.723,-53.723,-56.263,-56.263,-56.263,-55.438,,-53.723,-53.723,,-55.438,-55.438,-55.438
05-01-2026-Fri 14-21-10-PM,-55.471,-55.471,-53.756,-53.756,-53.756,-56.296,-56.296,-56.296,-55.471,,-53.756,-53.756,,-55.471,-55.471,-55.471
05-01-2026-Fri 14-21-11-PM,-55.537,-55.537,-53.789,-53.789,-53.789,-56.329,-56.329,-56.329,-55.537,,-53.789,-53.789,,-55.537,-55.537,-55.537
05-01-2026-Fri 14-21-13-PM,-55.537,-55.537,-53.822,-53.822,-53.822,-56.296,-56.296,-56.296,-55.537,,-53.822,-53.822,,-55.537,-55.537,-55.537
05-01-2026-Fri 14-21-14-PM,-55.57,-55.57,-53.855,-53.855,-53.855,-56.428,-56.428,-56.428,-55.57,,-53.855,-53.855,,-55.57,-55.57,-55.57
05-01-2026-Fri 14-21-16-PM,-55.57,-55.57,-53.921,-53.921,-53.921,-56.395,-56.395,-56.395,-55.57,,-53.921,-53.921,,-55.57,-55.57,-55.57
05-01-2026-Fri 14-21-17-PM,-55.669,-55.669,-53.954,-53.954,-53.954,-56.461,-56.461,-56.461,-55.669,,-53.954,-53.954,,-55.669,-55.669,-55.669
05-01-2026-Fri 14-21-18-PM,-55.669,-55.669,-53.987,-53.987,-53.987,-56.494,-56.494,-56.494,-55.669,,-53.987,-53.987,,-55.669,-55.669,-55.669
05-01-2026-Fri 14-21-20-PM,-55.702,-55.702,-54.02,-54.02,-54.02,-56.526,-56.526,-56.526,-55.702,,-54.02,-54.02,,-55.702,-55.702,-55.702
05-01-2026-Fri 14-21-21-PM,-55.735,-55.735,-54.053,-54.053,-54.053,-56.526,-56.526,-56.526,-55.735,,-54.053,-54.053,,-55.735,-55.735,-55.735
05-01-2026-Fri 14-21-22-PM,-55.768,-55.768,-54.086,-54.086,-54.086,-56.526,-56.526,-56.526,-55.768,,-54.086,-54.086,,-55.768,-55.768,-55.768
05-01-2026-Fri 14-21-24-PM,-55.801,-55.801,-54.152,-54.152,-54.152,-56.526,-56.526,-56.526,-55.801,,-54.152,-54.152,,-55.801,-55.801,-55.801
05-01-2026-Fri 14-21-25-PM,-55.834,-55.834,-54.152,-54.152,-54.152,-56.625,-56.625,-56.625,-55.834,,-54.152,-54.152,,-55.834,-55.834,-55.834
05-01-2026-Fri 14-21-27-PM,-55.867,-55.867,-54.185,-54.185,-54.185,-56.592,-56.592,-56.592,-55.867,,-54.185,-54.185,,-55.867,-55.867,-55.867
05-01-2026-Fri 14-21-28-PM,-55.9,-55.9,-54.218,-54.218,-54.218,-56.526,-56.526,-56.526,-55.9,,-54.218,-54.218,,-55.9,-55.9,-55.9
05-01-2026-Fri 14-21-29-PM,-55.9,-55.9,-54.251,-54.251,-54.251,-56.625,-56.625,-56.625,-55.9,,-54.251,-54.251,,-55.9,-55.9,-55.9
05-01-2026-Fri 14-21-31-PM,-55.9,-55.9,-54.251,-54.251,-54.251,-56.691,-56.691,-56.691,-55.9,,-54.251,-54.251,,-55.9,-55.9,-55.9
05-01-2026-Fri 14-21-32-PM,-55.966,-55.966,-54.284,-54.284,-54.284,-56.625,-56.625,-56.625,-55.966,,-54.284,-54.284,,-55.966,-55.966,-55.966
05-01-2026-Fri 14-21-33-PM,-55.999,-55.999,-54.317,-54.317,-54.317,-56.724,-56.724,-56.724,-55.999,,-54.317,-54.317,,-55.999,-55.999,-55.999
05-01-2026-Fri 14-21-35-PM,-55.999,-55.999,-54.35,-54.35,-54.35,-56.724,-56.724,-56.724,-55.999,,-54.35,-54.35,,-55.999,-55.999,-55.999
05-01-2026-Fri 14-21-36-PM,-56.032,-56.032,-54.383,-54.383,-54.383,-56.757,-56.757,-56.757,-56.032,,-54.383,-54.383,,-56.032,-56.032,-56.032
05-01-2026-Fri 14-21-38-PM,-56.098,-56.098,-54.383,-54.383,-54.383,-56.79,-56.79,-56.79,-56.098,,-54.383,-54.383,,-56.098,-56.098,-56.098
05-01-2026-Fri 14-21-39-PM,-56.098,-56.098,-54.449,-54.449,-54.449,-56.823,-56.823,-56.823,-56.098,,-54.449,-54.449,,-56.098,-56.098,-56.098
05-01-2026-Fri 14-21-40-PM,-56.131,-56.131,-54.482,-54.482,-54.482,-56.889,-56.889,-56.889,-56.131,,-54.482,-54.482,,-56.131,-56.131,-56.131
05-01-2026-Fri 14-21-42-PM,-56.164,-56.164,-54.482,-54.482,-54.482,-56.889,-56.889,-56.889,-56.164,,-54.482,-54.482,,-56.164,-56.164,-56.164
05-01-2026-Fri 14-21-43-PM,-56.164,-56.164,-54.515,-54.515,-54.515,-56.922,-56.922,-56.922,-56.164,,-54.515,-54.515,,-56.164,-56.164,-56.164
05-01-2026-Fri 14-21-45-PM,-56.23,-56.23,-54.548,-54.548,-54.548,-56.955,-56.955,-56.955,-56.23,,-54.548,-54.548,,-56.23,-56.23,-56.23
05-01-2026-Fri 14-21-46-PM,-56.23,-56.23,-54.581,-54.581,-54.581,-56.889,-56.889,-56.889,-56.23,,-54.581,-54.581,,-56.23,-56.23,-56.23
05-01-2026-Fri 14-21-47-PM,-56.263,-56.263,-54.614,-54.614,-54.614,-56.955,-56.955,-56.955,-56.263,,-54.614,-54.614,,-56.263,-56.263,-56.263
05-01-2026-Fri 14-21-49-PM,-56.296,-56.296,-54.614,-54.614,-54.614,-57.021,-57.021,-57.021,-56.296,,-54.614,-54.614,,-56.296,-56.296,-56.296
05-01-2026-Fri 14-21-50-PM,-56.296,-56.296,-54.647,-54.647,-54.647,-57.021,-57.021,-57.021,-56.296,,-54.647,-54.647,,-56.296,-56.296,-56.296
05-01-2026-Fri 14-21-52-PM,-56.329,-56.329,-54.68,-54.68,-54.68,-57.021,-57.021,-57.021,-56.329,,-54.68,-54.68,,-56.329,-56.329,-56.329
05-01-2026-Fri 14-21-54-PM,-56.362,-56.362,-54.713,-54.713,-54.713,-57.054,-57.054,-57.054,-56.362,,-54.713,-54.713,,-56.362,-56.362,-56.362
05-01-2026-Fri 14-21-57-PM,-56.395,-56.395,-54.746,-54.746,-54.746,-57.12,-57.12,-57.12,-56.395,,-54.746,-54.746,,-56.395,-56.395,-56.395
05-01-2026-Fri 14-22-00-PM,-56.428,-56.428,-54.779,-54.779,-54.779,-57.186,-57.186,-57.186,-56.428,,-54.779,-54.779,,-56.428,-56.428,-56.428
05-01-2026-Fri 14-22-03-PM,-56.461,-56.461,-54.845,-54.845,-54.845,-57.219,-57.219,-57.219,-56.461,,-54.845,-54.845,,-56.461,-56.461,-56.461
05-01-2026-Fri 14-22-05-PM,-56.526,-56.526,-54.911,-54.911,-54.911,-57.252,-57.252,-57.252,-56.526,,-54.911,-54.911,,-56.526,-56.526,-56.526
05-01-2026-Fri 14-22-06-PM,-56.56,-56.56,-54.911,-54.911,-54.911,-57.318,-57.318,-57.318,-56.56,,-54.911,-54.911,,-56.56,-56.56,-56.56
05-01-2026-Fri 14-22-08-PM,-56.592,-56.592,-54.944,-54.944,-54.944,-57.285,-57.285,-57.285,-56.592,,-54.944,-54.944,,-56.592,-56.592,-56.592
05-01-2026-Fri 14-22-09-PM,-56.592,-56.592,-54.977,-54.977,-54.977,-57.318,-57.318,-57.318,-56.592,,-54.977,-54.977,,-56.592,-56.592,-56.592
05-01-2026-Fri 14-22-10-PM,-56.592,-56.592,-54.977,-54.977,-54.977,-57.384,-57.384,-57.384,-56.592,,-54.977,-54.977,,-56.592,-56.592,-56.592
05-01-2026-Fri 14-22-12-PM,-56.625,-56.625,-55.043,-55.043,-55.043,-57.384,-57.384,-57.384,-56.625,,-55.043,-55.043,,-56.625,-56.625,-56.625
05-01-2026-Fri 14-22-14-PM,-56.658,-56.658,-55.043,-55.043,-55.043,-57.416,-57.416,-57.416,-56.658,,-55.043,-55.043,,-56.658,-56.658,-56.658
05-01-2026-Fri 14-22-15-PM,-56.691,-56.691,-55.076,-55.076,-55.076,-57.416,-57.416,-57.416,-56.691,,-55.076,-55.076,,-56.691,-56.691,-56.691
05-01-2026-Fri 14-22-17-PM,-56.691,-56.691,-55.108,-55.108,-55.108,-57.449,-57.449,-57.449,-56.691,,-55.108,-55.108,,-56.691,-56.691,-56.691
05-01-2026-Fri 14-22-18-PM,-56.724,-56.724,-55.108,-55.108,-55.108,-57.515,-57.515,-57.515,-56.724,,-55.108,-55.108,,-56.724,-56.724,-56.724
05-01-2026-Fri 14-22-19-PM,-56.757,-56.757,-55.142,-55.142,-55.142,-57.482,-57.482,-57.482,-56.757,,-55.142,-55.142,,-56.757,-56.757,-56.757
05-01-2026-Fri 14-22-21-PM,-56.79,-56.79,-55.175,-55.175,-55.175,-57.515,-57.515,-57.515,-56.79,,-55.175,-55.175,,-56.79,-56.79,-56.79
05-01-2026-Fri 14-22-22-PM,-56.823,-56.823,-55.175,-55.175,-55.175,-57.548,-57.548,-57.548,-56.823,,-55.175,-55.175,,-56.823,-56.823,-56.823
05-01-2026-Fri 14-22-24-PM,-56.823,-56.823,-55.208,-55.208,-55.208,-57.614,-57.614,-57.614,-56.823,,-55.208,-55.208,,-56.823,-56.823,-56.823
05-01-2026-Fri 14-22-25-PM,-56.856,-56.856,-55.24,-55.24,-55.24,-57.614,-57.614,-57.614,-56.856,,-55.24,-55.24,,-56.856,-56.856,-56.856
05-01-2026-Fri 14-22-26-PM,-56.856,-56.856,-55.24,-55.24,-55.24,-57.614,-57.614,-57.614,-56.856,,-55.24,-55.24,,-56.856,-56.856,-56.856
05-01-2026-Fri 14-22-28-PM,-56.889,-56.889,-55.306,-55.306,-55.306,-57.68,-57.68,-57.68,-56.889,,-55.306,-55.306,,-56.889,-56.889,-56.889
05-01-2026-Fri 14-22-29-PM,-56.922,-56.922,-55.306,-55.306,-55.306,-57.647,-57.647,-57.647,-56.922,,-55.306,-55.306,,-56.922,-56.922,-56.922
05-01-2026-Fri 14-22-31-PM,-56.922,-56.922,-55.306,-55.306,-55.306,-57.746,-57.746,-57.746,-56.922,,-55.306,-55.306,,-56.922,-56.922,-56.922
05-01-2026-Fri 14-22-32-PM,-56.955,-56.955,-55.339,-55.339,-55.339,-57.68,-57.68,-57.68,-56.955,,-55.339,-55.339,,-56.955,-56.955,-56.955
05-01-2026-Fri 14-22-33-PM,-56.955,-56.955,-55.372,-55.372,-55.372,-57.713,-57.713,-57.713,-56.955,,-55.372,-55.372,,-56.955,-56.955,-56.955
05-01-2026-Fri 14-22-35-PM,-56.988,-56.988,-55.372,-55.372,-55.372,-57.746,-57.746,-57.746,-56.988,,-55.372,-55.372,,-56.988,-56.988,-56.988
05-01-2026-Fri 14-22-36-PM,-57.021,-57.021,-55.405,-55.405,-55.405,-57.779,-57.779,-57.779,-57.021,,-55.405,-55.405,,-57.021,-57.021,-57.021
05-01-2026-Fri 14-22-37-PM,-57.021,-57.021,-55.438,-55.438,-55.438,-57.845,-57.845,-57.845,-57.021,,-55.438,-55.438,,-57.021,-57.021,-57.021
05-01-2026-Fri 14-22-39-PM,-57.021,-57.021,-55.438,-55.438,-55.438,-57.812,-57.812,-57.812,-57.021,,-55.438,-55.438,,-57.021,-57.021,-57.021
05-01-2026-Fri 14-22-40-PM,-57.054,-57.054,-55.471,-55.471,-55.471,-57.812,-57.812,-57.812,-57.054,,-55.471,-55.471,,-57.054,-57.054,-57.054
05-01-2026-Fri 14-22-42-PM,-57.087,-57.087,-55.471,-55.471,-55.471,-57.845,-57.845,-57.845,-57.087,,-55.471,-55.471,,-57.087,-57.087,-57.087
05-01-2026-Fri 14-22-43-PM,-57.12,-57.12,-55.504,-55.504,-55.504,-57.878,-57.878,-57.878,-57.12,,-55.504,-55.504,,-57.12,-57.12,-57.12
05-01-2026-Fri 14-22-44-PM,-57.12,-57.12,-55.537,-55.537,-55.537,-57.944,-57.944,-57.944,-57.12,,-55.537,-55.537,,-57.12,-57.12,-57.12
05-01-2026-Fri 14-22-46-PM,-57.153,-57.153,-55.537,-55.537,-55.537,-57.944,-57.944,-57.944,-57.153,,-55.537,-55.537,,-57.153,-57.153,-57.153
05-01-2026-Fri 14-22-47-PM,-57.153,-57.153,-55.57,-55.57,-55.57,-57.911,-57.911,-57.911,-57.153,,-55.57,-55.57,,-57.153,-57.153,-57.153
05-01-2026-Fri 14-22-49-PM,-57.153,-57.153,-55.57,-55.57,-55.57,-57.944,-57.944,-57.944,-57.153,,-55.57,-55.57,,-57.153,-57.153,-57.153
05-01-2026-Fri 14-22-50-PM,-57.186,-57.186,-55.603,-55.603,-55.603,-57.977,-57.977,-57.977,-57.186,,-55.603,-55.603,,-57.186,-57.186,-57.186
05-01-2026-Fri 14-22-51-PM,-57.219,-57.219,-55.636,-55.636,-55.636,-58.01,-58.01,-58.01,-57.219,,-55.636,-55.636,,-57.219,-57.219,-57.219
05-01-2026-Fri 14-22-53-PM,-57.219,-57.219,-55.636,-55.636,-55.636,-58.042,-58.042,-58.042,-57.219,,-55.636,-55.636,,-57.219,-57.219,-57.219
05-01-2026-Fri 14-22-54-PM,-57.252,-57.252,-55.669,-55.669,-55.669,-58.042,-58.042,-58.042,-57.252,,-55.669,-55.669,,-57.252,-57.252,-57.252
05-01-2026-Fri 14-22-56-PM,-57.285,-57.285,-55.702,-55.702,-55.702,-58.108,-58.108,-58.108,-57.285,,-55.702,-55.702,,-57.285,-57.285,-57.285
05-01-2026-Fri 14-22-57-PM,-57.285,-57.285,-55.702,-55.702,-55.702,-58.108,-58.108,-58.108,-57.285,,-55.702,-55.702,,-57.285,-57.285,-57.285
05-01-2026-Fri 14-22-58-PM,-57.318,-57.318,-55.735,-55.735,-55.735,-58.108,-58.108,-58.108,-57.318,,-55.735,-55.735,,-57.318,-57.318,-57.318
05-01-2026-Fri 14-23-00-PM,-57.318,-57.318,-55.735,-55.735,-55.735,-58.108,-58.108,-58.108,-57.318,,-55.735,-55.735,,-57.318,-57.318,-57.318
05-01-2026-Fri 14-23-01-PM,-57.35,-57.35,-55.768,-55.768,-55.768,-58.108,-58.108,-58.108,-57.35,,-55.768,-55.768,,-57.35,-57.35,-57.35
05-01-2026-Fri 14-23-03-PM,-57.384,-57.384,-55.801,-55.801,-55.801,-58.174,-58.174,-58.174,-57.384,,-55.801,-55.801,,-57.384,-57.384,-57.384
05-01-2026-Fri 14-23-04-PM,-57.384,-57.384,-55.834,-55.834,-55.834,-58.174,-58.174,-58.174,-57.384,,-55.834,-55.834,,-57.384,-57.384,-57.384
05-01-2026-Fri 14-23-06-PM,-57.416,-57.416,-55.834,-55.834,-55.834,-58.207,-58.207,-58.207,-57.416,,-55.834,-55.834,,-57.416,-57.416,-57.416
05-01-2026-Fri 14-23-07-PM,-57.416,-57.416,-55.867,-55.867,-55.867,-58.24,-58.24,-58.24,-57.416,,-55.867,-55.867,,-57.416,-57.416,-57.416
05-01-2026-Fri 14-23-08-PM,-57.449,-57.449,-55.867,-55.867,-55.867,-58.273,-58.273,-58.273,-57.449,,-55.867,-55.867,,-57.449,-57.449,-57.449
05-01-2026-Fri 14-23-10-PM,-57.482,-57.482,-55.867,-55.867,-55.867,-58.24,-58.24,-58.24,-57.482,,-55.867,-55.867,,-57.482,-57.482,-57.482
05-01-2026-Fri 14-23-11-PM,-57.482,-57.482,-55.9,-55.9,-55.9,-58.273,-58.273,-58.273,-57.482,,-55.9,-55.9,,-57.482,-57.482,-57.482
05-01-2026-Fri 14-23-13-PM,-57.482,-57.482,-55.9,-55.9,-55.9,-58.339,-58.339,-58.339,-57.482,,-55.9,-55.9,,-57.482,-57.482,-57.482
05-01-2026-Fri 14-23-14-PM,-57.515,-57.515,-55.933,-55.933,-55.933,-58.306,-58.306,-58.306,-57.515,,-55.933,-55.933,,-57.515,-57.515,-57.515
05-01-2026-Fri 14-23-15-PM,-57.548,-57.548,-55.933,-55.933,-55.933,-58.339,-58.339,-58.339,-57.548,,-55.933,-55.933,,-57.548,-57.548,-57.548
05-01-2026-Fri 14-23-17-PM,-57.548,-57.548,-55.966,-55.966,-55.966,-58.405,-58.405,-58.405,-57.548,,-55.966,-55.966,,-57.548,-57.548,-57.548
05-01-2026-Fri 14-23-18-PM,-57.581,-57.581,-55.999,-55.999,-55.999,-58.405,-58.405,-58.405,-57.581,,-55.999,-55.999,,-57.581,-57.581,-57.581
05-01-2026-Fri 14-23-20-PM,-57.581,-57.581,-56.032,-56.032,-56.032,-58.405,-58.405,-58.405,-57.581,,-56.032,-56.032,,-57.581,-57.581,-57.581
05-01-2026-Fri 14-23-21-PM,-57.614,-57.614,-56.032,-56.032,-56.032,-58.438,-58.438,-58.438,-57.614,,-56.032,-56.032,,-57.614,-57.614,-57.614
05-01-2026-Fri 14-23-22-PM,-57.647,-57.647,-56.032,-56.032,-56.032,-58.471,-58.471,-58.471,-57.647,,-56.032,-56.032,,-57.647,-57.647,-57.647
05-01-2026-Fri 14-23-24-PM,-57.68,-57.68,-56.065,-56.065,-56.065,-58.471,-58.471,-58.471,-57.68,,-56.065,-56.065,,-57.68,-57.68,-57.68
05-01-2026-Fri 14-23-25-PM,-57.68,-57.68,-56.098,-56.098,-56.098,-58.471,-58.471,-58.471,-57.68,,-56.098,-56.098,,-57.68,-57.68,-57.68
05-01-2026-Fri 14-23-27-PM,-57.713,-57.713,-56.098,-56.098,-56.098,-58.471,-58.471,-58.471,-57.713,,-56.098,-56.098,,-57.713,-57.713,-57.713
05-01-2026-Fri 14-23-28-PM,-57.713,-57.713,-56.131,-56.131,-56.131,-58.57,-58.57,-58.57,-57.713,,-56.131,-56.131,,-57.713,-57.713,-57.713
05-01-2026-Fri 14-23-29-PM,-57.713,-57.713,-56.164,-56.164,-56.164,-58.57,-58.57,-58.57,-57.713,,-56.164,-56.164,,-57.713,-57.713,-57.713
05-01-2026-Fri 14-23-31-PM,-57.746,-57.746,-56.164,-56.164,-56.164,-58.57,-58.57,-58.57,-57.746,,-56.164,-56.164,,-57.746,-57.746,-57.746
05-01-2026-Fri 14-23-32-PM,-57.779,-57.779,-56.164,-56.164,-56.164,-58.537,-58.537,-58.537,-57.779,,-56.164,-56.164,,-57.779,-57.779,-57.779
05-01-2026-Fri 14-23-34-PM,-57.779,-57.779,-56.197,-56.197,-56.197,-58.668,-58.668,-58.668,-57.779,,-56.197,-56.197,,-57.779,-57.779,-57.779
05-01-2026-Fri 14-23-35-PM,-57.812,-57.812,-56.197,-56.197,-56.197,-58.636,-58.636,-58.636,-57.812,,-56.197,-56.197,,-57.812,-57.812,-57.812
05-01-2026-Fri 14-23-36-PM,-57.845,-57.845,-56.197,-56.197,-56.197,-58.603,-58.603,-58.603,-57.845,,-56.197,-56.197,,-57.845,-57.845,-57.845
05-01-2026-Fri 14-23-38-PM,-57.878,-57.878,-56.23,-56.23,-56.23,-58.668,-58.668,-58.668,-57.878,,-56.23,-56.23,,-57.878,-57.878,-57.878
05-01-2026-Fri 14-23-39-PM,-57.878,-57.878,-56.263,-56.263,-56.263,-58.636,-58.636,-58.636,-57.878,,-56.263,-56.263,,-57.878,-57.878,-57.878
05-01-2026-Fri 14-23-41-PM,-57.878,-57.878,-56.296,-56.296,-56.296,-58.734,-58.734,-58.734,-57.878,,-56.296,-56.296,,-57.878,-57.878,-57.878
05-01-2026-Fri 14-23-42-PM,-57.944,-57.944,-56.296,-56.296,-56.296,-58.767,-58.767,-58.767,-57.944,,-56.296,-56.296,,-57.944,-57.944,-57.944
05-01-2026-Fri 14-23-43-PM,-57.944,-57.944,-56.296,-56.296,-56.296,-58.734,-58.734,-58.734,-57.944,,-56.296,-56.296,,-57.944,-57.944,-57.944
05-01-2026-Fri 14-23-45-PM,-57.944,-57.944,-56.329,-56.329,-56.329,-58.8,-58.8,-58.8,-57.944,,-56.329,-56.329,,-57.944,-57.944,-57.944
05-01-2026-Fri 14-23-46-PM,-57.977,-57.977,-56.362,-56.362,-56.362,-58.8,-58.8,-58.8,-57.977,,-56.362,-56.362,,-57.977,-57.977,-57.977
05-01-2026-Fri 14-23-47-PM,-57.977,-57.977,-56.362,-56.362,-56.362,-58.833,-58.833,-58.833,-57.977,,-56.362,-56.362,,-57.977,-57.977,-57.977
05-01-2026-Fri 14-23-49-PM,-58.01,-58.01,-56.362,-56.362,-56.362,-58.833,-58.833,-58.833,-58.01,,-56.362,-56.362,,-58.01,-58.01,-58.01
05-01-2026-Fri 14-23-50-PM,-58.042,-58.042,-56.428,-56.428,-56.428,-58.833,-58.833,-58.833,-58.042,,-56.428,-56.428,,-58.042,-58.042,-58.042
05-01-2026-Fri 14-23-52-PM,-58.042,-58.042,-56.428,-56.428,-56.428,-58.899,-58.899,-58.899,-58.042,,-56.428,-56.428,,-58.042,-58.042,-58.042
05-01-2026-Fri 14-23-53-PM,-58.042,-58.042,-56.428,-56.428,-56.428,-58.866,-58.866,-58.866,-58.042,,-56.428,-56.428,,-58.042,-58.042,-58.042
05-01-2026-Fri 14-23-54-PM,-58.075,-58.075,-56.461,-56.461,-56.461,-58.833,-58.833,-58.833,-58.075,,-56.461,-56.461,,-58.075,-58.075,-58.075
05-01-2026-Fri 14-23-56-PM,-58.108,-58.108,-56.461,-56.461,-56.461,-58.899,-58.899,-58.899,-58.108,,-56.461,-56.461,,-58.108,-58.108,-58.108
05-01-2026-Fri 14-23-57-PM,-58.108,-58.108,-56.461,-56.461,-56.461,-58.932,-58.932,-58.932,-58.108,,-56.461,-56.461,,-58.108,-58.108,-58.108
05-01-2026-Fri 14-23-59-PM,-58.141,-58.141,-56.494,-56.494,-56.494,-58.965,-58.965,-58.965,-58.141,,-56.494,-56.494,,-58.141,-58.141,-58.141
05-01-2026-Fri 14-24-00-PM,-58.141,-58.141,-56.526,-56.526,-56.526,-58.965,-58.965,-58.965,-58.141,,-56.526,-56.526,,-58.141,-58.141,-58.141
05-01-2026-Fri 14-24-01-PM,-58.174,-58.174,-56.56,-56.56,-56.56,-59.031,-59.031,-59.031,-58.174,,-56.56,-56.56,,-58.174,-58.174,-58.174
05-01-2026-Fri 14-24-03-PM,-58.207,-58.207,-56.526,-56.526,-56.526,-58.998,-58.998,-58.998,-58.207,,-56.526,-56.526,,-58.207,-58.207,-58.207
05-01-2026-Fri 14-24-04-PM,-58.207,-58.207,-56.56,-56.56,-56.56,-59.031,-59.031,-59.031,-58.207,,-56.56,-56.56,,-58.207,-58.207,-58.207
05-01-2026-Fri 14-24-06-PM,-58.207,-58.207,-56.592,-56.592,-56.592,-59.064,-59.064,-59.064,-58.207,,-56.592,-56.592,,-58.207,-58.207,-58.207
05-01-2026-Fri 14-24-07-PM,-58.24,-58.24,-56.625,-56.625,-56.625,-59.13,-59.13,-59.13,-58.24,,-56.625,-56.625,,-58.24,-58.24,-58.24
05-01-2026-Fri 14-24-08-PM,-58.24,-58.24,-56.625,-56.625,-56.625,-59.064,-59.064,-59.064,-58.24,,-56.625,-56.625,,-58.24,-58.24,-58.24
05-01-2026-Fri 14-24-10-PM,-58.273,-58.273,-56.625,-56.625,-56.625,-59.097,-59.097,-59.097,-58.273,,-56.625,-56.625,,-58.273,-58.273,-58.273
05-01-2026-Fri 14-24-11-PM,-58.306,-58.306,-56.658,-56.658,-56.658,-59.13,-59.13,-59.13,-58.306,,-56.658,-56.658,,-58.306,-58.306,-58.306
05-01-2026-Fri 14-24-13-PM,-58.306,-58.306,-56.658,-56.658,-56.658,-59.162,-59.162,-59.162,-58.306,,-56.658,-56.658,,-58.306,-58.306,-58.306
05-01-2026-Fri 14-24-14-PM,-58.339,-58.339,-56.691,-56.691,-56.691,-59.228,-59.228,-59.228,-58.339,,-56.691,-56.691,,-58.339,-58.339,-58.339
05-01-2026-Fri 14-24-15-PM,-58.339,-58.339,-56.691,-56.691,-56.691,-59.162,-59.162,-59.162,-58.339,,-56.691,-56.691,,-58.339,-58.339,-58.339
05-01-2026-Fri 14-24-17-PM,-58.372,-58.372,-56.724,-56.724,-56.724,-59.162,-59.162,-59.162,-58.372,,-56.724,-56.724,,-58.372,-58.372,-58.372
05-01-2026-Fri 14-24-18-PM,-58.372,-58.372,-56.724,-56.724,-56.724,-59.228,-59.228,-59.228,-58.372,,-56.724,-56.724,,-58.372,-58.372,-58.372
05-01-2026-Fri 14-24-20-PM,-58.405,-58.405,-56.724,-56.724,-56.724,-59.261,-59.261,-59.261,-58.405,,-56.724,-56.724,,-58.405,-58.405,-58.405
05-01-2026-Fri 14-24-21-PM,-58.438,-58.438,-56.757,-56.757,-56.757,-59.195,-59.195,-59.195,-58.438,,-56.757,-56.757,,-58.438,-58.438,-58.438
05-01-2026-Fri 14-24-22-PM,-58.438,-58.438,-56.757,-56.757,-56.757,-59.261,-59.261,-59.261,-58.438,,-56.757,-56.757,,-58.438,-58.438,-58.438
05-01-2026-Fri 14-24-24-PM,-58.471,-58.471,-56.79,-56.79,-56.79,-59.294,-59.294,-59.294,-58.471,,-56.79,-56.79,,-58.471,-58.471,-58.471
05-01-2026-Fri 14-24-25-PM,-58.471,-58.471,-56.823,-56.823,-56.823,-59.294,-59.294,-59.294,-58.471,,-56.823,-56.823,,-58.471,-58.471,-58.471
05-01-2026-Fri 14-24-27-PM,-58.471,-58.471,-56.823,-56.823,-56.823,-59.36,-59.36,-59.36,-58.471,,-56.823,-56.823,,-58.471,-58.471,-58.471
05-01-2026-Fri 14-24-28-PM,-58.504,-58.504,-56.856,-56.856,-56.856,-59.393,-59.393,-59.393,-58.504,,-56.856,-56.856,,-58.504,-58.504,-58.504
05-01-2026-Fri 14-24-29-PM,-58.537,-58.537,-56.856,-56.856,-56.856,-59.36,-59.36,-59.36,-58.537,,-56.856,-56.856,,-58.537,-58.537,-58.537
05-01-2026-Fri 14-24-31-PM,-58.57,-58.57,-56.856,-56.856,-56.856,-59.393,-59.393,-59.393,-58.57,,-56.856,-56.856,,-58.57,-58.57,-58.57
05-01-2026-Fri 14-24-32-PM,-58.57,-58.57,-56.889,-56.889,-56.889,-59.426,-59.426,-59.426,-58.57,,-56.889,-56.889,,-58.57,-58.57,-58.57
05-01-2026-Fri 14-24-33-PM,-58.57,-58.57,-56.889,-56.889,-56.889,-59.426,-59.426,-59.426,-58.57,,-56.889,-56.889,,-58.57,-58.57,-58.57
05-01-2026-Fri 14-24-35-PM,-58.603,-58.603,-56.922,-56.922,-56.922,-59.459,-59.459,-59.459,-58.603,,-56.922,-56.922,,-58.603,-58.603,-58.603
05-01-2026-Fri 14-24-36-PM,-58.636,-58.636,-56.922,-56.922,-56.922,-59.459,-59.459,-59.459,-58.636,,-56.922,-56.922,,-58.636,-58.636,-58.636
05-01-2026-Fri 14-24-38-PM,-58.668,-58.668,-56.955,-56.955,-56.955,-59.459,-59.459,-59.459,-58.668,,-56.955,-56.955,,-58.668,-58.668,-58.668
05-01-2026-Fri 14-24-39-PM,-58.668,-58.668,-56.955,-56.955,-56.955,-59.492,-59.492,-59.492,-58.668,,-56.955,-56.955,,-58.668,-58.668,-58.668
05-01-2026-Fri 14-24-41-PM,-58.668,-58.668,-57.021,-57.021,-57.021,-59.492,-59.492,-59.492,-58.668,,-57.021,-57.021,,-58.668,-58.668,-58.668
05-01-2026-Fri 14-24-42-PM,-58.701,-58.701,-57.021,-57.021,-57.021,-59.459,-59.459,-59.459,-58.701,,-57.021,-57.021,,-58.701,-58.701,-58.701
05-01-2026-Fri 14-24-43-PM,-58.701,-58.701,-57.021,-57.021,-57.021,-59.525,-59.525,-59.525,-58.701,,-57.021,-57.021,,-58.701,-58.701,-58.701
05-01-2026-Fri 14-24-45-PM,-58.734,-58.734,-57.054,-57.054,-57.054,-59.591,-59.591,-59.591,-58.734,,-57.054,-57.054,,-58.734,-58.734,-58.734
05-01-2026-Fri 14-24-46-PM,-58.734,-58.734,-57.054,-57.054,-57.054,-59.624,-59.624,-59.624,-58.734,,-57.054,-57.054,,-58.734,-58.734,-58.734
05-01-2026-Fri 14-24-47-PM,-58.8,-58.8,-57.087,-57.087,-57.087,-59.656,-59.656,-59.656,-58.8,,-57.087,-57.087,,-58.8,-58.8,-58.8
05-01-2026-Fri 14-24-49-PM,-58.8,-58.8,-57.087,-57.087,-57.087,-59.624,-59.624,-59.624,-58.8,,-57.087,-57.087,,-58.8,-58.8,-58.8
05-01-2026-Fri 14-24-50-PM,-58.8,-58.8,-57.12,-57.12,-57.12,-59.591,-59.591,-59.591,-58.8,,-57.12,-57.12,,-58.8,-58.8,-58.8
05-01-2026-Fri 14-24-52-PM,-58.8,-58.8,-57.12,-57.12,-57.12,-59.624,-59.624,-59.624,-58.8,,-57.12,-57.12,,-58.8,-58.8,-58.8
05-01-2026-Fri 14-24-53-PM,-58.866,-58.866,-57.12,-57.12,-57.12,-59.624,-59.624,-59.624,-58.866,,-57.12,-57.12,,-58.866,-58.866,-58.866
05-01-2026-Fri 14-24-54-PM,-58.866,-58.866,-57.153,-57.153,-57.153,-59.689,-59.689,-59.689,-58.866,,-57.153,-57.153,,-58.866,-58.866,-58.866
05-01-2026-Fri 14-24-56-PM,-58.866,-58.866,-57.186,-57.186,-57.186,-59.689,-59.689,-59.689,-58.866,,-57.186,-57.186,,-58.866,-58.866,-58.866
05-01-2026-Fri 14-24-57-PM,-58.899,-58.899,-57.153,-57.153,-57.153,-59.689,-59.689,-59.689,-58.899,,-57.153,-57.153,,-58.899,-58.899,-58.899
05-01-2026-Fri 14-24-59-PM,-58.899,-58.899,-57.186,-57.186,-57.186,-59.722,-59.722,-59.722,-58.899,,-57.186,-57.186,,-58.899,-58.899,-58.899
05-01-2026-Fri 14-25-00-PM,-58.932,-58.932,-57.219,-57.219,-57.219,-59.689,-59.689,-59.689,-58.932,,-57.219,-57.219,,-58.932,-58.932,-58.932
05-01-2026-Fri 14-25-01-PM,-58.932,-58.932,-57.219,-57.219,-57.219,-59.755,-59.755,-59.755,-58.932,,-57.219,-57.219,,-58.932,-58.932,-58.932
05-01-2026-Fri 14-25-03-PM,-58.965,-58.965,-57.219,-57.219,-57.219,-59.788,-59.788,-59.788,-58.965,,-57.219,-57.219,,-58.965,-58.965,-58.965
05-01-2026-Fri 14-25-04-PM,-58.998,-58.998,-57.285,-57.285,-57.285,-59.755,-59.755,-59.755,-58.998,,-57.285,-57.285,,-58.998,-58.998,-58.998
05-01-2026-Fri 14-25-06-PM,-58.998,-58.998,-57.285,-57.285,-57.285,-59.821,-59.821,-59.821,-58.998,,-57.285,-57.285,,-58.998,-58.998,-58.998
05-01-2026-Fri 14-25-07-PM,-58.998,-58.998,-57.318,-57.318,-57.318,-59.821,-59.821,-59.821,-58.998,,-57.318,-57.318,,-58.998,-58.998,-58.998
05-01-2026-Fri 14-25-08-PM,-59.031,-59.031,-57.285,-57.285,-57.285,-59.788,-59.788,-59.788,-59.031,,-57.285,-57.285,,-59.031,-59.031,-59.031
05-01-2026-Fri 14-25-10-PM,-59.064,-59.064,-57.318,-57.318,-57.318,-59.854,-59.854,-59.854,-59.064,,-57.318,-57.318,,-59.064,-59.064,-59.064
05-01-2026-Fri 14-25-11-PM,-59.031,-59.031,-57.318,-57.318,-57.318,-59.854,-59.854,-59.854,-59.031,,-57.318,-57.318,,-59.031,-59.031,-59.031
05-01-2026-Fri 14-25-12-PM,-59.097,-59.097,-57.35,-57.35,-57.35,-59.887,-59.887,-59.887,-59.097,,-57.35,-57.35,,-59.097,-59.097,-59.097
05-01-2026-Fri 14-25-14-PM,-59.13,-59.13,-57.384,-57.384,-57.384,-59.887,-59.887,-59.887,-59.13,,-57.384,-57.384,,-59.13,-59.13,-59.13
05-01-2026-Fri 14-25-15-PM,-59.13,-59.13,-57.384,-57.384,-57.384,-59.92,-59.92,-59.92,-59.13,,-57.384,-57.384,,-59.13,-59.13,-59.13
05-01-2026-Fri 14-25-17-PM,-59.13,-59.13,-57.35,-57.35,-57.35,-59.887,-59.887,-59.887,-59.13,,-57.35,-57.35,,-59.13,-59.13,-59.13
05-01-2026-Fri 14-25-18-PM,-59.162,-59.162,-57.384,-57.384,-57.384,-59.953,-59.953,-59.953,-59.162,,-57.384,-57.384,,-59.162,-59.162,-59.162
05-01-2026-Fri 14-25-19-PM,-59.162,-59.162,-57.449,-57.449,-57.449,-59.953,-59.953,-59.953,-59.162,,-57.449,-57.449,,-59.162,-59.162,-59.162
05-01-2026-Fri 14-25-21-PM,-59.195,-59.195,-57.416,-57.416,-57.416,-60.019,-60.019,-60.019,-59.195,,-57.416,-57.416,,-59.195,-59.195,-59.195
05-01-2026-Fri 14-25-22-PM,-59.195,-59.195,-57.449,-57.449,-57.449,-59.986,-59.986,-59.986,-59.195,,-57.449,-57.449,,-59.195,-59.195,-59.195
05-01-2026-Fri 14-25-23-PM,-59.195,-59.195,-57.449,-57.449,-57.449,-59.986,-59.986,-59.986,-59.195,,-57.449,-57.449,,-59.195,-59.195,-59.195
05-01-2026-Fri 14-25-25-PM,-59.261,-59.261,-57.482,-57.482,-57.482,-60.019,-60.019,-60.019,-59.261,,-57.482,-57.482,,-59.261,-59.261,-59.261
05-01-2026-Fri 14-25-26-PM,-59.261,-59.261,-57.482,-57.482,-57.482,-60.052,-60.052,-60.052,-59.261,,-57.482,-57.482,,-59.261,-59.261,-59.261
05-01-2026-Fri 14-25-28-PM,-59.294,-59.294,-57.515,-57.515,-57.515,-60.019,-60.019,-60.019,-59.294,,-57.515,-57.515,,-59.294,-59.294,-59.294
05-01-2026-Fri 14-25-29-PM,-59.294,-59.294,-57.548,-57.548,-57.548,-60.084,-60.084,-60.084,-59.294,,-57.548,-57.548,,-59.294,-59.294,-59.294
05-01-2026-Fri 14-25-30-PM,-59.294,-59.294,-57.548,-57.548,-57.548,-60.052,-60.052,-60.052,-59.294,,-57.548,-57.548,,-59.294,-59.294,-59.294
05-01-2026-Fri 14-25-32-PM,-59.327,-59.327,-57.548,-57.548,-57.548,-60.117,-60.117,-60.117,-59.327,,-57.548,-57.548,,-59.327,-59.327,-59.327
05-01-2026-Fri 14-25-33-PM,-59.327,-59.327,-57.548,-57.548,-57.548,-60.117,-60.117,-60.117,-59.327,,-57.548,-57.548,,-59.327,-59.327,-59.327
05-01-2026-Fri 14-25-34-PM,-59.36,-59.36,-57.581,-57.581,-57.581,-60.084,-60.084,-60.084,-59.36,,-57.581,-57.581,,-59.36,-59.36,-59.36
05-01-2026-Fri 14-25-36-PM,-59.36,-59.36,-57.614,-57.614,-57.614,-60.117,-60.117,-60.117,-59.36,,-57.614,-57.614,,-59.36,-59.36,-59.36
05-01-2026-Fri 14-25-37-PM,-59.426,-59.426,-57.614,-57.614,-57.614,-60.15,-60.15,-60.15,-59.426,,-57.614,-57.614,,-59.426,-59.426,-59.426
05-01-2026-Fri 14-25-39-PM,-59.426,-59.426,-57.647,-57.647,-57.647,-60.183,-60.183,-60.183,-59.426,,-57.647,-57.647,,-59.426,-59.426,-59.426
05-01-2026-Fri 14-25-40-PM,-59.426,-59.426,-57.647,-57.647,-57.647,-60.216,-60.216,-60.216,-59.426,,-57.647,-57.647,,-59.426,-59.426,-59.426
05-01-2026-Fri 14-25-41-PM,-59.426,-59.426,-57.647,-57.647,-57.647,-60.183,-60.183,-60.183,-59.426,,-57.647,-57.647,,-59.426,-59.426,-59.426
05-01-2026-Fri 14-25-43-PM,-59.459,-59.459,-57.713,-57.713,-57.713,-60.282,-60.282,-60.282,-59.459,,-57.713,-57.713,,-59.459,-59.459,-59.459
05-01-2026-Fri 14-25-44-PM,-59.492,-59.492,-57.713,-57.713,-57.713,-60.216,-60.216,-60.216,-59.492,,-57.713,-57.713,,-59.492,-59.492,-59.492
05-01-2026-Fri 14-25-46-PM,-59.492,-59.492,-57.713,-57.713,-57.713,-60.249,-60.249,-60.249,-59.492,,-57.713,-57.713,,-59.492,-59.492,-59.492
05-01-2026-Fri 14-25-47-PM,-59.525,-59.525,-57.746,-57.746,-57.746,-60.249,-60.249,-60.249,-59.525,,-57.746,-57.746,,-59.525,-59.525,-59.525
05-01-2026-Fri 14-25-48-PM,-59.525,-59.525,-57.746,-57.746,-57.746,-60.249,-60.249,-60.249,-59.525,,-57.746,-57.746,,-59.525,-59.525,-59.525
05-01-2026-Fri 14-25-50-PM,-59.558,-59.558,-57.746,-57.746,-57.746,-60.282,-60.282,-60.282,-59.558,,-57.746,-57.746,,-59.558,-59.558,-59.558
05-01-2026-Fri 14-25-51-PM,-59.558,-59.558,-57.746,-57.746,-57.746,-60.282,-60.282,-60.282,-59.558,,-57.746,-57.746,,-59.558,-59.558,-59.558
05-01-2026-Fri 14-25-52-PM,-59.591,-59.591,-57.779,-57.779,-57.779,-60.348,-60.348,-60.348,-59.591,,-57.779,-57.779,,-59.591,-59.591,-59.591
05-01-2026-Fri 14-25-54-PM,-59.591,-59.591,-57.812,-57.812,-57.812,-60.348,-60.348,-60.348,-59.591,,-57.812,-57.812,,-59.591,-59.591,-59.591
05-01-2026-Fri 14-25-55-PM,-59.624,-59.624,-57.812,-57.812,-57.812,-60.348,-60.348,-60.348,-59.624,,-57.812,-57.812,,-59.624,-59.624,-59.624
05-01-2026-Fri 14-25-57-PM,-59.624,-59.624,-57.845,-57.845,-57.845,-60.381,-60.381,-60.381,-59.624,,-57.845,-57.845,,-59.624,-59.624,-59.624
05-01-2026-Fri 14-26-00-PM,-59.656,-59.656,-57.845,-57.845,-57.845,-60.414,-60.414,-60.414,-59.656,,-57.845,-57.845,,-59.656,-59.656,-59.656
05-01-2026-Fri 14-26-02-PM,-59.656,-59.656,-57.878,-57.878,-57.878,-60.447,-60.447,-60.447,-59.656,,-57.878,-57.878,,-59.656,-59.656,-59.656
05-01-2026-Fri 14-26-05-PM,-59.689,-59.689,-57.911,-57.911,-57.911,-60.48,-60.48,-60.48,-59.689,,-57.911,-57.911,,-59.689,-59.689,-59.689
05-01-2026-Fri 14-26-08-PM,-59.722,-59.722,-57.944,-57.944,-57.944,-60.447,-60.447,-60.447,-59.722,,-57.944,-57.944,,-59.722,-59.722,-59.722
05-01-2026-Fri 14-26-10-PM,-59.755,-59.755,-57.977,-57.977,-57.977,-60.512,-60.512,-60.512,-59.755,,-57.977,-57.977,,-59.755,-59.755,-59.755
05-01-2026-Fri 14-26-13-PM,-59.788,-59.788,-57.977,-57.977,-57.977,-60.545,-60.545,-60.545,-59.788,,-57.977,-57.977,,-59.788,-59.788,-59.788
05-01-2026-Fri 14-26-16-PM,-59.821,-59.821,-58.01,-58.01,-58.01,-60.545,-60.545,-60.545,-59.821,,-58.01,-58.01,,-59.821,-59.821,-59.821
05-01-2026-Fri 14-26-19-PM,-59.854,-59.854,-58.042,-58.042,-58.042,-60.644,-60.644,-60.644,-59.854,,-58.042,-58.042,,-59.854,-59.854,-59.854
05-01-2026-Fri 14-26-21-PM,-59.887,-59.887,-58.042,-58.042,-58.042,-60.644,-60.644,-60.644,-59.887,,-58.042,-58.042,,-59.887,-59.887,-59.887
05-01-2026-Fri 14-26-22-PM,-59.92,-59.92,-58.108,-58.108,-58.108,-60.644,-60.644,-60.644,-59.92,,-58.108,-58.108,,-59.92,-59.92,-59.92
05-01-2026-Fri 14-26-23-PM,-59.92,-59.92,-58.108,-58.108,-58.108,-60.677,-60.677,-60.677,-59.92,,-58.108,-58.108,,-59.92,-59.92,-59.92
05-01-2026-Fri 14-26-25-PM,-59.953,-59.953,-58.141,-58.141,-58.141,-60.677,-60.677,-60.677,-59.953,,-58.141,-58.141,,-59.953,-59.953,-59.953
05-01-2026-Fri 14-26-26-PM,-59.953,-59.953,-58.141,-58.141,-58.141,-60.677,-60.677,-60.677,-59.953,,-58.141,-58.141,,-59.953,-59.953,-59.953
05-01-2026-Fri 14-26-28-PM,-59.953,-59.953,-58.141,-58.141,-58.141,-60.71,-60.71,-60.71,-59.953,,-58.141,-58.141,,-59.953,-59.953,-59.953
05-01-2026-Fri 14-26-29-PM,-59.986,-59.986,-58.174,-58.174,-58.174,-60.71,-60.71,-60.71,-59.986,,-58.174,-58.174,,-59.986,-59.986,-59.986
05-01-2026-Fri 14-26-30-PM,-59.986,-59.986,-58.174,-58.174,-58.174,-60.71,-60.71,-60.71,-59.986,,-58.174,-58.174,,-59.986,-59.986,-59.986
05-01-2026-Fri 14-26-32-PM,-60.019,-60.019,-58.207,-58.207,-58.207,-60.677,-60.677,-60.677,-60.019,,-58.207,-58.207,,-60.019,-60.019,-60.019
05-01-2026-Fri 14-26-33-PM,-60.019,-60.019,-58.207,-58.207,-58.207,-60.776,-60.776,-60.776,-60.019,,-58.207,-58.207,,-60.019,-60.019,-60.019
05-01-2026-Fri 14-26-35-PM,-60.052,-60.052,-58.24,-58.24,-58.24,-60.743,-60.743,-60.743,-60.052,,-58.24,-58.24,,-60.052,-60.052,-60.052
05-01-2026-Fri 14-26-36-PM,-60.019,-60.019,-58.24,-58.24,-58.24,-60.809,-60.809,-60.809,-60.019,,-58.24,-58.24,,-60.019,-60.019,-60.019
05-01-2026-Fri 14-26-37-PM,-60.084,-60.084,-58.24,-58.24,-58.24,-60.809,-60.809,-60.809,-60.084,,-58.24,-58.24,,-60.084,-60.084,-60.084
05-01-2026-Fri 14-26-39-PM,-60.084,-60.084,-58.273,-58.273,-58.273,-60.776,-60.776,-60.776,-60.084,,-58.273,-58.273,,-60.084,-60.084,-60.084
05-01-2026-Fri 14-26-40-PM,-60.084,-60.084,-58.306,-58.306,-58.306,-60.874,-60.874,-60.874,-60.084,,-58.306,-58.306,,-60.084,-60.084,-60.084
05-01-2026-Fri 14-26-41-PM,-60.117,-60.117,-58.306,-58.306,-58.306,-60.842,-60.842,-60.842,-60.117,,-58.306,-58.306,,-60.117,-60.117,-60.117
05-01-2026-Fri 14-26-43-PM,-60.117,-60.117,-58.339,-58.339,-58.339,-60.842,-60.842,-60.842,-60.117,,-58.339,-58.339,,-60.117,-60.117,-60.117
05-01-2026-Fri 14-26-44-PM,-60.117,-60.117,-58.339,-58.339,-58.339,-60.874,-60.874,-60.874,-60.117,,-58.339,-58.339,,-60.117,-60.117,-60.117
05-01-2026-Fri 14-26-46-PM,-60.15,-60.15,-58.372,-58.372,-58.372,-60.874,-60.874,-60.874,-60.15,,-58.372,-58.372,,-60.15,-60.15,-60.15
05-01-2026-Fri 14-26-47-PM,-60.15,-60.15,-58.405,-58.405,-58.405,-60.842,-60.842,-60.842,-60.15,,-58.405,-58.405,,-60.15,-60.15,-60.15
05-01-2026-Fri 14-26-48-PM,-60.183,-60.183,-58.372,-58.372,-58.372,-60.94,-60.94,-60.94,-60.183,,-58.372,-58.372,,-60.183,-60.183,-60.183
05-01-2026-Fri 14-26-50-PM,-60.183,-60.183,-58.405,-58.405,-58.405,-60.908,-60.908,-60.908,-60.183,,-58.405,-58.405,,-60.183,-60.183,-60.183
05-01-2026-Fri 14-26-51-PM,-60.216,-60.216,-58.405,-58.405,-58.405,-60.94,-60.94,-60.94,-60.216,,-58.405,-58.405,,-60.216,-60.216,-60.216
05-01-2026-Fri 14-26-53-PM,-60.216,-60.216,-58.405,-58.405,-58.405,-60.973,-60.973,-60.973,-60.216,,-58.405,-58.405,,-60.216,-60.216,-60.216
05-01-2026-Fri 14-26-54-PM,-60.216,-60.216,-58.405,-58.405,-58.405,-60.973,-60.973,-60.973,-60.216,,-58.405,-58.405,,-60.216,-60.216,-60.216
05-01-2026-Fri 14-26-56-PM,-60.282,-60.282,-58.438,-58.438,-58.438,-60.908,-60.908,-60.908,-60.282,,-58.438,-58.438,,-60.282,-60.282,-60.282
05-01-2026-Fri 14-26-57-PM,-60.282,-60.282,-58.471,-58.471,-58.471,-61.039,-61.039,-61.039,-60.282,,-58.471,-58.471,,-60.282,-60.282,-60.282
05-01-2026-Fri 14-26-59-PM,-60.282,-60.282,-58.471,-58.471,-58.471,-61.039,-61.039,-61.039,-60.282,,-58.471,-58.471,,-60.282,-60.282,-60.282
05-01-2026-Fri 14-27-00-PM,-60.282,-60.282,-58.471,-58.471,-58.471,-61.006,-61.006,-61.006,-60.282,,-58.471,-58.471,,-60.282,-60.282,-60.282
05-01-2026-Fri 14-27-01-PM,-60.282,-60.282,-58.504,-58.504,-58.504,-61.039,-61.039,-61.039,-60.282,,-58.504,-58.504,,-60.282,-60.282,-60.282
05-01-2026-Fri 14-27-03-PM,-60.315,-60.315,-58.537,-58.537,-58.537,-61.039,-61.039,-61.039,-60.315,,-58.537,-58.537,,-60.315,-60.315,-60.315
05-01-2026-Fri 14-27-04-PM,-60.348,-60.348,-58.537,-58.537,-58.537,-61.105,-61.105,-61.105,-60.348,,-58.537,-58.537,,-60.348,-60.348,-60.348
05-01-2026-Fri 14-27-06-PM,-60.381,-60.381,-58.537,-58.537,-58.537,-61.072,-61.072,-61.072,-60.381,,-58.537,-58.537,,-60.381,-60.381,-60.381
05-01-2026-Fri 14-27-07-PM,-60.381,-60.381,-58.57,-58.57,-58.57,-61.072,-61.072,-61.072,-60.381,,-58.57,-58.57,,-60.381,-60.381,-60.381
05-01-2026-Fri 14-27-08-PM,-60.381,-60.381,-58.57,-58.57,-58.57,-61.072,-61.072,-61.072,-60.381,,-58.57,-58.57,,-60.381,-60.381,-60.381
05-01-2026-Fri 14-27-10-PM,-60.381,-60.381,-58.57,-58.57,-58.57,-61.138,-61.138,-61.138,-60.381,,-58.57,-58.57,,-60.381,-60.381,-60.381
05-01-2026-Fri 14-27-11-PM,-60.414,-60.414,-58.603,-58.603,-58.603,-61.138,-61.138,-61.138,-60.414,,-58.603,-58.603,,-60.414,-60.414,-60.414
05-01-2026-Fri 14-27-13-PM,-60.414,-60.414,-58.603,-58.603,-58.603,-61.138,-61.138,-61.138,-60.414,,-58.603,-58.603,,-60.414,-60.414,-60.414
05-01-2026-Fri 14-27-14-PM,-60.414,-60.414,-58.636,-58.636,-58.636,-61.171,-61.171,-61.171,-60.414,,-58.636,-58.636,,-60.414,-60.414,-60.414
05-01-2026-Fri 14-27-16-PM,-60.447,-60.447,-58.668,-58.668,-58.668,-61.171,-61.171,-61.171,-60.447,,-58.668,-58.668,,-60.447,-60.447,-60.447
05-01-2026-Fri 14-27-17-PM,-60.48,-60.48,-58.668,-58.668,-58.668,-61.171,-61.171,-61.171,-60.48,,-58.668,-58.668,,-60.48,-60.48,-60.48
05-01-2026-Fri 14-27-18-PM,-60.48,-60.48,-58.668,-58.668,-58.668,-61.204,-61.204,-61.204,-60.48,,-58.668,-58.668,,-60.48,-60.48,-60.48
05-01-2026-Fri 14-27-20-PM,-60.512,-60.512,-58.701,-58.701,-58.701,-61.204,-61.204,-61.204,-60.512,,-58.701,-58.701,,-60.512,-60.512,-60.512
05-01-2026-Fri 14-27-21-PM,-60.512,-60.512,-58.701,-58.701,-58.701,-61.27,-61.27,-61.27,-60.512,,-58.701,-58.701,,-60.512,-60.512,-60.512
05-01-2026-Fri 14-27-23-PM,-60.512,-60.512,-58.734,-58.734,-58.734,-61.27,-61.27,-61.27,-60.512,,-58.734,-58.734,,-60.512,-60.512,-60.512
05-01-2026-Fri 14-27-24-PM,-60.512,-60.512,-58.767,-58.767,-58.767,-61.302,-61.302,-61.302,-60.512,,-58.767,-58.767,,-60.512,-60.512,-60.512
05-01-2026-Fri 14-27-25-PM,-60.545,-60.545,-58.767,-58.767,-58.767,-61.236,-61.236,-61.236,-60.545,,-58.767,-58.767,,-60.545,-60.545,-60.545
05-01-2026-Fri 14-27-27-PM,-60.545,-60.545,-58.767,-58.767,-58.767,-61.236,-61.236,-61.236,-60.545,,-58.767,-58.767,,-60.545,-60.545,-60.545
05-01-2026-Fri 14-27-29-PM,-60.578,-60.578,-58.767,-58.767,-58.767,-61.27,-61.27,-61.27,-60.578,,-58.767,-58.767,,-60.578,-60.578,-60.578
05-01-2026-Fri 14-27-30-PM,-60.578,-60.578,-58.8,-58.8,-58.8,-61.302,-61.302,-61.302,-60.578,,-58.8,-58.8,,-60.578,-60.578,-60.578
05-01-2026-Fri 14-27-31-PM,-60.611,-60.611,-58.833,-58.833,-58.833,-61.335,-61.335,-61.335,-60.611,,-58.833,-58.833,,-60.611,-60.611,-60.611
05-01-2026-Fri 14-27-33-PM,-60.644,-60.644,-58.833,-58.833,-58.833,-61.27,-61.27,-61.27,-60.644,,-58.833,-58.833,,-60.644,-60.644,-60.644
05-01-2026-Fri 14-27-34-PM,-60.611,-60.611,-58.833,-58.833,-58.833,-61.335,-61.335,-61.335,-60.611,,-58.833,-58.833,,-60.611,-60.611,-60.611
05-01-2026-Fri 14-27-36-PM,-60.644,-60.644,-58.866,-58.866,-58.866,-61.302,-61.302,-61.302,-60.644,,-58.866,-58.866,,-60.644,-60.644,-60.644
05-01-2026-Fri 14-27-37-PM,-60.677,-60.677,-58.866,-58.866,-58.866,-61.335,-61.335,-61.335,-60.677,,-58.866,-58.866,,-60.677,-60.677,-60.677
05-01-2026-Fri 14-27-38-PM,-60.677,-60.677,-58.866,-58.866,-58.866,-61.335,-61.335,-61.335,-60.677,,-58.866,-58.866,,-60.677,-60.677,-60.677
05-01-2026-Fri 14-27-40-PM,-60.677,-60.677,-58.899,-58.899,-58.899,-61.434,-61.434,-61.434,-60.677,,-58.899,-58.899,,-60.677,-60.677,-60.677
05-01-2026-Fri 14-27-41-PM,-60.71,-60.71,-58.899,-58.899,-58.899,-61.401,-61.401,-61.401,-60.71,,-58.899,-58.899,,-60.71,-60.71,-60.71
05-01-2026-Fri 14-27-43-PM,-60.71,-60.71,-58.932,-58.932,-58.932,-61.368,-61.368,-61.368,-60.71,,-58.932,-58.932,,-60.71,-60.71,-60.71
05-01-2026-Fri 14-27-44-PM,-60.71,-60.71,-58.932,-58.932,-58.932,-61.401,-61.401,-61.401,-60.71,,-58.932,-58.932,,-60.71,-60.71,-60.71
05-01-2026-Fri 14-27-45-PM,-60.71,-60.71,-58.932,-58.932,-58.932,-61.434,-61.434,-61.434,-60.71,,-58.932,-58.932,,-60.71,-60.71,-60.71
05-01-2026-Fri 14-27-47-PM,-60.743,-60.743,-58.965,-58.965,-58.965,-61.434,-61.434,-61.434,-60.743,,-58.965,-58.965,,-60.743,-60.743,-60.743
05-01-2026-Fri 14-27-48-PM,-60.743,-60.743,-58.998,-58.998,-58.998,-61.467,-61.467,-61.467,-60.743,,-58.998,-58.998,,-60.743,-60.743,-60.743
05-01-2026-Fri 14-27-50-PM,-60.776,-60.776,-59.031,-59.031,-59.031,-61.467,-61.467,-61.467,-60.776,,-59.031,-59.031,,-60.776,-60.776,-60.776
05-01-2026-Fri 14-27-51-PM,-60.776,-60.776,-59.031,-59.031,-59.031,-61.5,-61.5,-61.5,-60.776,,-59.031,-59.031,,-60.776,-60.776,-60.776
05-01-2026-Fri 14-27-52-PM,-60.842,-60.842,-59.097,-59.097,-59.097,-61.533,-61.533,-61.533,-60.842,,-59.097,-59.097,,-60.842,-60.842,-60.842
05-01-2026-Fri 14-27-54-PM,-60.842,-60.842,-59.13,-59.13,-59.13,-61.533,-61.533,-61.533,-60.842,,-59.13,-59.13,,-60.842,-60.842,-60.842
05-01-2026-Fri 14-27-55-PM,-60.874,-60.874,-59.162,-59.162,-59.162,-61.631,-61.631,-61.631,-60.874,,-59.162,-59.162,,-60.874,-60.874,-60.874
05-01-2026-Fri 14-27-56-PM,-60.908,-60.908,-59.195,-59.195,-59.195,-61.664,-61.664,-61.664,-60.908,,-59.195,-59.195,,-60.908,-60.908,-60.908
05-01-2026-Fri 14-27-58-PM,-60.973,-60.973,-59.261,-59.261,-59.261,-61.631,-61.631,-61.631,-60.973,,-59.261,-59.261,,-60.973,-60.973,-60.973
05-01-2026-Fri 14-28-00-PM,-61.006,-61.006,-59.327,-59.327,-59.327,-61.697,-61.697,-61.697,-61.006,,-59.327,-59.327,,-61.006,-61.006,-61.006
05-01-2026-Fri 14-28-01-PM,-61.039,-61.039,-59.36,-59.36,-59.36,-61.763,-61.763,-61.763,-61.039,,-59.36,-59.36,,-61.039,-61.039,-61.039
05-01-2026-Fri 14-28-02-PM,-61.072,-61.072,-59.426,-59.426,-59.426,-61.763,-61.763,-61.763,-61.072,,-59.426,-59.426,,-61.072,-61.072,-61.072
05-01-2026-Fri 14-28-04-PM,-61.105,-61.105,-59.459,-59.459,-59.459,-61.829,-61.829,-61.829,-61.105,,-59.459,-59.459,,-61.105,-61.105,-61.105
05-01-2026-Fri 14-28-05-PM,-61.138,-61.138,-59.492,-59.492,-59.492,-61.829,-61.829,-61.829,-61.138,,-59.492,-59.492,,-61.138,-61.138,-61.138
05-01-2026-Fri 14-28-07-PM,-61.204,-61.204,-59.525,-59.525,-59.525,-61.829,-61.829,-61.829,-61.204,,-59.525,-59.525,,-61.204,-61.204,-61.204
05-01-2026-Fri 14-28-08-PM,-61.204,-61.204,-59.558,-59.558,-59.558,-61.928,-61.928,-61.928,-61.204,,-59.558,-59.558,,-61.204,-61.204,-61.204
05-01-2026-Fri 14-28-09-PM,-61.236,-61.236,-59.558,-59.558,-59.558,-61.895,-61.895,-61.895,-61.236,,-59.558,-59.558,,-61.236,-61.236,-61.236
05-01-2026-Fri 14-28-11-PM,-61.27,-61.27,-59.591,-59.591,-59.591,-61.895,-61.895,-61.895,-61.27,,-59.591,-59.591,,-61.27,-61.27,-61.27
05-01-2026-Fri 14-28-12-PM,-61.302,-61.302,-59.624,-59.624,-59.624,-61.928,-61.928,-61.928,-61.302,,-59.624,-59.624,,-61.302,-61.302,-61.302
05-01-2026-Fri 14-28-15-PM,-61.302,-61.302,-59.656,-59.656,-59.656,-61.993,-61.993,-61.993,-61.302,,-59.656,-59.656,,-61.302,-61.302,-61.302
05-01-2026-Fri 14-28-16-PM,-61.401,-61.401,-59.722,-59.722,-59.722,-62.059,-62.059,-62.059,-61.401,,-59.722,-59.722,,-61.401,-61.401,-61.401
05-01-2026-Fri 14-28-17-PM,-61.401,-61.401,-59.722,-59.722,-59.722,-62.092,-62.092,-62.092,-61.401,,-59.722,-59.722,,-61.401,-61.401,-61.401
05-01-2026-Fri 14-28-19-PM,-61.434,-61.434,-59.788,-59.788,-59.788,-62.092,-62.092,-62.092,-61.434,,-59.788,-59.788,,-61.434,-61.434,-61.434
05-01-2026-Fri 14-28-20-PM,-61.467,-61.467,-59.788,-59.788,-59.788,-62.092,-62.092,-62.092,-61.467,,-59.788,-59.788,,-61.467,-61.467,-61.467
05-01-2026-Fri 14-28-22-PM,-61.5,-61.5,-59.821,-59.821,-59.821,-62.092,-62.092,-62.092,-61.5,,-59.821,-59.821,,-61.5,-61.5,-61.5
05-01-2026-Fri 14-28-23-PM,-61.533,-61.533,-59.854,-59.854,-59.854,-62.158,-62.158,-62.158,-61.533,,-59.854,-59.854,,-61.533,-61.533,-61.533
05-01-2026-Fri 14-28-25-PM,-61.533,-61.533,-59.887,-59.887,-59.887,-62.191,-62.191,-62.191,-61.533,,-59.887,-59.887,,-61.533,-61.533,-61.533
05-01-2026-Fri 14-28-27-PM,-61.566,-61.566,-59.92,-59.92,-59.92,-62.224,-62.224,-62.224,-61.566,,-59.92,-59.92,,-61.566,-61.566,-61.566
05-01-2026-Fri 14-28-30-PM,-61.631,-61.631,-59.986,-59.986,-59.986,-62.256,-62.256,-62.256,-61.631,,-59.986,-59.986,,-61.631,-61.631,-61.631
05-01-2026-Fri 14-28-32-PM,-61.697,-61.697,-60.052,-60.052,-60.052,-62.322,-62.322,-62.322,-61.697,,-60.052,-60.052,,-61.697,-61.697,-61.697
05-01-2026-Fri 14-28-33-PM,-61.697,-61.697,-60.052,-60.052,-60.052,-62.355,-62.355,-62.355,-61.697,,-60.052,-60.052,,-61.697,-61.697,-61.697
05-01-2026-Fri 14-28-34-PM,-61.697,-61.697,-60.084,-60.084,-60.084,-62.355,-62.355,-62.355,-61.697,,-60.084,-60.084,,-61.697,-61.697,-61.697
05-01-2026-Fri 14-28-36-PM,-61.763,-61.763,-60.117,-60.117,-60.117,-62.421,-62.421,-62.421,-61.763,,-60.117,-60.117,,-61.763,-61.763,-61.763
05-01-2026-Fri 14-28-37-PM,-61.796,-61.796,-60.183,-60.183,-60.183,-62.388,-62.388,-62.388,-61.796,,-60.183,-60.183,,-61.796,-61.796,-61.796
05-01-2026-Fri 14-28-38-PM,-61.796,-61.796,-60.183,-60.183,-60.183,-62.487,-62.487,-62.487,-61.796,,-60.183,-60.183,,-61.796,-61.796,-61.796
05-01-2026-Fri 14-28-40-PM,-61.829,-61.829,-60.183,-60.183,-60.183,-62.487,-62.487,-62.487,-61.829,,-60.183,-60.183,,-61.829,-61.829,-61.829
05-01-2026-Fri 14-28-41-PM,-61.862,-61.862,-60.216,-60.216,-60.216,-62.52,-62.52,-62.52,-61.862,,-60.216,-60.216,,-61.862,-61.862,-61.862
05-01-2026-Fri 14-28-43-PM,-61.895,-61.895,-60.249,-60.249,-60.249,-62.52,-62.52,-62.52,-61.895,,-60.249,-60.249,,-61.895,-61.895,-61.895
05-01-2026-Fri 14-28-44-PM,-61.895,-61.895,-60.282,-60.282,-60.282,-62.52,-62.52,-62.52,-61.895,,-60.282,-60.282,,-61.895,-61.895,-61.895
05-01-2026-Fri 14-28-45-PM,-61.928,-61.928,-60.315,-60.315,-60.315,-62.553,-62.553,-62.553,-61.928,,-60.315,-60.315,,-61.928,-61.928,-61.928
05-01-2026-Fri 14-28-47-PM,-61.96,-61.96,-60.348,-60.348,-60.348,-62.585,-62.585,-62.585,-61.96,,-60.348,-60.348,,-61.96,-61.96,-61.96
05-01-2026-Fri 14-28-48-PM,-61.993,-61.993,-60.348,-60.348,-60.348,-62.618,-62.618,-62.618,-61.993,,-60.348,-60.348,,-61.993,-61.993,-61.993
05-01-2026-Fri 14-28-50-PM,-61.993,-61.993,-60.381,-60.381,-60.381,-62.684,-62.684,-62.684,-61.993,,-60.381,-60.381,,-61.993,-61.993,-61.993
05-01-2026-Fri 14-28-51-PM,-62.026,-62.026,-60.414,-60.414,-60.414,-62.717,-62.717,-62.717,-62.026,,-60.414,-60.414,,-62.026,-62.026,-62.026
05-01-2026-Fri 14-28-52-PM,-62.026,-62.026,-60.447,-60.447,-60.447,-62.717,-62.717,-62.717,-62.026,,-60.447,-60.447,,-62.026,-62.026,-62.026
05-01-2026-Fri 14-28-54-PM,-62.092,-62.092,-60.447,-60.447,-60.447,-62.717,-62.717,-62.717,-62.092,,-60.447,-60.447,,-62.092,-62.092,-62.092
05-01-2026-Fri 14-28-55-PM,-62.092,-62.092,-60.48,-60.48,-60.48,-62.75,-62.75,-62.75,-62.092,,-60.48,-60.48,,-62.092,-62.092,-62.092
05-01-2026-Fri 14-28-57-PM,-62.125,-62.125,-60.512,-60.512,-60.512,-62.816,-62.816,-62.816,-62.125,,-60.512,-60.512,,-62.125,-62.125,-62.125
05-01-2026-Fri 14-28-58-PM,-62.125,-62.125,-60.545,-60.545,-60.545,-62.816,-62.816,-62.816,-62.125,,-60.545,-60.545,,-62.125,-62.125,-62.125
05-01-2026-Fri 14-28-59-PM,-62.158,-62.158,-60.578,-60.578,-60.578,-62.75,-62.75,-62.75,-62.158,,-60.578,-60.578,,-62.158,-62.158,-62.158
05-01-2026-Fri 14-29-01-PM,-62.158,-62.158,-60.578,-60.578,-60.578,-62.816,-62.816,-62.816,-62.158,,-60.578,-60.578,,-62.158,-62.158,-62.158
05-01-2026-Fri 14-29-02-PM,-62.224,-62.224,-60.611,-60.611,-60.611,-62.848,-62.848,-62.848,-62.224,,-60.611,-60.611,,-62.224,-62.224,-62.224
05-01-2026-Fri 14-29-04-PM,-62.224,-62.224,-60.644,-60.644,-60.644,-62.914,-62.914,-62.914,-62.224,,-60.644,-60.644,,-62.224,-62.224,-62.224
05-01-2026-Fri 14-29-05-PM,-62.256,-62.256,-60.644,-60.644,-60.644,-62.882,-62.882,-62.882,-62.256,,-60.644,-60.644,,-62.256,-62.256,-62.256
05-01-2026-Fri 14-29-06-PM,-62.289,-62.289,-60.677,-60.677,-60.677,-62.98,-62.98,-62.98,-62.289,,-60.677,-60.677,,-62.289,-62.289,-62.289
05-01-2026-Fri 14-29-08-PM,-62.289,-62.289,-60.71,-60.71,-60.71,-63.046,-63.046,-63.046,-62.289,,-60.71,-60.71,,-62.289,-62.289,-62.289
05-01-2026-Fri 14-29-09-PM,-62.322,-62.322,-60.743,-60.743,-60.743,-62.98,-62.98,-62.98,-62.322,,-60.743,-60.743,,-62.322,-62.322,-62.322
05-01-2026-Fri 14-29-11-PM,-62.355,-62.355,-60.743,-60.743,-60.743,-63.079,-63.079,-63.079,-62.355,,-60.743,-60.743,,-62.355,-62.355,-62.355
05-01-2026-Fri 14-29-12-PM,-62.355,-62.355,-60.776,-60.776,-60.776,-63.046,-63.046,-63.046,-62.355,,-60.776,-60.776,,-62.355,-62.355,-62.355
05-01-2026-Fri 14-29-13-PM,-62.388,-62.388,-60.809,-60.809,-60.809,-63.046,-63.046,-63.046,-62.388,,-60.809,-60.809,,-62.388,-62.388,-62.388
05-01-2026-Fri 14-29-15-PM,-62.421,-62.421,-60.842,-60.842,-60.842,-63.079,-63.079,-63.079,-62.421,,-60.842,-60.842,,-62.421,-62.421,-62.421
05-01-2026-Fri 14-29-16-PM,-62.454,-62.454,-60.874,-60.874,-60.874,-63.112,-63.112,-63.112,-62.454,,-60.874,-60.874,,-62.454,-62.454,-62.454
05-01-2026-Fri 14-29-18-PM,-62.454,-62.454,-60.874,-60.874,-60.874,-63.144,-63.144,-63.144,-62.454,,-60.874,-60.874,,-62.454,-62.454,-62.454
05-01-2026-Fri 14-29-19-PM,-62.52,-62.52,-60.908,-60.908,-60.908,-63.21,-63.21,-63.21,-62.52,,-60.908,-60.908,,-62.52,-62.52,-62.52
05-01-2026-Fri 14-29-20-PM,-62.487,-62.487,-60.94,-60.94,-60.94,-63.21,-63.21,-63.21,-62.487,,-60.94,-60.94,,-62.487,-62.487,-62.487
05-01-2026-Fri 14-29-22-PM,-62.52,-62.52,-60.973,-60.973,-60.973,-63.21,-63.21,-63.21,-62.52,,-60.973,-60.973,,-62.52,-62.52,-62.52
05-01-2026-Fri 14-29-23-PM,-62.553,-62.553,-60.973,-60.973,-60.973,-63.243,-63.243,-63.243,-62.553,,-60.973,-60.973,,-62.553,-62.553,-62.553
05-01-2026-Fri 14-29-25-PM,-62.585,-62.585,-61.006,-61.006,-61.006,-63.243,-63.243,-63.243,-62.585,,-61.006,-61.006,,-62.585,-62.585,-62.585
05-01-2026-Fri 14-29-26-PM,-62.585,-62.585,-61.006,-61.006,-61.006,-63.243,-63.243,-63.243,-62.585,,-61.006,-61.006,,-62.585,-62.585,-62.585
05-01-2026-Fri 14-29-27-PM,-62.618,-62.618,-61.039,-61.039,-61.039,-63.276,-63.276,-63.276,-62.618,,-61.039,-61.039,,-62.618,-62.618,-62.618
05-01-2026-Fri 14-29-29-PM,-62.651,-62.651,-61.072,-61.072,-61.072,-63.276,-63.276,-63.276,-62.651,,-61.072,-61.072,,-62.651,-62.651,-62.651
05-01-2026-Fri 14-29-30-PM,-62.651,-62.651,-61.072,-61.072,-61.072,-63.309,-63.309,-63.309,-62.651,,-61.072,-61.072,,-62.651,-62.651,-62.651
05-01-2026-Fri 14-29-31-PM,-62.684,-62.684,-61.105,-61.105,-61.105,-63.375,-63.375,-63.375,-62.684,,-61.105,-61.105,,-62.684,-62.684,-62.684
05-01-2026-Fri 14-29-33-PM,-62.717,-62.717,-61.138,-61.138,-61.138,-63.408,-63.408,-63.408,-62.717,,-61.138,-61.138,,-62.717,-62.717,-62.717
05-01-2026-Fri 14-29-34-PM,-62.717,-62.717,-61.138,-61.138,-61.138,-63.375,-63.375,-63.375,-62.717,,-61.138,-61.138,,-62.717,-62.717,-62.717
05-01-2026-Fri 14-29-35-PM,-62.75,-62.75,-61.171,-61.171,-61.171,-63.375,-63.375,-63.375,-62.75,,-61.171,-61.171,,-62.75,-62.75,-62.75
05-01-2026-Fri 14-29-37-PM,-62.75,-62.75,-61.204,-61.204,-61.204,-63.408,-63.408,-63.408,-62.75,,-61.204,-61.204,,-62.75,-62.75,-62.75
05-01-2026-Fri 14-29-38-PM,-62.783,-62.783,-61.204,-61.204,-61.204,-63.473,-63.473,-63.473,-62.783,,-61.204,-61.204,,-62.783,-62.783,-62.783
05-01-2026-Fri 14-29-40-PM,-62.783,-62.783,-61.236,-61.236,-61.236,-63.506,-63.506,-63.506,-62.783,,-61.236,-61.236,,-62.783,-62.783,-62.783
05-01-2026-Fri 14-29-41-PM,-62.848,-62.848,-61.236,-61.236,-61.236,-63.506,-63.506,-63.506,-62.848,,-61.236,-61.236,,-62.848,-62.848,-62.848
05-01-2026-Fri 14-29-42-PM,-62.848,-62.848,-61.27,-61.27,-61.27,-63.539,-63.539,-63.539,-62.848,,-61.27,-61.27,,-62.848,-62.848,-62.848
05-01-2026-Fri 14-29-44-PM,-62.882,-62.882,-61.302,-61.302,-61.302,-63.572,-63.572,-63.572,-62.882,,-61.302,-61.302,,-62.882,-62.882,-62.882
05-01-2026-Fri 14-29-45-PM,-62.882,-62.882,-61.335,-61.335,-61.335,-63.572,-63.572,-63.572,-62.882,,-61.335,-61.335,,-62.882,-62.882,-62.882
05-01-2026-Fri 14-29-47-PM,-62.914,-62.914,-61.368,-61.368,-61.368,-63.638,-63.638,-63.638,-62.914,,-61.368,-61.368,,-62.914,-62.914,-62.914
05-01-2026-Fri 14-29-48-PM,-62.947,-62.947,-61.368,-61.368,-61.368,-63.704,-63.704,-63.704,-62.947,,-61.368,-61.368,,-62.947,-62.947,-62.947
05-01-2026-Fri 14-29-49-PM,-62.947,-62.947,-61.401,-61.401,-61.401,-63.671,-63.671,-63.671,-62.947,,-61.401,-61.401,,-62.947,-62.947,-62.947
05-01-2026-Fri 14-29-51-PM,-62.98,-62.98,-61.434,-61.434,-61.434,-63.671,-63.671,-63.671,-62.98,,-61.434,-61.434,,-62.98,-62.98,-62.98
05-01-2026-Fri 14-29-52-PM,-63.013,-63.013,-61.434,-61.434,-61.434,-63.769,-63.769,-63.769,-63.013,,-61.434,-61.434,,-63.013,-63.013,-63.013
05-01-2026-Fri 14-29-54-PM,-63.013,-63.013,-61.467,-61.467,-61.467,-63.769,-63.769,-63.769,-63.013,,-61.467,-61.467,,-63.013,-63.013,-63.013
05-01-2026-Fri 14-29-55-PM,-63.046,-63.046,-61.467,-61.467,-61.467,-63.769,-63.769,-63.769,-63.046,,-61.467,-61.467,,-63.046,-63.046,-63.046
05-01-2026-Fri 14-29-57-PM,-63.079,-63.079,-61.533,-61.533,-61.533,-63.769,-63.769,-63.769,-63.079,,-61.533,-61.533,,-63.079,-63.079,-63.079
05-01-2026-Fri 14-29-58-PM,-63.079,-63.079,-61.533,-61.533,-61.533,-63.802,-63.802,-63.802,-63.079,,-61.533,-61.533,,-63.079,-63.079,-63.079
05-01-2026-Fri 14-29-59-PM,-63.112,-63.112,-61.533,-61.533,-61.533,-63.868,-63.868,-63.868,-63.112,,-61.533,-61.533,,-63.112,-63.112,-63.112
05-01-2026-Fri 14-30-01-PM,-63.144,-63.144,-61.566,-61.566,-61.566,-63.835,-63.835,-63.835,-63.144,,-61.566,-61.566,,-63.144,-63.144,-63.144
05-01-2026-Fri 14-30-02-PM,-63.144,-63.144,-61.566,-61.566,-61.566,-63.868,-63.868,-63.868,-63.144,,-61.566,-61.566,,-63.144,-63.144,-63.144
05-01-2026-Fri 14-30-03-PM,-63.177,-63.177,-61.631,-61.631,-61.631,-63.868,-63.868,-63.868,-63.177,,-61.631,-61.631,,-63.177,-63.177,-63.177
05-01-2026-Fri 14-30-05-PM,-63.177,-63.177,-61.631,-61.631,-61.631,-63.901,-63.901,-63.901,-63.177,,-61.631,-61.631,,-63.177,-63.177,-63.177
05-01-2026-Fri 14-30-06-PM,-63.21,-63.21,-61.664,-61.664,-61.664,-63.934,-63.934,-63.934,-63.21,,-61.664,-61.664,,-63.21,-63.21,-63.21
05-01-2026-Fri 14-30-08-PM,-63.21,-63.21,-61.664,-61.664,-61.664,-63.967,-63.967,-63.967,-63.21,,-61.664,-61.664,,-63.21,-63.21,-63.21
05-01-2026-Fri 14-30-09-PM,-63.276,-63.276,-61.664,-61.664,-61.664,-63.999,-63.999,-63.999,-63.276,,-61.664,-61.664,,-63.276,-63.276,-63.276
05-01-2026-Fri 14-30-10-PM,-63.309,-63.309,-61.697,-61.697,-61.697,-63.999,-63.999,-63.999,-63.309,,-61.697,-61.697,,-63.309,-63.309,-63.309
05-01-2026-Fri 14-30-12-PM,-63.309,-63.309,-61.73,-61.73,-61.73,-64.032,-64.032,-64.032,-63.309,,-61.73,-61.73,,-63.309,-63.309,-63.309
05-01-2026-Fri 14-30-13-PM,-63.342,-63.342,-61.763,-61.763,-61.763,-64.065,-64.065,-64.065,-63.342,,-61.763,-61.763,,-63.342,-63.342,-63.342
05-01-2026-Fri 14-30-15-PM,-63.309,-63.309,-61.763,-61.763,-61.763,-64.098,-64.098,-64.098,-63.309,,-61.763,-61.763,,-63.309,-63.309,-63.309
05-01-2026-Fri 14-30-16-PM,-63.342,-63.342,-61.796,-61.796,-61.796,-64.098,-64.098,-64.098,-63.342,,-61.796,-61.796,,-63.342,-63.342,-63.342
05-01-2026-Fri 14-30-18-PM,-63.375,-63.375,-61.829,-61.829,-61.829,-64.065,-64.065,-64.065,-63.375,,-61.829,-61.829,,-63.375,-63.375,-63.375
05-01-2026-Fri 14-30-19-PM,-63.408,-63.408,-61.862,-61.862,-61.862,-64.131,-64.131,-64.131,-63.408,,-61.862,-61.862,,-63.408,-63.408,-63.408
05-01-2026-Fri 14-30-21-PM,-63.44,-63.44,-61.862,-61.862,-61.862,-64.197,-64.197,-64.197,-63.44,,-61.862,-61.862,,-63.44,-63.44,-63.44
05-01-2026-Fri 14-30-22-PM,-63.44,-63.44,-61.862,-61.862,-61.862,-64.197,-64.197,-64.197,-63.44,,-61.862,-61.862,,-63.44,-63.44,-63.44
05-01-2026-Fri 14-30-23-PM,-63.473,-63.473,-61.895,-61.895,-61.895,-64.197,-64.197,-64.197,-63.473,,-61.895,-61.895,,-63.473,-63.473,-63.473
05-01-2026-Fri 14-30-25-PM,-63.473,-63.473,-61.895,-61.895,-61.895,-64.23,-64.23,-64.23,-63.473,,-61.895,-61.895,,-63.473,-63.473,-63.473
05-01-2026-Fri 14-30-26-PM,-63.506,-63.506,-61.928,-61.928,-61.928,-64.197,-64.197,-64.197,-63.506,,-61.928,-61.928,,-63.506,-63.506,-63.506
05-01-2026-Fri 14-30-27-PM,-63.539,-63.539,-61.96,-61.96,-61.96,-64.295,-64.295,-64.295,-63.539,,-61.96,-61.96,,-63.539,-63.539,-63.539
05-01-2026-Fri 14-30-29-PM,-63.539,-63.539,-61.96,-61.96,-61.96,-64.295,-64.295,-64.295,-63.539,,-61.96,-61.96,,-63.539,-63.539,-63.539
05-01-2026-Fri 14-30-30-PM,-63.572,-63.572,-61.993,-61.993,-61.993,-64.328,-64.328,-64.328,-63.572,,-61.993,-61.993,,-63.572,-63.572,-63.572
05-01-2026-Fri 14-30-31-PM,-63.572,-63.572,-62.026,-62.026,-62.026,-64.328,-64.328,-64.328,-63.572,,-62.026,-62.026,,-63.572,-63.572,-63.572
05-01-2026-Fri 14-30-33-PM,-63.605,-63.605,-62.059,-62.059,-62.059,-64.295,-64.295,-64.295,-63.605,,-62.059,-62.059,,-63.605,-63.605,-63.605
05-01-2026-Fri 14-30-34-PM,-63.605,-63.605,-62.026,-62.026,-62.026,-64.328,-64.328,-64.328,-63.605,,-62.026,-62.026,,-63.605,-63.605,-63.605
05-01-2026-Fri 14-30-36-PM,-63.638,-63.638,-62.059,-62.059,-62.059,-64.394,-64.394,-64.394,-63.638,,-62.059,-62.059,,-63.638,-63.638,-63.638
05-01-2026-Fri 14-30-37-PM,-63.671,-63.671,-62.092,-62.092,-62.092,-64.394,-64.394,-64.394,-63.671,,-62.092,-62.092,,-63.671,-63.671,-63.671
05-01-2026-Fri 14-30-39-PM,-63.671,-63.671,-62.125,-62.125,-62.125,-64.394,-64.394,-64.394,-63.671,,-62.125,-62.125,,-63.671,-63.671,-63.671
05-01-2026-Fri 14-30-40-PM,-63.704,-63.704,-62.125,-62.125,-62.125,-64.427,-64.427,-64.427,-63.704,,-62.125,-62.125,,-63.704,-63.704,-63.704
05-01-2026-Fri 14-30-41-PM,-63.704,-63.704,-62.158,-62.158,-62.158,-64.46,-64.46,-64.46,-63.704,,-62.158,-62.158,,-63.704,-63.704,-63.704
05-01-2026-Fri 14-30-43-PM,-63.736,-63.736,-62.158,-62.158,-62.158,-64.525,-64.525,-64.525,-63.736,,-62.158,-62.158,,-63.736,-63.736,-63.736
05-01-2026-Fri 14-30-46-PM,-63.736,-63.736,-62.158,-62.158,-62.158,-64.525,-64.525,-64.525,-63.736,,-62.158,-62.158,,-63.736,-63.736,-63.736
05-01-2026-Fri 14-30-48-PM,-63.802,-63.802,-62.224,-62.224,-62.224,-64.558,-64.558,-64.558,-63.802,,-62.224,-62.224,,-63.802,-63.802,-63.802
05-01-2026-Fri 14-30-50-PM,-63.835,-63.835,-62.256,-62.256,-62.256,-64.525,-64.525,-64.525,-63.835,,-62.256,-62.256,,-63.835,-63.835,-63.835
05-01-2026-Fri 14-30-51-PM,-63.868,-63.868,-62.256,-62.256,-62.256,-64.591,-64.591,-64.591,-63.868,,-62.256,-62.256,,-63.868,-63.868,-63.868
05-01-2026-Fri 14-30-53-PM,-63.868,-63.868,-62.289,-62.289,-62.289,-64.624,-64.624,-64.624,-63.868,,-62.289,-62.289,,-63.868,-63.868,-63.868
05-01-2026-Fri 14-30-54-PM,-63.901,-63.901,-62.322,-62.322,-62.322,-64.624,-64.624,-64.624,-63.901,,-62.322,-62.322,,-63.901,-63.901,-63.901
05-01-2026-Fri 14-30-55-PM,-63.901,-63.901,-62.322,-62.322,-62.322,-64.591,-64.591,-64.591,-63.901,,-62.322,-62.322,,-63.901,-63.901,-63.901
05-01-2026-Fri 14-30-57-PM,-63.901,-63.901,-62.355,-62.355,-62.355,-64.657,-64.657,-64.657,-63.901,,-62.355,-62.355,,-63.901,-63.901,-63.901
05-01-2026-Fri 14-30-58-PM,-63.934,-63.934,-62.355,-62.355,-62.355,-64.657,-64.657,-64.657,-63.934,,-62.355,-62.355,,-63.934,-63.934,-63.934
05-01-2026-Fri 14-31-00-PM,-63.967,-63.967,-62.388,-62.388,-62.388,-64.722,-64.722,-64.722,-63.967,,-62.388,-62.388,,-63.967,-63.967,-63.967
05-01-2026-Fri 14-31-02-PM,-63.999,-63.999,-62.388,-62.388,-62.388,-64.722,-64.722,-64.722,-63.999,,-62.388,-62.388,,-63.999,-63.999,-63.999
05-01-2026-Fri 14-31-04-PM,-64.032,-64.032,-62.454,-62.454,-62.454,-64.755,-64.755,-64.755,-64.032,,-62.454,-62.454,,-64.032,-64.032,-64.032
05-01-2026-Fri 14-31-06-PM,-64.065,-64.065,-62.487,-62.487,-62.487,-64.755,-64.755,-64.755,-64.065,,-62.487,-62.487,,-64.065,-64.065,-64.065
05-01-2026-Fri 14-31-07-PM,-64.065,-64.065,-62.487,-62.487,-62.487,-64.821,-64.821,-64.821,-64.065,,-62.487,-62.487,,-64.065,-64.065,-64.065
05-01-2026-Fri 14-31-09-PM,-64.098,-64.098,-62.52,-62.52,-62.52,-64.821,-64.821,-64.821,-64.098,,-62.52,-62.52,,-64.098,-64.098,-64.098
05-01-2026-Fri 14-31-10-PM,-64.098,-64.098,-62.52,-62.52,-62.52,-64.821,-64.821,-64.821,-64.098,,-62.52,-62.52,,-64.098,-64.098,-64.098
05-01-2026-Fri 14-31-12-PM,-64.131,-64.131,-62.52,-62.52,-62.52,-64.92,-64.92,-64.92,-64.131,,-62.52,-62.52,,-64.131,-64.131,-64.131
05-01-2026-Fri 14-31-13-PM,-64.131,-64.131,-62.585,-62.585,-62.585,-64.854,-64.854,-64.854,-64.131,,-62.585,-62.585,,-64.131,-64.131,-64.131
05-01-2026-Fri 14-31-14-PM,-64.164,-64.164,-62.585,-62.585,-62.585,-64.92,-64.92,-64.92,-64.164,,-62.585,-62.585,,-64.164,-64.164,-64.164
05-01-2026-Fri 14-31-16-PM,-64.164,-64.164,-62.618,-62.618,-62.618,-64.92,-64.92,-64.92,-64.164,,-62.618,-62.618,,-64.164,-64.164,-64.164
05-01-2026-Fri 14-31-17-PM,-64.197,-64.197,-62.618,-62.618,-62.618,-64.92,-64.92,-64.92,-64.197,,-62.618,-62.618,,-64.197,-64.197,-64.197
05-01-2026-Fri 14-31-19-PM,-64.197,-64.197,-62.618,-62.618,-62.618,-64.92,-64.92,-64.92,-64.197,,-62.618,-62.618,,-64.197,-64.197,-64.197
05-01-2026-Fri 14-31-20-PM,-64.23,-64.23,-62.651,-62.651,-62.651,-64.953,-64.953,-64.953,-64.23,,-62.651,-62.651,,-64.23,-64.23,-64.23
05-01-2026-Fri 14-31-22-PM,-64.23,-64.23,-62.651,-62.651,-62.651,-65.018,-65.018,-65.018,-64.23,,-62.651,-62.651,,-64.23,-64.23,-64.23
05-01-2026-Fri 14-31-25-PM,-64.262,-64.262,-62.684,-62.684,-62.684,-65.051,-65.051,-65.051,-64.262,,-62.684,-62.684,,-64.262,-64.262,-64.262
05-01-2026-Fri 14-31-28-PM,-64.328,-64.328,-62.75,-62.75,-62.75,-65.084,-65.084,-65.084,-64.328,,-62.75,-62.75,,-64.328,-64.328,-64.328
05-01-2026-Fri 14-31-29-PM,-64.361,-64.361,-62.75,-62.75,-62.75,-65.117,-65.117,-65.117,-64.361,,-62.75,-62.75,,-64.361,-64.361,-64.361
05-01-2026-Fri 14-31-30-PM,-64.361,-64.361,-62.783,-62.783,-62.783,-65.117,-65.117,-65.117,-64.361,,-62.783,-62.783,,-64.361,-64.361,-64.361
05-01-2026-Fri 14-31-32-PM,-64.394,-64.394,-62.816,-62.816,-62.816,-65.15,-65.15,-65.15,-64.394,,-62.816,-62.816,,-64.394,-64.394,-64.394
05-01-2026-Fri 14-31-33-PM,-64.394,-64.394,-62.816,-62.816,-62.816,-65.117,-65.117,-65.117,-64.394,,-62.816,-62.816,,-64.394,-64.394,-64.394
05-01-2026-Fri 14-31-35-PM,-64.427,-64.427,-62.848,-62.848,-62.848,-65.117,-65.117,-65.117,-64.427,,-62.848,-62.848,,-64.427,-64.427,-64.427
05-01-2026-Fri 14-31-36-PM,-64.46,-64.46,-62.816,-62.816,-62.816,-65.183,-65.183,-65.183,-64.46,,-62.816,-62.816,,-64.46,-64.46,-64.46
05-01-2026-Fri 14-31-37-PM,-64.427,-64.427,-62.882,-62.882,-62.882,-65.216,-65.216,-65.216,-64.427,,-62.882,-62.882,,-64.427,-64.427,-64.427
05-01-2026-Fri 14-31-39-PM,-64.46,-64.46,-62.882,-62.882,-62.882,-65.216,-65.216,-65.216,-64.46,,-62.882,-62.882,,-64.46,-64.46,-64.46
05-01-2026-Fri 14-31-40-PM,-64.492,-64.492,-62.882,-62.882,-62.882,-65.248,-65.248,-65.248,-64.492,,-62.882,-62.882,,-64.492,-64.492,-64.492
05-01-2026-Fri 14-31-42-PM,-64.492,-64.492,-62.914,-62.914,-62.914,-65.281,-65.281,-65.281,-64.492,,-62.914,-62.914,,-64.492,-64.492,-64.492
05-01-2026-Fri 14-31-43-PM,-64.492,-64.492,-62.947,-62.947,-62.947,-65.281,-65.281,-65.281,-64.492,,-62.947,-62.947,,-64.492,-64.492,-64.492
05-01-2026-Fri 14-31-44-PM,-64.525,-64.525,-62.98,-62.98,-62.98,-65.347,-65.347,-65.347,-64.525,,-62.98,-62.98,,-64.525,-64.525,-64.525
05-01-2026-Fri 14-31-46-PM,-64.558,-64.558,-62.98,-62.98,-62.98,-65.347,-65.347,-65.347,-64.558,,-62.98,-62.98,,-64.558,-64.558,-64.558
05-01-2026-Fri 14-31-47-PM,-64.591,-64.591,-62.98,-62.98,-62.98,-65.347,-65.347,-65.347,-64.591,,-62.98,-62.98,,-64.591,-64.591,-64.591
05-01-2026-Fri 14-31-49-PM,-64.558,-64.558,-62.98,-62.98,-62.98,-65.347,-65.347,-65.347,-64.558,,-62.98,-62.98,,-64.558,-64.558,-64.558
05-01-2026-Fri 14-31-50-PM,-64.591,-64.591,-63.013,-63.013,-63.013,-65.347,-65.347,-65.347,-64.591,,-63.013,-63.013,,-64.591,-64.591,-64.591
05-01-2026-Fri 14-31-51-PM,-64.624,-64.624,-63.013,-63.013,-63.013,-65.38,-65.38,-65.38,-64.624,,-63.013,-63.013,,-64.624,-64.624,-64.624
05-01-2026-Fri 14-31-53-PM,-64.624,-64.624,-63.046,-63.046,-63.046,-65.413,-65.413,-65.413,-64.624,,-63.046,-63.046,,-64.624,-64.624,-64.624
05-01-2026-Fri 14-31-54-PM,-64.624,-64.624,-63.046,-63.046,-63.046,-65.38,-65.38,-65.38,-64.624,,-63.046,-63.046,,-64.624,-64.624,-64.624
05-01-2026-Fri 14-31-56-PM,-64.657,-64.657,-63.046,-63.046,-63.046,-65.413,-65.413,-65.413,-64.657,,-63.046,-63.046,,-64.657,-64.657,-64.657
05-01-2026-Fri 14-31-57-PM,-64.69,-64.69,-63.079,-63.079,-63.079,-65.445,-65.445,-65.445,-64.69,,-63.079,-63.079,,-64.69,-64.69,-64.69
05-01-2026-Fri 14-31-58-PM,-64.69,-64.69,-63.112,-63.112,-63.112,-65.445,-65.445,-65.445,-64.69,,-63.112,-63.112,,-64.69,-64.69,-64.69
05-01-2026-Fri 14-32-00-PM,-64.69,-64.69,-63.112,-63.112,-63.112,-65.445,-65.445,-65.445,-64.69,,-63.112,-63.112,,-64.69,-64.69,-64.69
05-01-2026-Fri 14-32-01-PM,-64.722,-64.722,-63.144,-63.144,-63.144,-65.511,-65.511,-65.511,-64.722,,-63.144,-63.144,,-64.722,-64.722,-64.722
05-01-2026-Fri 14-32-03-PM,-64.755,-64.755,-63.144,-63.144,-63.144,-65.511,-65.511,-65.511,-64.755,,-63.144,-63.144,,-64.755,-64.755,-64.755
05-01-2026-Fri 14-32-04-PM,-64.755,-64.755,-63.177,-63.177,-63.177,-65.544,-65.544,-65.544,-64.755,,-63.177,-63.177,,-64.755,-64.755,-64.755
05-01-2026-Fri 14-32-05-PM,-64.755,-64.755,-63.177,-63.177,-63.177,-65.544,-65.544,-65.544,-64.755,,-63.177,-63.177,,-64.755,-64.755,-64.755
05-01-2026-Fri 14-32-07-PM,-64.788,-64.788,-63.21,-63.21,-63.21,-65.544,-65.544,-65.544,-64.788,,-63.21,-63.21,,-64.788,-64.788,-64.788
05-01-2026-Fri 14-32-08-PM,-64.821,-64.821,-63.21,-63.21,-63.21,-65.577,-65.577,-65.577,-64.821,,-63.21,-63.21,,-64.821,-64.821,-64.821
05-01-2026-Fri 14-32-11-PM,-64.821,-64.821,-63.243,-63.243,-63.243,-65.61,-65.61,-65.61,-64.821,,-63.243,-63.243,,-64.821,-64.821,-64.821
05-01-2026-Fri 14-32-12-PM,-64.854,-64.854,-63.276,-63.276,-63.276,-65.577,-65.577,-65.577,-64.854,,-63.276,-63.276,,-64.854,-64.854,-64.854
05-01-2026-Fri 14-32-14-PM,-64.854,-64.854,-63.276,-63.276,-63.276,-65.61,-65.61,-65.61,-64.854,,-63.276,-63.276,,-64.854,-64.854,-64.854
05-01-2026-Fri 14-32-15-PM,-64.887,-64.887,-63.276,-63.276,-63.276,-65.61,-65.61,-65.61,-64.887,,-63.276,-63.276,,-64.887,-64.887,-64.887
05-01-2026-Fri 14-32-17-PM,-64.92,-64.92,-63.309,-63.309,-63.309,-65.61,-65.61,-65.61,-64.92,,-63.309,-63.309,,-64.92,-64.92,-64.92
05-01-2026-Fri 14-32-18-PM,-64.92,-64.92,-63.309,-63.309,-63.309,-65.675,-65.675,-65.675,-64.92,,-63.309,-63.309,,-64.92,-64.92,-64.92
05-01-2026-Fri 14-32-19-PM,-64.92,-64.92,-63.342,-63.342,-63.342,-65.675,-65.675,-65.675,-64.92,,-63.342,-63.342,,-64.92,-64.92,-64.92
05-01-2026-Fri 14-32-21-PM,-64.953,-64.953,-63.342,-63.342,-63.342,-65.708,-65.708,-65.708,-64.953,,-63.342,-63.342,,-64.953,-64.953,-64.953
05-01-2026-Fri 14-32-22-PM,-64.953,-64.953,-63.375,-63.375,-63.375,-65.708,-65.708,-65.708,-64.953,,-63.375,-63.375,,-64.953,-64.953,-64.953
05-01-2026-Fri 14-32-24-PM,-64.953,-64.953,-63.375,-63.375,-63.375,-65.741,-65.741,-65.741,-64.953,,-63.375,-63.375,,-64.953,-64.953,-64.953
05-01-2026-Fri 14-32-25-PM,-64.985,-64.985,-63.408,-63.408,-63.408,-65.741,-65.741,-65.741,-64.985,,-63.408,-63.408,,-64.985,-64.985,-64.985
05-01-2026-Fri 14-32-26-PM,-65.018,-65.018,-63.408,-63.408,-63.408,-65.741,-65.741,-65.741,-65.018,,-63.408,-63.408,,-65.018,-65.018,-65.018
05-01-2026-Fri 14-32-28-PM,-65.018,-65.018,-63.408,-63.408,-63.408,-65.774,-65.774,-65.774,-65.018,,-63.408,-63.408,,-65.018,-65.018,-65.018
05-01-2026-Fri 14-32-29-PM,-65.018,-65.018,-63.44,-63.44,-63.44,-65.807,-65.807,-65.807,-65.018,,-63.44,-63.44,,-65.018,-65.018,-65.018
05-01-2026-Fri 14-32-31-PM,-65.084,-65.084,-63.44,-63.44,-63.44,-65.774,-65.774,-65.774,-65.084,,-63.44,-63.44,,-65.084,-65.084,-65.084
05-01-2026-Fri 14-32-32-PM,-65.051,-65.051,-63.473,-63.473,-63.473,-65.84,-65.84,-65.84,-65.051,,-63.473,-63.473,,-65.051,-65.051,-65.051
05-01-2026-Fri 14-32-33-PM,-65.084,-65.084,-63.506,-63.506,-63.506,-65.84,-65.84,-65.84,-65.084,,-63.506,-63.506,,-65.084,-65.084,-65.084
05-01-2026-Fri 14-32-35-PM,-65.084,-65.084,-63.506,-63.506,-63.506,-65.84,-65.84,-65.84,-65.084,,-63.506,-63.506,,-65.084,-65.084,-65.084
05-01-2026-Fri 14-32-36-PM,-65.117,-65.117,-63.506,-63.506,-63.506,-65.873,-65.873,-65.873,-65.117,,-63.506,-63.506,,-65.117,-65.117,-65.117
05-01-2026-Fri 14-32-38-PM,-65.117,-65.117,-63.539,-63.539,-63.539,-65.873,-65.873,-65.873,-65.117,,-63.539,-63.539,,-65.117,-65.117,-65.117
05-01-2026-Fri 14-32-39-PM,-65.15,-65.15,-63.539,-63.539,-63.539,-65.873,-65.873,-65.873,-65.15,,-63.539,-63.539,,-65.15,-65.15,-65.15
05-01-2026-Fri 14-32-40-PM,-65.15,-65.15,-63.539,-63.539,-63.539,-65.905,-65.905,-65.905,-65.15,,-63.539,-63.539,,-65.15,-65.15,-65.15
05-01-2026-Fri 14-32-42-PM,-65.183,-65.183,-63.572,-63.572,-63.572,-65.938,-65.938,-65.938,-65.183,,-63.572,-63.572,,-65.183,-65.183,-65.183
05-01-2026-Fri 14-32-43-PM,-65.183,-65.183,-63.605,-63.605,-63.605,-65.905,-65.905,-65.905,-65.183,,-63.605,-63.605,,-65.183,-65.183,-65.183
05-01-2026-Fri 14-32-44-PM,-65.183,-65.183,-63.572,-63.572,-63.572,-65.971,-65.971,-65.971,-65.183,,-63.572,-63.572,,-65.183,-65.183,-65.183
05-01-2026-Fri 14-32-46-PM,-65.183,-65.183,-63.605,-63.605,-63.605,-65.938,-65.938,-65.938,-65.183,,-63.605,-63.605,,-65.183,-65.183,-65.183
05-01-2026-Fri 14-32-47-PM,-65.216,-65.216,-63.638,-63.638,-63.638,-65.971,-65.971,-65.971,-65.216,,-63.638,-63.638,,-65.216,-65.216,-65.216
05-01-2026-Fri 14-32-49-PM,-65.216,-65.216,-63.638,-63.638,-63.638,-66.004,-66.004,-66.004,-65.216,,-63.638,-63.638,,-65.216,-65.216,-65.216
05-01-2026-Fri 14-32-51-PM,-65.248,-65.248,-63.671,-63.671,-63.671,-66.004,-66.004,-66.004,-65.248,,-63.671,-63.671,,-65.248,-65.248,-65.248
05-01-2026-Fri 14-32-53-PM,-65.281,-65.281,-63.671,-63.671,-63.671,-66.037,-66.037,-66.037,-65.281,,-63.671,-63.671,,-65.281,-65.281,-65.281
05-01-2026-Fri 14-32-55-PM,-65.281,-65.281,-63.671,-63.671,-63.671,-66.102,-66.102,-66.102,-65.281,,-63.671,-63.671,,-65.281,-65.281,-65.281
05-01-2026-Fri 14-32-58-PM,-65.314,-65.314,-63.769,-63.769,-63.769,-66.07,-66.07,-66.07,-65.314,,-63.769,-63.769,,-65.314,-65.314,-65.314
05-01-2026-Fri 14-33-00-PM,-65.347,-65.347,-63.736,-63.736,-63.736,-66.07,-66.07,-66.07,-65.347,,-63.736,-63.736,,-65.347,-65.347,-65.347
05-01-2026-Fri 14-33-01-PM,-65.38,-65.38,-63.802,-63.802,-63.802,-66.168,-66.168,-66.168,-65.38,,-63.802,-63.802,,-65.38,-65.38,-65.38
05-01-2026-Fri 14-33-03-PM,-65.38,-65.38,-63.802,-63.802,-63.802,-66.102,-66.102,-66.102,-65.38,,-63.802,-63.802,,-65.38,-65.38,-65.38
05-01-2026-Fri 14-33-04-PM,-65.413,-65.413,-63.802,-63.802,-63.802,-66.102,-66.102,-66.102,-65.413,,-63.802,-63.802,,-65.413,-65.413,-65.413
05-01-2026-Fri 14-33-06-PM,-65.445,-65.445,-63.835,-63.835,-63.835,-66.168,-66.168,-66.168,-65.445,,-63.835,-63.835,,-65.445,-65.445,-65.445
05-01-2026-Fri 14-33-07-PM,-65.445,-65.445,-63.835,-63.835,-63.835,-66.201,-66.201,-66.201,-65.445,,-63.835,-63.835,,-65.445,-65.445,-65.445
05-01-2026-Fri 14-33-09-PM,-65.445,-65.445,-63.868,-63.868,-63.868,-66.168,-66.168,-66.168,-65.445,,-63.868,-63.868,,-65.445,-65.445,-65.445
05-01-2026-Fri 14-33-10-PM,-65.445,-65.445,-63.835,-63.835,-63.835,-66.201,-66.201,-66.201,-65.445,,-63.835,-63.835,,-65.445,-65.445,-65.445
05-01-2026-Fri 14-33-12-PM,-65.445,-65.445,-63.901,-63.901,-63.901,-66.201,-66.201,-66.201,-65.445,,-63.901,-63.901,,-65.445,-65.445,-65.445
05-01-2026-Fri 14-33-13-PM,-65.478,-65.478,-63.901,-63.901,-63.901,-66.201,-66.201,-66.201,-65.478,,-63.901,-63.901,,-65.478,-65.478,-65.478
05-01-2026-Fri 14-33-15-PM,-65.478,-65.478,-63.934,-63.934,-63.934,-66.234,-66.234,-66.234,-65.478,,-63.934,-63.934,,-65.478,-65.478,-65.478
05-01-2026-Fri 14-33-16-PM,-65.511,-65.511,-63.901,-63.901,-63.901,-66.234,-66.234,-66.234,-65.511,,-63.901,-63.901,,-65.511,-65.511,-65.511
05-01-2026-Fri 14-33-18-PM,-65.544,-65.544,-63.934,-63.934,-63.934,-66.267,-66.267,-66.267,-65.544,,-63.934,-63.934,,-65.544,-65.544,-65.544
05-01-2026-Fri 14-33-19-PM,-65.544,-65.544,-63.934,-63.934,-63.934,-66.332,-66.332,-66.332,-65.544,,-63.934,-63.934,,-65.544,-65.544,-65.544
05-01-2026-Fri 14-33-20-PM,-65.544,-65.544,-63.967,-63.967,-63.967,-66.267,-66.267,-66.267,-65.544,,-63.967,-63.967,,-65.544,-65.544,-65.544
05-01-2026-Fri 14-33-22-PM,-65.544,-65.544,-63.967,-63.967,-63.967,-66.299,-66.299,-66.299,-65.544,,-63.967,-63.967,,-65.544,-65.544,-65.544
05-01-2026-Fri 14-33-23-PM,-65.577,-65.577,-63.999,-63.999,-63.999,-66.299,-66.299,-66.299,-65.577,,-63.999,-63.999,,-65.577,-65.577,-65.577
05-01-2026-Fri 14-33-24-PM,-65.577,-65.577,-63.999,-63.999,-63.999,-66.299,-66.299,-66.299,-65.577,,-63.999,-63.999,,-65.577,-65.577,-65.577
05-01-2026-Fri 14-33-26-PM,-65.61,-65.61,-63.999,-63.999,-63.999,-66.299,-66.299,-66.299,-65.61,,-63.999,-63.999,,-65.61,-65.61,-65.61
05-01-2026-Fri 14-33-27-PM,-65.61,-65.61,-64.032,-64.032,-64.032,-66.365,-66.365,-66.365,-65.61,,-64.032,-64.032,,-65.61,-65.61,-65.61
05-01-2026-Fri 14-33-29-PM,-65.61,-65.61,-64.032,-64.032,-64.032,-66.365,-66.365,-66.365,-65.61,,-64.032,-64.032,,-65.61,-65.61,-65.61
05-01-2026-Fri 14-33-30-PM,-65.642,-65.642,-64.065,-64.065,-64.065,-66.365,-66.365,-66.365,-65.642,,-64.065,-64.065,,-65.642,-65.642,-65.642
05-01-2026-Fri 14-33-31-PM,-65.675,-65.675,-64.065,-64.065,-64.065,-66.398,-66.398,-66.398,-65.675,,-64.065,-64.065,,-65.675,-65.675,-65.675
05-01-2026-Fri 14-33-33-PM,-65.675,-65.675,-64.098,-64.098,-64.098,-66.398,-66.398,-66.398,-65.675,,-64.098,-64.098,,-65.675,-65.675,-65.675
05-01-2026-Fri 14-33-35-PM,-65.675,-65.675,-64.131,-64.131,-64.131,-66.431,-66.431,-66.431,-65.675,,-64.131,-64.131,,-65.675,-65.675,-65.675
05-01-2026-Fri 14-33-36-PM,-65.708,-65.708,-64.098,-64.098,-64.098,-66.365,-66.365,-66.365,-65.708,,-64.098,-64.098,,-65.708,-65.708,-65.708
05-01-2026-Fri 14-33-37-PM,-65.708,-65.708,-64.131,-64.131,-64.131,-66.431,-66.431,-66.431,-65.708,,-64.131,-64.131,,-65.708,-65.708,-65.708
05-01-2026-Fri 14-33-39-PM,-65.708,-65.708,-64.164,-64.164,-64.164,-66.464,-66.464,-66.464,-65.708,,-64.164,-64.164,,-65.708,-65.708,-65.708
05-01-2026-Fri 14-33-40-PM,-65.741,-65.741,-64.131,-64.131,-64.131,-66.497,-66.497,-66.497,-65.741,,-64.131,-64.131,,-65.741,-65.741,-65.741
05-01-2026-Fri 14-33-42-PM,-65.741,-65.741,-64.164,-64.164,-64.164,-66.431,-66.431,-66.431,-65.741,,-64.164,-64.164,,-65.741,-65.741,-65.741
05-01-2026-Fri 14-33-43-PM,-65.774,-65.774,-64.164,-64.164,-64.164,-66.464,-66.464,-66.464,-65.774,,-64.164,-64.164,,-65.774,-65.774,-65.774
05-01-2026-Fri 14-33-44-PM,-65.774,-65.774,-64.197,-64.197,-64.197,-66.497,-66.497,-66.497,-65.774,,-64.197,-64.197,,-65.774,-65.774,-65.774
05-01-2026-Fri 14-33-46-PM,-65.774,-65.774,-64.197,-64.197,-64.197,-66.53,-66.53,-66.53,-65.774,,-64.197,-64.197,,-65.774,-65.774,-65.774
05-01-2026-Fri 14-33-47-PM,-65.807,-65.807,-64.23,-64.23,-64.23,-66.53,-66.53,-66.53,-65.807,,-64.23,-64.23,,-65.807,-65.807,-65.807
05-01-2026-Fri 14-33-48-PM,-65.807,-65.807,-64.23,-64.23,-64.23,-66.497,-66.497,-66.497,-65.807,,-64.23,-64.23,,-65.807,-65.807,-65.807
05-01-2026-Fri 14-33-50-PM,-65.807,-65.807,-64.23,-64.23,-64.23,-66.497,-66.497,-66.497,-65.807,,-64.23,-64.23,,-65.807,-65.807,-65.807
05-01-2026-Fri 14-33-51-PM,-65.84,-65.84,-64.262,-64.262,-64.262,-66.562,-66.562,-66.562,-65.84,,-64.262,-64.262,,-65.84,-65.84,-65.84
05-01-2026-Fri 14-33-52-PM,-65.84,-65.84,-64.262,-64.262,-64.262,-66.562,-66.562,-66.562,-65.84,,-64.262,-64.262,,-65.84,-65.84,-65.84
05-01-2026-Fri 14-33-54-PM,-65.84,-65.84,-64.295,-64.295,-64.295,-66.562,-66.562,-66.562,-65.84,,-64.295,-64.295,,-65.84,-65.84,-65.84
05-01-2026-Fri 14-33-55-PM,-65.84,-65.84,-64.295,-64.295,-64.295,-66.628,-66.628,-66.628,-65.84,,-64.295,-64.295,,-65.84,-65.84,-65.84
05-01-2026-Fri 14-33-57-PM,-65.84,-65.84,-64.295,-64.295,-64.295,-66.628,-66.628,-66.628,-65.84,,-64.295,-64.295,,-65.84,-65.84,-65.84
05-01-2026-Fri 14-33-58-PM,-65.905,-65.905,-64.295,-64.295,-64.295,-66.628,-66.628,-66.628,-65.905,,-64.295,-64.295,,-65.905,-65.905,-65.905
05-01-2026-Fri 14-33-59-PM,-65.905,-65.905,-64.328,-64.328,-64.328,-66.628,-66.628,-66.628,-65.905,,-64.328,-64.328,,-65.905,-65.905,-65.905
05-01-2026-Fri 14-34-01-PM,-65.938,-65.938,-64.295,-64.295,-64.295,-66.628,-66.628,-66.628,-65.938,,-64.295,-64.295,,-65.938,-65.938,-65.938
05-01-2026-Fri 14-34-02-PM,-65.905,-65.905,-64.394,-64.394,-64.394,-66.661,-66.661,-66.661,-65.905,,-64.394,-64.394,,-65.905,-65.905,-65.905
05-01-2026-Fri 14-34-04-PM,-65.938,-65.938,-64.361,-64.361,-64.361,-66.661,-66.661,-66.661,-65.938,,-64.361,-64.361,,-65.938,-65.938,-65.938
05-01-2026-Fri 14-34-05-PM,-65.938,-65.938,-64.394,-64.394,-64.394,-66.661,-66.661,-66.661,-65.938,,-64.394,-64.394,,-65.938,-65.938,-65.938
05-01-2026-Fri 14-34-06-PM,-65.938,-65.938,-64.394,-64.394,-64.394,-66.661,-66.661,-66.661,-65.938,,-64.394,-64.394,,-65.938,-65.938,-65.938
05-01-2026-Fri 14-34-08-PM,-65.971,-65.971,-64.394,-64.394,-64.394,-66.628,-66.628,-66.628,-65.971,,-64.394,-64.394,,-65.971,-65.971,-65.971
05-01-2026-Fri 14-34-09-PM,-65.971,-65.971,-64.427,-64.427,-64.427,-66.694,-66.694,-66.694,-65.971,,-64.427,-64.427,,-65.971,-65.971,-65.971
05-01-2026-Fri 14-34-11-PM,-66.004,-66.004,-64.427,-64.427,-64.427,-66.661,-66.661,-66.661,-66.004,,-64.427,-64.427,,-66.004,-66.004,-66.004
05-01-2026-Fri 14-34-12-PM,-66.004,-66.004,-64.427,-64.427,-64.427,-66.726,-66.726,-66.726,-66.004,,-64.427,-64.427,,-66.004,-66.004,-66.004
05-01-2026-Fri 14-34-13-PM,-66.004,-66.004,-64.427,-64.427,-64.427,-66.759,-66.759,-66.759,-66.004,,-64.427,-64.427,,-66.004,-66.004,-66.004
05-01-2026-Fri 14-34-15-PM,-66.037,-66.037,-64.46,-64.46,-64.46,-66.759,-66.759,-66.759,-66.037,,-64.46,-64.46,,-66.037,-66.037,-66.037
05-01-2026-Fri 14-34-16-PM,-66.037,-66.037,-64.46,-64.46,-64.46,-66.759,-66.759,-66.759,-66.037,,-64.46,-64.46,,-66.037,-66.037,-66.037
05-01-2026-Fri 14-34-18-PM,-66.037,-66.037,-64.525,-64.525,-64.525,-66.759,-66.759,-66.759,-66.037,,-64.525,-64.525,,-66.037,-66.037,-66.037
05-01-2026-Fri 14-34-19-PM,-66.07,-66.07,-64.46,-64.46,-64.46,-66.792,-66.792,-66.792,-66.07,,-64.46,-64.46,,-66.07,-66.07,-66.07
05-01-2026-Fri 14-34-20-PM,-66.07,-66.07,-64.492,-64.492,-64.492,-66.759,-66.759,-66.759,-66.07,,-64.492,-64.492,,-66.07,-66.07,-66.07
05-01-2026-Fri 14-34-22-PM,-66.07,-66.07,-64.525,-64.525,-64.525,-66.792,-66.792,-66.792,-66.07,,-64.525,-64.525,,-66.07,-66.07,-66.07
05-01-2026-Fri 14-34-23-PM,-66.102,-66.102,-64.525,-64.525,-64.525,-66.792,-66.792,-66.792,-66.102,,-64.525,-64.525,,-66.102,-66.102,-66.102
05-01-2026-Fri 14-34-25-PM,-66.102,-66.102,-64.525,-64.525,-64.525,-66.858,-66.858,-66.858,-66.102,,-64.525,-64.525,,-66.102,-66.102,-66.102
05-01-2026-Fri 14-34-26-PM,-66.135,-66.135,-64.558,-64.558,-64.558,-66.825,-66.825,-66.825,-66.135,,-64.558,-64.558,,-66.135,-66.135,-66.135
05-01-2026-Fri 14-34-27-PM,-66.135,-66.135,-64.558,-64.558,-64.558,-66.825,-66.825,-66.825,-66.135,,-64.558,-64.558,,-66.135,-66.135,-66.135
05-01-2026-Fri 14-34-29-PM,-66.135,-66.135,-64.591,-64.591,-64.591,-66.858,-66.858,-66.858,-66.135,,-64.591,-64.591,,-66.135,-66.135,-66.135
05-01-2026-Fri 14-34-30-PM,-66.135,-66.135,-64.591,-64.591,-64.591,-66.891,-66.891,-66.891,-66.135,,-64.591,-64.591,,-66.135,-66.135,-66.135
05-01-2026-Fri 14-34-32-PM,-66.168,-66.168,-64.624,-64.624,-64.624,-66.858,-66.858,-66.858,-66.168,,-64.624,-64.624,,-66.168,-66.168,-66.168
05-01-2026-Fri 14-34-33-PM,-66.168,-66.168,-64.624,-64.624,-64.624,-66.891,-66.891,-66.891,-66.168,,-64.624,-64.624,,-66.168,-66.168,-66.168
05-01-2026-Fri 14-34-35-PM,-66.201,-66.201,-64.624,-64.624,-64.624,-66.858,-66.858,-66.858,-66.201,,-64.624,-64.624,,-66.201,-66.201,-66.201
05-01-2026-Fri 14-34-36-PM,-66.168,-66.168,-64.657,-64.657,-64.657,-66.924,-66.924,-66.924,-66.168,,-64.657,-64.657,,-66.168,-66.168,-66.168
05-01-2026-Fri 14-34-37-PM,-66.201,-66.201,-64.657,-64.657,-64.657,-66.891,-66.891,-66.891,-66.201,,-64.657,-64.657,,-66.201,-66.201,-66.201
05-01-2026-Fri 14-34-39-PM,-66.201,-66.201,-64.69,-64.69,-64.69,-66.924,-66.924,-66.924,-66.201,,-64.69,-64.69,,-66.201,-66.201,-66.201
05-01-2026-Fri 14-34-40-PM,-66.234,-66.234,-64.657,-64.657,-64.657,-66.956,-66.956,-66.956,-66.234,,-64.657,-64.657,,-66.234,-66.234,-66.234
05-01-2026-Fri 14-34-42-PM,-66.234,-66.234,-64.69,-64.69,-64.69,-66.956,-66.956,-66.956,-66.234,,-64.69,-64.69,,-66.234,-66.234,-66.234
05-01-2026-Fri 14-34-43-PM,-66.234,-66.234,-64.722,-64.722,-64.722,-66.956,-66.956,-66.956,-66.234,,-64.722,-64.722,,-66.234,-66.234,-66.234
05-01-2026-Fri 14-34-44-PM,-66.267,-66.267,-64.722,-64.722,-64.722,-66.924,-66.924,-66.924,-66.267,,-64.722,-64.722,,-66.267,-66.267,-66.267
05-01-2026-Fri 14-34-46-PM,-66.234,-66.234,-64.722,-64.722,-64.722,-66.924,-66.924,-66.924,-66.234,,-64.722,-64.722,,-66.234,-66.234,-66.234
05-01-2026-Fri 14-34-47-PM,-66.267,-66.267,-64.755,-64.755,-64.755,-66.989,-66.989,-66.989,-66.267,,-64.755,-64.755,,-66.267,-66.267,-66.267
05-01-2026-Fri 14-34-49-PM,-66.299,-66.299,-64.755,-64.755,-64.755,-66.989,-66.989,-66.989,-66.299,,-64.755,-64.755,,-66.299,-66.299,-66.299
05-01-2026-Fri 14-34-50-PM,-66.332,-66.332,-64.755,-64.755,-64.755,-67.022,-67.022,-67.022,-66.332,,-64.755,-64.755,,-66.332,-66.332,-66.332
05-01-2026-Fri 14-34-52-PM,-66.299,-66.299,-64.755,-64.755,-64.755,-67.055,-67.055,-67.055,-66.299,,-64.755,-64.755,,-66.299,-66.299,-66.299
05-01-2026-Fri 14-34-53-PM,-66.299,-66.299,-64.788,-64.788,-64.788,-67.022,-67.022,-67.022,-66.299,,-64.788,-64.788,,-66.299,-66.299,-66.299
05-01-2026-Fri 14-34-54-PM,-66.332,-66.332,-64.821,-64.821,-64.821,-67.022,-67.022,-67.022,-66.332,,-64.821,-64.821,,-66.332,-66.332,-66.332
05-01-2026-Fri 14-34-56-PM,-66.332,-66.332,-64.788,-64.788,-64.788,-67.055,-67.055,-67.055,-66.332,,-64.788,-64.788,,-66.332,-66.332,-66.332
05-01-2026-Fri 14-34-57-PM,-66.365,-66.365,-64.821,-64.821,-64.821,-67.055,-67.055,-67.055,-66.365,,-64.821,-64.821,,-66.365,-66.365,-66.365
05-01-2026-Fri 14-34-59-PM,-66.365,-66.365,-64.821,-64.821,-64.821,-67.055,-67.055,-67.055,-66.365,,-64.821,-64.821,,-66.365,-66.365,-66.365
05-01-2026-Fri 14-35-00-PM,-66.365,-66.365,-64.854,-64.854,-64.854,-67.055,-67.055,-67.055,-66.365,,-64.854,-64.854,,-66.365,-66.365,-66.365
05-01-2026-Fri 14-35-01-PM,-66.365,-66.365,-64.854,-64.854,-64.854,-67.055,-67.055,-67.055,-66.365,,-64.854,-64.854,,-66.365,-66.365,-66.365
05-01-2026-Fri 14-35-03-PM,-66.398,-66.398,-64.854,-64.854,-64.854,-67.055,-67.055,-67.055,-66.398,,-64.854,-64.854,,-66.398,-66.398,-66.398
05-01-2026-Fri 14-35-04-PM,-66.431,-66.431,-64.854,-64.854,-64.854,-67.12,-67.12,-67.12,-66.431,,-64.854,-64.854,,-66.431,-66.431,-66.431
05-01-2026-Fri 14-35-06-PM,-66.398,-66.398,-64.887,-64.887,-64.887,-67.12,-67.12,-67.12,-66.398,,-64.887,-64.887,,-66.398,-66.398,-66.398
05-01-2026-Fri 14-35-07-PM,-66.431,-66.431,-64.887,-64.887,-64.887,-67.12,-67.12,-67.12,-66.431,,-64.887,-64.887,,-66.431,-66.431,-66.431
05-01-2026-Fri 14-35-08-PM,-66.431,-66.431,-64.887,-64.887,-64.887,-67.088,-67.088,-67.088,-66.431,,-64.887,-64.887,,-66.431,-66.431,-66.431
05-01-2026-Fri 14-35-10-PM,-66.431,-66.431,-64.92,-64.92,-64.92,-67.186,-67.186,-67.186,-66.431,,-64.92,-64.92,,-66.431,-66.431,-66.431
05-01-2026-Fri 14-35-11-PM,-66.431,-66.431,-64.92,-64.92,-64.92,-67.12,-67.12,-67.12,-66.431,,-64.92,-64.92,,-66.431,-66.431,-66.431
05-01-2026-Fri 14-35-13-PM,-66.497,-66.497,-64.92,-64.92,-64.92,-67.153,-67.153,-67.153,-66.497,,-64.92,-64.92,,-66.497,-66.497,-66.497
05-01-2026-Fri 14-35-14-PM,-66.464,-66.464,-64.92,-64.92,-64.92,-67.088,-67.088,-67.088,-66.464,,-64.92,-64.92,,-66.464,-66.464,-66.464
05-01-2026-Fri 14-35-15-PM,-66.497,-66.497,-64.953,-64.953,-64.953,-67.153,-67.153,-67.153,-66.497,,-64.953,-64.953,,-66.497,-66.497,-66.497
05-01-2026-Fri 14-35-17-PM,-66.497,-66.497,-64.953,-64.953,-64.953,-67.186,-67.186,-67.186,-66.497,,-64.953,-64.953,,-66.497,-66.497,-66.497
05-01-2026-Fri 14-35-18-PM,-66.497,-66.497,-64.985,-64.985,-64.985,-67.12,-67.12,-67.12,-66.497,,-64.985,-64.985,,-66.497,-66.497,-66.497
05-01-2026-Fri 14-35-20-PM,-66.53,-66.53,-64.985,-64.985,-64.985,-67.186,-67.186,-67.186,-66.53,,-64.985,-64.985,,-66.53,-66.53,-66.53
05-01-2026-Fri 14-35-21-PM,-66.497,-66.497,-64.985,-64.985,-64.985,-67.186,-67.186,-67.186,-66.497,,-64.985,-64.985,,-66.497,-66.497,-66.497
05-01-2026-Fri 14-35-22-PM,-66.53,-66.53,-65.018,-65.018,-65.018,-67.153,-67.153,-67.153,-66.53,,-65.018,-65.018,,-66.53,-66.53,-66.53
05-01-2026-Fri 14-35-24-PM,-66.53,-66.53,-65.018,-65.018,-65.018,-67.252,-67.252,-67.252,-66.53,,-65.018,-65.018,,-66.53,-66.53,-66.53
05-01-2026-Fri 14-35-25-PM,-66.562,-66.562,-65.018,-65.018,-65.018,-67.219,-67.219,-67.219,-66.562,,-65.018,-65.018,,-66.562,-66.562,-66.562
05-01-2026-Fri 14-35-26-PM,-66.562,-66.562,-65.051,-65.051,-65.051,-67.252,-67.252,-67.252,-66.562,,-65.051,-65.051,,-66.562,-66.562,-66.562
05-01-2026-Fri 14-35-28-PM,-66.562,-66.562,-65.051,-65.051,-65.051,-67.252,-67.252,-67.252,-66.562,,-65.051,-65.051,,-66.562,-66.562,-66.562
05-01-2026-Fri 14-35-29-PM,-66.562,-66.562,-65.084,-65.084,-65.084,-67.285,-67.285,-67.285,-66.562,,-65.084,-65.084,,-66.562,-66.562,-66.562
05-01-2026-Fri 14-35-30-PM,-66.595,-66.595,-65.084,-65.084,-65.084,-67.252,-67.252,-67.252,-66.595,,-65.084,-65.084,,-66.595,-66.595,-66.595
05-01-2026-Fri 14-35-32-PM,-66.628,-66.628,-65.117,-65.117,-65.117,-67.252,-67.252,-67.252,-66.628,,-65.117,-65.117,,-66.628,-66.628,-66.628
05-01-2026-Fri 14-35-33-PM,-66.595,-66.595,-65.117,-65.117,-65.117,-67.285,-67.285,-67.285,-66.595,,-65.117,-65.117,,-66.595,-66.595,-66.595
05-01-2026-Fri 14-35-35-PM,-66.628,-66.628,-65.117,-65.117,-65.117,-67.318,-67.318,-67.318,-66.628,,-65.117,-65.117,,-66.628,-66.628,-66.628
05-01-2026-Fri 14-35-36-PM,-66.595,-66.595,-65.117,-65.117,-65.117,-67.285,-67.285,-67.285,-66.595,,-65.117,-65.117,,-66.595,-66.595,-66.595
05-01-2026-Fri 14-35-37-PM,-66.628,-66.628,-65.117,-65.117,-65.117,-67.252,-67.252,-67.252,-66.628,,-65.117,-65.117,,-66.628,-66.628,-66.628
05-01-2026-Fri 14-35-39-PM,-66.628,-66.628,-65.117,-65.117,-65.117,-67.318,-67.318,-67.318,-66.628,,-65.117,-65.117,,-66.628,-66.628,-66.628
05-01-2026-Fri 14-35-40-PM,-66.661,-66.661,-65.15,-65.15,-65.15,-67.318,-67.318,-67.318,-66.661,,-65.15,-65.15,,-66.661,-66.661,-66.661
05-01-2026-Fri 14-35-41-PM,-66.661,-66.661,-65.183,-65.183,-65.183,-67.318,-67.318,-67.318,-66.661,,-65.183,-65.183,,-66.661,-66.661,-66.661
05-01-2026-Fri 14-35-43-PM,-66.661,-66.661,-65.183,-65.183,-65.183,-67.318,-67.318,-67.318,-66.661,,-65.183,-65.183,,-66.661,-66.661,-66.661
05-01-2026-Fri 14-35-44-PM,-66.661,-66.661,-65.183,-65.183,-65.183,-67.318,-67.318,-67.318,-66.661,,-65.183,-65.183,,-66.661,-66.661,-66.661
05-01-2026-Fri 14-35-46-PM,-66.694,-66.694,-65.183,-65.183,-65.183,-67.35,-67.35,-67.35,-66.694,,-65.183,-65.183,,-66.694,-66.694,-66.694
05-01-2026-Fri 14-35-47-PM,-66.694,-66.694,-65.183,-65.183,-65.183,-67.318,-67.318,-67.318,-66.694,,-65.183,-65.183,,-66.694,-66.694,-66.694
05-01-2026-Fri 14-35-48-PM,-66.694,-66.694,-65.216,-65.216,-65.216,-67.318,-67.318,-67.318,-66.694,,-65.216,-65.216,,-66.694,-66.694,-66.694
05-01-2026-Fri 14-35-50-PM,-66.726,-66.726,-65.216,-65.216,-65.216,-67.35,-67.35,-67.35,-66.726,,-65.216,-65.216,,-66.726,-66.726,-66.726
05-01-2026-Fri 14-35-52-PM,-66.726,-66.726,-65.216,-65.216,-65.216,-67.35,-67.35,-67.35,-66.726,,-65.216,-65.216,,-66.726,-66.726,-66.726
05-01-2026-Fri 14-35-53-PM,-66.759,-66.759,-65.216,-65.216,-65.216,-67.318,-67.318,-67.318,-66.759,,-65.216,-65.216,,-66.759,-66.759,-66.759
05-01-2026-Fri 14-35-55-PM,-66.759,-66.759,-65.248,-65.248,-65.248,-67.383,-67.383,-67.383,-66.759,,-65.248,-65.248,,-66.759,-66.759,-66.759
05-01-2026-Fri 14-35-57-PM,-66.759,-66.759,-65.248,-65.248,-65.248,-67.383,-67.383,-67.383,-66.759,,-65.248,-65.248,,-66.759,-66.759,-66.759
05-01-2026-Fri 14-36-00-PM,-66.792,-66.792,-65.281,-65.281,-65.281,-67.35,-67.35,-67.35,-66.792,,-65.281,-65.281,,-66.792,-66.792,-66.792
05-01-2026-Fri 14-36-03-PM,-66.792,-66.792,-65.314,-65.314,-65.314,-67.449,-67.449,-67.449,-66.792,,-65.314,-65.314,,-66.792,-66.792,-66.792
05-01-2026-Fri 14-36-06-PM,-66.825,-66.825,-65.347,-65.347,-65.347,-67.416,-67.416,-67.416,-66.825,,-65.347,-65.347,,-66.825,-66.825,-66.825
05-01-2026-Fri 14-36-07-PM,-66.825,-66.825,-65.347,-65.347,-65.347,-67.449,-67.449,-67.449,-66.825,,-65.347,-65.347,,-66.825,-66.825,-66.825
05-01-2026-Fri 14-36-08-PM,-66.825,-66.825,-65.347,-65.347,-65.347,-67.482,-67.482,-67.482,-66.825,,-65.347,-65.347,,-66.825,-66.825,-66.825
05-01-2026-Fri 14-36-10-PM,-66.858,-66.858,-65.347,-65.347,-65.347,-67.482,-67.482,-67.482,-66.858,,-65.347,-65.347,,-66.858,-66.858,-66.858
05-01-2026-Fri 14-36-11-PM,-66.825,-66.825,-65.347,-65.347,-65.347,-67.515,-67.515,-67.515,-66.825,,-65.347,-65.347,,-66.825,-66.825,-66.825
05-01-2026-Fri 14-36-13-PM,-66.858,-66.858,-65.38,-65.38,-65.38,-67.449,-67.449,-67.449,-66.858,,-65.38,-65.38,,-66.858,-66.858,-66.858
05-01-2026-Fri 14-36-14-PM,-66.858,-66.858,-65.38,-65.38,-65.38,-67.449,-67.449,-67.449,-66.858,,-65.38,-65.38,,-66.858,-66.858,-66.858
05-01-2026-Fri 14-36-16-PM,-66.891,-66.891,-65.38,-65.38,-65.38,-67.482,-67.482,-67.482,-66.891,,-65.38,-65.38,,-66.891,-66.891,-66.891
05-01-2026-Fri 14-36-17-PM,-66.858,-66.858,-65.413,-65.413,-65.413,-67.482,-67.482,-67.482,-66.858,,-65.413,-65.413,,-66.858,-66.858,-66.858
05-01-2026-Fri 14-36-18-PM,-66.891,-66.891,-65.413,-65.413,-65.413,-67.482,-67.482,-67.482,-66.891,,-65.413,-65.413,,-66.891,-66.891,-66.891
05-01-2026-Fri 14-36-20-PM,-66.891,-66.891,-65.445,-65.445,-65.445,-67.58,-67.58,-67.58,-66.891,,-65.445,-65.445,,-66.891,-66.891,-66.891
05-01-2026-Fri 14-36-22-PM,-66.891,-66.891,-65.445,-65.445,-65.445,-67.515,-67.515,-67.515,-66.891,,-65.445,-65.445,,-66.891,-66.891,-66.891
05-01-2026-Fri 14-36-23-PM,-66.924,-66.924,-65.445,-65.445,-65.445,-67.482,-67.482,-67.482,-66.924,,-65.445,-65.445,,-66.924,-66.924,-66.924
05-01-2026-Fri 14-36-24-PM,-66.924,-66.924,-65.445,-65.445,-65.445,-67.515,-67.515,-67.515,-66.924,,-65.445,-65.445,,-66.924,-66.924,-66.924
05-01-2026-Fri 14-36-26-PM,-66.924,-66.924,-65.478,-65.478,-65.478,-67.515,-67.515,-67.515,-66.924,,-65.478,-65.478,,-66.924,-66.924,-66.924
05-01-2026-Fri 14-36-27-PM,-66.956,-66.956,-65.478,-65.478,-65.478,-67.547,-67.547,-67.547,-66.956,,-65.478,-65.478,,-66.956,-66.956,-66.956
05-01-2026-Fri 14-36-29-PM,-66.956,-66.956,-65.478,-65.478,-65.478,-67.58,-67.58,-67.58,-66.956,,-65.478,-65.478,,-66.956,-66.956,-66.956
05-01-2026-Fri 14-36-30-PM,-66.956,-66.956,-65.478,-65.478,-65.478,-67.547,-67.547,-67.547,-66.956,,-65.478,-65.478,,-66.956,-66.956,-66.956
05-01-2026-Fri 14-36-31-PM,-66.956,-66.956,-65.478,-65.478,-65.478,-67.58,-67.58,-67.58,-66.956,,-65.478,-65.478,,-66.956,-66.956,-66.956
05-01-2026-Fri 14-36-33-PM,-66.956,-66.956,-65.511,-65.511,-65.511,-67.58,-67.58,-67.58,-66.956,,-65.511,-65.511,,-66.956,-66.956,-66.956
05-01-2026-Fri 14-36-34-PM,-66.989,-66.989,-65.511,-65.511,-65.511,-67.58,-67.58,-67.58,-66.989,,-65.511,-65.511,,-66.989,-66.989,-66.989
05-01-2026-Fri 14-36-36-PM,-66.989,-66.989,-65.544,-65.544,-65.544,-67.613,-67.613,-67.613,-66.989,,-65.544,-65.544,,-66.989,-66.989,-66.989
05-01-2026-Fri 14-36-37-PM,-67.022,-67.022,-65.544,-65.544,-65.544,-67.613,-67.613,-67.613,-67.022,,-65.544,-65.544,,-67.022,-67.022,-67.022
05-01-2026-Fri 14-36-38-PM,-66.989,-66.989,-65.544,-65.544,-65.544,-67.58,-67.58,-67.58,-66.989,,-65.544,-65.544,,-66.989,-66.989,-66.989
05-01-2026-Fri 14-36-40-PM,-67.022,-67.022,-65.511,-65.511,-65.511,-67.646,-67.646,-67.646,-67.022,,-65.511,-65.511,,-67.022,-67.022,-67.022
05-01-2026-Fri 14-36-41-PM,-67.022,-67.022,-65.544,-65.544,-65.544,-67.646,-67.646,-67.646,-67.022,,-65.544,-65.544,,-67.022,-67.022,-67.022
05-01-2026-Fri 14-36-42-PM,-67.055,-67.055,-65.544,-65.544,-65.544,-67.58,-67.58,-67.58,-67.055,,-65.544,-65.544,,-67.055,-67.055,-67.055
05-01-2026-Fri 14-36-44-PM,-67.022,-67.022,-65.577,-65.577,-65.577,-67.646,-67.646,-67.646,-67.022,,-65.577,-65.577,,-67.022,-67.022,-67.022
05-01-2026-Fri 14-36-45-PM,-67.022,-67.022,-65.577,-65.577,-65.577,-67.58,-67.58,-67.58,-67.022,,-65.577,-65.577,,-67.022,-67.022,-67.022
05-01-2026-Fri 14-36-46-PM,-67.055,-67.055,-65.577,-65.577,-65.577,-67.679,-67.679,-67.679,-67.055,,-65.577,-65.577,,-67.055,-67.055,-67.055
05-01-2026-Fri 14-36-48-PM,-67.055,-67.055,-65.61,-65.61,-65.61,-67.679,-67.679,-67.679,-67.055,,-65.61,-65.61,,-67.055,-67.055,-67.055
05-01-2026-Fri 14-36-49-PM,-67.055,-67.055,-65.61,-65.61,-65.61,-67.613,-67.613,-67.613,-67.055,,-65.61,-65.61,,-67.055,-67.055,-67.055
05-01-2026-Fri 14-36-51-PM,-67.055,-67.055,-65.61,-65.61,-65.61,-67.646,-67.646,-67.646,-67.055,,-65.61,-65.61,,-67.055,-67.055,-67.055
05-01-2026-Fri 14-36-52-PM,-67.088,-67.088,-65.642,-65.642,-65.642,-67.679,-67.679,-67.679,-67.088,,-65.642,-65.642,,-67.088,-67.088,-67.088
05-01-2026-Fri 14-36-53-PM,-67.088,-67.088,-65.61,-65.61,-65.61,-67.679,-67.679,-67.679,-67.088,,-65.61,-65.61,,-67.088,-67.088,-67.088
05-01-2026-Fri 14-36-55-PM,-67.088,-67.088,-65.642,-65.642,-65.642,-67.679,-67.679,-67.679,-67.088,,-65.642,-65.642,,-67.088,-67.088,-67.088
05-01-2026-Fri 14-36-56-PM,-67.12,-67.12,-65.642,-65.642,-65.642,-67.679,-67.679,-67.679,-67.12,,-65.642,-65.642,,-67.12,-67.12,-67.12
05-01-2026-Fri 14-36-57-PM,-67.088,-67.088,-65.642,-65.642,-65.642,-67.679,-67.679,-67.679,-67.088,,-65.642,-65.642,,-67.088,-67.088,-67.088
05-01-2026-Fri 14-36-59-PM,-67.12,-67.12,-65.642,-65.642,-65.642,-67.679,-67.679,-67.679,-67.12,,-65.642,-65.642,,-67.12,-67.12,-67.12
05-01-2026-Fri 14-37-00-PM,-67.12,-67.12,-65.675,-65.675,-65.675,-67.679,-67.679,-67.679,-67.12,,-65.675,-65.675,,-67.12,-67.12,-67.12
05-01-2026-Fri 14-37-02-PM,-67.12,-67.12,-65.708,-65.708,-65.708,-67.712,-67.712,-67.712,-67.12,,-65.708,-65.708,,-67.12,-67.12,-67.12
05-01-2026-Fri 14-37-03-PM,-67.153,-67.153,-65.708,-65.708,-65.708,-67.712,-67.712,-67.712,-67.153,,-65.708,-65.708,,-67.153,-67.153,-67.153
05-01-2026-Fri 14-37-04-PM,-67.12,-67.12,-65.708,-65.708,-65.708,-67.679,-67.679,-67.679,-67.12,,-65.708,-65.708,,-67.12,-67.12,-67.12
05-01-2026-Fri 14-37-06-PM,-67.153,-67.153,-65.708,-65.708,-65.708,-67.744,-67.744,-67.744,-67.153,,-65.708,-65.708,,-67.153,-67.153,-67.153
05-01-2026-Fri 14-37-07-PM,-67.153,-67.153,-65.708,-65.708,-65.708,-67.712,-67.712,-67.712,-67.153,,-65.708,-65.708,,-67.153,-67.153,-67.153
05-01-2026-Fri 14-37-10-PM,-67.153,-67.153,-65.708,-65.708,-65.708,-67.744,-67.744,-67.744,-67.153,,-65.708,-65.708,,-67.153,-67.153,-67.153
05-01-2026-Fri 14-37-13-PM,-67.153,-67.153,-65.741,-65.741,-65.741,-67.744,-67.744,-67.744,-67.153,,-65.741,-65.741,,-67.153,-67.153,-67.153
05-01-2026-Fri 14-37-15-PM,-67.186,-67.186,-65.774,-65.774,-65.774,-67.777,-67.777,-67.777,-67.186,,-65.774,-65.774,,-67.186,-67.186,-67.186
05-01-2026-Fri 14-37-16-PM,-67.186,-67.186,-65.741,-65.741,-65.741,-67.744,-67.744,-67.744,-67.186,,-65.741,-65.741,,-67.186,-67.186,-67.186
05-01-2026-Fri 14-37-17-PM,-67.219,-67.219,-65.774,-65.774,-65.774,-67.81,-67.81,-67.81,-67.219,,-65.774,-65.774,,-67.219,-67.219,-67.219
05-01-2026-Fri 14-37-19-PM,-67.219,-67.219,-65.807,-65.807,-65.807,-67.744,-67.744,-67.744,-67.219,,-65.807,-65.807,,-67.219,-67.219,-67.219
05-01-2026-Fri 14-37-20-PM,-67.219,-67.219,-65.774,-65.774,-65.774,-67.777,-67.777,-67.777,-67.219,,-65.774,-65.774,,-67.219,-67.219,-67.219
05-01-2026-Fri 14-37-22-PM,-67.219,-67.219,-65.807,-65.807,-65.807,-67.777,-67.777,-67.777,-67.219,,-65.807,-65.807,,-67.219,-67.219,-67.219
05-01-2026-Fri 14-37-23-PM,-67.252,-67.252,-65.807,-65.807,-65.807,-67.81,-67.81,-67.81,-67.252,,-65.807,-65.807,,-67.252,-67.252,-67.252
05-01-2026-Fri 14-37-24-PM,-67.252,-67.252,-65.807,-65.807,-65.807,-67.843,-67.843,-67.843,-67.252,,-65.807,-65.807,,-67.252,-67.252,-67.252
05-01-2026-Fri 14-37-26-PM,-67.252,-67.252,-65.807,-65.807,-65.807,-67.777,-67.777,-67.777,-67.252,,-65.807,-65.807,,-67.252,-67.252,-67.252
05-01-2026-Fri 14-37-27-PM,-67.252,-67.252,-65.84,-65.84,-65.84,-67.81,-67.81,-67.81,-67.252,,-65.84,-65.84,,-67.252,-67.252,-67.252
05-01-2026-Fri 14-37-29-PM,-67.252,-67.252,-65.84,-65.84,-65.84,-67.81,-67.81,-67.81,-67.252,,-65.84,-65.84,,-67.252,-67.252,-67.252
05-01-2026-Fri 14-37-30-PM,-67.285,-67.285,-65.873,-65.873,-65.873,-67.843,-67.843,-67.843,-67.285,,-65.873,-65.873,,-67.285,-67.285,-67.285
05-01-2026-Fri 14-37-31-PM,-67.252,-67.252,-65.873,-65.873,-65.873,-67.843,-67.843,-67.843,-67.252,,-65.873,-65.873,,-67.252,-67.252,-67.252
05-01-2026-Fri 14-37-33-PM,-67.285,-67.285,-65.873,-65.873,-65.873,-67.843,-67.843,-67.843,-67.285,,-65.873,-65.873,,-67.285,-67.285,-67.285
05-01-2026-Fri 14-37-34-PM,-67.318,-67.318,-65.84,-65.84,-65.84,-67.843,-67.843,-67.843,-67.318,,-65.84,-65.84,,-67.318,-67.318,-67.318
05-01-2026-Fri 14-37-36-PM,-67.285,-67.285,-65.873,-65.873,-65.873,-67.876,-67.876,-67.876,-67.285,,-65.873,-65.873,,-67.285,-67.285,-67.285
05-01-2026-Fri 14-37-37-PM,-67.318,-67.318,-65.905,-65.905,-65.905,-67.843,-67.843,-67.843,-67.318,,-65.905,-65.905,,-67.318,-67.318,-67.318
05-01-2026-Fri 14-37-38-PM,-67.318,-67.318,-65.905,-65.905,-65.905,-67.843,-67.843,-67.843,-67.318,,-65.905,-65.905,,-67.318,-67.318,-67.318
05-01-2026-Fri 14-37-40-PM,-67.318,-67.318,-65.905,-65.905,-65.905,-67.843,-67.843,-67.843,-67.318,,-65.905,-65.905,,-67.318,-67.318,-67.318
05-01-2026-Fri 14-37-41-PM,-67.318,-67.318,-65.905,-65.905,-65.905,-67.876,-67.876,-67.876,-67.318,,-65.905,-65.905,,-67.318,-67.318,-67.318
05-01-2026-Fri 14-37-43-PM,-67.318,-67.318,-65.905,-65.905,-65.905,-67.843,-67.843,-67.843,-67.318,,-65.905,-65.905,,-67.318,-67.318,-67.318
05-01-2026-Fri 14-37-44-PM,-67.35,-67.35,-65.938,-65.938,-65.938,-67.843,-67.843,-67.843,-67.35,,-65.938,-65.938,,-67.35,-67.35,-67.35
05-01-2026-Fri 14-37-46-PM,-67.35,-67.35,-65.938,-65.938,-65.938,-67.908,-67.908,-67.908,-67.35,,-65.938,-65.938,,-67.35,-67.35,-67.35
05-01-2026-Fri 14-37-47-PM,-67.318,-67.318,-65.938,-65.938,-65.938,-67.876,-67.876,-67.876,-67.318,,-65.938,-65.938,,-67.318,-67.318,-67.318
05-01-2026-Fri 14-37-48-PM,-67.35,-67.35,-65.971,-65.971,-65.971,-67.876,-67.876,-67.876,-67.35,,-65.971,-65.971,,-67.35,-67.35,-67.35
05-01-2026-Fri 14-37-50-PM,-67.383,-67.383,-65.971,-65.971,-65.971,-67.876,-67.876,-67.876,-67.383,,-65.971,-65.971,,-67.383,-67.383,-67.383
05-01-2026-Fri 14-37-51-PM,-67.383,-67.383,-65.971,-65.971,-65.971,-67.876,-67.876,-67.876,-67.383,,-65.971,-65.971,,-67.383,-67.383,-67.383
05-01-2026-Fri 14-37-53-PM,-67.383,-67.383,-66.004,-66.004,-66.004,-67.876,-67.876,-67.876,-67.383,,-66.004,-66.004,,-67.383,-67.383,-67.383
05-01-2026-Fri 14-37-54-PM,-67.383,-67.383,-66.004,-66.004,-66.004,-67.908,-67.908,-67.908,-67.383,,-66.004,-66.004,,-67.383,-67.383,-67.383
05-01-2026-Fri 14-37-55-PM,-67.416,-67.416,-66.004,-66.004,-66.004,-67.941,-67.941,-67.941,-67.416,,-66.004,-66.004,,-67.416,-67.416,-67.416
05-01-2026-Fri 14-37-57-PM,-67.416,-67.416,-66.004,-66.004,-66.004,-67.908,-67.908,-67.908,-67.416,,-66.004,-66.004,,-67.416,-67.416,-67.416
05-01-2026-Fri 14-37-58-PM,-67.416,-67.416,-66.037,-66.037,-66.037,-67.941,-67.941,-67.941,-67.416,,-66.037,-66.037,,-67.416,-67.416,-67.416
05-01-2026-Fri 14-38-00-PM,-67.416,-67.416,-66.004,-66.004,-66.004,-67.908,-67.908,-67.908,-67.416,,-66.004,-66.004,,-67.416,-67.416,-67.416
05-01-2026-Fri 14-38-01-PM,-67.416,-67.416,-66.037,-66.037,-66.037,-67.941,-67.941,-67.941,-67.416,,-66.037,-66.037,,-67.416,-67.416,-67.416
05-01-2026-Fri 14-38-02-PM,-67.416,-67.416,-66.037,-66.037,-66.037,-67.974,-67.974,-67.974,-67.416,,-66.037,-66.037,,-67.416,-67.416,-67.416
05-01-2026-Fri 14-38-04-PM,-67.449,-67.449,-66.07,-66.07,-66.07,-67.974,-67.974,-67.974,-67.449,,-66.07,-66.07,,-67.449,-67.449,-67.449
05-01-2026-Fri 14-38-05-PM,-67.416,-67.416,-66.037,-66.037,-66.037,-67.908,-67.908,-67.908,-67.416,,-66.037,-66.037,,-67.416,-67.416,-67.416
05-01-2026-Fri 14-38-07-PM,-67.449,-67.449,-66.07,-66.07,-66.07,-67.974,-67.974,-67.974,-67.449,,-66.07,-66.07,,-67.449,-67.449,-67.449
05-01-2026-Fri 14-38-08-PM,-67.449,-67.449,-66.07,-66.07,-66.07,-67.974,-67.974,-67.974,-67.449,,-66.07,-66.07,,-67.449,-67.449,-67.449
05-01-2026-Fri 14-38-09-PM,-67.449,-67.449,-66.102,-66.102,-66.102,-67.974,-67.974,-67.974,-67.449,,-66.102,-66.102,,-67.449,-67.449,-67.449
05-01-2026-Fri 14-38-11-PM,-67.449,-67.449,-66.102,-66.102,-66.102,-67.941,-67.941,-67.941,-67.449,,-66.102,-66.102,,-67.449,-67.449,-67.449
05-01-2026-Fri 14-38-12-PM,-67.449,-67.449,-66.102,-66.102,-66.102,-67.941,-67.941,-67.941,-67.449,,-66.102,-66.102,,-67.449,-67.449,-67.449
05-01-2026-Fri 14-38-13-PM,-67.482,-67.482,-66.102,-66.102,-66.102,-68.007,-68.007,-68.007,-67.482,,-66.102,-66.102,,-67.482,-67.482,-67.482
05-01-2026-Fri 14-38-15-PM,-67.482,-67.482,-66.102,-66.102,-66.102,-67.974,-67.974,-67.974,-67.482,,-66.102,-66.102,,-67.482,-67.482,-67.482
05-01-2026-Fri 14-38-16-PM,-67.515,-67.515,-66.135,-66.135,-66.135,-67.974,-67.974,-67.974,-67.515,,-66.135,-66.135,,-67.515,-67.515,-67.515
05-01-2026-Fri 14-38-18-PM,-67.482,-67.482,-66.135,-66.135,-66.135,-67.974,-67.974,-67.974,-67.482,,-66.135,-66.135,,-67.482,-67.482,-67.482
05-01-2026-Fri 14-38-19-PM,-67.482,-67.482,-66.102,-66.102,-66.102,-68.007,-68.007,-68.007,-67.482,,-66.102,-66.102,,-67.482,-67.482,-67.482
05-01-2026-Fri 14-38-20-PM,-67.515,-67.515,-66.135,-66.135,-66.135,-68.04,-68.04,-68.04,-67.515,,-66.135,-66.135,,-67.515,-67.515,-67.515
05-01-2026-Fri 14-38-22-PM,-67.547,-67.547,-66.168,-66.168,-66.168,-67.974,-67.974,-67.974,-67.547,,-66.168,-66.168,,-67.547,-67.547,-67.547
05-01-2026-Fri 14-38-23-PM,-67.547,-67.547,-66.135,-66.135,-66.135,-68.007,-68.007,-68.007,-67.547,,-66.135,-66.135,,-67.547,-67.547,-67.547
05-01-2026-Fri 14-38-25-PM,-67.547,-67.547,-66.168,-66.168,-66.168,-68.007,-68.007,-68.007,-67.547,,-66.168,-66.168,,-67.547,-67.547,-67.547
05-01-2026-Fri 14-38-26-PM,-67.515,-67.515,-66.168,-66.168,-66.168,-68.04,-68.04,-68.04,-67.515,,-66.168,-66.168,,-67.515,-67.515,-67.515
05-01-2026-Fri 14-38-28-PM,-67.547,-67.547,-66.201,-66.201,-66.201,-68.04,-68.04,-68.04,-67.547,,-66.201,-66.201,,-67.547,-67.547,-67.547
05-01-2026-Fri 14-38-29-PM,-67.547,-67.547,-66.201,-66.201,-66.201,-68.007,-68.007,-68.007,-67.547,,-66.201,-66.201,,-67.547,-67.547,-67.547
05-01-2026-Fri 14-38-31-PM,-67.547,-67.547,-66.234,-66.234,-66.234,-68.073,-68.073,-68.073,-67.547,,-66.234,-66.234,,-67.547,-67.547,-67.547
05-01-2026-Fri 14-38-32-PM,-67.58,-67.58,-66.267,-66.267,-66.267,-68.138,-68.138,-68.138,-67.58,,-66.267,-66.267,,-67.58,-67.58,-67.58
05-01-2026-Fri 14-38-33-PM,-67.613,-67.613,-66.299,-66.299,-66.299,-68.138,-68.138,-68.138,-67.613,,-66.299,-66.299,,-67.613,-67.613,-67.613
05-01-2026-Fri 14-38-35-PM,-67.646,-67.646,-66.365,-66.365,-66.365,-68.204,-68.204,-68.204,-67.646,,-66.365,-66.365,,-67.646,-67.646,-67.646
05-01-2026-Fri 14-38-36-PM,-67.679,-67.679,-66.398,-66.398,-66.398,-68.204,-68.204,-68.204,-67.679,,-66.398,-66.398,,-67.679,-67.679,-67.679
05-01-2026-Fri 14-38-38-PM,-67.712,-67.712,-66.464,-66.464,-66.464,-68.302,-68.302,-68.302,-67.712,,-66.464,-66.464,,-67.712,-67.712,-67.712
05-01-2026-Fri 14-38-39-PM,-67.777,-67.777,-66.497,-66.497,-66.497,-68.27,-68.27,-68.27,-67.777,,-66.497,-66.497,,-67.777,-67.777,-67.777
05-01-2026-Fri 14-38-40-PM,-67.744,-67.744,-66.53,-66.53,-66.53,-68.335,-68.335,-68.335,-67.744,,-66.53,-66.53,,-67.744,-67.744,-67.744
05-01-2026-Fri 14-38-42-PM,-67.81,-67.81,-66.595,-66.595,-66.595,-68.335,-68.335,-68.335,-67.81,,-66.595,-66.595,,-67.81,-67.81,-67.81
05-01-2026-Fri 14-38-43-PM,-67.843,-67.843,-66.628,-66.628,-66.628,-68.368,-68.368,-68.368,-67.843,,-66.628,-66.628,,-67.843,-67.843,-67.843
05-01-2026-Fri 14-38-45-PM,-67.843,-67.843,-66.661,-66.661,-66.661,-68.401,-68.401,-68.401,-67.843,,-66.661,-66.661,,-67.843,-67.843,-67.843
05-01-2026-Fri 14-38-46-PM,-67.908,-67.908,-66.726,-66.726,-66.726,-68.401,-68.401,-68.401,-67.908,,-66.726,-66.726,,-67.908,-67.908,-67.908
05-01-2026-Fri 14-38-47-PM,-67.974,-67.974,-66.759,-66.759,-66.759,-68.466,-68.466,-68.466,-67.974,,-66.759,-66.759,,-67.974,-67.974,-67.974
05-01-2026-Fri 14-38-49-PM,-67.974,-67.974,-66.792,-66.792,-66.792,-68.499,-68.499,-68.499,-67.974,,-66.792,-66.792,,-67.974,-67.974,-67.974
05-01-2026-Fri 14-38-50-PM,-68.007,-68.007,-66.792,-66.792,-66.792,-68.466,-68.466,-68.466,-68.007,,-66.792,-66.792,,-68.007,-68.007,-68.007
05-01-2026-Fri 14-38-52-PM,-68.04,-68.04,-66.825,-66.825,-66.825,-68.532,-68.532,-68.532,-68.04,,-66.825,-66.825,,-68.04,-68.04,-68.04
05-01-2026-Fri 14-38-53-PM,-68.04,-68.04,-66.825,-66.825,-66.825,-68.532,-68.532,-68.532,-68.04,,-66.825,-66.825,,-68.04,-68.04,-68.04
05-01-2026-Fri 14-38-54-PM,-68.04,-68.04,-66.858,-66.858,-66.858,-68.565,-68.565,-68.565,-68.04,,-66.858,-66.858,,-68.04,-68.04,-68.04
05-01-2026-Fri 14-38-56-PM,-68.138,-68.138,-66.891,-66.891,-66.891,-68.598,-68.598,-68.598,-68.138,,-66.891,-66.891,,-68.138,-68.138,-68.138
05-01-2026-Fri 14-38-57-PM,-68.138,-68.138,-66.924,-66.924,-66.924,-68.598,-68.598,-68.598,-68.138,,-66.924,-66.924,,-68.138,-68.138,-68.138
05-01-2026-Fri 14-38-59-PM,-68.171,-68.171,-66.956,-66.956,-66.956,-68.696,-68.696,-68.696,-68.171,,-66.956,-66.956,,-68.171,-68.171,-68.171
05-01-2026-Fri 14-39-00-PM,-68.171,-68.171,-66.989,-66.989,-66.989,-68.663,-68.663,-68.663,-68.171,,-66.989,-66.989,,-68.171,-68.171,-68.171
05-01-2026-Fri 14-39-01-PM,-68.204,-68.204,-66.989,-66.989,-66.989,-68.663,-68.663,-68.663,-68.204,,-66.989,-66.989,,-68.204,-68.204,-68.204
05-01-2026-Fri 14-39-03-PM,-68.237,-68.237,-67.022,-67.022,-67.022,-68.762,-68.762,-68.762,-68.237,,-67.022,-67.022,,-68.237,-68.237,-68.237
05-01-2026-Fri 14-39-04-PM,-68.237,-68.237,-67.088,-67.088,-67.088,-68.762,-68.762,-68.762,-68.237,,-67.088,-67.088,,-68.237,-68.237,-68.237
05-01-2026-Fri 14-39-05-PM,-68.27,-68.27,-67.088,-67.088,-67.088,-68.762,-68.762,-68.762,-68.27,,-67.088,-67.088,,-68.27,-68.27,-68.27
05-01-2026-Fri 14-39-07-PM,-68.302,-68.302,-67.12,-67.12,-67.12,-68.762,-68.762,-68.762,-68.302,,-67.12,-67.12,,-68.302,-68.302,-68.302
05-01-2026-Fri 14-39-08-PM,-68.302,-68.302,-67.153,-67.153,-67.153,-68.893,-68.893,-68.893,-68.302,,-67.153,-67.153,,-68.302,-68.302,-68.302
05-01-2026-Fri 14-39-09-PM,-68.335,-68.335,-67.186,-67.186,-67.186,-68.827,-68.827,-68.827,-68.335,,-67.186,-67.186,,-68.335,-68.335,-68.335
05-01-2026-Fri 14-39-11-PM,-68.368,-68.368,-67.186,-67.186,-67.186,-68.893,-68.893,-68.893,-68.368,,-67.186,-67.186,,-68.368,-68.368,-68.368
05-01-2026-Fri 14-39-13-PM,-68.368,-68.368,-67.219,-67.219,-67.219,-68.86,-68.86,-68.86,-68.368,,-67.219,-67.219,,-68.368,-68.368,-68.368
05-01-2026-Fri 14-39-14-PM,-68.401,-68.401,-67.252,-67.252,-67.252,-68.959,-68.959,-68.959,-68.401,,-67.252,-67.252,,-68.401,-68.401,-68.401
05-01-2026-Fri 14-39-15-PM,-68.434,-68.434,-67.252,-67.252,-67.252,-68.893,-68.893,-68.893,-68.434,,-67.252,-67.252,,-68.434,-68.434,-68.434
05-01-2026-Fri 14-39-17-PM,-68.434,-68.434,-67.285,-67.285,-67.285,-68.959,-68.959,-68.959,-68.434,,-67.285,-67.285,,-68.434,-68.434,-68.434
05-01-2026-Fri 14-39-18-PM,-68.466,-68.466,-67.285,-67.285,-67.285,-68.992,-68.992,-68.992,-68.466,,-67.285,-67.285,,-68.466,-68.466,-68.466
05-01-2026-Fri 14-39-19-PM,-68.499,-68.499,-67.318,-67.318,-67.318,-69.057,-69.057,-69.057,-68.499,,-67.318,-67.318,,-68.499,-68.499,-68.499
05-01-2026-Fri 14-39-21-PM,-68.532,-68.532,-67.35,-67.35,-67.35,-68.992,-68.992,-68.992,-68.532,,-67.35,-67.35,,-68.532,-68.532,-68.532
05-01-2026-Fri 14-39-22-PM,-68.532,-68.532,-67.383,-67.383,-67.383,-69.057,-69.057,-69.057,-68.532,,-67.383,-67.383,,-68.532,-68.532,-68.532
05-01-2026-Fri 14-39-24-PM,-68.565,-68.565,-67.383,-67.383,-67.383,-69.057,-69.057,-69.057,-68.565,,-67.383,-67.383,,-68.565,-68.565,-68.565
05-01-2026-Fri 14-39-25-PM,-68.598,-68.598,-67.416,-67.416,-67.416,-69.123,-69.123,-69.123,-68.598,,-67.416,-67.416,,-68.598,-68.598,-68.598
05-01-2026-Fri 14-39-26-PM,-68.598,-68.598,-67.449,-67.449,-67.449,-69.156,-69.156,-69.156,-68.598,,-67.449,-67.449,,-68.598,-68.598,-68.598
05-01-2026-Fri 14-39-28-PM,-68.631,-68.631,-67.449,-67.449,-67.449,-69.156,-69.156,-69.156,-68.631,,-67.449,-67.449,,-68.631,-68.631,-68.631
05-01-2026-Fri 14-39-29-PM,-68.663,-68.663,-67.482,-67.482,-67.482,-69.221,-69.221,-69.221,-68.663,,-67.482,-67.482,,-68.663,-68.663,-68.663
05-01-2026-Fri 14-39-31-PM,-68.663,-68.663,-67.547,-67.547,-67.547,-69.188,-69.188,-69.188,-68.663,,-67.547,-67.547,,-68.663,-68.663,-68.663
05-01-2026-Fri 14-39-32-PM,-68.663,-68.663,-67.515,-67.515,-67.515,-69.221,-69.221,-69.221,-68.663,,-67.515,-67.515,,-68.663,-68.663,-68.663
05-01-2026-Fri 14-39-33-PM,-68.696,-68.696,-67.547,-67.547,-67.547,-69.287,-69.287,-69.287,-68.696,,-67.547,-67.547,,-68.696,-68.696,-68.696
05-01-2026-Fri 14-39-35-PM,-68.729,-68.729,-67.58,-67.58,-67.58,-69.254,-69.254,-69.254,-68.729,,-67.58,-67.58,,-68.729,-68.729,-68.729
05-01-2026-Fri 14-39-36-PM,-68.762,-68.762,-67.58,-67.58,-67.58,-69.287,-69.287,-69.287,-68.762,,-67.58,-67.58,,-68.762,-68.762,-68.762
05-01-2026-Fri 14-39-38-PM,-68.795,-68.795,-67.613,-67.613,-67.613,-69.352,-69.352,-69.352,-68.795,,-67.613,-67.613,,-68.795,-68.795,-68.795
05-01-2026-Fri 14-39-39-PM,-68.795,-68.795,-67.646,-67.646,-67.646,-69.385,-69.385,-69.385,-68.795,,-67.646,-67.646,,-68.795,-68.795,-68.795
05-01-2026-Fri 14-39-40-PM,-68.827,-68.827,-67.679,-67.679,-67.679,-69.385,-69.385,-69.385,-68.827,,-67.679,-67.679,,-68.827,-68.827,-68.827
05-01-2026-Fri 14-39-42-PM,-68.86,-68.86,-67.679,-67.679,-67.679,-69.385,-69.385,-69.385,-68.86,,-67.679,-67.679,,-68.86,-68.86,-68.86
05-01-2026-Fri 14-39-43-PM,-68.86,-68.86,-67.712,-67.712,-67.712,-69.385,-69.385,-69.385,-68.86,,-67.712,-67.712,,-68.86,-68.86,-68.86
05-01-2026-Fri 14-39-45-PM,-68.893,-68.893,-67.712,-67.712,-67.712,-69.451,-69.451,-69.451,-68.893,,-67.712,-67.712,,-68.893,-68.893,-68.893
05-01-2026-Fri 14-39-46-PM,-68.893,-68.893,-67.777,-67.777,-67.777,-69.451,-69.451,-69.451,-68.893,,-67.777,-67.777,,-68.893,-68.893,-68.893
05-01-2026-Fri 14-39-47-PM,-68.926,-68.926,-67.777,-67.777,-67.777,-69.484,-69.484,-69.484,-68.926,,-67.777,-67.777,,-68.926,-68.926,-68.926
05-01-2026-Fri 14-39-49-PM,-68.959,-68.959,-67.81,-67.81,-67.81,-69.451,-69.451,-69.451,-68.959,,-67.81,-67.81,,-68.959,-68.959,-68.959
05-01-2026-Fri 14-39-50-PM,-68.959,-68.959,-67.81,-67.81,-67.81,-69.549,-69.549,-69.549,-68.959,,-67.81,-67.81,,-68.959,-68.959,-68.959
05-01-2026-Fri 14-39-52-PM,-68.959,-68.959,-67.843,-67.843,-67.843,-69.516,-69.516,-69.516,-68.959,,-67.843,-67.843,,-68.959,-68.959,-68.959
05-01-2026-Fri 14-39-53-PM,-68.992,-68.992,-67.843,-67.843,-67.843,-69.582,-69.582,-69.582,-68.992,,-67.843,-67.843,,-68.992,-68.992,-68.992
05-01-2026-Fri 14-39-55-PM,-69.024,-69.024,-67.876,-67.876,-67.876,-69.648,-69.648,-69.648,-69.024,,-67.876,-67.876,,-69.024,-69.024,-69.024
05-01-2026-Fri 14-39-56-PM,-69.057,-69.057,-67.908,-67.908,-67.908,-69.582,-69.582,-69.582,-69.057,,-67.908,-67.908,,-69.057,-69.057,-69.057
05-01-2026-Fri 14-39-57-PM,-69.057,-69.057,-67.908,-67.908,-67.908,-69.582,-69.582,-69.582,-69.057,,-67.908,-67.908,,-69.057,-69.057,-69.057
05-01-2026-Fri 14-39-59-PM,-69.09,-69.09,-67.941,-67.941,-67.941,-69.713,-69.713,-69.713,-69.09,,-67.941,-67.941,,-69.09,-69.09,-69.09
05-01-2026-Fri 14-40-00-PM,-69.09,-69.09,-67.941,-67.941,-67.941,-69.68,-69.68,-69.68,-69.09,,-67.941,-67.941,,-69.09,-69.09,-69.09
05-01-2026-Fri 14-40-01-PM,-69.123,-69.123,-67.974,-67.974,-67.974,-69.713,-69.713,-69.713,-69.123,,-67.974,-67.974,,-69.123,-69.123,-69.123
05-01-2026-Fri 14-40-03-PM,-69.123,-69.123,-67.974,-67.974,-67.974,-69.68,-69.68,-69.68,-69.123,,-67.974,-67.974,,-69.123,-69.123,-69.123
05-01-2026-Fri 14-40-04-PM,-69.156,-69.156,-67.974,-67.974,-67.974,-69.746,-69.746,-69.746,-69.156,,-67.974,-67.974,,-69.156,-69.156,-69.156
05-01-2026-Fri 14-40-05-PM,-69.156,-69.156,-68.007,-68.007,-68.007,-69.746,-69.746,-69.746,-69.156,,-68.007,-68.007,,-69.156,-69.156,-69.156
05-01-2026-Fri 14-40-07-PM,-69.188,-69.188,-68.04,-68.04,-68.04,-69.746,-69.746,-69.746,-69.188,,-68.04,-68.04,,-69.188,-69.188,-69.188
05-01-2026-Fri 14-40-08-PM,-69.188,-69.188,-68.04,-68.04,-68.04,-69.779,-69.779,-69.779,-69.188,,-68.04,-68.04,,-69.188,-69.188,-69.188
05-01-2026-Fri 14-40-10-PM,-69.221,-69.221,-68.073,-68.073,-68.073,-69.812,-69.812,-69.812,-69.221,,-68.073,-68.073,,-69.221,-69.221,-69.221
05-01-2026-Fri 14-40-11-PM,-69.221,-69.221,-68.105,-68.105,-68.105,-69.844,-69.844,-69.844,-69.221,,-68.105,-68.105,,-69.221,-69.221,-69.221
05-01-2026-Fri 14-40-12-PM,-69.254,-69.254,-68.105,-68.105,-68.105,-69.844,-69.844,-69.844,-69.254,,-68.105,-68.105,,-69.254,-69.254,-69.254
05-01-2026-Fri 14-40-14-PM,-69.287,-69.287,-68.138,-68.138,-68.138,-69.877,-69.877,-69.877,-69.287,,-68.138,-68.138,,-69.287,-69.287,-69.287
05-01-2026-Fri 14-40-15-PM,-69.287,-69.287,-68.105,-68.105,-68.105,-69.91,-69.91,-69.91,-69.287,,-68.105,-68.105,,-69.287,-69.287,-69.287
05-01-2026-Fri 14-40-17-PM,-69.32,-69.32,-68.171,-68.171,-68.171,-69.943,-69.943,-69.943,-69.32,,-68.171,-68.171,,-69.32,-69.32,-69.32
05-01-2026-Fri 14-40-18-PM,-69.352,-69.352,-68.204,-68.204,-68.204,-69.943,-69.943,-69.943,-69.352,,-68.204,-68.204,,-69.352,-69.352,-69.352
05-01-2026-Fri 14-40-19-PM,-69.352,-69.352,-68.204,-68.204,-68.204,-69.943,-69.943,-69.943,-69.352,,-68.204,-68.204,,-69.352,-69.352,-69.352
05-01-2026-Fri 14-40-21-PM,-69.385,-69.385,-68.237,-68.237,-68.237,-69.976,-69.976,-69.976,-69.385,,-68.237,-68.237,,-69.385,-69.385,-69.385
05-01-2026-Fri 14-40-22-PM,-69.385,-69.385,-68.27,-68.27,-68.27,-69.943,-69.943,-69.943,-69.385,,-68.27,-68.27,,-69.385,-69.385,-69.385
05-01-2026-Fri 14-40-24-PM,-69.418,-69.418,-68.27,-68.27,-68.27,-70.008,-70.008,-70.008,-69.418,,-68.27,-68.27,,-69.418,-69.418,-69.418
05-01-2026-Fri 14-40-25-PM,-69.418,-69.418,-68.27,-68.27,-68.27,-70.074,-70.074,-70.074,-69.418,,-68.27,-68.27,,-69.418,-69.418,-69.418
05-01-2026-Fri 14-40-26-PM,-69.451,-69.451,-68.335,-68.335,-68.335,-70.074,-70.074,-70.074,-69.451,,-68.335,-68.335,,-69.451,-69.451,-69.451
05-01-2026-Fri 14-40-28-PM,-69.484,-69.484,-68.302,-68.302,-68.302,-70.074,-70.074,-70.074,-69.484,,-68.302,-68.302,,-69.484,-69.484,-69.484
05-01-2026-Fri 14-40-29-PM,-69.484,-69.484,-68.335,-68.335,-68.335,-70.107,-70.107,-70.107,-69.484,,-68.335,-68.335,,-69.484,-69.484,-69.484
05-01-2026-Fri 14-40-31-PM,-69.516,-69.516,-68.368,-68.368,-68.368,-70.074,-70.074,-70.074,-69.516,,-68.368,-68.368,,-69.516,-69.516,-69.516
05-01-2026-Fri 14-40-32-PM,-69.516,-69.516,-68.368,-68.368,-68.368,-70.172,-70.172,-70.172,-69.516,,-68.368,-68.368,,-69.516,-69.516,-69.516
05-01-2026-Fri 14-40-33-PM,-69.516,-69.516,-68.401,-68.401,-68.401,-70.172,-70.172,-70.172,-69.516,,-68.401,-68.401,,-69.516,-69.516,-69.516
05-01-2026-Fri 14-40-35-PM,-69.549,-69.549,-68.401,-68.401,-68.401,-70.172,-70.172,-70.172,-69.549,,-68.401,-68.401,,-69.549,-69.549,-69.549
05-01-2026-Fri 14-40-36-PM,-69.582,-69.582,-68.401,-68.401,-68.401,-70.205,-70.205,-70.205,-69.582,,-68.401,-68.401,,-69.582,-69.582,-69.582
05-01-2026-Fri 14-40-38-PM,-69.615,-69.615,-68.434,-68.434,-68.434,-70.172,-70.172,-70.172,-69.615,,-68.434,-68.434,,-69.615,-69.615,-69.615
05-01-2026-Fri 14-40-39-PM,-69.615,-69.615,-68.434,-68.434,-68.434,-70.205,-70.205,-70.205,-69.615,,-68.434,-68.434,,-69.615,-69.615,-69.615
05-01-2026-Fri 14-40-40-PM,-69.615,-69.615,-68.466,-68.466,-68.466,-70.238,-70.238,-70.238,-69.615,,-68.466,-68.466,,-69.615,-69.615,-69.615
05-01-2026-Fri 14-40-42-PM,-69.648,-69.648,-68.466,-68.466,-68.466,-70.271,-70.271,-70.271,-69.648,,-68.466,-68.466,,-69.648,-69.648,-69.648
05-01-2026-Fri 14-40-43-PM,-69.648,-69.648,-68.499,-68.499,-68.499,-70.304,-70.304,-70.304,-69.648,,-68.499,-68.499,,-69.648,-69.648,-69.648
05-01-2026-Fri 14-40-45-PM,-69.68,-69.68,-68.499,-68.499,-68.499,-70.304,-70.304,-70.304,-69.68,,-68.499,-68.499,,-69.68,-69.68,-69.68
05-01-2026-Fri 14-40-46-PM,-69.746,-69.746,-68.532,-68.532,-68.532,-70.304,-70.304,-70.304,-69.746,,-68.532,-68.532,,-69.746,-69.746,-69.746
05-01-2026-Fri 14-40-48-PM,-69.746,-69.746,-68.565,-68.565,-68.565,-70.336,-70.336,-70.336,-69.746,,-68.565,-68.565,,-69.746,-69.746,-69.746
05-01-2026-Fri 14-40-49-PM,-69.746,-69.746,-68.565,-68.565,-68.565,-70.402,-70.402,-70.402,-69.746,,-68.565,-68.565,,-69.746,-69.746,-69.746
05-01-2026-Fri 14-40-50-PM,-69.746,-69.746,-68.598,-68.598,-68.598,-70.369,-70.369,-70.369,-69.746,,-68.598,-68.598,,-69.746,-69.746,-69.746
05-01-2026-Fri 14-40-52-PM,-69.779,-69.779,-68.598,-68.598,-68.598,-70.435,-70.435,-70.435,-69.779,,-68.598,-68.598,,-69.779,-69.779,-69.779
05-01-2026-Fri 14-40-53-PM,-69.779,-69.779,-68.631,-68.631,-68.631,-70.402,-70.402,-70.402,-69.779,,-68.631,-68.631,,-69.779,-69.779,-69.779
05-01-2026-Fri 14-40-54-PM,-69.812,-69.812,-68.631,-68.631,-68.631,-70.468,-70.468,-70.468,-69.812,,-68.631,-68.631,,-69.812,-69.812,-69.812
05-01-2026-Fri 14-40-56-PM,-69.812,-69.812,-68.663,-68.663,-68.663,-70.435,-70.435,-70.435,-69.812,,-68.663,-68.663,,-69.812,-69.812,-69.812
05-01-2026-Fri 14-40-57-PM,-69.844,-69.844,-68.663,-68.663,-68.663,-70.468,-70.468,-70.468,-69.844,,-68.663,-68.663,,-69.844,-69.844,-69.844
05-01-2026-Fri 14-40-58-PM,-69.844,-69.844,-68.663,-68.663,-68.663,-70.468,-70.468,-70.468,-69.844,,-68.663,-68.663,,-69.844,-69.844,-69.844
05-01-2026-Fri 14-41-00-PM,-69.877,-69.877,-68.696,-68.696,-68.696,-70.5,-70.5,-70.5,-69.877,,-68.696,-68.696,,-69.877,-69.877,-69.877
05-01-2026-Fri 14-41-01-PM,-69.844,-69.844,-68.729,-68.729,-68.729,-70.533,-70.533,-70.533,-69.844,,-68.729,-68.729,,-69.844,-69.844,-69.844
05-01-2026-Fri 14-41-03-PM,-69.91,-69.91,-68.729,-68.729,-68.729,-70.566,-70.566,-70.566,-69.91,,-68.729,-68.729,,-69.91,-69.91,-69.91
05-01-2026-Fri 14-41-04-PM,-69.943,-69.943,-68.729,-68.729,-68.729,-70.533,-70.533,-70.533,-69.943,,-68.729,-68.729,,-69.943,-69.943,-69.943
05-01-2026-Fri 14-41-06-PM,-69.91,-69.91,-68.729,-68.729,-68.729,-70.533,-70.533,-70.533,-69.91,,-68.729,-68.729,,-69.91,-69.91,-69.91
05-01-2026-Fri 14-41-07-PM,-69.943,-69.943,-68.762,-68.762,-68.762,-70.566,-70.566,-70.566,-69.943,,-68.762,-68.762,,-69.943,-69.943,-69.943
05-01-2026-Fri 14-41-08-PM,-69.943,-69.943,-68.795,-68.795,-68.795,-70.599,-70.599,-70.599,-69.943,,-68.795,-68.795,,-69.943,-69.943,-69.943
05-01-2026-Fri 14-41-10-PM,-69.976,-69.976,-68.795,-68.795,-68.795,-70.599,-70.599,-70.599,-69.976,,-68.795,-68.795,,-69.976,-69.976,-69.976
05-01-2026-Fri 14-41-11-PM,-69.976,-69.976,-68.795,-68.795,-68.795,-70.632,-70.632,-70.632,-69.976,,-68.795,-68.795,,-69.976,-69.976,-69.976
05-01-2026-Fri 14-41-13-PM,-70.008,-70.008,-68.827,-68.827,-68.827,-70.664,-70.664,-70.664,-70.008,,-68.827,-68.827,,-70.008,-70.008,-70.008
05-01-2026-Fri 14-41-14-PM,-70.008,-70.008,-68.86,-68.86,-68.86,-70.664,-70.664,-70.664,-70.008,,-68.86,-68.86,,-70.008,-70.008,-70.008
05-01-2026-Fri 14-41-15-PM,-70.008,-70.008,-68.827,-68.827,-68.827,-70.697,-70.697,-70.697,-70.008,,-68.827,-68.827,,-70.008,-70.008,-70.008
05-01-2026-Fri 14-41-17-PM,-70.074,-70.074,-68.893,-68.893,-68.893,-70.73,-70.73,-70.73,-70.074,,-68.893,-68.893,,-70.074,-70.074,-70.074
05-01-2026-Fri 14-41-18-PM,-70.107,-70.107,-68.893,-68.893,-68.893,-70.763,-70.763,-70.763,-70.107,,-68.893,-68.893,,-70.107,-70.107,-70.107
05-01-2026-Fri 14-41-20-PM,-70.107,-70.107,-68.893,-68.893,-68.893,-70.763,-70.763,-70.763,-70.107,,-68.893,-68.893,,-70.107,-70.107,-70.107
05-01-2026-Fri 14-41-21-PM,-70.107,-70.107,-68.926,-68.926,-68.926,-70.795,-70.795,-70.795,-70.107,,-68.926,-68.926,,-70.107,-70.107,-70.107
05-01-2026-Fri 14-41-22-PM,-70.107,-70.107,-68.926,-68.926,-68.926,-70.828,-70.828,-70.828,-70.107,,-68.926,-68.926,,-70.107,-70.107,-70.107
05-01-2026-Fri 14-41-24-PM,-70.14,-70.14,-68.959,-68.959,-68.959,-70.828,-70.828,-70.828,-70.14,,-68.959,-68.959,,-70.14,-70.14,-70.14
05-01-2026-Fri 14-41-25-PM,-70.172,-70.172,-68.992,-68.992,-68.992,-70.828,-70.828,-70.828,-70.172,,-68.992,-68.992,,-70.172,-70.172,-70.172
05-01-2026-Fri 14-41-27-PM,-70.172,-70.172,-68.959,-68.959,-68.959,-70.763,-70.763,-70.763,-70.172,,-68.959,-68.959,,-70.172,-70.172,-70.172
05-01-2026-Fri 14-41-28-PM,-70.205,-70.205,-68.992,-68.992,-68.992,-70.828,-70.828,-70.828,-70.205,,-68.992,-68.992,,-70.205,-70.205,-70.205
05-01-2026-Fri 14-41-29-PM,-70.205,-70.205,-68.992,-68.992,-68.992,-70.861,-70.861,-70.861,-70.205,,-68.992,-68.992,,-70.205,-70.205,-70.205
05-01-2026-Fri 14-41-31-PM,-70.205,-70.205,-69.024,-69.024,-69.024,-70.828,-70.828,-70.828,-70.205,,-69.024,-69.024,,-70.205,-70.205,-70.205
05-01-2026-Fri 14-41-32-PM,-70.271,-70.271,-69.024,-69.024,-69.024,-70.894,-70.894,-70.894,-70.271,,-69.024,-69.024,,-70.271,-70.271,-70.271
05-01-2026-Fri 14-41-34-PM,-70.271,-70.271,-69.057,-69.057,-69.057,-70.894,-70.894,-70.894,-70.271,,-69.057,-69.057,,-70.271,-70.271,-70.271
05-01-2026-Fri 14-41-35-PM,-70.271,-70.271,-69.057,-69.057,-69.057,-70.927,-70.927,-70.927,-70.271,,-69.057,-69.057,,-70.271,-70.271,-70.271
05-01-2026-Fri 14-41-36-PM,-70.304,-70.304,-69.09,-69.09,-69.09,-70.927,-70.927,-70.927,-70.304,,-69.09,-69.09,,-70.304,-70.304,-70.304
05-01-2026-Fri 14-41-38-PM,-70.304,-70.304,-69.09,-69.09,-69.09,-70.959,-70.959,-70.959,-70.304,,-69.09,-69.09,,-70.304,-70.304,-70.304
05-01-2026-Fri 14-41-39-PM,-70.304,-70.304,-69.123,-69.123,-69.123,-70.959,-70.959,-70.959,-70.304,,-69.123,-69.123,,-70.304,-70.304,-70.304
05-01-2026-Fri 14-41-41-PM,-70.336,-70.336,-69.123,-69.123,-69.123,-70.959,-70.959,-70.959,-70.336,,-69.123,-69.123,,-70.336,-70.336,-70.336
05-01-2026-Fri 14-41-42-PM,-70.336,-70.336,-69.123,-69.123,-69.123,-71.025,-71.025,-71.025,-70.336,,-69.123,-69.123,,-70.336,-70.336,-70.336
05-01-2026-Fri 14-41-44-PM,-70.369,-70.369,-69.156,-69.156,-69.156,-70.992,-70.992,-70.992,-70.369,,-69.156,-69.156,,-70.369,-70.369,-70.369
05-01-2026-Fri 14-41-45-PM,-70.369,-70.369,-69.188,-69.188,-69.188,-71.025,-71.025,-71.025,-70.369,,-69.188,-69.188,,-70.369,-70.369,-70.369
05-01-2026-Fri 14-41-46-PM,-70.402,-70.402,-69.188,-69.188,-69.188,-71.058,-71.058,-71.058,-70.402,,-69.188,-69.188,,-70.402,-70.402,-70.402
05-01-2026-Fri 14-41-48-PM,-70.435,-70.435,-69.188,-69.188,-69.188,-71.09,-71.09,-71.09,-70.435,,-69.188,-69.188,,-70.435,-70.435,-70.435
05-01-2026-Fri 14-41-49-PM,-70.402,-70.402,-69.221,-69.221,-69.221,-71.09,-71.09,-71.09,-70.402,,-69.221,-69.221,,-70.402,-70.402,-70.402
05-01-2026-Fri 14-41-51-PM,-70.435,-70.435,-69.188,-69.188,-69.188,-71.09,-71.09,-71.09,-70.435,,-69.188,-69.188,,-70.435,-70.435,-70.435
05-01-2026-Fri 14-41-52-PM,-70.435,-70.435,-69.221,-69.221,-69.221,-71.09,-71.09,-71.09,-70.435,,-69.221,-69.221,,-70.435,-70.435,-70.435
05-01-2026-Fri 14-41-53-PM,-70.468,-70.468,-69.254,-69.254,-69.254,-71.123,-71.123,-71.123,-70.468,,-69.254,-69.254,,-70.468,-70.468,-70.468
05-01-2026-Fri 14-41-55-PM,-70.468,-70.468,-69.254,-69.254,-69.254,-71.123,-71.123,-71.123,-70.468,,-69.254,-69.254,,-70.468,-70.468,-70.468
05-01-2026-Fri 14-41-56-PM,-70.5,-70.5,-69.287,-69.287,-69.287,-71.156,-71.156,-71.156,-70.5,,-69.287,-69.287,,-70.5,-70.5,-70.5
05-01-2026-Fri 14-41-58-PM,-70.5,-70.5,-69.287,-69.287,-69.287,-71.156,-71.156,-71.156,-70.5,,-69.287,-69.287,,-70.5,-70.5,-70.5
05-01-2026-Fri 14-41-59-PM,-70.533,-70.533,-69.32,-69.32,-69.32,-71.222,-71.222,-71.222,-70.533,,-69.32,-69.32,,-70.533,-70.533,-70.533
05-01-2026-Fri 14-42-00-PM,-70.533,-70.533,-69.32,-69.32,-69.32,-71.189,-71.189,-71.189,-70.533,,-69.32,-69.32,,-70.533,-70.533,-70.533
05-01-2026-Fri 14-42-02-PM,-70.566,-70.566,-69.352,-69.352,-69.352,-71.222,-71.222,-71.222,-70.566,,-69.352,-69.352,,-70.566,-70.566,-70.566
05-01-2026-Fri 14-42-03-PM,-70.533,-70.533,-69.32,-69.32,-69.32,-71.254,-71.254,-71.254,-70.533,,-69.32,-69.32,,-70.533,-70.533,-70.533
05-01-2026-Fri 14-42-05-PM,-70.566,-70.566,-69.352,-69.352,-69.352,-71.254,-71.254,-71.254,-70.566,,-69.352,-69.352,,-70.566,-70.566,-70.566
05-01-2026-Fri 14-42-06-PM,-70.599,-70.599,-69.352,-69.352,-69.352,-71.222,-71.222,-71.222,-70.599,,-69.352,-69.352,,-70.599,-70.599,-70.599
05-01-2026-Fri 14-42-07-PM,-70.566,-70.566,-69.352,-69.352,-69.352,-71.254,-71.254,-71.254,-70.566,,-69.352,-69.352,,-70.566,-70.566,-70.566
05-01-2026-Fri 14-42-09-PM,-70.599,-70.599,-69.352,-69.352,-69.352,-71.32,-71.32,-71.32,-70.599,,-69.352,-69.352,,-70.599,-70.599,-70.599
05-01-2026-Fri 14-42-10-PM,-70.632,-70.632,-69.418,-69.418,-69.418,-71.353,-71.353,-71.353,-70.632,,-69.418,-69.418,,-70.632,-70.632,-70.632
05-01-2026-Fri 14-42-11-PM,-70.664,-70.664,-69.385,-69.385,-69.385,-71.32,-71.32,-71.32,-70.664,,-69.385,-69.385,,-70.664,-70.664,-70.664
05-01-2026-Fri 14-42-13-PM,-70.664,-70.664,-69.451,-69.451,-69.451,-71.32,-71.32,-71.32,-70.664,,-69.451,-69.451,,-70.664,-70.664,-70.664
05-01-2026-Fri 14-42-14-PM,-70.664,-70.664,-69.418,-69.418,-69.418,-71.353,-71.353,-71.353,-70.664,,-69.418,-69.418,,-70.664,-70.664,-70.664
05-01-2026-Fri 14-42-16-PM,-70.697,-70.697,-69.451,-69.451,-69.451,-71.32,-71.32,-71.32,-70.697,,-69.451,-69.451,,-70.697,-70.697,-70.697
05-01-2026-Fri 14-42-17-PM,-70.697,-70.697,-69.484,-69.484,-69.484,-71.353,-71.353,-71.353,-70.697,,-69.484,-69.484,,-70.697,-70.697,-70.697
05-01-2026-Fri 14-42-18-PM,-70.73,-70.73,-69.484,-69.484,-69.484,-71.353,-71.353,-71.353,-70.73,,-69.484,-69.484,,-70.73,-70.73,-70.73
05-01-2026-Fri 14-42-20-PM,-70.73,-70.73,-69.484,-69.484,-69.484,-71.418,-71.418,-71.418,-70.73,,-69.484,-69.484,,-70.73,-70.73,-70.73
05-01-2026-Fri 14-42-21-PM,-70.73,-70.73,-69.516,-69.516,-69.516,-71.385,-71.385,-71.385,-70.73,,-69.516,-69.516,,-70.73,-70.73,-70.73
05-01-2026-Fri 14-42-23-PM,-70.763,-70.763,-69.516,-69.516,-69.516,-71.418,-71.418,-71.418,-70.763,,-69.516,-69.516,,-70.763,-70.763,-70.763
05-01-2026-Fri 14-42-24-PM,-70.763,-70.763,-69.516,-69.516,-69.516,-71.484,-71.484,-71.484,-70.763,,-69.516,-69.516,,-70.763,-70.763,-70.763
05-01-2026-Fri 14-42-25-PM,-70.795,-70.795,-69.516,-69.516,-69.516,-71.418,-71.418,-71.418,-70.795,,-69.516,-69.516,,-70.795,-70.795,-70.795
05-01-2026-Fri 14-42-27-PM,-70.795,-70.795,-69.549,-69.549,-69.549,-71.451,-71.451,-71.451,-70.795,,-69.549,-69.549,,-70.795,-70.795,-70.795
05-01-2026-Fri 14-42-28-PM,-70.795,-70.795,-69.582,-69.582,-69.582,-71.484,-71.484,-71.484,-70.795,,-69.582,-69.582,,-70.795,-70.795,-70.795
05-01-2026-Fri 14-42-30-PM,-70.795,-70.795,-69.582,-69.582,-69.582,-71.484,-71.484,-71.484,-70.795,,-69.582,-69.582,,-70.795,-70.795,-70.795
05-01-2026-Fri 14-42-31-PM,-70.828,-70.828,-69.615,-69.615,-69.615,-71.517,-71.517,-71.517,-70.828,,-69.615,-69.615,,-70.828,-70.828,-70.828
05-01-2026-Fri 14-42-32-PM,-70.828,-70.828,-69.582,-69.582,-69.582,-71.517,-71.517,-71.517,-70.828,,-69.582,-69.582,,-70.828,-70.828,-70.828
05-01-2026-Fri 14-42-34-PM,-70.861,-70.861,-69.648,-69.648,-69.648,-71.549,-71.549,-71.549,-70.861,,-69.648,-69.648,,-70.861,-70.861,-70.861
05-01-2026-Fri 14-42-35-PM,-70.894,-70.894,-69.648,-69.648,-69.648,-71.582,-71.582,-71.582,-70.894,,-69.648,-69.648,,-70.894,-70.894,-70.894
05-01-2026-Fri 14-42-37-PM,-70.894,-70.894,-69.713,-69.713,-69.713,-71.615,-71.615,-71.615,-70.894,,-69.713,-69.713,,-70.894,-70.894,-70.894
05-01-2026-Fri 14-42-38-PM,-70.959,-70.959,-69.746,-69.746,-69.746,-71.68,-71.68,-71.68,-70.959,,-69.746,-69.746,,-70.959,-70.959,-70.959
05-01-2026-Fri 14-42-39-PM,-70.992,-70.992,-69.779,-69.779,-69.779,-71.713,-71.713,-71.713,-70.992,,-69.779,-69.779,,-70.992,-70.992,-70.992
05-01-2026-Fri 14-42-41-PM,-70.992,-70.992,-69.844,-69.844,-69.844,-71.713,-71.713,-71.713,-70.992,,-69.844,-69.844,,-70.992,-70.992,-70.992
05-01-2026-Fri 14-42-42-PM,-71.025,-71.025,-69.877,-69.877,-69.877,-71.812,-71.812,-71.812,-71.025,,-69.877,-69.877,,-71.025,-71.025,-71.025
05-01-2026-Fri 14-42-43-PM,-71.09,-71.09,-69.943,-69.943,-69.943,-71.812,-71.812,-71.812,-71.09,,-69.943,-69.943,,-71.09,-71.09,-71.09
05-01-2026-Fri 14-42-45-PM,-71.123,-71.123,-69.976,-69.976,-69.976,-71.812,-71.812,-71.812,-71.123,,-69.976,-69.976,,-71.123,-71.123,-71.123
05-01-2026-Fri 14-42-46-PM,-71.189,-71.189,-70.041,-70.041,-70.041,-71.91,-71.91,-71.91,-71.189,,-70.041,-70.041,,-71.189,-71.189,-71.189
05-01-2026-Fri 14-42-48-PM,-71.189,-71.189,-70.107,-70.107,-70.107,-71.877,-71.877,-71.877,-71.189,,-70.107,-70.107,,-71.189,-71.189,-71.189
05-01-2026-Fri 14-42-49-PM,-71.254,-71.254,-70.14,-70.14,-70.14,-71.91,-71.91,-71.91,-71.254,,-70.14,-70.14,,-71.254,-71.254,-71.254
05-01-2026-Fri 14-42-50-PM,-71.254,-71.254,-70.172,-70.172,-70.172,-72.008,-72.008,-72.008,-71.254,,-70.172,-70.172,,-71.254,-71.254,-71.254
05-01-2026-Fri 14-42-52-PM,-71.32,-71.32,-70.205,-70.205,-70.205,-72.008,-72.008,-72.008,-71.32,,-70.205,-70.205,,-71.32,-71.32,-71.32
05-01-2026-Fri 14-42-53-PM,-71.353,-71.353,-70.205,-70.205,-70.205,-72.041,-72.041,-72.041,-71.353,,-70.205,-70.205,,-71.353,-71.353,-71.353
05-01-2026-Fri 14-42-55-PM,-71.353,-71.353,-70.238,-70.238,-70.238,-72.074,-72.074,-72.074,-71.353,,-70.238,-70.238,,-71.353,-71.353,-71.353
05-01-2026-Fri 14-42-56-PM,-71.385,-71.385,-70.271,-70.271,-70.271,-72.074,-72.074,-72.074,-71.385,,-70.271,-70.271,,-71.385,-71.385,-71.385
05-01-2026-Fri 14-42-57-PM,-71.418,-71.418,-70.304,-70.304,-70.304,-72.106,-72.106,-72.106,-71.418,,-70.304,-70.304,,-71.418,-71.418,-71.418
05-01-2026-Fri 14-42-59-PM,-71.451,-71.451,-70.336,-70.336,-70.336,-72.106,-72.106,-72.106,-71.451,,-70.336,-70.336,,-71.451,-71.451,-71.451
05-01-2026-Fri 14-43-00-PM,-71.484,-71.484,-70.369,-70.369,-70.369,-72.172,-72.172,-72.172,-71.484,,-70.369,-70.369,,-71.484,-71.484,-71.484
05-01-2026-Fri 14-43-02-PM,-71.517,-71.517,-70.402,-70.402,-70.402,-72.238,-72.238,-72.238,-71.517,,-70.402,-70.402,,-71.517,-71.517,-71.517
05-01-2026-Fri 14-43-03-PM,-71.549,-71.549,-70.402,-70.402,-70.402,-72.238,-72.238,-72.238,-71.549,,-70.402,-70.402,,-71.549,-71.549,-71.549
05-01-2026-Fri 14-43-04-PM,-71.582,-71.582,-70.435,-70.435,-70.435,-72.27,-72.27,-72.27,-71.582,,-70.435,-70.435,,-71.582,-71.582,-71.582
05-01-2026-Fri 14-43-06-PM,-71.615,-71.615,-70.468,-70.468,-70.468,-72.303,-72.303,-72.303,-71.615,,-70.468,-70.468,,-71.615,-71.615,-71.615
05-01-2026-Fri 14-43-07-PM,-71.582,-71.582,-70.5,-70.5,-70.5,-72.303,-72.303,-72.303,-71.582,,-70.5,-70.5,,-71.582,-71.582,-71.582
05-01-2026-Fri 14-43-09-PM,-71.68,-71.68,-70.533,-70.533,-70.533,-72.336,-72.336,-72.336,-71.68,,-70.533,-70.533,,-71.68,-71.68,-71.68
05-01-2026-Fri 14-43-10-PM,-71.68,-71.68,-70.566,-70.566,-70.566,-72.402,-72.402,-72.402,-71.68,,-70.566,-70.566,,-71.68,-71.68,-71.68
05-01-2026-Fri 14-43-12-PM,-71.713,-71.713,-70.566,-70.566,-70.566,-72.5,-72.5,-72.5,-71.713,,-70.566,-70.566,,-71.713,-71.713,-71.713
05-01-2026-Fri 14-43-13-PM,-71.746,-71.746,-70.632,-70.632,-70.632,-72.434,-72.434,-72.434,-71.746,,-70.632,-70.632,,-71.746,-71.746,-71.746
05-01-2026-Fri 14-43-15-PM,-71.779,-71.779,-70.632,-70.632,-70.632,-72.467,-72.467,-72.467,-71.779,,-70.632,-70.632,,-71.779,-71.779,-71.779
05-01-2026-Fri 14-43-16-PM,-71.812,-71.812,-70.664,-70.664,-70.664,-72.5,-72.5,-72.5,-71.812,,-70.664,-70.664,,-71.812,-71.812,-71.812
05-01-2026-Fri 14-43-19-PM,-71.844,-71.844,-70.73,-70.73,-70.73,-72.5,-72.5,-72.5,-71.844,,-70.73,-70.73,,-71.844,-71.844,-71.844
05-01-2026-Fri 14-43-22-PM,-71.877,-71.877,-70.763,-70.763,-70.763,-72.598,-72.598,-72.598,-71.877,,-70.763,-70.763,,-71.877,-71.877,-71.877
05-01-2026-Fri 14-43-24-PM,-71.943,-71.943,-70.828,-70.828,-70.828,-72.631,-72.631,-72.631,-71.943,,-70.828,-70.828,,-71.943,-71.943,-71.943
05-01-2026-Fri 14-43-26-PM,-71.976,-71.976,-70.861,-70.861,-70.861,-72.729,-72.729,-72.729,-71.976,,-70.861,-70.861,,-71.976,-71.976,-71.976
05-01-2026-Fri 14-43-27-PM,-72.008,-72.008,-70.894,-70.894,-70.894,-72.795,-72.795,-72.795,-72.008,,-70.894,-70.894,,-72.008,-72.008,-72.008
05-01-2026-Fri 14-43-28-PM,-72.041,-72.041,-70.927,-70.927,-70.927,-72.762,-72.762,-72.762,-72.041,,-70.927,-70.927,,-72.041,-72.041,-72.041
05-01-2026-Fri 14-43-30-PM,-72.074,-72.074,-70.959,-70.959,-70.959,-72.827,-72.827,-72.827,-72.074,,-70.959,-70.959,,-72.074,-72.074,-72.074
05-01-2026-Fri 14-43-31-PM,-72.106,-72.106,-70.959,-70.959,-70.959,-72.827,-72.827,-72.827,-72.106,,-70.959,-70.959,,-72.106,-72.106,-72.106
05-01-2026-Fri 14-43-33-PM,-72.139,-72.139,-70.992,-70.992,-70.992,-72.86,-72.86,-72.86,-72.139,,-70.992,-70.992,,-72.139,-72.139,-72.139
05-01-2026-Fri 14-43-34-PM,-72.139,-72.139,-71.025,-71.025,-71.025,-72.893,-72.893,-72.893,-72.139,,-71.025,-71.025,,-72.139,-72.139,-72.139
05-01-2026-Fri 14-43-35-PM,-72.172,-72.172,-71.058,-71.058,-71.058,-72.958,-72.958,-72.958,-72.172,,-71.058,-71.058,,-72.172,-72.172,-72.172
05-01-2026-Fri 14-43-37-PM,-72.238,-72.238,-71.058,-71.058,-71.058,-73.024,-73.024,-73.024,-72.238,,-71.058,-71.058,,-72.238,-72.238,-72.238
05-01-2026-Fri 14-43-38-PM,-72.238,-72.238,-71.09,-71.09,-71.09,-72.958,-72.958,-72.958,-72.238,,-71.09,-71.09,,-72.238,-72.238,-72.238
05-01-2026-Fri 14-43-40-PM,-72.238,-72.238,-71.123,-71.123,-71.123,-72.991,-72.991,-72.991,-72.238,,-71.123,-71.123,,-72.238,-72.238,-72.238
05-01-2026-Fri 14-43-41-PM,-72.27,-72.27,-71.156,-71.156,-71.156,-73.024,-73.024,-73.024,-72.27,,-71.156,-71.156,,-72.27,-72.27,-72.27
05-01-2026-Fri 14-43-42-PM,-72.303,-72.303,-71.189,-71.189,-71.189,-73.057,-73.057,-73.057,-72.303,,-71.189,-71.189,,-72.303,-72.303,-72.303
05-01-2026-Fri 14-43-44-PM,-72.303,-72.303,-71.189,-71.189,-71.189,-73.057,-73.057,-73.057,-72.303,,-71.189,-71.189,,-72.303,-72.303,-72.303
05-01-2026-Fri 14-43-45-PM,-72.369,-72.369,-71.222,-71.222,-71.222,-73.122,-73.122,-73.122,-72.369,,-71.222,-71.222,,-72.369,-72.369,-72.369
05-01-2026-Fri 14-43-47-PM,-72.369,-72.369,-71.222,-71.222,-71.222,-73.122,-73.122,-73.122,-72.369,,-71.222,-71.222,,-72.369,-72.369,-72.369
05-01-2026-Fri 14-43-49-PM,-72.402,-72.402,-71.287,-71.287,-71.287,-73.188,-73.188,-73.188,-72.402,,-71.287,-71.287,,-72.402,-72.402,-72.402
05-01-2026-Fri 14-43-52-PM,-72.467,-72.467,-71.32,-71.32,-71.32,-73.221,-73.221,-73.221,-72.467,,-71.32,-71.32,,-72.467,-72.467,-72.467
05-01-2026-Fri 14-43-55-PM,-72.5,-72.5,-71.385,-71.385,-71.385,-73.319,-73.319,-73.319,-72.5,,-71.385,-71.385,,-72.5,-72.5,-72.5
05-01-2026-Fri 14-43-58-PM,-72.532,-72.532,-71.418,-71.418,-71.418,-73.351,-73.351,-73.351,-72.532,,-71.418,-71.418,,-72.532,-72.532,-72.532
05-01-2026-Fri 14-44-00-PM,-72.598,-72.598,-71.451,-71.451,-71.451,-73.417,-73.417,-73.417,-72.598,,-71.451,-71.451,,-72.598,-72.598,-72.598
05-01-2026-Fri 14-44-03-PM,-72.664,-72.664,-71.549,-71.549,-71.549,-73.483,-73.483,-73.483,-72.664,,-71.549,-71.549,,-72.664,-72.664,-72.664
05-01-2026-Fri 14-44-06-PM,-72.729,-72.729,-71.582,-71.582,-71.582,-73.515,-73.515,-73.515,-72.729,,-71.582,-71.582,,-72.729,-72.729,-72.729
05-01-2026-Fri 14-44-07-PM,-72.729,-72.729,-71.615,-71.615,-71.615,-73.548,-73.548,-73.548,-72.729,,-71.615,-71.615,,-72.729,-72.729,-72.729
05-01-2026-Fri 14-44-10-PM,-72.795,-72.795,-71.648,-71.648,-71.648,-73.581,-73.581,-73.581,-72.795,,-71.648,-71.648,,-72.795,-72.795,-72.795
05-01-2026-Fri 14-44-13-PM,-72.827,-72.827,-71.68,-71.68,-71.68,-73.646,-73.646,-73.646,-72.827,,-71.68,-71.68,,-72.827,-72.827,-72.827
05-01-2026-Fri 14-44-15-PM,-72.86,-72.86,-71.713,-71.713,-71.713,-73.679,-73.679,-73.679,-72.86,,-71.713,-71.713,,-72.86,-72.86,-72.86
05-01-2026-Fri 14-44-18-PM,-72.926,-72.926,-71.779,-71.779,-71.779,-73.745,-73.745,-73.745,-72.926,,-71.779,-71.779,,-72.926,-72.926,-72.926
05-01-2026-Fri 14-44-20-PM,-72.958,-72.958,-71.844,-71.844,-71.844,-73.81,-73.81,-73.81,-72.958,,-71.844,-71.844,,-72.958,-72.958,-72.958
05-01-2026-Fri 14-44-21-PM,-72.991,-72.991,-71.877,-71.877,-71.877,-73.81,-73.81,-73.81,-72.991,,-71.877,-71.877,,-72.991,-72.991,-72.991
05-01-2026-Fri 14-44-23-PM,-73.024,-73.024,-71.877,-71.877,-71.877,-73.843,-73.843,-73.843,-73.024,,-71.877,-71.877,,-73.024,-73.024,-73.024
05-01-2026-Fri 14-44-24-PM,-73.024,-73.024,-71.877,-71.877,-71.877,-73.876,-73.876,-73.876,-73.024,,-71.877,-71.877,,-73.024,-73.024,-73.024
05-01-2026-Fri 14-44-26-PM,-73.057,-73.057,-71.91,-71.91,-71.91,-73.908,-73.908,-73.908,-73.057,,-71.91,-71.91,,-73.057,-73.057,-73.057
05-01-2026-Fri 14-44-27-PM,-73.09,-73.09,-71.91,-71.91,-71.91,-73.876,-73.876,-73.876,-73.09,,-71.91,-71.91,,-73.09,-73.09,-73.09
05-01-2026-Fri 14-44-28-PM,-73.09,-73.09,-71.943,-71.943,-71.943,-73.941,-73.941,-73.941,-73.09,,-71.943,-71.943,,-73.09,-73.09,-73.09
05-01-2026-Fri 14-44-30-PM,-73.122,-73.122,-71.976,-71.976,-71.976,-73.974,-73.974,-73.974,-73.122,,-71.976,-71.976,,-73.122,-73.122,-73.122
05-01-2026-Fri 14-44-31-PM,-73.155,-73.155,-71.976,-71.976,-71.976,-73.974,-73.974,-73.974,-73.155,,-71.976,-71.976,,-73.155,-73.155,-73.155
05-01-2026-Fri 14-44-33-PM,-73.188,-73.188,-72.008,-72.008,-72.008,-73.941,-73.941,-73.941,-73.188,,-72.008,-72.008,,-73.188,-73.188,-73.188
05-01-2026-Fri 14-44-34-PM,-73.188,-73.188,-72.041,-72.041,-72.041,-74.039,-74.039,-74.039,-73.188,,-72.041,-72.041,,-73.188,-73.188,-73.188
05-01-2026-Fri 14-44-35-PM,-73.221,-73.221,-72.041,-72.041,-72.041,-74.039,-74.039,-74.039,-73.221,,-72.041,-72.041,,-73.221,-73.221,-73.221
05-01-2026-Fri 14-44-37-PM,-73.221,-73.221,-72.041,-72.041,-72.041,-74.072,-74.072,-74.072,-73.221,,-72.041,-72.041,,-73.221,-73.221,-73.221
05-01-2026-Fri 14-44-38-PM,-73.253,-73.253,-72.106,-72.106,-72.106,-74.105,-74.105,-74.105,-73.253,,-72.106,-72.106,,-73.253,-73.253,-73.253
05-01-2026-Fri 14-44-40-PM,-73.286,-73.286,-72.139,-72.139,-72.139,-74.105,-74.105,-74.105,-73.286,,-72.139,-72.139,,-73.286,-73.286,-73.286
05-01-2026-Fri 14-44-41-PM,-73.319,-73.319,-72.139,-72.139,-72.139,-74.138,-74.138,-74.138,-73.319,,-72.139,-72.139,,-73.319,-73.319,-73.319
05-01-2026-Fri 14-44-42-PM,-73.351,-73.351,-72.172,-72.172,-72.172,-74.203,-74.203,-74.203,-73.351,,-72.172,-72.172,,-73.351,-73.351,-73.351
05-01-2026-Fri 14-44-44-PM,-73.384,-73.384,-72.172,-72.172,-72.172,-74.203,-74.203,-74.203,-73.384,,-72.172,-72.172,,-73.384,-73.384,-73.384
05-01-2026-Fri 14-44-45-PM,-73.384,-73.384,-72.205,-72.205,-72.205,-74.236,-74.236,-74.236,-73.384,,-72.205,-72.205,,-73.384,-73.384,-73.384
05-01-2026-Fri 14-44-47-PM,-73.417,-73.417,-72.238,-72.238,-72.238,-74.236,-74.236,-74.236,-73.417,,-72.238,-72.238,,-73.417,-73.417,-73.417
05-01-2026-Fri 14-44-48-PM,-73.417,-73.417,-72.27,-72.27,-72.27,-74.301,-74.301,-74.301,-73.417,,-72.27,-72.27,,-73.417,-73.417,-73.417
05-01-2026-Fri 14-44-49-PM,-73.45,-73.45,-72.27,-72.27,-72.27,-74.334,-74.334,-74.334,-73.45,,-72.27,-72.27,,-73.45,-73.45,-73.45
05-01-2026-Fri 14-44-51-PM,-73.483,-73.483,-72.303,-72.303,-72.303,-74.334,-74.334,-74.334,-73.483,,-72.303,-72.303,,-73.483,-73.483,-73.483
05-01-2026-Fri 14-44-52-PM,-73.515,-73.515,-72.336,-72.336,-72.336,-74.399,-74.399,-74.399,-73.515,,-72.336,-72.336,,-73.515,-73.515,-73.515
05-01-2026-Fri 14-44-54-PM,-73.515,-73.515,-72.336,-72.336,-72.336,-74.367,-74.367,-74.367,-73.515,,-72.336,-72.336,,-73.515,-73.515,-73.515
05-01-2026-Fri 14-44-55-PM,-73.548,-73.548,-72.336,-72.336,-72.336,-74.399,-74.399,-74.399,-73.548,,-72.336,-72.336,,-73.548,-73.548,-73.548
05-01-2026-Fri 14-44-56-PM,-73.548,-73.548,-72.369,-72.369,-72.369,-74.432,-74.432,-74.432,-73.548,,-72.369,-72.369,,-73.548,-73.548,-73.548
05-01-2026-Fri 14-44-58-PM,-73.548,-73.548,-72.369,-72.369,-72.369,-74.498,-74.498,-74.498,-73.548,,-72.369,-72.369,,-73.548,-73.548,-73.548
05-01-2026-Fri 14-44-59-PM,-73.614,-73.614,-72.402,-72.402,-72.402,-74.498,-74.498,-74.498,-73.614,,-72.402,-72.402,,-73.614,-73.614,-73.614
05-01-2026-Fri 14-45-01-PM,-73.614,-73.614,-72.402,-72.402,-72.402,-74.465,-74.465,-74.465,-73.614,,-72.402,-72.402,,-73.614,-73.614,-73.614
05-01-2026-Fri 14-45-02-PM,-73.614,-73.614,-72.467,-72.467,-72.467,-74.53,-74.53,-74.53,-73.614,,-72.467,-72.467,,-73.614,-73.614,-73.614
05-01-2026-Fri 14-45-03-PM,-73.679,-73.679,-72.467,-72.467,-72.467,-74.498,-74.498,-74.498,-73.679,,-72.467,-72.467,,-73.679,-73.679,-73.679
05-01-2026-Fri 14-45-05-PM,-73.679,-73.679,-72.5,-72.5,-72.5,-74.53,-74.53,-74.53,-73.679,,-72.5,-72.5,,-73.679,-73.679,-73.679
05-01-2026-Fri 14-45-06-PM,-73.679,-73.679,-72.532,-72.532,-72.532,-74.596,-74.596,-74.596,-73.679,,-72.532,-72.532,,-73.679,-73.679,-73.679
05-01-2026-Fri 14-45-08-PM,-73.745,-73.745,-72.532,-72.532,-72.532,-74.596,-74.596,-74.596,-73.745,,-72.532,-72.532,,-73.745,-73.745,-73.745
05-01-2026-Fri 14-45-09-PM,-73.745,-73.745,-72.565,-72.565,-72.565,-74.661,-74.661,-74.661,-73.745,,-72.565,-72.565,,-73.745,-73.745,-73.745
05-01-2026-Fri 14-45-11-PM,-73.745,-73.745,-72.598,-72.598,-72.598,-74.661,-74.661,-74.661,-73.745,,-72.598,-72.598,,-73.745,-73.745,-73.745
05-01-2026-Fri 14-45-12-PM,-73.81,-73.81,-72.631,-72.631,-72.631,-74.694,-74.694,-74.694,-73.81,,-72.631,-72.631,,-73.81,-73.81,-73.81
05-01-2026-Fri 14-45-13-PM,-73.81,-73.81,-72.598,-72.598,-72.598,-74.694,-74.694,-74.694,-73.81,,-72.598,-72.598,,-73.81,-73.81,-73.81
05-01-2026-Fri 14-45-15-PM,-73.843,-73.843,-72.664,-72.664,-72.664,-74.727,-74.727,-74.727,-73.843,,-72.664,-72.664,,-73.843,-73.843,-73.843
05-01-2026-Fri 14-45-16-PM,-73.876,-73.876,-72.664,-72.664,-72.664,-74.727,-74.727,-74.727,-73.876,,-72.664,-72.664,,-73.876,-73.876,-73.876
05-01-2026-Fri 14-45-17-PM,-73.876,-73.876,-72.696,-72.696,-72.696,-74.76,-74.76,-74.76,-73.876,,-72.696,-72.696,,-73.876,-73.876,-73.876
05-01-2026-Fri 14-45-19-PM,-73.908,-73.908,-72.696,-72.696,-72.696,-74.792,-74.792,-74.792,-73.908,,-72.696,-72.696,,-73.908,-73.908,-73.908
05-01-2026-Fri 14-45-20-PM,-73.908,-73.908,-72.696,-72.696,-72.696,-74.825,-74.825,-74.825,-73.908,,-72.696,-72.696,,-73.908,-73.908,-73.908
05-01-2026-Fri 14-45-21-PM,-73.941,-73.941,-72.729,-72.729,-72.729,-74.858,-74.858,-74.858,-73.941,,-72.729,-72.729,,-73.941,-73.941,-73.941
05-01-2026-Fri 14-45-23-PM,-73.941,-73.941,-72.729,-72.729,-72.729,-74.825,-74.825,-74.825,-73.941,,-72.729,-72.729,,-73.941,-73.941,-73.941
05-01-2026-Fri 14-45-24-PM,-73.974,-73.974,-72.762,-72.762,-72.762,-74.858,-74.858,-74.858,-73.974,,-72.762,-72.762,,-73.974,-73.974,-73.974
05-01-2026-Fri 14-45-26-PM,-74.006,-74.006,-72.762,-72.762,-72.762,-74.923,-74.923,-74.923,-74.006,,-72.762,-72.762,,-74.006,-74.006,-74.006
05-01-2026-Fri 14-45-27-PM,-74.006,-74.006,-72.795,-72.795,-72.795,-74.923,-74.923,-74.923,-74.006,,-72.795,-72.795,,-74.006,-74.006,-74.006
05-01-2026-Fri 14-45-28-PM,-74.039,-74.039,-72.86,-72.86,-72.86,-74.956,-74.956,-74.956,-74.039,,-72.86,-72.86,,-74.039,-74.039,-74.039
05-01-2026-Fri 14-45-30-PM,-74.072,-74.072,-72.86,-72.86,-72.86,-74.989,-74.989,-74.989,-74.072,,-72.86,-72.86,,-74.072,-74.072,-74.072
05-01-2026-Fri 14-45-31-PM,-74.072,-74.072,-72.86,-72.86,-72.86,-74.989,-74.989,-74.989,-74.072,,-72.86,-72.86,,-74.072,-74.072,-74.072
05-01-2026-Fri 14-45-33-PM,-74.138,-74.138,-72.893,-72.893,-72.893,-74.989,-74.989,-74.989,-74.138,,-72.893,-72.893,,-74.138,-74.138,-74.138
05-01-2026-Fri 14-45-34-PM,-74.105,-74.105,-72.926,-72.926,-72.926,-75.021,-75.021,-75.021,-74.105,,-72.926,-72.926,,-74.105,-74.105,-74.105
05-01-2026-Fri 14-45-36-PM,-74.138,-74.138,-72.926,-72.926,-72.926,-75.054,-75.054,-75.054,-74.138,,-72.926,-72.926,,-74.138,-74.138,-74.138
05-01-2026-Fri 14-45-37-PM,-74.138,-74.138,-72.926,-72.926,-72.926,-75.087,-75.087,-75.087,-74.138,,-72.926,-72.926,,-74.138,-74.138,-74.138
05-01-2026-Fri 14-45-38-PM,-74.203,-74.203,-72.958,-72.958,-72.958,-75.152,-75.152,-75.152,-74.203,,-72.958,-72.958,,-74.203,-74.203,-74.203
05-01-2026-Fri 14-45-40-PM,-74.203,-74.203,-72.991,-72.991,-72.991,-75.12,-75.12,-75.12,-74.203,,-72.991,-72.991,,-74.203,-74.203,-74.203
05-01-2026-Fri 14-45-42-PM,-74.236,-74.236,-72.991,-72.991,-72.991,-75.185,-75.185,-75.185,-74.236,,-72.991,-72.991,,-74.236,-74.236,-74.236
05-01-2026-Fri 14-45-44-PM,-74.268,-74.268,-73.024,-73.024,-73.024,-75.152,-75.152,-75.152,-74.268,,-73.024,-73.024,,-74.268,-74.268,-74.268
05-01-2026-Fri 14-45-47-PM,-74.301,-74.301,-73.057,-73.057,-73.057,-75.185,-75.185,-75.185,-74.301,,-73.057,-73.057,,-74.301,-74.301,-74.301
05-01-2026-Fri 14-45-50-PM,-74.334,-74.334,-73.09,-73.09,-73.09,-75.251,-75.251,-75.251,-74.334,,-73.09,-73.09,,-74.334,-74.334,-74.334
05-01-2026-Fri 14-45-53-PM,-74.367,-74.367,-73.09,-73.09,-73.09,-75.283,-75.283,-75.283,-74.367,,-73.09,-73.09,,-74.367,-74.367,-74.367
05-01-2026-Fri 14-45-54-PM,-74.399,-74.399,-73.155,-73.155,-73.155,-75.349,-75.349,-75.349,-74.399,,-73.155,-73.155,,-74.399,-74.399,-74.399
05-01-2026-Fri 14-45-55-PM,-74.399,-74.399,-73.188,-73.188,-73.188,-75.349,-75.349,-75.349,-74.399,,-73.188,-73.188,,-74.399,-74.399,-74.399
05-01-2026-Fri 14-45-57-PM,-74.465,-74.465,-73.188,-73.188,-73.188,-75.349,-75.349,-75.349,-74.465,,-73.188,-73.188,,-74.465,-74.465,-74.465
05-01-2026-Fri 14-45-58-PM,-74.432,-74.432,-73.221,-73.221,-73.221,-75.381,-75.381,-75.381,-74.432,,-73.221,-73.221,,-74.432,-74.432,-74.432
05-01-2026-Fri 14-46-00-PM,-74.465,-74.465,-73.221,-73.221,-73.221,-75.414,-75.414,-75.414,-74.465,,-73.221,-73.221,,-74.465,-74.465,-74.465
05-01-2026-Fri 14-46-01-PM,-74.498,-74.498,-73.253,-73.253,-73.253,-75.447,-75.447,-75.447,-74.498,,-73.253,-73.253,,-74.498,-74.498,-74.498
05-01-2026-Fri 14-46-02-PM,-74.53,-74.53,-73.286,-73.286,-73.286,-75.48,-75.48,-75.48,-74.53,,-73.286,-73.286,,-74.53,-74.53,-74.53
05-01-2026-Fri 14-46-04-PM,-74.53,-74.53,-73.286,-73.286,-73.286,-75.48,-75.48,-75.48,-74.53,,-73.286,-73.286,,-74.53,-74.53,-74.53
05-01-2026-Fri 14-46-05-PM,-74.563,-74.563,-73.286,-73.286,-73.286,-75.447,-75.447,-75.447,-74.563,,-73.286,-73.286,,-74.563,-74.563,-74.563
05-01-2026-Fri 14-46-06-PM,-74.563,-74.563,-73.319,-73.319,-73.319,-75.447,-75.447,-75.447,-74.563,,-73.319,-73.319,,-74.563,-74.563,-74.563
05-01-2026-Fri 14-46-08-PM,-74.596,-74.596,-73.351,-73.351,-73.351,-75.545,-75.545,-75.545,-74.596,,-73.351,-73.351,,-74.596,-74.596,-74.596
05-01-2026-Fri 14-46-09-PM,-74.596,-74.596,-73.351,-73.351,-73.351,-75.512,-75.512,-75.512,-74.596,,-73.351,-73.351,,-74.596,-74.596,-74.596
05-01-2026-Fri 14-46-11-PM,-74.596,-74.596,-73.351,-73.351,-73.351,-75.545,-75.545,-75.545,-74.596,,-73.351,-73.351,,-74.596,-74.596,-74.596
05-01-2026-Fri 14-46-12-PM,-74.629,-74.629,-73.384,-73.384,-73.384,-75.545,-75.545,-75.545,-74.629,,-73.384,-73.384,,-74.629,-74.629,-74.629
05-01-2026-Fri 14-46-13-PM,-74.661,-74.661,-73.417,-73.417,-73.417,-75.578,-75.578,-75.578,-74.661,,-73.417,-73.417,,-74.661,-74.661,-74.661
05-01-2026-Fri 14-46-15-PM,-74.694,-74.694,-73.417,-73.417,-73.417,-75.611,-75.611,-75.611,-74.694,,-73.417,-73.417,,-74.694,-74.694,-74.694
05-01-2026-Fri 14-46-16-PM,-74.694,-74.694,-73.417,-73.417,-73.417,-75.643,-75.643,-75.643,-74.694,,-73.417,-73.417,,-74.694,-74.694,-74.694
05-01-2026-Fri 14-46-17-PM,-74.694,-74.694,-73.417,-73.417,-73.417,-75.643,-75.643,-75.643,-74.694,,-73.417,-73.417,,-74.694,-74.694,-74.694
05-01-2026-Fri 14-46-19-PM,-74.727,-74.727,-73.45,-73.45,-73.45,-75.643,-75.643,-75.643,-74.727,,-73.45,-73.45,,-74.727,-74.727,-74.727
05-01-2026-Fri 14-46-20-PM,-74.76,-74.76,-73.483,-73.483,-73.483,-75.709,-75.709,-75.709,-74.76,,-73.483,-73.483,,-74.76,-74.76,-74.76
05-01-2026-Fri 14-46-22-PM,-74.76,-74.76,-73.483,-73.483,-73.483,-75.643,-75.643,-75.643,-74.76,,-73.483,-73.483,,-74.76,-74.76,-74.76
05-01-2026-Fri 14-46-23-PM,-74.76,-74.76,-73.515,-73.515,-73.515,-75.676,-75.676,-75.676,-74.76,,-73.515,-73.515,,-74.76,-74.76,-74.76
05-01-2026-Fri 14-46-24-PM,-74.76,-74.76,-73.548,-73.548,-73.548,-75.741,-75.741,-75.741,-74.76,,-73.548,-73.548,,-74.76,-74.76,-74.76
05-01-2026-Fri 14-46-26-PM,-74.825,-74.825,-73.548,-73.548,-73.548,-75.774,-75.774,-75.774,-74.825,,-73.548,-73.548,,-74.825,-74.825,-74.825
05-01-2026-Fri 14-46-27-PM,-74.825,-74.825,-73.581,-73.581,-73.581,-75.741,-75.741,-75.741,-74.825,,-73.581,-73.581,,-74.825,-74.825,-74.825
05-01-2026-Fri 14-46-29-PM,-74.858,-74.858,-73.581,-73.581,-73.581,-75.709,-75.709,-75.709,-74.858,,-73.581,-73.581,,-74.858,-74.858,-74.858
05-01-2026-Fri 14-46-30-PM,-74.89,-74.89,-73.614,-73.614,-73.614,-75.774,-75.774,-75.774,-74.89,,-73.614,-73.614,,-74.89,-74.89,-74.89
05-01-2026-Fri 14-46-31-PM,-74.89,-74.89,-73.614,-73.614,-73.614,-75.84,-75.84,-75.84,-74.89,,-73.614,-73.614,,-74.89,-74.89,-74.89
05-01-2026-Fri 14-46-33-PM,-74.923,-74.923,-73.646,-73.646,-73.646,-75.774,-75.774,-75.774,-74.923,,-73.646,-73.646,,-74.923,-74.923,-74.923
05-01-2026-Fri 14-46-34-PM,-74.923,-74.923,-73.646,-73.646,-73.646,-75.84,-75.84,-75.84,-74.923,,-73.646,-73.646,,-74.923,-74.923,-74.923
05-01-2026-Fri 14-46-36-PM,-74.923,-74.923,-73.646,-73.646,-73.646,-75.84,-75.84,-75.84,-74.923,,-73.646,-73.646,,-74.923,-74.923,-74.923
05-01-2026-Fri 14-46-37-PM,-74.956,-74.956,-73.679,-73.679,-73.679,-75.872,-75.872,-75.872,-74.956,,-73.679,-73.679,,-74.956,-74.956,-74.956
05-01-2026-Fri 14-46-39-PM,-74.956,-74.956,-73.712,-73.712,-73.712,-75.872,-75.872,-75.872,-74.956,,-73.712,-73.712,,-74.956,-74.956,-74.956
05-01-2026-Fri 14-46-40-PM,-74.989,-74.989,-73.712,-73.712,-73.712,-75.938,-75.938,-75.938,-74.989,,-73.712,-73.712,,-74.989,-74.989,-74.989
05-01-2026-Fri 14-46-42-PM,-75.021,-75.021,-73.745,-73.745,-73.745,-75.872,-75.872,-75.872,-75.021,,-73.745,-73.745,,-75.021,-75.021,-75.021
05-01-2026-Fri 14-46-43-PM,-75.021,-75.021,-73.745,-73.745,-73.745,-75.938,-75.938,-75.938,-75.021,,-73.745,-73.745,,-75.021,-75.021,-75.021
05-01-2026-Fri 14-46-44-PM,-75.054,-75.054,-73.745,-73.745,-73.745,-75.938,-75.938,-75.938,-75.054,,-73.745,-73.745,,-75.054,-75.054,-75.054
05-01-2026-Fri 14-46-46-PM,-75.054,-75.054,-73.745,-73.745,-73.745,-75.97,-75.97,-75.97,-75.054,,-73.745,-73.745,,-75.054,-75.054,-75.054
05-01-2026-Fri 14-46-47-PM,-75.087,-75.087,-73.777,-73.777,-73.777,-76.003,-76.003,-76.003,-75.087,,-73.777,-73.777,,-75.087,-75.087,-75.087
05-01-2026-Fri 14-46-49-PM,-75.087,-75.087,-73.777,-73.777,-73.777,-75.97,-75.97,-75.97,-75.087,,-73.777,-73.777,,-75.087,-75.087,-75.087
05-01-2026-Fri 14-46-50-PM,-75.12,-75.12,-73.81,-73.81,-73.81,-76.003,-76.003,-76.003,-75.12,,-73.81,-73.81,,-75.12,-75.12,-75.12
05-01-2026-Fri 14-46-51-PM,-75.12,-75.12,-73.843,-73.843,-73.843,-76.036,-76.036,-76.036,-75.12,,-73.843,-73.843,,-75.12,-75.12,-75.12
05-01-2026-Fri 14-46-53-PM,-75.152,-75.152,-73.843,-73.843,-73.843,-76.036,-76.036,-76.036,-75.152,,-73.843,-73.843,,-75.152,-75.152,-75.152
05-01-2026-Fri 14-46-54-PM,-75.152,-75.152,-73.876,-73.876,-73.876,-76.069,-76.069,-76.069,-75.152,,-73.876,-73.876,,-75.152,-75.152,-75.152
05-01-2026-Fri 14-46-55-PM,-75.185,-75.185,-73.876,-73.876,-73.876,-76.036,-76.036,-76.036,-75.185,,-73.876,-73.876,,-75.185,-75.185,-75.185
05-01-2026-Fri 14-46-57-PM,-75.185,-75.185,-73.908,-73.908,-73.908,-76.134,-76.134,-76.134,-75.185,,-73.908,-73.908,,-75.185,-75.185,-75.185
05-01-2026-Fri 14-46-58-PM,-75.218,-75.218,-73.908,-73.908,-73.908,-76.101,-76.101,-76.101,-75.218,,-73.908,-73.908,,-75.218,-75.218,-75.218
05-01-2026-Fri 14-47-00-PM,-75.218,-75.218,-73.941,-73.941,-73.941,-76.101,-76.101,-76.101,-75.218,,-73.941,-73.941,,-75.218,-75.218,-75.218
05-01-2026-Fri 14-47-01-PM,-75.218,-75.218,-73.941,-73.941,-73.941,-76.134,-76.134,-76.134,-75.218,,-73.941,-73.941,,-75.218,-75.218,-75.218
05-01-2026-Fri 14-47-02-PM,-75.251,-75.251,-73.941,-73.941,-73.941,-76.167,-76.167,-76.167,-75.251,,-73.941,-73.941,,-75.251,-75.251,-75.251
05-01-2026-Fri 14-47-04-PM,-75.283,-75.283,-73.974,-73.974,-73.974,-76.2,-76.2,-76.2,-75.283,,-73.974,-73.974,,-75.283,-75.283,-75.283
05-01-2026-Fri 14-47-05-PM,-75.283,-75.283,-74.006,-74.006,-74.006,-76.167,-76.167,-76.167,-75.283,,-74.006,-74.006,,-75.283,-75.283,-75.283
05-01-2026-Fri 14-47-07-PM,-75.316,-75.316,-73.974,-73.974,-73.974,-76.2,-76.2,-76.2,-75.316,,-73.974,-73.974,,-75.316,-75.316,-75.316
05-01-2026-Fri 14-47-08-PM,-75.316,-75.316,-74.006,-74.006,-74.006,-76.2,-76.2,-76.2,-75.316,,-74.006,-74.006,,-75.316,-75.316,-75.316
05-01-2026-Fri 14-47-09-PM,-75.316,-75.316,-74.039,-74.039,-74.039,-76.232,-76.232,-76.232,-75.316,,-74.039,-74.039,,-75.316,-75.316,-75.316
05-01-2026-Fri 14-47-11-PM,-75.349,-75.349,-74.039,-74.039,-74.039,-76.232,-76.232,-76.232,-75.349,,-74.039,-74.039,,-75.349,-75.349,-75.349
05-01-2026-Fri 14-47-12-PM,-75.349,-75.349,-74.072,-74.072,-74.072,-76.265,-76.265,-76.265,-75.349,,-74.072,-74.072,,-75.349,-75.349,-75.349
05-01-2026-Fri 14-47-13-PM,-75.414,-75.414,-74.072,-74.072,-74.072,-76.265,-76.265,-76.265,-75.414,,-74.072,-74.072,,-75.414,-75.414,-75.414
05-01-2026-Fri 14-47-15-PM,-75.414,-75.414,-74.072,-74.072,-74.072,-76.298,-76.298,-76.298,-75.414,,-74.072,-74.072,,-75.414,-75.414,-75.414
05-01-2026-Fri 14-47-16-PM,-75.414,-75.414,-74.072,-74.072,-74.072,-76.33,-76.33,-76.33,-75.414,,-74.072,-74.072,,-75.414,-75.414,-75.414
05-01-2026-Fri 14-47-18-PM,-75.414,-75.414,-74.105,-74.105,-74.105,-76.298,-76.298,-76.298,-75.414,,-74.105,-74.105,,-75.414,-75.414,-75.414
05-01-2026-Fri 14-47-19-PM,-75.414,-75.414,-74.138,-74.138,-74.138,-76.298,-76.298,-76.298,-75.414,,-74.138,-74.138,,-75.414,-75.414,-75.414
05-01-2026-Fri 14-47-20-PM,-75.447,-75.447,-74.17,-74.17,-74.17,-76.33,-76.33,-76.33,-75.447,,-74.17,-74.17,,-75.447,-75.447,-75.447
05-01-2026-Fri 14-47-22-PM,-75.512,-75.512,-74.17,-74.17,-74.17,-76.33,-76.33,-76.33,-75.512,,-74.17,-74.17,,-75.512,-75.512,-75.512
05-01-2026-Fri 14-47-24-PM,-75.48,-75.48,-74.203,-74.203,-74.203,-76.396,-76.396,-76.396,-75.48,,-74.203,-74.203,,-75.48,-75.48,-75.48
05-01-2026-Fri 14-47-27-PM,-75.512,-75.512,-74.203,-74.203,-74.203,-76.363,-76.363,-76.363,-75.512,,-74.203,-74.203,,-75.512,-75.512,-75.512
05-01-2026-Fri 14-47-29-PM,-75.545,-75.545,-74.236,-74.236,-74.236,-76.428,-76.428,-76.428,-75.545,,-74.236,-74.236,,-75.545,-75.545,-75.545
05-01-2026-Fri 14-47-32-PM,-75.578,-75.578,-74.268,-74.268,-74.268,-76.461,-76.461,-76.461,-75.578,,-74.268,-74.268,,-75.578,-75.578,-75.578
05-01-2026-Fri 14-47-34-PM,-75.611,-75.611,-74.301,-74.301,-74.301,-76.494,-76.494,-76.494,-75.611,,-74.301,-74.301,,-75.611,-75.611,-75.611
05-01-2026-Fri 14-47-35-PM,-75.611,-75.611,-74.301,-74.301,-74.301,-76.527,-76.527,-76.527,-75.611,,-74.301,-74.301,,-75.611,-75.611,-75.611
05-01-2026-Fri 14-47-37-PM,-75.611,-75.611,-74.301,-74.301,-74.301,-76.494,-76.494,-76.494,-75.611,,-74.301,-74.301,,-75.611,-75.611,-75.611
05-01-2026-Fri 14-47-38-PM,-75.643,-75.643,-74.301,-74.301,-74.301,-76.527,-76.527,-76.527,-75.643,,-74.301,-74.301,,-75.643,-75.643,-75.643
05-01-2026-Fri 14-47-39-PM,-75.676,-75.676,-74.334,-74.334,-74.334,-76.527,-76.527,-76.527,-75.676,,-74.334,-74.334,,-75.676,-75.676,-75.676
05-01-2026-Fri 14-47-41-PM,-75.676,-75.676,-74.367,-74.367,-74.367,-76.559,-76.559,-76.559,-75.676,,-74.367,-74.367,,-75.676,-75.676,-75.676
05-01-2026-Fri 14-47-42-PM,-75.676,-75.676,-74.367,-74.367,-74.367,-76.559,-76.559,-76.559,-75.676,,-74.367,-74.367,,-75.676,-75.676,-75.676
05-01-2026-Fri 14-47-43-PM,-75.676,-75.676,-74.367,-74.367,-74.367,-76.592,-76.592,-76.592,-75.676,,-74.367,-74.367,,-75.676,-75.676,-75.676
05-01-2026-Fri 14-47-45-PM,-75.709,-75.709,-74.367,-74.367,-74.367,-76.592,-76.592,-76.592,-75.709,,-74.367,-74.367,,-75.709,-75.709,-75.709
05-01-2026-Fri 14-47-46-PM,-75.741,-75.741,-74.399,-74.399,-74.399,-76.559,-76.559,-76.559,-75.741,,-74.399,-74.399,,-75.741,-75.741,-75.741
05-01-2026-Fri 14-47-48-PM,-75.709,-75.709,-74.432,-74.432,-74.432,-76.559,-76.559,-76.559,-75.709,,-74.432,-74.432,,-75.709,-75.709,-75.709
05-01-2026-Fri 14-47-49-PM,-75.741,-75.741,-74.432,-74.432,-74.432,-76.625,-76.625,-76.625,-75.741,,-74.432,-74.432,,-75.741,-75.741,-75.741
05-01-2026-Fri 14-47-50-PM,-75.774,-75.774,-74.432,-74.432,-74.432,-76.625,-76.625,-76.625,-75.774,,-74.432,-74.432,,-75.774,-75.774,-75.774
05-01-2026-Fri 14-47-52-PM,-75.774,-75.774,-74.465,-74.465,-74.465,-76.658,-76.658,-76.658,-75.774,,-74.465,-74.465,,-75.774,-75.774,-75.774
05-01-2026-Fri 14-47-53-PM,-75.774,-75.774,-74.465,-74.465,-74.465,-76.658,-76.658,-76.658,-75.774,,-74.465,-74.465,,-75.774,-75.774,-75.774
05-01-2026-Fri 14-47-55-PM,-75.807,-75.807,-74.498,-74.498,-74.498,-76.658,-76.658,-76.658,-75.807,,-74.498,-74.498,,-75.807,-75.807,-75.807
05-01-2026-Fri 14-47-56-PM,-75.84,-75.84,-74.498,-74.498,-74.498,-76.69,-76.69,-76.69,-75.84,,-74.498,-74.498,,-75.84,-75.84,-75.84
05-01-2026-Fri 14-47-58-PM,-75.84,-75.84,-74.53,-74.53,-74.53,-76.69,-76.69,-76.69,-75.84,,-74.53,-74.53,,-75.84,-75.84,-75.84
05-01-2026-Fri 14-47-59-PM,-75.84,-75.84,-74.53,-74.53,-74.53,-76.658,-76.658,-76.658,-75.84,,-74.53,-74.53,,-75.84,-75.84,-75.84
05-01-2026-Fri 14-48-02-PM,-75.84,-75.84,-74.53,-74.53,-74.53,-76.756,-76.756,-76.756,-75.84,,-74.53,-74.53,,-75.84,-75.84,-75.84
05-01-2026-Fri 14-48-05-PM,-75.872,-75.872,-74.563,-74.563,-74.563,-76.723,-76.723,-76.723,-75.872,,-74.563,-74.563,,-75.872,-75.872,-75.872
05-01-2026-Fri 14-48-07-PM,-75.938,-75.938,-74.596,-74.596,-74.596,-76.756,-76.756,-76.756,-75.938,,-74.596,-74.596,,-75.938,-75.938,-75.938
05-01-2026-Fri 14-48-09-PM,-75.938,-75.938,-74.629,-74.629,-74.629,-76.788,-76.788,-76.788,-75.938,,-74.629,-74.629,,-75.938,-75.938,-75.938
05-01-2026-Fri 14-48-10-PM,-75.97,-75.97,-74.629,-74.629,-74.629,-76.821,-76.821,-76.821,-75.97,,-74.629,-74.629,,-75.97,-75.97,-75.97
05-01-2026-Fri 14-48-12-PM,-76.003,-76.003,-74.661,-74.661,-74.661,-76.821,-76.821,-76.821,-76.003,,-74.661,-74.661,,-76.003,-76.003,-76.003
05-01-2026-Fri 14-48-13-PM,-75.97,-75.97,-74.661,-74.661,-74.661,-76.854,-76.854,-76.854,-75.97,,-74.661,-74.661,,-75.97,-75.97,-75.97
05-01-2026-Fri 14-48-14-PM,-76.003,-76.003,-74.694,-74.694,-74.694,-76.886,-76.886,-76.886,-76.003,,-74.694,-74.694,,-76.003,-76.003,-76.003
05-01-2026-Fri 14-48-16-PM,-76.003,-76.003,-74.694,-74.694,-74.694,-76.886,-76.886,-76.886,-76.003,,-74.694,-74.694,,-76.003,-76.003,-76.003
05-01-2026-Fri 14-48-18-PM,-76.036,-76.036,-74.727,-74.727,-74.727,-76.886,-76.886,-76.886,-76.036,,-74.727,-74.727,,-76.036,-76.036,-76.036
05-01-2026-Fri 14-48-19-PM,-76.036,-76.036,-74.727,-74.727,-74.727,-76.854,-76.854,-76.854,-76.036,,-74.727,-74.727,,-76.036,-76.036,-76.036
05-01-2026-Fri 14-48-20-PM,-76.036,-76.036,-74.727,-74.727,-74.727,-76.886,-76.886,-76.886,-76.036,,-74.727,-74.727,,-76.036,-76.036,-76.036
05-01-2026-Fri 14-48-22-PM,-76.036,-76.036,-74.727,-74.727,-74.727,-76.919,-76.919,-76.919,-76.036,,-74.727,-74.727,,-76.036,-76.036,-76.036
05-01-2026-Fri 14-48-23-PM,-76.069,-76.069,-74.76,-74.76,-74.76,-76.952,-76.952,-76.952,-76.069,,-74.76,-74.76,,-76.069,-76.069,-76.069
05-01-2026-Fri 14-48-25-PM,-76.101,-76.101,-74.792,-74.792,-74.792,-76.952,-76.952,-76.952,-76.101,,-74.792,-74.792,,-76.101,-76.101,-76.101
05-01-2026-Fri 14-48-26-PM,-76.101,-76.101,-74.76,-74.76,-74.76,-76.919,-76.919,-76.919,-76.101,,-74.76,-74.76,,-76.101,-76.101,-76.101
05-01-2026-Fri 14-48-28-PM,-76.101,-76.101,-74.76,-74.76,-74.76,-76.919,-76.919,-76.919,-76.101,,-74.76,-74.76,,-76.101,-76.101,-76.101
05-01-2026-Fri 14-48-29-PM,-76.134,-76.134,-74.825,-74.825,-74.825,-76.985,-76.985,-76.985,-76.134,,-74.825,-74.825,,-76.134,-76.134,-76.134
05-01-2026-Fri 14-48-31-PM,-76.167,-76.167,-74.825,-74.825,-74.825,-76.985,-76.985,-76.985,-76.167,,-74.825,-74.825,,-76.167,-76.167,-76.167
05-01-2026-Fri 14-48-32-PM,-76.167,-76.167,-74.858,-74.858,-74.858,-76.985,-76.985,-76.985,-76.167,,-74.858,-74.858,,-76.167,-76.167,-76.167
05-01-2026-Fri 14-48-33-PM,-76.167,-76.167,-74.825,-74.825,-74.825,-77.017,-77.017,-77.017,-76.167,,-74.825,-74.825,,-76.167,-76.167,-76.167
05-01-2026-Fri 14-48-35-PM,-76.167,-76.167,-74.858,-74.858,-74.858,-77.05,-77.05,-77.05,-76.167,,-74.858,-74.858,,-76.167,-76.167,-76.167
05-01-2026-Fri 14-48-36-PM,-76.2,-76.2,-74.858,-74.858,-74.858,-76.985,-76.985,-76.985,-76.2,,-74.858,-74.858,,-76.2,-76.2,-76.2
05-01-2026-Fri 14-48-37-PM,-76.2,-76.2,-74.858,-74.858,-74.858,-77.017,-77.017,-77.017,-76.2,,-74.858,-74.858,,-76.2,-76.2,-76.2
05-01-2026-Fri 14-48-39-PM,-76.232,-76.232,-74.89,-74.89,-74.89,-77.05,-77.05,-77.05,-76.232,,-74.89,-74.89,,-76.232,-76.232,-76.232
05-01-2026-Fri 14-48-40-PM,-76.232,-76.232,-74.923,-74.923,-74.923,-77.083,-77.083,-77.083,-76.232,,-74.923,-74.923,,-76.232,-76.232,-76.232
05-01-2026-Fri 14-48-42-PM,-76.232,-76.232,-74.923,-74.923,-74.923,-77.05,-77.05,-77.05,-76.232,,-74.923,-74.923,,-76.232,-76.232,-76.232
05-01-2026-Fri 14-48-43-PM,-76.232,-76.232,-74.923,-74.923,-74.923,-77.083,-77.083,-77.083,-76.232,,-74.923,-74.923,,-76.232,-76.232,-76.232
05-01-2026-Fri 14-48-44-PM,-76.265,-76.265,-74.923,-74.923,-74.923,-77.115,-77.115,-77.115,-76.265,,-74.923,-74.923,,-76.265,-76.265,-76.265
