Timestamp,x57 Cell 1 Current,x57 Cell 1 Voltage,x57 Cell 1 Resistance,x57 Cell 1 Temp,x57 Cell 1 Temp,x57 Cell 2 Current,x57 Cell 2 Voltage,x57 Cell 2 Resistance,x57 Cell 2 Temp,x57 Cell 3 Current,x57 Cell 3 Voltage,x57 Cell 3 Resistance,x57 Cell 3 Temp,x57 Cell 4 Current,x57 Cell 4 Voltage,x57 Cell 4 Resistance,x57 Cell 4 Temp,x57 Cell 4 Temp,x58 Cell 5 Current,x58 Cell 5 Voltage,x58 Cell 5 Resistance,x58 Cell 5 Temp,x58 Cell 6 Current,x58 Cell 6 Voltage,x58 Cell 6 Resistance,x58 Cell 6 Temp,x58 Cell 7 Current,x58 Cell 7 Voltage,x58 Cell 7 Resistance,x58 Cell 7 Temp,x58 Cell 7 Temp,x58 Cell 8 Current,x58 Cell 8 Voltage,x58 Cell 8 Resistance,x58 Cell 8 Temp,x59 Cell 9 Current,x59 Cell 9 Voltage,x59 Cell 9 Resistance,x59 Cell 9 Temp,x59 Cell 10 Current,x59 Cell 10 Voltage,x59 Cell 10 Resistance,x59 Cell 10 Temp,x59 Cell 11 Current,x59 Cell 11 Voltage,x59 Cell 11 Resistance,x59 Cell 11 Temp,x59 Cell 12 Current,x59 Cell 12 Voltage,x59 Cell 12 Resistance,x59 Cell 12 Temp,x60 Cell 13 Current,x60 Cell 13 Voltage,x60 Cell 13 Resistance,x60 Cell 13 Temp,x60 Cell 14 Current,x60 Cell 14 Voltage,x60 Cell 14 Resistance,x60 Cell 14 Temp,x60 Cell 15 Current,x60 Cell 15 Voltage,x60 Cell 15 Resistance,x60 Cell 15 Temp,x60 Cell 16 Current,x60 Cell 16 Voltage,x60 Cell 16 Resistance,x60 Cell 16 Temp
05-01-2026-Fri 12-46-43-PM,80.8,5.076,0.07852722772277228,16.6461,16.646,90.8,5.072,0.06982378854625551,16.646,77.3,5.076,0.08208279430789134,16.579,46.6,5.12,0.13733905579399142,16.5791,16.579,51.0,5.072,0.12431372549019608,16.579,60.9,5.1,0.10467980295566502,17.591,46.6,5.052,0.13551502145922745,17.5911,17.591,63.0,5.06,0.1003968253968254,17.591,92.9,5.048,0.06792249730893433,16.646,62.1,5.056,0.10177133655394524,,84.1,5.04,0.07491082045184305,16.579,71.2,5.096,0.08946629213483145,16.579,71.5,5.016,0.08769230769230771,,75.3,5.076,0.08426294820717133,16.646,63.2,5.008,0.09905063291139239,16.646,78.8,5.0,0.07931472081218274,16.646
05-01-2026-Fri 12-46-45-PM,78.2,5.084,0.08126598465473144,16.7477,16.748,88.4,5.08,0.07183257918552036,16.748,75.1,5.084,0.08462050599201065,16.511,45.8,5.124,0.1398471615720524,16.5114,16.511,49.4,5.08,0.12854251012145748,16.511,59.4,5.104,0.10740740740740741,17.523,44.9,5.06,0.1408685968819599,17.5234,17.523,61.0,5.064,0.1037704918032787,17.523,90.8,5.052,0.06954845814977974,16.748,60.2,5.056,0.10498338870431895,,81.6,5.048,0.07732843137254902,16.511,69.5,5.104,0.09179856115107914,16.511,70.8,5.028,0.08877118644067795,,73.6,5.08,0.08627717391304347,16.748,62.1,5.012,0.10088566827697262,16.748,76.7,5.008,0.08161668839634942,16.748
05-01-2026-Fri 12-46-46-PM,76.8,5.088,0.0828125,16.613,16.613,87.3,5.084,0.07279495990836196,16.613,74.4,5.084,0.08541666666666664,16.478,45.4,5.128,0.14118942731277537,16.4776,16.478,49.4,5.08,0.12854251012145748,16.478,59.1,5.108,0.10803722504230118,17.49,44.5,5.064,0.14224719101123598,17.4903,17.49,60.6,5.068,0.10453795379537953,17.49,89.6,5.06,0.07059151785714286,16.613,59.4,5.06,0.10648148148148147,,80.7,5.052,0.0782527881040892,16.478,68.7,5.104,0.0928675400291121,16.478,70.7,5.032,0.08896746817538898,,72.9,5.08,0.08710562414266118,16.613,61.3,5.016,0.10228384991843394,16.613,76.0,5.016,0.0825,16.613
05-01-2026-Fri 12-46-48-PM,76.3,5.088,0.0833551769331586,16.5791,16.579,86.6,5.088,0.07344110854503465,16.579,73.8,5.088,0.0861788617886179,16.478,45.5,5.128,0.14087912087912088,16.4776,16.478,48.8,5.08,0.13012295081967215,16.478,58.6,5.108,0.10895904436860068,17.423,43.4,5.064,0.14585253456221198,17.4226,17.423,60.0,5.072,0.10566666666666667,17.423,88.8,5.064,0.07128378378378378,16.579,59.1,5.064,0.10710659898477158,,80.1,5.052,0.07883895131086142,16.478,68.3,5.108,0.09348462664714495,16.478,70.4,5.032,0.0893465909090909,,72.3,5.084,0.08789764868603042,16.579,61.2,5.02,0.10253267973856207,16.579,75.8,5.016,0.08271767810026386,16.579
05-01-2026-Fri 12-47-08-PM,77.4,5.088,0.0821705426356589,15.8704,15.87,87.5,5.088,0.0726857142857143,15.87,74.8,5.088,0.08502673796791445,15.432,45.2,5.132,0.14192477876106194,15.4317,15.432,47.4,5.088,0.13417721518987344,15.432,58.9,5.112,0.10848896434634975,16.511,43.6,5.068,0.14529816513761468,16.5114,16.511,59.8,5.072,0.10602006688963211,16.511,87.1,5.068,0.0727324913892078,15.87,57.5,5.068,0.11017391304347825,,78.7,5.056,0.08030495552731892,15.432,67.1,5.112,0.09523099850968705,15.432,69.7,5.032,0.0902439024390244,,71.7,5.088,0.08870292887029288,15.87,59.6,5.024,0.10536912751677852,15.87,74.4,5.02,0.08434139784946235,15.87
05-01-2026-Fri 12-47-25-PM,75.6,5.092,0.0841931216931217,15.1285,15.128,85.8,5.092,0.07418414918414917,15.128,73.3,5.092,0.08683492496589358,15.229,44.5,5.136,0.14426966292134832,15.2293,15.229,46.4,5.088,0.1370689655172414,15.229,57.7,5.112,0.11074523396880416,15.836,42.7,5.068,0.1483606557377049,15.8365,15.836,58.3,5.076,0.1088336192109777,15.836,87.1,5.068,0.0727324913892078,15.128,57.1,5.072,0.11103327495621716,,77.5,5.056,0.08154838709677419,15.229,67.0,5.112,0.0953731343283582,15.229,69.3,5.04,0.09090909090909093,,71.4,5.092,0.08914565826330531,15.128,59.4,5.024,0.10572390572390573,15.128,73.5,5.02,0.08537414965986395,15.128
05-01-2026-Fri 12-47-26-PM,73.9,5.096,0.08619756427604872,15.1624,15.162,84.2,5.096,0.07565320665083136,15.162,71.8,5.096,0.08871866295264624,14.825,44.4,5.136,0.1445945945945946,14.8246,14.825,46.1,5.092,0.1380694143167028,14.825,56.5,5.116,0.1131858407079646,15.769,42.1,5.072,0.15059382422802853,15.7688,15.769,57.3,5.08,0.11082024432809774,15.769,85.3,5.068,0.07426729191090269,15.162,55.8,5.072,0.11362007168458783,,76.6,5.064,0.08263707571801568,14.825,65.7,5.116,0.09733637747336377,14.825,68.6,5.04,0.09183673469387756,,70.3,5.096,0.09061166429587482,15.162,58.2,5.032,0.10807560137457044,15.162,72.5,5.024,0.08662068965517243,15.162
05-01-2026-Fri 12-47-52-PM,74.7,5.1,0.08534136546184738,14.319,14.319,84.7,5.1,0.07526564344746163,14.319,72.4,5.1,0.08805248618784528,14.05,44.0,5.132,0.14579545454545456,14.0497,14.05,45.3,5.096,0.14061810154525387,14.05,56.2,5.12,0.11387900355871887,14.858,42.0,5.072,0.15095238095238095,14.8584,14.858,57.3,5.08,0.11082024432809774,14.858,85.9,5.068,0.07374854481955762,14.319,55.8,5.076,0.11370967741935484,,76.5,5.064,0.08274509803921569,14.05,65.4,5.116,0.09778287461773699,14.05,68.4,5.044,0.0921783625730994,,70.6,5.096,0.09022662889518415,14.319,58.2,5.032,0.10807560137457044,14.319,72.3,5.028,0.08692946058091286,14.319
05-01-2026-Fri 12-47-53-PM,72.8,5.1,0.08756868131868131,14.4536,14.454,82.9,5.1,0.07689987937273823,14.454,71.0,5.1,0.0897887323943662,13.982,43.6,5.14,0.1473623853211009,13.9819,13.982,44.7,5.096,0.1425055928411633,13.982,55.2,5.124,0.11603260869565216,14.791,41.2,5.08,0.15412621359223302,14.7907,14.791,55.6,5.084,0.11429856115107911,14.791,83.6,5.076,0.07589712918660287,14.454,54.4,5.08,0.1167279411764706,,75.1,5.068,0.08435419440745673,13.982,64.3,5.12,0.0995334370139969,13.982,67.6,5.048,0.09334319526627222,,69.6,5.096,0.09152298850574712,14.454,56.9,5.032,0.11054481546572936,14.454,71.2,5.032,0.08834269662921349,14.454
05-01-2026-Fri 12-48-48-PM,69.5,5.112,0.09194244604316547,12.7684,12.768,79.3,5.108,0.08051702395964691,12.768,68.0,5.112,0.09397058823529411,12.633,42.7,5.148,0.15070257611241217,12.6329,12.633,42.6,5.108,0.14988262910798122,12.633,52.5,5.128,0.1220952380952381,12.937,39.2,5.092,0.1623724489795918,12.9369,12.937,52.6,5.096,0.12110266159695816,12.937,80.1,5.088,0.07940074906367042,12.768,51.1,5.092,0.12455968688845401,,71.6,5.08,0.08868715083798882,12.633,61.1,5.132,0.10499181669394435,12.633,64.6,5.06,0.09791021671826626,,66.4,5.112,0.09623493975903614,12.768,53.7,5.052,0.11759776536312848,12.768,67.9,5.044,0.09285714285714285,12.768
05-01-2026-Fri 12-50-08-PM,70.8,5.108,0.09018361581920903,10.713,10.713,80.1,5.112,0.07977528089887642,10.713,68.5,5.112,0.0932846715328467,10.645,42.4,5.148,0.1517688679245283,10.6453,10.645,41.8,5.108,0.1527511961722488,10.645,52.9,5.132,0.12126654064272213,10.511,37.6,5.092,0.16928191489361702,10.5106,10.511,52.3,5.1,0.12189292543021032,10.511,80.8,5.092,0.07877475247524753,10.713,50.7,5.092,0.12554240631163707,,71.5,5.08,0.08881118881118882,10.645,61.7,5.136,0.10405186385737439,10.645,64.4,5.064,0.09829192546583851,,66.3,5.108,0.09630467571644041,10.713,53.2,5.056,0.118796992481203,10.713,67.5,5.048,0.09348148148148148,10.713
05-01-2026-Fri 12-50-09-PM,69.2,5.116,0.09241329479768785,10.713,10.713,77.8,5.116,0.08219794344473008,10.713,66.9,5.116,0.09559043348281016,10.814,41.8,5.152,0.15406698564593302,10.8138,10.814,41.0,5.112,0.15585365853658537,10.814,51.8,5.136,0.12393822393822396,10.478,36.9,5.096,0.1726287262872629,10.4776,10.478,51.3,5.104,0.12436647173489279,10.478,78.5,5.092,0.0810828025477707,10.713,48.9,5.1,0.1303680981595092,,69.8,5.088,0.09111747851002866,10.814,60.2,5.136,0.10664451827242526,10.814,63.6,5.068,0.09960691823899369,,65.0,5.116,0.09838461538461538,10.713,52.2,5.056,0.12107279693486589,10.713,65.6,5.056,0.09634146341463415,10.713
05-01-2026-Fri 12-50-10-PM,67.9,5.12,0.09425625920471281,10.5784,10.578,77.2,5.116,0.08283678756476683,10.578,65.6,5.116,0.09748475609756099,10.781,41.1,5.156,0.1568126520681265,10.7808,10.781,40.7,5.112,0.15700245700245702,10.781,50.7,5.136,0.12662721893491125,10.41,36.0,5.096,0.17694444444444446,10.4098,10.41,50.5,5.108,0.1264356435643564,10.41,77.3,5.096,0.08240620957309186,10.578,48.0,5.1,0.13281249999999997,,69.0,5.092,0.09224637681159419,10.781,59.1,5.14,0.10871404399323181,10.781,63.0,5.068,0.10055555555555555,,64.2,5.116,0.0996105919003115,10.578,51.4,5.06,0.1230544747081712,10.578,64.9,5.056,0.09738058551617874,10.578
05-01-2026-Fri 12-50-12-PM,67.2,5.12,0.09523809523809522,10.6453,10.645,76.3,5.12,0.08387942332896463,10.645,64.8,5.116,0.09868827160493827,10.612,40.8,5.156,0.1579656862745098,10.6122,10.612,40.3,5.12,0.15880893300248142,10.612,50.2,5.14,0.12798804780876494,10.376,36.1,5.104,0.17673130193905817,10.376,10.376,49.9,5.108,0.1279559118236473,10.376,76.7,5.1,0.083116036505867,10.645,47.5,5.104,0.13431578947368422,,68.5,5.092,0.09291970802919707,10.612,58.5,5.14,0.10982905982905981,10.612,62.3,5.076,0.10184590690208667,,63.6,5.116,0.10055031446540878,10.645,51.1,5.064,0.1238747553816047,10.645,64.4,5.056,0.09813664596273292,10.645
05-01-2026-Fri 12-50-13-PM,66.7,5.12,0.09595202398800598,10.6122,10.612,75.7,5.124,0.08461030383091149,10.612,64.3,5.12,0.0995334370139969,10.848,41.2,5.16,0.15655339805825244,10.8477,10.848,40.2,5.116,0.15907960199004975,10.848,49.5,5.14,0.1297979797979798,10.376,35.6,5.104,0.17921348314606741,10.376,10.376,49.3,5.108,0.12951318458417851,10.376,75.8,5.1,0.08410290237467019,10.612,47.5,5.104,0.13431578947368422,,68.1,5.092,0.0934654919236417,10.848,58.3,5.14,0.11020583190394512,10.848,61.9,5.072,0.10242326332794831,,63.4,5.12,0.10094637223974764,10.612,50.4,5.064,0.1255952380952381,10.612,63.9,5.06,0.09898278560250391,10.612
05-01-2026-Fri 12-50-51-PM,68.5,5.116,0.09335766423357664,9.66882,9.669,77.1,5.116,0.08294422827496759,9.669,65.8,5.116,0.09718844984802431,9.904,41.3,5.152,0.15593220338983052,9.90427,9.904,40.0,5.116,0.159875,9.904,50.4,5.132,0.12728174603174602,9.467,35.5,5.096,0.17943661971830988,9.46724,9.467,50.0,5.104,0.1276,9.467,77.2,5.096,0.08251295336787565,9.669,48.4,5.1,0.13171487603305784,,68.4,5.088,0.09298245614035087,9.904,59.2,5.14,0.10853040540540539,9.904,63.0,5.072,0.10063492063492063,,63.6,5.116,0.10055031446540878,9.669,50.5,5.06,0.12524752475247522,9.669,64.8,5.056,0.09753086419753088,9.669
05-01-2026-Fri 12-53-32-PM,65.9,5.12,0.09711684370257967,6.97645,6.976,74.6,5.124,0.08585790884718499,6.976,64.0,5.12,0.1,7.447,39.7,5.156,0.1623425692695214,7.44735,7.447,38.7,5.12,0.16537467700258396,7.447,47.3,5.144,0.13594080338266387,6.236,32.8,5.104,0.19451219512195125,6.23623,6.236,48.0,5.112,0.133125,6.236,75.3,5.104,0.08472775564409032,6.976,45.6,5.108,0.14002192982456138,,66.8,5.096,0.09535928143712574,7.447,56.9,5.14,0.11291739894551846,7.447,59.7,5.08,0.10636515912897823,,60.8,5.128,0.10542763157894737,6.976,46.5,5.072,0.13634408602150538,6.976,62.2,5.064,0.1017684887459807,6.976
05-01-2026-Fri 12-53-33-PM,63.5,5.132,0.10102362204724409,6.97645,6.976,72.3,5.128,0.08865836791147995,6.976,61.9,5.128,0.10355411954765753,7.514,39.0,5.164,0.1655128205128205,7.51428,7.514,37.8,5.124,0.16944444444444443,7.514,46.0,5.148,0.13989130434782607,6.202,31.6,5.112,0.20221518987341772,6.20237,6.202,46.9,5.116,0.1363539445628998,6.202,73.0,5.108,0.08746575342465754,6.976,43.4,5.116,0.14735023041474654,,64.5,5.104,0.09891472868217055,7.514,55.3,5.148,0.11636528028933092,7.514,58.2,5.088,0.10927835051546392,,59.3,5.128,0.10809443507588533,6.976,45.5,5.076,0.13945054945054947,6.976,60.2,5.072,0.1053156146179402,6.976
05-01-2026-Fri 12-55-19-PM,62.0,5.132,0.10346774193548386,5.83226,5.832,70.4,5.136,0.09119318181818181,5.832,60.3,5.132,0.10638474295190714,6.27,38.0,5.164,0.16986842105263159,6.2701,6.27,36.3,5.132,0.17672176308539947,6.27,45.0,5.152,0.14311111111111113,4.723,30.6,5.12,0.20915032679738563,4.72273,4.723,45.3,5.124,0.1413907284768212,4.723,71.5,5.112,0.08937062937062938,5.832,42.3,5.12,0.15130023640661938,,62.7,5.108,0.10183413078149918,6.27,53.4,5.152,0.12059925093632962,6.27,56.8,5.092,0.11205985915492958,,57.3,5.136,0.11204188481675394,5.832,43.4,5.088,0.1465437788018433,5.832,58.8,5.08,0.10799319727891157,5.832
05-01-2026-Fri 12-55-20-PM,59.9,5.136,0.10717863105175292,5.59761,5.598,68.0,5.136,0.09441176470588236,5.598,58.4,5.136,0.10993150684931507,6.168,37.0,5.172,0.17472972972972972,6.1685,6.168,35.6,5.136,0.1803370786516854,6.168,43.3,5.156,0.14884526558891456,4.757,30.2,5.12,0.21192052980132453,4.7566,4.757,44.3,5.128,0.14469525959367946,4.757,69.4,5.12,0.09221902017291067,5.598,41.2,5.12,0.15533980582524273,,61.2,5.112,0.10441176470588236,6.168,51.7,5.156,0.1246615087040619,6.168,55.5,5.096,0.11477477477477478,,56.0,5.14,0.11473214285714285,5.598,42.2,5.088,0.15071090047393365,5.598,57.4,5.08,0.11062717770034844,5.598
05-01-2026-Fri 12-55-22-PM,59.0,5.14,0.10889830508474577,5.59761,5.598,67.1,5.144,0.09582712369597618,5.598,57.3,5.136,0.11204188481675394,6.303,37.0,5.172,0.17472972972972972,6.30316,6.303,35.1,5.136,0.18290598290598292,6.303,42.9,5.156,0.15023310023310024,4.689,29.1,5.12,0.21993127147766323,4.68887,4.689,43.6,5.132,0.14713302752293578,4.689,68.6,5.12,0.09329446064139943,5.598,40.7,5.124,0.15737100737100737,,60.6,5.116,0.10552805280528052,6.303,51.0,5.156,0.12637254901960784,6.303,54.8,5.096,0.11624087591240878,,55.3,5.14,0.11618444846292947,5.598,42.0,5.092,0.15154761904761904,5.598,56.6,5.084,0.11227915194346288,5.598
05-01-2026-Fri 12-56-07-PM,60.6,5.136,0.10594059405940595,5.05898,5.059,68.6,5.136,0.0935860058309038,5.059,58.7,5.136,0.10936967632027257,5.698,37.3,5.168,0.17319034852546916,5.6984,5.698,35.5,5.132,0.1807042253521127,5.698,43.5,5.156,0.1481609195402299,4.185,29.6,5.12,0.21621621621621623,4.1849,4.185,44.6,5.128,0.14372197309417042,4.185,70.0,5.116,0.09135714285714285,5.059,41.8,5.124,0.15322966507177035,,61.1,5.112,0.10458265139116202,5.698,52.1,5.156,0.12370441458733204,5.698,55.7,5.096,0.11436265709156195,,56.0,5.136,0.11464285714285714,5.059,41.8,5.088,0.1521531100478469,5.059,57.8,5.08,0.10986159169550173,5.059
05-01-2026-Fri 12-56-08-PM,58.7,5.14,0.1094548551959114,5.2275,5.228,66.4,5.136,0.09668674698795181,5.228,56.8,5.14,0.11311619718309861,5.799,36.6,5.172,0.17663934426229508,5.7992,5.799,34.8,5.14,0.1846264367816092,5.799,42.1,5.156,0.1530878859857482,4.151,29.1,5.124,0.22010309278350512,4.15104,4.151,43.6,5.128,0.1470183486238532,4.151,68.2,5.12,0.09384164222873902,5.228,40.6,5.128,0.15788177339901477,,60.3,5.116,0.10605306799336649,5.799,50.8,5.152,0.1267716535433071,5.799,54.7,5.1,0.11654478976234002,,54.7,5.14,0.11745886654478975,5.228,40.8,5.088,0.1558823529411765,5.228,56.5,5.084,0.11247787610619468,5.228
05-01-2026-Fri 13-00-14-PM,59.0,5.144,0.10898305084745763,1.195,1.195,66.8,5.148,0.09633233532934131,1.195,56.8,5.14,0.11311619718309861,2.001,36.2,5.176,0.1787292817679558,2.00053,2.001,34.2,5.144,0.18801169590643277,2.001,38.5,5.164,0.16766233766233765,0.858,27.5,5.128,0.2330909090909091,0.857945,0.858,42.8,5.136,0.15000000000000002,0.858,64.3,5.132,0.09976671850699845,1.195,37.5,5.136,0.17120000000000002,,57.9,5.124,0.11062176165803107,2.001,48.4,5.164,0.13336776859504132,2.001,50.2,5.108,0.12719123505976096,,51.6,5.152,0.1248062015503876,1.195,36.8,5.104,0.17336956521739133,1.195,53.4,5.096,0.11928838951310862,1.195
05-01-2026-Fri 13-00-16-PM,56.7,5.148,0.11349206349206348,1.22725,1.227,63.9,5.148,0.10070422535211268,1.227,54.9,5.144,0.11712204007285976,2.034,35.2,5.176,0.18380681818181818,2.03359,2.034,32.8,5.148,0.19618902439024394,2.034,37.5,5.168,0.17226666666666668,0.858,26.4,5.132,0.24299242424242423,0.857945,0.858,41.4,5.14,0.15519323671497584,0.858,62.8,5.136,0.10222929936305734,1.227,37.4,5.14,0.1717914438502674,,56.7,5.128,0.11305114638447972,2.034,47.4,5.172,0.13639240506329114,2.034,49.2,5.116,0.12997967479674796,,51.2,5.152,0.12578125,1.227,36.5,5.108,0.17493150684931508,1.227,52.7,5.104,0.12106261859582543,1.227
05-01-2026-Fri 13-00-38-PM,55.2,5.156,0.11675724637681159,0.656361,0.656,61.8,5.152,0.10420711974110035,0.656,53.4,5.152,0.12059925093632962,1.195,34.5,5.184,0.18782608695652173,1.195,1.195,32.1,5.152,0.20062305295950153,1.195,36.2,5.172,0.17859116022099447,0.255,25.6,5.14,0.25097656249999994,0.254803,0.255,40.7,5.148,0.1581081081081081,0.255,60.8,5.144,0.10575657894736842,0.656,36.0,5.144,0.17861111111111114,,55.0,5.136,0.11672727272727274,1.195,45.8,5.176,0.14126637554585153,1.195,47.7,5.124,0.1342767295597484,,49.4,5.16,0.1305668016194332,0.656,35.4,5.112,0.18050847457627117,0.656,51.2,5.112,0.1248046875,0.656
05-01-2026-Fri 13-00-39-PM,53.9,5.16,0.11966604823747683,0.656361,0.656,61.0,5.156,0.10565573770491803,0.656,51.8,5.156,0.12442084942084941,1.026,34.1,5.18,0.18988269794721407,1.02566,1.026,31.5,5.156,0.2046031746031746,1.026,36.0,5.176,0.17972222222222226,0.187,24.8,5.144,0.2592741935483871,0.187071,0.187,39.6,5.148,0.16249999999999998,0.187,60.3,5.144,0.1066334991708126,0.656,35.7,5.152,0.1803921568627451,,55.0,5.136,0.11672727272727274,1.026,45.3,5.176,0.14282560706401767,1.026,47.4,5.124,0.135126582278481,,49.3,5.16,0.1308316430020284,0.656,34.8,5.112,0.18362068965517242,0.656,51.1,5.112,0.12504892367906068,0.656
05-01-2026-Fri 13-01-35-PM,54.3,5.156,0.11869244935543279,-0.285374,-0.285,61.2,5.156,0.10531045751633986,-0.285,53.2,5.156,0.12114661654135336,0.187,34.1,5.184,0.19002932551319648,0.187071,0.187,31.4,5.156,0.2052547770700637,0.187,36.1,5.172,0.17908587257617728,-1.125,24.8,5.14,0.2590725806451613,-1.12458,-1.125,39.5,5.148,0.1629113924050633,-1.125,60.3,5.148,0.10671641791044775,-0.285,36.0,5.148,0.17875,,54.5,5.14,0.11788990825688073,0.187,46.1,5.176,0.1403470715835141,0.187,47.5,5.124,0.13484210526315787,,49.2,5.164,0.13119918699186991,-0.285,34.5,5.116,0.1853623188405797,-0.285,51.2,5.112,0.1248046875,-0.285
05-01-2026-Fri 13-01-36-PM,52.3,5.164,0.12342256214149139,-0.419626,-0.42,59.2,5.16,0.1089527027027027,-0.42,51.2,5.16,0.1259765625,-0.084,33.5,5.188,0.1935820895522388,-0.0838943,-0.084,30.6,5.164,0.21094771241830063,-0.084,33.6,5.18,0.1927083333333333,-1.125,24.0,5.148,0.26812499999999995,-1.12458,-1.125,38.5,5.152,0.16727272727272727,-1.125,58.5,5.148,0.10999999999999999,-0.42,35.3,5.152,0.18243626062322948,,53.5,5.14,0.12009345794392523,-0.084,44.8,5.18,0.14453125,-0.084,46.7,5.128,0.13725910064239827,,48.2,5.164,0.13392116182572614,-0.42,34.1,5.12,0.18768328445747803,-0.42,50.2,5.112,0.12729083665338645,-0.42
05-01-2026-Fri 13-03-37-PM,51.4,5.16,0.1254863813229572,-3.17143,-3.171,59.3,5.164,0.10885328836424957,-3.171,50.8,5.16,0.1269685039370079,-2.467,32.8,5.188,0.19771341463414638,-2.46691,-2.467,29.8,5.164,0.21661073825503355,-2.467,33.3,5.176,0.19429429429429435,-3.909,22.7,5.148,0.28348017621145377,-3.90935,-3.909,36.9,5.156,0.17466124661246615,-3.909,55.3,5.152,0.11645569620253167,-3.171,32.4,5.16,0.1990740740740741,,50.1,5.148,0.1284431137724551,-2.467,42.3,5.188,0.1533096926713948,-2.467,44.1,5.136,0.145578231292517,,45.8,5.168,0.14104803493449783,-3.171,31.7,5.128,0.2022082018927445,-3.171,47.4,5.124,0.135126582278481,-3.171
05-01-2026-Fri 13-03-38-PM,49.4,5.164,0.130668016194332,-2.80241,-2.802,56.9,5.164,0.11344463971880492,-2.802,49.1,5.168,0.13156822810590632,-2.869,31.9,5.192,0.203448275862069,-2.86945,-2.869,28.9,5.168,0.22352941176470592,-2.869,32.2,5.18,0.20108695652173914,-3.876,21.8,5.156,0.2956422018348624,-3.87573,-3.876,36.1,5.16,0.17867036011080334,-3.876,54.5,5.156,0.11825688073394496,-2.802,32.5,5.16,0.19846153846153847,,49.8,5.148,0.1292168674698795,-2.869,41.9,5.184,0.15465393794749405,-2.869,43.4,5.136,0.147926267281106,,44.9,5.172,0.14398663697104677,-2.802,31.3,5.132,0.20495207667731627,-2.802,46.3,5.128,0.13844492440604753,-2.802
05-01-2026-Fri 13-04-34-PM,49.2,5.172,0.13140243902439022,-4.24471,-4.245,56.1,5.168,0.11515151515151514,-4.245,48.8,5.168,0.1323770491803279,-3.876,31.8,5.192,0.20408805031446542,-3.87573,-3.876,28.5,5.168,0.22666666666666668,-3.876,31.1,5.188,0.20852090032154336,-5.284,21.7,5.156,0.29700460829493086,-5.2841,-5.284,35.4,5.16,0.1822033898305085,-5.284,52.5,5.164,0.12295238095238094,-4.245,31.2,5.164,0.20689102564102563,,47.8,5.156,0.13483263598326362,-3.876,40.4,5.192,0.16064356435643565,-3.876,42.1,5.144,0.15273159144893111,,43.6,5.176,0.14839449541284405,-4.245,30.1,5.136,0.2132890365448505,-4.245,45.4,5.132,0.14129955947136563,-4.245
05-01-2026-Fri 13-05-09-PM,45.6,5.176,0.1418859649122807,-4.94884,-4.949,52.2,5.176,0.1239463601532567,-4.949,45.7,5.176,0.14157549234135666,-4.647,30.4,5.204,0.21398026315789473,-4.6471,-4.647,27.0,5.18,0.23981481481481481,-4.647,29.0,5.192,0.22379310344827588,-6.022,20.0,5.164,0.32275,-6.02154,-6.022,33.1,5.172,0.19531722054380662,-6.022,51.1,5.168,0.1264187866927593,-4.949,30.8,5.168,0.20974025974025975,,46.8,5.16,0.13782051282051286,-4.647,39.1,5.192,0.1659846547314578,-4.647,40.4,5.148,0.15928217821782178,,42.3,5.18,0.15307328605200946,-4.949,29.1,5.144,0.22096219931271477,-4.949,43.8,5.136,0.14657534246575343,-4.949
05-01-2026-Fri 13-05-11-PM,44.9,5.176,0.14409799554565703,-5.11645,-5.116,51.8,5.184,0.1250965250965251,-5.116,44.7,5.172,0.14463087248322146,-4.446,30.2,5.2,0.21523178807947024,-4.44587,-4.446,26.5,5.18,0.24433962264150944,-4.446,28.6,5.192,0.22692307692307695,-5.988,19.9,5.164,0.32437185929648243,-5.98803,-5.988,32.7,5.172,0.19770642201834862,-5.988,50.0,5.168,0.1292,-5.116,29.7,5.172,0.21767676767676766,,46.4,5.16,0.1390086206896552,-4.446,38.4,5.196,0.16914062500000002,-4.446,39.8,5.148,0.16168341708542716,,42.1,5.184,0.15391923990498815,-5.116,28.5,5.14,0.22543859649122805,-5.116,43.2,5.14,0.14872685185185183,-5.116
05-01-2026-Fri 13-05-38-PM,45.4,5.18,0.14262114537444937,-5.61931,-5.619,51.8,5.18,0.125,-5.619,45.5,5.176,0.1421978021978022,-5.083,30.2,5.204,0.21539735099337748,-5.08298,-5.083,26.6,5.18,0.2434210526315789,-5.083,28.7,5.192,0.2261324041811847,-6.524,19.9,5.168,0.32462311557788953,-6.52422,-6.524,32.7,5.176,0.19785932721712537,-6.524,49.2,5.172,0.13140243902439022,-5.619,29.6,5.176,0.2185810810810811,,45.5,5.164,0.14186813186813185,-5.083,37.9,5.196,0.17137203166226914,-5.083,39.3,5.152,0.16386768447837152,,41.4,5.184,0.1565217391304348,-5.619,27.9,5.144,0.23046594982078855,-5.619,42.6,5.14,0.15082159624413144,-5.619
05-01-2026-Fri 13-05-39-PM,44.2,5.184,0.14660633484162897,-5.48521,-5.485,50.9,5.18,0.12721021611001965,-5.485,44.3,5.176,0.14604966139954853,-4.815,29.8,5.204,0.21828859060402686,-4.81471,-4.815,25.9,5.18,0.25,-4.815,28.1,5.196,0.23113879003558718,-6.591,19.5,5.168,0.3312820512820513,-6.59125,-6.591,32.2,5.172,0.20077639751552795,-6.591,48.8,5.172,0.13247950819672133,-5.485,29.4,5.176,0.22006802721088436,,45.4,5.164,0.1421806167400881,-4.815,37.5,5.2,0.17333333333333337,-4.815,38.9,5.152,0.16555269922879182,,41.2,5.188,0.15740291262135922,-5.485,28.1,5.148,0.22900355871886122,-5.485,42.5,5.144,0.15129411764705883,-5.485
05-01-2026-Fri 13-05-41-PM,43.5,5.18,0.14885057471264368,-5.51873,-5.519,50.8,5.184,0.12755905511811025,-5.519,43.8,5.176,0.14771689497716897,-5.083,29.6,5.2,0.2195945945945946,-5.08298,-5.083,25.7,5.18,0.2519455252918288,-5.083,27.8,5.196,0.23363309352517983,-6.591,18.8,5.164,0.34335106382978725,-6.59125,-6.591,31.6,5.176,0.20474683544303798,-6.591,48.6,5.172,0.13302469135802467,-5.519,29.0,5.172,0.2229310344827586,,45.5,5.164,0.14186813186813185,-5.083,37.4,5.196,0.1736631016042781,-5.083,39.3,5.152,0.16386768447837152,,40.6,5.188,0.15972906403940884,-5.519,28.1,5.148,0.22900355871886122,-5.519,42.6,5.14,0.15082159624413144,-5.519
05-01-2026-Fri 13-09-45-PM,44.6,5.184,0.14529147982062782,-8.96964,-8.97,50.7,5.188,0.12790927021696252,-8.97,44.6,5.184,0.14529147982062782,-7.931,29.0,5.208,0.22448275862068964,-7.9314,-7.931,25.1,5.184,0.2581673306772908,-7.931,26.8,5.196,0.24235074626865669,-10.142,18.0,5.172,0.35916666666666663,-10.1415,-10.142,31.6,5.18,0.2049050632911392,-10.142,49.7,5.176,0.1301810865191147,-8.97,28.9,5.18,0.2240484429065744,,44.5,5.172,0.1452808988764045,-7.931,36.9,5.204,0.17628726287262875,-7.931,36.9,5.16,0.1747967479674797,,40.1,5.192,0.16184538653366584,-8.97,26.5,5.152,0.24301886792452831,-8.97,41.6,5.148,0.1546875,-8.97
05-01-2026-Fri 13-09-46-PM,42.9,5.188,0.15116550116550115,-8.86915,-8.869,48.7,5.192,0.13326488706365505,-8.869,43.4,5.184,0.14930875576036867,-7.898,27.9,5.212,0.23351254480286737,-7.89782,-7.898,24.3,5.188,0.26687242798353905,-7.898,25.5,5.204,0.2550980392156863,-10.074,17.6,5.176,0.36761363636363636,-10.0745,-10.074,30.5,5.184,0.21245901639344264,-10.074,47.9,5.18,0.13517745302713988,-8.869,27.6,5.184,0.23478260869565215,,43.0,5.176,0.15046511627906978,-7.898,36.0,5.204,0.18069444444444446,-7.898,36.3,5.164,0.1778236914600551,,38.9,5.192,0.1668380462724936,-8.869,26.0,5.156,0.24788461538461537,-8.869,40.1,5.152,0.16059850374064838,-8.869
05-01-2026-Fri 13-09-47-PM,41.7,5.192,0.15563549160671464,-8.90258,-8.903,47.6,5.192,0.13634453781512604,-8.903,42.4,5.188,0.15294811320754717,-8.065,27.6,5.212,0.23605072463768115,-8.06533,-8.065,23.8,5.192,0.2726890756302521,-8.065,25.1,5.204,0.2591633466135458,-10.108,17.1,5.18,0.3786549707602339,-10.108,-10.108,30.1,5.184,0.2152823920265781,-10.108,46.9,5.18,0.13805970149253732,-8.903,26.9,5.184,0.2408921933085502,,42.5,5.172,0.1521176470588235,-8.065,35.5,5.208,0.18338028169014087,-8.065,36.2,5.168,0.17845303867403314,,38.2,5.196,0.1700261780104712,-8.903,25.7,5.16,0.2509727626459144,-8.903,39.7,5.156,0.1623425692695214,-8.903
05-01-2026-Fri 13-09-49-PM,41.2,5.192,0.1575242718446602,-9.03663,-9.037,46.8,5.196,0.1387820512820513,-9.037,41.8,5.188,0.15514354066985647,-7.831,27.4,5.212,0.23777372262773724,-7.83094,-7.831,23.2,5.192,0.2797413793103449,-7.831,24.7,5.208,0.2635627530364373,-10.108,17.0,5.18,0.38088235294117645,-10.108,-10.108,29.7,5.192,0.21851851851851853,-10.108,46.6,5.184,0.13905579399141632,-9.037,27.0,5.184,0.24,,41.9,5.176,0.15441527446300715,-7.831,35.2,5.212,0.18508522727272728,-7.831,35.3,5.168,0.18300283286118985,,37.8,5.196,0.1718253968253968,-9.037,25.4,5.16,0.2539370078740158,-9.037,39.1,5.156,0.16483375959079283,-9.037
05-01-2026-Fri 13-11-12-PM,42.1,5.188,0.15403800475059382,-9.73967,-9.74,47.7,5.192,0.13605870020964358,-9.74,42.5,5.184,0.1524705882352941,-8.601,27.9,5.212,0.23351254480286737,-8.60126,-8.601,23.5,5.192,0.2761702127659575,-8.601,24.8,5.204,0.2622983870967742,-10.911,17.2,5.172,0.37587209302325575,-10.9112,-10.911,30.3,5.184,0.21386138613861388,-10.911,47.3,5.18,0.136892177589852,-9.74,27.2,5.184,0.23823529411764707,,42.1,5.176,0.15368171021377675,-8.601,35.4,5.204,0.18375706214689264,-8.601,35.2,5.164,0.1833806818181818,,37.9,5.196,0.17137203166226914,-9.74,24.9,5.16,0.25903614457831325,-9.74,39.3,5.152,0.16386768447837152,-9.74
05-01-2026-Fri 13-11-13-PM,40.8,5.192,0.1590686274509804,-9.73967,-9.74,46.1,5.192,0.14078091106290674,-9.74,41.2,5.192,0.1575242718446602,-8.836,26.9,5.212,0.24219330855018587,-8.83572,-8.836,22.7,5.192,0.28590308370044054,-8.836,23.9,5.204,0.27217573221757324,-10.878,16.7,5.176,0.3874251497005988,-10.8778,-10.878,29.1,5.184,0.222680412371134,-10.878,46.0,5.184,0.1408695652173913,-9.74,26.4,5.184,0.24545454545454548,,40.9,5.176,0.1581907090464548,-8.836,34.4,5.208,0.18924418604651164,-8.836,34.6,5.172,0.18684971098265896,,37.0,5.196,0.17554054054054052,-9.74,24.5,5.16,0.26326530612244897,-9.74,38.6,5.156,0.16696891191709842,-9.74
05-01-2026-Fri 13-11-15-PM,39.7,5.196,0.1636020151133501,-9.5389,-9.539,45.2,5.196,0.14369469026548673,-9.539,40.1,5.192,0.16184538653366584,-8.903,26.8,5.212,0.2430970149253731,-8.90258,-8.903,22.4,5.192,0.2897321428571429,-8.903,23.5,5.204,0.27680851063829787,-10.878,16.6,5.18,0.3900602409638554,-10.8778,-10.878,28.9,5.192,0.22456747404844293,-10.878,45.1,5.184,0.14368070953436807,-9.539,26.2,5.188,0.24751908396946565,,40.7,5.18,0.1590909090909091,-8.903,33.8,5.208,0.19260355029585804,-8.903,34.2,5.168,0.18888888888888888,,36.3,5.196,0.17892561983471073,-9.539,24.0,5.164,0.26895833333333335,-9.539,38.0,5.156,0.16960526315789473,-9.539
05-01-2026-Fri 13-11-57-PM,40.6,5.192,0.15985221674876848,-9.87369,-9.874,45.9,5.196,0.14150326797385623,-9.874,40.9,5.192,0.158679706601467,-9.171,26.7,5.212,0.24400749063670416,-9.17059,-9.171,22.5,5.196,0.2886666666666667,-9.171,23.1,5.208,0.2818181818181818,-11.212,16.4,5.18,0.3948170731707317,-11.2125,-11.212,29.2,5.188,0.2220890410958904,-11.212,45.9,5.188,0.14128540305010895,-9.874,26.5,5.188,0.2447169811320755,,41.1,5.176,0.15742092457420925,-9.171,34.1,5.212,0.19105571847507333,-9.171,34.4,5.164,0.18764534883720932,,36.6,5.2,0.17759562841530055,-9.874,24.2,5.16,0.2665289256198347,-9.874,38.8,5.16,0.1662371134020619,-9.874
05-01-2026-Fri 13-11-58-PM,39.3,5.196,0.1652671755725191,-10.108,-10.108,44.4,5.2,0.1463963963963964,-10.108,39.4,5.192,0.16472081218274112,-9.237,26.7,5.216,0.24419475655430714,-9.23743,-9.237,21.8,5.196,0.29793577981651376,-9.237,22.6,5.208,0.28805309734513274,-11.279,16.1,5.184,0.40248447204968946,-11.2794,-11.279,28.5,5.192,0.22771929824561404,-11.279,44.3,5.188,0.1463882618510158,-10.108,25.8,5.192,0.25155038759689924,,40.3,5.18,0.1606699751861042,-9.237,33.2,5.212,0.19623493975903614,-9.237,33.8,5.172,0.19127218934911244,,35.6,5.2,0.18258426966292135,-10.108,23.4,5.168,0.27606837606837614,-10.108,37.9,5.164,0.17031662269129288,-10.108
05-01-2026-Fri 13-12-00-PM,38.7,5.2,0.16795865633074933,-9.94059,-9.941,44.5,5.196,0.14595505617977528,-9.941,38.9,5.192,0.1668380462724936,-9.171,26.0,5.22,0.25096153846153846,-9.17059,-9.171,21.4,5.196,0.3035046728971963,-9.171,22.4,5.208,0.290625,-11.246,15.4,5.184,0.42077922077922075,-11.2458,-11.246,28.0,5.192,0.23178571428571432,-11.246,44.0,5.188,0.14738636363636365,-9.941,25.5,5.192,0.25450980392156863,,39.8,5.184,0.16281407035175882,-9.171,33.0,5.212,0.19742424242424242,-9.171,33.1,5.168,0.19516616314199392,,35.5,5.2,0.1830985915492958,-9.941,23.4,5.168,0.27606837606837614,-9.941,37.4,5.164,0.17259358288770055,-9.941
05-01-2026-Fri 13-12-36-PM,39.5,5.196,0.16443037974683544,-10.4092,-10.409,44.4,5.196,0.1462837837837838,-10.409,39.9,5.192,0.16265664160401005,-9.371,26.6,5.212,0.24492481203007516,-9.37146,-9.371,21.7,5.196,0.29930875576036864,-9.371,22.7,5.208,0.28678414096916305,-11.48,16.0,5.18,0.40468750000000003,-11.4802,-11.48,28.4,5.192,0.2285211267605634,-11.48,44.8,5.184,0.14464285714285716,-10.409,26.3,5.188,0.2465779467680608,,40.0,5.18,0.161875,-9.371,33.2,5.212,0.19623493975903614,-9.371,33.3,5.176,0.19429429429429435,,35.4,5.2,0.18361581920903955,-10.409,23.4,5.164,0.2758547008547009,-10.409,38.0,5.156,0.16960526315789473,-10.409
05-01-2026-Fri 13-12-37-PM,38.2,5.196,0.1700261780104712,-10.2085,-10.208,43.5,5.2,0.14942528735632185,-10.208,38.7,5.196,0.16782945736434104,-9.472,26.1,5.22,0.24999999999999997,-9.47193,-9.472,21.1,5.196,0.30781990521327013,-9.472,22.4,5.212,0.2908482142857143,-11.547,15.5,5.184,0.4180645161290322,-11.5471,-11.547,27.6,5.196,0.23532608695652169,-11.547,43.4,5.188,0.14942396313364054,-10.208,25.5,5.192,0.25450980392156863,,39.8,5.18,0.16268844221105527,-9.472,32.3,5.212,0.201702786377709,-9.472,32.8,5.172,0.19710365853658537,,34.8,5.204,0.18692528735632186,-10.208,23.1,5.168,0.27965367965367965,-10.208,37.1,5.168,0.17412398921832886,-10.208
05-01-2026-Fri 13-18-13-PM,38.0,5.196,0.17092105263157895,-14.1225,-14.122,43.0,5.2,0.15116279069767444,-14.122,37.7,5.196,0.1722811671087533,-13.387,25.0,5.216,0.2608,-13.3869,-13.387,20.3,5.2,0.32019704433497537,-13.387,19.6,5.212,0.33239795918367343,-15.025,14.7,5.184,0.44081632653061226,-15.0251,-15.025,27.2,5.196,0.23878676470588237,-15.025,41.9,5.192,0.15489260143198091,-14.122,24.5,5.196,0.2651020408163265,,37.9,5.184,0.17097625329815305,-13.387,31.2,5.216,0.20897435897435898,-13.387,30.2,5.18,0.2144039735099338,,33.7,5.208,0.19317507418397625,-14.122,21.7,5.172,0.297926267281106,-14.122,35.6,5.168,0.1814606741573034,-14.122
05-01-2026-Fri 13-18-15-PM,36.6,5.204,0.17773224043715846,-14.0222,-14.022,41.1,5.204,0.15827250608272503,-14.022,36.2,5.2,0.17955801104972374,-13.287,24.1,5.224,0.270954356846473,-13.2866,-13.287,19.5,5.2,0.33333333333333337,-13.287,18.9,5.216,0.344973544973545,-15.058,14.3,5.192,0.4538461538461539,-15.0585,-15.058,26.2,5.2,0.24809160305343514,-15.058,40.3,5.196,0.161166253101737,-14.022,23.4,5.196,0.2775641025641026,,36.9,5.192,0.1758807588075881,-13.287,30.4,5.22,0.21463815789473686,-13.287,29.7,5.18,0.218013468013468,,32.9,5.208,0.19787234042553195,-14.022,20.9,5.172,0.3093301435406699,-14.022,34.4,5.172,0.18793604651162787,-14.022
05-01-2026-Fri 13-18-16-PM,35.8,5.204,0.18170391061452512,-14.089,-14.089,40.4,5.208,0.16113861386138617,-14.089,35.7,5.204,0.18221288515406162,-13.353,24.3,5.224,0.26872427983539093,-13.3534,-13.353,19.1,5.204,0.3405759162303664,-13.353,18.7,5.216,0.34866310160427816,-15.125,14.0,5.192,0.46357142857142863,-15.1254,-15.125,25.6,5.2,0.25390625,-15.125,39.3,5.196,0.1652671755725191,-14.089,22.7,5.196,0.2861233480176212,,36.1,5.184,0.17950138504155125,-13.353,29.9,5.216,0.21806020066889634,-13.353,29.5,5.18,0.21949152542372882,,32.2,5.204,0.20201863354037264,-14.089,20.9,5.172,0.3093301435406699,-14.089,33.9,5.172,0.1907079646017699,-14.089
05-01-2026-Fri 13-19-19-PM,35.2,5.2,0.1846590909090909,-14.6574,-14.657,39.5,5.2,0.16455696202531644,-14.657,35.6,5.196,0.1824438202247191,-13.755,23.8,5.216,0.27394957983193274,-13.7547,-13.755,18.6,5.196,0.3491935483870967,-13.755,18.7,5.208,0.3481283422459894,-15.66,13.8,5.188,0.469927536231884,-15.6602,-15.66,25.4,5.192,0.2555118110236221,-15.66,38.5,5.196,0.16870129870129869,-14.657,22.7,5.192,0.28590308370044054,,35.7,5.184,0.1815126050420168,-13.755,29.6,5.212,0.22010135135135134,-13.755,28.9,5.18,0.2240484429065744,,31.8,5.204,0.20455974842767294,-14.657,20.3,5.172,0.3184729064039408,-14.657,34.0,5.168,0.19,-14.657
05-01-2026-Fri 13-19-20-PM,34.0,5.208,0.1914705882352941,-14.6908,-14.691,38.5,5.204,0.16896103896103895,-14.691,34.3,5.2,0.1895043731778426,-13.922,23.0,5.22,0.28369565217391307,-13.9219,-13.922,18.0,5.204,0.3613888888888889,-13.922,18.0,5.216,0.3622222222222223,-15.66,13.5,5.192,0.48074074074074075,-15.6602,-15.66,24.7,5.2,0.26315789473684215,-15.66,37.1,5.196,0.17506738544474393,-14.691,22.3,5.196,0.2912556053811659,,34.7,5.188,0.18688760806916424,-13.922,28.5,5.216,0.2287719298245614,-13.922,28.3,5.18,0.22879858657243812,,31.1,5.208,0.20932475884244373,-14.691,19.6,5.176,0.3301020408163265,-14.691,33.1,5.172,0.19531722054380662,-14.691
05-01-2026-Fri 13-19-22-PM,33.3,5.204,0.19534534534534537,-14.6908,-14.691,37.9,5.204,0.17163588390501322,-14.691,33.5,5.2,0.19402985074626866,-13.989,23.0,5.22,0.28369565217391307,-13.9888,-13.989,18.0,5.204,0.3613888888888889,-13.989,17.7,5.216,0.36836158192090396,-15.627,13.4,5.192,0.4843283582089552,-15.6267,-15.627,24.0,5.2,0.2708333333333333,-15.627,36.3,5.2,0.17906336088154273,-14.691,21.7,5.2,0.2995391705069125,,34.8,5.188,0.18635057471264369,-13.989,28.3,5.216,0.2303886925795053,-13.989,28.2,5.184,0.2297872340425532,,31.0,5.212,0.21016129032258066,-14.691,19.6,5.176,0.3301020408163265,-14.691,32.5,5.172,0.1989230769230769,-14.691
05-01-2026-Fri 13-20-04-PM,33.7,5.204,0.193026706231454,-14.9917,-14.992,38.2,5.204,0.1702879581151832,-14.992,33.6,5.2,0.19345238095238093,-14.189,23.2,5.22,0.28125,-14.1894,-14.189,18.1,5.204,0.35939226519337014,-14.189,18.1,5.216,0.3602209944751381,-15.927,13.4,5.192,0.4843283582089552,-15.9274,-15.927,24.4,5.2,0.2663934426229509,-15.927,34.7,5.2,0.1873198847262248,-14.992,20.9,5.2,0.31100478468899523,,33.9,5.192,0.19144542772861356,-14.189,27.7,5.22,0.23555956678700363,-14.189,27.5,5.184,0.23563636363636364,,30.1,5.208,0.21627906976744185,-14.992,18.9,5.176,0.34232804232804237,-14.992,32.0,5.176,0.2021875,-14.992
05-01-2026-Fri 13-20-49-PM,33.3,5.204,0.19534534534534537,-15.3928,-15.393,37.4,5.204,0.17393048128342248,-15.393,33.3,5.196,0.19504504504504508,-14.524,22.6,5.22,0.288716814159292,-14.5237,-14.524,17.7,5.2,0.3672316384180791,-14.524,17.3,5.216,0.37687861271676304,-15.994,12.8,5.192,0.50703125,-15.9943,-15.994,23.8,5.196,0.2728991596638655,-15.994,33.5,5.2,0.19402985074626866,-15.393,20.6,5.2,0.3155339805825243,,33.3,5.192,0.19489489489489495,-14.524,27.0,5.22,0.24166666666666664,-14.524,26.8,5.184,0.2417910447761194,,29.4,5.212,0.22159863945578231,-15.393,18.5,5.18,0.35000000000000003,-15.393,31.3,5.172,0.20654952076677316,-15.393
05-01-2026-Fri 13-20-50-PM,31.8,5.204,0.20455974842767294,-15.259,-15.259,36.6,5.208,0.1778688524590164,-15.259,32.2,5.204,0.20201863354037264,-14.524,22.2,5.22,0.29391891891891886,-14.5237,-14.524,17.2,5.204,0.37819767441860463,-14.524,16.9,5.216,0.3857988165680474,-16.028,12.8,5.196,0.5074218749999999,-16.0277,-16.028,22.9,5.2,0.2838427947598254,-16.028,33.1,5.2,0.19637462235649544,-15.259,20.1,5.2,0.3233830845771144,,33.4,5.192,0.194311377245509,-14.524,26.8,5.224,0.24365671641791045,-14.524,26.4,5.188,0.2456439393939394,,29.0,5.212,0.2246551724137931,-15.259,18.6,5.18,0.34811827956989244,-15.259,31.3,5.176,0.20670926517571886,-15.259
05-01-2026-Fri 13-20-52-PM,31.5,5.212,0.2068253968253968,-15.3593,-15.359,36.1,5.212,0.18047091412742383,-15.359,32.0,5.204,0.20328125,-14.49,21.8,5.224,0.2995412844036697,-14.4903,-14.49,17.1,5.212,0.3809941520467836,-14.49,16.8,5.216,0.38809523809523805,-15.961,12.5,5.196,0.5196,-15.9609,-15.961,22.4,5.204,0.2904017857142857,-15.961,33.3,5.204,0.19534534534534537,-15.359,20.0,5.204,0.32525,,32.9,5.196,0.19741641337386018,-14.49,26.7,5.22,0.24438202247191013,-14.49,26.7,5.188,0.24288389513108616,,28.9,5.216,0.22560553633217997,-15.359,18.5,5.18,0.35000000000000003,-15.359,31.4,5.18,0.20621019108280256,-15.359
05-01-2026-Fri 13-22-54-PM,32.8,5.204,0.19832317073170735,-15.8941,-15.894,36.6,5.212,0.17800546448087431,-15.894,33.3,5.204,0.19534534534534537,-15.025,22.0,5.224,0.2968181818181818,-15.0251,-15.025,17.4,5.212,0.37442528735632186,-15.025,17.2,5.22,0.3793604651162791,-15.961,12.6,5.196,0.5154761904761904,-15.9609,-15.961,22.8,5.204,0.2853070175438596,-15.961,32.9,5.204,0.1977203647416413,-15.894,19.5,5.204,0.3335897435897436,,32.0,5.196,0.20296875,-15.025,26.9,5.22,0.2425650557620818,-15.025,26.7,5.188,0.24288389513108616,,29.0,5.216,0.22482758620689655,-15.894,18.5,5.184,0.3502702702702703,-15.894,31.3,5.184,0.20702875399361023,-15.894
05-01-2026-Fri 13-22-56-PM,31.6,5.208,0.2060126582278481,-15.6602,-15.66,35.5,5.212,0.1835211267605634,-15.66,32.3,5.208,0.2015479876160991,-14.825,21.7,5.224,0.3009216589861751,-14.8246,-14.825,16.9,5.208,0.3852071005917161,-14.825,16.3,5.224,0.4006134969325153,-15.994,12.2,5.2,0.5327868852459018,-15.9943,-15.994,22.0,5.208,0.29590909090909095,-15.994,31.6,5.208,0.2060126582278481,-15.66,19.3,5.208,0.3373056994818653,,31.6,5.204,0.20585443037974682,-14.825,26.2,5.228,0.24942748091603054,-14.825,26.1,5.192,0.24865900383141762,,28.7,5.22,0.2273519163763066,-15.66,17.8,5.188,0.3643258426966292,-15.66,30.6,5.184,0.21176470588235294,-15.66
05-01-2026-Fri 13-22-57-PM,30.8,5.212,0.211525974025974,-15.6935,-15.694,34.7,5.216,0.1878962536023055,-15.694,31.2,5.208,0.20865384615384616,-14.825,21.0,5.228,0.3111904761904762,-14.8246,-14.825,16.6,5.212,0.3924698795180723,-14.825,16.0,5.224,0.408125,-15.961,11.7,5.2,0.5555555555555557,-15.9609,-15.961,21.6,5.204,0.3011574074074074,-15.961,30.9,5.208,0.2106796116504855,-15.694,18.9,5.208,0.34444444444444444,,31.7,5.2,0.20504731861198738,-14.825,26.1,5.228,0.2503831417624521,-14.825,25.7,5.192,0.2525291828793774,,28.4,5.22,0.22975352112676056,-15.694,17.6,5.184,0.3681818181818182,-15.694,30.7,5.188,0.21123778501628665,-15.694
05-01-2026-Fri 13-27-51-PM,30.8,5.212,0.211525974025974,-16.1948,-16.195,34.6,5.216,0.18843930635838152,-16.195,31.8,5.208,0.20471698113207548,-15.125,20.1,5.228,0.3251243781094527,-15.1254,-15.125,16.5,5.212,0.39484848484848484,-15.125,15.0,5.224,0.4353333333333334,-16.696,11.2,5.204,0.5808035714285714,-16.696,-16.696,21.2,5.212,0.30731132075471695,-16.696,29.9,5.212,0.21789297658862875,-16.195,17.4,5.22,0.375,,29.3,5.208,0.22218430034129694,-15.125,24.8,5.232,0.26370967741935486,-15.125,25.2,5.2,0.25793650793650796,,28.0,5.22,0.23303571428571426,-16.195,17.8,5.192,0.36460674157303374,-16.195,29.9,5.184,0.21672240802675585,-16.195
05-01-2026-Fri 13-27-52-PM,29.4,5.216,0.22176870748299324,-15.9609,-15.961,33.1,5.22,0.19712990936555888,-15.961,30.1,5.212,0.21644518272425248,-15.025,20.0,5.232,0.327,-15.0251,-15.025,15.8,5.22,0.4129746835443037,-15.025,14.8,5.228,0.44155405405405407,-16.629,10.7,5.208,0.6084112149532711,-16.6291,-16.629,20.3,5.216,0.32118226600985217,-16.629,29.5,5.216,0.22101694915254239,-15.961,17.2,5.216,0.3790697674418605,,28.9,5.208,0.2252595155709343,-15.025,24.4,5.232,0.26803278688524595,-15.025,24.6,5.2,0.26422764227642276,,27.4,5.224,0.23832116788321173,-15.961,17.5,5.192,0.37085714285714283,-15.961,29.5,5.188,0.21983050847457627,-15.961
05-01-2026-Fri 13-27-54-PM,28.9,5.224,0.22595155709342563,-16.1614,-16.161,32.5,5.22,0.20076923076923078,-16.161,29.5,5.216,0.22101694915254239,-15.125,19.4,5.236,0.3373711340206186,-15.1254,-15.125,15.4,5.22,0.4237012987012987,-15.125,14.2,5.228,0.46021126760563386,-16.629,10.7,5.208,0.6084112149532711,-16.6291,-16.629,19.7,5.22,0.33121827411167515,-16.629,28.9,5.216,0.22560553633217997,-16.161,16.8,5.216,0.38809523809523805,,28.7,5.208,0.22682926829268293,-15.125,24.1,5.232,0.2713692946058091,-15.125,24.6,5.2,0.26422764227642276,,27.7,5.224,0.23574007220216608,-16.161,17.2,5.192,0.3773255813953489,-16.161,29.2,5.192,0.22226027397260276,-16.161
05-01-2026-Fri 13-31-37-PM,26.1,5.228,0.2503831417624521,-18.633,-18.633,30.0,5.228,0.21783333333333332,-18.633,27.7,5.224,0.23574007220216608,-17.965,18.0,5.244,0.36416666666666664,-17.9652,-17.965,13.8,5.232,0.47391304347826085,-17.965,13.0,5.24,0.5038461538461538,-18.967,9.7,5.22,0.6726804123711341,-18.9669,-18.967,17.5,5.228,0.37342857142857133,-18.967,25.2,5.228,0.2593253968253968,-18.633,15.1,5.228,0.4327814569536424,,25.3,5.22,0.25790513833992096,-17.965,21.4,5.244,0.3063084112149533,-17.965,22.3,5.212,0.29215246636771297,,25.7,5.236,0.2546692607003891,-18.633,15.5,5.208,0.42,-18.633,26.4,5.204,0.24640151515151515,-18.633
05-01-2026-Fri 13-31-38-PM,25.3,5.232,0.258498023715415,-18.466,-18.466,28.6,5.232,0.22867132867132867,-18.466,26.4,5.228,0.2475378787878788,-17.898,17.3,5.244,0.3789017341040462,-17.8984,-17.898,13.5,5.228,0.48407407407407405,-17.898,12.4,5.24,0.528225806451613,-18.967,9.1,5.22,0.717032967032967,-18.9669,-18.967,16.9,5.232,0.38698224852071017,-18.967,23.9,5.228,0.2734309623430962,-18.466,14.4,5.232,0.4541666666666667,,24.4,5.22,0.26741803278688525,-17.898,20.7,5.244,0.31666666666666665,-17.898,21.5,5.212,0.3030232558139535,,25.0,5.236,0.2618,-18.466,15.0,5.204,0.4336666666666667,-18.466,25.3,5.204,0.2571146245059288,-18.466
05-01-2026-Fri 13-31-39-PM,24.5,5.232,0.26693877551020406,-18.3993,-18.399,27.9,5.236,0.2345878136200717,-18.399,25.6,5.228,0.2552734375,-17.999,16.9,5.244,0.3878698224852072,-17.9986,-17.999,13.2,5.232,0.4954545454545455,-17.999,12.1,5.24,0.5413223140495869,-19.0,8.7,5.22,0.75,-19.0003,-19.0,16.3,5.232,0.40122699386503063,-19.0,22.9,5.228,0.2853711790393013,-18.399,13.9,5.232,0.47050359712230216,,24.1,5.22,0.27074688796680496,-17.999,20.2,5.244,0.3245049504950495,-17.999,21.1,5.216,0.30900473933649286,,24.6,5.236,0.2660569105691057,-18.399,14.6,5.212,0.44623287671232875,-18.399,24.9,5.208,0.26144578313253014,-18.399
05-01-2026-Fri 13-32-07-PM,23.0,5.232,0.2843478260869565,-18.9001,-18.9,26.7,5.232,0.24494382022471914,-18.9,24.3,5.228,0.2689300411522633,-18.399,16.3,5.244,0.4021472392638036,-18.3993,-18.399,12.6,5.232,0.5190476190476191,-18.399,11.6,5.24,0.5646551724137931,-19.368,8.2,5.22,0.7957317073170732,-19.3675,-19.368,15.6,5.232,0.4192307692307693,-19.368,22.0,5.232,0.2972727272727273,-18.9,13.6,5.228,0.48051470588235295,,23.2,5.224,0.2814655172413793,-18.399,19.3,5.244,0.33963730569948186,-18.399,20.6,5.216,0.31650485436893205,,23.6,5.24,0.2775423728813559,-18.9,13.6,5.208,0.47867647058823537,-18.9,24.0,5.208,0.27125,-18.9
05-01-2026-Fri 13-32-08-PM,22.4,5.236,0.2921875,-18.9001,-18.9,26.2,5.236,0.24980916030534353,-18.9,23.6,5.228,0.2769067796610169,-18.399,15.9,5.248,0.4125786163522012,-18.3993,-18.399,12.2,5.232,0.5360655737704919,-18.399,11.2,5.244,0.5852678571428571,-19.368,8.3,5.22,0.786144578313253,-19.3675,-19.368,15.0,5.232,0.436,-19.368,21.3,5.228,0.3068075117370892,-18.9,13.2,5.228,0.4950757575757576,,22.6,5.224,0.2889380530973451,-18.399,19.2,5.244,0.34140625,-18.399,20.2,5.22,0.323019801980198,,23.1,5.24,0.28354978354978355,-18.9,13.9,5.208,0.4683453237410072,-18.9,23.3,5.208,0.2793991416309013,-18.9
05-01-2026-Fri 13-32-09-PM,22.0,5.236,0.2975,-18.9334,-18.933,26.2,5.236,0.24980916030534353,-18.933,23.4,5.228,0.2792735042735043,-18.433,15.7,5.244,0.417515923566879,-18.4326,-18.433,12.2,5.232,0.5360655737704919,-18.433,11.1,5.244,0.5905405405405405,-19.401,8.2,5.224,0.7963414634146344,-19.4008,-19.401,14.9,5.236,0.43926174496644294,-19.401,21.0,5.232,0.31142857142857144,-18.933,12.9,5.232,0.5069767441860465,,22.4,5.224,0.29151785714285716,-18.433,18.7,5.248,0.35080213903743324,-18.433,20.3,5.216,0.32118226600985217,,22.9,5.24,0.28602620087336245,-18.933,13.5,5.212,0.48259259259259263,-18.933,23.2,5.208,0.2806034482758621,-18.933
05-01-2026-Fri 13-33-32-PM,21.6,5.236,0.30300925925925926,-19.4008,-19.401,25.2,5.24,0.25992063492063494,-19.401,22.9,5.236,0.2858078602620087,-18.9,15.4,5.248,0.425974025974026,-18.9001,-18.9,11.4,5.24,0.5745614035087719,-18.9,10.7,5.248,0.6130841121495327,-20.469,7.7,5.228,0.8487012987012986,-20.4688,-20.469,14.3,5.236,0.4576923076923077,-20.469,20.5,5.24,0.3195121951219512,-19.401,12.2,5.24,0.5368852459016394,,21.4,5.228,0.30537383177570093,-18.9,17.8,5.252,0.36882022471910114,-18.9,18.9,5.228,0.3457671957671958,,21.6,5.244,0.3034722222222222,-19.401,12.7,5.22,0.5137795275590551,-19.401,21.5,5.216,0.30325581395348844,-19.401
05-01-2026-Fri 13-33-34-PM,20.6,5.24,0.3179611650485437,-19.5677,-19.568,24.2,5.24,0.27066115702479343,-19.568,21.9,5.236,0.2988584474885845,-18.967,15.0,5.252,0.43766666666666665,-18.9669,-18.967,11.0,5.24,0.5954545454545456,-18.967,10.4,5.248,0.6307692307692309,-20.536,7.5,5.232,0.872,-20.5355,-20.536,13.7,5.244,0.47846715328467154,-20.536,19.9,5.24,0.3291457286432161,-19.568,12.0,5.24,0.5458333333333334,,20.8,5.232,0.3144230769230769,-18.967,17.1,5.252,0.3839181286549707,-18.967,18.4,5.228,0.3551630434782609,,21.0,5.248,0.31238095238095237,-19.568,12.0,5.22,0.54375,-19.568,21.0,5.216,0.31047619047619046,-19.568
05-01-2026-Fri 13-33-35-PM,20.2,5.244,0.3245049504950495,-19.3675,-19.368,23.7,5.248,0.27679324894514773,-19.368,21.9,5.24,0.29908675799086765,-19.2,14.9,5.252,0.44060402684563754,-19.2005,-19.2,10.8,5.24,0.6064814814814815,-19.2,9.9,5.252,0.6631313131313131,-20.502,7.4,5.228,0.8831081081081081,-20.5021,-20.502,13.5,5.24,0.4851851851851852,-20.502,19.3,5.24,0.3393782383419689,-19.368,11.8,5.24,0.5550847457627118,,20.7,5.236,0.31618357487922705,-19.2,16.9,5.256,0.38875739644970425,-19.2,18.3,5.228,0.35710382513661204,,20.8,5.244,0.31514423076923076,-19.368,12.0,5.224,0.5441666666666667,-19.368,21.0,5.22,0.3107142857142857,-19.368
05-01-2026-Fri 13-35-24-PM,19.8,5.236,0.3305555555555555,-20.2018,-20.202,22.8,5.236,0.2870614035087719,-20.202,21.2,5.232,0.3084905660377359,-19.868,14.0,5.248,0.46857142857142864,-19.8681,-19.868,10.4,5.236,0.6293269230769231,-19.868,9.7,5.244,0.6757731958762888,-21.703,7.0,5.224,0.9328571428571429,-21.7032,-21.703,12.8,5.236,0.5113281249999999,-21.703,18.2,5.236,0.3596153846153846,-20.202,11.0,5.236,0.595,,19.2,5.228,0.34036458333333336,-19.868,15.9,5.252,0.41289308176100625,-19.868,16.9,5.224,0.3863905325443788,,19.7,5.244,0.33274111675126905,-20.202,11.4,5.216,0.5719298245614035,-20.202,19.3,5.216,0.3378238341968912,-20.202
05-01-2026-Fri 13-35-26-PM,18.6,5.236,0.35188172043010746,-20.2018,-20.202,22.3,5.24,0.2937219730941704,-20.202,20.5,5.232,0.31902439024390244,-19.868,13.6,5.248,0.48235294117647065,-19.8681,-19.868,9.9,5.236,0.661111111111111,-19.868,9.5,5.248,0.6905263157894738,-21.77,6.9,5.228,0.9471014492753622,-21.7698,-21.77,11.9,5.236,0.5499999999999999,-21.77,17.2,5.24,0.3808139534883721,-20.202,10.4,5.236,0.6293269230769231,,18.8,5.232,0.34787234042553195,-19.868,15.1,5.252,0.43476821192052983,-19.868,16.2,5.228,0.40339506172839507,,19.1,5.244,0.3431937172774869,-20.202,10.8,5.22,0.6041666666666666,-20.202,18.6,5.22,0.3508064516129032,-20.202
05-01-2026-Fri 13-35-27-PM,18.3,5.24,0.3579234972677596,-20.2018,-20.202,22.0,5.24,0.2977272727272728,-20.202,19.9,5.232,0.3286432160804021,-19.902,13.5,5.252,0.4862962962962963,-19.9015,-19.902,9.5,5.24,0.6894736842105263,-19.902,8.9,5.248,0.7370786516853933,-21.77,6.6,5.228,0.9901515151515152,-21.7698,-21.77,12.2,5.236,0.5364754098360657,-21.77,17.0,5.244,0.3855882352941176,-20.202,10.5,5.244,0.6242857142857142,,18.5,5.232,0.35351351351351357,-19.902,15.0,5.256,0.43800000000000006,-19.902,16.0,5.228,0.4084375,,18.6,5.248,0.35268817204301073,-20.202,10.5,5.224,0.621904761904762,-20.202,18.4,5.22,0.35461956521739135,-20.202
05-01-2026-Fri 13-36-01-PM,17.2,5.24,0.3808139534883721,-20.4353,-20.435,21.1,5.244,0.31066350710900476,-20.435,19.2,5.24,0.34114583333333337,-20.102,12.9,5.248,0.5085271317829458,-20.1016,-20.102,9.2,5.244,0.7125,-20.102,8.7,5.248,0.7540229885057472,-22.137,6.2,5.232,1.0548387096774194,-22.1368,-22.137,11.2,5.244,0.5852678571428571,-22.137,16.5,5.244,0.3972727272727273,-20.435,10.1,5.244,0.649009900990099,,17.8,5.236,0.3676966292134831,-20.102,13.9,5.256,0.47266187050359715,-20.102,14.6,5.232,0.44794520547945205,,17.5,5.248,0.37485714285714283,-20.435,10.1,5.228,0.647029702970297,-20.435,17.6,5.228,0.37130681818181815,-20.435
05-01-2026-Fri 13-36-12-PM,16.8,5.24,0.38988095238095233,-20.5021,-20.502,20.4,5.244,0.32132352941176473,-20.502,18.5,5.236,0.3537837837837838,-20.168,12.4,5.248,0.5290322580645161,-20.1684,-20.168,9.1,5.244,0.7203296703296702,-20.168,8.5,5.244,0.7711764705882352,-22.203,5.9,5.228,1.1076271186440676,-22.2034,-22.203,11.0,5.24,0.5954545454545456,-22.203,15.8,5.244,0.4148734177215189,-20.502,9.3,5.24,0.7043010752688171,,17.4,5.24,0.3764367816091954,-20.168,13.6,5.256,0.4830882352941177,-20.168,14.3,5.232,0.45734265734265733,,17.3,5.248,0.37919075144508674,-20.502,9.8,5.228,0.6668367346938774,-20.502,17.2,5.228,0.3799418604651163,-20.502
05-01-2026-Fri 13-36-13-PM,16.9,5.24,0.38757396449704146,-20.5021,-20.502,20.3,5.248,0.32315270935960594,-20.502,18.2,5.236,0.3596153846153846,-20.202,12.5,5.248,0.5247999999999999,-20.2018,-20.202,9.1,5.244,0.7203296703296702,-20.202,8.2,5.248,0.8000000000000002,-22.27,5.6,5.236,1.16875,-22.2701,-22.27,11.2,5.244,0.5852678571428571,-22.27,15.8,5.244,0.4148734177215189,-20.502,9.4,5.24,0.696808510638298,,17.0,5.236,0.38499999999999995,-20.202,13.7,5.26,0.47992700729927007,-20.202,14.4,5.232,0.4541666666666667,,17.1,5.252,0.3839181286549707,-20.502,9.9,5.228,0.66010101010101,-20.502,17.0,5.228,0.38441176470588234,-20.502
05-01-2026-Fri 13-36-15-PM,16.8,5.244,0.3901785714285714,-20.5355,-20.536,20.3,5.248,0.32315270935960594,-20.536,18.1,5.24,0.36187845303867405,-20.202,12.6,5.252,0.5210317460317461,-20.2018,-20.202,9.1,5.24,0.7197802197802198,-20.202,8.3,5.248,0.7903614457831326,-22.337,5.8,5.232,1.1275862068965519,-22.3369,-22.337,11.1,5.244,0.5905405405405405,-22.337,15.7,5.244,0.417515923566879,-20.536,9.2,5.244,0.7125,,17.1,5.236,0.38274853801169584,-20.202,13.6,5.256,0.4830882352941177,-20.202,14.3,5.232,0.45734265734265733,,17.1,5.248,0.3836257309941521,-20.536,9.9,5.228,0.66010101010101,-20.536,16.9,5.224,0.3863905325443788,-20.536
05-01-2026-Fri 13-39-09-PM,15.8,5.248,0.4151898734177215,-22.3369,-22.337,19.3,5.252,0.34015544041450774,-22.337,18.0,5.244,0.36416666666666664,-22.07,11.5,5.256,0.5713043478260871,-22.0701,-22.07,7.8,5.248,0.8410256410256411,-22.07,8.1,5.256,0.8111111111111111,-24.637,5.6,5.24,1.1696428571428572,-24.6371,-24.637,10.0,5.248,0.6559999999999999,-24.637,14.5,5.252,0.45275862068965517,-22.337,8.3,5.252,0.7909638554216868,,15.3,5.244,0.42843137254901953,-22.07,12.8,5.264,0.5140625,-22.07,12.7,5.244,0.5161417322834646,,15.5,5.26,0.4241935483870967,-22.337,8.6,5.236,0.7610465116279069,-22.337,15.1,5.232,0.43311258278145703,-22.337
05-01-2026-Fri 13-39-10-PM,15.2,5.252,0.43190789473684205,-22.3702,-22.37,18.4,5.256,0.35706521739130437,-22.37,17.1,5.248,0.3836257309941521,-22.103,11.5,5.264,0.5721739130434783,-22.1034,-22.103,7.7,5.252,0.8525974025974026,-22.103,7.7,5.256,0.8532467532467533,-24.737,5.3,5.24,1.2358490566037736,-24.7371,-24.737,9.7,5.252,0.6768041237113402,-24.737,13.7,5.252,0.47919708029197083,-22.37,8.4,5.252,0.7815476190476188,,14.7,5.248,0.44625850340136053,-22.103,11.9,5.264,0.5529411764705882,-22.103,12.2,5.244,0.5372950819672131,,15.1,5.256,0.4350993377483445,-22.37,8.6,5.236,0.7610465116279069,-22.37,14.4,5.236,0.4545138888888889,-22.37
05-01-2026-Fri 13-39-12-PM,14.9,5.252,0.44060402684563754,-22.3702,-22.37,18.0,5.252,0.3647222222222222,-22.37,16.9,5.244,0.3878698224852072,-22.103,11.0,5.26,0.5977272727272728,-22.1034,-22.103,7.4,5.248,0.8864864864864864,-22.103,7.6,5.256,0.8644736842105263,-24.737,5.2,5.24,1.2596153846153848,-24.7371,-24.737,9.4,5.248,0.6978723404255319,-24.737,13.5,5.256,0.48666666666666675,-22.37,8.3,5.256,0.791566265060241,,14.4,5.248,0.4555555555555556,-22.103,12.0,5.268,0.54875,-22.103,11.9,5.244,0.5508403361344537,,14.4,5.26,0.4565972222222222,-22.37,8.3,5.236,0.7885542168674698,-22.37,14.4,5.236,0.4545138888888889,-22.37
05-01-2026-Fri 13-39-13-PM,14.6,5.248,0.4493150684931507,-22.3702,-22.37,17.7,5.252,0.37090395480225985,-22.37,16.2,5.248,0.4049382716049383,-22.137,10.8,5.26,0.6087962962962963,-22.1368,-22.137,7.5,5.252,0.8753333333333333,-22.137,7.5,5.256,0.8760000000000001,-24.77,5.0,5.244,1.311,-24.7703,-24.77,9.4,5.252,0.6984042553191488,-24.77,13.2,5.256,0.49772727272727274,-22.37,8.1,5.252,0.8104938271604938,,14.6,5.248,0.4493150684931507,-22.137,11.6,5.264,0.5672413793103449,-22.137,12.0,5.24,0.5458333333333334,,14.2,5.26,0.4630281690140845,-22.37,8.2,5.236,0.7981707317073172,-22.37,14.1,5.236,0.4641843971631206,-22.37
05-01-2026-Fri 13-39-33-PM,14.1,5.248,0.4652482269503546,-22.6036,-22.604,17.1,5.252,0.3839181286549707,-22.604,15.9,5.248,0.4125786163522012,-22.37,10.6,5.256,0.619811320754717,-22.3702,-22.37,7.1,5.248,0.9239436619718311,-22.37,7.3,5.26,0.9006849315068494,-25.07,4.9,5.24,1.3367346938775508,-25.0703,-25.07,9.1,5.252,0.7214285714285714,-25.07,13.1,5.256,0.501526717557252,-22.604,7.8,5.252,0.8416666666666668,,14.4,5.248,0.4555555555555556,-22.37,11.5,5.264,0.5721739130434783,-22.37,11.7,5.24,0.55982905982906,,14.0,5.26,0.4696428571428571,-22.604,7.9,5.236,0.8284810126582278,-22.604,13.9,5.236,0.47086330935251797,-22.604
05-01-2026-Fri 13-39-34-PM,13.7,5.248,0.47883211678832127,-22.6703,-22.67,17.1,5.256,0.38421052631578945,-22.67,15.5,5.244,0.4229032258064516,-22.404,10.4,5.26,0.6322115384615384,-22.4036,-22.404,7.1,5.248,0.9239436619718311,-22.404,6.9,5.26,0.9528985507246376,-25.037,4.3,5.24,1.5232558139534884,-25.037,-25.037,8.7,5.252,0.7545977011494253,-25.037,12.4,5.252,0.5294354838709677,-22.67,7.7,5.252,0.8525974025974026,,14.2,5.248,0.46197183098591554,-22.404,10.8,5.264,0.6092592592592593,-22.404,10.9,5.248,0.6018348623853211,,13.6,5.26,0.4834558823529412,-22.67,8.0,5.236,0.818125,-22.67,13.9,5.24,0.47122302158273377,-22.67
05-01-2026-Fri 13-39-36-PM,13.5,5.252,0.4862962962962963,-22.6703,-22.67,16.9,5.256,0.38875739644970425,-22.67,15.4,5.244,0.42564935064935067,-22.404,10.3,5.26,0.6383495145631067,-22.4036,-22.404,7.3,5.252,0.8993150684931507,-22.404,6.8,5.26,0.9669117647058824,-25.137,4.6,5.24,1.423913043478261,-25.137,-25.137,8.8,5.252,0.7460227272727272,-25.137,12.4,5.252,0.5294354838709677,-22.67,7.6,5.256,0.8644736842105263,,13.6,5.248,0.48235294117647065,-22.404,10.9,5.268,0.6041284403669724,-22.404,11.0,5.244,0.5959090909090909,,13.9,5.264,0.4733812949640288,-22.67,7.7,5.24,0.8506493506493508,-22.67,13.7,5.236,0.4777372262773723,-22.67
05-01-2026-Fri 13-42-25-PM,12.9,5.252,0.5089147286821705,-24.4705,-24.47,15.7,5.256,0.41847133757961785,-24.47,14.5,5.244,0.45206896551724135,-24.17,9.5,5.26,0.6921052631578948,-24.1705,-24.17,6.4,5.252,1.0257812499999999,-24.17,6.4,5.256,1.0265625,-27.535,4.3,5.24,1.5232558139534884,-27.535,-27.535,8.1,5.252,0.8104938271604938,-27.535,11.1,5.256,0.5918918918918918,-24.47,6.8,5.256,0.9661764705882354,,11.7,5.252,0.5611111111111111,-24.17,9.5,5.264,0.6926315789473685,-24.17,9.5,5.244,0.6900000000000001,,11.7,5.26,0.561965811965812,-24.47,6.6,5.24,0.9924242424242425,-24.47,11.5,5.24,0.5695652173913044,-24.47
05-01-2026-Fri 13-42-27-PM,12.4,5.252,0.5294354838709677,-24.5038,-24.504,15.1,5.256,0.4350993377483445,-24.504,13.9,5.248,0.47194244604316543,-24.204,9.2,5.26,0.7146739130434783,-24.2038,-24.204,6.2,5.252,1.0588709677419355,-24.204,6.1,5.256,1.077049180327869,-27.635,4.2,5.24,1.5595238095238093,-27.6349,-27.635,7.7,5.252,0.8525974025974026,-27.635,10.6,5.256,0.619811320754717,-24.504,6.6,5.256,0.9954545454545455,,11.7,5.248,0.5606837606837608,-24.204,9.3,5.268,0.7080645161290322,-24.204,9.3,5.248,0.7053763440860215,,11.4,5.264,0.5771929824561404,-24.504,6.2,5.24,1.056451612903226,-24.504,11.4,5.24,0.5745614035087719,-24.504
05-01-2026-Fri 13-42-28-PM,12.0,5.252,0.5470833333333333,-24.5038,-24.504,14.6,5.256,0.45,-24.504,13.4,5.248,0.4895522388059702,-24.17,9.0,5.26,0.7305555555555556,-24.1705,-24.17,5.8,5.252,1.131896551724138,-24.17,6.0,5.256,1.095,-27.602,3.9,5.24,1.6794871794871795,-27.6015,-27.602,7.6,5.256,0.8644736842105263,-27.602,10.4,5.256,0.6317307692307693,-24.504,6.7,5.256,0.9805970149253732,,11.6,5.252,0.565948275862069,-24.17,9.2,5.268,0.7157608695652173,-24.17,9.3,5.248,0.7053763440860215,,11.3,5.264,0.5823008849557522,-24.504,6.2,5.24,1.056451612903226,-24.504,11.1,5.244,0.5905405405405405,-24.504
05-01-2026-Fri 13-43-37-PM,11.7,5.252,0.5611111111111111,-25.2369,-25.237,14.1,5.256,0.4659574468085107,-25.237,13.4,5.248,0.4895522388059702,-24.804,8.4,5.26,0.782738095238095,-24.8037,-24.804,5.8,5.256,1.1327586206896552,-24.804,6.0,5.26,1.0958333333333332,-28.434,4.1,5.244,1.5987804878048784,-28.4338,-28.434,7.5,5.256,0.8760000000000001,-28.434,9.7,5.26,0.6778350515463919,-25.237,6.2,5.256,1.0596774193548388,,10.9,5.252,0.6022935779816513,-24.804,8.7,5.264,0.7563218390804599,-24.804,8.4,5.248,0.7809523809523808,,10.5,5.264,0.6266666666666667,-25.237,5.9,5.24,1.1101694915254237,-25.237,10.3,5.244,0.6364077669902912,-25.237
05-01-2026-Fri 13-43-38-PM,11.3,5.252,0.5809734513274336,-25.2701,-25.27,13.4,5.256,0.4902985074626866,-25.27,12.8,5.248,0.5125,-24.804,8.3,5.264,0.7927710843373494,-24.8037,-24.804,5.7,5.256,1.1526315789473685,-24.804,5.6,5.256,1.1732142857142858,-28.434,3.8,5.244,1.725,-28.4338,-28.434,6.9,5.252,0.9514492753623188,-28.434,9.7,5.26,0.6778350515463919,-25.27,5.9,5.256,1.1135593220338984,,10.8,5.252,0.6078703703703703,-24.804,8.8,5.268,0.7482954545454545,-24.804,8.6,5.248,0.7627906976744186,,10.2,5.264,0.6450980392156863,-25.27,6.1,5.244,1.0745901639344262,-25.27,10.3,5.248,0.6368932038834951,-25.27
05-01-2026-Fri 13-43-41-PM,10.8,5.256,0.6083333333333334,-25.2701,-25.27,13.5,5.256,0.48666666666666675,-25.27,12.5,5.248,0.5247999999999999,-24.804,8.2,5.264,0.8024390243902442,-24.8037,-24.804,5.1,5.256,1.2882352941176474,-24.804,5.1,5.26,1.2892156862745099,-28.467,3.7,5.244,1.7716216216216214,-28.4671,-28.467,7.0,5.256,0.9385714285714286,-28.467,9.6,5.26,0.6848958333333335,-25.27,6.2,5.256,1.0596774193548388,,10.6,5.252,0.6193396226415094,-24.804,8.5,5.268,0.7747058823529411,-24.804,8.6,5.248,0.7627906976744186,,10.2,5.264,0.6450980392156863,-25.27,5.9,5.24,1.1101694915254237,-25.27,10.3,5.244,0.6364077669902912,-25.27
05-01-2026-Fri 13-44-19-PM,10.7,5.26,0.6144859813084113,-25.7033,-25.703,13.4,5.26,0.4906716417910447,-25.703,12.2,5.256,0.5385245901639345,-25.204,8.0,5.264,0.8225,-25.2035,-25.204,5.3,5.26,1.240566037735849,-25.204,5.2,5.26,1.2644230769230769,-28.866,3.4,5.248,1.9294117647058826,-28.8665,-28.866,6.9,5.26,0.9528985507246376,-28.866,9.8,5.264,0.6714285714285714,-25.703,6.3,5.264,1.0444444444444445,,10.6,5.256,0.619811320754717,-25.204,8.3,5.272,0.7939759036144578,-25.204,8.3,5.256,0.791566265060241,,10.1,5.272,0.6524752475247526,-25.703,5.7,5.248,1.1508771929824562,-25.703,9.9,5.248,0.6626262626262626,-25.703
05-01-2026-Fri 13-44-20-PM,10.4,5.256,0.6317307692307693,-25.7366,-25.737,12.9,5.264,0.510077519379845,-25.737,11.6,5.252,0.565948275862069,-25.204,7.6,5.268,0.8664473684210526,-25.2035,-25.204,4.9,5.26,1.3418367346938775,-25.204,5.1,5.264,1.2901960784313726,-28.866,3.3,5.248,1.9878787878787882,-28.8665,-28.866,6.7,5.26,0.9813432835820894,-28.866,9.1,5.26,0.7225274725274724,-25.737,5.7,5.264,1.1543859649122807,,10.3,5.256,0.6378640776699029,-25.204,8.2,5.272,0.8036585365853659,-25.204,8.1,5.256,0.8111111111111111,,9.7,5.268,0.6788659793814433,-25.737,5.6,5.248,1.1714285714285715,-25.737,9.8,5.248,0.6693877551020408,-25.737
05-01-2026-Fri 13-44-22-PM,10.2,5.26,0.6446078431372549,-25.7366,-25.737,13.0,5.264,0.5061538461538462,-25.737,11.7,5.256,0.5615384615384617,-25.204,7.8,5.268,0.8442307692307692,-25.2035,-25.204,5.2,5.26,1.2644230769230769,-25.204,5.3,5.264,1.2415094339622643,-28.933,3.3,5.252,1.9893939393939395,-28.933,-28.933,6.7,5.26,0.9813432835820894,-28.933,9.1,5.264,0.7230769230769231,-25.737,5.8,5.264,1.1344827586206898,,10.1,5.26,0.650990099009901,-25.204,8.1,5.272,0.8135802469135804,-25.204,8.2,5.256,0.8012195121951221,,9.8,5.268,0.671938775510204,-25.737,5.5,5.252,1.1936363636363636,-25.737,9.5,5.252,0.6910526315789474,-25.737
05-01-2026-Fri 13-46-20-PM,10.3,5.26,0.6383495145631067,-27.2686,-27.269,12.3,5.264,0.534959349593496,-27.269,11.4,5.252,0.5758771929824561,-26.569,7.5,5.264,0.8773333333333334,-26.5693,-26.569,5.0,5.256,1.314,-26.569,5.1,5.264,1.2901960784313726,-30.197,3.6,5.248,1.8222222222222224,-30.1974,-30.197,6.5,5.26,1.0115384615384617,-30.197,8.9,5.264,0.7393258426966293,-27.269,5.5,5.26,1.1954545454545455,,9.4,5.256,0.698936170212766,-26.569,8.0,5.272,0.82375,-26.569,7.3,5.256,0.9,,9.5,5.268,0.6931578947368421,-27.269,5.0,5.248,1.3119999999999998,-27.269,9.2,5.248,0.7130434782608697,-27.269
05-01-2026-Fri 13-46-21-PM,9.7,5.256,0.6773195876288661,-27.2353,-27.235,11.8,5.264,0.5576271186440678,-27.235,11.2,5.256,0.5866071428571429,-26.603,7.3,5.26,0.9006849315068494,-26.6026,-26.603,5.0,5.26,1.315,-26.603,5.0,5.264,1.316,-30.264,3.5,5.248,1.8742857142857146,-30.2638,-30.264,6.2,5.26,1.060483870967742,-30.264,8.5,5.264,0.7741176470588235,-27.235,5.5,5.26,1.1954545454545455,,9.4,5.256,0.698936170212766,-26.603,7.7,5.272,0.8558441558441559,-26.603,7.5,5.256,0.8760000000000001,,9.1,5.268,0.7236263736263736,-27.235,4.9,5.248,1.3387755102040817,-27.235,9.0,5.248,0.728888888888889,-27.235
05-01-2026-Fri 13-46-23-PM,9.5,5.26,0.6921052631578948,-27.3019,-27.302,11.6,5.264,0.5672413793103449,-27.302,10.7,5.252,0.6135514018691589,-26.603,7.2,5.268,0.9145833333333333,-26.6026,-26.603,4.7,5.26,1.3989361702127658,-26.603,4.7,5.264,1.4000000000000001,-30.231,3.4,5.248,1.9294117647058826,-30.2307,-30.231,6.1,5.264,1.078688524590164,-30.231,8.4,5.264,0.7833333333333333,-27.302,5.4,5.264,1.2185185185185186,,9.2,5.26,0.7146739130434783,-26.603,7.6,5.272,0.8671052631578948,-26.603,7.3,5.256,0.9,,8.8,5.272,0.7488636363636364,-27.302,5.0,5.248,1.3119999999999998,-27.302,8.8,5.252,0.7460227272727272,-27.302
05-01-2026-Fri 13-46-44-PM,9.2,5.26,0.7146739130434783,-27.7015,-27.702,11.5,5.26,0.5717391304347826,-27.702,10.5,5.256,0.6257142857142857,-27.002,7.0,5.268,0.9407142857142857,-27.0023,-27.002,4.4,5.26,1.4943181818181817,-27.002,4.9,5.264,1.3428571428571427,-30.63,3.2,5.248,2.05,-30.6298,-30.63,5.8,5.26,1.1336206896551724,-30.63,8.1,5.264,0.8123456790123457,-27.702,5.3,5.264,1.2415094339622643,,8.9,5.256,0.7382022471910114,-27.002,7.2,5.276,0.9159722222222222,-27.002,7.0,5.252,0.9378571428571428,,8.6,5.272,0.7662790697674419,-27.702,4.9,5.252,1.3397959183673467,-27.702,8.3,5.252,0.7909638554216868,-27.702
05-01-2026-Fri 13-46-45-PM,9.2,5.26,0.7146739130434783,-27.7015,-27.702,11.1,5.26,0.5923423423423423,-27.702,10.2,5.256,0.6441176470588237,-27.002,7.0,5.264,0.9400000000000001,-27.0023,-27.002,4.4,5.26,1.4943181818181817,-27.002,4.6,5.264,1.4304347826086956,-30.63,3.2,5.248,2.05,-30.6298,-30.63,5.5,5.256,1.1945454545454548,-30.63,7.9,5.26,0.8322784810126581,-27.702,5.0,5.264,1.316,,8.9,5.256,0.7382022471910114,-27.002,7.2,5.268,0.9145833333333333,-27.002,6.9,5.256,0.9521739130434782,,8.4,5.268,0.7839285714285713,-27.702,5.0,5.248,1.3119999999999998,-27.702,8.6,5.248,0.7627906976744186,-27.702
05-01-2026-Fri 13-46-47-PM,9.1,5.256,0.7219780219780221,-27.7015,-27.702,11.5,5.264,0.5721739130434783,-27.702,10.3,5.256,0.6378640776699029,-27.036,6.9,5.264,0.9536231884057971,-27.0356,-27.036,4.3,5.26,1.5290697674418605,-27.036,4.4,5.268,1.496590909090909,-30.663,3.0,5.248,2.1866666666666665,-30.663,-30.663,5.8,5.26,1.1336206896551724,-30.663,7.8,5.264,0.8435897435897437,-27.702,4.9,5.268,1.343877551020408,,8.9,5.26,0.7387640449438202,-27.036,7.1,5.272,0.9281690140845072,-27.036,6.9,5.256,0.9521739130434782,,8.6,5.268,0.7656976744186047,-27.702,4.7,5.252,1.3968085106382977,-27.702,8.3,5.248,0.7903614457831326,-27.702
05-01-2026-Fri 13-49-22-PM,8.6,5.264,0.7651162790697674,-30.0643,-30.064,10.2,5.264,0.6450980392156863,-30.064,9.9,5.26,0.6641414141414141,-29.266,6.1,5.268,1.0795081967213116,-29.2657,-29.266,4.2,5.264,1.5666666666666667,-29.266,4.6,5.268,1.4315217391304347,-32.99,3.1,5.256,2.1193548387096777,-32.9904,-32.99,5.4,5.268,1.2194444444444443,-32.99,7.5,5.272,0.8786666666666667,-30.064,5.2,5.268,1.2663461538461538,,7.9,5.264,0.8329113924050633,-29.266,6.8,5.276,0.9698529411764706,-29.266,6.0,5.26,1.0958333333333332,,7.6,5.272,0.8671052631578948,-30.064,4.5,5.256,1.4600000000000004,-30.064,7.4,5.256,0.8878378378378379,-30.064
05-01-2026-Fri 13-49-24-PM,8.3,5.264,0.7927710843373494,-30.1309,-30.131,9.8,5.268,0.671938775510204,-30.131,9.2,5.26,0.7146739130434783,-29.299,5.9,5.272,1.1169491525423727,-29.2991,-29.299,4.2,5.264,1.5666666666666667,-29.299,4.3,5.268,1.5313953488372094,-32.957,2.8,5.256,2.3464285714285715,-32.9572,-32.957,5.0,5.264,1.316,-32.957,6.9,5.272,0.9550724637681159,-30.131,4.7,5.272,1.402127659574468,,7.6,5.264,0.8657894736842106,-29.299,6.5,5.28,1.0153846153846156,-29.299,6.1,5.26,1.0778688524590165,,7.3,5.276,0.9034246575342465,-30.131,4.2,5.256,1.5642857142857143,-30.131,7.2,5.26,0.9131944444444444,-30.131
05-01-2026-Fri 13-49-25-PM,7.9,5.264,0.8329113924050633,-30.0975,-30.098,9.8,5.268,0.671938775510204,-30.098,8.9,5.26,0.7387640449438202,-29.299,5.9,5.268,1.1161016949152542,-29.2991,-29.299,3.8,5.264,1.731578947368421,-29.299,4.2,5.264,1.5666666666666667,-32.957,2.8,5.256,2.3464285714285715,-32.9572,-32.957,5.2,5.264,1.2653846153846156,-32.957,7.1,5.272,0.9281690140845072,-30.098,4.6,5.272,1.432608695652174,,7.5,5.264,0.8773333333333334,-29.299,6.2,5.276,1.0637096774193548,-29.299,5.8,5.264,1.1344827586206898,,7.3,5.276,0.9034246575342465,-30.098,4.0,5.256,1.6425,-30.098,7.2,5.26,0.9131944444444444,-30.098
05-01-2026-Fri 13-50-33-PM,7.8,5.264,0.8435897435897437,-30.9956,-30.996,9.4,5.272,0.701063829787234,-30.996,8.6,5.264,0.7651162790697674,-30.098,5.7,5.272,1.156140350877193,-30.0975,-30.098,3.6,5.268,1.8291666666666666,-30.098,4.0,5.272,1.6475,-33.821,2.8,5.256,2.3464285714285715,-33.8212,-33.821,5.0,5.268,1.317,-33.821,6.2,5.276,1.0637096774193548,-30.996,4.1,5.272,1.6073170731707318,,7.2,5.268,0.9145833333333333,-30.098,6.1,5.28,1.0819672131147544,-30.098,5.4,5.268,1.2194444444444443,,6.8,5.28,0.9705882352941178,-30.996,3.7,5.256,1.7756756756756757,-30.996,6.6,5.26,0.9962121212121212,-30.996
05-01-2026-Fri 13-50-34-PM,7.4,5.268,0.8898648648648648,-30.9956,-30.996,9.1,5.268,0.7236263736263736,-30.996,8.7,5.264,0.7563218390804599,-30.098,5.5,5.272,1.1981818181818182,-30.0975,-30.098,3.6,5.268,1.8291666666666666,-30.098,3.9,5.272,1.6897435897435897,-33.888,2.5,5.26,2.63,-33.8876,-33.888,4.5,5.268,1.4633333333333334,-33.888,6.4,5.276,1.0304687499999998,-30.996,4.1,5.272,1.6073170731707318,,7.2,5.268,0.9145833333333333,-30.098,5.9,5.28,1.11864406779661,-30.098,5.4,5.264,1.2185185185185186,,6.6,5.276,0.9992424242424243,-30.996,4.0,5.26,1.64375,-30.996,6.6,5.26,0.9962121212121212,-30.996
05-01-2026-Fri 13-50-36-PM,7.3,5.268,0.9020547945205479,-31.0622,-31.062,8.8,5.276,0.7494318181818181,-31.062,8.5,5.268,0.7747058823529411,-30.098,5.7,5.276,1.157017543859649,-30.0975,-30.098,3.8,5.268,1.7328947368421053,-30.098,3.9,5.272,1.6897435897435897,-33.854,2.6,5.26,2.5288461538461537,-33.8544,-33.854,4.4,5.272,1.4977272727272728,-33.854,6.3,5.276,1.0468253968253969,-31.062,3.7,5.276,1.7824324324324323,,7.0,5.272,0.9414285714285714,-30.098,5.9,5.284,1.1194915254237285,-30.098,5.4,5.268,1.2194444444444443,,6.6,5.28,1.0,-31.062,3.9,5.26,1.685897435897436,-31.062,6.3,5.26,1.0436507936507935,-31.062
05-01-2026-Fri 13-52-45-PM,6.8,5.264,0.9676470588235296,-32.9904,-32.99,8.3,5.268,0.7933734939759036,-32.99,8.2,5.26,0.801829268292683,-31.927,4.9,5.272,1.3448979591836732,-31.9267,-31.927,3.4,5.264,1.9352941176470593,-31.927,3.5,5.268,1.8814285714285715,-35.449,2.3,5.256,2.856521739130435,-35.4488,-35.449,4.3,5.264,1.5302325581395348,-35.449,6.0,5.272,1.0983333333333334,-32.99,4.1,5.268,1.6060975609756099,,6.5,5.264,1.0123076923076924,-31.927,5.5,5.276,1.199090909090909,-31.927,5.3,5.264,1.2415094339622643,,6.3,5.272,1.046031746031746,-32.99,3.7,5.252,1.7743243243243243,-32.99,6.0,5.256,1.095,-32.99
05-01-2026-Fri 13-52-46-PM,6.6,5.264,0.9969696969696971,-33.0236,-33.024,8.0,5.268,0.823125,-33.024,7.9,5.264,0.8329113924050633,-31.96,5.0,5.268,1.317,-31.96,-31.96,3.5,5.264,1.8800000000000001,-31.96,3.5,5.268,1.8814285714285715,-35.515,2.4,5.256,2.7375000000000007,-35.5153,-35.515,4.1,5.268,1.6060975609756099,-35.515,5.7,5.276,1.157017543859649,-33.024,3.9,5.272,1.6897435897435897,,6.4,5.268,1.02890625,-31.96,5.4,5.276,1.2212962962962963,-31.96,5.0,5.264,1.316,,6.0,5.276,1.0991666666666666,-33.024,3.6,5.256,1.825,-33.024,6.0,5.26,1.0958333333333332,-33.024
05-01-2026-Fri 13-52-48-PM,6.6,5.264,0.9969696969696971,-33.0236,-33.024,7.9,5.268,0.8335443037974684,-33.024,7.5,5.264,0.8773333333333334,-31.993,4.9,5.272,1.3448979591836732,-31.9932,-31.993,3.1,5.268,2.1241935483870966,-31.993,3.5,5.268,1.8814285714285715,-35.449,2.3,5.256,2.856521739130435,-35.4488,-35.449,3.7,5.268,1.7797297297297296,-35.449,5.6,5.272,1.1767857142857143,-33.024,3.8,5.268,1.7328947368421053,,6.4,5.264,1.028125,-31.993,5.3,5.28,1.2452830188679247,-31.993,4.7,5.264,1.4000000000000001,,5.8,5.276,1.1370689655172415,-33.024,3.2,5.26,2.0546874999999996,-33.024,5.7,5.26,1.1535087719298245,-33.024
05-01-2026-Fri 13-54-40-PM,6.3,5.268,1.0452380952380953,-35.0171,-35.017,7.3,5.268,0.9020547945205479,-35.017,7.0,5.264,0.9400000000000001,-33.921,4.7,5.272,1.402127659574468,-33.9208,-33.921,3.2,5.268,2.0578125,-33.921,3.1,5.268,2.1241935483870966,-37.407,2.1,5.26,3.13095238095238,-37.4074,-37.407,3.7,5.268,1.7797297297297296,-37.407,5.4,5.276,1.2212962962962963,-35.017,3.5,5.272,1.8828571428571428,,5.7,5.268,1.1552631578947368,-33.921,5.0,5.28,1.32,-33.921,4.5,5.264,1.4622222222222223,,5.4,5.276,1.2212962962962963,-35.017,3.2,5.26,2.0546874999999996,-35.017,5.1,5.26,1.2892156862745099,-35.017
05-01-2026-Fri 13-54-41-PM,6.0,5.264,1.0966666666666667,-35.0503,-35.05,7.1,5.268,0.9274647887323945,-35.05,6.7,5.264,0.982089552238806,-33.954,4.4,5.272,1.4977272727272728,-33.9541,-33.954,2.6,5.268,2.5326923076923076,-33.954,3.1,5.272,2.1258064516129034,-37.374,2.0,5.256,3.285,-37.3743,-37.374,3.7,5.272,1.781081081081081,-37.374,5.0,5.276,1.3190000000000002,-35.05,3.4,5.272,1.9382352941176473,,5.8,5.268,1.135344827586207,-33.954,4.3,5.28,1.5348837209302326,-33.954,4.2,5.268,1.5678571428571426,,5.0,5.276,1.3190000000000002,-35.05,2.8,5.256,2.3464285714285715,-35.05,5.1,5.264,1.2901960784313726,-35.05
05-01-2026-Fri 13-54-42-PM,5.6,5.264,1.175,-35.0834,-35.083,6.8,5.272,0.9691176470588236,-35.083,6.7,5.264,0.982089552238806,-33.921,4.4,5.268,1.496590909090909,-33.9208,-33.921,2.8,5.268,2.351785714285714,-33.921,3.0,5.272,2.1966666666666668,-37.407,1.8,5.256,3.65,-37.4074,-37.407,3.5,5.268,1.8814285714285715,-37.407,4.9,5.272,1.3448979591836732,-35.083,3.3,5.272,1.9969696969696973,,5.4,5.264,1.2185185185185186,-33.921,4.3,5.28,1.5348837209302326,-33.921,4.0,5.264,1.645,,4.8,5.276,1.3739583333333334,-35.083,3.1,5.26,2.120967741935484,-35.083,4.8,5.26,1.369791666666667,-35.083
05-01-2026-Fri 13-55-02-PM,5.4,5.264,1.2185185185185186,-35.3492,-35.349,6.6,5.264,0.9969696969696971,-35.349,6.6,5.26,0.9962121212121212,-34.187,4.3,5.268,1.5313953488372094,-34.1867,-34.187,2.6,5.268,2.5326923076923076,-34.187,2.9,5.268,2.270689655172414,-37.739,1.5,5.256,4.38,-37.7392,-37.739,3.4,5.264,1.9352941176470593,-37.739,4.7,5.272,1.402127659574468,-35.349,3.2,5.268,2.0578125,,5.4,5.264,1.2185185185185186,-34.187,4.4,5.276,1.4988636363636363,-34.187,4.2,5.264,1.5666666666666667,,5.1,5.276,1.2931372549019609,-35.349,2.8,5.256,2.3464285714285715,-35.349,5.0,5.26,1.315,-35.349
05-01-2026-Fri 13-55-03-PM,5.6,5.264,1.175,-35.3824,-35.382,6.7,5.268,0.9828358208955222,-35.382,6.5,5.26,1.0115384615384617,-34.253,4.2,5.268,1.5678571428571426,-34.253,-34.253,2.6,5.264,2.530769230769231,-34.253,2.9,5.264,2.2689655172413796,-37.739,1.7,5.252,3.861764705882353,-37.7392,-37.739,3.4,5.268,1.9367647058823532,-37.739,4.6,5.272,1.432608695652174,-35.382,3.0,5.268,2.195,,5.3,5.26,1.240566037735849,-34.253,4.3,5.276,1.5337209302325583,-34.253,4.2,5.264,1.5666666666666667,,4.6,5.276,1.433695652173913,-35.382,3.1,5.26,2.120967741935484,-35.382,4.7,5.26,1.3989361702127658,-35.382
05-01-2026-Fri 13-55-04-PM,5.5,5.26,1.1954545454545455,-35.3824,-35.382,6.4,5.268,1.02890625,-35.382,6.0,5.256,1.095,-34.253,4.2,5.268,1.5678571428571426,-34.253,-34.253,2.6,5.26,2.5288461538461537,-34.253,2.8,5.264,2.35,-37.739,1.8,5.252,3.647222222222222,-37.7392,-37.739,3.0,5.264,2.1933333333333334,-37.739,4.5,5.272,1.4644444444444447,-35.382,2.9,5.268,2.270689655172414,,5.1,5.264,1.2901960784313726,-34.253,4.3,5.276,1.5337209302325583,-34.253,3.9,5.264,1.6871794871794874,,4.6,5.272,1.432608695652174,-35.382,2.6,5.256,2.5269230769230773,-35.382,4.7,5.26,1.3989361702127658,-35.382
05-01-2026-Fri 13-55-06-PM,5.4,5.264,1.2185185185185186,-35.4155,-35.416,6.3,5.272,1.046031746031746,-35.416,6.2,5.26,1.060483870967742,-34.286,3.8,5.268,1.7328947368421053,-34.2863,-34.286,2.3,5.264,2.860869565217391,-34.286,2.5,5.264,2.632,-37.839,1.9,5.252,3.4552631578947364,-37.8389,-37.839,3.0,5.264,2.1933333333333334,-37.839,4.7,5.268,1.401063829787234,-35.416,3.0,5.268,2.195,,5.3,5.264,1.2415094339622643,-34.286,4.3,5.276,1.5337209302325583,-34.286,3.9,5.264,1.6871794871794874,,4.4,5.276,1.4988636363636363,-35.416,2.7,5.26,2.435185185185185,-35.416,4.8,5.26,1.369791666666667,-35.416
05-01-2026-Fri 13-55-07-PM,5.4,5.264,1.2185185185185186,-35.4488,-35.449,6.4,5.268,1.02890625,-35.449,6.2,5.264,1.0612903225806454,-34.286,4.0,5.268,1.64625,-34.2863,-34.286,2.6,5.264,2.530769230769231,-34.286,2.5,5.268,2.634,-37.806,1.7,5.256,3.8647058823529417,-37.8057,-37.806,3.3,5.264,1.9939393939393941,-37.806,4.4,5.272,1.4977272727272728,-35.449,3.1,5.268,2.1241935483870966,,5.3,5.264,1.2415094339622643,-34.286,4.2,5.272,1.569047619047619,-34.286,3.8,5.264,1.731578947368421,,4.9,5.276,1.3459183673469386,-35.449,2.7,5.256,2.4333333333333336,-35.449,4.6,5.26,1.4293478260869565,-35.449
05-01-2026-Fri 13-56-06-PM,5.5,5.268,1.1972727272727273,-36.3122,-36.312,6.3,5.276,1.0468253968253969,-36.312,6.0,5.264,1.0966666666666667,-35.083,4.0,5.268,1.64625,-35.0834,-35.083,2.3,5.268,2.8630434782608694,-35.083,3.1,5.272,2.1258064516129034,-38.635,2.0,5.26,3.2875,-38.6352,-38.635,3.0,5.268,2.195,-38.635,4.7,5.276,1.403191489361702,-36.312,3.1,5.276,2.1274193548387097,,5.1,5.268,1.2911764705882354,-35.083,4.3,5.284,1.536046511627907,-35.083,3.8,5.268,1.7328947368421053,,4.6,5.28,1.434782608695652,-36.312,2.7,5.26,2.435185185185185,-36.312,4.5,5.26,1.4611111111111112,-36.312
05-01-2026-Fri 13-56-07-PM,5.0,5.268,1.317,-36.3454,-36.345,6.2,5.272,1.0629032258064517,-36.345,6.0,5.268,1.0975,-35.05,4.2,5.272,1.569047619047619,-35.0503,-35.05,2.6,5.268,2.5326923076923076,-35.05,2.6,5.272,2.534615384615385,-38.635,1.6,5.26,4.109374999999999,-38.6352,-38.635,3.1,5.268,2.1241935483870966,-38.635,4.5,5.276,1.4655555555555557,-36.345,3.0,5.272,2.1966666666666668,,4.8,5.272,1.3729166666666668,-35.05,4.1,5.28,1.609756097560976,-35.05,3.7,5.268,1.7797297297297296,,4.2,5.28,1.5714285714285714,-36.345,2.5,5.26,2.63,-36.345,4.5,5.26,1.4611111111111112,-36.345
05-01-2026-Fri 13-56-08-PM,4.7,5.268,1.401063829787234,-36.3454,-36.345,6.2,5.268,1.0620967741935483,-36.345,5.8,5.264,1.1344827586206898,-35.083,4.1,5.276,1.608536585365854,-35.0834,-35.083,2.5,5.268,2.634,-35.083,2.7,5.272,2.4407407407407407,-38.635,1.5,5.26,4.383333333333333,-38.6352,-38.635,2.8,5.272,2.3535714285714286,-38.635,4.1,5.276,1.608536585365854,-36.345,2.7,5.272,2.4407407407407407,,4.8,5.268,1.371875,-35.083,3.9,5.28,1.6923076923076925,-35.083,3.7,5.268,1.7797297297297296,,4.2,5.28,1.5714285714285714,-36.345,2.3,5.264,2.860869565217391,-36.345,4.5,5.264,1.4622222222222223,-36.345
05-01-2026-Fri 13-57-41-PM,5.1,5.272,1.2921568627450983,-37.5402,-37.54,6.0,5.276,1.0991666666666666,-37.54,6.1,5.268,1.0795081967213116,-36.146,3.9,5.276,1.6910256410256412,-36.1461,-36.146,2.2,5.272,2.9954545454545456,-36.146,2.8,5.276,2.3553571428571427,-39.73,1.7,5.264,3.8705882352941186,-39.7295,-39.73,3.3,5.276,1.9984848484848485,-39.73,4.0,5.28,1.6500000000000001,-37.54,2.7,5.276,2.4425925925925926,,4.5,5.276,1.4655555555555557,-36.146,3.6,5.284,1.8347222222222224,-36.146,3.4,5.272,1.9382352941176473,,4.1,5.284,1.6109756097560979,-37.54,2.4,5.268,2.74375,-37.54,4.1,5.264,1.6048780487804883,-37.54
05-01-2026-Fri 13-57-42-PM,4.6,5.276,1.433695652173913,-37.5733,-37.573,5.6,5.276,1.1776785714285714,-37.573,5.1,5.268,1.2911764705882354,-36.179,3.6,5.276,1.8319444444444444,-36.1793,-36.179,2.4,5.272,2.7458333333333336,-36.179,2.5,5.276,2.6380000000000003,-39.763,1.7,5.26,3.8676470588235294,-39.7628,-39.763,3.0,5.272,2.1966666666666668,-39.763,4.0,5.272,1.6475,-37.573,2.8,5.276,2.3553571428571427,,4.7,5.276,1.403191489361702,-36.179,3.9,5.288,1.694871794871795,-36.179,3.5,5.272,1.8828571428571428,,3.9,5.288,1.694871794871795,-37.573,2.2,5.268,2.993181818181818,-37.573,4.0,5.264,1.645,-37.573
05-01-2026-Fri 13-57-44-PM,4.6,5.276,1.433695652173913,-37.6066,-37.607,5.5,5.272,1.1981818181818182,-37.607,5.3,5.272,1.2433962264150944,-36.212,3.6,5.276,1.8319444444444444,-36.2125,-36.212,2.3,5.272,2.865217391304348,-36.212,2.6,5.276,2.536538461538462,-39.763,1.5,5.268,4.39,-39.7628,-39.763,2.8,5.272,2.3535714285714286,-39.763,3.9,5.28,1.6923076923076925,-37.607,2.7,5.28,2.4444444444444446,,4.5,5.272,1.4644444444444447,-36.212,3.6,5.288,1.8361111111111112,-36.212,3.2,5.272,2.059375,,4.0,5.284,1.65125,-37.607,2.4,5.268,2.74375,-37.607,4.0,5.268,1.64625,-37.607
05-01-2026-Fri 13-57-45-PM,4.5,5.276,1.4655555555555557,-37.6066,-37.607,5.3,5.276,1.2443396226415093,-37.607,5.2,5.268,1.2663461538461538,-36.212,3.6,5.276,1.8319444444444444,-36.2125,-36.212,2.1,5.276,3.14047619047619,-36.212,2.5,5.276,2.6380000000000003,-39.796,1.6,5.26,4.109374999999999,-39.796,-39.796,2.7,5.272,2.4407407407407407,-39.796,3.8,5.28,1.7368421052631582,-37.607,2.8,5.272,2.3535714285714286,,4.7,5.276,1.403191489361702,-36.212,3.8,5.284,1.738157894736842,-36.212,3.4,5.272,1.9382352941176473,,3.8,5.28,1.7368421052631582,-37.607,2.3,5.264,2.860869565217391,-37.607,4.0,5.268,1.64625,-37.607
05-01-2026-Fri 13-57-47-PM,4.7,5.272,1.402127659574468,-37.6398,-37.64,5.3,5.276,1.2443396226415093,-37.64,5.2,5.272,1.2673076923076925,-36.179,3.6,5.276,1.8319444444444444,-36.1793,-36.179,2.2,5.272,2.9954545454545456,-36.179,2.2,5.272,2.9954545454545456,-39.829,1.4,5.26,4.696428571428571,-39.8291,-39.829,2.7,5.272,2.4407407407407407,-39.829,3.7,5.28,1.783783783783784,-37.64,2.7,5.276,2.4425925925925926,,4.3,5.272,1.5325581395348837,-36.179,3.7,5.288,1.7864864864864864,-36.179,3.2,5.272,2.059375,,3.9,5.284,1.6935897435897438,-37.64,2.2,5.268,2.993181818181818,-37.64,3.8,5.268,1.7328947368421053,-37.64
05-01-2026-Fri 13-57-48-PM,4.5,5.272,1.4644444444444447,-37.6398,-37.64,5.4,5.276,1.2212962962962963,-37.64,5.2,5.272,1.2673076923076925,-36.212,3.7,5.276,1.7824324324324323,-36.2125,-36.212,2.3,5.276,2.867391304347826,-36.212,2.0,5.276,3.2975,-39.862,1.5,5.264,4.386666666666667,-39.8623,-39.862,2.5,5.276,2.6380000000000003,-39.862,3.8,5.28,1.7368421052631582,-37.64,2.5,5.276,2.6380000000000003,,4.5,5.272,1.4644444444444447,-36.212,3.6,5.284,1.8347222222222224,-36.212,3.2,5.272,2.059375,,3.5,5.284,1.887142857142857,-37.64,2.3,5.264,2.860869565217391,-37.64,3.8,5.268,1.7328947368421053,-37.64
05-01-2026-Fri 13-57-49-PM,4.5,5.272,1.4644444444444447,-37.673,-37.673,5.6,5.276,1.1776785714285714,-37.673,5.2,5.268,1.2663461538461538,-36.246,3.6,5.276,1.8319444444444444,-36.2457,-36.246,1.7,5.272,3.8764705882352946,-36.246,2.4,5.276,2.747916666666667,-39.829,1.4,5.268,4.703571428571428,-39.8291,-39.829,2.4,5.276,2.747916666666667,-39.829,3.9,5.28,1.6923076923076925,-37.673,2.5,5.28,2.64,,4.7,5.272,1.402127659574468,-36.246,3.4,5.284,1.9426470588235296,-36.246,3.4,5.272,1.9382352941176473,,3.9,5.284,1.6935897435897438,-37.673,2.5,5.268,2.634,-37.673,4.0,5.268,1.64625,-37.673
05-01-2026-Fri 13-57-51-PM,4.5,5.276,1.4655555555555557,-37.673,-37.673,5.4,5.276,1.2212962962962963,-37.673,5.4,5.272,1.2203703703703703,-36.246,3.6,5.276,1.8319444444444444,-36.2457,-36.246,2.3,5.272,2.865217391304348,-36.246,2.6,5.272,2.534615384615385,-39.829,1.6,5.264,4.1125,-39.8291,-39.829,2.6,5.272,2.534615384615385,-39.829,3.6,5.28,1.8333333333333335,-37.673,2.2,5.276,2.9977272727272726,,4.2,5.276,1.570238095238095,-36.246,3.6,5.284,1.8347222222222224,-36.246,3.4,5.268,1.9367647058823532,,3.8,5.284,1.738157894736842,-37.673,2.2,5.268,2.993181818181818,-37.673,3.9,5.264,1.6871794871794874,-37.673
05-01-2026-Fri 13-57-52-PM,4.3,5.272,1.5325581395348837,-37.7062,-37.706,5.5,5.276,1.199090909090909,-37.706,5.3,5.268,1.2424528301886792,-36.279,3.6,5.276,1.8319444444444444,-36.2789,-36.279,2.3,5.276,2.867391304347826,-36.279,2.7,5.272,2.4407407407407407,-39.895,1.7,5.264,3.8705882352941186,-39.8954,-39.895,2.5,5.276,2.6380000000000003,-39.895,3.8,5.28,1.7368421052631582,-37.706,2.4,5.276,2.747916666666667,,4.6,5.272,1.432608695652174,-36.279,3.7,5.284,1.785135135135135,-36.279,3.3,5.276,1.9984848484848485,,3.9,5.284,1.6935897435897438,-37.706,2.2,5.264,2.9909090909090907,-37.706,3.8,5.264,1.731578947368421,-37.706
05-01-2026-Fri 13-57-53-PM,4.3,5.272,1.5325581395348837,-37.7392,-37.739,5.4,5.276,1.2212962962962963,-37.739,5.0,5.272,1.318,-36.246,3.8,5.276,1.7355263157894738,-36.2457,-36.246,2.2,5.272,2.9954545454545456,-36.246,2.7,5.276,2.4425925925925926,-39.829,1.5,5.264,4.386666666666667,-39.8291,-39.829,2.5,5.276,2.6380000000000003,-39.829,3.8,5.28,1.7368421052631582,-37.739,2.7,5.276,2.4425925925925926,,4.3,5.276,1.5337209302325583,-36.246,3.7,5.284,1.785135135135135,-36.246,3.4,5.272,1.9382352941176473,,3.9,5.284,1.6935897435897438,-37.739,2.0,5.268,3.2925,-37.739,3.8,5.268,1.7328947368421053,-37.739
05-01-2026-Fri 13-57-55-PM,4.4,5.276,1.4988636363636363,-37.7392,-37.739,5.6,5.28,1.1785714285714286,-37.739,5.1,5.268,1.2911764705882354,-36.312,3.8,5.28,1.7368421052631582,-36.3122,-36.312,2.1,5.272,3.138095238095238,-36.312,2.0,5.276,3.2975,-39.895,1.6,5.264,4.1125,-39.8954,-39.895,2.6,5.28,2.5384615384615388,-39.895,3.6,5.28,1.8333333333333335,-37.739,2.4,5.276,2.747916666666667,,4.3,5.276,1.5337209302325583,-36.312,4.0,5.284,1.65125,-36.312,3.3,5.272,1.9969696969696973,,3.8,5.284,1.738157894736842,-37.739,2.3,5.268,2.8630434782608694,-37.739,4.1,5.268,1.6060975609756099,-37.739
05-01-2026-Fri 13-57-56-PM,4.5,5.272,1.4644444444444447,-37.7392,-37.739,5.1,5.276,1.2931372549019609,-37.739,5.0,5.272,1.318,-36.312,3.6,5.28,1.8333333333333335,-36.3122,-36.312,2.2,5.276,2.9977272727272726,-36.312,2.6,5.276,2.536538461538462,-39.895,1.6,5.264,4.1125,-39.8954,-39.895,2.5,5.276,2.6380000000000003,-39.895,3.7,5.28,1.783783783783784,-37.739,2.6,5.28,2.5384615384615388,,4.2,5.276,1.570238095238095,-36.312,3.7,5.288,1.7864864864864864,-36.312,3.1,5.276,2.1274193548387097,,3.8,5.288,1.7394736842105263,-37.739,2.3,5.268,2.8630434782608694,-37.739,3.7,5.268,1.7797297297297296,-37.739
05-01-2026-Fri 13-58-06-PM,4.4,5.276,1.4988636363636363,-37.8721,-37.872,5.4,5.28,1.2222222222222223,-37.872,5.1,5.272,1.2921568627450983,-36.412,3.5,5.28,1.885714285714286,-36.4116,-36.412,2.4,5.276,2.747916666666667,-36.412,2.5,5.276,2.6380000000000003,-40.028,1.4,5.264,4.7,-40.0281,-40.028,2.7,5.276,2.4425925925925926,-40.028,3.7,5.28,1.783783783783784,-37.872,2.6,5.28,2.5384615384615388,,4.1,5.276,1.608536585365854,-36.412,3.5,5.284,1.887142857142857,-36.412,3.1,5.276,2.1274193548387097,,3.7,5.288,1.7864864864864864,-37.872,2.4,5.272,2.7458333333333336,-37.872,3.9,5.268,1.6884615384615385,-37.872
05-01-2026-Fri 13-58-07-PM,4.6,5.276,1.433695652173913,-37.8721,-37.872,5.5,5.276,1.199090909090909,-37.872,5.0,5.272,1.318,-36.412,3.2,5.28,2.0625,-36.4116,-36.412,2.5,5.276,2.6380000000000003,-36.412,2.3,5.276,2.867391304347826,-40.061,1.5,5.264,4.386666666666667,-40.0611,-40.061,2.6,5.276,2.536538461538462,-40.061,3.7,5.28,1.783783783783784,-37.872,2.4,5.28,2.7500000000000004,,4.5,5.276,1.4655555555555557,-36.412,3.3,5.288,2.003030303030303,-36.412,3.5,5.272,1.8828571428571428,,3.9,5.284,1.6935897435897438,-37.872,2.2,5.272,2.9954545454545456,-37.872,3.9,5.268,1.6884615384615385,-37.872
05-01-2026-Fri 13-58-08-PM,4.4,5.276,1.4988636363636363,-37.8721,-37.872,5.3,5.28,1.2452830188679247,-37.872,5.2,5.268,1.2663461538461538,-36.445,3.6,5.284,1.8347222222222224,-36.4449,-36.445,2.3,5.276,2.867391304347826,-36.445,2.4,5.28,2.7500000000000004,-39.995,1.5,5.268,4.39,-39.9949,-39.995,2.9,5.276,2.274137931034483,-39.995,3.7,5.28,1.783783783783784,-37.872,2.4,5.28,2.7500000000000004,,4.2,5.276,1.570238095238095,-36.445,3.3,5.288,2.003030303030303,-36.445,3.3,5.272,1.9969696969696973,,3.5,5.284,1.887142857142857,-37.872,2.5,5.268,2.634,-37.872,3.6,5.268,1.8291666666666666,-37.872
05-01-2026-Fri 13-58-10-PM,4.5,5.28,1.4666666666666668,-37.9052,-37.905,5.6,5.284,1.1794642857142856,-37.905,5.0,5.272,1.318,-36.478,3.4,5.28,1.9411764705882355,-36.4781,-36.478,2.0,5.276,3.2975,-36.478,2.4,5.28,2.7500000000000004,-40.061,1.5,5.268,4.39,-40.0611,-40.061,2.7,5.276,2.4425925925925926,-40.061,3.6,5.284,1.8347222222222224,-37.905,2.3,5.28,2.869565217391304,,4.5,5.276,1.4655555555555557,-36.478,3.7,5.288,1.7864864864864864,-36.478,3.1,5.276,2.1274193548387097,,3.7,5.292,1.787837837837838,-37.905,2.3,5.268,2.8630434782608694,-37.905,3.6,5.268,1.8291666666666666,-37.905
05-01-2026-Fri 13-58-11-PM,4.3,5.276,1.5337209302325583,-37.9052,-37.905,5.2,5.28,1.2692307692307694,-37.905,5.0,5.272,1.318,-36.478,3.6,5.28,1.8333333333333335,-36.4781,-36.478,2.3,5.276,2.867391304347826,-36.478,2.3,5.276,2.867391304347826,-40.061,1.4,5.264,4.7,-40.0611,-40.061,2.8,5.276,2.3553571428571427,-40.061,3.5,5.284,1.887142857142857,-37.905,2.3,5.28,2.869565217391304,,4.4,5.276,1.4988636363636363,-36.478,3.7,5.288,1.7864864864864864,-36.478,3.5,5.276,1.8842857142857141,,3.6,5.284,1.8347222222222224,-37.905,2.2,5.268,2.993181818181818,-37.905,3.8,5.268,1.7328947368421053,-37.905
05-01-2026-Fri 13-58-12-PM,4.3,5.272,1.5325581395348837,-37.9384,-37.938,5.3,5.276,1.2443396226415093,-37.938,4.9,5.272,1.3448979591836732,-36.478,3.3,5.28,2.0,-36.4781,-36.478,2.1,5.276,3.14047619047619,-36.478,2.4,5.28,2.7500000000000004,-40.094,1.5,5.264,4.386666666666667,-40.0944,-40.094,2.6,5.28,2.5384615384615388,-40.094,3.4,5.28,1.9411764705882355,-37.938,2.5,5.28,2.64,,4.3,5.276,1.5337209302325583,-36.478,3.6,5.288,1.8361111111111112,-36.478,3.3,5.276,1.9984848484848485,,3.9,5.284,1.6935897435897438,-37.938,2.2,5.268,2.993181818181818,-37.938,3.8,5.268,1.7328947368421053,-37.938
05-01-2026-Fri 13-58-14-PM,4.3,5.276,1.5337209302325583,-37.9384,-37.938,5.4,5.28,1.2222222222222223,-37.938,4.9,5.272,1.3448979591836732,-36.478,3.6,5.28,1.8333333333333335,-36.4781,-36.478,2.2,5.276,2.9977272727272726,-36.478,2.3,5.276,2.867391304347826,-40.094,1.4,5.268,4.703571428571428,-40.0944,-40.094,2.6,5.276,2.536538461538462,-40.094,3.6,5.28,1.8333333333333335,-37.938,2.3,5.28,2.869565217391304,,4.2,5.276,1.570238095238095,-36.478,3.6,5.288,1.8361111111111112,-36.478,3.5,5.272,1.8828571428571428,,3.8,5.288,1.7394736842105263,-37.938,2.0,5.268,3.2925,-37.938,3.9,5.272,1.6897435897435897,-37.938
05-01-2026-Fri 13-58-15-PM,4.5,5.276,1.4655555555555557,-37.9716,-37.972,5.2,5.28,1.2692307692307694,-37.972,5.1,5.272,1.2921568627450983,-36.478,3.6,5.276,1.8319444444444444,-36.4781,-36.478,2.1,5.272,3.138095238095238,-36.478,2.4,5.28,2.7500000000000004,-40.061,1.5,5.264,4.386666666666667,-40.0611,-40.061,2.6,5.276,2.536538461538462,-40.061,3.5,5.28,1.885714285714286,-37.972,2.4,5.28,2.7500000000000004,,4.2,5.276,1.570238095238095,-36.478,3.5,5.288,1.8885714285714286,-36.478,3.2,5.272,2.059375,,3.6,5.284,1.8347222222222224,-37.972,2.2,5.272,2.9954545454545456,-37.972,3.9,5.268,1.6884615384615385,-37.972
05-01-2026-Fri 13-58-16-PM,4.1,5.276,1.608536585365854,-38.0048,-38.005,5.1,5.28,1.2941176470588238,-38.005,5.0,5.272,1.318,-36.511,3.8,5.276,1.7355263157894738,-36.5113,-36.511,2.0,5.276,3.2975,-36.511,2.3,5.28,2.869565217391304,-40.094,1.5,5.264,4.386666666666667,-40.0944,-40.094,2.7,5.276,2.4425925925925926,-40.094,3.6,5.28,1.8333333333333335,-38.005,2.4,5.276,2.747916666666667,,4.4,5.276,1.4988636363636363,-36.511,3.5,5.288,1.8885714285714286,-36.511,3.3,5.276,1.9984848484848485,,3.9,5.288,1.694871794871795,-38.005,2.4,5.264,2.7416666666666667,-38.005,3.7,5.268,1.7797297297297296,-38.005
05-01-2026-Fri 13-58-18-PM,4.3,5.272,1.5325581395348837,-38.0048,-38.005,5.0,5.28,1.32,-38.005,4.9,5.272,1.3448979591836732,-36.544,3.2,5.28,2.0625,-36.5445,-36.544,2.3,5.276,2.867391304347826,-36.544,2.3,5.276,2.867391304347826,-40.128,1.5,5.264,4.386666666666667,-40.1275,-40.128,2.7,5.28,2.4444444444444446,-40.128,3.6,5.28,1.8333333333333335,-38.005,2.5,5.28,2.64,,4.4,5.276,1.4988636363636363,-36.544,3.5,5.288,1.8885714285714286,-36.544,3.2,5.276,2.0609374999999996,,3.6,5.284,1.8347222222222224,-38.005,2.1,5.268,3.1357142857142852,-38.005,3.6,5.268,1.8291666666666666,-38.005
05-01-2026-Fri 13-58-19-PM,4.0,5.276,1.64875,-38.038,-38.038,5.4,5.28,1.2222222222222223,-38.038,4.8,5.272,1.3729166666666668,-36.511,3.2,5.28,2.0625,-36.5113,-36.511,2.4,5.276,2.747916666666667,-36.511,2.3,5.276,2.867391304347826,-40.128,1.2,5.264,5.483333333333333,-40.1275,-40.128,2.5,5.28,2.64,-40.128,3.7,5.28,1.783783783783784,-38.038,2.3,5.28,2.869565217391304,,4.6,5.276,1.433695652173913,-36.511,3.3,5.288,2.003030303030303,-36.511,3.1,5.28,2.1290322580645165,,3.7,5.284,1.785135135135135,-38.038,2.3,5.272,2.865217391304348,-38.038,3.8,5.272,1.7342105263157896,-38.038
05-01-2026-Fri 13-58-20-PM,4.1,5.28,1.609756097560976,-38.0048,-38.005,5.1,5.284,1.2950980392156866,-38.005,5.0,5.272,1.318,-36.544,3.6,5.28,1.8333333333333335,-36.5445,-36.544,2.1,5.276,3.14047619047619,-36.544,2.3,5.276,2.867391304347826,-40.128,1.5,5.268,4.39,-40.1275,-40.128,2.5,5.28,2.64,-40.128,3.4,5.28,1.9411764705882355,-38.005,2.7,5.276,2.4425925925925926,,4.3,5.276,1.5337209302325583,-36.544,3.3,5.288,2.003030303030303,-36.544,3.2,5.276,2.0609374999999996,,3.7,5.284,1.785135135135135,-38.005,2.0,5.268,3.2925,-38.005,3.9,5.268,1.6884615384615385,-38.005
05-01-2026-Fri 13-58-22-PM,4.5,5.272,1.4644444444444447,-38.038,-38.038,5.2,5.28,1.2692307692307694,-38.038,5.0,5.272,1.318,-36.578,3.4,5.28,1.9411764705882355,-36.5776,-36.578,2.1,5.272,3.138095238095238,-36.578,2.5,5.276,2.6380000000000003,-40.161,1.6,5.264,4.1125,-40.1607,-40.161,2.5,5.276,2.6380000000000003,-40.161,3.5,5.284,1.887142857142857,-38.038,2.4,5.28,2.7500000000000004,,4.3,5.276,1.5337209302325583,-36.578,3.4,5.288,1.9441176470588237,-36.578,3.0,5.276,2.1983333333333333,,3.7,5.284,1.785135135135135,-38.038,2.5,5.268,2.634,-38.038,3.9,5.272,1.6897435897435897,-38.038
05-01-2026-Fri 13-58-23-PM,4.2,5.272,1.569047619047619,-38.038,-38.038,5.3,5.28,1.2452830188679247,-38.038,5.0,5.272,1.318,-36.611,3.2,5.28,2.0625,-36.6109,-36.611,2.2,5.272,2.9954545454545456,-36.611,2.1,5.276,3.14047619047619,-40.161,1.6,5.268,4.115625,-40.1607,-40.161,2.5,5.272,2.636,-40.161,3.7,5.284,1.785135135135135,-38.038,2.3,5.28,2.869565217391304,,4.2,5.276,1.570238095238095,-36.611,3.4,5.284,1.9426470588235296,-36.611,3.2,5.272,2.059375,,3.7,5.284,1.785135135135135,-38.038,2.4,5.268,2.74375,-38.038,3.6,5.272,1.8305555555555557,-38.038
05-01-2026-Fri 13-58-24-PM,4.3,5.276,1.5337209302325583,-38.071,-38.071,5.1,5.28,1.2941176470588238,-38.071,5.0,5.272,1.318,-36.611,3.4,5.284,1.9426470588235296,-36.6109,-36.611,2.0,5.276,3.2975,-36.611,2.4,5.276,2.747916666666667,-40.161,1.6,5.264,4.1125,-40.1607,-40.161,2.7,5.276,2.4425925925925926,-40.161,3.4,5.28,1.9411764705882355,-38.071,2.4,5.28,2.7500000000000004,,4.1,5.276,1.608536585365854,-36.611,3.3,5.284,2.0015151515151515,-36.611,3.2,5.272,2.059375,,3.8,5.288,1.7394736842105263,-38.071,2.1,5.268,3.1357142857142852,-38.071,3.6,5.272,1.8305555555555557,-38.071
05-01-2026-Fri 13-58-26-PM,4.3,5.276,1.5337209302325583,-38.071,-38.071,5.1,5.276,1.2931372549019609,-38.071,4.7,5.272,1.402127659574468,-36.611,3.4,5.276,1.9397058823529412,-36.6109,-36.611,2.0,5.276,3.2975,-36.611,2.3,5.276,2.867391304347826,-40.194,1.7,5.264,3.8705882352941186,-40.1939,-40.194,2.5,5.28,2.64,-40.194,3.5,5.284,1.887142857142857,-38.071,2.6,5.28,2.5384615384615388,,4.0,5.276,1.64875,-36.611,3.3,5.284,2.0015151515151515,-36.611,3.2,5.276,2.0609374999999996,,3.5,5.284,1.887142857142857,-38.071,2.2,5.268,2.993181818181818,-38.071,3.7,5.268,1.7797297297297296,-38.071
05-01-2026-Fri 13-58-27-PM,4.5,5.276,1.4655555555555557,-38.071,-38.071,5.0,5.28,1.32,-38.071,4.7,5.272,1.402127659574468,-36.644,3.4,5.276,1.9397058823529412,-36.6441,-36.644,2.1,5.272,3.138095238095238,-36.644,2.4,5.276,2.747916666666667,-40.227,1.3,5.264,5.061538461538462,-40.227,-40.227,2.7,5.28,2.4444444444444446,-40.227,3.6,5.284,1.8347222222222224,-38.071,2.2,5.284,3.002272727272727,,4.1,5.272,1.6073170731707318,-36.644,3.5,5.288,1.8885714285714286,-36.644,3.3,5.272,1.9969696969696973,,3.7,5.284,1.785135135135135,-38.071,2.2,5.268,2.993181818181818,-38.071,3.9,5.268,1.6884615384615385,-38.071
05-01-2026-Fri 13-58-29-PM,4.4,5.272,1.4977272727272728,-38.1375,-38.138,5.0,5.28,1.32,-38.138,4.8,5.272,1.3729166666666668,-36.644,3.5,5.276,1.8842857142857141,-36.6441,-36.644,2.1,5.276,3.14047619047619,-36.644,2.0,5.276,3.2975,-40.26,1.5,5.264,4.386666666666667,-40.2602,-40.26,2.6,5.28,2.5384615384615388,-40.26,3.5,5.28,1.885714285714286,-38.138,2.5,5.28,2.64,,4.2,5.276,1.570238095238095,-36.644,3.5,5.284,1.887142857142857,-36.644,3.0,5.272,2.1966666666666668,,3.6,5.288,1.8361111111111112,-38.138,2.3,5.268,2.8630434782608694,-38.138,3.6,5.268,1.8291666666666666,-38.138
05-01-2026-Fri 13-58-30-PM,4.2,5.276,1.570238095238095,-38.1375,-38.138,4.8,5.276,1.3739583333333334,-38.138,4.7,5.268,1.401063829787234,-36.677,3.4,5.28,1.9411764705882355,-36.6773,-36.677,2.1,5.276,3.14047619047619,-36.677,2.6,5.28,2.5384615384615388,-40.26,1.5,5.264,4.386666666666667,-40.2602,-40.26,2.6,5.276,2.536538461538462,-40.26,3.4,5.28,1.9411764705882355,-38.138,2.4,5.28,2.7500000000000004,,4.0,5.276,1.64875,-36.677,3.4,5.292,1.9455882352941176,-36.677,3.2,5.272,2.059375,,3.6,5.288,1.8361111111111112,-38.138,2.2,5.268,2.993181818181818,-38.138,3.9,5.268,1.6884615384615385,-38.138
05-01-2026-Fri 13-58-31-PM,4.2,5.276,1.570238095238095,-38.1375,-38.138,5.3,5.276,1.2443396226415093,-38.138,4.8,5.272,1.3729166666666668,-36.677,3.5,5.28,1.885714285714286,-36.6773,-36.677,2.2,5.276,2.9977272727272726,-36.677,2.4,5.276,2.747916666666667,-40.26,1.5,5.268,4.39,-40.2602,-40.26,2.6,5.276,2.536538461538462,-40.26,3.4,5.28,1.9411764705882355,-38.138,2.5,5.276,2.6380000000000003,,4.3,5.276,1.5337209302325583,-36.677,3.5,5.288,1.8885714285714286,-36.677,3.0,5.28,2.2,,3.7,5.284,1.785135135135135,-38.138,2.2,5.268,2.993181818181818,-38.138,4.2,5.268,1.5678571428571426,-38.138
05-01-2026-Fri 13-58-33-PM,4.3,5.276,1.5337209302325583,-38.1707,-38.171,4.9,5.28,1.346938775510204,-38.171,4.9,5.272,1.3448979591836732,-36.71,3.2,5.28,2.0625,-36.7105,-36.71,2.1,5.276,3.14047619047619,-36.71,2.3,5.276,2.867391304347826,-40.26,1.4,5.264,4.7,-40.2602,-40.26,2.8,5.276,2.3553571428571427,-40.26,3.5,5.28,1.885714285714286,-38.171,2.3,5.28,2.869565217391304,,4.0,5.272,1.6475,-36.71,3.1,5.288,2.132258064516129,-36.71,2.9,5.276,2.274137931034483,,3.7,5.288,1.7864864864864864,-38.171,2.1,5.268,3.1357142857142852,-38.171,3.6,5.272,1.8305555555555557,-38.171
05-01-2026-Fri 13-58-34-PM,4.4,5.276,1.4988636363636363,-38.1707,-38.171,4.9,5.28,1.346938775510204,-38.171,4.8,5.272,1.3729166666666668,-36.677,3.3,5.28,2.0,-36.6773,-36.677,2.0,5.276,3.2975,-36.677,2.2,5.276,2.9977272727272726,-40.26,1.4,5.26,4.696428571428571,-40.2602,-40.26,2.5,5.276,2.6380000000000003,-40.26,3.6,5.28,1.8333333333333335,-38.171,2.3,5.28,2.869565217391304,,4.2,5.276,1.570238095238095,-36.677,3.2,5.288,2.065625,-36.677,2.9,5.276,2.274137931034483,,3.7,5.288,1.7864864864864864,-38.171,2.4,5.272,2.7458333333333336,-38.171,3.5,5.272,1.8828571428571428,-38.171
05-01-2026-Fri 13-58-35-PM,4.2,5.276,1.570238095238095,-38.1707,-38.171,4.9,5.28,1.346938775510204,-38.171,4.9,5.272,1.3448979591836732,-36.677,3.2,5.28,2.0625,-36.6773,-36.677,1.7,5.276,3.8794117647058823,-36.677,2.4,5.276,2.747916666666667,-40.26,1.3,5.268,5.065384615384615,-40.2602,-40.26,2.7,5.276,2.4425925925925926,-40.26,3.6,5.28,1.8333333333333335,-38.171,2.1,5.28,3.142857142857143,,4.2,5.272,1.569047619047619,-36.677,3.1,5.284,2.1306451612903228,-36.677,3.0,5.272,2.1966666666666668,,3.6,5.284,1.8347222222222224,-38.171,2.1,5.268,3.1357142857142852,-38.171,3.6,5.268,1.8291666666666666,-38.171
05-01-2026-Fri 13-58-37-PM,4.1,5.276,1.608536585365854,-38.2039,-38.204,4.9,5.276,1.3459183673469386,-38.204,4.6,5.272,1.432608695652174,-36.744,3.6,5.28,1.8333333333333335,-36.7436,-36.744,2.3,5.276,2.867391304347826,-36.744,2.4,5.276,2.747916666666667,-40.26,1.6,5.264,4.1125,-40.2602,-40.26,2.4,5.276,2.747916666666667,-40.26,3.6,5.28,1.8333333333333335,-38.204,2.5,5.276,2.6380000000000003,,4.1,5.276,1.608536585365854,-36.744,3.4,5.292,1.9455882352941176,-36.744,2.8,5.272,2.3535714285714286,,3.7,5.284,1.785135135135135,-38.204,2.1,5.268,3.1357142857142852,-38.204,3.8,5.268,1.7328947368421053,-38.204
05-01-2026-Fri 13-58-38-PM,4.1,5.276,1.608536585365854,-38.237,-38.237,4.9,5.276,1.3459183673469386,-38.237,4.8,5.268,1.371875,-36.744,3.5,5.28,1.885714285714286,-36.7436,-36.744,2.0,5.276,3.2975,-36.744,2.2,5.276,2.9977272727272726,-40.326,1.5,5.268,4.39,-40.3265,-40.326,2.5,5.28,2.64,-40.326,3.5,5.28,1.885714285714286,-38.237,2.4,5.28,2.7500000000000004,,4.0,5.276,1.64875,-36.744,3.4,5.288,1.9441176470588237,-36.744,3.0,5.276,2.1983333333333333,,3.7,5.284,1.785135135135135,-38.237,2.6,5.264,2.530769230769231,-38.237,3.7,5.268,1.7797297297297296,-38.237
05-01-2026-Fri 13-58-39-PM,4.2,5.276,1.570238095238095,-38.237,-38.237,4.8,5.276,1.3739583333333334,-38.237,4.6,5.272,1.432608695652174,-36.744,3.4,5.28,1.9411764705882355,-36.7436,-36.744,2.0,5.276,3.2975,-36.744,2.0,5.276,3.2975,-40.326,1.3,5.268,5.065384615384615,-40.3265,-40.326,2.7,5.276,2.4425925925925926,-40.326,3.5,5.28,1.885714285714286,-38.237,2.5,5.28,2.64,,4.2,5.276,1.570238095238095,-36.744,3.2,5.288,2.065625,-36.744,3.2,5.272,2.059375,,3.6,5.288,1.8361111111111112,-38.237,2.2,5.268,2.993181818181818,-38.237,3.6,5.272,1.8305555555555557,-38.237
05-01-2026-Fri 13-58-41-PM,4.1,5.276,1.608536585365854,-38.237,-38.237,5.0,5.28,1.32,-38.237,4.9,5.272,1.3448979591836732,-36.777,3.5,5.276,1.8842857142857141,-36.7769,-36.777,1.9,5.276,3.4710526315789476,-36.777,2.2,5.276,2.9977272727272726,-40.293,1.6,5.268,4.115625,-40.2934,-40.293,2.5,5.276,2.6380000000000003,-40.293,3.3,5.284,2.0015151515151515,-38.237,2.4,5.28,2.7500000000000004,,4.6,5.276,1.433695652173913,-36.777,3.4,5.288,1.9441176470588237,-36.777,2.9,5.276,2.274137931034483,,3.5,5.284,1.887142857142857,-38.237,2.3,5.268,2.8630434782608694,-38.237,3.9,5.272,1.6897435897435897,-38.237
05-01-2026-Fri 13-58-42-PM,4.1,5.276,1.608536585365854,-38.2702,-38.27,5.0,5.28,1.32,-38.27,4.6,5.272,1.432608695652174,-36.777,3.4,5.28,1.9411764705882355,-36.7769,-36.777,2.1,5.276,3.14047619047619,-36.777,2.4,5.276,2.747916666666667,-40.326,1.3,5.268,5.065384615384615,-40.3265,-40.326,2.7,5.276,2.4425925925925926,-40.326,3.6,5.284,1.8347222222222224,-38.27,2.3,5.28,2.869565217391304,,4.3,5.28,1.5348837209302326,-36.777,3.1,5.288,2.132258064516129,-36.777,2.9,5.276,2.274137931034483,,3.5,5.288,1.8885714285714286,-38.27,2.3,5.272,2.865217391304348,-38.27,3.5,5.272,1.8828571428571428,-38.27
05-01-2026-Fri 13-58-54-PM,4.2,5.28,1.5714285714285714,-38.4028,-38.403,5.1,5.28,1.2941176470588238,-38.403,4.6,5.268,1.4315217391304347,-36.91,3.2,5.28,2.0625,-36.9096,-36.91,2.1,5.276,3.14047619047619,-36.91,2.5,5.276,2.6380000000000003,-40.459,1.3,5.264,5.061538461538462,-40.4591,-40.459,2.7,5.276,2.4425925925925926,-40.459,3.7,5.284,1.785135135135135,-38.403,2.6,5.28,2.5384615384615388,,4.1,5.276,1.608536585365854,-36.91,3.3,5.284,2.0015151515151515,-36.91,3.1,5.276,2.1274193548387097,,3.9,5.284,1.6935897435897438,-38.403,2.5,5.268,2.634,-38.403,3.8,5.268,1.7328947368421053,-38.403
05-01-2026-Fri 13-58-56-PM,4.1,5.276,1.608536585365854,-38.4361,-38.436,4.9,5.28,1.346938775510204,-38.436,4.6,5.272,1.432608695652174,-36.943,3.4,5.28,1.9411764705882355,-36.9428,-36.943,1.9,5.272,3.4684210526315793,-36.943,2.4,5.28,2.7500000000000004,-40.492,1.1,5.264,5.9818181818181815,-40.4923,-40.492,2.6,5.276,2.536538461538462,-40.492,3.7,5.28,1.783783783783784,-38.436,2.5,5.28,2.64,,4.3,5.276,1.5337209302325583,-36.943,3.2,5.288,2.065625,-36.943,3.2,5.276,2.0609374999999996,,3.7,5.288,1.7864864864864864,-38.436,2.4,5.268,2.74375,-38.436,3.4,5.268,1.9367647058823532,-38.436
05-01-2026-Fri 13-58-57-PM,4.2,5.276,1.570238095238095,-38.4361,-38.436,4.8,5.28,1.3750000000000002,-38.436,4.8,5.272,1.3729166666666668,-36.943,3.4,5.276,1.9397058823529412,-36.9428,-36.943,2.0,5.276,3.2975,-36.943,2.1,5.28,3.142857142857143,-40.492,1.4,5.264,4.7,-40.4923,-40.492,2.4,5.28,2.7500000000000004,-40.492,3.7,5.284,1.785135135135135,-38.436,2.6,5.284,2.5403846153846157,,4.0,5.276,1.64875,-36.943,3.4,5.288,1.9441176470588237,-36.943,3.1,5.276,2.1274193548387097,,3.6,5.288,1.8361111111111112,-38.436,2.0,5.272,3.295,-38.436,3.4,5.268,1.9367647058823532,-38.436
05-01-2026-Fri 13-58-58-PM,4.1,5.276,1.608536585365854,-38.4361,-38.436,5.0,5.28,1.32,-38.436,4.4,5.272,1.4977272727272728,-36.943,3.3,5.28,2.0,-36.9428,-36.943,1.8,5.276,3.6638888888888888,-36.943,2.3,5.276,2.867391304347826,-40.492,1.6,5.268,4.115625,-40.4923,-40.492,2.6,5.276,2.536538461538462,-40.492,3.4,5.284,1.9426470588235296,-38.436,2.5,5.28,2.64,,4.0,5.28,1.6500000000000001,-36.943,3.4,5.288,1.9441176470588237,-36.943,3.2,5.276,2.0609374999999996,,3.5,5.288,1.8885714285714286,-38.436,2.3,5.268,2.8630434782608694,-38.436,3.5,5.272,1.8828571428571428,-38.436
05-01-2026-Fri 13-59-00-PM,4.0,5.276,1.64875,-38.4361,-38.436,5.0,5.284,1.321,-38.436,4.5,5.272,1.4644444444444447,-36.976,3.1,5.28,2.1290322580645165,-36.976,-36.976,2.0,5.28,3.3000000000000003,-36.976,2.2,5.284,3.002272727272727,-40.525,1.5,5.268,4.39,-40.5254,-40.525,2.7,5.28,2.4444444444444446,-40.525,3.4,5.28,1.9411764705882355,-38.436,2.3,5.284,2.8717391304347823,,4.0,5.276,1.64875,-36.976,3.5,5.288,1.8885714285714286,-36.976,3.1,5.276,2.1274193548387097,,3.8,5.288,1.7394736842105263,-38.436,2.0,5.268,3.2925,-38.436,3.6,5.272,1.8305555555555557,-38.436
05-01-2026-Fri 13-59-01-PM,4.0,5.276,1.64875,-38.4693,-38.469,4.9,5.28,1.346938775510204,-38.469,4.6,5.272,1.432608695652174,-36.976,3.5,5.28,1.885714285714286,-36.976,-36.976,2.2,5.272,2.9954545454545456,-36.976,2.2,5.276,2.9977272727272726,-40.492,1.8,5.264,3.655555555555556,-40.4923,-40.492,2.6,5.28,2.5384615384615388,-40.492,3.2,5.284,2.0640625,-38.469,2.2,5.28,3.0,,4.3,5.276,1.5337209302325583,-36.976,3.4,5.288,1.9441176470588237,-36.976,2.9,5.276,2.274137931034483,,3.5,5.288,1.8885714285714286,-38.469,2.0,5.268,3.2925,-38.469,4.0,5.272,1.6475,-38.469
05-01-2026-Fri 14-00-18-PM,4.1,5.276,1.608536585365854,-39.2321,-39.232,4.4,5.28,1.5,-39.232,4.3,5.272,1.5325581395348837,-37.706,3.1,5.276,2.1274193548387097,-37.7062,-37.706,1.9,5.276,3.4710526315789476,-37.706,2.4,5.276,2.747916666666667,-41.089,1.3,5.264,5.061538461538462,-41.089,-41.089,2.5,5.276,2.6380000000000003,-41.089,3.3,5.284,2.0015151515151515,-39.232,2.3,5.284,2.8717391304347823,,4.0,5.276,1.64875,-37.706,3.3,5.288,2.003030303030303,-37.706,2.9,5.272,2.2724137931034485,,3.6,5.288,1.8361111111111112,-39.232,2.2,5.268,2.993181818181818,-39.232,3.5,5.272,1.8828571428571428,-39.232
05-01-2026-Fri 14-00-20-PM,4.3,5.276,1.5337209302325583,-39.2654,-39.265,4.6,5.28,1.434782608695652,-39.265,4.2,5.272,1.569047619047619,-37.739,3.0,5.276,2.1983333333333333,-37.7392,-37.739,2.0,5.272,3.295,-37.739,2.4,5.276,2.747916666666667,-41.056,1.1,5.264,5.9818181818181815,-41.0558,-41.056,2.7,5.28,2.4444444444444446,-41.056,3.4,5.28,1.9411764705882355,-39.265,2.3,5.28,2.869565217391304,,3.7,5.276,1.7824324324324323,-37.739,2.9,5.288,2.279310344827586,-37.739,2.8,5.276,2.3553571428571427,,3.2,5.288,2.065625,-39.265,2.1,5.268,3.1357142857142852,-39.265,3.7,5.268,1.7797297297297296,-39.265
05-01-2026-Fri 14-01-28-PM,4.1,5.272,1.6073170731707318,-39.8623,-39.862,4.6,5.276,1.433695652173913,-39.862,4.3,5.268,1.5313953488372094,-38.303,3.1,5.276,2.1274193548387097,-38.3034,-38.303,2.3,5.272,2.865217391304348,-38.303,2.3,5.276,2.867391304347826,-41.619,1.5,5.26,4.383333333333333,-41.6192,-41.619,2.7,5.276,2.4425925925925926,-41.619,3.3,5.28,2.0,-39.862,2.5,5.28,2.64,,3.5,5.272,1.8828571428571428,-38.303,3.2,5.288,2.065625,-38.303,2.9,5.272,2.2724137931034485,,3.2,5.284,2.0640625,-39.862,2.0,5.268,3.2925,-39.862,3.2,5.268,2.0578125,-39.862
05-01-2026-Fri 14-01-30-PM,3.7,5.276,1.7824324324324323,-39.8954,-39.895,4.3,5.28,1.5348837209302326,-39.895,4.2,5.272,1.569047619047619,-38.303,3.1,5.28,2.1290322580645165,-38.3034,-38.303,1.9,5.272,3.4684210526315793,-38.303,2.1,5.276,3.14047619047619,-41.586,1.1,5.264,5.9818181818181815,-41.5861,-41.586,2.4,5.28,2.7500000000000004,-41.586,3.1,5.28,2.1290322580645165,-39.895,2.5,5.276,2.6380000000000003,,3.4,5.272,1.9382352941176473,-38.303,2.9,5.284,2.277586206896552,-38.303,2.6,5.272,2.534615384615385,,3.2,5.284,2.0640625,-39.895,2.0,5.268,3.2925,-39.895,3.1,5.268,2.1241935483870966,-39.895
05-01-2026-Fri 14-01-31-PM,3.8,5.272,1.7342105263157896,-39.9286,-39.929,4.3,5.276,1.5337209302325583,-39.929,3.9,5.272,1.6897435897435897,-38.303,3.1,5.276,2.1274193548387097,-38.3034,-38.303,1.7,5.272,3.8764705882352946,-38.303,2.2,5.276,2.9977272727272726,-41.586,1.4,5.26,4.696428571428571,-41.5861,-41.586,2.6,5.276,2.536538461538462,-41.586,3.2,5.28,2.0625,-39.929,2.1,5.28,3.142857142857143,,3.5,5.272,1.8828571428571428,-38.303,3.0,5.284,2.2016666666666667,-38.303,2.7,5.272,2.4407407407407407,,3.0,5.284,2.2016666666666667,-39.929,2.0,5.268,3.2925,-39.929,3.4,5.268,1.9367647058823532,-39.929
05-01-2026-Fri 14-03-05-PM,4.1,5.272,1.6073170731707318,-40.658,-40.658,3.9,5.276,1.6910256410256412,-40.658,4.1,5.268,1.6060975609756099,-39.066,3.0,5.276,2.1983333333333333,-39.0663,-39.066,2.0,5.272,3.295,-39.066,2.1,5.272,3.138095238095238,-42.083,1.5,5.26,4.383333333333333,-42.0832,-42.083,2.5,5.272,2.636,-42.083,3.5,5.28,1.885714285714286,-40.658,2.4,5.28,2.7500000000000004,,3.7,5.272,1.781081081081081,-39.066,3.2,5.284,2.0640625,-39.066,2.6,5.272,2.534615384615385,,3.2,5.284,2.0640625,-40.658,2.1,5.268,3.1357142857142852,-40.658,3.4,5.268,1.9367647058823532,-40.658
05-01-2026-Fri 14-03-07-PM,3.9,5.272,1.6897435897435897,-40.6249,-40.625,4.1,5.276,1.608536585365854,-40.625,3.9,5.272,1.6897435897435897,-39.066,2.8,5.276,2.3553571428571427,-39.0663,-39.066,1.6,5.272,4.11875,-39.066,2.1,5.272,3.138095238095238,-42.116,1.4,5.264,4.7,-42.1163,-42.116,2.3,5.272,2.865217391304348,-42.116,3.3,5.28,2.0,-40.625,2.2,5.276,2.9977272727272726,,3.4,5.272,1.9382352941176473,-39.066,3.0,5.284,2.2016666666666667,-39.066,2.6,5.268,2.5326923076923076,,3.1,5.284,2.1306451612903228,-40.625,1.9,5.264,3.463157894736842,-40.625,3.3,5.268,1.9954545454545454,-40.625
05-01-2026-Fri 14-03-08-PM,3.5,5.272,1.8828571428571428,-40.658,-40.658,3.7,5.276,1.7824324324324323,-40.658,3.7,5.268,1.7797297297297296,-39.066,2.9,5.276,2.274137931034483,-39.0663,-39.066,1.8,5.272,3.6611111111111114,-39.066,1.9,5.276,3.4710526315789476,-42.116,1.4,5.26,4.696428571428571,-42.1163,-42.116,2.4,5.276,2.747916666666667,-42.116,2.8,5.276,2.3553571428571427,-40.658,2.0,5.276,3.2975,,3.5,5.272,1.8828571428571428,-39.066,2.9,5.288,2.279310344827586,-39.066,2.6,5.272,2.534615384615385,,3.2,5.284,2.0640625,-40.658,1.9,5.268,3.4657894736842105,-40.658,3.0,5.268,2.195,-40.658
05-01-2026-Fri 14-04-05-PM,3.7,5.276,1.7824324324324323,-41.0227,-41.023,4.1,5.276,1.608536585365854,-41.023,3.7,5.268,1.7797297297297296,-39.464,2.6,5.28,2.5384615384615388,-39.4643,-39.464,1.9,5.272,3.4684210526315793,-39.464,2.0,5.272,3.295,-42.348,1.3,5.264,5.061538461538462,-42.3482,-42.348,2.6,5.272,2.534615384615385,-42.348,3.4,5.28,1.9411764705882355,-41.023,2.0,5.28,3.3000000000000003,,3.5,5.276,1.8842857142857141,-39.464,2.7,5.284,2.446296296296296,-39.464,2.7,5.272,2.4407407407407407,,2.7,5.284,2.446296296296296,-41.023,2.3,5.264,2.860869565217391,-41.023,3.3,5.268,1.9954545454545454,-41.023
05-01-2026-Fri 14-04-07-PM,3.5,5.276,1.8842857142857141,-41.0227,-41.023,4.1,5.276,1.608536585365854,-41.023,3.6,5.268,1.8291666666666666,-39.464,3.0,5.276,2.1983333333333333,-39.4643,-39.464,1.7,5.272,3.8764705882352946,-39.464,1.7,5.272,3.8764705882352946,-42.348,1.4,5.264,4.7,-42.3482,-42.348,2.4,5.276,2.747916666666667,-42.348,3.2,5.276,2.0609374999999996,-41.023,2.2,5.28,3.0,,3.3,5.272,1.9969696969696973,-39.464,2.7,5.288,2.448148148148148,-39.464,2.7,5.272,2.4407407407407407,,2.8,5.284,2.3589285714285713,-41.023,2.0,5.268,3.2925,-41.023,3.0,5.268,2.195,-41.023
05-01-2026-Fri 14-04-08-PM,3.2,5.272,2.059375,-41.0558,-41.056,3.5,5.276,1.8842857142857141,-41.056,3.3,5.272,1.9969696969696973,-39.498,2.7,5.276,2.4425925925925926,-39.4975,-39.498,1.8,5.272,3.6611111111111114,-39.498,1.8,5.272,3.6611111111111114,-42.348,1.0,5.264,6.58,-42.3482,-42.348,2.4,5.276,2.747916666666667,-42.348,3.0,5.28,2.2,-41.056,2.2,5.28,3.0,,3.4,5.276,1.9397058823529412,-39.498,2.8,5.288,2.3607142857142858,-39.498,2.5,5.276,2.6380000000000003,,2.8,5.284,2.3589285714285713,-41.056,1.8,5.268,3.658333333333333,-41.056,2.9,5.268,2.270689655172414,-41.056
05-01-2026-Fri 14-04-41-PM,3.5,5.28,1.885714285714286,-41.2547,-41.255,3.6,5.28,1.8333333333333335,-41.255,3.8,5.272,1.7342105263157896,-39.73,2.5,5.284,2.642,-39.7295,-39.73,1.5,5.276,4.3966666666666665,-39.73,1.8,5.276,3.6638888888888888,-42.481,1.4,5.264,4.7,-42.4807,-42.481,2.6,5.276,2.536538461538462,-42.481,3.5,5.284,1.887142857142857,-41.255,2.2,5.28,3.0,,3.0,5.276,2.1983333333333333,-39.73,2.8,5.288,2.3607142857142858,-39.73,2.7,5.276,2.4425925925925926,,2.9,5.288,2.279310344827586,-41.255,2.0,5.272,3.295,-41.255,3.2,5.268,2.0578125,-41.255
05-01-2026-Fri 14-04-42-PM,3.3,5.28,2.0,-41.2214,-41.221,3.6,5.28,1.8333333333333335,-41.221,3.4,5.272,1.9382352941176473,-39.696,2.6,5.284,2.5403846153846157,-39.6965,-39.696,1.8,5.276,3.6638888888888888,-39.696,1.7,5.276,3.8794117647058823,-42.514,1.1,5.264,5.9818181818181815,-42.5139,-42.514,2.3,5.28,2.869565217391304,-42.514,3.1,5.284,2.1306451612903228,-41.221,1.9,5.284,3.476315789473684,,3.1,5.276,2.1274193548387097,-39.696,2.8,5.288,2.3607142857142858,-39.696,2.4,5.272,2.7458333333333336,,2.9,5.284,2.277586206896552,-41.221,1.9,5.272,3.4684210526315793,-41.221,3.0,5.268,2.195,-41.221
05-01-2026-Fri 14-04-43-PM,3.4,5.276,1.9397058823529412,-41.2547,-41.255,3.7,5.284,1.785135135135135,-41.255,3.4,5.272,1.9382352941176473,-39.763,2.6,5.28,2.5384615384615388,-39.7628,-39.763,1.6,5.276,4.121874999999999,-39.763,1.9,5.28,3.4736842105263164,-42.481,1.3,5.268,5.065384615384615,-42.4807,-42.481,2.3,5.28,2.869565217391304,-42.481,2.7,5.28,2.4444444444444446,-41.255,2.0,5.284,3.3025,,3.4,5.276,1.9397058823529412,-39.763,2.6,5.292,2.5442307692307695,-39.763,2.3,5.276,2.867391304347826,,2.7,5.288,2.448148148148148,-41.255,1.8,5.268,3.658333333333333,-41.255,3.1,5.272,2.1258064516129034,-41.255
05-01-2026-Fri 14-05-02-PM,3.7,5.276,1.7824324324324323,-41.6192,-41.619,3.9,5.284,1.6935897435897438,-41.619,3.4,5.276,1.9397058823529412,-40.161,2.6,5.28,2.5384615384615388,-40.1607,-40.161,1.8,5.276,3.6638888888888888,-40.161,1.9,5.272,3.4684210526315793,-42.812,1.1,5.268,5.986363636363636,-42.812,-42.812,2.1,5.28,3.142857142857143,-42.812,3.2,5.284,2.0640625,-41.619,1.9,5.284,3.476315789473684,,3.3,5.276,1.9984848484848485,-40.161,2.7,5.288,2.448148148148148,-40.161,2.3,5.276,2.867391304347826,,2.9,5.288,2.279310344827586,-41.619,1.8,5.268,3.658333333333333,-41.619,3.2,5.268,2.0578125,-41.619
05-01-2026-Fri 14-05-03-PM,3.3,5.276,1.9984848484848485,-41.6192,-41.619,3.7,5.28,1.783783783783784,-41.619,3.5,5.272,1.8828571428571428,-40.161,2.7,5.28,2.4444444444444446,-40.1607,-40.161,1.6,5.276,4.121874999999999,-40.161,1.8,5.276,3.6638888888888888,-42.779,1.1,5.264,5.9818181818181815,-42.7789,-42.779,2.0,5.28,3.3000000000000003,-42.779,2.8,5.284,2.3589285714285713,-41.619,2.1,5.28,3.142857142857143,,3.4,5.276,1.9397058823529412,-40.161,2.6,5.288,2.5423076923076926,-40.161,2.3,5.276,2.867391304347826,,2.6,5.288,2.5423076923076926,-41.619,1.7,5.268,3.8735294117647063,-41.619,3.0,5.272,2.1966666666666668,-41.619
05-01-2026-Fri 14-05-05-PM,3.0,5.276,2.1983333333333333,-41.6524,-41.652,3.6,5.276,1.8319444444444444,-41.652,3.3,5.268,1.9954545454545454,-40.194,2.6,5.28,2.5384615384615388,-40.1939,-40.194,1.7,5.276,3.8794117647058823,-40.194,1.5,5.276,4.3966666666666665,-42.779,1.2,5.268,5.4875,-42.7789,-42.779,2.1,5.276,3.14047619047619,-42.779,2.9,5.284,2.277586206896552,-41.652,1.9,5.28,3.4736842105263164,,3.1,5.276,2.1274193548387097,-40.194,2.8,5.284,2.3589285714285713,-40.194,2.3,5.272,2.865217391304348,,2.9,5.284,2.277586206896552,-41.652,1.8,5.268,3.658333333333333,-41.652,2.6,5.268,2.5326923076923076,-41.652
05-01-2026-Fri 14-05-06-PM,3.3,5.276,1.9984848484848485,-41.6855,-41.686,3.4,5.28,1.9411764705882355,-41.686,3.2,5.272,2.059375,-40.227,2.5,5.28,2.64,-40.227,-40.227,1.6,5.276,4.121874999999999,-40.227,1.5,5.28,4.4,-42.779,1.0,5.268,6.585,-42.7789,-42.779,2.0,5.276,3.2975,-42.779,2.7,5.284,2.446296296296296,-41.686,1.7,5.28,3.882352941176471,,3.1,5.276,2.1274193548387097,-40.227,2.5,5.284,2.642,-40.227,2.0,5.272,3.295,,2.7,5.284,2.446296296296296,-41.686,2.1,5.268,3.1357142857142852,-41.686,2.9,5.268,2.270689655172414,-41.686
05-01-2026-Fri 14-06-21-PM,3.2,5.28,2.0625,-42.7126,-42.713,3.2,5.28,2.0625,-42.713,3.3,5.272,1.9969696969696973,-41.321,2.4,5.28,2.7500000000000004,-41.321,-41.321,1.2,5.28,5.500000000000001,-41.321,1.7,5.28,3.882352941176471,-43.706,1.3,5.268,5.065384615384615,-43.7062,-43.706,2.0,5.28,3.3000000000000003,-43.706,2.8,5.284,2.3589285714285713,-42.713,1.8,5.28,3.666666666666667,,3.3,5.276,1.9984848484848485,-41.321,2.8,5.292,2.3625000000000003,-41.321,2.2,5.276,2.9977272727272726,,2.4,5.288,2.754166666666667,-42.713,1.7,5.272,3.8764705882352946,-42.713,2.6,5.276,2.536538461538462,-42.713
05-01-2026-Fri 14-06-55-PM,3.5,5.276,1.8842857142857141,-43.077,-43.077,3.2,5.28,2.0625,-43.077,3.1,5.272,2.1258064516129034,-41.752,2.7,5.284,2.446296296296296,-41.7518,-41.752,1.7,5.276,3.8794117647058823,-41.752,1.7,5.28,3.882352941176471,-44.104,1.4,5.272,4.707142857142857,-44.1037,-44.104,2.2,5.28,3.0,-44.104,2.6,5.284,2.5403846153846157,-43.077,1.8,5.284,3.6694444444444447,,2.9,5.28,2.2758620689655173,-41.752,2.4,5.288,2.754166666666667,-41.752,2.2,5.276,2.9977272727272726,,2.4,5.288,2.754166666666667,-43.077,1.5,5.272,4.3933333333333335,-43.077,2.7,5.276,2.4425925925925926,-43.077
05-01-2026-Fri 14-06-56-PM,3.2,5.276,2.0609374999999996,-43.1102,-43.11,3.1,5.28,2.1290322580645165,-43.11,3.1,5.272,2.1258064516129034,-41.785,2.3,5.28,2.869565217391304,-41.785,-41.785,1.6,5.28,4.125,-41.785,1.8,5.276,3.6638888888888888,-44.071,1.3,5.268,5.065384615384615,-44.0706,-44.071,1.8,5.28,3.666666666666667,-44.071,2.4,5.288,2.754166666666667,-43.11,1.9,5.284,3.476315789473684,,3.0,5.276,2.1983333333333333,-41.785,2.4,5.288,2.754166666666667,-41.785,2.1,5.276,3.14047619047619,,2.3,5.288,2.8739130434782614,-43.11,1.7,5.272,3.8764705882352946,-43.11,2.3,5.272,2.865217391304348,-43.11
05-01-2026-Fri 14-06-58-PM,2.8,5.28,2.357142857142857,-43.1432,-43.143,3.0,5.28,2.2,-43.143,3.1,5.276,2.1274193548387097,-41.785,2.3,5.284,2.8717391304347823,-41.785,-41.785,1.7,5.276,3.8794117647058823,-41.785,1.7,5.28,3.882352941176471,-44.137,1.3,5.268,5.065384615384615,-44.1368,-44.137,2.0,5.28,3.3000000000000003,-44.137,2.3,5.284,2.8717391304347823,-43.143,1.6,5.284,4.128125,,2.7,5.276,2.4425925925925926,-41.785,2.1,5.288,3.1476190476190475,-41.785,2.2,5.276,2.9977272727272726,,2.3,5.284,2.8717391304347823,-43.143,1.4,5.272,4.707142857142857,-43.143,2.3,5.272,2.865217391304348,-43.143
05-01-2026-Fri 14-06-59-PM,2.9,5.276,2.274137931034483,-43.1432,-43.143,3.0,5.284,2.2016666666666667,-43.143,2.7,5.272,2.4407407407407407,-41.785,2.0,5.28,3.3000000000000003,-41.785,-41.785,1.1,5.276,5.995454545454545,-41.785,1.7,5.276,3.8794117647058823,-44.104,0.9,5.268,7.316666666666666,-44.1037,-44.104,1.8,5.28,3.666666666666667,-44.104,2.6,5.284,2.5403846153846157,-43.143,1.7,5.284,3.8852941176470592,,2.8,5.28,2.357142857142857,-41.785,2.2,5.288,3.0045454545454544,-41.785,2.1,5.276,3.14047619047619,,2.3,5.288,2.8739130434782614,-43.143,1.7,5.272,3.8764705882352946,-43.143,2.3,5.272,2.865217391304348,-43.143
05-01-2026-Fri 14-09-06-PM,3.1,5.28,2.1290322580645165,-44.4679,-44.468,3.0,5.28,2.2,-44.468,3.2,5.276,2.0609374999999996,-43.077,2.2,5.28,3.0,-43.077,-43.077,1.4,5.276,4.710714285714285,-43.077,1.4,5.276,4.710714285714285,-45.428,1.1,5.268,5.986363636363636,-45.4278,-45.428,2.0,5.276,3.2975,-45.428,2.7,5.284,2.446296296296296,-44.468,1.9,5.28,3.4736842105263164,,2.5,5.28,2.64,-43.077,2.4,5.288,2.754166666666667,-43.077,1.7,5.276,3.8794117647058823,,2.3,5.288,2.8739130434782614,-44.468,1.8,5.272,3.6611111111111114,-44.468,2.5,5.272,2.636,-44.468
05-01-2026-Fri 14-09-07-PM,2.9,5.28,2.2758620689655173,-44.5009,-44.501,2.8,5.284,2.3589285714285713,-44.501,2.8,5.276,2.3553571428571427,-43.11,2.1,5.288,3.1476190476190475,-43.1102,-43.11,1.5,5.276,4.3966666666666665,-43.11,1.5,5.276,4.3966666666666665,-45.461,0.8,5.268,8.23125,-45.4609,-45.461,1.9,5.28,3.4736842105263164,-45.461,2.2,5.284,3.002272727272727,-44.501,1.9,5.28,3.4736842105263164,,2.6,5.28,2.5384615384615388,-43.11,2.2,5.292,3.0068181818181814,-43.11,1.8,5.276,3.6638888888888888,,2.2,5.288,3.0045454545454544,-44.501,1.5,5.272,4.3933333333333335,-44.501,2.3,5.276,2.867391304347826,-44.501
05-01-2026-Fri 14-09-09-PM,2.9,5.276,2.274137931034483,-44.5009,-44.501,2.8,5.284,2.3589285714285713,-44.501,2.8,5.272,2.3535714285714286,-43.11,2.0,5.284,3.3025,-43.1102,-43.11,1.5,5.28,4.4,-43.11,1.5,5.276,4.3966666666666665,-45.461,0.9,5.268,7.316666666666666,-45.4609,-45.461,1.7,5.284,3.8852941176470592,-45.461,2.3,5.284,2.8717391304347823,-44.501,1.8,5.28,3.666666666666667,,2.7,5.28,2.4444444444444446,-43.11,2.2,5.292,3.0068181818181814,-43.11,1.9,5.276,3.4710526315789476,,2.3,5.292,2.8760869565217395,-44.501,1.3,5.272,5.06923076923077,-44.501,2.4,5.272,2.7458333333333336,-44.501
05-01-2026-Fri 14-09-46-PM,2.7,5.276,2.4425925925925926,-44.9975,-44.998,2.4,5.28,2.7500000000000004,-44.998,2.8,5.276,2.3553571428571427,-43.673,2.2,5.284,3.002272727272727,-43.6732,-43.673,1.2,5.276,5.495833333333334,-43.673,1.5,5.276,4.3966666666666665,-45.924,1.3,5.268,5.065384615384615,-45.9242,-45.924,1.8,5.28,3.666666666666667,-45.924,2.4,5.284,2.7520833333333337,-44.998,1.8,5.284,3.6694444444444447,,2.7,5.28,2.4444444444444446,-43.673,1.9,5.288,3.4789473684210526,-43.673,1.9,5.28,3.4736842105263164,,2.2,5.288,3.0045454545454544,-44.998,1.5,5.272,4.3933333333333335,-44.998,2.4,5.276,2.747916666666667,-44.998
05-01-2026-Fri 14-09-57-PM,2.7,5.28,2.4444444444444446,-45.2292,-45.229,2.4,5.288,2.754166666666667,-45.229,2.4,5.276,2.747916666666667,-43.872,1.7,5.284,3.8852941176470592,-43.8718,-43.872,1.0,5.28,6.6000000000000005,-43.872,1.5,5.28,4.4,-46.09,0.5,5.272,13.18,-46.0897,-46.09,1.6,5.28,4.125,-46.09,2.3,5.284,2.8717391304347823,-45.229,1.5,5.284,4.403333333333333,,2.4,5.28,2.7500000000000004,-43.872,1.9,5.296,3.4842105263157896,-43.872,1.6,5.28,4.125,,2.1,5.292,3.1499999999999995,-45.229,1.2,5.276,5.495833333333334,-45.229,2.0,5.28,3.3000000000000003,-45.229
05-01-2026-Fri 14-09-58-PM,2.4,5.284,2.7520833333333337,-45.2954,-45.295,2.4,5.288,2.754166666666667,-45.295,2.6,5.28,2.5384615384615388,-43.938,2.0,5.28,3.3000000000000003,-43.9381,-43.938,0.9,5.284,7.3388888888888895,-43.938,1.4,5.284,4.7178571428571425,-46.156,0.8,5.272,8.2375,-46.1559,-46.156,1.4,5.284,4.7178571428571425,-46.156,2.1,5.288,3.1476190476190475,-45.295,1.7,5.288,3.8882352941176475,,2.4,5.284,2.7520833333333337,-43.938,1.9,5.292,3.481578947368421,-43.938,1.7,5.28,3.882352941176471,,2.1,5.292,3.1499999999999995,-45.295,1.4,5.276,4.710714285714285,-45.295,2.1,5.276,3.14047619047619,-45.295
05-01-2026-Fri 14-10-12-PM,2.4,5.28,2.7500000000000004,-45.527,-45.527,2.5,5.284,2.642,-45.527,2.6,5.276,2.536538461538462,-44.236,2.2,5.284,3.002272727272727,-44.2361,-44.236,1.2,5.28,5.500000000000001,-44.236,1.3,5.276,5.073076923076924,-46.354,1.1,5.268,5.986363636363636,-46.3543,-46.354,2.0,5.28,3.3000000000000003,-46.354,2.2,5.284,3.002272727272727,-45.527,1.4,5.284,4.7178571428571425,,2.4,5.28,2.7500000000000004,-44.236,2.1,5.288,3.1476190476190475,-44.236,1.8,5.28,3.666666666666667,,2.2,5.288,3.0045454545454544,-45.527,1.3,5.276,5.073076923076924,-45.527,2.1,5.272,3.138095238095238,-45.527
05-01-2026-Fri 14-10-13-PM,2.5,5.276,2.6380000000000003,-45.5602,-45.56,2.6,5.284,2.5403846153846157,-45.56,2.3,5.276,2.867391304347826,-44.236,2.0,5.28,3.3000000000000003,-44.2361,-44.236,1.2,5.276,5.495833333333334,-44.236,1.4,5.276,4.710714285714285,-46.42,0.6,5.268,10.975,-46.4205,-46.42,1.5,5.284,4.403333333333333,-46.42,2.0,5.284,3.3025,-45.56,1.7,5.284,3.8852941176470592,,2.5,5.28,2.64,-44.236,1.9,5.292,3.481578947368421,-44.236,1.8,5.276,3.6638888888888888,,1.8,5.292,3.6750000000000003,-45.56,1.2,5.276,5.495833333333334,-45.56,2.0,5.272,3.295,-45.56
05-01-2026-Fri 14-10-15-PM,2.4,5.28,2.7500000000000004,-45.5933,-45.593,2.5,5.284,2.642,-45.593,2.4,5.272,2.7458333333333336,-44.236,2.1,5.284,3.1452380952380947,-44.2361,-44.236,1.0,5.28,6.6000000000000005,-44.236,1.3,5.28,5.0769230769230775,-46.454,0.9,5.268,7.316666666666666,-46.4536,-46.454,1.4,5.28,4.714285714285714,-46.454,2.1,5.288,3.1476190476190475,-45.593,1.4,5.284,4.7178571428571425,,2.2,5.28,3.0,-44.236,1.9,5.292,3.481578947368421,-44.236,1.9,5.28,3.4736842105263164,,2.1,5.292,3.1499999999999995,-45.593,1.2,5.276,5.495833333333334,-45.593,2.0,5.276,3.2975,-45.593
05-01-2026-Fri 14-10-16-PM,2.3,5.28,2.869565217391304,-45.6264,-45.626,2.6,5.284,2.5403846153846157,-45.626,2.1,5.28,3.142857142857143,-44.302,2.1,5.284,3.1452380952380947,-44.3023,-44.302,1.1,5.28,6.0,-44.302,1.6,5.28,4.125,-46.42,0.8,5.272,8.2375,-46.4205,-46.42,1.6,5.284,4.128125,-46.42,1.9,5.288,3.4789473684210526,-45.626,1.4,5.288,4.7214285714285715,,2.0,5.276,3.2975,-44.302,1.8,5.292,3.6750000000000003,-44.302,1.8,5.28,3.666666666666667,,2.1,5.292,3.1499999999999995,-45.626,1.2,5.276,5.495833333333334,-45.626,2.0,5.272,3.295,-45.626
05-01-2026-Fri 14-11-10-PM,2.4,5.28,2.7500000000000004,-46.5197,-46.52,2.3,5.284,2.8717391304347823,-46.52,2.5,5.276,2.6380000000000003,-45.163,2.0,5.28,3.3000000000000003,-45.163,-45.163,1.5,5.28,4.4,-45.163,1.6,5.28,4.125,-47.314,1.0,5.272,6.59,-47.3137,-47.314,1.6,5.28,4.125,-47.314,2.1,5.288,3.1476190476190475,-46.52,1.2,5.284,5.504166666666667,,2.3,5.28,2.869565217391304,-45.163,2.0,5.292,3.3075,-45.163,1.6,5.28,4.125,,2.1,5.292,3.1499999999999995,-46.52,1.3,5.276,5.073076923076924,-46.52,2.2,5.272,2.9954545454545456,-46.52
05-01-2026-Fri 14-11-12-PM,2.4,5.28,2.7500000000000004,-46.5197,-46.52,2.2,5.284,3.002272727272727,-46.52,2.5,5.272,2.636,-45.196,1.8,5.284,3.6694444444444447,-45.196,-45.196,1.0,5.28,6.6000000000000005,-45.196,1.1,5.28,6.0,-47.347,0.7,5.272,9.414285714285715,-47.3467,-47.347,1.6,5.28,4.125,-47.347,2.0,5.288,3.305,-46.52,1.3,5.284,5.080769230769231,,2.3,5.284,2.8717391304347823,-45.196,1.8,5.288,3.6722222222222225,-45.196,1.4,5.28,4.714285714285714,,1.9,5.288,3.4789473684210526,-46.52,1.2,5.272,5.491666666666667,-46.52,2.2,5.276,2.9977272727272726,-46.52
05-01-2026-Fri 14-11-13-PM,2.3,5.28,2.869565217391304,-46.5529,-46.553,2.1,5.28,3.142857142857143,-46.553,2.2,5.276,2.9977272727272726,-45.262,1.8,5.284,3.6694444444444447,-45.2623,-45.262,1.1,5.28,6.0,-45.262,1.4,5.284,4.7178571428571425,-47.38,0.6,5.268,10.975,-47.3799,-47.38,1.5,5.284,4.403333333333333,-47.38,1.9,5.288,3.4789473684210526,-46.553,1.5,5.284,4.403333333333333,,2.2,5.28,3.0,-45.262,2.0,5.292,3.3075,-45.262,1.7,5.276,3.8794117647058823,,1.9,5.292,3.481578947368421,-46.553,1.1,5.272,5.990909090909091,-46.553,2.2,5.276,2.9977272727272726,-46.553
05-01-2026-Fri 14-11-36-PM,2.4,5.28,2.7500000000000004,-46.9167,-46.917,2.3,5.284,2.8717391304347823,-46.917,2.4,5.276,2.747916666666667,-45.593,2.2,5.288,3.0045454545454544,-45.5933,-45.593,1.2,5.28,5.500000000000001,-45.593,1.4,5.28,4.714285714285714,-47.777,0.5,5.268,13.17,-47.7767,-47.777,1.6,5.28,4.125,-47.777,1.8,5.288,3.6722222222222225,-46.917,1.5,5.284,4.403333333333333,,2.0,5.28,3.3000000000000003,-45.593,1.7,5.292,3.8911764705882352,-45.593,1.7,5.28,3.882352941176471,,1.8,5.292,3.6750000000000003,-46.917,1.3,5.276,5.073076923076924,-46.917,2.1,5.276,3.14047619047619,-46.917
05-01-2026-Fri 14-11-38-PM,2.4,5.28,2.7500000000000004,-46.9498,-46.95,2.0,5.288,3.305,-46.95,2.2,5.276,2.9977272727272726,-45.593,1.5,5.284,4.403333333333333,-45.5933,-45.593,1.2,5.28,5.500000000000001,-45.593,1.5,5.28,4.4,-47.777,0.5,5.272,13.18,-47.7767,-47.777,1.3,5.28,5.0769230769230775,-47.777,2.1,5.284,3.1452380952380947,-46.95,1.4,5.284,4.7178571428571425,,2.0,5.28,3.3000000000000003,-45.593,1.8,5.292,3.6750000000000003,-45.593,1.6,5.284,4.128125,,1.7,5.292,3.8911764705882352,-46.95,1.0,5.276,6.595,-46.95,1.7,5.272,3.8764705882352946,-46.95
05-01-2026-Fri 14-12-08-PM,2.6,5.28,2.5384615384615388,-47.3467,-47.347,2.0,5.28,3.3000000000000003,-47.347,1.9,5.276,3.4710526315789476,-45.99,1.5,5.284,4.403333333333333,-45.9904,-45.99,1.2,5.284,5.504166666666667,-45.99,1.4,5.284,4.7178571428571425,-48.207,0.8,5.272,8.2375,-48.2066,-48.207,1.5,5.284,4.403333333333333,-48.207,2.0,5.292,3.3075,-47.347,1.6,5.288,4.13125,,1.9,5.284,3.476315789473684,-45.99,1.4,5.292,4.7250000000000005,-45.99,1.8,5.28,3.666666666666667,,1.8,5.292,3.6750000000000003,-47.347,1.1,5.276,5.995454545454545,-47.347,2.0,5.28,3.3000000000000003,-47.347
05-01-2026-Fri 14-12-09-PM,2.1,5.284,3.1452380952380947,-47.3799,-47.38,1.9,5.284,3.476315789473684,-47.38,2.0,5.28,3.3000000000000003,-46.023,1.5,5.28,4.4,-46.0234,-46.023,1.0,5.284,6.605,-46.023,1.4,5.284,4.7178571428571425,-48.24,0.8,5.272,8.2375,-48.2396,-48.24,1.4,5.284,4.7178571428571425,-48.24,1.8,5.288,3.6722222222222225,-47.38,1.2,5.288,5.508333333333334,,1.9,5.284,3.476315789473684,-46.023,1.5,5.292,4.41,-46.023,1.3,5.284,5.080769230769231,,1.9,5.292,3.481578947368421,-47.38,1.0,5.276,6.595,-47.38,2.0,5.276,3.2975,-47.38
05-01-2026-Fri 14-12-10-PM,1.9,5.28,3.4736842105263164,-47.4129,-47.413,2.1,5.288,3.1476190476190475,-47.413,2.2,5.276,2.9977272727272726,-46.023,1.7,5.284,3.8852941176470592,-46.0234,-46.023,1.0,5.28,6.6000000000000005,-46.023,1.3,5.284,5.080769230769231,-48.273,0.7,5.272,9.414285714285715,-48.2727,-48.273,1.1,5.284,6.004545454545454,-48.273,1.8,5.288,3.6722222222222225,-47.413,1.5,5.288,4.406666666666667,,1.9,5.284,3.476315789473684,-46.023,1.5,5.292,4.41,-46.023,1.4,5.28,4.714285714285714,,1.5,5.296,4.413333333333334,-47.413,1.0,5.276,6.595,-47.413,1.7,5.276,3.8794117647058823,-47.413
05-01-2026-Fri 14-13-30-PM,2.2,5.284,3.002272727272727,-48.7356,-48.736,2.1,5.288,3.1476190476190475,-48.736,2.0,5.276,3.2975,-47.314,1.7,5.284,3.8852941176470592,-47.3137,-47.314,0.9,5.284,7.3388888888888895,-47.314,1.3,5.284,5.080769230769231,-49.562,0.7,5.272,9.414285714285715,-49.5619,-49.562,1.2,5.284,5.504166666666667,-49.562,1.8,5.288,3.6722222222222225,-48.736,1.6,5.288,4.13125,,1.8,5.28,3.666666666666667,-47.314,1.6,5.292,4.1343749999999995,-47.314,1.3,5.28,5.0769230769230775,,1.7,5.292,3.8911764705882352,-48.736,0.7,5.276,9.42142857142857,-48.736,1.5,5.276,4.3966666666666665,-48.736
05-01-2026-Fri 14-13-31-PM,1.6,5.284,4.128125,-48.7686,-48.769,1.8,5.288,3.6722222222222225,-48.769,1.8,5.28,3.666666666666667,-47.314,1.4,5.288,4.7214285714285715,-47.3137,-47.314,1.1,5.284,6.004545454545454,-47.314,1.2,5.288,5.508333333333334,-49.562,0.7,5.272,9.414285714285715,-49.5619,-49.562,1.3,5.288,5.084615384615385,-49.562,1.8,5.292,3.6750000000000003,-48.769,1.2,5.288,5.508333333333334,,1.6,5.284,4.128125,-47.314,1.7,5.292,3.8911764705882352,-47.314,1.1,5.284,6.004545454545454,,1.6,5.296,4.1375,-48.769,0.9,5.28,7.333333333333334,-48.769,1.7,5.28,3.882352941176471,-48.769
05-01-2026-Fri 14-13-33-PM,1.9,5.284,3.476315789473684,-48.7686,-48.769,1.7,5.288,3.8882352941176475,-48.769,2.1,5.28,3.142857142857143,-47.38,1.6,5.288,4.13125,-47.3799,-47.38,0.5,5.284,13.21,-47.38,1.1,5.284,6.004545454545454,-49.628,0.8,5.276,8.243749999999999,-49.628,-49.628,1.4,5.284,4.7178571428571425,-49.628,1.5,5.288,4.406666666666667,-48.769,0.9,5.284,7.3388888888888895,,1.6,5.284,4.128125,-47.38,1.3,5.292,5.088461538461539,-47.38,1.2,5.284,5.504166666666667,,1.7,5.296,3.894117647058824,-48.769,1.0,5.276,6.595,-48.769,1.8,5.276,3.6638888888888888,-48.769
05-01-2026-Fri 14-13-42-PM,1.7,5.28,3.882352941176471,-48.9999,-49.0,1.8,5.284,3.6694444444444447,-49.0,1.9,5.276,3.4710526315789476,-47.611,1.4,5.284,4.7178571428571425,-47.6113,-47.611,0.9,5.284,7.3388888888888895,-47.611,1.2,5.28,5.500000000000001,-49.793,0.7,5.272,9.414285714285715,-49.7932,-49.793,1.2,5.28,5.500000000000001,-49.793,1.5,5.288,4.406666666666667,-49.0,1.0,5.284,6.605,,2.0,5.28,3.3000000000000003,-47.611,1.5,5.292,4.41,-47.611,1.2,5.28,5.500000000000001,,1.7,5.292,3.8911764705882352,-49.0,1.0,5.276,6.595,-49.0,1.9,5.276,3.4710526315789476,-49.0
05-01-2026-Fri 14-13-44-PM,1.9,5.28,3.4736842105263164,-49.0331,-49.033,1.6,5.284,4.128125,-49.033,1.8,5.276,3.6638888888888888,-47.644,1.4,5.284,4.7178571428571425,-47.6444,-47.644,1.0,5.28,6.6000000000000005,-47.644,1.3,5.284,5.080769230769231,-49.826,0.6,5.268,10.975,-49.8262,-49.826,1.1,5.284,6.004545454545454,-49.826,1.7,5.288,3.8882352941176475,-49.033,1.0,5.288,6.61,,1.5,5.28,4.4,-47.644,1.5,5.292,4.41,-47.644,1.4,5.28,4.714285714285714,,1.4,5.292,4.7250000000000005,-49.033,0.7,5.276,9.42142857142857,-49.033,1.3,5.28,5.0769230769230775,-49.033
05-01-2026-Fri 14-13-46-PM,1.9,5.28,3.4736842105263164,-49.0661,-49.066,1.7,5.284,3.8852941176470592,-49.066,1.9,5.28,3.4736842105263164,-47.677,1.4,5.284,4.7178571428571425,-47.6774,-47.677,1.0,5.284,6.605,-47.677,1.3,5.284,5.080769230769231,-49.892,0.3,5.272,21.96666666666667,-49.8923,-49.892,1.1,5.284,6.004545454545454,-49.892,1.4,5.288,4.7214285714285715,-49.066,1.2,5.28,5.500000000000001,,1.8,5.28,3.666666666666667,-47.677,1.2,5.288,5.508333333333334,-47.677,1.1,5.276,5.995454545454545,,1.5,5.288,4.406666666666667,-49.066,0.9,5.272,7.322222222222223,-49.066,1.3,5.272,5.06923076923077,-49.066
05-01-2026-Fri 14-14-00-PM,1.9,5.28,3.4736842105263164,-49.3967,-49.397,1.9,5.284,3.476315789473684,-49.397,1.9,5.276,3.4710526315789476,-47.975,1.6,5.284,4.128125,-47.9751,-47.975,0.8,5.28,8.25,-47.975,1.1,5.28,6.0,-50.223,0.7,5.268,9.407142857142857,-50.2228,-50.223,1.4,5.28,4.714285714285714,-50.223,1.4,5.288,4.7214285714285715,-49.397,0.9,5.284,7.3388888888888895,,1.7,5.28,3.882352941176471,-47.975,1.5,5.292,4.41,-47.975,1.3,5.284,5.080769230769231,,1.5,5.288,4.406666666666667,-49.397,0.8,5.272,8.2375,-49.397,1.5,5.276,4.3966666666666665,-49.397
05-01-2026-Fri 14-14-16-PM,1.6,5.28,4.125,-49.6941,-49.694,1.5,5.284,4.403333333333333,-49.694,1.7,5.276,3.8794117647058823,-48.306,1.4,5.28,4.714285714285714,-48.3058,-48.306,0.7,5.28,9.428571428571429,-48.306,1.0,5.28,6.6000000000000005,-50.487,0.6,5.272,10.983333333333334,-50.4871,-50.487,1.1,5.284,6.004545454545454,-50.487,1.2,5.288,5.508333333333334,-49.694,1.2,5.288,5.508333333333334,,1.5,5.28,4.4,-48.306,1.5,5.292,4.41,-48.306,1.3,5.28,5.0769230769230775,,1.5,5.292,4.41,-49.694,1.1,5.276,5.995454545454545,-49.694,1.4,5.276,4.710714285714285,-49.694
05-01-2026-Fri 14-14-18-PM,1.8,5.28,3.666666666666667,-49.7602,-49.76,1.6,5.288,4.13125,-49.76,1.7,5.276,3.8794117647058823,-48.339,1.6,5.28,4.125,-48.3388,-48.339,1.0,5.284,6.605,-48.339,0.9,5.276,7.3277777777777775,-50.619,0.8,5.272,8.2375,-50.6192,-50.619,0.9,5.28,7.333333333333334,-50.619,1.4,5.288,4.7214285714285715,-49.76,0.9,5.284,7.3388888888888895,,1.4,5.28,4.714285714285714,-48.339,1.3,5.292,5.088461538461539,-48.339,1.1,5.28,6.0,,1.3,5.292,5.088461538461539,-49.76,1.2,5.272,5.491666666666667,-49.76,1.6,5.276,4.121874999999999,-49.76
05-01-2026-Fri 14-14-26-PM,1.4,5.28,4.714285714285714,-49.8923,-49.892,1.7,5.284,3.8852941176470592,-49.892,1.5,5.276,4.3966666666666665,-48.471,1.6,5.28,4.125,-48.4711,-48.471,0.9,5.276,7.3277777777777775,-48.471,0.9,5.284,7.3388888888888895,-50.718,0.7,5.268,9.407142857142857,-50.7184,-50.718,1.0,5.28,6.6000000000000005,-50.718,1.3,5.288,5.084615384615385,-49.892,0.8,5.284,8.25625,,1.5,5.28,4.4,-48.471,1.6,5.292,4.1343749999999995,-48.471,1.5,5.28,4.4,,1.1,5.284,6.004545454545454,-49.892,0.8,5.276,8.243749999999999,-49.892,1.3,5.276,5.073076923076924,-49.892
05-01-2026-Fri 14-14-29-PM,1.7,5.28,3.882352941176471,-49.9585,-49.958,1.6,5.284,4.128125,-49.958,1.6,5.276,4.121874999999999,-48.537,1.4,5.284,4.7178571428571425,-48.5372,-48.537,0.7,5.276,9.42142857142857,-48.537,1.1,5.276,5.995454545454545,-50.751,0.6,5.268,10.975,-50.7514,-50.751,1.1,5.28,6.0,-50.751,1.2,5.288,5.508333333333334,-49.958,1.0,5.28,6.6000000000000005,,1.5,5.28,4.4,-48.537,1.2,5.292,5.5125,-48.537,1.0,5.28,6.6000000000000005,,1.4,5.288,4.7214285714285715,-49.958,0.7,5.276,9.42142857142857,-49.958,1.4,5.276,4.710714285714285,-49.958
05-01-2026-Fri 14-15-00-PM,1.7,5.28,3.882352941176471,-50.5531,-50.553,1.5,5.284,4.403333333333333,-50.553,1.8,5.272,3.6611111111111114,-49.099,1.5,5.28,4.4,-49.0992,-49.099,0.5,5.276,13.19,-49.099,1.2,5.28,5.500000000000001,-51.445,0.4,5.268,16.4625,-51.445,-51.445,1.2,5.28,5.500000000000001,-51.445,1.3,5.288,5.084615384615385,-50.553,1.1,5.284,6.004545454545454,,1.6,5.28,4.125,-49.099,1.4,5.292,4.7250000000000005,-49.099,1.1,5.28,6.0,,1.5,5.292,4.41,-50.553,0.8,5.272,8.2375,-50.553,1.5,5.276,4.3966666666666665,-50.553
05-01-2026-Fri 14-15-01-PM,1.4,5.28,4.714285714285714,-50.5862,-50.586,1.7,5.28,3.882352941176471,-50.586,1.6,5.272,4.11875,-49.132,1.2,5.28,5.500000000000001,-49.1322,-49.132,0.5,5.28,13.200000000000001,-49.132,1.2,5.28,5.500000000000001,-51.445,0.5,5.264,13.16,-51.445,-51.445,1.0,5.28,6.6000000000000005,-51.445,1.4,5.288,4.7214285714285715,-50.586,0.9,5.284,7.3388888888888895,,1.5,5.28,4.4,-49.132,1.3,5.292,5.088461538461539,-49.132,1.0,5.276,6.595,,1.5,5.292,4.41,-50.586,0.9,5.276,7.3277777777777775,-50.586,1.5,5.276,4.3966666666666665,-50.586
05-01-2026-Fri 14-15-03-PM,1.5,5.28,4.4,-50.6192,-50.619,1.6,5.284,4.128125,-50.619,1.3,5.276,5.073076923076924,-49.165,1.3,5.28,5.0769230769230775,-49.1652,-49.165,0.8,5.28,8.25,-49.165,0.9,5.28,7.333333333333334,-51.478,0.5,5.268,13.17,-51.478,-51.478,1.0,5.28,6.6000000000000005,-51.478,1.2,5.288,5.508333333333334,-50.619,1.2,5.284,5.504166666666667,,1.5,5.28,4.4,-49.165,1.1,5.288,6.009090909090909,-49.165,1.3,5.28,5.0769230769230775,,1.4,5.288,4.7214285714285715,-50.619,0.8,5.272,8.2375,-50.619,1.2,5.276,5.495833333333334,-50.619
05-01-2026-Fri 14-15-15-PM,1.5,5.28,4.4,-50.8505,-50.85,1.3,5.28,5.0769230769230775,-50.85,1.6,5.276,4.121874999999999,-49.364,1.4,5.284,4.7178571428571425,-49.3636,-49.364,0.8,5.28,8.25,-49.364,1.2,5.28,5.500000000000001,-51.709,0.3,5.272,21.96666666666667,-51.7092,-51.709,1.3,5.28,5.0769230769230775,-51.709,1.1,5.292,6.013636363636363,-50.85,0.7,5.288,9.442857142857143,,1.2,5.28,5.500000000000001,-49.364,1.2,5.296,5.5166666666666675,-49.364,0.9,5.284,7.3388888888888895,,1.2,5.292,5.5125,-50.85,0.6,5.276,10.991666666666667,-50.85,1.3,5.276,5.073076923076924,-50.85
05-01-2026-Fri 14-15-17-PM,1.6,5.28,4.125,-50.8835,-50.884,1.5,5.284,4.403333333333333,-50.884,1.1,5.28,6.0,-49.397,1.2,5.288,5.508333333333334,-49.3967,-49.397,0.8,5.28,8.25,-49.397,1.0,5.28,6.6000000000000005,-51.775,0.5,5.272,13.18,-51.7753,-51.775,0.7,5.284,9.435714285714285,-51.775,1.3,5.284,5.080769230769231,-50.884,1.0,5.288,6.61,,1.5,5.284,4.403333333333333,-49.397,1.1,5.292,6.013636363636363,-49.397,1.1,5.276,5.995454545454545,,1.1,5.292,6.013636363636363,-50.884,1.1,5.276,5.995454545454545,-50.884,1.3,5.276,5.073076923076924,-50.884
05-01-2026-Fri 14-15-18-PM,1.4,5.28,4.714285714285714,-50.9165,-50.916,1.3,5.288,5.084615384615385,-50.916,1.4,5.276,4.710714285714285,-49.43,1.4,5.284,4.7178571428571425,-49.4297,-49.43,0.7,5.284,9.435714285714285,-49.43,1.0,5.28,6.6000000000000005,-51.775,0.5,5.268,13.17,-51.7753,-51.775,0.9,5.284,7.3388888888888895,-51.775,1.1,5.288,6.009090909090909,-50.916,1.1,5.284,6.004545454545454,,1.5,5.28,4.4,-49.43,1.2,5.292,5.5125,-49.43,1.3,5.28,5.0769230769230775,,1.0,5.292,6.615,-50.916,1.0,5.272,6.59,-50.916,1.3,5.276,5.073076923076924,-50.916
05-01-2026-Fri 14-15-20-PM,1.5,5.28,4.4,-50.9165,-50.916,1.7,5.284,3.8852941176470592,-50.916,1.4,5.28,4.714285714285714,-49.43,1.3,5.28,5.0769230769230775,-49.4297,-49.43,0.4,5.284,16.5125,-49.43,0.8,5.28,8.25,-51.775,0.5,5.272,13.18,-51.7753,-51.775,1.0,5.28,6.6000000000000005,-51.775,1.1,5.288,6.009090909090909,-50.916,1.2,5.284,5.504166666666667,,1.6,5.28,4.125,-49.43,1.3,5.292,5.088461538461539,-49.43,1.0,5.28,6.6000000000000005,,1.0,5.292,6.615,-50.916,0.7,5.276,9.42142857142857,-50.916,1.3,5.276,5.073076923076924,-50.916
05-01-2026-Fri 14-16-07-PM,1.4,5.28,4.714285714285714,-51.7423,-51.742,1.5,5.284,4.403333333333333,-51.742,1.6,5.276,4.121874999999999,-50.157,1.4,5.28,4.714285714285714,-50.1567,-50.157,0.7,5.28,9.428571428571429,-50.157,0.8,5.276,8.243749999999999,-52.601,0.7,5.272,9.414285714285715,-52.6007,-52.601,0.9,5.284,7.3388888888888895,-52.601,1.1,5.288,6.009090909090909,-51.742,1.1,5.284,6.004545454545454,,1.2,5.28,5.500000000000001,-50.157,1.2,5.292,5.5125,-50.157,1.0,5.284,6.605,,1.2,5.292,5.5125,-51.742,0.8,5.276,8.243749999999999,-51.742,1.3,5.276,5.073076923076924,-51.742
05-01-2026-Fri 14-16-09-PM,1.5,5.28,4.4,-51.7423,-51.742,1.5,5.288,4.406666666666667,-51.742,1.4,5.276,4.710714285714285,-50.19,1.2,5.28,5.500000000000001,-50.1898,-50.19,0.9,5.28,7.333333333333334,-50.19,1.1,5.284,6.004545454545454,-52.634,0.6,5.272,10.983333333333334,-52.6337,-52.634,0.8,5.284,8.25625,-52.634,1.1,5.292,6.013636363636363,-51.742,0.9,5.284,7.3388888888888895,,1.4,5.28,4.714285714285714,-50.19,1.0,5.292,6.615,-50.19,1.1,5.28,6.0,,1.0,5.292,6.615,-51.742,0.7,5.276,9.42142857142857,-51.742,1.4,5.276,4.710714285714285,-51.742
05-01-2026-Fri 14-16-10-PM,1.5,5.28,4.4,-51.7753,-51.775,1.3,5.284,5.080769230769231,-51.775,1.4,5.276,4.710714285714285,-50.223,0.9,5.284,7.3388888888888895,-50.2228,-50.223,0.6,5.284,11.008333333333335,-50.223,0.9,5.284,7.3388888888888895,-52.7,0.3,5.272,21.96666666666667,-52.6998,-52.7,0.8,5.284,8.25625,-52.7,1.1,5.288,6.009090909090909,-51.775,0.7,5.288,9.442857142857143,,1.3,5.28,5.0769230769230775,-50.223,1.0,5.292,6.615,-50.223,1.1,5.284,6.004545454545454,,1.5,5.296,4.413333333333334,-51.775,0.8,5.272,8.2375,-51.775,1.2,5.276,5.495833333333334,-51.775
05-01-2026-Fri 14-17-21-PM,1.4,5.28,4.714285714285714,-52.8979,-52.898,1.1,5.284,6.004545454545454,-52.898,1.3,5.276,5.073076923076924,-51.214,1.0,5.284,6.605,-51.2139,-51.214,0.7,5.28,9.428571428571429,-51.214,1.0,5.28,6.6000000000000005,-53.789,0.8,5.272,8.2375,-53.7889,-53.789,1.0,5.28,6.6000000000000005,-53.789,1.1,5.288,6.009090909090909,-52.898,1.0,5.284,6.605,,1.2,5.28,5.500000000000001,-51.214,1.1,5.292,6.013636363636363,-51.214,1.1,5.28,6.0,,1.0,5.292,6.615,-52.898,0.7,5.276,9.42142857142857,-52.898,1.3,5.28,5.0769230769230775,-52.898
05-01-2026-Fri 14-17-22-PM,1.2,5.28,5.500000000000001,-52.8979,-52.898,0.9,5.288,7.344444444444445,-52.898,1.2,5.28,5.500000000000001,-51.214,1.3,5.284,5.080769230769231,-51.2139,-51.214,0.7,5.284,9.435714285714285,-51.214,0.9,5.284,7.3388888888888895,-53.789,0.5,5.272,13.18,-53.7889,-53.789,1.1,5.284,6.004545454545454,-53.789,1.1,5.288,6.009090909090909,-52.898,0.8,5.284,8.25625,,1.1,5.28,6.0,-51.214,1.0,5.292,6.615,-51.214,1.0,5.28,6.6000000000000005,,1.1,5.292,6.013636363636363,-52.898,0.9,5.276,7.3277777777777775,-52.898,1.0,5.276,6.595,-52.898
05-01-2026-Fri 14-17-24-PM,1.4,5.284,4.7178571428571425,-52.9308,-52.931,1.0,5.284,6.605,-52.931,1.5,5.276,4.3966666666666665,-51.214,1.2,5.284,5.504166666666667,-51.2139,-51.214,0.5,5.284,13.21,-51.214,0.9,5.284,7.3388888888888895,-53.855,0.3,5.272,21.96666666666667,-53.855,-53.855,0.8,5.284,8.25625,-53.855,1.0,5.284,6.605,-52.931,0.6,5.288,11.016666666666667,,1.5,5.284,4.403333333333333,-51.214,0.9,5.292,7.3500000000000005,-51.214,1.0,5.28,6.6000000000000005,,1.0,5.292,6.615,-52.931,0.8,5.276,8.243749999999999,-52.931,1.1,5.276,5.995454545454545,-52.931
05-01-2026-Fri 14-17-25-PM,1.1,5.284,6.004545454545454,-52.9308,-52.931,1.1,5.284,6.004545454545454,-52.931,1.0,5.276,6.595,-51.247,0.9,5.28,7.333333333333334,-51.2469,-51.247,0.6,5.28,11.000000000000002,-51.247,0.9,5.28,7.333333333333334,-53.855,0.4,5.268,16.4625,-53.855,-53.855,0.6,5.28,11.000000000000002,-53.855,0.9,5.284,7.3388888888888895,-52.931,0.8,5.288,8.2625,,1.1,5.28,6.0,-51.247,1.2,5.292,5.5125,-51.247,0.7,5.28,9.428571428571429,,1.2,5.292,5.5125,-52.931,0.8,5.276,8.243749999999999,-52.931,1.2,5.276,5.495833333333334,-52.931
05-01-2026-Fri 14-17-44-PM,1.5,5.276,4.3966666666666665,-53.1949,-53.195,1.3,5.288,5.084615384615385,-53.195,1.5,5.276,4.3966666666666665,-51.478,1.1,5.284,6.004545454545454,-51.478,-51.478,0.4,5.28,16.5,-51.478,0.9,5.28,7.333333333333334,-54.152,0.4,5.268,16.4625,-54.1519,-54.152,1.0,5.28,6.6000000000000005,-54.152,1.1,5.288,6.009090909090909,-53.195,0.6,5.284,11.008333333333335,,1.3,5.28,5.0769230769230775,-51.478,1.0,5.288,6.61,-51.478,0.9,5.28,7.333333333333334,,0.9,5.292,7.3500000000000005,-53.195,0.8,5.276,8.243749999999999,-53.195,1.0,5.276,6.595,-53.195
05-01-2026-Fri 14-17-46-PM,1.2,5.28,5.500000000000001,-53.2279,-53.228,1.1,5.28,6.0,-53.228,1.1,5.276,5.995454545454545,-51.511,1.0,5.28,6.6000000000000005,-51.5111,-51.511,0.5,5.276,13.19,-51.511,0.6,5.28,11.000000000000002,-54.119,0.5,5.272,13.18,-54.1189,-54.119,0.7,5.28,9.428571428571429,-54.119,1.2,5.288,5.508333333333334,-53.228,0.7,5.284,9.435714285714285,,1.4,5.28,4.714285714285714,-51.511,1.1,5.288,6.009090909090909,-51.511,1.0,5.276,6.595,,1.0,5.288,6.61,-53.228,0.7,5.272,9.414285714285715,-53.228,1.3,5.276,5.073076923076924,-53.228
05-01-2026-Fri 14-17-47-PM,1.2,5.28,5.500000000000001,-53.2609,-53.261,1.2,5.284,5.504166666666667,-53.261,1.1,5.276,5.995454545454545,-51.544,0.9,5.28,7.333333333333334,-51.5441,-51.544,0.3,5.28,22.000000000000004,-51.544,0.8,5.28,8.25,-54.185,0.1,5.272,65.9,-54.1849,-54.185,0.7,5.28,9.428571428571429,-54.185,1.0,5.288,6.61,-53.261,0.7,5.284,9.435714285714285,,1.1,5.276,5.995454545454545,-51.544,1.0,5.292,6.615,-51.544,0.8,5.28,8.25,,0.8,5.288,8.2625,-53.261,0.5,5.276,13.19,-53.261,0.9,5.276,7.3277777777777775,-53.261
05-01-2026-Fri 14-19-17-PM,1.1,5.284,6.004545454545454,-54.3499,-54.35,1.2,5.288,5.508333333333334,-54.35,1.1,5.276,5.995454545454545,-52.535,1.0,5.284,6.605,-52.5347,-52.535,0.7,5.284,9.435714285714285,-52.535,0.6,5.284,11.008333333333335,-55.24,0.4,5.276,16.487499999999997,-55.2405,-55.24,0.9,5.284,7.3388888888888895,-55.24,1.0,5.288,6.61,-54.35,1.0,5.288,6.61,,1.1,5.28,6.0,-52.535,1.1,5.292,6.013636363636363,-52.535,0.8,5.284,8.25625,,0.7,5.292,9.450000000000001,-54.35,0.6,5.276,10.991666666666667,-54.35,1.2,5.28,5.500000000000001,-54.35
05-01-2026-Fri 14-19-18-PM,1.3,5.28,5.0769230769230775,-54.3828,-54.383,0.9,5.288,7.344444444444445,-54.383,1.4,5.28,4.714285714285714,-52.568,1.2,5.284,5.504166666666667,-52.5678,-52.568,0.4,5.284,16.5125,-52.568,0.8,5.284,8.25625,-55.273,0.6,5.272,10.983333333333334,-55.2734,-55.273,0.6,5.284,11.008333333333335,-55.273,1.0,5.288,6.61,-54.383,0.9,5.288,7.344444444444445,,1.1,5.28,6.0,-52.568,0.8,5.292,8.268749999999999,-52.568,0.7,5.28,9.428571428571429,,0.7,5.292,9.450000000000001,-54.383,0.6,5.276,10.991666666666667,-54.383,1.0,5.276,6.595,-54.383
05-01-2026-Fri 14-20-09-PM,1.2,5.284,5.504166666666667,-54.8777,-54.878,0.8,5.288,8.2625,-54.878,1.0,5.28,6.6000000000000005,-53.096,0.8,5.284,8.25625,-53.0959,-53.096,0.5,5.288,13.22,-53.096,1.0,5.284,6.605,-55.735,0.3,5.276,21.983333333333334,-55.7352,-55.735,0.9,5.284,7.3388888888888895,-55.735,1.0,5.292,6.615,-54.878,0.9,5.288,7.344444444444445,,1.0,5.284,6.605,-53.096,1.0,5.296,6.62,-53.096,0.8,5.284,8.25625,,0.7,5.296,9.457142857142857,-54.878,0.6,5.276,10.991666666666667,-54.878,1.2,5.28,5.500000000000001,-54.878
05-01-2026-Fri 14-20-10-PM,1.0,5.284,6.605,-54.9107,-54.911,1.1,5.288,6.009090909090909,-54.911,1.0,5.28,6.6000000000000005,-53.129,0.9,5.288,7.344444444444445,-53.1288,-53.129,0.3,5.284,22.01666666666667,-53.129,0.6,5.284,11.008333333333335,-55.735,0.3,5.276,21.983333333333334,-55.7352,-55.735,0.8,5.284,8.25625,-55.735,0.9,5.292,7.3500000000000005,-54.911,0.9,5.288,7.344444444444445,,1.0,5.284,6.605,-53.129,0.7,5.292,9.450000000000001,-53.129,0.5,5.284,13.21,,1.0,5.296,6.62,-54.911,0.4,5.28,16.5,-54.911,1.1,5.28,6.0,-54.911
05-01-2026-Fri 14-20-24-PM,1.0,5.284,6.605,-55.0426,-55.043,0.9,5.288,7.344444444444445,-55.043,1.1,5.276,5.995454545454545,-53.228,0.8,5.284,8.25625,-53.2279,-53.228,0.4,5.284,16.5125,-53.228,0.7,5.28,9.428571428571429,-55.867,0.4,5.272,16.475,-55.8671,-55.867,0.8,5.288,8.2625,-55.867,1.1,5.288,6.009090909090909,-55.043,0.9,5.288,7.344444444444445,,1.3,5.284,5.080769230769231,-53.228,1.1,5.292,6.013636363636363,-53.228,1.0,5.284,6.605,,0.8,5.292,8.268749999999999,-55.043,0.9,5.276,7.3277777777777775,-55.043,1.1,5.276,5.995454545454545,-55.043
05-01-2026-Fri 14-20-26-PM,1.1,5.284,6.004545454545454,-55.0756,-55.076,1.0,5.288,6.61,-55.076,1.1,5.276,5.995454545454545,-53.261,1.2,5.288,5.508333333333334,-53.2609,-53.261,0.3,5.28,22.000000000000004,-53.261,0.5,5.28,13.200000000000001,-55.9,0.4,5.268,16.4625,-55.9001,-55.9,0.5,5.284,13.21,-55.9,0.9,5.288,7.344444444444445,-55.076,0.6,5.288,11.016666666666667,,1.2,5.284,5.504166666666667,-53.261,1.0,5.296,6.62,-53.261,0.9,5.284,7.3388888888888895,,1.1,5.296,6.018181818181818,-55.076,0.7,5.28,9.428571428571429,-55.076,0.9,5.28,7.333333333333334,-55.076
05-01-2026-Fri 14-20-27-PM,1.4,5.284,4.7178571428571425,-55.0756,-55.076,1.0,5.288,6.61,-55.076,1.2,5.28,5.500000000000001,-53.294,0.7,5.288,9.442857142857143,-53.2938,-53.294,0.6,5.284,11.008333333333335,-53.294,0.6,5.284,11.008333333333335,-55.9,0.2,5.272,32.95,-55.9001,-55.9,0.6,5.284,11.008333333333335,-55.9,0.9,5.288,7.344444444444445,-55.076,0.5,5.288,13.22,,0.8,5.284,8.25625,-53.294,0.9,5.296,7.355555555555557,-53.294,0.9,5.28,7.333333333333334,,1.0,5.292,6.615,-55.076,0.6,5.28,11.000000000000002,-55.076,0.8,5.28,8.25,-55.076
05-01-2026-Fri 14-20-40-PM,1.2,5.284,5.504166666666667,-55.2076,-55.208,1.2,5.284,5.504166666666667,-55.208,0.9,5.276,7.3277777777777775,-53.426,0.7,5.284,9.435714285714285,-53.4259,-53.426,0.4,5.28,16.5,-53.426,0.8,5.28,8.25,-55.999,0.3,5.268,21.95,-55.9989,-55.999,0.9,5.284,7.3388888888888895,-55.999,0.5,5.288,13.22,-55.208,0.5,5.284,13.21,,0.7,5.284,9.435714285714285,-53.426,0.6,5.292,11.025,-53.426,0.6,5.276,10.991666666666667,,0.8,5.292,8.268749999999999,-55.208,0.8,5.276,8.243749999999999,-55.208,0.8,5.276,8.243749999999999,-55.208
05-01-2026-Fri 14-20-41-PM,1.2,5.284,5.504166666666667,-55.2076,-55.208,0.7,5.284,9.435714285714285,-55.208,1.2,5.276,5.495833333333334,-53.426,0.8,5.284,8.25625,-53.4259,-53.426,0.4,5.28,16.5,-53.426,0.7,5.28,9.428571428571429,-55.999,0.4,5.272,16.475,-55.9989,-55.999,0.7,5.284,9.435714285714285,-55.999,1.0,5.288,6.61,-55.208,0.9,5.288,7.344444444444445,,1.0,5.284,6.605,-53.426,0.9,5.292,7.3500000000000005,-53.426,0.8,5.284,8.25625,,0.8,5.292,8.268749999999999,-55.208,0.4,5.28,16.5,-55.208,0.7,5.28,9.428571428571429,-55.208
05-01-2026-Fri 14-20-42-PM,1.3,5.276,5.073076923076924,-55.2076,-55.208,0.9,5.284,7.3388888888888895,-55.208,0.9,5.276,7.3277777777777775,-53.426,0.8,5.284,8.25625,-53.4259,-53.426,0.5,5.28,13.200000000000001,-53.426,0.8,5.284,8.25625,-56.032,0.3,5.272,21.96666666666667,-56.0319,-56.032,0.6,5.28,11.000000000000002,-56.032,1.0,5.288,6.61,-55.208,0.5,5.288,13.22,,0.9,5.28,7.333333333333334,-53.426,0.6,5.292,11.025,-53.426,0.8,5.28,8.25,,0.9,5.292,7.3500000000000005,-55.208,0.3,5.276,21.983333333333334,-55.208,0.9,5.276,7.3277777777777775,-55.208
05-01-2026-Fri 14-20-44-PM,1.2,5.28,5.500000000000001,-55.2076,-55.208,0.8,5.284,8.25625,-55.208,0.9,5.28,7.333333333333334,-53.459,0.9,5.284,7.3388888888888895,-53.4589,-53.459,0.3,5.28,22.000000000000004,-53.459,0.6,5.284,11.008333333333335,-56.065,0.3,5.272,21.96666666666667,-56.0649,-56.065,0.6,5.284,11.008333333333335,-56.065,0.6,5.288,11.016666666666667,-55.208,0.5,5.288,13.22,,0.9,5.28,7.333333333333334,-53.459,0.8,5.292,8.268749999999999,-53.459,0.7,5.28,9.428571428571429,,0.8,5.292,8.268749999999999,-55.208,0.7,5.276,9.42142857142857,-55.208,0.9,5.28,7.333333333333334,-55.208
05-01-2026-Fri 14-21-18-PM,1.1,5.28,6.0,-55.6692,-55.669,1.0,5.284,6.605,-55.669,0.9,5.276,7.3277777777777775,-53.987,1.0,5.28,6.6000000000000005,-53.9869,-53.987,0.6,5.28,11.000000000000002,-53.987,0.8,5.284,8.25625,-56.494,0.4,5.272,16.475,-56.4935,-56.494,0.7,5.28,9.428571428571429,-56.494,1.0,5.284,6.605,-55.669,0.7,5.288,9.442857142857143,,1.1,5.28,6.0,-53.987,0.9,5.292,7.3500000000000005,-53.987,0.8,5.28,8.25,,0.7,5.292,9.450000000000001,-55.669,0.5,5.276,13.19,-55.669,0.9,5.276,7.3277777777777775,-55.669
05-01-2026-Fri 14-21-20-PM,1.3,5.28,5.0769230769230775,-55.7022,-55.702,1.0,5.284,6.605,-55.702,1.2,5.276,5.495833333333334,-54.02,0.8,5.284,8.25625,-54.0199,-54.02,0.5,5.284,13.21,-54.02,0.8,5.284,8.25625,-56.526,0.4,5.268,16.4625,-56.5265,-56.526,0.7,5.284,9.435714285714285,-56.526,1.1,5.288,6.009090909090909,-55.702,0.7,5.288,9.442857142857143,,0.8,5.284,8.25625,-54.02,0.8,5.292,8.268749999999999,-54.02,0.7,5.28,9.428571428571429,,0.7,5.292,9.450000000000001,-55.702,0.6,5.276,10.991666666666667,-55.702,0.8,5.276,8.243749999999999,-55.702
05-01-2026-Fri 14-21-21-PM,1.0,5.284,6.605,-55.7352,-55.735,1.0,5.288,6.61,-55.735,0.8,5.276,8.243749999999999,-54.053,0.6,5.284,11.008333333333335,-54.0529,-54.053,0.5,5.28,13.200000000000001,-54.053,0.6,5.284,11.008333333333335,-56.526,0.1,5.272,65.9,-56.5265,-56.526,0.6,5.284,11.008333333333335,-56.526,0.9,5.288,7.344444444444445,-55.735,0.5,5.288,13.22,,0.9,5.284,7.3388888888888895,-54.053,0.7,5.292,9.450000000000001,-54.053,0.8,5.284,8.25625,,0.8,5.296,8.275,-55.735,0.5,5.276,13.19,-55.735,0.8,5.276,8.243749999999999,-55.735
05-01-2026-Fri 14-21-22-PM,0.8,5.28,8.25,-55.7681,-55.768,0.8,5.288,8.2625,-55.768,1.0,5.276,6.595,-54.086,0.8,5.284,8.25625,-54.0859,-54.086,0.5,5.284,13.21,-54.086,0.4,5.28,16.5,-56.526,0.3,5.272,21.96666666666667,-56.5265,-56.526,0.7,5.284,9.435714285714285,-56.526,0.8,5.288,8.2625,-55.768,0.7,5.284,9.435714285714285,,0.9,5.28,7.333333333333334,-54.086,0.8,5.292,8.268749999999999,-54.086,0.5,5.284,13.21,,0.8,5.288,8.2625,-55.768,0.3,5.272,21.96666666666667,-55.768,0.9,5.276,7.3277777777777775,-55.768
05-01-2026-Fri 14-21-24-PM,1.0,5.28,6.6000000000000005,-55.8011,-55.801,0.9,5.284,7.3388888888888895,-55.801,0.9,5.276,7.3277777777777775,-54.152,0.7,5.28,9.428571428571429,-54.1519,-54.152,0.2,5.28,33.0,-54.152,0.5,5.28,13.200000000000001,-56.526,0.3,5.272,21.96666666666667,-56.5265,-56.526,0.6,5.28,11.000000000000002,-56.526,0.9,5.288,7.344444444444445,-55.801,0.7,5.284,9.435714285714285,,0.7,5.28,9.428571428571429,-54.152,0.8,5.292,8.268749999999999,-54.152,0.7,5.284,9.435714285714285,,0.9,5.292,7.3500000000000005,-55.801,0.5,5.272,13.18,-55.801,0.8,5.276,8.243749999999999,-55.801
05-01-2026-Fri 14-22-39-PM,1.1,5.28,6.0,-57.0209,-57.021,0.9,5.284,7.3388888888888895,-57.021,1.1,5.276,5.995454545454545,-55.438,0.7,5.284,9.435714285714285,-55.4383,-55.438,0.5,5.284,13.21,-55.438,0.8,5.28,8.25,-57.812,0.3,5.272,21.96666666666667,-57.8119,-57.812,0.8,5.284,8.25625,-57.812,0.8,5.288,8.2625,-57.021,0.6,5.288,11.016666666666667,,1.0,5.284,6.605,-55.438,0.9,5.292,7.3500000000000005,-55.438,0.9,5.28,7.333333333333334,,0.6,5.292,11.025,-57.021,0.4,5.276,16.487499999999997,-57.021,0.8,5.28,8.25,-57.021
05-01-2026-Fri 14-22-40-PM,0.9,5.28,7.333333333333334,-57.0539,-57.054,0.8,5.284,8.25625,-57.054,0.9,5.276,7.3277777777777775,-55.471,0.7,5.284,9.435714285714285,-55.4714,-55.471,0.5,5.28,13.200000000000001,-55.471,0.7,5.284,9.435714285714285,-57.812,0.4,5.272,16.475,-57.8119,-57.812,0.6,5.284,11.008333333333335,-57.812,0.8,5.284,8.25625,-57.054,0.4,5.284,16.5125,,0.9,5.284,7.3388888888888895,-55.471,0.5,5.292,13.23,-55.471,0.8,5.284,8.25625,,0.8,5.292,8.268749999999999,-57.054,0.4,5.276,16.487499999999997,-57.054,0.8,5.276,8.243749999999999,-57.054
05-01-2026-Fri 14-22-42-PM,0.9,5.28,7.333333333333334,-57.0868,-57.087,0.7,5.284,9.435714285714285,-57.087,0.9,5.276,7.3277777777777775,-55.471,0.8,5.284,8.25625,-55.4714,-55.471,0.3,5.28,22.000000000000004,-55.471,0.6,5.28,11.000000000000002,-57.845,0.1,5.272,65.9,-57.8448,-57.845,0.8,5.284,8.25625,-57.845,0.8,5.292,8.268749999999999,-57.087,0.3,5.284,22.01666666666667,,0.7,5.28,9.428571428571429,-55.471,0.5,5.292,13.23,-55.471,0.8,5.284,8.25625,,0.7,5.292,9.450000000000001,-57.087,0.7,5.276,9.42142857142857,-57.087,0.6,5.276,10.991666666666667,-57.087
05-01-2026-Fri 14-22-43-PM,1.0,5.276,6.595,-57.1198,-57.12,0.8,5.284,8.25625,-57.12,0.9,5.276,7.3277777777777775,-55.504,0.8,5.284,8.25625,-55.5044,-55.504,0.5,5.28,13.200000000000001,-55.504,0.6,5.28,11.000000000000002,-57.878,0.1,5.272,65.9,-57.8778,-57.878,0.7,5.284,9.435714285714285,-57.878,0.4,5.288,16.525,-57.12,0.3,5.284,22.01666666666667,,0.9,5.28,7.333333333333334,-55.504,0.3,5.292,22.05,-55.504,0.4,5.28,16.5,,0.7,5.292,9.450000000000001,-57.12,0.5,5.276,13.19,-57.12,0.9,5.276,7.3277777777777775,-57.12
05-01-2026-Fri 14-25-06-PM,1.1,5.28,6.0,-58.9978,-58.998,0.6,5.288,11.016666666666667,-58.998,0.7,5.276,9.42142857142857,-57.285,0.5,5.284,13.21,-57.2846,-57.285,0.5,5.28,13.200000000000001,-57.285,0.4,5.284,16.5125,-59.821,0.6,5.268,10.975,-59.8211,-59.821,0.7,5.284,9.435714285714285,-59.821,0.7,5.288,9.442857142857143,-58.998,0.5,5.288,13.22,,0.7,5.284,9.435714285714285,-57.285,0.5,5.292,13.23,-57.285,0.3,5.28,22.000000000000004,,0.8,5.292,8.268749999999999,-58.998,0.6,5.272,10.983333333333334,-58.998,0.4,5.276,16.487499999999997,-58.998
05-01-2026-Fri 14-25-07-PM,0.7,5.28,9.428571428571429,-58.9978,-58.998,0.8,5.288,8.2625,-58.998,0.8,5.276,8.243749999999999,-57.318,0.7,5.28,9.428571428571429,-57.3175,-57.318,0.2,5.28,33.0,-57.318,0.6,5.28,11.000000000000002,-59.821,0.3,5.272,21.96666666666667,-59.8211,-59.821,0.6,5.28,11.000000000000002,-59.821,0.5,5.288,13.22,-58.998,0.6,5.284,11.008333333333335,,0.7,5.284,9.435714285714285,-57.318,0.4,5.292,16.537499999999998,-57.318,0.7,5.28,9.428571428571429,,0.6,5.292,11.025,-58.998,0.4,5.276,16.487499999999997,-58.998,0.5,5.28,13.200000000000001,-58.998
05-01-2026-Fri 14-25-08-PM,0.9,5.276,7.3277777777777775,-59.0307,-59.031,0.9,5.284,7.3388888888888895,-59.031,0.7,5.276,9.42142857142857,-57.285,0.6,5.284,11.008333333333335,-57.2846,-57.285,0.2,5.284,33.025,-57.285,0.5,5.28,13.200000000000001,-59.788,0.2,5.268,32.925,-59.7882,-59.788,0.5,5.284,13.21,-59.788,0.5,5.288,13.22,-59.031,0.2,5.284,33.025,,0.7,5.284,9.435714285714285,-57.285,0.5,5.288,13.22,-57.285,0.7,5.28,9.428571428571429,,0.6,5.288,11.016666666666667,-59.031,0.5,5.276,13.19,-59.031,0.6,5.28,11.000000000000002,-59.031
05-01-2026-Fri 14-25-10-PM,0.7,5.284,9.435714285714285,-59.0636,-59.064,0.4,5.288,16.525,-59.064,0.6,5.276,10.991666666666667,-57.318,0.5,5.284,13.21,-57.3175,-57.318,0.3,5.28,22.000000000000004,-57.318,0.7,5.28,9.428571428571429,-59.854,0.4,5.268,16.4625,-59.854,-59.854,0.6,5.284,11.008333333333335,-59.854,0.6,5.288,11.016666666666667,-59.064,0.6,5.288,11.016666666666667,,0.5,5.28,13.200000000000001,-57.318,0.6,5.292,11.025,-57.318,0.5,5.28,13.200000000000001,,0.6,5.292,11.025,-59.064,0.4,5.276,16.487499999999997,-59.064,0.6,5.276,10.991666666666667,-59.064
05-01-2026-Fri 14-25-11-PM,0.7,5.28,9.428571428571429,-59.0307,-59.031,0.9,5.284,7.3388888888888895,-59.031,0.4,5.28,16.5,-57.318,0.6,5.284,11.008333333333335,-57.3175,-57.318,0.4,5.284,16.5125,-57.318,0.7,5.28,9.428571428571429,-59.854,0.1,5.272,65.9,-59.854,-59.854,0.6,5.28,11.000000000000002,-59.854,0.8,5.288,8.2625,-59.031,0.4,5.288,16.525,,0.6,5.284,11.008333333333335,-57.318,0.8,5.296,8.275,-57.318,0.5,5.284,13.21,,0.5,5.292,13.23,-59.031,0.5,5.272,13.18,-59.031,0.6,5.276,10.991666666666667,-59.031
05-01-2026-Fri 14-25-12-PM,0.8,5.28,8.25,-59.0966,-59.097,0.6,5.288,11.016666666666667,-59.097,0.9,5.28,7.333333333333334,-57.35,0.6,5.288,11.016666666666667,-57.3505,-57.35,0.2,5.28,33.0,-57.35,0.6,5.28,11.000000000000002,-59.887,0.2,5.272,32.95,-59.8869,-59.887,0.6,5.284,11.008333333333335,-59.887,0.8,5.292,8.268749999999999,-59.097,0.4,5.288,16.525,,0.6,5.28,11.000000000000002,-57.35,0.4,5.292,16.537499999999998,-57.35,0.3,5.284,22.01666666666667,,0.4,5.292,16.537499999999998,-59.097,0.6,5.276,10.991666666666667,-59.097,0.6,5.28,11.000000000000002,-59.097
05-01-2026-Fri 14-25-28-PM,0.7,5.284,9.435714285714285,-59.2942,-59.294,0.7,5.284,9.435714285714285,-59.294,0.6,5.276,10.991666666666667,-57.515,0.5,5.284,13.21,-57.5153,-57.515,0.4,5.284,16.5125,-57.515,0.5,5.28,13.200000000000001,-60.019,0.3,5.272,21.96666666666667,-60.0186,-60.019,0.4,5.284,16.5125,-60.019,0.6,5.288,11.016666666666667,-59.294,0.4,5.288,16.525,,0.7,5.284,9.435714285714285,-57.515,0.1,5.292,66.14999999999999,-57.515,0.6,5.28,11.000000000000002,,0.7,5.292,9.450000000000001,-59.294,0.3,5.276,21.983333333333334,-59.294,0.6,5.276,10.991666666666667,-59.294
05-01-2026-Fri 14-25-29-PM,0.7,5.284,9.435714285714285,-59.2942,-59.294,0.3,5.288,22.033333333333335,-59.294,0.5,5.28,13.200000000000001,-57.548,0.6,5.284,11.008333333333335,-57.5483,-57.548,0.3,5.284,22.01666666666667,-57.548,0.4,5.284,16.5125,-60.084,0.2,5.272,32.95,-60.0845,-60.084,0.5,5.288,13.22,-60.084,0.7,5.288,9.442857142857143,-59.294,0.6,5.288,11.016666666666667,,0.4,5.284,16.5125,-57.548,0.5,5.296,13.24,-57.548,0.6,5.284,11.008333333333335,,0.7,5.292,9.450000000000001,-59.294,0.6,5.276,10.991666666666667,-59.294,0.6,5.276,10.991666666666667,-59.294
05-01-2026-Fri 14-25-30-PM,0.6,5.284,11.008333333333335,-59.2942,-59.294,0.6,5.284,11.008333333333335,-59.294,0.8,5.276,8.243749999999999,-57.548,0.5,5.284,13.21,-57.5483,-57.548,0.1,5.284,66.05,-57.548,0.5,5.284,13.21,-60.052,0.5,5.272,13.18,-60.0515,-60.052,0.4,5.284,16.5125,-60.052,0.4,5.292,16.537499999999998,-59.294,0.4,5.292,16.537499999999998,,0.7,5.28,9.428571428571429,-57.548,0.3,5.296,22.06666666666667,-57.548,0.5,5.284,13.21,,0.7,5.296,9.457142857142857,-59.294,0.4,5.276,16.487499999999997,-59.294,0.4,5.276,16.487499999999997,-59.294
05-01-2026-Fri 14-25-32-PM,0.5,5.284,13.21,-59.3271,-59.327,0.6,5.288,11.016666666666667,-59.327,0.4,5.276,16.487499999999997,-57.548,0.7,5.288,9.442857142857143,-57.5483,-57.548,0.2,5.28,33.0,-57.548,0.4,5.284,16.5125,-60.117,0.2,5.272,32.95,-60.1174,-60.117,0.6,5.284,11.008333333333335,-60.117,0.6,5.292,11.025,-59.327,0.3,5.284,22.01666666666667,,0.3,5.284,22.01666666666667,-57.548,0.4,5.292,16.537499999999998,-57.548,0.7,5.28,9.428571428571429,,0.7,5.292,9.450000000000001,-59.327,0.4,5.28,16.5,-59.327,0.5,5.28,13.200000000000001,-59.327
05-01-2026-Fri 14-26-10-PM,0.8,5.284,8.25625,-59.7552,-59.755,0.4,5.288,16.525,-59.755,0.8,5.276,8.243749999999999,-57.977,0.5,5.284,13.21,-57.9766,-57.977,0.1,5.284,66.05,-57.977,0.3,5.28,22.000000000000004,-60.512,0.5,5.272,13.18,-60.5125,-60.512,0.6,5.284,11.008333333333335,-60.512,0.6,5.284,11.008333333333335,-59.755,0.4,5.288,16.525,,0.7,5.284,9.435714285714285,-57.977,0.1,5.292,66.14999999999999,-57.977,0.6,5.28,11.000000000000002,,0.4,5.292,16.537499999999998,-59.755,0.4,5.276,16.487499999999997,-59.755,0.4,5.276,16.487499999999997,-59.755
05-01-2026-Fri 14-28-08-PM,0.6,5.28,11.000000000000002,-61.2036,-61.204,0.5,5.284,13.21,-61.204,0.4,5.28,16.5,-59.558,0.7,5.28,9.428571428571429,-59.5576,-59.558,0.2,5.276,32.974999999999994,-59.558,0.4,5.28,16.5,-61.928,0.2,5.272,32.95,-61.9276,-61.928,0.3,5.284,22.01666666666667,-61.928,0.5,5.288,13.22,-61.204,0.4,5.28,16.5,,0.6,5.28,11.000000000000002,-59.558,0.5,5.288,13.22,-59.558,0.5,5.28,13.200000000000001,,0.6,5.288,11.016666666666667,-61.204,0.4,5.276,16.487499999999997,-61.204,0.5,5.272,13.18,-61.204
05-01-2026-Fri 14-28-09-PM,0.8,5.276,8.243749999999999,-61.2365,-61.236,0.7,5.28,9.428571428571429,-61.236,0.7,5.276,9.42142857142857,-59.558,0.3,5.284,22.01666666666667,-59.5576,-59.558,0.1,5.28,66.0,-59.558,0.5,5.28,13.200000000000001,-61.895,0.3,5.268,21.95,-61.8947,-61.895,0.5,5.284,13.21,-61.895,0.5,5.288,13.22,-61.236,0.5,5.284,13.21,,0.6,5.28,11.000000000000002,-59.558,0.6,5.292,11.025,-59.558,0.2,5.28,33.0,,0.5,5.288,13.22,-61.236,0.2,5.276,32.974999999999994,-61.236,0.7,5.276,9.42142857142857,-61.236
05-01-2026-Fri 14-28-11-PM,0.8,5.28,8.25,-61.2695,-61.27,0.5,5.288,13.22,-61.27,0.6,5.276,10.991666666666667,-59.591,0.5,5.284,13.21,-59.5906,-59.591,0.3,5.28,22.000000000000004,-59.591,0.5,5.284,13.21,-61.895,-0.2,5.272,-32.95,-61.8947,-61.895,0.3,5.276,21.983333333333334,-61.895,0.3,5.288,22.033333333333335,-61.27,0.2,5.288,33.05,,0.6,5.28,11.000000000000002,-59.591,0.6,5.288,11.016666666666667,-59.591,0.3,5.28,22.000000000000004,,0.6,5.288,11.016666666666667,-61.27,0.4,5.276,16.487499999999997,-61.27,0.5,5.272,13.18,-61.27
05-01-2026-Fri 14-28-12-PM,0.4,5.28,16.5,-61.3024,-61.302,0.3,5.284,22.01666666666667,-61.302,0.7,5.276,9.42142857142857,-59.624,0.6,5.28,11.000000000000002,-59.6236,-59.624,0.3,5.28,22.000000000000004,-59.624,0.6,5.28,11.000000000000002,-61.928,0.2,5.268,32.925,-61.9276,-61.928,0.3,5.284,22.01666666666667,-61.928,0.4,5.288,16.525,-61.302,0.4,5.284,16.5125,,0.4,5.28,16.5,-59.624,0.4,5.292,16.537499999999998,-59.624,0.4,5.28,16.5,,0.3,5.288,22.033333333333335,-61.302,0.2,5.272,32.95,-61.302,0.7,5.276,9.42142857142857,-61.302
05-01-2026-Fri 14-28-30-PM,0.9,5.28,7.333333333333334,-61.6314,-61.631,0.4,5.284,16.5125,-61.631,0.5,5.276,13.19,-59.986,0.4,5.28,16.5,-59.9857,-59.986,0.1,5.276,65.94999999999999,-59.986,0.5,5.28,13.200000000000001,-62.256,0.4,5.268,16.4625,-62.2565,-62.256,0.1,5.28,66.0,-62.256,0.4,5.288,16.525,-61.631,0.3,5.284,22.01666666666667,,0.4,5.28,16.5,-59.986,0.4,5.292,16.537499999999998,-59.986,0.2,5.28,33.0,,0.4,5.292,16.537499999999998,-61.631,0.5,5.276,13.19,-61.631,0.6,5.276,10.991666666666667,-61.631
05-01-2026-Fri 14-28-32-PM,0.4,5.276,16.487499999999997,-61.6971,-61.697,0.2,5.284,33.025,-61.697,0.5,5.276,13.19,-60.052,0.4,5.28,16.5,-60.0515,-60.052,0.1,5.28,66.0,-60.052,0.4,5.284,16.5125,-62.322,0.0,5.272,inf,-62.3223,-62.322,0.2,5.28,33.0,-62.322,0.6,5.288,11.016666666666667,-61.697,0.5,5.284,13.21,,0.5,5.28,13.200000000000001,-60.052,0.1,5.288,66.1,-60.052,0.7,5.28,9.428571428571429,,0.5,5.292,13.23,-61.697,0.3,5.276,21.983333333333334,-61.697,0.4,5.28,16.5,-61.697
05-01-2026-Fri 14-29-29-PM,0.7,5.28,9.428571428571429,-62.6512,-62.651,0.3,5.284,22.01666666666667,-62.651,0.7,5.276,9.42142857142857,-61.072,0.6,5.284,11.008333333333335,-61.072,-61.072,0.2,5.28,33.0,-61.072,0.3,5.28,22.000000000000004,-63.276,0.4,5.272,16.475,-63.2761,-63.276,0.5,5.28,13.200000000000001,-63.276,0.3,5.288,22.033333333333335,-62.651,0.3,5.288,22.033333333333335,,0.5,5.284,13.21,-61.072,0.3,5.292,22.05,-61.072,0.7,5.28,9.428571428571429,,0.5,5.292,13.23,-62.651,0.2,5.276,32.974999999999994,-62.651,0.3,5.28,22.000000000000004,-62.651
05-01-2026-Fri 14-29-30-PM,0.5,5.28,13.200000000000001,-62.6512,-62.651,0.3,5.284,22.01666666666667,-62.651,0.4,5.276,16.487499999999997,-61.072,0.3,5.284,22.01666666666667,-61.072,-61.072,0.2,5.28,33.0,-61.072,0.6,5.28,11.000000000000002,-63.309,0.0,5.268,inf,-63.309,-63.309,0.5,5.284,13.21,-63.309,0.4,5.288,16.525,-62.651,0.0,5.284,inf,,0.5,5.28,13.200000000000001,-61.072,0.3,5.288,22.033333333333335,-61.072,0.6,5.28,11.000000000000002,,0.4,5.292,16.537499999999998,-62.651,0.3,5.276,21.983333333333334,-62.651,0.5,5.28,13.200000000000001,-62.651
05-01-2026-Fri 14-29-31-PM,0.8,5.276,8.243749999999999,-62.684,-62.684,0.4,5.28,16.5,-62.684,0.7,5.276,9.42142857142857,-61.105,0.7,5.28,9.428571428571429,-61.1049,-61.105,0.4,5.28,16.5,-61.105,0.4,5.276,16.487499999999997,-63.375,-0.1,5.272,-65.9,-63.3747,-63.375,0.3,5.28,22.000000000000004,-63.375,0.4,5.288,16.525,-62.684,0.6,5.284,11.008333333333335,,0.2,5.28,33.0,-61.105,0.5,5.288,13.22,-61.105,0.2,5.28,33.0,,0.5,5.288,13.22,-62.684,0.1,5.268,65.85,-62.684,0.4,5.272,16.475,-62.684
05-01-2026-Fri 14-29-33-PM,0.7,5.276,9.42142857142857,-62.717,-62.717,0.3,5.28,22.000000000000004,-62.717,0.1,5.272,65.9,-61.138,0.0,5.28,inf,-61.1378,-61.138,0.1,5.276,65.94999999999999,-61.138,0.6,5.276,10.991666666666667,-63.408,0.2,5.268,32.925,-63.4076,-63.408,0.5,5.276,13.19,-63.408,0.5,5.284,13.21,-62.717,0.2,5.28,33.0,,0.3,5.276,21.983333333333334,-61.138,0.3,5.284,22.01666666666667,-61.138,0.5,5.28,13.200000000000001,,0.5,5.288,13.22,-62.717,0.4,5.272,16.475,-62.717,0.4,5.272,16.475,-62.717
05-01-2026-Fri 14-30-22-PM,0.5,5.284,13.21,-63.4405,-63.44,0.6,5.284,11.008333333333335,-63.44,0.2,5.276,32.974999999999994,-61.862,0.4,5.28,16.5,-61.8617,-61.862,0.1,5.276,65.94999999999999,-61.862,0.4,5.28,16.5,-64.197,0.5,5.268,13.17,-64.1967,-64.197,0.2,5.28,33.0,-64.197,0.2,5.284,33.025,-63.44,0.3,5.288,22.033333333333335,,0.2,5.28,33.0,-61.862,0.1,5.288,66.1,-61.862,0.4,5.28,16.5,,0.5,5.292,13.23,-63.44,0.3,5.276,21.983333333333334,-63.44,0.4,5.272,16.475,-63.44
05-01-2026-Fri 14-30-23-PM,0.3,5.276,21.983333333333334,-63.4734,-63.473,0.1,5.284,66.05,-63.473,0.3,5.276,21.983333333333334,-61.895,0.5,5.28,13.200000000000001,-61.8947,-61.895,0.4,5.276,16.487499999999997,-61.895,0.4,5.276,16.487499999999997,-64.197,0.2,5.268,32.925,-64.1967,-64.197,0.2,5.28,33.0,-64.197,0.4,5.288,16.525,-63.473,0.2,5.284,33.025,,0.2,5.284,33.025,-61.895,0.4,5.288,16.525,-61.895,0.5,5.28,13.200000000000001,,0.1,5.288,66.1,-63.473,0.3,5.276,21.983333333333334,-63.473,0.2,5.272,32.95,-63.473
05-01-2026-Fri 14-30-25-PM,0.5,5.284,13.21,-63.4734,-63.473,0.2,5.28,33.0,-63.473,0.7,5.276,9.42142857142857,-61.895,0.4,5.28,16.5,-61.8947,-61.895,0.0,5.28,inf,-61.895,0.5,5.28,13.200000000000001,-64.23,0.1,5.264,65.8,-64.2295,-64.23,0.4,5.28,16.5,-64.23,0.2,5.284,33.025,-63.473,0.3,5.28,22.000000000000004,,0.7,5.28,9.428571428571429,-61.895,0.1,5.288,66.1,-61.895,0.6,5.28,11.000000000000002,,0.2,5.288,33.05,-63.473,0.4,5.272,16.475,-63.473,0.5,5.276,13.19,-63.473
05-01-2026-Fri 14-30-26-PM,0.5,5.28,13.200000000000001,-63.5062,-63.506,-0.1,5.28,-66.0,-63.506,0.5,5.272,13.18,-61.928,0.5,5.28,13.200000000000001,-61.9276,-61.928,0.2,5.28,33.0,-61.928,0.2,5.28,33.0,-64.197,0.2,5.268,32.925,-64.1967,-64.197,0.5,5.28,13.200000000000001,-64.197,0.2,5.288,33.05,-63.506,0.5,5.288,13.22,,0.3,5.276,21.983333333333334,-61.928,0.0,5.288,inf,-61.928,0.2,5.28,33.0,,0.4,5.288,16.525,-63.506,0.3,5.276,21.983333333333334,-63.506,0.4,5.272,16.475,-63.506
05-01-2026-Fri 14-30-27-PM,0.5,5.28,13.200000000000001,-63.5391,-63.539,0.4,5.284,16.5125,-63.539,0.3,5.276,21.983333333333334,-61.96,0.3,5.28,22.000000000000004,-61.9604,-61.96,0.3,5.28,22.000000000000004,-61.96,0.6,5.276,10.991666666666667,-64.295,0.2,5.268,32.925,-64.2953,-64.295,0.4,5.28,16.5,-64.295,0.3,5.288,22.033333333333335,-63.539,0.3,5.284,22.01666666666667,,0.3,5.28,22.000000000000004,-61.96,0.3,5.292,22.05,-61.96,0.6,5.28,11.000000000000002,,0.4,5.288,16.525,-63.539,0.5,5.272,13.18,-63.539,0.3,5.276,21.983333333333334,-63.539
05-01-2026-Fri 14-30-29-PM,0.6,5.276,10.991666666666667,-63.5391,-63.539,0.3,5.284,22.01666666666667,-63.539,0.2,5.28,33.0,-61.96,0.7,5.28,9.428571428571429,-61.9604,-61.96,0.1,5.28,66.0,-61.96,0.1,5.276,65.94999999999999,-64.295,0.2,5.268,32.925,-64.2953,-64.295,0.4,5.28,16.5,-64.295,0.2,5.28,33.0,-63.539,0.2,5.288,33.05,,0.3,5.284,22.01666666666667,-61.96,0.1,5.292,66.14999999999999,-61.96,0.2,5.28,33.0,,0.3,5.292,22.05,-63.539,0.2,5.272,32.95,-63.539,0.4,5.272,16.475,-63.539
05-01-2026-Fri 14-30-30-PM,0.4,5.28,16.5,-63.572,-63.572,0.1,5.284,66.05,-63.572,0.5,5.276,13.19,-61.993,0.4,5.284,16.5125,-61.9933,-61.993,0.2,5.28,33.0,-61.993,0.2,5.28,33.0,-64.328,0.1,5.268,65.85,-64.328,-64.328,0.6,5.28,11.000000000000002,-64.328,0.1,5.288,66.1,-63.572,0.2,5.284,33.025,,0.4,5.28,16.5,-61.993,0.4,5.288,16.525,-61.993,0.2,5.276,32.974999999999994,,0.2,5.288,33.05,-63.572,0.5,5.276,13.19,-63.572,0.4,5.276,16.487499999999997,-63.572
05-01-2026-Fri 14-32-08-PM,0.4,5.28,16.5,-64.821,-64.821,0.1,5.284,66.05,-64.821,0.4,5.276,16.487499999999997,-63.21,0.3,5.284,22.01666666666667,-63.2103,-63.21,0.3,5.28,22.000000000000004,-63.21,0.4,5.28,16.5,-65.577,0.2,5.268,32.925,-65.5769,-65.577,0.6,5.28,11.000000000000002,-65.577,0.2,5.284,33.025,-64.821,0.3,5.284,22.01666666666667,,0.3,5.28,22.000000000000004,-63.21,0.4,5.288,16.525,-63.21,0.5,5.276,13.19,,0.3,5.292,22.05,-64.821,0.3,5.272,21.96666666666667,-64.821,0.6,5.272,10.983333333333334,-64.821
05-01-2026-Fri 14-32-11-PM,0.6,5.28,11.000000000000002,-64.821,-64.821,0.2,5.284,33.025,-64.821,0.3,5.276,21.983333333333334,-63.243,0.4,5.28,16.5,-63.2432,-63.243,0.1,5.28,66.0,-63.243,0.6,5.28,11.000000000000002,-65.61,0.3,5.268,21.95,-65.6098,-65.61,0.2,5.28,33.0,-65.61,0.3,5.284,22.01666666666667,-64.821,0.1,5.288,66.1,,0.5,5.28,13.200000000000001,-63.243,0.0,5.292,inf,-63.243,0.2,5.28,33.0,,0.5,5.288,13.22,-64.821,0.2,5.272,32.95,-64.821,0.4,5.276,16.487499999999997,-64.821
05-01-2026-Fri 14-32-12-PM,0.4,5.28,16.5,-64.854,-64.854,0.2,5.284,33.025,-64.854,0.2,5.276,32.974999999999994,-63.276,0.4,5.28,16.5,-63.2761,-63.276,0.0,5.28,inf,-63.276,0.2,5.276,32.974999999999994,-65.577,0.0,5.268,inf,-65.5769,-65.577,0.4,5.28,16.5,-65.577,0.4,5.284,16.5125,-64.854,0.3,5.28,22.000000000000004,,0.0,5.28,inf,-63.276,0.1,5.292,66.14999999999999,-63.276,-0.2,5.28,-33.0,,0.4,5.288,16.525,-64.854,0.4,5.272,16.475,-64.854,0.5,5.272,13.18,-64.854
05-01-2026-Fri 14-32-44-PM,0.5,5.276,13.19,-65.1826,-65.183,0.2,5.284,33.025,-65.183,0.3,5.272,21.96666666666667,-63.572,0.3,5.28,22.000000000000004,-63.572,-63.572,0.2,5.28,33.0,-63.572,0.3,5.28,22.000000000000004,-65.971,0.2,5.272,32.95,-65.971,-65.971,0.4,5.28,16.5,-65.971,0.2,5.284,33.025,-65.183,0.4,5.284,16.5125,,0.3,5.284,22.01666666666667,-63.572,0.2,5.288,33.05,-63.572,0.0,5.28,inf,,0.5,5.288,13.22,-65.183,0.2,5.276,32.974999999999994,-65.183,0.3,5.276,21.983333333333334,-65.183
05-01-2026-Fri 14-32-46-PM,0.3,5.28,22.000000000000004,-65.1826,-65.183,0.2,5.284,33.025,-65.183,0.3,5.276,21.983333333333334,-63.605,0.4,5.28,16.5,-63.6049,-63.605,0.4,5.28,16.5,-63.605,0.3,5.276,21.983333333333334,-65.938,0.1,5.268,65.85,-65.9383,-65.938,0.2,5.28,33.0,-65.938,0.1,5.284,66.05,-65.183,0.1,5.284,66.05,,0.2,5.28,33.0,-63.605,0.4,5.288,16.525,-63.605,0.2,5.28,33.0,,0.6,5.292,11.025,-65.183,0.3,5.272,21.96666666666667,-65.183,0.4,5.276,16.487499999999997,-65.183
05-01-2026-Fri 14-32-47-PM,0.2,5.28,33.0,-65.2155,-65.216,0.6,5.28,11.000000000000002,-65.216,0.4,5.276,16.487499999999997,-63.638,0.5,5.284,13.21,-63.6378,-63.638,0.2,5.276,32.974999999999994,-63.638,0.4,5.276,16.487499999999997,-65.971,-0.1,5.268,-65.85,-65.971,-65.971,0.2,5.284,33.025,-65.971,0.2,5.284,33.025,-65.216,0.3,5.28,22.000000000000004,,0.2,5.28,33.0,-63.638,0.5,5.292,13.23,-63.638,0.6,5.276,10.991666666666667,,0.4,5.288,16.525,-65.216,0.4,5.272,16.475,-65.216,0.1,5.276,65.94999999999999,-65.216
05-01-2026-Fri 14-32-49-PM,0.5,5.28,13.200000000000001,-65.2155,-65.216,-0.1,5.284,-66.05,-65.216,0.2,5.272,32.95,-63.638,0.2,5.284,33.025,-63.6378,-63.638,0.0,5.28,inf,-63.638,0.5,5.276,13.19,-66.004,0.0,5.268,inf,-66.0039,-66.004,0.1,5.28,66.0,-66.004,0.3,5.288,22.033333333333335,-65.216,0.5,5.284,13.21,,0.3,5.28,22.000000000000004,-63.638,0.3,5.292,22.05,-63.638,0.4,5.28,16.5,,0.3,5.288,22.033333333333335,-65.216,0.2,5.276,32.974999999999994,-65.216,0.3,5.272,21.96666666666667,-65.216
05-01-2026-Fri 14-33-47-PM,0.4,5.28,16.5,-65.8068,-65.807,0.1,5.284,66.05,-65.807,0.5,5.272,13.18,-64.23,0.4,5.28,16.5,-64.2295,-64.23,0.1,5.28,66.0,-64.23,0.1,5.276,65.94999999999999,-66.53,0.2,5.268,32.925,-66.5295,-66.53,0.3,5.28,22.000000000000004,-66.53,0.5,5.284,13.21,-65.807,0.2,5.28,33.0,,0.2,5.276,32.974999999999994,-64.23,0.1,5.288,66.1,-64.23,0.1,5.28,66.0,,0.4,5.288,16.525,-65.807,0.2,5.276,32.974999999999994,-65.807,0.5,5.276,13.19,-65.807
05-01-2026-Fri 14-33-48-PM,0.4,5.28,16.5,-65.8068,-65.807,0.3,5.28,22.000000000000004,-65.807,0.5,5.276,13.19,-64.23,0.3,5.28,22.000000000000004,-64.2295,-64.23,-0.2,5.28,-33.0,-64.23,0.4,5.28,16.5,-66.497,0.0,5.268,inf,-66.4967,-66.497,0.1,5.276,65.94999999999999,-66.497,0.1,5.288,66.1,-65.807,0.2,5.28,33.0,,0.3,5.276,21.983333333333334,-64.23,0.3,5.288,22.033333333333335,-64.23,0.1,5.28,66.0,,0.5,5.288,13.22,-65.807,0.1,5.272,65.9,-65.807,0.4,5.272,16.475,-65.807
05-01-2026-Fri 14-35-25-PM,0.4,5.28,16.5,-66.5623,-66.562,0.2,5.28,33.0,-66.562,0.6,5.276,10.991666666666667,-65.018,0.3,5.28,22.000000000000004,-65.0183,-65.018,0.4,5.276,16.487499999999997,-65.018,0.2,5.28,33.0,-67.219,0.1,5.268,65.85,-67.2191,-67.219,0.5,5.28,13.200000000000001,-67.219,0.3,5.284,22.01666666666667,-66.562,0.2,5.28,33.0,,0.3,5.276,21.983333333333334,-65.018,0.3,5.292,22.05,-65.018,0.1,5.276,65.94999999999999,,0.5,5.288,13.22,-66.562,0.2,5.272,32.95,-66.562,0.5,5.272,13.18,-66.562
05-01-2026-Fri 14-35-26-PM,0.3,5.28,22.000000000000004,-66.5623,-66.562,-0.2,5.28,-33.0,-66.562,0.2,5.276,32.974999999999994,-65.051,0.1,5.28,66.0,-65.0511,-65.051,0.0,5.28,inf,-65.051,0.3,5.276,21.983333333333334,-67.252,0.1,5.268,65.85,-67.2519,-67.252,0.4,5.28,16.5,-67.252,0.2,5.284,33.025,-66.562,0.4,5.284,16.5125,,0.2,5.276,32.974999999999994,-65.051,0.1,5.288,66.1,-65.051,0.3,5.28,22.000000000000004,,0.3,5.288,22.033333333333335,-66.562,0.3,5.272,21.96666666666667,-66.562,0.3,5.276,21.983333333333334,-66.562
05-01-2026-Fri 14-35-28-PM,0.3,5.284,22.01666666666667,-66.5623,-66.562,-0.1,5.284,-66.05,-66.562,0.4,5.276,16.487499999999997,-65.051,0.1,5.28,66.0,-65.0511,-65.051,0.2,5.28,33.0,-65.051,0.2,5.28,33.0,-67.252,0.0,5.268,inf,-67.2519,-67.252,0.4,5.284,16.5125,-67.252,0.3,5.288,22.033333333333335,-66.562,0.3,5.284,22.01666666666667,,0.2,5.28,33.0,-65.051,0.1,5.288,66.1,-65.051,0.3,5.28,22.000000000000004,,0.2,5.292,33.074999999999996,-66.562,0.0,5.276,inf,-66.562,0.1,5.276,65.94999999999999,-66.562
05-01-2026-Fri 14-35-29-PM,0.3,5.276,21.983333333333334,-66.5623,-66.562,0.1,5.284,66.05,-66.562,0.3,5.272,21.96666666666667,-65.084,0.3,5.28,22.000000000000004,-65.084,-65.084,-0.2,5.28,-33.0,-65.084,0.5,5.28,13.200000000000001,-67.285,0.2,5.268,32.925,-67.2847,-67.285,0.3,5.28,22.000000000000004,-67.285,0.1,5.288,66.1,-66.562,0.1,5.288,66.1,,0.2,5.28,33.0,-65.084,0.6,5.288,11.016666666666667,-65.084,0.4,5.28,16.5,,0.3,5.292,22.05,-66.562,0.1,5.272,65.9,-66.562,0.2,5.276,32.974999999999994,-66.562
05-01-2026-Fri 14-35-30-PM,0.4,5.284,16.5125,-66.5952,-66.595,0.1,5.284,66.05,-66.595,0.5,5.276,13.19,-65.084,0.3,5.28,22.000000000000004,-65.084,-65.084,-0.1,5.28,-66.0,-65.084,0.2,5.28,33.0,-67.252,-0.1,5.268,-65.85,-67.2519,-67.252,0.5,5.28,13.200000000000001,-67.252,0.1,5.288,66.1,-66.595,0.4,5.288,16.525,,0.6,5.28,11.000000000000002,-65.084,0.2,5.296,33.1,-65.084,0.1,5.28,66.0,,0.3,5.292,22.05,-66.595,0.1,5.276,65.94999999999999,-66.595,0.4,5.276,16.487499999999997,-66.595
05-01-2026-Fri 14-36-41-PM,0.5,5.28,13.200000000000001,-67.0221,-67.022,0.2,5.284,33.025,-67.022,0.1,5.276,65.94999999999999,-65.544,0.3,5.28,22.000000000000004,-65.544,-65.544,0.0,5.28,inf,-65.544,0.4,5.28,16.5,-67.646,0.1,5.268,65.85,-67.6459,-67.646,0.2,5.28,33.0,-67.646,0.2,5.288,33.05,-67.022,0.3,5.28,22.000000000000004,,0.4,5.28,16.5,-65.544,0.1,5.288,66.1,-65.544,0.0,5.28,inf,,0.3,5.292,22.05,-67.022,0.5,5.276,13.19,-67.022,0.2,5.272,32.95,-67.022
05-01-2026-Fri 14-36-42-PM,0.1,5.28,66.0,-67.0549,-67.055,0.2,5.284,33.025,-67.055,0.2,5.276,32.974999999999994,-65.544,-0.1,5.284,-66.05,-65.544,-65.544,0.0,5.28,inf,-65.544,0.5,5.28,13.200000000000001,-67.58,0.1,5.268,65.85,-67.5802,-67.58,0.3,5.28,22.000000000000004,-67.58,0.1,5.288,66.1,-67.055,0.5,5.288,13.22,,0.2,5.28,33.0,-65.544,0.1,5.292,66.14999999999999,-65.544,0.0,5.28,inf,,0.2,5.288,33.05,-67.055,0.1,5.276,65.94999999999999,-67.055,0.3,5.276,21.983333333333334,-67.055
05-01-2026-Fri 14-36-44-PM,0.4,5.28,16.5,-67.0221,-67.022,0.3,5.284,22.01666666666667,-67.022,0.3,5.276,21.983333333333334,-65.577,0.4,5.28,16.5,-65.5769,-65.577,-0.1,5.276,-65.94999999999999,-65.577,0.1,5.28,66.0,-67.646,0.1,5.268,65.85,-67.6459,-67.646,0.3,5.28,22.000000000000004,-67.646,0.3,5.288,22.033333333333335,-67.022,0.0,5.284,inf,,0.2,5.28,33.0,-65.577,0.4,5.292,16.537499999999998,-65.577,0.3,5.28,22.000000000000004,,0.4,5.288,16.525,-67.022,0.1,5.276,65.94999999999999,-67.022,0.2,5.272,32.95,-67.022
05-01-2026-Fri 14-36-45-PM,0.4,5.276,16.487499999999997,-67.0221,-67.022,0.2,5.284,33.025,-67.022,0.4,5.276,16.487499999999997,-65.577,0.1,5.28,66.0,-65.5769,-65.577,0.1,5.28,66.0,-65.577,0.3,5.28,22.000000000000004,-67.58,0.3,5.272,21.96666666666667,-67.5802,-67.58,0.2,5.28,33.0,-67.58,0.2,5.288,33.05,-67.022,0.1,5.284,66.05,,0.0,5.28,inf,-65.577,0.1,5.292,66.14999999999999,-65.577,0.3,5.28,22.000000000000004,,0.4,5.292,16.537499999999998,-67.022,0.3,5.276,21.983333333333334,-67.022,0.0,5.276,inf,-67.022
05-01-2026-Fri 14-39-07-PM,0.4,5.276,16.487499999999997,-68.3023,-68.302,0.2,5.28,33.0,-68.302,0.4,5.276,16.487499999999997,-67.12,0.2,5.28,33.0,-67.1205,-67.12,-0.1,5.276,-65.94999999999999,-67.12,0.2,5.276,32.974999999999994,-68.762,0.1,5.268,65.85,-68.7617,-68.762,0.5,5.28,13.200000000000001,-68.762,0.3,5.284,22.01666666666667,-68.302,0.1,5.28,66.0,,0.0,5.28,inf,-67.12,0.1,5.288,66.1,-67.12,-0.1,5.276,-65.94999999999999,,0.1,5.288,66.1,-68.302,0.3,5.272,21.96666666666667,-68.302,0.3,5.276,21.983333333333334,-68.302
05-01-2026-Fri 14-39-08-PM,0.5,5.276,13.19,-68.3023,-68.302,0.1,5.28,66.0,-68.302,0.4,5.276,16.487499999999997,-67.153,0.3,5.28,22.000000000000004,-67.1534,-67.153,0.0,5.276,inf,-67.153,0.1,5.276,65.94999999999999,-68.893,0.0,5.268,inf,-68.893,-68.893,0.4,5.28,16.5,-68.893,0.1,5.288,66.1,-68.302,0.2,5.28,33.0,,0.2,5.276,32.974999999999994,-67.153,0.3,5.288,22.033333333333335,-67.153,0.3,5.28,22.000000000000004,,0.2,5.288,33.05,-68.302,0.1,5.276,65.94999999999999,-68.302,0.1,5.276,65.94999999999999,-68.302
05-01-2026-Fri 14-39-09-PM,0.5,5.28,13.200000000000001,-68.3351,-68.335,0.1,5.284,66.05,-68.335,0.3,5.272,21.96666666666667,-67.186,0.2,5.28,33.0,-67.1863,-67.186,0.1,5.276,65.94999999999999,-67.186,0.4,5.276,16.487499999999997,-68.827,-0.1,5.268,-65.85,-68.8274,-68.827,0.4,5.28,16.5,-68.827,0.2,5.288,33.05,-68.335,0.2,5.284,33.025,,0.1,5.28,66.0,-67.186,0.0,5.288,inf,-67.186,0.3,5.276,21.983333333333334,,0.5,5.288,13.22,-68.335,0.1,5.268,65.85,-68.335,0.1,5.272,65.9,-68.335
05-01-2026-Fri 14-39-56-PM,0.2,5.28,33.0,-69.0571,-69.057,0.0,5.288,inf,-69.057,0.2,5.276,32.974999999999994,-67.908,0.3,5.284,22.01666666666667,-67.9085,-67.908,0.1,5.284,66.05,-67.908,0.2,5.28,33.0,-69.582,0.0,5.268,inf,-69.5819,-69.582,0.2,5.28,33.0,-69.582,0.1,5.288,66.1,-69.057,0.4,5.284,16.5125,,0.4,5.28,16.5,-67.908,-0.1,5.292,-66.14999999999999,-67.908,0.1,5.28,66.0,,0.1,5.292,66.14999999999999,-69.057,0.1,5.276,65.94999999999999,-69.057,0.2,5.28,33.0,-69.057
05-01-2026-Fri 14-39-57-PM,0.4,5.28,16.5,-69.0571,-69.057,0.2,5.284,33.025,-69.057,0.2,5.276,32.974999999999994,-67.908,0.3,5.284,22.01666666666667,-67.9085,-67.908,0.1,5.276,65.94999999999999,-67.908,0.2,5.276,32.974999999999994,-69.582,0.0,5.272,inf,-69.5819,-69.582,0.2,5.284,33.025,-69.582,0.1,5.288,66.1,-69.057,0.2,5.288,33.05,,0.2,5.28,33.0,-67.908,0.3,5.292,22.05,-67.908,0.1,5.28,66.0,,0.0,5.288,inf,-69.057,0.3,5.276,21.983333333333334,-69.057,0.2,5.276,32.974999999999994,-69.057
05-01-2026-Fri 14-39-59-PM,0.3,5.28,22.000000000000004,-69.0898,-69.09,0.3,5.284,22.01666666666667,-69.09,0.2,5.272,32.95,-67.941,0.2,5.284,33.025,-67.9413,-67.941,0.1,5.284,66.05,-67.941,0.2,5.276,32.974999999999994,-69.713,0.2,5.268,32.925,-69.7132,-69.713,0.2,5.28,33.0,-69.713,0.1,5.288,66.1,-69.09,0.1,5.284,66.05,,0.2,5.28,33.0,-67.941,0.0,5.292,inf,-67.941,0.0,5.28,inf,,-0.1,5.292,-66.14999999999999,-69.09,0.1,5.276,65.94999999999999,-69.09,0.3,5.276,21.983333333333334,-69.09
05-01-2026-Fri 14-40-00-PM,0.3,5.28,22.000000000000004,-69.0898,-69.09,0.1,5.284,66.05,-69.09,0.4,5.272,16.475,-67.941,0.2,5.284,33.025,-67.9413,-67.941,0.1,5.28,66.0,-67.941,0.2,5.28,33.0,-69.68,0.0,5.272,inf,-69.6804,-69.68,-0.1,5.284,-66.05,-69.68,0.1,5.288,66.1,-69.09,0.1,5.284,66.05,,0.3,5.28,22.000000000000004,-67.941,0.3,5.288,22.033333333333335,-67.941,0.0,5.28,inf,,0.1,5.288,66.1,-69.09,0.1,5.272,65.9,-69.09,0.2,5.272,32.95,-69.09
05-01-2026-Fri 14-40-01-PM,0.2,5.276,32.974999999999994,-69.1227,-69.123,0.0,5.28,inf,-69.123,0.8,5.276,8.243749999999999,-67.974,0.2,5.28,33.0,-67.9742,-67.974,0.0,5.28,inf,-67.974,0.1,5.28,66.0,-69.713,0.0,5.272,inf,-69.7132,-69.713,0.4,5.28,16.5,-69.713,-0.1,5.288,-66.1,-69.123,0.3,5.284,22.01666666666667,,0.3,5.28,22.000000000000004,-67.974,-0.2,5.292,-33.074999999999996,-67.974,0.2,5.28,33.0,,0.2,5.288,33.05,-69.123,0.3,5.276,21.983333333333334,-69.123,0.2,5.276,32.974999999999994,-69.123
05-01-2026-Fri 14-40-50-PM,0.1,5.276,65.94999999999999,-69.7459,-69.746,0.0,5.284,inf,-69.746,0.2,5.276,32.974999999999994,-68.598,0.0,5.28,inf,-68.5977,-68.598,0.0,5.28,inf,-68.598,0.6,5.28,11.000000000000002,-70.369,0.5,5.272,13.18,-70.3691,-70.369,0.3,5.28,22.000000000000004,-70.369,0.0,5.284,inf,-69.746,0.3,5.284,22.01666666666667,,0.2,5.276,32.974999999999994,-68.598,0.1,5.292,66.14999999999999,-68.598,0.4,5.276,16.487499999999997,,0.3,5.288,22.033333333333335,-69.746,0.2,5.276,32.974999999999994,-69.746,0.3,5.272,21.96666666666667,-69.746
05-01-2026-Fri 14-40-52-PM,0.4,5.276,16.487499999999997,-69.7788,-69.779,0.2,5.28,33.0,-69.779,0.4,5.276,16.487499999999997,-68.598,0.4,5.276,16.487499999999997,-68.5977,-68.598,0.1,5.276,65.94999999999999,-68.598,0.1,5.276,65.94999999999999,-70.435,-0.2,5.268,-32.925,-70.4347,-70.435,0.3,5.276,21.983333333333334,-70.435,0.4,5.284,16.5125,-69.779,0.1,5.28,66.0,,-0.1,5.28,-66.0,-68.598,0.1,5.288,66.1,-68.598,0.0,5.28,inf,,0.1,5.288,66.1,-69.779,0.1,5.272,65.9,-69.779,0.1,5.272,65.9,-69.779
05-01-2026-Fri 14-40-53-PM,0.4,5.28,16.5,-69.7788,-69.779,0.0,5.28,inf,-69.779,0.4,5.276,16.487499999999997,-68.631,0.4,5.28,16.5,-68.6306,-68.631,-0.2,5.28,-33.0,-68.631,0.3,5.276,21.983333333333334,-70.402,-0.1,5.268,-65.85,-70.4019,-70.402,0.3,5.28,22.000000000000004,-70.402,0.4,5.284,16.5125,-69.779,0.2,5.284,33.025,,0.1,5.28,66.0,-68.631,0.0,5.288,inf,-68.631,0.2,5.28,33.0,,0.2,5.284,33.025,-69.779,0.0,5.272,inf,-69.779,0.1,5.276,65.94999999999999,-69.779
05-01-2026-Fri 14-41-34-PM,0.3,5.28,22.000000000000004,-70.2708,-70.271,0.0,5.28,inf,-70.271,0.3,5.272,21.96666666666667,-69.057,0.4,5.28,16.5,-69.0571,-69.057,0.0,5.276,inf,-69.057,0.3,5.276,21.983333333333334,-70.894,0.0,5.264,inf,-70.8937,-70.894,-0.1,5.28,-66.0,-70.894,-0.1,5.284,-66.05,-70.271,-0.1,5.288,-66.1,,0.0,5.276,inf,-69.057,0.4,5.288,16.525,-69.057,0.3,5.272,21.96666666666667,,0.2,5.288,33.05,-70.271,0.0,5.272,inf,-70.271,0.1,5.272,65.9,-70.271
05-01-2026-Fri 14-41-35-PM,0.2,5.28,33.0,-70.2708,-70.271,0.1,5.28,66.0,-70.271,0.4,5.272,16.475,-69.057,0.4,5.28,16.5,-69.0571,-69.057,-0.1,5.276,-65.94999999999999,-69.057,0.0,5.276,inf,-70.927,0.0,5.272,inf,-70.9266,-70.927,0.2,5.276,32.974999999999994,-70.927,0.0,5.284,inf,-70.271,0.6,5.284,11.008333333333335,,-0.1,5.276,-65.94999999999999,-69.057,-0.1,5.284,-66.05,-69.057,0.1,5.276,65.94999999999999,,0.0,5.288,inf,-70.271,0.4,5.272,16.475,-70.271,0.3,5.272,21.96666666666667,-70.271
05-01-2026-Fri 14-41-36-PM,0.2,5.28,33.0,-70.3036,-70.304,0.1,5.284,66.05,-70.304,0.4,5.272,16.475,-69.09,0.1,5.28,66.0,-69.0898,-69.09,0.1,5.276,65.94999999999999,-69.09,0.1,5.276,65.94999999999999,-70.927,0.1,5.268,65.85,-70.9266,-70.927,0.3,5.28,22.000000000000004,-70.927,0.2,5.28,33.0,-70.304,0.2,5.28,33.0,,0.3,5.276,21.983333333333334,-69.09,-0.2,5.288,-33.05,-69.09,0.0,5.28,inf,,0.1,5.288,66.1,-70.304,0.2,5.272,32.95,-70.304,0.1,5.276,65.94999999999999,-70.304
05-01-2026-Fri 14-42-00-PM,0.5,5.28,13.200000000000001,-70.5331,-70.533,0.1,5.284,66.05,-70.533,0.4,5.276,16.487499999999997,-69.32,0.0,5.284,inf,-69.3196,-69.32,0.1,5.28,66.0,-69.32,0.3,5.284,22.01666666666667,-71.189,-0.1,5.268,-65.85,-71.1888,-71.189,0.0,5.284,inf,-71.189,0.1,5.288,66.1,-70.533,0.3,5.284,22.01666666666667,,0.3,5.284,22.01666666666667,-69.32,0.0,5.292,inf,-69.32,0.1,5.28,66.0,,0.1,5.288,66.1,-70.533,0.1,5.276,65.94999999999999,-70.533,0.2,5.276,32.974999999999994,-70.533
05-01-2026-Fri 14-42-02-PM,0.1,5.28,66.0,-70.5659,-70.566,0.0,5.284,inf,-70.566,0.1,5.276,65.94999999999999,-69.352,0.3,5.284,22.01666666666667,-69.3523,-69.352,0.0,5.28,inf,-69.352,0.4,5.28,16.5,-71.222,0.1,5.268,65.85,-71.2216,-71.222,0.3,5.284,22.01666666666667,-71.222,0.2,5.288,33.05,-70.566,0.1,5.288,66.1,,-0.2,5.28,-33.0,-69.352,0.1,5.292,66.14999999999999,-69.352,0.0,5.28,inf,,0.0,5.292,inf,-70.566,0.3,5.276,21.983333333333334,-70.566,0.1,5.28,66.0,-70.566
05-01-2026-Fri 14-43-19-PM,0.1,5.28,66.0,-71.8444,-71.844,0.2,5.284,33.025,-71.844,0.3,5.276,21.983333333333334,-70.73,0.2,5.284,33.025,-70.7298,-70.73,0.2,5.28,33.0,-70.73,0.1,5.276,65.94999999999999,-72.5,-0.1,5.268,-65.85,-72.4998,-72.5,0.2,5.28,33.0,-72.5,0.1,5.288,66.1,-71.844,0.1,5.288,66.1,,0.2,5.28,33.0,-70.73,-0.1,5.292,-66.14999999999999,-70.73,-0.2,5.28,-33.0,,0.1,5.292,66.14999999999999,-71.844,0.1,5.276,65.94999999999999,-71.844,0.1,5.276,65.94999999999999,-71.844
05-01-2026-Fri 14-43-22-PM,0.2,5.276,32.974999999999994,-71.8771,-71.877,-0.1,5.284,-66.05,-71.877,0.3,5.276,21.983333333333334,-70.763,0.1,5.28,66.0,-70.7626,-70.763,-0.1,5.276,-65.94999999999999,-70.763,0.0,5.28,inf,-72.598,0.0,5.268,inf,-72.5981,-72.598,0.2,5.28,33.0,-72.598,0.0,5.288,inf,-71.877,0.2,5.288,33.05,,-0.2,5.28,-33.0,-70.763,0.1,5.292,66.14999999999999,-70.763,0.0,5.28,inf,,0.3,5.288,22.033333333333335,-71.877,0.0,5.276,inf,-71.877,0.2,5.276,32.974999999999994,-71.877
05-01-2026-Fri 14-44-00-PM,0.2,5.28,33.0,-72.5981,-72.598,0.1,5.28,66.0,-72.598,0.1,5.276,65.94999999999999,-71.451,0.0,5.28,inf,-71.4511,-71.451,0.1,5.28,66.0,-71.451,0.2,5.28,33.0,-73.417,-0.1,5.272,-65.9,-73.4171,-73.417,0.2,5.276,32.974999999999994,-73.417,0.0,5.284,inf,-72.598,-0.1,5.28,-66.0,,0.1,5.28,66.0,-71.451,0.0,5.288,inf,-71.451,0.0,5.276,inf,,0.1,5.288,66.1,-72.598,-0.1,5.276,-65.94999999999999,-72.598,0.3,5.272,21.96666666666667,-72.598
05-01-2026-Fri 14-44-24-PM,0.1,5.276,65.94999999999999,-73.0239,-73.024,0.2,5.284,33.025,-73.024,0.3,5.276,21.983333333333334,-71.877,0.2,5.28,33.0,-71.8771,-71.877,-0.1,5.28,-66.0,-71.877,0.3,5.28,22.000000000000004,-73.876,-0.1,5.268,-65.85,-73.8756,-73.876,0.1,5.28,66.0,-73.876,0.0,5.284,inf,-73.024,-0.2,5.284,-33.025,,-0.1,5.284,-66.05,-71.877,-0.1,5.288,-66.1,-71.877,0.2,5.28,33.0,,0.0,5.288,inf,-73.024,0.1,5.276,65.94999999999999,-73.024,0.3,5.276,21.983333333333334,-73.024
05-01-2026-Fri 14-44-26-PM,0.4,5.28,16.5,-73.0567,-73.057,0.0,5.284,inf,-73.057,0.3,5.28,22.000000000000004,-71.91,0.2,5.284,33.025,-71.91,-71.91,0.0,5.28,inf,-71.91,0.3,5.284,22.01666666666667,-73.908,-0.3,5.268,-21.95,-73.9084,-73.908,0.2,5.28,33.0,-73.908,-0.1,5.284,-66.05,-73.057,0.2,5.284,33.025,,0.0,5.28,inf,-71.91,-0.2,5.292,-33.074999999999996,-71.91,0.2,5.28,33.0,,0.1,5.292,66.14999999999999,-73.057,0.3,5.272,21.96666666666667,-73.057,0.1,5.28,66.0,-73.057
05-01-2026-Fri 14-44-27-PM,0.2,5.28,33.0,-73.0895,-73.09,0.1,5.288,66.1,-73.09,0.0,5.276,inf,-71.91,0.2,5.284,33.025,-71.91,-71.91,-0.3,5.28,-22.000000000000004,-71.91,0.0,5.28,inf,-73.876,0.0,5.268,inf,-73.8756,-73.876,0.2,5.28,33.0,-73.876,0.1,5.288,66.1,-73.09,-0.2,5.28,-33.0,,0.3,5.284,22.01666666666667,-71.91,-0.1,5.292,-66.14999999999999,-71.91,0.3,5.28,22.000000000000004,,0.1,5.288,66.1,-73.09,0.4,5.272,16.475,-73.09,0.2,5.276,32.974999999999994,-73.09
05-01-2026-Fri 14-45-15-PM,0.2,5.276,32.974999999999994,-73.8427,-73.843,0.2,5.28,33.0,-73.843,0.4,5.272,16.475,-72.664,0.1,5.28,66.0,-72.6636,-72.664,0.0,5.276,inf,-72.664,-0.1,5.276,-65.94999999999999,-74.727,0.1,5.264,65.8,-74.7268,-74.727,0.0,5.28,inf,-74.727,0.1,5.284,66.05,-73.843,0.0,5.284,inf,,0.2,5.28,33.0,-72.664,-0.1,5.288,-66.1,-72.664,0.0,5.276,inf,,0.2,5.284,33.025,-73.843,-0.1,5.272,-65.9,-73.843,0.0,5.276,inf,-73.843
05-01-2026-Fri 14-45-16-PM,0.3,5.276,21.983333333333334,-73.8756,-73.876,0.2,5.28,33.0,-73.876,-0.1,5.272,-65.9,-72.664,0.2,5.28,33.0,-72.6636,-72.664,0.1,5.276,65.94999999999999,-72.664,0.2,5.276,32.974999999999994,-74.727,0.0,5.268,inf,-74.7268,-74.727,0.1,5.28,66.0,-74.727,0.1,5.284,66.05,-73.876,-0.1,5.28,-66.0,,0.0,5.276,inf,-72.664,0.0,5.288,inf,-72.664,-0.2,5.28,-33.0,,0.0,5.288,inf,-73.876,0.1,5.272,65.9,-73.876,0.2,5.276,32.974999999999994,-73.876
05-01-2026-Fri 14-45-17-PM,0.4,5.276,16.487499999999997,-73.8756,-73.876,-0.2,5.276,-32.974999999999994,-73.876,0.4,5.272,16.475,-72.696,0.0,5.28,inf,-72.6963,-72.696,0.1,5.276,65.94999999999999,-72.696,0.4,5.276,16.487499999999997,-74.76,0.0,5.268,inf,-74.7596,-74.76,0.2,5.276,32.974999999999994,-74.76,0.0,5.284,inf,-73.876,0.1,5.28,66.0,,0.1,5.276,65.94999999999999,-72.696,0.0,5.288,inf,-72.696,0.2,5.276,32.974999999999994,,0.1,5.284,66.05,-73.876,0.3,5.272,21.96666666666667,-73.876,0.0,5.272,inf,-73.876
05-01-2026-Fri 14-45-19-PM,0.1,5.276,65.94999999999999,-73.9084,-73.908,0.1,5.28,66.0,-73.908,0.1,5.272,65.9,-72.696,0.0,5.276,inf,-72.6963,-72.696,0.1,5.276,65.94999999999999,-72.696,0.1,5.276,65.94999999999999,-74.792,0.1,5.268,65.85,-74.7923,-74.792,0.3,5.28,22.000000000000004,-74.792,-0.1,5.284,-66.05,-73.908,0.2,5.28,33.0,,-0.2,5.276,-32.974999999999994,-72.696,-0.1,5.288,-66.1,-72.696,0.1,5.276,65.94999999999999,,-0.1,5.288,-66.1,-73.908,0.1,5.272,65.9,-73.908,0.0,5.272,inf,-73.908
05-01-2026-Fri 14-45-20-PM,0.3,5.28,22.000000000000004,-73.9084,-73.908,0.2,5.28,33.0,-73.908,0.0,5.272,inf,-72.696,0.0,5.28,inf,-72.6963,-72.696,0.0,5.28,inf,-72.696,0.1,5.276,65.94999999999999,-74.825,0.1,5.268,65.85,-74.825,-74.825,0.3,5.28,22.000000000000004,-74.825,0.0,5.288,inf,-73.908,0.4,5.28,16.5,,0.1,5.276,65.94999999999999,-72.696,-0.2,5.288,-33.05,-72.696,0.2,5.276,32.974999999999994,,0.0,5.284,inf,-73.908,-0.1,5.268,-65.85,-73.908,0.1,5.272,65.9,-73.908
05-01-2026-Fri 14-46-01-PM,0.1,5.276,65.94999999999999,-74.4976,-74.498,0.1,5.28,66.0,-74.498,0.1,5.272,65.9,-73.253,0.0,5.28,inf,-73.2533,-73.253,-0.2,5.276,-32.974999999999994,-73.253,0.2,5.276,32.974999999999994,-75.447,0.1,5.268,65.85,-75.4469,-75.447,0.0,5.276,inf,-75.447,-0.1,5.28,-66.0,-74.498,0.0,5.28,inf,,0.2,5.276,32.974999999999994,-73.253,0.0,5.288,inf,-73.253,0.1,5.28,66.0,,0.0,5.284,inf,-74.498,0.1,5.272,65.9,-74.498,0.3,5.272,21.96666666666667,-74.498
05-01-2026-Fri 14-46-02-PM,0.4,5.272,16.475,-74.5304,-74.53,-0.1,5.28,-66.0,-74.53,0.2,5.272,32.95,-73.286,0.3,5.276,21.983333333333334,-73.2861,-73.286,-0.1,5.276,-65.94999999999999,-73.286,0.1,5.276,65.94999999999999,-75.48,0.0,5.264,inf,-75.4796,-75.48,0.0,5.276,inf,-75.48,-0.1,5.28,-66.0,-74.53,0.0,5.28,inf,,0.1,5.276,65.94999999999999,-73.286,-0.1,5.284,-66.05,-73.286,0.0,5.276,inf,,-0.1,5.288,-66.1,-74.53,-0.1,5.272,-65.9,-74.53,0.1,5.268,65.85,-74.53
05-01-2026-Fri 14-46-04-PM,0.4,5.276,16.487499999999997,-74.5304,-74.53,0.0,5.276,inf,-74.53,0.1,5.272,65.9,-73.286,0.2,5.276,32.974999999999994,-73.2861,-73.286,0.0,5.276,inf,-73.286,0.1,5.276,65.94999999999999,-75.48,-0.1,5.268,-65.85,-75.4796,-75.48,0.3,5.276,21.983333333333334,-75.48,0.1,5.284,66.05,-74.53,0.1,5.28,66.0,,-0.1,5.276,-65.94999999999999,-73.286,-0.1,5.284,-66.05,-73.286,0.3,5.272,21.96666666666667,,0.5,5.284,13.21,-74.53,0.0,5.268,inf,-74.53,0.0,5.272,inf,-74.53
05-01-2026-Fri 14-46-50-PM,0.2,5.276,32.974999999999994,-75.1196,-75.12,0.0,5.28,inf,-75.12,0.1,5.272,65.9,-73.81,0.0,5.276,inf,-73.81,-73.81,0.0,5.276,inf,-73.81,0.4,5.272,16.475,-76.003,-0.1,5.264,-65.8,-76.0032,-76.003,0.3,5.276,21.983333333333334,-76.003,0.1,5.284,66.05,-75.12,0.1,5.284,66.05,,0.2,5.276,32.974999999999994,-73.81,-0.2,5.284,-33.025,-73.81,0.2,5.276,32.974999999999994,,0.1,5.284,66.05,-75.12,0.2,5.272,32.95,-75.12,0.2,5.268,32.925,-75.12
05-01-2026-Fri 14-46-51-PM,-0.1,5.276,-65.94999999999999,-75.1196,-75.12,0.2,5.28,33.0,-75.12,0.3,5.272,21.96666666666667,-73.843,0.2,5.28,33.0,-73.8427,-73.843,-0.1,5.276,-65.94999999999999,-73.843,0.1,5.276,65.94999999999999,-76.036,-0.1,5.268,-65.85,-76.0359,-76.036,0.5,5.28,13.200000000000001,-76.036,0.3,5.28,22.000000000000004,-75.12,0.2,5.28,33.0,,0.2,5.276,32.974999999999994,-73.843,0.2,5.288,33.05,-73.843,0.1,5.276,65.94999999999999,,-0.1,5.284,-66.05,-75.12,-0.3,5.272,-21.96666666666667,-75.12,0.2,5.272,32.95,-75.12
05-01-2026-Fri 14-46-53-PM,0.3,5.276,21.983333333333334,-75.1523,-75.152,-0.1,5.28,-66.0,-75.152,0.0,5.272,inf,-73.843,0.1,5.276,65.94999999999999,-73.8427,-73.843,-0.1,5.276,-65.94999999999999,-73.843,0.0,5.276,inf,-76.036,0.1,5.264,65.8,-76.0359,-76.036,0.2,5.276,32.974999999999994,-76.036,0.1,5.28,66.0,-75.152,0.1,5.28,66.0,,0.0,5.28,inf,-73.843,-0.4,5.288,-16.525,-73.843,-0.1,5.276,-65.94999999999999,,0.1,5.284,66.05,-75.152,0.2,5.272,32.95,-75.152,0.3,5.272,21.96666666666667,-75.152
05-01-2026-Fri 14-46-54-PM,0.3,5.272,21.96666666666667,-75.1523,-75.152,-0.1,5.28,-66.0,-75.152,0.4,5.272,16.475,-73.876,0.1,5.28,66.0,-73.8756,-73.876,0.0,5.272,inf,-73.876,0.2,5.276,32.974999999999994,-76.069,0.1,5.264,65.8,-76.0686,-76.069,0.1,5.276,65.94999999999999,-76.069,0.1,5.284,66.05,-75.152,-0.2,5.28,-33.0,,0.2,5.276,32.974999999999994,-73.876,-0.1,5.288,-66.1,-73.876,0.2,5.276,32.974999999999994,,0.2,5.288,33.05,-75.152,0.0,5.272,inf,-75.152,0.3,5.272,21.96666666666667,-75.152
05-01-2026-Fri 14-46-55-PM,0.1,5.276,65.94999999999999,-75.1851,-75.185,0.0,5.28,inf,-75.185,0.3,5.268,21.95,-73.876,0.2,5.28,33.0,-73.8756,-73.876,0.1,5.276,65.94999999999999,-73.876,0.3,5.276,21.983333333333334,-76.036,0.1,5.268,65.85,-76.0359,-76.036,0.0,5.28,inf,-76.036,-0.1,5.284,-66.05,-75.185,0.0,5.28,inf,,-0.2,5.272,-32.95,-73.876,-0.1,5.288,-66.1,-73.876,0.0,5.272,inf,,0.3,5.288,22.033333333333335,-75.185,-0.1,5.272,-65.9,-75.185,0.1,5.272,65.9,-75.185
05-01-2026-Fri 14-47-35-PM,0.2,5.276,32.974999999999994,-75.6106,-75.611,-0.1,5.284,-66.05,-75.611,0.1,5.272,65.9,-74.301,0.2,5.28,33.0,-74.3012,-74.301,-0.3,5.28,-22.000000000000004,-74.301,0.1,5.276,65.94999999999999,-76.527,-0.1,5.268,-65.85,-76.5266,-76.527,0.0,5.28,inf,-76.527,0.2,5.284,33.025,-75.611,-0.1,5.28,-66.0,,-0.1,5.276,-65.94999999999999,-74.301,-0.1,5.284,-66.05,-74.301,0.1,5.28,66.0,,0.1,5.288,66.1,-75.611,0.0,5.272,inf,-75.611,-0.1,5.272,-65.9,-75.611
05-01-2026-Fri 14-47-37-PM,-0.1,5.28,-66.0,-75.6106,-75.611,0.1,5.28,66.0,-75.611,0.1,5.276,65.94999999999999,-74.301,0.0,5.28,inf,-74.3012,-74.301,-0.1,5.28,-66.0,-74.301,0.0,5.276,inf,-76.494,-0.1,5.268,-65.85,-76.494,-76.494,0.0,5.28,inf,-76.494,-0.1,5.284,-66.05,-75.611,0.3,5.284,22.01666666666667,,0.0,5.28,inf,-74.301,-0.2,5.284,-33.025,-74.301,0.0,5.276,inf,,0.0,5.292,inf,-75.611,0.0,5.276,inf,-75.611,0.1,5.272,65.9,-75.611
05-01-2026-Fri 14-47-38-PM,-0.2,5.28,-33.0,-75.6432,-75.643,-0.2,5.28,-33.0,-75.643,0.2,5.272,32.95,-74.301,0.2,5.28,33.0,-74.3012,-74.301,-0.1,5.28,-66.0,-74.301,0.0,5.276,inf,-76.527,-0.1,5.268,-65.85,-76.5266,-76.527,-0.1,5.28,-66.0,-76.527,-0.2,5.284,-33.025,-75.643,-0.1,5.28,-66.0,,0.0,5.276,inf,-74.301,-0.1,5.288,-66.1,-74.301,0.0,5.28,inf,,0.2,5.288,33.05,-75.643,0.1,5.272,65.9,-75.643,0.2,5.272,32.95,-75.643
05-01-2026-Fri 14-47-39-PM,-0.1,5.276,-65.94999999999999,-75.6761,-75.676,-0.2,5.28,-33.0,-75.676,0.0,5.276,inf,-74.334,0.2,5.28,33.0,-74.3339,-74.334,-0.1,5.284,-66.05,-74.334,0.2,5.276,32.974999999999994,-76.527,-0.1,5.268,-65.85,-76.5266,-76.527,0.0,5.28,inf,-76.527,-0.2,5.284,-33.025,-75.676,-0.2,5.284,-33.025,,0.0,5.276,inf,-74.334,0.1,5.288,66.1,-74.334,0.2,5.276,32.974999999999994,,0.0,5.288,inf,-75.676,-0.1,5.276,-65.94999999999999,-75.676,0.0,5.276,inf,-75.676
05-01-2026-Fri 14-48-35-PM,0.3,5.28,22.000000000000004,-76.1668,-76.167,-0.2,5.28,-33.0,-76.167,0.2,5.276,32.974999999999994,-74.858,0.0,5.28,inf,-74.8578,-74.858,0.2,5.276,32.974999999999994,-74.858,0.1,5.276,65.94999999999999,-77.05,0.1,5.272,65.9,-77.05,-77.05,0.1,5.28,66.0,-77.05,0.2,5.288,33.05,-76.167,0.2,5.28,33.0,,-0.1,5.28,-66.0,-74.858,-0.2,5.292,-33.074999999999996,-74.858,0.1,5.28,66.0,,0.2,5.288,33.05,-76.167,0.0,5.276,inf,-76.167,0.0,5.276,inf,-76.167
05-01-2026-Fri 14-48-36-PM,-0.1,5.276,-65.94999999999999,-76.1995,-76.2,0.1,5.284,66.05,-76.2,0.1,5.276,65.94999999999999,-74.858,0.1,5.28,66.0,-74.8578,-74.858,0.0,5.28,inf,-74.858,0.4,5.28,16.5,-76.985,0.0,5.268,inf,-76.9846,-76.985,0.1,5.28,66.0,-76.985,0.1,5.288,66.1,-76.2,-0.1,5.284,-66.05,,0.0,5.28,inf,-74.858,-0.1,5.288,-66.1,-74.858,0.2,5.28,33.0,,0.1,5.288,66.1,-76.2,0.0,5.276,inf,-76.2,0.0,5.276,inf,-76.2
05-01-2026-Fri 14-48-37-PM,-0.2,5.28,-33.0,-76.1995,-76.2,0.2,5.28,33.0,-76.2,0.2,5.276,32.974999999999994,-74.858,0.6,5.28,11.000000000000002,-74.8578,-74.858,0.2,5.276,32.974999999999994,-74.858,0.1,5.284,66.05,-77.017,0.0,5.268,inf,-77.0172,-77.017,0.2,5.28,33.0,-77.017,-0.2,5.288,-33.05,-76.2,-0.2,5.284,-33.025,,0.0,5.28,inf,-74.858,0.0,5.292,inf,-74.858,0.0,5.28,inf,,0.1,5.288,66.1,-76.2,0.1,5.276,65.94999999999999,-76.2,0.1,5.276,65.94999999999999,-76.2
05-01-2026-Fri 14-48-39-PM,0.0,5.28,inf,-76.2322,-76.232,0.0,5.284,inf,-76.232,0.2,5.272,32.95,-74.89,0.3,5.28,22.000000000000004,-74.8905,-74.89,-0.2,5.276,-32.974999999999994,-74.89,0.0,5.276,inf,-77.05,0.0,5.268,inf,-77.05,-77.05,0.1,5.28,66.0,-77.05,0.0,5.284,inf,-76.232,-0.1,5.284,-66.05,,0.1,5.28,66.0,-74.89,0.0,5.292,inf,-74.89,-0.2,5.28,-33.0,,0.1,5.292,66.14999999999999,-76.232,0.0,5.276,inf,-76.232,-0.2,5.276,-32.974999999999994,-76.232
05-01-2026-Fri 14-48-40-PM,0.1,5.276,65.94999999999999,-76.2322,-76.232,0.0,5.284,inf,-76.232,0.3,5.272,21.96666666666667,-74.923,0.0,5.28,inf,-74.9233,-74.923,-0.1,5.276,-65.94999999999999,-74.923,0.0,5.276,inf,-77.083,0.1,5.268,65.85,-77.0827,-77.083,0.0,5.28,inf,-77.083,0.0,5.28,inf,-76.232,0.4,5.284,16.5125,,0.2,5.28,33.0,-74.923,-0.2,5.292,-33.074999999999996,-74.923,0.1,5.28,66.0,,0.0,5.292,inf,-76.232,0.2,5.272,32.95,-76.232,0.2,5.276,32.974999999999994,-76.232
,,,,15.8365,15.836,,,,15.836,,,,15.702,,,,15.7019,15.702,,,,15.702,,,,16.613,,,,16.613,16.613,,,,16.613,89.1,5.06,0.07098765432098765,15.836,58.8,5.06,0.10756802721088436,,79.5,5.052,0.07943396226415093,15.702,68.0,5.108,0.0938970588235294,15.702,70.3,5.032,0.08947368421052632,,72.7,5.08,0.0873452544704264,15.836,60.8,5.02,0.10320723684210525,15.836,75.5,5.012,0.08298013245033113,15.836
,,,,13.0038,13.004,,,,13.004,,,,12.668,,,,12.6676,12.668,,,,12.668,,,,13.341,,,,13.3409,13.341,,,,13.341,83.9,5.076,0.07562574493444577,13.004,53.4,5.08,0.11891385767790263,,74.7,5.068,0.08480589022757697,12.668,64.2,5.12,0.09968847352024922,12.668,67.3,5.056,0.09390787518573551,,69.2,5.096,0.09205202312138729,13.004,56.4,5.04,0.11170212765957448,13.004,70.9,5.036,0.08878702397743299,13.004
,,,,6.1685,6.168,,,,6.168,,,,6.707,,,,6.70713,6.707,,,,6.707,,,,5.462,,,,5.46214,5.462,,,,5.462,73.1,5.112,0.08741450068399453,6.168,43.4,5.116,0.14735023041474654,,64.0,5.104,0.0996875,6.707,54.6,5.152,0.11794871794871795,6.707,57.6,5.088,0.11041666666666668,,58.4,5.132,0.1098458904109589,6.168,44.5,5.08,0.14269662921348317,6.168,60.0,5.072,0.10566666666666667,6.168
,,,,1.42883,1.429,,,,1.429,,,,1.799,,,,1.79894,1.799,,,,1.799,,,,0.892,,,,0.891812,0.892,,,,0.892,66.0,5.124,0.09704545454545453,1.429,38.8,5.128,0.16520618556701036,,59.8,5.116,0.10693979933110369,1.799,49.6,5.16,0.13004032258064518,1.799,51.2,5.104,0.12460937500000001,,53.1,5.14,0.12099811676082863,1.429,37.8,5.096,0.1685185185185185,1.429,55.4,5.092,0.11489169675090252,1.429
,,,,0.791826,0.792,,,,0.792,,,,1.195,,,,1.195,1.195,,,,1.195,,,,0.321,,,,0.320923,0.321,,,,0.321,62.0,5.14,0.10362903225806451,0.792,36.9,5.144,0.1742547425474255,,56.0,5.132,0.11455357142857142,1.195,47.0,5.172,0.1375531914893617,1.195,49.0,5.12,0.1306122448979592,,50.0,5.156,0.1289,0.792,35.7,5.112,0.17899159663865546,0.792,52.6,5.104,0.12129277566539924,0.792
,,,,-3.00373,-3.004,,,,-3.004,,,,-2.5,,,,-2.50047,-2.5,,,,-2.5,,,,-3.842,,,,-3.84226,-3.842,,,,-3.842,57.1,5.148,0.1126970227670753,-3.004,33.0,5.152,0.19515151515151516,,51.8,5.144,0.12413127413127414,-2.5,43.7,5.184,0.1482837528604119,-2.5,44.8,5.132,0.14319196428571426,,46.7,5.164,0.13822269807280513,-3.004,32.7,5.124,0.19587155963302752,-3.004,48.5,5.124,0.1320618556701031,-3.004
,,,,-3.97644,-3.976,,,,-3.976,,,,-3.708,,,,-3.70801,-3.708,,,,-3.708,,,,-5.217,,,,-5.21696,-5.217,,,,-5.217,53.8,5.152,0.11970260223048328,-3.976,32.3,5.156,0.1995356037151703,,48.9,5.148,0.13159509202453987,-3.708,41.2,5.184,0.15728155339805824,-3.708,42.8,5.136,0.15000000000000002,,44.5,5.172,0.1452808988764045,-3.976,30.8,5.128,0.20811688311688312,-3.976,46.3,5.124,0.13833693304535638,-3.976
,,,,-4.6471,-4.647,,,,-4.647,,,,-4.278,,,,-4.27824,-4.278,,,,-4.278,,,,-5.552,,,,-5.55219,-5.552,,,,-5.552,51.7,5.168,0.12495164410058028,-4.647,31.2,5.168,0.2070512820512821,,47.5,5.16,0.13578947368421054,-4.278,39.4,5.192,0.16472081218274112,-4.278,40.9,5.148,0.15733496332518337,,42.9,5.18,0.15093240093240093,-4.647,29.7,5.14,0.2163299663299663,-4.647,44.4,5.136,0.1445945945945946,-4.647
,,,,-5.71983,-5.72,,,,-5.72,,,,-4.915,,,,-4.91531,-4.915,,,,-4.915,,,,-6.491,,,,-6.4907,-6.491,,,,-6.491,50.7,5.168,0.12741617357001972,-5.72,30.5,5.172,0.21196721311475408,,46.0,5.164,0.14032608695652174,-4.915,38.7,5.192,0.16770025839793282,-4.915,40.3,5.148,0.15967741935483873,,41.9,5.18,0.15453460620525059,-5.72,28.9,5.14,0.22231833910034604,-5.72,43.6,5.14,0.1473623853211009,-5.72
,,,,-11.0452,-11.045,,,,-11.045,,,,-10.008,,,,-10.0076,-10.008,,,,-10.008,,,,-11.949,,,,-11.9486,-11.949,,,,-11.949,43.7,5.184,0.1482837528604119,-11.045,25.5,5.188,0.2543137254901961,,39.2,5.176,0.16505102040816325,-10.008,32.4,5.208,0.20092592592592595,-10.008,32.2,5.168,0.20062111801242238,,34.6,5.2,0.1878612716763006,-11.045,22.5,5.164,0.2868888888888889,-11.045,36.8,5.16,0.1752717391304348,-11.045
,,,,-15.1254,-15.125,,,,-15.125,,,,-14.323,,,,-14.3231,-14.323,,,,-14.323,,,,-15.861,,,,-15.8606,-15.861,,,,-15.861,36.0,5.208,0.18083333333333337,-15.125,21.5,5.188,0.3016279069767442,,34.4,5.184,0.18837209302325583,-14.323,28.6,5.212,0.2277972027972028,-14.323,28.1,5.176,0.2302491103202847,,30.4,5.204,0.21398026315789473,-15.125,19.8,5.172,0.3265151515151515,-15.125,32.5,5.168,0.19876923076923078,-15.125
,,,,-15.259,-15.259,,,,-15.259,,,,-14.457,,,,-14.4568,-14.457,,,,-14.457,,,,-15.994,,,,-15.9943,-15.994,,,,-15.994,34.8,5.196,0.18663793103448278,-15.259,21.1,5.2,0.3080568720379147,,33.9,5.188,0.19129793510324483,-14.457,27.7,5.22,0.23555956678700363,-14.457,27.5,5.18,0.23545454545454544,,30.2,5.208,0.2155629139072848,-15.259,19.0,5.176,0.34052631578947373,-15.259,32.0,5.172,0.20203125,-15.259
,,,,-15.5599,-15.56,,,,-15.56,,,,-14.858,,,,-14.858,-14.858,,,,-14.858,,,,-15.961,,,,-15.9609,-15.961,,,,-15.961,34.2,5.204,0.19020467836257307,-15.56,20.0,5.204,0.32525,,32.6,5.196,0.1992331288343558,-14.858,27.5,5.22,0.23727272727272727,-14.858,27.3,5.184,0.23736263736263738,,29.8,5.212,0.2186241610738255,-15.56,18.6,5.18,0.34811827956989244,-15.56,32.1,5.176,0.20155763239875388,-15.56
,,,,-16.1614,-16.161,,,,-16.161,,,,-15.192,,,,-15.1922,-15.192,,,,-15.192,,,,-16.662,,,,-16.6625,-16.662,,,,-16.662,31.8,5.208,0.20471698113207548,-16.161,18.2,5.208,0.3576923076923077,,30.3,5.2,0.2145214521452145,-15.192,25.6,5.224,0.255078125,-15.192,25.6,5.192,0.253515625,,28.8,5.216,0.2263888888888889,-16.161,18.2,5.184,0.35604395604395606,-16.161,30.8,5.184,0.21038961038961038,-16.161
,,,,-20.4021,-20.402,,,,-20.402,,,,-20.102,,,,-20.1016,-20.102,,,,-20.102,,,,-22.103,,,,-22.1034,-22.103,,,,-22.103,16.5,5.24,0.396969696969697,-20.402,10.3,5.24,0.6359223300970874,,17.9,5.236,0.3656424581005587,-20.102,14.2,5.252,0.4623239436619718,-20.102,15.4,5.228,0.4243506493506493,,17.8,5.248,0.36853932584269666,-20.402,10.3,5.224,0.6339805825242718,-20.402,17.9,5.22,0.3645251396648045,-20.402
,,,,-20.4688,-20.469,,,,-20.469,,,,-20.135,,,,-20.135,-20.135,,,,-20.135,,,,-22.27,,,,-22.2701,-22.27,,,,-22.27,16.4,5.24,0.3993902439024391,-20.469,9.4,5.244,0.6973404255319149,,17.6,5.236,0.37187499999999996,-20.135,13.9,5.256,0.47266187050359715,-20.135,14.4,5.228,0.45381944444444444,,17.5,5.248,0.37485714285714283,-20.469,10.2,5.22,0.6397058823529412,-20.469,17.3,5.228,0.37774566473988436,-20.469
,,,,-24.4371,-24.437,,,,-24.437,,,,-24.137,,,,-24.1372,-24.137,,,,-24.137,,,,-27.535,,,,-27.535,-27.535,,,,-27.535,11.6,5.252,0.565948275862069,-24.437,7.0,5.252,0.9378571428571428,,12.1,5.248,0.5421487603305786,-24.137,9.9,5.264,0.6646464646464646,-24.137,9.9,5.24,0.6616161616161615,,12.1,5.26,0.5433884297520661,-24.437,7.0,5.236,0.935,-24.437,11.9,5.236,0.5499999999999999,-24.437
,,,,-25.2035,-25.204,,,,-25.204,,,,-24.77,,,,-24.7703,-24.77,,,,-24.77,,,,-28.434,,,,-28.4338,-28.434,,,,-28.434,10.2,5.26,0.6446078431372549,-25.204,6.8,5.256,0.9661764705882354,,11.2,5.252,0.5861607142857143,-24.77,8.9,5.264,0.7393258426966293,-24.77,9.2,5.248,0.7130434782608697,,11.0,5.26,0.5977272727272728,-25.204,6.0,5.244,1.0925,-25.204,10.6,5.244,0.6183962264150943,-25.204
,,,,-30.9956,-30.996,,,,-30.996,,,,-30.064,,,,-30.0643,-30.064,,,,-30.064,,,,-33.755,,,,-33.7546,-33.755,,,,-33.755,6.8,5.272,0.9691176470588236,-30.996,4.7,5.276,1.403191489361702,,7.6,5.272,0.8671052631578948,-30.064,6.3,5.284,1.0484126984126985,-30.064,5.6,5.264,1.175,,6.8,5.28,0.9705882352941178,-30.996,4.3,5.26,1.5290697674418605,-30.996,7.0,5.264,0.9400000000000001,-30.996
,,,,-30.9956,-30.996,,,,-30.996,,,,-30.064,,,,-30.0643,-30.064,,,,-30.064,,,,-33.788,,,,-33.788,-33.788,,,,-33.788,6.9,5.276,0.9557971014492752,-30.996,4.2,5.272,1.569047619047619,,7.1,5.264,0.9267605633802818,-30.064,6.1,5.28,1.0819672131147544,-30.064,5.9,5.268,1.1161016949152542,,6.9,5.28,0.9565217391304347,-30.996,3.9,5.26,1.685897435897436,-30.996,6.6,5.26,0.9962121212121212,-30.996
,,,,-37.8057,-37.806,,,,-37.806,,,,-36.378,,,,-36.3785,-36.378,,,,-36.378,,,,-39.962,,,,-39.9618,-39.962,,,,-39.962,3.6,5.28,1.8333333333333335,-37.806,2.6,5.276,2.536538461538462,,4.6,5.276,1.433695652173913,-36.378,3.5,5.288,1.8885714285714286,-36.378,3.3,5.272,1.9969696969696973,,4.0,5.284,1.65125,-37.806,2.3,5.268,2.8630434782608694,-37.806,3.6,5.264,1.827777777777778,-37.806
,,,,-39.2321,-39.232,,,,-39.232,,,,-37.706,,,,-37.7062,-37.706,,,,-37.706,,,,-41.122,,,,-41.1221,-41.122,,,,-41.122,3.5,5.28,1.885714285714286,-39.232,2.6,5.28,2.5384615384615388,,3.7,5.272,1.781081081081081,-37.706,3.3,5.288,2.003030303030303,-37.706,2.9,5.276,2.274137931034483,,3.4,5.284,1.9426470588235296,-39.232,2.3,5.268,2.8630434782608694,-39.232,3.6,5.272,1.8305555555555557,-39.232
,,,,-39.8623,-39.862,,,,-39.862,,,,-38.303,,,,-38.3034,-38.303,,,,-38.303,,,,-41.586,,,,-41.5861,-41.586,,,,-41.586,3.6,5.28,1.8333333333333335,-39.862,2.4,5.276,2.747916666666667,,3.4,5.276,1.9397058823529412,-38.303,3.3,5.288,2.003030303030303,-38.303,2.8,5.272,2.3535714285714286,,3.4,5.28,1.9411764705882355,-39.862,2.2,5.264,2.9909090909090907,-39.862,3.4,5.264,1.9352941176470593,-39.862
,,,,-41.0227,-41.023,,,,-41.023,,,,-39.431,,,,-39.4312,-39.431,,,,-39.431,,,,-42.315,,,,-42.3151,-42.315,,,,-42.315,3.4,5.28,1.9411764705882355,-41.023,2.6,5.28,2.5384615384615388,,3.3,5.272,1.9969696969696973,-39.431,2.9,5.288,2.279310344827586,-39.431,2.6,5.272,2.534615384615385,,3.1,5.284,2.1306451612903228,-41.023,1.9,5.264,3.463157894736842,-41.023,3.1,5.268,2.1241935483870966,-41.023
,,,,-42.6464,-42.646,,,,-42.646,,,,-41.255,,,,-41.2547,-41.255,,,,-41.255,,,,-43.706,,,,-43.7062,-43.706,,,,-43.706,2.9,5.284,2.277586206896552,-42.646,2.2,5.284,3.002272727272727,,3.4,5.276,1.9397058823529412,-41.255,2.9,5.288,2.279310344827586,-41.255,2.4,5.276,2.747916666666667,,2.7,5.288,2.448148148148148,-42.646,1.6,5.272,4.11875,-42.646,2.9,5.272,2.2724137931034485,-42.646
,,,,-43.077,-43.077,,,,-43.077,,,,-41.719,,,,-41.7186,-41.719,,,,-41.719,,,,-44.037,,,,-44.0374,-44.037,,,,-44.037,2.8,5.284,2.3589285714285713,-43.077,2.0,5.284,3.3025,,3.0,5.276,2.1983333333333333,-41.719,2.5,5.288,2.6440000000000006,-41.719,2.1,5.276,3.14047619047619,,2.6,5.288,2.5423076923076926,-43.077,1.9,5.268,3.4657894736842105,-43.077,2.7,5.272,2.4407407407407407,-43.077
,,,,-44.4679,-44.468,,,,-44.468,,,,-43.077,,,,-43.077,-43.077,,,,-43.077,,,,-45.428,,,,-45.4278,-45.428,,,,-45.428,2.5,5.284,2.642,-44.468,1.8,5.284,3.6694444444444447,,2.8,5.28,2.357142857142857,-43.077,2.5,5.288,2.6440000000000006,-43.077,1.9,5.276,3.4710526315789476,,2.8,5.288,2.3607142857142858,-44.468,1.3,5.268,5.065384615384615,-44.468,2.4,5.272,2.7458333333333336,-44.468
,,,,-49.6941,-49.694,,,,-49.694,,,,-48.24,,,,-48.2396,-48.24,,,,-48.24,,,,-50.421,,,,-50.421,-50.421,,,,-50.421,1.4,5.288,4.7214285714285715,-49.694,1.2,5.288,5.508333333333334,,1.5,5.284,4.403333333333333,-48.24,1.5,5.292,4.41,-48.24,1.1,5.28,6.0,,1.4,5.292,4.7250000000000005,-49.694,0.9,5.276,7.3277777777777775,-49.694,1.6,5.276,4.121874999999999,-49.694
,,,,-52.8318,-52.832,,,,-52.832,,,,-51.181,,,,-51.1808,-51.181,,,,-51.181,,,,-53.756,,,,-53.756,-53.756,,,,-53.756,1.1,5.288,6.009090909090909,-52.832,0.9,5.284,7.3388888888888895,,1.3,5.28,5.0769230769230775,-51.181,1.3,5.288,5.084615384615385,-51.181,1.1,5.28,6.0,,1.2,5.288,5.508333333333334,-52.832,0.8,5.272,8.2375,-52.832,1.3,5.276,5.073076923076924,-52.832
,,,,-54.3499,-54.35,,,,-54.35,,,,-52.568,,,,-52.5678,-52.568,,,,-52.568,,,,-55.208,,,,-55.2076,-55.208,,,,-55.208,1.2,5.284,5.504166666666667,-54.35,1.1,5.292,6.013636363636363,,1.0,5.28,6.6000000000000005,-52.568,1.0,5.292,6.615,-52.568,0.9,5.284,7.3388888888888895,,1.0,5.292,6.615,-54.35,0.9,5.28,7.333333333333334,-54.35,1.1,5.28,6.0,-54.35
,,,,-57.0209,-57.021,,,,-57.021,,,,-55.438,,,,-55.4383,-55.438,,,,-55.438,,,,-57.845,,,,-57.8448,-57.845,,,,-57.845,0.6,5.284,11.008333333333335,-57.021,0.6,5.288,11.016666666666667,,0.9,5.28,7.333333333333334,-55.438,1.0,5.292,6.615,-55.438,0.8,5.28,8.25,,0.8,5.292,8.268749999999999,-57.021,0.6,5.276,10.991666666666667,-57.021,0.7,5.276,9.42142857142857,-57.021
,,,,-59.7222,-59.722,,,,-59.722,,,,-57.944,,,,-57.9437,-57.944,,,,-57.944,,,,-60.447,,,,-60.4466,-60.447,,,,-60.447,0.2,5.288,33.05,-59.722,0.6,5.284,11.008333333333335,,0.9,5.284,7.3388888888888895,-57.944,0.4,5.288,16.525,-57.944,0.6,5.28,11.000000000000002,,0.6,5.292,11.025,-59.722,0.3,5.276,21.983333333333334,-59.722,0.7,5.276,9.42142857142857,-59.722
,,,,-62.6183,-62.618,,,,-62.618,,,,-61.039,,,,-61.039,-61.039,,,,-61.039,,,,-63.276,,,,-63.2761,-63.276,,,,-63.276,0.2,5.288,33.05,-62.618,0.3,5.28,22.000000000000004,,0.1,5.284,66.05,-61.039,0.4,5.292,16.537499999999998,-61.039,0.5,5.28,13.200000000000001,,0.3,5.288,22.033333333333335,-62.618,0.3,5.272,21.96666666666667,-62.618,0.5,5.276,13.19,-62.618
,,,,-63.4405,-63.44,,,,-63.44,,,,-61.862,,,,-61.8617,-61.862,,,,-61.862,,,,-64.197,,,,-64.1967,-64.197,,,,-64.197,0.4,5.288,16.525,-63.44,0.2,5.288,33.05,,0.3,5.28,22.000000000000004,-61.862,0.5,5.292,13.23,-61.862,0.6,5.28,11.000000000000002,,0.5,5.292,13.23,-63.44,0.4,5.272,16.475,-63.44,0.2,5.272,32.95,-63.44
,,,,-65.1826,-65.183,,,,-65.183,,,,-63.605,,,,-63.6049,-63.605,,,,-63.605,,,,-65.905,,,,-65.9054,-65.905,,,,-65.905,0.3,5.288,22.033333333333335,-65.183,0.3,5.288,22.033333333333335,,0.2,5.276,32.974999999999994,-63.605,0.5,5.292,13.23,-63.605,0.6,5.28,11.000000000000002,,0.5,5.288,13.22,-65.183,0.0,5.272,inf,-65.183,0.6,5.272,10.983333333333334,-65.183
,,,,-65.774,-65.774,,,,-65.774,,,,-64.197,,,,-64.1967,-64.197,,,,-64.197,,,,-66.53,,,,-66.5295,-66.53,,,,-66.53,0.2,5.284,33.025,-65.774,0.4,5.284,16.5125,,0.1,5.28,66.0,-64.197,-0.1,5.288,-66.1,-64.197,0.2,5.276,32.974999999999994,,0.3,5.288,22.033333333333335,-65.774,0.2,5.268,32.925,-65.774,0.4,5.276,16.487499999999997,-65.774
,,,,-67.0221,-67.022,,,,-67.022,,,,-65.511,,,,-65.5112,-65.511,,,,-65.511,,,,-67.646,,,,-67.6459,-67.646,,,,-67.646,0.4,5.288,16.525,-67.022,0.3,5.284,22.01666666666667,,0.2,5.284,33.025,-65.511,0.3,5.288,22.033333333333335,-65.511,0.3,5.28,22.000000000000004,,0.3,5.292,22.05,-67.022,0.1,5.276,65.94999999999999,-67.022,0.3,5.276,21.983333333333334,-67.022
,,,,-68.2695,-68.27,,,,-68.27,,,,-67.088,,,,-67.0877,-67.088,,,,-67.088,,,,-68.762,,,,-68.7617,-68.762,,,,-68.762,0.4,5.28,16.5,-68.27,0.2,5.28,33.0,,0.4,5.276,16.487499999999997,-67.088,0.1,5.288,66.1,-67.088,0.3,5.28,22.000000000000004,,0.4,5.288,16.525,-68.27,0.2,5.272,32.95,-68.27,0.1,5.272,65.9,-68.27
,,,,-70.2708,-70.271,,,,-70.271,,,,-69.024,,,,-69.0242,-69.024,,,,-69.024,,,,-70.894,,,,-70.8937,-70.894,,,,-70.894,0.0,5.284,inf,-70.271,0.1,5.28,66.0,,0.1,5.276,65.94999999999999,-69.024,0.0,5.292,inf,-69.024,0.1,5.28,66.0,,0.4,5.288,16.525,-70.271,0.1,5.272,65.9,-70.271,0.3,5.276,21.983333333333334,-70.271
,,,,-72.5325,-72.532,,,,-72.532,,,,-71.418,,,,-71.4183,-71.418,,,,-71.418,,,,-73.351,,,,-73.3514,-73.351,,,,-73.351,0.0,5.288,inf,-72.532,0.2,5.284,33.025,,0.4,5.28,16.5,-71.418,-0.2,5.288,-33.05,-71.418,0.4,5.28,16.5,,0.1,5.292,66.14999999999999,-72.532,-0.1,5.272,-65.9,-72.532,-0.1,5.276,-65.94999999999999,-72.532
,,,,-73.0239,-73.024,,,,-73.024,,,,-71.877,,,,-71.8771,-71.877,,,,-71.877,,,,-73.843,,,,-73.8427,-73.843,,,,-73.843,-0.1,5.288,-66.1,-73.024,0.0,5.284,inf,,0.1,5.28,66.0,-71.877,-0.2,5.292,-33.074999999999996,-71.877,0.3,5.28,22.000000000000004,,-0.2,5.288,-33.05,-73.024,0.2,5.276,32.974999999999994,-73.024,0.2,5.276,32.974999999999994,-73.024
,,,,-73.81,-73.81,,,,-73.81,,,,-72.598,,,,-72.5981,-72.598,,,,-72.598,,,,-74.694,,,,-74.6941,-74.694,,,,-74.694,0.0,5.284,inf,-73.81,0.0,5.28,inf,,-0.1,5.28,-66.0,-72.598,-0.2,5.288,-33.05,-72.598,0.5,5.276,13.19,,-0.1,5.288,-66.1,-73.81,0.2,5.268,32.925,-73.81,0.0,5.276,inf,-73.81
,,,,-74.4649,-74.465,,,,-74.465,,,,-73.221,,,,-73.2206,-73.221,,,,-73.221,,,,-75.414,,,,-75.4142,-75.414,,,,-75.414,-0.1,5.284,-66.05,-74.465,0.1,5.28,66.0,,0.1,5.276,65.94999999999999,-73.221,-0.1,5.288,-66.1,-73.221,0.0,5.276,inf,,0.1,5.284,66.05,-74.465,0.0,5.268,inf,-74.465,0.1,5.268,65.85,-74.465
