Timestamp,x61 Cell 1 Temp,x61 Cell 2 Temp,x61 Cell 3 Temp,x61 Cell 4 Temp,x62 Cell 5 Temp,x62 Cell 6 Temp,x62 Cell 7 Temp,x62 Cell 8 Temp,x63 Cell 9 Temp,x63 Cell 10 Temp,x63 Cell 11 Temp,x63 Cell 12 Temp,x64 Cell 13 Temp,x64 Cell 14 Temp,x64 Cell 15 Temp,x64 Cell 16 Temp
05-07-2026-Thu 13-00-13-PM,22.76,22.76,23.232,23.232,23.232,23.03,23.03,23.03,22.76,,23.232,23.232,23.232,,23.03,
05-07-2026-Thu 13-00-15-PM,22.725,22.725,23.232,23.232,23.232,23.063,23.063,23.063,22.725,,23.232,23.232,23.232,,23.063,
05-07-2026-Thu 13-00-16-PM,22.725,22.725,23.232,23.232,23.232,23.098,23.098,23.098,22.725,,23.232,23.232,23.232,,23.098,
05-07-2026-Thu 13-00-17-PM,22.725,22.725,23.199,23.199,23.199,23.063,23.063,23.063,22.725,,23.199,23.199,23.199,,23.063,
05-07-2026-Thu 13-00-19-PM,22.76,22.76,23.232,23.232,23.232,23.132,23.132,23.132,22.76,,23.232,23.232,23.232,,23.132,
05-07-2026-Thu 13-00-20-PM,22.76,22.76,23.232,23.232,23.232,23.098,23.098,23.098,22.76,,23.232,23.232,23.232,,23.098,
05-07-2026-Thu 13-00-22-PM,22.76,22.76,23.232,23.232,23.232,23.03,23.03,23.03,22.76,,23.232,23.232,23.232,,23.03,
05-07-2026-Thu 13-00-23-PM,22.76,22.76,23.199,23.199,23.199,23.098,23.098,23.098,22.76,,23.199,23.199,23.199,,23.098,
05-07-2026-Thu 13-00-24-PM,22.76,22.76,23.232,23.232,23.232,23.03,23.03,23.03,22.76,,23.232,23.232,23.232,,23.03,
05-07-2026-Thu 13-00-26-PM,22.725,22.725,23.199,23.199,23.199,23.03,23.03,23.03,22.725,,23.199,23.199,23.199,,23.03,
05-07-2026-Thu 13-00-27-PM,22.76,22.76,23.199,23.199,23.199,23.03,23.03,23.03,22.76,,23.199,23.199,23.199,,23.03,
05-07-2026-Thu 13-00-29-PM,22.76,22.76,23.199,23.199,23.199,23.063,23.063,23.063,22.76,,23.199,23.199,23.199,,23.063,
05-07-2026-Thu 13-00-30-PM,22.76,22.76,23.199,23.199,23.199,23.063,23.063,23.063,22.76,,23.199,23.199,23.199,,23.063,
05-07-2026-Thu 13-00-31-PM,22.76,22.76,23.199,23.199,23.199,23.063,23.063,23.063,22.76,,23.199,23.199,23.199,,23.063,
05-07-2026-Thu 13-00-33-PM,22.725,22.725,23.199,23.199,23.199,22.996,22.996,22.996,22.725,,23.199,23.199,23.199,,22.996,
05-07-2026-Thu 13-00-34-PM,23.03,23.03,23.537,23.537,23.537,23.063,23.063,23.063,23.03,,23.537,23.537,23.537,,23.063,
05-07-2026-Thu 13-00-35-PM,22.793,22.793,23.3,23.3,23.3,23.03,23.03,23.03,22.793,,23.3,23.3,23.3,,23.03,
05-07-2026-Thu 13-00-37-PM,23.098,23.098,23.3,23.3,23.3,23.03,23.03,23.03,23.098,,23.3,23.3,23.3,,23.03,
05-07-2026-Thu 13-00-38-PM,22.962,22.962,23.199,23.199,23.199,23.03,23.03,23.03,22.962,,23.199,23.199,23.199,,23.03,
05-07-2026-Thu 13-00-40-PM,22.725,22.725,23.199,23.199,23.199,22.996,22.996,22.996,22.725,,23.199,23.199,23.199,,22.996,
05-07-2026-Thu 13-00-41-PM,22.76,22.76,23.199,23.199,23.199,23.063,23.063,23.063,22.76,,23.199,23.199,23.199,,23.063,
05-07-2026-Thu 13-00-43-PM,22.76,22.76,23.199,23.199,23.199,23.03,23.03,23.03,22.76,,23.199,23.199,23.199,,23.03,
05-07-2026-Thu 13-00-44-PM,22.76,22.76,23.199,23.199,23.199,23.098,23.098,23.098,22.76,,23.199,23.199,23.199,,23.098,
05-07-2026-Thu 13-00-46-PM,22.76,22.76,23.199,23.199,23.199,23.03,23.03,23.03,22.76,,23.199,23.199,23.199,,23.03,
05-07-2026-Thu 13-00-47-PM,22.76,22.76,23.199,23.199,23.199,22.962,22.962,22.962,22.76,,23.199,23.199,23.199,,22.962,
05-07-2026-Thu 13-00-48-PM,22.76,22.76,23.199,23.199,23.199,22.996,22.996,22.996,22.76,,23.199,23.199,23.199,,22.996,
05-07-2026-Thu 13-00-50-PM,22.76,22.76,23.199,23.199,23.199,23.063,23.063,23.063,22.76,,23.199,23.199,23.199,,23.063,
05-07-2026-Thu 13-00-51-PM,22.76,22.76,23.164,23.164,23.164,23.063,23.063,23.063,22.76,,23.164,23.164,23.164,,23.063,
05-07-2026-Thu 13-00-53-PM,22.725,22.725,23.199,23.199,23.199,22.996,22.996,22.996,22.725,,23.199,23.199,23.199,,22.996,
05-07-2026-Thu 13-00-54-PM,22.76,22.76,23.164,23.164,23.164,22.996,22.996,22.996,22.76,,23.164,23.164,23.164,,22.996,
05-07-2026-Thu 13-00-55-PM,22.76,22.76,23.199,23.199,23.199,22.962,22.962,22.962,22.76,,23.199,23.199,23.199,,22.962,
05-07-2026-Thu 13-00-57-PM,22.76,22.76,23.164,23.164,23.164,22.996,22.996,22.996,22.76,,23.164,23.164,23.164,,22.996,
05-07-2026-Thu 13-00-58-PM,22.76,22.76,23.164,23.164,23.164,22.996,22.996,22.996,22.76,,23.164,23.164,23.164,,22.996,
05-07-2026-Thu 13-01-00-PM,22.76,22.76,23.132,23.132,23.132,22.962,22.962,22.962,22.76,,23.132,23.132,23.132,,22.962,
05-07-2026-Thu 13-01-01-PM,22.725,22.725,23.132,23.132,23.132,23.03,23.03,23.03,22.725,,23.132,23.132,23.132,,23.03,
05-07-2026-Thu 13-01-03-PM,22.725,22.725,23.164,23.164,23.164,23.03,23.03,23.03,22.725,,23.164,23.164,23.164,,23.03,
05-07-2026-Thu 13-01-04-PM,22.725,22.725,23.164,23.164,23.164,22.996,22.996,22.996,22.725,,23.164,23.164,23.164,,22.996,
05-07-2026-Thu 13-01-05-PM,22.725,22.725,23.164,23.164,23.164,23.03,23.03,23.03,22.725,,23.164,23.164,23.164,,23.03,
05-07-2026-Thu 13-01-07-PM,22.76,22.76,23.132,23.132,23.132,22.928,22.928,22.928,22.76,,23.132,23.132,23.132,,22.928,
05-07-2026-Thu 13-01-08-PM,22.725,22.725,23.132,23.132,23.132,22.996,22.996,22.996,22.725,,23.132,23.132,23.132,,22.996,
05-07-2026-Thu 13-01-10-PM,22.76,22.76,23.132,23.132,23.132,22.996,22.996,22.996,22.76,,23.132,23.132,23.132,,22.996,
05-07-2026-Thu 13-01-11-PM,22.725,22.725,23.132,23.132,23.132,22.962,22.962,22.962,22.725,,23.132,23.132,23.132,,22.962,
05-07-2026-Thu 13-01-12-PM,22.725,22.725,23.132,23.132,23.132,22.962,22.962,22.962,22.725,,23.132,23.132,23.132,,22.962,
05-07-2026-Thu 13-01-14-PM,22.725,22.725,23.132,23.132,23.132,22.996,22.996,22.996,22.725,,23.132,23.132,23.132,,22.996,
05-07-2026-Thu 13-01-15-PM,22.725,22.725,23.098,23.098,23.098,22.996,22.996,22.996,22.725,,23.098,23.098,23.098,,22.996,
05-07-2026-Thu 13-01-16-PM,22.692,22.692,23.132,23.132,23.132,22.996,22.996,22.996,22.692,,23.132,23.132,23.132,,22.996,
05-07-2026-Thu 13-01-18-PM,23.03,23.03,23.639,23.639,23.639,22.928,22.928,22.928,23.03,,23.639,23.639,23.639,,22.928,
05-07-2026-Thu 13-01-19-PM,22.928,22.928,23.402,23.402,23.402,22.962,22.962,22.962,22.928,,23.402,23.402,23.402,,22.962,
05-07-2026-Thu 13-01-21-PM,23.063,23.063,23.368,23.368,23.368,22.894,22.894,22.894,23.063,,23.368,23.368,23.368,,22.894,
05-07-2026-Thu 13-01-22-PM,23.232,23.232,23.199,23.199,23.199,22.996,22.996,22.996,23.232,,23.199,23.199,23.199,,22.996,
05-07-2026-Thu 13-01-24-PM,22.827,22.827,23.3,23.3,23.3,22.996,22.996,22.996,22.827,,23.3,23.3,23.3,,22.996,
05-07-2026-Thu 13-01-25-PM,23.164,23.164,23.537,23.537,23.537,22.928,22.928,22.928,23.164,,23.537,23.537,23.537,,22.928,
05-07-2026-Thu 13-01-26-PM,22.928,22.928,23.368,23.368,23.368,22.996,22.996,22.996,22.928,,23.368,23.368,23.368,,22.996,
05-07-2026-Thu 13-01-28-PM,22.725,22.725,23.132,23.132,23.132,22.962,22.962,22.962,22.725,,23.132,23.132,23.132,,22.962,
05-07-2026-Thu 13-01-29-PM,22.76,22.76,23.132,23.132,23.132,22.962,22.962,22.962,22.76,,23.132,23.132,23.132,,22.962,
05-07-2026-Thu 13-01-30-PM,22.793,22.793,23.132,23.132,23.132,22.962,22.962,22.962,22.793,,23.132,23.132,23.132,,22.962,
05-07-2026-Thu 13-01-32-PM,22.76,22.76,23.132,23.132,23.132,22.928,22.928,22.928,22.76,,23.132,23.132,23.132,,22.928,
05-07-2026-Thu 13-01-33-PM,22.76,22.76,23.132,23.132,23.132,22.996,22.996,22.996,22.76,,23.132,23.132,23.132,,22.996,
05-07-2026-Thu 13-01-35-PM,22.76,22.76,23.164,23.164,23.164,23.03,23.03,23.03,22.76,,23.164,23.164,23.164,,23.03,
05-07-2026-Thu 13-01-36-PM,22.76,22.76,23.132,23.132,23.132,22.928,22.928,22.928,22.76,,23.132,23.132,23.132,,22.928,
05-07-2026-Thu 13-01-37-PM,22.725,22.725,23.132,23.132,23.132,22.928,22.928,22.928,22.725,,23.132,23.132,23.132,,22.928,
05-07-2026-Thu 13-01-39-PM,22.76,22.76,23.132,23.132,23.132,22.962,22.962,22.962,22.76,,23.132,23.132,23.132,,22.962,
05-07-2026-Thu 13-01-40-PM,22.692,22.692,23.098,23.098,23.098,22.962,22.962,22.962,22.692,,23.098,23.098,23.098,,22.962,
05-07-2026-Thu 13-01-42-PM,22.76,22.76,23.132,23.132,23.132,22.962,22.962,22.962,22.76,,23.132,23.132,23.132,,22.962,
05-07-2026-Thu 13-01-43-PM,22.76,22.76,23.132,23.132,23.132,22.928,22.928,22.928,22.76,,23.132,23.132,23.132,,22.928,
05-07-2026-Thu 13-01-44-PM,22.76,22.76,23.132,23.132,23.132,22.962,22.962,22.962,22.76,,23.132,23.132,23.132,,22.962,
05-07-2026-Thu 13-01-46-PM,22.725,22.725,23.098,23.098,23.098,22.962,22.962,22.962,22.725,,23.098,23.098,23.098,,22.962,
05-07-2026-Thu 13-01-47-PM,22.725,22.725,23.098,23.098,23.098,22.894,22.894,22.894,22.725,,23.098,23.098,23.098,,22.894,
05-07-2026-Thu 13-01-49-PM,22.725,22.725,23.098,23.098,23.098,22.996,22.996,22.996,22.725,,23.098,23.098,23.098,,22.996,
05-07-2026-Thu 13-01-50-PM,22.725,22.725,23.098,23.098,23.098,22.928,22.928,22.928,22.725,,23.098,23.098,23.098,,22.928,
05-07-2026-Thu 13-01-51-PM,22.725,22.725,23.098,23.098,23.098,22.894,22.894,22.894,22.725,,23.098,23.098,23.098,,22.894,
05-07-2026-Thu 13-01-53-PM,22.725,22.725,23.063,23.063,23.063,22.928,22.928,22.928,22.725,,23.063,23.063,23.063,,22.928,
05-07-2026-Thu 13-01-54-PM,22.725,22.725,23.098,23.098,23.098,22.894,22.894,22.894,22.725,,23.098,23.098,23.098,,22.894,
05-07-2026-Thu 13-01-56-PM,22.725,22.725,23.098,23.098,23.098,22.86,22.86,22.86,22.725,,23.098,23.098,23.098,,22.86,
05-07-2026-Thu 13-01-57-PM,22.725,22.725,23.063,23.063,23.063,22.827,22.827,22.827,22.725,,23.063,23.063,23.063,,22.827,
05-07-2026-Thu 13-01-58-PM,22.725,22.725,23.063,23.063,23.063,22.86,22.86,22.86,22.725,,23.063,23.063,23.063,,22.86,
05-07-2026-Thu 13-02-00-PM,22.725,22.725,23.063,23.063,23.063,22.793,22.793,22.793,22.725,,23.063,23.063,23.063,,22.793,
05-07-2026-Thu 13-02-01-PM,22.725,22.725,23.063,23.063,23.063,22.827,22.827,22.827,22.725,,23.063,23.063,23.063,,22.827,
05-07-2026-Thu 13-02-03-PM,22.692,22.692,23.03,23.03,23.03,22.793,22.793,22.793,22.692,,23.03,23.03,23.03,,22.793,
05-07-2026-Thu 13-02-04-PM,22.692,22.692,23.03,23.03,23.03,22.76,22.76,22.76,22.692,,23.03,23.03,23.03,,22.76,
05-07-2026-Thu 13-02-06-PM,22.692,22.692,23.063,23.063,23.063,22.725,22.725,22.725,22.692,,23.063,23.063,23.063,,22.725,
05-07-2026-Thu 13-02-07-PM,22.692,22.692,23.03,23.03,23.03,22.725,22.725,22.725,22.692,,23.03,23.03,23.03,,22.725,
05-07-2026-Thu 13-02-08-PM,22.692,22.692,22.996,22.996,22.996,22.725,22.725,22.725,22.692,,22.996,22.996,22.996,,22.725,
05-07-2026-Thu 13-02-10-PM,22.692,22.692,23.03,23.03,23.03,22.725,22.725,22.725,22.692,,23.03,23.03,23.03,,22.725,
05-07-2026-Thu 13-02-12-PM,22.658,22.658,23.03,23.03,23.03,22.658,22.658,22.658,22.658,,23.03,23.03,23.03,,22.658,
05-07-2026-Thu 13-02-13-PM,22.658,22.658,22.962,22.962,22.962,22.658,22.658,22.658,22.658,,22.962,22.962,22.962,,22.658,
05-07-2026-Thu 13-02-15-PM,22.658,22.658,22.962,22.962,22.962,22.658,22.658,22.658,22.658,,22.962,22.962,22.962,,22.658,
05-07-2026-Thu 13-02-16-PM,22.624,22.624,22.962,22.962,22.962,22.624,22.624,22.624,22.624,,22.962,22.962,22.962,,22.624,
05-07-2026-Thu 13-02-17-PM,22.658,22.658,22.962,22.962,22.962,22.556,22.556,22.556,22.658,,22.962,22.962,22.962,,22.556,
05-07-2026-Thu 13-02-19-PM,22.624,22.624,22.962,22.962,22.962,22.523,22.523,22.523,22.624,,22.962,22.962,22.962,,22.523,
05-07-2026-Thu 13-02-20-PM,22.624,22.624,22.962,22.962,22.962,22.556,22.556,22.556,22.624,,22.962,22.962,22.962,,22.556,
05-07-2026-Thu 13-02-22-PM,22.59,22.59,22.928,22.928,22.928,22.556,22.556,22.556,22.59,,22.928,22.928,22.928,,22.556,
05-07-2026-Thu 13-02-23-PM,22.556,22.556,22.928,22.928,22.928,22.489,22.489,22.489,22.556,,22.928,22.928,22.928,,22.489,
05-07-2026-Thu 13-02-24-PM,22.556,22.556,22.928,22.928,22.928,22.489,22.489,22.489,22.556,,22.928,22.928,22.928,,22.489,
05-07-2026-Thu 13-02-26-PM,22.556,22.556,22.894,22.894,22.894,22.455,22.455,22.455,22.556,,22.894,22.894,22.894,,22.455,
05-07-2026-Thu 13-02-27-PM,22.556,22.556,22.86,22.86,22.86,22.455,22.455,22.455,22.556,,22.86,22.86,22.86,,22.455,
05-07-2026-Thu 13-02-29-PM,22.523,22.523,22.86,22.86,22.86,22.387,22.387,22.387,22.523,,22.86,22.86,22.86,,22.387,
05-07-2026-Thu 13-02-30-PM,22.523,22.523,22.827,22.827,22.827,22.455,22.455,22.455,22.523,,22.827,22.827,22.827,,22.455,
05-07-2026-Thu 13-02-32-PM,22.489,22.489,22.827,22.827,22.827,22.354,22.354,22.354,22.489,,22.827,22.827,22.827,,22.354,
05-07-2026-Thu 13-02-33-PM,22.455,22.455,22.827,22.827,22.827,22.354,22.354,22.354,22.455,,22.827,22.827,22.827,,22.354,
05-07-2026-Thu 13-02-34-PM,22.455,22.455,22.793,22.793,22.793,22.32,22.32,22.32,22.455,,22.793,22.793,22.793,,22.32,
05-07-2026-Thu 13-02-36-PM,22.421,22.421,22.76,22.76,22.76,22.32,22.32,22.32,22.421,,22.76,22.76,22.76,,22.32,
05-07-2026-Thu 13-02-37-PM,22.387,22.387,22.76,22.76,22.76,22.286,22.286,22.286,22.387,,22.76,22.76,22.76,,22.286,
05-07-2026-Thu 13-02-39-PM,22.387,22.387,22.76,22.76,22.76,22.253,22.253,22.253,22.387,,22.76,22.76,22.76,,22.253,
05-07-2026-Thu 13-02-41-PM,22.32,22.32,22.725,22.725,22.725,22.185,22.185,22.185,22.32,,22.725,22.725,22.725,,22.185,
05-07-2026-Thu 13-02-44-PM,22.286,22.286,22.624,22.624,22.624,22.117,22.117,22.117,22.286,,22.624,22.624,22.624,,22.117,
05-07-2026-Thu 13-02-47-PM,22.219,22.219,22.624,22.624,22.624,22.083,22.083,22.083,22.219,,22.624,22.624,22.624,,22.083,
05-07-2026-Thu 13-02-50-PM,22.185,22.185,22.556,22.556,22.556,21.982,21.982,21.982,22.185,,22.556,22.556,22.556,,21.982,
05-07-2026-Thu 13-02-51-PM,22.117,22.117,22.489,22.489,22.489,21.982,21.982,21.982,22.117,,22.489,22.489,22.489,,21.982,
05-07-2026-Thu 13-02-53-PM,22.083,22.083,22.489,22.489,22.489,21.88,21.88,21.88,22.083,,22.489,22.489,22.489,,21.88,
05-07-2026-Thu 13-02-54-PM,22.049,22.049,22.455,22.455,22.455,21.847,21.847,21.847,22.049,,22.455,22.455,22.455,,21.847,
05-07-2026-Thu 13-02-55-PM,22.016,22.016,22.421,22.421,22.421,21.779,21.779,21.779,22.016,,22.421,22.421,22.421,,21.779,
05-07-2026-Thu 13-02-57-PM,21.948,21.948,22.387,22.387,22.387,21.745,21.745,21.745,21.948,,22.387,22.387,22.387,,21.745,
05-07-2026-Thu 13-02-58-PM,21.914,21.914,22.354,22.354,22.354,21.712,21.712,21.712,21.914,,22.354,22.354,22.354,,21.712,
05-07-2026-Thu 13-02-59-PM,21.88,21.88,22.286,22.286,22.286,21.644,21.644,21.644,21.88,,22.286,22.286,22.286,,21.644,
05-07-2026-Thu 13-03-01-PM,21.847,21.847,22.253,22.253,22.253,21.644,21.644,21.644,21.847,,22.253,22.253,22.253,,21.644,
05-07-2026-Thu 13-03-02-PM,21.779,21.779,22.219,22.219,22.219,21.576,21.576,21.576,21.779,,22.219,22.219,22.219,,21.576,
05-07-2026-Thu 13-03-04-PM,21.712,21.712,22.185,22.185,22.185,21.441,21.441,21.441,21.712,,22.185,22.185,22.185,,21.441,
05-07-2026-Thu 13-03-05-PM,21.678,21.678,22.151,22.151,22.151,21.408,21.408,21.408,21.678,,22.151,22.151,22.151,,21.408,
05-07-2026-Thu 13-03-06-PM,21.611,21.611,22.083,22.083,22.083,21.374,21.374,21.374,21.611,,22.083,22.083,22.083,,21.374,
05-07-2026-Thu 13-03-08-PM,21.543,21.543,22.016,22.016,22.016,21.34,21.34,21.34,21.543,,22.016,22.016,22.016,,21.34,
05-07-2026-Thu 13-03-09-PM,21.509,21.509,21.982,21.982,21.982,21.205,21.205,21.205,21.509,,21.982,21.982,21.982,,21.205,
05-07-2026-Thu 13-03-11-PM,21.475,21.475,21.914,21.914,21.914,21.17,21.17,21.17,21.475,,21.914,21.914,21.914,,21.17,
05-07-2026-Thu 13-03-12-PM,21.408,21.408,21.914,21.914,21.914,21.07,21.07,21.07,21.408,,21.914,21.914,21.914,,21.07,
05-07-2026-Thu 13-03-13-PM,21.34,21.34,21.847,21.847,21.847,21.002,21.002,21.002,21.34,,21.847,21.847,21.847,,21.002,
05-07-2026-Thu 13-03-15-PM,21.272,21.272,21.779,21.779,21.779,20.934,20.934,20.934,21.272,,21.779,21.779,21.779,,20.934,
05-07-2026-Thu 13-03-16-PM,21.205,21.205,21.745,21.745,21.745,20.833,20.833,20.833,21.205,,21.745,21.745,21.745,,20.833,
05-07-2026-Thu 13-03-18-PM,21.17,21.17,21.678,21.678,21.678,20.833,20.833,20.833,21.17,,21.678,21.678,21.678,,20.833,
05-07-2026-Thu 13-03-19-PM,21.104,21.104,21.644,21.644,21.644,20.766,20.766,20.766,21.104,,21.644,21.644,21.644,,20.766,
05-07-2026-Thu 13-03-20-PM,21.07,21.07,21.611,21.611,21.611,20.698,20.698,20.698,21.07,,21.611,21.611,21.611,,20.698,
05-07-2026-Thu 13-03-22-PM,21.002,21.002,21.543,21.543,21.543,20.63,20.63,20.63,21.002,,21.543,21.543,21.543,,20.63,
05-07-2026-Thu 13-03-23-PM,20.934,20.934,21.509,21.509,21.509,20.596,20.596,20.596,20.934,,21.509,21.509,21.509,,20.596,
05-07-2026-Thu 13-03-25-PM,20.866,20.866,21.441,21.441,21.441,20.562,20.562,20.562,20.866,,21.441,21.441,21.441,,20.562,
05-07-2026-Thu 13-03-26-PM,20.833,20.833,21.374,21.374,21.374,20.462,20.462,20.462,20.833,,21.374,21.374,21.374,,20.462,
05-07-2026-Thu 13-03-27-PM,20.766,20.766,21.34,21.34,21.34,20.462,20.462,20.462,20.766,,21.34,21.34,21.34,,20.462,
05-07-2026-Thu 13-03-29-PM,20.698,20.698,21.272,21.272,21.272,20.394,20.394,20.394,20.698,,21.272,21.272,21.272,,20.394,
05-07-2026-Thu 13-03-30-PM,20.664,20.664,21.238,21.238,21.238,20.326,20.326,20.326,20.664,,21.238,21.238,21.238,,20.326,
05-07-2026-Thu 13-03-32-PM,20.562,20.562,21.17,21.17,21.17,20.326,20.326,20.326,20.562,,21.17,21.17,21.17,,20.326,
05-07-2026-Thu 13-03-33-PM,20.529,20.529,21.104,21.104,21.104,20.225,20.225,20.225,20.529,,21.104,21.104,21.104,,20.225,
05-07-2026-Thu 13-03-35-PM,20.462,20.462,21.07,21.07,21.07,20.158,20.158,20.158,20.462,,21.07,21.07,21.07,,20.158,
05-07-2026-Thu 13-03-36-PM,20.428,20.428,20.968,20.968,20.968,20.158,20.158,20.158,20.428,,20.968,20.968,20.968,,20.158,
05-07-2026-Thu 13-03-37-PM,20.36,20.36,20.968,20.968,20.968,20.124,20.124,20.124,20.36,,20.968,20.968,20.968,,20.124,
05-07-2026-Thu 13-03-39-PM,20.292,20.292,20.934,20.934,20.934,20.056,20.056,20.056,20.292,,20.934,20.934,20.934,,20.056,
05-07-2026-Thu 13-03-40-PM,20.259,20.259,20.833,20.833,20.833,19.988,19.988,19.988,20.259,,20.833,20.833,20.833,,19.988,
05-07-2026-Thu 13-03-41-PM,20.158,20.158,20.766,20.766,20.766,19.954,19.954,19.954,20.158,,20.766,20.766,20.766,,19.954,
05-07-2026-Thu 13-03-43-PM,20.259,20.259,20.866,20.866,20.866,19.888,19.888,19.888,20.259,,20.866,20.866,20.866,,19.888,
05-07-2026-Thu 13-03-44-PM,20.428,20.428,20.866,20.866,20.866,19.854,19.854,19.854,20.428,,20.866,20.866,20.866,,19.854,
05-07-2026-Thu 13-03-46-PM,20.192,20.192,20.833,20.833,20.833,19.82,19.82,19.82,20.192,,20.833,20.833,20.833,,19.82,
05-07-2026-Thu 13-03-47-PM,20.326,20.326,20.866,20.866,20.866,19.718,19.718,19.718,20.326,,20.866,20.866,20.866,,19.718,
05-07-2026-Thu 13-03-48-PM,20.192,20.192,20.9,20.9,20.9,19.718,19.718,19.718,20.192,,20.9,20.9,20.9,,19.718,
05-07-2026-Thu 13-03-50-PM,19.786,19.786,20.496,20.496,20.496,19.65,19.65,19.65,19.786,,20.496,20.496,20.496,,19.65,
05-07-2026-Thu 13-03-51-PM,19.752,19.752,20.462,20.462,20.462,19.65,19.65,19.65,19.752,,20.462,20.462,20.462,,19.65,
05-07-2026-Thu 13-03-53-PM,19.684,19.684,20.428,20.428,20.428,19.55,19.55,19.55,19.684,,20.428,20.428,20.428,,19.55,
05-07-2026-Thu 13-03-54-PM,19.65,19.65,20.36,20.36,20.36,19.516,19.516,19.516,19.65,,20.36,20.36,20.36,,19.516,
05-07-2026-Thu 13-03-56-PM,19.584,19.584,20.292,20.292,20.292,19.414,19.414,19.414,19.584,,20.292,20.292,20.292,,19.414,
05-07-2026-Thu 13-03-57-PM,19.482,19.482,20.225,20.225,20.225,19.414,19.414,19.414,19.482,,20.225,20.225,20.225,,19.414,
05-07-2026-Thu 13-03-58-PM,19.482,19.482,20.192,20.192,20.192,19.346,19.346,19.346,19.482,,20.192,20.192,20.192,,19.346,
05-07-2026-Thu 13-04-00-PM,19.38,19.38,20.124,20.124,20.124,19.28,19.28,19.28,19.38,,20.124,20.124,20.124,,19.28,
05-07-2026-Thu 13-04-01-PM,19.617,19.617,20.124,20.124,20.124,19.212,19.212,19.212,19.617,,20.124,20.124,20.124,,19.212,
05-07-2026-Thu 13-04-02-PM,19.617,19.617,20.259,20.259,20.259,19.212,19.212,19.212,19.617,,20.259,20.259,20.259,,19.212,
05-07-2026-Thu 13-04-04-PM,19.55,19.55,20.326,20.326,20.326,19.178,19.178,19.178,19.55,,20.326,20.326,20.326,,19.178,
05-07-2026-Thu 13-04-05-PM,19.313,19.313,20.124,20.124,20.124,19.076,19.076,19.076,19.313,,20.124,20.124,20.124,,19.076,
05-07-2026-Thu 13-04-07-PM,19.414,19.414,19.988,19.988,19.988,18.976,18.976,18.976,19.414,,19.988,19.988,19.988,,18.976,
05-07-2026-Thu 13-04-08-PM,19.346,19.346,20.192,20.192,20.192,18.976,18.976,18.976,19.346,,20.192,20.192,20.192,,18.976,
05-07-2026-Thu 13-04-10-PM,19.212,19.212,19.921,19.921,19.921,18.976,18.976,18.976,19.212,,19.921,19.921,19.921,,18.976,
05-07-2026-Thu 13-04-11-PM,19.178,19.178,19.786,19.786,19.786,18.84,18.84,18.84,19.178,,19.786,19.786,19.786,,18.84,
05-07-2026-Thu 13-04-12-PM,19.346,19.346,19.854,19.854,19.854,18.84,18.84,18.84,19.346,,19.854,19.854,19.854,,18.84,
05-07-2026-Thu 13-04-15-PM,18.942,18.942,19.65,19.65,19.65,18.807,18.807,18.807,18.942,,19.65,19.65,19.65,,18.807,
05-07-2026-Thu 13-04-18-PM,18.672,18.672,19.55,19.55,19.55,18.706,18.706,18.706,18.672,,19.55,19.55,19.55,,18.706,
05-07-2026-Thu 13-04-21-PM,18.536,18.536,19.448,19.448,19.448,18.604,18.604,18.604,18.536,,19.448,19.448,19.448,,18.604,
05-07-2026-Thu 13-04-24-PM,18.402,18.402,19.38,19.38,19.38,18.57,18.57,18.57,18.402,,19.38,19.38,19.38,,18.57,
05-07-2026-Thu 13-04-26-PM,18.266,18.266,19.246,19.246,19.246,18.435,18.435,18.435,18.266,,19.246,19.246,19.246,,18.435,
05-07-2026-Thu 13-04-27-PM,18.165,18.165,19.178,19.178,19.178,18.435,18.435,18.435,18.165,,19.178,19.178,19.178,,18.435,
05-07-2026-Thu 13-04-28-PM,18.468,18.468,19.414,19.414,19.414,18.402,18.402,18.402,18.468,,19.414,19.414,19.414,,18.402,
05-07-2026-Thu 13-04-30-PM,18.3,18.3,19.28,19.28,19.28,18.3,18.3,18.3,18.3,,19.28,19.28,19.28,,18.3,
05-07-2026-Thu 13-04-31-PM,18.3,18.3,19.346,19.346,19.346,18.266,18.266,18.266,18.3,,19.346,19.346,19.346,,18.266,
05-07-2026-Thu 13-04-32-PM,18.199,18.199,18.908,18.908,18.908,18.266,18.266,18.266,18.199,,18.908,18.908,18.908,,18.266,
05-07-2026-Thu 13-04-34-PM,17.794,17.794,18.976,18.976,18.976,18.165,18.165,18.165,17.794,,18.976,18.976,18.976,,18.165,
05-07-2026-Thu 13-04-35-PM,17.794,17.794,18.942,18.942,18.942,18.131,18.131,18.131,17.794,,18.942,18.942,18.942,,18.131,
05-07-2026-Thu 13-04-37-PM,17.76,17.76,18.908,18.908,18.908,18.098,18.098,18.098,17.76,,18.908,18.908,18.908,,18.098,
05-07-2026-Thu 13-04-38-PM,17.693,17.693,18.807,18.807,18.807,18.064,18.064,18.064,17.693,,18.807,18.807,18.807,,18.064,
05-07-2026-Thu 13-04-39-PM,17.625,17.625,18.772,18.772,18.772,17.963,17.963,17.963,17.625,,18.772,18.772,18.772,,17.963,
05-07-2026-Thu 13-04-41-PM,17.523,17.523,18.672,18.672,18.672,17.963,17.963,17.963,17.523,,18.672,18.672,18.672,,17.963,
05-07-2026-Thu 13-04-42-PM,17.456,17.456,18.604,18.604,18.604,17.895,17.895,17.895,17.456,,18.604,18.604,18.604,,17.895,
05-07-2026-Thu 13-04-44-PM,17.423,17.423,18.536,18.536,18.536,17.827,17.827,17.827,17.423,,18.536,18.536,18.536,,17.827,
05-07-2026-Thu 13-04-45-PM,17.321,17.321,18.435,18.435,18.435,17.794,17.794,17.794,17.321,,18.435,18.435,18.435,,17.794,
05-07-2026-Thu 13-04-46-PM,17.254,17.254,18.368,18.368,18.368,17.693,17.693,17.693,17.254,,18.368,18.368,18.368,,17.693,
05-07-2026-Thu 13-04-48-PM,17.186,17.186,18.3,18.3,18.3,17.693,17.693,17.693,17.186,,18.3,18.3,18.3,,17.693,
05-07-2026-Thu 13-04-49-PM,17.152,17.152,18.233,18.233,18.233,17.591,17.591,17.591,17.152,,18.233,18.233,18.233,,17.591,
05-07-2026-Thu 13-04-51-PM,17.085,17.085,18.199,18.199,18.199,17.523,17.523,17.523,17.085,,18.199,18.199,18.199,,17.523,
05-07-2026-Thu 13-04-52-PM,17.052,17.052,18.131,18.131,18.131,17.523,17.523,17.523,17.052,,18.131,18.131,18.131,,17.523,
05-07-2026-Thu 13-04-55-PM,16.984,16.984,18.03,18.03,18.03,17.456,17.456,17.456,16.984,,18.03,18.03,18.03,,17.456,
05-07-2026-Thu 13-04-57-PM,16.849,16.849,17.929,17.929,17.929,17.389,17.389,17.389,16.849,,17.929,17.929,17.929,,17.389,
05-07-2026-Thu 13-04-59-PM,16.748,16.748,17.794,17.794,17.794,17.321,17.321,17.321,16.748,,17.794,17.794,17.794,,17.321,
05-07-2026-Thu 13-05-01-PM,16.646,16.646,17.727,17.727,17.727,17.254,17.254,17.254,16.646,,17.727,17.727,17.727,,17.254,
05-07-2026-Thu 13-05-02-PM,16.579,16.579,17.693,17.693,17.693,17.22,17.22,17.22,16.579,,17.693,17.693,17.693,,17.22,
05-07-2026-Thu 13-05-04-PM,16.545,16.545,17.625,17.625,17.625,17.152,17.152,17.152,16.545,,17.625,17.625,17.625,,17.152,
05-07-2026-Thu 13-05-05-PM,16.478,16.478,17.591,17.591,17.591,17.085,17.085,17.085,16.478,,17.591,17.591,17.591,,17.085,
05-07-2026-Thu 13-05-06-PM,16.411,16.411,17.523,17.523,17.523,17.085,17.085,17.085,16.411,,17.523,17.523,17.523,,17.085,
05-07-2026-Thu 13-05-08-PM,16.343,16.343,17.49,17.49,17.49,17.017,17.017,17.017,16.343,,17.49,17.49,17.49,,17.017,
05-07-2026-Thu 13-05-09-PM,16.309,16.309,17.423,17.423,17.423,16.984,16.984,16.984,16.309,,17.423,17.423,17.423,,16.984,
05-07-2026-Thu 13-05-11-PM,16.241,16.241,17.389,17.389,17.389,16.916,16.916,16.916,16.241,,17.389,17.389,17.389,,16.916,
05-07-2026-Thu 13-05-12-PM,16.174,16.174,17.321,17.321,17.321,16.882,16.882,16.882,16.174,,17.321,17.321,17.321,,16.882,
05-07-2026-Thu 13-05-13-PM,16.14,16.14,17.254,17.254,17.254,16.815,16.815,16.815,16.14,,17.254,17.254,17.254,,16.815,
05-07-2026-Thu 13-05-15-PM,16.073,16.073,17.254,17.254,17.254,16.815,16.815,16.815,16.073,,17.254,17.254,17.254,,16.815,
05-07-2026-Thu 13-05-16-PM,16.039,16.039,17.152,17.152,17.152,16.714,16.714,16.714,16.039,,17.152,17.152,17.152,,16.714,
05-07-2026-Thu 13-05-17-PM,15.971,15.971,17.119,17.119,17.119,16.646,16.646,16.646,15.971,,17.119,17.119,17.119,,16.646,
05-07-2026-Thu 13-05-19-PM,15.938,15.938,17.052,17.052,17.052,16.68,16.68,16.68,15.938,,17.052,17.052,17.052,,16.68,
05-07-2026-Thu 13-05-20-PM,15.836,15.836,17.017,17.017,17.017,16.68,16.68,16.68,15.836,,17.017,17.017,17.017,,16.68,
05-07-2026-Thu 13-05-22-PM,15.803,15.803,16.984,16.984,16.984,16.579,16.579,16.579,15.803,,16.984,16.984,16.984,,16.579,
05-07-2026-Thu 13-05-23-PM,15.769,15.769,16.916,16.916,16.916,16.478,16.478,16.478,15.769,,16.916,16.916,16.916,,16.478,
05-07-2026-Thu 13-05-24-PM,15.702,15.702,16.849,16.849,16.849,16.478,16.478,16.478,15.702,,16.849,16.849,16.849,,16.478,
05-07-2026-Thu 13-05-26-PM,15.634,15.634,16.815,16.815,16.815,16.376,16.376,16.376,15.634,,16.815,16.815,16.815,,16.376,
05-07-2026-Thu 13-05-27-PM,15.567,15.567,16.782,16.782,16.782,16.411,16.411,16.411,15.567,,16.782,16.782,16.782,,16.411,
05-07-2026-Thu 13-05-29-PM,15.533,15.533,16.714,16.714,16.714,16.275,16.275,16.275,15.533,,16.714,16.714,16.714,,16.275,
05-07-2026-Thu 13-05-30-PM,15.466,15.466,16.68,16.68,16.68,16.208,16.208,16.208,15.466,,16.68,16.68,16.68,,16.208,
05-07-2026-Thu 13-05-31-PM,15.432,15.432,16.646,16.646,16.646,16.174,16.174,16.174,15.432,,16.646,16.646,16.646,,16.174,
05-07-2026-Thu 13-05-33-PM,15.331,15.331,16.613,16.613,16.613,16.174,16.174,16.174,15.331,,16.613,16.613,16.613,,16.174,
05-07-2026-Thu 13-05-34-PM,15.297,15.297,16.545,16.545,16.545,16.107,16.107,16.107,15.297,,16.545,16.545,16.545,,16.107,
05-07-2026-Thu 13-05-36-PM,15.229,15.229,16.478,16.478,16.478,16.073,16.073,16.073,15.229,,16.478,16.478,16.478,,16.073,
05-07-2026-Thu 13-05-37-PM,15.196,15.196,16.444,16.444,16.444,15.971,15.971,15.971,15.196,,16.444,16.444,16.444,,15.971,
05-07-2026-Thu 13-05-39-PM,15.128,15.128,16.376,16.376,16.376,15.938,15.938,15.938,15.128,,16.376,16.376,16.376,,15.938,
05-07-2026-Thu 13-05-40-PM,15.061,15.061,16.309,16.309,16.309,15.87,15.87,15.87,15.061,,16.309,16.309,16.309,,15.87,
05-07-2026-Thu 13-05-42-PM,14.993,14.993,16.275,16.275,16.275,15.769,15.769,15.769,14.993,,16.275,16.275,16.275,,15.769,
05-07-2026-Thu 13-05-43-PM,14.96,14.96,16.241,16.241,16.241,15.803,15.803,15.803,14.96,,16.241,16.241,16.241,,15.803,
05-07-2026-Thu 13-05-44-PM,14.926,14.926,16.208,16.208,16.208,15.769,15.769,15.769,14.926,,16.208,16.208,16.208,,15.769,
05-07-2026-Thu 13-05-46-PM,14.858,14.858,16.14,16.14,16.14,15.668,15.668,15.668,14.858,,16.14,16.14,16.14,,15.668,
05-07-2026-Thu 13-05-47-PM,14.825,14.825,16.073,16.073,16.073,15.6,15.6,15.6,14.825,,16.073,16.073,16.073,,15.6,
05-07-2026-Thu 13-05-49-PM,14.758,14.758,16.039,16.039,16.039,15.567,15.567,15.567,14.758,,16.039,16.039,16.039,,15.567,
05-07-2026-Thu 13-05-50-PM,14.69,14.69,16.006,16.006,16.006,15.567,15.567,15.567,14.69,,16.006,16.006,16.006,,15.567,
05-07-2026-Thu 13-05-51-PM,14.622,14.622,15.904,15.904,15.904,15.533,15.533,15.533,14.622,,15.904,15.904,15.904,,15.533,
05-07-2026-Thu 13-05-53-PM,14.588,14.588,15.938,15.938,15.938,15.5,15.5,15.5,14.588,,15.938,15.938,15.938,,15.5,
05-07-2026-Thu 13-05-55-PM,14.521,14.521,15.87,15.87,15.87,15.432,15.432,15.432,14.521,,15.87,15.87,15.87,,15.432,
05-07-2026-Thu 13-05-56-PM,14.454,14.454,15.769,15.769,15.769,15.331,15.331,15.331,14.454,,15.769,15.769,15.769,,15.331,
05-07-2026-Thu 13-05-58-PM,14.421,14.421,15.702,15.702,15.702,15.297,15.297,15.297,14.421,,15.702,15.702,15.702,,15.297,
05-07-2026-Thu 13-05-59-PM,14.353,14.353,15.702,15.702,15.702,15.229,15.229,15.229,14.353,,15.702,15.702,15.702,,15.229,
05-07-2026-Thu 13-06-00-PM,14.285,14.285,15.634,15.634,15.634,15.229,15.229,15.229,14.285,,15.634,15.634,15.634,,15.229,
05-07-2026-Thu 13-06-02-PM,14.251,14.251,15.6,15.6,15.6,15.196,15.196,15.196,14.251,,15.6,15.6,15.6,,15.196,
05-07-2026-Thu 13-06-03-PM,14.184,14.184,15.567,15.567,15.567,15.162,15.162,15.162,14.184,,15.567,15.567,15.567,,15.162,
05-07-2026-Thu 13-06-05-PM,14.117,14.117,15.533,15.533,15.533,15.095,15.095,15.095,14.117,,15.533,15.533,15.533,,15.095,
05-07-2026-Thu 13-06-06-PM,14.117,14.117,15.5,15.5,15.5,15.061,15.061,15.061,14.117,,15.5,15.5,15.5,,15.061,
05-07-2026-Thu 13-06-08-PM,14.05,14.05,15.432,15.432,15.432,15.027,15.027,15.027,14.05,,15.432,15.432,15.432,,15.027,
05-07-2026-Thu 13-06-09-PM,13.982,13.982,15.398,15.398,15.398,14.96,14.96,14.96,13.982,,15.398,15.398,15.398,,14.96,
05-07-2026-Thu 13-06-11-PM,13.914,13.914,15.365,15.365,15.365,14.96,14.96,14.96,13.914,,15.365,15.365,15.365,,14.96,
05-07-2026-Thu 13-06-12-PM,13.88,13.88,15.331,15.331,15.331,14.892,14.892,14.892,13.88,,15.331,15.331,15.331,,14.892,
05-07-2026-Thu 13-06-14-PM,13.813,13.813,15.263,15.263,15.263,14.858,14.858,14.858,13.813,,15.263,15.263,15.263,,14.858,
05-07-2026-Thu 13-06-15-PM,13.78,13.78,15.229,15.229,15.229,14.724,14.724,14.724,13.78,,15.229,15.229,15.229,,14.724,
05-07-2026-Thu 13-06-16-PM,13.713,13.713,15.196,15.196,15.196,14.758,14.758,14.758,13.713,,15.196,15.196,15.196,,14.758,
05-07-2026-Thu 13-06-18-PM,13.982,13.982,15.162,15.162,15.162,14.791,14.791,14.791,13.982,,15.162,15.162,15.162,,14.791,
05-07-2026-Thu 13-06-19-PM,14.083,14.083,15.297,15.297,15.297,14.69,14.69,14.69,14.083,,15.297,15.297,15.297,,14.69,
05-07-2026-Thu 13-06-21-PM,13.914,13.914,15.263,15.263,15.263,14.656,14.656,14.656,13.914,,15.263,15.263,15.263,,14.656,
05-07-2026-Thu 13-06-22-PM,13.813,13.813,15.196,15.196,15.196,14.656,14.656,14.656,13.813,,15.196,15.196,15.196,,14.656,
05-07-2026-Thu 13-06-23-PM,13.678,13.678,15.027,15.027,15.027,14.588,14.588,14.588,13.678,,15.027,15.027,15.027,,14.588,
05-07-2026-Thu 13-06-25-PM,13.409,13.409,14.993,14.993,14.993,14.521,14.521,14.521,13.409,,14.993,14.993,14.993,,14.521,
05-07-2026-Thu 13-06-26-PM,13.375,13.375,14.96,14.96,14.96,14.454,14.454,14.454,13.375,,14.96,14.96,14.96,,14.454,
05-07-2026-Thu 13-06-28-PM,13.341,13.341,14.926,14.926,14.926,14.454,14.454,14.454,13.341,,14.926,14.926,14.926,,14.454,
05-07-2026-Thu 13-06-29-PM,13.308,13.308,14.858,14.858,14.858,14.387,14.387,14.387,13.308,,14.858,14.858,14.858,,14.387,
05-07-2026-Thu 13-06-30-PM,13.206,13.206,14.825,14.825,14.825,14.387,14.387,14.387,13.206,,14.825,14.825,14.825,,14.387,
05-07-2026-Thu 13-06-32-PM,13.173,13.173,14.791,14.791,14.791,14.319,14.319,14.319,13.173,,14.791,14.791,14.791,,14.319,
05-07-2026-Thu 13-06-33-PM,13.139,13.139,14.758,14.758,14.758,14.285,14.285,14.285,13.139,,14.758,14.758,14.758,,14.285,
05-07-2026-Thu 13-06-35-PM,13.105,13.105,14.724,14.724,14.724,14.218,14.218,14.218,13.105,,14.724,14.724,14.724,,14.218,
05-07-2026-Thu 13-06-36-PM,13.038,13.038,14.69,14.69,14.69,14.184,14.184,14.184,13.038,,14.69,14.69,14.69,,14.184,
05-07-2026-Thu 13-06-38-PM,13.038,13.038,14.622,14.622,14.622,14.218,14.218,14.218,13.038,,14.622,14.622,14.622,,14.218,
05-07-2026-Thu 13-06-39-PM,12.971,12.971,14.588,14.588,14.588,14.117,14.117,14.117,12.971,,14.588,14.588,14.588,,14.117,
05-07-2026-Thu 13-06-40-PM,12.937,12.937,14.555,14.555,14.555,14.117,14.117,14.117,12.937,,14.555,14.555,14.555,,14.117,
05-07-2026-Thu 13-06-42-PM,12.869,12.869,14.555,14.555,14.555,14.05,14.05,14.05,12.869,,14.555,14.555,14.555,,14.05,
05-07-2026-Thu 13-06-43-PM,12.835,12.835,14.488,14.488,14.488,13.982,13.982,13.982,12.835,,14.488,14.488,14.488,,13.982,
05-07-2026-Thu 13-06-44-PM,13.105,13.105,14.588,14.588,14.588,13.982,13.982,13.982,13.105,,14.588,14.588,14.588,,13.982,
05-07-2026-Thu 13-06-46-PM,13.105,13.105,14.521,14.521,14.521,13.88,13.88,13.88,13.105,,14.521,14.521,14.521,,13.88,
05-07-2026-Thu 13-06-47-PM,13.038,13.038,14.521,14.521,14.521,13.88,13.88,13.88,13.038,,14.521,14.521,14.521,,13.88,
05-07-2026-Thu 13-06-49-PM,12.701,12.701,14.622,14.622,14.622,13.847,13.847,13.847,12.701,,14.622,14.622,14.622,,13.847,
05-07-2026-Thu 13-06-50-PM,12.937,12.937,14.555,14.555,14.555,13.78,13.78,13.78,12.937,,14.555,14.555,14.555,,13.78,
05-07-2026-Thu 13-06-51-PM,12.802,12.802,14.622,14.622,14.622,13.746,13.746,13.746,12.802,,14.622,14.622,14.622,,13.746,
05-07-2026-Thu 13-06-53-PM,12.532,12.532,14.285,14.285,14.285,13.746,13.746,13.746,12.532,,14.285,14.285,14.285,,13.746,
05-07-2026-Thu 13-06-54-PM,12.465,12.465,14.251,14.251,14.251,13.713,13.713,13.713,12.465,,14.251,14.251,14.251,,13.713,
05-07-2026-Thu 13-06-56-PM,12.465,12.465,14.251,14.251,14.251,13.577,13.577,13.577,12.465,,14.251,14.251,14.251,,13.577,
05-07-2026-Thu 13-06-57-PM,12.431,12.431,14.218,14.218,14.218,13.645,13.645,13.645,12.431,,14.218,14.218,14.218,,13.645,
05-07-2026-Thu 13-06-58-PM,12.398,12.398,14.15,14.15,14.15,13.577,13.577,13.577,12.398,,14.15,14.15,14.15,,13.577,
05-07-2026-Thu 13-07-00-PM,12.33,12.33,14.117,14.117,14.117,13.577,13.577,13.577,12.33,,14.117,14.117,14.117,,13.577,
05-07-2026-Thu 13-07-01-PM,12.33,12.33,14.083,14.083,14.083,13.543,13.543,13.543,12.33,,14.083,14.083,14.083,,13.543,
05-07-2026-Thu 13-07-03-PM,12.263,12.263,14.083,14.083,14.083,13.476,13.476,13.476,12.263,,14.083,14.083,14.083,,13.476,
05-07-2026-Thu 13-07-04-PM,12.229,12.229,14.05,14.05,14.05,13.476,13.476,13.476,12.229,,14.05,14.05,14.05,,13.476,
05-07-2026-Thu 13-07-05-PM,12.195,12.195,14.016,14.016,14.016,13.51,13.51,13.51,12.195,,14.016,14.016,14.016,,13.51,
05-07-2026-Thu 13-07-07-PM,12.128,12.128,13.982,13.982,13.982,13.409,13.409,13.409,12.128,,13.982,13.982,13.982,,13.409,
05-07-2026-Thu 13-07-08-PM,12.128,12.128,13.914,13.914,13.914,13.409,13.409,13.409,12.128,,13.914,13.914,13.914,,13.409,
05-07-2026-Thu 13-07-10-PM,12.094,12.094,13.88,13.88,13.88,13.375,13.375,13.375,12.094,,13.88,13.88,13.88,,13.375,
05-07-2026-Thu 13-07-11-PM,12.027,12.027,13.88,13.88,13.88,13.274,13.274,13.274,12.027,,13.88,13.88,13.88,,13.274,
05-07-2026-Thu 13-07-12-PM,11.994,11.994,13.847,13.847,13.847,13.274,13.274,13.274,11.994,,13.847,13.847,13.847,,13.274,
05-07-2026-Thu 13-07-14-PM,11.96,11.96,13.813,13.813,13.813,13.308,13.308,13.308,11.96,,13.813,13.813,13.813,,13.308,
05-07-2026-Thu 13-07-15-PM,11.926,11.926,13.78,13.78,13.78,13.24,13.24,13.24,11.926,,13.78,13.78,13.78,,13.24,
05-07-2026-Thu 13-07-17-PM,11.859,11.859,13.746,13.746,13.746,13.105,13.105,13.105,11.859,,13.746,13.746,13.746,,13.105,
05-07-2026-Thu 13-07-18-PM,11.859,11.859,13.713,13.713,13.713,13.139,13.139,13.139,11.859,,13.713,13.713,13.713,,13.139,
05-07-2026-Thu 13-07-19-PM,11.791,11.791,13.678,13.678,13.678,13.072,13.072,13.072,11.791,,13.678,13.678,13.678,,13.072,
05-07-2026-Thu 13-07-21-PM,11.791,11.791,13.645,13.645,13.645,13.072,13.072,13.072,11.791,,13.645,13.645,13.645,,13.072,
05-07-2026-Thu 13-07-22-PM,11.724,11.724,13.645,13.645,13.645,13.004,13.004,13.004,11.724,,13.645,13.645,13.645,,13.004,
05-07-2026-Thu 13-07-24-PM,11.69,11.69,13.611,13.611,13.611,12.971,12.971,12.971,11.69,,13.611,13.611,13.611,,12.971,
05-07-2026-Thu 13-07-25-PM,11.656,11.656,13.577,13.577,13.577,12.937,12.937,12.937,11.656,,13.577,13.577,13.577,,12.937,
05-07-2026-Thu 13-07-26-PM,11.623,11.623,13.543,13.543,13.543,12.869,12.869,12.869,11.623,,13.543,13.543,13.543,,12.869,
05-07-2026-Thu 13-07-28-PM,11.555,11.555,13.51,13.51,13.51,12.869,12.869,12.869,11.555,,13.51,13.51,13.51,,12.869,
05-07-2026-Thu 13-07-29-PM,11.555,11.555,13.51,13.51,13.51,12.835,12.835,12.835,11.555,,13.51,13.51,13.51,,12.835,
05-07-2026-Thu 13-07-31-PM,11.522,11.522,13.442,13.442,13.442,12.768,12.768,12.768,11.522,,13.442,13.442,13.442,,12.768,
05-07-2026-Thu 13-07-32-PM,11.488,11.488,13.409,13.409,13.409,12.802,12.802,12.802,11.488,,13.409,13.409,13.409,,12.802,
05-07-2026-Thu 13-07-33-PM,11.42,11.42,13.409,13.409,13.409,12.734,12.734,12.734,11.42,,13.409,13.409,13.409,,12.734,
05-07-2026-Thu 13-07-36-PM,11.42,11.42,13.375,13.375,13.375,12.668,12.668,12.668,11.42,,13.375,13.375,13.375,,12.668,
05-07-2026-Thu 13-07-39-PM,11.319,11.319,13.308,13.308,13.308,12.633,12.633,12.633,11.319,,13.308,13.308,13.308,,12.633,
05-07-2026-Thu 13-07-42-PM,11.219,11.219,13.274,13.274,13.274,12.566,12.566,12.566,11.219,,13.274,13.274,13.274,,12.566,
05-07-2026-Thu 13-07-45-PM,11.185,11.185,13.173,13.173,13.173,12.498,12.498,12.498,11.185,,13.173,13.173,13.173,,12.498,
05-07-2026-Thu 13-07-47-PM,11.083,11.083,13.105,13.105,13.105,12.431,12.431,12.431,11.083,,13.105,13.105,13.105,,12.431,
05-07-2026-Thu 13-07-48-PM,11.05,11.05,13.072,13.072,13.072,12.398,12.398,12.398,11.05,,13.072,13.072,13.072,,12.398,
05-07-2026-Thu 13-07-50-PM,11.016,11.016,13.072,13.072,13.072,12.398,12.398,12.398,11.016,,13.072,13.072,13.072,,12.398,
05-07-2026-Thu 13-07-51-PM,10.948,10.948,13.038,13.038,13.038,12.33,12.33,12.33,10.948,,13.038,13.038,13.038,,12.33,
05-07-2026-Thu 13-07-53-PM,10.915,10.915,13.004,13.004,13.004,12.297,12.297,12.297,10.915,,13.004,13.004,13.004,,12.297,
05-07-2026-Thu 13-07-54-PM,10.915,10.915,12.971,12.971,12.971,12.263,12.263,12.263,10.915,,12.971,12.971,12.971,,12.263,
05-07-2026-Thu 13-07-55-PM,10.882,10.882,12.937,12.937,12.937,12.263,12.263,12.263,10.882,,12.937,12.937,12.937,,12.263,
05-07-2026-Thu 13-07-57-PM,10.848,10.848,12.937,12.937,12.937,12.195,12.195,12.195,10.848,,12.937,12.937,12.937,,12.195,
05-07-2026-Thu 13-07-58-PM,10.781,10.781,12.903,12.903,12.903,12.195,12.195,12.195,10.781,,12.903,12.903,12.903,,12.195,
05-07-2026-Thu 13-08-00-PM,10.747,10.747,12.869,12.869,12.869,12.128,12.128,12.128,10.747,,12.869,12.869,12.869,,12.128,
05-07-2026-Thu 13-08-01-PM,10.747,10.747,12.835,12.835,12.835,12.162,12.162,12.162,10.747,,12.835,12.835,12.835,,12.162,
05-07-2026-Thu 13-08-03-PM,10.679,10.679,12.835,12.835,12.835,12.06,12.06,12.06,10.679,,12.835,12.835,12.835,,12.06,
05-07-2026-Thu 13-08-04-PM,10.645,10.645,12.802,12.802,12.802,11.994,11.994,11.994,10.645,,12.802,12.802,12.802,,11.994,
05-07-2026-Thu 13-08-05-PM,10.612,10.612,12.802,12.802,12.802,12.027,12.027,12.027,10.612,,12.802,12.802,12.802,,12.027,
05-07-2026-Thu 13-08-07-PM,10.612,10.612,12.768,12.768,12.768,11.994,11.994,11.994,10.612,,12.768,12.768,12.768,,11.994,
05-07-2026-Thu 13-08-08-PM,10.578,10.578,12.768,12.768,12.768,11.96,11.96,11.96,10.578,,12.768,12.768,12.768,,11.96,
05-07-2026-Thu 13-08-10-PM,10.544,10.544,12.701,12.701,12.701,11.926,11.926,11.926,10.544,,12.701,12.701,12.701,,11.926,
05-07-2026-Thu 13-08-11-PM,10.511,10.511,12.668,12.668,12.668,11.926,11.926,11.926,10.511,,12.668,12.668,12.668,,11.926,
05-07-2026-Thu 13-08-12-PM,10.478,10.478,12.668,12.668,12.668,11.859,11.859,11.859,10.478,,12.668,12.668,12.668,,11.859,
05-07-2026-Thu 13-08-14-PM,10.444,10.444,12.668,12.668,12.668,11.859,11.859,11.859,10.444,,12.668,12.668,12.668,,11.859,
05-07-2026-Thu 13-08-15-PM,10.41,10.41,12.633,12.633,12.633,11.825,11.825,11.825,10.41,,12.633,12.633,12.633,,11.825,
05-07-2026-Thu 13-08-17-PM,10.41,10.41,12.6,12.6,12.6,11.791,11.791,11.791,10.41,,12.6,12.6,12.6,,11.791,
05-07-2026-Thu 13-08-18-PM,10.342,10.342,12.566,12.566,12.566,11.791,11.791,11.791,10.342,,12.566,12.566,12.566,,11.791,
05-07-2026-Thu 13-08-20-PM,10.309,10.309,12.566,12.566,12.566,11.69,11.69,11.69,10.309,,12.566,12.566,12.566,,11.69,
05-07-2026-Thu 13-08-21-PM,10.309,10.309,12.532,12.532,12.532,11.69,11.69,11.69,10.309,,12.532,12.532,12.532,,11.69,
05-07-2026-Thu 13-08-22-PM,10.241,10.241,12.498,12.498,12.498,11.589,11.589,11.589,10.241,,12.498,12.498,12.498,,11.589,
05-07-2026-Thu 13-08-24-PM,10.208,10.208,12.498,12.498,12.498,11.589,11.589,11.589,10.208,,12.498,12.498,12.498,,11.589,
05-07-2026-Thu 13-08-25-PM,10.174,10.174,12.431,12.431,12.431,11.589,11.589,11.589,10.174,,12.431,12.431,12.431,,11.589,
05-07-2026-Thu 13-08-27-PM,10.14,10.14,12.431,12.431,12.431,11.522,11.522,11.522,10.14,,12.431,12.431,12.431,,11.522,
05-07-2026-Thu 13-08-28-PM,10.107,10.107,12.398,12.398,12.398,11.522,11.522,11.522,10.107,,12.398,12.398,12.398,,11.522,
05-07-2026-Thu 13-08-30-PM,10.107,10.107,12.398,12.398,12.398,11.454,11.454,11.454,10.107,,12.398,12.398,12.398,,11.454,
05-07-2026-Thu 13-08-31-PM,10.074,10.074,12.364,12.364,12.364,11.42,11.42,11.42,10.074,,12.364,12.364,12.364,,11.42,
05-07-2026-Thu 13-08-32-PM,10.039,10.039,12.33,12.33,12.33,11.42,11.42,11.42,10.039,,12.33,12.33,12.33,,11.42,
05-07-2026-Thu 13-08-34-PM,9.972,9.972,12.297,12.297,12.297,11.454,11.454,11.454,9.972,,12.297,12.297,12.297,,11.454,
05-07-2026-Thu 13-08-35-PM,9.972,9.972,12.297,12.297,12.297,11.42,11.42,11.42,9.972,,12.297,12.297,12.297,,11.42,
05-07-2026-Thu 13-08-37-PM,9.938,9.938,12.263,12.263,12.263,11.353,11.353,11.353,9.938,,12.263,12.263,12.263,,11.353,
05-07-2026-Thu 13-08-38-PM,9.904,9.904,12.263,12.263,12.263,11.319,11.319,11.319,9.904,,12.263,12.263,12.263,,11.319,
05-07-2026-Thu 13-08-39-PM,9.904,9.904,12.229,12.229,12.229,11.252,11.252,11.252,9.904,,12.229,12.229,12.229,,11.252,
05-07-2026-Thu 13-08-41-PM,9.837,9.837,12.195,12.195,12.195,11.286,11.286,11.286,9.837,,12.195,12.195,12.195,,11.286,
05-07-2026-Thu 13-08-42-PM,9.837,9.837,12.195,12.195,12.195,11.252,11.252,11.252,9.837,,12.195,12.195,12.195,,11.252,
05-07-2026-Thu 13-08-44-PM,9.803,9.803,12.162,12.162,12.162,11.185,11.185,11.185,9.803,,12.162,12.162,12.162,,11.185,
05-07-2026-Thu 13-08-45-PM,9.736,9.736,12.128,12.128,12.128,11.252,11.252,11.252,9.736,,12.128,12.128,12.128,,11.252,
05-07-2026-Thu 13-08-46-PM,9.736,9.736,12.094,12.094,12.094,11.117,11.117,11.117,9.736,,12.094,12.094,12.094,,11.117,
05-07-2026-Thu 13-08-48-PM,9.703,9.703,12.094,12.094,12.094,11.117,11.117,11.117,9.703,,12.094,12.094,12.094,,11.117,
05-07-2026-Thu 13-08-49-PM,9.77,9.77,12.364,12.364,12.364,11.083,11.083,11.083,9.77,,12.364,12.364,12.364,,11.083,
05-07-2026-Thu 13-08-51-PM,9.871,9.871,12.263,12.263,12.263,11.05,11.05,11.05,9.871,,12.263,12.263,12.263,,11.05,
05-07-2026-Thu 13-08-52-PM,9.871,9.871,12.297,12.297,12.297,10.982,10.982,10.982,9.871,,12.297,12.297,12.297,,10.982,
05-07-2026-Thu 13-08-53-PM,9.77,9.77,12.128,12.128,12.128,10.948,10.948,10.948,9.77,,12.128,12.128,12.128,,10.948,
05-07-2026-Thu 13-08-55-PM,9.703,9.703,12.33,12.33,12.33,10.948,10.948,10.948,9.703,,12.33,12.33,12.33,,10.948,
05-07-2026-Thu 13-08-56-PM,9.635,9.635,11.96,11.96,11.96,10.915,10.915,10.915,9.635,,11.96,11.96,11.96,,10.915,
05-07-2026-Thu 13-08-58-PM,9.433,9.433,11.892,11.892,11.892,10.915,10.915,10.915,9.433,,11.892,11.892,11.892,,10.915,
05-07-2026-Thu 13-08-59-PM,9.4,9.4,11.859,11.859,11.859,10.814,10.814,10.814,9.4,,11.859,11.859,11.859,,10.814,
05-07-2026-Thu 13-09-00-PM,9.433,9.433,11.825,11.825,11.825,10.848,10.848,10.848,9.433,,11.825,11.825,11.825,,10.848,
05-07-2026-Thu 13-09-02-PM,9.366,9.366,11.791,11.791,11.791,10.713,10.713,10.713,9.366,,11.791,11.791,11.791,,10.713,
05-07-2026-Thu 13-09-03-PM,9.333,9.333,11.757,11.757,11.757,10.713,10.713,10.713,9.333,,11.757,11.757,11.757,,10.713,
05-07-2026-Thu 13-09-05-PM,9.299,9.299,11.69,11.69,11.69,10.679,10.679,10.679,9.299,,11.69,11.69,11.69,,10.679,
05-07-2026-Thu 13-09-06-PM,9.232,9.232,11.69,11.69,11.69,10.578,10.578,10.578,9.232,,11.69,11.69,11.69,,10.578,
05-07-2026-Thu 13-09-08-PM,9.197,9.197,11.656,11.656,11.656,10.578,10.578,10.578,9.197,,11.656,11.656,11.656,,10.578,
05-07-2026-Thu 13-09-09-PM,9.197,9.197,11.589,11.589,11.589,10.511,10.511,10.511,9.197,,11.589,11.589,11.589,,10.511,
05-07-2026-Thu 13-09-10-PM,9.299,9.299,11.589,11.589,11.589,10.478,10.478,10.478,9.299,,11.589,11.589,11.589,,10.478,
05-07-2026-Thu 13-09-13-PM,9.265,9.265,11.69,11.69,11.69,10.444,10.444,10.444,9.265,,11.69,11.69,11.69,,10.444,
05-07-2026-Thu 13-09-16-PM,9.164,9.164,11.892,11.892,11.892,10.376,10.376,10.376,9.164,,11.892,11.892,11.892,,10.376,
05-07-2026-Thu 13-09-19-PM,9.265,9.265,11.522,11.522,11.522,10.275,10.275,10.275,9.265,,11.522,11.522,11.522,,10.275,
05-07-2026-Thu 13-09-22-PM,8.996,8.996,11.319,11.319,11.319,10.208,10.208,10.208,8.996,,11.319,11.319,11.319,,10.208,
05-07-2026-Thu 13-09-24-PM,8.726,8.726,11.219,11.219,11.219,10.14,10.14,10.14,8.726,,11.219,11.219,11.219,,10.14,
05-07-2026-Thu 13-09-25-PM,8.692,8.692,11.185,11.185,11.185,10.039,10.039,10.039,8.692,,11.185,11.185,11.185,,10.039,
05-07-2026-Thu 13-09-26-PM,8.692,8.692,11.185,11.185,11.185,10.006,10.006,10.006,8.692,,11.185,11.185,11.185,,10.006,
05-07-2026-Thu 13-09-28-PM,8.659,8.659,11.117,11.117,11.117,10.074,10.074,10.074,8.659,,11.117,11.117,11.117,,10.074,
05-07-2026-Thu 13-09-29-PM,8.625,8.625,11.05,11.05,11.05,9.972,9.972,9.972,8.625,,11.05,11.05,11.05,,9.972,
05-07-2026-Thu 13-09-30-PM,8.558,8.558,11.05,11.05,11.05,9.938,9.938,9.938,8.558,,11.05,11.05,11.05,,9.938,
05-07-2026-Thu 13-09-32-PM,8.76,8.76,11.117,11.117,11.117,9.871,9.871,9.871,8.76,,11.117,11.117,11.117,,9.871,
05-07-2026-Thu 13-09-33-PM,8.76,8.76,11.151,11.151,11.151,9.904,9.904,9.904,8.76,,11.151,11.151,11.151,,9.904,
05-07-2026-Thu 13-09-35-PM,8.861,8.861,11.05,11.05,11.05,9.871,9.871,9.871,8.861,,11.05,11.05,11.05,,9.871,
05-07-2026-Thu 13-09-36-PM,8.659,8.659,11.083,11.083,11.083,9.803,9.803,9.803,8.659,,11.083,11.083,11.083,,9.803,
05-07-2026-Thu 13-09-38-PM,8.322,8.322,10.882,10.882,10.882,9.703,9.703,9.703,8.322,,10.882,10.882,10.882,,9.703,
05-07-2026-Thu 13-09-39-PM,8.289,8.289,10.848,10.848,10.848,9.736,9.736,9.736,8.289,,10.848,10.848,10.848,,9.736,
05-07-2026-Thu 13-09-40-PM,8.255,8.255,10.814,10.814,10.814,9.669,9.669,9.669,8.255,,10.814,10.814,10.814,,9.669,
05-07-2026-Thu 13-09-42-PM,8.221,8.221,10.747,10.747,10.747,9.602,9.602,9.602,8.221,,10.747,10.747,10.747,,9.602,
05-07-2026-Thu 13-09-43-PM,8.154,8.154,10.747,10.747,10.747,9.568,9.568,9.568,8.154,,10.747,10.747,10.747,,9.568,
05-07-2026-Thu 13-09-45-PM,8.121,8.121,10.713,10.713,10.713,9.568,9.568,9.568,8.121,,10.713,10.713,10.713,,9.568,
05-07-2026-Thu 13-09-46-PM,8.087,8.087,10.679,10.679,10.679,9.5,9.5,9.5,8.087,,10.679,10.679,10.679,,9.5,
05-07-2026-Thu 13-09-47-PM,8.02,8.02,10.645,10.645,10.645,9.467,9.467,9.467,8.02,,10.645,10.645,10.645,,9.467,
05-07-2026-Thu 13-09-49-PM,7.986,7.986,10.612,10.612,10.612,9.4,9.4,9.4,7.986,,10.612,10.612,10.612,,9.4,
05-07-2026-Thu 13-09-50-PM,7.918,7.918,10.578,10.578,10.578,9.366,9.366,9.366,7.918,,10.578,10.578,10.578,,9.366,
05-07-2026-Thu 13-09-52-PM,7.918,7.918,10.544,10.544,10.544,9.299,9.299,9.299,7.918,,10.544,10.544,10.544,,9.299,
05-07-2026-Thu 13-09-53-PM,7.885,7.885,10.511,10.511,10.511,9.333,9.333,9.333,7.885,,10.511,10.511,10.511,,9.333,
05-07-2026-Thu 13-09-54-PM,7.817,7.817,10.478,10.478,10.478,9.232,9.232,9.232,7.817,,10.478,10.478,10.478,,9.232,
05-07-2026-Thu 13-09-56-PM,7.784,7.784,10.444,10.444,10.444,9.232,9.232,9.232,7.784,,10.444,10.444,10.444,,9.232,
05-07-2026-Thu 13-09-57-PM,7.75,7.75,10.376,10.376,10.376,9.164,9.164,9.164,7.75,,10.376,10.376,10.376,,9.164,
05-07-2026-Thu 13-09-58-PM,7.683,7.683,10.376,10.376,10.376,9.13,9.13,9.13,7.683,,10.376,10.376,10.376,,9.13,
05-07-2026-Thu 13-10-00-PM,7.649,7.649,10.309,10.309,10.309,9.096,9.096,9.096,7.649,,10.309,10.309,10.309,,9.096,
05-07-2026-Thu 13-10-01-PM,7.616,7.616,10.309,10.309,10.309,9.029,9.029,9.029,7.616,,10.309,10.309,10.309,,9.029,
05-07-2026-Thu 13-10-03-PM,7.582,7.582,10.275,10.275,10.275,8.996,8.996,8.996,7.582,,10.275,10.275,10.275,,8.996,
05-07-2026-Thu 13-10-04-PM,7.514,7.514,10.208,10.208,10.208,8.996,8.996,8.996,7.514,,10.208,10.208,10.208,,8.996,
05-07-2026-Thu 13-10-06-PM,7.481,7.481,10.208,10.208,10.208,8.929,8.929,8.929,7.481,,10.208,10.208,10.208,,8.929,
05-07-2026-Thu 13-10-07-PM,7.447,7.447,10.14,10.14,10.14,8.895,8.895,8.895,7.447,,10.14,10.14,10.14,,8.895,
05-07-2026-Thu 13-10-09-PM,7.447,7.447,10.107,10.107,10.107,8.861,8.861,8.861,7.447,,10.107,10.107,10.107,,8.861,
05-07-2026-Thu 13-10-10-PM,7.347,7.347,10.074,10.074,10.074,8.827,8.827,8.827,7.347,,10.074,10.074,10.074,,8.827,
05-07-2026-Thu 13-10-11-PM,7.313,7.313,10.039,10.039,10.039,8.793,8.793,8.793,7.313,,10.039,10.039,10.039,,8.793,
05-07-2026-Thu 13-10-13-PM,7.279,7.279,10.039,10.039,10.039,8.726,8.726,8.726,7.279,,10.039,10.039,10.039,,8.726,
05-07-2026-Thu 13-10-14-PM,7.245,7.245,9.972,9.972,9.972,8.76,8.76,8.76,7.245,,9.972,9.972,9.972,,8.76,
05-07-2026-Thu 13-10-15-PM,7.178,7.178,9.938,9.938,9.938,8.692,8.692,8.692,7.178,,9.938,9.938,9.938,,8.692,
05-07-2026-Thu 13-10-17-PM,7.145,7.145,9.904,9.904,9.904,8.625,8.625,8.625,7.145,,9.904,9.904,9.904,,8.625,
05-07-2026-Thu 13-10-18-PM,7.111,7.111,9.871,9.871,9.871,8.659,8.659,8.659,7.111,,9.871,9.871,9.871,,8.659,
05-07-2026-Thu 13-10-20-PM,7.077,7.077,9.837,9.837,9.837,8.558,8.558,8.558,7.077,,9.837,9.837,9.837,,8.558,
05-07-2026-Thu 13-10-21-PM,7.077,7.077,9.803,9.803,9.803,8.525,8.525,8.525,7.077,,9.803,9.803,9.803,,8.525,
05-07-2026-Thu 13-10-22-PM,7.178,7.178,9.837,9.837,9.837,8.525,8.525,8.525,7.178,,9.837,9.837,9.837,,8.525,
05-07-2026-Thu 13-10-24-PM,7.279,7.279,9.972,9.972,9.972,8.491,8.491,8.491,7.279,,9.972,9.972,9.972,,8.491,
05-07-2026-Thu 13-10-25-PM,7.178,7.178,9.602,9.602,9.602,8.491,8.491,8.491,7.178,,9.602,9.602,9.602,,8.491,
05-07-2026-Thu 13-10-27-PM,7.245,7.245,10.241,10.241,10.241,8.491,8.491,8.491,7.245,,10.241,10.241,10.241,,8.491,
05-07-2026-Thu 13-10-28-PM,7.043,7.043,9.803,9.803,9.803,8.423,8.423,8.423,7.043,,9.803,9.803,9.803,,8.423,
05-07-2026-Thu 13-10-29-PM,7.077,7.077,9.77,9.77,9.77,8.39,8.39,8.39,7.077,,9.77,9.77,9.77,,8.39,
05-07-2026-Thu 13-10-31-PM,7.01,7.01,9.669,9.669,9.669,8.322,8.322,8.322,7.01,,9.669,9.669,9.669,,8.322,
05-07-2026-Thu 13-10-32-PM,6.876,6.876,9.568,9.568,9.568,8.356,8.356,8.356,6.876,,9.568,9.568,9.568,,8.356,
05-07-2026-Thu 13-10-34-PM,6.673,6.673,9.534,9.534,9.534,8.39,8.39,8.39,6.673,,9.534,9.534,9.534,,8.39,
05-07-2026-Thu 13-10-35-PM,6.673,6.673,9.5,9.5,9.5,8.221,8.221,8.221,6.673,,9.5,9.5,9.5,,8.221,
05-07-2026-Thu 13-10-36-PM,6.606,6.606,9.5,9.5,9.5,8.188,8.188,8.188,6.606,,9.5,9.5,9.5,,8.188,
05-07-2026-Thu 13-10-38-PM,6.64,6.64,9.433,9.433,9.433,8.221,8.221,8.221,6.64,,9.433,9.433,9.433,,8.221,
05-07-2026-Thu 13-10-39-PM,6.572,6.572,9.433,9.433,9.433,8.221,8.221,8.221,6.572,,9.433,9.433,9.433,,8.221,
05-07-2026-Thu 13-10-41-PM,6.572,6.572,9.4,9.4,9.4,8.188,8.188,8.188,6.572,,9.4,9.4,9.4,,8.188,
05-07-2026-Thu 13-10-42-PM,6.472,6.472,9.333,9.333,9.333,8.121,8.121,8.121,6.472,,9.333,9.333,9.333,,8.121,
05-07-2026-Thu 13-10-44-PM,6.472,6.472,9.299,9.299,9.299,8.087,8.087,8.087,6.472,,9.299,9.299,9.299,,8.087,
05-07-2026-Thu 13-10-45-PM,6.438,6.438,9.265,9.265,9.265,8.087,8.087,8.087,6.438,,9.265,9.265,9.265,,8.087,
05-07-2026-Thu 13-10-47-PM,6.404,6.404,9.265,9.265,9.265,8.02,8.02,8.02,6.404,,9.265,9.265,9.265,,8.02,
05-07-2026-Thu 13-10-48-PM,6.371,6.371,9.197,9.197,9.197,7.986,7.986,7.986,6.371,,9.197,9.197,9.197,,7.986,
05-07-2026-Thu 13-10-49-PM,6.337,6.337,9.164,9.164,9.164,7.986,7.986,7.986,6.337,,9.164,9.164,9.164,,7.986,
05-07-2026-Thu 13-10-51-PM,6.27,6.27,9.164,9.164,9.164,7.918,7.918,7.918,6.27,,9.164,9.164,9.164,,7.918,
05-07-2026-Thu 13-10-52-PM,6.27,6.27,9.096,9.096,9.096,7.918,7.918,7.918,6.27,,9.096,9.096,9.096,,7.918,
05-07-2026-Thu 13-10-54-PM,6.236,6.236,9.063,9.063,9.063,7.817,7.817,7.817,6.236,,9.063,9.063,9.063,,7.817,
05-07-2026-Thu 13-10-55-PM,6.168,6.168,9.029,9.029,9.029,7.817,7.817,7.817,6.168,,9.029,9.029,9.029,,7.817,
05-07-2026-Thu 13-10-57-PM,6.168,6.168,8.996,8.996,8.996,7.817,7.817,7.817,6.168,,8.996,8.996,8.996,,7.817,
05-07-2026-Thu 13-10-58-PM,6.135,6.135,8.962,8.962,8.962,7.75,7.75,7.75,6.135,,8.962,8.962,8.962,,7.75,
05-07-2026-Thu 13-10-59-PM,6.102,6.102,8.962,8.962,8.962,7.75,7.75,7.75,6.102,,8.962,8.962,8.962,,7.75,
05-07-2026-Thu 13-11-01-PM,6.035,6.035,8.861,8.861,8.861,7.717,7.717,7.717,6.035,,8.861,8.861,8.861,,7.717,
05-07-2026-Thu 13-11-02-PM,6.035,6.035,8.861,8.861,8.861,7.683,7.683,7.683,6.035,,8.861,8.861,8.861,,7.683,
05-07-2026-Thu 13-11-04-PM,5.934,5.934,8.827,8.827,8.827,7.683,7.683,7.683,5.934,,8.827,8.827,8.827,,7.683,
05-07-2026-Thu 13-11-05-PM,5.967,5.967,8.793,8.793,8.793,7.649,7.649,7.649,5.967,,8.793,8.793,8.793,,7.649,
05-07-2026-Thu 13-11-06-PM,5.934,5.934,8.793,8.793,8.793,7.548,7.548,7.548,5.934,,8.793,8.793,8.793,,7.548,
05-07-2026-Thu 13-11-08-PM,5.866,5.866,8.76,8.76,8.76,7.481,7.481,7.481,5.866,,8.76,8.76,8.76,,7.481,
05-07-2026-Thu 13-11-09-PM,5.832,5.832,8.726,8.726,8.726,7.514,7.514,7.514,5.832,,8.726,8.726,8.726,,7.514,
05-07-2026-Thu 13-11-11-PM,5.799,5.799,8.659,8.659,8.659,7.447,7.447,7.447,5.799,,8.659,8.659,8.659,,7.447,
05-07-2026-Thu 13-11-12-PM,5.765,5.765,8.659,8.659,8.659,7.447,7.447,7.447,5.765,,8.659,8.659,8.659,,7.447,
05-07-2026-Thu 13-11-14-PM,5.731,5.731,8.625,8.625,8.625,7.38,7.38,7.38,5.731,,8.625,8.625,8.625,,7.38,
05-07-2026-Thu 13-11-15-PM,5.698,5.698,8.558,8.558,8.558,7.347,7.347,7.347,5.698,,8.558,8.558,8.558,,7.347,
05-07-2026-Thu 13-11-16-PM,5.631,5.631,8.558,8.558,8.558,7.245,7.245,7.245,5.631,,8.558,8.558,8.558,,7.245,
05-07-2026-Thu 13-11-18-PM,5.631,5.631,8.491,8.491,8.491,7.279,7.279,7.279,5.631,,8.491,8.491,8.491,,7.279,
05-07-2026-Thu 13-11-21-PM,5.564,5.564,8.457,8.457,8.457,7.178,7.178,7.178,5.564,,8.457,8.457,8.457,,7.178,
05-07-2026-Thu 13-11-24-PM,5.496,5.496,8.39,8.39,8.39,7.178,7.178,7.178,5.496,,8.39,8.39,8.39,,7.178,
05-07-2026-Thu 13-11-27-PM,5.395,5.395,8.322,8.322,8.322,7.077,7.077,7.077,5.395,,8.322,8.322,8.322,,7.077,
05-07-2026-Thu 13-11-29-PM,5.328,5.328,8.255,8.255,8.255,6.909,6.909,6.909,5.328,,8.255,8.255,8.255,,6.909,
05-07-2026-Thu 13-11-31-PM,5.194,5.194,8.154,8.154,8.154,6.842,6.842,6.842,5.194,,8.154,8.154,8.154,,6.842,
05-07-2026-Thu 13-11-33-PM,5.16,5.16,8.121,8.121,8.121,6.876,6.876,6.876,5.16,,8.121,8.121,8.121,,6.876,
05-07-2026-Thu 13-11-34-PM,5.16,5.16,8.053,8.053,8.053,6.774,6.774,6.774,5.16,,8.053,8.053,8.053,,6.774,
05-07-2026-Thu 13-11-36-PM,5.059,5.059,8.02,8.02,8.02,6.741,6.741,6.741,5.059,,8.02,8.02,8.02,,6.741,
05-07-2026-Thu 13-11-37-PM,5.025,5.025,7.986,7.986,7.986,6.673,6.673,6.673,5.025,,7.986,7.986,7.986,,6.673,
05-07-2026-Thu 13-11-38-PM,4.992,4.992,7.952,7.952,7.952,6.673,6.673,6.673,4.992,,7.952,7.952,7.952,,6.673,
05-07-2026-Thu 13-11-40-PM,4.958,4.958,7.885,7.885,7.885,6.606,6.606,6.606,4.958,,7.885,7.885,7.885,,6.606,
05-07-2026-Thu 13-11-41-PM,4.924,4.924,7.817,7.817,7.817,6.606,6.606,6.606,4.924,,7.817,7.817,7.817,,6.606,
05-07-2026-Thu 13-11-42-PM,5.126,5.126,7.952,7.952,7.952,6.539,6.539,6.539,5.126,,7.952,7.952,7.952,,6.539,
05-07-2026-Thu 13-11-44-PM,5.093,5.093,8.289,8.289,8.289,6.572,6.572,6.572,5.093,,8.289,8.289,8.289,,6.572,
05-07-2026-Thu 13-11-45-PM,5.059,5.059,7.817,7.817,7.817,6.539,6.539,6.539,5.059,,7.817,7.817,7.817,,6.539,
05-07-2026-Thu 13-11-47-PM,4.958,4.958,7.986,7.986,7.986,6.472,6.472,6.472,4.958,,7.986,7.986,7.986,,6.472,
05-07-2026-Thu 13-11-48-PM,4.656,4.656,7.717,7.717,7.717,6.404,6.404,6.404,4.656,,7.717,7.717,7.717,,6.404,
05-07-2026-Thu 13-11-49-PM,4.622,4.622,7.683,7.683,7.683,6.371,6.371,6.371,4.622,,7.683,7.683,7.683,,6.371,
05-07-2026-Thu 13-11-51-PM,4.588,4.588,7.616,7.616,7.616,6.337,6.337,6.337,4.588,,7.616,7.616,7.616,,6.337,
05-07-2026-Thu 13-11-52-PM,4.555,4.555,7.582,7.582,7.582,6.303,6.303,6.303,4.555,,7.582,7.582,7.582,,6.303,
05-07-2026-Thu 13-11-54-PM,4.487,4.487,7.548,7.548,7.548,6.337,6.337,6.337,4.487,,7.548,7.548,7.548,,6.337,
05-07-2026-Thu 13-11-55-PM,4.454,4.454,7.514,7.514,7.514,6.236,6.236,6.236,4.454,,7.514,7.514,7.514,,6.236,
05-07-2026-Thu 13-11-57-PM,4.42,4.42,7.447,7.447,7.447,6.202,6.202,6.202,4.42,,7.447,7.447,7.447,,6.202,
05-07-2026-Thu 13-11-58-PM,4.353,4.353,7.413,7.413,7.413,6.202,6.202,6.202,4.353,,7.413,7.413,7.413,,6.202,
05-07-2026-Thu 13-12-00-PM,4.32,4.32,7.347,7.347,7.347,6.068,6.068,6.068,4.32,,7.347,7.347,7.347,,6.068,
05-07-2026-Thu 13-12-01-PM,4.286,4.286,7.313,7.313,7.313,6.102,6.102,6.102,4.286,,7.313,7.313,7.313,,6.102,
05-07-2026-Thu 13-12-02-PM,4.185,4.185,7.279,7.279,7.279,6.068,6.068,6.068,4.185,,7.279,7.279,7.279,,6.068,
05-07-2026-Thu 13-12-04-PM,4.185,4.185,7.245,7.245,7.245,6.001,6.001,6.001,4.185,,7.245,7.245,7.245,,6.001,
05-07-2026-Thu 13-12-05-PM,4.117,4.117,7.212,7.212,7.212,5.967,5.967,5.967,4.117,,7.212,7.212,7.212,,5.967,
05-07-2026-Thu 13-12-07-PM,4.117,4.117,7.178,7.178,7.178,5.934,5.934,5.934,4.117,,7.178,7.178,7.178,,5.934,
05-07-2026-Thu 13-12-08-PM,4.05,4.05,7.111,7.111,7.111,5.934,5.934,5.934,4.05,,7.111,7.111,7.111,,5.934,
05-07-2026-Thu 13-12-09-PM,3.983,3.983,7.111,7.111,7.111,5.832,5.832,5.832,3.983,,7.111,7.111,7.111,,5.832,
05-07-2026-Thu 13-12-11-PM,3.949,3.949,7.043,7.043,7.043,5.799,5.799,5.799,3.949,,7.043,7.043,7.043,,5.799,
05-07-2026-Thu 13-12-12-PM,4.016,4.016,7.145,7.145,7.145,5.765,5.765,5.765,4.016,,7.145,7.145,7.145,,5.765,
05-07-2026-Thu 13-12-13-PM,4.084,4.084,7.145,7.145,7.145,5.731,5.731,5.731,4.084,,7.145,7.145,7.145,,5.731,
05-07-2026-Thu 13-12-15-PM,4.151,4.151,7.212,7.212,7.212,5.698,5.698,5.698,4.151,,7.212,7.212,7.212,,5.698,
05-07-2026-Thu 13-12-17-PM,4.084,4.084,7.145,7.145,7.145,5.631,5.631,5.631,4.084,,7.145,7.145,7.145,,5.631,
05-07-2026-Thu 13-12-18-PM,3.815,3.815,7.145,7.145,7.145,5.598,5.598,5.598,3.815,,7.145,7.145,7.145,,5.598,
05-07-2026-Thu 13-12-19-PM,3.883,3.883,6.943,6.943,6.943,5.598,5.598,5.598,3.883,,6.943,6.943,6.943,,5.598,
05-07-2026-Thu 13-12-21-PM,3.748,3.748,6.774,6.774,6.774,5.53,5.53,5.53,3.748,,6.774,6.774,6.774,,5.53,
05-07-2026-Thu 13-12-22-PM,3.546,3.546,6.741,6.741,6.741,5.496,5.496,5.496,3.546,,6.741,6.741,6.741,,5.496,
05-07-2026-Thu 13-12-24-PM,3.512,3.512,6.707,6.707,6.707,5.496,5.496,5.496,3.512,,6.707,6.707,6.707,,5.496,
05-07-2026-Thu 13-12-25-PM,3.479,3.479,6.673,6.673,6.673,5.395,5.395,5.395,3.479,,6.673,6.673,6.673,,5.395,
05-07-2026-Thu 13-12-26-PM,3.445,3.445,6.64,6.64,6.64,5.361,5.361,5.361,3.445,,6.64,6.64,6.64,,5.361,
05-07-2026-Thu 13-12-28-PM,3.378,3.378,6.606,6.606,6.606,5.328,5.328,5.328,3.378,,6.606,6.606,6.606,,5.328,
05-07-2026-Thu 13-12-29-PM,3.345,3.345,6.572,6.572,6.572,5.294,5.294,5.294,3.345,,6.572,6.572,6.572,,5.294,
05-07-2026-Thu 13-12-31-PM,3.311,3.311,6.572,6.572,6.572,5.261,5.261,5.261,3.311,,6.572,6.572,6.572,,5.261,
05-07-2026-Thu 13-12-32-PM,3.277,3.277,6.505,6.505,6.505,5.228,5.228,5.228,3.277,,6.505,6.505,6.505,,5.228,
05-07-2026-Thu 13-12-34-PM,3.21,3.21,6.472,6.472,6.472,5.194,5.194,5.194,3.21,,6.472,6.472,6.472,,5.194,
05-07-2026-Thu 13-12-35-PM,3.176,3.176,6.371,6.371,6.371,5.126,5.126,5.126,3.176,,6.371,6.371,6.371,,5.126,
05-07-2026-Thu 13-12-36-PM,3.176,3.176,6.371,6.371,6.371,5.126,5.126,5.126,3.176,,6.371,6.371,6.371,,5.126,
05-07-2026-Thu 13-12-38-PM,3.109,3.109,6.337,6.337,6.337,5.093,5.093,5.093,3.109,,6.337,6.337,6.337,,5.093,
05-07-2026-Thu 13-12-39-PM,3.042,3.042,6.303,6.303,6.303,5.093,5.093,5.093,3.042,,6.303,6.303,6.303,,5.093,
05-07-2026-Thu 13-12-41-PM,3.042,3.042,6.236,6.236,6.236,5.025,5.025,5.025,3.042,,6.236,6.236,6.236,,5.025,
05-07-2026-Thu 13-12-42-PM,2.975,2.975,6.236,6.236,6.236,4.992,4.992,4.992,2.975,,6.236,6.236,6.236,,4.992,
05-07-2026-Thu 13-12-44-PM,2.942,2.942,6.168,6.168,6.168,4.958,4.958,4.958,2.942,,6.168,6.168,6.168,,4.958,
05-07-2026-Thu 13-12-45-PM,2.874,2.874,6.135,6.135,6.135,4.958,4.958,4.958,2.874,,6.135,6.135,6.135,,4.958,
05-07-2026-Thu 13-12-46-PM,2.841,2.841,6.102,6.102,6.102,4.857,4.857,4.857,2.841,,6.102,6.102,6.102,,4.857,
05-07-2026-Thu 13-12-48-PM,2.773,2.773,6.068,6.068,6.068,4.824,4.824,4.824,2.773,,6.068,6.068,6.068,,4.824,
05-07-2026-Thu 13-12-49-PM,2.942,2.942,6.068,6.068,6.068,4.824,4.824,4.824,2.942,,6.068,6.068,6.068,,4.824,
05-07-2026-Thu 13-12-51-PM,2.908,2.908,6.236,6.236,6.236,4.757,4.757,4.757,2.908,,6.236,6.236,6.236,,4.757,
05-07-2026-Thu 13-12-52-PM,2.807,2.807,5.934,5.934,5.934,4.757,4.757,4.757,2.807,,5.934,5.934,5.934,,4.757,
05-07-2026-Thu 13-12-53-PM,2.74,2.74,6.102,6.102,6.102,4.723,4.723,4.723,2.74,,6.102,6.102,6.102,,4.723,
05-07-2026-Thu 13-12-55-PM,2.841,2.841,6.168,6.168,6.168,4.622,4.622,4.622,2.841,,6.168,6.168,6.168,,4.622,
05-07-2026-Thu 13-12-56-PM,2.841,2.841,6.035,6.035,6.035,4.656,4.656,4.656,2.841,,6.035,6.035,6.035,,4.656,
05-07-2026-Thu 13-12-58-PM,2.807,2.807,6.001,6.001,6.001,4.555,4.555,4.555,2.807,,6.001,6.001,6.001,,4.555,
05-07-2026-Thu 13-12-59-PM,2.639,2.639,5.934,5.934,5.934,4.521,4.521,4.521,2.639,,5.934,5.934,5.934,,4.521,
05-07-2026-Thu 13-13-00-PM,2.404,2.404,5.765,5.765,5.765,4.521,4.521,4.521,2.404,,5.765,5.765,5.765,,4.521,
05-07-2026-Thu 13-13-02-PM,2.404,2.404,5.731,5.731,5.731,4.454,4.454,4.454,2.404,,5.731,5.731,5.731,,4.454,
05-07-2026-Thu 13-13-03-PM,2.336,2.336,5.698,5.698,5.698,4.487,4.487,4.487,2.336,,5.698,5.698,5.698,,4.487,
05-07-2026-Thu 13-13-05-PM,2.303,2.303,5.665,5.665,5.665,4.42,4.42,4.42,2.303,,5.665,5.665,5.665,,4.42,
05-07-2026-Thu 13-13-06-PM,2.303,2.303,5.631,5.631,5.631,4.386,4.386,4.386,2.303,,5.631,5.631,5.631,,4.386,
05-07-2026-Thu 13-13-07-PM,2.269,2.269,5.598,5.598,5.598,4.386,4.386,4.386,2.269,,5.598,5.598,5.598,,4.386,
05-07-2026-Thu 13-13-09-PM,2.202,2.202,5.564,5.564,5.564,4.353,4.353,4.353,2.202,,5.564,5.564,5.564,,4.353,
05-07-2026-Thu 13-13-10-PM,2.202,2.202,5.53,5.53,5.53,4.32,4.32,4.32,2.202,,5.53,5.53,5.53,,4.32,
05-07-2026-Thu 13-13-12-PM,2.168,2.168,5.462,5.462,5.462,4.32,4.32,4.32,2.168,,5.462,5.462,5.462,,4.32,
05-07-2026-Thu 13-13-13-PM,2.101,2.101,5.462,5.462,5.462,4.253,4.253,4.253,2.101,,5.462,5.462,5.462,,4.253,
05-07-2026-Thu 13-13-14-PM,2.303,2.303,5.395,5.395,5.395,4.185,4.185,4.185,2.303,,5.395,5.395,5.395,,4.185,
05-07-2026-Thu 13-13-16-PM,2.235,2.235,5.564,5.564,5.564,4.151,4.151,4.151,2.235,,5.564,5.564,5.564,,4.151,
05-07-2026-Thu 13-13-19-PM,2.202,2.202,5.261,5.261,5.261,4.117,4.117,4.117,2.202,,5.261,5.261,5.261,,4.117,
05-07-2026-Thu 13-13-21-PM,2.168,2.168,5.53,5.53,5.53,4.084,4.084,4.084,2.168,,5.53,5.53,5.53,,4.084,
05-07-2026-Thu 13-13-24-PM,1.967,1.967,5.228,5.228,5.228,3.983,3.983,3.983,1.967,,5.228,5.228,5.228,,3.983,
05-07-2026-Thu 13-13-27-PM,1.766,1.766,5.16,5.16,5.16,3.949,3.949,3.949,1.766,,5.16,5.16,5.16,,3.949,
05-07-2026-Thu 13-13-30-PM,1.698,1.698,5.093,5.093,5.093,3.849,3.849,3.849,1.698,,5.093,5.093,5.093,,3.849,
05-07-2026-Thu 13-13-32-PM,1.664,1.664,5.025,5.025,5.025,3.815,3.815,3.815,1.664,,5.025,5.025,5.025,,3.815,
05-07-2026-Thu 13-13-35-PM,1.564,1.564,4.958,4.958,4.958,3.748,3.748,3.748,1.564,,4.958,4.958,4.958,,3.748,
05-07-2026-Thu 13-13-38-PM,1.497,1.497,4.891,4.891,4.891,3.681,3.681,3.681,1.497,,4.891,4.891,4.891,,3.681,
05-07-2026-Thu 13-13-41-PM,1.564,1.564,4.824,4.824,4.824,3.647,3.647,3.647,1.564,,4.824,4.824,4.824,,3.647,
05-07-2026-Thu 13-13-43-PM,1.497,1.497,4.689,4.689,4.689,3.546,3.546,3.546,1.497,,4.689,4.689,4.689,,3.546,
05-07-2026-Thu 13-13-44-PM,1.397,1.397,5.025,5.025,5.025,3.512,3.512,3.512,1.397,,5.025,5.025,5.025,,3.512,
05-07-2026-Thu 13-13-45-PM,1.63,1.63,4.757,4.757,4.757,3.445,3.445,3.445,1.63,,4.757,4.757,4.757,,3.445,
05-07-2026-Thu 13-13-47-PM,1.227,1.227,4.689,4.689,4.689,3.445,3.445,3.445,1.227,,4.689,4.689,4.689,,3.445,
05-07-2026-Thu 13-13-48-PM,1.227,1.227,4.656,4.656,4.656,3.345,3.345,3.345,1.227,,4.656,4.656,4.656,,3.345,
05-07-2026-Thu 13-13-50-PM,1.195,1.195,4.622,4.622,4.622,3.378,3.378,3.378,1.195,,4.622,4.622,4.622,,3.378,
05-07-2026-Thu 13-13-51-PM,1.161,1.161,4.588,4.588,4.588,3.345,3.345,3.345,1.161,,4.588,4.588,4.588,,3.345,
05-07-2026-Thu 13-13-52-PM,1.161,1.161,4.555,4.555,4.555,3.345,3.345,3.345,1.161,,4.555,4.555,4.555,,3.345,
05-07-2026-Thu 13-13-54-PM,1.127,1.127,4.521,4.521,4.521,3.311,3.311,3.311,1.127,,4.521,4.521,4.521,,3.311,
05-07-2026-Thu 13-13-55-PM,1.093,1.093,4.487,4.487,4.487,3.244,3.244,3.244,1.093,,4.487,4.487,4.487,,3.244,
05-07-2026-Thu 13-13-57-PM,1.06,1.06,4.454,4.454,4.454,3.244,3.244,3.244,1.06,,4.454,4.454,4.454,,3.244,
05-07-2026-Thu 13-13-58-PM,1.026,1.026,4.42,4.42,4.42,3.244,3.244,3.244,1.026,,4.42,4.42,4.42,,3.244,
05-07-2026-Thu 13-14-00-PM,0.993,0.993,4.386,4.386,4.386,3.109,3.109,3.109,0.993,,4.386,4.386,4.386,,3.109,
05-07-2026-Thu 13-14-01-PM,0.96,0.96,4.353,4.353,4.353,3.109,3.109,3.109,0.96,,4.353,4.353,4.353,,3.109,
05-07-2026-Thu 13-14-03-PM,0.892,0.892,4.32,4.32,4.32,3.075,3.075,3.075,0.892,,4.32,4.32,4.32,,3.075,
05-07-2026-Thu 13-14-04-PM,0.858,0.858,4.32,4.32,4.32,3.075,3.075,3.075,0.858,,4.32,4.32,4.32,,3.075,
05-07-2026-Thu 13-14-05-PM,0.858,0.858,4.253,4.253,4.253,2.975,2.975,2.975,0.858,,4.253,4.253,4.253,,2.975,
05-07-2026-Thu 13-14-07-PM,0.858,0.858,4.218,4.218,4.218,2.908,2.908,2.908,0.858,,4.218,4.218,4.218,,2.908,
05-07-2026-Thu 13-14-08-PM,0.792,0.792,4.218,4.218,4.218,2.908,2.908,2.908,0.792,,4.218,4.218,4.218,,2.908,
05-07-2026-Thu 13-14-10-PM,0.758,0.758,4.185,4.185,4.185,2.807,2.807,2.807,0.758,,4.185,4.185,4.185,,2.807,
05-07-2026-Thu 13-14-11-PM,0.758,0.758,4.151,4.151,4.151,2.942,2.942,2.942,0.758,,4.151,4.151,4.151,,2.942,
05-07-2026-Thu 13-14-12-PM,0.69,0.69,4.151,4.151,4.151,2.841,2.841,2.841,0.69,,4.151,4.151,4.151,,2.841,
05-07-2026-Thu 13-14-14-PM,0.69,0.69,4.117,4.117,4.117,2.807,2.807,2.807,0.69,,4.117,4.117,4.117,,2.807,
05-07-2026-Thu 13-14-15-PM,0.622,0.622,4.05,4.05,4.05,2.807,2.807,2.807,0.622,,4.05,4.05,4.05,,2.807,
05-07-2026-Thu 13-14-17-PM,0.59,0.59,4.016,4.016,4.016,2.706,2.706,2.706,0.59,,4.016,4.016,4.016,,2.706,
05-07-2026-Thu 13-14-18-PM,0.59,0.59,3.983,3.983,3.983,2.74,2.74,2.74,0.59,,3.983,3.983,3.983,,2.74,
05-07-2026-Thu 13-14-19-PM,0.556,0.556,3.983,3.983,3.983,2.672,2.672,2.672,0.556,,3.983,3.983,3.983,,2.672,
05-07-2026-Thu 13-14-22-PM,0.523,0.523,3.949,3.949,3.949,2.605,2.605,2.605,0.523,,3.949,3.949,3.949,,2.605,
05-07-2026-Thu 13-14-24-PM,0.456,0.456,3.883,3.883,3.883,2.571,2.571,2.571,0.456,,3.883,3.883,3.883,,2.571,
05-07-2026-Thu 13-14-25-PM,0.423,0.423,3.849,3.849,3.849,2.538,2.538,2.538,0.423,,3.849,3.849,3.849,,2.538,
05-07-2026-Thu 13-14-27-PM,0.389,0.389,3.849,3.849,3.849,2.538,2.538,2.538,0.389,,3.849,3.849,3.849,,2.538,
05-07-2026-Thu 13-14-29-PM,0.355,0.355,3.782,3.782,3.782,2.504,2.504,2.504,0.355,,3.782,3.782,3.782,,2.504,
05-07-2026-Thu 13-14-30-PM,0.321,0.321,3.748,3.748,3.748,2.404,2.404,2.404,0.321,,3.748,3.748,3.748,,2.404,
05-07-2026-Thu 13-14-32-PM,0.289,0.289,3.714,3.714,3.714,2.471,2.471,2.471,0.289,,3.714,3.714,3.714,,2.471,
05-07-2026-Thu 13-14-33-PM,0.289,0.289,3.714,3.714,3.714,2.37,2.37,2.37,0.289,,3.714,3.714,3.714,,2.37,
05-07-2026-Thu 13-14-34-PM,0.221,0.221,3.647,3.647,3.647,2.404,2.404,2.404,0.221,,3.647,3.647,3.647,,2.404,
05-07-2026-Thu 13-14-36-PM,0.523,0.523,3.983,3.983,3.983,2.37,2.37,2.37,0.523,,3.983,3.983,3.983,,2.37,
05-07-2026-Thu 13-14-37-PM,0.321,0.321,3.714,3.714,3.714,2.235,2.235,2.235,0.321,,3.714,3.714,3.714,,2.235,
05-07-2026-Thu 13-14-39-PM,0.456,0.456,3.815,3.815,3.815,2.235,2.235,2.235,0.456,,3.815,3.815,3.815,,2.235,
05-07-2026-Thu 13-14-40-PM,0.355,0.355,3.883,3.883,3.883,2.235,2.235,2.235,0.355,,3.883,3.883,3.883,,2.235,
05-07-2026-Thu 13-14-41-PM,0.523,0.523,3.815,3.815,3.815,2.168,2.168,2.168,0.523,,3.815,3.815,3.815,,2.168,
05-07-2026-Thu 13-14-43-PM,0.053,0.053,3.512,3.512,3.512,2.202,2.202,2.202,0.053,,3.512,3.512,3.512,,2.202,
05-07-2026-Thu 13-14-44-PM,0.019,0.019,3.479,3.479,3.479,2.168,2.168,2.168,0.019,,3.479,3.479,3.479,,2.168,
05-07-2026-Thu 13-14-46-PM,0.019,0.019,3.479,3.479,3.479,2.101,2.101,2.101,0.019,,3.479,3.479,3.479,,2.101,
05-07-2026-Thu 13-14-47-PM,-0.017,-0.017,3.445,3.445,3.445,2.067,2.067,2.067,-0.017,,3.445,3.445,3.445,,2.067,
05-07-2026-Thu 13-14-48-PM,-0.05,-0.05,3.412,3.412,3.412,2.067,2.067,2.067,-0.05,,3.412,3.412,3.412,,2.067,
05-07-2026-Thu 13-14-50-PM,-0.084,-0.084,3.412,3.412,3.412,2.067,2.067,2.067,-0.084,,3.412,3.412,3.412,,2.067,
05-07-2026-Thu 13-14-51-PM,-0.084,-0.084,3.345,3.345,3.345,2.001,2.001,2.001,-0.084,,3.345,3.345,3.345,,2.001,
05-07-2026-Thu 13-14-53-PM,-0.117,-0.117,3.345,3.345,3.345,2.001,2.001,2.001,-0.117,,3.345,3.345,3.345,,2.001,
05-07-2026-Thu 13-14-54-PM,-0.151,-0.151,3.345,3.345,3.345,1.933,1.933,1.933,-0.151,,3.345,3.345,3.345,,1.933,
05-07-2026-Thu 13-14-56-PM,-0.185,-0.185,3.277,3.277,3.277,1.967,1.967,1.967,-0.185,,3.277,3.277,3.277,,1.967,
05-07-2026-Thu 13-14-57-PM,-0.218,-0.218,3.277,3.277,3.277,1.866,1.866,1.866,-0.218,,3.277,3.277,3.277,,1.866,
05-07-2026-Thu 13-14-58-PM,-0.252,-0.252,3.244,3.244,3.244,1.866,1.866,1.866,-0.252,,3.244,3.244,3.244,,1.866,
05-07-2026-Thu 13-15-00-PM,-0.252,-0.252,3.21,3.21,3.21,1.866,1.866,1.866,-0.252,,3.21,3.21,3.21,,1.866,
05-07-2026-Thu 13-15-01-PM,-0.285,-0.285,3.21,3.21,3.21,1.866,1.866,1.866,-0.285,,3.21,3.21,3.21,,1.866,
05-07-2026-Thu 13-15-02-PM,-0.319,-0.319,3.143,3.143,3.143,1.799,1.799,1.799,-0.319,,3.143,3.143,3.143,,1.799,
05-07-2026-Thu 13-15-04-PM,-0.352,-0.352,3.143,3.143,3.143,1.799,1.799,1.799,-0.352,,3.143,3.143,3.143,,1.799,
05-07-2026-Thu 13-15-05-PM,-0.352,-0.352,3.143,3.143,3.143,1.766,1.766,1.766,-0.352,,3.143,3.143,3.143,,1.766,
05-07-2026-Thu 13-15-07-PM,-0.386,-0.386,3.075,3.075,3.075,1.766,1.766,1.766,-0.386,,3.075,3.075,3.075,,1.766,
05-07-2026-Thu 13-15-08-PM,-0.42,-0.42,3.075,3.075,3.075,1.732,1.732,1.732,-0.42,,3.075,3.075,3.075,,1.732,
05-07-2026-Thu 13-15-11-PM,-0.453,-0.453,3.008,3.008,3.008,1.664,1.664,1.664,-0.453,,3.008,3.008,3.008,,1.664,
05-07-2026-Thu 13-15-14-PM,-0.487,-0.487,2.975,2.975,2.975,1.664,1.664,1.664,-0.487,,2.975,2.975,2.975,,1.664,
05-07-2026-Thu 13-15-16-PM,-0.554,-0.554,2.908,2.908,2.908,1.598,1.598,1.598,-0.554,,2.908,2.908,2.908,,1.598,
05-07-2026-Thu 13-15-17-PM,-0.621,-0.621,2.908,2.908,2.908,1.564,1.564,1.564,-0.621,,2.908,2.908,2.908,,1.564,
05-07-2026-Thu 13-15-19-PM,-0.621,-0.621,2.874,2.874,2.874,1.53,1.53,1.53,-0.621,,2.874,2.874,2.874,,1.53,
05-07-2026-Thu 13-15-20-PM,-0.655,-0.655,2.807,2.807,2.807,1.497,1.497,1.497,-0.655,,2.807,2.807,2.807,,1.497,
05-07-2026-Thu 13-15-22-PM,-0.688,-0.688,2.841,2.841,2.841,1.463,1.463,1.463,-0.688,,2.841,2.841,2.841,,1.463,
05-07-2026-Thu 13-15-23-PM,-0.655,-0.655,2.807,2.807,2.807,1.429,1.429,1.429,-0.655,,2.807,2.807,2.807,,1.429,
05-07-2026-Thu 13-15-24-PM,-0.722,-0.722,2.773,2.773,2.773,1.363,1.363,1.363,-0.722,,2.773,2.773,2.773,,1.363,
05-07-2026-Thu 13-15-26-PM,-0.487,-0.487,2.874,2.874,2.874,1.397,1.397,1.397,-0.487,,2.874,2.874,2.874,,1.397,
05-07-2026-Thu 13-15-27-PM,-0.52,-0.52,2.874,2.874,2.874,1.363,1.363,1.363,-0.52,,2.874,2.874,2.874,,1.363,
05-07-2026-Thu 13-15-29-PM,-0.755,-0.755,3.075,3.075,3.075,1.329,1.329,1.329,-0.755,,3.075,3.075,3.075,,1.329,
05-07-2026-Thu 13-15-30-PM,-0.755,-0.755,2.942,2.942,2.942,1.363,1.363,1.363,-0.755,,2.942,2.942,2.942,,1.363,
05-07-2026-Thu 13-15-31-PM,-0.722,-0.722,2.672,2.672,2.672,1.295,1.295,1.295,-0.722,,2.672,2.672,2.672,,1.295,
05-07-2026-Thu 13-15-33-PM,-0.89,-0.89,2.639,2.639,2.639,1.261,1.261,1.261,-0.89,,2.639,2.639,2.639,,1.261,
05-07-2026-Thu 13-15-34-PM,-0.89,-0.89,2.605,2.605,2.605,1.261,1.261,1.261,-0.89,,2.605,2.605,2.605,,1.261,
05-07-2026-Thu 13-15-36-PM,-0.89,-0.89,2.571,2.571,2.571,1.195,1.195,1.195,-0.89,,2.571,2.571,2.571,,1.195,
05-07-2026-Thu 13-15-37-PM,-0.923,-0.923,2.538,2.538,2.538,1.161,1.161,1.161,-0.923,,2.538,2.538,2.538,,1.161,
05-07-2026-Thu 13-15-38-PM,-0.923,-0.923,2.504,2.504,2.504,1.195,1.195,1.195,-0.923,,2.504,2.504,2.504,,1.195,
05-07-2026-Thu 13-15-40-PM,-0.957,-0.957,2.471,2.471,2.471,1.093,1.093,1.093,-0.957,,2.471,2.471,2.471,,1.093,
05-07-2026-Thu 13-15-41-PM,-0.99,-0.99,2.471,2.471,2.471,1.093,1.093,1.093,-0.99,,2.471,2.471,2.471,,1.093,
05-07-2026-Thu 13-15-42-PM,-0.99,-0.99,2.437,2.437,2.437,1.026,1.026,1.026,-0.99,,2.437,2.437,2.437,,1.026,
05-07-2026-Thu 13-15-44-PM,-1.024,-1.024,2.404,2.404,2.404,1.06,1.06,1.06,-1.024,,2.404,2.404,2.404,,1.06,
05-07-2026-Thu 13-15-45-PM,-1.057,-1.057,2.37,2.37,2.37,1.026,1.026,1.026,-1.057,,2.37,2.37,2.37,,1.026,
05-07-2026-Thu 13-15-47-PM,-1.091,-1.091,2.37,2.37,2.37,0.993,0.993,0.993,-1.091,,2.37,2.37,2.37,,0.993,
05-07-2026-Thu 13-15-48-PM,-1.091,-1.091,2.336,2.336,2.336,0.993,0.993,0.993,-1.091,,2.336,2.336,2.336,,0.993,
05-07-2026-Thu 13-15-50-PM,-1.158,-1.158,2.303,2.303,2.303,0.96,0.96,0.96,-1.158,,2.303,2.303,2.303,,0.96,
05-07-2026-Thu 13-15-51-PM,-1.125,-1.125,2.269,2.269,2.269,0.892,0.892,0.892,-1.125,,2.269,2.269,2.269,,0.892,
05-07-2026-Thu 13-15-53-PM,-1.192,-1.192,2.269,2.269,2.269,0.926,0.926,0.926,-1.192,,2.269,2.269,2.269,,0.926,
05-07-2026-Thu 13-15-54-PM,-1.192,-1.192,2.235,2.235,2.235,0.858,0.858,0.858,-1.192,,2.235,2.235,2.235,,0.858,
05-07-2026-Thu 13-15-55-PM,-1.225,-1.225,2.202,2.202,2.202,0.858,0.858,0.858,-1.225,,2.202,2.202,2.202,,0.858,
05-07-2026-Thu 13-15-57-PM,-1.225,-1.225,2.168,2.168,2.168,0.892,0.892,0.892,-1.225,,2.168,2.168,2.168,,0.892,
05-07-2026-Thu 13-15-58-PM,-1.259,-1.259,2.168,2.168,2.168,0.824,0.824,0.824,-1.259,,2.168,2.168,2.168,,0.824,
05-07-2026-Thu 13-16-00-PM,-1.292,-1.292,2.134,2.134,2.134,0.858,0.858,0.858,-1.292,,2.134,2.134,2.134,,0.858,
05-07-2026-Thu 13-16-01-PM,-1.326,-1.326,2.134,2.134,2.134,0.792,0.792,0.792,-1.326,,2.134,2.134,2.134,,0.792,
05-07-2026-Thu 13-16-02-PM,-1.326,-1.326,2.101,2.101,2.101,0.724,0.724,0.724,-1.326,,2.101,2.101,2.101,,0.724,
05-07-2026-Thu 13-16-04-PM,-1.359,-1.359,2.101,2.101,2.101,0.724,0.724,0.724,-1.359,,2.101,2.101,2.101,,0.724,
05-07-2026-Thu 13-16-05-PM,-1.359,-1.359,2.067,2.067,2.067,0.792,0.792,0.792,-1.359,,2.067,2.067,2.067,,0.792,
05-07-2026-Thu 13-16-06-PM,-1.359,-1.359,2.034,2.034,2.034,0.758,0.758,0.758,-1.359,,2.034,2.034,2.034,,0.758,
05-07-2026-Thu 13-16-08-PM,-1.427,-1.427,2.001,2.001,2.001,0.724,0.724,0.724,-1.427,,2.001,2.001,2.001,,0.724,
05-07-2026-Thu 13-16-09-PM,-1.46,-1.46,2.001,2.001,2.001,0.69,0.69,0.69,-1.46,,2.001,2.001,2.001,,0.69,
05-07-2026-Thu 13-16-11-PM,-1.46,-1.46,1.967,1.967,1.967,0.656,0.656,0.656,-1.46,,1.967,1.967,1.967,,0.656,
05-07-2026-Thu 13-16-12-PM,-1.494,-1.494,1.933,1.933,1.933,0.656,0.656,0.656,-1.494,,1.933,1.933,1.933,,0.656,
05-07-2026-Thu 13-16-13-PM,-1.527,-1.527,1.933,1.933,1.933,0.622,0.622,0.622,-1.527,,1.933,1.933,1.933,,0.622,
05-07-2026-Thu 13-16-15-PM,-1.527,-1.527,1.9,1.9,1.9,0.622,0.622,0.622,-1.527,,1.9,1.9,1.9,,0.622,
05-07-2026-Thu 13-16-16-PM,-1.527,-1.527,1.9,1.9,1.9,0.556,0.556,0.556,-1.527,,1.9,1.9,1.9,,0.556,
05-07-2026-Thu 13-16-18-PM,-1.561,-1.561,1.866,1.866,1.866,0.59,0.59,0.59,-1.561,,1.866,1.866,1.866,,0.59,
05-07-2026-Thu 13-16-19-PM,-1.594,-1.594,1.832,1.832,1.832,0.556,0.556,0.556,-1.594,,1.832,1.832,1.832,,0.556,
05-07-2026-Thu 13-16-20-PM,-1.628,-1.628,1.799,1.799,1.799,0.523,0.523,0.523,-1.628,,1.799,1.799,1.799,,0.523,
05-07-2026-Thu 13-16-22-PM,-1.628,-1.628,1.832,1.832,1.832,0.49,0.49,0.49,-1.628,,1.832,1.832,1.832,,0.49,
05-07-2026-Thu 13-16-23-PM,-1.662,-1.662,1.799,1.799,1.799,0.456,0.456,0.456,-1.662,,1.799,1.799,1.799,,0.456,
05-07-2026-Thu 13-16-25-PM,-1.695,-1.695,1.766,1.766,1.766,0.389,0.389,0.389,-1.695,,1.766,1.766,1.766,,0.389,
05-07-2026-Thu 13-16-26-PM,-1.729,-1.729,1.732,1.732,1.732,0.355,0.355,0.355,-1.729,,1.732,1.732,1.732,,0.355,
05-07-2026-Thu 13-16-27-PM,-1.729,-1.729,1.732,1.732,1.732,0.389,0.389,0.389,-1.729,,1.732,1.732,1.732,,0.389,
05-07-2026-Thu 13-16-29-PM,-1.762,-1.762,1.698,1.698,1.698,0.355,0.355,0.355,-1.762,,1.698,1.698,1.698,,0.355,
05-07-2026-Thu 13-16-30-PM,-1.762,-1.762,1.698,1.698,1.698,0.321,0.321,0.321,-1.762,,1.698,1.698,1.698,,0.321,
05-07-2026-Thu 13-16-32-PM,-1.796,-1.796,1.664,1.664,1.664,0.321,0.321,0.321,-1.796,,1.664,1.664,1.664,,0.321,
05-07-2026-Thu 13-16-33-PM,-1.829,-1.829,1.63,1.63,1.63,0.255,0.255,0.255,-1.829,,1.63,1.63,1.63,,0.255,
05-07-2026-Thu 13-16-34-PM,-1.829,-1.829,1.63,1.63,1.63,0.221,0.221,0.221,-1.829,,1.63,1.63,1.63,,0.221,
05-07-2026-Thu 13-16-36-PM,-1.863,-1.863,1.598,1.598,1.598,0.187,0.187,0.187,-1.863,,1.598,1.598,1.598,,0.187,
05-07-2026-Thu 13-16-37-PM,-1.863,-1.863,1.564,1.564,1.564,0.187,0.187,0.187,-1.863,,1.564,1.564,1.564,,0.187,
05-07-2026-Thu 13-16-39-PM,-1.897,-1.897,1.564,1.564,1.564,0.121,0.121,0.121,-1.897,,1.564,1.564,1.564,,0.121,
05-07-2026-Thu 13-16-40-PM,-1.897,-1.897,1.598,1.598,1.598,0.121,0.121,0.121,-1.897,,1.598,1.598,1.598,,0.121,
05-07-2026-Thu 13-16-41-PM,-1.628,-1.628,1.63,1.63,1.63,0.087,0.087,0.087,-1.628,,1.63,1.63,1.63,,0.087,
05-07-2026-Thu 13-16-43-PM,-1.729,-1.729,1.766,1.766,1.766,0.053,0.053,0.053,-1.729,,1.766,1.766,1.766,,0.053,
05-07-2026-Thu 13-16-44-PM,-1.594,-1.594,1.53,1.53,1.53,0.053,0.053,0.053,-1.594,,1.53,1.53,1.53,,0.053,
05-07-2026-Thu 13-16-46-PM,-1.695,-1.695,1.598,1.598,1.598,-0.017,-0.017,-0.017,-1.695,,1.598,1.598,1.598,,-0.017,
05-07-2026-Thu 13-16-47-PM,-1.829,-1.829,1.564,1.564,1.564,0.019,0.019,0.019,-1.829,,1.564,1.564,1.564,,0.019,
05-07-2026-Thu 13-16-48-PM,-1.729,-1.729,1.497,1.497,1.497,-0.017,-0.017,-0.017,-1.729,,1.497,1.497,1.497,,-0.017,
05-07-2026-Thu 13-16-50-PM,-1.964,-1.964,1.598,1.598,1.598,-0.084,-0.084,-0.084,-1.964,,1.598,1.598,1.598,,-0.084,
05-07-2026-Thu 13-16-51-PM,-1.997,-1.997,1.397,1.397,1.397,-0.05,-0.05,-0.05,-1.997,,1.397,1.397,1.397,,-0.05,
05-07-2026-Thu 13-16-52-PM,-2.098,-2.098,1.397,1.397,1.397,-0.05,-0.05,-0.05,-2.098,,1.397,1.397,1.397,,-0.05,
05-07-2026-Thu 13-16-54-PM,-2.098,-2.098,1.363,1.363,1.363,-0.05,-0.05,-0.05,-2.098,,1.363,1.363,1.363,,-0.05,
05-07-2026-Thu 13-16-55-PM,-2.131,-2.131,1.363,1.363,1.363,-0.117,-0.117,-0.117,-2.131,,1.363,1.363,1.363,,-0.117,
05-07-2026-Thu 13-16-57-PM,-2.131,-2.131,1.329,1.329,1.329,-0.151,-0.151,-0.151,-2.131,,1.329,1.329,1.329,,-0.151,
05-07-2026-Thu 13-16-58-PM,-2.165,-2.165,1.295,1.295,1.295,-0.151,-0.151,-0.151,-2.165,,1.295,1.295,1.295,,-0.151,
05-07-2026-Thu 13-17-00-PM,-2.165,-2.165,1.295,1.295,1.295,-0.151,-0.151,-0.151,-2.165,,1.295,1.295,1.295,,-0.151,
05-07-2026-Thu 13-17-01-PM,-2.232,-2.232,1.261,1.261,1.261,-0.185,-0.185,-0.185,-2.232,,1.261,1.261,1.261,,-0.185,
05-07-2026-Thu 13-17-03-PM,-2.198,-2.198,1.227,1.227,1.227,-0.218,-0.218,-0.218,-2.198,,1.227,1.227,1.227,,-0.218,
05-07-2026-Thu 13-17-04-PM,-2.232,-2.232,1.227,1.227,1.227,-0.218,-0.218,-0.218,-2.232,,1.227,1.227,1.227,,-0.218,
05-07-2026-Thu 13-17-07-PM,-2.266,-2.266,1.161,1.161,1.161,-0.252,-0.252,-0.252,-2.266,,1.161,1.161,1.161,,-0.252,
05-07-2026-Thu 13-17-10-PM,-2.299,-2.299,1.161,1.161,1.161,-0.252,-0.252,-0.252,-2.299,,1.161,1.161,1.161,,-0.252,
05-07-2026-Thu 13-17-13-PM,-2.333,-2.333,1.093,1.093,1.093,-0.352,-0.352,-0.352,-2.333,,1.093,1.093,1.093,,-0.352,
05-07-2026-Thu 13-17-16-PM,-2.366,-2.366,1.026,1.026,1.026,-0.386,-0.386,-0.386,-2.366,,1.026,1.026,1.026,,-0.386,
05-07-2026-Thu 13-17-17-PM,-2.4,-2.4,1.026,1.026,1.026,-0.453,-0.453,-0.453,-2.4,,1.026,1.026,1.026,,-0.453,
05-07-2026-Thu 13-17-18-PM,-2.433,-2.433,0.993,0.993,0.993,-0.386,-0.386,-0.386,-2.433,,0.993,0.993,0.993,,-0.386,
05-07-2026-Thu 13-17-20-PM,-2.467,-2.467,0.993,0.993,0.993,-0.52,-0.52,-0.52,-2.467,,0.993,0.993,0.993,,-0.52,
05-07-2026-Thu 13-17-21-PM,-2.467,-2.467,0.96,0.96,0.96,-0.487,-0.487,-0.487,-2.467,,0.96,0.96,0.96,,-0.487,
05-07-2026-Thu 13-17-23-PM,-2.467,-2.467,0.96,0.96,0.96,-0.487,-0.487,-0.487,-2.467,,0.96,0.96,0.96,,-0.487,
05-07-2026-Thu 13-17-24-PM,-2.5,-2.5,0.926,0.926,0.926,-0.52,-0.52,-0.52,-2.5,,0.926,0.926,0.926,,-0.52,
05-07-2026-Thu 13-17-25-PM,-2.5,-2.5,0.892,0.892,0.892,-0.588,-0.588,-0.588,-2.5,,0.892,0.892,0.892,,-0.588,
05-07-2026-Thu 13-17-27-PM,-2.534,-2.534,0.892,0.892,0.892,-0.588,-0.588,-0.588,-2.534,,0.892,0.892,0.892,,-0.588,
05-07-2026-Thu 13-17-28-PM,-2.568,-2.568,0.892,0.892,0.892,-0.621,-0.621,-0.621,-2.568,,0.892,0.892,0.892,,-0.621,
05-07-2026-Thu 13-17-30-PM,-2.601,-2.601,0.858,0.858,0.858,-0.688,-0.688,-0.688,-2.601,,0.858,0.858,0.858,,-0.688,
05-07-2026-Thu 13-17-31-PM,-2.568,-2.568,0.824,0.824,0.824,-0.688,-0.688,-0.688,-2.568,,0.824,0.824,0.824,,-0.688,
05-07-2026-Thu 13-17-32-PM,-2.601,-2.601,0.824,0.824,0.824,-0.789,-0.789,-0.789,-2.601,,0.824,0.824,0.824,,-0.789,
05-07-2026-Thu 13-17-34-PM,-2.635,-2.635,0.824,0.824,0.824,-0.722,-0.722,-0.722,-2.635,,0.824,0.824,0.824,,-0.722,
05-07-2026-Thu 13-17-35-PM,-2.635,-2.635,0.792,0.792,0.792,-0.755,-0.755,-0.755,-2.635,,0.792,0.792,0.792,,-0.755,
05-07-2026-Thu 13-17-36-PM,-2.668,-2.668,0.758,0.758,0.758,-0.789,-0.789,-0.789,-2.668,,0.758,0.758,0.758,,-0.789,
05-07-2026-Thu 13-17-38-PM,-2.668,-2.668,0.758,0.758,0.758,-0.789,-0.789,-0.789,-2.668,,0.758,0.758,0.758,,-0.789,
05-07-2026-Thu 13-17-39-PM,-2.702,-2.702,0.758,0.758,0.758,-0.789,-0.789,-0.789,-2.702,,0.758,0.758,0.758,,-0.789,
05-07-2026-Thu 13-17-41-PM,-2.735,-2.735,0.69,0.69,0.69,-0.789,-0.789,-0.789,-2.735,,0.69,0.69,0.69,,-0.789,
05-07-2026-Thu 13-17-42-PM,-2.769,-2.769,0.656,0.656,0.656,-0.822,-0.822,-0.822,-2.769,,0.656,0.656,0.656,,-0.822,
05-07-2026-Thu 13-17-43-PM,-2.735,-2.735,0.656,0.656,0.656,-0.923,-0.923,-0.923,-2.735,,0.656,0.656,0.656,,-0.923,
05-07-2026-Thu 13-17-45-PM,-2.769,-2.769,0.656,0.656,0.656,-0.856,-0.856,-0.856,-2.769,,0.656,0.656,0.656,,-0.856,
05-07-2026-Thu 13-17-46-PM,-2.802,-2.802,0.622,0.622,0.622,-0.89,-0.89,-0.89,-2.802,,0.622,0.622,0.622,,-0.89,
05-07-2026-Thu 13-17-48-PM,-2.802,-2.802,0.59,0.59,0.59,-0.923,-0.923,-0.923,-2.802,,0.59,0.59,0.59,,-0.923,
05-07-2026-Thu 13-17-49-PM,-2.836,-2.836,0.59,0.59,0.59,-0.957,-0.957,-0.957,-2.836,,0.59,0.59,0.59,,-0.957,
05-07-2026-Thu 13-17-50-PM,-2.836,-2.836,0.59,0.59,0.59,-0.923,-0.923,-0.923,-2.836,,0.59,0.59,0.59,,-0.923,
05-07-2026-Thu 13-17-52-PM,-2.869,-2.869,0.523,0.523,0.523,-0.957,-0.957,-0.957,-2.869,,0.523,0.523,0.523,,-0.957,
05-07-2026-Thu 13-17-53-PM,-2.869,-2.869,0.523,0.523,0.523,-0.957,-0.957,-0.957,-2.869,,0.523,0.523,0.523,,-0.957,
05-07-2026-Thu 13-17-55-PM,-2.903,-2.903,0.523,0.523,0.523,-0.99,-0.99,-0.99,-2.903,,0.523,0.523,0.523,,-0.99,
05-07-2026-Thu 13-17-56-PM,-2.903,-2.903,0.523,0.523,0.523,-0.99,-0.99,-0.99,-2.903,,0.523,0.523,0.523,,-0.99,
05-07-2026-Thu 13-17-57-PM,-2.937,-2.937,0.456,0.456,0.456,-1.057,-1.057,-1.057,-2.937,,0.456,0.456,0.456,,-1.057,
05-07-2026-Thu 13-17-59-PM,-2.97,-2.97,0.456,0.456,0.456,-1.125,-1.125,-1.125,-2.97,,0.456,0.456,0.456,,-1.125,
05-07-2026-Thu 13-18-00-PM,-2.97,-2.97,0.423,0.423,0.423,-1.091,-1.091,-1.091,-2.97,,0.423,0.423,0.423,,-1.091,
05-07-2026-Thu 13-18-01-PM,-3.004,-3.004,0.423,0.423,0.423,-1.091,-1.091,-1.091,-3.004,,0.423,0.423,0.423,,-1.091,
05-07-2026-Thu 13-18-03-PM,-3.004,-3.004,0.355,0.355,0.355,-1.125,-1.125,-1.125,-3.004,,0.355,0.355,0.355,,-1.125,
05-07-2026-Thu 13-18-04-PM,-3.004,-3.004,0.389,0.389,0.389,-1.091,-1.091,-1.091,-3.004,,0.389,0.389,0.389,,-1.091,
05-07-2026-Thu 13-18-06-PM,-3.004,-3.004,0.355,0.355,0.355,-1.158,-1.158,-1.158,-3.004,,0.355,0.355,0.355,,-1.158,
05-07-2026-Thu 13-18-07-PM,-3.037,-3.037,0.355,0.355,0.355,-1.225,-1.225,-1.225,-3.037,,0.355,0.355,0.355,,-1.225,
05-07-2026-Thu 13-18-08-PM,-3.037,-3.037,0.289,0.289,0.289,-1.225,-1.225,-1.225,-3.037,,0.289,0.289,0.289,,-1.225,
05-07-2026-Thu 13-18-10-PM,-3.071,-3.071,0.321,0.321,0.321,-1.225,-1.225,-1.225,-3.071,,0.321,0.321,0.321,,-1.225,
05-07-2026-Thu 13-18-11-PM,-3.104,-3.104,0.289,0.289,0.289,-1.259,-1.259,-1.259,-3.104,,0.289,0.289,0.289,,-1.259,
05-07-2026-Thu 13-18-13-PM,-3.138,-3.138,0.289,0.289,0.289,-1.192,-1.192,-1.192,-3.138,,0.289,0.289,0.289,,-1.192,
05-07-2026-Thu 13-18-14-PM,-3.138,-3.138,0.221,0.221,0.221,-1.225,-1.225,-1.225,-3.138,,0.221,0.221,0.221,,-1.225,
05-07-2026-Thu 13-18-15-PM,-3.104,-3.104,0.221,0.221,0.221,-1.292,-1.292,-1.292,-3.104,,0.221,0.221,0.221,,-1.292,
05-07-2026-Thu 13-18-17-PM,-3.138,-3.138,0.187,0.187,0.187,-1.259,-1.259,-1.259,-3.138,,0.187,0.187,0.187,,-1.259,
05-07-2026-Thu 13-18-18-PM,-3.171,-3.171,0.187,0.187,0.187,-1.259,-1.259,-1.259,-3.171,,0.187,0.187,0.187,,-1.259,
05-07-2026-Thu 13-18-20-PM,-3.205,-3.205,0.153,0.153,0.153,-1.292,-1.292,-1.292,-3.205,,0.153,0.153,0.153,,-1.292,
05-07-2026-Thu 13-18-21-PM,-3.205,-3.205,0.153,0.153,0.153,-1.359,-1.359,-1.359,-3.205,,0.153,0.153,0.153,,-1.359,
05-07-2026-Thu 13-18-22-PM,-3.239,-3.239,0.121,0.121,0.121,-1.359,-1.359,-1.359,-3.239,,0.121,0.121,0.121,,-1.359,
05-07-2026-Thu 13-18-24-PM,-3.239,-3.239,0.121,0.121,0.121,-1.359,-1.359,-1.359,-3.239,,0.121,0.121,0.121,,-1.359,
05-07-2026-Thu 13-18-25-PM,-3.239,-3.239,0.121,0.121,0.121,-1.359,-1.359,-1.359,-3.239,,0.121,0.121,0.121,,-1.359,
05-07-2026-Thu 13-18-26-PM,-3.272,-3.272,0.087,0.087,0.087,-1.393,-1.393,-1.393,-3.272,,0.087,0.087,0.087,,-1.393,
05-07-2026-Thu 13-18-28-PM,-3.306,-3.306,0.087,0.087,0.087,-1.427,-1.427,-1.427,-3.306,,0.087,0.087,0.087,,-1.427,
05-07-2026-Thu 13-18-29-PM,-3.306,-3.306,0.053,0.053,0.053,-1.427,-1.427,-1.427,-3.306,,0.053,0.053,0.053,,-1.427,
05-07-2026-Thu 13-18-31-PM,-3.339,-3.339,0.053,0.053,0.053,-1.46,-1.46,-1.46,-3.339,,0.053,0.053,0.053,,-1.46,
05-07-2026-Thu 13-18-32-PM,-3.339,-3.339,0.019,0.019,0.019,-1.427,-1.427,-1.427,-3.339,,0.019,0.019,0.019,,-1.427,
05-07-2026-Thu 13-18-35-PM,-3.104,-3.104,0.255,0.255,0.255,-1.527,-1.527,-1.527,-3.104,,0.255,0.255,0.255,,-1.527,
05-07-2026-Thu 13-18-37-PM,-3.138,-3.138,0.087,0.087,0.087,-1.527,-1.527,-1.527,-3.138,,0.087,0.087,0.087,,-1.527,
05-07-2026-Thu 13-18-38-PM,-3.205,-3.205,0.255,0.255,0.255,-1.527,-1.527,-1.527,-3.205,,0.255,0.255,0.255,,-1.527,
05-07-2026-Thu 13-18-39-PM,-3.339,-3.339,-0.05,-0.05,-0.05,-1.561,-1.561,-1.561,-3.339,,-0.05,-0.05,-0.05,,-1.561,
05-07-2026-Thu 13-18-41-PM,-3.406,-3.406,-0.05,-0.05,-0.05,-1.527,-1.527,-1.527,-3.406,,-0.05,-0.05,-0.05,,-1.527,
05-07-2026-Thu 13-18-42-PM,-3.44,-3.44,-0.084,-0.084,-0.084,-1.594,-1.594,-1.594,-3.44,,-0.084,-0.084,-0.084,,-1.594,
05-07-2026-Thu 13-18-44-PM,-3.44,-3.44,-0.084,-0.084,-0.084,-1.561,-1.561,-1.561,-3.44,,-0.084,-0.084,-0.084,,-1.561,
05-07-2026-Thu 13-18-45-PM,-3.44,-3.44,-0.117,-0.117,-0.117,-1.594,-1.594,-1.594,-3.44,,-0.117,-0.117,-0.117,,-1.594,
05-07-2026-Thu 13-18-46-PM,-3.473,-3.473,-0.151,-0.151,-0.151,-1.594,-1.594,-1.594,-3.473,,-0.151,-0.151,-0.151,,-1.594,
05-07-2026-Thu 13-18-48-PM,-3.473,-3.473,-0.185,-0.185,-0.185,-1.695,-1.695,-1.695,-3.473,,-0.185,-0.185,-0.185,,-1.695,
05-07-2026-Thu 13-18-49-PM,-3.507,-3.507,-0.185,-0.185,-0.185,-1.662,-1.662,-1.662,-3.507,,-0.185,-0.185,-0.185,,-1.662,
05-07-2026-Thu 13-18-52-PM,-3.54,-3.54,-0.185,-0.185,-0.185,-1.695,-1.695,-1.695,-3.54,,-0.185,-0.185,-0.185,,-1.695,
05-07-2026-Thu 13-18-54-PM,-3.574,-3.574,-0.218,-0.218,-0.218,-1.729,-1.729,-1.729,-3.574,,-0.218,-0.218,-0.218,,-1.729,
05-07-2026-Thu 13-18-55-PM,-3.574,-3.574,-0.252,-0.252,-0.252,-1.762,-1.762,-1.762,-3.574,,-0.252,-0.252,-0.252,,-1.762,
05-07-2026-Thu 13-18-57-PM,-3.54,-3.54,-0.252,-0.252,-0.252,-1.829,-1.829,-1.829,-3.54,,-0.252,-0.252,-0.252,,-1.829,
05-07-2026-Thu 13-18-58-PM,-3.608,-3.608,-0.285,-0.285,-0.285,-1.762,-1.762,-1.762,-3.608,,-0.285,-0.285,-0.285,,-1.762,
05-07-2026-Thu 13-19-00-PM,-3.608,-3.608,-0.285,-0.285,-0.285,-1.829,-1.829,-1.829,-3.608,,-0.285,-0.285,-0.285,,-1.829,
05-07-2026-Thu 13-19-01-PM,-3.608,-3.608,-0.319,-0.319,-0.319,-1.796,-1.796,-1.796,-3.608,,-0.319,-0.319,-0.319,,-1.796,
05-07-2026-Thu 13-19-02-PM,-3.641,-3.641,-0.319,-0.319,-0.319,-1.829,-1.829,-1.829,-3.641,,-0.319,-0.319,-0.319,,-1.829,
05-07-2026-Thu 13-19-04-PM,-3.641,-3.641,-0.352,-0.352,-0.352,-1.829,-1.829,-1.829,-3.641,,-0.352,-0.352,-0.352,,-1.829,
05-07-2026-Thu 13-19-05-PM,-3.675,-3.675,-0.352,-0.352,-0.352,-1.897,-1.897,-1.897,-3.675,,-0.352,-0.352,-0.352,,-1.897,
05-07-2026-Thu 13-19-07-PM,-3.708,-3.708,-0.352,-0.352,-0.352,-1.863,-1.863,-1.863,-3.708,,-0.352,-0.352,-0.352,,-1.863,
05-07-2026-Thu 13-19-08-PM,-3.742,-3.742,-0.386,-0.386,-0.386,-1.93,-1.93,-1.93,-3.742,,-0.386,-0.386,-0.386,,-1.93,
05-07-2026-Thu 13-19-10-PM,-3.708,-3.708,-0.42,-0.42,-0.42,-1.964,-1.964,-1.964,-3.708,,-0.42,-0.42,-0.42,,-1.964,
05-07-2026-Thu 13-19-11-PM,-3.775,-3.775,-0.42,-0.42,-0.42,-2.031,-2.031,-2.031,-3.775,,-0.42,-0.42,-0.42,,-2.031,
05-07-2026-Thu 13-19-13-PM,-3.742,-3.742,-0.453,-0.453,-0.453,-1.964,-1.964,-1.964,-3.742,,-0.453,-0.453,-0.453,,-1.964,
05-07-2026-Thu 13-19-14-PM,-3.775,-3.775,-0.487,-0.487,-0.487,-1.964,-1.964,-1.964,-3.775,,-0.487,-0.487,-0.487,,-1.964,
05-07-2026-Thu 13-19-15-PM,-3.775,-3.775,-0.487,-0.487,-0.487,-1.997,-1.997,-1.997,-3.775,,-0.487,-0.487,-0.487,,-1.997,
05-07-2026-Thu 13-19-17-PM,-3.809,-3.809,-0.52,-0.52,-0.52,-2.064,-2.064,-2.064,-3.809,,-0.52,-0.52,-0.52,,-2.064,
05-07-2026-Thu 13-19-18-PM,-3.809,-3.809,-0.52,-0.52,-0.52,-1.997,-1.997,-1.997,-3.809,,-0.52,-0.52,-0.52,,-1.997,
05-07-2026-Thu 13-19-20-PM,-3.809,-3.809,-0.52,-0.52,-0.52,-2.064,-2.064,-2.064,-3.809,,-0.52,-0.52,-0.52,,-2.064,
05-07-2026-Thu 13-19-21-PM,-3.842,-3.842,-0.52,-0.52,-0.52,-2.165,-2.165,-2.165,-3.842,,-0.52,-0.52,-0.52,,-2.165,
05-07-2026-Thu 13-19-22-PM,-3.842,-3.842,-0.554,-0.554,-0.554,-2.098,-2.098,-2.098,-3.842,,-0.554,-0.554,-0.554,,-2.098,
05-07-2026-Thu 13-19-24-PM,-3.842,-3.842,-0.554,-0.554,-0.554,-2.131,-2.131,-2.131,-3.842,,-0.554,-0.554,-0.554,,-2.131,
05-07-2026-Thu 13-19-26-PM,-3.876,-3.876,-0.588,-0.588,-0.588,-2.165,-2.165,-2.165,-3.876,,-0.588,-0.588,-0.588,,-2.165,
05-07-2026-Thu 13-19-27-PM,-3.909,-3.909,-0.655,-0.655,-0.655,-2.165,-2.165,-2.165,-3.909,,-0.655,-0.655,-0.655,,-2.165,
05-07-2026-Thu 13-19-28-PM,-3.909,-3.909,-0.621,-0.621,-0.621,-2.165,-2.165,-2.165,-3.909,,-0.621,-0.621,-0.621,,-2.165,
05-07-2026-Thu 13-19-30-PM,-3.909,-3.909,-0.655,-0.655,-0.655,-2.232,-2.232,-2.232,-3.909,,-0.655,-0.655,-0.655,,-2.232,
05-07-2026-Thu 13-19-31-PM,-3.943,-3.943,-0.688,-0.688,-0.688,-2.266,-2.266,-2.266,-3.943,,-0.688,-0.688,-0.688,,-2.266,
05-07-2026-Thu 13-19-33-PM,-3.976,-3.976,-0.688,-0.688,-0.688,-2.232,-2.232,-2.232,-3.976,,-0.688,-0.688,-0.688,,-2.232,
05-07-2026-Thu 13-19-34-PM,-3.943,-3.943,-0.688,-0.688,-0.688,-2.266,-2.266,-2.266,-3.943,,-0.688,-0.688,-0.688,,-2.266,
05-07-2026-Thu 13-19-35-PM,-3.976,-3.976,-0.722,-0.722,-0.722,-2.198,-2.198,-2.198,-3.976,,-0.722,-0.722,-0.722,,-2.198,
05-07-2026-Thu 13-19-37-PM,-3.976,-3.976,-0.755,-0.755,-0.755,-2.266,-2.266,-2.266,-3.976,,-0.755,-0.755,-0.755,,-2.266,
05-07-2026-Thu 13-19-38-PM,-4.01,-4.01,-0.755,-0.755,-0.755,-2.232,-2.232,-2.232,-4.01,,-0.755,-0.755,-0.755,,-2.232,
05-07-2026-Thu 13-19-40-PM,-4.043,-4.043,-0.755,-0.755,-0.755,-2.299,-2.299,-2.299,-4.043,,-0.755,-0.755,-0.755,,-2.299,
05-07-2026-Thu 13-19-41-PM,-4.043,-4.043,-0.789,-0.789,-0.789,-2.299,-2.299,-2.299,-4.043,,-0.789,-0.789,-0.789,,-2.299,
05-07-2026-Thu 13-19-43-PM,-4.043,-4.043,-0.789,-0.789,-0.789,-2.299,-2.299,-2.299,-4.043,,-0.789,-0.789,-0.789,,-2.299,
05-07-2026-Thu 13-19-44-PM,-4.01,-4.01,-0.822,-0.822,-0.822,-2.366,-2.366,-2.366,-4.01,,-0.822,-0.822,-0.822,,-2.366,
05-07-2026-Thu 13-19-46-PM,-4.077,-4.077,-0.822,-0.822,-0.822,-2.299,-2.299,-2.299,-4.077,,-0.822,-0.822,-0.822,,-2.299,
05-07-2026-Thu 13-19-47-PM,-4.043,-4.043,-0.856,-0.856,-0.856,-2.366,-2.366,-2.366,-4.043,,-0.856,-0.856,-0.856,,-2.366,
05-07-2026-Thu 13-19-48-PM,-4.077,-4.077,-0.856,-0.856,-0.856,-2.467,-2.467,-2.467,-4.077,,-0.856,-0.856,-0.856,,-2.467,
05-07-2026-Thu 13-19-50-PM,-4.111,-4.111,-0.856,-0.856,-0.856,-2.433,-2.433,-2.433,-4.111,,-0.856,-0.856,-0.856,,-2.433,
05-07-2026-Thu 13-19-52-PM,-4.144,-4.144,-0.89,-0.89,-0.89,-2.366,-2.366,-2.366,-4.144,,-0.89,-0.89,-0.89,,-2.366,
05-07-2026-Thu 13-19-53-PM,-4.144,-4.144,-0.89,-0.89,-0.89,-2.433,-2.433,-2.433,-4.144,,-0.89,-0.89,-0.89,,-2.433,
05-07-2026-Thu 13-19-55-PM,-4.144,-4.144,-0.923,-0.923,-0.923,-2.433,-2.433,-2.433,-4.144,,-0.923,-0.923,-0.923,,-2.433,
05-07-2026-Thu 13-19-56-PM,-4.178,-4.178,-0.957,-0.957,-0.957,-2.433,-2.433,-2.433,-4.178,,-0.957,-0.957,-0.957,,-2.433,
05-07-2026-Thu 13-19-57-PM,-4.178,-4.178,-0.957,-0.957,-0.957,-2.467,-2.467,-2.467,-4.178,,-0.957,-0.957,-0.957,,-2.467,
05-07-2026-Thu 13-19-59-PM,-4.178,-4.178,-0.99,-0.99,-0.99,-2.5,-2.5,-2.5,-4.178,,-0.99,-0.99,-0.99,,-2.5,
05-07-2026-Thu 13-20-00-PM,-4.211,-4.211,-0.99,-0.99,-0.99,-2.5,-2.5,-2.5,-4.211,,-0.99,-0.99,-0.99,,-2.5,
05-07-2026-Thu 13-20-02-PM,-4.245,-4.245,-0.99,-0.99,-0.99,-2.568,-2.568,-2.568,-4.245,,-0.99,-0.99,-0.99,,-2.568,
05-07-2026-Thu 13-20-03-PM,-4.211,-4.211,-1.024,-1.024,-1.024,-2.534,-2.534,-2.534,-4.211,,-1.024,-1.024,-1.024,,-2.534,
05-07-2026-Thu 13-20-05-PM,-4.278,-4.278,-1.024,-1.024,-1.024,-2.5,-2.5,-2.5,-4.278,,-1.024,-1.024,-1.024,,-2.5,
05-07-2026-Thu 13-20-06-PM,-4.278,-4.278,-1.057,-1.057,-1.057,-2.534,-2.534,-2.534,-4.278,,-1.057,-1.057,-1.057,,-2.534,
05-07-2026-Thu 13-20-07-PM,-4.278,-4.278,-1.057,-1.057,-1.057,-2.568,-2.568,-2.568,-4.278,,-1.057,-1.057,-1.057,,-2.568,
05-07-2026-Thu 13-20-09-PM,-4.278,-4.278,-1.091,-1.091,-1.091,-2.601,-2.601,-2.601,-4.278,,-1.091,-1.091,-1.091,,-2.601,
05-07-2026-Thu 13-20-10-PM,-4.312,-4.312,-1.091,-1.091,-1.091,-2.601,-2.601,-2.601,-4.312,,-1.091,-1.091,-1.091,,-2.601,
05-07-2026-Thu 13-20-12-PM,-4.312,-4.312,-1.091,-1.091,-1.091,-2.635,-2.635,-2.635,-4.312,,-1.091,-1.091,-1.091,,-2.635,
05-07-2026-Thu 13-20-13-PM,-4.345,-4.345,-1.125,-1.125,-1.125,-2.568,-2.568,-2.568,-4.345,,-1.125,-1.125,-1.125,,-2.568,
05-07-2026-Thu 13-20-14-PM,-4.345,-4.345,-1.158,-1.158,-1.158,-2.702,-2.702,-2.702,-4.345,,-1.158,-1.158,-1.158,,-2.702,
05-07-2026-Thu 13-20-16-PM,-4.379,-4.379,-1.158,-1.158,-1.158,-2.735,-2.735,-2.735,-4.379,,-1.158,-1.158,-1.158,,-2.735,
05-07-2026-Thu 13-20-17-PM,-4.345,-4.345,-1.192,-1.192,-1.192,-2.735,-2.735,-2.735,-4.345,,-1.192,-1.192,-1.192,,-2.735,
05-07-2026-Thu 13-20-18-PM,-4.379,-4.379,-1.225,-1.225,-1.225,-2.769,-2.769,-2.769,-4.379,,-1.225,-1.225,-1.225,,-2.769,
05-07-2026-Thu 13-20-20-PM,-4.412,-4.412,-1.225,-1.225,-1.225,-2.802,-2.802,-2.802,-4.412,,-1.225,-1.225,-1.225,,-2.802,
05-07-2026-Thu 13-20-21-PM,-4.446,-4.446,-1.259,-1.259,-1.259,-2.836,-2.836,-2.836,-4.446,,-1.259,-1.259,-1.259,,-2.836,
05-07-2026-Thu 13-20-23-PM,-4.479,-4.479,-1.259,-1.259,-1.259,-2.802,-2.802,-2.802,-4.479,,-1.259,-1.259,-1.259,,-2.802,
05-07-2026-Thu 13-20-24-PM,-4.479,-4.479,-1.292,-1.292,-1.292,-2.869,-2.869,-2.869,-4.479,,-1.292,-1.292,-1.292,,-2.869,
05-07-2026-Thu 13-20-26-PM,-4.546,-4.546,-1.326,-1.326,-1.326,-2.869,-2.869,-2.869,-4.546,,-1.326,-1.326,-1.326,,-2.869,
05-07-2026-Thu 13-20-27-PM,-4.546,-4.546,-1.359,-1.359,-1.359,-2.97,-2.97,-2.97,-4.546,,-1.359,-1.359,-1.359,,-2.97,
05-07-2026-Thu 13-20-29-PM,-4.58,-4.58,-1.427,-1.427,-1.427,-3.004,-3.004,-3.004,-4.58,,-1.427,-1.427,-1.427,,-3.004,
05-07-2026-Thu 13-20-30-PM,-4.614,-4.614,-1.427,-1.427,-1.427,-3.004,-3.004,-3.004,-4.614,,-1.427,-1.427,-1.427,,-3.004,
05-07-2026-Thu 13-20-31-PM,-4.647,-4.647,-1.427,-1.427,-1.427,-3.037,-3.037,-3.037,-4.647,,-1.427,-1.427,-1.427,,-3.037,
05-07-2026-Thu 13-20-33-PM,-4.647,-4.647,-1.46,-1.46,-1.46,-3.138,-3.138,-3.138,-4.647,,-1.46,-1.46,-1.46,,-3.138,
05-07-2026-Thu 13-20-34-PM,-4.681,-4.681,-1.527,-1.527,-1.527,-3.071,-3.071,-3.071,-4.681,,-1.527,-1.527,-1.527,,-3.071,
05-07-2026-Thu 13-20-36-PM,-4.714,-4.714,-1.527,-1.527,-1.527,-3.104,-3.104,-3.104,-4.714,,-1.527,-1.527,-1.527,,-3.104,
05-07-2026-Thu 13-20-37-PM,-4.748,-4.748,-1.561,-1.561,-1.561,-3.138,-3.138,-3.138,-4.748,,-1.561,-1.561,-1.561,,-3.138,
05-07-2026-Thu 13-20-38-PM,-4.748,-4.748,-1.594,-1.594,-1.594,-3.138,-3.138,-3.138,-4.748,,-1.594,-1.594,-1.594,,-3.138,
05-07-2026-Thu 13-20-40-PM,-4.781,-4.781,-1.628,-1.628,-1.628,-3.205,-3.205,-3.205,-4.781,,-1.628,-1.628,-1.628,,-3.205,
05-07-2026-Thu 13-20-41-PM,-4.815,-4.815,-1.662,-1.662,-1.662,-3.205,-3.205,-3.205,-4.815,,-1.662,-1.662,-1.662,,-3.205,
05-07-2026-Thu 13-20-43-PM,-4.848,-4.848,-1.695,-1.695,-1.695,-3.239,-3.239,-3.239,-4.848,,-1.695,-1.695,-1.695,,-3.239,
05-07-2026-Thu 13-20-44-PM,-4.848,-4.848,-1.729,-1.729,-1.729,-3.339,-3.339,-3.339,-4.848,,-1.729,-1.729,-1.729,,-3.339,
05-07-2026-Thu 13-20-46-PM,-4.915,-4.915,-1.729,-1.729,-1.729,-3.306,-3.306,-3.306,-4.915,,-1.729,-1.729,-1.729,,-3.306,
05-07-2026-Thu 13-20-47-PM,-4.915,-4.915,-1.762,-1.762,-1.762,-3.339,-3.339,-3.339,-4.915,,-1.762,-1.762,-1.762,,-3.339,
05-07-2026-Thu 13-20-48-PM,-4.949,-4.949,-1.796,-1.796,-1.796,-3.339,-3.339,-3.339,-4.949,,-1.796,-1.796,-1.796,,-3.339,
05-07-2026-Thu 13-20-50-PM,-4.982,-4.982,-1.829,-1.829,-1.829,-3.406,-3.406,-3.406,-4.982,,-1.829,-1.829,-1.829,,-3.406,
05-07-2026-Thu 13-20-52-PM,-5.016,-5.016,-1.863,-1.863,-1.863,-3.473,-3.473,-3.473,-5.016,,-1.863,-1.863,-1.863,,-3.473,
05-07-2026-Thu 13-20-53-PM,-5.016,-5.016,-1.897,-1.897,-1.897,-3.473,-3.473,-3.473,-5.016,,-1.897,-1.897,-1.897,,-3.473,
05-07-2026-Thu 13-20-55-PM,-5.083,-5.083,-1.897,-1.897,-1.897,-3.507,-3.507,-3.507,-5.083,,-1.897,-1.897,-1.897,,-3.507,
05-07-2026-Thu 13-20-56-PM,-5.083,-5.083,-1.93,-1.93,-1.93,-3.574,-3.574,-3.574,-5.083,,-1.93,-1.93,-1.93,,-3.574,
05-07-2026-Thu 13-20-57-PM,-5.083,-5.083,-1.964,-1.964,-1.964,-3.54,-3.54,-3.54,-5.083,,-1.964,-1.964,-1.964,,-3.54,
05-07-2026-Thu 13-20-59-PM,-4.949,-4.949,-1.863,-1.863,-1.863,-3.574,-3.574,-3.574,-4.949,,-1.863,-1.863,-1.863,,-3.574,
05-07-2026-Thu 13-21-00-PM,-5.016,-5.016,-2.031,-2.031,-2.031,-3.608,-3.608,-3.608,-5.016,,-2.031,-2.031,-2.031,,-3.608,
05-07-2026-Thu 13-21-02-PM,-5.15,-5.15,-1.997,-1.997,-1.997,-3.641,-3.641,-3.641,-5.15,,-1.997,-1.997,-1.997,,-3.641,
05-07-2026-Thu 13-21-03-PM,-4.949,-4.949,-1.93,-1.93,-1.93,-3.608,-3.608,-3.608,-4.949,,-1.93,-1.93,-1.93,,-3.608,
05-07-2026-Thu 13-21-04-PM,-5.116,-5.116,-1.93,-1.93,-1.93,-3.675,-3.675,-3.675,-5.116,,-1.93,-1.93,-1.93,,-3.675,
05-07-2026-Thu 13-21-06-PM,-5.284,-5.284,-2.098,-2.098,-2.098,-3.708,-3.708,-3.708,-5.284,,-2.098,-2.098,-2.098,,-3.708,
05-07-2026-Thu 13-21-07-PM,-5.284,-5.284,-2.131,-2.131,-2.131,-3.708,-3.708,-3.708,-5.284,,-2.131,-2.131,-2.131,,-3.708,
05-07-2026-Thu 13-21-08-PM,-5.318,-5.318,-2.165,-2.165,-2.165,-3.775,-3.775,-3.775,-5.318,,-2.165,-2.165,-2.165,,-3.775,
05-07-2026-Thu 13-21-10-PM,-5.351,-5.351,-2.198,-2.198,-2.198,-3.775,-3.775,-3.775,-5.351,,-2.198,-2.198,-2.198,,-3.775,
05-07-2026-Thu 13-21-11-PM,-5.351,-5.351,-2.232,-2.232,-2.232,-3.775,-3.775,-3.775,-5.351,,-2.232,-2.232,-2.232,,-3.775,
05-07-2026-Thu 13-21-13-PM,-5.385,-5.385,-2.266,-2.266,-2.266,-3.809,-3.809,-3.809,-5.385,,-2.266,-2.266,-2.266,,-3.809,
05-07-2026-Thu 13-21-14-PM,-5.385,-5.385,-2.266,-2.266,-2.266,-3.809,-3.809,-3.809,-5.385,,-2.266,-2.266,-2.266,,-3.809,
05-07-2026-Thu 13-21-15-PM,-5.418,-5.418,-2.299,-2.299,-2.299,-3.842,-3.842,-3.842,-5.418,,-2.299,-2.299,-2.299,,-3.842,
05-07-2026-Thu 13-21-17-PM,-5.452,-5.452,-2.299,-2.299,-2.299,-3.909,-3.909,-3.909,-5.452,,-2.299,-2.299,-2.299,,-3.909,
05-07-2026-Thu 13-21-18-PM,-5.485,-5.485,-2.4,-2.4,-2.4,-3.909,-3.909,-3.909,-5.485,,-2.4,-2.4,-2.4,,-3.909,
05-07-2026-Thu 13-21-20-PM,-5.485,-5.485,-2.4,-2.4,-2.4,-3.909,-3.909,-3.909,-5.485,,-2.4,-2.4,-2.4,,-3.909,
05-07-2026-Thu 13-21-21-PM,-5.552,-5.552,-2.4,-2.4,-2.4,-3.909,-3.909,-3.909,-5.552,,-2.4,-2.4,-2.4,,-3.909,
05-07-2026-Thu 13-21-22-PM,-5.552,-5.552,-2.433,-2.433,-2.433,-3.976,-3.976,-3.976,-5.552,,-2.433,-2.433,-2.433,,-3.976,
05-07-2026-Thu 13-21-24-PM,-5.586,-5.586,-2.467,-2.467,-2.467,-3.976,-3.976,-3.976,-5.586,,-2.467,-2.467,-2.467,,-3.976,
05-07-2026-Thu 13-21-25-PM,-5.619,-5.619,-2.534,-2.534,-2.534,-4.01,-4.01,-4.01,-5.619,,-2.534,-2.534,-2.534,,-4.01,
05-07-2026-Thu 13-21-27-PM,-5.653,-5.653,-2.534,-2.534,-2.534,-4.043,-4.043,-4.043,-5.653,,-2.534,-2.534,-2.534,,-4.043,
05-07-2026-Thu 13-21-28-PM,-5.653,-5.653,-2.568,-2.568,-2.568,-4.077,-4.077,-4.077,-5.653,,-2.568,-2.568,-2.568,,-4.077,
05-07-2026-Thu 13-21-29-PM,-5.686,-5.686,-2.601,-2.601,-2.601,-4.111,-4.111,-4.111,-5.686,,-2.601,-2.601,-2.601,,-4.111,
05-07-2026-Thu 13-21-31-PM,-5.753,-5.753,-2.635,-2.635,-2.635,-4.144,-4.144,-4.144,-5.753,,-2.635,-2.635,-2.635,,-4.144,
05-07-2026-Thu 13-21-32-PM,-5.753,-5.753,-2.635,-2.635,-2.635,-4.111,-4.111,-4.111,-5.753,,-2.635,-2.635,-2.635,,-4.111,
05-07-2026-Thu 13-21-34-PM,-5.787,-5.787,-2.668,-2.668,-2.668,-4.211,-4.211,-4.211,-5.787,,-2.668,-2.668,-2.668,,-4.211,
05-07-2026-Thu 13-21-35-PM,-5.82,-5.82,-2.702,-2.702,-2.702,-4.178,-4.178,-4.178,-5.82,,-2.702,-2.702,-2.702,,-4.178,
05-07-2026-Thu 13-21-37-PM,-5.82,-5.82,-2.735,-2.735,-2.735,-4.211,-4.211,-4.211,-5.82,,-2.735,-2.735,-2.735,,-4.211,
05-07-2026-Thu 13-21-38-PM,-5.887,-5.887,-2.769,-2.769,-2.769,-4.211,-4.211,-4.211,-5.887,,-2.769,-2.769,-2.769,,-4.211,
05-07-2026-Thu 13-21-40-PM,-5.887,-5.887,-2.802,-2.802,-2.802,-4.278,-4.278,-4.278,-5.887,,-2.802,-2.802,-2.802,,-4.278,
05-07-2026-Thu 13-21-41-PM,-5.921,-5.921,-2.836,-2.836,-2.836,-4.278,-4.278,-4.278,-5.921,,-2.836,-2.836,-2.836,,-4.278,
05-07-2026-Thu 13-21-42-PM,-5.954,-5.954,-2.836,-2.836,-2.836,-4.345,-4.345,-4.345,-5.954,,-2.836,-2.836,-2.836,,-4.345,
05-07-2026-Thu 13-21-44-PM,-5.988,-5.988,-2.869,-2.869,-2.869,-4.312,-4.312,-4.312,-5.988,,-2.869,-2.869,-2.869,,-4.312,
05-07-2026-Thu 13-21-45-PM,-5.988,-5.988,-2.903,-2.903,-2.903,-4.345,-4.345,-4.345,-5.988,,-2.903,-2.903,-2.903,,-4.345,
05-07-2026-Thu 13-21-47-PM,-6.022,-6.022,-2.937,-2.937,-2.937,-4.446,-4.446,-4.446,-6.022,,-2.937,-2.937,-2.937,,-4.446,
05-07-2026-Thu 13-21-48-PM,-6.055,-6.055,-2.97,-2.97,-2.97,-4.379,-4.379,-4.379,-6.055,,-2.97,-2.97,-2.97,,-4.379,
05-07-2026-Thu 13-21-49-PM,-6.122,-6.122,-2.97,-2.97,-2.97,-4.412,-4.412,-4.412,-6.122,,-2.97,-2.97,-2.97,,-4.412,
05-07-2026-Thu 13-21-51-PM,-6.122,-6.122,-3.004,-3.004,-3.004,-4.446,-4.446,-4.446,-6.122,,-3.004,-3.004,-3.004,,-4.446,
05-07-2026-Thu 13-21-52-PM,-6.122,-6.122,-3.004,-3.004,-3.004,-4.479,-4.479,-4.479,-6.122,,-3.004,-3.004,-3.004,,-4.479,
05-07-2026-Thu 13-21-54-PM,-5.954,-5.954,-2.802,-2.802,-2.802,-4.513,-4.513,-4.513,-5.954,,-2.802,-2.802,-2.802,,-4.513,
05-07-2026-Thu 13-21-55-PM,-5.954,-5.954,-2.903,-2.903,-2.903,-4.513,-4.513,-4.513,-5.954,,-2.903,-2.903,-2.903,,-4.513,
05-07-2026-Thu 13-21-56-PM,-6.055,-6.055,-2.802,-2.802,-2.802,-4.546,-4.546,-4.546,-6.055,,-2.802,-2.802,-2.802,,-4.546,
05-07-2026-Thu 13-21-58-PM,-6.022,-6.022,-3.138,-3.138,-3.138,-4.58,-4.58,-4.58,-6.022,,-3.138,-3.138,-3.138,,-4.58,
05-07-2026-Thu 13-21-59-PM,-6.256,-6.256,-2.903,-2.903,-2.903,-4.58,-4.58,-4.58,-6.256,,-2.903,-2.903,-2.903,,-4.58,
05-07-2026-Thu 13-22-01-PM,-6.189,-6.189,-2.836,-2.836,-2.836,-4.647,-4.647,-4.647,-6.189,,-2.836,-2.836,-2.836,,-4.647,
05-07-2026-Thu 13-22-02-PM,-6.055,-6.055,-2.937,-2.937,-2.937,-4.614,-4.614,-4.614,-6.055,,-2.937,-2.937,-2.937,,-4.614,
05-07-2026-Thu 13-22-03-PM,-6.323,-6.323,-3.205,-3.205,-3.205,-4.681,-4.681,-4.681,-6.323,,-3.205,-3.205,-3.205,,-4.681,
05-07-2026-Thu 13-22-05-PM,-6.323,-6.323,-3.239,-3.239,-3.239,-4.681,-4.681,-4.681,-6.323,,-3.239,-3.239,-3.239,,-4.681,
05-07-2026-Thu 13-22-06-PM,-6.357,-6.357,-3.239,-3.239,-3.239,-4.647,-4.647,-4.647,-6.357,,-3.239,-3.239,-3.239,,-4.647,
05-07-2026-Thu 13-22-08-PM,-6.39,-6.39,-3.272,-3.272,-3.272,-4.714,-4.714,-4.714,-6.39,,-3.272,-3.272,-3.272,,-4.714,
05-07-2026-Thu 13-22-09-PM,-6.39,-6.39,-3.306,-3.306,-3.306,-4.748,-4.748,-4.748,-6.39,,-3.306,-3.306,-3.306,,-4.748,
05-07-2026-Thu 13-22-10-PM,-6.424,-6.424,-3.306,-3.306,-3.306,-4.748,-4.748,-4.748,-6.424,,-3.306,-3.306,-3.306,,-4.748,
05-07-2026-Thu 13-22-12-PM,-6.457,-6.457,-3.373,-3.373,-3.373,-4.748,-4.748,-4.748,-6.457,,-3.373,-3.373,-3.373,,-4.748,
05-07-2026-Thu 13-22-13-PM,-6.491,-6.491,-3.373,-3.373,-3.373,-4.815,-4.815,-4.815,-6.491,,-3.373,-3.373,-3.373,,-4.815,
05-07-2026-Thu 13-22-14-PM,-6.491,-6.491,-3.406,-3.406,-3.406,-4.848,-4.848,-4.848,-6.491,,-3.406,-3.406,-3.406,,-4.848,
05-07-2026-Thu 13-22-16-PM,-6.491,-6.491,-3.473,-3.473,-3.473,-4.815,-4.815,-4.815,-6.491,,-3.473,-3.473,-3.473,,-4.815,
05-07-2026-Thu 13-22-17-PM,-6.558,-6.558,-3.473,-3.473,-3.473,-4.848,-4.848,-4.848,-6.558,,-3.473,-3.473,-3.473,,-4.848,
05-07-2026-Thu 13-22-19-PM,-6.558,-6.558,-3.473,-3.473,-3.473,-4.848,-4.848,-4.848,-6.558,,-3.473,-3.473,-3.473,,-4.848,
05-07-2026-Thu 13-22-20-PM,-6.591,-6.591,-3.473,-3.473,-3.473,-4.915,-4.915,-4.915,-6.591,,-3.473,-3.473,-3.473,,-4.915,
05-07-2026-Thu 13-22-21-PM,-6.591,-6.591,-3.54,-3.54,-3.54,-4.949,-4.949,-4.949,-6.591,,-3.54,-3.54,-3.54,,-4.949,
05-07-2026-Thu 13-22-23-PM,-6.625,-6.625,-3.574,-3.574,-3.574,-4.949,-4.949,-4.949,-6.625,,-3.574,-3.574,-3.574,,-4.949,
05-07-2026-Thu 13-22-24-PM,-6.625,-6.625,-3.574,-3.574,-3.574,-5.016,-5.016,-5.016,-6.625,,-3.574,-3.574,-3.574,,-5.016,
05-07-2026-Thu 13-22-26-PM,-6.692,-6.692,-3.574,-3.574,-3.574,-4.982,-4.982,-4.982,-6.692,,-3.574,-3.574,-3.574,,-4.982,
05-07-2026-Thu 13-22-27-PM,-6.692,-6.692,-3.641,-3.641,-3.641,-5.016,-5.016,-5.016,-6.692,,-3.641,-3.641,-3.641,,-5.016,
05-07-2026-Thu 13-22-28-PM,-6.692,-6.692,-3.641,-3.641,-3.641,-5.116,-5.116,-5.116,-6.692,,-3.641,-3.641,-3.641,,-5.116,
05-07-2026-Thu 13-22-30-PM,-6.759,-6.759,-3.708,-3.708,-3.708,-5.083,-5.083,-5.083,-6.759,,-3.708,-3.708,-3.708,,-5.083,
05-07-2026-Thu 13-22-31-PM,-6.759,-6.759,-3.675,-3.675,-3.675,-5.083,-5.083,-5.083,-6.759,,-3.675,-3.675,-3.675,,-5.083,
05-07-2026-Thu 13-22-33-PM,-6.792,-6.792,-3.708,-3.708,-3.708,-5.15,-5.15,-5.15,-6.792,,-3.708,-3.708,-3.708,,-5.15,
05-07-2026-Thu 13-22-34-PM,-6.792,-6.792,-3.742,-3.742,-3.742,-5.15,-5.15,-5.15,-6.792,,-3.742,-3.742,-3.742,,-5.15,
05-07-2026-Thu 13-22-35-PM,-6.826,-6.826,-3.742,-3.742,-3.742,-5.184,-5.184,-5.184,-6.826,,-3.742,-3.742,-3.742,,-5.184,
05-07-2026-Thu 13-22-37-PM,-6.826,-6.826,-3.809,-3.809,-3.809,-5.15,-5.15,-5.15,-6.826,,-3.809,-3.809,-3.809,,-5.15,
05-07-2026-Thu 13-22-38-PM,-6.591,-6.591,-3.608,-3.608,-3.608,-5.217,-5.217,-5.217,-6.591,,-3.608,-3.608,-3.608,,-5.217,
05-07-2026-Thu 13-22-39-PM,-6.725,-6.725,-3.708,-3.708,-3.708,-5.251,-5.251,-5.251,-6.725,,-3.708,-3.708,-3.708,,-5.251,
05-07-2026-Thu 13-22-41-PM,-6.759,-6.759,-3.876,-3.876,-3.876,-5.217,-5.217,-5.217,-6.759,,-3.876,-3.876,-3.876,,-5.217,
05-07-2026-Thu 13-22-42-PM,-6.424,-6.424,-3.574,-3.574,-3.574,-5.184,-5.184,-5.184,-6.424,,-3.574,-3.574,-3.574,,-5.184,
05-07-2026-Thu 13-22-44-PM,-6.725,-6.725,-3.742,-3.742,-3.742,-5.284,-5.284,-5.284,-6.725,,-3.742,-3.742,-3.742,,-5.284,
05-07-2026-Thu 13-22-45-PM,-6.792,-6.792,-3.742,-3.742,-3.742,-5.284,-5.284,-5.284,-6.792,,-3.742,-3.742,-3.742,,-5.284,
05-07-2026-Thu 13-22-46-PM,-7.094,-7.094,-3.809,-3.809,-3.809,-5.318,-5.318,-5.318,-7.094,,-3.809,-3.809,-3.809,,-5.318,
05-07-2026-Thu 13-22-48-PM,-6.759,-6.759,-3.708,-3.708,-3.708,-5.318,-5.318,-5.318,-6.759,,-3.708,-3.708,-3.708,,-5.318,
05-07-2026-Thu 13-22-49-PM,-6.926,-6.926,-3.976,-3.976,-3.976,-5.351,-5.351,-5.351,-6.926,,-3.976,-3.976,-3.976,,-5.351,
05-07-2026-Thu 13-22-51-PM,-7.027,-7.027,-3.976,-3.976,-3.976,-5.385,-5.385,-5.385,-7.027,,-3.976,-3.976,-3.976,,-5.385,
05-07-2026-Thu 13-22-52-PM,-7.027,-7.027,-4.01,-4.01,-4.01,-5.385,-5.385,-5.385,-7.027,,-4.01,-4.01,-4.01,,-5.385,
05-07-2026-Thu 13-22-53-PM,-7.06,-7.06,-4.043,-4.043,-4.043,-5.418,-5.418,-5.418,-7.06,,-4.043,-4.043,-4.043,,-5.418,
05-07-2026-Thu 13-22-55-PM,-7.094,-7.094,-4.043,-4.043,-4.043,-5.418,-5.418,-5.418,-7.094,,-4.043,-4.043,-4.043,,-5.418,
05-07-2026-Thu 13-22-56-PM,-7.094,-7.094,-4.077,-4.077,-4.077,-5.452,-5.452,-5.452,-7.094,,-4.077,-4.077,-4.077,,-5.452,
05-07-2026-Thu 13-22-58-PM,-7.094,-7.094,-4.111,-4.111,-4.111,-5.418,-5.418,-5.418,-7.094,,-4.111,-4.111,-4.111,,-5.418,
05-07-2026-Thu 13-22-59-PM,-7.127,-7.127,-4.111,-4.111,-4.111,-5.485,-5.485,-5.485,-7.127,,-4.111,-4.111,-4.111,,-5.485,
05-07-2026-Thu 13-23-00-PM,-7.161,-7.161,-4.111,-4.111,-4.111,-5.452,-5.452,-5.452,-7.161,,-4.111,-4.111,-4.111,,-5.452,
05-07-2026-Thu 13-23-02-PM,-7.194,-7.194,-4.144,-4.144,-4.144,-5.519,-5.519,-5.519,-7.194,,-4.144,-4.144,-4.144,,-5.519,
05-07-2026-Thu 13-23-04-PM,-7.194,-7.194,-4.211,-4.211,-4.211,-5.586,-5.586,-5.586,-7.194,,-4.211,-4.211,-4.211,,-5.586,
05-07-2026-Thu 13-23-06-PM,-7.228,-7.228,-4.211,-4.211,-4.211,-5.519,-5.519,-5.519,-7.228,,-4.211,-4.211,-4.211,,-5.519,
05-07-2026-Thu 13-23-09-PM,-7.228,-7.228,-4.245,-4.245,-4.245,-5.653,-5.653,-5.653,-7.228,,-4.245,-4.245,-4.245,,-5.653,
05-07-2026-Thu 13-23-12-PM,-7.295,-7.295,-4.312,-4.312,-4.312,-5.619,-5.619,-5.619,-7.295,,-4.312,-4.312,-4.312,,-5.619,
05-07-2026-Thu 13-23-15-PM,-7.328,-7.328,-4.312,-4.312,-4.312,-5.72,-5.72,-5.72,-7.328,,-4.312,-4.312,-4.312,,-5.72,
05-07-2026-Thu 13-23-18-PM,-7.395,-7.395,-4.379,-4.379,-4.379,-5.753,-5.753,-5.753,-7.395,,-4.379,-4.379,-4.379,,-5.753,
05-07-2026-Thu 13-23-19-PM,-7.395,-7.395,-4.412,-4.412,-4.412,-5.82,-5.82,-5.82,-7.395,,-4.412,-4.412,-4.412,,-5.82,
05-07-2026-Thu 13-23-21-PM,-7.429,-7.429,-4.446,-4.446,-4.446,-5.854,-5.854,-5.854,-7.429,,-4.446,-4.446,-4.446,,-5.854,
05-07-2026-Thu 13-23-22-PM,-7.462,-7.462,-4.479,-4.479,-4.479,-5.854,-5.854,-5.854,-7.462,,-4.479,-4.479,-4.479,,-5.854,
05-07-2026-Thu 13-23-24-PM,-7.462,-7.462,-4.479,-4.479,-4.479,-5.82,-5.82,-5.82,-7.462,,-4.479,-4.479,-4.479,,-5.82,
05-07-2026-Thu 13-23-25-PM,-7.462,-7.462,-4.479,-4.479,-4.479,-5.854,-5.854,-5.854,-7.462,,-4.479,-4.479,-4.479,,-5.854,
05-07-2026-Thu 13-23-27-PM,-7.529,-7.529,-4.513,-4.513,-4.513,-5.954,-5.954,-5.954,-7.529,,-4.513,-4.513,-4.513,,-5.954,
05-07-2026-Thu 13-23-28-PM,-7.529,-7.529,-4.546,-4.546,-4.546,-5.921,-5.921,-5.921,-7.529,,-4.546,-4.546,-4.546,,-5.921,
05-07-2026-Thu 13-23-29-PM,-7.563,-7.563,-4.58,-4.58,-4.58,-5.954,-5.954,-5.954,-7.563,,-4.58,-4.58,-4.58,,-5.954,
05-07-2026-Thu 13-23-31-PM,-7.563,-7.563,-4.614,-4.614,-4.614,-5.954,-5.954,-5.954,-7.563,,-4.614,-4.614,-4.614,,-5.954,
05-07-2026-Thu 13-23-32-PM,-7.596,-7.596,-4.614,-4.614,-4.614,-6.022,-6.022,-6.022,-7.596,,-4.614,-4.614,-4.614,,-6.022,
05-07-2026-Thu 13-23-34-PM,-7.63,-7.63,-4.614,-4.614,-4.614,-6.022,-6.022,-6.022,-7.63,,-4.614,-4.614,-4.614,,-6.022,
05-07-2026-Thu 13-23-35-PM,-7.63,-7.63,-4.647,-4.647,-4.647,-6.055,-6.055,-6.055,-7.63,,-4.647,-4.647,-4.647,,-6.055,
05-07-2026-Thu 13-23-36-PM,-7.63,-7.63,-4.647,-4.647,-4.647,-5.988,-5.988,-5.988,-7.63,,-4.647,-4.647,-4.647,,-5.988,
05-07-2026-Thu 13-23-38-PM,-7.663,-7.663,-4.681,-4.681,-4.681,-6.055,-6.055,-6.055,-7.663,,-4.681,-4.681,-4.681,,-6.055,
05-07-2026-Thu 13-23-39-PM,-7.663,-7.663,-4.714,-4.714,-4.714,-6.089,-6.089,-6.089,-7.663,,-4.714,-4.714,-4.714,,-6.089,
05-07-2026-Thu 13-23-41-PM,-7.697,-7.697,-4.748,-4.748,-4.748,-6.089,-6.089,-6.089,-7.697,,-4.748,-4.748,-4.748,,-6.089,
05-07-2026-Thu 13-23-42-PM,-7.697,-7.697,-4.748,-4.748,-4.748,-6.122,-6.122,-6.122,-7.697,,-4.748,-4.748,-4.748,,-6.122,
05-07-2026-Thu 13-23-44-PM,-7.764,-7.764,-4.714,-4.714,-4.714,-6.122,-6.122,-6.122,-7.764,,-4.714,-4.714,-4.714,,-6.122,
05-07-2026-Thu 13-23-45-PM,-7.764,-7.764,-4.815,-4.815,-4.815,-6.089,-6.089,-6.089,-7.764,,-4.815,-4.815,-4.815,,-6.089,
05-07-2026-Thu 13-23-47-PM,-7.764,-7.764,-4.815,-4.815,-4.815,-6.189,-6.189,-6.189,-7.764,,-4.815,-4.815,-4.815,,-6.189,
05-07-2026-Thu 13-23-48-PM,-7.797,-7.797,-4.848,-4.848,-4.848,-6.223,-6.223,-6.223,-7.797,,-4.848,-4.848,-4.848,,-6.223,
05-07-2026-Thu 13-23-49-PM,-7.797,-7.797,-4.848,-4.848,-4.848,-6.189,-6.189,-6.189,-7.797,,-4.848,-4.848,-4.848,,-6.189,
05-07-2026-Thu 13-23-51-PM,-7.831,-7.831,-4.848,-4.848,-4.848,-6.156,-6.156,-6.156,-7.831,,-4.848,-4.848,-4.848,,-6.156,
05-07-2026-Thu 13-23-52-PM,-7.831,-7.831,-4.882,-4.882,-4.882,-6.256,-6.256,-6.256,-7.831,,-4.882,-4.882,-4.882,,-6.256,
05-07-2026-Thu 13-23-54-PM,-7.864,-7.864,-4.915,-4.915,-4.915,-6.189,-6.189,-6.189,-7.864,,-4.915,-4.915,-4.915,,-6.189,
05-07-2026-Thu 13-23-55-PM,-7.898,-7.898,-4.949,-4.949,-4.949,-6.256,-6.256,-6.256,-7.898,,-4.949,-4.949,-4.949,,-6.256,
05-07-2026-Thu 13-23-57-PM,-7.864,-7.864,-4.949,-4.949,-4.949,-6.29,-6.29,-6.29,-7.864,,-4.949,-4.949,-4.949,,-6.29,
05-07-2026-Thu 13-23-58-PM,-7.898,-7.898,-4.982,-4.982,-4.982,-6.323,-6.323,-6.323,-7.898,,-4.982,-4.982,-4.982,,-6.323,
05-07-2026-Thu 13-23-59-PM,-7.931,-7.931,-4.982,-4.982,-4.982,-6.323,-6.323,-6.323,-7.931,,-4.982,-4.982,-4.982,,-6.323,
05-07-2026-Thu 13-24-01-PM,-7.931,-7.931,-5.016,-5.016,-5.016,-6.323,-6.323,-6.323,-7.931,,-5.016,-5.016,-5.016,,-6.323,
05-07-2026-Thu 13-24-02-PM,-7.931,-7.931,-5.016,-5.016,-5.016,-6.357,-6.357,-6.357,-7.931,,-5.016,-5.016,-5.016,,-6.357,
05-07-2026-Thu 13-24-04-PM,-7.965,-7.965,-5.049,-5.049,-5.049,-6.357,-6.357,-6.357,-7.965,,-5.049,-5.049,-5.049,,-6.357,
05-07-2026-Thu 13-24-05-PM,-7.998,-7.998,-5.049,-5.049,-5.049,-6.357,-6.357,-6.357,-7.998,,-5.049,-5.049,-5.049,,-6.357,
05-07-2026-Thu 13-24-06-PM,-7.898,-7.898,-5.083,-5.083,-5.083,-6.424,-6.424,-6.424,-7.898,,-5.083,-5.083,-5.083,,-6.424,
05-07-2026-Thu 13-24-08-PM,-7.831,-7.831,-4.949,-4.949,-4.949,-6.457,-6.457,-6.457,-7.831,,-4.949,-4.949,-4.949,,-6.457,
05-07-2026-Thu 13-24-09-PM,-7.864,-7.864,-4.882,-4.882,-4.882,-6.491,-6.491,-6.491,-7.864,,-4.882,-4.882,-4.882,,-6.491,
05-07-2026-Thu 13-24-11-PM,-8.166,-8.166,-4.949,-4.949,-4.949,-6.457,-6.457,-6.457,-8.166,,-4.949,-4.949,-4.949,,-6.457,
05-07-2026-Thu 13-24-12-PM,-7.998,-7.998,-4.882,-4.882,-4.882,-6.524,-6.524,-6.524,-7.998,,-4.882,-4.882,-4.882,,-6.524,
05-07-2026-Thu 13-24-13-PM,-7.931,-7.931,-5.217,-5.217,-5.217,-6.524,-6.524,-6.524,-7.931,,-5.217,-5.217,-5.217,,-6.524,
05-07-2026-Thu 13-24-15-PM,-8.132,-8.132,-5.15,-5.15,-5.15,-6.524,-6.524,-6.524,-8.132,,-5.15,-5.15,-5.15,,-6.524,
05-07-2026-Thu 13-24-16-PM,-8.132,-8.132,-5.184,-5.184,-5.184,-6.558,-6.558,-6.558,-8.132,,-5.184,-5.184,-5.184,,-6.558,
05-07-2026-Thu 13-24-18-PM,-8.166,-8.166,-5.217,-5.217,-5.217,-6.524,-6.524,-6.524,-8.166,,-5.217,-5.217,-5.217,,-6.524,
05-07-2026-Thu 13-24-19-PM,-8.132,-8.132,-5.251,-5.251,-5.251,-6.558,-6.558,-6.558,-8.132,,-5.251,-5.251,-5.251,,-6.558,
05-07-2026-Thu 13-24-20-PM,-8.166,-8.166,-5.251,-5.251,-5.251,-6.591,-6.591,-6.591,-8.166,,-5.251,-5.251,-5.251,,-6.591,
05-07-2026-Thu 13-24-22-PM,-8.166,-8.166,-5.284,-5.284,-5.284,-6.558,-6.558,-6.558,-8.166,,-5.284,-5.284,-5.284,,-6.558,
05-07-2026-Thu 13-24-23-PM,-8.166,-8.166,-5.284,-5.284,-5.284,-6.591,-6.591,-6.591,-8.166,,-5.284,-5.284,-5.284,,-6.591,
05-07-2026-Thu 13-24-24-PM,-8.199,-8.199,-5.284,-5.284,-5.284,-6.591,-6.591,-6.591,-8.199,,-5.284,-5.284,-5.284,,-6.591,
05-07-2026-Thu 13-24-26-PM,-8.233,-8.233,-5.318,-5.318,-5.318,-6.591,-6.591,-6.591,-8.233,,-5.318,-5.318,-5.318,,-6.591,
05-07-2026-Thu 13-24-27-PM,-8.233,-8.233,-5.318,-5.318,-5.318,-6.692,-6.692,-6.692,-8.233,,-5.318,-5.318,-5.318,,-6.692,
05-07-2026-Thu 13-24-29-PM,-8.266,-8.266,-5.351,-5.351,-5.351,-6.658,-6.658,-6.658,-8.266,,-5.351,-5.351,-5.351,,-6.658,
05-07-2026-Thu 13-24-30-PM,-8.266,-8.266,-5.385,-5.385,-5.385,-6.658,-6.658,-6.658,-8.266,,-5.385,-5.385,-5.385,,-6.658,
05-07-2026-Thu 13-24-32-PM,-8.266,-8.266,-5.418,-5.418,-5.418,-6.692,-6.692,-6.692,-8.266,,-5.418,-5.418,-5.418,,-6.692,
05-07-2026-Thu 13-24-33-PM,-8.3,-8.3,-5.418,-5.418,-5.418,-6.658,-6.658,-6.658,-8.3,,-5.418,-5.418,-5.418,,-6.658,
05-07-2026-Thu 13-24-35-PM,-8.333,-8.333,-5.418,-5.418,-5.418,-6.725,-6.725,-6.725,-8.333,,-5.418,-5.418,-5.418,,-6.725,
05-07-2026-Thu 13-24-36-PM,-8.333,-8.333,-5.485,-5.485,-5.485,-6.759,-6.759,-6.759,-8.333,,-5.485,-5.485,-5.485,,-6.759,
05-07-2026-Thu 13-24-37-PM,-8.367,-8.367,-5.452,-5.452,-5.452,-6.759,-6.759,-6.759,-8.367,,-5.452,-5.452,-5.452,,-6.759,
05-07-2026-Thu 13-24-39-PM,-8.367,-8.367,-5.485,-5.485,-5.485,-6.759,-6.759,-6.759,-8.367,,-5.485,-5.485,-5.485,,-6.759,
05-07-2026-Thu 13-24-40-PM,-8.4,-8.4,-5.485,-5.485,-5.485,-6.859,-6.859,-6.859,-8.4,,-5.485,-5.485,-5.485,,-6.859,
05-07-2026-Thu 13-24-42-PM,-8.4,-8.4,-5.519,-5.519,-5.519,-6.826,-6.826,-6.826,-8.4,,-5.519,-5.519,-5.519,,-6.826,
05-07-2026-Thu 13-24-43-PM,-8.434,-8.434,-5.552,-5.552,-5.552,-6.826,-6.826,-6.826,-8.434,,-5.552,-5.552,-5.552,,-6.826,
05-07-2026-Thu 13-24-44-PM,-8.434,-8.434,-5.552,-5.552,-5.552,-6.792,-6.792,-6.792,-8.434,,-5.552,-5.552,-5.552,,-6.792,
05-07-2026-Thu 13-24-46-PM,-8.467,-8.467,-5.586,-5.586,-5.586,-6.826,-6.826,-6.826,-8.467,,-5.586,-5.586,-5.586,,-6.826,
05-07-2026-Thu 13-24-47-PM,-8.434,-8.434,-5.586,-5.586,-5.586,-6.893,-6.893,-6.893,-8.434,,-5.586,-5.586,-5.586,,-6.893,
05-07-2026-Thu 13-24-49-PM,-8.467,-8.467,-5.619,-5.619,-5.619,-6.893,-6.893,-6.893,-8.467,,-5.619,-5.619,-5.619,,-6.893,
05-07-2026-Thu 13-24-50-PM,-8.501,-8.501,-5.619,-5.619,-5.619,-6.926,-6.926,-6.926,-8.501,,-5.619,-5.619,-5.619,,-6.926,
05-07-2026-Thu 13-24-51-PM,-8.534,-8.534,-5.619,-5.619,-5.619,-6.926,-6.926,-6.926,-8.534,,-5.619,-5.619,-5.619,,-6.926,
05-07-2026-Thu 13-24-53-PM,-8.534,-8.534,-5.686,-5.686,-5.686,-6.926,-6.926,-6.926,-8.534,,-5.686,-5.686,-5.686,,-6.926,
05-07-2026-Thu 13-24-54-PM,-8.534,-8.534,-5.686,-5.686,-5.686,-6.96,-6.96,-6.96,-8.534,,-5.686,-5.686,-5.686,,-6.96,
05-07-2026-Thu 13-24-55-PM,-8.534,-8.534,-5.686,-5.686,-5.686,-6.926,-6.926,-6.926,-8.534,,-5.686,-5.686,-5.686,,-6.926,
05-07-2026-Thu 13-24-57-PM,-8.568,-8.568,-5.686,-5.686,-5.686,-7.027,-7.027,-7.027,-8.568,,-5.686,-5.686,-5.686,,-7.027,
05-07-2026-Thu 13-24-58-PM,-8.601,-8.601,-5.72,-5.72,-5.72,-7.027,-7.027,-7.027,-8.601,,-5.72,-5.72,-5.72,,-7.027,
05-07-2026-Thu 13-25-00-PM,-8.601,-8.601,-5.753,-5.753,-5.753,-6.993,-6.993,-6.993,-8.601,,-5.753,-5.753,-5.753,,-6.993,
05-07-2026-Thu 13-25-01-PM,-8.601,-8.601,-5.753,-5.753,-5.753,-6.993,-6.993,-6.993,-8.601,,-5.753,-5.753,-5.753,,-6.993,
05-07-2026-Thu 13-25-04-PM,-8.635,-8.635,-5.753,-5.753,-5.753,-7.06,-7.06,-7.06,-8.635,,-5.753,-5.753,-5.753,,-7.06,
05-07-2026-Thu 13-25-07-PM,-8.668,-8.668,-5.787,-5.787,-5.787,-7.094,-7.094,-7.094,-8.668,,-5.787,-5.787,-5.787,,-7.094,
05-07-2026-Thu 13-25-09-PM,-8.702,-8.702,-5.82,-5.82,-5.82,-7.127,-7.127,-7.127,-8.702,,-5.82,-5.82,-5.82,,-7.127,
05-07-2026-Thu 13-25-11-PM,-8.735,-8.735,-5.887,-5.887,-5.887,-7.127,-7.127,-7.127,-8.735,,-5.887,-5.887,-5.887,,-7.127,
05-07-2026-Thu 13-25-12-PM,-8.735,-8.735,-5.854,-5.854,-5.854,-7.161,-7.161,-7.161,-8.735,,-5.854,-5.854,-5.854,,-7.161,
05-07-2026-Thu 13-25-14-PM,-8.735,-8.735,-5.887,-5.887,-5.887,-7.161,-7.161,-7.161,-8.735,,-5.887,-5.887,-5.887,,-7.161,
05-07-2026-Thu 13-25-15-PM,-8.769,-8.769,-5.921,-5.921,-5.921,-7.228,-7.228,-7.228,-8.769,,-5.921,-5.921,-5.921,,-7.228,
05-07-2026-Thu 13-25-16-PM,-8.802,-8.802,-5.921,-5.921,-5.921,-7.228,-7.228,-7.228,-8.802,,-5.921,-5.921,-5.921,,-7.228,
05-07-2026-Thu 13-25-18-PM,-8.802,-8.802,-5.954,-5.954,-5.954,-7.194,-7.194,-7.194,-8.802,,-5.954,-5.954,-5.954,,-7.194,
05-07-2026-Thu 13-25-19-PM,-8.802,-8.802,-5.954,-5.954,-5.954,-7.228,-7.228,-7.228,-8.802,,-5.954,-5.954,-5.954,,-7.228,
05-07-2026-Thu 13-25-20-PM,-8.836,-8.836,-5.954,-5.954,-5.954,-7.228,-7.228,-7.228,-8.836,,-5.954,-5.954,-5.954,,-7.228,
05-07-2026-Thu 13-25-22-PM,-8.802,-8.802,-5.988,-5.988,-5.988,-7.228,-7.228,-7.228,-8.802,,-5.988,-5.988,-5.988,,-7.228,
05-07-2026-Thu 13-25-23-PM,-8.869,-8.869,-5.988,-5.988,-5.988,-7.295,-7.295,-7.295,-8.869,,-5.988,-5.988,-5.988,,-7.295,
05-07-2026-Thu 13-25-25-PM,-8.836,-8.836,-6.022,-6.022,-6.022,-7.261,-7.261,-7.261,-8.836,,-6.022,-6.022,-6.022,,-7.261,
05-07-2026-Thu 13-25-26-PM,-8.869,-8.869,-6.055,-6.055,-6.055,-7.261,-7.261,-7.261,-8.869,,-6.055,-6.055,-6.055,,-7.261,
05-07-2026-Thu 13-25-28-PM,-8.903,-8.903,-6.055,-6.055,-6.055,-7.295,-7.295,-7.295,-8.903,,-6.055,-6.055,-6.055,,-7.295,
05-07-2026-Thu 13-25-29-PM,-8.903,-8.903,-6.089,-6.089,-6.089,-7.328,-7.328,-7.328,-8.903,,-6.089,-6.089,-6.089,,-7.328,
05-07-2026-Thu 13-25-31-PM,-8.903,-8.903,-6.089,-6.089,-6.089,-7.362,-7.362,-7.362,-8.903,,-6.089,-6.089,-6.089,,-7.362,
05-07-2026-Thu 13-25-32-PM,-8.903,-8.903,-6.122,-6.122,-6.122,-7.328,-7.328,-7.328,-8.903,,-6.122,-6.122,-6.122,,-7.328,
05-07-2026-Thu 13-25-33-PM,-8.97,-8.97,-6.122,-6.122,-6.122,-7.328,-7.328,-7.328,-8.97,,-6.122,-6.122,-6.122,,-7.328,
05-07-2026-Thu 13-25-35-PM,-8.936,-8.936,-6.122,-6.122,-6.122,-7.328,-7.328,-7.328,-8.936,,-6.122,-6.122,-6.122,,-7.328,
05-07-2026-Thu 13-25-36-PM,-8.97,-8.97,-6.156,-6.156,-6.156,-7.462,-7.462,-7.462,-8.97,,-6.156,-6.156,-6.156,,-7.462,
05-07-2026-Thu 13-25-38-PM,-8.97,-8.97,-6.189,-6.189,-6.189,-7.496,-7.496,-7.496,-8.97,,-6.189,-6.189,-6.189,,-7.496,
05-07-2026-Thu 13-25-39-PM,-9.003,-9.003,-6.156,-6.156,-6.156,-7.429,-7.429,-7.429,-9.003,,-6.156,-6.156,-6.156,,-7.429,
05-07-2026-Thu 13-25-40-PM,-9.003,-9.003,-6.189,-6.189,-6.189,-7.429,-7.429,-7.429,-9.003,,-6.189,-6.189,-6.189,,-7.429,
05-07-2026-Thu 13-25-42-PM,-9.037,-9.037,-6.223,-6.223,-6.223,-7.462,-7.462,-7.462,-9.037,,-6.223,-6.223,-6.223,,-7.462,
05-07-2026-Thu 13-25-43-PM,-9.07,-9.07,-6.256,-6.256,-6.256,-7.496,-7.496,-7.496,-9.07,,-6.256,-6.256,-6.256,,-7.496,
05-07-2026-Thu 13-25-45-PM,-9.07,-9.07,-6.256,-6.256,-6.256,-7.529,-7.529,-7.529,-9.07,,-6.256,-6.256,-6.256,,-7.529,
05-07-2026-Thu 13-25-46-PM,-9.07,-9.07,-6.256,-6.256,-6.256,-7.529,-7.529,-7.529,-9.07,,-6.256,-6.256,-6.256,,-7.529,
05-07-2026-Thu 13-25-48-PM,-9.104,-9.104,-6.256,-6.256,-6.256,-7.563,-7.563,-7.563,-9.104,,-6.256,-6.256,-6.256,,-7.563,
05-07-2026-Thu 13-25-49-PM,-9.104,-9.104,-6.29,-6.29,-6.29,-7.529,-7.529,-7.529,-9.104,,-6.29,-6.29,-6.29,,-7.529,
05-07-2026-Thu 13-25-50-PM,-9.137,-9.137,-6.29,-6.29,-6.29,-7.529,-7.529,-7.529,-9.137,,-6.29,-6.29,-6.29,,-7.529,
05-07-2026-Thu 13-25-52-PM,-9.137,-9.137,-6.357,-6.357,-6.357,-7.563,-7.563,-7.563,-9.137,,-6.357,-6.357,-6.357,,-7.563,
05-07-2026-Thu 13-25-53-PM,-9.104,-9.104,-6.323,-6.323,-6.323,-7.563,-7.563,-7.563,-9.104,,-6.323,-6.323,-6.323,,-7.563,
05-07-2026-Thu 13-25-55-PM,-9.171,-9.171,-6.323,-6.323,-6.323,-7.596,-7.596,-7.596,-9.171,,-6.323,-6.323,-6.323,,-7.596,
05-07-2026-Thu 13-25-56-PM,-9.171,-9.171,-6.323,-6.323,-6.323,-7.63,-7.63,-7.63,-9.171,,-6.323,-6.323,-6.323,,-7.63,
05-07-2026-Thu 13-25-57-PM,-9.204,-9.204,-6.39,-6.39,-6.39,-7.63,-7.63,-7.63,-9.204,,-6.39,-6.39,-6.39,,-7.63,
05-07-2026-Thu 13-25-59-PM,-9.204,-9.204,-6.39,-6.39,-6.39,-7.697,-7.697,-7.697,-9.204,,-6.39,-6.39,-6.39,,-7.697,
05-07-2026-Thu 13-26-00-PM,-9.171,-9.171,-6.424,-6.424,-6.424,-7.663,-7.663,-7.663,-9.171,,-6.424,-6.424,-6.424,,-7.663,
05-07-2026-Thu 13-26-02-PM,-9.204,-9.204,-6.424,-6.424,-6.424,-7.697,-7.697,-7.697,-9.204,,-6.424,-6.424,-6.424,,-7.697,
05-07-2026-Thu 13-26-03-PM,-9.237,-9.237,-6.424,-6.424,-6.424,-7.63,-7.63,-7.63,-9.237,,-6.424,-6.424,-6.424,,-7.63,
05-07-2026-Thu 13-26-04-PM,-9.237,-9.237,-6.424,-6.424,-6.424,-7.764,-7.764,-7.764,-9.237,,-6.424,-6.424,-6.424,,-7.764,
05-07-2026-Thu 13-26-06-PM,-9.304,-9.304,-6.457,-6.457,-6.457,-7.697,-7.697,-7.697,-9.304,,-6.457,-6.457,-6.457,,-7.697,
05-07-2026-Thu 13-26-07-PM,-9.271,-9.271,-6.457,-6.457,-6.457,-7.764,-7.764,-7.764,-9.271,,-6.457,-6.457,-6.457,,-7.764,
05-07-2026-Thu 13-26-09-PM,-9.271,-9.271,-6.524,-6.524,-6.524,-7.797,-7.797,-7.797,-9.271,,-6.524,-6.524,-6.524,,-7.797,
05-07-2026-Thu 13-26-10-PM,-9.271,-9.271,-6.524,-6.524,-6.524,-7.697,-7.697,-7.697,-9.271,,-6.524,-6.524,-6.524,,-7.697,
05-07-2026-Thu 13-26-11-PM,-9.304,-9.304,-6.524,-6.524,-6.524,-7.797,-7.797,-7.797,-9.304,,-6.524,-6.524,-6.524,,-7.797,
05-07-2026-Thu 13-26-13-PM,-9.304,-9.304,-6.558,-6.558,-6.558,-7.764,-7.764,-7.764,-9.304,,-6.558,-6.558,-6.558,,-7.764,
05-07-2026-Thu 13-26-14-PM,-9.304,-9.304,-6.558,-6.558,-6.558,-7.764,-7.764,-7.764,-9.304,,-6.558,-6.558,-6.558,,-7.764,
05-07-2026-Thu 13-26-16-PM,-9.338,-9.338,-6.558,-6.558,-6.558,-7.797,-7.797,-7.797,-9.338,,-6.558,-6.558,-6.558,,-7.797,
05-07-2026-Thu 13-26-17-PM,-9.338,-9.338,-6.591,-6.591,-6.591,-7.764,-7.764,-7.764,-9.338,,-6.591,-6.591,-6.591,,-7.764,
05-07-2026-Thu 13-26-18-PM,-9.371,-9.371,-6.591,-6.591,-6.591,-7.797,-7.797,-7.797,-9.371,,-6.591,-6.591,-6.591,,-7.797,
05-07-2026-Thu 13-26-20-PM,-9.405,-9.405,-6.625,-6.625,-6.625,-7.831,-7.831,-7.831,-9.405,,-6.625,-6.625,-6.625,,-7.831,
05-07-2026-Thu 13-26-21-PM,-9.371,-9.371,-6.658,-6.658,-6.658,-7.864,-7.864,-7.864,-9.371,,-6.658,-6.658,-6.658,,-7.864,
05-07-2026-Thu 13-26-23-PM,-9.405,-9.405,-6.658,-6.658,-6.658,-7.898,-7.898,-7.898,-9.405,,-6.658,-6.658,-6.658,,-7.898,
05-07-2026-Thu 13-26-24-PM,-9.438,-9.438,-6.658,-6.658,-6.658,-7.898,-7.898,-7.898,-9.438,,-6.658,-6.658,-6.658,,-7.898,
05-07-2026-Thu 13-26-25-PM,-9.438,-9.438,-6.692,-6.692,-6.692,-7.864,-7.864,-7.864,-9.438,,-6.692,-6.692,-6.692,,-7.864,
05-07-2026-Thu 13-26-27-PM,-9.438,-9.438,-6.692,-6.692,-6.692,-7.898,-7.898,-7.898,-9.438,,-6.692,-6.692,-6.692,,-7.898,
05-07-2026-Thu 13-26-28-PM,-9.472,-9.472,-6.692,-6.692,-6.692,-7.898,-7.898,-7.898,-9.472,,-6.692,-6.692,-6.692,,-7.898,
05-07-2026-Thu 13-26-30-PM,-9.472,-9.472,-6.692,-6.692,-6.692,-7.931,-7.931,-7.931,-9.472,,-6.692,-6.692,-6.692,,-7.931,
05-07-2026-Thu 13-26-31-PM,-9.472,-9.472,-6.725,-6.725,-6.725,-7.931,-7.931,-7.931,-9.472,,-6.725,-6.725,-6.725,,-7.931,
05-07-2026-Thu 13-26-32-PM,-9.505,-9.505,-6.759,-6.759,-6.759,-7.931,-7.931,-7.931,-9.505,,-6.759,-6.759,-6.759,,-7.931,
05-07-2026-Thu 13-26-34-PM,-9.505,-9.505,-6.759,-6.759,-6.759,-7.998,-7.998,-7.998,-9.505,,-6.759,-6.759,-6.759,,-7.998,
05-07-2026-Thu 13-26-35-PM,-9.539,-9.539,-6.759,-6.759,-6.759,-7.998,-7.998,-7.998,-9.539,,-6.759,-6.759,-6.759,,-7.998,
05-07-2026-Thu 13-26-37-PM,-9.539,-9.539,-6.792,-6.792,-6.792,-7.998,-7.998,-7.998,-9.539,,-6.792,-6.792,-6.792,,-7.998,
05-07-2026-Thu 13-26-38-PM,-9.539,-9.539,-6.792,-6.792,-6.792,-7.998,-7.998,-7.998,-9.539,,-6.792,-6.792,-6.792,,-7.998,
05-07-2026-Thu 13-26-39-PM,-9.539,-9.539,-6.826,-6.826,-6.826,-8.032,-8.032,-8.032,-9.539,,-6.826,-6.826,-6.826,,-8.032,
05-07-2026-Thu 13-26-41-PM,-9.539,-9.539,-6.859,-6.859,-6.859,-8.065,-8.065,-8.065,-9.539,,-6.859,-6.859,-6.859,,-8.065,
05-07-2026-Thu 13-26-42-PM,-9.539,-9.539,-6.859,-6.859,-6.859,-8.032,-8.032,-8.032,-9.539,,-6.859,-6.859,-6.859,,-8.032,
05-07-2026-Thu 13-26-44-PM,-9.572,-9.572,-6.859,-6.859,-6.859,-8.032,-8.032,-8.032,-9.572,,-6.859,-6.859,-6.859,,-8.032,
05-07-2026-Thu 13-26-45-PM,-9.572,-9.572,-6.893,-6.893,-6.893,-8.065,-8.065,-8.065,-9.572,,-6.893,-6.893,-6.893,,-8.065,
05-07-2026-Thu 13-26-47-PM,-9.606,-9.606,-6.893,-6.893,-6.893,-8.166,-8.166,-8.166,-9.606,,-6.893,-6.893,-6.893,,-8.166,
05-07-2026-Thu 13-26-48-PM,-9.639,-9.639,-6.893,-6.893,-6.893,-8.132,-8.132,-8.132,-9.639,,-6.893,-6.893,-6.893,,-8.132,
05-07-2026-Thu 13-26-50-PM,-9.639,-9.639,-6.926,-6.926,-6.926,-8.166,-8.166,-8.166,-9.639,,-6.926,-6.926,-6.926,,-8.166,
05-07-2026-Thu 13-26-51-PM,-9.639,-9.639,-6.926,-6.926,-6.926,-8.099,-8.099,-8.099,-9.639,,-6.926,-6.926,-6.926,,-8.099,
05-07-2026-Thu 13-26-52-PM,-9.639,-9.639,-6.96,-6.96,-6.96,-8.132,-8.132,-8.132,-9.639,,-6.96,-6.96,-6.96,,-8.132,
05-07-2026-Thu 13-26-54-PM,-9.673,-9.673,-6.96,-6.96,-6.96,-8.166,-8.166,-8.166,-9.673,,-6.96,-6.96,-6.96,,-8.166,
05-07-2026-Thu 13-26-55-PM,-9.673,-9.673,-6.993,-6.993,-6.993,-8.166,-8.166,-8.166,-9.673,,-6.993,-6.993,-6.993,,-8.166,
05-07-2026-Thu 13-26-56-PM,-9.706,-9.706,-6.993,-6.993,-6.993,-8.199,-8.199,-8.199,-9.706,,-6.993,-6.993,-6.993,,-8.199,
05-07-2026-Thu 13-26-58-PM,-9.673,-9.673,-6.993,-6.993,-6.993,-8.266,-8.266,-8.266,-9.673,,-6.993,-6.993,-6.993,,-8.266,
05-07-2026-Thu 13-26-59-PM,-9.706,-9.706,-7.027,-7.027,-7.027,-8.166,-8.166,-8.166,-9.706,,-7.027,-7.027,-7.027,,-8.166,
05-07-2026-Thu 13-27-01-PM,-9.74,-9.74,-7.027,-7.027,-7.027,-8.233,-8.233,-8.233,-9.74,,-7.027,-7.027,-7.027,,-8.233,
05-07-2026-Thu 13-27-02-PM,-9.74,-9.74,-7.027,-7.027,-7.027,-8.266,-8.266,-8.266,-9.74,,-7.027,-7.027,-7.027,,-8.266,
05-07-2026-Thu 13-27-03-PM,-9.74,-9.74,-7.06,-7.06,-7.06,-8.233,-8.233,-8.233,-9.74,,-7.06,-7.06,-7.06,,-8.233,
05-07-2026-Thu 13-27-05-PM,-9.773,-9.773,-7.06,-7.06,-7.06,-8.266,-8.266,-8.266,-9.773,,-7.06,-7.06,-7.06,,-8.266,
05-07-2026-Thu 13-27-06-PM,-9.773,-9.773,-7.06,-7.06,-7.06,-8.266,-8.266,-8.266,-9.773,,-7.06,-7.06,-7.06,,-8.266,
05-07-2026-Thu 13-27-07-PM,-9.773,-9.773,-7.094,-7.094,-7.094,-8.333,-8.333,-8.333,-9.773,,-7.094,-7.094,-7.094,,-8.333,
05-07-2026-Thu 13-27-09-PM,-9.807,-9.807,-7.094,-7.094,-7.094,-8.3,-8.3,-8.3,-9.807,,-7.094,-7.094,-7.094,,-8.3,
05-07-2026-Thu 13-27-10-PM,-9.84,-9.84,-7.127,-7.127,-7.127,-8.367,-8.367,-8.367,-9.84,,-7.127,-7.127,-7.127,,-8.367,
05-07-2026-Thu 13-27-12-PM,-9.807,-9.807,-7.127,-7.127,-7.127,-8.333,-8.333,-8.333,-9.807,,-7.127,-7.127,-7.127,,-8.333,
05-07-2026-Thu 13-27-13-PM,-9.807,-9.807,-7.127,-7.127,-7.127,-8.367,-8.367,-8.367,-9.807,,-7.127,-7.127,-7.127,,-8.367,
05-07-2026-Thu 13-27-15-PM,-9.84,-9.84,-7.127,-7.127,-7.127,-8.367,-8.367,-8.367,-9.84,,-7.127,-7.127,-7.127,,-8.367,
05-07-2026-Thu 13-27-16-PM,-9.84,-9.84,-7.161,-7.161,-7.161,-8.367,-8.367,-8.367,-9.84,,-7.161,-7.161,-7.161,,-8.367,
05-07-2026-Thu 13-27-17-PM,-9.874,-9.874,-7.161,-7.161,-7.161,-8.4,-8.4,-8.4,-9.874,,-7.161,-7.161,-7.161,,-8.4,
05-07-2026-Thu 13-27-19-PM,-9.84,-9.84,-7.161,-7.161,-7.161,-8.4,-8.4,-8.4,-9.84,,-7.161,-7.161,-7.161,,-8.4,
05-07-2026-Thu 13-27-20-PM,-9.874,-9.874,-7.194,-7.194,-7.194,-8.4,-8.4,-8.4,-9.874,,-7.194,-7.194,-7.194,,-8.4,
05-07-2026-Thu 13-27-22-PM,-9.907,-9.907,-7.194,-7.194,-7.194,-8.467,-8.467,-8.467,-9.907,,-7.194,-7.194,-7.194,,-8.467,
05-07-2026-Thu 13-27-23-PM,-9.907,-9.907,-7.228,-7.228,-7.228,-8.434,-8.434,-8.434,-9.907,,-7.228,-7.228,-7.228,,-8.434,
05-07-2026-Thu 13-27-24-PM,-9.907,-9.907,-7.261,-7.261,-7.261,-8.434,-8.434,-8.434,-9.907,,-7.261,-7.261,-7.261,,-8.434,
05-07-2026-Thu 13-27-26-PM,-9.941,-9.941,-7.228,-7.228,-7.228,-8.501,-8.501,-8.501,-9.941,,-7.228,-7.228,-7.228,,-8.501,
05-07-2026-Thu 13-27-27-PM,-9.941,-9.941,-7.261,-7.261,-7.261,-8.467,-8.467,-8.467,-9.941,,-7.261,-7.261,-7.261,,-8.467,
05-07-2026-Thu 13-27-29-PM,-9.941,-9.941,-7.295,-7.295,-7.295,-8.467,-8.467,-8.467,-9.941,,-7.295,-7.295,-7.295,,-8.467,
05-07-2026-Thu 13-27-30-PM,-9.941,-9.941,-7.295,-7.295,-7.295,-8.501,-8.501,-8.501,-9.941,,-7.295,-7.295,-7.295,,-8.501,
05-07-2026-Thu 13-27-31-PM,-9.974,-9.974,-7.295,-7.295,-7.295,-8.501,-8.501,-8.501,-9.974,,-7.295,-7.295,-7.295,,-8.501,
05-07-2026-Thu 13-27-33-PM,-9.974,-9.974,-7.328,-7.328,-7.328,-8.534,-8.534,-8.534,-9.974,,-7.328,-7.328,-7.328,,-8.534,
05-07-2026-Thu 13-27-34-PM,-9.974,-9.974,-7.328,-7.328,-7.328,-8.568,-8.568,-8.568,-9.974,,-7.328,-7.328,-7.328,,-8.568,
05-07-2026-Thu 13-27-36-PM,-10.008,-10.008,-7.328,-7.328,-7.328,-8.568,-8.568,-8.568,-10.008,,-7.328,-7.328,-7.328,,-8.568,
05-07-2026-Thu 13-27-37-PM,-10.008,-10.008,-7.328,-7.328,-7.328,-8.534,-8.534,-8.534,-10.008,,-7.328,-7.328,-7.328,,-8.534,
05-07-2026-Thu 13-27-39-PM,-10.041,-10.041,-7.194,-7.194,-7.194,-8.568,-8.568,-8.568,-10.041,,-7.194,-7.194,-7.194,,-8.568,
05-07-2026-Thu 13-27-40-PM,-9.941,-9.941,-7.261,-7.261,-7.261,-8.568,-8.568,-8.568,-9.941,,-7.261,-7.261,-7.261,,-8.568,
05-07-2026-Thu 13-27-41-PM,-9.874,-9.874,-7.228,-7.228,-7.228,-8.635,-8.635,-8.635,-9.874,,-7.228,-7.228,-7.228,,-8.635,
05-07-2026-Thu 13-27-43-PM,-9.807,-9.807,-7.261,-7.261,-7.261,-8.601,-8.601,-8.601,-9.807,,-7.261,-7.261,-7.261,,-8.601,
05-07-2026-Thu 13-27-44-PM,-9.773,-9.773,-7.362,-7.362,-7.362,-8.635,-8.635,-8.635,-9.773,,-7.362,-7.362,-7.362,,-8.635,
05-07-2026-Thu 13-27-46-PM,-10.008,-10.008,-7.395,-7.395,-7.395,-8.635,-8.635,-8.635,-10.008,,-7.395,-7.395,-7.395,,-8.635,
05-07-2026-Thu 13-27-47-PM,-10.108,-10.108,-7.429,-7.429,-7.429,-8.668,-8.668,-8.668,-10.108,,-7.429,-7.429,-7.429,,-8.668,
05-07-2026-Thu 13-27-48-PM,-10.108,-10.108,-7.429,-7.429,-7.429,-8.635,-8.635,-8.635,-10.108,,-7.429,-7.429,-7.429,,-8.635,
05-07-2026-Thu 13-27-50-PM,-10.108,-10.108,-7.462,-7.462,-7.462,-8.668,-8.668,-8.668,-10.108,,-7.462,-7.462,-7.462,,-8.668,
05-07-2026-Thu 13-27-51-PM,-10.142,-10.142,-7.462,-7.462,-7.462,-8.735,-8.735,-8.735,-10.142,,-7.462,-7.462,-7.462,,-8.735,
05-07-2026-Thu 13-27-53-PM,-10.142,-10.142,-7.462,-7.462,-7.462,-8.735,-8.735,-8.735,-10.142,,-7.462,-7.462,-7.462,,-8.735,
05-07-2026-Thu 13-27-54-PM,-10.142,-10.142,-7.496,-7.496,-7.496,-8.702,-8.702,-8.702,-10.142,,-7.496,-7.496,-7.496,,-8.702,
05-07-2026-Thu 13-27-55-PM,-10.142,-10.142,-7.496,-7.496,-7.496,-8.702,-8.702,-8.702,-10.142,,-7.496,-7.496,-7.496,,-8.702,
05-07-2026-Thu 13-27-57-PM,-10.142,-10.142,-7.529,-7.529,-7.529,-8.702,-8.702,-8.702,-10.142,,-7.529,-7.529,-7.529,,-8.702,
05-07-2026-Thu 13-27-58-PM,-10.175,-10.175,-7.529,-7.529,-7.529,-8.735,-8.735,-8.735,-10.175,,-7.529,-7.529,-7.529,,-8.735,
05-07-2026-Thu 13-27-59-PM,-10.175,-10.175,-7.529,-7.529,-7.529,-8.836,-8.836,-8.836,-10.175,,-7.529,-7.529,-7.529,,-8.836,
05-07-2026-Thu 13-28-01-PM,-10.175,-10.175,-7.529,-7.529,-7.529,-8.735,-8.735,-8.735,-10.175,,-7.529,-7.529,-7.529,,-8.735,
05-07-2026-Thu 13-28-02-PM,-10.175,-10.175,-7.529,-7.529,-7.529,-8.802,-8.802,-8.802,-10.175,,-7.529,-7.529,-7.529,,-8.802,
05-07-2026-Thu 13-28-04-PM,-10.208,-10.208,-7.596,-7.596,-7.596,-8.769,-8.769,-8.769,-10.208,,-7.596,-7.596,-7.596,,-8.769,
05-07-2026-Thu 13-28-05-PM,-10.175,-10.175,-7.563,-7.563,-7.563,-8.769,-8.769,-8.769,-10.175,,-7.563,-7.563,-7.563,,-8.769,
05-07-2026-Thu 13-28-07-PM,-10.208,-10.208,-7.596,-7.596,-7.596,-8.802,-8.802,-8.802,-10.208,,-7.596,-7.596,-7.596,,-8.802,
05-07-2026-Thu 13-28-08-PM,-10.242,-10.242,-7.596,-7.596,-7.596,-8.802,-8.802,-8.802,-10.242,,-7.596,-7.596,-7.596,,-8.802,
05-07-2026-Thu 13-28-09-PM,-10.242,-10.242,-7.596,-7.596,-7.596,-8.903,-8.903,-8.903,-10.242,,-7.596,-7.596,-7.596,,-8.903,
05-07-2026-Thu 13-28-11-PM,-10.242,-10.242,-7.63,-7.63,-7.63,-8.869,-8.869,-8.869,-10.242,,-7.63,-7.63,-7.63,,-8.869,
05-07-2026-Thu 13-28-12-PM,-10.275,-10.275,-7.63,-7.63,-7.63,-8.903,-8.903,-8.903,-10.275,,-7.63,-7.63,-7.63,,-8.903,
05-07-2026-Thu 13-28-14-PM,-10.275,-10.275,-7.663,-7.663,-7.663,-8.869,-8.869,-8.869,-10.275,,-7.663,-7.663,-7.663,,-8.869,
05-07-2026-Thu 13-28-15-PM,-10.309,-10.309,-7.697,-7.697,-7.697,-8.936,-8.936,-8.936,-10.309,,-7.697,-7.697,-7.697,,-8.936,
05-07-2026-Thu 13-28-16-PM,-10.275,-10.275,-7.697,-7.697,-7.697,-8.903,-8.903,-8.903,-10.275,,-7.697,-7.697,-7.697,,-8.903,
05-07-2026-Thu 13-28-18-PM,-10.309,-10.309,-7.697,-7.697,-7.697,-8.936,-8.936,-8.936,-10.309,,-7.697,-7.697,-7.697,,-8.936,
05-07-2026-Thu 13-28-19-PM,-10.309,-10.309,-7.697,-7.697,-7.697,-8.903,-8.903,-8.903,-10.309,,-7.697,-7.697,-7.697,,-8.903,
05-07-2026-Thu 13-28-21-PM,-10.309,-10.309,-7.697,-7.697,-7.697,-8.936,-8.936,-8.936,-10.309,,-7.697,-7.697,-7.697,,-8.936,
05-07-2026-Thu 13-28-22-PM,-10.342,-10.342,-7.73,-7.73,-7.73,-8.936,-8.936,-8.936,-10.342,,-7.73,-7.73,-7.73,,-8.936,
05-07-2026-Thu 13-28-25-PM,-10.342,-10.342,-7.764,-7.764,-7.764,-9.003,-9.003,-9.003,-10.342,,-7.764,-7.764,-7.764,,-9.003,
05-07-2026-Thu 13-28-28-PM,-10.376,-10.376,-7.73,-7.73,-7.73,-9.003,-9.003,-9.003,-10.376,,-7.73,-7.73,-7.73,,-9.003,
05-07-2026-Thu 13-28-29-PM,-10.376,-10.376,-7.797,-7.797,-7.797,-9.037,-9.037,-9.037,-10.376,,-7.797,-7.797,-7.797,,-9.037,
05-07-2026-Thu 13-28-31-PM,-10.376,-10.376,-7.764,-7.764,-7.764,-9.037,-9.037,-9.037,-10.376,,-7.764,-7.764,-7.764,,-9.037,
05-07-2026-Thu 13-28-33-PM,-10.409,-10.409,-7.831,-7.831,-7.831,-9.003,-9.003,-9.003,-10.409,,-7.831,-7.831,-7.831,,-9.003,
05-07-2026-Thu 13-28-34-PM,-10.409,-10.409,-7.831,-7.831,-7.831,-9.07,-9.07,-9.07,-10.409,,-7.831,-7.831,-7.831,,-9.07,
05-07-2026-Thu 13-28-35-PM,-10.443,-10.443,-7.831,-7.831,-7.831,-9.037,-9.037,-9.037,-10.443,,-7.831,-7.831,-7.831,,-9.037,
05-07-2026-Thu 13-28-37-PM,-10.409,-10.409,-7.831,-7.831,-7.831,-9.07,-9.07,-9.07,-10.409,,-7.831,-7.831,-7.831,,-9.07,
05-07-2026-Thu 13-28-38-PM,-10.443,-10.443,-7.864,-7.864,-7.864,-9.07,-9.07,-9.07,-10.443,,-7.864,-7.864,-7.864,,-9.07,
05-07-2026-Thu 13-28-40-PM,-10.443,-10.443,-7.864,-7.864,-7.864,-9.104,-9.104,-9.104,-10.443,,-7.864,-7.864,-7.864,,-9.104,
05-07-2026-Thu 13-28-41-PM,-10.443,-10.443,-7.898,-7.898,-7.898,-9.137,-9.137,-9.137,-10.443,,-7.898,-7.898,-7.898,,-9.137,
05-07-2026-Thu 13-28-42-PM,-10.476,-10.476,-7.864,-7.864,-7.864,-9.104,-9.104,-9.104,-10.476,,-7.864,-7.864,-7.864,,-9.104,
05-07-2026-Thu 13-28-44-PM,-10.51,-10.51,-7.864,-7.864,-7.864,-9.171,-9.171,-9.171,-10.51,,-7.864,-7.864,-7.864,,-9.171,
05-07-2026-Thu 13-28-45-PM,-10.51,-10.51,-7.898,-7.898,-7.898,-9.104,-9.104,-9.104,-10.51,,-7.898,-7.898,-7.898,,-9.104,
05-07-2026-Thu 13-28-47-PM,-10.51,-10.51,-7.898,-7.898,-7.898,-9.137,-9.137,-9.137,-10.51,,-7.898,-7.898,-7.898,,-9.137,
05-07-2026-Thu 13-28-48-PM,-10.543,-10.543,-7.898,-7.898,-7.898,-9.171,-9.171,-9.171,-10.543,,-7.898,-7.898,-7.898,,-9.171,
05-07-2026-Thu 13-28-49-PM,-10.51,-10.51,-7.931,-7.931,-7.931,-9.237,-9.237,-9.237,-10.51,,-7.931,-7.931,-7.931,,-9.237,
05-07-2026-Thu 13-28-51-PM,-10.543,-10.543,-7.931,-7.931,-7.931,-9.204,-9.204,-9.204,-10.543,,-7.931,-7.931,-7.931,,-9.204,
05-07-2026-Thu 13-28-53-PM,-10.543,-10.543,-7.931,-7.931,-7.931,-9.204,-9.204,-9.204,-10.543,,-7.931,-7.931,-7.931,,-9.204,
05-07-2026-Thu 13-28-54-PM,-10.543,-10.543,-7.965,-7.965,-7.965,-9.204,-9.204,-9.204,-10.543,,-7.965,-7.965,-7.965,,-9.204,
05-07-2026-Thu 13-28-55-PM,-10.543,-10.543,-7.965,-7.965,-7.965,-9.171,-9.171,-9.171,-10.543,,-7.965,-7.965,-7.965,,-9.171,
05-07-2026-Thu 13-28-57-PM,-10.576,-10.576,-7.965,-7.965,-7.965,-9.271,-9.271,-9.271,-10.576,,-7.965,-7.965,-7.965,,-9.271,
05-07-2026-Thu 13-28-58-PM,-10.576,-10.576,-7.998,-7.998,-7.998,-9.237,-9.237,-9.237,-10.576,,-7.998,-7.998,-7.998,,-9.237,
05-07-2026-Thu 13-29-00-PM,-10.543,-10.543,-7.998,-7.998,-7.998,-9.237,-9.237,-9.237,-10.543,,-7.998,-7.998,-7.998,,-9.237,
05-07-2026-Thu 13-29-01-PM,-10.61,-10.61,-8.032,-8.032,-8.032,-9.304,-9.304,-9.304,-10.61,,-8.032,-8.032,-8.032,,-9.304,
05-07-2026-Thu 13-29-02-PM,-10.576,-10.576,-7.931,-7.931,-7.931,-9.304,-9.304,-9.304,-10.576,,-7.931,-7.931,-7.931,,-9.304,
05-07-2026-Thu 13-29-04-PM,-10.51,-10.51,-7.63,-7.63,-7.63,-9.338,-9.338,-9.338,-10.51,,-7.63,-7.63,-7.63,,-9.338,
05-07-2026-Thu 13-29-05-PM,-10.376,-10.376,-8.132,-8.132,-8.132,-9.338,-9.338,-9.338,-10.376,,-8.132,-8.132,-8.132,,-9.338,
05-07-2026-Thu 13-29-07-PM,-10.409,-10.409,-7.831,-7.831,-7.831,-9.304,-9.304,-9.304,-10.409,,-7.831,-7.831,-7.831,,-9.304,
05-07-2026-Thu 13-29-08-PM,-10.51,-10.51,-7.898,-7.898,-7.898,-9.271,-9.271,-9.271,-10.51,,-7.898,-7.898,-7.898,,-9.271,
05-07-2026-Thu 13-29-09-PM,-10.677,-10.677,-8.032,-8.032,-8.032,-9.338,-9.338,-9.338,-10.677,,-8.032,-8.032,-8.032,,-9.338,
05-07-2026-Thu 13-29-11-PM,-10.677,-10.677,-8.065,-8.065,-8.065,-9.338,-9.338,-9.338,-10.677,,-8.065,-8.065,-8.065,,-9.338,
05-07-2026-Thu 13-29-12-PM,-10.644,-10.644,-8.065,-8.065,-8.065,-9.338,-9.338,-9.338,-10.644,,-8.065,-8.065,-8.065,,-9.338,
05-07-2026-Thu 13-29-14-PM,-10.677,-10.677,-8.099,-8.099,-8.099,-9.371,-9.371,-9.371,-10.677,,-8.099,-8.099,-8.099,,-9.371,
05-07-2026-Thu 13-29-15-PM,-10.677,-10.677,-8.132,-8.132,-8.132,-9.371,-9.371,-9.371,-10.677,,-8.132,-8.132,-8.132,,-9.371,
05-07-2026-Thu 13-29-16-PM,-10.677,-10.677,-8.099,-8.099,-8.099,-9.371,-9.371,-9.371,-10.677,,-8.099,-8.099,-8.099,,-9.371,
05-07-2026-Thu 13-29-18-PM,-10.677,-10.677,-8.132,-8.132,-8.132,-9.371,-9.371,-9.371,-10.677,,-8.132,-8.132,-8.132,,-9.371,
05-07-2026-Thu 13-29-20-PM,-10.677,-10.677,-8.132,-8.132,-8.132,-9.338,-9.338,-9.338,-10.677,,-8.132,-8.132,-8.132,,-9.338,
05-07-2026-Thu 13-29-21-PM,-10.71,-10.71,-8.132,-8.132,-8.132,-9.371,-9.371,-9.371,-10.71,,-8.132,-8.132,-8.132,,-9.371,
05-07-2026-Thu 13-29-24-PM,-10.71,-10.71,-8.166,-8.166,-8.166,-9.472,-9.472,-9.472,-10.71,,-8.166,-8.166,-8.166,,-9.472,
05-07-2026-Thu 13-29-27-PM,-10.744,-10.744,-8.166,-8.166,-8.166,-9.438,-9.438,-9.438,-10.744,,-8.166,-8.166,-8.166,,-9.438,
05-07-2026-Thu 13-29-28-PM,-10.744,-10.744,-8.199,-8.199,-8.199,-9.472,-9.472,-9.472,-10.744,,-8.199,-8.199,-8.199,,-9.472,
05-07-2026-Thu 13-29-30-PM,-10.777,-10.777,-8.233,-8.233,-8.233,-9.472,-9.472,-9.472,-10.777,,-8.233,-8.233,-8.233,,-9.472,
05-07-2026-Thu 13-29-31-PM,-10.744,-10.744,-8.233,-8.233,-8.233,-9.472,-9.472,-9.472,-10.744,,-8.233,-8.233,-8.233,,-9.472,
05-07-2026-Thu 13-29-33-PM,-10.777,-10.777,-8.233,-8.233,-8.233,-9.505,-9.505,-9.505,-10.777,,-8.233,-8.233,-8.233,,-9.505,
05-07-2026-Thu 13-29-34-PM,-10.777,-10.777,-8.233,-8.233,-8.233,-9.505,-9.505,-9.505,-10.777,,-8.233,-8.233,-8.233,,-9.505,
05-07-2026-Thu 13-29-36-PM,-10.777,-10.777,-8.266,-8.266,-8.266,-9.539,-9.539,-9.539,-10.777,,-8.266,-8.266,-8.266,,-9.539,
05-07-2026-Thu 13-29-37-PM,-10.844,-10.844,-8.266,-8.266,-8.266,-9.572,-9.572,-9.572,-10.844,,-8.266,-8.266,-8.266,,-9.572,
05-07-2026-Thu 13-29-39-PM,-10.811,-10.811,-8.266,-8.266,-8.266,-9.539,-9.539,-9.539,-10.811,,-8.266,-8.266,-8.266,,-9.539,
05-07-2026-Thu 13-29-40-PM,-10.777,-10.777,-8.3,-8.3,-8.3,-9.539,-9.539,-9.539,-10.777,,-8.3,-8.3,-8.3,,-9.539,
05-07-2026-Thu 13-29-41-PM,-10.811,-10.811,-8.3,-8.3,-8.3,-9.539,-9.539,-9.539,-10.811,,-8.3,-8.3,-8.3,,-9.539,
05-07-2026-Thu 13-29-43-PM,-10.844,-10.844,-8.3,-8.3,-8.3,-9.539,-9.539,-9.539,-10.844,,-8.3,-8.3,-8.3,,-9.539,
05-07-2026-Thu 13-29-44-PM,-10.844,-10.844,-8.367,-8.367,-8.367,-9.606,-9.606,-9.606,-10.844,,-8.367,-8.367,-8.367,,-9.606,
05-07-2026-Thu 13-29-45-PM,-10.844,-10.844,-8.333,-8.333,-8.333,-9.572,-9.572,-9.572,-10.844,,-8.333,-8.333,-8.333,,-9.572,
05-07-2026-Thu 13-29-47-PM,-10.878,-10.878,-8.333,-8.333,-8.333,-9.572,-9.572,-9.572,-10.878,,-8.333,-8.333,-8.333,,-9.572,
05-07-2026-Thu 13-29-48-PM,-10.844,-10.844,-8.367,-8.367,-8.367,-9.606,-9.606,-9.606,-10.844,,-8.367,-8.367,-8.367,,-9.606,
05-07-2026-Thu 13-29-50-PM,-10.878,-10.878,-8.367,-8.367,-8.367,-9.639,-9.639,-9.639,-10.878,,-8.367,-8.367,-8.367,,-9.639,
05-07-2026-Thu 13-29-51-PM,-10.878,-10.878,-8.367,-8.367,-8.367,-9.639,-9.639,-9.639,-10.878,,-8.367,-8.367,-8.367,,-9.639,
05-07-2026-Thu 13-29-52-PM,-10.911,-10.911,-8.333,-8.333,-8.333,-9.606,-9.606,-9.606,-10.911,,-8.333,-8.333,-8.333,,-9.606,
05-07-2026-Thu 13-29-54-PM,-10.911,-10.911,-8.4,-8.4,-8.4,-9.606,-9.606,-9.606,-10.911,,-8.4,-8.4,-8.4,,-9.606,
05-07-2026-Thu 13-29-55-PM,-11.012,-11.012,-8.4,-8.4,-8.4,-9.639,-9.639,-9.639,-11.012,,-8.4,-8.4,-8.4,,-9.639,
05-07-2026-Thu 13-29-57-PM,-10.878,-10.878,-8.4,-8.4,-8.4,-9.639,-9.639,-9.639,-10.878,,-8.4,-8.4,-8.4,,-9.639,
05-07-2026-Thu 13-29-58-PM,-10.844,-10.844,-8.4,-8.4,-8.4,-9.673,-9.673,-9.673,-10.844,,-8.4,-8.4,-8.4,,-9.673,
05-07-2026-Thu 13-29-59-PM,-10.878,-10.878,-8.4,-8.4,-8.4,-9.639,-9.639,-9.639,-10.878,,-8.4,-8.4,-8.4,,-9.639,
05-07-2026-Thu 13-30-01-PM,-10.878,-10.878,-8.434,-8.434,-8.434,-9.606,-9.606,-9.606,-10.878,,-8.434,-8.434,-8.434,,-9.606,
05-07-2026-Thu 13-30-02-PM,-10.945,-10.945,-8.434,-8.434,-8.434,-9.706,-9.706,-9.706,-10.945,,-8.434,-8.434,-8.434,,-9.706,
05-07-2026-Thu 13-30-04-PM,-10.945,-10.945,-8.434,-8.434,-8.434,-9.673,-9.673,-9.673,-10.945,,-8.434,-8.434,-8.434,,-9.673,
05-07-2026-Thu 13-30-05-PM,-10.945,-10.945,-8.467,-8.467,-8.467,-9.773,-9.773,-9.773,-10.945,,-8.467,-8.467,-8.467,,-9.773,
05-07-2026-Thu 13-30-07-PM,-10.945,-10.945,-8.467,-8.467,-8.467,-9.773,-9.773,-9.773,-10.945,,-8.467,-8.467,-8.467,,-9.773,
05-07-2026-Thu 13-30-08-PM,-10.978,-10.978,-8.467,-8.467,-8.467,-9.74,-9.74,-9.74,-10.978,,-8.467,-8.467,-8.467,,-9.74,
05-07-2026-Thu 13-30-09-PM,-10.978,-10.978,-8.467,-8.467,-8.467,-9.706,-9.706,-9.706,-10.978,,-8.467,-8.467,-8.467,,-9.706,
05-07-2026-Thu 13-30-11-PM,-10.978,-10.978,-8.501,-8.501,-8.501,-9.74,-9.74,-9.74,-10.978,,-8.501,-8.501,-8.501,,-9.74,
05-07-2026-Thu 13-30-12-PM,-10.978,-10.978,-8.501,-8.501,-8.501,-9.773,-9.773,-9.773,-10.978,,-8.501,-8.501,-8.501,,-9.773,
05-07-2026-Thu 13-30-13-PM,-11.012,-11.012,-8.501,-8.501,-8.501,-9.84,-9.84,-9.84,-11.012,,-8.501,-8.501,-8.501,,-9.84,
05-07-2026-Thu 13-30-15-PM,-11.012,-11.012,-8.534,-8.534,-8.534,-9.773,-9.773,-9.773,-11.012,,-8.534,-8.534,-8.534,,-9.773,
05-07-2026-Thu 13-30-16-PM,-11.012,-11.012,-8.534,-8.534,-8.534,-9.773,-9.773,-9.773,-11.012,,-8.534,-8.534,-8.534,,-9.773,
05-07-2026-Thu 13-30-18-PM,-11.012,-11.012,-8.534,-8.534,-8.534,-9.84,-9.84,-9.84,-11.012,,-8.534,-8.534,-8.534,,-9.84,
05-07-2026-Thu 13-30-19-PM,-11.012,-11.012,-8.534,-8.534,-8.534,-9.807,-9.807,-9.807,-11.012,,-8.534,-8.534,-8.534,,-9.807,
05-07-2026-Thu 13-30-20-PM,-11.045,-11.045,-8.568,-8.568,-8.568,-9.84,-9.84,-9.84,-11.045,,-8.568,-8.568,-8.568,,-9.84,
05-07-2026-Thu 13-30-22-PM,-11.045,-11.045,-8.568,-8.568,-8.568,-9.807,-9.807,-9.807,-11.045,,-8.568,-8.568,-8.568,,-9.807,
05-07-2026-Thu 13-30-23-PM,-11.045,-11.045,-8.568,-8.568,-8.568,-9.807,-9.807,-9.807,-11.045,,-8.568,-8.568,-8.568,,-9.807,
05-07-2026-Thu 13-30-25-PM,-11.045,-11.045,-8.568,-8.568,-8.568,-9.807,-9.807,-9.807,-11.045,,-8.568,-8.568,-8.568,,-9.807,
05-07-2026-Thu 13-30-26-PM,-11.078,-11.078,-8.601,-8.601,-8.601,-9.874,-9.874,-9.874,-11.078,,-8.601,-8.601,-8.601,,-9.874,
05-07-2026-Thu 13-30-27-PM,-11.078,-11.078,-8.601,-8.601,-8.601,-9.84,-9.84,-9.84,-11.078,,-8.601,-8.601,-8.601,,-9.84,
05-07-2026-Thu 13-30-29-PM,-11.078,-11.078,-8.601,-8.601,-8.601,-9.907,-9.907,-9.907,-11.078,,-8.601,-8.601,-8.601,,-9.907,
05-07-2026-Thu 13-30-30-PM,-11.078,-11.078,-8.601,-8.601,-8.601,-9.84,-9.84,-9.84,-11.078,,-8.601,-8.601,-8.601,,-9.84,
05-07-2026-Thu 13-30-32-PM,-10.945,-10.945,-8.601,-8.601,-8.601,-9.907,-9.907,-9.907,-10.945,,-8.601,-8.601,-8.601,,-9.907,
05-07-2026-Thu 13-30-33-PM,-11.045,-11.045,-8.601,-8.601,-8.601,-9.907,-9.907,-9.907,-11.045,,-8.601,-8.601,-8.601,,-9.907,
05-07-2026-Thu 13-30-34-PM,-11.078,-11.078,-8.635,-8.635,-8.635,-9.874,-9.874,-9.874,-11.078,,-8.635,-8.635,-8.635,,-9.874,
05-07-2026-Thu 13-30-36-PM,-11.045,-11.045,-8.635,-8.635,-8.635,-9.874,-9.874,-9.874,-11.045,,-8.635,-8.635,-8.635,,-9.874,
05-07-2026-Thu 13-30-37-PM,-11.045,-11.045,-8.668,-8.668,-8.668,-9.907,-9.907,-9.907,-11.045,,-8.668,-8.668,-8.668,,-9.907,
05-07-2026-Thu 13-30-39-PM,-11.078,-11.078,-8.668,-8.668,-8.668,-9.874,-9.874,-9.874,-11.078,,-8.668,-8.668,-8.668,,-9.874,
05-07-2026-Thu 13-30-40-PM,-11.112,-11.112,-8.635,-8.635,-8.635,-9.941,-9.941,-9.941,-11.112,,-8.635,-8.635,-8.635,,-9.941,
05-07-2026-Thu 13-30-41-PM,-11.146,-11.146,-8.668,-8.668,-8.668,-9.974,-9.974,-9.974,-11.146,,-8.668,-8.668,-8.668,,-9.974,
05-07-2026-Thu 13-30-43-PM,-11.146,-11.146,-8.702,-8.702,-8.702,-9.941,-9.941,-9.941,-11.146,,-8.702,-8.702,-8.702,,-9.941,
05-07-2026-Thu 13-30-44-PM,-11.146,-11.146,-8.702,-8.702,-8.702,-9.974,-9.974,-9.974,-11.146,,-8.702,-8.702,-8.702,,-9.974,
05-07-2026-Thu 13-30-46-PM,-11.146,-11.146,-8.702,-8.702,-8.702,-10.008,-10.008,-10.008,-11.146,,-8.702,-8.702,-8.702,,-10.008,
05-07-2026-Thu 13-30-47-PM,-11.179,-11.179,-8.735,-8.735,-8.735,-9.941,-9.941,-9.941,-11.179,,-8.735,-8.735,-8.735,,-9.941,
05-07-2026-Thu 13-30-48-PM,-11.179,-11.179,-8.735,-8.735,-8.735,-10.008,-10.008,-10.008,-11.179,,-8.735,-8.735,-8.735,,-10.008,
05-07-2026-Thu 13-30-50-PM,-11.179,-11.179,-8.769,-8.769,-8.769,-10.041,-10.041,-10.041,-11.179,,-8.769,-8.769,-8.769,,-10.041,
05-07-2026-Thu 13-30-51-PM,-11.179,-11.179,-8.735,-8.735,-8.735,-10.008,-10.008,-10.008,-11.179,,-8.735,-8.735,-8.735,,-10.008,
05-07-2026-Thu 13-30-53-PM,-11.179,-11.179,-8.735,-8.735,-8.735,-9.974,-9.974,-9.974,-11.179,,-8.735,-8.735,-8.735,,-9.974,
05-07-2026-Thu 13-30-54-PM,-11.179,-11.179,-8.802,-8.802,-8.802,-9.974,-9.974,-9.974,-11.179,,-8.802,-8.802,-8.802,,-9.974,
05-07-2026-Thu 13-30-55-PM,-11.212,-11.212,-8.802,-8.802,-8.802,-10.041,-10.041,-10.041,-11.212,,-8.802,-8.802,-8.802,,-10.041,
05-07-2026-Thu 13-30-57-PM,-11.212,-11.212,-8.802,-8.802,-8.802,-10.008,-10.008,-10.008,-11.212,,-8.802,-8.802,-8.802,,-10.008,
05-07-2026-Thu 13-30-58-PM,-11.212,-11.212,-8.802,-8.802,-8.802,-10.041,-10.041,-10.041,-11.212,,-8.802,-8.802,-8.802,,-10.041,
05-07-2026-Thu 13-30-59-PM,-11.246,-11.246,-8.802,-8.802,-8.802,-10.074,-10.074,-10.074,-11.246,,-8.802,-8.802,-8.802,,-10.074,
05-07-2026-Thu 13-31-01-PM,-11.279,-11.279,-8.836,-8.836,-8.836,-10.108,-10.108,-10.108,-11.279,,-8.836,-8.836,-8.836,,-10.108,
05-07-2026-Thu 13-31-03-PM,-11.246,-11.246,-8.802,-8.802,-8.802,-10.108,-10.108,-10.108,-11.246,,-8.802,-8.802,-8.802,,-10.108,
05-07-2026-Thu 13-31-04-PM,-11.246,-11.246,-8.836,-8.836,-8.836,-10.108,-10.108,-10.108,-11.246,,-8.836,-8.836,-8.836,,-10.108,
05-07-2026-Thu 13-31-06-PM,-11.279,-11.279,-8.869,-8.869,-8.869,-10.142,-10.142,-10.142,-11.279,,-8.869,-8.869,-8.869,,-10.142,
05-07-2026-Thu 13-31-07-PM,-11.246,-11.246,-8.869,-8.869,-8.869,-10.074,-10.074,-10.074,-11.246,,-8.869,-8.869,-8.869,,-10.074,
05-07-2026-Thu 13-31-08-PM,-11.279,-11.279,-8.869,-8.869,-8.869,-10.108,-10.108,-10.108,-11.279,,-8.869,-8.869,-8.869,,-10.108,
05-07-2026-Thu 13-31-10-PM,-11.279,-11.279,-8.903,-8.903,-8.903,-10.142,-10.142,-10.142,-11.279,,-8.903,-8.903,-8.903,,-10.142,
05-07-2026-Thu 13-31-11-PM,-11.279,-11.279,-8.869,-8.869,-8.869,-10.074,-10.074,-10.074,-11.279,,-8.869,-8.869,-8.869,,-10.074,
05-07-2026-Thu 13-31-13-PM,-11.279,-11.279,-8.903,-8.903,-8.903,-10.142,-10.142,-10.142,-11.279,,-8.903,-8.903,-8.903,,-10.142,
05-07-2026-Thu 13-31-14-PM,-11.313,-11.313,-8.936,-8.936,-8.936,-10.142,-10.142,-10.142,-11.313,,-8.936,-8.936,-8.936,,-10.142,
05-07-2026-Thu 13-31-15-PM,-11.346,-11.346,-8.936,-8.936,-8.936,-10.142,-10.142,-10.142,-11.346,,-8.936,-8.936,-8.936,,-10.142,
05-07-2026-Thu 13-31-17-PM,-11.313,-11.313,-8.936,-8.936,-8.936,-10.142,-10.142,-10.142,-11.313,,-8.936,-8.936,-8.936,,-10.142,
05-07-2026-Thu 13-31-18-PM,-11.313,-11.313,-8.936,-8.936,-8.936,-10.175,-10.175,-10.175,-11.313,,-8.936,-8.936,-8.936,,-10.175,
05-07-2026-Thu 13-31-19-PM,-11.346,-11.346,-8.936,-8.936,-8.936,-10.208,-10.208,-10.208,-11.346,,-8.936,-8.936,-8.936,,-10.208,
05-07-2026-Thu 13-31-21-PM,-11.346,-11.346,-8.97,-8.97,-8.97,-10.175,-10.175,-10.175,-11.346,,-8.97,-8.97,-8.97,,-10.175,
05-07-2026-Thu 13-31-22-PM,-11.346,-11.346,-8.936,-8.936,-8.936,-10.175,-10.175,-10.175,-11.346,,-8.936,-8.936,-8.936,,-10.175,
05-07-2026-Thu 13-31-24-PM,-11.346,-11.346,-8.97,-8.97,-8.97,-10.208,-10.208,-10.208,-11.346,,-8.97,-8.97,-8.97,,-10.208,
05-07-2026-Thu 13-31-25-PM,-11.346,-11.346,-8.97,-8.97,-8.97,-10.242,-10.242,-10.242,-11.346,,-8.97,-8.97,-8.97,,-10.242,
05-07-2026-Thu 13-31-27-PM,-11.246,-11.246,-8.97,-8.97,-8.97,-10.208,-10.208,-10.208,-11.246,,-8.97,-8.97,-8.97,,-10.208,
05-07-2026-Thu 13-31-28-PM,-11.313,-11.313,-9.003,-9.003,-9.003,-10.309,-10.309,-10.309,-11.313,,-9.003,-9.003,-9.003,,-10.309,
05-07-2026-Thu 13-31-29-PM,-11.313,-11.313,-9.003,-9.003,-9.003,-10.242,-10.242,-10.242,-11.313,,-9.003,-9.003,-9.003,,-10.242,
05-07-2026-Thu 13-31-31-PM,-11.346,-11.346,-9.037,-9.037,-9.037,-10.242,-10.242,-10.242,-11.346,,-9.037,-9.037,-9.037,,-10.242,
05-07-2026-Thu 13-31-32-PM,-11.38,-11.38,-9.037,-9.037,-9.037,-10.208,-10.208,-10.208,-11.38,,-9.037,-9.037,-9.037,,-10.208,
05-07-2026-Thu 13-31-34-PM,-11.346,-11.346,-9.003,-9.003,-9.003,-10.175,-10.175,-10.175,-11.346,,-9.003,-9.003,-9.003,,-10.175,
05-07-2026-Thu 13-31-37-PM,-11.346,-11.346,-9.07,-9.07,-9.07,-10.275,-10.275,-10.275,-11.346,,-9.07,-9.07,-9.07,,-10.275,
05-07-2026-Thu 13-31-39-PM,-11.413,-11.413,-9.037,-9.037,-9.037,-10.275,-10.275,-10.275,-11.413,,-9.037,-9.037,-9.037,,-10.275,
05-07-2026-Thu 13-31-42-PM,-11.413,-11.413,-9.07,-9.07,-9.07,-10.275,-10.275,-10.275,-11.413,,-9.07,-9.07,-9.07,,-10.275,
05-07-2026-Thu 13-31-45-PM,-11.447,-11.447,-9.104,-9.104,-9.104,-10.275,-10.275,-10.275,-11.447,,-9.104,-9.104,-9.104,,-10.275,
05-07-2026-Thu 13-31-48-PM,-11.447,-11.447,-9.104,-9.104,-9.104,-10.309,-10.309,-10.309,-11.447,,-9.104,-9.104,-9.104,,-10.309,
05-07-2026-Thu 13-31-49-PM,-11.48,-11.48,-9.137,-9.137,-9.137,-10.342,-10.342,-10.342,-11.48,,-9.137,-9.137,-9.137,,-10.342,
05-07-2026-Thu 13-31-52-PM,-11.48,-11.48,-9.137,-9.137,-9.137,-10.376,-10.376,-10.376,-11.48,,-9.137,-9.137,-9.137,,-10.376,
05-07-2026-Thu 13-31-53-PM,-11.514,-11.514,-9.137,-9.137,-9.137,-10.376,-10.376,-10.376,-11.514,,-9.137,-9.137,-9.137,,-10.376,
05-07-2026-Thu 13-31-55-PM,-11.48,-11.48,-9.137,-9.137,-9.137,-10.342,-10.342,-10.342,-11.48,,-9.137,-9.137,-9.137,,-10.342,
05-07-2026-Thu 13-31-56-PM,-11.514,-11.514,-9.171,-9.171,-9.171,-10.376,-10.376,-10.376,-11.514,,-9.171,-9.171,-9.171,,-10.376,
05-07-2026-Thu 13-31-58-PM,-11.514,-11.514,-9.171,-9.171,-9.171,-10.409,-10.409,-10.409,-11.514,,-9.171,-9.171,-9.171,,-10.409,
05-07-2026-Thu 13-31-59-PM,-11.514,-11.514,-9.171,-9.171,-9.171,-10.443,-10.443,-10.443,-11.514,,-9.171,-9.171,-9.171,,-10.443,
05-07-2026-Thu 13-32-00-PM,-11.514,-11.514,-9.204,-9.204,-9.204,-10.409,-10.409,-10.409,-11.514,,-9.204,-9.204,-9.204,,-10.409,
05-07-2026-Thu 13-32-02-PM,-11.547,-11.547,-9.204,-9.204,-9.204,-10.443,-10.443,-10.443,-11.547,,-9.204,-9.204,-9.204,,-10.443,
05-07-2026-Thu 13-32-03-PM,-11.547,-11.547,-9.237,-9.237,-9.237,-10.409,-10.409,-10.409,-11.547,,-9.237,-9.237,-9.237,,-10.409,
05-07-2026-Thu 13-32-05-PM,-11.547,-11.547,-9.237,-9.237,-9.237,-10.443,-10.443,-10.443,-11.547,,-9.237,-9.237,-9.237,,-10.443,
05-07-2026-Thu 13-32-06-PM,-11.58,-11.58,-9.271,-9.271,-9.271,-10.51,-10.51,-10.51,-11.58,,-9.271,-9.271,-9.271,,-10.51,
05-07-2026-Thu 13-32-08-PM,-11.614,-11.614,-9.304,-9.304,-9.304,-10.543,-10.543,-10.543,-11.614,,-9.304,-9.304,-9.304,,-10.543,
05-07-2026-Thu 13-32-09-PM,-11.648,-11.648,-9.271,-9.271,-9.271,-10.51,-10.51,-10.51,-11.648,,-9.271,-9.271,-9.271,,-10.51,
05-07-2026-Thu 13-32-10-PM,-11.681,-11.681,-9.338,-9.338,-9.338,-10.61,-10.61,-10.61,-11.681,,-9.338,-9.338,-9.338,,-10.61,
05-07-2026-Thu 13-32-12-PM,-11.681,-11.681,-9.405,-9.405,-9.405,-10.644,-10.644,-10.644,-11.681,,-9.405,-9.405,-9.405,,-10.644,
05-07-2026-Thu 13-32-13-PM,-11.714,-11.714,-9.371,-9.371,-9.371,-10.71,-10.71,-10.71,-11.714,,-9.371,-9.371,-9.371,,-10.71,
05-07-2026-Thu 13-32-15-PM,-11.748,-11.748,-9.405,-9.405,-9.405,-10.644,-10.644,-10.644,-11.748,,-9.405,-9.405,-9.405,,-10.644,
05-07-2026-Thu 13-32-16-PM,-11.748,-11.748,-9.438,-9.438,-9.438,-10.71,-10.71,-10.71,-11.748,,-9.438,-9.438,-9.438,,-10.71,
05-07-2026-Thu 13-32-17-PM,-11.748,-11.748,-9.472,-9.472,-9.472,-10.777,-10.777,-10.777,-11.748,,-9.472,-9.472,-9.472,,-10.777,
05-07-2026-Thu 13-32-19-PM,-11.781,-11.781,-9.505,-9.505,-9.505,-10.777,-10.777,-10.777,-11.781,,-9.505,-9.505,-9.505,,-10.777,
05-07-2026-Thu 13-32-20-PM,-11.815,-11.815,-9.539,-9.539,-9.539,-10.811,-10.811,-10.811,-11.815,,-9.539,-9.539,-9.539,,-10.811,
05-07-2026-Thu 13-32-22-PM,-11.882,-11.882,-9.572,-9.572,-9.572,-10.844,-10.844,-10.844,-11.882,,-9.572,-9.572,-9.572,,-10.844,
05-07-2026-Thu 13-32-23-PM,-11.882,-11.882,-9.606,-9.606,-9.606,-10.844,-10.844,-10.844,-11.882,,-9.606,-9.606,-9.606,,-10.844,
05-07-2026-Thu 13-32-24-PM,-11.915,-11.915,-9.639,-9.639,-9.639,-10.878,-10.878,-10.878,-11.915,,-9.639,-9.639,-9.639,,-10.878,
05-07-2026-Thu 13-32-26-PM,-11.949,-11.949,-9.673,-9.673,-9.673,-10.878,-10.878,-10.878,-11.949,,-9.673,-9.673,-9.673,,-10.878,
05-07-2026-Thu 13-32-27-PM,-11.982,-11.982,-9.706,-9.706,-9.706,-10.945,-10.945,-10.945,-11.982,,-9.706,-9.706,-9.706,,-10.945,
05-07-2026-Thu 13-32-29-PM,-11.982,-11.982,-9.706,-9.706,-9.706,-10.945,-10.945,-10.945,-11.982,,-9.706,-9.706,-9.706,,-10.945,
05-07-2026-Thu 13-32-30-PM,-12.016,-12.016,-9.74,-9.74,-9.74,-10.911,-10.911,-10.911,-12.016,,-9.74,-9.74,-9.74,,-10.911,
05-07-2026-Thu 13-32-31-PM,-12.049,-12.049,-9.773,-9.773,-9.773,-10.978,-10.978,-10.978,-12.049,,-9.773,-9.773,-9.773,,-10.978,
05-07-2026-Thu 13-32-33-PM,-12.082,-12.082,-9.773,-9.773,-9.773,-11.078,-11.078,-11.078,-12.082,,-9.773,-9.773,-9.773,,-11.078,
05-07-2026-Thu 13-32-34-PM,-12.116,-12.116,-9.84,-9.84,-9.84,-11.146,-11.146,-11.146,-12.116,,-9.84,-9.84,-9.84,,-11.146,
05-07-2026-Thu 13-32-35-PM,-12.149,-12.149,-9.874,-9.874,-9.874,-11.112,-11.112,-11.112,-12.149,,-9.874,-9.874,-9.874,,-11.112,
05-07-2026-Thu 13-32-37-PM,-12.149,-12.149,-9.907,-9.907,-9.907,-11.179,-11.179,-11.179,-12.149,,-9.907,-9.907,-9.907,,-11.179,
05-07-2026-Thu 13-32-39-PM,-12.183,-12.183,-9.941,-9.941,-9.941,-11.212,-11.212,-11.212,-12.183,,-9.941,-9.941,-9.941,,-11.212,
05-07-2026-Thu 13-32-40-PM,-12.216,-12.216,-9.974,-9.974,-9.974,-11.179,-11.179,-11.179,-12.216,,-9.974,-9.974,-9.974,,-11.179,
05-07-2026-Thu 13-32-41-PM,-12.25,-12.25,-10.008,-10.008,-10.008,-11.246,-11.246,-11.246,-12.25,,-10.008,-10.008,-10.008,,-11.246,
05-07-2026-Thu 13-32-43-PM,-12.283,-12.283,-10.041,-10.041,-10.041,-11.246,-11.246,-11.246,-12.283,,-10.041,-10.041,-10.041,,-11.246,
05-07-2026-Thu 13-32-44-PM,-12.283,-12.283,-10.074,-10.074,-10.074,-11.279,-11.279,-11.279,-12.283,,-10.074,-10.074,-10.074,,-11.279,
05-07-2026-Thu 13-32-46-PM,-12.35,-12.35,-10.108,-10.108,-10.108,-11.346,-11.346,-11.346,-12.35,,-10.108,-10.108,-10.108,,-11.346,
05-07-2026-Thu 13-32-47-PM,-12.35,-12.35,-10.142,-10.142,-10.142,-11.346,-11.346,-11.346,-12.35,,-10.142,-10.142,-10.142,,-11.346,
05-07-2026-Thu 13-32-48-PM,-12.384,-12.384,-10.175,-10.175,-10.175,-11.38,-11.38,-11.38,-12.384,,-10.175,-10.175,-10.175,,-11.38,
05-07-2026-Thu 13-32-50-PM,-12.45,-12.45,-10.208,-10.208,-10.208,-11.38,-11.38,-11.38,-12.45,,-10.208,-10.208,-10.208,,-11.38,
05-07-2026-Thu 13-32-51-PM,-12.484,-12.484,-10.242,-10.242,-10.242,-11.413,-11.413,-11.413,-12.484,,-10.242,-10.242,-10.242,,-11.413,
05-07-2026-Thu 13-32-52-PM,-12.484,-12.484,-10.242,-10.242,-10.242,-11.514,-11.514,-11.514,-12.484,,-10.242,-10.242,-10.242,,-11.514,
05-07-2026-Thu 13-32-54-PM,-12.517,-12.517,-10.309,-10.309,-10.309,-11.514,-11.514,-11.514,-12.517,,-10.309,-10.309,-10.309,,-11.514,
05-07-2026-Thu 13-32-55-PM,-12.551,-12.551,-10.342,-10.342,-10.342,-11.48,-11.48,-11.48,-12.551,,-10.342,-10.342,-10.342,,-11.48,
05-07-2026-Thu 13-32-57-PM,-12.551,-12.551,-10.342,-10.342,-10.342,-11.547,-11.547,-11.547,-12.551,,-10.342,-10.342,-10.342,,-11.547,
05-07-2026-Thu 13-32-58-PM,-12.618,-12.618,-10.409,-10.409,-10.409,-11.547,-11.547,-11.547,-12.618,,-10.409,-10.409,-10.409,,-11.547,
05-07-2026-Thu 13-32-59-PM,-12.651,-12.651,-10.409,-10.409,-10.409,-11.614,-11.614,-11.614,-12.651,,-10.409,-10.409,-10.409,,-11.614,
05-07-2026-Thu 13-33-01-PM,-12.517,-12.517,-10.275,-10.275,-10.275,-11.614,-11.614,-11.614,-12.517,,-10.275,-10.275,-10.275,,-11.614,
05-07-2026-Thu 13-33-02-PM,-12.618,-12.618,-10.208,-10.208,-10.208,-11.648,-11.648,-11.648,-12.618,,-10.208,-10.208,-10.208,,-11.648,
05-07-2026-Thu 13-33-04-PM,-12.785,-12.785,-10.342,-10.342,-10.342,-11.681,-11.681,-11.681,-12.785,,-10.342,-10.342,-10.342,,-11.681,
05-07-2026-Thu 13-33-05-PM,-12.584,-12.584,-10.443,-10.443,-10.443,-11.714,-11.714,-11.714,-12.584,,-10.443,-10.443,-10.443,,-11.714,
05-07-2026-Thu 13-33-06-PM,-12.618,-12.618,-10.275,-10.275,-10.275,-11.748,-11.748,-11.748,-12.618,,-10.275,-10.275,-10.275,,-11.748,
05-07-2026-Thu 13-33-08-PM,-12.818,-12.818,-10.576,-10.576,-10.576,-11.781,-11.781,-11.781,-12.818,,-10.576,-10.576,-10.576,,-11.781,
05-07-2026-Thu 13-33-09-PM,-12.852,-12.852,-10.644,-10.644,-10.644,-11.781,-11.781,-11.781,-12.852,,-10.644,-10.644,-10.644,,-11.781,
05-07-2026-Thu 13-33-11-PM,-12.885,-12.885,-10.677,-10.677,-10.677,-11.815,-11.815,-11.815,-12.885,,-10.677,-10.677,-10.677,,-11.815,
05-07-2026-Thu 13-33-13-PM,-12.885,-12.885,-10.71,-10.71,-10.71,-11.848,-11.848,-11.848,-12.885,,-10.71,-10.71,-10.71,,-11.848,
05-07-2026-Thu 13-33-16-PM,-12.952,-12.952,-10.777,-10.777,-10.777,-11.882,-11.882,-11.882,-12.952,,-10.777,-10.777,-10.777,,-11.882,
05-07-2026-Thu 13-33-18-PM,-13.019,-13.019,-10.844,-10.844,-10.844,-11.949,-11.949,-11.949,-13.019,,-10.844,-10.844,-10.844,,-11.949,
05-07-2026-Thu 13-33-19-PM,-13.052,-13.052,-10.878,-10.878,-10.878,-12.016,-12.016,-12.016,-13.052,,-10.878,-10.878,-10.878,,-12.016,
05-07-2026-Thu 13-33-21-PM,-13.119,-13.119,-10.911,-10.911,-10.911,-12.016,-12.016,-12.016,-13.119,,-10.911,-10.911,-10.911,,-12.016,
05-07-2026-Thu 13-33-22-PM,-13.119,-13.119,-10.911,-10.911,-10.911,-12.049,-12.049,-12.049,-13.119,,-10.911,-10.911,-10.911,,-12.049,
05-07-2026-Thu 13-33-24-PM,-13.153,-13.153,-10.945,-10.945,-10.945,-12.082,-12.082,-12.082,-13.153,,-10.945,-10.945,-10.945,,-12.082,
05-07-2026-Thu 13-33-25-PM,-13.186,-13.186,-10.978,-10.978,-10.978,-12.082,-12.082,-12.082,-13.186,,-10.978,-10.978,-10.978,,-12.082,
05-07-2026-Thu 13-33-26-PM,-13.22,-13.22,-11.012,-11.012,-11.012,-12.116,-12.116,-12.116,-13.22,,-11.012,-11.012,-11.012,,-12.116,
05-07-2026-Thu 13-33-28-PM,-13.253,-13.253,-11.045,-11.045,-11.045,-12.116,-12.116,-12.116,-13.253,,-11.045,-11.045,-11.045,,-12.116,
05-07-2026-Thu 13-33-29-PM,-13.287,-13.287,-11.045,-11.045,-11.045,-12.183,-12.183,-12.183,-13.287,,-11.045,-11.045,-11.045,,-12.183,
05-07-2026-Thu 13-33-31-PM,-13.32,-13.32,-11.112,-11.112,-11.112,-12.216,-12.216,-12.216,-13.32,,-11.112,-11.112,-11.112,,-12.216,
05-07-2026-Thu 13-33-33-PM,-13.353,-13.353,-11.146,-11.146,-11.146,-12.216,-12.216,-12.216,-13.353,,-11.146,-11.146,-11.146,,-12.216,
05-07-2026-Thu 13-33-34-PM,-13.387,-13.387,-11.179,-11.179,-11.179,-12.25,-12.25,-12.25,-13.387,,-11.179,-11.179,-11.179,,-12.25,
05-07-2026-Thu 13-33-35-PM,-13.42,-13.42,-11.212,-11.212,-11.212,-12.283,-12.283,-12.283,-13.42,,-11.212,-11.212,-11.212,,-12.283,
05-07-2026-Thu 13-33-37-PM,-13.454,-13.454,-11.246,-11.246,-11.246,-12.35,-12.35,-12.35,-13.454,,-11.246,-11.246,-11.246,,-12.35,
05-07-2026-Thu 13-33-38-PM,-13.521,-13.521,-11.279,-11.279,-11.279,-12.417,-12.417,-12.417,-13.521,,-11.279,-11.279,-11.279,,-12.417,
05-07-2026-Thu 13-33-40-PM,-13.521,-13.521,-11.313,-11.313,-11.313,-12.384,-12.384,-12.384,-13.521,,-11.313,-11.313,-11.313,,-12.384,
05-07-2026-Thu 13-33-41-PM,-13.554,-13.554,-11.346,-11.346,-11.346,-12.384,-12.384,-12.384,-13.554,,-11.346,-11.346,-11.346,,-12.384,
05-07-2026-Thu 13-33-42-PM,-13.588,-13.588,-11.346,-11.346,-11.346,-12.417,-12.417,-12.417,-13.588,,-11.346,-11.346,-11.346,,-12.417,
05-07-2026-Thu 13-33-44-PM,-13.621,-13.621,-11.38,-11.38,-11.38,-12.417,-12.417,-12.417,-13.621,,-11.38,-11.38,-11.38,,-12.417,
05-07-2026-Thu 13-33-45-PM,-13.654,-13.654,-11.447,-11.447,-11.447,-12.45,-12.45,-12.45,-13.654,,-11.447,-11.447,-11.447,,-12.45,
05-07-2026-Thu 13-33-47-PM,-13.688,-13.688,-11.447,-11.447,-11.447,-12.517,-12.517,-12.517,-13.688,,-11.447,-11.447,-11.447,,-12.517,
05-07-2026-Thu 13-33-48-PM,-13.721,-13.721,-11.447,-11.447,-11.447,-12.517,-12.517,-12.517,-13.721,,-11.447,-11.447,-11.447,,-12.517,
05-07-2026-Thu 13-33-49-PM,-13.721,-13.721,-11.514,-11.514,-11.514,-12.517,-12.517,-12.517,-13.721,,-11.514,-11.514,-11.514,,-12.517,
05-07-2026-Thu 13-33-51-PM,-13.755,-13.755,-11.547,-11.547,-11.547,-12.517,-12.517,-12.517,-13.755,,-11.547,-11.547,-11.547,,-12.517,
05-07-2026-Thu 13-33-52-PM,-13.788,-13.788,-11.547,-11.547,-11.547,-12.618,-12.618,-12.618,-13.788,,-11.547,-11.547,-11.547,,-12.618,
05-07-2026-Thu 13-33-54-PM,-13.855,-13.855,-11.614,-11.614,-11.614,-12.684,-12.684,-12.684,-13.855,,-11.614,-11.614,-11.614,,-12.684,
05-07-2026-Thu 13-33-55-PM,-13.855,-13.855,-11.614,-11.614,-11.614,-12.651,-12.651,-12.651,-13.855,,-11.614,-11.614,-11.614,,-12.651,
05-07-2026-Thu 13-33-56-PM,-13.888,-13.888,-11.648,-11.648,-11.648,-12.718,-12.718,-12.718,-13.888,,-11.648,-11.648,-11.648,,-12.718,
05-07-2026-Thu 13-33-58-PM,-13.955,-13.955,-11.681,-11.681,-11.681,-12.684,-12.684,-12.684,-13.955,,-11.681,-11.681,-11.681,,-12.684,
05-07-2026-Thu 13-33-59-PM,-13.989,-13.989,-11.714,-11.714,-11.714,-12.718,-12.718,-12.718,-13.989,,-11.714,-11.714,-11.714,,-12.718,
05-07-2026-Thu 13-34-01-PM,-13.989,-13.989,-11.748,-11.748,-11.748,-12.751,-12.751,-12.751,-13.989,,-11.748,-11.748,-11.748,,-12.751,
05-07-2026-Thu 13-34-02-PM,-14.056,-14.056,-11.781,-11.781,-11.781,-12.751,-12.751,-12.751,-14.056,,-11.781,-11.781,-11.781,,-12.751,
05-07-2026-Thu 13-34-03-PM,-14.089,-14.089,-11.781,-11.781,-11.781,-12.785,-12.785,-12.785,-14.089,,-11.781,-11.781,-11.781,,-12.785,
05-07-2026-Thu 13-34-05-PM,-14.089,-14.089,-11.815,-11.815,-11.815,-12.818,-12.818,-12.818,-14.089,,-11.815,-11.815,-11.815,,-12.818,
05-07-2026-Thu 13-34-07-PM,-14.122,-14.122,-11.848,-11.848,-11.848,-12.818,-12.818,-12.818,-14.122,,-11.848,-11.848,-11.848,,-12.818,
05-07-2026-Thu 13-34-08-PM,-14.156,-14.156,-11.915,-11.915,-11.915,-12.852,-12.852,-12.852,-14.156,,-11.915,-11.915,-11.915,,-12.852,
05-07-2026-Thu 13-34-09-PM,-14.189,-14.189,-11.915,-11.915,-11.915,-12.885,-12.885,-12.885,-14.189,,-11.915,-11.915,-11.915,,-12.885,
05-07-2026-Thu 13-34-11-PM,-14.189,-14.189,-11.949,-11.949,-11.949,-12.986,-12.986,-12.986,-14.189,,-11.949,-11.949,-11.949,,-12.986,
05-07-2026-Thu 13-34-12-PM,-14.256,-14.256,-11.949,-11.949,-11.949,-12.986,-12.986,-12.986,-14.256,,-11.949,-11.949,-11.949,,-12.986,
05-07-2026-Thu 13-34-14-PM,-14.256,-14.256,-12.016,-12.016,-12.016,-12.986,-12.986,-12.986,-14.256,,-12.016,-12.016,-12.016,,-12.986,
05-07-2026-Thu 13-34-15-PM,-14.323,-14.323,-12.049,-12.049,-12.049,-13.019,-13.019,-13.019,-14.323,,-12.049,-12.049,-12.049,,-13.019,
05-07-2026-Thu 13-34-16-PM,-14.323,-14.323,-12.049,-12.049,-12.049,-12.986,-12.986,-12.986,-14.323,,-12.049,-12.049,-12.049,,-12.986,
05-07-2026-Thu 13-34-18-PM,-14.39,-14.39,-12.082,-12.082,-12.082,-13.019,-13.019,-13.019,-14.39,,-12.082,-12.082,-12.082,,-13.019,
05-07-2026-Thu 13-34-20-PM,-14.39,-14.39,-12.116,-12.116,-12.116,-13.019,-13.019,-13.019,-14.39,,-12.116,-12.116,-12.116,,-13.019,
05-07-2026-Thu 13-34-21-PM,-14.457,-14.457,-12.149,-12.149,-12.149,-13.086,-13.086,-13.086,-14.457,,-12.149,-12.149,-12.149,,-13.086,
05-07-2026-Thu 13-34-22-PM,-14.49,-14.49,-12.149,-12.149,-12.149,-13.119,-13.119,-13.119,-14.49,,-12.149,-12.149,-12.149,,-13.119,
05-07-2026-Thu 13-34-24-PM,-14.49,-14.49,-12.183,-12.183,-12.183,-13.153,-13.153,-13.153,-14.49,,-12.183,-12.183,-12.183,,-13.153,
05-07-2026-Thu 13-34-25-PM,-14.524,-14.524,-12.216,-12.216,-12.216,-13.186,-13.186,-13.186,-14.524,,-12.216,-12.216,-12.216,,-13.186,
05-07-2026-Thu 13-34-27-PM,-14.557,-14.557,-12.216,-12.216,-12.216,-13.22,-13.22,-13.22,-14.557,,-12.216,-12.216,-12.216,,-13.22,
05-07-2026-Thu 13-34-28-PM,-14.59,-14.59,-12.25,-12.25,-12.25,-13.253,-13.253,-13.253,-14.59,,-12.25,-12.25,-12.25,,-13.253,
05-07-2026-Thu 13-34-29-PM,-14.624,-14.624,-12.317,-12.317,-12.317,-13.22,-13.22,-13.22,-14.624,,-12.317,-12.317,-12.317,,-13.22,
05-07-2026-Thu 13-34-31-PM,-14.624,-14.624,-12.317,-12.317,-12.317,-13.32,-13.32,-13.32,-14.624,,-12.317,-12.317,-12.317,,-13.32,
05-07-2026-Thu 13-34-32-PM,-14.657,-14.657,-12.35,-12.35,-12.35,-13.32,-13.32,-13.32,-14.657,,-12.35,-12.35,-12.35,,-13.32,
05-07-2026-Thu 13-34-33-PM,-14.691,-14.691,-12.384,-12.384,-12.384,-13.287,-13.287,-13.287,-14.691,,-12.384,-12.384,-12.384,,-13.287,
05-07-2026-Thu 13-34-35-PM,-14.758,-14.758,-12.384,-12.384,-12.384,-13.353,-13.353,-13.353,-14.758,,-12.384,-12.384,-12.384,,-13.353,
05-07-2026-Thu 13-34-36-PM,-14.758,-14.758,-12.45,-12.45,-12.45,-13.387,-13.387,-13.387,-14.758,,-12.45,-12.45,-12.45,,-13.387,
05-07-2026-Thu 13-34-38-PM,-14.791,-14.791,-12.45,-12.45,-12.45,-13.353,-13.353,-13.353,-14.791,,-12.45,-12.45,-12.45,,-13.353,
05-07-2026-Thu 13-34-39-PM,-14.791,-14.791,-12.484,-12.484,-12.484,-13.42,-13.42,-13.42,-14.791,,-12.484,-12.484,-12.484,,-13.42,
05-07-2026-Thu 13-34-40-PM,-14.858,-14.858,-12.517,-12.517,-12.517,-13.454,-13.454,-13.454,-14.858,,-12.517,-12.517,-12.517,,-13.454,
05-07-2026-Thu 13-34-42-PM,-14.858,-14.858,-12.517,-12.517,-12.517,-13.487,-13.487,-13.487,-14.858,,-12.517,-12.517,-12.517,,-13.487,
05-07-2026-Thu 13-34-43-PM,-14.925,-14.925,-12.551,-12.551,-12.551,-13.487,-13.487,-13.487,-14.925,,-12.551,-12.551,-12.551,,-13.487,
05-07-2026-Thu 13-34-45-PM,-14.925,-14.925,-12.584,-12.584,-12.584,-13.554,-13.554,-13.554,-14.925,,-12.584,-12.584,-12.584,,-13.554,
05-07-2026-Thu 13-34-46-PM,-14.958,-14.958,-12.618,-12.618,-12.618,-13.521,-13.521,-13.521,-14.958,,-12.618,-12.618,-12.618,,-13.521,
05-07-2026-Thu 13-34-48-PM,-14.992,-14.992,-12.651,-12.651,-12.651,-13.588,-13.588,-13.588,-14.992,,-12.651,-12.651,-12.651,,-13.588,
05-07-2026-Thu 13-34-49-PM,-15.025,-15.025,-12.684,-12.684,-12.684,-13.588,-13.588,-13.588,-15.025,,-12.684,-12.684,-12.684,,-13.588,
05-07-2026-Thu 13-34-50-PM,-15.058,-15.058,-12.684,-12.684,-12.684,-13.621,-13.621,-13.621,-15.058,,-12.684,-12.684,-12.684,,-13.621,
05-07-2026-Thu 13-34-52-PM,-14.825,-14.825,-12.45,-12.45,-12.45,-13.621,-13.621,-13.621,-14.825,,-12.45,-12.45,-12.45,,-13.621,
05-07-2026-Thu 13-34-53-PM,-14.825,-14.825,-12.45,-12.45,-12.45,-13.654,-13.654,-13.654,-14.825,,-12.45,-12.45,-12.45,,-13.654,
05-07-2026-Thu 13-34-55-PM,-15.025,-15.025,-12.785,-12.785,-12.785,-13.654,-13.654,-13.654,-15.025,,-12.785,-12.785,-12.785,,-13.654,
05-07-2026-Thu 13-34-56-PM,-14.958,-14.958,-12.484,-12.484,-12.484,-13.721,-13.721,-13.721,-14.958,,-12.484,-12.484,-12.484,,-13.721,
05-07-2026-Thu 13-34-57-PM,-14.891,-14.891,-12.618,-12.618,-12.618,-13.755,-13.755,-13.755,-14.891,,-12.618,-12.618,-12.618,,-13.755,
05-07-2026-Thu 13-34-59-PM,-15.159,-15.159,-12.818,-12.818,-12.818,-13.721,-13.721,-13.721,-15.159,,-12.818,-12.818,-12.818,,-13.721,
05-07-2026-Thu 13-35-00-PM,-15.259,-15.259,-12.852,-12.852,-12.852,-13.788,-13.788,-13.788,-15.259,,-12.852,-12.852,-12.852,,-13.788,
05-07-2026-Thu 13-35-01-PM,-15.259,-15.259,-12.852,-12.852,-12.852,-13.788,-13.788,-13.788,-15.259,,-12.852,-12.852,-12.852,,-13.788,
05-07-2026-Thu 13-35-03-PM,-15.292,-15.292,-12.885,-12.885,-12.885,-13.855,-13.855,-13.855,-15.292,,-12.885,-12.885,-12.885,,-13.855,
05-07-2026-Thu 13-35-04-PM,-15.292,-15.292,-12.919,-12.919,-12.919,-13.788,-13.788,-13.788,-15.292,,-12.919,-12.919,-12.919,,-13.788,
05-07-2026-Thu 13-35-06-PM,-15.326,-15.326,-12.952,-12.952,-12.952,-13.855,-13.855,-13.855,-15.326,,-12.952,-12.952,-12.952,,-13.855,
05-07-2026-Thu 13-35-07-PM,-15.359,-15.359,-12.952,-12.952,-12.952,-13.888,-13.888,-13.888,-15.359,,-12.952,-12.952,-12.952,,-13.888,
05-07-2026-Thu 13-35-08-PM,-15.393,-15.393,-12.986,-12.986,-12.986,-13.888,-13.888,-13.888,-15.393,,-12.986,-12.986,-12.986,,-13.888,
05-07-2026-Thu 13-35-10-PM,-15.393,-15.393,-12.986,-12.986,-12.986,-13.955,-13.955,-13.955,-15.393,,-12.986,-12.986,-12.986,,-13.955,
05-07-2026-Thu 13-35-11-PM,-15.426,-15.426,-13.052,-13.052,-13.052,-13.989,-13.989,-13.989,-15.426,,-13.052,-13.052,-13.052,,-13.989,
05-07-2026-Thu 13-35-13-PM,-15.46,-15.46,-13.052,-13.052,-13.052,-13.955,-13.955,-13.955,-15.46,,-13.052,-13.052,-13.052,,-13.955,
05-07-2026-Thu 13-35-14-PM,-15.46,-15.46,-13.086,-13.086,-13.086,-14.022,-14.022,-14.022,-15.46,,-13.086,-13.086,-13.086,,-14.022,
05-07-2026-Thu 13-35-16-PM,-15.526,-15.526,-13.119,-13.119,-13.119,-14.022,-14.022,-14.022,-15.526,,-13.119,-13.119,-13.119,,-14.022,
05-07-2026-Thu 13-35-17-PM,-15.526,-15.526,-13.119,-13.119,-13.119,-14.022,-14.022,-14.022,-15.526,,-13.119,-13.119,-13.119,,-14.022,
05-07-2026-Thu 13-35-19-PM,-15.56,-15.56,-13.153,-13.153,-13.153,-14.056,-14.056,-14.056,-15.56,,-13.153,-13.153,-13.153,,-14.056,
05-07-2026-Thu 13-35-20-PM,-15.593,-15.593,-13.153,-13.153,-13.153,-14.056,-14.056,-14.056,-15.593,,-13.153,-13.153,-13.153,,-14.056,
05-07-2026-Thu 13-35-21-PM,-15.627,-15.627,-13.186,-13.186,-13.186,-14.056,-14.056,-14.056,-15.627,,-13.186,-13.186,-13.186,,-14.056,
05-07-2026-Thu 13-35-23-PM,-15.627,-15.627,-13.22,-13.22,-13.22,-14.022,-14.022,-14.022,-15.627,,-13.22,-13.22,-13.22,,-14.022,
05-07-2026-Thu 13-35-24-PM,-15.66,-15.66,-13.253,-13.253,-13.253,-14.156,-14.156,-14.156,-15.66,,-13.253,-13.253,-13.253,,-14.156,
05-07-2026-Thu 13-35-27-PM,-15.694,-15.694,-13.253,-13.253,-13.253,-14.156,-14.156,-14.156,-15.694,,-13.253,-13.253,-13.253,,-14.156,
05-07-2026-Thu 13-35-30-PM,-15.727,-15.727,-13.32,-13.32,-13.32,-14.223,-14.223,-14.223,-15.727,,-13.32,-13.32,-13.32,,-14.223,
05-07-2026-Thu 13-35-32-PM,-15.794,-15.794,-13.353,-13.353,-13.353,-14.223,-14.223,-14.223,-15.794,,-13.353,-13.353,-13.353,,-14.223,
05-07-2026-Thu 13-35-33-PM,-15.827,-15.827,-13.353,-13.353,-13.353,-14.29,-14.29,-14.29,-15.827,,-13.353,-13.353,-13.353,,-14.29,
05-07-2026-Thu 13-35-34-PM,-15.827,-15.827,-13.42,-13.42,-13.42,-14.356,-14.356,-14.356,-15.827,,-13.42,-13.42,-13.42,,-14.356,
05-07-2026-Thu 13-35-36-PM,-15.861,-15.861,-13.42,-13.42,-13.42,-14.256,-14.256,-14.256,-15.861,,-13.42,-13.42,-13.42,,-14.256,
05-07-2026-Thu 13-35-37-PM,-15.894,-15.894,-13.42,-13.42,-13.42,-14.356,-14.356,-14.356,-15.894,,-13.42,-13.42,-13.42,,-14.356,
05-07-2026-Thu 13-35-39-PM,-15.894,-15.894,-13.454,-13.454,-13.454,-14.39,-14.39,-14.39,-15.894,,-13.454,-13.454,-13.454,,-14.39,
05-07-2026-Thu 13-35-40-PM,-15.927,-15.927,-13.487,-13.487,-13.487,-14.356,-14.356,-14.356,-15.927,,-13.487,-13.487,-13.487,,-14.356,
05-07-2026-Thu 13-35-42-PM,-15.961,-15.961,-13.487,-13.487,-13.487,-14.423,-14.423,-14.423,-15.961,,-13.487,-13.487,-13.487,,-14.423,
05-07-2026-Thu 13-35-43-PM,-15.994,-15.994,-13.521,-13.521,-13.521,-14.39,-14.39,-14.39,-15.994,,-13.521,-13.521,-13.521,,-14.39,
05-07-2026-Thu 13-35-45-PM,-16.028,-16.028,-13.588,-13.588,-13.588,-14.49,-14.49,-14.49,-16.028,,-13.588,-13.588,-13.588,,-14.49,
05-07-2026-Thu 13-35-46-PM,-16.061,-16.061,-13.588,-13.588,-13.588,-14.457,-14.457,-14.457,-16.061,,-13.588,-13.588,-13.588,,-14.457,
05-07-2026-Thu 13-35-47-PM,-15.794,-15.794,-13.654,-13.654,-13.654,-14.457,-14.457,-14.457,-15.794,,-13.654,-13.654,-13.654,,-14.457,
05-07-2026-Thu 13-35-49-PM,-15.827,-15.827,-13.588,-13.588,-13.588,-14.49,-14.49,-14.49,-15.827,,-13.588,-13.588,-13.588,,-14.49,
05-07-2026-Thu 13-35-50-PM,-15.894,-15.894,-13.654,-13.654,-13.654,-14.524,-14.524,-14.524,-15.894,,-13.654,-13.654,-13.654,,-14.524,
05-07-2026-Thu 13-35-51-PM,-15.894,-15.894,-13.387,-13.387,-13.387,-14.557,-14.557,-14.557,-15.894,,-13.387,-13.387,-13.387,,-14.557,
05-07-2026-Thu 13-35-53-PM,-16.128,-16.128,-13.688,-13.688,-13.688,-14.624,-14.624,-14.624,-16.128,,-13.688,-13.688,-13.688,,-14.624,
05-07-2026-Thu 13-35-54-PM,-16.161,-16.161,-13.688,-13.688,-13.688,-14.557,-14.557,-14.557,-16.161,,-13.688,-13.688,-13.688,,-14.557,
05-07-2026-Thu 13-35-56-PM,-16.228,-16.228,-13.688,-13.688,-13.688,-14.59,-14.59,-14.59,-16.228,,-13.688,-13.688,-13.688,,-14.59,
05-07-2026-Thu 13-35-57-PM,-16.228,-16.228,-13.721,-13.721,-13.721,-14.657,-14.657,-14.657,-16.228,,-13.721,-13.721,-13.721,,-14.657,
05-07-2026-Thu 13-35-58-PM,-16.228,-16.228,-13.755,-13.755,-13.755,-14.624,-14.624,-14.624,-16.228,,-13.755,-13.755,-13.755,,-14.624,
05-07-2026-Thu 13-36-00-PM,-16.262,-16.262,-13.755,-13.755,-13.755,-14.624,-14.624,-14.624,-16.262,,-13.755,-13.755,-13.755,,-14.624,
05-07-2026-Thu 13-36-01-PM,-16.295,-16.295,-13.788,-13.788,-13.788,-14.724,-14.724,-14.724,-16.295,,-13.788,-13.788,-13.788,,-14.724,
05-07-2026-Thu 13-36-03-PM,-16.295,-16.295,-13.822,-13.822,-13.822,-14.657,-14.657,-14.657,-16.295,,-13.822,-13.822,-13.822,,-14.657,
05-07-2026-Thu 13-36-04-PM,-16.362,-16.362,-13.822,-13.822,-13.822,-14.724,-14.724,-14.724,-16.362,,-13.822,-13.822,-13.822,,-14.724,
05-07-2026-Thu 13-36-05-PM,-16.328,-16.328,-13.855,-13.855,-13.855,-14.758,-14.758,-14.758,-16.328,,-13.855,-13.855,-13.855,,-14.758,
05-07-2026-Thu 13-36-07-PM,-16.362,-16.362,-13.888,-13.888,-13.888,-14.758,-14.758,-14.758,-16.362,,-13.888,-13.888,-13.888,,-14.758,
05-07-2026-Thu 13-36-08-PM,-16.395,-16.395,-13.888,-13.888,-13.888,-14.825,-14.825,-14.825,-16.395,,-13.888,-13.888,-13.888,,-14.825,
05-07-2026-Thu 13-36-10-PM,-16.395,-16.395,-13.922,-13.922,-13.922,-14.791,-14.791,-14.791,-16.395,,-13.922,-13.922,-13.922,,-14.791,
05-07-2026-Thu 13-36-11-PM,-16.462,-16.462,-13.922,-13.922,-13.922,-14.925,-14.925,-14.925,-16.462,,-13.922,-13.922,-13.922,,-14.925,
05-07-2026-Thu 13-36-12-PM,-16.462,-16.462,-13.989,-13.989,-13.989,-14.891,-14.891,-14.891,-16.462,,-13.989,-13.989,-13.989,,-14.891,
05-07-2026-Thu 13-36-14-PM,-16.462,-16.462,-13.955,-13.955,-13.955,-14.858,-14.858,-14.858,-16.462,,-13.955,-13.955,-13.955,,-14.858,
05-07-2026-Thu 13-36-15-PM,-16.496,-16.496,-13.989,-13.989,-13.989,-14.925,-14.925,-14.925,-16.496,,-13.989,-13.989,-13.989,,-14.925,
05-07-2026-Thu 13-36-16-PM,-16.529,-16.529,-14.022,-14.022,-14.022,-14.891,-14.891,-14.891,-16.529,,-14.022,-14.022,-14.022,,-14.891,
05-07-2026-Thu 13-36-18-PM,-16.529,-16.529,-14.056,-14.056,-14.056,-14.958,-14.958,-14.958,-16.529,,-14.056,-14.056,-14.056,,-14.958,
05-07-2026-Thu 13-36-19-PM,-16.562,-16.562,-14.056,-14.056,-14.056,-14.992,-14.992,-14.992,-16.562,,-14.056,-14.056,-14.056,,-14.992,
05-07-2026-Thu 13-36-21-PM,-16.596,-16.596,-14.056,-14.056,-14.056,-14.958,-14.958,-14.958,-16.596,,-14.056,-14.056,-14.056,,-14.958,
05-07-2026-Thu 13-36-22-PM,-16.596,-16.596,-14.122,-14.122,-14.122,-15.025,-15.025,-15.025,-16.596,,-14.122,-14.122,-14.122,,-15.025,
05-07-2026-Thu 13-36-23-PM,-16.662,-16.662,-14.122,-14.122,-14.122,-15.058,-15.058,-15.058,-16.662,,-14.122,-14.122,-14.122,,-15.058,
05-07-2026-Thu 13-36-25-PM,-16.662,-16.662,-14.156,-14.156,-14.156,-15.058,-15.058,-15.058,-16.662,,-14.156,-14.156,-14.156,,-15.058,
05-07-2026-Thu 13-36-26-PM,-16.662,-16.662,-14.156,-14.156,-14.156,-15.092,-15.092,-15.092,-16.662,,-14.156,-14.156,-14.156,,-15.092,
05-07-2026-Thu 13-36-28-PM,-16.696,-16.696,-14.223,-14.223,-14.223,-15.125,-15.125,-15.125,-16.696,,-14.223,-14.223,-14.223,,-15.125,
05-07-2026-Thu 13-36-29-PM,-16.696,-16.696,-14.223,-14.223,-14.223,-15.159,-15.159,-15.159,-16.696,,-14.223,-14.223,-14.223,,-15.159,
05-07-2026-Thu 13-36-31-PM,-16.729,-16.729,-14.256,-14.256,-14.256,-15.125,-15.125,-15.125,-16.729,,-14.256,-14.256,-14.256,,-15.125,
05-07-2026-Thu 13-36-32-PM,-16.763,-16.763,-14.256,-14.256,-14.256,-15.159,-15.159,-15.159,-16.763,,-14.256,-14.256,-14.256,,-15.159,
05-07-2026-Thu 13-36-33-PM,-16.796,-16.796,-14.256,-14.256,-14.256,-15.192,-15.192,-15.192,-16.796,,-14.256,-14.256,-14.256,,-15.192,
05-07-2026-Thu 13-36-35-PM,-16.796,-16.796,-14.256,-14.256,-14.256,-15.192,-15.192,-15.192,-16.796,,-14.256,-14.256,-14.256,,-15.192,
05-07-2026-Thu 13-36-36-PM,-16.83,-16.83,-14.29,-14.29,-14.29,-15.259,-15.259,-15.259,-16.83,,-14.29,-14.29,-14.29,,-15.259,
05-07-2026-Thu 13-36-38-PM,-16.863,-16.863,-14.323,-14.323,-14.323,-15.192,-15.192,-15.192,-16.863,,-14.323,-14.323,-14.323,,-15.192,
05-07-2026-Thu 13-36-39-PM,-16.863,-16.863,-14.323,-14.323,-14.323,-15.292,-15.292,-15.292,-16.863,,-14.323,-14.323,-14.323,,-15.292,
05-07-2026-Thu 13-36-40-PM,-16.896,-16.896,-14.356,-14.356,-14.356,-15.326,-15.326,-15.326,-16.896,,-14.356,-14.356,-14.356,,-15.326,
05-07-2026-Thu 13-36-42-PM,-16.896,-16.896,-14.356,-14.356,-14.356,-15.292,-15.292,-15.292,-16.896,,-14.356,-14.356,-14.356,,-15.292,
05-07-2026-Thu 13-36-43-PM,-16.93,-16.93,-14.39,-14.39,-14.39,-15.359,-15.359,-15.359,-16.93,,-14.39,-14.39,-14.39,,-15.359,
05-07-2026-Thu 13-36-44-PM,-16.863,-16.863,-14.423,-14.423,-14.423,-15.326,-15.326,-15.326,-16.863,,-14.423,-14.423,-14.423,,-15.326,
05-07-2026-Thu 13-36-46-PM,-16.729,-16.729,-14.29,-14.29,-14.29,-15.326,-15.326,-15.326,-16.729,,-14.29,-14.29,-14.29,,-15.326,
05-07-2026-Thu 13-36-47-PM,-16.93,-16.93,-14.39,-14.39,-14.39,-15.326,-15.326,-15.326,-16.93,,-14.39,-14.39,-14.39,,-15.326,
05-07-2026-Thu 13-36-49-PM,-16.662,-16.662,-14.323,-14.323,-14.323,-15.426,-15.426,-15.426,-16.662,,-14.323,-14.323,-14.323,,-15.426,
05-07-2026-Thu 13-36-50-PM,-16.796,-16.796,-14.557,-14.557,-14.557,-15.426,-15.426,-15.426,-16.796,,-14.557,-14.557,-14.557,,-15.426,
05-07-2026-Thu 13-36-52-PM,-16.963,-16.963,-14.423,-14.423,-14.423,-15.426,-15.426,-15.426,-16.963,,-14.423,-14.423,-14.423,,-15.426,
05-07-2026-Thu 13-36-53-PM,-16.997,-16.997,-14.223,-14.223,-14.223,-15.46,-15.46,-15.46,-16.997,,-14.223,-14.223,-14.223,,-15.46,
05-07-2026-Thu 13-36-54-PM,-17.097,-17.097,-14.557,-14.557,-14.557,-15.493,-15.493,-15.493,-17.097,,-14.557,-14.557,-14.557,,-15.493,
05-07-2026-Thu 13-36-56-PM,-17.097,-17.097,-14.557,-14.557,-14.557,-15.526,-15.526,-15.526,-17.097,,-14.557,-14.557,-14.557,,-15.526,
05-07-2026-Thu 13-36-57-PM,-17.097,-17.097,-14.557,-14.557,-14.557,-15.56,-15.56,-15.56,-17.097,,-14.557,-14.557,-14.557,,-15.56,
05-07-2026-Thu 13-36-59-PM,-17.13,-17.13,-14.59,-14.59,-14.59,-15.493,-15.493,-15.493,-17.13,,-14.59,-14.59,-14.59,,-15.493,
05-07-2026-Thu 13-37-00-PM,-17.164,-17.164,-14.59,-14.59,-14.59,-15.66,-15.66,-15.66,-17.164,,-14.59,-14.59,-14.59,,-15.66,
05-07-2026-Thu 13-37-01-PM,-17.164,-17.164,-14.624,-14.624,-14.624,-15.593,-15.593,-15.593,-17.164,,-14.624,-14.624,-14.624,,-15.593,
05-07-2026-Thu 13-37-03-PM,-17.197,-17.197,-14.657,-14.657,-14.657,-15.593,-15.593,-15.593,-17.197,,-14.657,-14.657,-14.657,,-15.593,
05-07-2026-Thu 13-37-04-PM,-17.197,-17.197,-14.657,-14.657,-14.657,-15.627,-15.627,-15.627,-17.197,,-14.657,-14.657,-14.657,,-15.627,
05-07-2026-Thu 13-37-06-PM,-17.23,-17.23,-14.657,-14.657,-14.657,-15.627,-15.627,-15.627,-17.23,,-14.657,-14.657,-14.657,,-15.627,
05-07-2026-Thu 13-37-07-PM,-17.23,-17.23,-14.724,-14.724,-14.724,-15.66,-15.66,-15.66,-17.23,,-14.724,-14.724,-14.724,,-15.66,
05-07-2026-Thu 13-37-10-PM,-17.264,-17.264,-14.724,-14.724,-14.724,-15.76,-15.76,-15.76,-17.264,,-14.724,-14.724,-14.724,,-15.76,
05-07-2026-Thu 13-37-13-PM,-17.297,-17.297,-14.758,-14.758,-14.758,-15.694,-15.694,-15.694,-17.297,,-14.758,-14.758,-14.758,,-15.694,
05-07-2026-Thu 13-37-15-PM,-17.331,-17.331,-14.825,-14.825,-14.825,-15.727,-15.727,-15.727,-17.331,,-14.825,-14.825,-14.825,,-15.727,
05-07-2026-Thu 13-37-18-PM,-17.397,-17.397,-14.858,-14.858,-14.858,-15.794,-15.794,-15.794,-17.397,,-14.858,-14.858,-14.858,,-15.794,
05-07-2026-Thu 13-37-20-PM,-17.431,-17.431,-14.858,-14.858,-14.858,-15.794,-15.794,-15.794,-17.431,,-14.858,-14.858,-14.858,,-15.794,
05-07-2026-Thu 13-37-21-PM,-17.464,-17.464,-14.925,-14.925,-14.925,-15.827,-15.827,-15.827,-17.464,,-14.925,-14.925,-14.925,,-15.827,
05-07-2026-Thu 13-37-23-PM,-17.431,-17.431,-14.925,-14.925,-14.925,-15.861,-15.861,-15.861,-17.431,,-14.925,-14.925,-14.925,,-15.861,
05-07-2026-Thu 13-37-24-PM,-17.498,-17.498,-14.925,-14.925,-14.925,-15.861,-15.861,-15.861,-17.498,,-14.925,-14.925,-14.925,,-15.861,
05-07-2026-Thu 13-37-26-PM,-17.498,-17.498,-14.958,-14.958,-14.958,-15.927,-15.927,-15.927,-17.498,,-14.958,-14.958,-14.958,,-15.927,
05-07-2026-Thu 13-37-27-PM,-17.498,-17.498,-14.958,-14.958,-14.958,-15.927,-15.927,-15.927,-17.498,,-14.958,-14.958,-14.958,,-15.927,
05-07-2026-Thu 13-37-28-PM,-17.531,-17.531,-14.992,-14.992,-14.992,-15.894,-15.894,-15.894,-17.531,,-14.992,-14.992,-14.992,,-15.894,
05-07-2026-Thu 13-37-30-PM,-17.531,-17.531,-14.992,-14.992,-14.992,-15.894,-15.894,-15.894,-17.531,,-14.992,-14.992,-14.992,,-15.894,
05-07-2026-Thu 13-37-31-PM,-17.531,-17.531,-15.025,-15.025,-15.025,-15.961,-15.961,-15.961,-17.531,,-15.025,-15.025,-15.025,,-15.961,
05-07-2026-Thu 13-37-32-PM,-17.564,-17.564,-15.025,-15.025,-15.025,-15.994,-15.994,-15.994,-17.564,,-15.025,-15.025,-15.025,,-15.994,
05-07-2026-Thu 13-37-34-PM,-17.598,-17.598,-15.025,-15.025,-15.025,-15.994,-15.994,-15.994,-17.598,,-15.025,-15.025,-15.025,,-15.994,
05-07-2026-Thu 13-37-35-PM,-17.431,-17.431,-14.958,-14.958,-14.958,-16.061,-16.061,-16.061,-17.431,,-14.958,-14.958,-14.958,,-16.061,
05-07-2026-Thu 13-37-37-PM,-17.431,-17.431,-14.925,-14.925,-14.925,-16.061,-16.061,-16.061,-17.431,,-14.925,-14.925,-14.925,,-16.061,
05-07-2026-Thu 13-37-38-PM,-17.598,-17.598,-15.092,-15.092,-15.092,-16.061,-16.061,-16.061,-17.598,,-15.092,-15.092,-15.092,,-16.061,
05-07-2026-Thu 13-37-39-PM,-17.631,-17.631,-15.159,-15.159,-15.159,-16.094,-16.094,-16.094,-17.631,,-15.159,-15.159,-15.159,,-16.094,
05-07-2026-Thu 13-37-41-PM,-17.631,-17.631,-14.992,-14.992,-14.992,-16.061,-16.061,-16.061,-17.631,,-14.992,-14.992,-14.992,,-16.061,
05-07-2026-Thu 13-37-42-PM,-17.631,-17.631,-15.125,-15.125,-15.125,-16.128,-16.128,-16.128,-17.631,,-15.125,-15.125,-15.125,,-16.128,
05-07-2026-Thu 13-37-44-PM,-17.698,-17.698,-15.159,-15.159,-15.159,-16.128,-16.128,-16.128,-17.698,,-15.159,-15.159,-15.159,,-16.128,
05-07-2026-Thu 13-37-46-PM,-17.731,-17.731,-15.159,-15.159,-15.159,-16.128,-16.128,-16.128,-17.731,,-15.159,-15.159,-15.159,,-16.128,
05-07-2026-Thu 13-37-49-PM,-17.798,-17.798,-15.192,-15.192,-15.192,-16.128,-16.128,-16.128,-17.798,,-15.192,-15.192,-15.192,,-16.128,
05-07-2026-Thu 13-37-51-PM,-17.798,-17.798,-15.226,-15.226,-15.226,-16.228,-16.228,-16.228,-17.798,,-15.226,-15.226,-15.226,,-16.228,
05-07-2026-Thu 13-37-53-PM,-17.832,-17.832,-15.259,-15.259,-15.259,-16.262,-16.262,-16.262,-17.832,,-15.259,-15.259,-15.259,,-16.262,
05-07-2026-Thu 13-37-54-PM,-17.865,-17.865,-15.259,-15.259,-15.259,-16.262,-16.262,-16.262,-17.865,,-15.259,-15.259,-15.259,,-16.262,
05-07-2026-Thu 13-37-56-PM,-17.865,-17.865,-15.292,-15.292,-15.292,-16.228,-16.228,-16.228,-17.865,,-15.292,-15.292,-15.292,,-16.228,
05-07-2026-Thu 13-37-57-PM,-17.865,-17.865,-15.292,-15.292,-15.292,-16.262,-16.262,-16.262,-17.865,,-15.292,-15.292,-15.292,,-16.262,
05-07-2026-Thu 13-37-58-PM,-17.898,-17.898,-15.326,-15.326,-15.326,-16.328,-16.328,-16.328,-17.898,,-15.326,-15.326,-15.326,,-16.328,
05-07-2026-Thu 13-38-00-PM,-17.898,-17.898,-15.359,-15.359,-15.359,-16.295,-16.295,-16.295,-17.898,,-15.359,-15.359,-15.359,,-16.295,
05-07-2026-Thu 13-38-02-PM,-17.965,-17.965,-15.359,-15.359,-15.359,-16.295,-16.295,-16.295,-17.965,,-15.359,-15.359,-15.359,,-16.295,
05-07-2026-Thu 13-38-03-PM,-17.965,-17.965,-15.393,-15.393,-15.393,-16.328,-16.328,-16.328,-17.965,,-15.393,-15.393,-15.393,,-16.328,
05-07-2026-Thu 13-38-04-PM,-17.965,-17.965,-15.393,-15.393,-15.393,-16.328,-16.328,-16.328,-17.965,,-15.393,-15.393,-15.393,,-16.328,
05-07-2026-Thu 13-38-06-PM,-17.965,-17.965,-15.426,-15.426,-15.426,-16.395,-16.395,-16.395,-17.965,,-15.426,-15.426,-15.426,,-16.395,
05-07-2026-Thu 13-38-08-PM,-17.999,-17.999,-15.426,-15.426,-15.426,-16.395,-16.395,-16.395,-17.999,,-15.426,-15.426,-15.426,,-16.395,
05-07-2026-Thu 13-38-09-PM,-18.032,-18.032,-15.46,-15.46,-15.46,-16.395,-16.395,-16.395,-18.032,,-15.46,-15.46,-15.46,,-16.395,
05-07-2026-Thu 13-38-11-PM,-18.065,-18.065,-15.493,-15.493,-15.493,-16.429,-16.429,-16.429,-18.065,,-15.493,-15.493,-15.493,,-16.429,
05-07-2026-Thu 13-38-12-PM,-18.065,-18.065,-15.46,-15.46,-15.46,-16.496,-16.496,-16.496,-18.065,,-15.46,-15.46,-15.46,,-16.496,
05-07-2026-Thu 13-38-14-PM,-18.065,-18.065,-15.493,-15.493,-15.493,-16.462,-16.462,-16.462,-18.065,,-15.493,-15.493,-15.493,,-16.462,
05-07-2026-Thu 13-38-15-PM,-18.065,-18.065,-15.493,-15.493,-15.493,-16.462,-16.462,-16.462,-18.065,,-15.493,-15.493,-15.493,,-16.462,
05-07-2026-Thu 13-38-16-PM,-18.099,-18.099,-15.493,-15.493,-15.493,-16.529,-16.529,-16.529,-18.099,,-15.493,-15.493,-15.493,,-16.529,
05-07-2026-Thu 13-38-18-PM,-18.099,-18.099,-15.56,-15.56,-15.56,-16.496,-16.496,-16.496,-18.099,,-15.56,-15.56,-15.56,,-16.496,
05-07-2026-Thu 13-38-19-PM,-18.166,-18.166,-15.56,-15.56,-15.56,-16.529,-16.529,-16.529,-18.166,,-15.56,-15.56,-15.56,,-16.529,
05-07-2026-Thu 13-38-21-PM,-18.166,-18.166,-15.593,-15.593,-15.593,-16.562,-16.562,-16.562,-18.166,,-15.593,-15.593,-15.593,,-16.562,
05-07-2026-Thu 13-38-22-PM,-18.166,-18.166,-15.593,-15.593,-15.593,-16.562,-16.562,-16.562,-18.166,,-15.593,-15.593,-15.593,,-16.562,
05-07-2026-Thu 13-38-24-PM,-18.166,-18.166,-15.627,-15.627,-15.627,-16.596,-16.596,-16.596,-18.166,,-15.627,-15.627,-15.627,,-16.596,
05-07-2026-Thu 13-38-25-PM,-18.199,-18.199,-15.627,-15.627,-15.627,-16.629,-16.629,-16.629,-18.199,,-15.627,-15.627,-15.627,,-16.629,
05-07-2026-Thu 13-38-26-PM,-18.199,-18.199,-15.627,-15.627,-15.627,-16.596,-16.596,-16.596,-18.199,,-15.627,-15.627,-15.627,,-16.596,
05-07-2026-Thu 13-38-28-PM,-18.199,-18.199,-15.66,-15.66,-15.66,-16.696,-16.696,-16.696,-18.199,,-15.66,-15.66,-15.66,,-16.696,
05-07-2026-Thu 13-38-29-PM,-18.232,-18.232,-15.694,-15.694,-15.694,-16.662,-16.662,-16.662,-18.232,,-15.694,-15.694,-15.694,,-16.662,
05-07-2026-Thu 13-38-30-PM,-18.266,-18.266,-15.694,-15.694,-15.694,-16.729,-16.729,-16.729,-18.266,,-15.694,-15.694,-15.694,,-16.729,
05-07-2026-Thu 13-38-32-PM,-18.266,-18.266,-15.694,-15.694,-15.694,-16.696,-16.696,-16.696,-18.266,,-15.694,-15.694,-15.694,,-16.696,
05-07-2026-Thu 13-38-33-PM,-18.299,-18.299,-15.694,-15.694,-15.694,-16.696,-16.696,-16.696,-18.299,,-15.694,-15.694,-15.694,,-16.696,
05-07-2026-Thu 13-38-35-PM,-18.332,-18.332,-15.727,-15.727,-15.727,-16.729,-16.729,-16.729,-18.332,,-15.727,-15.727,-15.727,,-16.729,
05-07-2026-Thu 13-38-36-PM,-18.332,-18.332,-15.76,-15.76,-15.76,-16.729,-16.729,-16.729,-18.332,,-15.76,-15.76,-15.76,,-16.729,
05-07-2026-Thu 13-38-37-PM,-18.366,-18.366,-15.76,-15.76,-15.76,-16.729,-16.729,-16.729,-18.366,,-15.76,-15.76,-15.76,,-16.729,
05-07-2026-Thu 13-38-39-PM,-18.366,-18.366,-15.76,-15.76,-15.76,-16.729,-16.729,-16.729,-18.366,,-15.76,-15.76,-15.76,,-16.729,
05-07-2026-Thu 13-38-40-PM,-18.366,-18.366,-15.794,-15.794,-15.794,-16.763,-16.763,-16.763,-18.366,,-15.794,-15.794,-15.794,,-16.763,
05-07-2026-Thu 13-38-42-PM,-18.399,-18.399,-15.794,-15.794,-15.794,-16.796,-16.796,-16.796,-18.399,,-15.794,-15.794,-15.794,,-16.796,
05-07-2026-Thu 13-38-43-PM,-18.366,-18.366,-15.827,-15.827,-15.827,-16.83,-16.83,-16.83,-18.366,,-15.827,-15.827,-15.827,,-16.83,
05-07-2026-Thu 13-38-45-PM,-18.433,-18.433,-15.827,-15.827,-15.827,-16.863,-16.863,-16.863,-18.433,,-15.827,-15.827,-15.827,,-16.863,
05-07-2026-Thu 13-38-46-PM,-18.433,-18.433,-15.861,-15.861,-15.861,-16.863,-16.863,-16.863,-18.433,,-15.861,-15.861,-15.861,,-16.863,
05-07-2026-Thu 13-38-48-PM,-18.433,-18.433,-15.894,-15.894,-15.894,-16.863,-16.863,-16.863,-18.433,,-15.894,-15.894,-15.894,,-16.863,
05-07-2026-Thu 13-38-49-PM,-18.499,-18.499,-15.861,-15.861,-15.861,-16.896,-16.896,-16.896,-18.499,,-15.861,-15.861,-15.861,,-16.896,
05-07-2026-Thu 13-38-50-PM,-18.466,-18.466,-15.927,-15.927,-15.927,-16.896,-16.896,-16.896,-18.466,,-15.927,-15.927,-15.927,,-16.896,
05-07-2026-Thu 13-38-52-PM,-18.499,-18.499,-15.927,-15.927,-15.927,-16.896,-16.896,-16.896,-18.499,,-15.927,-15.927,-15.927,,-16.896,
05-07-2026-Thu 13-38-53-PM,-18.533,-18.533,-15.927,-15.927,-15.927,-16.963,-16.963,-16.963,-18.533,,-15.927,-15.927,-15.927,,-16.963,
05-07-2026-Thu 13-38-55-PM,-18.533,-18.533,-15.927,-15.927,-15.927,-16.93,-16.93,-16.93,-18.533,,-15.927,-15.927,-15.927,,-16.93,
05-07-2026-Thu 13-38-56-PM,-18.566,-18.566,-15.961,-15.961,-15.961,-16.963,-16.963,-16.963,-18.566,,-15.961,-15.961,-15.961,,-16.963,
05-07-2026-Thu 13-38-58-PM,-18.566,-18.566,-15.961,-15.961,-15.961,-16.997,-16.997,-16.997,-18.566,,-15.961,-15.961,-15.961,,-16.997,
05-07-2026-Thu 13-38-59-PM,-18.566,-18.566,-15.994,-15.994,-15.994,-17.03,-17.03,-17.03,-18.566,,-15.994,-15.994,-15.994,,-17.03,
05-07-2026-Thu 13-39-01-PM,-18.6,-18.6,-16.028,-16.028,-16.028,-17.03,-17.03,-17.03,-18.6,,-16.028,-16.028,-16.028,,-17.03,
05-07-2026-Thu 13-39-02-PM,-18.6,-18.6,-16.028,-16.028,-16.028,-16.997,-16.997,-16.997,-18.6,,-16.028,-16.028,-16.028,,-16.997,
05-07-2026-Thu 13-39-04-PM,-18.633,-18.633,-16.028,-16.028,-16.028,-17.063,-17.063,-17.063,-18.633,,-16.028,-16.028,-16.028,,-17.063,
05-07-2026-Thu 13-39-05-PM,-18.666,-18.666,-16.061,-16.061,-16.061,-17.063,-17.063,-17.063,-18.666,,-16.061,-16.061,-16.061,,-17.063,
05-07-2026-Thu 13-39-07-PM,-18.666,-18.666,-16.094,-16.094,-16.094,-17.063,-17.063,-17.063,-18.666,,-16.094,-16.094,-16.094,,-17.063,
05-07-2026-Thu 13-39-08-PM,-18.666,-18.666,-16.094,-16.094,-16.094,-17.097,-17.097,-17.097,-18.666,,-16.094,-16.094,-16.094,,-17.097,
05-07-2026-Thu 13-39-10-PM,-18.666,-18.666,-16.128,-16.128,-16.128,-17.097,-17.097,-17.097,-18.666,,-16.128,-16.128,-16.128,,-17.097,
05-07-2026-Thu 13-39-11-PM,-18.7,-18.7,-16.128,-16.128,-16.128,-17.13,-17.13,-17.13,-18.7,,-16.128,-16.128,-16.128,,-17.13,
05-07-2026-Thu 13-39-12-PM,-18.7,-18.7,-16.128,-16.128,-16.128,-17.164,-17.164,-17.164,-18.7,,-16.128,-16.128,-16.128,,-17.164,
05-07-2026-Thu 13-39-14-PM,-18.733,-18.733,-16.128,-16.128,-16.128,-17.13,-17.13,-17.13,-18.733,,-16.128,-16.128,-16.128,,-17.13,
05-07-2026-Thu 13-39-15-PM,-18.733,-18.733,-16.161,-16.161,-16.161,-17.23,-17.23,-17.23,-18.733,,-16.161,-16.161,-16.161,,-17.23,
05-07-2026-Thu 13-39-17-PM,-18.766,-18.766,-16.161,-16.161,-16.161,-17.197,-17.197,-17.197,-18.766,,-16.161,-16.161,-16.161,,-17.197,
05-07-2026-Thu 13-39-18-PM,-18.8,-18.8,-16.195,-16.195,-16.195,-17.197,-17.197,-17.197,-18.8,,-16.195,-16.195,-16.195,,-17.197,
05-07-2026-Thu 13-39-19-PM,-18.8,-18.8,-16.195,-16.195,-16.195,-17.197,-17.197,-17.197,-18.8,,-16.195,-16.195,-16.195,,-17.197,
05-07-2026-Thu 13-39-21-PM,-18.833,-18.833,-16.262,-16.262,-16.262,-17.264,-17.264,-17.264,-18.833,,-16.262,-16.262,-16.262,,-17.264,
05-07-2026-Thu 13-39-22-PM,-18.833,-18.833,-16.228,-16.228,-16.228,-17.23,-17.23,-17.23,-18.833,,-16.228,-16.228,-16.228,,-17.23,
05-07-2026-Thu 13-39-24-PM,-18.867,-18.867,-16.262,-16.262,-16.262,-17.331,-17.331,-17.331,-18.867,,-16.262,-16.262,-16.262,,-17.331,
05-07-2026-Thu 13-39-25-PM,-18.9,-18.9,-16.328,-16.328,-16.328,-17.397,-17.397,-17.397,-18.9,,-16.328,-16.328,-16.328,,-17.397,
05-07-2026-Thu 13-39-26-PM,-18.9,-18.9,-16.328,-16.328,-16.328,-17.397,-17.397,-17.397,-18.9,,-16.328,-16.328,-16.328,,-17.397,
05-07-2026-Thu 13-39-28-PM,-18.933,-18.933,-16.328,-16.328,-16.328,-17.364,-17.364,-17.364,-18.933,,-16.328,-16.328,-16.328,,-17.364,
05-07-2026-Thu 13-39-29-PM,-18.967,-18.967,-16.362,-16.362,-16.362,-17.431,-17.431,-17.431,-18.967,,-16.362,-16.362,-16.362,,-17.431,
05-07-2026-Thu 13-39-31-PM,-18.967,-18.967,-16.429,-16.429,-16.429,-17.464,-17.464,-17.464,-18.967,,-16.429,-16.429,-16.429,,-17.464,
05-07-2026-Thu 13-39-32-PM,-19.0,-19.0,-16.429,-16.429,-16.429,-17.464,-17.464,-17.464,-19.0,,-16.429,-16.429,-16.429,,-17.464,
05-07-2026-Thu 13-39-34-PM,-19.067,-19.067,-16.462,-16.462,-16.462,-17.531,-17.531,-17.531,-19.067,,-16.462,-16.462,-16.462,,-17.531,
05-07-2026-Thu 13-39-35-PM,-19.067,-19.067,-16.496,-16.496,-16.496,-17.564,-17.564,-17.564,-19.067,,-16.496,-16.496,-16.496,,-17.564,
05-07-2026-Thu 13-39-36-PM,-19.1,-19.1,-16.529,-16.529,-16.529,-17.564,-17.564,-17.564,-19.1,,-16.529,-16.529,-16.529,,-17.564,
05-07-2026-Thu 13-39-38-PM,-19.1,-19.1,-16.562,-16.562,-16.562,-17.631,-17.631,-17.631,-19.1,,-16.562,-16.562,-16.562,,-17.631,
05-07-2026-Thu 13-39-39-PM,-19.134,-19.134,-16.596,-16.596,-16.596,-17.631,-17.631,-17.631,-19.134,,-16.596,-16.596,-16.596,,-17.631,
05-07-2026-Thu 13-39-41-PM,-19.167,-19.167,-16.596,-16.596,-16.596,-17.631,-17.631,-17.631,-19.167,,-16.596,-16.596,-16.596,,-17.631,
05-07-2026-Thu 13-39-42-PM,-19.2,-19.2,-16.629,-16.629,-16.629,-17.698,-17.698,-17.698,-19.2,,-16.629,-16.629,-16.629,,-17.698,
05-07-2026-Thu 13-39-44-PM,-19.234,-19.234,-16.696,-16.696,-16.696,-17.765,-17.765,-17.765,-19.234,,-16.696,-16.696,-16.696,,-17.765,
05-07-2026-Thu 13-39-45-PM,-19.267,-19.267,-16.696,-16.696,-16.696,-17.765,-17.765,-17.765,-19.267,,-16.696,-16.696,-16.696,,-17.765,
05-07-2026-Thu 13-39-47-PM,-19.267,-19.267,-16.763,-16.763,-16.763,-17.765,-17.765,-17.765,-19.267,,-16.763,-16.763,-16.763,,-17.765,
05-07-2026-Thu 13-39-48-PM,-19.301,-19.301,-16.763,-16.763,-16.763,-17.765,-17.765,-17.765,-19.301,,-16.763,-16.763,-16.763,,-17.765,
05-07-2026-Thu 13-39-49-PM,-19.334,-19.334,-16.796,-16.796,-16.796,-17.865,-17.865,-17.865,-19.334,,-16.796,-16.796,-16.796,,-17.865,
05-07-2026-Thu 13-39-51-PM,-19.334,-19.334,-16.83,-16.83,-16.83,-17.898,-17.898,-17.898,-19.334,,-16.83,-16.83,-16.83,,-17.898,
05-07-2026-Thu 13-39-52-PM,-19.368,-19.368,-16.863,-16.863,-16.863,-17.932,-17.932,-17.932,-19.368,,-16.863,-16.863,-16.863,,-17.932,
05-07-2026-Thu 13-39-54-PM,-19.434,-19.434,-16.896,-16.896,-16.896,-17.898,-17.898,-17.898,-19.434,,-16.896,-16.896,-16.896,,-17.898,
05-07-2026-Thu 13-39-55-PM,-19.434,-19.434,-16.93,-16.93,-16.93,-17.932,-17.932,-17.932,-19.434,,-16.93,-16.93,-16.93,,-17.932,
05-07-2026-Thu 13-39-57-PM,-19.468,-19.468,-16.93,-16.93,-16.93,-17.965,-17.965,-17.965,-19.468,,-16.93,-16.93,-16.93,,-17.965,
05-07-2026-Thu 13-39-58-PM,-19.501,-19.501,-16.963,-16.963,-16.963,-17.999,-17.999,-17.999,-19.501,,-16.963,-16.963,-16.963,,-17.999,
05-07-2026-Thu 13-39-59-PM,-19.534,-19.534,-16.997,-16.997,-16.997,-18.032,-18.032,-18.032,-19.534,,-16.997,-16.997,-16.997,,-18.032,
05-07-2026-Thu 13-40-01-PM,-19.534,-19.534,-17.03,-17.03,-17.03,-18.065,-18.065,-18.065,-19.534,,-17.03,-17.03,-17.03,,-18.065,
05-07-2026-Thu 13-40-02-PM,-19.568,-19.568,-17.063,-17.063,-17.063,-18.065,-18.065,-18.065,-19.568,,-17.063,-17.063,-17.063,,-18.065,
05-07-2026-Thu 13-40-04-PM,-19.601,-19.601,-17.063,-17.063,-17.063,-18.099,-18.099,-18.099,-19.601,,-17.063,-17.063,-17.063,,-18.099,
05-07-2026-Thu 13-40-05-PM,-19.634,-19.634,-17.097,-17.097,-17.097,-18.132,-18.132,-18.132,-19.634,,-17.097,-17.097,-17.097,,-18.132,
05-07-2026-Thu 13-40-07-PM,-19.668,-19.668,-17.13,-17.13,-17.13,-18.099,-18.099,-18.099,-19.668,,-17.13,-17.13,-17.13,,-18.099,
05-07-2026-Thu 13-40-08-PM,-19.668,-19.668,-17.164,-17.164,-17.164,-18.166,-18.166,-18.166,-19.668,,-17.164,-17.164,-17.164,,-18.166,
05-07-2026-Thu 13-40-09-PM,-19.701,-19.701,-17.197,-17.197,-17.197,-18.166,-18.166,-18.166,-19.701,,-17.197,-17.197,-17.197,,-18.166,
05-07-2026-Thu 13-40-11-PM,-19.735,-19.735,-17.23,-17.23,-17.23,-18.232,-18.232,-18.232,-19.735,,-17.23,-17.23,-17.23,,-18.232,
05-07-2026-Thu 13-40-12-PM,-19.735,-19.735,-17.264,-17.264,-17.264,-18.299,-18.299,-18.299,-19.735,,-17.264,-17.264,-17.264,,-18.299,
05-07-2026-Thu 13-40-14-PM,-19.801,-19.801,-17.264,-17.264,-17.264,-18.266,-18.266,-18.266,-19.801,,-17.264,-17.264,-17.264,,-18.266,
05-07-2026-Thu 13-40-15-PM,-19.801,-19.801,-17.297,-17.297,-17.297,-18.299,-18.299,-18.299,-19.801,,-17.297,-17.297,-17.297,,-18.299,
05-07-2026-Thu 13-40-16-PM,-19.835,-19.835,-17.331,-17.331,-17.331,-18.366,-18.366,-18.366,-19.835,,-17.331,-17.331,-17.331,,-18.366,
05-07-2026-Thu 13-40-18-PM,-19.835,-19.835,-17.331,-17.331,-17.331,-18.332,-18.332,-18.332,-19.835,,-17.331,-17.331,-17.331,,-18.332,
05-07-2026-Thu 13-40-19-PM,-19.868,-19.868,-17.397,-17.397,-17.397,-18.399,-18.399,-18.399,-19.868,,-17.397,-17.397,-17.397,,-18.399,
05-07-2026-Thu 13-40-21-PM,-19.902,-19.902,-17.397,-17.397,-17.397,-18.399,-18.399,-18.399,-19.902,,-17.397,-17.397,-17.397,,-18.399,
05-07-2026-Thu 13-40-22-PM,-19.935,-19.935,-17.431,-17.431,-17.431,-18.433,-18.433,-18.433,-19.935,,-17.431,-17.431,-17.431,,-18.433,
05-07-2026-Thu 13-40-23-PM,-19.935,-19.935,-17.464,-17.464,-17.464,-18.533,-18.533,-18.533,-19.935,,-17.464,-17.464,-17.464,,-18.533,
05-07-2026-Thu 13-40-25-PM,-19.968,-19.968,-17.464,-17.464,-17.464,-18.533,-18.533,-18.533,-19.968,,-17.464,-17.464,-17.464,,-18.533,
05-07-2026-Thu 13-40-26-PM,-20.002,-20.002,-17.531,-17.531,-17.531,-18.533,-18.533,-18.533,-20.002,,-17.531,-17.531,-17.531,,-18.533,
05-07-2026-Thu 13-40-27-PM,-20.002,-20.002,-17.531,-17.531,-17.531,-18.533,-18.533,-18.533,-20.002,,-17.531,-17.531,-17.531,,-18.533,
05-07-2026-Thu 13-40-29-PM,-20.068,-20.068,-17.564,-17.564,-17.564,-18.6,-18.6,-18.6,-20.068,,-17.564,-17.564,-17.564,,-18.6,
05-07-2026-Thu 13-40-30-PM,-20.068,-20.068,-17.598,-17.598,-17.598,-18.633,-18.633,-18.633,-20.068,,-17.598,-17.598,-17.598,,-18.633,
05-07-2026-Thu 13-40-32-PM,-20.102,-20.102,-17.631,-17.631,-17.631,-18.533,-18.533,-18.533,-20.102,,-17.631,-17.631,-17.631,,-18.533,
05-07-2026-Thu 13-40-33-PM,-20.102,-20.102,-17.665,-17.665,-17.665,-18.566,-18.566,-18.566,-20.102,,-17.665,-17.665,-17.665,,-18.566,
05-07-2026-Thu 13-40-34-PM,-20.168,-20.168,-17.297,-17.297,-17.297,-18.633,-18.633,-18.633,-20.168,,-17.297,-17.297,-17.297,,-18.633,
05-07-2026-Thu 13-40-36-PM,-20.135,-20.135,-17.665,-17.665,-17.665,-18.766,-18.766,-18.766,-20.135,,-17.665,-17.665,-17.665,,-18.766,
05-07-2026-Thu 13-40-39-PM,-20.135,-20.135,-17.698,-17.698,-17.698,-18.7,-18.7,-18.7,-20.135,,-17.698,-17.698,-17.698,,-18.7,
05-07-2026-Thu 13-40-41-PM,-20.202,-20.202,-17.798,-17.798,-17.798,-18.766,-18.766,-18.766,-20.202,,-17.798,-17.798,-17.798,,-18.766,
05-07-2026-Thu 13-40-43-PM,-20.302,-20.302,-17.832,-17.832,-17.832,-18.8,-18.8,-18.8,-20.302,,-17.832,-17.832,-17.832,,-18.8,
05-07-2026-Thu 13-40-45-PM,-20.302,-20.302,-17.832,-17.832,-17.832,-18.8,-18.8,-18.8,-20.302,,-17.832,-17.832,-17.832,,-18.8,
05-07-2026-Thu 13-40-46-PM,-20.335,-20.335,-17.865,-17.865,-17.865,-18.833,-18.833,-18.833,-20.335,,-17.865,-17.865,-17.865,,-18.833,
05-07-2026-Thu 13-40-47-PM,-20.369,-20.369,-17.898,-17.898,-17.898,-18.9,-18.9,-18.9,-20.369,,-17.898,-17.898,-17.898,,-18.9,
05-07-2026-Thu 13-40-49-PM,-20.369,-20.369,-17.932,-17.932,-17.932,-18.867,-18.867,-18.867,-20.369,,-17.932,-17.932,-17.932,,-18.867,
05-07-2026-Thu 13-40-50-PM,-20.369,-20.369,-17.932,-17.932,-17.932,-18.933,-18.933,-18.933,-20.369,,-17.932,-17.932,-17.932,,-18.933,
05-07-2026-Thu 13-40-52-PM,-20.435,-20.435,-17.965,-17.965,-17.965,-18.967,-18.967,-18.967,-20.435,,-17.965,-17.965,-17.965,,-18.967,
05-07-2026-Thu 13-40-53-PM,-20.435,-20.435,-17.999,-17.999,-17.999,-18.967,-18.967,-18.967,-20.435,,-17.999,-17.999,-17.999,,-18.967,
05-07-2026-Thu 13-40-54-PM,-20.435,-20.435,-18.032,-18.032,-18.032,-19.0,-19.0,-19.0,-20.435,,-18.032,-18.032,-18.032,,-19.0,
05-07-2026-Thu 13-40-56-PM,-20.469,-20.469,-18.032,-18.032,-18.032,-19.0,-19.0,-19.0,-20.469,,-18.032,-18.032,-18.032,,-19.0,
05-07-2026-Thu 13-40-57-PM,-20.469,-20.469,-18.065,-18.065,-18.065,-19.034,-19.034,-19.034,-20.469,,-18.065,-18.065,-18.065,,-19.034,
05-07-2026-Thu 13-40-59-PM,-20.536,-20.536,-18.099,-18.099,-18.099,-19.067,-19.067,-19.067,-20.536,,-18.099,-18.099,-18.099,,-19.067,
05-07-2026-Thu 13-41-00-PM,-20.536,-20.536,-18.132,-18.132,-18.132,-19.1,-19.1,-19.1,-20.536,,-18.132,-18.132,-18.132,,-19.1,
05-07-2026-Thu 13-41-01-PM,-20.569,-20.569,-18.166,-18.166,-18.166,-19.134,-19.134,-19.134,-20.569,,-18.166,-18.166,-18.166,,-19.134,
05-07-2026-Thu 13-41-03-PM,-20.569,-20.569,-18.166,-18.166,-18.166,-19.167,-19.167,-19.167,-20.569,,-18.166,-18.166,-18.166,,-19.167,
05-07-2026-Thu 13-41-04-PM,-20.602,-20.602,-18.199,-18.199,-18.199,-19.167,-19.167,-19.167,-20.602,,-18.199,-18.199,-18.199,,-19.167,
05-07-2026-Thu 13-41-06-PM,-20.636,-20.636,-18.199,-18.199,-18.199,-19.134,-19.134,-19.134,-20.636,,-18.199,-18.199,-18.199,,-19.134,
05-07-2026-Thu 13-41-07-PM,-20.636,-20.636,-18.232,-18.232,-18.232,-19.2,-19.2,-19.2,-20.636,,-18.232,-18.232,-18.232,,-19.2,
05-07-2026-Thu 13-41-10-PM,-20.669,-20.669,-18.266,-18.266,-18.266,-19.234,-19.234,-19.234,-20.669,,-18.266,-18.266,-18.266,,-19.234,
05-07-2026-Thu 13-41-12-PM,-20.669,-20.669,-18.299,-18.299,-18.299,-19.267,-19.267,-19.267,-20.669,,-18.299,-18.299,-18.299,,-19.267,
05-07-2026-Thu 13-41-13-PM,-20.702,-20.702,-18.332,-18.332,-18.332,-19.368,-19.368,-19.368,-20.702,,-18.332,-18.332,-18.332,,-19.368,
05-07-2026-Thu 13-41-15-PM,-20.736,-20.736,-18.366,-18.366,-18.366,-19.301,-19.301,-19.301,-20.736,,-18.366,-18.366,-18.366,,-19.301,
05-07-2026-Thu 13-41-16-PM,-20.736,-20.736,-18.399,-18.399,-18.399,-19.334,-19.334,-19.334,-20.736,,-18.399,-18.399,-18.399,,-19.334,
05-07-2026-Thu 13-41-17-PM,-20.769,-20.769,-18.399,-18.399,-18.399,-19.334,-19.334,-19.334,-20.769,,-18.399,-18.399,-18.399,,-19.334,
05-07-2026-Thu 13-41-19-PM,-20.769,-20.769,-18.433,-18.433,-18.433,-19.368,-19.368,-19.368,-20.769,,-18.433,-18.433,-18.433,,-19.368,
05-07-2026-Thu 13-41-20-PM,-20.836,-20.836,-18.433,-18.433,-18.433,-19.401,-19.401,-19.401,-20.836,,-18.433,-18.433,-18.433,,-19.401,
05-07-2026-Thu 13-41-22-PM,-20.869,-20.869,-18.466,-18.466,-18.466,-19.468,-19.468,-19.468,-20.869,,-18.466,-18.466,-18.466,,-19.468,
05-07-2026-Thu 13-41-23-PM,-20.902,-20.902,-18.499,-18.499,-18.499,-19.434,-19.434,-19.434,-20.902,,-18.499,-18.499,-18.499,,-19.434,
05-07-2026-Thu 13-41-25-PM,-20.902,-20.902,-18.533,-18.533,-18.533,-19.468,-19.468,-19.468,-20.902,,-18.533,-18.533,-18.533,,-19.468,
05-07-2026-Thu 13-41-26-PM,-20.902,-20.902,-18.533,-18.533,-18.533,-19.434,-19.434,-19.434,-20.902,,-18.533,-18.533,-18.533,,-19.434,
05-07-2026-Thu 13-41-27-PM,-20.936,-20.936,-18.566,-18.566,-18.566,-19.534,-19.534,-19.534,-20.936,,-18.566,-18.566,-18.566,,-19.534,
05-07-2026-Thu 13-41-29-PM,-20.969,-20.969,-18.566,-18.566,-18.566,-19.568,-19.568,-19.568,-20.969,,-18.566,-18.566,-18.566,,-19.568,
05-07-2026-Thu 13-41-30-PM,-20.969,-20.969,-18.6,-18.6,-18.6,-19.601,-19.601,-19.601,-20.969,,-18.6,-18.6,-18.6,,-19.601,
05-07-2026-Thu 13-41-32-PM,-21.003,-21.003,-18.633,-18.633,-18.633,-19.601,-19.601,-19.601,-21.003,,-18.633,-18.633,-18.633,,-19.601,
05-07-2026-Thu 13-41-35-PM,-21.003,-21.003,-18.666,-18.666,-18.666,-19.668,-19.668,-19.668,-21.003,,-18.666,-18.666,-18.666,,-19.668,
05-07-2026-Thu 13-41-36-PM,-21.036,-21.036,-18.733,-18.733,-18.733,-19.668,-19.668,-19.668,-21.036,,-18.733,-18.733,-18.733,,-19.668,
05-07-2026-Thu 13-41-38-PM,-21.036,-21.036,-18.733,-18.733,-18.733,-19.668,-19.668,-19.668,-21.036,,-18.733,-18.733,-18.733,,-19.668,
05-07-2026-Thu 13-41-39-PM,-21.069,-21.069,-18.766,-18.766,-18.766,-19.701,-19.701,-19.701,-21.069,,-18.766,-18.766,-18.766,,-19.701,
05-07-2026-Thu 13-41-40-PM,-21.103,-21.103,-18.766,-18.766,-18.766,-19.701,-19.701,-19.701,-21.103,,-18.766,-18.766,-18.766,,-19.701,
05-07-2026-Thu 13-41-42-PM,-21.136,-21.136,-18.8,-18.8,-18.8,-19.768,-19.768,-19.768,-21.136,,-18.8,-18.8,-18.8,,-19.768,
05-07-2026-Thu 13-41-43-PM,-21.136,-21.136,-18.8,-18.8,-18.8,-19.768,-19.768,-19.768,-21.136,,-18.8,-18.8,-18.8,,-19.768,
05-07-2026-Thu 13-41-45-PM,-21.169,-21.169,-18.833,-18.833,-18.833,-19.801,-19.801,-19.801,-21.169,,-18.833,-18.833,-18.833,,-19.801,
05-07-2026-Thu 13-41-46-PM,-21.169,-21.169,-18.867,-18.867,-18.867,-19.768,-19.768,-19.768,-21.169,,-18.867,-18.867,-18.867,,-19.768,
05-07-2026-Thu 13-41-47-PM,-21.203,-21.203,-18.867,-18.867,-18.867,-19.835,-19.835,-19.835,-21.203,,-18.867,-18.867,-18.867,,-19.835,
05-07-2026-Thu 13-41-49-PM,-21.169,-21.169,-18.9,-18.9,-18.9,-19.835,-19.835,-19.835,-21.169,,-18.9,-18.9,-18.9,,-19.835,
05-07-2026-Thu 13-41-50-PM,-21.236,-21.236,-18.9,-18.9,-18.9,-19.868,-19.868,-19.868,-21.236,,-18.9,-18.9,-18.9,,-19.868,
05-07-2026-Thu 13-41-52-PM,-21.203,-21.203,-18.933,-18.933,-18.933,-19.902,-19.902,-19.902,-21.203,,-18.933,-18.933,-18.933,,-19.902,
05-07-2026-Thu 13-41-53-PM,-21.236,-21.236,-18.967,-18.967,-18.967,-19.902,-19.902,-19.902,-21.236,,-18.967,-18.967,-18.967,,-19.902,
05-07-2026-Thu 13-41-54-PM,-21.236,-21.236,-18.967,-18.967,-18.967,-19.935,-19.935,-19.935,-21.236,,-18.967,-18.967,-18.967,,-19.935,
05-07-2026-Thu 13-41-56-PM,-21.269,-21.269,-18.967,-18.967,-18.967,-19.935,-19.935,-19.935,-21.269,,-18.967,-18.967,-18.967,,-19.935,
05-07-2026-Thu 13-41-57-PM,-21.036,-21.036,-19.034,-19.034,-19.034,-19.902,-19.902,-19.902,-21.036,,-19.034,-19.034,-19.034,,-19.902,
05-07-2026-Thu 13-41-58-PM,-21.269,-21.269,-19.034,-19.034,-19.034,-19.935,-19.935,-19.935,-21.269,,-19.034,-19.034,-19.034,,-19.935,
05-07-2026-Thu 13-42-00-PM,-21.269,-21.269,-19.067,-19.067,-19.067,-20.035,-20.035,-20.035,-21.269,,-19.067,-19.067,-19.067,,-20.035,
05-07-2026-Thu 13-42-01-PM,-21.269,-21.269,-19.067,-19.067,-19.067,-20.002,-20.002,-20.002,-21.269,,-19.067,-19.067,-19.067,,-20.002,
05-07-2026-Thu 13-42-03-PM,-21.303,-21.303,-19.1,-19.1,-19.1,-20.002,-20.002,-20.002,-21.303,,-19.1,-19.1,-19.1,,-20.002,
05-07-2026-Thu 13-42-04-PM,-21.336,-21.336,-19.1,-19.1,-19.1,-20.035,-20.035,-20.035,-21.336,,-19.1,-19.1,-19.1,,-20.035,
05-07-2026-Thu 13-42-05-PM,-21.37,-21.37,-19.134,-19.134,-19.134,-20.068,-20.068,-20.068,-21.37,,-19.134,-19.134,-19.134,,-20.068,
05-07-2026-Thu 13-42-07-PM,-21.37,-21.37,-19.167,-19.167,-19.167,-20.068,-20.068,-20.068,-21.37,,-19.167,-19.167,-19.167,,-20.068,
05-07-2026-Thu 13-42-08-PM,-21.403,-21.403,-19.167,-19.167,-19.167,-20.102,-20.102,-20.102,-21.403,,-19.167,-19.167,-19.167,,-20.102,
05-07-2026-Thu 13-42-10-PM,-21.403,-21.403,-19.2,-19.2,-19.2,-20.102,-20.102,-20.102,-21.403,,-19.2,-19.2,-19.2,,-20.102,
05-07-2026-Thu 13-42-11-PM,-21.403,-21.403,-19.2,-19.2,-19.2,-20.102,-20.102,-20.102,-21.403,,-19.2,-19.2,-19.2,,-20.102,
05-07-2026-Thu 13-42-12-PM,-21.436,-21.436,-19.234,-19.234,-19.234,-20.168,-20.168,-20.168,-21.436,,-19.234,-19.234,-19.234,,-20.168,
05-07-2026-Thu 13-42-14-PM,-21.47,-21.47,-19.234,-19.234,-19.234,-20.168,-20.168,-20.168,-21.47,,-19.234,-19.234,-19.234,,-20.168,
05-07-2026-Thu 13-42-15-PM,-21.436,-21.436,-19.267,-19.267,-19.267,-20.235,-20.235,-20.235,-21.436,,-19.267,-19.267,-19.267,,-20.235,
05-07-2026-Thu 13-42-17-PM,-21.47,-21.47,-19.301,-19.301,-19.301,-20.202,-20.202,-20.202,-21.47,,-19.301,-19.301,-19.301,,-20.202,
05-07-2026-Thu 13-42-20-PM,-21.503,-21.503,-19.301,-19.301,-19.301,-20.235,-20.235,-20.235,-21.503,,-19.301,-19.301,-19.301,,-20.235,
05-07-2026-Thu 13-42-23-PM,-21.503,-21.503,-19.334,-19.334,-19.334,-20.302,-20.302,-20.302,-21.503,,-19.334,-19.334,-19.334,,-20.302,
05-07-2026-Thu 13-42-24-PM,-21.57,-21.57,-19.401,-19.401,-19.401,-20.335,-20.335,-20.335,-21.57,,-19.401,-19.401,-19.401,,-20.335,
05-07-2026-Thu 13-42-25-PM,-21.536,-21.536,-19.401,-19.401,-19.401,-20.302,-20.302,-20.302,-21.536,,-19.401,-19.401,-19.401,,-20.302,
05-07-2026-Thu 13-42-27-PM,-21.57,-21.57,-19.401,-19.401,-19.401,-20.335,-20.335,-20.335,-21.57,,-19.401,-19.401,-19.401,,-20.335,
05-07-2026-Thu 13-42-28-PM,-21.603,-21.603,-19.434,-19.434,-19.434,-20.369,-20.369,-20.369,-21.603,,-19.434,-19.434,-19.434,,-20.369,
05-07-2026-Thu 13-42-30-PM,-21.57,-21.57,-19.468,-19.468,-19.468,-20.435,-20.435,-20.435,-21.57,,-19.468,-19.468,-19.468,,-20.435,
05-07-2026-Thu 13-42-31-PM,-21.603,-21.603,-19.468,-19.468,-19.468,-20.402,-20.402,-20.402,-21.603,,-19.468,-19.468,-19.468,,-20.402,
05-07-2026-Thu 13-42-32-PM,-21.603,-21.603,-19.501,-19.501,-19.501,-20.435,-20.435,-20.435,-21.603,,-19.501,-19.501,-19.501,,-20.435,
05-07-2026-Thu 13-42-34-PM,-21.603,-21.603,-19.501,-19.501,-19.501,-20.435,-20.435,-20.435,-21.603,,-19.501,-19.501,-19.501,,-20.435,
05-07-2026-Thu 13-42-35-PM,-21.636,-21.636,-19.534,-19.534,-19.534,-20.536,-20.536,-20.536,-21.636,,-19.534,-19.534,-19.534,,-20.536,
05-07-2026-Thu 13-42-37-PM,-21.636,-21.636,-19.534,-19.534,-19.534,-20.402,-20.402,-20.402,-21.636,,-19.534,-19.534,-19.534,,-20.402,
05-07-2026-Thu 13-42-38-PM,-21.67,-21.67,-19.568,-19.568,-19.568,-20.536,-20.536,-20.536,-21.67,,-19.568,-19.568,-19.568,,-20.536,
05-07-2026-Thu 13-42-39-PM,-21.67,-21.67,-19.568,-19.568,-19.568,-20.502,-20.502,-20.502,-21.67,,-19.568,-19.568,-19.568,,-20.502,
05-07-2026-Thu 13-42-41-PM,-21.67,-21.67,-19.601,-19.601,-19.601,-20.502,-20.502,-20.502,-21.67,,-19.601,-19.601,-19.601,,-20.502,
05-07-2026-Thu 13-42-42-PM,-21.67,-21.67,-19.601,-19.601,-19.601,-20.536,-20.536,-20.536,-21.67,,-19.601,-19.601,-19.601,,-20.536,
05-07-2026-Thu 13-42-44-PM,-21.703,-21.703,-19.634,-19.634,-19.634,-20.636,-20.636,-20.636,-21.703,,-19.634,-19.634,-19.634,,-20.636,
05-07-2026-Thu 13-42-45-PM,-21.736,-21.736,-19.668,-19.668,-19.668,-20.569,-20.569,-20.569,-21.736,,-19.668,-19.668,-19.668,,-20.569,
05-07-2026-Thu 13-42-47-PM,-21.736,-21.736,-19.701,-19.701,-19.701,-20.569,-20.569,-20.569,-21.736,,-19.701,-19.701,-19.701,,-20.569,
05-07-2026-Thu 13-42-48-PM,-21.736,-21.736,-19.701,-19.701,-19.701,-20.669,-20.669,-20.669,-21.736,,-19.701,-19.701,-19.701,,-20.669,
05-07-2026-Thu 13-42-49-PM,-21.736,-21.736,-19.701,-19.701,-19.701,-20.702,-20.702,-20.702,-21.736,,-19.701,-19.701,-19.701,,-20.702,
05-07-2026-Thu 13-42-51-PM,-21.736,-21.736,-19.735,-19.735,-19.735,-20.669,-20.669,-20.669,-21.736,,-19.735,-19.735,-19.735,,-20.669,
05-07-2026-Thu 13-42-52-PM,-21.736,-21.736,-19.735,-19.735,-19.735,-20.669,-20.669,-20.669,-21.736,,-19.735,-19.735,-19.735,,-20.669,
05-07-2026-Thu 13-42-54-PM,-21.77,-21.77,-19.768,-19.768,-19.768,-20.669,-20.669,-20.669,-21.77,,-19.768,-19.768,-19.768,,-20.669,
05-07-2026-Thu 13-42-55-PM,-21.77,-21.77,-19.768,-19.768,-19.768,-20.769,-20.769,-20.769,-21.77,,-19.768,-19.768,-19.768,,-20.769,
05-07-2026-Thu 13-42-56-PM,-21.77,-21.77,-19.801,-19.801,-19.801,-20.702,-20.702,-20.702,-21.77,,-19.801,-19.801,-19.801,,-20.702,
05-07-2026-Thu 13-42-58-PM,-21.803,-21.803,-19.835,-19.835,-19.835,-20.769,-20.769,-20.769,-21.803,,-19.835,-19.835,-19.835,,-20.769,
05-07-2026-Thu 13-42-59-PM,-21.803,-21.803,-19.835,-19.835,-19.835,-20.802,-20.802,-20.802,-21.803,,-19.835,-19.835,-19.835,,-20.802,
05-07-2026-Thu 13-43-01-PM,-21.837,-21.837,-19.868,-19.868,-19.868,-20.836,-20.836,-20.836,-21.837,,-19.868,-19.868,-19.868,,-20.836,
05-07-2026-Thu 13-43-02-PM,-21.803,-21.803,-19.868,-19.868,-19.868,-20.769,-20.769,-20.769,-21.803,,-19.868,-19.868,-19.868,,-20.769,
05-07-2026-Thu 13-43-04-PM,-21.837,-21.837,-19.868,-19.868,-19.868,-20.836,-20.836,-20.836,-21.837,,-19.868,-19.868,-19.868,,-20.836,
05-07-2026-Thu 13-43-05-PM,-21.837,-21.837,-19.902,-19.902,-19.902,-20.802,-20.802,-20.802,-21.837,,-19.902,-19.902,-19.902,,-20.802,
05-07-2026-Thu 13-43-06-PM,-21.87,-21.87,-19.902,-19.902,-19.902,-20.836,-20.836,-20.836,-21.87,,-19.902,-19.902,-19.902,,-20.836,
05-07-2026-Thu 13-43-08-PM,-21.87,-21.87,-19.935,-19.935,-19.935,-20.869,-20.869,-20.869,-21.87,,-19.935,-19.935,-19.935,,-20.869,
05-07-2026-Thu 13-43-09-PM,-21.87,-21.87,-19.935,-19.935,-19.935,-20.936,-20.936,-20.936,-21.87,,-19.935,-19.935,-19.935,,-20.936,
05-07-2026-Thu 13-43-11-PM,-21.903,-21.903,-19.968,-19.968,-19.968,-20.902,-20.902,-20.902,-21.903,,-19.968,-19.968,-19.968,,-20.902,
05-07-2026-Thu 13-43-12-PM,-21.903,-21.903,-19.968,-19.968,-19.968,-20.936,-20.936,-20.936,-21.903,,-19.968,-19.968,-19.968,,-20.936,
05-07-2026-Thu 13-43-14-PM,-21.903,-21.903,-19.968,-19.968,-19.968,-20.902,-20.902,-20.902,-21.903,,-19.968,-19.968,-19.968,,-20.902,
05-07-2026-Thu 13-43-16-PM,-21.903,-21.903,-20.002,-20.002,-20.002,-20.936,-20.936,-20.936,-21.903,,-20.002,-20.002,-20.002,,-20.936,
05-07-2026-Thu 13-43-17-PM,-21.937,-21.937,-20.035,-20.035,-20.035,-21.003,-21.003,-21.003,-21.937,,-20.035,-20.035,-20.035,,-21.003,
05-07-2026-Thu 13-43-18-PM,-21.937,-21.937,-20.035,-20.035,-20.035,-21.036,-21.036,-21.036,-21.937,,-20.035,-20.035,-20.035,,-21.036,
05-07-2026-Thu 13-43-20-PM,-21.937,-21.937,-20.035,-20.035,-20.035,-20.969,-20.969,-20.969,-21.937,,-20.035,-20.035,-20.035,,-20.969,
05-07-2026-Thu 13-43-21-PM,-21.803,-21.803,-19.968,-19.968,-19.968,-20.969,-20.969,-20.969,-21.803,,-19.968,-19.968,-19.968,,-20.969,
05-07-2026-Thu 13-43-22-PM,-21.937,-21.937,-20.068,-20.068,-20.068,-21.036,-21.036,-21.036,-21.937,,-20.068,-20.068,-20.068,,-21.036,
05-07-2026-Thu 13-43-24-PM,-21.97,-21.97,-20.102,-20.102,-20.102,-21.069,-21.069,-21.069,-21.97,,-20.102,-20.102,-20.102,,-21.069,
05-07-2026-Thu 13-43-27-PM,-21.903,-21.903,-20.102,-20.102,-20.102,-21.103,-21.103,-21.103,-21.903,,-20.102,-20.102,-20.102,,-21.103,
05-07-2026-Thu 13-43-30-PM,-22.003,-22.003,-20.102,-20.102,-20.102,-21.069,-21.069,-21.069,-22.003,,-20.102,-20.102,-20.102,,-21.069,
05-07-2026-Thu 13-43-31-PM,-22.003,-22.003,-20.168,-20.168,-20.168,-21.136,-21.136,-21.136,-22.003,,-20.168,-20.168,-20.168,,-21.136,
05-07-2026-Thu 13-43-32-PM,-22.003,-22.003,-20.168,-20.168,-20.168,-21.169,-21.169,-21.169,-22.003,,-20.168,-20.168,-20.168,,-21.169,
05-07-2026-Thu 13-43-34-PM,-22.003,-22.003,-20.202,-20.202,-20.202,-21.103,-21.103,-21.103,-22.003,,-20.202,-20.202,-20.202,,-21.103,
05-07-2026-Thu 13-43-35-PM,-22.037,-22.037,-20.235,-20.235,-20.235,-21.169,-21.169,-21.169,-22.037,,-20.235,-20.235,-20.235,,-21.169,
05-07-2026-Thu 13-43-37-PM,-22.037,-22.037,-20.202,-20.202,-20.202,-21.169,-21.169,-21.169,-22.037,,-20.202,-20.202,-20.202,,-21.169,
05-07-2026-Thu 13-43-38-PM,-22.037,-22.037,-20.235,-20.235,-20.235,-21.203,-21.203,-21.203,-22.037,,-20.235,-20.235,-20.235,,-21.203,
05-07-2026-Thu 13-43-39-PM,-22.037,-22.037,-20.235,-20.235,-20.235,-21.203,-21.203,-21.203,-22.037,,-20.235,-20.235,-20.235,,-21.203,
05-07-2026-Thu 13-43-41-PM,-22.07,-22.07,-20.235,-20.235,-20.235,-21.203,-21.203,-21.203,-22.07,,-20.235,-20.235,-20.235,,-21.203,
05-07-2026-Thu 13-43-42-PM,-22.07,-22.07,-20.268,-20.268,-20.268,-21.269,-21.269,-21.269,-22.07,,-20.268,-20.268,-20.268,,-21.269,
05-07-2026-Thu 13-43-44-PM,-22.07,-22.07,-20.268,-20.268,-20.268,-21.269,-21.269,-21.269,-22.07,,-20.268,-20.268,-20.268,,-21.269,
05-07-2026-Thu 13-43-45-PM,-22.103,-22.103,-20.268,-20.268,-20.268,-21.269,-21.269,-21.269,-22.103,,-20.268,-20.268,-20.268,,-21.269,
05-07-2026-Thu 13-43-46-PM,-22.103,-22.103,-20.302,-20.302,-20.302,-21.303,-21.303,-21.303,-22.103,,-20.302,-20.302,-20.302,,-21.303,
05-07-2026-Thu 13-43-48-PM,-22.103,-22.103,-20.302,-20.302,-20.302,-21.336,-21.336,-21.336,-22.103,,-20.302,-20.302,-20.302,,-21.336,
05-07-2026-Thu 13-43-49-PM,-22.103,-22.103,-20.335,-20.335,-20.335,-21.336,-21.336,-21.336,-22.103,,-20.335,-20.335,-20.335,,-21.336,
05-07-2026-Thu 13-43-51-PM,-22.103,-22.103,-20.335,-20.335,-20.335,-21.303,-21.303,-21.303,-22.103,,-20.335,-20.335,-20.335,,-21.303,
05-07-2026-Thu 13-43-52-PM,-22.103,-22.103,-20.335,-20.335,-20.335,-21.37,-21.37,-21.37,-22.103,,-20.335,-20.335,-20.335,,-21.37,
05-07-2026-Thu 13-43-54-PM,-22.103,-22.103,-20.369,-20.369,-20.369,-21.37,-21.37,-21.37,-22.103,,-20.369,-20.369,-20.369,,-21.37,
05-07-2026-Thu 13-43-55-PM,-22.137,-22.137,-20.369,-20.369,-20.369,-21.436,-21.436,-21.436,-22.137,,-20.369,-20.369,-20.369,,-21.436,
05-07-2026-Thu 13-43-57-PM,-22.137,-22.137,-20.402,-20.402,-20.402,-21.336,-21.336,-21.336,-22.137,,-20.402,-20.402,-20.402,,-21.336,
05-07-2026-Thu 13-43-58-PM,-22.103,-22.103,-20.402,-20.402,-20.402,-21.436,-21.436,-21.436,-22.103,,-20.402,-20.402,-20.402,,-21.436,
05-07-2026-Thu 13-43-59-PM,-22.137,-22.137,-20.402,-20.402,-20.402,-21.436,-21.436,-21.436,-22.137,,-20.402,-20.402,-20.402,,-21.436,
05-07-2026-Thu 13-44-01-PM,-22.137,-22.137,-20.402,-20.402,-20.402,-21.403,-21.403,-21.403,-22.137,,-20.402,-20.402,-20.402,,-21.403,
05-07-2026-Thu 13-44-02-PM,-22.137,-22.137,-20.435,-20.435,-20.435,-21.436,-21.436,-21.436,-22.137,,-20.435,-20.435,-20.435,,-21.436,
05-07-2026-Thu 13-44-04-PM,-22.17,-22.17,-20.435,-20.435,-20.435,-21.403,-21.403,-21.403,-22.17,,-20.435,-20.435,-20.435,,-21.403,
05-07-2026-Thu 13-44-05-PM,-22.17,-22.17,-20.469,-20.469,-20.469,-21.47,-21.47,-21.47,-22.17,,-20.469,-20.469,-20.469,,-21.47,
05-07-2026-Thu 13-44-06-PM,-22.17,-22.17,-20.435,-20.435,-20.435,-21.436,-21.436,-21.436,-22.17,,-20.435,-20.435,-20.435,,-21.436,
05-07-2026-Thu 13-44-08-PM,-22.137,-22.137,-20.469,-20.469,-20.469,-21.436,-21.436,-21.436,-22.137,,-20.469,-20.469,-20.469,,-21.436,
05-07-2026-Thu 13-44-09-PM,-22.203,-22.203,-20.502,-20.502,-20.502,-21.503,-21.503,-21.503,-22.203,,-20.502,-20.502,-20.502,,-21.503,
05-07-2026-Thu 13-44-11-PM,-22.17,-22.17,-20.502,-20.502,-20.502,-21.47,-21.47,-21.47,-22.17,,-20.502,-20.502,-20.502,,-21.47,
05-07-2026-Thu 13-44-12-PM,-22.17,-22.17,-20.502,-20.502,-20.502,-21.47,-21.47,-21.47,-22.17,,-20.502,-20.502,-20.502,,-21.47,
05-07-2026-Thu 13-44-14-PM,-22.17,-22.17,-20.502,-20.502,-20.502,-21.536,-21.536,-21.536,-22.17,,-20.502,-20.502,-20.502,,-21.536,
05-07-2026-Thu 13-44-15-PM,-22.17,-22.17,-20.536,-20.536,-20.536,-21.503,-21.503,-21.503,-22.17,,-20.536,-20.536,-20.536,,-21.503,
05-07-2026-Thu 13-44-16-PM,-22.17,-22.17,-20.536,-20.536,-20.536,-21.536,-21.536,-21.536,-22.17,,-20.536,-20.536,-20.536,,-21.536,
05-07-2026-Thu 13-44-18-PM,-22.203,-22.203,-20.536,-20.536,-20.536,-21.503,-21.503,-21.503,-22.203,,-20.536,-20.536,-20.536,,-21.503,
05-07-2026-Thu 13-44-19-PM,-22.203,-22.203,-20.569,-20.569,-20.569,-21.536,-21.536,-21.536,-22.203,,-20.569,-20.569,-20.569,,-21.536,
05-07-2026-Thu 13-44-21-PM,-22.203,-22.203,-20.569,-20.569,-20.569,-21.603,-21.603,-21.603,-22.203,,-20.569,-20.569,-20.569,,-21.603,
05-07-2026-Thu 13-44-22-PM,-22.203,-22.203,-20.602,-20.602,-20.602,-21.536,-21.536,-21.536,-22.203,,-20.602,-20.602,-20.602,,-21.536,
05-07-2026-Thu 13-44-23-PM,-22.203,-22.203,-20.602,-20.602,-20.602,-21.536,-21.536,-21.536,-22.203,,-20.602,-20.602,-20.602,,-21.536,
05-07-2026-Thu 13-44-25-PM,-22.237,-22.237,-20.602,-20.602,-20.602,-21.57,-21.57,-21.57,-22.237,,-20.602,-20.602,-20.602,,-21.57,
05-07-2026-Thu 13-44-26-PM,-22.237,-22.237,-20.636,-20.636,-20.636,-21.603,-21.603,-21.603,-22.237,,-20.636,-20.636,-20.636,,-21.603,
05-07-2026-Thu 13-44-28-PM,-22.203,-22.203,-20.669,-20.669,-20.669,-21.603,-21.603,-21.603,-22.203,,-20.669,-20.669,-20.669,,-21.603,
05-07-2026-Thu 13-44-29-PM,-22.237,-22.237,-20.669,-20.669,-20.669,-21.636,-21.636,-21.636,-22.237,,-20.669,-20.669,-20.669,,-21.636,
05-07-2026-Thu 13-44-30-PM,-22.237,-22.237,-20.669,-20.669,-20.669,-21.67,-21.67,-21.67,-22.237,,-20.669,-20.669,-20.669,,-21.67,
05-07-2026-Thu 13-44-32-PM,-22.237,-22.237,-20.702,-20.702,-20.702,-21.67,-21.67,-21.67,-22.237,,-20.702,-20.702,-20.702,,-21.67,
05-07-2026-Thu 13-44-33-PM,-22.27,-22.27,-20.736,-20.736,-20.736,-21.67,-21.67,-21.67,-22.27,,-20.736,-20.736,-20.736,,-21.67,
05-07-2026-Thu 13-44-35-PM,-22.304,-22.304,-20.769,-20.769,-20.769,-21.703,-21.703,-21.703,-22.304,,-20.769,-20.769,-20.769,,-21.703,
05-07-2026-Thu 13-44-36-PM,-22.304,-22.304,-20.769,-20.769,-20.769,-21.77,-21.77,-21.77,-22.304,,-20.769,-20.769,-20.769,,-21.77,
05-07-2026-Thu 13-44-37-PM,-22.337,-22.337,-20.769,-20.769,-20.769,-21.736,-21.736,-21.736,-22.337,,-20.769,-20.769,-20.769,,-21.736,
05-07-2026-Thu 13-44-39-PM,-22.337,-22.337,-20.769,-20.769,-20.769,-21.736,-21.736,-21.736,-22.337,,-20.769,-20.769,-20.769,,-21.736,
05-07-2026-Thu 13-44-40-PM,-22.337,-22.337,-20.836,-20.836,-20.836,-21.803,-21.803,-21.803,-22.337,,-20.836,-20.836,-20.836,,-21.803,
05-07-2026-Thu 13-44-42-PM,-22.404,-22.404,-20.869,-20.869,-20.869,-21.837,-21.837,-21.837,-22.404,,-20.869,-20.869,-20.869,,-21.837,
05-07-2026-Thu 13-44-43-PM,-22.37,-22.37,-20.902,-20.902,-20.902,-21.903,-21.903,-21.903,-22.37,,-20.902,-20.902,-20.902,,-21.903,
05-07-2026-Thu 13-44-44-PM,-22.404,-22.404,-20.902,-20.902,-20.902,-21.87,-21.87,-21.87,-22.404,,-20.902,-20.902,-20.902,,-21.87,
05-07-2026-Thu 13-44-46-PM,-22.404,-22.404,-20.936,-20.936,-20.936,-21.937,-21.937,-21.937,-22.404,,-20.936,-20.936,-20.936,,-21.937,
05-07-2026-Thu 13-44-47-PM,-22.437,-22.437,-20.969,-20.969,-20.969,-21.937,-21.937,-21.937,-22.437,,-20.969,-20.969,-20.969,,-21.937,
05-07-2026-Thu 13-44-48-PM,-22.437,-22.437,-20.969,-20.969,-20.969,-21.937,-21.937,-21.937,-22.437,,-20.969,-20.969,-20.969,,-21.937,
05-07-2026-Thu 13-44-50-PM,-22.437,-22.437,-21.003,-21.003,-21.003,-21.937,-21.937,-21.937,-22.437,,-21.003,-21.003,-21.003,,-21.937,
05-07-2026-Thu 13-44-51-PM,-22.47,-22.47,-21.003,-21.003,-21.003,-22.003,-22.003,-22.003,-22.47,,-21.003,-21.003,-21.003,,-22.003,
05-07-2026-Thu 13-44-53-PM,-22.504,-22.504,-21.036,-21.036,-21.036,-21.97,-21.97,-21.97,-22.504,,-21.036,-21.036,-21.036,,-21.97,
05-07-2026-Thu 13-44-54-PM,-22.504,-22.504,-21.069,-21.069,-21.069,-22.07,-22.07,-22.07,-22.504,,-21.069,-21.069,-21.069,,-22.07,
05-07-2026-Thu 13-44-56-PM,-22.537,-22.537,-21.069,-21.069,-21.069,-22.07,-22.07,-22.07,-22.537,,-21.069,-21.069,-21.069,,-22.07,
05-07-2026-Thu 13-44-57-PM,-22.57,-22.57,-21.136,-21.136,-21.136,-22.103,-22.103,-22.103,-22.57,,-21.136,-21.136,-21.136,,-22.103,
05-07-2026-Thu 13-44-59-PM,-22.57,-22.57,-21.136,-21.136,-21.136,-22.103,-22.103,-22.103,-22.57,,-21.136,-21.136,-21.136,,-22.103,
05-07-2026-Thu 13-45-00-PM,-22.57,-22.57,-21.169,-21.169,-21.169,-22.137,-22.137,-22.137,-22.57,,-21.169,-21.169,-21.169,,-22.137,
05-07-2026-Thu 13-45-01-PM,-22.57,-22.57,-21.169,-21.169,-21.169,-22.137,-22.137,-22.137,-22.57,,-21.169,-21.169,-21.169,,-22.137,
05-07-2026-Thu 13-45-03-PM,-22.604,-22.604,-21.236,-21.236,-21.236,-22.17,-22.17,-22.17,-22.604,,-21.236,-21.236,-21.236,,-22.17,
05-07-2026-Thu 13-45-05-PM,-22.637,-22.637,-21.236,-21.236,-21.236,-22.203,-22.203,-22.203,-22.637,,-21.236,-21.236,-21.236,,-22.203,
05-07-2026-Thu 13-45-06-PM,-22.637,-22.637,-21.269,-21.269,-21.269,-22.237,-22.237,-22.237,-22.637,,-21.269,-21.269,-21.269,,-22.237,
05-07-2026-Thu 13-45-07-PM,-22.67,-22.67,-21.303,-21.303,-21.303,-22.237,-22.237,-22.237,-22.67,,-21.303,-21.303,-21.303,,-22.237,
05-07-2026-Thu 13-45-09-PM,-22.704,-22.704,-21.303,-21.303,-21.303,-22.237,-22.237,-22.237,-22.704,,-21.303,-21.303,-21.303,,-22.237,
05-07-2026-Thu 13-45-10-PM,-22.704,-22.704,-21.336,-21.336,-21.336,-22.27,-22.27,-22.27,-22.704,,-21.336,-21.336,-21.336,,-22.27,
05-07-2026-Thu 13-45-12-PM,-22.737,-22.737,-21.336,-21.336,-21.336,-22.27,-22.27,-22.27,-22.737,,-21.336,-21.336,-21.336,,-22.27,
05-07-2026-Thu 13-45-13-PM,-22.704,-22.704,-21.37,-21.37,-21.37,-22.337,-22.337,-22.337,-22.704,,-21.37,-21.37,-21.37,,-22.337,
05-07-2026-Thu 13-45-14-PM,-22.737,-22.737,-21.403,-21.403,-21.403,-22.27,-22.27,-22.27,-22.737,,-21.403,-21.403,-21.403,,-22.27,
05-07-2026-Thu 13-45-16-PM,-22.77,-22.77,-21.403,-21.403,-21.403,-22.37,-22.37,-22.37,-22.77,,-21.403,-21.403,-21.403,,-22.37,
05-07-2026-Thu 13-45-17-PM,-22.804,-22.804,-21.436,-21.436,-21.436,-22.37,-22.37,-22.37,-22.804,,-21.436,-21.436,-21.436,,-22.37,
05-07-2026-Thu 13-45-19-PM,-22.804,-22.804,-21.47,-21.47,-21.47,-22.437,-22.437,-22.437,-22.804,,-21.47,-21.47,-21.47,,-22.437,
05-07-2026-Thu 13-45-20-PM,-22.804,-22.804,-21.47,-21.47,-21.47,-22.437,-22.437,-22.437,-22.804,,-21.47,-21.47,-21.47,,-22.437,
05-07-2026-Thu 13-45-21-PM,-22.837,-22.837,-21.503,-21.503,-21.503,-22.437,-22.437,-22.437,-22.837,,-21.503,-21.503,-21.503,,-22.437,
05-07-2026-Thu 13-45-23-PM,-22.837,-22.837,-21.536,-21.536,-21.536,-22.404,-22.404,-22.404,-22.837,,-21.536,-21.536,-21.536,,-22.404,
05-07-2026-Thu 13-45-24-PM,-22.87,-22.87,-21.536,-21.536,-21.536,-22.504,-22.504,-22.504,-22.87,,-21.536,-21.536,-21.536,,-22.504,
05-07-2026-Thu 13-45-26-PM,-22.904,-22.904,-21.57,-21.57,-21.57,-22.504,-22.504,-22.504,-22.904,,-21.57,-21.57,-21.57,,-22.504,
05-07-2026-Thu 13-45-27-PM,-22.904,-22.904,-21.57,-21.57,-21.57,-22.504,-22.504,-22.504,-22.904,,-21.57,-21.57,-21.57,,-22.504,
05-07-2026-Thu 13-45-28-PM,-22.904,-22.904,-21.603,-21.603,-21.603,-22.57,-22.57,-22.57,-22.904,,-21.603,-21.603,-21.603,,-22.57,
05-07-2026-Thu 13-45-30-PM,-22.937,-22.937,-21.603,-21.603,-21.603,-22.57,-22.57,-22.57,-22.937,,-21.603,-21.603,-21.603,,-22.57,
05-07-2026-Thu 13-45-31-PM,-22.937,-22.937,-21.636,-21.636,-21.636,-22.604,-22.604,-22.604,-22.937,,-21.636,-21.636,-21.636,,-22.604,
05-07-2026-Thu 13-45-33-PM,-22.97,-22.97,-21.67,-21.67,-21.67,-22.604,-22.604,-22.604,-22.97,,-21.67,-21.67,-21.67,,-22.604,
05-07-2026-Thu 13-45-34-PM,-22.97,-22.97,-21.67,-21.67,-21.67,-22.637,-22.637,-22.637,-22.97,,-21.67,-21.67,-21.67,,-22.637,
05-07-2026-Thu 13-45-36-PM,-22.97,-22.97,-21.703,-21.703,-21.703,-22.67,-22.67,-22.67,-22.97,,-21.703,-21.703,-21.703,,-22.67,
05-07-2026-Thu 13-45-37-PM,-23.004,-23.004,-21.703,-21.703,-21.703,-22.67,-22.67,-22.67,-23.004,,-21.703,-21.703,-21.703,,-22.67,
05-07-2026-Thu 13-45-38-PM,-23.004,-23.004,-21.736,-21.736,-21.736,-22.704,-22.704,-22.704,-23.004,,-21.736,-21.736,-21.736,,-22.704,
05-07-2026-Thu 13-45-40-PM,-23.004,-23.004,-21.77,-21.77,-21.77,-22.737,-22.737,-22.737,-23.004,,-21.77,-21.77,-21.77,,-22.737,
05-07-2026-Thu 13-45-41-PM,-23.004,-23.004,-21.77,-21.77,-21.77,-22.737,-22.737,-22.737,-23.004,,-21.77,-21.77,-21.77,,-22.737,
05-07-2026-Thu 13-45-43-PM,-23.07,-23.07,-21.77,-21.77,-21.77,-22.737,-22.737,-22.737,-23.07,,-21.77,-21.77,-21.77,,-22.737,
05-07-2026-Thu 13-45-44-PM,-23.037,-23.037,-21.803,-21.803,-21.803,-22.804,-22.804,-22.804,-23.037,,-21.803,-21.803,-21.803,,-22.804,
05-07-2026-Thu 13-45-45-PM,-23.07,-23.07,-21.803,-21.803,-21.803,-22.804,-22.804,-22.804,-23.07,,-21.803,-21.803,-21.803,,-22.804,
05-07-2026-Thu 13-45-47-PM,-23.07,-23.07,-21.837,-21.837,-21.837,-22.804,-22.804,-22.804,-23.07,,-21.837,-21.837,-21.837,,-22.804,
05-07-2026-Thu 13-45-48-PM,-23.104,-23.104,-21.87,-21.87,-21.87,-22.837,-22.837,-22.837,-23.104,,-21.87,-21.87,-21.87,,-22.837,
05-07-2026-Thu 13-45-49-PM,-23.104,-23.104,-21.837,-21.837,-21.837,-22.804,-22.804,-22.804,-23.104,,-21.837,-21.837,-21.837,,-22.804,
05-07-2026-Thu 13-45-51-PM,-23.104,-23.104,-21.87,-21.87,-21.87,-22.87,-22.87,-22.87,-23.104,,-21.87,-21.87,-21.87,,-22.87,
05-07-2026-Thu 13-45-52-PM,-23.137,-23.137,-21.903,-21.903,-21.903,-22.87,-22.87,-22.87,-23.137,,-21.903,-21.903,-21.903,,-22.87,
05-07-2026-Thu 13-45-54-PM,-23.204,-23.204,-21.937,-21.937,-21.937,-22.904,-22.904,-22.904,-23.204,,-21.937,-21.937,-21.937,,-22.904,
05-07-2026-Thu 13-45-55-PM,-23.17,-23.17,-21.903,-21.903,-21.903,-22.937,-22.937,-22.937,-23.17,,-21.903,-21.903,-21.903,,-22.937,
05-07-2026-Thu 13-45-57-PM,-23.204,-23.204,-21.937,-21.937,-21.937,-22.904,-22.904,-22.904,-23.204,,-21.937,-21.937,-21.937,,-22.904,
05-07-2026-Thu 13-45-58-PM,-23.17,-23.17,-21.937,-21.937,-21.937,-22.97,-22.97,-22.97,-23.17,,-21.937,-21.937,-21.937,,-22.97,
05-07-2026-Thu 13-45-59-PM,-23.204,-23.204,-21.97,-21.97,-21.97,-23.004,-23.004,-23.004,-23.204,,-21.97,-21.97,-21.97,,-23.004,
05-07-2026-Thu 13-46-01-PM,-23.204,-23.204,-21.97,-21.97,-21.97,-22.937,-22.937,-22.937,-23.204,,-21.97,-21.97,-21.97,,-22.937,
05-07-2026-Thu 13-46-03-PM,-23.204,-23.204,-21.97,-21.97,-21.97,-23.004,-23.004,-23.004,-23.204,,-21.97,-21.97,-21.97,,-23.004,
05-07-2026-Thu 13-46-04-PM,-23.27,-23.27,-21.97,-21.97,-21.97,-22.97,-22.97,-22.97,-23.27,,-21.97,-21.97,-21.97,,-22.97,
05-07-2026-Thu 13-46-05-PM,-23.27,-23.27,-22.003,-22.003,-22.003,-23.004,-23.004,-23.004,-23.27,,-22.003,-22.003,-22.003,,-23.004,
05-07-2026-Thu 13-46-07-PM,-23.237,-23.237,-22.003,-22.003,-22.003,-23.037,-23.037,-23.037,-23.237,,-22.003,-22.003,-22.003,,-23.037,
05-07-2026-Thu 13-46-08-PM,-23.27,-23.27,-22.003,-22.003,-22.003,-23.004,-23.004,-23.004,-23.27,,-22.003,-22.003,-22.003,,-23.004,
05-07-2026-Thu 13-46-10-PM,-23.27,-23.27,-22.037,-22.037,-22.037,-23.037,-23.037,-23.037,-23.27,,-22.037,-22.037,-22.037,,-23.037,
05-07-2026-Thu 13-46-11-PM,-23.304,-23.304,-22.037,-22.037,-22.037,-23.037,-23.037,-23.037,-23.304,,-22.037,-22.037,-22.037,,-23.037,
05-07-2026-Thu 13-46-13-PM,-23.304,-23.304,-22.037,-22.037,-22.037,-23.07,-23.07,-23.07,-23.304,,-22.037,-22.037,-22.037,,-23.07,
05-07-2026-Thu 13-46-16-PM,-23.304,-23.304,-22.07,-22.07,-22.07,-23.07,-23.07,-23.07,-23.304,,-22.07,-22.07,-22.07,,-23.07,
05-07-2026-Thu 13-46-18-PM,-23.337,-23.337,-22.07,-22.07,-22.07,-23.104,-23.104,-23.104,-23.337,,-22.07,-22.07,-22.07,,-23.104,
05-07-2026-Thu 13-46-20-PM,-23.404,-23.404,-22.103,-22.103,-22.103,-23.137,-23.137,-23.137,-23.404,,-22.103,-22.103,-22.103,,-23.137,
05-07-2026-Thu 13-46-21-PM,-23.404,-23.404,-22.07,-22.07,-22.07,-23.137,-23.137,-23.137,-23.404,,-22.07,-22.07,-22.07,,-23.137,
05-07-2026-Thu 13-46-23-PM,-23.37,-23.37,-22.103,-22.103,-22.103,-23.137,-23.137,-23.137,-23.37,,-22.103,-22.103,-22.103,,-23.137,
05-07-2026-Thu 13-46-24-PM,-23.404,-23.404,-22.103,-22.103,-22.103,-23.104,-23.104,-23.104,-23.404,,-22.103,-22.103,-22.103,,-23.104,
05-07-2026-Thu 13-46-25-PM,-23.404,-23.404,-22.103,-22.103,-22.103,-23.104,-23.104,-23.104,-23.404,,-22.103,-22.103,-22.103,,-23.104,
05-07-2026-Thu 13-46-27-PM,-23.37,-23.37,-22.137,-22.137,-22.137,-23.137,-23.137,-23.137,-23.37,,-22.137,-22.137,-22.137,,-23.137,
05-07-2026-Thu 13-46-29-PM,-23.337,-23.337,-22.103,-22.103,-22.103,-23.204,-23.204,-23.204,-23.337,,-22.103,-22.103,-22.103,,-23.204,
05-07-2026-Thu 13-46-30-PM,-23.337,-23.337,-22.103,-22.103,-22.103,-23.17,-23.17,-23.17,-23.337,,-22.103,-22.103,-22.103,,-23.17,
05-07-2026-Thu 13-46-31-PM,-23.304,-23.304,-22.103,-22.103,-22.103,-23.204,-23.204,-23.204,-23.304,,-22.103,-22.103,-22.103,,-23.204,
05-07-2026-Thu 13-46-33-PM,-23.337,-23.337,-22.103,-22.103,-22.103,-23.237,-23.237,-23.237,-23.337,,-22.103,-22.103,-22.103,,-23.237,
05-07-2026-Thu 13-46-34-PM,-23.37,-23.37,-22.07,-22.07,-22.07,-23.27,-23.27,-23.27,-23.37,,-22.07,-22.07,-22.07,,-23.27,
05-07-2026-Thu 13-46-36-PM,-23.37,-23.37,-22.07,-22.07,-22.07,-23.27,-23.27,-23.27,-23.37,,-22.07,-22.07,-22.07,,-23.27,
05-07-2026-Thu 13-46-37-PM,-23.37,-23.37,-22.07,-22.07,-22.07,-23.237,-23.237,-23.237,-23.37,,-22.07,-22.07,-22.07,,-23.237,
05-07-2026-Thu 13-46-38-PM,-23.404,-23.404,-22.037,-22.037,-22.037,-23.237,-23.237,-23.237,-23.404,,-22.037,-22.037,-22.037,,-23.237,
05-07-2026-Thu 13-46-40-PM,-23.404,-23.404,-22.037,-22.037,-22.037,-23.304,-23.304,-23.304,-23.404,,-22.037,-22.037,-22.037,,-23.304,
05-07-2026-Thu 13-46-42-PM,-23.437,-23.437,-22.003,-22.003,-22.003,-23.27,-23.27,-23.27,-23.437,,-22.003,-22.003,-22.003,,-23.27,
05-07-2026-Thu 13-46-43-PM,-23.437,-23.437,-22.003,-22.003,-22.003,-23.237,-23.237,-23.237,-23.437,,-22.003,-22.003,-22.003,,-23.237,
05-07-2026-Thu 13-46-45-PM,-23.471,-23.471,-21.97,-21.97,-21.97,-23.304,-23.304,-23.304,-23.471,,-21.97,-21.97,-21.97,,-23.304,
05-07-2026-Thu 13-46-46-PM,-23.471,-23.471,-22.003,-22.003,-22.003,-23.337,-23.337,-23.337,-23.471,,-22.003,-22.003,-22.003,,-23.337,
05-07-2026-Thu 13-46-47-PM,-23.471,-23.471,-21.97,-21.97,-21.97,-23.37,-23.37,-23.37,-23.471,,-21.97,-21.97,-21.97,,-23.37,
05-07-2026-Thu 13-46-49-PM,-23.504,-23.504,-22.003,-22.003,-22.003,-23.337,-23.337,-23.337,-23.504,,-22.003,-22.003,-22.003,,-23.337,
05-07-2026-Thu 13-46-50-PM,-23.537,-23.537,-21.97,-21.97,-21.97,-23.37,-23.37,-23.37,-23.537,,-21.97,-21.97,-21.97,,-23.37,
05-07-2026-Thu 13-46-52-PM,-23.537,-23.537,-21.97,-21.97,-21.97,-23.37,-23.37,-23.37,-23.537,,-21.97,-21.97,-21.97,,-23.37,
05-07-2026-Thu 13-46-53-PM,-23.537,-23.537,-21.97,-21.97,-21.97,-23.404,-23.404,-23.404,-23.537,,-21.97,-21.97,-21.97,,-23.404,
05-07-2026-Thu 13-46-55-PM,-23.57,-23.57,-21.97,-21.97,-21.97,-23.404,-23.404,-23.404,-23.57,,-21.97,-21.97,-21.97,,-23.404,
05-07-2026-Thu 13-46-56-PM,-23.57,-23.57,-21.97,-21.97,-21.97,-23.437,-23.437,-23.437,-23.57,,-21.97,-21.97,-21.97,,-23.437,
05-07-2026-Thu 13-46-57-PM,-23.604,-23.604,-21.937,-21.937,-21.937,-23.437,-23.437,-23.437,-23.604,,-21.937,-21.937,-21.937,,-23.437,
05-07-2026-Thu 13-46-59-PM,-23.604,-23.604,-22.003,-22.003,-22.003,-23.404,-23.404,-23.404,-23.604,,-22.003,-22.003,-22.003,,-23.404,
05-07-2026-Thu 13-47-00-PM,-23.604,-23.604,-21.97,-21.97,-21.97,-23.471,-23.471,-23.471,-23.604,,-21.97,-21.97,-21.97,,-23.471,
05-07-2026-Thu 13-47-02-PM,-23.604,-23.604,-22.003,-22.003,-22.003,-23.437,-23.437,-23.437,-23.604,,-22.003,-22.003,-22.003,,-23.437,
05-07-2026-Thu 13-47-03-PM,-23.637,-23.637,-22.003,-22.003,-22.003,-23.471,-23.471,-23.471,-23.637,,-22.003,-22.003,-22.003,,-23.471,
05-07-2026-Thu 13-47-04-PM,-23.637,-23.637,-22.037,-22.037,-22.037,-23.437,-23.437,-23.437,-23.637,,-22.037,-22.037,-22.037,,-23.437,
05-07-2026-Thu 13-47-06-PM,-23.637,-23.637,-22.037,-22.037,-22.037,-23.471,-23.471,-23.471,-23.637,,-22.037,-22.037,-22.037,,-23.471,
05-07-2026-Thu 13-47-07-PM,-23.637,-23.637,-22.07,-22.07,-22.07,-23.504,-23.504,-23.504,-23.637,,-22.07,-22.07,-22.07,,-23.504,
05-07-2026-Thu 13-47-09-PM,-23.637,-23.637,-22.07,-22.07,-22.07,-23.504,-23.504,-23.504,-23.637,,-22.07,-22.07,-22.07,,-23.504,
05-07-2026-Thu 13-47-10-PM,-23.67,-23.67,-22.103,-22.103,-22.103,-23.471,-23.471,-23.471,-23.67,,-22.103,-22.103,-22.103,,-23.471,
05-07-2026-Thu 13-47-12-PM,-23.67,-23.67,-22.103,-22.103,-22.103,-23.504,-23.504,-23.504,-23.67,,-22.103,-22.103,-22.103,,-23.504,
05-07-2026-Thu 13-47-13-PM,-23.704,-23.704,-22.103,-22.103,-22.103,-23.504,-23.504,-23.504,-23.704,,-22.103,-22.103,-22.103,,-23.504,
05-07-2026-Thu 13-47-14-PM,-23.737,-23.737,-22.103,-22.103,-22.103,-23.504,-23.504,-23.504,-23.737,,-22.103,-22.103,-22.103,,-23.504,
05-07-2026-Thu 13-47-16-PM,-23.737,-23.737,-22.137,-22.137,-22.137,-23.504,-23.504,-23.504,-23.737,,-22.137,-22.137,-22.137,,-23.504,
05-07-2026-Thu 13-47-17-PM,-23.737,-23.737,-22.137,-22.137,-22.137,-23.504,-23.504,-23.504,-23.737,,-22.137,-22.137,-22.137,,-23.504,
05-07-2026-Thu 13-47-19-PM,-23.737,-23.737,-22.17,-22.17,-22.17,-23.504,-23.504,-23.504,-23.737,,-22.17,-22.17,-22.17,,-23.504,
05-07-2026-Thu 13-47-20-PM,-23.77,-23.77,-22.203,-22.203,-22.203,-23.504,-23.504,-23.504,-23.77,,-22.203,-22.203,-22.203,,-23.504,
05-07-2026-Thu 13-47-21-PM,-23.77,-23.77,-22.203,-22.203,-22.203,-23.57,-23.57,-23.57,-23.77,,-22.203,-22.203,-22.203,,-23.57,
05-07-2026-Thu 13-47-23-PM,-23.837,-23.837,-22.237,-22.237,-22.237,-23.537,-23.537,-23.537,-23.837,,-22.237,-22.237,-22.237,,-23.537,
05-07-2026-Thu 13-47-24-PM,-23.804,-23.804,-22.237,-22.237,-22.237,-23.537,-23.537,-23.537,-23.804,,-22.237,-22.237,-22.237,,-23.537,
05-07-2026-Thu 13-47-26-PM,-23.837,-23.837,-22.237,-22.237,-22.237,-23.604,-23.604,-23.604,-23.837,,-22.237,-22.237,-22.237,,-23.604,
05-07-2026-Thu 13-47-27-PM,-23.837,-23.837,-22.27,-22.27,-22.27,-23.537,-23.537,-23.537,-23.837,,-22.27,-22.27,-22.27,,-23.537,
05-07-2026-Thu 13-47-29-PM,-23.837,-23.837,-22.304,-22.304,-22.304,-23.637,-23.637,-23.637,-23.837,,-22.304,-22.304,-22.304,,-23.637,
05-07-2026-Thu 13-47-30-PM,-23.87,-23.87,-22.304,-22.304,-22.304,-23.637,-23.637,-23.637,-23.87,,-22.304,-22.304,-22.304,,-23.637,
05-07-2026-Thu 13-47-32-PM,-23.87,-23.87,-22.304,-22.304,-22.304,-23.637,-23.637,-23.637,-23.87,,-22.304,-22.304,-22.304,,-23.637,
05-07-2026-Thu 13-47-33-PM,-23.904,-23.904,-22.337,-22.337,-22.337,-23.637,-23.637,-23.637,-23.904,,-22.337,-22.337,-22.337,,-23.637,
05-07-2026-Thu 13-47-34-PM,-23.904,-23.904,-22.337,-22.337,-22.337,-23.704,-23.704,-23.704,-23.904,,-22.337,-22.337,-22.337,,-23.704,
05-07-2026-Thu 13-47-36-PM,-23.87,-23.87,-22.37,-22.37,-22.37,-23.67,-23.67,-23.67,-23.87,,-22.37,-22.37,-22.37,,-23.67,
05-07-2026-Thu 13-47-37-PM,-23.904,-23.904,-22.37,-22.37,-22.37,-23.704,-23.704,-23.704,-23.904,,-22.37,-22.37,-22.37,,-23.704,
05-07-2026-Thu 13-47-39-PM,-23.937,-23.937,-22.404,-22.404,-22.404,-23.637,-23.637,-23.637,-23.937,,-22.404,-22.404,-22.404,,-23.637,
05-07-2026-Thu 13-47-40-PM,-23.937,-23.937,-22.404,-22.404,-22.404,-23.704,-23.704,-23.704,-23.937,,-22.404,-22.404,-22.404,,-23.704,
05-07-2026-Thu 13-47-41-PM,-23.937,-23.937,-22.404,-22.404,-22.404,-23.67,-23.67,-23.67,-23.937,,-22.404,-22.404,-22.404,,-23.67,
05-07-2026-Thu 13-47-43-PM,-23.97,-23.97,-22.437,-22.437,-22.437,-23.737,-23.737,-23.737,-23.97,,-22.437,-22.437,-22.437,,-23.737,
05-07-2026-Thu 13-47-44-PM,-23.97,-23.97,-22.47,-22.47,-22.47,-23.704,-23.704,-23.704,-23.97,,-22.47,-22.47,-22.47,,-23.704,
05-07-2026-Thu 13-47-45-PM,-24.004,-24.004,-22.437,-22.437,-22.437,-23.737,-23.737,-23.737,-24.004,,-22.437,-22.437,-22.437,,-23.737,
05-07-2026-Thu 13-47-47-PM,-24.037,-24.037,-22.47,-22.47,-22.47,-23.704,-23.704,-23.704,-24.037,,-22.47,-22.47,-22.47,,-23.704,
05-07-2026-Thu 13-47-48-PM,-24.004,-24.004,-22.47,-22.47,-22.47,-23.737,-23.737,-23.737,-24.004,,-22.47,-22.47,-22.47,,-23.737,
05-07-2026-Thu 13-47-50-PM,-24.037,-24.037,-22.504,-22.504,-22.504,-23.77,-23.77,-23.77,-24.037,,-22.504,-22.504,-22.504,,-23.77,
05-07-2026-Thu 13-47-51-PM,-24.037,-24.037,-22.504,-22.504,-22.504,-23.804,-23.804,-23.804,-24.037,,-22.504,-22.504,-22.504,,-23.804,
05-07-2026-Thu 13-47-52-PM,-24.07,-24.07,-22.537,-22.537,-22.537,-23.77,-23.77,-23.77,-24.07,,-22.537,-22.537,-22.537,,-23.77,
05-07-2026-Thu 13-47-54-PM,-24.07,-24.07,-22.504,-22.504,-22.504,-23.804,-23.804,-23.804,-24.07,,-22.504,-22.504,-22.504,,-23.804,
05-07-2026-Thu 13-47-55-PM,-24.07,-24.07,-22.57,-22.57,-22.57,-23.737,-23.737,-23.737,-24.07,,-22.57,-22.57,-22.57,,-23.737,
05-07-2026-Thu 13-47-57-PM,-24.104,-24.104,-22.57,-22.57,-22.57,-23.804,-23.804,-23.804,-24.104,,-22.57,-22.57,-22.57,,-23.804,
05-07-2026-Thu 13-47-58-PM,-24.104,-24.104,-22.604,-22.604,-22.604,-23.837,-23.837,-23.837,-24.104,,-22.604,-22.604,-22.604,,-23.837,
05-07-2026-Thu 13-47-59-PM,-24.137,-24.137,-22.604,-22.604,-22.604,-23.77,-23.77,-23.77,-24.137,,-22.604,-22.604,-22.604,,-23.77,
05-07-2026-Thu 13-48-02-PM,-24.137,-24.137,-22.604,-22.604,-22.604,-23.837,-23.837,-23.837,-24.137,,-22.604,-22.604,-22.604,,-23.837,
05-07-2026-Thu 13-48-05-PM,-24.17,-24.17,-22.637,-22.637,-22.637,-23.87,-23.87,-23.87,-24.17,,-22.637,-22.637,-22.637,,-23.87,
05-07-2026-Thu 13-48-07-PM,-24.17,-24.17,-22.67,-22.67,-22.67,-23.87,-23.87,-23.87,-24.17,,-22.67,-22.67,-22.67,,-23.87,
05-07-2026-Thu 13-48-08-PM,-24.204,-24.204,-22.67,-22.67,-22.67,-23.904,-23.904,-23.904,-24.204,,-22.67,-22.67,-22.67,,-23.904,
05-07-2026-Thu 13-48-10-PM,-24.237,-24.237,-22.67,-22.67,-22.67,-23.87,-23.87,-23.87,-24.237,,-22.67,-22.67,-22.67,,-23.87,
05-07-2026-Thu 13-48-11-PM,-24.204,-24.204,-22.704,-22.704,-22.704,-23.837,-23.837,-23.837,-24.204,,-22.704,-22.704,-22.704,,-23.837,
05-07-2026-Thu 13-48-12-PM,-24.237,-24.237,-22.704,-22.704,-22.704,-23.904,-23.904,-23.904,-24.237,,-22.704,-22.704,-22.704,,-23.904,
05-07-2026-Thu 13-48-14-PM,-24.204,-24.204,-22.737,-22.737,-22.737,-23.904,-23.904,-23.904,-24.204,,-22.737,-22.737,-22.737,,-23.904,
05-07-2026-Thu 13-48-15-PM,-24.204,-24.204,-22.737,-22.737,-22.737,-23.937,-23.937,-23.937,-24.204,,-22.737,-22.737,-22.737,,-23.937,
05-07-2026-Thu 13-48-17-PM,-24.27,-24.27,-22.737,-22.737,-22.737,-24.004,-24.004,-24.004,-24.27,,-22.737,-22.737,-22.737,,-24.004,
05-07-2026-Thu 13-48-18-PM,-24.27,-24.27,-22.77,-22.77,-22.77,-23.97,-23.97,-23.97,-24.27,,-22.77,-22.77,-22.77,,-23.97,
05-07-2026-Thu 13-48-19-PM,-24.304,-24.304,-22.77,-22.77,-22.77,-24.004,-24.004,-24.004,-24.304,,-22.77,-22.77,-22.77,,-24.004,
05-07-2026-Thu 13-48-21-PM,-24.304,-24.304,-22.77,-22.77,-22.77,-23.97,-23.97,-23.97,-24.304,,-22.77,-22.77,-22.77,,-23.97,
05-07-2026-Thu 13-48-23-PM,-24.337,-24.337,-22.77,-22.77,-22.77,-24.004,-24.004,-24.004,-24.337,,-22.77,-22.77,-22.77,,-24.004,
05-07-2026-Thu 13-48-24-PM,-24.337,-24.337,-22.804,-22.804,-22.804,-24.037,-24.037,-24.037,-24.337,,-22.804,-22.804,-22.804,,-24.037,
05-07-2026-Thu 13-48-25-PM,-24.337,-24.337,-22.804,-22.804,-22.804,-24.037,-24.037,-24.037,-24.337,,-22.804,-22.804,-22.804,,-24.037,
05-07-2026-Thu 13-48-27-PM,-24.37,-24.37,-22.837,-22.837,-22.837,-23.97,-23.97,-23.97,-24.37,,-22.837,-22.837,-22.837,,-23.97,
05-07-2026-Thu 13-48-28-PM,-24.404,-24.404,-22.837,-22.837,-22.837,-24.037,-24.037,-24.037,-24.404,,-22.837,-22.837,-22.837,,-24.037,
05-07-2026-Thu 13-48-30-PM,-24.404,-24.404,-22.87,-22.87,-22.87,-24.004,-24.004,-24.004,-24.404,,-22.87,-22.87,-22.87,,-24.004,
05-07-2026-Thu 13-48-31-PM,-24.404,-24.404,-22.87,-22.87,-22.87,-24.07,-24.07,-24.07,-24.404,,-22.87,-22.87,-22.87,,-24.07,
05-07-2026-Thu 13-48-32-PM,-24.437,-24.437,-22.87,-22.87,-22.87,-24.037,-24.037,-24.037,-24.437,,-22.87,-22.87,-22.87,,-24.037,
05-07-2026-Thu 13-48-34-PM,-24.437,-24.437,-22.87,-22.87,-22.87,-24.07,-24.07,-24.07,-24.437,,-22.87,-22.87,-22.87,,-24.07,
05-07-2026-Thu 13-48-35-PM,-24.437,-24.437,-22.87,-22.87,-22.87,-24.07,-24.07,-24.07,-24.437,,-22.87,-22.87,-22.87,,-24.07,
05-07-2026-Thu 13-48-36-PM,-24.437,-24.437,-22.904,-22.904,-22.904,-24.104,-24.104,-24.104,-24.437,,-22.904,-22.904,-22.904,,-24.104,
05-07-2026-Thu 13-48-38-PM,-24.47,-24.47,-22.937,-22.937,-22.937,-24.104,-24.104,-24.104,-24.47,,-22.937,-22.937,-22.937,,-24.104,
05-07-2026-Thu 13-48-39-PM,-24.504,-24.504,-22.904,-22.904,-22.904,-24.137,-24.137,-24.137,-24.504,,-22.904,-22.904,-22.904,,-24.137,
05-07-2026-Thu 13-48-41-PM,-24.504,-24.504,-22.937,-22.937,-22.937,-24.137,-24.137,-24.137,-24.504,,-22.937,-22.937,-22.937,,-24.137,
05-07-2026-Thu 13-48-42-PM,-24.537,-24.537,-22.937,-22.937,-22.937,-24.104,-24.104,-24.104,-24.537,,-22.937,-22.937,-22.937,,-24.104,
05-07-2026-Thu 13-48-44-PM,-24.537,-24.537,-22.937,-22.937,-22.937,-24.137,-24.137,-24.137,-24.537,,-22.937,-22.937,-22.937,,-24.137,
05-07-2026-Thu 13-48-45-PM,-24.537,-24.537,-22.97,-22.97,-22.97,-24.137,-24.137,-24.137,-24.537,,-22.97,-22.97,-22.97,,-24.137,
05-07-2026-Thu 13-48-46-PM,-24.57,-24.57,-23.004,-23.004,-23.004,-24.137,-24.137,-24.137,-24.57,,-23.004,-23.004,-23.004,,-24.137,
05-07-2026-Thu 13-48-48-PM,-24.57,-24.57,-23.004,-23.004,-23.004,-24.204,-24.204,-24.204,-24.57,,-23.004,-23.004,-23.004,,-24.204,
05-07-2026-Thu 13-48-49-PM,-24.57,-24.57,-23.004,-23.004,-23.004,-24.17,-24.17,-24.17,-24.57,,-23.004,-23.004,-23.004,,-24.17,
05-07-2026-Thu 13-48-51-PM,-24.604,-24.604,-23.037,-23.037,-23.037,-24.204,-24.204,-24.204,-24.604,,-23.037,-23.037,-23.037,,-24.204,
05-07-2026-Thu 13-48-52-PM,-24.604,-24.604,-23.037,-23.037,-23.037,-24.104,-24.104,-24.104,-24.604,,-23.037,-23.037,-23.037,,-24.104,
05-07-2026-Thu 13-48-53-PM,-24.604,-24.604,-23.037,-23.037,-23.037,-24.204,-24.204,-24.204,-24.604,,-23.037,-23.037,-23.037,,-24.204,
05-07-2026-Thu 13-48-55-PM,-24.637,-24.637,-23.004,-23.004,-23.004,-24.237,-24.237,-24.237,-24.637,,-23.004,-23.004,-23.004,,-24.237,
05-07-2026-Thu 13-48-56-PM,-24.67,-24.67,-23.037,-23.037,-23.037,-24.27,-24.27,-24.27,-24.67,,-23.037,-23.037,-23.037,,-24.27,
05-07-2026-Thu 13-48-58-PM,-24.67,-24.67,-23.037,-23.037,-23.037,-24.237,-24.237,-24.237,-24.67,,-23.037,-23.037,-23.037,,-24.237,
05-07-2026-Thu 13-48-59-PM,-24.67,-24.67,-23.07,-23.07,-23.07,-24.237,-24.237,-24.237,-24.67,,-23.07,-23.07,-23.07,,-24.237,
05-07-2026-Thu 13-49-00-PM,-24.704,-24.704,-23.104,-23.104,-23.104,-24.27,-24.27,-24.27,-24.704,,-23.104,-23.104,-23.104,,-24.27,
05-07-2026-Thu 13-49-02-PM,-24.737,-24.737,-23.07,-23.07,-23.07,-24.237,-24.237,-24.237,-24.737,,-23.07,-23.07,-23.07,,-24.237,
05-07-2026-Thu 13-49-03-PM,-24.704,-24.704,-23.104,-23.104,-23.104,-24.237,-24.237,-24.237,-24.704,,-23.104,-23.104,-23.104,,-24.237,
05-07-2026-Thu 13-49-05-PM,-24.737,-24.737,-23.104,-23.104,-23.104,-24.27,-24.27,-24.27,-24.737,,-23.104,-23.104,-23.104,,-24.27,
05-07-2026-Thu 13-49-06-PM,-24.77,-24.77,-23.137,-23.137,-23.137,-24.27,-24.27,-24.27,-24.77,,-23.137,-23.137,-23.137,,-24.27,
05-07-2026-Thu 13-49-07-PM,-24.77,-24.77,-23.137,-23.137,-23.137,-24.337,-24.337,-24.337,-24.77,,-23.137,-23.137,-23.137,,-24.337,
05-07-2026-Thu 13-49-09-PM,-24.77,-24.77,-23.137,-23.137,-23.137,-24.27,-24.27,-24.27,-24.77,,-23.137,-23.137,-23.137,,-24.27,
05-07-2026-Thu 13-49-10-PM,-24.804,-24.804,-23.137,-23.137,-23.137,-24.27,-24.27,-24.27,-24.804,,-23.137,-23.137,-23.137,,-24.27,
05-07-2026-Thu 13-49-12-PM,-24.804,-24.804,-23.137,-23.137,-23.137,-24.304,-24.304,-24.304,-24.804,,-23.137,-23.137,-23.137,,-24.304,
05-07-2026-Thu 13-49-13-PM,-24.837,-24.837,-23.17,-23.17,-23.17,-24.304,-24.304,-24.304,-24.837,,-23.17,-23.17,-23.17,,-24.304,
05-07-2026-Thu 13-49-14-PM,-24.837,-24.837,-23.17,-23.17,-23.17,-24.37,-24.37,-24.37,-24.837,,-23.17,-23.17,-23.17,,-24.37,
05-07-2026-Thu 13-49-16-PM,-24.837,-24.837,-23.204,-23.204,-23.204,-24.37,-24.37,-24.37,-24.837,,-23.204,-23.204,-23.204,,-24.37,
05-07-2026-Thu 13-49-19-PM,-24.837,-24.837,-23.204,-23.204,-23.204,-24.337,-24.337,-24.337,-24.837,,-23.204,-23.204,-23.204,,-24.337,
05-07-2026-Thu 13-49-21-PM,-24.904,-24.904,-23.237,-23.237,-23.237,-24.404,-24.404,-24.404,-24.904,,-23.237,-23.237,-23.237,,-24.404,
05-07-2026-Thu 13-49-23-PM,-24.937,-24.937,-23.237,-23.237,-23.237,-24.337,-24.337,-24.337,-24.937,,-23.237,-23.237,-23.237,,-24.337,
05-07-2026-Thu 13-49-25-PM,-24.904,-24.904,-23.27,-23.27,-23.27,-24.337,-24.337,-24.337,-24.904,,-23.27,-23.27,-23.27,,-24.337,
05-07-2026-Thu 13-49-26-PM,-24.937,-24.937,-23.27,-23.27,-23.27,-24.337,-24.337,-24.337,-24.937,,-23.27,-23.27,-23.27,,-24.337,
05-07-2026-Thu 13-49-27-PM,-24.97,-24.97,-23.27,-23.27,-23.27,-24.404,-24.404,-24.404,-24.97,,-23.27,-23.27,-23.27,,-24.404,
05-07-2026-Thu 13-49-29-PM,-24.97,-24.97,-23.27,-23.27,-23.27,-24.437,-24.437,-24.437,-24.97,,-23.27,-23.27,-23.27,,-24.437,
05-07-2026-Thu 13-49-30-PM,-25.004,-25.004,-23.27,-23.27,-23.27,-24.437,-24.437,-24.437,-25.004,,-23.27,-23.27,-23.27,,-24.437,
05-07-2026-Thu 13-49-32-PM,-25.004,-25.004,-23.27,-23.27,-23.27,-24.437,-24.437,-24.437,-25.004,,-23.27,-23.27,-23.27,,-24.437,
05-07-2026-Thu 13-49-33-PM,-25.004,-25.004,-23.304,-23.304,-23.304,-24.437,-24.437,-24.437,-25.004,,-23.304,-23.304,-23.304,,-24.437,
05-07-2026-Thu 13-49-34-PM,-25.004,-25.004,-23.304,-23.304,-23.304,-24.437,-24.437,-24.437,-25.004,,-23.304,-23.304,-23.304,,-24.437,
05-07-2026-Thu 13-49-36-PM,-25.004,-25.004,-23.337,-23.337,-23.337,-24.47,-24.47,-24.47,-25.004,,-23.337,-23.337,-23.337,,-24.47,
05-07-2026-Thu 13-49-37-PM,-25.037,-25.037,-23.337,-23.337,-23.337,-24.47,-24.47,-24.47,-25.037,,-23.337,-23.337,-23.337,,-24.47,
05-07-2026-Thu 13-49-38-PM,-25.07,-25.07,-23.337,-23.337,-23.337,-24.437,-24.437,-24.437,-25.07,,-23.337,-23.337,-23.337,,-24.437,
05-07-2026-Thu 13-49-40-PM,-25.104,-25.104,-23.37,-23.37,-23.37,-24.47,-24.47,-24.47,-25.104,,-23.37,-23.37,-23.37,,-24.47,
05-07-2026-Thu 13-49-41-PM,-25.104,-25.104,-23.37,-23.37,-23.37,-24.504,-24.504,-24.504,-25.104,,-23.37,-23.37,-23.37,,-24.504,
05-07-2026-Thu 13-49-43-PM,-25.137,-25.137,-23.37,-23.37,-23.37,-24.537,-24.537,-24.537,-25.137,,-23.37,-23.37,-23.37,,-24.537,
05-07-2026-Thu 13-49-44-PM,-25.137,-25.137,-23.37,-23.37,-23.37,-24.437,-24.437,-24.437,-25.137,,-23.37,-23.37,-23.37,,-24.437,
05-07-2026-Thu 13-49-45-PM,-25.137,-25.137,-23.404,-23.404,-23.404,-24.537,-24.537,-24.537,-25.137,,-23.404,-23.404,-23.404,,-24.537,
05-07-2026-Thu 13-49-47-PM,-25.17,-25.17,-23.404,-23.404,-23.404,-24.537,-24.537,-24.537,-25.17,,-23.404,-23.404,-23.404,,-24.537,
05-07-2026-Thu 13-49-48-PM,-25.17,-25.17,-23.404,-23.404,-23.404,-24.47,-24.47,-24.47,-25.17,,-23.404,-23.404,-23.404,,-24.47,
05-07-2026-Thu 13-49-50-PM,-25.204,-25.204,-23.437,-23.437,-23.437,-24.537,-24.537,-24.537,-25.204,,-23.437,-23.437,-23.437,,-24.537,
05-07-2026-Thu 13-49-51-PM,-25.204,-25.204,-23.404,-23.404,-23.404,-24.537,-24.537,-24.537,-25.204,,-23.404,-23.404,-23.404,,-24.537,
05-07-2026-Thu 13-49-52-PM,-25.204,-25.204,-23.437,-23.437,-23.437,-24.57,-24.57,-24.57,-25.204,,-23.437,-23.437,-23.437,,-24.57,
05-07-2026-Thu 13-49-54-PM,-25.237,-25.237,-23.471,-23.471,-23.471,-24.604,-24.604,-24.604,-25.237,,-23.471,-23.471,-23.471,,-24.604,
05-07-2026-Thu 13-49-55-PM,-25.27,-25.27,-23.471,-23.471,-23.471,-24.57,-24.57,-24.57,-25.27,,-23.471,-23.471,-23.471,,-24.57,
05-07-2026-Thu 13-49-57-PM,-25.237,-25.237,-23.437,-23.437,-23.437,-24.57,-24.57,-24.57,-25.237,,-23.437,-23.437,-23.437,,-24.57,
05-07-2026-Thu 13-49-58-PM,-25.27,-25.27,-23.471,-23.471,-23.471,-24.604,-24.604,-24.604,-25.27,,-23.471,-23.471,-23.471,,-24.604,
05-07-2026-Thu 13-49-59-PM,-25.27,-25.27,-23.471,-23.471,-23.471,-24.604,-24.604,-24.604,-25.27,,-23.471,-23.471,-23.471,,-24.604,
05-07-2026-Thu 13-50-01-PM,-25.304,-25.304,-23.504,-23.504,-23.504,-24.57,-24.57,-24.57,-25.304,,-23.504,-23.504,-23.504,,-24.57,
05-07-2026-Thu 13-50-02-PM,-25.304,-25.304,-23.504,-23.504,-23.504,-24.57,-24.57,-24.57,-25.304,,-23.504,-23.504,-23.504,,-24.57,
05-07-2026-Thu 13-50-04-PM,-25.304,-25.304,-23.504,-23.504,-23.504,-24.537,-24.537,-24.537,-25.304,,-23.504,-23.504,-23.504,,-24.537,
05-07-2026-Thu 13-50-05-PM,-25.337,-25.337,-23.537,-23.537,-23.537,-24.637,-24.637,-24.637,-25.337,,-23.537,-23.537,-23.537,,-24.637,
05-07-2026-Thu 13-50-06-PM,-25.337,-25.337,-23.537,-23.537,-23.537,-24.604,-24.604,-24.604,-25.337,,-23.537,-23.537,-23.537,,-24.604,
05-07-2026-Thu 13-50-08-PM,-25.37,-25.37,-23.537,-23.537,-23.537,-24.67,-24.67,-24.67,-25.37,,-23.537,-23.537,-23.537,,-24.67,
05-07-2026-Thu 13-50-09-PM,-25.404,-25.404,-23.537,-23.537,-23.537,-24.637,-24.637,-24.637,-25.404,,-23.537,-23.537,-23.537,,-24.637,
05-07-2026-Thu 13-50-11-PM,-25.404,-25.404,-23.57,-23.57,-23.57,-24.637,-24.637,-24.637,-25.404,,-23.57,-23.57,-23.57,,-24.637,
05-07-2026-Thu 13-50-12-PM,-25.404,-25.404,-23.57,-23.57,-23.57,-24.704,-24.704,-24.704,-25.404,,-23.57,-23.57,-23.57,,-24.704,
05-07-2026-Thu 13-50-14-PM,-25.404,-25.404,-23.57,-23.57,-23.57,-24.704,-24.704,-24.704,-25.404,,-23.57,-23.57,-23.57,,-24.704,
05-07-2026-Thu 13-50-15-PM,-25.437,-25.437,-23.604,-23.604,-23.604,-24.704,-24.704,-24.704,-25.437,,-23.604,-23.604,-23.604,,-24.704,
05-07-2026-Thu 13-50-17-PM,-25.437,-25.437,-23.57,-23.57,-23.57,-24.67,-24.67,-24.67,-25.437,,-23.57,-23.57,-23.57,,-24.67,
05-07-2026-Thu 13-50-18-PM,-25.437,-25.437,-23.604,-23.604,-23.604,-24.704,-24.704,-24.704,-25.437,,-23.604,-23.604,-23.604,,-24.704,
05-07-2026-Thu 13-50-19-PM,-25.47,-25.47,-23.604,-23.604,-23.604,-24.77,-24.77,-24.77,-25.47,,-23.604,-23.604,-23.604,,-24.77,
05-07-2026-Thu 13-50-21-PM,-25.504,-25.504,-23.637,-23.637,-23.637,-24.77,-24.77,-24.77,-25.504,,-23.637,-23.637,-23.637,,-24.77,
05-07-2026-Thu 13-50-22-PM,-25.504,-25.504,-23.637,-23.637,-23.637,-24.704,-24.704,-24.704,-25.504,,-23.637,-23.637,-23.637,,-24.704,
05-07-2026-Thu 13-50-24-PM,-25.504,-25.504,-23.637,-23.637,-23.637,-24.804,-24.804,-24.804,-25.504,,-23.637,-23.637,-23.637,,-24.804,
05-07-2026-Thu 13-50-25-PM,-25.537,-25.537,-23.67,-23.67,-23.67,-24.77,-24.77,-24.77,-25.537,,-23.67,-23.67,-23.67,,-24.77,
05-07-2026-Thu 13-50-26-PM,-25.537,-25.537,-23.67,-23.67,-23.67,-24.77,-24.77,-24.77,-25.537,,-23.67,-23.67,-23.67,,-24.77,
05-07-2026-Thu 13-50-28-PM,-25.57,-25.57,-23.637,-23.637,-23.637,-24.804,-24.804,-24.804,-25.57,,-23.637,-23.637,-23.637,,-24.804,
05-07-2026-Thu 13-50-29-PM,-25.57,-25.57,-23.704,-23.704,-23.704,-24.804,-24.804,-24.804,-25.57,,-23.704,-23.704,-23.704,,-24.804,
05-07-2026-Thu 13-50-31-PM,-25.603,-25.603,-23.67,-23.67,-23.67,-24.837,-24.837,-24.837,-25.603,,-23.67,-23.67,-23.67,,-24.837,
05-07-2026-Thu 13-50-32-PM,-25.603,-25.603,-23.704,-23.704,-23.704,-24.804,-24.804,-24.804,-25.603,,-23.704,-23.704,-23.704,,-24.804,
05-07-2026-Thu 13-50-34-PM,-25.637,-25.637,-23.704,-23.704,-23.704,-24.837,-24.837,-24.837,-25.637,,-23.704,-23.704,-23.704,,-24.837,
05-07-2026-Thu 13-50-35-PM,-25.637,-25.637,-23.704,-23.704,-23.704,-24.87,-24.87,-24.87,-25.637,,-23.704,-23.704,-23.704,,-24.87,
05-07-2026-Thu 13-50-36-PM,-25.637,-25.637,-23.737,-23.737,-23.737,-24.804,-24.804,-24.804,-25.637,,-23.737,-23.737,-23.737,,-24.804,
05-07-2026-Thu 13-50-38-PM,-25.67,-25.67,-23.737,-23.737,-23.737,-24.87,-24.87,-24.87,-25.67,,-23.737,-23.737,-23.737,,-24.87,
05-07-2026-Thu 13-50-39-PM,-25.703,-25.703,-23.737,-23.737,-23.737,-24.904,-24.904,-24.904,-25.703,,-23.737,-23.737,-23.737,,-24.904,
05-07-2026-Thu 13-50-41-PM,-25.703,-25.703,-23.737,-23.737,-23.737,-24.87,-24.87,-24.87,-25.703,,-23.737,-23.737,-23.737,,-24.87,
05-07-2026-Thu 13-50-42-PM,-25.703,-25.703,-23.77,-23.77,-23.77,-24.837,-24.837,-24.837,-25.703,,-23.77,-23.77,-23.77,,-24.837,
05-07-2026-Thu 13-50-43-PM,-25.703,-25.703,-23.77,-23.77,-23.77,-24.87,-24.87,-24.87,-25.703,,-23.77,-23.77,-23.77,,-24.87,
05-07-2026-Thu 13-50-45-PM,-25.737,-25.737,-23.77,-23.77,-23.77,-24.904,-24.904,-24.904,-25.737,,-23.77,-23.77,-23.77,,-24.904,
05-07-2026-Thu 13-50-46-PM,-25.737,-25.737,-23.77,-23.77,-23.77,-24.904,-24.904,-24.904,-25.737,,-23.77,-23.77,-23.77,,-24.904,
05-07-2026-Thu 13-50-48-PM,-25.737,-25.737,-23.77,-23.77,-23.77,-24.87,-24.87,-24.87,-25.737,,-23.77,-23.77,-23.77,,-24.87,
05-07-2026-Thu 13-50-49-PM,-25.77,-25.77,-23.77,-23.77,-23.77,-24.87,-24.87,-24.87,-25.77,,-23.77,-23.77,-23.77,,-24.87,
05-07-2026-Thu 13-50-50-PM,-25.803,-25.803,-23.804,-23.804,-23.804,-24.904,-24.904,-24.904,-25.803,,-23.804,-23.804,-23.804,,-24.904,
05-07-2026-Thu 13-50-52-PM,-25.803,-25.803,-23.804,-23.804,-23.804,-24.937,-24.937,-24.937,-25.803,,-23.804,-23.804,-23.804,,-24.937,
05-07-2026-Thu 13-50-53-PM,-25.803,-25.803,-23.837,-23.837,-23.837,-24.937,-24.937,-24.937,-25.803,,-23.837,-23.837,-23.837,,-24.937,
05-07-2026-Thu 13-50-55-PM,-25.837,-25.837,-23.837,-23.837,-23.837,-25.037,-25.037,-25.037,-25.837,,-23.837,-23.837,-23.837,,-25.037,
05-07-2026-Thu 13-50-56-PM,-25.837,-25.837,-23.87,-23.87,-23.87,-24.97,-24.97,-24.97,-25.837,,-23.87,-23.87,-23.87,,-24.97,
05-07-2026-Thu 13-50-57-PM,-25.87,-25.87,-23.87,-23.87,-23.87,-24.97,-24.97,-24.97,-25.87,,-23.87,-23.87,-23.87,,-24.97,
05-07-2026-Thu 13-51-00-PM,-25.903,-25.903,-23.87,-23.87,-23.87,-25.004,-25.004,-25.004,-25.903,,-23.87,-23.87,-23.87,,-25.004,
05-07-2026-Thu 13-51-02-PM,-25.903,-25.903,-23.87,-23.87,-23.87,-25.037,-25.037,-25.037,-25.903,,-23.87,-23.87,-23.87,,-25.037,
05-07-2026-Thu 13-51-03-PM,-25.936,-25.936,-23.937,-23.937,-23.937,-25.07,-25.07,-25.07,-25.936,,-23.937,-23.937,-23.937,,-25.07,
05-07-2026-Thu 13-51-04-PM,-25.936,-25.936,-23.937,-23.937,-23.937,-25.037,-25.037,-25.037,-25.936,,-23.937,-23.937,-23.937,,-25.037,
05-07-2026-Thu 13-51-06-PM,-25.97,-25.97,-23.97,-23.97,-23.97,-25.137,-25.137,-25.137,-25.97,,-23.97,-23.97,-23.97,,-25.137,
05-07-2026-Thu 13-51-07-PM,-26.003,-26.003,-23.97,-23.97,-23.97,-25.17,-25.17,-25.17,-26.003,,-23.97,-23.97,-23.97,,-25.17,
05-07-2026-Thu 13-51-09-PM,-26.036,-26.036,-24.037,-24.037,-24.037,-25.17,-25.17,-25.17,-26.036,,-24.037,-24.037,-24.037,,-25.17,
05-07-2026-Thu 13-51-10-PM,-26.103,-26.103,-24.037,-24.037,-24.037,-25.137,-25.137,-25.137,-26.103,,-24.037,-24.037,-24.037,,-25.137,
05-07-2026-Thu 13-51-11-PM,-26.136,-26.136,-24.07,-24.07,-24.07,-25.204,-25.204,-25.204,-26.136,,-24.07,-24.07,-24.07,,-25.204,
05-07-2026-Thu 13-51-13-PM,-26.136,-26.136,-24.104,-24.104,-24.104,-25.27,-25.27,-25.27,-26.136,,-24.104,-24.104,-24.104,,-25.27,
05-07-2026-Thu 13-51-14-PM,-26.17,-26.17,-24.104,-24.104,-24.104,-25.27,-25.27,-25.27,-26.17,,-24.104,-24.104,-24.104,,-25.27,
05-07-2026-Thu 13-51-16-PM,-26.236,-26.236,-24.17,-24.17,-24.17,-25.27,-25.27,-25.27,-26.236,,-24.17,-24.17,-24.17,,-25.27,
05-07-2026-Thu 13-51-17-PM,-26.236,-26.236,-24.204,-24.204,-24.204,-25.37,-25.37,-25.37,-26.236,,-24.204,-24.204,-24.204,,-25.37,
05-07-2026-Thu 13-51-18-PM,-26.27,-26.27,-24.237,-24.237,-24.237,-25.337,-25.337,-25.337,-26.27,,-24.237,-24.237,-24.237,,-25.337,
05-07-2026-Thu 13-51-21-PM,-26.303,-26.303,-24.237,-24.237,-24.237,-25.37,-25.37,-25.37,-26.303,,-24.237,-24.237,-24.237,,-25.37,
05-07-2026-Thu 13-51-24-PM,-26.336,-26.336,-24.304,-24.304,-24.304,-25.437,-25.437,-25.437,-26.336,,-24.304,-24.304,-24.304,,-25.437,
05-07-2026-Thu 13-51-27-PM,-26.436,-26.436,-24.337,-24.337,-24.337,-25.47,-25.47,-25.47,-26.436,,-24.337,-24.337,-24.337,,-25.47,
05-07-2026-Thu 13-51-29-PM,-26.47,-26.47,-24.37,-24.37,-24.37,-25.504,-25.504,-25.504,-26.47,,-24.37,-24.37,-24.37,,-25.504,
05-07-2026-Thu 13-51-30-PM,-26.536,-26.536,-24.437,-24.437,-24.437,-25.603,-25.603,-25.603,-26.536,,-24.437,-24.437,-24.437,,-25.603,
05-07-2026-Thu 13-51-32-PM,-26.536,-26.536,-24.437,-24.437,-24.437,-25.603,-25.603,-25.603,-26.536,,-24.437,-24.437,-24.437,,-25.603,
05-07-2026-Thu 13-51-33-PM,-26.603,-26.603,-24.504,-24.504,-24.504,-25.637,-25.637,-25.637,-26.603,,-24.504,-24.504,-24.504,,-25.637,
05-07-2026-Thu 13-51-34-PM,-26.636,-26.636,-24.504,-24.504,-24.504,-25.67,-25.67,-25.67,-26.636,,-24.504,-24.504,-24.504,,-25.67,
05-07-2026-Thu 13-51-36-PM,-26.636,-26.636,-24.537,-24.537,-24.537,-25.67,-25.67,-25.67,-26.636,,-24.537,-24.537,-24.537,,-25.67,
05-07-2026-Thu 13-51-37-PM,-26.669,-26.669,-24.57,-24.57,-24.57,-25.77,-25.77,-25.77,-26.669,,-24.57,-24.57,-24.57,,-25.77,
05-07-2026-Thu 13-51-38-PM,-26.703,-26.703,-24.604,-24.604,-24.604,-25.703,-25.703,-25.703,-26.703,,-24.604,-24.604,-24.604,,-25.703,
05-07-2026-Thu 13-51-40-PM,-26.736,-26.736,-24.604,-24.604,-24.604,-25.77,-25.77,-25.77,-26.736,,-24.604,-24.604,-24.604,,-25.77,
05-07-2026-Thu 13-51-41-PM,-26.769,-26.769,-24.637,-24.637,-24.637,-25.837,-25.837,-25.837,-26.769,,-24.637,-24.637,-24.637,,-25.837,
05-07-2026-Thu 13-51-43-PM,-26.802,-26.802,-24.67,-24.67,-24.67,-25.803,-25.803,-25.803,-26.802,,-24.67,-24.67,-24.67,,-25.803,
05-07-2026-Thu 13-51-44-PM,-26.836,-26.836,-24.704,-24.704,-24.704,-25.87,-25.87,-25.87,-26.836,,-24.704,-24.704,-24.704,,-25.87,
05-07-2026-Thu 13-51-45-PM,-26.869,-26.869,-24.737,-24.737,-24.737,-25.87,-25.87,-25.87,-26.869,,-24.737,-24.737,-24.737,,-25.87,
05-07-2026-Thu 13-51-47-PM,-26.869,-26.869,-24.737,-24.737,-24.737,-25.837,-25.837,-25.837,-26.869,,-24.737,-24.737,-24.737,,-25.837,
05-07-2026-Thu 13-51-48-PM,-26.936,-26.936,-24.77,-24.77,-24.77,-25.936,-25.936,-25.936,-26.936,,-24.77,-24.77,-24.77,,-25.936,
05-07-2026-Thu 13-51-50-PM,-26.936,-26.936,-24.77,-24.77,-24.77,-26.003,-26.003,-26.003,-26.936,,-24.77,-24.77,-24.77,,-26.003,
05-07-2026-Thu 13-51-51-PM,-27.002,-27.002,-24.837,-24.837,-24.837,-25.936,-25.936,-25.936,-27.002,,-24.837,-24.837,-24.837,,-25.936,
05-07-2026-Thu 13-51-52-PM,-27.002,-27.002,-24.837,-24.837,-24.837,-25.97,-25.97,-25.97,-27.002,,-24.837,-24.837,-24.837,,-25.97,
05-07-2026-Thu 13-51-54-PM,-27.036,-27.036,-24.837,-24.837,-24.837,-25.936,-25.936,-25.936,-27.036,,-24.837,-24.837,-24.837,,-25.936,
05-07-2026-Thu 13-51-55-PM,-27.036,-27.036,-24.904,-24.904,-24.904,-26.036,-26.036,-26.036,-27.036,,-24.904,-24.904,-24.904,,-26.036,
05-07-2026-Thu 13-51-57-PM,-27.102,-27.102,-24.904,-24.904,-24.904,-26.07,-26.07,-26.07,-27.102,,-24.904,-24.904,-24.904,,-26.07,
05-07-2026-Thu 13-51-58-PM,-27.102,-27.102,-24.937,-24.937,-24.937,-26.136,-26.136,-26.136,-27.102,,-24.937,-24.937,-24.937,,-26.136,
05-07-2026-Thu 13-51-59-PM,-27.136,-27.136,-24.97,-24.97,-24.97,-26.136,-26.136,-26.136,-27.136,,-24.97,-24.97,-24.97,,-26.136,
05-07-2026-Thu 13-52-01-PM,-27.169,-27.169,-25.004,-25.004,-25.004,-26.136,-26.136,-26.136,-27.169,,-25.004,-25.004,-25.004,,-26.136,
05-07-2026-Thu 13-52-02-PM,-27.202,-27.202,-25.037,-25.037,-25.037,-26.103,-26.103,-26.103,-27.202,,-25.037,-25.037,-25.037,,-26.103,
05-07-2026-Thu 13-52-04-PM,-27.202,-27.202,-25.037,-25.037,-25.037,-26.103,-26.103,-26.103,-27.202,,-25.037,-25.037,-25.037,,-26.103,
05-07-2026-Thu 13-52-05-PM,-27.269,-27.269,-25.037,-25.037,-25.037,-26.236,-26.236,-26.236,-27.269,,-25.037,-25.037,-25.037,,-26.236,
05-07-2026-Thu 13-52-06-PM,-27.302,-27.302,-25.07,-25.07,-25.07,-26.27,-26.27,-26.27,-27.302,,-25.07,-25.07,-25.07,,-26.27,
05-07-2026-Thu 13-52-08-PM,-27.302,-27.302,-25.104,-25.104,-25.104,-26.236,-26.236,-26.236,-27.302,,-25.104,-25.104,-25.104,,-26.236,
05-07-2026-Thu 13-52-09-PM,-27.335,-27.335,-25.137,-25.137,-25.137,-26.303,-26.303,-26.303,-27.335,,-25.137,-25.137,-25.137,,-26.303,
05-07-2026-Thu 13-52-11-PM,-27.368,-27.368,-25.137,-25.137,-25.137,-26.303,-26.303,-26.303,-27.368,,-25.137,-25.137,-25.137,,-26.303,
05-07-2026-Thu 13-52-12-PM,-27.435,-27.435,-25.204,-25.204,-25.204,-26.336,-26.336,-26.336,-27.435,,-25.204,-25.204,-25.204,,-26.336,
05-07-2026-Thu 13-52-14-PM,-27.435,-27.435,-25.237,-25.237,-25.237,-26.37,-26.37,-26.37,-27.435,,-25.237,-25.237,-25.237,,-26.37,
05-07-2026-Thu 13-52-15-PM,-27.435,-27.435,-25.237,-25.237,-25.237,-26.37,-26.37,-26.37,-27.435,,-25.237,-25.237,-25.237,,-26.37,
05-07-2026-Thu 13-52-17-PM,-27.468,-27.468,-25.27,-25.27,-25.27,-26.37,-26.37,-26.37,-27.468,,-25.27,-25.27,-25.27,,-26.37,
05-07-2026-Thu 13-52-18-PM,-27.535,-27.535,-25.237,-25.237,-25.237,-26.436,-26.436,-26.436,-27.535,,-25.237,-25.237,-25.237,,-26.436,
05-07-2026-Thu 13-52-19-PM,-27.535,-27.535,-25.304,-25.304,-25.304,-26.436,-26.436,-26.436,-27.535,,-25.304,-25.304,-25.304,,-26.436,
05-07-2026-Thu 13-52-21-PM,-27.568,-27.568,-25.337,-25.337,-25.337,-26.47,-26.47,-26.47,-27.568,,-25.337,-25.337,-25.337,,-26.47,
05-07-2026-Thu 13-52-22-PM,-27.568,-27.568,-25.337,-25.337,-25.337,-26.503,-26.503,-26.503,-27.568,,-25.337,-25.337,-25.337,,-26.503,
05-07-2026-Thu 13-52-24-PM,-27.602,-27.602,-25.37,-25.37,-25.37,-26.536,-26.536,-26.536,-27.602,,-25.37,-25.37,-25.37,,-26.536,
05-07-2026-Thu 13-52-25-PM,-27.635,-27.635,-25.404,-25.404,-25.404,-26.503,-26.503,-26.503,-27.635,,-25.404,-25.404,-25.404,,-26.503,
05-07-2026-Thu 13-52-26-PM,-27.668,-27.668,-25.404,-25.404,-25.404,-26.503,-26.503,-26.503,-27.668,,-25.404,-25.404,-25.404,,-26.503,
05-07-2026-Thu 13-52-28-PM,-27.702,-27.702,-25.437,-25.437,-25.437,-26.536,-26.536,-26.536,-27.702,,-25.437,-25.437,-25.437,,-26.536,
05-07-2026-Thu 13-52-29-PM,-27.735,-27.735,-25.47,-25.47,-25.47,-26.636,-26.636,-26.636,-27.735,,-25.47,-25.47,-25.47,,-26.636,
05-07-2026-Thu 13-52-31-PM,-27.735,-27.735,-25.47,-25.47,-25.47,-26.603,-26.603,-26.603,-27.735,,-25.47,-25.47,-25.47,,-26.603,
05-07-2026-Thu 13-52-33-PM,-27.768,-27.768,-25.504,-25.504,-25.504,-26.669,-26.669,-26.669,-27.768,,-25.504,-25.504,-25.504,,-26.669,
05-07-2026-Thu 13-52-35-PM,-27.801,-27.801,-25.57,-25.57,-25.57,-26.669,-26.669,-26.669,-27.801,,-25.57,-25.57,-25.57,,-26.669,
05-07-2026-Thu 13-52-36-PM,-27.835,-27.835,-25.57,-25.57,-25.57,-26.736,-26.736,-26.736,-27.835,,-25.57,-25.57,-25.57,,-26.736,
05-07-2026-Thu 13-52-38-PM,-27.868,-27.868,-25.603,-25.603,-25.603,-26.769,-26.769,-26.769,-27.868,,-25.603,-25.603,-25.603,,-26.769,
05-07-2026-Thu 13-52-39-PM,-27.901,-27.901,-25.603,-25.603,-25.603,-26.669,-26.669,-26.669,-27.901,,-25.603,-25.603,-25.603,,-26.669,
05-07-2026-Thu 13-52-41-PM,-27.934,-27.934,-25.637,-25.637,-25.637,-26.802,-26.802,-26.802,-27.934,,-25.637,-25.637,-25.637,,-26.802,
05-07-2026-Thu 13-52-42-PM,-28.001,-28.001,-25.637,-25.637,-25.637,-26.802,-26.802,-26.802,-28.001,,-25.637,-25.637,-25.637,,-26.802,
05-07-2026-Thu 13-52-44-PM,-28.001,-28.001,-25.67,-25.67,-25.67,-26.802,-26.802,-26.802,-28.001,,-25.67,-25.67,-25.67,,-26.802,
05-07-2026-Thu 13-52-45-PM,-28.034,-28.034,-25.67,-25.67,-25.67,-26.869,-26.869,-26.869,-28.034,,-25.67,-25.67,-25.67,,-26.869,
05-07-2026-Thu 13-52-47-PM,-28.034,-28.034,-25.737,-25.737,-25.737,-26.836,-26.836,-26.836,-28.034,,-25.737,-25.737,-25.737,,-26.836,
05-07-2026-Thu 13-52-48-PM,-28.068,-28.068,-25.737,-25.737,-25.737,-26.902,-26.902,-26.902,-28.068,,-25.737,-25.737,-25.737,,-26.902,
05-07-2026-Thu 13-52-49-PM,-28.101,-28.101,-25.737,-25.737,-25.737,-26.936,-26.936,-26.936,-28.101,,-25.737,-25.737,-25.737,,-26.936,
05-07-2026-Thu 13-52-51-PM,-28.101,-28.101,-25.803,-25.803,-25.803,-26.969,-26.969,-26.969,-28.101,,-25.803,-25.803,-25.803,,-26.969,
05-07-2026-Thu 13-52-52-PM,-28.168,-28.168,-25.803,-25.803,-25.803,-26.936,-26.936,-26.936,-28.168,,-25.803,-25.803,-25.803,,-26.936,
05-07-2026-Thu 13-52-54-PM,-28.201,-28.201,-25.803,-25.803,-25.803,-26.936,-26.936,-26.936,-28.201,,-25.803,-25.803,-25.803,,-26.936,
05-07-2026-Thu 13-52-55-PM,-28.201,-28.201,-25.837,-25.837,-25.837,-26.936,-26.936,-26.936,-28.201,,-25.837,-25.837,-25.837,,-26.936,
05-07-2026-Thu 13-52-56-PM,-28.234,-28.234,-25.87,-25.87,-25.87,-27.002,-27.002,-27.002,-28.234,,-25.87,-25.87,-25.87,,-27.002,
05-07-2026-Thu 13-52-58-PM,-28.267,-28.267,-25.87,-25.87,-25.87,-27.002,-27.002,-27.002,-28.267,,-25.87,-25.87,-25.87,,-27.002,
05-07-2026-Thu 13-52-59-PM,-28.301,-28.301,-25.903,-25.903,-25.903,-27.036,-27.036,-27.036,-28.301,,-25.903,-25.903,-25.903,,-27.036,
05-07-2026-Thu 13-53-01-PM,-28.301,-28.301,-25.903,-25.903,-25.903,-27.069,-27.069,-27.069,-28.301,,-25.903,-25.903,-25.903,,-27.069,
05-07-2026-Thu 13-53-02-PM,-28.334,-28.334,-25.936,-25.936,-25.936,-27.069,-27.069,-27.069,-28.334,,-25.936,-25.936,-25.936,,-27.069,
05-07-2026-Thu 13-53-03-PM,-28.4,-28.4,-25.97,-25.97,-25.97,-27.102,-27.102,-27.102,-28.4,,-25.97,-25.97,-25.97,,-27.102,
05-07-2026-Thu 13-53-05-PM,-28.4,-28.4,-25.97,-25.97,-25.97,-27.102,-27.102,-27.102,-28.4,,-25.97,-25.97,-25.97,,-27.102,
05-07-2026-Thu 13-53-06-PM,-28.434,-28.434,-25.97,-25.97,-25.97,-27.136,-27.136,-27.136,-28.434,,-25.97,-25.97,-25.97,,-27.136,
05-07-2026-Thu 13-53-08-PM,-28.434,-28.434,-26.036,-26.036,-26.036,-27.169,-27.169,-27.169,-28.434,,-26.036,-26.036,-26.036,,-27.169,
05-07-2026-Thu 13-53-09-PM,-28.467,-28.467,-26.036,-26.036,-26.036,-27.169,-27.169,-27.169,-28.467,,-26.036,-26.036,-26.036,,-27.169,
05-07-2026-Thu 13-53-10-PM,-28.5,-28.5,-26.036,-26.036,-26.036,-27.235,-27.235,-27.235,-28.5,,-26.036,-26.036,-26.036,,-27.235,
05-07-2026-Thu 13-53-12-PM,-28.534,-28.534,-26.07,-26.07,-26.07,-27.169,-27.169,-27.169,-28.534,,-26.07,-26.07,-26.07,,-27.169,
05-07-2026-Thu 13-53-13-PM,-28.534,-28.534,-26.07,-26.07,-26.07,-27.235,-27.235,-27.235,-28.534,,-26.07,-26.07,-26.07,,-27.235,
05-07-2026-Thu 13-53-15-PM,-28.567,-28.567,-26.103,-26.103,-26.103,-27.202,-27.202,-27.202,-28.567,,-26.103,-26.103,-26.103,,-27.202,
05-07-2026-Thu 13-53-16-PM,-28.6,-28.6,-26.136,-26.136,-26.136,-27.269,-27.269,-27.269,-28.6,,-26.136,-26.136,-26.136,,-27.269,
05-07-2026-Thu 13-53-18-PM,-28.634,-28.634,-26.136,-26.136,-26.136,-27.302,-27.302,-27.302,-28.634,,-26.136,-26.136,-26.136,,-27.302,
05-07-2026-Thu 13-53-20-PM,-28.667,-28.667,-26.17,-26.17,-26.17,-27.302,-27.302,-27.302,-28.667,,-26.17,-26.17,-26.17,,-27.302,
05-07-2026-Thu 13-53-23-PM,-28.733,-28.733,-26.236,-26.236,-26.236,-27.368,-27.368,-27.368,-28.733,,-26.236,-26.236,-26.236,,-27.368,
05-07-2026-Thu 13-53-25-PM,-28.767,-28.767,-26.27,-26.27,-26.27,-27.435,-27.435,-27.435,-28.767,,-26.27,-26.27,-26.27,,-27.435,
05-07-2026-Thu 13-53-27-PM,-28.767,-28.767,-26.303,-26.303,-26.303,-27.435,-27.435,-27.435,-28.767,,-26.303,-26.303,-26.303,,-27.435,
05-07-2026-Thu 13-53-28-PM,-28.8,-28.8,-26.303,-26.303,-26.303,-27.435,-27.435,-27.435,-28.8,,-26.303,-26.303,-26.303,,-27.435,
05-07-2026-Thu 13-53-30-PM,-28.833,-28.833,-26.336,-26.336,-26.336,-27.468,-27.468,-27.468,-28.833,,-26.336,-26.336,-26.336,,-27.468,
05-07-2026-Thu 13-53-31-PM,-28.833,-28.833,-26.336,-26.336,-26.336,-27.468,-27.468,-27.468,-28.833,,-26.336,-26.336,-26.336,,-27.468,
05-07-2026-Thu 13-53-33-PM,-28.866,-28.866,-26.336,-26.336,-26.336,-27.535,-27.535,-27.535,-28.866,,-26.336,-26.336,-26.336,,-27.535,
05-07-2026-Thu 13-53-34-PM,-28.9,-28.9,-26.37,-26.37,-26.37,-27.502,-27.502,-27.502,-28.9,,-26.37,-26.37,-26.37,,-27.502,
05-07-2026-Thu 13-53-36-PM,-28.933,-28.933,-26.37,-26.37,-26.37,-27.502,-27.502,-27.502,-28.933,,-26.37,-26.37,-26.37,,-27.502,
05-07-2026-Thu 13-53-37-PM,-28.966,-28.966,-26.436,-26.436,-26.436,-27.535,-27.535,-27.535,-28.966,,-26.436,-26.436,-26.436,,-27.535,
05-07-2026-Thu 13-53-39-PM,-28.966,-28.966,-26.436,-26.436,-26.436,-27.602,-27.602,-27.602,-28.966,,-26.436,-26.436,-26.436,,-27.602,
05-07-2026-Thu 13-53-40-PM,-29.033,-29.033,-26.47,-26.47,-26.47,-27.635,-27.635,-27.635,-29.033,,-26.47,-26.47,-26.47,,-27.635,
05-07-2026-Thu 13-53-41-PM,-29.066,-29.066,-26.47,-26.47,-26.47,-27.635,-27.635,-27.635,-29.066,,-26.47,-26.47,-26.47,,-27.635,
05-07-2026-Thu 13-53-43-PM,-29.099,-29.099,-26.503,-26.503,-26.503,-27.602,-27.602,-27.602,-29.099,,-26.503,-26.503,-26.503,,-27.602,
05-07-2026-Thu 13-53-44-PM,-29.099,-29.099,-26.503,-26.503,-26.503,-27.635,-27.635,-27.635,-29.099,,-26.503,-26.503,-26.503,,-27.635,
05-07-2026-Thu 13-53-45-PM,-29.099,-29.099,-26.536,-26.536,-26.536,-27.635,-27.635,-27.635,-29.099,,-26.536,-26.536,-26.536,,-27.635,
05-07-2026-Thu 13-53-47-PM,-29.133,-29.133,-26.536,-26.536,-26.536,-27.702,-27.702,-27.702,-29.133,,-26.536,-26.536,-26.536,,-27.702,
05-07-2026-Thu 13-53-48-PM,-29.166,-29.166,-26.569,-26.569,-26.569,-27.702,-27.702,-27.702,-29.166,,-26.569,-26.569,-26.569,,-27.702,
05-07-2026-Thu 13-53-49-PM,-29.166,-29.166,-26.569,-26.569,-26.569,-27.702,-27.702,-27.702,-29.166,,-26.569,-26.569,-26.569,,-27.702,
05-07-2026-Thu 13-53-51-PM,-29.199,-29.199,-26.603,-26.603,-26.603,-27.768,-27.768,-27.768,-29.199,,-26.603,-26.603,-26.603,,-27.768,
05-07-2026-Thu 13-53-52-PM,-29.233,-29.233,-26.636,-26.636,-26.636,-27.702,-27.702,-27.702,-29.233,,-26.636,-26.636,-26.636,,-27.702,
05-07-2026-Thu 13-53-54-PM,-29.266,-29.266,-26.636,-26.636,-26.636,-27.735,-27.735,-27.735,-29.266,,-26.636,-26.636,-26.636,,-27.735,
05-07-2026-Thu 13-53-55-PM,-29.266,-29.266,-26.636,-26.636,-26.636,-27.801,-27.801,-27.801,-29.266,,-26.636,-26.636,-26.636,,-27.801,
05-07-2026-Thu 13-53-56-PM,-29.332,-29.332,-26.636,-26.636,-26.636,-27.768,-27.768,-27.768,-29.332,,-26.636,-26.636,-26.636,,-27.768,
05-07-2026-Thu 13-53-58-PM,-29.332,-29.332,-26.703,-26.703,-26.703,-27.835,-27.835,-27.835,-29.332,,-26.703,-26.703,-26.703,,-27.835,
05-07-2026-Thu 13-53-59-PM,-29.366,-29.366,-26.703,-26.703,-26.703,-27.835,-27.835,-27.835,-29.366,,-26.703,-26.703,-26.703,,-27.835,
05-07-2026-Thu 13-54-00-PM,-29.399,-29.399,-26.703,-26.703,-26.703,-27.835,-27.835,-27.835,-29.399,,-26.703,-26.703,-26.703,,-27.835,
05-07-2026-Thu 13-54-02-PM,-29.432,-29.432,-26.736,-26.736,-26.736,-27.868,-27.868,-27.868,-29.432,,-26.736,-26.736,-26.736,,-27.868,
05-07-2026-Thu 13-54-03-PM,-29.432,-29.432,-26.769,-26.769,-26.769,-27.901,-27.901,-27.901,-29.432,,-26.769,-26.769,-26.769,,-27.901,
05-07-2026-Thu 13-54-05-PM,-29.466,-29.466,-26.769,-26.769,-26.769,-27.968,-27.968,-27.968,-29.466,,-26.769,-26.769,-26.769,,-27.968,
05-07-2026-Thu 13-54-06-PM,-29.499,-29.499,-26.769,-26.769,-26.769,-27.868,-27.868,-27.868,-29.499,,-26.769,-26.769,-26.769,,-27.868,
05-07-2026-Thu 13-54-07-PM,-29.532,-29.532,-26.802,-26.802,-26.802,-27.968,-27.968,-27.968,-29.532,,-26.802,-26.802,-26.802,,-27.968,
05-07-2026-Thu 13-54-09-PM,-29.565,-29.565,-26.836,-26.836,-26.836,-27.901,-27.901,-27.901,-29.565,,-26.836,-26.836,-26.836,,-27.901,
05-07-2026-Thu 13-54-10-PM,-29.565,-29.565,-26.869,-26.869,-26.869,-28.001,-28.001,-28.001,-29.565,,-26.869,-26.869,-26.869,,-28.001,
05-07-2026-Thu 13-54-12-PM,-29.598,-29.598,-26.836,-26.836,-26.836,-27.968,-27.968,-27.968,-29.598,,-26.836,-26.836,-26.836,,-27.968,
05-07-2026-Thu 13-54-13-PM,-29.632,-29.632,-26.869,-26.869,-26.869,-28.001,-28.001,-28.001,-29.632,,-26.869,-26.869,-26.869,,-28.001,
05-07-2026-Thu 13-54-14-PM,-29.665,-29.665,-26.902,-26.902,-26.902,-28.034,-28.034,-28.034,-29.665,,-26.902,-26.902,-26.902,,-28.034,
05-07-2026-Thu 13-54-16-PM,-29.665,-29.665,-26.902,-26.902,-26.902,-28.034,-28.034,-28.034,-29.665,,-26.902,-26.902,-26.902,,-28.034,
05-07-2026-Thu 13-54-17-PM,-29.698,-29.698,-26.936,-26.936,-26.936,-28.068,-28.068,-28.068,-29.698,,-26.936,-26.936,-26.936,,-28.068,
05-07-2026-Thu 13-54-18-PM,-29.732,-29.732,-26.969,-26.969,-26.969,-28.101,-28.101,-28.101,-29.732,,-26.969,-26.969,-26.969,,-28.101,
05-07-2026-Thu 13-54-20-PM,-29.765,-29.765,-26.969,-26.969,-26.969,-28.068,-28.068,-28.068,-29.765,,-26.969,-26.969,-26.969,,-28.068,
05-07-2026-Thu 13-54-21-PM,-29.798,-29.798,-26.969,-26.969,-26.969,-28.134,-28.134,-28.134,-29.798,,-26.969,-26.969,-26.969,,-28.134,
05-07-2026-Thu 13-54-23-PM,-29.832,-29.832,-27.002,-27.002,-27.002,-28.101,-28.101,-28.101,-29.832,,-27.002,-27.002,-27.002,,-28.101,
05-07-2026-Thu 13-54-24-PM,-29.832,-29.832,-27.002,-27.002,-27.002,-28.168,-28.168,-28.168,-29.832,,-27.002,-27.002,-27.002,,-28.168,
05-07-2026-Thu 13-54-25-PM,-29.865,-29.865,-27.036,-27.036,-27.036,-28.168,-28.168,-28.168,-29.865,,-27.036,-27.036,-27.036,,-28.168,
05-07-2026-Thu 13-54-27-PM,-29.865,-29.865,-27.069,-27.069,-27.069,-28.134,-28.134,-28.134,-29.865,,-27.069,-27.069,-27.069,,-28.134,
05-07-2026-Thu 13-54-30-PM,-29.898,-29.898,-27.069,-27.069,-27.069,-28.201,-28.201,-28.201,-29.898,,-27.069,-27.069,-27.069,,-28.201,
05-07-2026-Thu 13-54-32-PM,-29.964,-29.964,-27.136,-27.136,-27.136,-28.301,-28.301,-28.301,-29.964,,-27.136,-27.136,-27.136,,-28.301,
05-07-2026-Thu 13-54-33-PM,-30.031,-30.031,-27.136,-27.136,-27.136,-28.234,-28.234,-28.234,-30.031,,-27.136,-27.136,-27.136,,-28.234,
05-07-2026-Thu 13-54-34-PM,-30.031,-30.031,-27.136,-27.136,-27.136,-28.267,-28.267,-28.267,-30.031,,-27.136,-27.136,-27.136,,-28.267,
05-07-2026-Thu 13-54-36-PM,-30.031,-30.031,-27.169,-27.169,-27.169,-28.267,-28.267,-28.267,-30.031,,-27.169,-27.169,-27.169,,-28.267,
05-07-2026-Thu 13-54-37-PM,-30.064,-30.064,-27.169,-27.169,-27.169,-28.301,-28.301,-28.301,-30.064,,-27.169,-27.169,-27.169,,-28.301,
05-07-2026-Thu 13-54-39-PM,-30.098,-30.098,-27.202,-27.202,-27.202,-28.301,-28.301,-28.301,-30.098,,-27.202,-27.202,-27.202,,-28.301,
05-07-2026-Thu 13-54-40-PM,-30.131,-30.131,-27.202,-27.202,-27.202,-28.367,-28.367,-28.367,-30.131,,-27.202,-27.202,-27.202,,-28.367,
05-07-2026-Thu 13-54-41-PM,-30.131,-30.131,-27.235,-27.235,-27.235,-28.301,-28.301,-28.301,-30.131,,-27.235,-27.235,-27.235,,-28.301,
05-07-2026-Thu 13-54-43-PM,-30.164,-30.164,-27.269,-27.269,-27.269,-28.4,-28.4,-28.4,-30.164,,-27.269,-27.269,-27.269,,-28.4,
05-07-2026-Thu 13-54-44-PM,-30.197,-30.197,-27.269,-27.269,-27.269,-28.367,-28.367,-28.367,-30.197,,-27.269,-27.269,-27.269,,-28.367,
05-07-2026-Thu 13-54-45-PM,-30.231,-30.231,-27.269,-27.269,-27.269,-28.367,-28.367,-28.367,-30.231,,-27.269,-27.269,-27.269,,-28.367,
05-07-2026-Thu 13-54-47-PM,-30.231,-30.231,-27.302,-27.302,-27.302,-28.4,-28.4,-28.4,-30.231,,-27.302,-27.302,-27.302,,-28.4,
05-07-2026-Thu 13-54-48-PM,-30.231,-30.231,-27.302,-27.302,-27.302,-28.467,-28.467,-28.467,-30.231,,-27.302,-27.302,-27.302,,-28.467,
05-07-2026-Thu 13-54-50-PM,-30.264,-30.264,-27.302,-27.302,-27.302,-28.4,-28.4,-28.4,-30.264,,-27.302,-27.302,-27.302,,-28.4,
05-07-2026-Thu 13-54-51-PM,-30.297,-30.297,-27.335,-27.335,-27.335,-28.5,-28.5,-28.5,-30.297,,-27.335,-27.335,-27.335,,-28.5,
05-07-2026-Thu 13-54-52-PM,-30.33,-30.33,-27.335,-27.335,-27.335,-28.467,-28.467,-28.467,-30.33,,-27.335,-27.335,-27.335,,-28.467,
05-07-2026-Thu 13-54-53-PM,-30.33,-30.33,-27.368,-27.368,-27.368,-28.5,-28.5,-28.5,-30.33,,-27.368,-27.368,-27.368,,-28.5,
05-07-2026-Thu 13-54-55-PM,-30.364,-30.364,-27.368,-27.368,-27.368,-28.5,-28.5,-28.5,-30.364,,-27.368,-27.368,-27.368,,-28.5,
05-07-2026-Thu 13-54-56-PM,-30.43,-30.43,-27.368,-27.368,-27.368,-28.534,-28.534,-28.534,-30.43,,-27.368,-27.368,-27.368,,-28.534,
05-07-2026-Thu 13-54-58-PM,-30.43,-30.43,-27.435,-27.435,-27.435,-28.5,-28.5,-28.5,-30.43,,-27.435,-27.435,-27.435,,-28.5,
05-07-2026-Thu 13-54-59-PM,-30.464,-30.464,-27.435,-27.435,-27.435,-28.6,-28.6,-28.6,-30.464,,-27.435,-27.435,-27.435,,-28.6,
05-07-2026-Thu 13-55-00-PM,-30.464,-30.464,-27.435,-27.435,-27.435,-28.567,-28.567,-28.567,-30.464,,-27.435,-27.435,-27.435,,-28.567,
05-07-2026-Thu 13-55-02-PM,-30.53,-30.53,-27.468,-27.468,-27.468,-28.6,-28.6,-28.6,-30.53,,-27.468,-27.468,-27.468,,-28.6,
05-07-2026-Thu 13-55-03-PM,-30.53,-30.53,-27.502,-27.502,-27.502,-28.634,-28.634,-28.634,-30.53,,-27.502,-27.502,-27.502,,-28.634,
05-07-2026-Thu 13-55-05-PM,-30.563,-30.563,-27.468,-27.468,-27.468,-28.6,-28.6,-28.6,-30.563,,-27.468,-27.468,-27.468,,-28.6,
05-07-2026-Thu 13-55-06-PM,-30.563,-30.563,-27.502,-27.502,-27.502,-28.634,-28.634,-28.634,-30.563,,-27.502,-27.502,-27.502,,-28.634,
05-07-2026-Thu 13-55-09-PM,-30.63,-30.63,-27.535,-27.535,-27.535,-28.667,-28.667,-28.667,-30.63,,-27.535,-27.535,-27.535,,-28.667,
05-07-2026-Thu 13-55-12-PM,-30.663,-30.663,-27.568,-27.568,-27.568,-28.667,-28.667,-28.667,-30.663,,-27.568,-27.568,-27.568,,-28.667,
05-07-2026-Thu 13-55-14-PM,-30.73,-30.73,-27.602,-27.602,-27.602,-28.7,-28.7,-28.7,-30.73,,-27.602,-27.602,-27.602,,-28.7,
05-07-2026-Thu 13-55-15-PM,-30.73,-30.73,-27.635,-27.635,-27.635,-28.833,-28.833,-28.833,-30.73,,-27.635,-27.635,-27.635,,-28.833,
05-07-2026-Thu 13-55-16-PM,-30.763,-30.763,-27.635,-27.635,-27.635,-28.8,-28.8,-28.8,-30.763,,-27.635,-27.635,-27.635,,-28.8,
05-07-2026-Thu 13-55-18-PM,-30.763,-30.763,-27.635,-27.635,-27.635,-28.8,-28.8,-28.8,-30.763,,-27.635,-27.635,-27.635,,-28.8,
05-07-2026-Thu 13-55-19-PM,-30.796,-30.796,-27.668,-27.668,-27.668,-28.767,-28.767,-28.767,-30.796,,-27.668,-27.668,-27.668,,-28.767,
05-07-2026-Thu 13-55-20-PM,-30.829,-30.829,-27.668,-27.668,-27.668,-28.833,-28.833,-28.833,-30.829,,-27.668,-27.668,-27.668,,-28.833,
05-07-2026-Thu 13-55-22-PM,-30.863,-30.863,-27.702,-27.702,-27.702,-28.833,-28.833,-28.833,-30.863,,-27.702,-27.702,-27.702,,-28.833,
05-07-2026-Thu 13-55-23-PM,-30.896,-30.896,-27.702,-27.702,-27.702,-28.9,-28.9,-28.9,-30.896,,-27.702,-27.702,-27.702,,-28.9,
05-07-2026-Thu 13-55-25-PM,-30.929,-30.929,-27.768,-27.768,-27.768,-28.833,-28.833,-28.833,-30.929,,-27.768,-27.768,-27.768,,-28.833,
05-07-2026-Thu 13-55-26-PM,-30.962,-30.962,-27.768,-27.768,-27.768,-28.933,-28.933,-28.933,-30.962,,-27.768,-27.768,-27.768,,-28.933,
05-07-2026-Thu 13-55-27-PM,-30.962,-30.962,-27.768,-27.768,-27.768,-28.9,-28.9,-28.9,-30.962,,-27.768,-27.768,-27.768,,-28.9,
05-07-2026-Thu 13-55-29-PM,-30.996,-30.996,-27.768,-27.768,-27.768,-28.866,-28.866,-28.866,-30.996,,-27.768,-27.768,-27.768,,-28.866,
05-07-2026-Thu 13-55-30-PM,-31.029,-31.029,-27.801,-27.801,-27.801,-28.9,-28.9,-28.9,-31.029,,-27.801,-27.801,-27.801,,-28.9,
05-07-2026-Thu 13-55-32-PM,-31.029,-31.029,-27.801,-27.801,-27.801,-28.966,-28.966,-28.966,-31.029,,-27.801,-27.801,-27.801,,-28.966,
05-07-2026-Thu 13-55-33-PM,-31.062,-31.062,-27.835,-27.835,-27.835,-28.933,-28.933,-28.933,-31.062,,-27.835,-27.835,-27.835,,-28.933,
05-07-2026-Thu 13-55-34-PM,-31.095,-31.095,-27.835,-27.835,-27.835,-28.966,-28.966,-28.966,-31.095,,-27.835,-27.835,-27.835,,-28.966,
05-07-2026-Thu 13-55-36-PM,-31.129,-31.129,-27.868,-27.868,-27.868,-29.0,-29.0,-29.0,-31.129,,-27.868,-27.868,-27.868,,-29.0,
05-07-2026-Thu 13-55-37-PM,-31.162,-31.162,-27.868,-27.868,-27.868,-29.0,-29.0,-29.0,-31.162,,-27.868,-27.868,-27.868,,-29.0,
05-07-2026-Thu 13-55-39-PM,-31.162,-31.162,-27.901,-27.901,-27.901,-29.0,-29.0,-29.0,-31.162,,-27.901,-27.901,-27.901,,-29.0,
05-07-2026-Thu 13-55-40-PM,-31.162,-31.162,-27.901,-27.901,-27.901,-29.033,-29.033,-29.033,-31.162,,-27.901,-27.901,-27.901,,-29.033,
05-07-2026-Thu 13-55-43-PM,-31.228,-31.228,-27.934,-27.934,-27.934,-29.066,-29.066,-29.066,-31.228,,-27.934,-27.934,-27.934,,-29.066,
05-07-2026-Thu 13-55-44-PM,-31.262,-31.262,-27.968,-27.968,-27.968,-29.033,-29.033,-29.033,-31.262,,-27.968,-27.968,-27.968,,-29.033,
05-07-2026-Thu 13-55-46-PM,-31.262,-31.262,-27.968,-27.968,-27.968,-29.099,-29.099,-29.099,-31.262,,-27.968,-27.968,-27.968,,-29.099,
05-07-2026-Thu 13-55-47-PM,-31.328,-31.328,-28.001,-28.001,-28.001,-29.133,-29.133,-29.133,-31.328,,-28.001,-28.001,-28.001,,-29.133,
05-07-2026-Thu 13-55-48-PM,-31.361,-31.361,-28.001,-28.001,-28.001,-29.133,-29.133,-29.133,-31.361,,-28.001,-28.001,-28.001,,-29.133,
05-07-2026-Thu 13-55-50-PM,-31.361,-31.361,-28.034,-28.034,-28.034,-29.166,-29.166,-29.166,-31.361,,-28.034,-28.034,-28.034,,-29.166,
05-07-2026-Thu 13-55-51-PM,-31.395,-31.395,-28.034,-28.034,-28.034,-29.133,-29.133,-29.133,-31.395,,-28.034,-28.034,-28.034,,-29.133,
05-07-2026-Thu 13-55-52-PM,-31.428,-31.428,-28.034,-28.034,-28.034,-29.199,-29.199,-29.199,-31.428,,-28.034,-28.034,-28.034,,-29.199,
05-07-2026-Thu 13-55-54-PM,-31.428,-31.428,-28.068,-28.068,-28.068,-29.199,-29.199,-29.199,-31.428,,-28.068,-28.068,-28.068,,-29.199,
05-07-2026-Thu 13-55-55-PM,-31.461,-31.461,-28.101,-28.101,-28.101,-29.233,-29.233,-29.233,-31.461,,-28.101,-28.101,-28.101,,-29.233,
05-07-2026-Thu 13-55-57-PM,-31.494,-31.494,-28.101,-28.101,-28.101,-29.233,-29.233,-29.233,-31.494,,-28.101,-28.101,-28.101,,-29.233,
05-07-2026-Thu 13-55-58-PM,-31.494,-31.494,-28.134,-28.134,-28.134,-29.199,-29.199,-29.199,-31.494,,-28.134,-28.134,-28.134,,-29.199,
05-07-2026-Thu 13-55-59-PM,-31.528,-31.528,-28.134,-28.134,-28.134,-29.233,-29.233,-29.233,-31.528,,-28.134,-28.134,-28.134,,-29.233,
05-07-2026-Thu 13-56-01-PM,-31.528,-31.528,-28.168,-28.168,-28.168,-29.299,-29.299,-29.299,-31.528,,-28.168,-28.168,-28.168,,-29.299,
05-07-2026-Thu 13-56-02-PM,-31.594,-31.594,-28.168,-28.168,-28.168,-29.332,-29.332,-29.332,-31.594,,-28.168,-28.168,-28.168,,-29.332,
05-07-2026-Thu 13-56-04-PM,-31.594,-31.594,-28.168,-28.168,-28.168,-29.299,-29.299,-29.299,-31.594,,-28.168,-28.168,-28.168,,-29.299,
05-07-2026-Thu 13-56-05-PM,-31.628,-31.628,-28.201,-28.201,-28.201,-29.332,-29.332,-29.332,-31.628,,-28.201,-28.201,-28.201,,-29.332,
05-07-2026-Thu 13-56-06-PM,-31.661,-31.661,-28.201,-28.201,-28.201,-29.366,-29.366,-29.366,-31.661,,-28.201,-28.201,-28.201,,-29.366,
05-07-2026-Thu 13-56-08-PM,-31.661,-31.661,-28.234,-28.234,-28.234,-29.399,-29.399,-29.399,-31.661,,-28.234,-28.234,-28.234,,-29.399,
05-07-2026-Thu 13-56-09-PM,-31.694,-31.694,-28.234,-28.234,-28.234,-29.366,-29.366,-29.366,-31.694,,-28.234,-28.234,-28.234,,-29.366,
05-07-2026-Thu 13-56-11-PM,-31.727,-31.727,-28.267,-28.267,-28.267,-29.399,-29.399,-29.399,-31.727,,-28.267,-28.267,-28.267,,-29.399,
05-07-2026-Thu 13-56-12-PM,-31.76,-31.76,-28.267,-28.267,-28.267,-29.432,-29.432,-29.432,-31.76,,-28.267,-28.267,-28.267,,-29.432,
05-07-2026-Thu 13-56-13-PM,-31.76,-31.76,-28.301,-28.301,-28.301,-29.466,-29.466,-29.466,-31.76,,-28.301,-28.301,-28.301,,-29.466,
05-07-2026-Thu 13-56-15-PM,-31.794,-31.794,-28.301,-28.301,-28.301,-29.432,-29.432,-29.432,-31.794,,-28.301,-28.301,-28.301,,-29.432,
05-07-2026-Thu 13-56-16-PM,-31.827,-31.827,-28.334,-28.334,-28.334,-29.432,-29.432,-29.432,-31.827,,-28.334,-28.334,-28.334,,-29.432,
05-07-2026-Thu 13-56-18-PM,-31.827,-31.827,-28.334,-28.334,-28.334,-29.499,-29.499,-29.499,-31.827,,-28.334,-28.334,-28.334,,-29.499,
05-07-2026-Thu 13-56-19-PM,-31.86,-31.86,-28.334,-28.334,-28.334,-29.466,-29.466,-29.466,-31.86,,-28.334,-28.334,-28.334,,-29.466,
05-07-2026-Thu 13-56-20-PM,-31.894,-31.894,-28.367,-28.367,-28.367,-29.499,-29.499,-29.499,-31.894,,-28.367,-28.367,-28.367,,-29.499,
05-07-2026-Thu 13-56-22-PM,-31.894,-31.894,-28.4,-28.4,-28.4,-29.532,-29.532,-29.532,-31.894,,-28.4,-28.4,-28.4,,-29.532,
05-07-2026-Thu 13-56-23-PM,-31.927,-31.927,-28.434,-28.434,-28.434,-29.565,-29.565,-29.565,-31.927,,-28.434,-28.434,-28.434,,-29.565,
05-07-2026-Thu 13-56-25-PM,-31.96,-31.96,-28.434,-28.434,-28.434,-29.598,-29.598,-29.598,-31.96,,-28.434,-28.434,-28.434,,-29.598,
05-07-2026-Thu 13-56-26-PM,-31.993,-31.993,-28.467,-28.467,-28.467,-29.565,-29.565,-29.565,-31.993,,-28.467,-28.467,-28.467,,-29.565,
05-07-2026-Thu 13-56-27-PM,-31.993,-31.993,-28.434,-28.434,-28.434,-29.598,-29.598,-29.598,-31.993,,-28.434,-28.434,-28.434,,-29.598,
05-07-2026-Thu 13-56-29-PM,-32.06,-32.06,-28.5,-28.5,-28.5,-29.632,-29.632,-29.632,-32.06,,-28.5,-28.5,-28.5,,-29.632,
05-07-2026-Thu 13-56-30-PM,-32.06,-32.06,-28.467,-28.467,-28.467,-29.598,-29.598,-29.598,-32.06,,-28.467,-28.467,-28.467,,-29.598,
05-07-2026-Thu 13-56-31-PM,-32.093,-32.093,-28.5,-28.5,-28.5,-29.598,-29.598,-29.598,-32.093,,-28.5,-28.5,-28.5,,-29.598,
05-07-2026-Thu 13-56-33-PM,-32.093,-32.093,-28.5,-28.5,-28.5,-29.665,-29.665,-29.665,-32.093,,-28.5,-28.5,-28.5,,-29.665,
05-07-2026-Thu 13-56-34-PM,-32.126,-32.126,-28.534,-28.534,-28.534,-29.598,-29.598,-29.598,-32.126,,-28.534,-28.534,-28.534,,-29.598,
05-07-2026-Thu 13-56-36-PM,-32.159,-32.159,-28.534,-28.534,-28.534,-29.665,-29.665,-29.665,-32.159,,-28.534,-28.534,-28.534,,-29.665,
05-07-2026-Thu 13-56-37-PM,-32.159,-32.159,-28.567,-28.567,-28.567,-29.665,-29.665,-29.665,-32.159,,-28.567,-28.567,-28.567,,-29.665,
05-07-2026-Thu 13-56-38-PM,-32.193,-32.193,-28.6,-28.6,-28.6,-29.698,-29.698,-29.698,-32.193,,-28.6,-28.6,-28.6,,-29.698,
05-07-2026-Thu 13-56-40-PM,-32.226,-32.226,-28.6,-28.6,-28.6,-29.732,-29.732,-29.732,-32.226,,-28.6,-28.6,-28.6,,-29.732,
05-07-2026-Thu 13-56-43-PM,-32.259,-32.259,-28.634,-28.634,-28.634,-29.765,-29.765,-29.765,-32.259,,-28.634,-28.634,-28.634,,-29.765,
05-07-2026-Thu 13-56-45-PM,-32.326,-32.326,-28.667,-28.667,-28.667,-29.765,-29.765,-29.765,-32.326,,-28.667,-28.667,-28.667,,-29.765,
05-07-2026-Thu 13-56-46-PM,-32.326,-32.326,-28.7,-28.7,-28.7,-29.798,-29.798,-29.798,-32.326,,-28.7,-28.7,-28.7,,-29.798,
05-07-2026-Thu 13-56-47-PM,-32.359,-32.359,-28.667,-28.667,-28.667,-29.865,-29.865,-29.865,-32.359,,-28.667,-28.667,-28.667,,-29.865,
05-07-2026-Thu 13-56-49-PM,-32.392,-32.392,-28.7,-28.7,-28.7,-29.865,-29.865,-29.865,-32.392,,-28.7,-28.7,-28.7,,-29.865,
05-07-2026-Thu 13-56-50-PM,-32.425,-32.425,-28.733,-28.733,-28.733,-29.865,-29.865,-29.865,-32.425,,-28.733,-28.733,-28.733,,-29.865,
05-07-2026-Thu 13-56-51-PM,-32.425,-32.425,-28.733,-28.733,-28.733,-29.865,-29.865,-29.865,-32.425,,-28.733,-28.733,-28.733,,-29.865,
05-07-2026-Thu 13-56-53-PM,-32.459,-32.459,-28.733,-28.733,-28.733,-29.964,-29.964,-29.964,-32.459,,-28.733,-28.733,-28.733,,-29.964,
05-07-2026-Thu 13-56-54-PM,-32.492,-32.492,-28.767,-28.767,-28.767,-29.898,-29.898,-29.898,-32.492,,-28.767,-28.767,-28.767,,-29.898,
05-07-2026-Thu 13-56-56-PM,-32.525,-32.525,-28.8,-28.8,-28.8,-29.931,-29.931,-29.931,-32.525,,-28.8,-28.8,-28.8,,-29.931,
05-07-2026-Thu 13-56-57-PM,-32.525,-32.525,-28.767,-28.767,-28.767,-29.931,-29.931,-29.931,-32.525,,-28.767,-28.767,-28.767,,-29.931,
05-07-2026-Thu 13-56-58-PM,-32.558,-32.558,-28.833,-28.833,-28.833,-29.998,-29.998,-29.998,-32.558,,-28.833,-28.833,-28.833,,-29.998,
05-07-2026-Thu 13-57-00-PM,-32.592,-32.592,-28.833,-28.833,-28.833,-29.998,-29.998,-29.998,-32.592,,-28.833,-28.833,-28.833,,-29.998,
05-07-2026-Thu 13-57-01-PM,-32.592,-32.592,-28.833,-28.833,-28.833,-29.964,-29.964,-29.964,-32.592,,-28.833,-28.833,-28.833,,-29.964,
05-07-2026-Thu 13-57-03-PM,-32.625,-32.625,-28.866,-28.866,-28.866,-29.998,-29.998,-29.998,-32.625,,-28.866,-28.866,-28.866,,-29.998,
05-07-2026-Thu 13-57-04-PM,-32.658,-32.658,-28.9,-28.9,-28.9,-30.031,-30.031,-30.031,-32.658,,-28.9,-28.9,-28.9,,-30.031,
05-07-2026-Thu 13-57-05-PM,-32.658,-32.658,-28.9,-28.9,-28.9,-30.064,-30.064,-30.064,-32.658,,-28.9,-28.9,-28.9,,-30.064,
05-07-2026-Thu 13-57-07-PM,-32.691,-32.691,-28.9,-28.9,-28.9,-30.031,-30.031,-30.031,-32.691,,-28.9,-28.9,-28.9,,-30.031,
05-07-2026-Thu 13-57-08-PM,-32.691,-32.691,-28.933,-28.933,-28.933,-30.064,-30.064,-30.064,-32.691,,-28.933,-28.933,-28.933,,-30.064,
05-07-2026-Thu 13-57-10-PM,-32.724,-32.724,-28.966,-28.966,-28.966,-30.031,-30.031,-30.031,-32.724,,-28.966,-28.966,-28.966,,-30.031,
05-07-2026-Thu 13-57-11-PM,-32.758,-32.758,-28.966,-28.966,-28.966,-30.131,-30.131,-30.131,-32.758,,-28.966,-28.966,-28.966,,-30.131,
05-07-2026-Thu 13-57-13-PM,-32.791,-32.791,-29.0,-29.0,-29.0,-30.131,-30.131,-30.131,-32.791,,-29.0,-29.0,-29.0,,-30.131,
05-07-2026-Thu 13-57-14-PM,-32.824,-32.824,-29.0,-29.0,-29.0,-30.231,-30.231,-30.231,-32.824,,-29.0,-29.0,-29.0,,-30.231,
05-07-2026-Thu 13-57-15-PM,-32.824,-32.824,-29.0,-29.0,-29.0,-30.131,-30.131,-30.131,-32.824,,-29.0,-29.0,-29.0,,-30.131,
05-07-2026-Thu 13-57-17-PM,-32.858,-32.858,-29.033,-29.033,-29.033,-30.131,-30.131,-30.131,-32.858,,-29.033,-29.033,-29.033,,-30.131,
05-07-2026-Thu 13-57-18-PM,-32.891,-32.891,-29.033,-29.033,-29.033,-30.164,-30.164,-30.164,-32.891,,-29.033,-29.033,-29.033,,-30.164,
05-07-2026-Thu 13-57-20-PM,-32.924,-32.924,-29.066,-29.066,-29.066,-30.164,-30.164,-30.164,-32.924,,-29.066,-29.066,-29.066,,-30.164,
05-07-2026-Thu 13-57-21-PM,-32.924,-32.924,-29.066,-29.066,-29.066,-30.197,-30.197,-30.197,-32.924,,-29.066,-29.066,-29.066,,-30.197,
05-07-2026-Thu 13-57-22-PM,-32.957,-32.957,-29.099,-29.099,-29.099,-30.264,-30.264,-30.264,-32.957,,-29.099,-29.099,-29.099,,-30.264,
05-07-2026-Thu 13-57-24-PM,-32.99,-32.99,-29.099,-29.099,-29.099,-30.131,-30.131,-30.131,-32.99,,-29.099,-29.099,-29.099,,-30.131,
05-07-2026-Thu 13-57-25-PM,-33.024,-33.024,-29.133,-29.133,-29.133,-30.297,-30.297,-30.297,-33.024,,-29.133,-29.133,-29.133,,-30.297,
05-07-2026-Thu 13-57-27-PM,-33.024,-33.024,-29.133,-29.133,-29.133,-30.264,-30.264,-30.264,-33.024,,-29.133,-29.133,-29.133,,-30.264,
05-07-2026-Thu 13-57-28-PM,-33.057,-33.057,-29.166,-29.166,-29.166,-30.33,-30.33,-30.33,-33.057,,-29.166,-29.166,-29.166,,-30.33,
05-07-2026-Thu 13-57-29-PM,-33.024,-33.024,-29.166,-29.166,-29.166,-30.297,-30.297,-30.297,-33.024,,-29.166,-29.166,-29.166,,-30.297,
05-07-2026-Thu 13-57-31-PM,-33.09,-33.09,-29.199,-29.199,-29.199,-30.364,-30.364,-30.364,-33.09,,-29.199,-29.199,-29.199,,-30.364,
05-07-2026-Thu 13-57-32-PM,-33.123,-33.123,-29.199,-29.199,-29.199,-30.33,-30.33,-30.33,-33.123,,-29.199,-29.199,-29.199,,-30.33,
05-07-2026-Thu 13-57-34-PM,-33.157,-33.157,-29.233,-29.233,-29.233,-30.364,-30.364,-30.364,-33.157,,-29.233,-29.233,-29.233,,-30.364,
05-07-2026-Thu 13-57-35-PM,-33.157,-33.157,-29.233,-29.233,-29.233,-30.364,-30.364,-30.364,-33.157,,-29.233,-29.233,-29.233,,-30.364,
05-07-2026-Thu 13-57-36-PM,-33.19,-33.19,-29.266,-29.266,-29.266,-30.43,-30.43,-30.43,-33.19,,-29.266,-29.266,-29.266,,-30.43,
05-07-2026-Thu 13-57-38-PM,-33.19,-33.19,-29.266,-29.266,-29.266,-30.397,-30.397,-30.397,-33.19,,-29.266,-29.266,-29.266,,-30.397,
05-07-2026-Thu 13-57-39-PM,-33.256,-33.256,-29.266,-29.266,-29.266,-30.397,-30.397,-30.397,-33.256,,-29.266,-29.266,-29.266,,-30.397,
05-07-2026-Thu 13-57-41-PM,-33.256,-33.256,-29.332,-29.332,-29.332,-30.43,-30.43,-30.43,-33.256,,-29.332,-29.332,-29.332,,-30.43,
05-07-2026-Thu 13-57-42-PM,-33.256,-33.256,-29.332,-29.332,-29.332,-30.43,-30.43,-30.43,-33.256,,-29.332,-29.332,-29.332,,-30.43,
05-07-2026-Thu 13-57-43-PM,-33.29,-33.29,-29.332,-29.332,-29.332,-30.497,-30.497,-30.497,-33.29,,-29.332,-29.332,-29.332,,-30.497,
05-07-2026-Thu 13-57-45-PM,-33.356,-33.356,-29.366,-29.366,-29.366,-30.497,-30.497,-30.497,-33.356,,-29.366,-29.366,-29.366,,-30.497,
05-07-2026-Thu 13-57-46-PM,-33.356,-33.356,-29.399,-29.399,-29.399,-30.53,-30.53,-30.53,-33.356,,-29.399,-29.399,-29.399,,-30.53,
05-07-2026-Thu 13-57-47-PM,-33.356,-33.356,-29.399,-29.399,-29.399,-30.53,-30.53,-30.53,-33.356,,-29.399,-29.399,-29.399,,-30.53,
05-07-2026-Thu 13-57-49-PM,-33.389,-33.389,-29.399,-29.399,-29.399,-30.53,-30.53,-30.53,-33.389,,-29.399,-29.399,-29.399,,-30.53,
05-07-2026-Thu 13-57-50-PM,-33.422,-33.422,-29.432,-29.432,-29.432,-30.563,-30.563,-30.563,-33.422,,-29.432,-29.432,-29.432,,-30.563,
05-07-2026-Thu 13-57-52-PM,-33.456,-33.456,-29.432,-29.432,-29.432,-30.596,-30.596,-30.596,-33.456,,-29.432,-29.432,-29.432,,-30.596,
05-07-2026-Thu 13-57-53-PM,-33.456,-33.456,-29.466,-29.466,-29.466,-30.596,-30.596,-30.596,-33.456,,-29.466,-29.466,-29.466,,-30.596,
05-07-2026-Thu 13-57-54-PM,-33.456,-33.456,-29.466,-29.466,-29.466,-30.63,-30.63,-30.63,-33.456,,-29.466,-29.466,-29.466,,-30.63,
05-07-2026-Thu 13-57-56-PM,-33.489,-33.489,-29.466,-29.466,-29.466,-30.63,-30.63,-30.63,-33.489,,-29.466,-29.466,-29.466,,-30.63,
05-07-2026-Thu 13-57-57-PM,-33.522,-33.522,-29.499,-29.499,-29.499,-30.696,-30.696,-30.696,-33.522,,-29.499,-29.499,-29.499,,-30.696,
05-07-2026-Thu 13-57-59-PM,-33.555,-33.555,-29.499,-29.499,-29.499,-30.663,-30.663,-30.663,-33.555,,-29.499,-29.499,-29.499,,-30.663,
05-07-2026-Thu 13-58-00-PM,-33.589,-33.589,-29.532,-29.532,-29.532,-30.696,-30.696,-30.696,-33.589,,-29.532,-29.532,-29.532,,-30.696,
05-07-2026-Thu 13-58-01-PM,-33.589,-33.589,-29.532,-29.532,-29.532,-30.696,-30.696,-30.696,-33.589,,-29.532,-29.532,-29.532,,-30.696,
05-07-2026-Thu 13-58-03-PM,-33.589,-33.589,-29.565,-29.565,-29.565,-30.663,-30.663,-30.663,-33.589,,-29.565,-29.565,-29.565,,-30.663,
05-07-2026-Thu 13-58-04-PM,-33.622,-33.622,-29.565,-29.565,-29.565,-30.696,-30.696,-30.696,-33.622,,-29.565,-29.565,-29.565,,-30.696,
05-07-2026-Thu 13-58-05-PM,-33.622,-33.622,-29.565,-29.565,-29.565,-30.73,-30.73,-30.73,-33.622,,-29.565,-29.565,-29.565,,-30.73,
05-07-2026-Thu 13-58-07-PM,-33.655,-33.655,-29.598,-29.598,-29.598,-30.73,-30.73,-30.73,-33.655,,-29.598,-29.598,-29.598,,-30.73,
05-07-2026-Thu 13-58-08-PM,-33.688,-33.688,-29.632,-29.632,-29.632,-30.796,-30.796,-30.796,-33.688,,-29.632,-29.632,-29.632,,-30.796,
05-07-2026-Thu 13-58-09-PM,-33.722,-33.722,-29.632,-29.632,-29.632,-30.863,-30.863,-30.863,-33.722,,-29.632,-29.632,-29.632,,-30.863,
05-07-2026-Thu 13-58-11-PM,-33.755,-33.755,-29.632,-29.632,-29.632,-30.829,-30.829,-30.829,-33.755,,-29.632,-29.632,-29.632,,-30.829,
05-07-2026-Thu 13-58-12-PM,-33.788,-33.788,-29.665,-29.665,-29.665,-30.829,-30.829,-30.829,-33.788,,-29.665,-29.665,-29.665,,-30.829,
05-07-2026-Thu 13-58-14-PM,-33.788,-33.788,-29.698,-29.698,-29.698,-30.929,-30.929,-30.929,-33.788,,-29.698,-29.698,-29.698,,-30.929,
05-07-2026-Thu 13-58-16-PM,-33.821,-33.821,-29.732,-29.732,-29.732,-30.896,-30.896,-30.896,-33.821,,-29.732,-29.732,-29.732,,-30.896,
05-07-2026-Thu 13-58-19-PM,-33.854,-33.854,-29.765,-29.765,-29.765,-30.896,-30.896,-30.896,-33.854,,-29.765,-29.765,-29.765,,-30.896,
05-07-2026-Thu 13-58-21-PM,-33.921,-33.921,-29.765,-29.765,-29.765,-30.929,-30.929,-30.929,-33.921,,-29.765,-29.765,-29.765,,-30.929,
05-07-2026-Thu 13-58-23-PM,-33.954,-33.954,-29.798,-29.798,-29.798,-30.929,-30.929,-30.929,-33.954,,-29.798,-29.798,-29.798,,-30.929,
05-07-2026-Thu 13-58-24-PM,-33.921,-33.921,-29.765,-29.765,-29.765,-30.996,-30.996,-30.996,-33.921,,-29.765,-29.765,-29.765,,-30.996,
05-07-2026-Thu 13-58-25-PM,-33.987,-33.987,-29.832,-29.832,-29.832,-30.962,-30.962,-30.962,-33.987,,-29.832,-29.832,-29.832,,-30.962,
05-07-2026-Thu 13-58-27-PM,-33.987,-33.987,-29.832,-29.832,-29.832,-30.996,-30.996,-30.996,-33.987,,-29.832,-29.832,-29.832,,-30.996,
05-07-2026-Thu 13-58-28-PM,-34.02,-34.02,-29.865,-29.865,-29.865,-31.062,-31.062,-31.062,-34.02,,-29.865,-29.865,-29.865,,-31.062,
05-07-2026-Thu 13-58-30-PM,-34.054,-34.054,-29.865,-29.865,-29.865,-30.996,-30.996,-30.996,-34.054,,-29.865,-29.865,-29.865,,-30.996,
05-07-2026-Thu 13-58-31-PM,-34.087,-34.087,-29.898,-29.898,-29.898,-31.062,-31.062,-31.062,-34.087,,-29.898,-29.898,-29.898,,-31.062,
05-07-2026-Thu 13-58-32-PM,-34.12,-34.12,-29.898,-29.898,-29.898,-31.095,-31.095,-31.095,-34.12,,-29.898,-29.898,-29.898,,-31.095,
05-07-2026-Thu 13-58-34-PM,-34.12,-34.12,-29.898,-29.898,-29.898,-31.062,-31.062,-31.062,-34.12,,-29.898,-29.898,-29.898,,-31.062,
05-07-2026-Thu 13-58-35-PM,-34.153,-34.153,-29.931,-29.931,-29.931,-31.129,-31.129,-31.129,-34.153,,-29.931,-29.931,-29.931,,-31.129,
05-07-2026-Thu 13-58-36-PM,-34.153,-34.153,-29.964,-29.964,-29.964,-31.129,-31.129,-31.129,-34.153,,-29.964,-29.964,-29.964,,-31.129,
05-07-2026-Thu 13-58-38-PM,-34.187,-34.187,-29.964,-29.964,-29.964,-31.095,-31.095,-31.095,-34.187,,-29.964,-29.964,-29.964,,-31.095,
05-07-2026-Thu 13-58-39-PM,-34.22,-34.22,-29.998,-29.998,-29.998,-31.129,-31.129,-31.129,-34.22,,-29.998,-29.998,-29.998,,-31.129,
05-07-2026-Thu 13-58-41-PM,-34.22,-34.22,-29.998,-29.998,-29.998,-31.162,-31.162,-31.162,-34.22,,-29.998,-29.998,-29.998,,-31.162,
05-07-2026-Thu 13-58-42-PM,-34.253,-34.253,-30.031,-30.031,-30.031,-31.195,-31.195,-31.195,-34.253,,-30.031,-30.031,-30.031,,-31.195,
05-07-2026-Thu 13-58-43-PM,-34.253,-34.253,-30.031,-30.031,-30.031,-31.262,-31.262,-31.262,-34.253,,-30.031,-30.031,-30.031,,-31.262,
05-07-2026-Thu 13-58-45-PM,-34.286,-34.286,-30.031,-30.031,-30.031,-31.228,-31.228,-31.228,-34.286,,-30.031,-30.031,-30.031,,-31.228,
05-07-2026-Thu 13-58-46-PM,-34.286,-34.286,-30.031,-30.031,-30.031,-31.295,-31.295,-31.295,-34.286,,-30.031,-30.031,-30.031,,-31.295,
05-07-2026-Thu 13-58-48-PM,-34.32,-34.32,-30.064,-30.064,-30.064,-31.262,-31.262,-31.262,-34.32,,-30.064,-30.064,-30.064,,-31.262,
05-07-2026-Thu 13-58-49-PM,-34.353,-34.353,-30.098,-30.098,-30.098,-31.228,-31.228,-31.228,-34.353,,-30.098,-30.098,-30.098,,-31.228,
05-07-2026-Thu 13-58-52-PM,-34.353,-34.353,-30.098,-30.098,-30.098,-31.328,-31.328,-31.328,-34.353,,-30.098,-30.098,-30.098,,-31.328,
05-07-2026-Thu 13-58-55-PM,-34.419,-34.419,-30.131,-30.131,-30.131,-31.295,-31.295,-31.295,-34.419,,-30.131,-30.131,-30.131,,-31.295,
05-07-2026-Thu 13-58-56-PM,-34.452,-34.452,-30.164,-30.164,-30.164,-31.361,-31.361,-31.361,-34.452,,-30.164,-30.164,-30.164,,-31.361,
05-07-2026-Thu 13-58-57-PM,-34.486,-34.486,-30.197,-30.197,-30.197,-31.395,-31.395,-31.395,-34.486,,-30.197,-30.197,-30.197,,-31.395,
05-07-2026-Thu 13-58-59-PM,-34.519,-34.519,-30.197,-30.197,-30.197,-31.328,-31.328,-31.328,-34.519,,-30.197,-30.197,-30.197,,-31.328,
05-07-2026-Thu 13-59-00-PM,-34.519,-34.519,-30.231,-30.231,-30.231,-31.428,-31.428,-31.428,-34.519,,-30.231,-30.231,-30.231,,-31.428,
05-07-2026-Thu 13-59-02-PM,-34.552,-34.552,-30.197,-30.197,-30.197,-31.461,-31.461,-31.461,-34.552,,-30.197,-30.197,-30.197,,-31.461,
05-07-2026-Thu 13-59-03-PM,-34.552,-34.552,-30.264,-30.264,-30.264,-31.461,-31.461,-31.461,-34.552,,-30.264,-30.264,-30.264,,-31.461,
05-07-2026-Thu 13-59-04-PM,-34.585,-34.585,-30.264,-30.264,-30.264,-31.494,-31.494,-31.494,-34.585,,-30.264,-30.264,-30.264,,-31.494,
05-07-2026-Thu 13-59-06-PM,-34.618,-34.618,-30.264,-30.264,-30.264,-31.461,-31.461,-31.461,-34.618,,-30.264,-30.264,-30.264,,-31.461,
05-07-2026-Thu 13-59-07-PM,-34.618,-34.618,-30.297,-30.297,-30.297,-31.494,-31.494,-31.494,-34.618,,-30.297,-30.297,-30.297,,-31.494,
05-07-2026-Thu 13-59-09-PM,-34.652,-34.652,-30.297,-30.297,-30.297,-31.461,-31.461,-31.461,-34.652,,-30.297,-30.297,-30.297,,-31.461,
05-07-2026-Thu 13-59-10-PM,-34.652,-34.652,-30.33,-30.33,-30.33,-31.528,-31.528,-31.528,-34.652,,-30.33,-30.33,-30.33,,-31.528,
05-07-2026-Thu 13-59-11-PM,-34.685,-34.685,-30.364,-30.364,-30.364,-31.594,-31.594,-31.594,-34.685,,-30.364,-30.364,-30.364,,-31.594,
05-07-2026-Thu 13-59-13-PM,-34.685,-34.685,-30.364,-30.364,-30.364,-31.528,-31.528,-31.528,-34.685,,-30.364,-30.364,-30.364,,-31.528,
05-07-2026-Thu 13-59-14-PM,-34.751,-34.751,-30.364,-30.364,-30.364,-31.628,-31.628,-31.628,-34.751,,-30.364,-30.364,-30.364,,-31.628,
05-07-2026-Thu 13-59-16-PM,-34.751,-34.751,-30.397,-30.397,-30.397,-31.594,-31.594,-31.594,-34.751,,-30.397,-30.397,-30.397,,-31.594,
05-07-2026-Thu 13-59-17-PM,-34.785,-34.785,-30.397,-30.397,-30.397,-31.594,-31.594,-31.594,-34.785,,-30.397,-30.397,-30.397,,-31.594,
05-07-2026-Thu 13-59-19-PM,-34.818,-34.818,-30.43,-30.43,-30.43,-31.661,-31.661,-31.661,-34.818,,-30.43,-30.43,-30.43,,-31.661,
05-07-2026-Thu 13-59-20-PM,-34.818,-34.818,-30.43,-30.43,-30.43,-31.694,-31.694,-31.694,-34.818,,-30.43,-30.43,-30.43,,-31.694,
05-07-2026-Thu 13-59-21-PM,-34.851,-34.851,-30.43,-30.43,-30.43,-31.694,-31.694,-31.694,-34.851,,-30.43,-30.43,-30.43,,-31.694,
05-07-2026-Thu 13-59-23-PM,-34.884,-34.884,-30.464,-30.464,-30.464,-31.661,-31.661,-31.661,-34.884,,-30.464,-30.464,-30.464,,-31.661,
05-07-2026-Thu 13-59-24-PM,-34.884,-34.884,-30.497,-30.497,-30.497,-31.727,-31.727,-31.727,-34.884,,-30.497,-30.497,-30.497,,-31.727,
05-07-2026-Thu 13-59-25-PM,-34.917,-34.917,-30.497,-30.497,-30.497,-31.694,-31.694,-31.694,-34.917,,-30.497,-30.497,-30.497,,-31.694,
05-07-2026-Thu 13-59-27-PM,-34.917,-34.917,-30.53,-30.53,-30.53,-31.76,-31.76,-31.76,-34.917,,-30.53,-30.53,-30.53,,-31.76,
05-07-2026-Thu 13-59-28-PM,-34.951,-34.951,-30.53,-30.53,-30.53,-31.727,-31.727,-31.727,-34.951,,-30.53,-30.53,-30.53,,-31.727,
05-07-2026-Thu 13-59-30-PM,-34.984,-34.984,-30.53,-30.53,-30.53,-31.76,-31.76,-31.76,-34.984,,-30.53,-30.53,-30.53,,-31.76,
05-07-2026-Thu 13-59-31-PM,-35.017,-35.017,-30.563,-30.563,-30.563,-31.827,-31.827,-31.827,-35.017,,-30.563,-30.563,-30.563,,-31.827,
05-07-2026-Thu 13-59-32-PM,-35.017,-35.017,-30.596,-30.596,-30.596,-31.827,-31.827,-31.827,-35.017,,-30.596,-30.596,-30.596,,-31.827,
05-07-2026-Thu 13-59-34-PM,-35.05,-35.05,-30.596,-30.596,-30.596,-31.894,-31.894,-31.894,-35.05,,-30.596,-30.596,-30.596,,-31.894,
05-07-2026-Thu 13-59-35-PM,-35.083,-35.083,-30.63,-30.63,-30.63,-31.927,-31.927,-31.927,-35.083,,-30.63,-30.63,-30.63,,-31.927,
05-07-2026-Thu 13-59-37-PM,-35.083,-35.083,-30.63,-30.63,-30.63,-31.827,-31.827,-31.827,-35.083,,-30.63,-30.63,-30.63,,-31.827,
05-07-2026-Thu 13-59-38-PM,-35.117,-35.117,-30.63,-30.63,-30.63,-31.894,-31.894,-31.894,-35.117,,-30.63,-30.63,-30.63,,-31.894,
05-07-2026-Thu 13-59-39-PM,-35.117,-35.117,-30.663,-30.663,-30.663,-31.86,-31.86,-31.86,-35.117,,-30.663,-30.663,-30.663,,-31.86,
05-07-2026-Thu 13-59-41-PM,-35.15,-35.15,-30.696,-30.696,-30.696,-31.96,-31.96,-31.96,-35.15,,-30.696,-30.696,-30.696,,-31.96,
05-07-2026-Thu 13-59-42-PM,-35.15,-35.15,-30.73,-30.73,-30.73,-31.927,-31.927,-31.927,-35.15,,-30.73,-30.73,-30.73,,-31.927,
05-07-2026-Thu 13-59-44-PM,-35.183,-35.183,-30.73,-30.73,-30.73,-31.96,-31.96,-31.96,-35.183,,-30.73,-30.73,-30.73,,-31.96,
05-07-2026-Thu 13-59-45-PM,-35.216,-35.216,-30.73,-30.73,-30.73,-31.927,-31.927,-31.927,-35.216,,-30.73,-30.73,-30.73,,-31.927,
05-07-2026-Thu 13-59-47-PM,-35.25,-35.25,-30.763,-30.763,-30.763,-32.026,-32.026,-32.026,-35.25,,-30.763,-30.763,-30.763,,-32.026,
05-07-2026-Thu 13-59-48-PM,-35.25,-35.25,-30.796,-30.796,-30.796,-32.026,-32.026,-32.026,-35.25,,-30.796,-30.796,-30.796,,-32.026,
05-07-2026-Thu 13-59-50-PM,-35.283,-35.283,-30.763,-30.763,-30.763,-32.026,-32.026,-32.026,-35.283,,-30.763,-30.763,-30.763,,-32.026,
05-07-2026-Thu 13-59-51-PM,-35.316,-35.316,-30.829,-30.829,-30.829,-32.06,-32.06,-32.06,-35.316,,-30.829,-30.829,-30.829,,-32.06,
05-07-2026-Thu 13-59-52-PM,-35.283,-35.283,-30.829,-30.829,-30.829,-32.06,-32.06,-32.06,-35.283,,-30.829,-30.829,-30.829,,-32.06,
05-07-2026-Thu 13-59-54-PM,-35.316,-35.316,-30.829,-30.829,-30.829,-32.06,-32.06,-32.06,-35.316,,-30.829,-30.829,-30.829,,-32.06,
05-07-2026-Thu 13-59-55-PM,-35.349,-35.349,-30.863,-30.863,-30.863,-32.093,-32.093,-32.093,-35.349,,-30.863,-30.863,-30.863,,-32.093,
05-07-2026-Thu 13-59-57-PM,-35.416,-35.416,-30.863,-30.863,-30.863,-32.093,-32.093,-32.093,-35.416,,-30.863,-30.863,-30.863,,-32.093,
05-07-2026-Thu 13-59-58-PM,-35.416,-35.416,-30.896,-30.896,-30.896,-32.093,-32.093,-32.093,-35.416,,-30.896,-30.896,-30.896,,-32.093,
05-07-2026-Thu 13-59-59-PM,-35.416,-35.416,-30.896,-30.896,-30.896,-32.126,-32.126,-32.126,-35.416,,-30.896,-30.896,-30.896,,-32.126,
05-07-2026-Thu 14-00-01-PM,-35.449,-35.449,-30.929,-30.929,-30.929,-32.193,-32.193,-32.193,-35.449,,-30.929,-30.929,-30.929,,-32.193,
05-07-2026-Thu 14-00-02-PM,-35.449,-35.449,-30.929,-30.929,-30.929,-32.159,-32.159,-32.159,-35.449,,-30.929,-30.929,-30.929,,-32.159,
05-07-2026-Thu 14-00-04-PM,-35.482,-35.482,-30.929,-30.929,-30.929,-32.159,-32.159,-32.159,-35.482,,-30.929,-30.929,-30.929,,-32.159,
05-07-2026-Thu 14-00-06-PM,-35.515,-35.515,-30.996,-30.996,-30.996,-32.326,-32.326,-32.326,-35.515,,-30.996,-30.996,-30.996,,-32.326,
05-07-2026-Thu 14-00-07-PM,-35.515,-35.515,-30.996,-30.996,-30.996,-32.193,-32.193,-32.193,-35.515,,-30.996,-30.996,-30.996,,-32.193,
05-07-2026-Thu 14-00-09-PM,-35.582,-35.582,-30.996,-30.996,-30.996,-32.292,-32.292,-32.292,-35.582,,-30.996,-30.996,-30.996,,-32.292,
05-07-2026-Thu 14-00-10-PM,-35.582,-35.582,-30.996,-30.996,-30.996,-32.259,-32.259,-32.259,-35.582,,-30.996,-30.996,-30.996,,-32.259,
05-07-2026-Thu 14-00-11-PM,-35.615,-35.615,-31.062,-31.062,-31.062,-32.326,-32.326,-32.326,-35.615,,-31.062,-31.062,-31.062,,-32.326,
05-07-2026-Thu 14-00-13-PM,-35.615,-35.615,-31.062,-31.062,-31.062,-32.326,-32.326,-32.326,-35.615,,-31.062,-31.062,-31.062,,-32.326,
05-07-2026-Thu 14-00-14-PM,-35.615,-35.615,-31.062,-31.062,-31.062,-32.292,-32.292,-32.292,-35.615,,-31.062,-31.062,-31.062,,-32.292,
05-07-2026-Thu 14-00-16-PM,-35.648,-35.648,-31.062,-31.062,-31.062,-32.359,-32.359,-32.359,-35.648,,-31.062,-31.062,-31.062,,-32.359,
05-07-2026-Thu 14-00-17-PM,-35.648,-35.648,-31.095,-31.095,-31.095,-32.326,-32.326,-32.326,-35.648,,-31.095,-31.095,-31.095,,-32.326,
05-07-2026-Thu 14-00-18-PM,-35.681,-35.681,-31.129,-31.129,-31.129,-32.392,-32.392,-32.392,-35.681,,-31.129,-31.129,-31.129,,-32.392,
05-07-2026-Thu 14-00-20-PM,-35.681,-35.681,-31.129,-31.129,-31.129,-32.392,-32.392,-32.392,-35.681,,-31.129,-31.129,-31.129,,-32.392,
05-07-2026-Thu 14-00-21-PM,-35.681,-35.681,-31.162,-31.162,-31.162,-32.492,-32.492,-32.492,-35.681,,-31.162,-31.162,-31.162,,-32.492,
05-07-2026-Thu 14-00-23-PM,-35.748,-35.748,-31.162,-31.162,-31.162,-32.459,-32.459,-32.459,-35.748,,-31.162,-31.162,-31.162,,-32.459,
05-07-2026-Thu 14-00-24-PM,-35.781,-35.781,-31.195,-31.195,-31.195,-32.425,-32.425,-32.425,-35.781,,-31.195,-31.195,-31.195,,-32.425,
05-07-2026-Thu 14-00-25-PM,-35.781,-35.781,-31.195,-31.195,-31.195,-32.459,-32.459,-32.459,-35.781,,-31.195,-31.195,-31.195,,-32.459,
05-07-2026-Thu 14-00-27-PM,-35.781,-35.781,-31.228,-31.228,-31.228,-32.492,-32.492,-32.492,-35.781,,-31.228,-31.228,-31.228,,-32.492,
05-07-2026-Thu 14-00-28-PM,-35.814,-35.814,-31.228,-31.228,-31.228,-32.558,-32.558,-32.558,-35.814,,-31.228,-31.228,-31.228,,-32.558,
05-07-2026-Thu 14-00-29-PM,-35.847,-35.847,-31.228,-31.228,-31.228,-32.525,-32.525,-32.525,-35.847,,-31.228,-31.228,-31.228,,-32.525,
05-07-2026-Thu 14-00-31-PM,-35.847,-35.847,-31.262,-31.262,-31.262,-32.459,-32.459,-32.459,-35.847,,-31.262,-31.262,-31.262,,-32.459,
05-07-2026-Thu 14-00-32-PM,-35.847,-35.847,-31.262,-31.262,-31.262,-32.558,-32.558,-32.558,-35.847,,-31.262,-31.262,-31.262,,-32.558,
05-07-2026-Thu 14-00-33-PM,-35.88,-35.88,-31.295,-31.295,-31.295,-32.592,-32.592,-32.592,-35.88,,-31.295,-31.295,-31.295,,-32.592,
05-07-2026-Thu 14-00-35-PM,-35.914,-35.914,-31.262,-31.262,-31.262,-32.525,-32.525,-32.525,-35.914,,-31.262,-31.262,-31.262,,-32.525,
05-07-2026-Thu 14-00-36-PM,-35.947,-35.947,-31.328,-31.328,-31.328,-32.592,-32.592,-32.592,-35.947,,-31.328,-31.328,-31.328,,-32.592,
05-07-2026-Thu 14-00-38-PM,-35.947,-35.947,-31.328,-31.328,-31.328,-32.691,-32.691,-32.691,-35.947,,-31.328,-31.328,-31.328,,-32.691,
05-07-2026-Thu 14-00-39-PM,-35.98,-35.98,-31.361,-31.361,-31.361,-32.658,-32.658,-32.658,-35.98,,-31.361,-31.361,-31.361,,-32.658,
05-07-2026-Thu 14-00-41-PM,-36.013,-36.013,-31.361,-31.361,-31.361,-32.625,-32.625,-32.625,-36.013,,-31.361,-31.361,-31.361,,-32.625,
05-07-2026-Thu 14-00-42-PM,-36.013,-36.013,-31.395,-31.395,-31.395,-32.724,-32.724,-32.724,-36.013,,-31.395,-31.395,-31.395,,-32.724,
05-07-2026-Thu 14-00-43-PM,-36.013,-36.013,-31.395,-31.395,-31.395,-32.724,-32.724,-32.724,-36.013,,-31.395,-31.395,-31.395,,-32.724,
05-07-2026-Thu 14-00-45-PM,-36.046,-36.046,-31.428,-31.428,-31.428,-32.724,-32.724,-32.724,-36.046,,-31.428,-31.428,-31.428,,-32.724,
05-07-2026-Thu 14-00-46-PM,-36.08,-36.08,-31.461,-31.461,-31.461,-32.724,-32.724,-32.724,-36.08,,-31.461,-31.461,-31.461,,-32.724,
05-07-2026-Thu 14-00-48-PM,-36.08,-36.08,-31.461,-31.461,-31.461,-32.724,-32.724,-32.724,-36.08,,-31.461,-31.461,-31.461,,-32.724,
05-07-2026-Thu 14-00-49-PM,-36.113,-36.113,-31.461,-31.461,-31.461,-32.724,-32.724,-32.724,-36.113,,-31.461,-31.461,-31.461,,-32.724,
05-07-2026-Thu 14-00-50-PM,-36.113,-36.113,-31.494,-31.494,-31.494,-32.824,-32.824,-32.824,-36.113,,-31.494,-31.494,-31.494,,-32.824,
05-07-2026-Thu 14-00-52-PM,-36.113,-36.113,-31.494,-31.494,-31.494,-32.791,-32.791,-32.791,-36.113,,-31.494,-31.494,-31.494,,-32.791,
05-07-2026-Thu 14-00-53-PM,-36.146,-36.146,-31.528,-31.528,-31.528,-32.858,-32.858,-32.858,-36.146,,-31.528,-31.528,-31.528,,-32.858,
05-07-2026-Thu 14-00-54-PM,-36.179,-36.179,-31.528,-31.528,-31.528,-32.824,-32.824,-32.824,-36.179,,-31.528,-31.528,-31.528,,-32.824,
05-07-2026-Thu 14-00-56-PM,-36.212,-36.212,-31.561,-31.561,-31.561,-32.858,-32.858,-32.858,-36.212,,-31.561,-31.561,-31.561,,-32.858,
05-07-2026-Thu 14-00-57-PM,-36.212,-36.212,-31.561,-31.561,-31.561,-32.891,-32.891,-32.891,-36.212,,-31.561,-31.561,-31.561,,-32.891,
05-07-2026-Thu 14-00-59-PM,-36.212,-36.212,-31.561,-31.561,-31.561,-32.824,-32.824,-32.824,-36.212,,-31.561,-31.561,-31.561,,-32.824,
05-07-2026-Thu 14-01-00-PM,-36.279,-36.279,-31.594,-31.594,-31.594,-32.924,-32.924,-32.924,-36.279,,-31.594,-31.594,-31.594,,-32.924,
05-07-2026-Thu 14-01-01-PM,-36.279,-36.279,-31.628,-31.628,-31.628,-32.924,-32.924,-32.924,-36.279,,-31.628,-31.628,-31.628,,-32.924,
05-07-2026-Thu 14-01-03-PM,-36.279,-36.279,-31.628,-31.628,-31.628,-32.924,-32.924,-32.924,-36.279,,-31.628,-31.628,-31.628,,-32.924,
05-07-2026-Thu 14-01-04-PM,-36.312,-36.312,-31.661,-31.661,-31.661,-32.957,-32.957,-32.957,-36.312,,-31.661,-31.661,-31.661,,-32.957,
05-07-2026-Thu 14-01-06-PM,-36.345,-36.345,-31.661,-31.661,-31.661,-32.957,-32.957,-32.957,-36.345,,-31.661,-31.661,-31.661,,-32.957,
05-07-2026-Thu 14-01-07-PM,-36.345,-36.345,-31.661,-31.661,-31.661,-32.924,-32.924,-32.924,-36.345,,-31.661,-31.661,-31.661,,-32.924,
05-07-2026-Thu 14-01-08-PM,-36.378,-36.378,-31.694,-31.694,-31.694,-33.057,-33.057,-33.057,-36.378,,-31.694,-31.694,-31.694,,-33.057,
05-07-2026-Thu 14-01-10-PM,-36.412,-36.412,-31.727,-31.727,-31.727,-32.99,-32.99,-32.99,-36.412,,-31.727,-31.727,-31.727,,-32.99,
05-07-2026-Thu 14-01-11-PM,-36.412,-36.412,-31.727,-31.727,-31.727,-33.024,-33.024,-33.024,-36.412,,-31.727,-31.727,-31.727,,-33.024,
05-07-2026-Thu 14-01-13-PM,-36.445,-36.445,-31.727,-31.727,-31.727,-33.024,-33.024,-33.024,-36.445,,-31.727,-31.727,-31.727,,-33.024,
05-07-2026-Thu 14-01-14-PM,-36.412,-36.412,-31.727,-31.727,-31.727,-33.057,-33.057,-33.057,-36.412,,-31.727,-31.727,-31.727,,-33.057,
05-07-2026-Thu 14-01-16-PM,-36.478,-36.478,-31.76,-31.76,-31.76,-33.057,-33.057,-33.057,-36.478,,-31.76,-31.76,-31.76,,-33.057,
05-07-2026-Thu 14-01-17-PM,-36.478,-36.478,-31.794,-31.794,-31.794,-33.157,-33.157,-33.157,-36.478,,-31.794,-31.794,-31.794,,-33.157,
05-07-2026-Thu 14-01-18-PM,-36.478,-36.478,-31.794,-31.794,-31.794,-33.123,-33.123,-33.123,-36.478,,-31.794,-31.794,-31.794,,-33.123,
05-07-2026-Thu 14-01-20-PM,-36.511,-36.511,-31.827,-31.827,-31.827,-33.157,-33.157,-33.157,-36.511,,-31.827,-31.827,-31.827,,-33.157,
05-07-2026-Thu 14-01-21-PM,-36.544,-36.544,-31.827,-31.827,-31.827,-33.123,-33.123,-33.123,-36.544,,-31.827,-31.827,-31.827,,-33.123,
05-07-2026-Thu 14-01-23-PM,-36.544,-36.544,-31.86,-31.86,-31.86,-33.157,-33.157,-33.157,-36.544,,-31.86,-31.86,-31.86,,-33.157,
05-07-2026-Thu 14-01-24-PM,-36.578,-36.578,-31.86,-31.86,-31.86,-33.157,-33.157,-33.157,-36.578,,-31.86,-31.86,-31.86,,-33.157,
05-07-2026-Thu 14-01-25-PM,-36.611,-36.611,-31.894,-31.894,-31.894,-33.19,-33.19,-33.19,-36.611,,-31.894,-31.894,-31.894,,-33.19,
05-07-2026-Thu 14-01-27-PM,-36.611,-36.611,-31.894,-31.894,-31.894,-33.223,-33.223,-33.223,-36.611,,-31.894,-31.894,-31.894,,-33.223,
05-07-2026-Thu 14-01-29-PM,-36.611,-36.611,-31.927,-31.927,-31.927,-33.29,-33.29,-33.29,-36.611,,-31.927,-31.927,-31.927,,-33.29,
05-07-2026-Thu 14-01-32-PM,-36.644,-36.644,-31.96,-31.96,-31.96,-33.356,-33.356,-33.356,-36.644,,-31.96,-31.96,-31.96,,-33.356,
05-07-2026-Thu 14-01-34-PM,-36.71,-36.71,-31.96,-31.96,-31.96,-33.356,-33.356,-33.356,-36.71,,-31.96,-31.96,-31.96,,-33.356,
05-07-2026-Thu 14-01-36-PM,-36.744,-36.744,-31.993,-31.993,-31.993,-33.323,-33.323,-33.323,-36.744,,-31.993,-31.993,-31.993,,-33.323,
05-07-2026-Thu 14-01-37-PM,-36.777,-36.777,-32.026,-32.026,-32.026,-33.356,-33.356,-33.356,-36.777,,-32.026,-32.026,-32.026,,-33.356,
05-07-2026-Thu 14-01-39-PM,-36.777,-36.777,-32.06,-32.06,-32.06,-33.389,-33.389,-33.389,-36.777,,-32.06,-32.06,-32.06,,-33.389,
05-07-2026-Thu 14-01-40-PM,-36.777,-36.777,-32.026,-32.026,-32.026,-33.389,-33.389,-33.389,-36.777,,-32.026,-32.026,-32.026,,-33.389,
05-07-2026-Thu 14-01-41-PM,-36.81,-36.81,-32.06,-32.06,-32.06,-33.422,-33.422,-33.422,-36.81,,-32.06,-32.06,-32.06,,-33.422,
05-07-2026-Thu 14-01-43-PM,-36.81,-36.81,-32.093,-32.093,-32.093,-33.389,-33.389,-33.389,-36.81,,-32.093,-32.093,-32.093,,-33.389,
05-07-2026-Thu 14-01-44-PM,-36.81,-36.81,-32.093,-32.093,-32.093,-33.456,-33.456,-33.456,-36.81,,-32.093,-32.093,-32.093,,-33.456,
05-07-2026-Thu 14-01-46-PM,-36.876,-36.876,-32.093,-32.093,-32.093,-33.456,-33.456,-33.456,-36.876,,-32.093,-32.093,-32.093,,-33.456,
05-07-2026-Thu 14-01-47-PM,-36.876,-36.876,-32.126,-32.126,-32.126,-33.522,-33.522,-33.522,-36.876,,-32.126,-32.126,-32.126,,-33.522,
05-07-2026-Thu 14-01-49-PM,-36.876,-36.876,-32.159,-32.159,-32.159,-33.489,-33.489,-33.489,-36.876,,-32.159,-32.159,-32.159,,-33.489,
05-07-2026-Thu 14-01-50-PM,-36.943,-36.943,-32.159,-32.159,-32.159,-33.555,-33.555,-33.555,-36.943,,-32.159,-32.159,-32.159,,-33.555,
05-07-2026-Thu 14-01-51-PM,-36.943,-36.943,-32.193,-32.193,-32.193,-33.522,-33.522,-33.522,-36.943,,-32.193,-32.193,-32.193,,-33.522,
05-07-2026-Thu 14-01-53-PM,-36.943,-36.943,-32.226,-32.226,-32.226,-33.522,-33.522,-33.522,-36.943,,-32.226,-32.226,-32.226,,-33.522,
05-07-2026-Thu 14-01-54-PM,-36.976,-36.976,-32.193,-32.193,-32.193,-33.589,-33.589,-33.589,-36.976,,-32.193,-32.193,-32.193,,-33.589,
05-07-2026-Thu 14-01-56-PM,-36.943,-36.943,-32.226,-32.226,-32.226,-33.622,-33.622,-33.622,-36.943,,-32.226,-32.226,-32.226,,-33.622,
05-07-2026-Thu 14-01-57-PM,-36.976,-36.976,-32.259,-32.259,-32.259,-33.589,-33.589,-33.589,-36.976,,-32.259,-32.259,-32.259,,-33.589,
05-07-2026-Thu 14-01-58-PM,-37.042,-37.042,-32.292,-32.292,-32.292,-33.589,-33.589,-33.589,-37.042,,-32.292,-32.292,-32.292,,-33.589,
05-07-2026-Thu 14-02-00-PM,-37.042,-37.042,-32.292,-32.292,-32.292,-33.655,-33.655,-33.655,-37.042,,-32.292,-32.292,-32.292,,-33.655,
05-07-2026-Thu 14-02-01-PM,-37.042,-37.042,-32.292,-32.292,-32.292,-33.655,-33.655,-33.655,-37.042,,-32.292,-32.292,-32.292,,-33.655,
05-07-2026-Thu 14-02-02-PM,-37.076,-37.076,-32.292,-32.292,-32.292,-33.655,-33.655,-33.655,-37.076,,-32.292,-32.292,-32.292,,-33.655,
05-07-2026-Thu 14-02-04-PM,-37.076,-37.076,-32.292,-32.292,-32.292,-33.688,-33.688,-33.688,-37.076,,-32.292,-32.292,-32.292,,-33.688,
05-07-2026-Thu 14-02-05-PM,-37.109,-37.109,-32.326,-32.326,-32.326,-33.688,-33.688,-33.688,-37.109,,-32.326,-32.326,-32.326,,-33.688,
05-07-2026-Thu 14-02-06-PM,-37.109,-37.109,-32.359,-32.359,-32.359,-33.688,-33.688,-33.688,-37.109,,-32.359,-32.359,-32.359,,-33.688,
05-07-2026-Thu 14-02-08-PM,-37.109,-37.109,-32.392,-32.392,-32.392,-33.722,-33.722,-33.722,-37.109,,-32.392,-32.392,-32.392,,-33.722,
05-07-2026-Thu 14-02-09-PM,-37.175,-37.175,-32.392,-32.392,-32.392,-33.755,-33.755,-33.755,-37.175,,-32.392,-32.392,-32.392,,-33.755,
05-07-2026-Thu 14-02-11-PM,-37.208,-37.208,-32.392,-32.392,-32.392,-33.788,-33.788,-33.788,-37.208,,-32.392,-32.392,-32.392,,-33.788,
05-07-2026-Thu 14-02-12-PM,-37.175,-37.175,-32.392,-32.392,-32.392,-33.788,-33.788,-33.788,-37.175,,-32.392,-32.392,-32.392,,-33.788,
05-07-2026-Thu 14-02-13-PM,-37.208,-37.208,-32.425,-32.425,-32.425,-33.788,-33.788,-33.788,-37.208,,-32.425,-32.425,-32.425,,-33.788,
05-07-2026-Thu 14-02-15-PM,-37.208,-37.208,-32.459,-32.459,-32.459,-33.788,-33.788,-33.788,-37.208,,-32.459,-32.459,-32.459,,-33.788,
05-07-2026-Thu 14-02-16-PM,-37.242,-37.242,-32.459,-32.459,-32.459,-33.854,-33.854,-33.854,-37.242,,-32.459,-32.459,-32.459,,-33.854,
05-07-2026-Thu 14-02-18-PM,-37.242,-37.242,-32.492,-32.492,-32.492,-33.854,-33.854,-33.854,-37.242,,-32.492,-32.492,-32.492,,-33.854,
05-07-2026-Thu 14-02-19-PM,-37.242,-37.242,-32.492,-32.492,-32.492,-33.888,-33.888,-33.888,-37.242,,-32.492,-32.492,-32.492,,-33.888,
05-07-2026-Thu 14-02-20-PM,-37.308,-37.308,-32.492,-32.492,-32.492,-33.888,-33.888,-33.888,-37.308,,-32.492,-32.492,-32.492,,-33.888,
05-07-2026-Thu 14-02-22-PM,-37.308,-37.308,-32.492,-32.492,-32.492,-33.921,-33.921,-33.921,-37.308,,-32.492,-32.492,-32.492,,-33.921,
05-07-2026-Thu 14-02-23-PM,-37.308,-37.308,-32.558,-32.558,-32.558,-33.888,-33.888,-33.888,-37.308,,-32.558,-32.558,-32.558,,-33.888,
05-07-2026-Thu 14-02-25-PM,-37.341,-37.341,-32.558,-32.558,-32.558,-33.954,-33.954,-33.954,-37.341,,-32.558,-32.558,-32.558,,-33.954,
05-07-2026-Thu 14-02-26-PM,-37.341,-37.341,-32.558,-32.558,-32.558,-33.921,-33.921,-33.921,-37.341,,-32.558,-32.558,-32.558,,-33.921,
05-07-2026-Thu 14-02-27-PM,-37.407,-37.407,-32.558,-32.558,-32.558,-33.954,-33.954,-33.954,-37.407,,-32.558,-32.558,-32.558,,-33.954,
05-07-2026-Thu 14-02-29-PM,-37.374,-37.374,-32.592,-32.592,-32.592,-34.02,-34.02,-34.02,-37.374,,-32.592,-32.592,-32.592,,-34.02,
05-07-2026-Thu 14-02-30-PM,-37.407,-37.407,-32.625,-32.625,-32.625,-33.954,-33.954,-33.954,-37.407,,-32.625,-32.625,-32.625,,-33.954,
05-07-2026-Thu 14-02-32-PM,-37.441,-37.441,-32.625,-32.625,-32.625,-34.02,-34.02,-34.02,-37.441,,-32.625,-32.625,-32.625,,-34.02,
05-07-2026-Thu 14-02-33-PM,-37.474,-37.474,-32.658,-32.658,-32.658,-34.02,-34.02,-34.02,-37.474,,-32.658,-32.658,-32.658,,-34.02,
05-07-2026-Thu 14-02-34-PM,-37.441,-37.441,-32.658,-32.658,-32.658,-34.054,-34.054,-34.054,-37.441,,-32.658,-32.658,-32.658,,-34.054,
05-07-2026-Thu 14-02-36-PM,-37.474,-37.474,-32.691,-32.691,-32.691,-34.054,-34.054,-34.054,-37.474,,-32.691,-32.691,-32.691,,-34.054,
05-07-2026-Thu 14-02-37-PM,-37.474,-37.474,-32.691,-32.691,-32.691,-34.087,-34.087,-34.087,-37.474,,-32.691,-32.691,-32.691,,-34.087,
05-07-2026-Thu 14-02-39-PM,-37.507,-37.507,-32.724,-32.724,-32.724,-34.153,-34.153,-34.153,-37.507,,-32.724,-32.724,-32.724,,-34.153,
05-07-2026-Thu 14-02-40-PM,-37.507,-37.507,-32.724,-32.724,-32.724,-34.153,-34.153,-34.153,-37.507,,-32.724,-32.724,-32.724,,-34.153,
05-07-2026-Thu 14-02-41-PM,-37.54,-37.54,-32.724,-32.724,-32.724,-34.153,-34.153,-34.153,-37.54,,-32.724,-32.724,-32.724,,-34.153,
05-07-2026-Thu 14-02-43-PM,-37.573,-37.573,-32.758,-32.758,-32.758,-34.187,-34.187,-34.187,-37.573,,-32.758,-32.758,-32.758,,-34.187,
05-07-2026-Thu 14-02-44-PM,-37.54,-37.54,-32.758,-32.758,-32.758,-34.187,-34.187,-34.187,-37.54,,-32.758,-32.758,-32.758,,-34.187,
05-07-2026-Thu 14-02-46-PM,-37.573,-37.573,-32.791,-32.791,-32.791,-34.187,-34.187,-34.187,-37.573,,-32.791,-32.791,-32.791,,-34.187,
05-07-2026-Thu 14-02-47-PM,-37.607,-37.607,-32.791,-32.791,-32.791,-34.22,-34.22,-34.22,-37.607,,-32.791,-32.791,-32.791,,-34.22,
05-07-2026-Thu 14-02-48-PM,-37.64,-37.64,-32.824,-32.824,-32.824,-34.253,-34.253,-34.253,-37.64,,-32.824,-32.824,-32.824,,-34.253,
05-07-2026-Thu 14-02-50-PM,-37.64,-37.64,-32.824,-32.824,-32.824,-34.22,-34.22,-34.22,-37.64,,-32.824,-32.824,-32.824,,-34.22,
05-07-2026-Thu 14-02-51-PM,-37.64,-37.64,-32.858,-32.858,-32.858,-34.253,-34.253,-34.253,-37.64,,-32.858,-32.858,-32.858,,-34.253,
05-07-2026-Thu 14-02-53-PM,-37.706,-37.706,-32.891,-32.891,-32.891,-34.32,-34.32,-34.32,-37.706,,-32.891,-32.891,-32.891,,-34.32,
05-07-2026-Thu 14-02-54-PM,-37.673,-37.673,-32.858,-32.858,-32.858,-34.353,-34.353,-34.353,-37.673,,-32.858,-32.858,-32.858,,-34.353,
05-07-2026-Thu 14-02-56-PM,-37.673,-37.673,-32.891,-32.891,-32.891,-34.32,-34.32,-34.32,-37.673,,-32.891,-32.891,-32.891,,-34.32,
05-07-2026-Thu 14-02-57-PM,-37.706,-37.706,-32.891,-32.891,-32.891,-34.353,-34.353,-34.353,-37.706,,-32.891,-32.891,-32.891,,-34.353,
05-07-2026-Thu 14-02-58-PM,-37.739,-37.739,-32.957,-32.957,-32.957,-34.32,-34.32,-34.32,-37.739,,-32.957,-32.957,-32.957,,-34.32,
05-07-2026-Thu 14-03-00-PM,-37.739,-37.739,-32.924,-32.924,-32.924,-34.353,-34.353,-34.353,-37.739,,-32.924,-32.924,-32.924,,-34.353,
05-07-2026-Thu 14-03-01-PM,-37.739,-37.739,-32.99,-32.99,-32.99,-34.419,-34.419,-34.419,-37.739,,-32.99,-32.99,-32.99,,-34.419,
05-07-2026-Thu 14-03-03-PM,-37.806,-37.806,-32.957,-32.957,-32.957,-34.386,-34.386,-34.386,-37.806,,-32.957,-32.957,-32.957,,-34.386,
05-07-2026-Thu 14-03-04-PM,-37.806,-37.806,-32.99,-32.99,-32.99,-34.486,-34.486,-34.486,-37.806,,-32.99,-32.99,-32.99,,-34.486,
05-07-2026-Thu 14-03-05-PM,-37.839,-37.839,-33.024,-33.024,-33.024,-34.486,-34.486,-34.486,-37.839,,-33.024,-33.024,-33.024,,-34.486,
05-07-2026-Thu 14-03-07-PM,-37.839,-37.839,-33.057,-33.057,-33.057,-34.519,-34.519,-34.519,-37.839,,-33.057,-33.057,-33.057,,-34.519,
05-07-2026-Thu 14-03-08-PM,-37.905,-37.905,-33.09,-33.09,-33.09,-34.519,-34.519,-34.519,-37.905,,-33.09,-33.09,-33.09,,-34.519,
05-07-2026-Thu 14-03-10-PM,-37.905,-37.905,-33.123,-33.123,-33.123,-34.585,-34.585,-34.585,-37.905,,-33.123,-33.123,-33.123,,-34.585,
05-07-2026-Thu 14-03-11-PM,-37.938,-37.938,-33.123,-33.123,-33.123,-34.585,-34.585,-34.585,-37.938,,-33.123,-33.123,-33.123,,-34.585,
05-07-2026-Thu 14-03-13-PM,-37.938,-37.938,-33.157,-33.157,-33.157,-34.585,-34.585,-34.585,-37.938,,-33.157,-33.157,-33.157,,-34.585,
05-07-2026-Thu 14-03-14-PM,-38.005,-38.005,-33.19,-33.19,-33.19,-34.718,-34.718,-34.718,-38.005,,-33.19,-33.19,-33.19,,-34.718,
05-07-2026-Thu 14-03-15-PM,-38.005,-38.005,-33.223,-33.223,-33.223,-34.718,-34.718,-34.718,-38.005,,-33.223,-33.223,-33.223,,-34.718,
05-07-2026-Thu 14-03-17-PM,-38.071,-38.071,-33.256,-33.256,-33.256,-34.751,-34.751,-34.751,-38.071,,-33.256,-33.256,-33.256,,-34.751,
05-07-2026-Thu 14-03-18-PM,-38.071,-38.071,-33.323,-33.323,-33.323,-34.785,-34.785,-34.785,-38.071,,-33.323,-33.323,-33.323,,-34.785,
05-07-2026-Thu 14-03-20-PM,-38.104,-38.104,-33.356,-33.356,-33.356,-34.718,-34.718,-34.718,-38.104,,-33.356,-33.356,-33.356,,-34.718,
05-07-2026-Thu 14-03-21-PM,-38.171,-38.171,-33.356,-33.356,-33.356,-34.851,-34.851,-34.851,-38.171,,-33.356,-33.356,-33.356,,-34.851,
05-07-2026-Thu 14-03-22-PM,-38.204,-38.204,-33.389,-33.389,-33.389,-34.818,-34.818,-34.818,-38.204,,-33.389,-33.389,-33.389,,-34.818,
05-07-2026-Thu 14-03-24-PM,-38.204,-38.204,-33.422,-33.422,-33.422,-34.884,-34.884,-34.884,-38.204,,-33.422,-33.422,-33.422,,-34.884,
05-07-2026-Thu 14-03-25-PM,-38.237,-38.237,-33.422,-33.422,-33.422,-34.917,-34.917,-34.917,-38.237,,-33.422,-33.422,-33.422,,-34.917,
05-07-2026-Thu 14-03-27-PM,-38.27,-38.27,-33.456,-33.456,-33.456,-34.951,-34.951,-34.951,-38.27,,-33.456,-33.456,-33.456,,-34.951,
05-07-2026-Thu 14-03-28-PM,-38.303,-38.303,-33.522,-33.522,-33.522,-34.984,-34.984,-34.984,-38.303,,-33.522,-33.522,-33.522,,-34.984,
05-07-2026-Thu 14-03-31-PM,-38.303,-38.303,-33.522,-33.522,-33.522,-34.984,-34.984,-34.984,-38.303,,-33.522,-33.522,-33.522,,-34.984,
05-07-2026-Thu 14-03-33-PM,-38.37,-38.37,-33.555,-33.555,-33.555,-35.017,-35.017,-35.017,-38.37,,-33.555,-33.555,-33.555,,-35.017,
05-07-2026-Thu 14-03-36-PM,-38.436,-38.436,-33.622,-33.622,-33.622,-35.117,-35.117,-35.117,-38.436,,-33.622,-33.622,-33.622,,-35.117,
05-07-2026-Thu 14-03-38-PM,-38.469,-38.469,-33.688,-33.688,-33.688,-35.15,-35.15,-35.15,-38.469,,-33.688,-33.688,-33.688,,-35.15,
05-07-2026-Thu 14-03-39-PM,-38.502,-38.502,-33.722,-33.722,-33.722,-35.216,-35.216,-35.216,-38.502,,-33.722,-33.722,-33.722,,-35.216,
05-07-2026-Thu 14-03-41-PM,-38.536,-38.536,-33.755,-33.755,-33.755,-35.25,-35.25,-35.25,-38.536,,-33.755,-33.755,-33.755,,-35.25,
05-07-2026-Thu 14-03-42-PM,-38.569,-38.569,-33.788,-33.788,-33.788,-35.216,-35.216,-35.216,-38.569,,-33.788,-33.788,-33.788,,-35.216,
05-07-2026-Thu 14-03-44-PM,-38.602,-38.602,-33.788,-33.788,-33.788,-35.25,-35.25,-35.25,-38.602,,-33.788,-33.788,-33.788,,-35.25,
05-07-2026-Thu 14-03-45-PM,-38.635,-38.635,-33.821,-33.821,-33.821,-35.316,-35.316,-35.316,-38.635,,-33.821,-33.821,-33.821,,-35.316,
05-07-2026-Thu 14-03-46-PM,-38.668,-38.668,-33.854,-33.854,-33.854,-35.349,-35.349,-35.349,-38.668,,-33.854,-33.854,-33.854,,-35.349,
05-07-2026-Thu 14-03-48-PM,-38.702,-38.702,-33.854,-33.854,-33.854,-35.349,-35.349,-35.349,-38.702,,-33.854,-33.854,-33.854,,-35.349,
05-07-2026-Thu 14-03-49-PM,-38.702,-38.702,-33.921,-33.921,-33.921,-35.416,-35.416,-35.416,-38.702,,-33.921,-33.921,-33.921,,-35.416,
05-07-2026-Thu 14-03-51-PM,-38.735,-38.735,-33.921,-33.921,-33.921,-35.416,-35.416,-35.416,-38.735,,-33.921,-33.921,-33.921,,-35.416,
05-07-2026-Thu 14-03-52-PM,-38.768,-38.768,-33.921,-33.921,-33.921,-35.449,-35.449,-35.449,-38.768,,-33.921,-33.921,-33.921,,-35.449,
05-07-2026-Thu 14-03-53-PM,-38.768,-38.768,-33.987,-33.987,-33.987,-35.548,-35.548,-35.548,-38.768,,-33.987,-33.987,-33.987,,-35.548,
05-07-2026-Thu 14-03-55-PM,-38.834,-38.834,-33.987,-33.987,-33.987,-35.515,-35.515,-35.515,-38.834,,-33.987,-33.987,-33.987,,-35.515,
05-07-2026-Thu 14-03-56-PM,-38.834,-38.834,-34.054,-34.054,-34.054,-35.548,-35.548,-35.548,-38.834,,-34.054,-34.054,-34.054,,-35.548,
05-07-2026-Thu 14-03-58-PM,-38.867,-38.867,-34.054,-34.054,-34.054,-35.582,-35.582,-35.582,-38.867,,-34.054,-34.054,-34.054,,-35.582,
05-07-2026-Thu 14-03-59-PM,-38.867,-38.867,-34.087,-34.087,-34.087,-35.615,-35.615,-35.615,-38.867,,-34.087,-34.087,-34.087,,-35.615,
05-07-2026-Thu 14-04-00-PM,-38.934,-38.934,-34.087,-34.087,-34.087,-35.615,-35.615,-35.615,-38.934,,-34.087,-34.087,-34.087,,-35.615,
05-07-2026-Thu 14-04-02-PM,-38.934,-38.934,-34.153,-34.153,-34.153,-35.648,-35.648,-35.648,-38.934,,-34.153,-34.153,-34.153,,-35.648,
05-07-2026-Thu 14-04-03-PM,-38.967,-38.967,-34.187,-34.187,-34.187,-35.681,-35.681,-35.681,-38.967,,-34.187,-34.187,-34.187,,-35.681,
05-07-2026-Thu 14-04-05-PM,-39.0,-39.0,-34.187,-34.187,-34.187,-35.714,-35.714,-35.714,-39.0,,-34.187,-34.187,-34.187,,-35.714,
05-07-2026-Thu 14-04-06-PM,-39.033,-39.033,-34.22,-34.22,-34.22,-35.748,-35.748,-35.748,-39.033,,-34.22,-34.22,-34.22,,-35.748,
05-07-2026-Thu 14-04-07-PM,-39.066,-39.066,-34.22,-34.22,-34.22,-35.748,-35.748,-35.748,-39.066,,-34.22,-34.22,-34.22,,-35.748,
05-07-2026-Thu 14-04-09-PM,-39.1,-39.1,-34.286,-34.286,-34.286,-35.781,-35.781,-35.781,-39.1,,-34.286,-34.286,-34.286,,-35.781,
05-07-2026-Thu 14-04-10-PM,-39.1,-39.1,-34.286,-34.286,-34.286,-35.781,-35.781,-35.781,-39.1,,-34.286,-34.286,-34.286,,-35.781,
05-07-2026-Thu 14-04-12-PM,-39.133,-39.133,-34.286,-34.286,-34.286,-35.814,-35.814,-35.814,-39.133,,-34.286,-34.286,-34.286,,-35.814,
05-07-2026-Thu 14-04-13-PM,-39.133,-39.133,-34.32,-34.32,-34.32,-35.88,-35.88,-35.88,-39.133,,-34.32,-34.32,-34.32,,-35.88,
05-07-2026-Thu 14-04-14-PM,-39.199,-39.199,-34.386,-34.386,-34.386,-35.914,-35.914,-35.914,-39.199,,-34.386,-34.386,-34.386,,-35.914,
05-07-2026-Thu 14-04-16-PM,-39.199,-39.199,-34.386,-34.386,-34.386,-35.947,-35.947,-35.947,-39.199,,-34.386,-34.386,-34.386,,-35.947,
05-07-2026-Thu 14-04-18-PM,-39.232,-39.232,-34.419,-34.419,-34.419,-35.914,-35.914,-35.914,-39.232,,-34.419,-34.419,-34.419,,-35.914,
05-07-2026-Thu 14-04-19-PM,-39.265,-39.265,-34.452,-34.452,-34.452,-36.013,-36.013,-36.013,-39.265,,-34.452,-34.452,-34.452,,-36.013,
05-07-2026-Thu 14-04-20-PM,-39.265,-39.265,-34.452,-34.452,-34.452,-36.013,-36.013,-36.013,-39.265,,-34.452,-34.452,-34.452,,-36.013,
05-07-2026-Thu 14-04-22-PM,-39.299,-39.299,-34.486,-34.486,-34.486,-36.08,-36.08,-36.08,-39.299,,-34.486,-34.486,-34.486,,-36.08,
05-07-2026-Thu 14-04-23-PM,-39.299,-39.299,-34.486,-34.486,-34.486,-36.046,-36.046,-36.046,-39.299,,-34.486,-34.486,-34.486,,-36.046,
05-07-2026-Thu 14-04-25-PM,-39.332,-39.332,-34.519,-34.519,-34.519,-36.113,-36.113,-36.113,-39.332,,-34.519,-34.519,-34.519,,-36.113,
05-07-2026-Thu 14-04-26-PM,-39.365,-39.365,-34.552,-34.552,-34.552,-36.08,-36.08,-36.08,-39.365,,-34.552,-34.552,-34.552,,-36.08,
05-07-2026-Thu 14-04-27-PM,-39.398,-39.398,-34.585,-34.585,-34.585,-36.179,-36.179,-36.179,-39.398,,-34.585,-34.585,-34.585,,-36.179,
05-07-2026-Thu 14-04-29-PM,-39.431,-39.431,-34.585,-34.585,-34.585,-36.179,-36.179,-36.179,-39.431,,-34.585,-34.585,-34.585,,-36.179,
05-07-2026-Thu 14-04-30-PM,-39.464,-39.464,-34.618,-34.618,-34.618,-36.212,-36.212,-36.212,-39.464,,-34.618,-34.618,-34.618,,-36.212,
05-07-2026-Thu 14-04-31-PM,-39.464,-39.464,-34.652,-34.652,-34.652,-36.212,-36.212,-36.212,-39.464,,-34.652,-34.652,-34.652,,-36.212,
05-07-2026-Thu 14-04-33-PM,-39.498,-39.498,-34.685,-34.685,-34.685,-36.246,-36.246,-36.246,-39.498,,-34.685,-34.685,-34.685,,-36.246,
05-07-2026-Thu 14-04-34-PM,-39.531,-39.531,-34.685,-34.685,-34.685,-36.279,-36.279,-36.279,-39.531,,-34.685,-34.685,-34.685,,-36.279,
05-07-2026-Thu 14-04-36-PM,-39.531,-39.531,-34.718,-34.718,-34.718,-36.279,-36.279,-36.279,-39.531,,-34.718,-34.718,-34.718,,-36.279,
05-07-2026-Thu 14-04-37-PM,-39.564,-39.564,-34.751,-34.751,-34.751,-36.312,-36.312,-36.312,-39.564,,-34.751,-34.751,-34.751,,-36.312,
05-07-2026-Thu 14-04-38-PM,-39.564,-39.564,-34.751,-34.751,-34.751,-36.345,-36.345,-36.345,-39.564,,-34.751,-34.751,-34.751,,-36.345,
05-07-2026-Thu 14-04-40-PM,-39.597,-39.597,-34.818,-34.818,-34.818,-36.378,-36.378,-36.378,-39.597,,-34.818,-34.818,-34.818,,-36.378,
05-07-2026-Thu 14-04-41-PM,-39.63,-39.63,-34.818,-34.818,-34.818,-36.445,-36.445,-36.445,-39.63,,-34.818,-34.818,-34.818,,-36.445,
05-07-2026-Thu 14-04-43-PM,-39.663,-39.663,-34.851,-34.851,-34.851,-36.412,-36.412,-36.412,-39.663,,-34.851,-34.851,-34.851,,-36.412,
05-07-2026-Thu 14-04-44-PM,-39.663,-39.663,-34.851,-34.851,-34.851,-36.412,-36.412,-36.412,-39.663,,-34.851,-34.851,-34.851,,-36.412,
05-07-2026-Thu 14-04-45-PM,-39.696,-39.696,-34.884,-34.884,-34.884,-36.511,-36.511,-36.511,-39.696,,-34.884,-34.884,-34.884,,-36.511,
05-07-2026-Thu 14-04-47-PM,-39.73,-39.73,-34.917,-34.917,-34.917,-36.578,-36.578,-36.578,-39.73,,-34.917,-34.917,-34.917,,-36.578,
05-07-2026-Thu 14-04-48-PM,-39.73,-39.73,-34.917,-34.917,-34.917,-36.511,-36.511,-36.511,-39.73,,-34.917,-34.917,-34.917,,-36.511,
05-07-2026-Thu 14-04-49-PM,-39.763,-39.763,-34.951,-34.951,-34.951,-36.511,-36.511,-36.511,-39.763,,-34.951,-34.951,-34.951,,-36.511,
05-07-2026-Thu 14-04-51-PM,-39.763,-39.763,-34.951,-34.951,-34.951,-36.511,-36.511,-36.511,-39.763,,-34.951,-34.951,-34.951,,-36.511,
05-07-2026-Thu 14-04-52-PM,-39.796,-39.796,-34.984,-34.984,-34.984,-36.511,-36.511,-36.511,-39.796,,-34.984,-34.984,-34.984,,-36.511,
05-07-2026-Thu 14-04-53-PM,-39.829,-39.829,-34.984,-34.984,-34.984,-36.611,-36.611,-36.611,-39.829,,-34.984,-34.984,-34.984,,-36.611,
05-07-2026-Thu 14-04-55-PM,-39.829,-39.829,-35.017,-35.017,-35.017,-36.611,-36.611,-36.611,-39.829,,-35.017,-35.017,-35.017,,-36.611,
05-07-2026-Thu 14-04-56-PM,-39.862,-39.862,-35.05,-35.05,-35.05,-36.677,-36.677,-36.677,-39.862,,-35.05,-35.05,-35.05,,-36.677,
05-07-2026-Thu 14-04-58-PM,-39.895,-39.895,-35.083,-35.083,-35.083,-36.71,-36.71,-36.71,-39.895,,-35.083,-35.083,-35.083,,-36.71,
05-07-2026-Thu 14-04-59-PM,-39.929,-39.929,-35.117,-35.117,-35.117,-36.71,-36.71,-36.71,-39.929,,-35.117,-35.117,-35.117,,-36.71,
05-07-2026-Thu 14-05-00-PM,-39.929,-39.929,-35.117,-35.117,-35.117,-36.744,-36.744,-36.744,-39.929,,-35.117,-35.117,-35.117,,-36.744,
05-07-2026-Thu 14-05-02-PM,-39.995,-39.995,-35.117,-35.117,-35.117,-36.744,-36.744,-36.744,-39.995,,-35.117,-35.117,-35.117,,-36.744,
05-07-2026-Thu 14-05-03-PM,-39.962,-39.962,-35.15,-35.15,-35.15,-36.744,-36.744,-36.744,-39.962,,-35.15,-35.15,-35.15,,-36.744,
05-07-2026-Thu 14-05-04-PM,-39.995,-39.995,-35.15,-35.15,-35.15,-36.81,-36.81,-36.81,-39.995,,-35.15,-35.15,-35.15,,-36.81,
05-07-2026-Thu 14-05-06-PM,-40.028,-40.028,-35.216,-35.216,-35.216,-36.777,-36.777,-36.777,-40.028,,-35.216,-35.216,-35.216,,-36.777,
05-07-2026-Thu 14-05-08-PM,-40.061,-40.061,-35.216,-35.216,-35.216,-36.843,-36.843,-36.843,-40.061,,-35.216,-35.216,-35.216,,-36.843,
05-07-2026-Thu 14-05-09-PM,-40.094,-40.094,-35.25,-35.25,-35.25,-36.876,-36.876,-36.876,-40.094,,-35.25,-35.25,-35.25,,-36.876,
05-07-2026-Thu 14-05-10-PM,-40.094,-40.094,-35.283,-35.283,-35.283,-36.843,-36.843,-36.843,-40.094,,-35.283,-35.283,-35.283,,-36.843,
05-07-2026-Thu 14-05-12-PM,-40.128,-40.128,-35.283,-35.283,-35.283,-36.943,-36.943,-36.943,-40.128,,-35.283,-35.283,-35.283,,-36.943,
05-07-2026-Thu 14-05-13-PM,-40.128,-40.128,-35.316,-35.316,-35.316,-36.91,-36.91,-36.91,-40.128,,-35.316,-35.316,-35.316,,-36.91,
05-07-2026-Thu 14-05-15-PM,-40.161,-40.161,-35.349,-35.349,-35.349,-36.943,-36.943,-36.943,-40.161,,-35.349,-35.349,-35.349,,-36.943,
05-07-2026-Thu 14-05-16-PM,-40.194,-40.194,-35.382,-35.382,-35.382,-36.976,-36.976,-36.976,-40.194,,-35.382,-35.382,-35.382,,-36.976,
05-07-2026-Thu 14-05-18-PM,-40.194,-40.194,-35.382,-35.382,-35.382,-37.042,-37.042,-37.042,-40.194,,-35.382,-35.382,-35.382,,-37.042,
05-07-2026-Thu 14-05-19-PM,-40.227,-40.227,-35.382,-35.382,-35.382,-37.042,-37.042,-37.042,-40.227,,-35.382,-35.382,-35.382,,-37.042,
05-07-2026-Thu 14-05-20-PM,-40.26,-40.26,-35.449,-35.449,-35.449,-37.042,-37.042,-37.042,-40.26,,-35.449,-35.449,-35.449,,-37.042,
05-07-2026-Thu 14-05-22-PM,-40.26,-40.26,-35.449,-35.449,-35.449,-37.076,-37.076,-37.076,-40.26,,-35.449,-35.449,-35.449,,-37.076,
05-07-2026-Thu 14-05-25-PM,-40.293,-40.293,-35.482,-35.482,-35.482,-37.175,-37.175,-37.175,-40.293,,-35.482,-35.482,-35.482,,-37.175,
05-07-2026-Thu 14-05-27-PM,-40.326,-40.326,-35.515,-35.515,-35.515,-37.175,-37.175,-37.175,-40.326,,-35.515,-35.515,-35.515,,-37.175,
05-07-2026-Thu 14-05-30-PM,-40.426,-40.426,-35.548,-35.548,-35.548,-37.175,-37.175,-37.175,-40.426,,-35.548,-35.548,-35.548,,-37.175,
05-07-2026-Thu 14-05-32-PM,-40.459,-40.459,-35.582,-35.582,-35.582,-37.275,-37.275,-37.275,-40.459,,-35.582,-35.582,-35.582,,-37.275,
05-07-2026-Thu 14-05-33-PM,-40.459,-40.459,-35.615,-35.615,-35.615,-37.275,-37.275,-37.275,-40.459,,-35.615,-35.615,-35.615,,-37.275,
05-07-2026-Thu 14-05-34-PM,-40.492,-40.492,-35.615,-35.615,-35.615,-37.275,-37.275,-37.275,-40.492,,-35.615,-35.615,-35.615,,-37.275,
05-07-2026-Thu 14-05-36-PM,-40.525,-40.525,-35.648,-35.648,-35.648,-37.341,-37.341,-37.341,-40.525,,-35.648,-35.648,-35.648,,-37.341,
05-07-2026-Thu 14-05-37-PM,-40.492,-40.492,-35.681,-35.681,-35.681,-37.341,-37.341,-37.341,-40.492,,-35.681,-35.681,-35.681,,-37.341,
05-07-2026-Thu 14-05-38-PM,-40.525,-40.525,-35.681,-35.681,-35.681,-37.407,-37.407,-37.407,-40.525,,-35.681,-35.681,-35.681,,-37.407,
05-07-2026-Thu 14-05-40-PM,-40.558,-40.558,-35.714,-35.714,-35.714,-37.308,-37.308,-37.308,-40.558,,-35.714,-35.714,-35.714,,-37.308,
05-07-2026-Thu 14-05-41-PM,-40.592,-40.592,-35.714,-35.714,-35.714,-37.407,-37.407,-37.407,-40.592,,-35.714,-35.714,-35.714,,-37.407,
05-07-2026-Thu 14-05-42-PM,-40.592,-40.592,-35.714,-35.714,-35.714,-37.374,-37.374,-37.374,-40.592,,-35.714,-35.714,-35.714,,-37.374,
05-07-2026-Thu 14-05-44-PM,-40.625,-40.625,-35.748,-35.748,-35.748,-37.407,-37.407,-37.407,-40.625,,-35.748,-35.748,-35.748,,-37.407,
05-07-2026-Thu 14-05-46-PM,-40.658,-40.658,-35.781,-35.781,-35.781,-37.474,-37.474,-37.474,-40.658,,-35.781,-35.781,-35.781,,-37.474,
05-07-2026-Thu 14-05-47-PM,-40.658,-40.658,-35.814,-35.814,-35.814,-37.474,-37.474,-37.474,-40.658,,-35.814,-35.814,-35.814,,-37.474,
05-07-2026-Thu 14-05-48-PM,-40.724,-40.724,-35.847,-35.847,-35.847,-37.507,-37.507,-37.507,-40.724,,-35.847,-35.847,-35.847,,-37.507,
05-07-2026-Thu 14-05-50-PM,-40.724,-40.724,-35.847,-35.847,-35.847,-37.507,-37.507,-37.507,-40.724,,-35.847,-35.847,-35.847,,-37.507,
05-07-2026-Thu 14-05-51-PM,-40.724,-40.724,-35.88,-35.88,-35.88,-37.54,-37.54,-37.54,-40.724,,-35.88,-35.88,-35.88,,-37.54,
05-07-2026-Thu 14-05-53-PM,-40.758,-40.758,-35.88,-35.88,-35.88,-37.573,-37.573,-37.573,-40.758,,-35.88,-35.88,-35.88,,-37.573,
05-07-2026-Thu 14-05-54-PM,-40.758,-40.758,-35.947,-35.947,-35.947,-37.573,-37.573,-37.573,-40.758,,-35.947,-35.947,-35.947,,-37.573,
05-07-2026-Thu 14-05-55-PM,-40.791,-40.791,-35.947,-35.947,-35.947,-37.607,-37.607,-37.607,-40.791,,-35.947,-35.947,-35.947,,-37.607,
05-07-2026-Thu 14-05-57-PM,-40.791,-40.791,-35.914,-35.914,-35.914,-37.607,-37.607,-37.607,-40.791,,-35.914,-35.914,-35.914,,-37.607,
05-07-2026-Thu 14-05-58-PM,-40.857,-40.857,-35.947,-35.947,-35.947,-37.64,-37.64,-37.64,-40.857,,-35.947,-35.947,-35.947,,-37.64,
05-07-2026-Thu 14-06-00-PM,-40.857,-40.857,-35.98,-35.98,-35.98,-37.673,-37.673,-37.673,-40.857,,-35.98,-35.98,-35.98,,-37.673,
05-07-2026-Thu 14-06-01-PM,-40.89,-40.89,-36.013,-36.013,-36.013,-37.673,-37.673,-37.673,-40.89,,-36.013,-36.013,-36.013,,-37.673,
05-07-2026-Thu 14-06-02-PM,-40.923,-40.923,-36.013,-36.013,-36.013,-37.706,-37.706,-37.706,-40.923,,-36.013,-36.013,-36.013,,-37.706,
05-07-2026-Thu 14-06-04-PM,-40.923,-40.923,-36.08,-36.08,-36.08,-37.806,-37.806,-37.806,-40.923,,-36.08,-36.08,-36.08,,-37.806,
05-07-2026-Thu 14-06-05-PM,-40.923,-40.923,-36.08,-36.08,-36.08,-37.739,-37.739,-37.739,-40.923,,-36.08,-36.08,-36.08,,-37.739,
05-07-2026-Thu 14-06-07-PM,-40.956,-40.956,-36.113,-36.113,-36.113,-37.772,-37.772,-37.772,-40.956,,-36.113,-36.113,-36.113,,-37.772,
05-07-2026-Thu 14-06-08-PM,-40.99,-40.99,-36.113,-36.113,-36.113,-37.806,-37.806,-37.806,-40.99,,-36.113,-36.113,-36.113,,-37.806,
05-07-2026-Thu 14-06-09-PM,-40.99,-40.99,-36.113,-36.113,-36.113,-37.839,-37.839,-37.839,-40.99,,-36.113,-36.113,-36.113,,-37.839,
05-07-2026-Thu 14-06-11-PM,-41.023,-41.023,-36.179,-36.179,-36.179,-37.839,-37.839,-37.839,-41.023,,-36.179,-36.179,-36.179,,-37.839,
05-07-2026-Thu 14-06-12-PM,-41.056,-41.056,-36.179,-36.179,-36.179,-37.872,-37.872,-37.872,-41.056,,-36.179,-36.179,-36.179,,-37.872,
05-07-2026-Thu 14-06-14-PM,-41.056,-41.056,-36.179,-36.179,-36.179,-37.872,-37.872,-37.872,-41.056,,-36.179,-36.179,-36.179,,-37.872,
05-07-2026-Thu 14-06-15-PM,-41.056,-41.056,-36.212,-36.212,-36.212,-37.905,-37.905,-37.905,-41.056,,-36.212,-36.212,-36.212,,-37.905,
05-07-2026-Thu 14-06-16-PM,-41.089,-41.089,-36.212,-36.212,-36.212,-37.839,-37.839,-37.839,-41.089,,-36.212,-36.212,-36.212,,-37.839,
05-07-2026-Thu 14-06-18-PM,-41.122,-41.122,-36.246,-36.246,-36.246,-37.972,-37.972,-37.972,-41.122,,-36.246,-36.246,-36.246,,-37.972,
05-07-2026-Thu 14-06-19-PM,-41.122,-41.122,-36.279,-36.279,-36.279,-38.005,-38.005,-38.005,-41.122,,-36.279,-36.279,-36.279,,-38.005,
05-07-2026-Thu 14-06-21-PM,-41.155,-41.155,-36.312,-36.312,-36.312,-37.938,-37.938,-37.938,-41.155,,-36.312,-36.312,-36.312,,-37.938,
05-07-2026-Thu 14-06-22-PM,-41.155,-41.155,-36.312,-36.312,-36.312,-37.972,-37.972,-37.972,-41.155,,-36.312,-36.312,-36.312,,-37.972,
05-07-2026-Thu 14-06-23-PM,-41.221,-41.221,-36.312,-36.312,-36.312,-38.038,-38.038,-38.038,-41.221,,-36.312,-36.312,-36.312,,-38.038,
05-07-2026-Thu 14-06-25-PM,-41.221,-41.221,-36.312,-36.312,-36.312,-37.972,-37.972,-37.972,-41.221,,-36.312,-36.312,-36.312,,-37.972,
05-07-2026-Thu 14-06-26-PM,-41.221,-41.221,-36.345,-36.345,-36.345,-38.038,-38.038,-38.038,-41.221,,-36.345,-36.345,-36.345,,-38.038,
05-07-2026-Thu 14-06-29-PM,-41.255,-41.255,-36.378,-36.378,-36.378,-38.104,-38.104,-38.104,-41.255,,-36.378,-36.378,-36.378,,-38.104,
05-07-2026-Thu 14-06-31-PM,-41.321,-41.321,-36.412,-36.412,-36.412,-38.104,-38.104,-38.104,-41.321,,-36.412,-36.412,-36.412,,-38.104,
05-07-2026-Thu 14-06-32-PM,-41.321,-41.321,-36.445,-36.445,-36.445,-38.204,-38.204,-38.204,-41.321,,-36.445,-36.445,-36.445,,-38.204,
05-07-2026-Thu 14-06-34-PM,-41.321,-41.321,-36.445,-36.445,-36.445,-38.138,-38.138,-38.138,-41.321,,-36.445,-36.445,-36.445,,-38.138,
05-07-2026-Thu 14-06-37-PM,-41.387,-41.387,-36.478,-36.478,-36.478,-38.171,-38.171,-38.171,-41.387,,-36.478,-36.478,-36.478,,-38.171,
05-07-2026-Thu 14-06-38-PM,-41.387,-41.387,-36.511,-36.511,-36.511,-38.237,-38.237,-38.237,-41.387,,-36.511,-36.511,-36.511,,-38.237,
05-07-2026-Thu 14-06-39-PM,-41.42,-41.42,-36.544,-36.544,-36.544,-38.27,-38.27,-38.27,-41.42,,-36.544,-36.544,-36.544,,-38.27,
05-07-2026-Thu 14-06-41-PM,-41.42,-41.42,-36.544,-36.544,-36.544,-38.303,-38.303,-38.303,-41.42,,-36.544,-36.544,-36.544,,-38.303,
05-07-2026-Thu 14-06-42-PM,-41.454,-41.454,-36.578,-36.578,-36.578,-38.337,-38.337,-38.337,-41.454,,-36.578,-36.578,-36.578,,-38.337,
05-07-2026-Thu 14-06-44-PM,-41.454,-41.454,-36.611,-36.611,-36.611,-38.337,-38.337,-38.337,-41.454,,-36.611,-36.611,-36.611,,-38.337,
05-07-2026-Thu 14-06-45-PM,-41.487,-41.487,-36.611,-36.611,-36.611,-38.337,-38.337,-38.337,-41.487,,-36.611,-36.611,-36.611,,-38.337,
05-07-2026-Thu 14-06-46-PM,-41.553,-41.553,-36.611,-36.611,-36.611,-38.337,-38.337,-38.337,-41.553,,-36.611,-36.611,-36.611,,-38.337,
05-07-2026-Thu 14-06-48-PM,-41.52,-41.52,-36.677,-36.677,-36.677,-38.37,-38.37,-38.37,-41.52,,-36.677,-36.677,-36.677,,-38.37,
05-07-2026-Thu 14-06-49-PM,-41.586,-41.586,-36.644,-36.644,-36.644,-38.403,-38.403,-38.403,-41.586,,-36.644,-36.644,-36.644,,-38.403,
05-07-2026-Thu 14-06-51-PM,-41.586,-41.586,-36.677,-36.677,-36.677,-38.403,-38.403,-38.403,-41.586,,-36.677,-36.677,-36.677,,-38.403,
05-07-2026-Thu 14-06-52-PM,-41.619,-41.619,-36.71,-36.71,-36.71,-38.436,-38.436,-38.436,-41.619,,-36.71,-36.71,-36.71,,-38.436,
05-07-2026-Thu 14-06-53-PM,-41.619,-41.619,-36.71,-36.71,-36.71,-38.502,-38.502,-38.502,-41.619,,-36.71,-36.71,-36.71,,-38.502,
05-07-2026-Thu 14-06-55-PM,-41.619,-41.619,-36.744,-36.744,-36.744,-38.436,-38.436,-38.436,-41.619,,-36.744,-36.744,-36.744,,-38.436,
05-07-2026-Thu 14-06-56-PM,-41.619,-41.619,-36.744,-36.744,-36.744,-38.469,-38.469,-38.469,-41.619,,-36.744,-36.744,-36.744,,-38.469,
05-07-2026-Thu 14-06-59-PM,-41.652,-41.652,-36.777,-36.777,-36.777,-38.502,-38.502,-38.502,-41.652,,-36.777,-36.777,-36.777,,-38.502,
05-07-2026-Thu 14-07-00-PM,-41.719,-41.719,-36.843,-36.843,-36.843,-38.469,-38.469,-38.469,-41.719,,-36.843,-36.843,-36.843,,-38.469,
05-07-2026-Thu 14-07-02-PM,-41.752,-41.752,-36.81,-36.81,-36.81,-38.469,-38.469,-38.469,-41.752,,-36.81,-36.81,-36.81,,-38.469,
05-07-2026-Thu 14-07-03-PM,-41.752,-41.752,-36.843,-36.843,-36.843,-38.569,-38.569,-38.569,-41.752,,-36.843,-36.843,-36.843,,-38.569,
05-07-2026-Thu 14-07-05-PM,-41.785,-41.785,-36.876,-36.876,-36.876,-38.602,-38.602,-38.602,-41.785,,-36.876,-36.876,-36.876,,-38.602,
05-07-2026-Thu 14-07-06-PM,-41.785,-41.785,-36.876,-36.876,-36.876,-38.702,-38.702,-38.702,-41.785,,-36.876,-36.876,-36.876,,-38.702,
05-07-2026-Thu 14-07-08-PM,-41.818,-41.818,-36.91,-36.91,-36.91,-38.635,-38.635,-38.635,-41.818,,-36.91,-36.91,-36.91,,-38.635,
05-07-2026-Thu 14-07-09-PM,-41.851,-41.851,-36.943,-36.943,-36.943,-38.668,-38.668,-38.668,-41.851,,-36.943,-36.943,-36.943,,-38.668,
05-07-2026-Thu 14-07-10-PM,-41.851,-41.851,-36.943,-36.943,-36.943,-38.635,-38.635,-38.635,-41.851,,-36.943,-36.943,-36.943,,-38.635,
05-07-2026-Thu 14-07-12-PM,-41.851,-41.851,-36.943,-36.943,-36.943,-38.735,-38.735,-38.735,-41.851,,-36.943,-36.943,-36.943,,-38.735,
05-07-2026-Thu 14-07-13-PM,-41.884,-41.884,-36.976,-36.976,-36.976,-38.768,-38.768,-38.768,-41.884,,-36.976,-36.976,-36.976,,-38.768,
05-07-2026-Thu 14-07-14-PM,-41.917,-41.917,-37.009,-37.009,-37.009,-38.702,-38.702,-38.702,-41.917,,-37.009,-37.009,-37.009,,-38.702,
05-07-2026-Thu 14-07-16-PM,-41.917,-41.917,-37.009,-37.009,-37.009,-38.801,-38.801,-38.801,-41.917,,-37.009,-37.009,-37.009,,-38.801,
05-07-2026-Thu 14-07-17-PM,-41.951,-41.951,-37.042,-37.042,-37.042,-38.834,-38.834,-38.834,-41.951,,-37.042,-37.042,-37.042,,-38.834,
05-07-2026-Thu 14-07-19-PM,-41.917,-41.917,-37.009,-37.009,-37.009,-38.768,-38.768,-38.768,-41.917,,-37.009,-37.009,-37.009,,-38.768,
05-07-2026-Thu 14-07-20-PM,-41.951,-41.951,-37.076,-37.076,-37.076,-38.768,-38.768,-38.768,-41.951,,-37.076,-37.076,-37.076,,-38.768,
05-07-2026-Thu 14-07-22-PM,-41.984,-41.984,-37.076,-37.076,-37.076,-38.867,-38.867,-38.867,-41.984,,-37.076,-37.076,-37.076,,-38.867,
05-07-2026-Thu 14-07-23-PM,-42.017,-42.017,-37.109,-37.109,-37.109,-38.867,-38.867,-38.867,-42.017,,-37.109,-37.109,-37.109,,-38.867,
05-07-2026-Thu 14-07-24-PM,-42.017,-42.017,-37.142,-37.142,-37.142,-38.867,-38.867,-38.867,-42.017,,-37.142,-37.142,-37.142,,-38.867,
05-07-2026-Thu 14-07-26-PM,-42.05,-42.05,-37.142,-37.142,-37.142,-38.9,-38.9,-38.9,-42.05,,-37.142,-37.142,-37.142,,-38.9,
05-07-2026-Thu 14-07-27-PM,-42.05,-42.05,-37.142,-37.142,-37.142,-38.9,-38.9,-38.9,-42.05,,-37.142,-37.142,-37.142,,-38.9,
05-07-2026-Thu 14-07-29-PM,-42.083,-42.083,-37.175,-37.175,-37.175,-38.967,-38.967,-38.967,-42.083,,-37.175,-37.175,-37.175,,-38.967,
05-07-2026-Thu 14-07-30-PM,-42.083,-42.083,-37.175,-37.175,-37.175,-39.0,-39.0,-39.0,-42.083,,-37.175,-37.175,-37.175,,-39.0,
05-07-2026-Thu 14-07-32-PM,-42.116,-42.116,-37.208,-37.208,-37.208,-38.967,-38.967,-38.967,-42.116,,-37.208,-37.208,-37.208,,-38.967,
05-07-2026-Thu 14-07-33-PM,-42.116,-42.116,-37.208,-37.208,-37.208,-39.066,-39.066,-39.066,-42.116,,-37.208,-37.208,-37.208,,-39.066,
05-07-2026-Thu 14-07-34-PM,-42.149,-42.149,-37.275,-37.275,-37.275,-38.967,-38.967,-38.967,-42.149,,-37.275,-37.275,-37.275,,-38.967,
05-07-2026-Thu 14-07-36-PM,-42.182,-42.182,-37.242,-37.242,-37.242,-39.033,-39.033,-39.033,-42.182,,-37.242,-37.242,-37.242,,-39.033,
05-07-2026-Thu 14-07-37-PM,-42.182,-42.182,-37.275,-37.275,-37.275,-39.033,-39.033,-39.033,-42.182,,-37.275,-37.275,-37.275,,-39.033,
05-07-2026-Thu 14-07-39-PM,-42.182,-42.182,-37.308,-37.308,-37.308,-39.1,-39.1,-39.1,-42.182,,-37.308,-37.308,-37.308,,-39.1,
05-07-2026-Thu 14-07-40-PM,-42.216,-42.216,-37.308,-37.308,-37.308,-39.066,-39.066,-39.066,-42.216,,-37.308,-37.308,-37.308,,-39.066,
05-07-2026-Thu 14-07-41-PM,-42.249,-42.249,-37.341,-37.341,-37.341,-39.1,-39.1,-39.1,-42.249,,-37.341,-37.341,-37.341,,-39.1,
05-07-2026-Thu 14-07-43-PM,-42.282,-42.282,-37.341,-37.341,-37.341,-39.066,-39.066,-39.066,-42.282,,-37.341,-37.341,-37.341,,-39.066,
05-07-2026-Thu 14-07-44-PM,-42.282,-42.282,-37.341,-37.341,-37.341,-39.199,-39.199,-39.199,-42.282,,-37.341,-37.341,-37.341,,-39.199,
05-07-2026-Thu 14-07-46-PM,-42.282,-42.282,-37.374,-37.374,-37.374,-39.166,-39.166,-39.166,-42.282,,-37.374,-37.374,-37.374,,-39.166,
05-07-2026-Thu 14-07-47-PM,-42.315,-42.315,-37.374,-37.374,-37.374,-39.133,-39.133,-39.133,-42.315,,-37.374,-37.374,-37.374,,-39.133,
05-07-2026-Thu 14-07-48-PM,-42.315,-42.315,-37.441,-37.441,-37.441,-39.199,-39.199,-39.199,-42.315,,-37.441,-37.441,-37.441,,-39.199,
05-07-2026-Thu 14-07-50-PM,-42.348,-42.348,-37.441,-37.441,-37.441,-39.232,-39.232,-39.232,-42.348,,-37.441,-37.441,-37.441,,-39.232,
05-07-2026-Thu 14-07-51-PM,-42.381,-42.381,-37.441,-37.441,-37.441,-39.265,-39.265,-39.265,-42.381,,-37.441,-37.441,-37.441,,-39.265,
05-07-2026-Thu 14-07-52-PM,-42.348,-42.348,-37.441,-37.441,-37.441,-39.265,-39.265,-39.265,-42.348,,-37.441,-37.441,-37.441,,-39.265,
05-07-2026-Thu 14-07-54-PM,-42.348,-42.348,-37.507,-37.507,-37.507,-39.299,-39.299,-39.299,-42.348,,-37.507,-37.507,-37.507,,-39.299,
05-07-2026-Thu 14-07-57-PM,-42.414,-42.414,-37.507,-37.507,-37.507,-39.299,-39.299,-39.299,-42.414,,-37.507,-37.507,-37.507,,-39.299,
05-07-2026-Thu 14-07-58-PM,-42.448,-42.448,-37.573,-37.573,-37.573,-39.398,-39.398,-39.398,-42.448,,-37.573,-37.573,-37.573,,-39.398,
05-07-2026-Thu 14-08-00-PM,-42.481,-42.481,-37.573,-37.573,-37.573,-39.299,-39.299,-39.299,-42.481,,-37.573,-37.573,-37.573,,-39.299,
05-07-2026-Thu 14-08-01-PM,-42.481,-42.481,-37.573,-37.573,-37.573,-39.431,-39.431,-39.431,-42.481,,-37.573,-37.573,-37.573,,-39.431,
05-07-2026-Thu 14-08-02-PM,-42.514,-42.514,-37.573,-37.573,-37.573,-39.365,-39.365,-39.365,-42.514,,-37.573,-37.573,-37.573,,-39.365,
05-07-2026-Thu 14-08-04-PM,-42.514,-42.514,-37.607,-37.607,-37.607,-39.431,-39.431,-39.431,-42.514,,-37.607,-37.607,-37.607,,-39.431,
05-07-2026-Thu 14-08-05-PM,-42.547,-42.547,-37.607,-37.607,-37.607,-39.464,-39.464,-39.464,-42.547,,-37.607,-37.607,-37.607,,-39.464,
05-07-2026-Thu 14-08-07-PM,-42.58,-42.58,-37.64,-37.64,-37.64,-39.464,-39.464,-39.464,-42.58,,-37.64,-37.64,-37.64,,-39.464,
05-07-2026-Thu 14-08-08-PM,-42.58,-42.58,-37.673,-37.673,-37.673,-39.498,-39.498,-39.498,-42.58,,-37.673,-37.673,-37.673,,-39.498,
05-07-2026-Thu 14-08-09-PM,-42.58,-42.58,-37.673,-37.673,-37.673,-39.464,-39.464,-39.464,-42.58,,-37.673,-37.673,-37.673,,-39.464,
05-07-2026-Thu 14-08-11-PM,-42.613,-42.613,-37.673,-37.673,-37.673,-39.498,-39.498,-39.498,-42.613,,-37.673,-37.673,-37.673,,-39.498,
05-07-2026-Thu 14-08-12-PM,-42.613,-42.613,-37.706,-37.706,-37.706,-39.431,-39.431,-39.431,-42.613,,-37.706,-37.706,-37.706,,-39.431,
05-07-2026-Thu 14-08-14-PM,-42.613,-42.613,-37.739,-37.739,-37.739,-39.531,-39.531,-39.531,-42.613,,-37.739,-37.739,-37.739,,-39.531,
05-07-2026-Thu 14-08-15-PM,-42.646,-42.646,-37.739,-37.739,-37.739,-39.564,-39.564,-39.564,-42.646,,-37.739,-37.739,-37.739,,-39.564,
05-07-2026-Thu 14-08-16-PM,-42.68,-42.68,-37.772,-37.772,-37.772,-39.564,-39.564,-39.564,-42.68,,-37.772,-37.772,-37.772,,-39.564,
05-07-2026-Thu 14-08-18-PM,-42.68,-42.68,-37.772,-37.772,-37.772,-39.597,-39.597,-39.597,-42.68,,-37.772,-37.772,-37.772,,-39.597,
05-07-2026-Thu 14-08-19-PM,-42.68,-42.68,-37.806,-37.806,-37.806,-39.564,-39.564,-39.564,-42.68,,-37.806,-37.806,-37.806,,-39.564,
05-07-2026-Thu 14-08-20-PM,-42.713,-42.713,-37.806,-37.806,-37.806,-39.597,-39.597,-39.597,-42.713,,-37.806,-37.806,-37.806,,-39.597,
05-07-2026-Thu 14-08-21-PM,-42.746,-42.746,-37.839,-37.839,-37.839,-39.564,-39.564,-39.564,-42.746,,-37.839,-37.839,-37.839,,-39.564,
05-07-2026-Thu 14-08-23-PM,-42.746,-42.746,-37.839,-37.839,-37.839,-39.696,-39.696,-39.696,-42.746,,-37.839,-37.839,-37.839,,-39.696,
05-07-2026-Thu 14-08-24-PM,-42.746,-42.746,-37.839,-37.839,-37.839,-39.663,-39.663,-39.663,-42.746,,-37.839,-37.839,-37.839,,-39.663,
05-07-2026-Thu 14-08-26-PM,-42.779,-42.779,-37.872,-37.872,-37.872,-39.663,-39.663,-39.663,-42.779,,-37.872,-37.872,-37.872,,-39.663,
05-07-2026-Thu 14-08-27-PM,-42.812,-42.812,-37.872,-37.872,-37.872,-39.663,-39.663,-39.663,-42.812,,-37.872,-37.872,-37.872,,-39.663,
05-07-2026-Thu 14-08-28-PM,-42.845,-42.845,-37.905,-37.905,-37.905,-39.696,-39.696,-39.696,-42.845,,-37.905,-37.905,-37.905,,-39.696,
05-07-2026-Thu 14-08-30-PM,-42.845,-42.845,-37.905,-37.905,-37.905,-39.73,-39.73,-39.73,-42.845,,-37.905,-37.905,-37.905,,-39.73,
05-07-2026-Thu 14-08-31-PM,-42.878,-42.878,-37.938,-37.938,-37.938,-39.796,-39.796,-39.796,-42.878,,-37.938,-37.938,-37.938,,-39.796,
05-07-2026-Thu 14-08-33-PM,-42.878,-42.878,-37.972,-37.972,-37.972,-39.763,-39.763,-39.763,-42.878,,-37.972,-37.972,-37.972,,-39.763,
05-07-2026-Thu 14-08-34-PM,-42.878,-42.878,-37.972,-37.972,-37.972,-39.796,-39.796,-39.796,-42.878,,-37.972,-37.972,-37.972,,-39.796,
05-07-2026-Thu 14-08-35-PM,-42.878,-42.878,-37.972,-37.972,-37.972,-39.796,-39.796,-39.796,-42.878,,-37.972,-37.972,-37.972,,-39.796,
05-07-2026-Thu 14-08-37-PM,-42.911,-42.911,-38.005,-38.005,-38.005,-39.862,-39.862,-39.862,-42.911,,-38.005,-38.005,-38.005,,-39.862,
05-07-2026-Thu 14-08-38-PM,-42.911,-42.911,-38.038,-38.038,-38.038,-39.862,-39.862,-39.862,-42.911,,-38.038,-38.038,-38.038,,-39.862,
05-07-2026-Thu 14-08-40-PM,-42.944,-42.944,-38.038,-38.038,-38.038,-39.929,-39.929,-39.929,-42.944,,-38.038,-38.038,-38.038,,-39.929,
05-07-2026-Thu 14-08-41-PM,-42.944,-42.944,-38.038,-38.038,-38.038,-39.862,-39.862,-39.862,-42.944,,-38.038,-38.038,-38.038,,-39.862,
05-07-2026-Thu 14-08-42-PM,-43.011,-43.011,-38.071,-38.071,-38.071,-39.895,-39.895,-39.895,-43.011,,-38.071,-38.071,-38.071,,-39.895,
05-07-2026-Thu 14-08-44-PM,-43.011,-43.011,-38.071,-38.071,-38.071,-39.895,-39.895,-39.895,-43.011,,-38.071,-38.071,-38.071,,-39.895,
05-07-2026-Thu 14-08-45-PM,-42.978,-42.978,-38.104,-38.104,-38.104,-39.962,-39.962,-39.962,-42.978,,-38.104,-38.104,-38.104,,-39.962,
05-07-2026-Thu 14-08-46-PM,-43.044,-43.044,-38.138,-38.138,-38.138,-39.962,-39.962,-39.962,-43.044,,-38.138,-38.138,-38.138,,-39.962,
05-07-2026-Thu 14-08-48-PM,-43.044,-43.044,-38.138,-38.138,-38.138,-39.962,-39.962,-39.962,-43.044,,-38.138,-38.138,-38.138,,-39.962,
05-07-2026-Thu 14-08-49-PM,-43.077,-43.077,-38.138,-38.138,-38.138,-39.995,-39.995,-39.995,-43.077,,-38.138,-38.138,-38.138,,-39.995,
05-07-2026-Thu 14-08-50-PM,-43.044,-43.044,-38.171,-38.171,-38.171,-39.962,-39.962,-39.962,-43.044,,-38.171,-38.171,-38.171,,-39.962,
05-07-2026-Thu 14-08-52-PM,-43.077,-43.077,-38.171,-38.171,-38.171,-40.061,-40.061,-40.061,-43.077,,-38.171,-38.171,-38.171,,-40.061,
05-07-2026-Thu 14-08-53-PM,-43.11,-43.11,-38.171,-38.171,-38.171,-40.028,-40.028,-40.028,-43.11,,-38.171,-38.171,-38.171,,-40.028,
05-07-2026-Thu 14-08-55-PM,-43.143,-43.143,-38.204,-38.204,-38.204,-40.061,-40.061,-40.061,-43.143,,-38.204,-38.204,-38.204,,-40.061,
05-07-2026-Thu 14-08-56-PM,-43.143,-43.143,-38.237,-38.237,-38.237,-40.028,-40.028,-40.028,-43.143,,-38.237,-38.237,-38.237,,-40.028,
05-07-2026-Thu 14-08-58-PM,-43.143,-43.143,-38.27,-38.27,-38.27,-40.094,-40.094,-40.094,-43.143,,-38.27,-38.27,-38.27,,-40.094,
05-07-2026-Thu 14-08-59-PM,-43.176,-43.176,-38.27,-38.27,-38.27,-40.094,-40.094,-40.094,-43.176,,-38.27,-38.27,-38.27,,-40.094,
05-07-2026-Thu 14-09-00-PM,-43.209,-43.209,-38.303,-38.303,-38.303,-40.094,-40.094,-40.094,-43.209,,-38.303,-38.303,-38.303,,-40.094,
05-07-2026-Thu 14-09-02-PM,-43.209,-43.209,-38.303,-38.303,-38.303,-40.128,-40.128,-40.128,-43.209,,-38.303,-38.303,-38.303,,-40.128,
05-07-2026-Thu 14-09-03-PM,-43.209,-43.209,-38.337,-38.337,-38.337,-40.128,-40.128,-40.128,-43.209,,-38.337,-38.337,-38.337,,-40.128,
05-07-2026-Thu 14-09-05-PM,-43.243,-43.243,-38.337,-38.337,-38.337,-40.194,-40.194,-40.194,-43.243,,-38.337,-38.337,-38.337,,-40.194,
05-07-2026-Thu 14-09-06-PM,-43.243,-43.243,-38.337,-38.337,-38.337,-40.194,-40.194,-40.194,-43.243,,-38.337,-38.337,-38.337,,-40.194,
05-07-2026-Thu 14-09-07-PM,-43.309,-43.309,-38.37,-38.37,-38.37,-40.227,-40.227,-40.227,-43.309,,-38.37,-38.37,-38.37,,-40.227,
05-07-2026-Thu 14-09-10-PM,-43.276,-43.276,-38.37,-38.37,-38.37,-40.161,-40.161,-40.161,-43.276,,-38.37,-38.37,-38.37,,-40.161,
05-07-2026-Thu 14-09-12-PM,-43.309,-43.309,-38.403,-38.403,-38.403,-40.293,-40.293,-40.293,-43.309,,-38.403,-38.403,-38.403,,-40.293,
05-07-2026-Thu 14-09-13-PM,-43.375,-43.375,-38.436,-38.436,-38.436,-40.293,-40.293,-40.293,-43.375,,-38.436,-38.436,-38.436,,-40.293,
05-07-2026-Thu 14-09-14-PM,-43.342,-43.342,-38.436,-38.436,-38.436,-40.36,-40.36,-40.36,-43.342,,-38.436,-38.436,-38.436,,-40.36,
05-07-2026-Thu 14-09-16-PM,-43.342,-43.342,-38.436,-38.436,-38.436,-40.293,-40.293,-40.293,-43.342,,-38.436,-38.436,-38.436,,-40.293,
05-07-2026-Thu 14-09-17-PM,-43.375,-43.375,-38.469,-38.469,-38.469,-40.326,-40.326,-40.326,-43.375,,-38.469,-38.469,-38.469,,-40.326,
05-07-2026-Thu 14-09-19-PM,-43.408,-43.408,-38.502,-38.502,-38.502,-40.326,-40.326,-40.326,-43.408,,-38.502,-38.502,-38.502,,-40.326,
05-07-2026-Thu 14-09-20-PM,-43.408,-43.408,-38.502,-38.502,-38.502,-40.393,-40.393,-40.393,-43.408,,-38.502,-38.502,-38.502,,-40.393,
05-07-2026-Thu 14-09-21-PM,-43.408,-43.408,-38.502,-38.502,-38.502,-40.36,-40.36,-40.36,-43.408,,-38.502,-38.502,-38.502,,-40.36,
05-07-2026-Thu 14-09-23-PM,-43.408,-43.408,-38.536,-38.536,-38.536,-40.459,-40.459,-40.459,-43.408,,-38.536,-38.536,-38.536,,-40.459,
05-07-2026-Thu 14-09-24-PM,-43.474,-43.474,-38.569,-38.569,-38.569,-40.426,-40.426,-40.426,-43.474,,-38.569,-38.569,-38.569,,-40.426,
05-07-2026-Thu 14-09-26-PM,-43.474,-43.474,-38.569,-38.569,-38.569,-40.393,-40.393,-40.393,-43.474,,-38.569,-38.569,-38.569,,-40.393,
05-07-2026-Thu 14-09-27-PM,-43.508,-43.508,-38.602,-38.602,-38.602,-40.426,-40.426,-40.426,-43.508,,-38.602,-38.602,-38.602,,-40.426,
05-07-2026-Thu 14-09-29-PM,-43.474,-43.474,-38.602,-38.602,-38.602,-40.459,-40.459,-40.459,-43.474,,-38.602,-38.602,-38.602,,-40.459,
05-07-2026-Thu 14-09-30-PM,-43.541,-43.541,-38.602,-38.602,-38.602,-40.492,-40.492,-40.492,-43.541,,-38.602,-38.602,-38.602,,-40.492,
05-07-2026-Thu 14-09-32-PM,-43.541,-43.541,-38.635,-38.635,-38.635,-40.525,-40.525,-40.525,-43.541,,-38.635,-38.635,-38.635,,-40.525,
05-07-2026-Thu 14-09-35-PM,-43.541,-43.541,-38.668,-38.668,-38.668,-40.492,-40.492,-40.492,-43.541,,-38.668,-38.668,-38.668,,-40.492,
05-07-2026-Thu 14-09-37-PM,-43.574,-43.574,-38.702,-38.702,-38.702,-40.592,-40.592,-40.592,-43.574,,-38.702,-38.702,-38.702,,-40.592,
05-07-2026-Thu 14-09-40-PM,-43.607,-43.607,-38.735,-38.735,-38.735,-40.658,-40.658,-40.658,-43.607,,-38.735,-38.735,-38.735,,-40.658,
05-07-2026-Thu 14-09-43-PM,-43.607,-43.607,-38.768,-38.768,-38.768,-40.592,-40.592,-40.592,-43.607,,-38.768,-38.768,-38.768,,-40.592,
05-07-2026-Thu 14-09-44-PM,-43.64,-43.64,-38.801,-38.801,-38.801,-40.691,-40.691,-40.691,-43.64,,-38.801,-38.801,-38.801,,-40.691,
05-07-2026-Thu 14-09-45-PM,-43.673,-43.673,-38.801,-38.801,-38.801,-40.691,-40.691,-40.691,-43.673,,-38.801,-38.801,-38.801,,-40.691,
05-07-2026-Thu 14-09-47-PM,-43.673,-43.673,-38.801,-38.801,-38.801,-40.658,-40.658,-40.658,-43.673,,-38.801,-38.801,-38.801,,-40.658,
05-07-2026-Thu 14-09-48-PM,-43.706,-43.706,-38.834,-38.834,-38.834,-40.691,-40.691,-40.691,-43.706,,-38.834,-38.834,-38.834,,-40.691,
05-07-2026-Thu 14-09-50-PM,-43.739,-43.739,-38.834,-38.834,-38.834,-40.724,-40.724,-40.724,-43.739,,-38.834,-38.834,-38.834,,-40.724,
05-07-2026-Thu 14-09-51-PM,-43.739,-43.739,-38.867,-38.867,-38.867,-40.691,-40.691,-40.691,-43.739,,-38.867,-38.867,-38.867,,-40.691,
05-07-2026-Thu 14-09-52-PM,-43.739,-43.739,-38.867,-38.867,-38.867,-40.691,-40.691,-40.691,-43.739,,-38.867,-38.867,-38.867,,-40.691,
05-07-2026-Thu 14-09-54-PM,-43.772,-43.772,-38.9,-38.9,-38.9,-40.758,-40.758,-40.758,-43.772,,-38.9,-38.9,-38.9,,-40.758,
05-07-2026-Thu 14-09-55-PM,-43.772,-43.772,-38.934,-38.934,-38.934,-40.824,-40.824,-40.824,-43.772,,-38.934,-38.934,-38.934,,-40.824,
05-07-2026-Thu 14-09-57-PM,-43.772,-43.772,-38.934,-38.934,-38.934,-40.791,-40.791,-40.791,-43.772,,-38.934,-38.934,-38.934,,-40.791,
05-07-2026-Thu 14-09-58-PM,-43.806,-43.806,-38.934,-38.934,-38.934,-40.791,-40.791,-40.791,-43.806,,-38.934,-38.934,-38.934,,-40.791,
05-07-2026-Thu 14-09-59-PM,-43.806,-43.806,-38.967,-38.967,-38.967,-40.857,-40.857,-40.857,-43.806,,-38.967,-38.967,-38.967,,-40.857,
05-07-2026-Thu 14-10-01-PM,-43.839,-43.839,-38.967,-38.967,-38.967,-40.89,-40.89,-40.89,-43.839,,-38.967,-38.967,-38.967,,-40.89,
05-07-2026-Thu 14-10-02-PM,-43.872,-43.872,-39.0,-39.0,-39.0,-40.824,-40.824,-40.824,-43.872,,-39.0,-39.0,-39.0,,-40.824,
05-07-2026-Thu 14-10-04-PM,-43.839,-43.839,-39.0,-39.0,-39.0,-40.857,-40.857,-40.857,-43.839,,-39.0,-39.0,-39.0,,-40.857,
05-07-2026-Thu 14-10-05-PM,-43.872,-43.872,-39.0,-39.0,-39.0,-40.923,-40.923,-40.923,-43.872,,-39.0,-39.0,-39.0,,-40.923,
05-07-2026-Thu 14-10-06-PM,-43.905,-43.905,-39.033,-39.033,-39.033,-40.923,-40.923,-40.923,-43.905,,-39.033,-39.033,-39.033,,-40.923,
05-07-2026-Thu 14-10-08-PM,-43.905,-43.905,-39.033,-39.033,-39.033,-40.89,-40.89,-40.89,-43.905,,-39.033,-39.033,-39.033,,-40.89,
05-07-2026-Thu 14-10-09-PM,-43.905,-43.905,-39.066,-39.066,-39.066,-40.956,-40.956,-40.956,-43.905,,-39.066,-39.066,-39.066,,-40.956,
05-07-2026-Thu 14-10-11-PM,-43.938,-43.938,-39.066,-39.066,-39.066,-40.923,-40.923,-40.923,-43.938,,-39.066,-39.066,-39.066,,-40.923,
05-07-2026-Thu 14-10-12-PM,-43.938,-43.938,-39.1,-39.1,-39.1,-40.99,-40.99,-40.99,-43.938,,-39.1,-39.1,-39.1,,-40.99,
05-07-2026-Thu 14-10-13-PM,-43.971,-43.971,-39.133,-39.133,-39.133,-40.99,-40.99,-40.99,-43.971,,-39.133,-39.133,-39.133,,-40.99,
05-07-2026-Thu 14-10-15-PM,-43.971,-43.971,-39.133,-39.133,-39.133,-41.023,-41.023,-41.023,-43.971,,-39.133,-39.133,-39.133,,-41.023,
05-07-2026-Thu 14-10-16-PM,-44.004,-44.004,-39.133,-39.133,-39.133,-41.023,-41.023,-41.023,-44.004,,-39.133,-39.133,-39.133,,-41.023,
05-07-2026-Thu 14-10-18-PM,-43.971,-43.971,-39.166,-39.166,-39.166,-41.023,-41.023,-41.023,-43.971,,-39.166,-39.166,-39.166,,-41.023,
05-07-2026-Thu 14-10-19-PM,-44.004,-44.004,-39.199,-39.199,-39.199,-41.023,-41.023,-41.023,-44.004,,-39.199,-39.199,-39.199,,-41.023,
05-07-2026-Thu 14-10-20-PM,-44.004,-44.004,-39.199,-39.199,-39.199,-41.056,-41.056,-41.056,-44.004,,-39.199,-39.199,-39.199,,-41.056,
05-07-2026-Thu 14-10-22-PM,-44.037,-44.037,-39.199,-39.199,-39.199,-41.089,-41.089,-41.089,-44.037,,-39.199,-39.199,-39.199,,-41.089,
05-07-2026-Thu 14-10-23-PM,-44.071,-44.071,-39.232,-39.232,-39.232,-41.089,-41.089,-41.089,-44.071,,-39.232,-39.232,-39.232,,-41.089,
05-07-2026-Thu 14-10-24-PM,-44.071,-44.071,-39.232,-39.232,-39.232,-41.122,-41.122,-41.122,-44.071,,-39.232,-39.232,-39.232,,-41.122,
05-07-2026-Thu 14-10-26-PM,-44.071,-44.071,-39.232,-39.232,-39.232,-41.089,-41.089,-41.089,-44.071,,-39.232,-39.232,-39.232,,-41.089,
05-07-2026-Thu 14-10-27-PM,-44.104,-44.104,-39.265,-39.265,-39.265,-41.122,-41.122,-41.122,-44.104,,-39.265,-39.265,-39.265,,-41.122,
05-07-2026-Thu 14-10-29-PM,-44.104,-44.104,-39.299,-39.299,-39.299,-41.155,-41.155,-41.155,-44.104,,-39.299,-39.299,-39.299,,-41.155,
05-07-2026-Thu 14-10-30-PM,-44.104,-44.104,-39.299,-39.299,-39.299,-41.188,-41.188,-41.188,-44.104,,-39.299,-39.299,-39.299,,-41.188,
05-07-2026-Thu 14-10-31-PM,-44.137,-44.137,-39.299,-39.299,-39.299,-41.188,-41.188,-41.188,-44.137,,-39.299,-39.299,-39.299,,-41.188,
05-07-2026-Thu 14-10-33-PM,-44.137,-44.137,-39.299,-39.299,-39.299,-41.255,-41.255,-41.255,-44.137,,-39.299,-39.299,-39.299,,-41.255,
05-07-2026-Thu 14-10-34-PM,-44.17,-44.17,-39.332,-39.332,-39.332,-41.255,-41.255,-41.255,-44.17,,-39.332,-39.332,-39.332,,-41.255,
05-07-2026-Thu 14-10-35-PM,-44.17,-44.17,-39.365,-39.365,-39.365,-41.255,-41.255,-41.255,-44.17,,-39.365,-39.365,-39.365,,-41.255,
05-07-2026-Thu 14-10-37-PM,-44.203,-44.203,-39.365,-39.365,-39.365,-41.255,-41.255,-41.255,-44.203,,-39.365,-39.365,-39.365,,-41.255,
05-07-2026-Thu 14-10-38-PM,-44.203,-44.203,-39.398,-39.398,-39.398,-41.188,-41.188,-41.188,-44.203,,-39.398,-39.398,-39.398,,-41.188,
05-07-2026-Thu 14-10-40-PM,-44.236,-44.236,-39.398,-39.398,-39.398,-41.221,-41.221,-41.221,-44.236,,-39.398,-39.398,-39.398,,-41.221,
05-07-2026-Thu 14-10-41-PM,-44.203,-44.203,-39.431,-39.431,-39.431,-41.321,-41.321,-41.321,-44.203,,-39.431,-39.431,-39.431,,-41.321,
05-07-2026-Thu 14-10-42-PM,-44.236,-44.236,-39.431,-39.431,-39.431,-41.288,-41.288,-41.288,-44.236,,-39.431,-39.431,-39.431,,-41.288,
05-07-2026-Thu 14-10-44-PM,-44.236,-44.236,-39.431,-39.431,-39.431,-41.321,-41.321,-41.321,-44.236,,-39.431,-39.431,-39.431,,-41.321,
05-07-2026-Thu 14-10-45-PM,-44.269,-44.269,-39.464,-39.464,-39.464,-41.354,-41.354,-41.354,-44.269,,-39.464,-39.464,-39.464,,-41.354,
05-07-2026-Thu 14-10-47-PM,-44.269,-44.269,-39.431,-39.431,-39.431,-41.354,-41.354,-41.354,-44.269,,-39.431,-39.431,-39.431,,-41.354,
05-07-2026-Thu 14-10-48-PM,-44.302,-44.302,-39.498,-39.498,-39.498,-41.42,-41.42,-41.42,-44.302,,-39.498,-39.498,-39.498,,-41.42,
05-07-2026-Thu 14-10-49-PM,-44.302,-44.302,-39.498,-39.498,-39.498,-41.354,-41.354,-41.354,-44.302,,-39.498,-39.498,-39.498,,-41.354,
05-07-2026-Thu 14-10-51-PM,-44.335,-44.335,-39.498,-39.498,-39.498,-41.387,-41.387,-41.387,-44.335,,-39.498,-39.498,-39.498,,-41.387,
05-07-2026-Thu 14-10-52-PM,-44.335,-44.335,-39.531,-39.531,-39.531,-41.387,-41.387,-41.387,-44.335,,-39.531,-39.531,-39.531,,-41.387,
05-07-2026-Thu 14-10-53-PM,-44.335,-44.335,-39.564,-39.564,-39.564,-41.42,-41.42,-41.42,-44.335,,-39.564,-39.564,-39.564,,-41.42,
05-07-2026-Thu 14-10-55-PM,-44.368,-44.368,-39.564,-39.564,-39.564,-41.454,-41.454,-41.454,-44.368,,-39.564,-39.564,-39.564,,-41.454,
05-07-2026-Thu 14-10-56-PM,-44.368,-44.368,-39.564,-39.564,-39.564,-41.454,-41.454,-41.454,-44.368,,-39.564,-39.564,-39.564,,-41.454,
05-07-2026-Thu 14-10-58-PM,-44.368,-44.368,-39.564,-39.564,-39.564,-41.52,-41.52,-41.52,-44.368,,-39.564,-39.564,-39.564,,-41.52,
05-07-2026-Thu 14-10-59-PM,-44.402,-44.402,-39.597,-39.597,-39.597,-41.553,-41.553,-41.553,-44.402,,-39.597,-39.597,-39.597,,-41.553,
05-07-2026-Thu 14-11-02-PM,-44.402,-44.402,-39.63,-39.63,-39.63,-41.487,-41.487,-41.487,-44.402,,-39.63,-39.63,-39.63,,-41.487,
05-07-2026-Thu 14-11-04-PM,-44.435,-44.435,-39.63,-39.63,-39.63,-41.586,-41.586,-41.586,-44.435,,-39.63,-39.63,-39.63,,-41.586,
05-07-2026-Thu 14-11-07-PM,-44.468,-44.468,-39.696,-39.696,-39.696,-41.586,-41.586,-41.586,-44.468,,-39.696,-39.696,-39.696,,-41.586,
05-07-2026-Thu 14-11-10-PM,-44.501,-44.501,-39.696,-39.696,-39.696,-41.619,-41.619,-41.619,-44.501,,-39.696,-39.696,-39.696,,-41.619,
05-07-2026-Thu 14-11-13-PM,-44.501,-44.501,-39.73,-39.73,-39.73,-41.652,-41.652,-41.652,-44.501,,-39.73,-39.73,-39.73,,-41.652,
05-07-2026-Thu 14-11-15-PM,-44.534,-44.534,-39.763,-39.763,-39.763,-41.619,-41.619,-41.619,-44.534,,-39.763,-39.763,-39.763,,-41.619,
05-07-2026-Thu 14-11-16-PM,-44.567,-44.567,-39.796,-39.796,-39.796,-41.686,-41.686,-41.686,-44.567,,-39.796,-39.796,-39.796,,-41.686,
05-07-2026-Thu 14-11-17-PM,-44.567,-44.567,-39.796,-39.796,-39.796,-41.686,-41.686,-41.686,-44.567,,-39.796,-39.796,-39.796,,-41.686,
05-07-2026-Thu 14-11-19-PM,-44.6,-44.6,-39.829,-39.829,-39.829,-41.686,-41.686,-41.686,-44.6,,-39.829,-39.829,-39.829,,-41.686,
05-07-2026-Thu 14-11-20-PM,-44.6,-44.6,-39.796,-39.796,-39.796,-41.719,-41.719,-41.719,-44.6,,-39.796,-39.796,-39.796,,-41.719,
05-07-2026-Thu 14-11-22-PM,-44.6,-44.6,-39.829,-39.829,-39.829,-41.719,-41.719,-41.719,-44.6,,-39.829,-39.829,-39.829,,-41.719,
05-07-2026-Thu 14-11-23-PM,-44.6,-44.6,-39.862,-39.862,-39.862,-41.785,-41.785,-41.785,-44.6,,-39.862,-39.862,-39.862,,-41.785,
05-07-2026-Thu 14-11-25-PM,-44.633,-44.633,-39.895,-39.895,-39.895,-41.818,-41.818,-41.818,-44.633,,-39.895,-39.895,-39.895,,-41.818,
05-07-2026-Thu 14-11-26-PM,-44.633,-44.633,-39.862,-39.862,-39.862,-41.752,-41.752,-41.752,-44.633,,-39.862,-39.862,-39.862,,-41.752,
05-07-2026-Thu 14-11-27-PM,-44.633,-44.633,-39.895,-39.895,-39.895,-41.752,-41.752,-41.752,-44.633,,-39.895,-39.895,-39.895,,-41.752,
05-07-2026-Thu 14-11-29-PM,-44.666,-44.666,-39.929,-39.929,-39.929,-41.818,-41.818,-41.818,-44.666,,-39.929,-39.929,-39.929,,-41.818,
05-07-2026-Thu 14-11-30-PM,-44.7,-44.7,-39.929,-39.929,-39.929,-41.818,-41.818,-41.818,-44.7,,-39.929,-39.929,-39.929,,-41.818,
05-07-2026-Thu 14-11-32-PM,-44.7,-44.7,-39.962,-39.962,-39.962,-41.884,-41.884,-41.884,-44.7,,-39.962,-39.962,-39.962,,-41.884,
05-07-2026-Thu 14-11-33-PM,-44.7,-44.7,-39.962,-39.962,-39.962,-41.851,-41.851,-41.851,-44.7,,-39.962,-39.962,-39.962,,-41.851,
05-07-2026-Thu 14-11-34-PM,-44.733,-44.733,-39.962,-39.962,-39.962,-41.951,-41.951,-41.951,-44.733,,-39.962,-39.962,-39.962,,-41.951,
05-07-2026-Thu 14-11-36-PM,-44.7,-44.7,-39.995,-39.995,-39.995,-41.884,-41.884,-41.884,-44.7,,-39.995,-39.995,-39.995,,-41.884,
05-07-2026-Thu 14-11-37-PM,-44.733,-44.733,-39.995,-39.995,-39.995,-41.917,-41.917,-41.917,-44.733,,-39.995,-39.995,-39.995,,-41.917,
05-07-2026-Thu 14-11-39-PM,-44.766,-44.766,-40.028,-40.028,-40.028,-41.951,-41.951,-41.951,-44.766,,-40.028,-40.028,-40.028,,-41.951,
05-07-2026-Thu 14-11-40-PM,-44.766,-44.766,-40.028,-40.028,-40.028,-41.917,-41.917,-41.917,-44.766,,-40.028,-40.028,-40.028,,-41.917,
05-07-2026-Thu 14-11-41-PM,-44.799,-44.799,-40.028,-40.028,-40.028,-41.984,-41.984,-41.984,-44.799,,-40.028,-40.028,-40.028,,-41.984,
05-07-2026-Thu 14-11-43-PM,-44.799,-44.799,-40.061,-40.061,-40.061,-41.984,-41.984,-41.984,-44.799,,-40.061,-40.061,-40.061,,-41.984,
05-07-2026-Thu 14-11-44-PM,-44.799,-44.799,-40.061,-40.061,-40.061,-41.951,-41.951,-41.951,-44.799,,-40.061,-40.061,-40.061,,-41.951,
05-07-2026-Thu 14-11-46-PM,-44.832,-44.832,-40.061,-40.061,-40.061,-41.984,-41.984,-41.984,-44.832,,-40.061,-40.061,-40.061,,-41.984,
05-07-2026-Thu 14-11-47-PM,-44.832,-44.832,-40.094,-40.094,-40.094,-42.05,-42.05,-42.05,-44.832,,-40.094,-40.094,-40.094,,-42.05,
05-07-2026-Thu 14-11-48-PM,-44.832,-44.832,-40.128,-40.128,-40.128,-41.984,-41.984,-41.984,-44.832,,-40.128,-40.128,-40.128,,-41.984,
05-07-2026-Thu 14-11-50-PM,-44.832,-44.832,-40.128,-40.128,-40.128,-42.083,-42.083,-42.083,-44.832,,-40.128,-40.128,-40.128,,-42.083,
05-07-2026-Thu 14-11-51-PM,-44.865,-44.865,-40.128,-40.128,-40.128,-42.083,-42.083,-42.083,-44.865,,-40.128,-40.128,-40.128,,-42.083,
05-07-2026-Thu 14-11-53-PM,-44.898,-44.898,-40.161,-40.161,-40.161,-42.116,-42.116,-42.116,-44.898,,-40.161,-40.161,-40.161,,-42.116,
05-07-2026-Thu 14-11-54-PM,-44.898,-44.898,-40.161,-40.161,-40.161,-42.083,-42.083,-42.083,-44.898,,-40.161,-40.161,-40.161,,-42.083,
05-07-2026-Thu 14-11-55-PM,-44.898,-44.898,-40.194,-40.194,-40.194,-42.116,-42.116,-42.116,-44.898,,-40.194,-40.194,-40.194,,-42.116,
05-07-2026-Thu 14-11-57-PM,-44.898,-44.898,-40.194,-40.194,-40.194,-42.083,-42.083,-42.083,-44.898,,-40.194,-40.194,-40.194,,-42.083,
05-07-2026-Thu 14-11-58-PM,-44.931,-44.931,-40.227,-40.227,-40.227,-42.149,-42.149,-42.149,-44.931,,-40.227,-40.227,-40.227,,-42.149,
05-07-2026-Thu 14-11-59-PM,-44.931,-44.931,-40.227,-40.227,-40.227,-42.182,-42.182,-42.182,-44.931,,-40.227,-40.227,-40.227,,-42.182,
05-07-2026-Thu 14-12-01-PM,-44.964,-44.964,-40.26,-40.26,-40.26,-42.116,-42.116,-42.116,-44.964,,-40.26,-40.26,-40.26,,-42.116,
05-07-2026-Thu 14-12-02-PM,-44.931,-44.931,-40.293,-40.293,-40.293,-42.216,-42.216,-42.216,-44.931,,-40.293,-40.293,-40.293,,-42.216,
05-07-2026-Thu 14-12-04-PM,-44.964,-44.964,-40.26,-40.26,-40.26,-42.216,-42.216,-42.216,-44.964,,-40.26,-40.26,-40.26,,-42.216,
05-07-2026-Thu 14-12-05-PM,-44.964,-44.964,-40.26,-40.26,-40.26,-42.182,-42.182,-42.182,-44.964,,-40.26,-40.26,-40.26,,-42.182,
05-07-2026-Thu 14-12-07-PM,-44.998,-44.998,-40.293,-40.293,-40.293,-42.182,-42.182,-42.182,-44.998,,-40.293,-40.293,-40.293,,-42.182,
05-07-2026-Thu 14-12-08-PM,-44.998,-44.998,-40.293,-40.293,-40.293,-42.216,-42.216,-42.216,-44.998,,-40.293,-40.293,-40.293,,-42.216,
05-07-2026-Thu 14-12-09-PM,-44.998,-44.998,-40.326,-40.326,-40.326,-42.249,-42.249,-42.249,-44.998,,-40.326,-40.326,-40.326,,-42.249,
05-07-2026-Thu 14-12-11-PM,-45.031,-45.031,-40.326,-40.326,-40.326,-42.282,-42.282,-42.282,-45.031,,-40.326,-40.326,-40.326,,-42.282,
05-07-2026-Thu 14-12-12-PM,-45.031,-45.031,-40.36,-40.36,-40.36,-42.282,-42.282,-42.282,-45.031,,-40.36,-40.36,-40.36,,-42.282,
05-07-2026-Thu 14-12-14-PM,-45.031,-45.031,-40.36,-40.36,-40.36,-42.282,-42.282,-42.282,-45.031,,-40.36,-40.36,-40.36,,-42.282,
05-07-2026-Thu 14-12-15-PM,-45.064,-45.064,-40.393,-40.393,-40.393,-42.282,-42.282,-42.282,-45.064,,-40.393,-40.393,-40.393,,-42.282,
05-07-2026-Thu 14-12-16-PM,-45.064,-45.064,-40.393,-40.393,-40.393,-42.315,-42.315,-42.315,-45.064,,-40.393,-40.393,-40.393,,-42.315,
05-07-2026-Thu 14-12-18-PM,-45.064,-45.064,-40.426,-40.426,-40.426,-42.348,-42.348,-42.348,-45.064,,-40.426,-40.426,-40.426,,-42.348,
05-07-2026-Thu 14-12-19-PM,-45.097,-45.097,-40.426,-40.426,-40.426,-42.381,-42.381,-42.381,-45.097,,-40.426,-40.426,-40.426,,-42.381,
05-07-2026-Thu 14-12-21-PM,-45.097,-45.097,-40.459,-40.459,-40.459,-42.315,-42.315,-42.315,-45.097,,-40.459,-40.459,-40.459,,-42.315,
05-07-2026-Thu 14-12-22-PM,-45.097,-45.097,-40.459,-40.459,-40.459,-42.282,-42.282,-42.282,-45.097,,-40.459,-40.459,-40.459,,-42.282,
05-07-2026-Thu 14-12-23-PM,-45.13,-45.13,-40.459,-40.459,-40.459,-42.348,-42.348,-42.348,-45.13,,-40.459,-40.459,-40.459,,-42.348,
05-07-2026-Thu 14-12-25-PM,-45.13,-45.13,-40.492,-40.492,-40.492,-42.381,-42.381,-42.381,-45.13,,-40.492,-40.492,-40.492,,-42.381,
05-07-2026-Thu 14-12-26-PM,-45.163,-45.163,-40.492,-40.492,-40.492,-42.448,-42.448,-42.448,-45.163,,-40.492,-40.492,-40.492,,-42.448,
05-07-2026-Thu 14-12-28-PM,-45.163,-45.163,-40.492,-40.492,-40.492,-42.414,-42.414,-42.414,-45.163,,-40.492,-40.492,-40.492,,-42.414,
05-07-2026-Thu 14-12-29-PM,-45.163,-45.163,-40.525,-40.525,-40.525,-42.481,-42.481,-42.481,-45.163,,-40.525,-40.525,-40.525,,-42.481,
05-07-2026-Thu 14-12-30-PM,-45.163,-45.163,-40.525,-40.525,-40.525,-42.414,-42.414,-42.414,-45.163,,-40.525,-40.525,-40.525,,-42.414,
05-07-2026-Thu 14-12-32-PM,-45.163,-45.163,-40.558,-40.558,-40.558,-42.448,-42.448,-42.448,-45.163,,-40.558,-40.558,-40.558,,-42.448,
05-07-2026-Thu 14-12-34-PM,-45.196,-45.196,-40.558,-40.558,-40.558,-42.514,-42.514,-42.514,-45.196,,-40.558,-40.558,-40.558,,-42.514,
05-07-2026-Thu 14-12-35-PM,-45.229,-45.229,-40.592,-40.592,-40.592,-42.514,-42.514,-42.514,-45.229,,-40.592,-40.592,-40.592,,-42.514,
05-07-2026-Thu 14-12-37-PM,-45.196,-45.196,-40.558,-40.558,-40.558,-42.514,-42.514,-42.514,-45.196,,-40.558,-40.558,-40.558,,-42.514,
05-07-2026-Thu 14-12-38-PM,-45.262,-45.262,-40.592,-40.592,-40.592,-42.514,-42.514,-42.514,-45.262,,-40.592,-40.592,-40.592,,-42.514,
05-07-2026-Thu 14-12-39-PM,-45.262,-45.262,-40.658,-40.658,-40.658,-42.547,-42.547,-42.547,-45.262,,-40.658,-40.658,-40.658,,-42.547,
05-07-2026-Thu 14-12-41-PM,-45.262,-45.262,-40.625,-40.625,-40.625,-42.547,-42.547,-42.547,-45.262,,-40.625,-40.625,-40.625,,-42.547,
05-07-2026-Thu 14-12-42-PM,-45.262,-45.262,-40.658,-40.658,-40.658,-42.514,-42.514,-42.514,-45.262,,-40.658,-40.658,-40.658,,-42.514,
05-07-2026-Thu 14-12-44-PM,-45.295,-45.295,-40.658,-40.658,-40.658,-42.547,-42.547,-42.547,-45.295,,-40.658,-40.658,-40.658,,-42.547,
05-07-2026-Thu 14-12-45-PM,-45.295,-45.295,-40.691,-40.691,-40.691,-42.58,-42.58,-42.58,-45.295,,-40.691,-40.691,-40.691,,-42.58,
05-07-2026-Thu 14-12-46-PM,-45.328,-45.328,-40.691,-40.691,-40.691,-42.613,-42.613,-42.613,-45.328,,-40.691,-40.691,-40.691,,-42.613,
05-07-2026-Thu 14-12-48-PM,-45.295,-45.295,-40.724,-40.724,-40.724,-42.613,-42.613,-42.613,-45.295,,-40.724,-40.724,-40.724,,-42.613,
05-07-2026-Thu 14-12-49-PM,-45.328,-45.328,-40.724,-40.724,-40.724,-42.646,-42.646,-42.646,-45.328,,-40.724,-40.724,-40.724,,-42.646,
05-07-2026-Thu 14-12-51-PM,-45.328,-45.328,-40.758,-40.758,-40.758,-42.646,-42.646,-42.646,-45.328,,-40.758,-40.758,-40.758,,-42.646,
05-07-2026-Thu 14-12-52-PM,-45.328,-45.328,-40.724,-40.724,-40.724,-42.613,-42.613,-42.613,-45.328,,-40.724,-40.724,-40.724,,-42.613,
05-07-2026-Thu 14-12-53-PM,-45.362,-45.362,-40.758,-40.758,-40.758,-42.68,-42.68,-42.68,-45.362,,-40.758,-40.758,-40.758,,-42.68,
05-07-2026-Thu 14-12-55-PM,-45.328,-45.328,-40.791,-40.791,-40.791,-42.646,-42.646,-42.646,-45.328,,-40.791,-40.791,-40.791,,-42.646,
05-07-2026-Thu 14-12-56-PM,-45.395,-45.395,-40.824,-40.824,-40.824,-42.68,-42.68,-42.68,-45.395,,-40.824,-40.824,-40.824,,-42.68,
05-07-2026-Thu 14-12-58-PM,-45.428,-45.428,-40.824,-40.824,-40.824,-42.68,-42.68,-42.68,-45.428,,-40.824,-40.824,-40.824,,-42.68,
05-07-2026-Thu 14-12-59-PM,-45.395,-45.395,-40.824,-40.824,-40.824,-42.713,-42.713,-42.713,-45.395,,-40.824,-40.824,-40.824,,-42.713,
05-07-2026-Thu 14-13-00-PM,-45.428,-45.428,-40.857,-40.857,-40.857,-42.746,-42.746,-42.746,-45.428,,-40.857,-40.857,-40.857,,-42.746,
05-07-2026-Thu 14-13-02-PM,-45.428,-45.428,-40.857,-40.857,-40.857,-42.779,-42.779,-42.779,-45.428,,-40.857,-40.857,-40.857,,-42.779,
05-07-2026-Thu 14-13-04-PM,-45.428,-45.428,-40.857,-40.857,-40.857,-42.779,-42.779,-42.779,-45.428,,-40.857,-40.857,-40.857,,-42.779,
05-07-2026-Thu 14-13-05-PM,-45.428,-45.428,-40.857,-40.857,-40.857,-42.812,-42.812,-42.812,-45.428,,-40.857,-40.857,-40.857,,-42.812,
05-07-2026-Thu 14-13-06-PM,-45.461,-45.461,-40.857,-40.857,-40.857,-42.779,-42.779,-42.779,-45.461,,-40.857,-40.857,-40.857,,-42.779,
05-07-2026-Thu 14-13-08-PM,-45.461,-45.461,-40.89,-40.89,-40.89,-42.812,-42.812,-42.812,-45.461,,-40.89,-40.89,-40.89,,-42.812,
05-07-2026-Thu 14-13-09-PM,-45.461,-45.461,-40.89,-40.89,-40.89,-42.812,-42.812,-42.812,-45.461,,-40.89,-40.89,-40.89,,-42.812,
05-07-2026-Thu 14-13-11-PM,-45.461,-45.461,-40.923,-40.923,-40.923,-42.812,-42.812,-42.812,-45.461,,-40.923,-40.923,-40.923,,-42.812,
05-07-2026-Thu 14-13-12-PM,-45.494,-45.494,-40.956,-40.956,-40.956,-42.878,-42.878,-42.878,-45.494,,-40.956,-40.956,-40.956,,-42.878,
05-07-2026-Thu 14-13-13-PM,-45.494,-45.494,-40.956,-40.956,-40.956,-42.845,-42.845,-42.845,-45.494,,-40.956,-40.956,-40.956,,-42.845,
05-07-2026-Thu 14-13-15-PM,-45.494,-45.494,-40.956,-40.956,-40.956,-42.911,-42.911,-42.911,-45.494,,-40.956,-40.956,-40.956,,-42.911,
05-07-2026-Thu 14-13-16-PM,-45.527,-45.527,-40.99,-40.99,-40.99,-42.845,-42.845,-42.845,-45.527,,-40.99,-40.99,-40.99,,-42.845,
05-07-2026-Thu 14-13-18-PM,-45.494,-45.494,-40.99,-40.99,-40.99,-42.878,-42.878,-42.878,-45.494,,-40.99,-40.99,-40.99,,-42.878,
05-07-2026-Thu 14-13-19-PM,-45.56,-45.56,-40.99,-40.99,-40.99,-42.878,-42.878,-42.878,-45.56,,-40.99,-40.99,-40.99,,-42.878,
05-07-2026-Thu 14-13-20-PM,-45.56,-45.56,-41.023,-41.023,-41.023,-42.944,-42.944,-42.944,-45.56,,-41.023,-41.023,-41.023,,-42.944,
05-07-2026-Thu 14-13-22-PM,-45.56,-45.56,-41.023,-41.023,-41.023,-42.911,-42.911,-42.911,-45.56,,-41.023,-41.023,-41.023,,-42.911,
05-07-2026-Thu 14-13-23-PM,-45.56,-45.56,-41.056,-41.056,-41.056,-42.944,-42.944,-42.944,-45.56,,-41.056,-41.056,-41.056,,-42.944,
05-07-2026-Thu 14-13-26-PM,-45.56,-45.56,-41.089,-41.089,-41.089,-43.011,-43.011,-43.011,-45.56,,-41.089,-41.089,-41.089,,-43.011,
05-07-2026-Thu 14-13-27-PM,-45.593,-45.593,-41.089,-41.089,-41.089,-42.944,-42.944,-42.944,-45.593,,-41.089,-41.089,-41.089,,-42.944,
05-07-2026-Thu 14-13-29-PM,-45.593,-45.593,-41.122,-41.122,-41.122,-43.044,-43.044,-43.044,-45.593,,-41.122,-41.122,-41.122,,-43.044,
05-07-2026-Thu 14-13-30-PM,-45.626,-45.626,-41.089,-41.089,-41.089,-42.978,-42.978,-42.978,-45.626,,-41.089,-41.089,-41.089,,-42.978,
05-07-2026-Thu 14-13-31-PM,-45.593,-45.593,-41.122,-41.122,-41.122,-43.077,-43.077,-43.077,-45.593,,-41.122,-41.122,-41.122,,-43.077,
05-07-2026-Thu 14-13-33-PM,-45.626,-45.626,-41.122,-41.122,-41.122,-43.044,-43.044,-43.044,-45.626,,-41.122,-41.122,-41.122,,-43.044,
05-07-2026-Thu 14-13-34-PM,-45.66,-45.66,-41.155,-41.155,-41.155,-43.077,-43.077,-43.077,-45.66,,-41.155,-41.155,-41.155,,-43.077,
05-07-2026-Thu 14-13-36-PM,-45.66,-45.66,-41.155,-41.155,-41.155,-43.044,-43.044,-43.044,-45.66,,-41.155,-41.155,-41.155,,-43.044,
05-07-2026-Thu 14-13-37-PM,-45.66,-45.66,-41.188,-41.188,-41.188,-43.044,-43.044,-43.044,-45.66,,-41.188,-41.188,-41.188,,-43.044,
05-07-2026-Thu 14-13-38-PM,-45.66,-45.66,-41.188,-41.188,-41.188,-43.11,-43.11,-43.11,-45.66,,-41.188,-41.188,-41.188,,-43.11,
05-07-2026-Thu 14-13-40-PM,-45.692,-45.692,-41.221,-41.221,-41.221,-43.143,-43.143,-43.143,-45.692,,-41.221,-41.221,-41.221,,-43.143,
05-07-2026-Thu 14-13-41-PM,-45.726,-45.726,-41.221,-41.221,-41.221,-43.143,-43.143,-43.143,-45.726,,-41.221,-41.221,-41.221,,-43.143,
05-07-2026-Thu 14-13-43-PM,-45.66,-45.66,-41.221,-41.221,-41.221,-43.176,-43.176,-43.176,-45.66,,-41.221,-41.221,-41.221,,-43.176,
05-07-2026-Thu 14-13-45-PM,-45.726,-45.726,-41.255,-41.255,-41.255,-43.176,-43.176,-43.176,-45.726,,-41.255,-41.255,-41.255,,-43.176,
05-07-2026-Thu 14-13-47-PM,-45.726,-45.726,-41.255,-41.255,-41.255,-43.143,-43.143,-43.143,-45.726,,-41.255,-41.255,-41.255,,-43.143,
05-07-2026-Thu 14-13-49-PM,-45.792,-45.792,-41.255,-41.255,-41.255,-43.176,-43.176,-43.176,-45.792,,-41.255,-41.255,-41.255,,-43.176,
05-07-2026-Thu 14-13-50-PM,-45.759,-45.759,-41.288,-41.288,-41.288,-43.143,-43.143,-43.143,-45.759,,-41.288,-41.288,-41.288,,-43.143,
05-07-2026-Thu 14-13-52-PM,-45.792,-45.792,-41.288,-41.288,-41.288,-43.209,-43.209,-43.209,-45.792,,-41.288,-41.288,-41.288,,-43.209,
05-07-2026-Thu 14-13-53-PM,-45.759,-45.759,-41.321,-41.321,-41.321,-43.209,-43.209,-43.209,-45.759,,-41.321,-41.321,-41.321,,-43.209,
05-07-2026-Thu 14-13-54-PM,-45.792,-45.792,-41.321,-41.321,-41.321,-43.309,-43.309,-43.309,-45.792,,-41.321,-41.321,-41.321,,-43.309,
05-07-2026-Thu 14-13-56-PM,-45.792,-45.792,-41.354,-41.354,-41.354,-43.209,-43.209,-43.209,-45.792,,-41.354,-41.354,-41.354,,-43.209,
05-07-2026-Thu 14-13-57-PM,-45.792,-45.792,-41.354,-41.354,-41.354,-43.243,-43.243,-43.243,-45.792,,-41.354,-41.354,-41.354,,-43.243,
05-07-2026-Thu 14-13-59-PM,-45.825,-45.825,-41.387,-41.387,-41.387,-43.243,-43.243,-43.243,-45.825,,-41.387,-41.387,-41.387,,-43.243,
05-07-2026-Thu 14-14-00-PM,-45.825,-45.825,-41.387,-41.387,-41.387,-43.243,-43.243,-43.243,-45.825,,-41.387,-41.387,-41.387,,-43.243,
05-07-2026-Thu 14-14-01-PM,-45.825,-45.825,-41.387,-41.387,-41.387,-43.342,-43.342,-43.342,-45.825,,-41.387,-41.387,-41.387,,-43.342,
05-07-2026-Thu 14-14-03-PM,-45.858,-45.858,-41.42,-41.42,-41.42,-43.342,-43.342,-43.342,-45.858,,-41.42,-41.42,-41.42,,-43.342,
05-07-2026-Thu 14-14-04-PM,-45.858,-45.858,-41.454,-41.454,-41.454,-43.309,-43.309,-43.309,-45.858,,-41.454,-41.454,-41.454,,-43.309,
05-07-2026-Thu 14-14-06-PM,-45.858,-45.858,-41.42,-41.42,-41.42,-43.408,-43.408,-43.408,-45.858,,-41.42,-41.42,-41.42,,-43.408,
05-07-2026-Thu 14-14-07-PM,-45.891,-45.891,-41.454,-41.454,-41.454,-43.375,-43.375,-43.375,-45.891,,-41.454,-41.454,-41.454,,-43.375,
05-07-2026-Thu 14-14-08-PM,-45.858,-45.858,-41.454,-41.454,-41.454,-43.342,-43.342,-43.342,-45.858,,-41.454,-41.454,-41.454,,-43.342,
05-07-2026-Thu 14-14-10-PM,-45.891,-45.891,-41.487,-41.487,-41.487,-43.375,-43.375,-43.375,-45.891,,-41.487,-41.487,-41.487,,-43.375,
05-07-2026-Thu 14-14-11-PM,-45.891,-45.891,-41.487,-41.487,-41.487,-43.375,-43.375,-43.375,-45.891,,-41.487,-41.487,-41.487,,-43.375,
05-07-2026-Thu 14-14-13-PM,-45.891,-45.891,-41.52,-41.52,-41.52,-43.408,-43.408,-43.408,-45.891,,-41.52,-41.52,-41.52,,-43.408,
05-07-2026-Thu 14-14-14-PM,-45.891,-45.891,-41.52,-41.52,-41.52,-43.375,-43.375,-43.375,-45.891,,-41.52,-41.52,-41.52,,-43.375,
05-07-2026-Thu 14-14-15-PM,-45.924,-45.924,-41.52,-41.52,-41.52,-43.408,-43.408,-43.408,-45.924,,-41.52,-41.52,-41.52,,-43.408,
05-07-2026-Thu 14-14-17-PM,-45.957,-45.957,-41.553,-41.553,-41.553,-43.441,-43.441,-43.441,-45.957,,-41.553,-41.553,-41.553,,-43.441,
05-07-2026-Thu 14-14-18-PM,-45.957,-45.957,-41.553,-41.553,-41.553,-43.441,-43.441,-43.441,-45.957,,-41.553,-41.553,-41.553,,-43.441,
05-07-2026-Thu 14-14-20-PM,-45.924,-45.924,-41.553,-41.553,-41.553,-43.408,-43.408,-43.408,-45.924,,-41.553,-41.553,-41.553,,-43.408,
05-07-2026-Thu 14-14-21-PM,-45.957,-45.957,-41.553,-41.553,-41.553,-43.541,-43.541,-43.541,-45.957,,-41.553,-41.553,-41.553,,-43.541,
05-07-2026-Thu 14-14-22-PM,-45.99,-45.99,-41.586,-41.586,-41.586,-43.474,-43.474,-43.474,-45.99,,-41.586,-41.586,-41.586,,-43.474,
05-07-2026-Thu 14-14-24-PM,-45.957,-45.957,-41.586,-41.586,-41.586,-43.508,-43.508,-43.508,-45.957,,-41.586,-41.586,-41.586,,-43.508,
05-07-2026-Thu 14-14-25-PM,-45.99,-45.99,-41.586,-41.586,-41.586,-43.508,-43.508,-43.508,-45.99,,-41.586,-41.586,-41.586,,-43.508,
05-07-2026-Thu 14-14-27-PM,-45.99,-45.99,-41.652,-41.652,-41.652,-43.541,-43.541,-43.541,-45.99,,-41.652,-41.652,-41.652,,-43.541,
05-07-2026-Thu 14-14-28-PM,-45.99,-45.99,-41.652,-41.652,-41.652,-43.508,-43.508,-43.508,-45.99,,-41.652,-41.652,-41.652,,-43.508,
05-07-2026-Thu 14-14-29-PM,-46.023,-46.023,-41.686,-41.686,-41.686,-43.541,-43.541,-43.541,-46.023,,-41.686,-41.686,-41.686,,-43.541,
05-07-2026-Thu 14-14-31-PM,-46.023,-46.023,-41.652,-41.652,-41.652,-43.541,-43.541,-43.541,-46.023,,-41.652,-41.652,-41.652,,-43.541,
05-07-2026-Thu 14-14-32-PM,-45.99,-45.99,-41.652,-41.652,-41.652,-43.607,-43.607,-43.607,-45.99,,-41.652,-41.652,-41.652,,-43.607,
05-07-2026-Thu 14-14-34-PM,-46.023,-46.023,-41.686,-41.686,-41.686,-43.607,-43.607,-43.607,-46.023,,-41.686,-41.686,-41.686,,-43.607,
05-07-2026-Thu 14-14-35-PM,-46.057,-46.057,-41.719,-41.719,-41.719,-43.574,-43.574,-43.574,-46.057,,-41.719,-41.719,-41.719,,-43.574,
05-07-2026-Thu 14-14-36-PM,-46.057,-46.057,-41.719,-41.719,-41.719,-43.706,-43.706,-43.706,-46.057,,-41.719,-41.719,-41.719,,-43.706,
05-07-2026-Thu 14-14-38-PM,-46.057,-46.057,-41.719,-41.719,-41.719,-43.64,-43.64,-43.64,-46.057,,-41.719,-41.719,-41.719,,-43.64,
05-07-2026-Thu 14-14-39-PM,-46.09,-46.09,-41.752,-41.752,-41.752,-43.64,-43.64,-43.64,-46.09,,-41.752,-41.752,-41.752,,-43.64,
05-07-2026-Thu 14-14-41-PM,-46.057,-46.057,-41.752,-41.752,-41.752,-43.673,-43.673,-43.673,-46.057,,-41.752,-41.752,-41.752,,-43.673,
05-07-2026-Thu 14-14-42-PM,-46.09,-46.09,-41.752,-41.752,-41.752,-43.673,-43.673,-43.673,-46.09,,-41.752,-41.752,-41.752,,-43.673,
05-07-2026-Thu 14-14-43-PM,-46.09,-46.09,-41.752,-41.752,-41.752,-43.706,-43.706,-43.706,-46.09,,-41.752,-41.752,-41.752,,-43.706,
05-07-2026-Thu 14-14-45-PM,-46.123,-46.123,-41.785,-41.785,-41.785,-43.706,-43.706,-43.706,-46.123,,-41.785,-41.785,-41.785,,-43.706,
05-07-2026-Thu 14-14-46-PM,-46.123,-46.123,-41.785,-41.785,-41.785,-43.706,-43.706,-43.706,-46.123,,-41.785,-41.785,-41.785,,-43.706,
05-07-2026-Thu 14-14-48-PM,-46.156,-46.156,-41.818,-41.818,-41.818,-43.706,-43.706,-43.706,-46.156,,-41.818,-41.818,-41.818,,-43.706,
05-07-2026-Thu 14-14-49-PM,-46.156,-46.156,-41.851,-41.851,-41.851,-43.739,-43.739,-43.739,-46.156,,-41.851,-41.851,-41.851,,-43.739,
05-07-2026-Thu 14-14-50-PM,-46.189,-46.189,-41.851,-41.851,-41.851,-43.839,-43.839,-43.839,-46.189,,-41.851,-41.851,-41.851,,-43.839,
05-07-2026-Thu 14-14-52-PM,-46.189,-46.189,-41.884,-41.884,-41.884,-43.839,-43.839,-43.839,-46.189,,-41.884,-41.884,-41.884,,-43.839,
05-07-2026-Thu 14-14-53-PM,-46.222,-46.222,-41.917,-41.917,-41.917,-43.872,-43.872,-43.872,-46.222,,-41.917,-41.917,-41.917,,-43.872,
05-07-2026-Thu 14-14-55-PM,-46.222,-46.222,-41.917,-41.917,-41.917,-43.872,-43.872,-43.872,-46.222,,-41.917,-41.917,-41.917,,-43.872,
05-07-2026-Thu 14-14-56-PM,-46.255,-46.255,-41.951,-41.951,-41.951,-43.905,-43.905,-43.905,-46.255,,-41.951,-41.951,-41.951,,-43.905,
05-07-2026-Thu 14-14-57-PM,-46.255,-46.255,-42.017,-42.017,-42.017,-43.971,-43.971,-43.971,-46.255,,-42.017,-42.017,-42.017,,-43.971,
05-07-2026-Thu 14-14-59-PM,-46.321,-46.321,-42.05,-42.05,-42.05,-43.971,-43.971,-43.971,-46.321,,-42.05,-42.05,-42.05,,-43.971,
05-07-2026-Thu 14-15-00-PM,-46.354,-46.354,-42.083,-42.083,-42.083,-44.004,-44.004,-44.004,-46.354,,-42.083,-42.083,-42.083,,-44.004,
05-07-2026-Thu 14-15-02-PM,-46.388,-46.388,-42.149,-42.149,-42.149,-44.037,-44.037,-44.037,-46.388,,-42.149,-42.149,-42.149,,-44.037,
05-07-2026-Thu 14-15-03-PM,-46.42,-46.42,-42.149,-42.149,-42.149,-44.071,-44.071,-44.071,-46.42,,-42.149,-42.149,-42.149,,-44.071,
05-07-2026-Thu 14-15-04-PM,-46.454,-46.454,-42.216,-42.216,-42.216,-44.104,-44.104,-44.104,-46.454,,-42.216,-42.216,-42.216,,-44.104,
05-07-2026-Thu 14-15-06-PM,-46.52,-46.52,-42.249,-42.249,-42.249,-44.17,-44.17,-44.17,-46.52,,-42.249,-42.249,-42.249,,-44.17,
05-07-2026-Thu 14-15-07-PM,-46.52,-46.52,-42.315,-42.315,-42.315,-44.269,-44.269,-44.269,-46.52,,-42.315,-42.315,-42.315,,-44.269,
05-07-2026-Thu 14-15-09-PM,-46.553,-46.553,-42.315,-42.315,-42.315,-44.236,-44.236,-44.236,-46.553,,-42.315,-42.315,-42.315,,-44.236,
05-07-2026-Thu 14-15-10-PM,-46.586,-46.586,-42.348,-42.348,-42.348,-44.335,-44.335,-44.335,-46.586,,-42.348,-42.348,-42.348,,-44.335,
05-07-2026-Thu 14-15-11-PM,-46.652,-46.652,-42.381,-42.381,-42.381,-44.302,-44.302,-44.302,-46.652,,-42.381,-42.381,-42.381,,-44.302,
05-07-2026-Thu 14-15-13-PM,-46.652,-46.652,-42.448,-42.448,-42.448,-44.335,-44.335,-44.335,-46.652,,-42.448,-42.448,-42.448,,-44.335,
05-07-2026-Thu 14-15-14-PM,-46.685,-46.685,-42.481,-42.481,-42.481,-44.435,-44.435,-44.435,-46.685,,-42.481,-42.481,-42.481,,-44.435,
05-07-2026-Thu 14-15-16-PM,-46.751,-46.751,-42.481,-42.481,-42.481,-44.435,-44.435,-44.435,-46.751,,-42.481,-42.481,-42.481,,-44.435,
05-07-2026-Thu 14-15-17-PM,-46.751,-46.751,-42.514,-42.514,-42.514,-44.435,-44.435,-44.435,-46.751,,-42.514,-42.514,-42.514,,-44.435,
05-07-2026-Thu 14-15-18-PM,-46.784,-46.784,-42.547,-42.547,-42.547,-44.534,-44.534,-44.534,-46.784,,-42.547,-42.547,-42.547,,-44.534,
05-07-2026-Thu 14-15-20-PM,-46.818,-46.818,-42.58,-42.58,-42.58,-44.534,-44.534,-44.534,-46.818,,-42.58,-42.58,-42.58,,-44.534,
05-07-2026-Thu 14-15-21-PM,-46.85,-46.85,-42.646,-42.646,-42.646,-44.567,-44.567,-44.567,-46.85,,-42.646,-42.646,-42.646,,-44.567,
05-07-2026-Thu 14-15-23-PM,-46.884,-46.884,-42.68,-42.68,-42.68,-44.633,-44.633,-44.633,-46.884,,-42.68,-42.68,-42.68,,-44.633,
05-07-2026-Thu 14-15-24-PM,-46.917,-46.917,-42.713,-42.713,-42.713,-44.633,-44.633,-44.633,-46.917,,-42.713,-42.713,-42.713,,-44.633,
05-07-2026-Thu 14-15-25-PM,-46.917,-46.917,-42.713,-42.713,-42.713,-44.7,-44.7,-44.7,-46.917,,-42.713,-42.713,-42.713,,-44.7,
05-07-2026-Thu 14-15-27-PM,-46.95,-46.95,-42.779,-42.779,-42.779,-44.766,-44.766,-44.766,-46.95,,-42.779,-42.779,-42.779,,-44.766,
05-07-2026-Thu 14-15-28-PM,-46.983,-46.983,-42.812,-42.812,-42.812,-44.766,-44.766,-44.766,-46.983,,-42.812,-42.812,-42.812,,-44.766,
05-07-2026-Thu 14-15-30-PM,-47.016,-47.016,-42.845,-42.845,-42.845,-44.799,-44.799,-44.799,-47.016,,-42.845,-42.845,-42.845,,-44.799,
05-07-2026-Thu 14-15-31-PM,-47.082,-47.082,-42.878,-42.878,-42.878,-44.832,-44.832,-44.832,-47.082,,-42.878,-42.878,-42.878,,-44.832,
05-07-2026-Thu 14-15-33-PM,-47.115,-47.115,-42.911,-42.911,-42.911,-44.865,-44.865,-44.865,-47.115,,-42.911,-42.911,-42.911,,-44.865,
05-07-2026-Thu 14-15-34-PM,-47.148,-47.148,-42.944,-42.944,-42.944,-44.898,-44.898,-44.898,-47.148,,-42.944,-42.944,-42.944,,-44.898,
05-07-2026-Thu 14-15-35-PM,-47.181,-47.181,-42.978,-42.978,-42.978,-44.964,-44.964,-44.964,-47.181,,-42.978,-42.978,-42.978,,-44.964,
05-07-2026-Thu 14-15-37-PM,-47.214,-47.214,-43.044,-43.044,-43.044,-44.964,-44.964,-44.964,-47.214,,-43.044,-43.044,-43.044,,-44.964,
05-07-2026-Thu 14-15-38-PM,-47.248,-47.248,-43.044,-43.044,-43.044,-44.998,-44.998,-44.998,-47.248,,-43.044,-43.044,-43.044,,-44.998,
05-07-2026-Thu 14-15-39-PM,-47.248,-47.248,-43.077,-43.077,-43.077,-45.097,-45.097,-45.097,-47.248,,-43.077,-43.077,-43.077,,-45.097,
05-07-2026-Thu 14-15-41-PM,-47.314,-47.314,-43.11,-43.11,-43.11,-45.064,-45.064,-45.064,-47.314,,-43.11,-43.11,-43.11,,-45.064,
05-07-2026-Thu 14-15-42-PM,-47.314,-47.314,-43.143,-43.143,-43.143,-45.097,-45.097,-45.097,-47.314,,-43.143,-43.143,-43.143,,-45.097,
05-07-2026-Thu 14-15-43-PM,-47.347,-47.347,-43.176,-43.176,-43.176,-45.13,-45.13,-45.13,-47.347,,-43.176,-43.176,-43.176,,-45.13,
05-07-2026-Thu 14-15-45-PM,-47.38,-47.38,-43.209,-43.209,-43.209,-45.229,-45.229,-45.229,-47.38,,-43.209,-43.209,-43.209,,-45.229,
05-07-2026-Thu 14-15-46-PM,-47.413,-47.413,-43.243,-43.243,-43.243,-45.229,-45.229,-45.229,-47.413,,-43.243,-43.243,-43.243,,-45.229,
05-07-2026-Thu 14-15-47-PM,-47.413,-47.413,-43.276,-43.276,-43.276,-45.229,-45.229,-45.229,-47.413,,-43.276,-43.276,-43.276,,-45.229,
05-07-2026-Thu 14-15-49-PM,-47.512,-47.512,-43.309,-43.309,-43.309,-45.328,-45.328,-45.328,-47.512,,-43.309,-43.309,-43.309,,-45.328,
05-07-2026-Thu 14-15-50-PM,-47.512,-47.512,-43.309,-43.309,-43.309,-45.328,-45.328,-45.328,-47.512,,-43.309,-43.309,-43.309,,-45.328,
05-07-2026-Thu 14-15-52-PM,-47.545,-47.545,-43.375,-43.375,-43.375,-45.395,-45.395,-45.395,-47.545,,-43.375,-43.375,-43.375,,-45.395,
05-07-2026-Thu 14-15-53-PM,-47.578,-47.578,-43.375,-43.375,-43.375,-45.362,-45.362,-45.362,-47.578,,-43.375,-43.375,-43.375,,-45.362,
05-07-2026-Thu 14-15-54-PM,-47.611,-47.611,-43.441,-43.441,-43.441,-45.428,-45.428,-45.428,-47.611,,-43.441,-43.441,-43.441,,-45.428,
05-07-2026-Thu 14-15-56-PM,-47.611,-47.611,-43.474,-43.474,-43.474,-45.428,-45.428,-45.428,-47.611,,-43.474,-43.474,-43.474,,-45.428,
05-07-2026-Thu 14-15-57-PM,-47.677,-47.677,-43.474,-43.474,-43.474,-45.494,-45.494,-45.494,-47.677,,-43.474,-43.474,-43.474,,-45.494,
05-07-2026-Thu 14-15-59-PM,-47.711,-47.711,-43.541,-43.541,-43.541,-45.527,-45.527,-45.527,-47.711,,-43.541,-43.541,-43.541,,-45.527,
05-07-2026-Thu 14-16-00-PM,-47.711,-47.711,-43.541,-43.541,-43.541,-45.494,-45.494,-45.494,-47.711,,-43.541,-43.541,-43.541,,-45.494,
05-07-2026-Thu 14-16-01-PM,-47.744,-47.744,-43.574,-43.574,-43.574,-45.527,-45.527,-45.527,-47.744,,-43.574,-43.574,-43.574,,-45.527,
05-07-2026-Thu 14-16-03-PM,-47.777,-47.777,-43.64,-43.64,-43.64,-45.56,-45.56,-45.56,-47.777,,-43.64,-43.64,-43.64,,-45.56,
05-07-2026-Thu 14-16-04-PM,-47.81,-47.81,-43.64,-43.64,-43.64,-45.593,-45.593,-45.593,-47.81,,-43.64,-43.64,-43.64,,-45.593,
05-07-2026-Thu 14-16-06-PM,-47.843,-47.843,-43.673,-43.673,-43.673,-45.692,-45.692,-45.692,-47.843,,-43.673,-43.673,-43.673,,-45.692,
05-07-2026-Thu 14-16-07-PM,-47.876,-47.876,-43.706,-43.706,-43.706,-45.692,-45.692,-45.692,-47.876,,-43.706,-43.706,-43.706,,-45.692,
05-07-2026-Thu 14-16-08-PM,-47.909,-47.909,-43.739,-43.739,-43.739,-45.66,-45.66,-45.66,-47.909,,-43.739,-43.739,-43.739,,-45.66,
05-07-2026-Thu 14-16-10-PM,-47.942,-47.942,-43.772,-43.772,-43.772,-45.726,-45.726,-45.726,-47.942,,-43.772,-43.772,-43.772,,-45.726,
05-07-2026-Thu 14-16-13-PM,-47.975,-47.975,-43.806,-43.806,-43.806,-45.759,-45.759,-45.759,-47.975,,-43.806,-43.806,-43.806,,-45.759,
05-07-2026-Thu 14-16-16-PM,-48.008,-48.008,-43.905,-43.905,-43.905,-45.792,-45.792,-45.792,-48.008,,-43.905,-43.905,-43.905,,-45.792,
05-07-2026-Thu 14-16-17-PM,-48.074,-48.074,-43.938,-43.938,-43.938,-45.957,-45.957,-45.957,-48.074,,-43.938,-43.938,-43.938,,-45.957,
05-07-2026-Thu 14-16-19-PM,-48.107,-48.107,-43.971,-43.971,-43.971,-45.924,-45.924,-45.924,-48.107,,-43.971,-43.971,-43.971,,-45.924,
05-07-2026-Thu 14-16-20-PM,-48.173,-48.173,-44.004,-44.004,-44.004,-45.957,-45.957,-45.957,-48.173,,-44.004,-44.004,-44.004,,-45.957,
05-07-2026-Thu 14-16-21-PM,-48.173,-48.173,-44.004,-44.004,-44.004,-46.057,-46.057,-46.057,-48.173,,-44.004,-44.004,-44.004,,-46.057,
05-07-2026-Thu 14-16-23-PM,-48.24,-48.24,-44.037,-44.037,-44.037,-46.09,-46.09,-46.09,-48.24,,-44.037,-44.037,-44.037,,-46.09,
05-07-2026-Thu 14-16-24-PM,-48.24,-48.24,-44.104,-44.104,-44.104,-46.057,-46.057,-46.057,-48.24,,-44.104,-44.104,-44.104,,-46.057,
05-07-2026-Thu 14-16-26-PM,-48.273,-48.273,-44.137,-44.137,-44.137,-46.057,-46.057,-46.057,-48.273,,-44.137,-44.137,-44.137,,-46.057,
05-07-2026-Thu 14-16-27-PM,-48.273,-48.273,-44.137,-44.137,-44.137,-46.123,-46.123,-46.123,-48.273,,-44.137,-44.137,-44.137,,-46.123,
05-07-2026-Thu 14-16-28-PM,-48.306,-48.306,-44.17,-44.17,-44.17,-46.156,-46.156,-46.156,-48.306,,-44.17,-44.17,-44.17,,-46.156,
05-07-2026-Thu 14-16-30-PM,-48.372,-48.372,-44.203,-44.203,-44.203,-46.156,-46.156,-46.156,-48.372,,-44.203,-44.203,-44.203,,-46.156,
05-07-2026-Thu 14-16-31-PM,-48.372,-48.372,-44.236,-44.236,-44.236,-46.189,-46.189,-46.189,-48.372,,-44.236,-44.236,-44.236,,-46.189,
05-07-2026-Thu 14-16-33-PM,-48.438,-48.438,-44.236,-44.236,-44.236,-46.255,-46.255,-46.255,-48.438,,-44.236,-44.236,-44.236,,-46.255,
05-07-2026-Thu 14-16-34-PM,-48.438,-48.438,-44.269,-44.269,-44.269,-46.321,-46.321,-46.321,-48.438,,-44.269,-44.269,-44.269,,-46.321,
05-07-2026-Thu 14-16-35-PM,-48.471,-48.471,-44.335,-44.335,-44.335,-46.255,-46.255,-46.255,-48.471,,-44.335,-44.335,-44.335,,-46.255,
05-07-2026-Thu 14-16-37-PM,-48.504,-48.504,-44.335,-44.335,-44.335,-46.321,-46.321,-46.321,-48.504,,-44.335,-44.335,-44.335,,-46.321,
05-07-2026-Thu 14-16-38-PM,-48.504,-48.504,-44.368,-44.368,-44.368,-46.388,-46.388,-46.388,-48.504,,-44.368,-44.368,-44.368,,-46.388,
05-07-2026-Thu 14-16-40-PM,-48.537,-48.537,-44.402,-44.402,-44.402,-46.388,-46.388,-46.388,-48.537,,-44.402,-44.402,-44.402,,-46.388,
05-07-2026-Thu 14-16-41-PM,-48.57,-48.57,-44.435,-44.435,-44.435,-46.354,-46.354,-46.354,-48.57,,-44.435,-44.435,-44.435,,-46.354,
05-07-2026-Thu 14-16-42-PM,-48.603,-48.603,-44.468,-44.468,-44.468,-46.487,-46.487,-46.487,-48.603,,-44.468,-44.468,-44.468,,-46.487,
05-07-2026-Thu 14-16-44-PM,-48.636,-48.636,-44.501,-44.501,-44.501,-46.454,-46.454,-46.454,-48.636,,-44.501,-44.501,-44.501,,-46.454,
05-07-2026-Thu 14-16-45-PM,-48.636,-48.636,-44.501,-44.501,-44.501,-46.487,-46.487,-46.487,-48.636,,-44.501,-44.501,-44.501,,-46.487,
05-07-2026-Thu 14-16-46-PM,-48.669,-48.669,-44.534,-44.534,-44.534,-46.52,-46.52,-46.52,-48.669,,-44.534,-44.534,-44.534,,-46.52,
05-07-2026-Thu 14-16-48-PM,-48.702,-48.702,-44.567,-44.567,-44.567,-46.586,-46.586,-46.586,-48.702,,-44.567,-44.567,-44.567,,-46.586,
05-07-2026-Thu 14-16-49-PM,-48.736,-48.736,-44.567,-44.567,-44.567,-46.619,-46.619,-46.619,-48.736,,-44.567,-44.567,-44.567,,-46.619,
05-07-2026-Thu 14-16-52-PM,-48.769,-48.769,-44.6,-44.6,-44.6,-46.652,-46.652,-46.652,-48.769,,-44.6,-44.6,-44.6,,-46.652,
05-07-2026-Thu 14-16-55-PM,-48.802,-48.802,-44.633,-44.633,-44.633,-46.652,-46.652,-46.652,-48.802,,-44.633,-44.633,-44.633,,-46.652,
05-07-2026-Thu 14-16-57-PM,-48.868,-48.868,-44.733,-44.733,-44.733,-46.718,-46.718,-46.718,-48.868,,-44.733,-44.733,-44.733,,-46.718,
05-07-2026-Thu 14-16-58-PM,-48.934,-48.934,-44.766,-44.766,-44.766,-46.784,-46.784,-46.784,-48.934,,-44.766,-44.766,-44.766,,-46.784,
05-07-2026-Thu 14-16-59-PM,-48.967,-48.967,-44.766,-44.766,-44.766,-46.784,-46.784,-46.784,-48.967,,-44.766,-44.766,-44.766,,-46.784,
05-07-2026-Thu 14-17-01-PM,-48.967,-48.967,-44.799,-44.799,-44.799,-46.751,-46.751,-46.751,-48.967,,-44.799,-44.799,-44.799,,-46.751,
05-07-2026-Thu 14-17-02-PM,-48.967,-48.967,-44.832,-44.832,-44.832,-46.85,-46.85,-46.85,-48.967,,-44.832,-44.832,-44.832,,-46.85,
05-07-2026-Thu 14-17-03-PM,-49.033,-49.033,-44.865,-44.865,-44.865,-46.85,-46.85,-46.85,-49.033,,-44.865,-44.865,-44.865,,-46.85,
05-07-2026-Thu 14-17-05-PM,-49.033,-49.033,-44.898,-44.898,-44.898,-46.884,-46.884,-46.884,-49.033,,-44.898,-44.898,-44.898,,-46.884,
05-07-2026-Thu 14-17-06-PM,-49.066,-49.066,-44.898,-44.898,-44.898,-46.884,-46.884,-46.884,-49.066,,-44.898,-44.898,-44.898,,-46.884,
05-07-2026-Thu 14-17-08-PM,-49.099,-49.099,-44.931,-44.931,-44.931,-46.95,-46.95,-46.95,-49.099,,-44.931,-44.931,-44.931,,-46.95,
05-07-2026-Thu 14-17-09-PM,-49.099,-49.099,-44.964,-44.964,-44.964,-46.917,-46.917,-46.917,-49.099,,-44.964,-44.964,-44.964,,-46.917,
05-07-2026-Thu 14-17-11-PM,-49.165,-49.165,-44.998,-44.998,-44.998,-46.95,-46.95,-46.95,-49.165,,-44.998,-44.998,-44.998,,-46.95,
05-07-2026-Thu 14-17-12-PM,-49.198,-49.198,-45.031,-45.031,-45.031,-47.016,-47.016,-47.016,-49.198,,-45.031,-45.031,-45.031,,-47.016,
05-07-2026-Thu 14-17-14-PM,-49.198,-49.198,-45.064,-45.064,-45.064,-47.016,-47.016,-47.016,-49.198,,-45.064,-45.064,-45.064,,-47.016,
05-07-2026-Thu 14-17-15-PM,-49.231,-49.231,-45.064,-45.064,-45.064,-47.016,-47.016,-47.016,-49.231,,-45.064,-45.064,-45.064,,-47.016,
05-07-2026-Thu 14-17-16-PM,-49.264,-49.264,-45.097,-45.097,-45.097,-47.115,-47.115,-47.115,-49.264,,-45.097,-45.097,-45.097,,-47.115,
05-07-2026-Thu 14-17-18-PM,-49.298,-49.298,-45.13,-45.13,-45.13,-47.082,-47.082,-47.082,-49.298,,-45.13,-45.13,-45.13,,-47.082,
05-07-2026-Thu 14-17-19-PM,-49.33,-49.33,-45.163,-45.163,-45.163,-47.181,-47.181,-47.181,-49.33,,-45.163,-45.163,-45.163,,-47.181,
05-07-2026-Thu 14-17-21-PM,-49.33,-49.33,-45.163,-45.163,-45.163,-47.148,-47.148,-47.148,-49.33,,-45.163,-45.163,-45.163,,-47.148,
05-07-2026-Thu 14-17-22-PM,-49.397,-49.397,-45.196,-45.196,-45.196,-47.181,-47.181,-47.181,-49.397,,-45.196,-45.196,-45.196,,-47.181,
05-07-2026-Thu 14-17-23-PM,-49.397,-49.397,-45.229,-45.229,-45.229,-47.248,-47.248,-47.248,-49.397,,-45.229,-45.229,-45.229,,-47.248,
05-07-2026-Thu 14-17-25-PM,-49.43,-49.43,-45.262,-45.262,-45.262,-47.281,-47.281,-47.281,-49.43,,-45.262,-45.262,-45.262,,-47.281,
05-07-2026-Thu 14-17-26-PM,-49.463,-49.463,-45.262,-45.262,-45.262,-47.314,-47.314,-47.314,-49.463,,-45.262,-45.262,-45.262,,-47.314,
05-07-2026-Thu 14-17-28-PM,-49.496,-49.496,-45.295,-45.295,-45.295,-47.314,-47.314,-47.314,-49.496,,-45.295,-45.295,-45.295,,-47.314,
05-07-2026-Thu 14-17-29-PM,-49.496,-49.496,-45.328,-45.328,-45.328,-47.347,-47.347,-47.347,-49.496,,-45.328,-45.328,-45.328,,-47.347,
05-07-2026-Thu 14-17-31-PM,-49.529,-49.529,-45.362,-45.362,-45.362,-47.281,-47.281,-47.281,-49.529,,-45.362,-45.362,-45.362,,-47.281,
05-07-2026-Thu 14-17-32-PM,-49.562,-49.562,-45.362,-45.362,-45.362,-47.38,-47.38,-47.38,-49.562,,-45.362,-45.362,-45.362,,-47.38,
05-07-2026-Thu 14-17-33-PM,-49.595,-49.595,-45.428,-45.428,-45.428,-47.38,-47.38,-47.38,-49.595,,-45.428,-45.428,-45.428,,-47.38,
05-07-2026-Thu 14-17-35-PM,-49.628,-49.628,-45.395,-45.395,-45.395,-47.413,-47.413,-47.413,-49.628,,-45.395,-45.395,-45.395,,-47.413,
05-07-2026-Thu 14-17-36-PM,-49.628,-49.628,-45.461,-45.461,-45.461,-47.413,-47.413,-47.413,-49.628,,-45.461,-45.461,-45.461,,-47.413,
05-07-2026-Thu 14-17-37-PM,-49.661,-49.661,-45.494,-45.494,-45.494,-47.446,-47.446,-47.446,-49.661,,-45.494,-45.494,-45.494,,-47.446,
05-07-2026-Thu 14-17-39-PM,-49.694,-49.694,-45.494,-45.494,-45.494,-47.479,-47.479,-47.479,-49.694,,-45.494,-45.494,-45.494,,-47.479,
05-07-2026-Thu 14-17-40-PM,-49.727,-49.727,-45.527,-45.527,-45.527,-47.578,-47.578,-47.578,-49.727,,-45.527,-45.527,-45.527,,-47.578,
05-07-2026-Thu 14-17-42-PM,-49.727,-49.727,-45.527,-45.527,-45.527,-47.545,-47.545,-47.545,-49.727,,-45.527,-45.527,-45.527,,-47.545,
05-07-2026-Thu 14-17-43-PM,-49.793,-49.793,-45.56,-45.56,-45.56,-47.545,-47.545,-47.545,-49.793,,-45.56,-45.56,-45.56,,-47.545,
05-07-2026-Thu 14-17-44-PM,-49.793,-49.793,-45.593,-45.593,-45.593,-47.611,-47.611,-47.611,-49.793,,-45.593,-45.593,-45.593,,-47.611,
05-07-2026-Thu 14-17-46-PM,-49.826,-49.826,-45.593,-45.593,-45.593,-47.611,-47.611,-47.611,-49.826,,-45.593,-45.593,-45.593,,-47.611,
05-07-2026-Thu 14-17-47-PM,-49.826,-49.826,-45.66,-45.66,-45.66,-47.677,-47.677,-47.677,-49.826,,-45.66,-45.66,-45.66,,-47.677,
05-07-2026-Thu 14-17-49-PM,-49.892,-49.892,-45.66,-45.66,-45.66,-47.711,-47.711,-47.711,-49.892,,-45.66,-45.66,-45.66,,-47.711,
05-07-2026-Thu 14-17-50-PM,-49.892,-49.892,-45.692,-45.692,-45.692,-47.644,-47.644,-47.644,-49.892,,-45.692,-45.692,-45.692,,-47.644,
05-07-2026-Thu 14-17-51-PM,-49.925,-49.925,-45.726,-45.726,-45.726,-47.711,-47.711,-47.711,-49.925,,-45.726,-45.726,-45.726,,-47.711,
05-07-2026-Thu 14-17-53-PM,-49.958,-49.958,-45.726,-45.726,-45.726,-47.711,-47.711,-47.711,-49.958,,-45.726,-45.726,-45.726,,-47.711,
05-07-2026-Thu 14-17-54-PM,-49.991,-49.991,-45.759,-45.759,-45.759,-47.744,-47.744,-47.744,-49.991,,-45.759,-45.759,-45.759,,-47.744,
05-07-2026-Thu 14-17-56-PM,-50.024,-50.024,-45.792,-45.792,-45.792,-47.81,-47.81,-47.81,-50.024,,-45.792,-45.792,-45.792,,-47.81,
05-07-2026-Thu 14-17-57-PM,-50.024,-50.024,-45.792,-45.792,-45.792,-47.81,-47.81,-47.81,-50.024,,-45.792,-45.792,-45.792,,-47.81,
05-07-2026-Thu 14-17-58-PM,-50.058,-50.058,-45.825,-45.825,-45.825,-47.81,-47.81,-47.81,-50.058,,-45.825,-45.825,-45.825,,-47.81,
05-07-2026-Thu 14-18-00-PM,-50.091,-50.091,-45.858,-45.858,-45.858,-47.843,-47.843,-47.843,-50.091,,-45.858,-45.858,-45.858,,-47.843,
05-07-2026-Thu 14-18-01-PM,-50.091,-50.091,-45.891,-45.891,-45.891,-47.876,-47.876,-47.876,-50.091,,-45.891,-45.891,-45.891,,-47.876,
05-07-2026-Thu 14-18-02-PM,-50.124,-50.124,-45.924,-45.924,-45.924,-47.876,-47.876,-47.876,-50.124,,-45.924,-45.924,-45.924,,-47.876,
05-07-2026-Thu 14-18-04-PM,-50.124,-50.124,-45.924,-45.924,-45.924,-47.876,-47.876,-47.876,-50.124,,-45.924,-45.924,-45.924,,-47.876,
05-07-2026-Thu 14-18-06-PM,-50.19,-50.19,-45.957,-45.957,-45.957,-47.876,-47.876,-47.876,-50.19,,-45.957,-45.957,-45.957,,-47.876,
05-07-2026-Thu 14-18-08-PM,-50.256,-50.256,-45.99,-45.99,-45.99,-47.942,-47.942,-47.942,-50.256,,-45.99,-45.99,-45.99,,-47.942,
05-07-2026-Thu 14-18-11-PM,-50.256,-50.256,-45.99,-45.99,-45.99,-48.008,-48.008,-48.008,-50.256,,-45.99,-45.99,-45.99,,-48.008,
05-07-2026-Thu 14-18-13-PM,-50.289,-50.289,-46.023,-46.023,-46.023,-48.041,-48.041,-48.041,-50.289,,-46.023,-46.023,-46.023,,-48.041,
05-07-2026-Thu 14-18-14-PM,-50.322,-50.322,-46.09,-46.09,-46.09,-48.041,-48.041,-48.041,-50.322,,-46.09,-46.09,-46.09,,-48.041,
05-07-2026-Thu 14-18-15-PM,-50.355,-50.355,-46.09,-46.09,-46.09,-48.074,-48.074,-48.074,-50.355,,-46.09,-46.09,-46.09,,-48.074,
05-07-2026-Thu 14-18-17-PM,-50.388,-50.388,-46.123,-46.123,-46.123,-48.14,-48.14,-48.14,-50.388,,-46.123,-46.123,-46.123,,-48.14,
05-07-2026-Thu 14-18-18-PM,-50.388,-50.388,-46.156,-46.156,-46.156,-48.207,-48.207,-48.207,-50.388,,-46.156,-46.156,-46.156,,-48.207,
05-07-2026-Thu 14-18-20-PM,-50.454,-50.454,-46.156,-46.156,-46.156,-48.173,-48.173,-48.173,-50.454,,-46.156,-46.156,-46.156,,-48.173,
05-07-2026-Thu 14-18-21-PM,-50.454,-50.454,-46.189,-46.189,-46.189,-48.207,-48.207,-48.207,-50.454,,-46.189,-46.189,-46.189,,-48.207,
05-07-2026-Thu 14-18-22-PM,-50.487,-50.487,-46.222,-46.222,-46.222,-48.207,-48.207,-48.207,-50.487,,-46.222,-46.222,-46.222,,-48.207,
05-07-2026-Thu 14-18-24-PM,-50.52,-50.52,-46.222,-46.222,-46.222,-48.207,-48.207,-48.207,-50.52,,-46.222,-46.222,-46.222,,-48.207,
05-07-2026-Thu 14-18-25-PM,-50.52,-50.52,-46.255,-46.255,-46.255,-48.24,-48.24,-48.24,-50.52,,-46.255,-46.255,-46.255,,-48.24,
05-07-2026-Thu 14-18-27-PM,-50.586,-50.586,-46.255,-46.255,-46.255,-48.207,-48.207,-48.207,-50.586,,-46.255,-46.255,-46.255,,-48.207,
05-07-2026-Thu 14-18-28-PM,-50.586,-50.586,-46.321,-46.321,-46.321,-48.306,-48.306,-48.306,-50.586,,-46.321,-46.321,-46.321,,-48.306,
05-07-2026-Thu 14-18-29-PM,-50.619,-50.619,-46.321,-46.321,-46.321,-48.372,-48.372,-48.372,-50.619,,-46.321,-46.321,-46.321,,-48.372,
05-07-2026-Thu 14-18-31-PM,-50.619,-50.619,-46.321,-46.321,-46.321,-48.438,-48.438,-48.438,-50.619,,-46.321,-46.321,-46.321,,-48.438,
05-07-2026-Thu 14-18-32-PM,-50.685,-50.685,-46.354,-46.354,-46.354,-48.405,-48.405,-48.405,-50.685,,-46.354,-46.354,-46.354,,-48.405,
05-07-2026-Thu 14-18-34-PM,-50.685,-50.685,-46.388,-46.388,-46.388,-48.405,-48.405,-48.405,-50.685,,-46.388,-46.388,-46.388,,-48.405,
05-07-2026-Thu 14-18-35-PM,-50.718,-50.718,-46.42,-46.42,-46.42,-48.372,-48.372,-48.372,-50.718,,-46.42,-46.42,-46.42,,-48.372,
05-07-2026-Thu 14-18-36-PM,-50.751,-50.751,-46.42,-46.42,-46.42,-48.405,-48.405,-48.405,-50.751,,-46.42,-46.42,-46.42,,-48.405,
05-07-2026-Thu 14-18-38-PM,-50.751,-50.751,-46.454,-46.454,-46.454,-48.438,-48.438,-48.438,-50.751,,-46.454,-46.454,-46.454,,-48.438,
05-07-2026-Thu 14-18-39-PM,-50.784,-50.784,-46.487,-46.487,-46.487,-48.438,-48.438,-48.438,-50.784,,-46.487,-46.487,-46.487,,-48.438,
05-07-2026-Thu 14-18-41-PM,-50.817,-50.817,-46.487,-46.487,-46.487,-48.504,-48.504,-48.504,-50.817,,-46.487,-46.487,-46.487,,-48.504,
05-07-2026-Thu 14-18-42-PM,-50.85,-50.85,-46.52,-46.52,-46.52,-48.537,-48.537,-48.537,-50.85,,-46.52,-46.52,-46.52,,-48.537,
05-07-2026-Thu 14-18-43-PM,-50.85,-50.85,-46.553,-46.553,-46.553,-48.57,-48.57,-48.57,-50.85,,-46.553,-46.553,-46.553,,-48.57,
05-07-2026-Thu 14-18-45-PM,-50.85,-50.85,-46.586,-46.586,-46.586,-48.57,-48.57,-48.57,-50.85,,-46.586,-46.586,-46.586,,-48.57,
05-07-2026-Thu 14-18-46-PM,-50.884,-50.884,-46.586,-46.586,-46.586,-48.57,-48.57,-48.57,-50.884,,-46.586,-46.586,-46.586,,-48.57,
05-07-2026-Thu 14-18-47-PM,-50.916,-50.916,-46.619,-46.619,-46.619,-48.636,-48.636,-48.636,-50.916,,-46.619,-46.619,-46.619,,-48.636,
05-07-2026-Thu 14-18-49-PM,-50.95,-50.95,-46.619,-46.619,-46.619,-48.702,-48.702,-48.702,-50.95,,-46.619,-46.619,-46.619,,-48.702,
05-07-2026-Thu 14-18-50-PM,-50.982,-50.982,-46.619,-46.619,-46.619,-48.636,-48.636,-48.636,-50.982,,-46.619,-46.619,-46.619,,-48.636,
05-07-2026-Thu 14-18-51-PM,-50.982,-50.982,-46.652,-46.652,-46.652,-48.603,-48.603,-48.603,-50.982,,-46.652,-46.652,-46.652,,-48.603,
05-07-2026-Thu 14-18-53-PM,-51.016,-51.016,-46.652,-46.652,-46.652,-48.736,-48.736,-48.736,-51.016,,-46.652,-46.652,-46.652,,-48.736,
05-07-2026-Thu 14-18-54-PM,-51.016,-51.016,-46.718,-46.718,-46.718,-48.669,-48.669,-48.669,-51.016,,-46.718,-46.718,-46.718,,-48.669,
05-07-2026-Thu 14-18-56-PM,-51.049,-51.049,-46.751,-46.751,-46.751,-48.702,-48.702,-48.702,-51.049,,-46.751,-46.751,-46.751,,-48.702,
05-07-2026-Thu 14-18-57-PM,-51.082,-51.082,-46.751,-46.751,-46.751,-48.702,-48.702,-48.702,-51.082,,-46.751,-46.751,-46.751,,-48.702,
05-07-2026-Thu 14-18-58-PM,-51.082,-51.082,-46.751,-46.751,-46.751,-48.669,-48.669,-48.669,-51.082,,-46.751,-46.751,-46.751,,-48.669,
05-07-2026-Thu 14-19-00-PM,-51.115,-51.115,-46.784,-46.784,-46.784,-48.802,-48.802,-48.802,-51.115,,-46.784,-46.784,-46.784,,-48.802,
05-07-2026-Thu 14-19-01-PM,-51.181,-51.181,-46.818,-46.818,-46.818,-48.835,-48.835,-48.835,-51.181,,-46.818,-46.818,-46.818,,-48.835,
05-07-2026-Thu 14-19-03-PM,-51.148,-51.148,-46.818,-46.818,-46.818,-48.802,-48.802,-48.802,-51.148,,-46.818,-46.818,-46.818,,-48.802,
05-07-2026-Thu 14-19-04-PM,-51.214,-51.214,-46.85,-46.85,-46.85,-48.868,-48.868,-48.868,-51.214,,-46.85,-46.85,-46.85,,-48.868,
05-07-2026-Thu 14-19-05-PM,-51.247,-51.247,-46.884,-46.884,-46.884,-48.868,-48.868,-48.868,-51.247,,-46.884,-46.884,-46.884,,-48.868,
05-07-2026-Thu 14-19-07-PM,-51.247,-51.247,-46.884,-46.884,-46.884,-48.835,-48.835,-48.835,-51.247,,-46.884,-46.884,-46.884,,-48.835,
05-07-2026-Thu 14-19-08-PM,-51.247,-51.247,-46.917,-46.917,-46.917,-48.901,-48.901,-48.901,-51.247,,-46.917,-46.917,-46.917,,-48.901,
05-07-2026-Thu 14-19-10-PM,-51.28,-51.28,-46.917,-46.917,-46.917,-48.901,-48.901,-48.901,-51.28,,-46.917,-46.917,-46.917,,-48.901,
05-07-2026-Thu 14-19-11-PM,-51.313,-51.313,-46.95,-46.95,-46.95,-48.934,-48.934,-48.934,-51.313,,-46.95,-46.95,-46.95,,-48.934,
05-07-2026-Thu 14-19-13-PM,-51.346,-51.346,-46.983,-46.983,-46.983,-48.934,-48.934,-48.934,-51.346,,-46.983,-46.983,-46.983,,-48.934,
05-07-2026-Thu 14-19-14-PM,-51.379,-51.379,-47.016,-47.016,-47.016,-49.033,-49.033,-49.033,-51.379,,-47.016,-47.016,-47.016,,-49.033,
05-07-2026-Thu 14-19-16-PM,-51.379,-51.379,-47.049,-47.049,-47.049,-49.033,-49.033,-49.033,-51.379,,-47.049,-47.049,-47.049,,-49.033,
05-07-2026-Thu 14-19-17-PM,-51.412,-51.412,-47.049,-47.049,-47.049,-48.967,-48.967,-48.967,-51.412,,-47.049,-47.049,-47.049,,-48.967,
05-07-2026-Thu 14-19-18-PM,-51.445,-51.445,-47.049,-47.049,-47.049,-49.066,-49.066,-49.066,-51.445,,-47.049,-47.049,-47.049,,-49.066,
05-07-2026-Thu 14-19-20-PM,-51.445,-51.445,-47.082,-47.082,-47.082,-49.0,-49.0,-49.0,-51.445,,-47.082,-47.082,-47.082,,-49.0,
05-07-2026-Thu 14-19-21-PM,-51.478,-51.478,-47.082,-47.082,-47.082,-49.066,-49.066,-49.066,-51.478,,-47.082,-47.082,-47.082,,-49.066,
05-07-2026-Thu 14-19-23-PM,-51.511,-51.511,-47.148,-47.148,-47.148,-49.099,-49.099,-49.099,-51.511,,-47.148,-47.148,-47.148,,-49.099,
05-07-2026-Thu 14-19-24-PM,-51.511,-51.511,-47.148,-47.148,-47.148,-49.132,-49.132,-49.132,-51.511,,-47.148,-47.148,-47.148,,-49.132,
05-07-2026-Thu 14-19-25-PM,-51.544,-51.544,-47.181,-47.181,-47.181,-49.099,-49.099,-49.099,-51.544,,-47.181,-47.181,-47.181,,-49.099,
05-07-2026-Thu 14-19-27-PM,-51.544,-51.544,-47.148,-47.148,-47.148,-49.165,-49.165,-49.165,-51.544,,-47.148,-47.148,-47.148,,-49.165,
05-07-2026-Thu 14-19-28-PM,-51.61,-51.61,-47.214,-47.214,-47.214,-49.231,-49.231,-49.231,-51.61,,-47.214,-47.214,-47.214,,-49.231,
05-07-2026-Thu 14-19-30-PM,-51.61,-51.61,-47.248,-47.248,-47.248,-49.264,-49.264,-49.264,-51.61,,-47.248,-47.248,-47.248,,-49.264,
05-07-2026-Thu 14-19-31-PM,-51.643,-51.643,-47.248,-47.248,-47.248,-49.198,-49.198,-49.198,-51.643,,-47.248,-47.248,-47.248,,-49.198,
05-07-2026-Thu 14-19-32-PM,-51.643,-51.643,-47.248,-47.248,-47.248,-49.298,-49.298,-49.298,-51.643,,-47.248,-47.248,-47.248,,-49.298,
05-07-2026-Thu 14-19-34-PM,-51.709,-51.709,-47.281,-47.281,-47.281,-49.33,-49.33,-49.33,-51.709,,-47.281,-47.281,-47.281,,-49.33,
05-07-2026-Thu 14-19-35-PM,-51.709,-51.709,-47.314,-47.314,-47.314,-49.231,-49.231,-49.231,-51.709,,-47.314,-47.314,-47.314,,-49.231,
05-07-2026-Thu 14-19-37-PM,-51.709,-51.709,-47.347,-47.347,-47.347,-49.298,-49.298,-49.298,-51.709,,-47.347,-47.347,-47.347,,-49.298,
05-07-2026-Thu 14-19-38-PM,-51.775,-51.775,-47.347,-47.347,-47.347,-49.397,-49.397,-49.397,-51.775,,-47.347,-47.347,-47.347,,-49.397,
05-07-2026-Thu 14-19-39-PM,-51.775,-51.775,-47.347,-47.347,-47.347,-49.397,-49.397,-49.397,-51.775,,-47.347,-47.347,-47.347,,-49.397,
05-07-2026-Thu 14-19-41-PM,-51.808,-51.808,-47.413,-47.413,-47.413,-49.364,-49.364,-49.364,-51.808,,-47.413,-47.413,-47.413,,-49.364,
05-07-2026-Thu 14-19-42-PM,-51.808,-51.808,-47.413,-47.413,-47.413,-49.43,-49.43,-49.43,-51.808,,-47.413,-47.413,-47.413,,-49.43,
05-07-2026-Thu 14-19-44-PM,-51.841,-51.841,-47.413,-47.413,-47.413,-49.43,-49.43,-49.43,-51.841,,-47.413,-47.413,-47.413,,-49.43,
05-07-2026-Thu 14-19-45-PM,-51.841,-51.841,-47.446,-47.446,-47.446,-49.463,-49.463,-49.463,-51.841,,-47.446,-47.446,-47.446,,-49.463,
05-07-2026-Thu 14-19-46-PM,-51.874,-51.874,-47.479,-47.479,-47.479,-49.562,-49.562,-49.562,-51.874,,-47.479,-47.479,-47.479,,-49.562,
05-07-2026-Thu 14-19-48-PM,-51.907,-51.907,-47.512,-47.512,-47.512,-49.496,-49.496,-49.496,-51.907,,-47.512,-47.512,-47.512,,-49.496,
05-07-2026-Thu 14-19-49-PM,-51.907,-51.907,-47.512,-47.512,-47.512,-49.529,-49.529,-49.529,-51.907,,-47.512,-47.512,-47.512,,-49.529,
05-07-2026-Thu 14-19-52-PM,-51.973,-51.973,-47.545,-47.545,-47.545,-49.562,-49.562,-49.562,-51.973,,-47.545,-47.545,-47.545,,-49.562,
05-07-2026-Thu 14-19-55-PM,-51.973,-51.973,-47.611,-47.611,-47.611,-49.496,-49.496,-49.496,-51.973,,-47.611,-47.611,-47.611,,-49.496,
05-07-2026-Thu 14-19-56-PM,-52.04,-52.04,-47.611,-47.611,-47.611,-49.595,-49.595,-49.595,-52.04,,-47.611,-47.611,-47.611,,-49.595,
05-07-2026-Thu 14-19-58-PM,-52.04,-52.04,-47.611,-47.611,-47.611,-49.628,-49.628,-49.628,-52.04,,-47.611,-47.611,-47.611,,-49.628,
05-07-2026-Thu 14-19-59-PM,-52.072,-52.072,-47.677,-47.677,-47.677,-49.628,-49.628,-49.628,-52.072,,-47.677,-47.677,-47.677,,-49.628,
05-07-2026-Thu 14-20-01-PM,-52.072,-52.072,-47.677,-47.677,-47.677,-49.628,-49.628,-49.628,-52.072,,-47.677,-47.677,-47.677,,-49.628,
05-07-2026-Thu 14-20-02-PM,-52.106,-52.106,-47.711,-47.711,-47.711,-49.661,-49.661,-49.661,-52.106,,-47.711,-47.711,-47.711,,-49.661,
05-07-2026-Thu 14-20-03-PM,-52.138,-52.138,-47.711,-47.711,-47.711,-49.661,-49.661,-49.661,-52.138,,-47.711,-47.711,-47.711,,-49.661,
05-07-2026-Thu 14-20-05-PM,-52.172,-52.172,-47.744,-47.744,-47.744,-49.694,-49.694,-49.694,-52.172,,-47.744,-47.744,-47.744,,-49.694,
05-07-2026-Thu 14-20-06-PM,-52.172,-52.172,-47.777,-47.777,-47.777,-49.694,-49.694,-49.694,-52.172,,-47.777,-47.777,-47.777,,-49.694,
05-07-2026-Thu 14-20-08-PM,-52.238,-52.238,-47.81,-47.81,-47.81,-49.793,-49.793,-49.793,-52.238,,-47.81,-47.81,-47.81,,-49.793,
05-07-2026-Thu 14-20-09-PM,-52.205,-52.205,-47.81,-47.81,-47.81,-49.76,-49.76,-49.76,-52.205,,-47.81,-47.81,-47.81,,-49.76,
05-07-2026-Thu 14-20-10-PM,-52.205,-52.205,-47.81,-47.81,-47.81,-49.76,-49.76,-49.76,-52.205,,-47.81,-47.81,-47.81,,-49.76,
05-07-2026-Thu 14-20-12-PM,-52.271,-52.271,-47.81,-47.81,-47.81,-49.826,-49.826,-49.826,-52.271,,-47.81,-47.81,-47.81,,-49.826,
05-07-2026-Thu 14-20-13-PM,-52.271,-52.271,-47.843,-47.843,-47.843,-49.859,-49.859,-49.859,-52.271,,-47.843,-47.843,-47.843,,-49.859,
05-07-2026-Thu 14-20-14-PM,-52.304,-52.304,-47.876,-47.876,-47.876,-49.859,-49.859,-49.859,-52.304,,-47.876,-47.876,-47.876,,-49.859,
05-07-2026-Thu 14-20-16-PM,-52.304,-52.304,-47.876,-47.876,-47.876,-49.892,-49.892,-49.892,-52.304,,-47.876,-47.876,-47.876,,-49.892,
05-07-2026-Thu 14-20-17-PM,-52.337,-52.337,-47.909,-47.909,-47.909,-49.892,-49.892,-49.892,-52.337,,-47.909,-47.909,-47.909,,-49.892,
05-07-2026-Thu 14-20-20-PM,-52.337,-52.337,-47.909,-47.909,-47.909,-49.826,-49.826,-49.826,-52.337,,-47.909,-47.909,-47.909,,-49.826,
05-07-2026-Thu 14-20-23-PM,-52.403,-52.403,-47.942,-47.942,-47.942,-49.925,-49.925,-49.925,-52.403,,-47.942,-47.942,-47.942,,-49.925,
05-07-2026-Thu 14-20-25-PM,-52.436,-52.436,-48.008,-48.008,-48.008,-49.991,-49.991,-49.991,-52.436,,-48.008,-48.008,-48.008,,-49.991,
05-07-2026-Thu 14-20-26-PM,-52.469,-52.469,-48.041,-48.041,-48.041,-50.091,-50.091,-50.091,-52.469,,-48.041,-48.041,-48.041,,-50.091,
05-07-2026-Thu 14-20-27-PM,-52.469,-52.469,-48.041,-48.041,-48.041,-49.991,-49.991,-49.991,-52.469,,-48.041,-48.041,-48.041,,-49.991,
05-07-2026-Thu 14-20-29-PM,-52.535,-52.535,-48.074,-48.074,-48.074,-50.024,-50.024,-50.024,-52.535,,-48.074,-48.074,-48.074,,-50.024,
05-07-2026-Thu 14-20-30-PM,-52.535,-52.535,-48.107,-48.107,-48.107,-50.058,-50.058,-50.058,-52.535,,-48.107,-48.107,-48.107,,-50.058,
05-07-2026-Thu 14-20-32-PM,-52.535,-52.535,-48.074,-48.074,-48.074,-50.091,-50.091,-50.091,-52.535,,-48.074,-48.074,-48.074,,-50.091,
05-07-2026-Thu 14-20-33-PM,-52.568,-52.568,-48.107,-48.107,-48.107,-50.058,-50.058,-50.058,-52.568,,-48.107,-48.107,-48.107,,-50.058,
05-07-2026-Thu 14-20-34-PM,-52.568,-52.568,-48.14,-48.14,-48.14,-50.058,-50.058,-50.058,-52.568,,-48.14,-48.14,-48.14,,-50.058,
05-07-2026-Thu 14-20-36-PM,-52.601,-52.601,-48.14,-48.14,-48.14,-50.091,-50.091,-50.091,-52.601,,-48.14,-48.14,-48.14,,-50.091,
05-07-2026-Thu 14-20-38-PM,-52.634,-52.634,-48.173,-48.173,-48.173,-50.157,-50.157,-50.157,-52.634,,-48.173,-48.173,-48.173,,-50.157,
05-07-2026-Thu 14-20-39-PM,-52.634,-52.634,-48.207,-48.207,-48.207,-50.223,-50.223,-50.223,-52.634,,-48.207,-48.207,-48.207,,-50.223,
05-07-2026-Thu 14-20-40-PM,-52.634,-52.634,-48.207,-48.207,-48.207,-50.19,-50.19,-50.19,-52.634,,-48.207,-48.207,-48.207,,-50.19,
05-07-2026-Thu 14-20-42-PM,-52.667,-52.667,-48.24,-48.24,-48.24,-50.289,-50.289,-50.289,-52.667,,-48.24,-48.24,-48.24,,-50.289,
05-07-2026-Thu 14-20-43-PM,-52.7,-52.7,-48.273,-48.273,-48.273,-50.157,-50.157,-50.157,-52.7,,-48.273,-48.273,-48.273,,-50.157,
05-07-2026-Thu 14-20-44-PM,-52.733,-52.733,-48.273,-48.273,-48.273,-50.289,-50.289,-50.289,-52.733,,-48.273,-48.273,-48.273,,-50.289,
05-07-2026-Thu 14-20-46-PM,-52.766,-52.766,-48.306,-48.306,-48.306,-50.19,-50.19,-50.19,-52.766,,-48.306,-48.306,-48.306,,-50.19,
05-07-2026-Thu 14-20-47-PM,-52.733,-52.733,-48.306,-48.306,-48.306,-50.355,-50.355,-50.355,-52.733,,-48.306,-48.306,-48.306,,-50.355,
05-07-2026-Thu 14-20-48-PM,-52.766,-52.766,-48.306,-48.306,-48.306,-50.289,-50.289,-50.289,-52.766,,-48.306,-48.306,-48.306,,-50.289,
05-07-2026-Thu 14-20-50-PM,-52.799,-52.799,-48.372,-48.372,-48.372,-50.289,-50.289,-50.289,-52.799,,-48.372,-48.372,-48.372,,-50.289,
05-07-2026-Thu 14-20-51-PM,-52.799,-52.799,-48.372,-48.372,-48.372,-50.322,-50.322,-50.322,-52.799,,-48.372,-48.372,-48.372,,-50.322,
05-07-2026-Thu 14-20-52-PM,-52.799,-52.799,-48.372,-48.372,-48.372,-50.388,-50.388,-50.388,-52.799,,-48.372,-48.372,-48.372,,-50.388,
05-07-2026-Thu 14-20-54-PM,-52.865,-52.865,-48.405,-48.405,-48.405,-50.322,-50.322,-50.322,-52.865,,-48.405,-48.405,-48.405,,-50.322,
05-07-2026-Thu 14-20-55-PM,-52.898,-52.898,-48.405,-48.405,-48.405,-50.322,-50.322,-50.322,-52.898,,-48.405,-48.405,-48.405,,-50.322,
05-07-2026-Thu 14-20-57-PM,-52.898,-52.898,-48.438,-48.438,-48.438,-50.454,-50.454,-50.454,-52.898,,-48.438,-48.438,-48.438,,-50.454,
05-07-2026-Thu 14-20-58-PM,-52.931,-52.931,-48.471,-48.471,-48.471,-50.454,-50.454,-50.454,-52.931,,-48.471,-48.471,-48.471,,-50.454,
05-07-2026-Thu 14-20-59-PM,-52.931,-52.931,-48.471,-48.471,-48.471,-50.388,-50.388,-50.388,-52.931,,-48.471,-48.471,-48.471,,-50.388,
05-07-2026-Thu 14-21-01-PM,-52.964,-52.964,-48.471,-48.471,-48.471,-50.421,-50.421,-50.421,-52.964,,-48.471,-48.471,-48.471,,-50.421,
05-07-2026-Thu 14-21-02-PM,-52.964,-52.964,-48.504,-48.504,-48.504,-50.421,-50.421,-50.421,-52.964,,-48.504,-48.504,-48.504,,-50.421,
05-07-2026-Thu 14-21-04-PM,-52.997,-52.997,-48.537,-48.537,-48.537,-50.454,-50.454,-50.454,-52.997,,-48.537,-48.537,-48.537,,-50.454,
05-07-2026-Thu 14-21-05-PM,-52.997,-52.997,-48.537,-48.537,-48.537,-50.421,-50.421,-50.421,-52.997,,-48.537,-48.537,-48.537,,-50.421,
05-07-2026-Thu 14-21-06-PM,-53.03,-53.03,-48.57,-48.57,-48.57,-50.52,-50.52,-50.52,-53.03,,-48.57,-48.57,-48.57,,-50.52,
05-07-2026-Thu 14-21-08-PM,-53.03,-53.03,-48.603,-48.603,-48.603,-50.586,-50.586,-50.586,-53.03,,-48.603,-48.603,-48.603,,-50.586,
05-07-2026-Thu 14-21-09-PM,-53.063,-53.063,-48.603,-48.603,-48.603,-50.553,-50.553,-50.553,-53.063,,-48.603,-48.603,-48.603,,-50.553,
05-07-2026-Thu 14-21-11-PM,-53.096,-53.096,-48.603,-48.603,-48.603,-50.586,-50.586,-50.586,-53.096,,-48.603,-48.603,-48.603,,-50.586,
05-07-2026-Thu 14-21-12-PM,-53.063,-53.063,-48.636,-48.636,-48.636,-50.586,-50.586,-50.586,-53.063,,-48.636,-48.636,-48.636,,-50.586,
05-07-2026-Thu 14-21-13-PM,-53.096,-53.096,-48.636,-48.636,-48.636,-50.586,-50.586,-50.586,-53.096,,-48.636,-48.636,-48.636,,-50.586,
05-07-2026-Thu 14-21-15-PM,-53.129,-53.129,-48.669,-48.669,-48.669,-50.586,-50.586,-50.586,-53.129,,-48.669,-48.669,-48.669,,-50.586,
05-07-2026-Thu 14-21-16-PM,-53.162,-53.162,-48.702,-48.702,-48.702,-50.619,-50.619,-50.619,-53.162,,-48.702,-48.702,-48.702,,-50.619,
05-07-2026-Thu 14-21-18-PM,-53.162,-53.162,-48.702,-48.702,-48.702,-50.652,-50.652,-50.652,-53.162,,-48.702,-48.702,-48.702,,-50.652,
05-07-2026-Thu 14-21-19-PM,-53.195,-53.195,-48.736,-48.736,-48.736,-50.586,-50.586,-50.586,-53.195,,-48.736,-48.736,-48.736,,-50.586,
05-07-2026-Thu 14-21-20-PM,-53.195,-53.195,-48.736,-48.736,-48.736,-50.685,-50.685,-50.685,-53.195,,-48.736,-48.736,-48.736,,-50.685,
05-07-2026-Thu 14-21-22-PM,-53.228,-53.228,-48.736,-48.736,-48.736,-50.751,-50.751,-50.751,-53.228,,-48.736,-48.736,-48.736,,-50.751,
05-07-2026-Thu 14-21-23-PM,-53.228,-53.228,-48.769,-48.769,-48.769,-50.718,-50.718,-50.718,-53.228,,-48.769,-48.769,-48.769,,-50.718,
05-07-2026-Thu 14-21-24-PM,-53.261,-53.261,-48.769,-48.769,-48.769,-50.784,-50.784,-50.784,-53.261,,-48.769,-48.769,-48.769,,-50.784,
05-07-2026-Thu 14-21-25-PM,-53.294,-53.294,-48.802,-48.802,-48.802,-50.817,-50.817,-50.817,-53.294,,-48.802,-48.802,-48.802,,-50.817,
05-07-2026-Thu 14-21-27-PM,-53.261,-53.261,-48.835,-48.835,-48.835,-50.718,-50.718,-50.718,-53.261,,-48.835,-48.835,-48.835,,-50.718,
05-07-2026-Thu 14-21-28-PM,-53.294,-53.294,-48.835,-48.835,-48.835,-50.784,-50.784,-50.784,-53.294,,-48.835,-48.835,-48.835,,-50.784,
05-07-2026-Thu 14-21-30-PM,-53.294,-53.294,-48.835,-48.835,-48.835,-50.884,-50.884,-50.884,-53.294,,-48.835,-48.835,-48.835,,-50.884,
05-07-2026-Thu 14-21-31-PM,-53.327,-53.327,-48.901,-48.901,-48.901,-50.85,-50.85,-50.85,-53.327,,-48.901,-48.901,-48.901,,-50.85,
05-07-2026-Thu 14-21-32-PM,-53.327,-53.327,-48.868,-48.868,-48.868,-50.85,-50.85,-50.85,-53.327,,-48.868,-48.868,-48.868,,-50.85,
05-07-2026-Thu 14-21-34-PM,-53.36,-53.36,-48.934,-48.934,-48.934,-50.884,-50.884,-50.884,-53.36,,-48.934,-48.934,-48.934,,-50.884,
05-07-2026-Thu 14-21-35-PM,-53.393,-53.393,-48.934,-48.934,-48.934,-50.916,-50.916,-50.916,-53.393,,-48.934,-48.934,-48.934,,-50.916,
05-07-2026-Thu 14-21-37-PM,-53.426,-53.426,-48.901,-48.901,-48.901,-50.95,-50.95,-50.95,-53.426,,-48.901,-48.901,-48.901,,-50.95,
05-07-2026-Thu 14-21-40-PM,-53.426,-53.426,-48.967,-48.967,-48.967,-50.916,-50.916,-50.916,-53.426,,-48.967,-48.967,-48.967,,-50.916,
05-07-2026-Thu 14-21-43-PM,-53.426,-53.426,-49.033,-49.033,-49.033,-50.982,-50.982,-50.982,-53.426,,-49.033,-49.033,-49.033,,-50.982,
05-07-2026-Thu 14-21-44-PM,-53.492,-53.492,-49.033,-49.033,-49.033,-51.016,-51.016,-51.016,-53.492,,-49.033,-49.033,-49.033,,-51.016,
05-07-2026-Thu 14-21-47-PM,-53.492,-53.492,-49.066,-49.066,-49.066,-51.016,-51.016,-51.016,-53.492,,-49.066,-49.066,-49.066,,-51.016,
05-07-2026-Thu 14-21-50-PM,-53.558,-53.558,-49.099,-49.099,-49.099,-51.082,-51.082,-51.082,-53.558,,-49.099,-49.099,-49.099,,-51.082,
05-07-2026-Thu 14-21-51-PM,-53.558,-53.558,-49.132,-49.132,-49.132,-51.049,-51.049,-51.049,-53.558,,-49.132,-49.132,-49.132,,-51.049,
05-07-2026-Thu 14-21-53-PM,-53.591,-53.591,-49.165,-49.165,-49.165,-51.082,-51.082,-51.082,-53.591,,-49.165,-49.165,-49.165,,-51.082,
05-07-2026-Thu 14-21-54-PM,-53.591,-53.591,-49.165,-49.165,-49.165,-51.115,-51.115,-51.115,-53.591,,-49.165,-49.165,-49.165,,-51.115,
05-07-2026-Thu 14-21-56-PM,-53.624,-53.624,-49.165,-49.165,-49.165,-51.049,-51.049,-51.049,-53.624,,-49.165,-49.165,-49.165,,-51.049,
05-07-2026-Thu 14-21-57-PM,-53.624,-53.624,-49.231,-49.231,-49.231,-51.181,-51.181,-51.181,-53.624,,-49.231,-49.231,-49.231,,-51.181,
05-07-2026-Thu 14-21-58-PM,-53.69,-53.69,-49.231,-49.231,-49.231,-51.181,-51.181,-51.181,-53.69,,-49.231,-49.231,-49.231,,-51.181,
05-07-2026-Thu 14-22-00-PM,-53.69,-53.69,-49.231,-49.231,-49.231,-51.181,-51.181,-51.181,-53.69,,-49.231,-49.231,-49.231,,-51.181,
05-07-2026-Thu 14-22-01-PM,-53.69,-53.69,-49.231,-49.231,-49.231,-51.214,-51.214,-51.214,-53.69,,-49.231,-49.231,-49.231,,-51.214,
05-07-2026-Thu 14-22-03-PM,-53.723,-53.723,-49.264,-49.264,-49.264,-51.214,-51.214,-51.214,-53.723,,-49.264,-49.264,-49.264,,-51.214,
05-07-2026-Thu 14-22-04-PM,-53.723,-53.723,-49.298,-49.298,-49.298,-51.28,-51.28,-51.28,-53.723,,-49.298,-49.298,-49.298,,-51.28,
05-07-2026-Thu 14-22-05-PM,-53.756,-53.756,-49.298,-49.298,-49.298,-51.214,-51.214,-51.214,-53.756,,-49.298,-49.298,-49.298,,-51.214,
05-07-2026-Thu 14-22-07-PM,-53.756,-53.756,-49.33,-49.33,-49.33,-51.247,-51.247,-51.247,-53.756,,-49.33,-49.33,-49.33,,-51.247,
05-07-2026-Thu 14-22-08-PM,-53.789,-53.789,-49.33,-49.33,-49.33,-51.214,-51.214,-51.214,-53.789,,-49.33,-49.33,-49.33,,-51.214,
05-07-2026-Thu 14-22-10-PM,-53.789,-53.789,-49.364,-49.364,-49.364,-51.247,-51.247,-51.247,-53.789,,-49.364,-49.364,-49.364,,-51.247,
05-07-2026-Thu 14-22-11-PM,-53.822,-53.822,-49.364,-49.364,-49.364,-51.313,-51.313,-51.313,-53.822,,-49.364,-49.364,-49.364,,-51.313,
05-07-2026-Thu 14-22-12-PM,-53.822,-53.822,-49.397,-49.397,-49.397,-51.346,-51.346,-51.346,-53.822,,-49.397,-49.397,-49.397,,-51.346,
05-07-2026-Thu 14-22-14-PM,-53.855,-53.855,-49.397,-49.397,-49.397,-51.313,-51.313,-51.313,-53.855,,-49.397,-49.397,-49.397,,-51.313,
05-07-2026-Thu 14-22-15-PM,-53.888,-53.888,-49.43,-49.43,-49.43,-51.379,-51.379,-51.379,-53.888,,-49.43,-49.43,-49.43,,-51.379,
05-07-2026-Thu 14-22-16-PM,-53.855,-53.855,-49.43,-49.43,-49.43,-51.346,-51.346,-51.346,-53.855,,-49.43,-49.43,-49.43,,-51.346,
05-07-2026-Thu 14-22-18-PM,-53.888,-53.888,-49.463,-49.463,-49.463,-51.346,-51.346,-51.346,-53.888,,-49.463,-49.463,-49.463,,-51.346,
05-07-2026-Thu 14-22-20-PM,-53.921,-53.921,-49.463,-49.463,-49.463,-51.445,-51.445,-51.445,-53.921,,-49.463,-49.463,-49.463,,-51.445,
05-07-2026-Thu 14-22-21-PM,-53.921,-53.921,-49.496,-49.496,-49.496,-51.478,-51.478,-51.478,-53.921,,-49.496,-49.496,-49.496,,-51.478,
05-07-2026-Thu 14-22-22-PM,-53.921,-53.921,-49.496,-49.496,-49.496,-51.478,-51.478,-51.478,-53.921,,-49.496,-49.496,-49.496,,-51.478,
05-07-2026-Thu 14-22-24-PM,-53.954,-53.954,-49.529,-49.529,-49.529,-51.379,-51.379,-51.379,-53.954,,-49.529,-49.529,-49.529,,-51.379,
05-07-2026-Thu 14-22-25-PM,-53.987,-53.987,-49.529,-49.529,-49.529,-51.478,-51.478,-51.478,-53.987,,-49.529,-49.529,-49.529,,-51.478,
05-07-2026-Thu 14-22-27-PM,-53.987,-53.987,-49.562,-49.562,-49.562,-51.478,-51.478,-51.478,-53.987,,-49.562,-49.562,-49.562,,-51.478,
05-07-2026-Thu 14-22-28-PM,-53.987,-53.987,-49.562,-49.562,-49.562,-51.544,-51.544,-51.544,-53.987,,-49.562,-49.562,-49.562,,-51.544,
05-07-2026-Thu 14-22-30-PM,-54.02,-54.02,-49.595,-49.595,-49.595,-51.544,-51.544,-51.544,-54.02,,-49.595,-49.595,-49.595,,-51.544,
05-07-2026-Thu 14-22-31-PM,-54.02,-54.02,-49.628,-49.628,-49.628,-51.478,-51.478,-51.478,-54.02,,-49.628,-49.628,-49.628,,-51.478,
05-07-2026-Thu 14-22-32-PM,-54.053,-54.053,-49.595,-49.595,-49.595,-51.61,-51.61,-51.61,-54.053,,-49.595,-49.595,-49.595,,-51.61,
05-07-2026-Thu 14-22-34-PM,-54.086,-54.086,-49.628,-49.628,-49.628,-51.61,-51.61,-51.61,-54.086,,-49.628,-49.628,-49.628,,-51.61,
05-07-2026-Thu 14-22-35-PM,-54.086,-54.086,-49.694,-49.694,-49.694,-51.511,-51.511,-51.511,-54.086,,-49.694,-49.694,-49.694,,-51.511,
05-07-2026-Thu 14-22-37-PM,-54.086,-54.086,-49.694,-49.694,-49.694,-51.709,-51.709,-51.709,-54.086,,-49.694,-49.694,-49.694,,-51.709,
05-07-2026-Thu 14-22-38-PM,-54.119,-54.119,-49.694,-49.694,-49.694,-51.577,-51.577,-51.577,-54.119,,-49.694,-49.694,-49.694,,-51.577,
05-07-2026-Thu 14-22-39-PM,-54.119,-54.119,-49.727,-49.727,-49.727,-51.643,-51.643,-51.643,-54.119,,-49.727,-49.727,-49.727,,-51.643,
05-07-2026-Thu 14-22-41-PM,-54.152,-54.152,-49.727,-49.727,-49.727,-51.709,-51.709,-51.709,-54.152,,-49.727,-49.727,-49.727,,-51.709,
05-07-2026-Thu 14-22-42-PM,-54.119,-54.119,-49.76,-49.76,-49.76,-51.676,-51.676,-51.676,-54.119,,-49.76,-49.76,-49.76,,-51.676,
05-07-2026-Thu 14-22-44-PM,-54.185,-54.185,-49.727,-49.727,-49.727,-51.709,-51.709,-51.709,-54.185,,-49.727,-49.727,-49.727,,-51.709,
05-07-2026-Thu 14-22-45-PM,-54.185,-54.185,-49.76,-49.76,-49.76,-51.709,-51.709,-51.709,-54.185,,-49.76,-49.76,-49.76,,-51.709,
05-07-2026-Thu 14-22-46-PM,-54.218,-54.218,-49.76,-49.76,-49.76,-51.676,-51.676,-51.676,-54.218,,-49.76,-49.76,-49.76,,-51.676,
05-07-2026-Thu 14-22-48-PM,-54.218,-54.218,-49.793,-49.793,-49.793,-51.742,-51.742,-51.742,-54.218,,-49.793,-49.793,-49.793,,-51.742,
05-07-2026-Thu 14-22-49-PM,-54.251,-54.251,-49.826,-49.826,-49.826,-51.775,-51.775,-51.775,-54.251,,-49.826,-49.826,-49.826,,-51.775,
05-07-2026-Thu 14-22-51-PM,-54.284,-54.284,-49.826,-49.826,-49.826,-51.742,-51.742,-51.742,-54.284,,-49.826,-49.826,-49.826,,-51.742,
05-07-2026-Thu 14-22-52-PM,-54.251,-54.251,-49.859,-49.859,-49.859,-51.775,-51.775,-51.775,-54.251,,-49.859,-49.859,-49.859,,-51.775,
05-07-2026-Thu 14-22-53-PM,-54.284,-54.284,-49.892,-49.892,-49.892,-51.742,-51.742,-51.742,-54.284,,-49.892,-49.892,-49.892,,-51.742,
05-07-2026-Thu 14-22-55-PM,-54.284,-54.284,-49.892,-49.892,-49.892,-51.841,-51.841,-51.841,-54.284,,-49.892,-49.892,-49.892,,-51.841,
05-07-2026-Thu 14-22-56-PM,-54.317,-54.317,-49.892,-49.892,-49.892,-51.907,-51.907,-51.907,-54.317,,-49.892,-49.892,-49.892,,-51.907,
05-07-2026-Thu 14-22-58-PM,-54.317,-54.317,-49.892,-49.892,-49.892,-51.808,-51.808,-51.808,-54.317,,-49.892,-49.892,-49.892,,-51.808,
05-07-2026-Thu 14-22-59-PM,-54.35,-54.35,-49.958,-49.958,-49.958,-51.808,-51.808,-51.808,-54.35,,-49.958,-49.958,-49.958,,-51.808,
05-07-2026-Thu 14-23-00-PM,-54.35,-54.35,-49.958,-49.958,-49.958,-51.874,-51.874,-51.874,-54.35,,-49.958,-49.958,-49.958,,-51.874,
05-07-2026-Thu 14-23-02-PM,-54.383,-54.383,-49.991,-49.991,-49.991,-51.94,-51.94,-51.94,-54.383,,-49.991,-49.991,-49.991,,-51.94,
05-07-2026-Thu 14-23-03-PM,-54.416,-54.416,-49.958,-49.958,-49.958,-51.907,-51.907,-51.907,-54.416,,-49.958,-49.958,-49.958,,-51.907,
05-07-2026-Thu 14-23-04-PM,-54.383,-54.383,-49.991,-49.991,-49.991,-51.973,-51.973,-51.973,-54.383,,-49.991,-49.991,-49.991,,-51.973,
05-07-2026-Thu 14-23-06-PM,-54.416,-54.416,-50.024,-50.024,-50.024,-51.973,-51.973,-51.973,-54.416,,-50.024,-50.024,-50.024,,-51.973,
05-07-2026-Thu 14-23-07-PM,-54.449,-54.449,-50.058,-50.058,-50.058,-51.973,-51.973,-51.973,-54.449,,-50.058,-50.058,-50.058,,-51.973,
05-07-2026-Thu 14-23-09-PM,-54.416,-54.416,-50.058,-50.058,-50.058,-51.973,-51.973,-51.973,-54.416,,-50.058,-50.058,-50.058,,-51.973,
05-07-2026-Thu 14-23-10-PM,-54.449,-54.449,-50.091,-50.091,-50.091,-52.006,-52.006,-52.006,-54.449,,-50.091,-50.091,-50.091,,-52.006,
05-07-2026-Thu 14-23-11-PM,-54.449,-54.449,-50.091,-50.091,-50.091,-52.072,-52.072,-52.072,-54.449,,-50.091,-50.091,-50.091,,-52.072,
05-07-2026-Thu 14-23-13-PM,-54.482,-54.482,-50.124,-50.124,-50.124,-52.04,-52.04,-52.04,-54.482,,-50.124,-50.124,-50.124,,-52.04,
05-07-2026-Thu 14-23-14-PM,-54.482,-54.482,-50.124,-50.124,-50.124,-51.94,-51.94,-51.94,-54.482,,-50.124,-50.124,-50.124,,-51.94,
05-07-2026-Thu 14-23-16-PM,-54.515,-54.515,-50.124,-50.124,-50.124,-52.04,-52.04,-52.04,-54.515,,-50.124,-50.124,-50.124,,-52.04,
05-07-2026-Thu 14-23-17-PM,-54.515,-54.515,-50.157,-50.157,-50.157,-52.072,-52.072,-52.072,-54.515,,-50.157,-50.157,-50.157,,-52.072,
05-07-2026-Thu 14-23-18-PM,-54.548,-54.548,-50.19,-50.19,-50.19,-52.072,-52.072,-52.072,-54.548,,-50.19,-50.19,-50.19,,-52.072,
05-07-2026-Thu 14-23-20-PM,-54.515,-54.515,-50.19,-50.19,-50.19,-52.006,-52.006,-52.006,-54.515,,-50.19,-50.19,-50.19,,-52.006,
05-07-2026-Thu 14-23-21-PM,-54.548,-54.548,-50.19,-50.19,-50.19,-52.106,-52.106,-52.106,-54.548,,-50.19,-50.19,-50.19,,-52.106,
05-07-2026-Thu 14-23-22-PM,-54.581,-54.581,-50.19,-50.19,-50.19,-51.94,-51.94,-51.94,-54.581,,-50.19,-50.19,-50.19,,-51.94,
05-07-2026-Thu 14-23-24-PM,-54.581,-54.581,-50.223,-50.223,-50.223,-52.205,-52.205,-52.205,-54.581,,-50.223,-50.223,-50.223,,-52.205,
05-07-2026-Thu 14-23-25-PM,-54.581,-54.581,-50.256,-50.256,-50.256,-52.138,-52.138,-52.138,-54.581,,-50.256,-50.256,-50.256,,-52.138,
05-07-2026-Thu 14-23-26-PM,-54.614,-54.614,-50.256,-50.256,-50.256,-52.172,-52.172,-52.172,-54.614,,-50.256,-50.256,-50.256,,-52.172,
05-07-2026-Thu 14-23-28-PM,-54.614,-54.614,-50.289,-50.289,-50.289,-52.138,-52.138,-52.138,-54.614,,-50.289,-50.289,-50.289,,-52.138,
05-07-2026-Thu 14-23-29-PM,-54.68,-54.68,-50.289,-50.289,-50.289,-52.238,-52.238,-52.238,-54.68,,-50.289,-50.289,-50.289,,-52.238,
05-07-2026-Thu 14-23-31-PM,-54.68,-54.68,-50.322,-50.322,-50.322,-52.271,-52.271,-52.271,-54.68,,-50.322,-50.322,-50.322,,-52.271,
05-07-2026-Thu 14-23-32-PM,-54.68,-54.68,-50.322,-50.322,-50.322,-52.205,-52.205,-52.205,-54.68,,-50.322,-50.322,-50.322,,-52.205,
05-07-2026-Thu 14-23-33-PM,-54.68,-54.68,-50.322,-50.322,-50.322,-52.304,-52.304,-52.304,-54.68,,-50.322,-50.322,-50.322,,-52.304,
05-07-2026-Thu 14-23-35-PM,-54.68,-54.68,-50.355,-50.355,-50.355,-52.304,-52.304,-52.304,-54.68,,-50.355,-50.355,-50.355,,-52.304,
05-07-2026-Thu 14-23-36-PM,-54.713,-54.713,-50.355,-50.355,-50.355,-52.271,-52.271,-52.271,-54.713,,-50.355,-50.355,-50.355,,-52.271,
05-07-2026-Thu 14-23-38-PM,-54.713,-54.713,-50.355,-50.355,-50.355,-52.205,-52.205,-52.205,-54.713,,-50.355,-50.355,-50.355,,-52.205,
05-07-2026-Thu 14-23-39-PM,-54.746,-54.746,-50.388,-50.388,-50.388,-52.304,-52.304,-52.304,-54.746,,-50.388,-50.388,-50.388,,-52.304,
05-07-2026-Thu 14-23-40-PM,-54.746,-54.746,-50.388,-50.388,-50.388,-52.238,-52.238,-52.238,-54.746,,-50.388,-50.388,-50.388,,-52.238,
05-07-2026-Thu 14-23-42-PM,-54.779,-54.779,-50.421,-50.421,-50.421,-52.37,-52.37,-52.37,-54.779,,-50.421,-50.421,-50.421,,-52.37,
05-07-2026-Thu 14-23-45-PM,-54.779,-54.779,-50.421,-50.421,-50.421,-52.37,-52.37,-52.37,-54.779,,-50.421,-50.421,-50.421,,-52.37,
05-07-2026-Thu 14-23-47-PM,-54.812,-54.812,-50.487,-50.487,-50.487,-52.37,-52.37,-52.37,-54.812,,-50.487,-50.487,-50.487,,-52.37,
05-07-2026-Thu 14-23-49-PM,-54.845,-54.845,-50.52,-50.52,-50.52,-52.403,-52.403,-52.403,-54.845,,-50.52,-50.52,-50.52,,-52.403,
05-07-2026-Thu 14-23-51-PM,-54.845,-54.845,-50.52,-50.52,-50.52,-52.403,-52.403,-52.403,-54.845,,-50.52,-50.52,-50.52,,-52.403,
05-07-2026-Thu 14-23-52-PM,-54.878,-54.878,-50.52,-50.52,-50.52,-52.436,-52.436,-52.436,-54.878,,-50.52,-50.52,-50.52,,-52.436,
05-07-2026-Thu 14-23-54-PM,-54.878,-54.878,-50.553,-50.553,-50.553,-52.403,-52.403,-52.403,-54.878,,-50.553,-50.553,-50.553,,-52.403,
05-07-2026-Thu 14-23-55-PM,-54.878,-54.878,-50.586,-50.586,-50.586,-52.502,-52.502,-52.502,-54.878,,-50.586,-50.586,-50.586,,-52.502,
05-07-2026-Thu 14-23-56-PM,-54.911,-54.911,-50.586,-50.586,-50.586,-52.469,-52.469,-52.469,-54.911,,-50.586,-50.586,-50.586,,-52.469,
05-07-2026-Thu 14-23-58-PM,-54.911,-54.911,-50.586,-50.586,-50.586,-52.535,-52.535,-52.535,-54.911,,-50.586,-50.586,-50.586,,-52.535,
05-07-2026-Thu 14-23-59-PM,-54.944,-54.944,-50.619,-50.619,-50.619,-52.568,-52.568,-52.568,-54.944,,-50.619,-50.619,-50.619,,-52.568,
05-07-2026-Thu 14-24-00-PM,-54.944,-54.944,-50.652,-50.652,-50.652,-52.502,-52.502,-52.502,-54.944,,-50.652,-50.652,-50.652,,-52.502,
05-07-2026-Thu 14-24-02-PM,-54.944,-54.944,-50.619,-50.619,-50.619,-52.469,-52.469,-52.469,-54.944,,-50.619,-50.619,-50.619,,-52.469,
05-07-2026-Thu 14-24-03-PM,-54.944,-54.944,-50.685,-50.685,-50.685,-52.502,-52.502,-52.502,-54.944,,-50.685,-50.685,-50.685,,-52.502,
05-07-2026-Thu 14-24-05-PM,-54.977,-54.977,-50.685,-50.685,-50.685,-52.535,-52.535,-52.535,-54.977,,-50.685,-50.685,-50.685,,-52.535,
05-07-2026-Thu 14-24-06-PM,-54.977,-54.977,-50.685,-50.685,-50.685,-52.601,-52.601,-52.601,-54.977,,-50.685,-50.685,-50.685,,-52.601,
05-07-2026-Thu 14-24-08-PM,-55.01,-55.01,-50.718,-50.718,-50.718,-52.601,-52.601,-52.601,-55.01,,-50.718,-50.718,-50.718,,-52.601,
05-07-2026-Thu 14-24-09-PM,-55.043,-55.043,-50.718,-50.718,-50.718,-52.601,-52.601,-52.601,-55.043,,-50.718,-50.718,-50.718,,-52.601,
05-07-2026-Thu 14-24-10-PM,-55.01,-55.01,-50.751,-50.751,-50.751,-52.667,-52.667,-52.667,-55.01,,-50.751,-50.751,-50.751,,-52.667,
05-07-2026-Thu 14-24-12-PM,-55.076,-55.076,-50.784,-50.784,-50.784,-52.7,-52.7,-52.7,-55.076,,-50.784,-50.784,-50.784,,-52.7,
05-07-2026-Thu 14-24-13-PM,-55.076,-55.076,-50.784,-50.784,-50.784,-52.766,-52.766,-52.766,-55.076,,-50.784,-50.784,-50.784,,-52.766,
05-07-2026-Thu 14-24-15-PM,-55.108,-55.108,-50.817,-50.817,-50.817,-52.733,-52.733,-52.733,-55.108,,-50.817,-50.817,-50.817,,-52.733,
05-07-2026-Thu 14-24-16-PM,-55.142,-55.142,-50.884,-50.884,-50.884,-52.865,-52.865,-52.865,-55.142,,-50.884,-50.884,-50.884,,-52.865,
05-07-2026-Thu 14-24-18-PM,-55.208,-55.208,-50.916,-50.916,-50.916,-52.898,-52.898,-52.898,-55.208,,-50.916,-50.916,-50.916,,-52.898,
05-07-2026-Thu 14-24-19-PM,-55.24,-55.24,-50.95,-50.95,-50.95,-52.997,-52.997,-52.997,-55.24,,-50.95,-50.95,-50.95,,-52.997,
05-07-2026-Thu 14-24-20-PM,-55.273,-55.273,-50.982,-50.982,-50.982,-53.03,-53.03,-53.03,-55.273,,-50.982,-50.982,-50.982,,-53.03,
05-07-2026-Thu 14-24-22-PM,-55.306,-55.306,-51.049,-51.049,-51.049,-53.03,-53.03,-53.03,-55.306,,-51.049,-51.049,-51.049,,-53.03,
05-07-2026-Thu 14-24-23-PM,-55.372,-55.372,-51.115,-51.115,-51.115,-53.096,-53.096,-53.096,-55.372,,-51.115,-51.115,-51.115,,-53.096,
05-07-2026-Thu 14-24-25-PM,-55.405,-55.405,-51.148,-51.148,-51.148,-53.129,-53.129,-53.129,-55.405,,-51.148,-51.148,-51.148,,-53.129,
05-07-2026-Thu 14-24-27-PM,-55.471,-55.471,-51.181,-51.181,-51.181,-53.228,-53.228,-53.228,-55.471,,-51.181,-51.181,-51.181,,-53.228,
05-07-2026-Thu 14-24-29-PM,-55.537,-55.537,-51.247,-51.247,-51.247,-53.261,-53.261,-53.261,-55.537,,-51.247,-51.247,-51.247,,-53.261,
05-07-2026-Thu 14-24-31-PM,-55.603,-55.603,-51.346,-51.346,-51.346,-53.327,-53.327,-53.327,-55.603,,-51.346,-51.346,-51.346,,-53.327,
05-07-2026-Thu 14-24-32-PM,-55.636,-55.636,-51.379,-51.379,-51.379,-53.426,-53.426,-53.426,-55.636,,-51.379,-51.379,-51.379,,-53.426,
05-07-2026-Thu 14-24-33-PM,-55.669,-55.669,-51.445,-51.445,-51.445,-53.459,-53.459,-53.459,-55.669,,-51.445,-51.445,-51.445,,-53.459,
05-07-2026-Thu 14-24-35-PM,-55.702,-55.702,-51.478,-51.478,-51.478,-53.426,-53.426,-53.426,-55.702,,-51.478,-51.478,-51.478,,-53.426,
05-07-2026-Thu 14-24-36-PM,-55.768,-55.768,-51.511,-51.511,-51.511,-53.459,-53.459,-53.459,-55.768,,-51.511,-51.511,-51.511,,-53.459,
05-07-2026-Thu 14-24-37-PM,-55.801,-55.801,-51.544,-51.544,-51.544,-53.459,-53.459,-53.459,-55.801,,-51.544,-51.544,-51.544,,-53.459,
05-07-2026-Thu 14-24-39-PM,-55.834,-55.834,-51.577,-51.577,-51.577,-53.591,-53.591,-53.591,-55.834,,-51.577,-51.577,-51.577,,-53.591,
05-07-2026-Thu 14-24-40-PM,-55.867,-55.867,-51.643,-51.643,-51.643,-53.591,-53.591,-53.591,-55.867,,-51.643,-51.643,-51.643,,-53.591,
05-07-2026-Thu 14-24-41-PM,-55.933,-55.933,-51.643,-51.643,-51.643,-53.624,-53.624,-53.624,-55.933,,-51.643,-51.643,-51.643,,-53.624,
05-07-2026-Thu 14-24-43-PM,-55.966,-55.966,-51.709,-51.709,-51.709,-53.69,-53.69,-53.69,-55.966,,-51.709,-51.709,-51.709,,-53.69,
05-07-2026-Thu 14-24-44-PM,-55.966,-55.966,-51.709,-51.709,-51.709,-53.723,-53.723,-53.723,-55.966,,-51.709,-51.709,-51.709,,-53.723,
05-07-2026-Thu 14-24-46-PM,-56.032,-56.032,-51.742,-51.742,-51.742,-53.789,-53.789,-53.789,-56.032,,-51.742,-51.742,-51.742,,-53.789,
05-07-2026-Thu 14-24-47-PM,-56.065,-56.065,-51.775,-51.775,-51.775,-53.789,-53.789,-53.789,-56.065,,-51.775,-51.775,-51.775,,-53.789,
05-07-2026-Thu 14-24-48-PM,-56.131,-56.131,-51.808,-51.808,-51.808,-53.789,-53.789,-53.789,-56.131,,-51.808,-51.808,-51.808,,-53.789,
05-07-2026-Thu 14-24-51-PM,-56.131,-56.131,-51.841,-51.841,-51.841,-53.888,-53.888,-53.888,-56.131,,-51.841,-51.841,-51.841,,-53.888,
05-07-2026-Thu 14-24-54-PM,-56.197,-56.197,-51.94,-51.94,-51.94,-53.954,-53.954,-53.954,-56.197,,-51.94,-51.94,-51.94,,-53.954,
05-07-2026-Thu 14-24-56-PM,-56.296,-56.296,-52.04,-52.04,-52.04,-53.954,-53.954,-53.954,-56.296,,-52.04,-52.04,-52.04,,-53.954,
05-07-2026-Thu 14-24-57-PM,-56.362,-56.362,-52.072,-52.072,-52.072,-54.086,-54.086,-54.086,-56.362,,-52.072,-52.072,-52.072,,-54.086,
05-07-2026-Thu 14-24-59-PM,-56.395,-56.395,-52.106,-52.106,-52.106,-54.152,-54.152,-54.152,-56.395,,-52.106,-52.106,-52.106,,-54.152,
05-07-2026-Thu 14-25-00-PM,-56.395,-56.395,-52.138,-52.138,-52.138,-54.119,-54.119,-54.119,-56.395,,-52.138,-52.138,-52.138,,-54.119,
05-07-2026-Thu 14-25-02-PM,-56.461,-56.461,-52.205,-52.205,-52.205,-54.152,-54.152,-54.152,-56.461,,-52.205,-52.205,-52.205,,-54.152,
05-07-2026-Thu 14-25-03-PM,-56.526,-56.526,-52.238,-52.238,-52.238,-54.218,-54.218,-54.218,-56.526,,-52.238,-52.238,-52.238,,-54.218,
05-07-2026-Thu 14-25-04-PM,-56.526,-56.526,-52.271,-52.271,-52.271,-54.284,-54.284,-54.284,-56.526,,-52.271,-52.271,-52.271,,-54.284,
05-07-2026-Thu 14-25-06-PM,-56.56,-56.56,-52.304,-52.304,-52.304,-54.284,-54.284,-54.284,-56.56,,-52.304,-52.304,-52.304,,-54.284,
05-07-2026-Thu 14-25-07-PM,-56.625,-56.625,-52.337,-52.337,-52.337,-54.317,-54.317,-54.317,-56.625,,-52.337,-52.337,-52.337,,-54.317,
05-07-2026-Thu 14-25-08-PM,-56.625,-56.625,-52.37,-52.37,-52.37,-54.416,-54.416,-54.416,-56.625,,-52.37,-52.37,-52.37,,-54.416,
05-07-2026-Thu 14-25-10-PM,-56.658,-56.658,-52.403,-52.403,-52.403,-54.449,-54.449,-54.449,-56.658,,-52.403,-52.403,-52.403,,-54.449,
05-07-2026-Thu 14-25-11-PM,-56.724,-56.724,-52.469,-52.469,-52.469,-54.449,-54.449,-54.449,-56.724,,-52.469,-52.469,-52.469,,-54.449,
05-07-2026-Thu 14-25-13-PM,-56.724,-56.724,-52.502,-52.502,-52.502,-54.482,-54.482,-54.482,-56.724,,-52.502,-52.502,-52.502,,-54.482,
05-07-2026-Thu 14-25-14-PM,-56.757,-56.757,-52.502,-52.502,-52.502,-54.548,-54.548,-54.548,-56.757,,-52.502,-52.502,-52.502,,-54.548,
05-07-2026-Thu 14-25-15-PM,-56.823,-56.823,-52.535,-52.535,-52.535,-54.548,-54.548,-54.548,-56.823,,-52.535,-52.535,-52.535,,-54.548,
05-07-2026-Thu 14-25-17-PM,-56.856,-56.856,-52.601,-52.601,-52.601,-54.614,-54.614,-54.614,-56.856,,-52.601,-52.601,-52.601,,-54.614,
05-07-2026-Thu 14-25-18-PM,-56.889,-56.889,-52.634,-52.634,-52.634,-54.68,-54.68,-54.68,-56.889,,-52.634,-52.634,-52.634,,-54.68,
05-07-2026-Thu 14-25-20-PM,-56.889,-56.889,-52.667,-52.667,-52.667,-54.614,-54.614,-54.614,-56.889,,-52.667,-52.667,-52.667,,-54.614,
05-07-2026-Thu 14-25-21-PM,-56.922,-56.922,-52.7,-52.7,-52.7,-54.713,-54.713,-54.713,-56.922,,-52.7,-52.7,-52.7,,-54.713,
05-07-2026-Thu 14-25-23-PM,-56.955,-56.955,-52.7,-52.7,-52.7,-54.812,-54.812,-54.812,-56.955,,-52.7,-52.7,-52.7,,-54.812,
05-07-2026-Thu 14-25-24-PM,-57.054,-57.054,-52.766,-52.766,-52.766,-54.779,-54.779,-54.779,-57.054,,-52.766,-52.766,-52.766,,-54.779,
05-07-2026-Thu 14-25-25-PM,-57.054,-57.054,-52.799,-52.799,-52.799,-54.845,-54.845,-54.845,-57.054,,-52.799,-52.799,-52.799,,-54.845,
05-07-2026-Thu 14-25-27-PM,-57.054,-57.054,-52.832,-52.832,-52.832,-54.812,-54.812,-54.812,-57.054,,-52.832,-52.832,-52.832,,-54.812,
05-07-2026-Thu 14-25-28-PM,-57.12,-57.12,-52.865,-52.865,-52.865,-54.713,-54.713,-54.713,-57.12,,-52.865,-52.865,-52.865,,-54.713,
05-07-2026-Thu 14-25-29-PM,-57.153,-57.153,-52.898,-52.898,-52.898,-54.746,-54.746,-54.746,-57.153,,-52.898,-52.898,-52.898,,-54.746,
05-07-2026-Thu 14-25-31-PM,-57.153,-57.153,-52.931,-52.931,-52.931,-54.944,-54.944,-54.944,-57.153,,-52.931,-52.931,-52.931,,-54.944,
05-07-2026-Thu 14-25-32-PM,-57.219,-57.219,-52.964,-52.964,-52.964,-54.977,-54.977,-54.977,-57.219,,-52.964,-52.964,-52.964,,-54.977,
05-07-2026-Thu 14-25-34-PM,-57.252,-57.252,-52.997,-52.997,-52.997,-54.878,-54.878,-54.878,-57.252,,-52.997,-52.997,-52.997,,-54.878,
05-07-2026-Thu 14-25-35-PM,-57.285,-57.285,-53.03,-53.03,-53.03,-55.01,-55.01,-55.01,-57.285,,-53.03,-53.03,-53.03,,-55.01,
05-07-2026-Thu 14-25-36-PM,-57.318,-57.318,-53.063,-53.063,-53.063,-55.043,-55.043,-55.043,-57.318,,-53.063,-53.063,-53.063,,-55.043,
05-07-2026-Thu 14-25-38-PM,-57.35,-57.35,-53.063,-53.063,-53.063,-55.108,-55.108,-55.108,-57.35,,-53.063,-53.063,-53.063,,-55.108,
05-07-2026-Thu 14-25-39-PM,-57.384,-57.384,-53.096,-53.096,-53.096,-55.108,-55.108,-55.108,-57.384,,-53.096,-53.096,-53.096,,-55.108,
05-07-2026-Thu 14-25-42-PM,-57.384,-57.384,-53.162,-53.162,-53.162,-55.175,-55.175,-55.175,-57.384,,-53.162,-53.162,-53.162,,-55.175,
05-07-2026-Thu 14-25-45-PM,-57.482,-57.482,-53.228,-53.228,-53.228,-55.339,-55.339,-55.339,-57.482,,-53.228,-53.228,-53.228,,-55.339,
05-07-2026-Thu 14-25-48-PM,-57.515,-57.515,-53.261,-53.261,-53.261,-55.208,-55.208,-55.208,-57.515,,-53.261,-53.261,-53.261,,-55.208,
05-07-2026-Thu 14-25-49-PM,-57.614,-57.614,-53.327,-53.327,-53.327,-55.175,-55.175,-55.175,-57.614,,-53.327,-53.327,-53.327,,-55.175,
05-07-2026-Thu 14-25-51-PM,-57.614,-57.614,-53.393,-53.393,-53.393,-55.273,-55.273,-55.273,-57.614,,-53.393,-53.393,-53.393,,-55.273,
05-07-2026-Thu 14-25-52-PM,-57.68,-57.68,-53.393,-53.393,-53.393,-55.405,-55.405,-55.405,-57.68,,-53.393,-53.393,-53.393,,-55.405,
05-07-2026-Thu 14-25-53-PM,-57.68,-57.68,-53.426,-53.426,-53.426,-55.471,-55.471,-55.471,-57.68,,-53.426,-53.426,-53.426,,-55.471,
05-07-2026-Thu 14-25-55-PM,-57.713,-57.713,-53.459,-53.459,-53.459,-55.405,-55.405,-55.405,-57.713,,-53.459,-53.459,-53.459,,-55.405,
05-07-2026-Thu 14-25-56-PM,-57.779,-57.779,-53.492,-53.492,-53.492,-55.471,-55.471,-55.471,-57.779,,-53.492,-53.492,-53.492,,-55.471,
05-07-2026-Thu 14-25-58-PM,-57.779,-57.779,-53.525,-53.525,-53.525,-55.471,-55.471,-55.471,-57.779,,-53.525,-53.525,-53.525,,-55.471,
05-07-2026-Thu 14-25-59-PM,-57.779,-57.779,-53.558,-53.558,-53.558,-55.603,-55.603,-55.603,-57.779,,-53.558,-53.558,-53.558,,-55.603,
05-07-2026-Thu 14-26-00-PM,-57.845,-57.845,-53.591,-53.591,-53.591,-55.603,-55.603,-55.603,-57.845,,-53.591,-53.591,-53.591,,-55.603,
05-07-2026-Thu 14-26-02-PM,-57.878,-57.878,-53.591,-53.591,-53.591,-55.537,-55.537,-55.537,-57.878,,-53.591,-53.591,-53.591,,-55.537,
05-07-2026-Thu 14-26-03-PM,-57.911,-57.911,-53.624,-53.624,-53.624,-55.603,-55.603,-55.603,-57.911,,-53.624,-53.624,-53.624,,-55.603,
05-07-2026-Thu 14-26-05-PM,-57.944,-57.944,-53.657,-53.657,-53.657,-55.735,-55.735,-55.735,-57.944,,-53.657,-53.657,-53.657,,-55.735,
05-07-2026-Thu 14-26-06-PM,-57.944,-57.944,-53.69,-53.69,-53.69,-55.801,-55.801,-55.801,-57.944,,-53.69,-53.69,-53.69,,-55.801,
05-07-2026-Thu 14-26-07-PM,-58.01,-58.01,-53.723,-53.723,-53.723,-55.702,-55.702,-55.702,-58.01,,-53.723,-53.723,-53.723,,-55.702,
05-07-2026-Thu 14-26-09-PM,-58.042,-58.042,-53.723,-53.723,-53.723,-55.768,-55.768,-55.768,-58.042,,-53.723,-53.723,-53.723,,-55.768,
05-07-2026-Thu 14-26-10-PM,-58.042,-58.042,-53.756,-53.756,-53.756,-55.768,-55.768,-55.768,-58.042,,-53.756,-53.756,-53.756,,-55.768,
05-07-2026-Thu 14-26-12-PM,-58.108,-58.108,-53.789,-53.789,-53.789,-55.801,-55.801,-55.801,-58.108,,-53.789,-53.789,-53.789,,-55.801,
05-07-2026-Thu 14-26-13-PM,-58.108,-58.108,-53.822,-53.822,-53.822,-55.867,-55.867,-55.867,-58.108,,-53.822,-53.822,-53.822,,-55.867,
05-07-2026-Thu 14-26-14-PM,-58.108,-58.108,-53.855,-53.855,-53.855,-55.834,-55.834,-55.834,-58.108,,-53.855,-53.855,-53.855,,-55.834,
05-07-2026-Thu 14-26-16-PM,-58.174,-58.174,-53.855,-53.855,-53.855,-55.9,-55.9,-55.9,-58.174,,-53.855,-53.855,-53.855,,-55.9,
05-07-2026-Thu 14-26-17-PM,-58.207,-58.207,-53.921,-53.921,-53.921,-55.801,-55.801,-55.801,-58.207,,-53.921,-53.921,-53.921,,-55.801,
05-07-2026-Thu 14-26-19-PM,-58.24,-58.24,-53.921,-53.921,-53.921,-55.933,-55.933,-55.933,-58.24,,-53.921,-53.921,-53.921,,-55.933,
05-07-2026-Thu 14-26-21-PM,-58.273,-58.273,-53.987,-53.987,-53.987,-55.966,-55.966,-55.966,-58.273,,-53.987,-53.987,-53.987,,-55.966,
05-07-2026-Thu 14-26-22-PM,-58.339,-58.339,-53.987,-53.987,-53.987,-55.933,-55.933,-55.933,-58.339,,-53.987,-53.987,-53.987,,-55.933,
05-07-2026-Thu 14-26-23-PM,-58.339,-58.339,-54.053,-54.053,-54.053,-56.032,-56.032,-56.032,-58.339,,-54.053,-54.053,-54.053,,-56.032,
05-07-2026-Thu 14-26-25-PM,-58.405,-58.405,-54.053,-54.053,-54.053,-56.098,-56.098,-56.098,-58.405,,-54.053,-54.053,-54.053,,-56.098,
05-07-2026-Thu 14-26-26-PM,-58.405,-58.405,-54.086,-54.086,-54.086,-56.098,-56.098,-56.098,-58.405,,-54.086,-54.086,-54.086,,-56.098,
05-07-2026-Thu 14-26-27-PM,-58.438,-58.438,-54.086,-54.086,-54.086,-56.065,-56.065,-56.065,-58.438,,-54.086,-54.086,-54.086,,-56.065,
05-07-2026-Thu 14-26-29-PM,-58.438,-58.438,-54.119,-54.119,-54.119,-56.131,-56.131,-56.131,-58.438,,-54.119,-54.119,-54.119,,-56.131,
05-07-2026-Thu 14-26-30-PM,-58.504,-58.504,-54.152,-54.152,-54.152,-56.164,-56.164,-56.164,-58.504,,-54.152,-54.152,-54.152,,-56.164,
05-07-2026-Thu 14-26-31-PM,-58.504,-58.504,-54.152,-54.152,-54.152,-56.131,-56.131,-56.131,-58.504,,-54.152,-54.152,-54.152,,-56.131,
05-07-2026-Thu 14-26-33-PM,-58.537,-58.537,-54.218,-54.218,-54.218,-56.263,-56.263,-56.263,-58.537,,-54.218,-54.218,-54.218,,-56.263,
05-07-2026-Thu 14-26-34-PM,-58.603,-58.603,-54.218,-54.218,-54.218,-56.23,-56.23,-56.23,-58.603,,-54.218,-54.218,-54.218,,-56.23,
05-07-2026-Thu 14-26-35-PM,-58.636,-58.636,-54.251,-54.251,-54.251,-56.197,-56.197,-56.197,-58.636,,-54.251,-54.251,-54.251,,-56.197,
05-07-2026-Thu 14-26-37-PM,-58.636,-58.636,-54.284,-54.284,-54.284,-56.263,-56.263,-56.263,-58.636,,-54.284,-54.284,-54.284,,-56.263,
05-07-2026-Thu 14-26-38-PM,-58.668,-58.668,-54.284,-54.284,-54.284,-56.395,-56.395,-56.395,-58.668,,-54.284,-54.284,-54.284,,-56.395,
05-07-2026-Thu 14-26-40-PM,-58.701,-58.701,-54.317,-54.317,-54.317,-56.329,-56.329,-56.329,-58.701,,-54.317,-54.317,-54.317,,-56.329,
05-07-2026-Thu 14-26-41-PM,-58.734,-58.734,-54.317,-54.317,-54.317,-56.296,-56.296,-56.296,-58.734,,-54.317,-54.317,-54.317,,-56.296,
05-07-2026-Thu 14-26-42-PM,-58.767,-58.767,-54.383,-54.383,-54.383,-56.526,-56.526,-56.526,-58.767,,-54.383,-54.383,-54.383,,-56.526,
05-07-2026-Thu 14-26-44-PM,-58.8,-58.8,-54.383,-54.383,-54.383,-56.23,-56.23,-56.23,-58.8,,-54.383,-54.383,-54.383,,-56.23,
05-07-2026-Thu 14-26-45-PM,-58.833,-58.833,-54.416,-54.416,-54.416,-56.526,-56.526,-56.526,-58.833,,-54.416,-54.416,-54.416,,-56.526,
05-07-2026-Thu 14-26-47-PM,-58.833,-58.833,-54.449,-54.449,-54.449,-56.494,-56.494,-56.494,-58.833,,-54.449,-54.449,-54.449,,-56.494,
05-07-2026-Thu 14-26-48-PM,-58.899,-58.899,-54.482,-54.482,-54.482,-56.428,-56.428,-56.428,-58.899,,-54.482,-54.482,-54.482,,-56.428,
05-07-2026-Thu 14-26-49-PM,-58.932,-58.932,-54.482,-54.482,-54.482,-56.592,-56.592,-56.592,-58.932,,-54.482,-54.482,-54.482,,-56.592,
05-07-2026-Thu 14-26-51-PM,-58.932,-58.932,-54.548,-54.548,-54.548,-56.526,-56.526,-56.526,-58.932,,-54.548,-54.548,-54.548,,-56.526,
05-07-2026-Thu 14-26-52-PM,-58.965,-58.965,-54.548,-54.548,-54.548,-56.625,-56.625,-56.625,-58.965,,-54.548,-54.548,-54.548,,-56.625,
05-07-2026-Thu 14-26-54-PM,-58.998,-58.998,-54.548,-54.548,-54.548,-56.625,-56.625,-56.625,-58.998,,-54.548,-54.548,-54.548,,-56.625,
05-07-2026-Thu 14-26-55-PM,-59.031,-59.031,-54.581,-54.581,-54.581,-56.658,-56.658,-56.658,-59.031,,-54.581,-54.581,-54.581,,-56.658,
05-07-2026-Thu 14-26-57-PM,-59.064,-59.064,-54.614,-54.614,-54.614,-56.724,-56.724,-56.724,-59.064,,-54.614,-54.614,-54.614,,-56.724,
05-07-2026-Thu 14-26-58-PM,-59.13,-59.13,-54.647,-54.647,-54.647,-56.592,-56.592,-56.592,-59.13,,-54.647,-54.647,-54.647,,-56.592,
05-07-2026-Thu 14-27-00-PM,-59.162,-59.162,-54.68,-54.68,-54.68,-56.79,-56.79,-56.79,-59.162,,-54.68,-54.68,-54.68,,-56.79,
05-07-2026-Thu 14-27-01-PM,-59.195,-59.195,-54.68,-54.68,-54.68,-56.691,-56.691,-56.691,-59.195,,-54.68,-54.68,-54.68,,-56.691,
05-07-2026-Thu 14-27-02-PM,-59.162,-59.162,-54.746,-54.746,-54.746,-56.79,-56.79,-56.79,-59.162,,-54.746,-54.746,-54.746,,-56.79,
05-07-2026-Thu 14-27-04-PM,-59.261,-59.261,-54.746,-54.746,-54.746,-56.724,-56.724,-56.724,-59.261,,-54.746,-54.746,-54.746,,-56.724,
05-07-2026-Thu 14-27-05-PM,-59.261,-59.261,-54.779,-54.779,-54.779,-56.79,-56.79,-56.79,-59.261,,-54.779,-54.779,-54.779,,-56.79,
05-07-2026-Thu 14-27-06-PM,-59.294,-59.294,-54.779,-54.779,-54.779,-56.79,-56.79,-56.79,-59.294,,-54.779,-54.779,-54.779,,-56.79,
05-07-2026-Thu 14-27-08-PM,-59.327,-59.327,-54.812,-54.812,-54.812,-56.823,-56.823,-56.823,-59.327,,-54.812,-54.812,-54.812,,-56.823,
05-07-2026-Thu 14-27-09-PM,-59.36,-59.36,-54.845,-54.845,-54.845,-56.856,-56.856,-56.856,-59.36,,-54.845,-54.845,-54.845,,-56.856,
05-07-2026-Thu 14-27-10-PM,-59.393,-59.393,-54.845,-54.845,-54.845,-56.856,-56.856,-56.856,-59.393,,-54.845,-54.845,-54.845,,-56.856,
05-07-2026-Thu 14-27-12-PM,-59.426,-59.426,-54.878,-54.878,-54.878,-56.955,-56.955,-56.955,-59.426,,-54.878,-54.878,-54.878,,-56.955,
05-07-2026-Thu 14-27-13-PM,-59.426,-59.426,-54.911,-54.911,-54.911,-56.988,-56.988,-56.988,-59.426,,-54.911,-54.911,-54.911,,-56.988,
05-07-2026-Thu 14-27-14-PM,-59.492,-59.492,-54.944,-54.944,-54.944,-57.021,-57.021,-57.021,-59.492,,-54.944,-54.944,-54.944,,-57.021,
05-07-2026-Thu 14-27-16-PM,-59.525,-59.525,-54.944,-54.944,-54.944,-57.054,-57.054,-57.054,-59.525,,-54.944,-54.944,-54.944,,-57.054,
05-07-2026-Thu 14-27-17-PM,-59.525,-59.525,-54.977,-54.977,-54.977,-57.12,-57.12,-57.12,-59.525,,-54.977,-54.977,-54.977,,-57.12,
05-07-2026-Thu 14-27-19-PM,-59.558,-59.558,-55.01,-55.01,-55.01,-57.054,-57.054,-57.054,-59.558,,-55.01,-55.01,-55.01,,-57.054,
05-07-2026-Thu 14-27-20-PM,-59.591,-59.591,-55.043,-55.043,-55.043,-57.021,-57.021,-57.021,-59.591,,-55.043,-55.043,-55.043,,-57.021,
05-07-2026-Thu 14-27-22-PM,-59.624,-59.624,-55.043,-55.043,-55.043,-57.12,-57.12,-57.12,-59.624,,-55.043,-55.043,-55.043,,-57.12,
05-07-2026-Thu 14-27-23-PM,-59.656,-59.656,-55.043,-55.043,-55.043,-57.252,-57.252,-57.252,-59.656,,-55.043,-55.043,-55.043,,-57.252,
05-07-2026-Thu 14-27-24-PM,-59.689,-59.689,-55.108,-55.108,-55.108,-57.186,-57.186,-57.186,-59.689,,-55.108,-55.108,-55.108,,-57.186,
05-07-2026-Thu 14-27-26-PM,-59.722,-59.722,-55.142,-55.142,-55.142,-57.153,-57.153,-57.153,-59.722,,-55.142,-55.142,-55.142,,-57.153,
05-07-2026-Thu 14-27-27-PM,-59.755,-59.755,-55.142,-55.142,-55.142,-57.219,-57.219,-57.219,-59.755,,-55.142,-55.142,-55.142,,-57.219,
05-07-2026-Thu 14-27-29-PM,-59.788,-59.788,-55.142,-55.142,-55.142,-57.285,-57.285,-57.285,-59.788,,-55.142,-55.142,-55.142,,-57.285,
05-07-2026-Thu 14-27-30-PM,-59.821,-59.821,-55.175,-55.175,-55.175,-57.252,-57.252,-57.252,-59.821,,-55.175,-55.175,-55.175,,-57.252,
05-07-2026-Thu 14-27-31-PM,-59.854,-59.854,-55.208,-55.208,-55.208,-57.318,-57.318,-57.318,-59.854,,-55.208,-55.208,-55.208,,-57.318,
05-07-2026-Thu 14-27-33-PM,-59.854,-59.854,-55.24,-55.24,-55.24,-57.35,-57.35,-57.35,-59.854,,-55.24,-55.24,-55.24,,-57.35,
05-07-2026-Thu 14-27-34-PM,-59.887,-59.887,-55.273,-55.273,-55.273,-57.252,-57.252,-57.252,-59.887,,-55.273,-55.273,-55.273,,-57.252,
05-07-2026-Thu 14-27-36-PM,-59.92,-59.92,-55.273,-55.273,-55.273,-57.416,-57.416,-57.416,-59.92,,-55.273,-55.273,-55.273,,-57.416,
05-07-2026-Thu 14-27-37-PM,-59.953,-59.953,-55.306,-55.306,-55.306,-57.548,-57.548,-57.548,-59.953,,-55.306,-55.306,-55.306,,-57.548,
05-07-2026-Thu 14-27-38-PM,-59.986,-59.986,-55.339,-55.339,-55.339,-57.482,-57.482,-57.482,-59.986,,-55.339,-55.339,-55.339,,-57.482,
05-07-2026-Thu 14-27-40-PM,-60.052,-60.052,-55.372,-55.372,-55.372,-57.581,-57.581,-57.581,-60.052,,-55.372,-55.372,-55.372,,-57.581,
05-07-2026-Thu 14-27-41-PM,-60.052,-60.052,-55.405,-55.405,-55.405,-57.548,-57.548,-57.548,-60.052,,-55.405,-55.405,-55.405,,-57.548,
05-07-2026-Thu 14-27-43-PM,-60.084,-60.084,-55.405,-55.405,-55.405,-57.482,-57.482,-57.482,-60.084,,-55.405,-55.405,-55.405,,-57.482,
05-07-2026-Thu 14-27-45-PM,-60.117,-60.117,-55.438,-55.438,-55.438,-57.515,-57.515,-57.515,-60.117,,-55.438,-55.438,-55.438,,-57.515,
05-07-2026-Thu 14-27-48-PM,-60.15,-60.15,-55.471,-55.471,-55.471,-57.713,-57.713,-57.713,-60.15,,-55.471,-55.471,-55.471,,-57.713,
05-07-2026-Thu 14-27-51-PM,-60.249,-60.249,-55.504,-55.504,-55.504,-57.548,-57.548,-57.548,-60.249,,-55.504,-55.504,-55.504,,-57.548,
05-07-2026-Thu 14-27-54-PM,-60.315,-60.315,-55.57,-55.57,-55.57,-57.746,-57.746,-57.746,-60.315,,-55.57,-55.57,-55.57,,-57.746,
05-07-2026-Thu 14-27-56-PM,-60.381,-60.381,-55.636,-55.636,-55.636,-57.812,-57.812,-57.812,-60.381,,-55.636,-55.636,-55.636,,-57.812,
05-07-2026-Thu 14-27-58-PM,-60.414,-60.414,-55.669,-55.669,-55.669,-57.878,-57.878,-57.878,-60.414,,-55.669,-55.669,-55.669,,-57.878,
05-07-2026-Thu 14-27-59-PM,-60.447,-60.447,-55.702,-55.702,-55.702,-57.911,-57.911,-57.911,-60.447,,-55.702,-55.702,-55.702,,-57.911,
05-07-2026-Thu 14-28-01-PM,-60.48,-60.48,-55.735,-55.735,-55.735,-57.911,-57.911,-57.911,-60.48,,-55.735,-55.735,-55.735,,-57.911,
05-07-2026-Thu 14-28-02-PM,-60.512,-60.512,-55.768,-55.768,-55.768,-58.042,-58.042,-58.042,-60.512,,-55.768,-55.768,-55.768,,-58.042,
05-07-2026-Thu 14-28-04-PM,-60.545,-60.545,-55.768,-55.768,-55.768,-57.977,-57.977,-57.977,-60.545,,-55.768,-55.768,-55.768,,-57.977,
05-07-2026-Thu 14-28-05-PM,-60.545,-60.545,-55.801,-55.801,-55.801,-58.042,-58.042,-58.042,-60.545,,-55.801,-55.801,-55.801,,-58.042,
05-07-2026-Thu 14-28-07-PM,-60.611,-60.611,-55.834,-55.834,-55.834,-58.01,-58.01,-58.01,-60.611,,-55.834,-55.834,-55.834,,-58.01,
05-07-2026-Thu 14-28-08-PM,-60.644,-60.644,-55.834,-55.834,-55.834,-57.944,-57.944,-57.944,-60.644,,-55.834,-55.834,-55.834,,-57.944,
05-07-2026-Thu 14-28-09-PM,-60.644,-60.644,-55.867,-55.867,-55.867,-58.108,-58.108,-58.108,-60.644,,-55.867,-55.867,-55.867,,-58.108,
05-07-2026-Thu 14-28-11-PM,-60.677,-60.677,-55.9,-55.9,-55.9,-58.108,-58.108,-58.108,-60.677,,-55.9,-55.9,-55.9,,-58.108,
05-07-2026-Thu 14-28-12-PM,-60.71,-60.71,-55.9,-55.9,-55.9,-58.174,-58.174,-58.174,-60.71,,-55.9,-55.9,-55.9,,-58.174,
05-07-2026-Thu 14-28-14-PM,-60.743,-60.743,-55.933,-55.933,-55.933,-58.141,-58.141,-58.141,-60.743,,-55.933,-55.933,-55.933,,-58.141,
05-07-2026-Thu 14-28-15-PM,-60.776,-60.776,-55.933,-55.933,-55.933,-58.273,-58.273,-58.273,-60.776,,-55.933,-55.933,-55.933,,-58.273,
05-07-2026-Thu 14-28-16-PM,-60.809,-60.809,-55.999,-55.999,-55.999,-58.273,-58.273,-58.273,-60.809,,-55.999,-55.999,-55.999,,-58.273,
05-07-2026-Thu 14-28-18-PM,-60.809,-60.809,-56.032,-56.032,-56.032,-58.108,-58.108,-58.108,-60.809,,-56.032,-56.032,-56.032,,-58.108,
05-07-2026-Thu 14-28-19-PM,-60.842,-60.842,-56.032,-56.032,-56.032,-58.306,-58.306,-58.306,-60.842,,-56.032,-56.032,-56.032,,-58.306,
05-07-2026-Thu 14-28-20-PM,-60.908,-60.908,-56.098,-56.098,-56.098,-58.339,-58.339,-58.339,-60.908,,-56.098,-56.098,-56.098,,-58.339,
05-07-2026-Thu 14-28-22-PM,-60.908,-60.908,-56.098,-56.098,-56.098,-58.273,-58.273,-58.273,-60.908,,-56.098,-56.098,-56.098,,-58.273,
05-07-2026-Thu 14-28-23-PM,-60.94,-60.94,-56.098,-56.098,-56.098,-58.306,-58.306,-58.306,-60.94,,-56.098,-56.098,-56.098,,-58.306,
05-07-2026-Thu 14-28-25-PM,-60.973,-60.973,-56.131,-56.131,-56.131,-58.339,-58.339,-58.339,-60.973,,-56.131,-56.131,-56.131,,-58.339,
05-07-2026-Thu 14-28-26-PM,-60.973,-60.973,-56.164,-56.164,-56.164,-58.372,-58.372,-58.372,-60.973,,-56.164,-56.164,-56.164,,-58.372,
05-07-2026-Thu 14-28-27-PM,-61.039,-61.039,-56.197,-56.197,-56.197,-58.405,-58.405,-58.405,-61.039,,-56.197,-56.197,-56.197,,-58.405,
05-07-2026-Thu 14-28-29-PM,-61.039,-61.039,-56.197,-56.197,-56.197,-58.438,-58.438,-58.438,-61.039,,-56.197,-56.197,-56.197,,-58.438,
05-07-2026-Thu 14-28-30-PM,-61.072,-61.072,-56.23,-56.23,-56.23,-58.438,-58.438,-58.438,-61.072,,-56.23,-56.23,-56.23,,-58.438,
05-07-2026-Thu 14-28-31-PM,-61.072,-61.072,-56.263,-56.263,-56.263,-58.537,-58.537,-58.537,-61.072,,-56.263,-56.263,-56.263,,-58.537,
05-07-2026-Thu 14-28-33-PM,-61.138,-61.138,-56.263,-56.263,-56.263,-58.471,-58.471,-58.471,-61.138,,-56.263,-56.263,-56.263,,-58.471,
05-07-2026-Thu 14-28-34-PM,-61.171,-61.171,-56.329,-56.329,-56.329,-58.636,-58.636,-58.636,-61.171,,-56.329,-56.329,-56.329,,-58.636,
05-07-2026-Thu 14-28-36-PM,-61.204,-61.204,-56.362,-56.362,-56.362,-58.57,-58.57,-58.57,-61.204,,-56.362,-56.362,-56.362,,-58.57,
05-07-2026-Thu 14-28-37-PM,-61.236,-61.236,-56.329,-56.329,-56.329,-58.537,-58.537,-58.537,-61.236,,-56.329,-56.329,-56.329,,-58.537,
05-07-2026-Thu 14-28-38-PM,-61.236,-61.236,-56.362,-56.362,-56.362,-58.668,-58.668,-58.668,-61.236,,-56.362,-56.362,-56.362,,-58.668,
05-07-2026-Thu 14-28-40-PM,-61.27,-61.27,-56.428,-56.428,-56.428,-58.668,-58.668,-58.668,-61.27,,-56.428,-56.428,-56.428,,-58.668,
05-07-2026-Thu 14-28-41-PM,-61.302,-61.302,-56.461,-56.461,-56.461,-58.866,-58.866,-58.866,-61.302,,-56.461,-56.461,-56.461,,-58.866,
05-07-2026-Thu 14-28-43-PM,-61.302,-61.302,-56.428,-56.428,-56.428,-58.734,-58.734,-58.734,-61.302,,-56.428,-56.428,-56.428,,-58.734,
05-07-2026-Thu 14-28-44-PM,-61.302,-61.302,-56.461,-56.461,-56.461,-58.734,-58.734,-58.734,-61.302,,-56.461,-56.461,-56.461,,-58.734,
05-07-2026-Thu 14-28-45-PM,-61.368,-61.368,-56.494,-56.494,-56.494,-58.734,-58.734,-58.734,-61.368,,-56.494,-56.494,-56.494,,-58.734,
05-07-2026-Thu 14-28-47-PM,-61.401,-61.401,-56.494,-56.494,-56.494,-58.767,-58.767,-58.767,-61.401,,-56.494,-56.494,-56.494,,-58.767,
05-07-2026-Thu 14-28-48-PM,-61.434,-61.434,-56.526,-56.526,-56.526,-58.8,-58.8,-58.8,-61.434,,-56.526,-56.526,-56.526,,-58.8,
05-07-2026-Thu 14-28-50-PM,-61.467,-61.467,-56.56,-56.56,-56.56,-58.8,-58.8,-58.8,-61.467,,-56.56,-56.56,-56.56,,-58.8,
05-07-2026-Thu 14-28-51-PM,-61.467,-61.467,-56.592,-56.592,-56.592,-58.899,-58.899,-58.899,-61.467,,-56.592,-56.592,-56.592,,-58.899,
05-07-2026-Thu 14-28-52-PM,-61.5,-61.5,-56.625,-56.625,-56.625,-58.833,-58.833,-58.833,-61.5,,-56.625,-56.625,-56.625,,-58.833,
05-07-2026-Thu 14-28-54-PM,-61.533,-61.533,-56.625,-56.625,-56.625,-58.866,-58.866,-58.866,-61.533,,-56.625,-56.625,-56.625,,-58.866,
05-07-2026-Thu 14-28-55-PM,-61.566,-61.566,-56.658,-56.658,-56.658,-59.162,-59.162,-59.162,-61.566,,-56.658,-56.658,-56.658,,-59.162,
05-07-2026-Thu 14-28-56-PM,-61.598,-61.598,-56.658,-56.658,-56.658,-58.932,-58.932,-58.932,-61.598,,-56.658,-56.658,-56.658,,-58.932,
05-07-2026-Thu 14-28-58-PM,-61.598,-61.598,-56.691,-56.691,-56.691,-58.767,-58.767,-58.767,-61.598,,-56.691,-56.691,-56.691,,-58.767,
05-07-2026-Thu 14-28-59-PM,-61.631,-61.631,-56.724,-56.724,-56.724,-58.932,-58.932,-58.932,-61.631,,-56.724,-56.724,-56.724,,-58.932,
05-07-2026-Thu 14-29-01-PM,-61.664,-61.664,-56.757,-56.757,-56.757,-58.998,-58.998,-58.998,-61.664,,-56.757,-56.757,-56.757,,-58.998,
05-07-2026-Thu 14-29-02-PM,-61.697,-61.697,-56.757,-56.757,-56.757,-59.097,-59.097,-59.097,-61.697,,-56.757,-56.757,-56.757,,-59.097,
05-07-2026-Thu 14-29-03-PM,-61.73,-61.73,-56.79,-56.79,-56.79,-59.064,-59.064,-59.064,-61.73,,-56.79,-56.79,-56.79,,-59.064,
05-07-2026-Thu 14-29-05-PM,-61.763,-61.763,-56.823,-56.823,-56.823,-59.195,-59.195,-59.195,-61.763,,-56.823,-56.823,-56.823,,-59.195,
05-07-2026-Thu 14-29-06-PM,-61.73,-61.73,-56.823,-56.823,-56.823,-59.162,-59.162,-59.162,-61.73,,-56.823,-56.823,-56.823,,-59.162,
05-07-2026-Thu 14-29-07-PM,-61.796,-61.796,-56.856,-56.856,-56.856,-59.195,-59.195,-59.195,-61.796,,-56.856,-56.856,-56.856,,-59.195,
05-07-2026-Thu 14-29-09-PM,-61.796,-61.796,-56.889,-56.889,-56.889,-59.327,-59.327,-59.327,-61.796,,-56.889,-56.889,-56.889,,-59.327,
05-07-2026-Thu 14-29-10-PM,-61.796,-61.796,-56.889,-56.889,-56.889,-59.064,-59.064,-59.064,-61.796,,-56.889,-56.889,-56.889,,-59.064,
05-07-2026-Thu 14-29-11-PM,-61.862,-61.862,-56.922,-56.922,-56.922,-58.998,-58.998,-58.998,-61.862,,-56.922,-56.922,-56.922,,-58.998,
05-07-2026-Thu 14-29-13-PM,-61.895,-61.895,-56.922,-56.922,-56.922,-59.13,-59.13,-59.13,-61.895,,-56.922,-56.922,-56.922,,-59.13,
05-07-2026-Thu 14-29-14-PM,-61.928,-61.928,-56.988,-56.988,-56.988,-59.492,-59.492,-59.492,-61.928,,-56.988,-56.988,-56.988,,-59.492,
05-07-2026-Thu 14-29-16-PM,-61.928,-61.928,-56.988,-56.988,-56.988,-59.195,-59.195,-59.195,-61.928,,-56.988,-56.988,-56.988,,-59.195,
05-07-2026-Thu 14-29-17-PM,-61.96,-61.96,-57.021,-57.021,-57.021,-59.261,-59.261,-59.261,-61.96,,-57.021,-57.021,-57.021,,-59.261,
05-07-2026-Thu 14-29-18-PM,-61.96,-61.96,-57.054,-57.054,-57.054,-59.294,-59.294,-59.294,-61.96,,-57.054,-57.054,-57.054,,-59.294,
05-07-2026-Thu 14-29-20-PM,-61.993,-61.993,-57.054,-57.054,-57.054,-59.426,-59.426,-59.426,-61.993,,-57.054,-57.054,-57.054,,-59.426,
05-07-2026-Thu 14-29-21-PM,-62.026,-62.026,-57.087,-57.087,-57.087,-59.558,-59.558,-59.558,-62.026,,-57.087,-57.087,-57.087,,-59.558,
05-07-2026-Thu 14-29-23-PM,-62.059,-62.059,-57.12,-57.12,-57.12,-59.426,-59.426,-59.426,-62.059,,-57.12,-57.12,-57.12,,-59.426,
05-07-2026-Thu 14-29-24-PM,-62.092,-62.092,-57.12,-57.12,-57.12,-59.459,-59.459,-59.459,-62.092,,-57.12,-57.12,-57.12,,-59.459,
05-07-2026-Thu 14-29-25-PM,-62.125,-62.125,-57.153,-57.153,-57.153,-59.492,-59.492,-59.492,-62.125,,-57.153,-57.153,-57.153,,-59.492,
05-07-2026-Thu 14-29-27-PM,-62.125,-62.125,-57.153,-57.153,-57.153,-59.492,-59.492,-59.492,-62.125,,-57.153,-57.153,-57.153,,-59.492,
05-07-2026-Thu 14-29-28-PM,-62.158,-62.158,-57.186,-57.186,-57.186,-59.525,-59.525,-59.525,-62.158,,-57.186,-57.186,-57.186,,-59.525,
05-07-2026-Thu 14-29-30-PM,-62.191,-62.191,-57.252,-57.252,-57.252,-59.591,-59.591,-59.591,-62.191,,-57.252,-57.252,-57.252,,-59.591,
05-07-2026-Thu 14-29-31-PM,-62.191,-62.191,-57.219,-57.219,-57.219,-59.591,-59.591,-59.591,-62.191,,-57.219,-57.219,-57.219,,-59.591,
05-07-2026-Thu 14-29-32-PM,-62.224,-62.224,-57.252,-57.252,-57.252,-59.656,-59.656,-59.656,-62.224,,-57.252,-57.252,-57.252,,-59.656,
05-07-2026-Thu 14-29-35-PM,-62.256,-62.256,-57.285,-57.285,-57.285,-59.492,-59.492,-59.492,-62.256,,-57.285,-57.285,-57.285,,-59.492,
05-07-2026-Thu 14-29-38-PM,-62.289,-62.289,-57.318,-57.318,-57.318,-59.722,-59.722,-59.722,-62.289,,-57.318,-57.318,-57.318,,-59.722,
05-07-2026-Thu 14-29-41-PM,-62.322,-62.322,-57.384,-57.384,-57.384,-59.656,-59.656,-59.656,-62.322,,-57.384,-57.384,-57.384,,-59.656,
05-07-2026-Thu 14-29-44-PM,-62.421,-62.421,-57.416,-57.416,-57.416,-59.821,-59.821,-59.821,-62.421,,-57.416,-57.416,-57.416,,-59.821,
05-07-2026-Thu 14-29-45-PM,-62.421,-62.421,-57.482,-57.482,-57.482,-59.755,-59.755,-59.755,-62.421,,-57.482,-57.482,-57.482,,-59.755,
05-07-2026-Thu 14-29-47-PM,-62.487,-62.487,-57.515,-57.515,-57.515,-59.887,-59.887,-59.887,-62.487,,-57.515,-57.515,-57.515,,-59.887,
05-07-2026-Thu 14-29-48-PM,-62.487,-62.487,-57.548,-57.548,-57.548,-59.986,-59.986,-59.986,-62.487,,-57.548,-57.548,-57.548,,-59.986,
05-07-2026-Thu 14-29-50-PM,-62.52,-62.52,-57.548,-57.548,-57.548,-59.821,-59.821,-59.821,-62.52,,-57.548,-57.548,-57.548,,-59.821,
05-07-2026-Thu 14-29-51-PM,-62.553,-62.553,-57.581,-57.581,-57.581,-59.788,-59.788,-59.788,-62.553,,-57.581,-57.581,-57.581,,-59.788,
05-07-2026-Thu 14-29-52-PM,-62.553,-62.553,-57.614,-57.614,-57.614,-59.986,-59.986,-59.986,-62.553,,-57.614,-57.614,-57.614,,-59.986,
05-07-2026-Thu 14-29-54-PM,-62.585,-62.585,-57.647,-57.647,-57.647,-60.084,-60.084,-60.084,-62.585,,-57.647,-57.647,-57.647,,-60.084,
05-07-2026-Thu 14-29-55-PM,-62.585,-62.585,-57.647,-57.647,-57.647,-60.052,-60.052,-60.052,-62.585,,-57.647,-57.647,-57.647,,-60.052,
05-07-2026-Thu 14-29-57-PM,-62.618,-62.618,-57.68,-57.68,-57.68,-59.953,-59.953,-59.953,-62.618,,-57.68,-57.68,-57.68,,-59.953,
05-07-2026-Thu 14-29-58-PM,-62.651,-62.651,-57.68,-57.68,-57.68,-60.084,-60.084,-60.084,-62.651,,-57.68,-57.68,-57.68,,-60.084,
05-07-2026-Thu 14-29-59-PM,-62.684,-62.684,-57.713,-57.713,-57.713,-59.986,-59.986,-59.986,-62.684,,-57.713,-57.713,-57.713,,-59.986,
05-07-2026-Thu 14-30-01-PM,-62.684,-62.684,-57.746,-57.746,-57.746,-60.019,-60.019,-60.019,-62.684,,-57.746,-57.746,-57.746,,-60.019,
05-07-2026-Thu 14-30-02-PM,-62.717,-62.717,-57.746,-57.746,-57.746,-60.084,-60.084,-60.084,-62.717,,-57.746,-57.746,-57.746,,-60.084,
05-07-2026-Thu 14-30-04-PM,-62.717,-62.717,-57.779,-57.779,-57.779,-60.15,-60.15,-60.15,-62.717,,-57.779,-57.779,-57.779,,-60.15,
05-07-2026-Thu 14-30-05-PM,-62.75,-62.75,-57.812,-57.812,-57.812,-60.282,-60.282,-60.282,-62.75,,-57.812,-57.812,-57.812,,-60.282,
05-07-2026-Thu 14-30-06-PM,-62.75,-62.75,-57.845,-57.845,-57.845,-60.117,-60.117,-60.117,-62.75,,-57.845,-57.845,-57.845,,-60.117,
05-07-2026-Thu 14-30-08-PM,-62.783,-62.783,-57.845,-57.845,-57.845,-60.052,-60.052,-60.052,-62.783,,-57.845,-57.845,-57.845,,-60.052,
05-07-2026-Thu 14-30-09-PM,-62.816,-62.816,-57.878,-57.878,-57.878,-60.15,-60.15,-60.15,-62.816,,-57.878,-57.878,-57.878,,-60.15,
05-07-2026-Thu 14-30-11-PM,-62.848,-62.848,-57.878,-57.878,-57.878,-60.348,-60.348,-60.348,-62.848,,-57.878,-57.878,-57.878,,-60.348,
05-07-2026-Thu 14-30-12-PM,-62.882,-62.882,-57.911,-57.911,-57.911,-60.381,-60.381,-60.381,-62.882,,-57.911,-57.911,-57.911,,-60.381,
05-07-2026-Thu 14-30-13-PM,-62.882,-62.882,-57.911,-57.911,-57.911,-60.348,-60.348,-60.348,-62.882,,-57.911,-57.911,-57.911,,-60.348,
05-07-2026-Thu 14-30-15-PM,-62.914,-62.914,-57.944,-57.944,-57.944,-60.315,-60.315,-60.315,-62.914,,-57.944,-57.944,-57.944,,-60.315,
05-07-2026-Thu 14-30-16-PM,-62.914,-62.914,-58.01,-58.01,-58.01,-60.315,-60.315,-60.315,-62.914,,-58.01,-58.01,-58.01,,-60.315,
05-07-2026-Thu 14-30-18-PM,-62.947,-62.947,-57.977,-57.977,-57.977,-60.348,-60.348,-60.348,-62.947,,-57.977,-57.977,-57.977,,-60.348,
05-07-2026-Thu 14-30-19-PM,-62.947,-62.947,-58.042,-58.042,-58.042,-60.348,-60.348,-60.348,-62.947,,-58.042,-58.042,-58.042,,-60.348,
05-07-2026-Thu 14-30-20-PM,-63.013,-63.013,-58.042,-58.042,-58.042,-60.381,-60.381,-60.381,-63.013,,-58.042,-58.042,-58.042,,-60.381,
05-07-2026-Thu 14-30-21-PM,-62.98,-62.98,-58.042,-58.042,-58.042,-60.348,-60.348,-60.348,-62.98,,-58.042,-58.042,-58.042,,-60.348,
05-07-2026-Thu 14-30-23-PM,-63.013,-63.013,-58.075,-58.075,-58.075,-60.381,-60.381,-60.381,-63.013,,-58.075,-58.075,-58.075,,-60.381,
05-07-2026-Thu 14-30-24-PM,-63.046,-63.046,-58.108,-58.108,-58.108,-60.414,-60.414,-60.414,-63.046,,-58.108,-58.108,-58.108,,-60.414,
05-07-2026-Thu 14-30-26-PM,-63.046,-63.046,-58.141,-58.141,-58.141,-60.348,-60.348,-60.348,-63.046,,-58.141,-58.141,-58.141,,-60.348,
05-07-2026-Thu 14-30-27-PM,-63.079,-63.079,-58.174,-58.174,-58.174,-60.414,-60.414,-60.414,-63.079,,-58.174,-58.174,-58.174,,-60.414,
05-07-2026-Thu 14-30-28-PM,-63.112,-63.112,-58.174,-58.174,-58.174,-60.578,-60.578,-60.578,-63.112,,-58.174,-58.174,-58.174,,-60.578,
05-07-2026-Thu 14-30-30-PM,-63.112,-63.112,-58.174,-58.174,-58.174,-60.578,-60.578,-60.578,-63.112,,-58.174,-58.174,-58.174,,-60.578,
05-07-2026-Thu 14-30-31-PM,-63.144,-63.144,-58.207,-58.207,-58.207,-60.545,-60.545,-60.545,-63.144,,-58.207,-58.207,-58.207,,-60.545,
05-07-2026-Thu 14-30-33-PM,-63.144,-63.144,-58.24,-58.24,-58.24,-60.71,-60.71,-60.71,-63.144,,-58.24,-58.24,-58.24,,-60.71,
05-07-2026-Thu 14-30-34-PM,-63.177,-63.177,-58.273,-58.273,-58.273,-60.447,-60.447,-60.447,-63.177,,-58.273,-58.273,-58.273,,-60.447,
05-07-2026-Thu 14-30-35-PM,-63.21,-63.21,-58.273,-58.273,-58.273,-60.71,-60.71,-60.71,-63.21,,-58.273,-58.273,-58.273,,-60.71,
05-07-2026-Thu 14-30-37-PM,-63.243,-63.243,-58.306,-58.306,-58.306,-60.644,-60.644,-60.644,-63.243,,-58.306,-58.306,-58.306,,-60.644,
05-07-2026-Thu 14-30-38-PM,-63.243,-63.243,-58.339,-58.339,-58.339,-60.644,-60.644,-60.644,-63.243,,-58.339,-58.339,-58.339,,-60.644,
05-07-2026-Thu 14-30-40-PM,-63.276,-63.276,-58.339,-58.339,-58.339,-60.611,-60.611,-60.611,-63.276,,-58.339,-58.339,-58.339,,-60.611,
05-07-2026-Thu 14-30-41-PM,-63.276,-63.276,-58.372,-58.372,-58.372,-60.776,-60.776,-60.776,-63.276,,-58.372,-58.372,-58.372,,-60.776,
05-07-2026-Thu 14-30-42-PM,-63.309,-63.309,-58.372,-58.372,-58.372,-60.677,-60.677,-60.677,-63.309,,-58.372,-58.372,-58.372,,-60.677,
05-07-2026-Thu 14-30-44-PM,-63.342,-63.342,-58.405,-58.405,-58.405,-60.644,-60.644,-60.644,-63.342,,-58.405,-58.405,-58.405,,-60.644,
05-07-2026-Thu 14-30-45-PM,-63.342,-63.342,-58.438,-58.438,-58.438,-60.776,-60.776,-60.776,-63.342,,-58.438,-58.438,-58.438,,-60.776,
05-07-2026-Thu 14-30-47-PM,-63.375,-63.375,-58.438,-58.438,-58.438,-60.973,-60.973,-60.973,-63.375,,-58.438,-58.438,-58.438,,-60.973,
05-07-2026-Thu 14-30-48-PM,-63.375,-63.375,-58.504,-58.504,-58.504,-60.611,-60.611,-60.611,-63.375,,-58.504,-58.504,-58.504,,-60.611,
05-07-2026-Thu 14-30-49-PM,-63.408,-63.408,-58.504,-58.504,-58.504,-60.874,-60.874,-60.874,-63.408,,-58.504,-58.504,-58.504,,-60.874,
05-07-2026-Thu 14-30-51-PM,-63.44,-63.44,-58.537,-58.537,-58.537,-60.776,-60.776,-60.776,-63.44,,-58.537,-58.537,-58.537,,-60.776,
05-07-2026-Thu 14-30-52-PM,-63.44,-63.44,-58.57,-58.57,-58.57,-60.809,-60.809,-60.809,-63.44,,-58.57,-58.57,-58.57,,-60.809,
05-07-2026-Thu 14-30-54-PM,-63.473,-63.473,-58.57,-58.57,-58.57,-60.874,-60.874,-60.874,-63.473,,-58.57,-58.57,-58.57,,-60.874,
05-07-2026-Thu 14-30-55-PM,-63.473,-63.473,-58.57,-58.57,-58.57,-60.842,-60.842,-60.842,-63.473,,-58.57,-58.57,-58.57,,-60.842,
05-07-2026-Thu 14-30-56-PM,-63.506,-63.506,-58.603,-58.603,-58.603,-61.006,-61.006,-61.006,-63.506,,-58.603,-58.603,-58.603,,-61.006,
05-07-2026-Thu 14-30-58-PM,-63.473,-63.473,-58.636,-58.636,-58.636,-60.874,-60.874,-60.874,-63.473,,-58.636,-58.636,-58.636,,-60.874,
05-07-2026-Thu 14-30-59-PM,-63.572,-63.572,-58.668,-58.668,-58.668,-60.908,-60.908,-60.908,-63.572,,-58.668,-58.668,-58.668,,-60.908,
05-07-2026-Thu 14-31-01-PM,-63.539,-63.539,-58.668,-58.668,-58.668,-60.94,-60.94,-60.94,-63.539,,-58.668,-58.668,-58.668,,-60.94,
05-07-2026-Thu 14-31-02-PM,-63.605,-63.605,-58.668,-58.668,-58.668,-60.94,-60.94,-60.94,-63.605,,-58.668,-58.668,-58.668,,-60.94,
05-07-2026-Thu 14-31-03-PM,-63.605,-63.605,-58.701,-58.701,-58.701,-60.842,-60.842,-60.842,-63.605,,-58.701,-58.701,-58.701,,-60.842,
05-07-2026-Thu 14-31-05-PM,-63.605,-63.605,-58.734,-58.734,-58.734,-61.006,-61.006,-61.006,-63.605,,-58.734,-58.734,-58.734,,-61.006,
05-07-2026-Thu 14-31-06-PM,-63.638,-63.638,-58.734,-58.734,-58.734,-60.94,-60.94,-60.94,-63.638,,-58.734,-58.734,-58.734,,-60.94,
05-07-2026-Thu 14-31-08-PM,-63.671,-63.671,-58.8,-58.8,-58.8,-61.039,-61.039,-61.039,-63.671,,-58.8,-58.8,-58.8,,-61.039,
05-07-2026-Thu 14-31-09-PM,-63.671,-63.671,-58.8,-58.8,-58.8,-61.204,-61.204,-61.204,-63.671,,-58.8,-58.8,-58.8,,-61.204,
05-07-2026-Thu 14-31-10-PM,-63.704,-63.704,-58.833,-58.833,-58.833,-61.072,-61.072,-61.072,-63.704,,-58.833,-58.833,-58.833,,-61.072,
05-07-2026-Thu 14-31-12-PM,-63.704,-63.704,-58.833,-58.833,-58.833,-61.302,-61.302,-61.302,-63.704,,-58.833,-58.833,-58.833,,-61.302,
05-07-2026-Thu 14-31-13-PM,-63.704,-63.704,-58.866,-58.866,-58.866,-61.171,-61.171,-61.171,-63.704,,-58.866,-58.866,-58.866,,-61.171,
05-07-2026-Thu 14-31-14-PM,-63.736,-63.736,-58.899,-58.899,-58.899,-61.105,-61.105,-61.105,-63.736,,-58.899,-58.899,-58.899,,-61.105,
05-07-2026-Thu 14-31-16-PM,-63.769,-63.769,-58.899,-58.899,-58.899,-61.171,-61.171,-61.171,-63.769,,-58.899,-58.899,-58.899,,-61.171,
05-07-2026-Thu 14-31-17-PM,-63.769,-63.769,-58.932,-58.932,-58.932,-61.204,-61.204,-61.204,-63.769,,-58.932,-58.932,-58.932,,-61.204,
05-07-2026-Thu 14-31-18-PM,-63.802,-63.802,-58.932,-58.932,-58.932,-61.171,-61.171,-61.171,-63.802,,-58.932,-58.932,-58.932,,-61.171,
05-07-2026-Thu 14-31-20-PM,-63.802,-63.802,-58.965,-58.965,-58.965,-61.368,-61.368,-61.368,-63.802,,-58.965,-58.965,-58.965,,-61.368,
05-07-2026-Thu 14-31-21-PM,-63.802,-63.802,-58.965,-58.965,-58.965,-61.401,-61.401,-61.401,-63.802,,-58.965,-58.965,-58.965,,-61.401,
05-07-2026-Thu 14-31-22-PM,-63.868,-63.868,-58.998,-58.998,-58.998,-61.401,-61.401,-61.401,-63.868,,-58.998,-58.998,-58.998,,-61.401,
05-07-2026-Thu 14-31-24-PM,-63.835,-63.835,-59.031,-59.031,-59.031,-61.401,-61.401,-61.401,-63.835,,-59.031,-59.031,-59.031,,-61.401,
05-07-2026-Thu 14-31-25-PM,-63.868,-63.868,-59.031,-59.031,-59.031,-61.335,-61.335,-61.335,-63.868,,-59.031,-59.031,-59.031,,-61.335,
05-07-2026-Thu 14-31-27-PM,-63.901,-63.901,-59.064,-59.064,-59.064,-61.335,-61.335,-61.335,-63.901,,-59.064,-59.064,-59.064,,-61.335,
05-07-2026-Thu 14-31-28-PM,-63.901,-63.901,-59.097,-59.097,-59.097,-61.467,-61.467,-61.467,-63.901,,-59.097,-59.097,-59.097,,-61.467,
05-07-2026-Thu 14-31-29-PM,-63.934,-63.934,-59.097,-59.097,-59.097,-61.401,-61.401,-61.401,-63.934,,-59.097,-59.097,-59.097,,-61.401,
05-07-2026-Thu 14-31-31-PM,-63.934,-63.934,-59.13,-59.13,-59.13,-61.335,-61.335,-61.335,-63.934,,-59.13,-59.13,-59.13,,-61.335,
05-07-2026-Thu 14-31-32-PM,-63.967,-63.967,-59.162,-59.162,-59.162,-61.368,-61.368,-61.368,-63.967,,-59.162,-59.162,-59.162,,-61.368,
05-07-2026-Thu 14-31-34-PM,-63.999,-63.999,-59.195,-59.195,-59.195,-61.236,-61.236,-61.236,-63.999,,-59.195,-59.195,-59.195,,-61.236,
05-07-2026-Thu 14-31-35-PM,-63.999,-63.999,-59.162,-59.162,-59.162,-61.401,-61.401,-61.401,-63.999,,-59.162,-59.162,-59.162,,-61.401,
05-07-2026-Thu 14-31-36-PM,-63.999,-63.999,-59.228,-59.228,-59.228,-61.434,-61.434,-61.434,-63.999,,-59.228,-59.228,-59.228,,-61.434,
05-07-2026-Thu 14-31-38-PM,-64.032,-64.032,-59.228,-59.228,-59.228,-61.566,-61.566,-61.566,-64.032,,-59.228,-59.228,-59.228,,-61.566,
05-07-2026-Thu 14-31-39-PM,-64.032,-64.032,-59.261,-59.261,-59.261,-61.5,-61.5,-61.5,-64.032,,-59.261,-59.261,-59.261,,-61.5,
05-07-2026-Thu 14-31-41-PM,-64.065,-64.065,-59.261,-59.261,-59.261,-61.5,-61.5,-61.5,-64.065,,-59.261,-59.261,-59.261,,-61.5,
05-07-2026-Thu 14-31-42-PM,-64.098,-64.098,-59.294,-59.294,-59.294,-61.631,-61.631,-61.631,-64.098,,-59.294,-59.294,-59.294,,-61.631,
05-07-2026-Thu 14-31-43-PM,-64.098,-64.098,-59.294,-59.294,-59.294,-61.631,-61.631,-61.631,-64.098,,-59.294,-59.294,-59.294,,-61.631,
05-07-2026-Thu 14-31-45-PM,-64.131,-64.131,-59.327,-59.327,-59.327,-61.5,-61.5,-61.5,-64.131,,-59.327,-59.327,-59.327,,-61.5,
05-07-2026-Thu 14-31-46-PM,-64.131,-64.131,-59.36,-59.36,-59.36,-61.631,-61.631,-61.631,-64.131,,-59.36,-59.36,-59.36,,-61.631,
05-07-2026-Thu 14-31-48-PM,-64.131,-64.131,-59.393,-59.393,-59.393,-61.598,-61.598,-61.598,-64.131,,-59.393,-59.393,-59.393,,-61.598,
05-07-2026-Thu 14-31-50-PM,-64.164,-64.164,-59.393,-59.393,-59.393,-61.697,-61.697,-61.697,-64.164,,-59.393,-59.393,-59.393,,-61.697,
05-07-2026-Thu 14-31-53-PM,-64.197,-64.197,-59.426,-59.426,-59.426,-61.73,-61.73,-61.73,-64.197,,-59.426,-59.426,-59.426,,-61.73,
05-07-2026-Thu 14-31-56-PM,-64.23,-64.23,-59.492,-59.492,-59.492,-61.796,-61.796,-61.796,-64.23,,-59.492,-59.492,-59.492,,-61.796,
05-07-2026-Thu 14-31-59-PM,-64.262,-64.262,-59.525,-59.525,-59.525,-61.796,-61.796,-61.796,-64.262,,-59.525,-59.525,-59.525,,-61.796,
05-07-2026-Thu 14-32-01-PM,-64.295,-64.295,-59.558,-59.558,-59.558,-61.73,-61.73,-61.73,-64.295,,-59.558,-59.558,-59.558,,-61.73,
05-07-2026-Thu 14-32-02-PM,-64.295,-64.295,-59.591,-59.591,-59.591,-61.895,-61.895,-61.895,-64.295,,-59.591,-59.591,-59.591,,-61.895,
05-07-2026-Thu 14-32-03-PM,-64.328,-64.328,-59.624,-59.624,-59.624,-61.895,-61.895,-61.895,-64.328,,-59.624,-59.624,-59.624,,-61.895,
05-07-2026-Thu 14-32-05-PM,-64.328,-64.328,-59.656,-59.656,-59.656,-61.796,-61.796,-61.796,-64.328,,-59.656,-59.656,-59.656,,-61.796,
05-07-2026-Thu 14-32-06-PM,-64.361,-64.361,-59.656,-59.656,-59.656,-61.928,-61.928,-61.928,-64.361,,-59.656,-59.656,-59.656,,-61.928,
05-07-2026-Thu 14-32-08-PM,-64.361,-64.361,-59.656,-59.656,-59.656,-61.862,-61.862,-61.862,-64.361,,-59.656,-59.656,-59.656,,-61.862,
05-07-2026-Thu 14-32-09-PM,-64.394,-64.394,-59.689,-59.689,-59.689,-62.092,-62.092,-62.092,-64.394,,-59.689,-59.689,-59.689,,-62.092,
05-07-2026-Thu 14-32-10-PM,-64.427,-64.427,-59.722,-59.722,-59.722,-61.895,-61.895,-61.895,-64.427,,-59.722,-59.722,-59.722,,-61.895,
05-07-2026-Thu 14-32-12-PM,-64.427,-64.427,-59.689,-59.689,-59.689,-62.059,-62.059,-62.059,-64.427,,-59.689,-59.689,-59.689,,-62.059,
05-07-2026-Thu 14-32-13-PM,-64.46,-64.46,-59.755,-59.755,-59.755,-61.96,-61.96,-61.96,-64.46,,-59.755,-59.755,-59.755,,-61.96,
05-07-2026-Thu 14-32-14-PM,-64.46,-64.46,-59.755,-59.755,-59.755,-62.158,-62.158,-62.158,-64.46,,-59.755,-59.755,-59.755,,-62.158,
05-07-2026-Thu 14-32-16-PM,-64.46,-64.46,-59.755,-59.755,-59.755,-62.026,-62.026,-62.026,-64.46,,-59.755,-59.755,-59.755,,-62.026,
05-07-2026-Thu 14-32-18-PM,-64.492,-64.492,-59.821,-59.821,-59.821,-62.059,-62.059,-62.059,-64.492,,-59.821,-59.821,-59.821,,-62.059,
05-07-2026-Thu 14-32-19-PM,-64.492,-64.492,-59.821,-59.821,-59.821,-62.092,-62.092,-62.092,-64.492,,-59.821,-59.821,-59.821,,-62.092,
05-07-2026-Thu 14-32-20-PM,-64.525,-64.525,-59.821,-59.821,-59.821,-61.96,-61.96,-61.96,-64.525,,-59.821,-59.821,-59.821,,-61.96,
05-07-2026-Thu 14-32-22-PM,-64.558,-64.558,-59.854,-59.854,-59.854,-62.059,-62.059,-62.059,-64.558,,-59.854,-59.854,-59.854,,-62.059,
05-07-2026-Thu 14-32-23-PM,-64.558,-64.558,-59.887,-59.887,-59.887,-62.026,-62.026,-62.026,-64.558,,-59.887,-59.887,-59.887,,-62.026,
05-07-2026-Thu 14-32-25-PM,-64.591,-64.591,-59.887,-59.887,-59.887,-61.96,-61.96,-61.96,-64.591,,-59.887,-59.887,-59.887,,-61.96,
05-07-2026-Thu 14-32-26-PM,-64.558,-64.558,-59.92,-59.92,-59.92,-62.026,-62.026,-62.026,-64.558,,-59.92,-59.92,-59.92,,-62.026,
05-07-2026-Thu 14-32-27-PM,-64.624,-64.624,-59.953,-59.953,-59.953,-62.059,-62.059,-62.059,-64.624,,-59.953,-59.953,-59.953,,-62.059,
05-07-2026-Thu 14-32-29-PM,-64.591,-64.591,-59.953,-59.953,-59.953,-62.224,-62.224,-62.224,-64.591,,-59.953,-59.953,-59.953,,-62.224,
05-07-2026-Thu 14-32-30-PM,-64.624,-64.624,-59.953,-59.953,-59.953,-62.256,-62.256,-62.256,-64.624,,-59.953,-59.953,-59.953,,-62.256,
05-07-2026-Thu 14-32-31-PM,-64.657,-64.657,-59.986,-59.986,-59.986,-62.322,-62.322,-62.322,-64.657,,-59.986,-59.986,-59.986,,-62.322,
05-07-2026-Thu 14-32-33-PM,-64.657,-64.657,-60.019,-60.019,-60.019,-62.322,-62.322,-62.322,-64.657,,-60.019,-60.019,-60.019,,-62.322,
05-07-2026-Thu 14-32-36-PM,-64.69,-64.69,-60.019,-60.019,-60.019,-62.256,-62.256,-62.256,-64.69,,-60.019,-60.019,-60.019,,-62.256,
05-07-2026-Thu 14-32-39-PM,-64.722,-64.722,-60.052,-60.052,-60.052,-62.322,-62.322,-62.322,-64.722,,-60.052,-60.052,-60.052,,-62.322,
05-07-2026-Thu 14-32-40-PM,-64.722,-64.722,-60.084,-60.084,-60.084,-62.355,-62.355,-62.355,-64.722,,-60.084,-60.084,-60.084,,-62.355,
05-07-2026-Thu 14-32-41-PM,-64.722,-64.722,-60.117,-60.117,-60.117,-62.421,-62.421,-62.421,-64.722,,-60.117,-60.117,-60.117,,-62.421,
05-07-2026-Thu 14-32-43-PM,-64.755,-64.755,-60.117,-60.117,-60.117,-62.289,-62.289,-62.289,-64.755,,-60.117,-60.117,-60.117,,-62.289,
05-07-2026-Thu 14-32-44-PM,-64.788,-64.788,-60.15,-60.15,-60.15,-62.355,-62.355,-62.355,-64.788,,-60.15,-60.15,-60.15,,-62.355,
05-07-2026-Thu 14-32-46-PM,-64.821,-64.821,-60.183,-60.183,-60.183,-62.289,-62.289,-62.289,-64.821,,-60.183,-60.183,-60.183,,-62.289,
05-07-2026-Thu 14-32-47-PM,-64.821,-64.821,-60.183,-60.183,-60.183,-62.487,-62.487,-62.487,-64.821,,-60.183,-60.183,-60.183,,-62.487,
05-07-2026-Thu 14-32-48-PM,-64.821,-64.821,-60.183,-60.183,-60.183,-62.553,-62.553,-62.553,-64.821,,-60.183,-60.183,-60.183,,-62.553,
05-07-2026-Thu 14-32-50-PM,-64.821,-64.821,-60.216,-60.216,-60.216,-62.52,-62.52,-62.52,-64.821,,-60.216,-60.216,-60.216,,-62.52,
05-07-2026-Thu 14-32-51-PM,-64.887,-64.887,-60.216,-60.216,-60.216,-62.454,-62.454,-62.454,-64.887,,-60.216,-60.216,-60.216,,-62.454,
05-07-2026-Thu 14-32-53-PM,-64.854,-64.854,-60.282,-60.282,-60.282,-62.553,-62.553,-62.553,-64.854,,-60.282,-60.282,-60.282,,-62.553,
05-07-2026-Thu 14-32-54-PM,-64.887,-64.887,-60.282,-60.282,-60.282,-62.421,-62.421,-62.421,-64.887,,-60.282,-60.282,-60.282,,-62.421,
05-07-2026-Thu 14-32-55-PM,-64.887,-64.887,-60.282,-60.282,-60.282,-62.487,-62.487,-62.487,-64.887,,-60.282,-60.282,-60.282,,-62.487,
05-07-2026-Thu 14-32-57-PM,-64.92,-64.92,-60.315,-60.315,-60.315,-62.585,-62.585,-62.585,-64.92,,-60.315,-60.315,-60.315,,-62.585,
05-07-2026-Thu 14-32-58-PM,-64.887,-64.887,-60.348,-60.348,-60.348,-62.553,-62.553,-62.553,-64.887,,-60.348,-60.348,-60.348,,-62.553,
05-07-2026-Thu 14-32-59-PM,-64.92,-64.92,-60.348,-60.348,-60.348,-62.454,-62.454,-62.454,-64.92,,-60.348,-60.348,-60.348,,-62.454,
05-07-2026-Thu 14-33-01-PM,-64.953,-64.953,-60.348,-60.348,-60.348,-62.52,-62.52,-62.52,-64.953,,-60.348,-60.348,-60.348,,-62.52,
05-07-2026-Thu 14-33-02-PM,-64.953,-64.953,-60.381,-60.381,-60.381,-62.618,-62.618,-62.618,-64.953,,-60.381,-60.381,-60.381,,-62.618,
05-07-2026-Thu 14-33-04-PM,-64.985,-64.985,-60.414,-60.414,-60.414,-62.651,-62.651,-62.651,-64.985,,-60.414,-60.414,-60.414,,-62.651,
05-07-2026-Thu 14-33-05-PM,-65.018,-65.018,-60.414,-60.414,-60.414,-62.618,-62.618,-62.618,-65.018,,-60.414,-60.414,-60.414,,-62.618,
05-07-2026-Thu 14-33-06-PM,-64.985,-64.985,-60.414,-60.414,-60.414,-62.651,-62.651,-62.651,-64.985,,-60.414,-60.414,-60.414,,-62.651,
05-07-2026-Thu 14-33-08-PM,-65.018,-65.018,-60.447,-60.447,-60.447,-62.75,-62.75,-62.75,-65.018,,-60.447,-60.447,-60.447,,-62.75,
05-07-2026-Thu 14-33-09-PM,-65.018,-65.018,-60.447,-60.447,-60.447,-62.75,-62.75,-62.75,-65.018,,-60.447,-60.447,-60.447,,-62.75,
05-07-2026-Thu 14-33-10-PM,-65.051,-65.051,-60.48,-60.48,-60.48,-62.585,-62.585,-62.585,-65.051,,-60.48,-60.48,-60.48,,-62.585,
05-07-2026-Thu 14-33-12-PM,-65.084,-65.084,-60.48,-60.48,-60.48,-62.717,-62.717,-62.717,-65.084,,-60.48,-60.48,-60.48,,-62.717,
05-07-2026-Thu 14-33-13-PM,-65.051,-65.051,-60.512,-60.512,-60.512,-62.75,-62.75,-62.75,-65.051,,-60.512,-60.512,-60.512,,-62.75,
05-07-2026-Thu 14-33-15-PM,-65.117,-65.117,-60.512,-60.512,-60.512,-62.717,-62.717,-62.717,-65.117,,-60.512,-60.512,-60.512,,-62.717,
05-07-2026-Thu 14-33-16-PM,-65.084,-65.084,-60.578,-60.578,-60.578,-62.75,-62.75,-62.75,-65.084,,-60.578,-60.578,-60.578,,-62.75,
05-07-2026-Thu 14-33-17-PM,-65.084,-65.084,-60.578,-60.578,-60.578,-62.783,-62.783,-62.783,-65.084,,-60.578,-60.578,-60.578,,-62.783,
05-07-2026-Thu 14-33-19-PM,-65.117,-65.117,-60.578,-60.578,-60.578,-62.848,-62.848,-62.848,-65.117,,-60.578,-60.578,-60.578,,-62.848,
05-07-2026-Thu 14-33-20-PM,-65.15,-65.15,-60.611,-60.611,-60.611,-62.783,-62.783,-62.783,-65.15,,-60.611,-60.611,-60.611,,-62.783,
05-07-2026-Thu 14-33-21-PM,-65.15,-65.15,-60.611,-60.611,-60.611,-62.816,-62.816,-62.816,-65.15,,-60.611,-60.611,-60.611,,-62.816,
05-07-2026-Thu 14-33-23-PM,-65.15,-65.15,-60.644,-60.644,-60.644,-62.783,-62.783,-62.783,-65.15,,-60.644,-60.644,-60.644,,-62.783,
05-07-2026-Thu 14-33-24-PM,-65.183,-65.183,-60.677,-60.677,-60.677,-62.848,-62.848,-62.848,-65.183,,-60.677,-60.677,-60.677,,-62.848,
05-07-2026-Thu 14-33-26-PM,-65.183,-65.183,-60.677,-60.677,-60.677,-62.848,-62.848,-62.848,-65.183,,-60.677,-60.677,-60.677,,-62.848,
05-07-2026-Thu 14-33-27-PM,-65.183,-65.183,-60.71,-60.71,-60.71,-62.914,-62.914,-62.914,-65.183,,-60.71,-60.71,-60.71,,-62.914,
05-07-2026-Thu 14-33-28-PM,-65.216,-65.216,-60.71,-60.71,-60.71,-62.947,-62.947,-62.947,-65.216,,-60.71,-60.71,-60.71,,-62.947,
05-07-2026-Thu 14-33-30-PM,-65.248,-65.248,-60.71,-60.71,-60.71,-62.914,-62.914,-62.914,-65.248,,-60.71,-60.71,-60.71,,-62.914,
05-07-2026-Thu 14-33-31-PM,-65.216,-65.216,-60.743,-60.743,-60.743,-62.816,-62.816,-62.816,-65.216,,-60.743,-60.743,-60.743,,-62.816,
05-07-2026-Thu 14-33-33-PM,-65.248,-65.248,-60.743,-60.743,-60.743,-62.914,-62.914,-62.914,-65.248,,-60.743,-60.743,-60.743,,-62.914,
05-07-2026-Thu 14-33-34-PM,-65.281,-65.281,-60.809,-60.809,-60.809,-62.882,-62.882,-62.882,-65.281,,-60.809,-60.809,-60.809,,-62.882,
05-07-2026-Thu 14-33-35-PM,-65.281,-65.281,-60.776,-60.776,-60.776,-63.079,-63.079,-63.079,-65.281,,-60.776,-60.776,-60.776,,-63.079,
05-07-2026-Thu 14-33-37-PM,-65.281,-65.281,-60.809,-60.809,-60.809,-62.914,-62.914,-62.914,-65.281,,-60.809,-60.809,-60.809,,-62.914,
05-07-2026-Thu 14-33-40-PM,-65.314,-65.314,-60.842,-60.842,-60.842,-62.98,-62.98,-62.98,-65.314,,-60.842,-60.842,-60.842,,-62.98,
05-07-2026-Thu 14-33-42-PM,-65.314,-65.314,-60.874,-60.874,-60.874,-63.013,-63.013,-63.013,-65.314,,-60.874,-60.874,-60.874,,-63.013,
05-07-2026-Thu 14-33-44-PM,-65.38,-65.38,-60.874,-60.874,-60.874,-62.98,-62.98,-62.98,-65.38,,-60.874,-60.874,-60.874,,-62.98,
05-07-2026-Thu 14-33-46-PM,-65.38,-65.38,-60.94,-60.94,-60.94,-62.914,-62.914,-62.914,-65.38,,-60.94,-60.94,-60.94,,-62.914,
05-07-2026-Thu 14-33-47-PM,-65.413,-65.413,-60.94,-60.94,-60.94,-63.177,-63.177,-63.177,-65.413,,-60.94,-60.94,-60.94,,-63.177,
05-07-2026-Thu 14-33-49-PM,-65.413,-65.413,-60.94,-60.94,-60.94,-63.112,-63.112,-63.112,-65.413,,-60.94,-60.94,-60.94,,-63.112,
05-07-2026-Thu 14-33-50-PM,-65.38,-65.38,-60.94,-60.94,-60.94,-63.112,-63.112,-63.112,-65.38,,-60.94,-60.94,-60.94,,-63.112,
05-07-2026-Thu 14-33-51-PM,-65.413,-65.413,-60.973,-60.973,-60.973,-63.112,-63.112,-63.112,-65.413,,-60.973,-60.973,-60.973,,-63.112,
05-07-2026-Thu 14-33-53-PM,-65.413,-65.413,-61.006,-61.006,-61.006,-63.079,-63.079,-63.079,-65.413,,-61.006,-61.006,-61.006,,-63.079,
05-07-2026-Thu 14-33-54-PM,-65.445,-65.445,-61.006,-61.006,-61.006,-63.112,-63.112,-63.112,-65.445,,-61.006,-61.006,-61.006,,-63.112,
05-07-2026-Thu 14-33-56-PM,-65.445,-65.445,-61.039,-61.039,-61.039,-63.21,-63.21,-63.21,-65.445,,-61.039,-61.039,-61.039,,-63.21,
05-07-2026-Thu 14-33-57-PM,-65.478,-65.478,-61.039,-61.039,-61.039,-63.21,-63.21,-63.21,-65.478,,-61.039,-61.039,-61.039,,-63.21,
05-07-2026-Thu 14-33-59-PM,-65.511,-65.511,-61.039,-61.039,-61.039,-63.309,-63.309,-63.309,-65.511,,-61.039,-61.039,-61.039,,-63.309,
05-07-2026-Thu 14-34-00-PM,-65.478,-65.478,-61.105,-61.105,-61.105,-63.342,-63.342,-63.342,-65.478,,-61.105,-61.105,-61.105,,-63.342,
05-07-2026-Thu 14-34-02-PM,-65.511,-65.511,-61.105,-61.105,-61.105,-63.21,-63.21,-63.21,-65.511,,-61.105,-61.105,-61.105,,-63.21,
05-07-2026-Thu 14-34-03-PM,-65.544,-65.544,-61.105,-61.105,-61.105,-63.309,-63.309,-63.309,-65.544,,-61.105,-61.105,-61.105,,-63.309,
05-07-2026-Thu 14-34-04-PM,-65.544,-65.544,-61.138,-61.138,-61.138,-63.44,-63.44,-63.44,-65.544,,-61.138,-61.138,-61.138,,-63.44,
05-07-2026-Thu 14-34-06-PM,-65.577,-65.577,-61.171,-61.171,-61.171,-63.408,-63.408,-63.408,-65.577,,-61.171,-61.171,-61.171,,-63.408,
05-07-2026-Thu 14-34-07-PM,-65.544,-65.544,-61.171,-61.171,-61.171,-63.243,-63.243,-63.243,-65.544,,-61.171,-61.171,-61.171,,-63.243,
05-07-2026-Thu 14-34-09-PM,-65.577,-65.577,-61.171,-61.171,-61.171,-63.276,-63.276,-63.276,-65.577,,-61.171,-61.171,-61.171,,-63.276,
05-07-2026-Thu 14-34-10-PM,-65.61,-65.61,-61.204,-61.204,-61.204,-63.44,-63.44,-63.44,-65.61,,-61.204,-61.204,-61.204,,-63.44,
05-07-2026-Thu 14-34-11-PM,-65.61,-65.61,-61.204,-61.204,-61.204,-63.243,-63.243,-63.243,-65.61,,-61.204,-61.204,-61.204,,-63.243,
05-07-2026-Thu 14-34-13-PM,-65.577,-65.577,-61.236,-61.236,-61.236,-63.44,-63.44,-63.44,-65.577,,-61.236,-61.236,-61.236,,-63.44,
05-07-2026-Thu 14-34-14-PM,-65.61,-65.61,-61.27,-61.27,-61.27,-63.276,-63.276,-63.276,-65.61,,-61.27,-61.27,-61.27,,-63.276,
05-07-2026-Thu 14-34-15-PM,-65.642,-65.642,-61.27,-61.27,-61.27,-63.342,-63.342,-63.342,-65.642,,-61.27,-61.27,-61.27,,-63.342,
05-07-2026-Thu 14-34-17-PM,-65.642,-65.642,-61.27,-61.27,-61.27,-63.342,-63.342,-63.342,-65.642,,-61.27,-61.27,-61.27,,-63.342,
05-07-2026-Thu 14-34-18-PM,-65.642,-65.642,-61.302,-61.302,-61.302,-63.44,-63.44,-63.44,-65.642,,-61.302,-61.302,-61.302,,-63.44,
05-07-2026-Thu 14-34-20-PM,-65.642,-65.642,-61.335,-61.335,-61.335,-63.44,-63.44,-63.44,-65.642,,-61.335,-61.335,-61.335,,-63.44,
05-07-2026-Thu 14-34-21-PM,-65.675,-65.675,-61.335,-61.335,-61.335,-63.44,-63.44,-63.44,-65.675,,-61.335,-61.335,-61.335,,-63.44,
05-07-2026-Thu 14-34-22-PM,-65.708,-65.708,-61.335,-61.335,-61.335,-63.605,-63.605,-63.605,-65.708,,-61.335,-61.335,-61.335,,-63.605,
05-07-2026-Thu 14-34-24-PM,-65.708,-65.708,-61.368,-61.368,-61.368,-63.539,-63.539,-63.539,-65.708,,-61.368,-61.368,-61.368,,-63.539,
05-07-2026-Thu 14-34-25-PM,-65.675,-65.675,-61.368,-61.368,-61.368,-63.572,-63.572,-63.572,-65.675,,-61.368,-61.368,-61.368,,-63.572,
05-07-2026-Thu 14-34-27-PM,-65.708,-65.708,-61.368,-61.368,-61.368,-63.539,-63.539,-63.539,-65.708,,-61.368,-61.368,-61.368,,-63.539,
05-07-2026-Thu 14-34-28-PM,-65.741,-65.741,-61.434,-61.434,-61.434,-63.473,-63.473,-63.473,-65.741,,-61.434,-61.434,-61.434,,-63.473,
05-07-2026-Thu 14-34-29-PM,-65.708,-65.708,-61.401,-61.401,-61.401,-63.572,-63.572,-63.572,-65.708,,-61.401,-61.401,-61.401,,-63.572,
05-07-2026-Thu 14-34-31-PM,-65.741,-65.741,-61.434,-61.434,-61.434,-63.375,-63.375,-63.375,-65.741,,-61.434,-61.434,-61.434,,-63.375,
05-07-2026-Thu 14-34-32-PM,-65.741,-65.741,-61.434,-61.434,-61.434,-63.572,-63.572,-63.572,-65.741,,-61.434,-61.434,-61.434,,-63.572,
05-07-2026-Thu 14-34-34-PM,-65.774,-65.774,-61.467,-61.467,-61.467,-63.605,-63.605,-63.605,-65.774,,-61.467,-61.467,-61.467,,-63.605,
05-07-2026-Thu 14-34-35-PM,-65.774,-65.774,-61.467,-61.467,-61.467,-63.605,-63.605,-63.605,-65.774,,-61.467,-61.467,-61.467,,-63.605,
05-07-2026-Thu 14-34-36-PM,-65.807,-65.807,-61.5,-61.5,-61.5,-63.736,-63.736,-63.736,-65.807,,-61.5,-61.5,-61.5,,-63.736,
05-07-2026-Thu 14-34-38-PM,-65.807,-65.807,-61.533,-61.533,-61.533,-63.769,-63.769,-63.769,-65.807,,-61.533,-61.533,-61.533,,-63.769,
05-07-2026-Thu 14-34-39-PM,-65.807,-65.807,-61.533,-61.533,-61.533,-63.671,-63.671,-63.671,-65.807,,-61.533,-61.533,-61.533,,-63.671,
05-07-2026-Thu 14-34-41-PM,-65.84,-65.84,-61.533,-61.533,-61.533,-63.44,-63.44,-63.44,-65.84,,-61.533,-61.533,-61.533,,-63.44,
05-07-2026-Thu 14-34-42-PM,-65.807,-65.807,-61.566,-61.566,-61.566,-63.704,-63.704,-63.704,-65.807,,-61.566,-61.566,-61.566,,-63.704,
05-07-2026-Thu 14-34-43-PM,-65.873,-65.873,-61.566,-61.566,-61.566,-63.704,-63.704,-63.704,-65.873,,-61.566,-61.566,-61.566,,-63.704,
05-07-2026-Thu 14-34-45-PM,-65.873,-65.873,-61.631,-61.631,-61.631,-63.671,-63.671,-63.671,-65.873,,-61.631,-61.631,-61.631,,-63.671,
05-07-2026-Thu 14-34-46-PM,-65.873,-65.873,-61.598,-61.598,-61.598,-63.736,-63.736,-63.736,-65.873,,-61.598,-61.598,-61.598,,-63.736,
05-07-2026-Thu 14-34-48-PM,-65.905,-65.905,-61.631,-61.631,-61.631,-63.769,-63.769,-63.769,-65.905,,-61.631,-61.631,-61.631,,-63.769,
05-07-2026-Thu 14-34-49-PM,-65.905,-65.905,-61.664,-61.664,-61.664,-63.736,-63.736,-63.736,-65.905,,-61.664,-61.664,-61.664,,-63.736,
05-07-2026-Thu 14-34-50-PM,-65.905,-65.905,-61.664,-61.664,-61.664,-63.868,-63.868,-63.868,-65.905,,-61.664,-61.664,-61.664,,-63.868,
05-07-2026-Thu 14-34-52-PM,-65.905,-65.905,-61.664,-61.664,-61.664,-63.934,-63.934,-63.934,-65.905,,-61.664,-61.664,-61.664,,-63.934,
05-07-2026-Thu 14-34-53-PM,-65.938,-65.938,-61.697,-61.697,-61.697,-63.769,-63.769,-63.769,-65.938,,-61.697,-61.697,-61.697,,-63.769,
05-07-2026-Thu 14-34-54-PM,-65.938,-65.938,-61.697,-61.697,-61.697,-63.835,-63.835,-63.835,-65.938,,-61.697,-61.697,-61.697,,-63.835,
05-07-2026-Thu 14-34-56-PM,-65.938,-65.938,-61.697,-61.697,-61.697,-63.868,-63.868,-63.868,-65.938,,-61.697,-61.697,-61.697,,-63.868,
05-07-2026-Thu 14-34-57-PM,-65.971,-65.971,-61.73,-61.73,-61.73,-63.934,-63.934,-63.934,-65.971,,-61.73,-61.73,-61.73,,-63.934,
05-07-2026-Thu 14-34-59-PM,-65.971,-65.971,-61.763,-61.763,-61.763,-63.736,-63.736,-63.736,-65.971,,-61.763,-61.763,-61.763,,-63.736,
05-07-2026-Thu 14-35-00-PM,-65.971,-65.971,-61.763,-61.763,-61.763,-63.736,-63.736,-63.736,-65.971,,-61.763,-61.763,-61.763,,-63.736,
05-07-2026-Thu 14-35-01-PM,-65.971,-65.971,-61.796,-61.796,-61.796,-63.868,-63.868,-63.868,-65.971,,-61.796,-61.796,-61.796,,-63.868,
05-07-2026-Thu 14-35-03-PM,-66.004,-66.004,-61.796,-61.796,-61.796,-63.868,-63.868,-63.868,-66.004,,-61.796,-61.796,-61.796,,-63.868,
05-07-2026-Thu 14-35-04-PM,-66.004,-66.004,-61.796,-61.796,-61.796,-63.868,-63.868,-63.868,-66.004,,-61.796,-61.796,-61.796,,-63.868,
05-07-2026-Thu 14-35-06-PM,-66.004,-66.004,-61.796,-61.796,-61.796,-63.802,-63.802,-63.802,-66.004,,-61.796,-61.796,-61.796,,-63.802,
05-07-2026-Thu 14-35-07-PM,-66.037,-66.037,-61.829,-61.829,-61.829,-63.934,-63.934,-63.934,-66.037,,-61.829,-61.829,-61.829,,-63.934,
05-07-2026-Thu 14-35-09-PM,-66.037,-66.037,-61.829,-61.829,-61.829,-63.868,-63.868,-63.868,-66.037,,-61.829,-61.829,-61.829,,-63.868,
05-07-2026-Thu 14-35-10-PM,-66.037,-66.037,-61.862,-61.862,-61.862,-64.032,-64.032,-64.032,-66.037,,-61.862,-61.862,-61.862,,-64.032,
05-07-2026-Thu 14-35-11-PM,-66.07,-66.07,-61.895,-61.895,-61.895,-63.999,-63.999,-63.999,-66.07,,-61.895,-61.895,-61.895,,-63.999,
05-07-2026-Thu 14-35-13-PM,-66.07,-66.07,-61.895,-61.895,-61.895,-63.999,-63.999,-63.999,-66.07,,-61.895,-61.895,-61.895,,-63.999,
05-07-2026-Thu 14-35-14-PM,-66.102,-66.102,-61.895,-61.895,-61.895,-64.065,-64.065,-64.065,-66.102,,-61.895,-61.895,-61.895,,-64.065,
05-07-2026-Thu 14-35-16-PM,-66.102,-66.102,-61.928,-61.928,-61.928,-64.032,-64.032,-64.032,-66.102,,-61.928,-61.928,-61.928,,-64.032,
05-07-2026-Thu 14-35-17-PM,-66.102,-66.102,-61.96,-61.96,-61.96,-63.967,-63.967,-63.967,-66.102,,-61.96,-61.96,-61.96,,-63.967,
05-07-2026-Thu 14-35-18-PM,-66.102,-66.102,-61.96,-61.96,-61.96,-64.131,-64.131,-64.131,-66.102,,-61.96,-61.96,-61.96,,-64.131,
05-07-2026-Thu 14-35-20-PM,-66.135,-66.135,-61.96,-61.96,-61.96,-64.197,-64.197,-64.197,-66.135,,-61.96,-61.96,-61.96,,-64.197,
05-07-2026-Thu 14-35-21-PM,-66.102,-66.102,-61.96,-61.96,-61.96,-64.065,-64.065,-64.065,-66.102,,-61.96,-61.96,-61.96,,-64.065,
05-07-2026-Thu 14-35-23-PM,-66.135,-66.135,-61.993,-61.993,-61.993,-64.098,-64.098,-64.098,-66.135,,-61.993,-61.993,-61.993,,-64.098,
05-07-2026-Thu 14-35-24-PM,-66.135,-66.135,-62.026,-62.026,-62.026,-64.098,-64.098,-64.098,-66.135,,-62.026,-62.026,-62.026,,-64.098,
05-07-2026-Thu 14-35-25-PM,-66.135,-66.135,-62.026,-62.026,-62.026,-64.098,-64.098,-64.098,-66.135,,-62.026,-62.026,-62.026,,-64.098,
05-07-2026-Thu 14-35-27-PM,-66.201,-66.201,-62.026,-62.026,-62.026,-64.262,-64.262,-64.262,-66.201,,-62.026,-62.026,-62.026,,-64.262,
05-07-2026-Thu 14-35-28-PM,-66.168,-66.168,-62.059,-62.059,-62.059,-64.262,-64.262,-64.262,-66.168,,-62.059,-62.059,-62.059,,-64.262,
05-07-2026-Thu 14-35-30-PM,-66.168,-66.168,-62.092,-62.092,-62.092,-64.164,-64.164,-64.164,-66.168,,-62.092,-62.092,-62.092,,-64.164,
05-07-2026-Thu 14-35-31-PM,-66.201,-66.201,-62.092,-62.092,-62.092,-64.065,-64.065,-64.065,-66.201,,-62.092,-62.092,-62.092,,-64.065,
05-07-2026-Thu 14-35-32-PM,-66.234,-66.234,-62.092,-62.092,-62.092,-64.262,-64.262,-64.262,-66.234,,-62.092,-62.092,-62.092,,-64.262,
05-07-2026-Thu 14-35-34-PM,-66.234,-66.234,-62.158,-62.158,-62.158,-64.46,-64.46,-64.46,-66.234,,-62.158,-62.158,-62.158,,-64.46,
05-07-2026-Thu 14-35-35-PM,-66.267,-66.267,-62.158,-62.158,-62.158,-64.328,-64.328,-64.328,-66.267,,-62.158,-62.158,-62.158,,-64.328,
05-07-2026-Thu 14-35-36-PM,-66.299,-66.299,-62.224,-62.224,-62.224,-64.427,-64.427,-64.427,-66.299,,-62.224,-62.224,-62.224,,-64.427,
05-07-2026-Thu 14-35-37-PM,-66.365,-66.365,-62.256,-62.256,-62.256,-64.525,-64.525,-64.525,-66.365,,-62.256,-62.256,-62.256,,-64.525,
05-07-2026-Thu 14-35-39-PM,-66.365,-66.365,-62.289,-62.289,-62.289,-64.525,-64.525,-64.525,-66.365,,-62.289,-62.289,-62.289,,-64.525,
05-07-2026-Thu 14-35-40-PM,-66.398,-66.398,-62.355,-62.355,-62.355,-64.591,-64.591,-64.591,-66.398,,-62.355,-62.355,-62.355,,-64.591,
05-07-2026-Thu 14-35-42-PM,-66.464,-66.464,-62.388,-62.388,-62.388,-64.722,-64.722,-64.722,-66.464,,-62.388,-62.388,-62.388,,-64.722,
05-07-2026-Thu 14-35-43-PM,-66.497,-66.497,-62.454,-62.454,-62.454,-64.69,-64.69,-64.69,-66.497,,-62.454,-62.454,-62.454,,-64.69,
05-07-2026-Thu 14-35-45-PM,-66.53,-66.53,-62.487,-62.487,-62.487,-64.788,-64.788,-64.788,-66.53,,-62.487,-62.487,-62.487,,-64.788,
05-07-2026-Thu 14-35-46-PM,-66.595,-66.595,-62.553,-62.553,-62.553,-64.69,-64.69,-64.69,-66.595,,-62.553,-62.553,-62.553,,-64.69,
05-07-2026-Thu 14-35-47-PM,-66.628,-66.628,-62.585,-62.585,-62.585,-64.69,-64.69,-64.69,-66.628,,-62.585,-62.585,-62.585,,-64.69,
05-07-2026-Thu 14-35-49-PM,-66.661,-66.661,-62.618,-62.618,-62.618,-64.788,-64.788,-64.788,-66.661,,-62.618,-62.618,-62.618,,-64.788,
05-07-2026-Thu 14-35-50-PM,-66.694,-66.694,-62.684,-62.684,-62.684,-64.854,-64.854,-64.854,-66.694,,-62.684,-62.684,-62.684,,-64.854,
05-07-2026-Thu 14-35-51-PM,-66.759,-66.759,-62.717,-62.717,-62.717,-64.953,-64.953,-64.953,-66.759,,-62.717,-62.717,-62.717,,-64.953,
05-07-2026-Thu 14-35-53-PM,-66.792,-66.792,-62.75,-62.75,-62.75,-64.985,-64.985,-64.985,-66.792,,-62.75,-62.75,-62.75,,-64.985,
05-07-2026-Thu 14-35-54-PM,-66.825,-66.825,-62.783,-62.783,-62.783,-65.051,-65.051,-65.051,-66.825,,-62.783,-62.783,-62.783,,-65.051,
05-07-2026-Thu 14-35-55-PM,-66.858,-66.858,-62.816,-62.816,-62.816,-65.15,-65.15,-65.15,-66.858,,-62.816,-62.816,-62.816,,-65.15,
05-07-2026-Thu 14-35-57-PM,-66.891,-66.891,-62.882,-62.882,-62.882,-65.117,-65.117,-65.117,-66.891,,-62.882,-62.882,-62.882,,-65.117,
05-07-2026-Thu 14-35-58-PM,-66.924,-66.924,-62.882,-62.882,-62.882,-65.018,-65.018,-65.018,-66.924,,-62.882,-62.882,-62.882,,-65.018,
05-07-2026-Thu 14-35-59-PM,-66.989,-66.989,-62.914,-62.914,-62.914,-65.347,-65.347,-65.347,-66.989,,-62.914,-62.914,-62.914,,-65.347,
05-07-2026-Thu 14-36-01-PM,-66.989,-66.989,-62.98,-62.98,-62.98,-65.216,-65.216,-65.216,-66.989,,-62.98,-62.98,-62.98,,-65.216,
05-07-2026-Thu 14-36-02-PM,-67.022,-67.022,-63.013,-63.013,-63.013,-65.347,-65.347,-65.347,-67.022,,-63.013,-63.013,-63.013,,-65.347,
05-07-2026-Thu 14-36-04-PM,-67.088,-67.088,-63.079,-63.079,-63.079,-65.314,-65.314,-65.314,-67.088,,-63.079,-63.079,-63.079,,-65.314,
05-07-2026-Thu 14-36-05-PM,-67.153,-67.153,-63.079,-63.079,-63.079,-65.445,-65.445,-65.445,-67.153,,-63.079,-63.079,-63.079,,-65.445,
05-07-2026-Thu 14-36-06-PM,-67.186,-67.186,-63.144,-63.144,-63.144,-65.281,-65.281,-65.281,-67.186,,-63.144,-63.144,-63.144,,-65.281,
05-07-2026-Thu 14-36-08-PM,-67.219,-67.219,-63.177,-63.177,-63.177,-65.38,-65.38,-65.38,-67.219,,-63.177,-63.177,-63.177,,-65.38,
05-07-2026-Thu 14-36-09-PM,-67.252,-67.252,-63.21,-63.21,-63.21,-65.577,-65.577,-65.577,-67.252,,-63.21,-63.21,-63.21,,-65.577,
05-07-2026-Thu 14-36-11-PM,-67.285,-67.285,-63.243,-63.243,-63.243,-65.511,-65.511,-65.511,-67.285,,-63.243,-63.243,-63.243,,-65.511,
05-07-2026-Thu 14-36-12-PM,-67.318,-67.318,-63.309,-63.309,-63.309,-65.577,-65.577,-65.577,-67.318,,-63.309,-63.309,-63.309,,-65.577,
05-07-2026-Thu 14-36-13-PM,-67.383,-67.383,-63.342,-63.342,-63.342,-65.544,-65.544,-65.544,-67.383,,-63.342,-63.342,-63.342,,-65.544,
05-07-2026-Thu 14-36-15-PM,-67.416,-67.416,-63.375,-63.375,-63.375,-65.774,-65.774,-65.774,-67.416,,-63.375,-63.375,-63.375,,-65.774,
05-07-2026-Thu 14-36-16-PM,-67.482,-67.482,-63.408,-63.408,-63.408,-65.642,-65.642,-65.642,-67.482,,-63.408,-63.408,-63.408,,-65.642,
05-07-2026-Thu 14-36-18-PM,-67.482,-67.482,-63.473,-63.473,-63.473,-65.807,-65.807,-65.807,-67.482,,-63.473,-63.473,-63.473,,-65.807,
05-07-2026-Thu 14-36-19-PM,-67.547,-67.547,-63.506,-63.506,-63.506,-65.774,-65.774,-65.774,-67.547,,-63.506,-63.506,-63.506,,-65.774,
05-07-2026-Thu 14-36-21-PM,-67.613,-67.613,-63.539,-63.539,-63.539,-65.807,-65.807,-65.807,-67.613,,-63.539,-63.539,-63.539,,-65.807,
05-07-2026-Thu 14-36-22-PM,-67.613,-67.613,-63.572,-63.572,-63.572,-65.873,-65.873,-65.873,-67.613,,-63.572,-63.572,-63.572,,-65.873,
05-07-2026-Thu 14-36-23-PM,-67.679,-67.679,-63.605,-63.605,-63.605,-65.938,-65.938,-65.938,-67.679,,-63.605,-63.605,-63.605,,-65.938,
05-07-2026-Thu 14-36-25-PM,-67.679,-67.679,-63.671,-63.671,-63.671,-65.873,-65.873,-65.873,-67.679,,-63.671,-63.671,-63.671,,-65.873,
05-07-2026-Thu 14-36-26-PM,-67.712,-67.712,-63.671,-63.671,-63.671,-65.938,-65.938,-65.938,-67.712,,-63.671,-63.671,-63.671,,-65.938,
05-07-2026-Thu 14-36-27-PM,-67.777,-67.777,-63.704,-63.704,-63.704,-65.807,-65.807,-65.807,-67.777,,-63.704,-63.704,-63.704,,-65.807,
05-07-2026-Thu 14-36-29-PM,-67.81,-67.81,-63.769,-63.769,-63.769,-66.004,-66.004,-66.004,-67.81,,-63.769,-63.769,-63.769,,-66.004,
05-07-2026-Thu 14-36-30-PM,-67.876,-67.876,-63.769,-63.769,-63.769,-65.938,-65.938,-65.938,-67.876,,-63.769,-63.769,-63.769,,-65.938,
05-07-2026-Thu 14-36-32-PM,-67.876,-67.876,-63.835,-63.835,-63.835,-65.905,-65.905,-65.905,-67.876,,-63.835,-63.835,-63.835,,-65.905,
05-07-2026-Thu 14-36-33-PM,-67.908,-67.908,-63.868,-63.868,-63.868,-66.168,-66.168,-66.168,-67.908,,-63.868,-63.868,-63.868,,-66.168,
05-07-2026-Thu 14-36-34-PM,-67.941,-67.941,-63.901,-63.901,-63.901,-66.234,-66.234,-66.234,-67.941,,-63.901,-63.901,-63.901,,-66.234,
05-07-2026-Thu 14-36-36-PM,-68.007,-68.007,-63.967,-63.967,-63.967,-66.234,-66.234,-66.234,-68.007,,-63.967,-63.967,-63.967,,-66.234,
05-07-2026-Thu 14-36-37-PM,-68.04,-68.04,-63.967,-63.967,-63.967,-66.267,-66.267,-66.267,-68.04,,-63.967,-63.967,-63.967,,-66.267,
05-07-2026-Thu 14-36-39-PM,-68.04,-68.04,-64.032,-64.032,-64.032,-66.234,-66.234,-66.234,-68.04,,-64.032,-64.032,-64.032,,-66.234,
05-07-2026-Thu 14-36-40-PM,-68.105,-68.105,-64.032,-64.032,-64.032,-66.267,-66.267,-66.267,-68.105,,-64.032,-64.032,-64.032,,-66.267,
05-07-2026-Thu 14-36-41-PM,-68.171,-68.171,-64.098,-64.098,-64.098,-66.201,-66.201,-66.201,-68.171,,-64.098,-64.098,-64.098,,-66.201,
05-07-2026-Thu 14-36-43-PM,-68.171,-68.171,-64.131,-64.131,-64.131,-66.299,-66.299,-66.299,-68.171,,-64.131,-64.131,-64.131,,-66.299,
05-07-2026-Thu 14-36-44-PM,-68.204,-68.204,-64.164,-64.164,-64.164,-66.299,-66.299,-66.299,-68.204,,-64.164,-64.164,-64.164,,-66.299,
05-07-2026-Thu 14-36-46-PM,-68.237,-68.237,-64.23,-64.23,-64.23,-66.332,-66.332,-66.332,-68.237,,-64.23,-64.23,-64.23,,-66.332,
05-07-2026-Thu 14-36-48-PM,-68.302,-68.302,-64.23,-64.23,-64.23,-66.398,-66.398,-66.398,-68.302,,-64.23,-64.23,-64.23,,-66.398,
05-07-2026-Thu 14-36-51-PM,-68.335,-68.335,-64.295,-64.295,-64.295,-66.53,-66.53,-66.53,-68.335,,-64.295,-64.295,-64.295,,-66.53,
05-07-2026-Thu 14-36-54-PM,-68.434,-68.434,-64.394,-64.394,-64.394,-66.628,-66.628,-66.628,-68.434,,-64.394,-64.394,-64.394,,-66.628,
05-07-2026-Thu 14-36-55-PM,-68.466,-68.466,-64.427,-64.427,-64.427,-66.726,-66.726,-66.726,-68.466,,-64.427,-64.427,-64.427,,-66.726,
05-07-2026-Thu 14-36-56-PM,-68.532,-68.532,-64.46,-64.46,-64.46,-66.661,-66.661,-66.661,-68.532,,-64.46,-64.46,-64.46,,-66.661,
05-07-2026-Thu 14-36-58-PM,-68.565,-68.565,-64.492,-64.492,-64.492,-66.825,-66.825,-66.825,-68.565,,-64.492,-64.492,-64.492,,-66.825,
05-07-2026-Thu 14-36-59-PM,-68.598,-68.598,-64.525,-64.525,-64.525,-66.825,-66.825,-66.825,-68.598,,-64.525,-64.525,-64.525,,-66.825,
05-07-2026-Thu 14-37-01-PM,-68.631,-68.631,-64.558,-64.558,-64.558,-66.891,-66.891,-66.891,-68.631,,-64.558,-64.558,-64.558,,-66.891,
05-07-2026-Thu 14-37-02-PM,-68.663,-68.663,-64.591,-64.591,-64.591,-66.956,-66.956,-66.956,-68.663,,-64.591,-64.591,-64.591,,-66.956,
05-07-2026-Thu 14-37-03-PM,-68.696,-68.696,-64.657,-64.657,-64.657,-66.891,-66.891,-66.891,-68.696,,-64.657,-64.657,-64.657,,-66.891,
05-07-2026-Thu 14-37-05-PM,-68.729,-68.729,-64.657,-64.657,-64.657,-67.088,-67.088,-67.088,-68.729,,-64.657,-64.657,-64.657,,-67.088,
05-07-2026-Thu 14-37-06-PM,-68.762,-68.762,-64.69,-64.69,-64.69,-67.022,-67.022,-67.022,-68.762,,-64.69,-64.69,-64.69,,-67.022,
05-07-2026-Thu 14-37-08-PM,-68.827,-68.827,-64.722,-64.722,-64.722,-67.022,-67.022,-67.022,-68.827,,-64.722,-64.722,-64.722,,-67.022,
05-07-2026-Thu 14-37-09-PM,-68.827,-68.827,-64.755,-64.755,-64.755,-67.153,-67.153,-67.153,-68.827,,-64.755,-64.755,-64.755,,-67.153,
05-07-2026-Thu 14-37-10-PM,-68.86,-68.86,-64.821,-64.821,-64.821,-67.186,-67.186,-67.186,-68.86,,-64.821,-64.821,-64.821,,-67.186,
05-07-2026-Thu 14-37-12-PM,-68.893,-68.893,-64.821,-64.821,-64.821,-67.153,-67.153,-67.153,-68.893,,-64.821,-64.821,-64.821,,-67.153,
05-07-2026-Thu 14-37-13-PM,-68.959,-68.959,-64.854,-64.854,-64.854,-67.219,-67.219,-67.219,-68.959,,-64.854,-64.854,-64.854,,-67.219,
05-07-2026-Thu 14-37-15-PM,-68.959,-68.959,-64.887,-64.887,-64.887,-67.186,-67.186,-67.186,-68.959,,-64.887,-64.887,-64.887,,-67.186,
05-07-2026-Thu 14-37-18-PM,-69.024,-69.024,-64.92,-64.92,-64.92,-67.186,-67.186,-67.186,-69.024,,-64.92,-64.92,-64.92,,-67.186,
05-07-2026-Thu 14-37-20-PM,-69.057,-69.057,-64.985,-64.985,-64.985,-67.219,-67.219,-67.219,-69.057,,-64.985,-64.985,-64.985,,-67.219,
05-07-2026-Thu 14-37-23-PM,-69.156,-69.156,-65.051,-65.051,-65.051,-67.35,-67.35,-67.35,-69.156,,-65.051,-65.051,-65.051,,-67.35,
05-07-2026-Thu 14-37-26-PM,-69.188,-69.188,-65.15,-65.15,-65.15,-67.449,-67.449,-67.449,-69.188,,-65.15,-65.15,-65.15,,-67.449,
05-07-2026-Thu 14-37-29-PM,-69.287,-69.287,-65.183,-65.183,-65.183,-67.416,-67.416,-67.416,-69.287,,-65.183,-65.183,-65.183,,-67.416,
05-07-2026-Thu 14-37-30-PM,-69.352,-69.352,-65.248,-65.248,-65.248,-67.515,-67.515,-67.515,-69.352,,-65.248,-65.248,-65.248,,-67.515,
05-07-2026-Thu 14-37-32-PM,-69.385,-69.385,-65.281,-65.281,-65.281,-67.547,-67.547,-67.547,-69.385,,-65.281,-65.281,-65.281,,-67.547,
05-07-2026-Thu 14-37-33-PM,-69.418,-69.418,-65.314,-65.314,-65.314,-67.547,-67.547,-67.547,-69.418,,-65.314,-65.314,-65.314,,-67.547,
05-07-2026-Thu 14-37-34-PM,-69.451,-69.451,-65.314,-65.314,-65.314,-67.646,-67.646,-67.646,-69.451,,-65.314,-65.314,-65.314,,-67.646,
05-07-2026-Thu 14-37-36-PM,-69.451,-69.451,-65.347,-65.347,-65.347,-67.679,-67.679,-67.679,-69.451,,-65.347,-65.347,-65.347,,-67.679,
05-07-2026-Thu 14-37-37-PM,-69.516,-69.516,-65.413,-65.413,-65.413,-67.777,-67.777,-67.777,-69.516,,-65.413,-65.413,-65.413,,-67.777,
05-07-2026-Thu 14-37-39-PM,-69.516,-69.516,-65.413,-65.413,-65.413,-67.712,-67.712,-67.712,-69.516,,-65.413,-65.413,-65.413,,-67.712,
05-07-2026-Thu 14-37-40-PM,-69.549,-69.549,-65.445,-65.445,-65.445,-67.777,-67.777,-67.777,-69.549,,-65.445,-65.445,-65.445,,-67.777,
05-07-2026-Thu 14-37-41-PM,-69.582,-69.582,-65.478,-65.478,-65.478,-67.744,-67.744,-67.744,-69.582,,-65.478,-65.478,-65.478,,-67.744,
05-07-2026-Thu 14-37-43-PM,-69.615,-69.615,-65.511,-65.511,-65.511,-67.744,-67.744,-67.744,-69.615,,-65.511,-65.511,-65.511,,-67.744,
05-07-2026-Thu 14-37-44-PM,-69.648,-69.648,-65.544,-65.544,-65.544,-67.81,-67.81,-67.81,-69.648,,-65.544,-65.544,-65.544,,-67.81,
05-07-2026-Thu 14-37-45-PM,-69.68,-69.68,-65.577,-65.577,-65.577,-67.777,-67.777,-67.777,-69.68,,-65.577,-65.577,-65.577,,-67.777,
05-07-2026-Thu 14-37-47-PM,-69.68,-69.68,-65.61,-65.61,-65.61,-67.908,-67.908,-67.908,-69.68,,-65.61,-65.61,-65.61,,-67.908,
05-07-2026-Thu 14-37-48-PM,-69.746,-69.746,-65.61,-65.61,-65.61,-67.974,-67.974,-67.974,-69.746,,-65.61,-65.61,-65.61,,-67.974,
05-07-2026-Thu 14-37-49-PM,-69.779,-69.779,-65.675,-65.675,-65.675,-67.941,-67.941,-67.941,-69.779,,-65.675,-65.675,-65.675,,-67.941,
05-07-2026-Thu 14-37-51-PM,-69.779,-69.779,-65.708,-65.708,-65.708,-68.073,-68.073,-68.073,-69.779,,-65.708,-65.708,-65.708,,-68.073,
05-07-2026-Thu 14-37-52-PM,-69.812,-69.812,-65.708,-65.708,-65.708,-67.974,-67.974,-67.974,-69.812,,-65.708,-65.708,-65.708,,-67.974,
05-07-2026-Thu 14-37-53-PM,-69.844,-69.844,-65.774,-65.774,-65.774,-68.04,-68.04,-68.04,-69.844,,-65.774,-65.774,-65.774,,-68.04,
05-07-2026-Thu 14-37-55-PM,-69.877,-69.877,-65.774,-65.774,-65.774,-68.171,-68.171,-68.171,-69.877,,-65.774,-65.774,-65.774,,-68.171,
05-07-2026-Thu 14-37-56-PM,-69.943,-69.943,-65.807,-65.807,-65.807,-68.105,-68.105,-68.105,-69.943,,-65.807,-65.807,-65.807,,-68.105,
05-07-2026-Thu 14-37-58-PM,-69.943,-69.943,-65.84,-65.84,-65.84,-68.171,-68.171,-68.171,-69.943,,-65.84,-65.84,-65.84,,-68.171,
05-07-2026-Thu 14-37-59-PM,-70.008,-70.008,-65.84,-65.84,-65.84,-68.138,-68.138,-68.138,-70.008,,-65.84,-65.84,-65.84,,-68.138,
05-07-2026-Thu 14-38-00-PM,-70.008,-70.008,-65.905,-65.905,-65.905,-68.105,-68.105,-68.105,-70.008,,-65.905,-65.905,-65.905,,-68.105,
05-07-2026-Thu 14-38-02-PM,-70.074,-70.074,-65.905,-65.905,-65.905,-68.27,-68.27,-68.27,-70.074,,-65.905,-65.905,-65.905,,-68.27,
05-07-2026-Thu 14-38-03-PM,-70.074,-70.074,-65.938,-65.938,-65.938,-68.105,-68.105,-68.105,-70.074,,-65.938,-65.938,-65.938,,-68.105,
05-07-2026-Thu 14-38-04-PM,-70.074,-70.074,-65.971,-65.971,-65.971,-68.27,-68.27,-68.27,-70.074,,-65.971,-65.971,-65.971,,-68.27,
05-07-2026-Thu 14-38-06-PM,-70.14,-70.14,-66.037,-66.037,-66.037,-68.335,-68.335,-68.335,-70.14,,-66.037,-66.037,-66.037,,-68.335,
05-07-2026-Thu 14-38-07-PM,-70.172,-70.172,-66.037,-66.037,-66.037,-68.302,-68.302,-68.302,-70.172,,-66.037,-66.037,-66.037,,-68.302,
05-07-2026-Thu 14-38-08-PM,-70.172,-70.172,-66.037,-66.037,-66.037,-68.434,-68.434,-68.434,-70.172,,-66.037,-66.037,-66.037,,-68.434,
05-07-2026-Thu 14-38-10-PM,-70.238,-70.238,-66.07,-66.07,-66.07,-68.204,-68.204,-68.204,-70.238,,-66.07,-66.07,-66.07,,-68.204,
05-07-2026-Thu 14-38-11-PM,-70.238,-70.238,-66.102,-66.102,-66.102,-68.335,-68.335,-68.335,-70.238,,-66.102,-66.102,-66.102,,-68.335,
05-07-2026-Thu 14-38-13-PM,-70.271,-70.271,-66.135,-66.135,-66.135,-68.401,-68.401,-68.401,-70.271,,-66.135,-66.135,-66.135,,-68.401,
05-07-2026-Thu 14-38-14-PM,-70.304,-70.304,-66.135,-66.135,-66.135,-68.434,-68.434,-68.434,-70.304,,-66.135,-66.135,-66.135,,-68.434,
05-07-2026-Thu 14-38-15-PM,-70.304,-70.304,-66.201,-66.201,-66.201,-68.434,-68.434,-68.434,-70.304,,-66.201,-66.201,-66.201,,-68.434,
05-07-2026-Thu 14-38-17-PM,-70.369,-70.369,-66.201,-66.201,-66.201,-68.631,-68.631,-68.631,-70.369,,-66.201,-66.201,-66.201,,-68.631,
05-07-2026-Thu 14-38-18-PM,-70.369,-70.369,-66.267,-66.267,-66.267,-68.631,-68.631,-68.631,-70.369,,-66.267,-66.267,-66.267,,-68.631,
05-07-2026-Thu 14-38-20-PM,-70.435,-70.435,-66.299,-66.299,-66.299,-68.565,-68.565,-68.565,-70.435,,-66.299,-66.299,-66.299,,-68.565,
05-07-2026-Thu 14-38-21-PM,-70.468,-70.468,-66.332,-66.332,-66.332,-68.565,-68.565,-68.565,-70.468,,-66.332,-66.332,-66.332,,-68.565,
05-07-2026-Thu 14-38-22-PM,-70.5,-70.5,-66.299,-66.299,-66.299,-68.631,-68.631,-68.631,-70.5,,-66.299,-66.299,-66.299,,-68.631,
05-07-2026-Thu 14-38-24-PM,-70.533,-70.533,-66.365,-66.365,-66.365,-68.696,-68.696,-68.696,-70.533,,-66.365,-66.365,-66.365,,-68.696,
05-07-2026-Thu 14-38-25-PM,-70.533,-70.533,-66.398,-66.398,-66.398,-68.631,-68.631,-68.631,-70.533,,-66.398,-66.398,-66.398,,-68.631,
05-07-2026-Thu 14-38-27-PM,-70.533,-70.533,-66.431,-66.431,-66.431,-68.631,-68.631,-68.631,-70.533,,-66.431,-66.431,-66.431,,-68.631,
05-07-2026-Thu 14-38-28-PM,-70.599,-70.599,-66.464,-66.464,-66.464,-68.598,-68.598,-68.598,-70.599,,-66.464,-66.464,-66.464,,-68.598,
05-07-2026-Thu 14-38-29-PM,-70.664,-70.664,-66.431,-66.431,-66.431,-68.827,-68.827,-68.827,-70.664,,-66.431,-66.431,-66.431,,-68.827,
05-07-2026-Thu 14-38-31-PM,-70.632,-70.632,-66.497,-66.497,-66.497,-68.729,-68.729,-68.729,-70.632,,-66.497,-66.497,-66.497,,-68.729,
05-07-2026-Thu 14-38-32-PM,-70.664,-70.664,-66.53,-66.53,-66.53,-68.893,-68.893,-68.893,-70.664,,-66.53,-66.53,-66.53,,-68.893,
05-07-2026-Thu 14-38-34-PM,-70.73,-70.73,-66.562,-66.562,-66.562,-68.86,-68.86,-68.86,-70.73,,-66.562,-66.562,-66.562,,-68.86,
05-07-2026-Thu 14-38-35-PM,-70.763,-70.763,-66.595,-66.595,-66.595,-68.926,-68.926,-68.926,-70.763,,-66.595,-66.595,-66.595,,-68.926,
05-07-2026-Thu 14-38-36-PM,-70.763,-70.763,-66.628,-66.628,-66.628,-68.795,-68.795,-68.795,-70.763,,-66.628,-66.628,-66.628,,-68.795,
05-07-2026-Thu 14-38-38-PM,-70.795,-70.795,-66.661,-66.661,-66.661,-68.992,-68.992,-68.992,-70.795,,-66.661,-66.661,-66.661,,-68.992,
05-07-2026-Thu 14-38-39-PM,-70.828,-70.828,-66.628,-66.628,-66.628,-68.959,-68.959,-68.959,-70.828,,-66.628,-66.628,-66.628,,-68.959,
05-07-2026-Thu 14-38-40-PM,-70.861,-70.861,-66.694,-66.694,-66.694,-68.959,-68.959,-68.959,-70.861,,-66.694,-66.694,-66.694,,-68.959,
05-07-2026-Thu 14-38-42-PM,-70.861,-70.861,-66.726,-66.726,-66.726,-69.024,-69.024,-69.024,-70.861,,-66.726,-66.726,-66.726,,-69.024,
05-07-2026-Thu 14-38-43-PM,-70.894,-70.894,-66.759,-66.759,-66.759,-69.024,-69.024,-69.024,-70.894,,-66.759,-66.759,-66.759,,-69.024,
05-07-2026-Thu 14-38-45-PM,-70.959,-70.959,-66.759,-66.759,-66.759,-69.123,-69.123,-69.123,-70.959,,-66.759,-66.759,-66.759,,-69.123,
05-07-2026-Thu 14-38-46-PM,-70.927,-70.927,-66.792,-66.792,-66.792,-69.057,-69.057,-69.057,-70.927,,-66.792,-66.792,-66.792,,-69.057,
05-07-2026-Thu 14-38-47-PM,-70.992,-70.992,-66.858,-66.858,-66.858,-69.123,-69.123,-69.123,-70.992,,-66.858,-66.858,-66.858,,-69.123,
05-07-2026-Thu 14-38-49-PM,-70.992,-70.992,-66.858,-66.858,-66.858,-69.221,-69.221,-69.221,-70.992,,-66.858,-66.858,-66.858,,-69.221,
05-07-2026-Thu 14-38-50-PM,-71.058,-71.058,-66.858,-66.858,-66.858,-69.123,-69.123,-69.123,-71.058,,-66.858,-66.858,-66.858,,-69.123,
05-07-2026-Thu 14-38-52-PM,-71.09,-71.09,-66.891,-66.891,-66.891,-69.156,-69.156,-69.156,-71.09,,-66.891,-66.891,-66.891,,-69.156,
05-07-2026-Thu 14-38-53-PM,-71.123,-71.123,-66.924,-66.924,-66.924,-69.221,-69.221,-69.221,-71.123,,-66.924,-66.924,-66.924,,-69.221,
05-07-2026-Thu 14-38-54-PM,-71.123,-71.123,-66.956,-66.956,-66.956,-69.221,-69.221,-69.221,-71.123,,-66.956,-66.956,-66.956,,-69.221,
05-07-2026-Thu 14-38-56-PM,-71.123,-71.123,-66.956,-66.956,-66.956,-69.254,-69.254,-69.254,-71.123,,-66.956,-66.956,-66.956,,-69.254,
05-07-2026-Thu 14-38-57-PM,-71.189,-71.189,-67.022,-67.022,-67.022,-69.32,-69.32,-69.32,-71.189,,-67.022,-67.022,-67.022,,-69.32,
05-07-2026-Thu 14-38-59-PM,-71.254,-71.254,-67.022,-67.022,-67.022,-69.287,-69.287,-69.287,-71.254,,-67.022,-67.022,-67.022,,-69.287,
05-07-2026-Thu 14-39-00-PM,-71.222,-71.222,-67.055,-67.055,-67.055,-69.385,-69.385,-69.385,-71.222,,-67.055,-67.055,-67.055,,-69.385,
05-07-2026-Thu 14-39-01-PM,-71.254,-71.254,-67.088,-67.088,-67.088,-69.32,-69.32,-69.32,-71.254,,-67.088,-67.088,-67.088,,-69.32,
05-07-2026-Thu 14-39-03-PM,-71.287,-71.287,-67.12,-67.12,-67.12,-69.385,-69.385,-69.385,-71.287,,-67.12,-67.12,-67.12,,-69.385,
05-07-2026-Thu 14-39-04-PM,-71.353,-71.353,-67.12,-67.12,-67.12,-69.385,-69.385,-69.385,-71.353,,-67.12,-67.12,-67.12,,-69.385,
05-07-2026-Thu 14-39-06-PM,-71.353,-71.353,-67.153,-67.153,-67.153,-69.451,-69.451,-69.451,-71.353,,-67.153,-67.153,-67.153,,-69.451,
05-07-2026-Thu 14-39-07-PM,-71.385,-71.385,-67.186,-67.186,-67.186,-69.516,-69.516,-69.516,-71.385,,-67.186,-67.186,-67.186,,-69.516,
05-07-2026-Thu 14-39-09-PM,-71.418,-71.418,-67.219,-67.219,-67.219,-69.516,-69.516,-69.516,-71.418,,-67.219,-67.219,-67.219,,-69.516,
05-07-2026-Thu 14-39-10-PM,-71.451,-71.451,-67.219,-67.219,-67.219,-69.582,-69.582,-69.582,-71.451,,-67.219,-67.219,-67.219,,-69.582,
05-07-2026-Thu 14-39-11-PM,-71.484,-71.484,-67.252,-67.252,-67.252,-69.516,-69.516,-69.516,-71.484,,-67.252,-67.252,-67.252,,-69.516,
05-07-2026-Thu 14-39-13-PM,-71.484,-71.484,-67.285,-67.285,-67.285,-69.615,-69.615,-69.615,-71.484,,-67.285,-67.285,-67.285,,-69.615,
05-07-2026-Thu 14-39-14-PM,-71.517,-71.517,-67.318,-67.318,-67.318,-69.582,-69.582,-69.582,-71.517,,-67.318,-67.318,-67.318,,-69.582,
05-07-2026-Thu 14-39-15-PM,-71.517,-71.517,-67.35,-67.35,-67.35,-69.68,-69.68,-69.68,-71.517,,-67.35,-67.35,-67.35,,-69.68,
05-07-2026-Thu 14-39-17-PM,-71.582,-71.582,-67.35,-67.35,-67.35,-69.648,-69.648,-69.648,-71.582,,-67.35,-67.35,-67.35,,-69.648,
05-07-2026-Thu 14-39-18-PM,-71.582,-71.582,-67.383,-67.383,-67.383,-69.746,-69.746,-69.746,-71.582,,-67.383,-67.383,-67.383,,-69.746,
05-07-2026-Thu 14-39-20-PM,-71.615,-71.615,-67.416,-67.416,-67.416,-69.844,-69.844,-69.844,-71.615,,-67.416,-67.416,-67.416,,-69.844,
05-07-2026-Thu 14-39-21-PM,-71.648,-71.648,-67.449,-67.449,-67.449,-69.844,-69.844,-69.844,-71.648,,-67.449,-67.449,-67.449,,-69.844,
05-07-2026-Thu 14-39-22-PM,-71.648,-71.648,-67.482,-67.482,-67.482,-69.779,-69.779,-69.779,-71.648,,-67.482,-67.482,-67.482,,-69.779,
05-07-2026-Thu 14-39-24-PM,-71.713,-71.713,-67.482,-67.482,-67.482,-69.812,-69.812,-69.812,-71.713,,-67.482,-67.482,-67.482,,-69.812,
05-07-2026-Thu 14-39-25-PM,-71.713,-71.713,-67.515,-67.515,-67.515,-69.812,-69.812,-69.812,-71.713,,-67.515,-67.515,-67.515,,-69.812,
05-07-2026-Thu 14-39-26-PM,-71.746,-71.746,-67.515,-67.515,-67.515,-69.877,-69.877,-69.877,-71.746,,-67.515,-67.515,-67.515,,-69.877,
05-07-2026-Thu 14-39-28-PM,-71.779,-71.779,-67.58,-67.58,-67.58,-69.91,-69.91,-69.91,-71.779,,-67.58,-67.58,-67.58,,-69.91,
05-07-2026-Thu 14-39-29-PM,-71.812,-71.812,-67.58,-67.58,-67.58,-69.943,-69.943,-69.943,-71.812,,-67.58,-67.58,-67.58,,-69.943,
05-07-2026-Thu 14-39-31-PM,-71.844,-71.844,-67.613,-67.613,-67.613,-69.976,-69.976,-69.976,-71.844,,-67.613,-67.613,-67.613,,-69.976,
05-07-2026-Thu 14-39-32-PM,-71.844,-71.844,-67.646,-67.646,-67.646,-69.976,-69.976,-69.976,-71.844,,-67.646,-67.646,-67.646,,-69.976,
05-07-2026-Thu 14-39-33-PM,-71.877,-71.877,-67.646,-67.646,-67.646,-69.976,-69.976,-69.976,-71.877,,-67.646,-67.646,-67.646,,-69.976,
05-07-2026-Thu 14-39-35-PM,-71.91,-71.91,-67.712,-67.712,-67.712,-70.107,-70.107,-70.107,-71.91,,-67.712,-67.712,-67.712,,-70.107,
05-07-2026-Thu 14-39-36-PM,-71.91,-71.91,-67.712,-67.712,-67.712,-70.041,-70.041,-70.041,-71.91,,-67.712,-67.712,-67.712,,-70.041,
05-07-2026-Thu 14-39-38-PM,-71.943,-71.943,-67.744,-67.744,-67.744,-70.008,-70.008,-70.008,-71.943,,-67.744,-67.744,-67.744,,-70.008,
05-07-2026-Thu 14-39-39-PM,-71.976,-71.976,-67.777,-67.777,-67.777,-70.008,-70.008,-70.008,-71.976,,-67.777,-67.777,-67.777,,-70.008,
05-07-2026-Thu 14-39-40-PM,-71.976,-71.976,-67.777,-67.777,-67.777,-70.074,-70.074,-70.074,-71.976,,-67.777,-67.777,-67.777,,-70.074,
05-07-2026-Thu 14-39-42-PM,-72.041,-72.041,-67.843,-67.843,-67.843,-70.074,-70.074,-70.074,-72.041,,-67.843,-67.843,-67.843,,-70.074,
05-07-2026-Thu 14-39-43-PM,-72.041,-72.041,-67.843,-67.843,-67.843,-70.172,-70.172,-70.172,-72.041,,-67.843,-67.843,-67.843,,-70.172,
05-07-2026-Thu 14-39-44-PM,-72.074,-72.074,-67.876,-67.876,-67.876,-70.205,-70.205,-70.205,-72.074,,-67.876,-67.876,-67.876,,-70.205,
05-07-2026-Thu 14-39-46-PM,-72.074,-72.074,-67.876,-67.876,-67.876,-70.172,-70.172,-70.172,-72.074,,-67.876,-67.876,-67.876,,-70.172,
05-07-2026-Thu 14-39-47-PM,-72.106,-72.106,-67.908,-67.908,-67.908,-70.304,-70.304,-70.304,-72.106,,-67.908,-67.908,-67.908,,-70.304,
05-07-2026-Thu 14-39-49-PM,-72.172,-72.172,-67.941,-67.941,-67.941,-70.205,-70.205,-70.205,-72.172,,-67.941,-67.941,-67.941,,-70.205,
05-07-2026-Thu 14-39-50-PM,-72.172,-72.172,-67.941,-67.941,-67.941,-70.369,-70.369,-70.369,-72.172,,-67.941,-67.941,-67.941,,-70.369,
05-07-2026-Thu 14-39-52-PM,-72.205,-72.205,-67.974,-67.974,-67.974,-70.238,-70.238,-70.238,-72.205,,-67.974,-67.974,-67.974,,-70.238,
05-07-2026-Thu 14-39-53-PM,-72.238,-72.238,-68.007,-68.007,-68.007,-70.304,-70.304,-70.304,-72.238,,-68.007,-68.007,-68.007,,-70.304,
05-07-2026-Thu 14-39-55-PM,-72.238,-72.238,-68.04,-68.04,-68.04,-70.369,-70.369,-70.369,-72.238,,-68.04,-68.04,-68.04,,-70.369,
05-07-2026-Thu 14-39-56-PM,-72.303,-72.303,-68.073,-68.073,-68.073,-70.369,-70.369,-70.369,-72.303,,-68.073,-68.073,-68.073,,-70.369,
05-07-2026-Thu 14-39-57-PM,-72.27,-72.27,-68.105,-68.105,-68.105,-70.435,-70.435,-70.435,-72.27,,-68.105,-68.105,-68.105,,-70.435,
05-07-2026-Thu 14-39-59-PM,-72.336,-72.336,-68.105,-68.105,-68.105,-70.435,-70.435,-70.435,-72.336,,-68.105,-68.105,-68.105,,-70.435,
05-07-2026-Thu 14-40-00-PM,-72.336,-72.336,-68.138,-68.138,-68.138,-70.533,-70.533,-70.533,-72.336,,-68.138,-68.138,-68.138,,-70.533,
05-07-2026-Thu 14-40-02-PM,-72.369,-72.369,-68.171,-68.171,-68.171,-70.435,-70.435,-70.435,-72.369,,-68.171,-68.171,-68.171,,-70.435,
05-07-2026-Thu 14-40-04-PM,-72.402,-72.402,-68.171,-68.171,-68.171,-70.468,-70.468,-70.468,-72.402,,-68.171,-68.171,-68.171,,-70.468,
05-07-2026-Thu 14-40-07-PM,-72.434,-72.434,-68.237,-68.237,-68.237,-70.533,-70.533,-70.533,-72.434,,-68.237,-68.237,-68.237,,-70.533,
05-07-2026-Thu 14-40-10-PM,-72.5,-72.5,-68.302,-68.302,-68.302,-70.632,-70.632,-70.632,-72.5,,-68.302,-68.302,-68.302,,-70.632,
05-07-2026-Thu 14-40-13-PM,-72.565,-72.565,-68.335,-68.335,-68.335,-70.566,-70.566,-70.566,-72.565,,-68.335,-68.335,-68.335,,-70.566,
05-07-2026-Thu 14-40-15-PM,-72.598,-72.598,-68.368,-68.368,-68.368,-70.632,-70.632,-70.632,-72.598,,-68.368,-68.368,-68.368,,-70.632,
05-07-2026-Thu 14-40-18-PM,-72.631,-72.631,-68.434,-68.434,-68.434,-70.73,-70.73,-70.73,-72.631,,-68.434,-68.434,-68.434,,-70.73,
05-07-2026-Thu 14-40-21-PM,-72.664,-72.664,-68.466,-68.466,-68.466,-70.795,-70.795,-70.795,-72.664,,-68.466,-68.466,-68.466,,-70.795,
05-07-2026-Thu 14-40-22-PM,-72.696,-72.696,-68.499,-68.499,-68.499,-70.861,-70.861,-70.861,-72.696,,-68.499,-68.499,-68.499,,-70.861,
05-07-2026-Thu 14-40-25-PM,-72.729,-72.729,-68.532,-68.532,-68.532,-70.861,-70.861,-70.861,-72.729,,-68.532,-68.532,-68.532,,-70.861,
05-07-2026-Thu 14-40-26-PM,-72.795,-72.795,-68.598,-68.598,-68.598,-70.927,-70.927,-70.927,-72.795,,-68.598,-68.598,-68.598,,-70.927,
05-07-2026-Thu 14-40-28-PM,-72.795,-72.795,-68.598,-68.598,-68.598,-70.927,-70.927,-70.927,-72.795,,-68.598,-68.598,-68.598,,-70.927,
05-07-2026-Thu 14-40-29-PM,-72.827,-72.827,-68.631,-68.631,-68.631,-70.894,-70.894,-70.894,-72.827,,-68.631,-68.631,-68.631,,-70.894,
05-07-2026-Thu 14-40-31-PM,-72.86,-72.86,-68.663,-68.663,-68.663,-71.025,-71.025,-71.025,-72.86,,-68.663,-68.663,-68.663,,-71.025,
05-07-2026-Thu 14-40-32-PM,-72.893,-72.893,-68.696,-68.696,-68.696,-70.992,-70.992,-70.992,-72.893,,-68.696,-68.696,-68.696,,-70.992,
05-07-2026-Thu 14-40-33-PM,-72.893,-72.893,-68.696,-68.696,-68.696,-70.959,-70.959,-70.959,-72.893,,-68.696,-68.696,-68.696,,-70.959,
05-07-2026-Thu 14-40-35-PM,-72.926,-72.926,-68.729,-68.729,-68.729,-71.058,-71.058,-71.058,-72.926,,-68.729,-68.729,-68.729,,-71.058,
05-07-2026-Thu 14-40-36-PM,-72.958,-72.958,-68.762,-68.762,-68.762,-71.058,-71.058,-71.058,-72.958,,-68.762,-68.762,-68.762,,-71.058,
05-07-2026-Thu 14-40-38-PM,-72.958,-72.958,-68.762,-68.762,-68.762,-71.123,-71.123,-71.123,-72.958,,-68.762,-68.762,-68.762,,-71.123,
05-07-2026-Thu 14-40-39-PM,-72.958,-72.958,-68.795,-68.795,-68.795,-71.09,-71.09,-71.09,-72.958,,-68.795,-68.795,-68.795,,-71.09,
05-07-2026-Thu 14-40-42-PM,-72.991,-72.991,-68.827,-68.827,-68.827,-71.189,-71.189,-71.189,-72.991,,-68.827,-68.827,-68.827,,-71.189,
05-07-2026-Thu 14-40-45-PM,-73.024,-73.024,-68.86,-68.86,-68.86,-71.156,-71.156,-71.156,-73.024,,-68.86,-68.86,-68.86,,-71.156,
05-07-2026-Thu 14-40-46-PM,-73.09,-73.09,-68.926,-68.926,-68.926,-71.189,-71.189,-71.189,-73.09,,-68.926,-68.926,-68.926,,-71.189,
05-07-2026-Thu 14-40-47-PM,-73.122,-73.122,-68.926,-68.926,-68.926,-71.254,-71.254,-71.254,-73.122,,-68.926,-68.926,-68.926,,-71.254,
05-07-2026-Thu 14-40-49-PM,-73.155,-73.155,-68.959,-68.959,-68.959,-71.254,-71.254,-71.254,-73.155,,-68.959,-68.959,-68.959,,-71.254,
05-07-2026-Thu 14-40-51-PM,-73.188,-73.188,-68.992,-68.992,-68.992,-71.254,-71.254,-71.254,-73.188,,-68.992,-68.992,-68.992,,-71.254,
05-07-2026-Thu 14-40-52-PM,-73.155,-73.155,-69.024,-69.024,-69.024,-71.418,-71.418,-71.418,-73.155,,-69.024,-69.024,-69.024,,-71.418,
05-07-2026-Thu 14-40-53-PM,-73.221,-73.221,-69.024,-69.024,-69.024,-71.385,-71.385,-71.385,-73.221,,-69.024,-69.024,-69.024,,-71.385,
05-07-2026-Thu 14-40-55-PM,-73.221,-73.221,-69.057,-69.057,-69.057,-71.451,-71.451,-71.451,-73.221,,-69.057,-69.057,-69.057,,-71.451,
05-07-2026-Thu 14-40-56-PM,-73.253,-73.253,-69.057,-69.057,-69.057,-71.385,-71.385,-71.385,-73.253,,-69.057,-69.057,-69.057,,-71.385,
05-07-2026-Thu 14-40-58-PM,-73.253,-73.253,-69.123,-69.123,-69.123,-71.385,-71.385,-71.385,-73.253,,-69.123,-69.123,-69.123,,-71.385,
05-07-2026-Thu 14-41-00-PM,-73.286,-73.286,-69.123,-69.123,-69.123,-71.385,-71.385,-71.385,-73.286,,-69.123,-69.123,-69.123,,-71.385,
05-07-2026-Thu 14-41-01-PM,-73.319,-73.319,-69.156,-69.156,-69.156,-71.484,-71.484,-71.484,-73.319,,-69.156,-69.156,-69.156,,-71.484,
05-07-2026-Thu 14-41-02-PM,-73.351,-73.351,-69.221,-69.221,-69.221,-71.517,-71.517,-71.517,-73.351,,-69.221,-69.221,-69.221,,-71.517,
05-07-2026-Thu 14-41-04-PM,-73.384,-73.384,-69.188,-69.188,-69.188,-71.484,-71.484,-71.484,-73.384,,-69.188,-69.188,-69.188,,-71.484,
05-07-2026-Thu 14-41-06-PM,-73.384,-73.384,-69.221,-69.221,-69.221,-71.615,-71.615,-71.615,-73.384,,-69.221,-69.221,-69.221,,-71.615,
05-07-2026-Thu 14-41-07-PM,-73.417,-73.417,-69.221,-69.221,-69.221,-71.517,-71.517,-71.517,-73.417,,-69.221,-69.221,-69.221,,-71.517,
05-07-2026-Thu 14-41-08-PM,-73.45,-73.45,-69.254,-69.254,-69.254,-71.549,-71.549,-71.549,-73.45,,-69.254,-69.254,-69.254,,-71.549,
05-07-2026-Thu 14-41-10-PM,-73.45,-73.45,-69.287,-69.287,-69.287,-71.615,-71.615,-71.615,-73.45,,-69.287,-69.287,-69.287,,-71.615,
05-07-2026-Thu 14-41-11-PM,-73.45,-73.45,-69.32,-69.32,-69.32,-71.582,-71.582,-71.582,-73.45,,-69.32,-69.32,-69.32,,-71.582,
05-07-2026-Thu 14-41-13-PM,-73.483,-73.483,-69.352,-69.352,-69.352,-71.68,-71.68,-71.68,-73.483,,-69.352,-69.352,-69.352,,-71.68,
05-07-2026-Thu 14-41-14-PM,-73.515,-73.515,-69.385,-69.385,-69.385,-71.746,-71.746,-71.746,-73.515,,-69.385,-69.385,-69.385,,-71.746,
05-07-2026-Thu 14-41-15-PM,-73.515,-73.515,-69.385,-69.385,-69.385,-71.68,-71.68,-71.68,-73.515,,-69.385,-69.385,-69.385,,-71.68,
05-07-2026-Thu 14-41-17-PM,-73.548,-73.548,-69.418,-69.418,-69.418,-71.713,-71.713,-71.713,-73.548,,-69.418,-69.418,-69.418,,-71.713,
05-07-2026-Thu 14-41-18-PM,-73.581,-73.581,-69.418,-69.418,-69.418,-71.746,-71.746,-71.746,-73.581,,-69.418,-69.418,-69.418,,-71.746,
05-07-2026-Thu 14-41-20-PM,-73.581,-73.581,-69.451,-69.451,-69.451,-71.746,-71.746,-71.746,-73.581,,-69.451,-69.451,-69.451,,-71.746,
05-07-2026-Thu 14-41-21-PM,-73.581,-73.581,-69.484,-69.484,-69.484,-71.812,-71.812,-71.812,-73.581,,-69.484,-69.484,-69.484,,-71.812,
05-07-2026-Thu 14-41-23-PM,-73.614,-73.614,-69.484,-69.484,-69.484,-71.779,-71.779,-71.779,-73.614,,-69.484,-69.484,-69.484,,-71.779,
05-07-2026-Thu 14-41-24-PM,-73.679,-73.679,-69.516,-69.516,-69.516,-71.746,-71.746,-71.746,-73.679,,-69.516,-69.516,-69.516,,-71.746,
05-07-2026-Thu 14-41-25-PM,-73.679,-73.679,-69.549,-69.549,-69.549,-71.812,-71.812,-71.812,-73.679,,-69.549,-69.549,-69.549,,-71.812,
05-07-2026-Thu 14-41-27-PM,-73.679,-73.679,-69.549,-69.549,-69.549,-71.844,-71.844,-71.844,-73.679,,-69.549,-69.549,-69.549,,-71.844,
05-07-2026-Thu 14-41-28-PM,-73.679,-73.679,-69.582,-69.582,-69.582,-71.877,-71.877,-71.877,-73.679,,-69.582,-69.582,-69.582,,-71.877,
05-07-2026-Thu 14-41-30-PM,-73.712,-73.712,-69.615,-69.615,-69.615,-71.91,-71.91,-71.91,-73.712,,-69.615,-69.615,-69.615,,-71.91,
05-07-2026-Thu 14-41-31-PM,-73.745,-73.745,-69.615,-69.615,-69.615,-71.976,-71.976,-71.976,-73.745,,-69.615,-69.615,-69.615,,-71.976,
05-07-2026-Thu 14-41-32-PM,-73.745,-73.745,-69.648,-69.648,-69.648,-71.976,-71.976,-71.976,-73.745,,-69.648,-69.648,-69.648,,-71.976,
05-07-2026-Thu 14-41-34-PM,-73.777,-73.777,-69.648,-69.648,-69.648,-71.976,-71.976,-71.976,-73.777,,-69.648,-69.648,-69.648,,-71.976,
05-07-2026-Thu 14-41-35-PM,-73.81,-73.81,-69.68,-69.68,-69.68,-72.008,-72.008,-72.008,-73.81,,-69.68,-69.68,-69.68,,-72.008,
05-07-2026-Thu 14-41-37-PM,-73.81,-73.81,-69.713,-69.713,-69.713,-71.976,-71.976,-71.976,-73.81,,-69.713,-69.713,-69.713,,-71.976,
05-07-2026-Thu 14-41-38-PM,-73.81,-73.81,-69.746,-69.746,-69.746,-72.106,-72.106,-72.106,-73.81,,-69.746,-69.746,-69.746,,-72.106,
05-07-2026-Thu 14-41-40-PM,-73.876,-73.876,-69.746,-69.746,-69.746,-72.074,-72.074,-72.074,-73.876,,-69.746,-69.746,-69.746,,-72.074,
05-07-2026-Thu 14-41-41-PM,-73.876,-73.876,-69.746,-69.746,-69.746,-72.106,-72.106,-72.106,-73.876,,-69.746,-69.746,-69.746,,-72.106,
05-07-2026-Thu 14-41-42-PM,-73.908,-73.908,-69.779,-69.779,-69.779,-72.139,-72.139,-72.139,-73.908,,-69.779,-69.779,-69.779,,-72.139,
05-07-2026-Thu 14-41-43-PM,-73.941,-73.941,-69.844,-69.844,-69.844,-72.139,-72.139,-72.139,-73.941,,-69.844,-69.844,-69.844,,-72.139,
05-07-2026-Thu 14-41-45-PM,-73.908,-73.908,-69.812,-69.812,-69.812,-72.106,-72.106,-72.106,-73.908,,-69.812,-69.812,-69.812,,-72.106,
05-07-2026-Thu 14-41-46-PM,-73.974,-73.974,-69.877,-69.877,-69.877,-72.172,-72.172,-72.172,-73.974,,-69.877,-69.877,-69.877,,-72.172,
05-07-2026-Thu 14-41-48-PM,-73.974,-73.974,-69.877,-69.877,-69.877,-72.172,-72.172,-72.172,-73.974,,-69.877,-69.877,-69.877,,-72.172,
05-07-2026-Thu 14-41-49-PM,-74.006,-74.006,-69.91,-69.91,-69.91,-72.205,-72.205,-72.205,-74.006,,-69.91,-69.91,-69.91,,-72.205,
05-07-2026-Thu 14-41-50-PM,-74.039,-74.039,-69.91,-69.91,-69.91,-72.172,-72.172,-72.172,-74.039,,-69.91,-69.91,-69.91,,-72.172,
05-07-2026-Thu 14-41-52-PM,-74.006,-74.006,-69.943,-69.943,-69.943,-72.205,-72.205,-72.205,-74.006,,-69.943,-69.943,-69.943,,-72.205,
05-07-2026-Thu 14-41-53-PM,-74.039,-74.039,-69.976,-69.976,-69.976,-72.27,-72.27,-72.27,-74.039,,-69.976,-69.976,-69.976,,-72.27,
05-07-2026-Thu 14-41-55-PM,-74.072,-74.072,-69.976,-69.976,-69.976,-72.205,-72.205,-72.205,-74.072,,-69.976,-69.976,-69.976,,-72.205,
05-07-2026-Thu 14-41-56-PM,-74.072,-74.072,-70.008,-70.008,-70.008,-72.27,-72.27,-72.27,-74.072,,-70.008,-70.008,-70.008,,-72.27,
05-07-2026-Thu 14-41-57-PM,-74.105,-74.105,-70.008,-70.008,-70.008,-72.303,-72.303,-72.303,-74.105,,-70.008,-70.008,-70.008,,-72.303,
05-07-2026-Thu 14-41-59-PM,-74.138,-74.138,-70.041,-70.041,-70.041,-72.336,-72.336,-72.336,-74.138,,-70.041,-70.041,-70.041,,-72.336,
05-07-2026-Thu 14-42-00-PM,-74.138,-74.138,-70.074,-70.074,-70.074,-72.402,-72.402,-72.402,-74.138,,-70.074,-70.074,-70.074,,-72.402,
05-07-2026-Thu 14-42-02-PM,-74.17,-74.17,-70.074,-70.074,-70.074,-72.369,-72.369,-72.369,-74.17,,-70.074,-70.074,-70.074,,-72.369,
05-07-2026-Thu 14-42-03-PM,-74.17,-74.17,-70.14,-70.14,-70.14,-72.369,-72.369,-72.369,-74.17,,-70.14,-70.14,-70.14,,-72.369,
05-07-2026-Thu 14-42-04-PM,-74.17,-74.17,-70.107,-70.107,-70.107,-72.402,-72.402,-72.402,-74.17,,-70.107,-70.107,-70.107,,-72.402,
05-07-2026-Thu 14-42-06-PM,-74.203,-74.203,-70.14,-70.14,-70.14,-72.434,-72.434,-72.434,-74.203,,-70.14,-70.14,-70.14,,-72.434,
05-07-2026-Thu 14-42-07-PM,-74.236,-74.236,-70.172,-70.172,-70.172,-72.434,-72.434,-72.434,-74.236,,-70.172,-70.172,-70.172,,-72.434,
05-07-2026-Thu 14-42-08-PM,-74.236,-74.236,-70.172,-70.172,-70.172,-72.467,-72.467,-72.467,-74.236,,-70.172,-70.172,-70.172,,-72.467,
05-07-2026-Thu 14-42-10-PM,-74.268,-74.268,-70.205,-70.205,-70.205,-72.532,-72.532,-72.532,-74.268,,-70.205,-70.205,-70.205,,-72.532,
05-07-2026-Thu 14-42-11-PM,-74.268,-74.268,-70.205,-70.205,-70.205,-72.532,-72.532,-72.532,-74.268,,-70.205,-70.205,-70.205,,-72.532,
05-07-2026-Thu 14-42-12-PM,-74.268,-74.268,-70.238,-70.238,-70.238,-72.532,-72.532,-72.532,-74.268,,-70.238,-70.238,-70.238,,-72.532,
05-07-2026-Thu 14-42-14-PM,-74.301,-74.301,-70.238,-70.238,-70.238,-72.5,-72.5,-72.5,-74.301,,-70.238,-70.238,-70.238,,-72.5,
05-07-2026-Thu 14-42-15-PM,-74.334,-74.334,-70.271,-70.271,-70.271,-72.532,-72.532,-72.532,-74.334,,-70.271,-70.271,-70.271,,-72.532,
05-07-2026-Thu 14-42-17-PM,-74.334,-74.334,-70.304,-70.304,-70.304,-72.532,-72.532,-72.532,-74.334,,-70.304,-70.304,-70.304,,-72.532,
05-07-2026-Thu 14-42-18-PM,-74.334,-74.334,-70.336,-70.336,-70.336,-72.631,-72.631,-72.631,-74.334,,-70.336,-70.336,-70.336,,-72.631,
05-07-2026-Thu 14-42-19-PM,-74.399,-74.399,-70.336,-70.336,-70.336,-72.631,-72.631,-72.631,-74.399,,-70.336,-70.336,-70.336,,-72.631,
05-07-2026-Thu 14-42-21-PM,-74.367,-74.367,-70.369,-70.369,-70.369,-72.598,-72.598,-72.598,-74.367,,-70.369,-70.369,-70.369,,-72.598,
05-07-2026-Thu 14-42-22-PM,-74.399,-74.399,-70.369,-70.369,-70.369,-72.664,-72.664,-72.664,-74.399,,-70.369,-70.369,-70.369,,-72.664,
05-07-2026-Thu 14-42-24-PM,-74.432,-74.432,-70.402,-70.402,-70.402,-72.631,-72.631,-72.631,-74.432,,-70.402,-70.402,-70.402,,-72.631,
05-07-2026-Thu 14-42-25-PM,-74.399,-74.399,-70.435,-70.435,-70.435,-72.664,-72.664,-72.664,-74.399,,-70.435,-70.435,-70.435,,-72.664,
05-07-2026-Thu 14-42-26-PM,-74.432,-74.432,-70.435,-70.435,-70.435,-72.664,-72.664,-72.664,-74.432,,-70.435,-70.435,-70.435,,-72.664,
05-07-2026-Thu 14-42-28-PM,-74.465,-74.465,-70.468,-70.468,-70.468,-72.729,-72.729,-72.729,-74.465,,-70.468,-70.468,-70.468,,-72.729,
05-07-2026-Thu 14-42-29-PM,-74.465,-74.465,-70.468,-70.468,-70.468,-72.729,-72.729,-72.729,-74.465,,-70.468,-70.468,-70.468,,-72.729,
05-07-2026-Thu 14-42-31-PM,-74.465,-74.465,-70.5,-70.5,-70.5,-72.729,-72.729,-72.729,-74.465,,-70.5,-70.5,-70.5,,-72.729,
05-07-2026-Thu 14-42-32-PM,-74.498,-74.498,-70.5,-70.5,-70.5,-72.729,-72.729,-72.729,-74.498,,-70.5,-70.5,-70.5,,-72.729,
05-07-2026-Thu 14-42-33-PM,-74.53,-74.53,-70.566,-70.566,-70.566,-72.827,-72.827,-72.827,-74.53,,-70.566,-70.566,-70.566,,-72.827,
05-07-2026-Thu 14-42-35-PM,-74.563,-74.563,-70.566,-70.566,-70.566,-72.893,-72.893,-72.893,-74.563,,-70.566,-70.566,-70.566,,-72.893,
05-07-2026-Thu 14-42-36-PM,-74.563,-74.563,-70.566,-70.566,-70.566,-72.795,-72.795,-72.795,-74.563,,-70.566,-70.566,-70.566,,-72.795,
05-07-2026-Thu 14-42-37-PM,-74.596,-74.596,-70.599,-70.599,-70.599,-72.893,-72.893,-72.893,-74.596,,-70.599,-70.599,-70.599,,-72.893,
05-07-2026-Thu 14-42-39-PM,-74.596,-74.596,-70.599,-70.599,-70.599,-72.86,-72.86,-72.86,-74.596,,-70.599,-70.599,-70.599,,-72.86,
05-07-2026-Thu 14-42-41-PM,-74.596,-74.596,-70.632,-70.632,-70.632,-72.893,-72.893,-72.893,-74.596,,-70.632,-70.632,-70.632,,-72.893,
05-07-2026-Thu 14-42-42-PM,-74.661,-74.661,-70.664,-70.664,-70.664,-72.926,-72.926,-72.926,-74.661,,-70.664,-70.664,-70.664,,-72.926,
05-07-2026-Thu 14-42-43-PM,-74.629,-74.629,-70.664,-70.664,-70.664,-72.958,-72.958,-72.958,-74.629,,-70.664,-70.664,-70.664,,-72.958,
05-07-2026-Thu 14-42-45-PM,-74.661,-74.661,-70.697,-70.697,-70.697,-72.926,-72.926,-72.926,-74.661,,-70.697,-70.697,-70.697,,-72.926,
05-07-2026-Thu 14-42-46-PM,-74.661,-74.661,-70.697,-70.697,-70.697,-73.024,-73.024,-73.024,-74.661,,-70.697,-70.697,-70.697,,-73.024,
05-07-2026-Thu 14-42-47-PM,-74.694,-74.694,-70.73,-70.73,-70.73,-72.991,-72.991,-72.991,-74.694,,-70.73,-70.73,-70.73,,-72.991,
05-07-2026-Thu 14-42-49-PM,-74.694,-74.694,-70.763,-70.763,-70.763,-72.958,-72.958,-72.958,-74.694,,-70.763,-70.763,-70.763,,-72.958,
05-07-2026-Thu 14-42-50-PM,-74.727,-74.727,-70.795,-70.795,-70.795,-72.991,-72.991,-72.991,-74.727,,-70.795,-70.795,-70.795,,-72.991,
05-07-2026-Thu 14-42-52-PM,-74.76,-74.76,-70.795,-70.795,-70.795,-73.024,-73.024,-73.024,-74.76,,-70.795,-70.795,-70.795,,-73.024,
05-07-2026-Thu 14-42-53-PM,-74.792,-74.792,-70.828,-70.828,-70.828,-73.09,-73.09,-73.09,-74.792,,-70.828,-70.828,-70.828,,-73.09,
05-07-2026-Thu 14-42-54-PM,-74.792,-74.792,-70.828,-70.828,-70.828,-73.057,-73.057,-73.057,-74.792,,-70.828,-70.828,-70.828,,-73.057,
05-07-2026-Thu 14-42-56-PM,-74.792,-74.792,-70.828,-70.828,-70.828,-73.09,-73.09,-73.09,-74.792,,-70.828,-70.828,-70.828,,-73.09,
05-07-2026-Thu 14-42-57-PM,-74.792,-74.792,-70.894,-70.894,-70.894,-73.122,-73.122,-73.122,-74.792,,-70.894,-70.894,-70.894,,-73.122,
05-07-2026-Thu 14-42-58-PM,-74.825,-74.825,-70.894,-70.894,-70.894,-73.122,-73.122,-73.122,-74.825,,-70.894,-70.894,-70.894,,-73.122,
05-07-2026-Thu 14-43-00-PM,-74.825,-74.825,-70.927,-70.927,-70.927,-73.155,-73.155,-73.155,-74.825,,-70.927,-70.927,-70.927,,-73.155,
05-07-2026-Thu 14-43-01-PM,-74.825,-74.825,-70.927,-70.927,-70.927,-73.188,-73.188,-73.188,-74.825,,-70.927,-70.927,-70.927,,-73.188,
05-07-2026-Thu 14-43-02-PM,-74.858,-74.858,-70.959,-70.959,-70.959,-73.155,-73.155,-73.155,-74.858,,-70.959,-70.959,-70.959,,-73.155,
05-07-2026-Thu 14-43-04-PM,-74.89,-74.89,-70.959,-70.959,-70.959,-73.221,-73.221,-73.221,-74.89,,-70.959,-70.959,-70.959,,-73.221,
05-07-2026-Thu 14-43-05-PM,-74.89,-74.89,-70.959,-70.959,-70.959,-73.188,-73.188,-73.188,-74.89,,-70.959,-70.959,-70.959,,-73.188,
05-07-2026-Thu 14-43-06-PM,-74.89,-74.89,-71.025,-71.025,-71.025,-73.188,-73.188,-73.188,-74.89,,-71.025,-71.025,-71.025,,-73.188,
05-07-2026-Thu 14-43-08-PM,-74.923,-74.923,-71.025,-71.025,-71.025,-73.253,-73.253,-73.253,-74.923,,-71.025,-71.025,-71.025,,-73.253,
05-07-2026-Thu 14-43-11-PM,-74.923,-74.923,-71.025,-71.025,-71.025,-73.351,-73.351,-73.351,-74.923,,-71.025,-71.025,-71.025,,-73.351,
05-07-2026-Thu 14-43-13-PM,-74.989,-74.989,-71.09,-71.09,-71.09,-73.188,-73.188,-73.188,-74.989,,-71.09,-71.09,-71.09,,-73.188,
05-07-2026-Thu 14-43-16-PM,-74.989,-74.989,-71.123,-71.123,-71.123,-73.384,-73.384,-73.384,-74.989,,-71.123,-71.123,-71.123,,-73.384,
05-07-2026-Thu 14-43-19-PM,-74.989,-74.989,-71.156,-71.156,-71.156,-73.286,-73.286,-73.286,-74.989,,-71.156,-71.156,-71.156,,-73.286,
05-07-2026-Thu 14-43-21-PM,-75.087,-75.087,-71.189,-71.189,-71.189,-73.417,-73.417,-73.417,-75.087,,-71.189,-71.189,-71.189,,-73.417,
05-07-2026-Thu 14-43-22-PM,-75.087,-75.087,-71.222,-71.222,-71.222,-73.45,-73.45,-73.45,-75.087,,-71.222,-71.222,-71.222,,-73.45,
05-07-2026-Thu 14-43-23-PM,-75.12,-75.12,-71.222,-71.222,-71.222,-73.45,-73.45,-73.45,-75.12,,-71.222,-71.222,-71.222,,-73.45,
05-07-2026-Thu 14-43-25-PM,-75.087,-75.087,-71.254,-71.254,-71.254,-73.483,-73.483,-73.483,-75.087,,-71.254,-71.254,-71.254,,-73.483,
05-07-2026-Thu 14-43-26-PM,-75.12,-75.12,-71.254,-71.254,-71.254,-73.483,-73.483,-73.483,-75.12,,-71.254,-71.254,-71.254,,-73.483,
05-07-2026-Thu 14-43-28-PM,-75.12,-75.12,-71.287,-71.287,-71.287,-73.45,-73.45,-73.45,-75.12,,-71.287,-71.287,-71.287,,-73.45,
05-07-2026-Thu 14-43-30-PM,-75.152,-75.152,-71.32,-71.32,-71.32,-73.548,-73.548,-73.548,-75.152,,-71.32,-71.32,-71.32,,-73.548,
05-07-2026-Thu 14-43-31-PM,-75.152,-75.152,-71.32,-71.32,-71.32,-73.483,-73.483,-73.483,-75.152,,-71.32,-71.32,-71.32,,-73.483,
05-07-2026-Thu 14-43-32-PM,-75.185,-75.185,-71.353,-71.353,-71.353,-73.581,-73.581,-73.581,-75.185,,-71.353,-71.353,-71.353,,-73.581,
05-07-2026-Thu 14-43-34-PM,-75.185,-75.185,-71.353,-71.353,-71.353,-73.548,-73.548,-73.548,-75.185,,-71.353,-71.353,-71.353,,-73.548,
05-07-2026-Thu 14-43-37-PM,-75.185,-75.185,-71.418,-71.418,-71.418,-73.646,-73.646,-73.646,-75.185,,-71.418,-71.418,-71.418,,-73.646,
05-07-2026-Thu 14-43-40-PM,-75.251,-75.251,-71.418,-71.418,-71.418,-73.548,-73.548,-73.548,-75.251,,-71.418,-71.418,-71.418,,-73.548,
05-07-2026-Thu 14-43-42-PM,-75.251,-75.251,-71.451,-71.451,-71.451,-73.679,-73.679,-73.679,-75.251,,-71.451,-71.451,-71.451,,-73.679,
05-07-2026-Thu 14-43-44-PM,-75.283,-75.283,-71.517,-71.517,-71.517,-73.745,-73.745,-73.745,-75.283,,-71.517,-71.517,-71.517,,-73.745,
05-07-2026-Thu 14-43-46-PM,-75.283,-75.283,-71.517,-71.517,-71.517,-73.712,-73.712,-73.712,-75.283,,-71.517,-71.517,-71.517,,-73.712,
05-07-2026-Thu 14-43-47-PM,-75.316,-75.316,-71.549,-71.549,-71.549,-73.679,-73.679,-73.679,-75.316,,-71.549,-71.549,-71.549,,-73.679,
05-07-2026-Thu 14-43-48-PM,-75.316,-75.316,-71.549,-71.549,-71.549,-73.679,-73.679,-73.679,-75.316,,-71.549,-71.549,-71.549,,-73.679,
05-07-2026-Thu 14-43-50-PM,-75.349,-75.349,-71.549,-71.549,-71.549,-73.745,-73.745,-73.745,-75.349,,-71.549,-71.549,-71.549,,-73.745,
05-07-2026-Thu 14-43-51-PM,-75.349,-75.349,-71.615,-71.615,-71.615,-73.81,-73.81,-73.81,-75.349,,-71.615,-71.615,-71.615,,-73.81,
05-07-2026-Thu 14-43-52-PM,-75.349,-75.349,-71.582,-71.582,-71.582,-73.745,-73.745,-73.745,-75.349,,-71.582,-71.582,-71.582,,-73.745,
05-07-2026-Thu 14-43-54-PM,-75.414,-75.414,-71.648,-71.648,-71.648,-73.81,-73.81,-73.81,-75.414,,-71.648,-71.648,-71.648,,-73.81,
05-07-2026-Thu 14-43-56-PM,-75.414,-75.414,-71.648,-71.648,-71.648,-73.81,-73.81,-73.81,-75.414,,-71.648,-71.648,-71.648,,-73.81,
05-07-2026-Thu 14-43-58-PM,-75.447,-75.447,-71.68,-71.68,-71.68,-73.843,-73.843,-73.843,-75.447,,-71.68,-71.68,-71.68,,-73.843,
05-07-2026-Thu 14-43-59-PM,-75.447,-75.447,-71.713,-71.713,-71.713,-73.941,-73.941,-73.941,-75.447,,-71.713,-71.713,-71.713,,-73.941,
05-07-2026-Thu 14-44-01-PM,-75.447,-75.447,-71.713,-71.713,-71.713,-73.941,-73.941,-73.941,-75.447,,-71.713,-71.713,-71.713,,-73.941,
05-07-2026-Thu 14-44-02-PM,-75.48,-75.48,-71.746,-71.746,-71.746,-73.876,-73.876,-73.876,-75.48,,-71.746,-71.746,-71.746,,-73.876,
05-07-2026-Thu 14-44-03-PM,-75.48,-75.48,-71.746,-71.746,-71.746,-73.843,-73.843,-73.843,-75.48,,-71.746,-71.746,-71.746,,-73.843,
05-07-2026-Thu 14-44-06-PM,-75.48,-75.48,-71.779,-71.779,-71.779,-73.941,-73.941,-73.941,-75.48,,-71.779,-71.779,-71.779,,-73.941,
05-07-2026-Thu 14-44-08-PM,-75.512,-75.512,-71.812,-71.812,-71.812,-73.974,-73.974,-73.974,-75.512,,-71.812,-71.812,-71.812,,-73.974,
05-07-2026-Thu 14-44-09-PM,-75.512,-75.512,-71.812,-71.812,-71.812,-73.974,-73.974,-73.974,-75.512,,-71.812,-71.812,-71.812,,-73.974,
05-07-2026-Thu 14-44-10-PM,-75.545,-75.545,-71.844,-71.844,-71.844,-74.006,-74.006,-74.006,-75.545,,-71.844,-71.844,-71.844,,-74.006,
05-07-2026-Thu 14-44-12-PM,-75.545,-75.545,-71.877,-71.877,-71.877,-73.941,-73.941,-73.941,-75.545,,-71.877,-71.877,-71.877,,-73.941,
05-07-2026-Thu 14-44-13-PM,-75.578,-75.578,-71.877,-71.877,-71.877,-74.039,-74.039,-74.039,-75.578,,-71.877,-71.877,-71.877,,-74.039,
