Timestamp,x61 Cell 1 Current,x61 Cell 1 Voltage,x61 Cell 1 Resistance,x61 Cell 1 Temp,x61 Cell 1 Temp,x61 Cell 2 Current,x61 Cell 2 Voltage,x61 Cell 2 Resistance,x61 Cell 2 Temp,x61 Cell 3 Current,x61 Cell 3 Voltage,x61 Cell 3 Resistance,x61 Cell 3 Temp,x61 Cell 4 Current,x61 Cell 4 Voltage,x61 Cell 4 Resistance,x61 Cell 4 Temp,x61 Cell 4 Temp,x62 Cell 5 Current,x62 Cell 5 Voltage,x62 Cell 5 Resistance,x62 Cell 5 Temp,x62 Cell 6 Current,x62 Cell 6 Voltage,x62 Cell 6 Resistance,x62 Cell 6 Temp,x62 Cell 7 Current,x62 Cell 7 Voltage,x62 Cell 7 Resistance,x62 Cell 7 Temp,x62 Cell 7 Temp,x62 Cell 8 Current,x62 Cell 8 Voltage,x62 Cell 8 Resistance,x62 Cell 8 Temp,x63 Cell 9 Current,x63 Cell 9 Voltage,x63 Cell 9 Resistance,x63 Cell 9 Temp,x63 Cell 10 Current,x63 Cell 10 Voltage,x63 Cell 10 Resistance,x63 Cell 10 Temp,x63 Cell 11 Current,x63 Cell 11 Voltage,x63 Cell 11 Resistance,x63 Cell 11 Temp,x63 Cell 12 Current,x63 Cell 12 Voltage,x63 Cell 12 Resistance,x63 Cell 12 Temp,x64 Cell 13 Current,x64 Cell 13 Voltage,x64 Cell 13 Resistance,x64 Cell 13 Temp,x64 Cell 14 Current,x64 Cell 14 Voltage,x64 Cell 14 Resistance,x64 Cell 14 Temp,x64 Cell 15 Current,x64 Cell 15 Voltage,x64 Cell 15 Resistance,x64 Cell 15 Temp,x64 Cell 16 Current,x64 Cell 16 Voltage,x64 Cell 16 Resistance,x64 Cell 16 Temp
05-07-2026-Thu 13-48-15-PM,14.9,5.016,0.42080536912751676,-24.2038,-24.204,15.4,5.028,0.4081168831168831,-24.204,17.9,5.012,0.35000000000000003,-22.737,18.7,5.024,0.33582887700534764,-22.737,-22.737,18.5,5.008,0.3383783783783784,-22.737,17.7,5.02,0.35451977401129936,-23.937,16.0,5.0,0.390625,-23.9371,-23.937,15.7,5.008,0.3987261146496816,-23.937,11.7,5.024,0.5367521367521368,-24.204,13.5,5.024,0.4651851851851852,,15.6,5.02,0.4022435897435897,-22.737,10.8,5.036,0.5828703703703704,-22.737,15.9,5.008,0.3937106918238994,-22.737,17.1,5.032,0.3678362573099415,,17.7,5.0,0.3531073446327684,-23.937,18.2,5.0,0.34340659340659335,
05-07-2026-Thu 13-48-17-PM,14.2,5.02,0.44190140845070425,-24.2704,-24.27,15.0,5.02,0.4183333333333333,-24.27,17.8,5.012,0.35196629213483144,-22.737,18.2,5.028,0.3453296703296703,-22.737,-22.737,17.6,5.012,0.3559659090909091,-22.737,17.6,5.016,0.35625,-24.004,15.8,5.0,0.3955696202531645,-24.0039,-24.004,15.1,5.012,0.4149006622516556,-24.004,11.6,5.028,0.5418103448275862,-24.27,13.6,5.024,0.46176470588235297,,15.3,5.016,0.40980392156862744,-22.737,10.5,5.04,0.6,-22.737,15.5,5.012,0.40419354838709676,-22.737,16.6,5.032,0.37891566265060245,,17.6,5.004,0.3553977272727272,-24.004,17.8,5.004,0.3514044943820225,
05-07-2026-Thu 13-48-18-PM,14.0,5.02,0.4482142857142857,-24.2704,-24.27,14.9,5.024,0.42147651006711406,-24.27,17.7,5.012,0.353954802259887,-22.77,17.9,5.028,0.3511173184357542,-22.7703,-22.77,17.5,5.012,0.35799999999999993,-22.77,17.4,5.02,0.360632183908046,-23.97,15.6,5.0,0.4006410256410257,-23.9705,-23.97,14.9,5.012,0.4204697986577181,-23.97,11.4,5.028,0.5513157894736842,-24.27,13.3,5.024,0.47218045112781953,,15.3,5.02,0.4101307189542483,-22.77,10.4,5.036,0.6052884615384615,-22.77,15.1,5.012,0.4149006622516556,-22.77,16.8,5.032,0.37440476190476185,,17.4,5.004,0.3594827586206897,-23.97,17.7,5.004,0.35338983050847456,
05-07-2026-Thu 13-49-32-PM,13.9,5.02,0.4514388489208633,-25.0037,-25.004,14.9,5.024,0.42147651006711406,-25.004,17.0,5.012,0.3685294117647058,-23.27,17.8,5.028,0.3530898876404494,-23.2704,-23.27,17.7,5.012,0.353954802259887,-23.27,17.3,5.02,0.3627167630057803,-24.437,15.0,5.0,0.41666666666666674,-24.4371,-24.437,14.9,5.012,0.4204697986577181,-24.437,10.6,5.028,0.5929245283018867,-25.004,12.7,5.024,0.49448818897637803,,14.8,5.02,0.42398648648648646,-23.27,10.1,5.036,0.6232673267326733,-23.27,15.3,5.016,0.40980392156862744,-23.27,16.6,5.032,0.37891566265060245,,17.4,5.0,0.3591954022988506,-24.437,17.7,5.004,0.35338983050847456,
05-07-2026-Thu 13-49-33-PM,13.2,5.024,0.47575757575757577,-25.0037,-25.004,13.8,5.024,0.4550724637681159,-25.004,16.1,5.016,0.38944099378881986,-23.304,17.1,5.028,0.36754385964912273,-23.3038,-23.304,16.8,5.016,0.3732142857142857,-23.304,16.6,5.02,0.37801204819277107,-24.437,14.6,5.004,0.4284246575342466,-24.4371,-24.437,14.3,5.012,0.43811188811188806,-24.437,10.4,5.028,0.604326923076923,-25.004,12.5,5.028,0.5027999999999999,,14.2,5.02,0.44190140845070425,-23.304,9.6,5.04,0.65625,-23.304,14.6,5.016,0.4294520547945206,-23.304,15.7,5.032,0.40063694267515926,,16.8,5.008,0.37261904761904757,-24.437,16.5,5.008,0.3793939393939394,
05-07-2026-Thu 13-49-34-PM,12.9,5.02,0.48643410852713176,-25.0037,-25.004,13.5,5.028,0.4655555555555555,-25.004,15.9,5.016,0.39433962264150946,-23.304,16.7,5.028,0.37634730538922156,-23.3038,-23.304,16.5,5.02,0.38030303030303025,-23.304,16.1,5.02,0.38975155279503104,-24.437,14.1,5.008,0.4439716312056738,-24.4371,-24.437,13.8,5.016,0.4543478260869565,-24.437,10.5,5.028,0.5985714285714285,-25.004,12.2,5.028,0.5151639344262295,,13.8,5.024,0.4550724637681159,-23.304,9.6,5.044,0.6567708333333333,-23.304,14.3,5.016,0.43846153846153846,-23.304,15.4,5.032,0.40844155844155844,,16.4,5.008,0.38170731707317085,-24.437,16.3,5.008,0.38404907975460123,
05-07-2026-Thu 13-49-36-PM,12.6,5.024,0.4984126984126984,-25.0037,-25.004,13.3,5.032,0.47293233082706765,-25.004,15.9,5.016,0.39433962264150946,-23.337,16.5,5.032,0.38121212121212117,-23.3372,-23.337,15.9,5.02,0.39465408805031443,-23.337,16.1,5.024,0.3900621118012423,-24.47,14.0,5.004,0.44678571428571423,-24.4705,-24.47,13.2,5.012,0.4746212121212121,-24.47,10.4,5.028,0.604326923076923,-25.004,12.0,5.028,0.5237499999999999,,13.6,5.024,0.46176470588235297,-23.337,9.5,5.04,0.6631578947368422,-23.337,14.3,5.012,0.43811188811188806,-23.337,15.2,5.036,0.41414473684210523,,16.2,5.008,0.38641975308641974,-24.47,16.0,5.008,0.39125,
05-07-2026-Thu 13-51-02-PM,12.3,5.02,0.5101626016260162,-25.9032,-25.903,12.9,5.024,0.4868217054263566,-25.903,15.0,5.016,0.41800000000000004,-23.87,16.3,5.032,0.38588957055214723,-23.8705,-23.87,16.0,5.016,0.39187500000000003,-23.87,16.0,5.02,0.3921874999999999,-25.037,13.2,5.004,0.4738636363636363,-25.037,-25.037,13.4,5.016,0.467910447761194,-25.037,9.1,5.032,0.6912087912087913,-25.903,11.0,5.032,0.5718181818181819,,12.7,5.024,0.49448818897637803,-23.87,8.7,5.044,0.7247126436781609,-23.87,13.5,5.02,0.4648148148148148,-23.87,14.0,5.032,0.4492857142857143,,14.9,5.008,0.42013422818791946,-25.037,14.9,5.012,0.4204697986577181,
05-07-2026-Thu 13-51-03-PM,11.7,5.024,0.5367521367521368,-25.9364,-25.936,12.5,5.028,0.5027999999999999,-25.936,14.4,5.016,0.43541666666666673,-23.937,15.3,5.032,0.4111111111111111,-23.9371,-23.937,15.1,5.016,0.41523178807947025,-23.937,15.2,5.024,0.4131578947368421,-25.07,12.9,5.004,0.4848837209302325,-25.0703,-25.07,12.8,5.016,0.48984375,-25.07,9.1,5.032,0.6912087912087913,-25.936,11.0,5.028,0.5713636363636363,,12.3,5.024,0.5105691056910568,-23.937,8.5,5.044,0.7417647058823529,-23.937,12.7,5.02,0.4940944881889764,-23.937,14.0,5.036,0.44964285714285707,,14.6,5.008,0.4287671232876712,-25.07,14.7,5.012,0.4261904761904761,
05-07-2026-Thu 13-51-04-PM,11.4,5.024,0.5508771929824561,-25.9364,-25.936,12.0,5.024,0.5233333333333333,-25.936,14.6,5.02,0.42979452054794515,-23.937,15.1,5.032,0.41655629139072853,-23.9371,-23.937,14.7,5.02,0.42687074829931976,-23.937,14.8,5.028,0.4246621621621621,-25.037,12.7,5.008,0.4929133858267717,-25.037,-25.037,12.2,5.016,0.5139344262295082,-25.037,9.0,5.032,0.698888888888889,-25.936,10.8,5.032,0.5824074074074074,,12.1,5.024,0.51900826446281,-23.937,8.5,5.044,0.7417647058823529,-23.937,12.6,5.02,0.49801587301587297,-23.937,13.9,5.04,0.45323741007194246,,14.3,5.012,0.43811188811188806,-25.037,14.2,5.012,0.4411971830985915,
05-07-2026-Thu 13-51-06-PM,11.3,5.024,0.5557522123893806,-25.9698,-25.97,11.9,5.028,0.5281512605042016,-25.97,14.3,5.02,0.4388111888111888,-23.97,14.8,5.032,0.425,-23.9705,-23.97,14.3,5.02,0.4388111888111888,-23.97,14.6,5.024,0.4301369863013699,-25.137,12.3,5.008,0.5089430894308943,-25.137,-25.137,12.1,5.02,0.518595041322314,-25.137,8.9,5.032,0.7067415730337079,-25.97,10.8,5.032,0.5824074074074074,,12.1,5.024,0.51900826446281,-23.97,8.0,5.044,0.7881249999999999,-23.97,12.5,5.02,0.502,-23.97,13.5,5.04,0.4666666666666667,,14.1,5.012,0.4443262411347517,-25.137,14.2,5.012,0.4411971830985915,
05-07-2026-Thu 13-52-31-PM,10.4,5.028,0.604326923076923,-27.7348,-27.735,11.4,5.032,0.5517543859649122,-27.735,13.3,5.02,0.4718045112781954,-25.47,14.3,5.036,0.44020979020979023,-25.4701,-25.47,13.7,5.02,0.458029197080292,-25.47,13.8,5.028,0.4554347826086956,-26.603,11.5,5.012,0.5447826086956521,-26.6026,-26.603,11.4,5.02,0.5504385964912281,-26.603,8.0,5.036,0.7868749999999999,-27.735,10.3,5.032,0.6106796116504855,,11.5,5.028,0.5465217391304348,-25.47,8.2,5.044,0.7689024390243903,-25.47,12.1,5.024,0.51900826446281,-25.47,13.1,5.04,0.4809160305343512,,14.0,5.012,0.44749999999999995,-26.603,13.6,5.016,0.46102941176470597,
05-07-2026-Thu 13-52-33-PM,9.7,5.032,0.6484536082474227,-27.768,-27.768,11.1,5.032,0.5666666666666667,-27.768,12.6,5.028,0.4988095238095238,-25.504,13.2,5.036,0.47689393939393937,-25.5035,-25.504,13.2,5.024,0.47575757575757577,-25.504,13.4,5.032,0.46940298507462686,-26.669,11.0,5.012,0.5695454545454546,-26.6693,-26.669,10.6,5.024,0.5924528301886792,-26.669,7.3,5.036,0.8623287671232877,-27.768,9.2,5.036,0.6842391304347826,,10.6,5.032,0.5933962264150944,-25.504,7.5,5.048,0.8413333333333334,-25.504,11.3,5.024,0.5557522123893806,-25.504,12.1,5.044,0.5210743801652893,,12.7,5.02,0.4940944881889764,-26.669,12.3,5.016,0.5097560975609756,
05-07-2026-Thu 13-52-35-PM,9.6,5.028,0.6546875,-27.8014,-27.801,10.6,5.036,0.5938679245283018,-27.801,12.4,5.024,0.5064516129032258,-25.57,12.6,5.036,0.49960317460317455,-25.57,-25.57,12.7,5.024,0.49448818897637803,-25.57,13.1,5.032,0.48015267175572524,-26.669,10.5,5.016,0.5971428571428571,-26.6693,-26.669,10.3,5.024,0.6097087378640776,-26.669,7.4,5.04,0.8513513513513513,-27.801,9.4,5.036,0.6696808510638297,,10.6,5.032,0.5933962264150944,-25.57,7.2,5.044,0.8756944444444444,-25.57,11.2,5.028,0.5611607142857142,-25.57,11.6,5.044,0.5435344827586207,,12.6,5.02,0.49801587301587297,-26.669,12.2,5.016,0.5139344262295082,
05-07-2026-Thu 13-53-25-PM,9.2,5.036,0.6842391304347826,-28.7666,-28.767,9.9,5.036,0.6358585858585858,-28.767,11.8,5.028,0.5326271186440676,-26.27,12.5,5.04,0.504,-26.2695,-26.27,12.4,5.028,0.5068548387096774,-26.27,12.9,5.032,0.4875968992248062,-27.435,10.2,5.016,0.6147058823529412,-27.4351,-27.435,10.2,5.028,0.6161764705882353,-27.435,6.6,5.04,0.9545454545454546,-28.767,8.3,5.04,0.7590361445783133,,9.7,5.036,0.6489690721649486,-26.27,7.0,5.052,0.9021428571428571,-26.27,10.2,5.028,0.6161764705882353,-26.27,11.1,5.044,0.568018018018018,,11.9,5.02,0.5273109243697478,-27.435,11.3,5.024,0.5557522123893806,
05-07-2026-Thu 13-53-27-PM,8.9,5.036,0.7073033707865168,-28.7666,-28.767,9.9,5.036,0.6358585858585858,-28.767,11.6,5.028,0.5418103448275862,-26.303,12.0,5.04,0.525,-26.3029,-26.303,11.6,5.028,0.5418103448275862,-26.303,12.0,5.036,0.5245833333333333,-27.435,9.7,5.016,0.6463917525773196,-27.4351,-27.435,9.6,5.032,0.6552083333333334,-27.435,6.6,5.04,0.9545454545454546,-28.767,8.5,5.04,0.7411764705882352,,9.7,5.036,0.6489690721649486,-26.303,7.0,5.052,0.9021428571428571,-26.303,10.1,5.028,0.6222772277227723,-26.303,11.0,5.044,0.5731818181818182,,11.3,5.02,0.5553097345132743,-27.435,10.9,5.024,0.5761467889908257,
05-07-2026-Thu 13-53-28-PM,8.3,5.036,0.7584337349397591,-28.7999,-28.8,9.7,5.036,0.6489690721649486,-28.8,11.5,5.028,0.5465217391304348,-26.303,11.5,5.04,0.5478260869565217,-26.3029,-26.303,11.7,5.032,0.5376068376068377,-26.303,11.8,5.032,0.5330508474576271,-27.435,9.8,5.02,0.6403061224489794,-27.4351,-27.435,9.3,5.032,0.6763440860215053,-27.435,6.3,5.044,1.0007936507936508,-28.8,8.4,5.04,0.7499999999999999,,9.7,5.036,0.6489690721649486,-26.303,6.9,5.052,0.9152173913043476,-26.303,10.3,5.032,0.6106796116504855,-26.303,11.1,5.044,0.568018018018018,,11.2,5.024,0.5607142857142857,-27.435,11.0,5.024,0.5709090909090909,
05-07-2026-Thu 13-53-30-PM,8.7,5.032,0.7229885057471265,-28.8332,-28.833,9.5,5.044,0.6636842105263158,-28.833,11.5,5.032,0.5469565217391305,-26.336,11.4,5.04,0.5526315789473685,-26.3362,-26.336,11.8,5.028,0.5326271186440676,-26.336,11.9,5.036,0.5289915966386554,-27.468,9.4,5.02,0.6675531914893617,-27.4684,-27.468,8.9,5.032,0.7067415730337079,-27.468,6.7,5.04,0.9402985074626865,-28.833,8.6,5.04,0.7325581395348837,,9.9,5.036,0.6358585858585858,-26.336,6.7,5.052,0.9425373134328358,-26.336,10.1,5.032,0.6227722772277228,-26.336,11.0,5.044,0.5731818181818182,,11.5,5.024,0.5460869565217391,-27.468,10.7,5.024,0.5869158878504673,
05-07-2026-Thu 13-53-31-PM,8.5,5.036,0.7405882352941175,-28.8332,-28.833,9.5,5.036,0.6626315789473683,-28.833,11.4,5.028,0.5513157894736842,-26.336,11.5,5.04,0.5478260869565217,-26.3362,-26.336,11.4,5.032,0.5517543859649122,-26.336,11.7,5.036,0.5380341880341881,-27.468,9.0,5.02,0.6972222222222223,-27.4684,-27.468,9.0,5.032,0.698888888888889,-27.468,6.5,5.04,0.9692307692307693,-28.833,8.2,5.04,0.7682926829268294,,9.4,5.036,0.6696808510638297,-26.336,6.9,5.052,0.9152173913043476,-26.336,10.2,5.028,0.6161764705882353,-26.336,10.8,5.044,0.5837962962962963,,11.3,5.02,0.5553097345132743,-27.468,10.9,5.024,0.5761467889908257,
05-07-2026-Thu 13-53-33-PM,8.6,5.036,0.7319767441860465,-28.8665,-28.866,9.3,5.04,0.6774193548387096,-28.866,11.3,5.032,0.5566371681415929,-26.336,11.5,5.04,0.5478260869565217,-26.3362,-26.336,11.2,5.032,0.5616071428571429,-26.336,11.8,5.036,0.5334745762711863,-27.535,9.1,5.02,0.6895604395604394,-27.535,-27.535,8.7,5.028,0.7224137931034482,-27.535,6.7,5.044,0.9410447761194028,-28.866,8.3,5.04,0.7590361445783133,,9.5,5.036,0.6626315789473683,-26.336,6.7,5.048,0.9417910447761194,-26.336,9.9,5.032,0.6353535353535353,-26.336,10.8,5.044,0.5837962962962963,,11.4,5.024,0.5508771929824561,-27.535,10.6,5.02,0.5919811320754716,
05-07-2026-Thu 13-53-34-PM,8.6,5.032,0.7313953488372092,-28.8998,-28.9,9.5,5.04,0.6631578947368422,-28.9,11.2,5.028,0.5611607142857142,-26.37,11.6,5.04,0.5431034482758621,-26.3695,-26.37,11.1,5.036,0.5671171171171171,-26.37,11.6,5.036,0.5426724137931034,-27.502,9.1,5.016,0.6890109890109889,-27.5018,-27.502,8.8,5.032,0.7147727272727272,-27.502,6.5,5.044,0.97,-28.9,8.4,5.036,0.7494047619047618,,9.5,5.036,0.6626315789473683,-26.37,6.9,5.052,0.9152173913043476,-26.37,10.1,5.032,0.6227722772277228,-26.37,10.9,5.048,0.5788990825688074,,11.1,5.024,0.5657657657657658,-27.502,10.6,5.024,0.5924528301886792,
05-07-2026-Thu 13-53-36-PM,8.2,5.036,0.7676829268292683,-28.933,-28.933,9.3,5.04,0.6774193548387096,-28.933,11.3,5.028,0.5561946902654866,-26.37,10.9,5.04,0.5779816513761469,-26.3695,-26.37,11.2,5.028,0.5611607142857142,-26.37,11.6,5.032,0.5422413793103449,-27.502,9.0,5.02,0.6972222222222223,-27.5018,-27.502,8.9,5.036,0.7073033707865168,-27.502,6.6,5.044,0.9553030303030302,-28.933,8.0,5.04,0.7875,,9.3,5.036,0.6768817204301074,-26.37,6.7,5.052,0.9425373134328358,-26.37,9.9,5.032,0.6353535353535353,-26.37,10.9,5.048,0.5788990825688074,,11.1,5.024,0.5657657657657658,-27.502,10.4,5.024,0.6038461538461539,
05-07-2026-Thu 13-53-37-PM,8.2,5.04,0.7682926829268294,-28.9663,-28.966,9.5,5.036,0.6626315789473683,-28.966,11.0,5.028,0.5713636363636363,-26.436,11.1,5.04,0.5675675675675675,-26.4361,-26.436,11.1,5.032,0.5666666666666667,-26.436,11.5,5.036,0.547391304347826,-27.535,8.8,5.024,0.7136363636363636,-27.535,-27.535,8.8,5.032,0.7147727272727272,-27.535,6.4,5.044,0.9851562499999998,-28.966,8.2,5.04,0.7682926829268294,,9.2,5.036,0.6842391304347826,-26.436,6.6,5.048,0.956060606060606,-26.436,9.9,5.032,0.6353535353535353,-26.436,10.9,5.048,0.5788990825688074,,11.1,5.024,0.5657657657657658,-27.535,10.5,5.028,0.5985714285714285,
05-07-2026-Thu 13-53-39-PM,8.3,5.04,0.7590361445783133,-28.9663,-28.966,9.2,5.04,0.6847826086956522,-28.966,10.9,5.032,0.5770642201834862,-26.436,11.1,5.044,0.568018018018018,-26.4361,-26.436,10.9,5.032,0.5770642201834862,-26.436,11.5,5.036,0.547391304347826,-27.602,8.6,5.02,0.7296511627906976,-27.6015,-27.602,8.7,5.032,0.7229885057471265,-27.602,6.5,5.044,0.97,-28.966,8.3,5.04,0.7590361445783133,,9.3,5.04,0.6774193548387096,-26.436,6.8,5.052,0.9286764705882352,-26.436,10.0,5.032,0.629,-26.436,10.8,5.048,0.5842592592592593,,11.0,5.024,0.5709090909090909,-27.602,10.4,5.028,0.604326923076923,
05-07-2026-Thu 13-53-40-PM,8.3,5.036,0.7584337349397591,-29.0329,-29.033,9.2,5.04,0.6847826086956522,-29.033,10.6,5.032,0.5933962264150944,-26.47,10.8,5.044,0.5837962962962963,-26.4695,-26.47,10.9,5.032,0.5770642201834862,-26.47,11.6,5.036,0.5426724137931034,-27.635,8.7,5.02,0.721264367816092,-27.6349,-27.635,8.5,5.032,0.74,-27.635,6.4,5.044,0.9851562499999998,-29.033,8.5,5.044,0.7417647058823529,,9.5,5.036,0.6626315789473683,-26.47,6.5,5.052,0.9715384615384615,-26.47,9.9,5.032,0.6353535353535353,-26.47,10.6,5.048,0.5952830188679246,,11.1,5.028,0.5662162162162162,-27.635,10.4,5.024,0.6038461538461539,
05-07-2026-Thu 13-53-41-PM,7.9,5.04,0.7974683544303797,-29.0662,-29.066,9.0,5.04,0.7000000000000001,-29.066,11.0,5.032,0.5718181818181819,-26.47,10.8,5.044,0.5837962962962963,-26.4695,-26.47,11.0,5.032,0.5718181818181819,-26.47,11.4,5.036,0.5521929824561402,-27.635,8.6,5.024,0.7302325581395348,-27.6349,-27.635,8.4,5.032,0.7488095238095237,-27.635,6.6,5.044,0.9553030303030302,-29.066,8.4,5.04,0.7499999999999999,,9.2,5.036,0.6842391304347826,-26.47,6.6,5.052,0.9568181818181818,-26.47,10.0,5.032,0.629,-26.47,10.5,5.048,0.600952380952381,,11.0,5.024,0.5709090909090909,-27.635,10.3,5.024,0.6097087378640776,
05-07-2026-Thu 13-53-43-PM,8.1,5.036,0.7771604938271606,-29.0994,-29.099,9.0,5.04,0.7000000000000001,-29.099,10.4,5.032,0.6048076923076924,-26.503,10.8,5.04,0.5833333333333333,-26.5028,-26.503,10.7,5.032,0.5878504672897197,-26.503,11.5,5.036,0.547391304347826,-27.602,8.4,5.024,0.7476190476190475,-27.6015,-27.602,8.7,5.032,0.7229885057471265,-27.602,6.5,5.044,0.97,-29.099,8.1,5.04,0.7777777777777779,,9.1,5.04,0.6923076923076923,-26.503,6.8,5.052,0.9286764705882352,-26.503,9.6,5.032,0.6552083333333334,-26.503,10.6,5.044,0.5948113207547169,,11.2,5.024,0.5607142857142857,-27.602,10.2,5.024,0.6156862745098041,
05-07-2026-Thu 13-53-44-PM,8.2,5.036,0.7676829268292683,-29.0994,-29.099,9.0,5.04,0.7000000000000001,-29.099,10.7,5.028,0.5873831775700934,-26.503,10.5,5.044,0.6004761904761904,-26.5028,-26.503,11.0,5.032,0.5718181818181819,-26.503,11.3,5.036,0.557079646017699,-27.635,8.5,5.024,0.7388235294117647,-27.6349,-27.635,8.4,5.032,0.7488095238095237,-27.635,6.6,5.04,0.9545454545454546,-29.099,8.1,5.04,0.7777777777777779,,9.3,5.036,0.6768817204301074,-26.503,6.7,5.052,0.9425373134328358,-26.503,9.6,5.032,0.6552083333333334,-26.503,10.6,5.044,0.5948113207547169,,11.1,5.024,0.5657657657657658,-27.635,10.2,5.024,0.6156862745098041,
05-07-2026-Thu 13-53-45-PM,7.9,5.036,0.7968354430379745,-29.0994,-29.099,9.0,5.04,0.7000000000000001,-29.099,10.5,5.032,0.5990476190476189,-26.536,10.5,5.04,0.6,-26.5361,-26.536,11.1,5.032,0.5666666666666667,-26.536,11.2,5.032,0.5616071428571429,-27.635,8.4,5.024,0.7476190476190475,-27.6349,-27.635,8.2,5.032,0.7670731707317074,-27.635,6.4,5.044,0.9851562499999998,-29.099,8.1,5.044,0.7783950617283951,,9.2,5.032,0.6836956521739131,-26.536,6.6,5.052,0.9568181818181818,-26.536,9.6,5.032,0.6552083333333334,-26.536,10.4,5.048,0.6067307692307693,,10.9,5.028,0.5766055045871559,-27.635,10.0,5.028,0.6285,
05-07-2026-Thu 13-53-47-PM,7.8,5.036,0.8070512820512821,-29.1327,-29.133,9.0,5.04,0.7000000000000001,-29.133,10.3,5.032,0.6106796116504855,-26.536,10.5,5.044,0.6004761904761904,-26.5361,-26.536,10.8,5.032,0.5824074074074074,-26.536,11.6,5.036,0.5426724137931034,-27.702,8.2,5.024,0.7658536585365855,-27.7015,-27.702,8.5,5.032,0.74,-27.702,6.4,5.044,0.9851562499999998,-29.133,8.1,5.04,0.7777777777777779,,9.2,5.036,0.6842391304347826,-26.536,6.8,5.052,0.9286764705882352,-26.536,9.6,5.032,0.6552083333333334,-26.536,10.9,5.048,0.5788990825688074,,11.0,5.024,0.5709090909090909,-27.702,9.9,5.028,0.6348484848484848,
05-07-2026-Thu 13-53-48-PM,8.1,5.036,0.7771604938271606,-29.166,-29.166,8.9,5.04,0.7078651685393258,-29.166,10.2,5.032,0.6166666666666667,-26.569,10.4,5.04,0.6057692307692308,-26.5693,-26.569,10.8,5.032,0.5824074074074074,-26.569,11.0,5.04,0.5727272727272728,-27.702,8.0,5.02,0.7843749999999998,-27.7015,-27.702,8.4,5.032,0.7488095238095237,-27.702,6.1,5.044,1.0336065573770492,-29.166,8.2,5.04,0.7682926829268294,,9.3,5.036,0.6768817204301074,-26.569,6.7,5.052,0.9425373134328358,-26.569,9.6,5.032,0.6552083333333334,-26.569,10.3,5.048,0.612621359223301,,11.0,5.024,0.5709090909090909,-27.702,9.7,5.024,0.6474226804123713,
05-07-2026-Thu 13-53-49-PM,7.7,5.036,0.8175324675324674,-29.166,-29.166,8.9,5.036,0.7073033707865168,-29.166,10.3,5.032,0.6106796116504855,-26.569,10.3,5.04,0.6116504854368933,-26.5693,-26.569,10.9,5.032,0.5770642201834862,-26.569,11.2,5.036,0.5620535714285714,-27.702,7.9,5.02,0.7943037974683543,-27.7015,-27.702,8.3,5.036,0.7584337349397591,-27.702,6.1,5.04,1.0327868852459017,-29.166,8.1,5.04,0.7777777777777779,,9.3,5.036,0.6768817204301074,-26.569,6.6,5.048,0.956060606060606,-26.569,9.6,5.032,0.6552083333333334,-26.569,10.4,5.044,0.6062500000000001,,11.1,5.024,0.5657657657657658,-27.702,9.7,5.024,0.6474226804123713,
05-07-2026-Thu 13-53-51-PM,7.6,5.036,0.8282894736842105,-29.1993,-29.199,8.9,5.04,0.7078651685393258,-29.199,10.3,5.028,0.6101941747572814,-26.603,10.3,5.04,0.6116504854368933,-26.6026,-26.603,10.5,5.032,0.5990476190476189,-26.603,11.0,5.036,0.5722727272727273,-27.768,7.9,5.02,0.7943037974683543,-27.768,-27.768,8.1,5.032,0.7765432098765433,-27.768,6.1,5.044,1.0336065573770492,-29.199,8.0,5.044,0.7881249999999999,,9.2,5.036,0.6842391304347826,-26.603,6.6,5.052,0.9568181818181818,-26.603,9.3,5.032,0.6763440860215053,-26.603,10.5,5.048,0.600952380952381,,10.6,5.024,0.5924528301886792,-27.768,9.5,5.024,0.6610526315789474,
05-07-2026-Thu 13-53-52-PM,7.6,5.04,0.8289473684210527,-29.2326,-29.233,8.6,5.04,0.7325581395348837,-29.233,9.9,5.032,0.6353535353535353,-26.636,10.4,5.04,0.6057692307692308,-26.6359,-26.636,10.9,5.032,0.5770642201834862,-26.636,11.2,5.036,0.5620535714285714,-27.702,7.6,5.024,0.8263157894736842,-27.7015,-27.702,8.2,5.036,0.7676829268292683,-27.702,6.4,5.04,0.984375,-29.233,7.8,5.04,0.8076923076923077,,9.0,5.036,0.6994444444444444,-26.636,6.7,5.052,0.9425373134328358,-26.636,9.7,5.032,0.6484536082474227,-26.636,10.6,5.048,0.5952830188679246,,10.7,5.024,0.5869158878504673,-27.702,9.7,5.028,0.6479381443298969,
05-07-2026-Thu 13-53-54-PM,7.8,5.036,0.8070512820512821,-29.2657,-29.266,8.9,5.04,0.7078651685393258,-29.266,9.8,5.032,0.6418367346938775,-26.636,10.2,5.04,0.6176470588235295,-26.6359,-26.636,10.4,5.032,0.6048076923076924,-26.636,11.1,5.036,0.5671171171171171,-27.735,7.4,5.02,0.8479729729729729,-27.7348,-27.735,8.1,5.032,0.7765432098765433,-27.735,6.2,5.04,1.0161290322580647,-29.266,8.1,5.04,0.7777777777777779,,9.3,5.036,0.6768817204301074,-26.636,6.6,5.048,0.956060606060606,-26.636,9.3,5.032,0.6763440860215053,-26.636,10.4,5.048,0.6067307692307693,,10.8,5.024,0.5814814814814815,-27.735,9.8,5.024,0.6408163265306123,
05-07-2026-Thu 13-53-55-PM,7.6,5.036,0.8282894736842105,-29.2657,-29.266,8.8,5.04,0.7159090909090909,-29.266,9.7,5.032,0.6484536082474227,-26.636,10.3,5.04,0.6116504854368933,-26.6359,-26.636,10.6,5.032,0.5933962264150944,-26.636,11.2,5.036,0.5620535714285714,-27.801,7.3,5.02,0.8595890410958903,-27.8014,-27.801,8.0,5.032,0.78625,-27.801,6.4,5.044,0.9851562499999998,-29.266,7.9,5.04,0.7974683544303797,,8.8,5.036,0.715340909090909,-26.636,6.4,5.052,0.9867187499999999,-26.636,9.8,5.032,0.6418367346938775,-26.636,10.4,5.048,0.6067307692307693,,10.9,5.024,0.5761467889908257,-27.801,9.5,5.032,0.6621052631578949,
05-07-2026-Thu 13-53-56-PM,7.6,5.036,0.8282894736842105,-29.3324,-29.332,8.8,5.036,0.715340909090909,-29.332,10.0,5.028,0.6285,-26.636,9.9,5.044,0.6368686868686868,-26.6359,-26.636,10.4,5.032,0.6048076923076924,-26.636,11.1,5.036,0.5671171171171171,-27.768,7.5,5.024,0.8373333333333334,-27.768,-27.768,8.1,5.032,0.7765432098765433,-27.768,6.5,5.048,0.9707692307692308,-29.332,8.2,5.04,0.7682926829268294,,8.8,5.036,0.715340909090909,-26.636,6.4,5.052,0.9867187499999999,-26.636,9.3,5.032,0.6763440860215053,-26.636,10.4,5.048,0.6067307692307693,,10.9,5.024,0.5761467889908257,-27.768,9.3,5.028,0.6758064516129031,
05-07-2026-Thu 13-53-58-PM,7.6,5.036,0.8282894736842105,-29.3324,-29.332,8.6,5.04,0.7325581395348837,-29.332,9.7,5.032,0.6484536082474227,-26.703,10.3,5.044,0.6121359223300971,-26.7026,-26.703,10.5,5.036,0.5995238095238095,-26.703,11.1,5.036,0.5671171171171171,-27.835,7.4,5.024,0.8486486486486485,-27.8347,-27.835,8.0,5.032,0.78625,-27.835,6.1,5.044,1.0336065573770492,-29.332,7.9,5.044,0.7981012658227847,,9.3,5.036,0.6768817204301074,-26.703,6.7,5.052,0.9425373134328358,-26.703,9.4,5.032,0.6691489361702128,-26.703,10.3,5.044,0.6121359223300971,,10.6,5.024,0.5924528301886792,-27.835,9.6,5.024,0.6541666666666667,
05-07-2026-Thu 13-53-59-PM,7.5,5.04,0.84,-29.3656,-29.366,8.8,5.044,0.7164772727272727,-29.366,9.7,5.036,0.6489690721649486,-26.703,9.9,5.04,0.6363636363636364,-26.7026,-26.703,10.5,5.036,0.5995238095238095,-26.703,11.0,5.036,0.5722727272727273,-27.835,7.3,5.024,0.8602739726027397,-27.8347,-27.835,7.7,5.036,0.8175324675324674,-27.835,6.0,5.044,1.0508333333333333,-29.366,7.9,5.04,0.7974683544303797,,8.8,5.036,0.715340909090909,-26.703,6.6,5.052,0.9568181818181818,-26.703,9.5,5.032,0.6621052631578949,-26.703,10.1,5.044,0.6242574257425743,,10.6,5.024,0.5924528301886792,-27.835,9.3,5.028,0.6758064516129031,
05-07-2026-Thu 13-54-47-PM,7.8,5.036,0.8070512820512821,-30.2307,-30.231,8.7,5.04,0.7241379310344829,-30.231,9.4,5.036,0.6696808510638297,-27.302,10.0,5.04,0.63,-27.3019,-27.302,10.4,5.032,0.6048076923076924,-27.302,10.7,5.04,0.588785046728972,-28.4,7.6,5.02,0.825657894736842,-28.4005,-28.4,8.1,5.032,0.7765432098765433,-28.4,5.8,5.048,1.0879310344827589,-30.231,7.6,5.04,0.8289473684210527,,8.6,5.036,0.7319767441860465,-27.302,6.4,5.052,0.9867187499999999,-27.302,9.2,5.036,0.6842391304347826,-27.302,9.6,5.052,0.6578125,,10.2,5.024,0.6156862745098041,-28.4,9.1,5.024,0.6901098901098901,
05-07-2026-Thu 13-54-48-PM,7.3,5.036,0.8623287671232877,-30.2307,-30.231,8.7,5.044,0.7247126436781609,-30.231,9.5,5.032,0.6621052631578949,-27.302,9.4,5.044,0.6707446808510638,-27.3019,-27.302,10.2,5.032,0.6166666666666667,-27.302,10.7,5.036,0.5883177570093457,-28.467,7.1,5.024,0.8845070422535212,-28.4671,-28.467,7.7,5.036,0.8175324675324674,-28.467,5.8,5.044,1.0870689655172414,-30.231,7.4,5.04,0.8513513513513513,,8.3,5.036,0.7584337349397591,-27.302,6.4,5.052,0.9867187499999999,-27.302,9.1,5.032,0.6912087912087913,-27.302,9.7,5.048,0.6505154639175258,,10.0,5.028,0.6285,-28.467,8.8,5.024,0.7136363636363636,
05-07-2026-Thu 13-54-50-PM,7.3,5.036,0.8623287671232877,-30.2638,-30.264,8.2,5.04,0.7682926829268294,-30.264,9.0,5.032,0.698888888888889,-27.302,9.2,5.044,0.6853260869565218,-27.3019,-27.302,10.1,5.032,0.6227722772277228,-27.302,10.3,5.036,0.6111650485436892,-28.4,6.9,5.024,0.9101449275362318,-28.4005,-28.4,7.4,5.036,0.8506756756756755,-28.4,5.8,5.044,1.0870689655172414,-30.264,7.3,5.04,0.8630136986301371,,8.3,5.036,0.7584337349397591,-27.302,6.5,5.052,0.9715384615384615,-27.302,8.8,5.032,0.7147727272727272,-27.302,9.6,5.048,0.6572916666666667,,10.1,5.024,0.6217821782178219,-28.4,8.7,5.028,0.7224137931034482,
05-07-2026-Thu 13-54-51-PM,7.1,5.04,0.8873239436619719,-30.2972,-30.297,8.2,5.04,0.7682926829268294,-30.297,8.9,5.032,0.7067415730337079,-27.335,9.2,5.044,0.6853260869565218,-27.3352,-27.335,9.5,5.036,0.6626315789473683,-27.335,10.0,5.04,0.63,-28.5,6.6,5.024,0.9515151515151515,-28.5004,-28.5,7.5,5.04,0.84,-28.5,5.5,5.044,1.1463636363636365,-30.297,7.4,5.044,0.8520270270270269,,8.3,5.04,0.7590361445783133,-27.335,6.3,5.052,1.0023809523809524,-27.335,8.9,5.032,0.7067415730337079,-27.335,9.5,5.048,0.6642105263157895,,9.9,5.028,0.6348484848484848,-28.5,8.7,5.032,0.7229885057471265,
05-07-2026-Thu 13-54-52-PM,7.0,5.04,0.9,-30.3304,-30.33,8.1,5.044,0.7783950617283951,-30.33,8.8,5.032,0.7147727272727272,-27.335,9.1,5.04,0.6923076923076923,-27.3352,-27.335,9.7,5.036,0.6489690721649486,-27.335,10.1,5.036,0.6232673267326733,-28.467,6.9,5.024,0.9101449275362318,-28.4671,-28.467,7.3,5.036,0.8623287671232877,-28.467,5.5,5.048,1.1472727272727274,-30.33,7.6,5.04,0.8289473684210527,,8.2,5.04,0.7682926829268294,-27.335,6.6,5.052,0.9568181818181818,-27.335,8.7,5.032,0.7229885057471265,-27.335,9.2,5.048,0.6858695652173913,,9.8,5.028,0.6413265306122448,-28.467,8.6,5.028,0.7308139534883721,
05-07-2026-Thu 13-55-40-PM,7.3,5.036,0.8623287671232877,-31.162,-31.162,8.1,5.044,0.7783950617283951,-31.162,8.6,5.032,0.7313953488372092,-27.901,9.1,5.044,0.6928571428571428,-27.9013,-27.901,9.7,5.032,0.6484536082474227,-27.901,9.7,5.036,0.6489690721649486,-29.033,6.7,5.024,0.9373134328358209,-29.0329,-29.033,7.6,5.032,0.8276315789473685,-29.033,5.6,5.04,1.125,-31.162,7.2,5.04,0.875,,8.0,5.036,0.7868749999999999,-27.901,6.4,5.052,0.9867187499999999,-27.901,8.9,5.032,0.7067415730337079,-27.901,9.2,5.048,0.6858695652173913,,9.8,5.028,0.6413265306122448,-29.033,8.6,5.028,0.7308139534883721,
05-07-2026-Thu 13-55-43-PM,6.7,5.036,0.93955223880597,-31.2285,-31.228,7.6,5.04,0.8289473684210527,-31.228,8.4,5.032,0.7488095238095237,-27.934,8.4,5.044,0.750595238095238,-27.9344,-27.934,9.2,5.036,0.6842391304347826,-27.934,9.3,5.04,0.6774193548387096,-29.066,6.1,5.024,1.0295081967213116,-29.0662,-29.066,7.0,5.036,0.8992857142857141,-29.066,5.2,5.044,1.2125000000000001,-31.228,6.7,5.044,0.9410447761194028,,7.5,5.036,0.8393333333333333,-27.934,6.0,5.052,1.0524999999999998,-27.934,8.3,5.032,0.7578313253012049,-27.934,8.9,5.048,0.7089887640449439,,9.2,5.028,0.6831521739130435,-29.066,8.0,5.028,0.7856249999999999,
05-07-2026-Thu 13-55-44-PM,6.4,5.036,0.9835937499999999,-31.2617,-31.262,7.6,5.044,0.8296052631578946,-31.262,8.1,5.032,0.7765432098765433,-27.968,8.6,5.044,0.733139534883721,-27.9678,-27.968,9.2,5.036,0.6842391304347826,-27.968,9.5,5.04,0.6631578947368422,-29.033,6.1,5.024,1.0295081967213116,-29.0329,-29.033,6.8,5.04,0.9264705882352943,-29.033,5.3,5.044,1.1896226415094338,-31.262,6.8,5.04,0.9264705882352943,,7.6,5.036,0.8282894736842105,-27.968,6.1,5.052,1.0352459016393443,-27.968,8.1,5.032,0.7765432098765433,-27.968,8.8,5.048,0.7170454545454545,,9.0,5.028,0.6983333333333333,-29.033,7.7,5.028,0.8162337662337662,
05-07-2026-Thu 13-58-01-PM,6.5,5.036,0.9684615384615384,-33.5886,-33.589,7.3,5.04,0.8630136986301371,-33.589,7.6,5.036,0.8282894736842105,-29.532,8.2,5.044,0.7689024390243903,-29.532,-29.532,8.6,5.036,0.7319767441860465,-29.532,8.9,5.04,0.7078651685393258,-30.696,6.1,5.024,1.0295081967213116,-30.6963,-30.696,6.8,5.036,0.9257352941176471,-30.696,4.9,5.048,1.2877551020408162,-33.589,6.4,5.044,0.9851562499999998,,7.1,5.04,0.8873239436619719,-29.532,6.0,5.052,1.0524999999999998,-29.532,8.0,5.036,0.7868749999999999,-29.532,8.4,5.052,0.7517857142857142,,8.6,5.028,0.7308139534883721,-30.696,7.7,5.032,0.8168831168831169,
05-07-2026-Thu 13-58-03-PM,5.9,5.04,1.0677966101694913,-33.5886,-33.589,6.7,5.048,0.9417910447761194,-33.589,7.3,5.036,0.8623287671232877,-29.565,7.9,5.044,0.7981012658227847,-29.5653,-29.565,8.1,5.04,0.7777777777777779,-29.565,8.1,5.04,0.7777777777777779,-30.663,5.5,5.028,1.1427272727272726,-30.663,-30.663,6.4,5.036,0.9835937499999999,-30.663,4.8,5.044,1.3135416666666666,-33.589,5.9,5.044,1.06864406779661,,6.7,5.036,0.93955223880597,-29.565,5.8,5.056,1.0896551724137933,-29.565,7.6,5.036,0.8282894736842105,-29.565,7.8,5.052,0.8096153846153845,,8.0,5.032,0.78625,-30.663,7.3,5.032,0.8616438356164383,
05-07-2026-Thu 13-58-04-PM,6.1,5.04,1.0327868852459017,-33.6218,-33.622,6.4,5.044,0.9851562499999998,-33.622,7.0,5.04,0.9,-29.565,7.4,5.048,0.8527027027027028,-29.5653,-29.565,7.8,5.04,0.8076923076923077,-29.565,8.4,5.036,0.7494047619047618,-30.696,5.3,5.028,1.1858490566037734,-30.6963,-30.696,6.2,5.04,1.0161290322580647,-30.696,4.7,5.048,1.3425531914893616,-33.622,5.8,5.048,1.0879310344827589,,6.7,5.04,0.9402985074626865,-29.565,5.5,5.056,1.1490909090909092,-29.565,7.2,5.036,0.8743055555555556,-29.565,7.6,5.052,0.8309210526315789,,7.9,5.028,0.7955696202531644,-30.696,6.9,5.032,0.9115942028985506,
05-07-2026-Thu 13-58-05-PM,5.5,5.04,1.1454545454545455,-33.6218,-33.622,6.2,5.044,1.0169354838709677,-33.622,6.9,5.036,0.91231884057971,-29.565,7.3,5.048,0.8643835616438357,-29.5653,-29.565,7.7,5.04,0.8181818181818181,-29.565,8.0,5.04,0.7875,-30.73,5.0,5.028,1.257,-30.7296,-30.73,5.9,5.04,1.0677966101694913,-30.73,4.2,5.048,1.5023809523809522,-33.622,5.8,5.044,1.0870689655172414,,6.4,5.04,0.984375,-29.565,5.4,5.056,1.1703703703703705,-29.565,7.1,5.036,0.8866197183098592,-29.565,7.5,5.052,0.8420000000000001,,7.8,5.032,0.8064102564102565,-30.73,6.8,5.032,0.925,
05-07-2026-Thu 13-58-07-PM,5.6,5.04,1.125,-33.6551,-33.655,6.1,5.048,1.0344262295081967,-33.655,7.1,5.036,0.8866197183098592,-29.598,7.4,5.044,0.8520270270270269,-29.5985,-29.598,7.7,5.04,0.8181818181818181,-29.598,7.9,5.044,0.7981012658227847,-30.73,5.3,5.028,1.1858490566037734,-30.7296,-30.73,5.8,5.036,1.0853448275862068,-30.73,4.4,5.048,1.434090909090909,-33.655,5.8,5.048,1.0879310344827589,,6.3,5.044,1.0007936507936508,-29.598,5.4,5.056,1.1703703703703705,-29.598,7.3,5.04,0.8630136986301371,-29.598,7.3,5.056,0.8657534246575342,,7.6,5.032,0.8276315789473685,-30.73,6.7,5.032,0.9388059701492537,
05-07-2026-Thu 13-58-43-PM,5.5,5.04,1.1454545454545455,-34.253,-34.253,6.2,5.044,1.0169354838709677,-34.253,6.9,5.036,0.91231884057971,-30.031,7.2,5.044,0.8756944444444444,-30.0311,-30.031,7.8,5.04,0.8076923076923077,-30.031,8.0,5.04,0.7875,-31.262,5.2,5.028,1.208653846153846,-31.2617,-31.262,5.8,5.04,1.0862068965517242,-31.262,4.5,5.048,1.4022222222222223,-34.253,5.6,5.048,1.1267857142857143,,6.1,5.044,1.0336065573770492,-30.031,5.1,5.056,1.23921568627451,-30.031,7.0,5.04,0.9,-30.031,7.2,5.052,0.8770833333333333,,7.4,5.032,0.85,-31.262,6.2,5.032,1.0145161290322582,
05-07-2026-Thu 13-58-45-PM,5.7,5.044,1.106140350877193,-34.2863,-34.286,6.5,5.044,0.97,-34.286,6.7,5.04,0.9402985074626865,-30.031,6.9,5.044,0.9137681159420288,-30.0311,-30.031,7.1,5.044,0.8880281690140845,-30.031,7.6,5.04,0.8289473684210527,-31.228,5.0,5.028,1.257,-31.2285,-31.228,5.5,5.04,1.1454545454545455,-31.228,4.5,5.048,1.4022222222222223,-34.286,5.6,5.048,1.1267857142857143,,5.9,5.044,1.06864406779661,-30.031,5.2,5.056,1.2153846153846155,-30.031,6.7,5.04,0.9402985074626865,-30.031,7.1,5.052,0.8894366197183099,,7.3,5.032,0.8616438356164383,-31.228,5.9,5.036,1.0669491525423727,
05-07-2026-Thu 13-58-46-PM,5.2,5.044,1.2125000000000001,-34.2863,-34.286,6.1,5.044,1.0336065573770492,-34.286,7.0,5.04,0.9,-30.031,6.9,5.048,0.9144927536231883,-30.0311,-30.031,7.2,5.044,0.8756944444444444,-30.031,7.5,5.044,0.8406666666666667,-31.295,4.9,5.032,1.283673469387755,-31.295,-31.295,5.4,5.044,1.1675925925925925,-31.295,4.3,5.048,1.4674418604651163,-34.286,5.2,5.048,1.2134615384615386,,6.1,5.044,1.0336065573770492,-30.031,5.0,5.06,1.265,-30.031,6.6,5.04,0.9545454545454546,-30.031,6.8,5.052,0.9286764705882352,,7.3,5.032,0.8616438356164383,-31.295,6.2,5.036,1.0153225806451613,
05-07-2026-Thu 13-58-48-PM,5.2,5.04,1.2115384615384617,-34.3196,-34.32,6.1,5.048,1.0344262295081967,-34.32,6.2,5.04,1.0161290322580647,-30.064,6.7,5.048,0.9417910447761194,-30.0643,-30.064,7.1,5.04,0.8873239436619719,-30.064,7.6,5.044,0.8296052631578946,-31.262,5.0,5.028,1.257,-31.2617,-31.262,5.5,5.044,1.1463636363636365,-31.262,4.2,5.048,1.5023809523809522,-34.32,5.7,5.044,1.106140350877193,,6.0,5.044,1.0508333333333333,-30.064,5.0,5.056,1.264,-30.064,6.5,5.04,0.9692307692307693,-30.064,6.9,5.052,0.9152173913043476,,7.1,5.032,0.8859154929577465,-31.262,6.0,5.036,1.0491666666666666,
05-07-2026-Thu 13-58-49-PM,5.3,5.044,1.1896226415094338,-34.3527,-34.353,5.8,5.048,1.0879310344827589,-34.353,6.4,5.04,0.984375,-30.098,6.6,5.048,0.956060606060606,-30.0975,-30.098,6.8,5.04,0.9264705882352943,-30.098,7.3,5.044,0.8636986301369862,-31.228,4.3,5.032,1.4627906976744185,-31.2285,-31.228,5.4,5.044,1.1675925925925925,-31.228,4.0,5.048,1.5775000000000001,-34.353,5.3,5.048,1.1905660377358491,,5.9,5.04,1.0677966101694913,-30.098,4.9,5.056,1.2897959183673466,-30.098,6.4,5.04,0.984375,-30.098,6.9,5.052,0.9152173913043476,,6.9,5.036,0.91231884057971,-31.228,6.0,5.036,1.0491666666666666,
05-07-2026-Thu 13-58-52-PM,5.1,5.044,1.2362745098039216,-34.3527,-34.353,5.9,5.048,1.0694915254237287,-34.353,6.1,5.04,1.0327868852459017,-30.098,6.4,5.048,0.9859375,-30.0975,-30.098,6.7,5.04,0.9402985074626865,-30.098,7.3,5.044,0.8636986301369862,-31.328,4.5,5.032,1.397777777777778,-31.3282,-31.328,5.0,5.04,1.26,-31.328,4.1,5.052,1.5402439024390244,-34.353,5.2,5.052,1.214423076923077,,6.0,5.044,1.0508333333333333,-30.098,5.1,5.056,1.23921568627451,-30.098,6.4,5.04,0.984375,-30.098,6.7,5.052,0.9425373134328358,,7.1,5.036,0.8866197183098592,-31.328,6.0,5.036,1.0491666666666666,
05-07-2026-Thu 14-00-28-PM,5.4,5.044,1.1675925925925925,-35.8141,-35.814,5.7,5.044,1.106140350877193,-35.814,6.1,5.04,1.0327868852459017,-31.228,6.8,5.048,0.9279411764705883,-31.2285,-31.228,6.7,5.04,0.9402985074626865,-31.228,7.4,5.044,0.8520270270270269,-32.558,4.7,5.032,1.3382978723404255,-32.5583,-32.558,5.6,5.04,1.125,-32.558,4.0,5.048,1.5775000000000001,-35.814,5.4,5.048,1.1685185185185185,,6.0,5.044,1.0508333333333333,-31.228,4.9,5.056,1.2897959183673466,-31.228,6.7,5.04,0.9402985074626865,-31.228,6.8,5.056,0.9294117647058825,,7.4,5.032,0.85,-32.558,6.4,5.036,0.9835937499999999,
05-07-2026-Thu 14-00-29-PM,5.0,5.044,1.261,-35.8473,-35.847,5.4,5.044,1.1675925925925925,-35.847,5.9,5.044,1.06864406779661,-31.228,6.6,5.048,0.956060606060606,-31.2285,-31.228,6.8,5.044,0.9272058823529412,-31.228,7.0,5.044,0.9007142857142857,-32.525,4.4,5.032,1.4295454545454545,-32.5251,-32.525,5.3,5.044,1.1896226415094338,-32.525,3.9,5.052,1.619230769230769,-35.847,5.2,5.048,1.2134615384615386,,5.4,5.044,1.1675925925925925,-31.228,4.8,5.056,1.3166666666666669,-31.228,6.5,5.04,0.9692307692307693,-31.228,6.4,5.056,0.9875,,6.9,5.036,0.91231884057971,-32.525,6.1,5.036,1.0319672131147541,
05-07-2026-Thu 14-00-31-PM,4.7,5.044,1.3414893617021275,-35.8473,-35.847,5.5,5.052,1.1481818181818182,-35.847,5.9,5.04,1.0677966101694913,-31.262,6.1,5.048,1.0344262295081967,-31.2617,-31.262,6.4,5.044,0.9851562499999998,-31.262,6.9,5.044,0.9137681159420288,-32.459,4.4,5.032,1.4295454545454545,-32.4586,-32.459,4.9,5.044,1.2867346938775506,-32.459,3.7,5.048,1.7054054054054055,-35.847,5.0,5.052,1.263,,5.5,5.044,1.1463636363636365,-31.262,4.7,5.06,1.3457446808510636,-31.262,6.0,5.044,1.0508333333333333,-31.262,6.3,5.056,1.0031746031746032,,6.7,5.036,0.93955223880597,-32.459,5.6,5.04,1.125,
05-07-2026-Thu 14-02-02-PM,5.2,5.04,1.2115384615384617,-37.0755,-37.076,5.6,5.048,1.1267857142857143,-37.076,5.8,5.04,1.0862068965517242,-32.292,6.4,5.044,0.9851562499999998,-32.2924,-32.292,6.7,5.04,0.9402985074626865,-32.292,6.7,5.04,0.9402985074626865,-33.655,4.2,5.028,1.4964285714285712,-33.6551,-33.655,5.0,5.044,1.261,-33.655,3.6,5.048,1.7527777777777778,-37.076,4.8,5.048,1.3145833333333334,,5.1,5.044,1.2362745098039216,-32.292,4.2,5.06,1.5059523809523807,-32.292,5.9,5.044,1.06864406779661,-32.292,6.1,5.052,1.0352459016393443,,6.1,5.036,1.0319672131147541,-33.655,5.5,5.036,1.1445454545454545,
05-07-2026-Thu 14-02-04-PM,4.7,5.044,1.3414893617021275,-37.0755,-37.076,5.1,5.048,1.2372549019607844,-37.076,5.4,5.04,1.1666666666666665,-32.292,5.8,5.052,1.0887931034482758,-32.2924,-32.292,6.1,5.044,1.0336065573770492,-32.292,6.2,5.044,1.0169354838709677,-33.688,4.0,5.032,1.5725,-33.6883,-33.688,4.8,5.044,1.3135416666666666,-33.688,3.7,5.052,1.7067567567567565,-37.076,4.6,5.048,1.3717391304347826,,4.9,5.044,1.2867346938775506,-32.292,4.3,5.06,1.4709302325581393,-32.292,5.8,5.04,1.0862068965517242,-32.292,5.8,5.056,1.0896551724137933,,5.7,5.036,1.1043859649122805,-33.688,5.2,5.036,1.210576923076923,
05-07-2026-Thu 14-02-05-PM,4.4,5.044,1.4329545454545454,-37.1088,-37.109,4.9,5.048,1.2877551020408162,-37.109,5.5,5.04,1.1454545454545455,-32.326,5.2,5.048,1.2134615384615386,-32.3256,-32.326,5.7,5.044,1.106140350877193,-32.326,6.2,5.044,1.0169354838709677,-33.688,3.9,5.032,1.612820512820513,-33.6883,-33.688,4.6,5.044,1.3706521739130435,-33.688,3.5,5.052,1.8042857142857143,-37.109,4.6,5.048,1.3717391304347826,,4.8,5.044,1.3135416666666666,-32.326,4.2,5.06,1.5059523809523807,-32.326,5.6,5.044,1.125892857142857,-32.326,5.8,5.056,1.0896551724137933,,5.9,5.032,1.0661016949152542,-33.688,5.2,5.036,1.210576923076923,
05-07-2026-Thu 14-03-36-PM,4.7,5.044,1.3414893617021275,-38.4361,-38.436,4.8,5.048,1.3145833333333334,-38.436,5.1,5.04,1.235294117647059,-33.622,5.6,5.052,1.1276785714285713,-33.6218,-33.622,5.9,5.044,1.06864406779661,-33.622,5.8,5.044,1.0870689655172414,-35.117,3.8,5.036,1.656578947368421,-35.1167,-35.117,4.8,5.044,1.3135416666666666,-35.117,3.2,5.048,1.971875,-38.436,4.2,5.052,1.5035714285714283,,4.7,5.044,1.3414893617021275,-33.622,4.1,5.056,1.5414634146341464,-33.622,5.4,5.04,1.1666666666666665,-33.622,5.2,5.056,1.2153846153846155,,5.9,5.036,1.0669491525423727,-35.117,5.0,5.04,1.26,
05-07-2026-Thu 14-03-38-PM,3.9,5.044,1.6166666666666667,-38.4693,-38.469,4.3,5.048,1.4674418604651163,-38.469,4.7,5.04,1.3404255319148937,-33.688,5.0,5.048,1.262,-33.6883,-33.688,5.2,5.044,1.2125000000000001,-33.688,5.4,5.044,1.1675925925925925,-35.15,3.5,5.036,1.7985714285714283,-35.1499,-35.15,4.3,5.048,1.4674418604651163,-35.15,3.4,5.052,1.8573529411764704,-38.469,4.2,5.048,1.5023809523809522,,4.5,5.044,1.4011111111111112,-33.688,4.0,5.056,1.58,-33.688,5.2,5.044,1.2125000000000001,-33.688,5.1,5.052,1.238235294117647,,5.2,5.036,1.210576923076923,-35.15,4.6,5.04,1.3695652173913044,
05-07-2026-Thu 14-03-39-PM,3.9,5.048,1.617948717948718,-38.5024,-38.502,4.0,5.048,1.5775000000000001,-38.502,4.7,5.04,1.3404255319148937,-33.722,4.9,5.052,1.2887755102040814,-33.7215,-33.722,5.3,5.044,1.1896226415094338,-33.722,5.6,5.044,1.125892857142857,-35.216,3.4,5.036,1.8514705882352942,-35.2164,-35.216,3.8,5.044,1.6592105263157892,-35.216,3.2,5.052,1.9734374999999997,-38.502,4.2,5.052,1.5035714285714283,,4.5,5.048,1.4022222222222223,-33.722,4.1,5.056,1.5414634146341464,-33.722,5.0,5.044,1.261,-33.722,5.0,5.056,1.264,,5.4,5.032,1.1648148148148147,-35.216,4.6,5.04,1.3695652173913044,
05-07-2026-Thu 14-04-48-PM,4.2,5.044,1.501190476190476,-39.7295,-39.73,4.5,5.048,1.4022222222222223,-39.73,4.6,5.04,1.3695652173913044,-34.917,5.0,5.048,1.262,-34.9174,-34.917,5.1,5.048,1.2372549019607844,-34.917,5.2,5.048,1.2134615384615386,-36.511,3.6,5.032,1.7472222222222222,-36.5113,-36.511,4.1,5.044,1.5378048780487805,-36.511,3.1,5.052,2.0370967741935484,-39.73,3.9,5.048,1.617948717948718,,4.1,5.044,1.5378048780487805,-34.917,3.8,5.06,1.6644736842105263,-34.917,4.8,5.04,1.3125,-34.917,4.9,5.056,1.2897959183673466,,5.0,5.036,1.259,-36.511,4.4,5.04,1.4318181818181819,
05-07-2026-Thu 14-04-49-PM,3.8,5.048,1.6605263157894736,-39.7628,-39.763,4.2,5.048,1.5023809523809522,-39.763,4.4,5.04,1.4318181818181819,-34.951,4.7,5.048,1.3425531914893616,-34.9507,-34.951,4.9,5.044,1.2867346938775506,-34.951,5.0,5.044,1.261,-36.511,3.2,5.036,1.9671874999999999,-36.5113,-36.511,3.7,5.044,1.7040540540540539,-36.511,3.0,5.052,2.1049999999999995,-39.763,3.9,5.052,1.619230769230769,,4.0,5.048,1.5775000000000001,-34.951,3.5,5.056,1.8057142857142858,-34.951,4.8,5.044,1.3135416666666666,-34.951,4.5,5.056,1.4044444444444446,,4.8,5.036,1.3114583333333334,-36.511,4.4,5.04,1.4318181818181819,
05-07-2026-Thu 14-04-51-PM,3.6,5.044,1.7513888888888889,-39.7628,-39.763,3.9,5.052,1.619230769230769,-39.763,4.4,5.04,1.4318181818181819,-34.951,4.4,5.052,1.4352272727272726,-34.9507,-34.951,4.7,5.044,1.3414893617021275,-34.951,4.9,5.044,1.2867346938775506,-36.511,3.2,5.036,1.9671874999999999,-36.5113,-36.511,3.7,5.048,1.7054054054054055,-36.511,2.7,5.052,2.3388888888888886,-39.763,3.8,5.052,1.6618421052631578,,4.0,5.044,1.5762499999999997,-34.951,3.5,5.06,1.807142857142857,-34.951,4.5,5.044,1.4011111111111112,-34.951,4.6,5.056,1.373913043478261,,4.8,5.036,1.3114583333333334,-36.511,4.0,5.04,1.575,
05-07-2026-Thu 14-04-52-PM,3.4,5.048,1.8558823529411765,-39.796,-39.796,3.8,5.052,1.6618421052631578,-39.796,4.3,5.044,1.466279069767442,-34.984,4.2,5.056,1.5047619047619045,-34.9839,-34.984,4.6,5.048,1.3717391304347826,-34.984,4.9,5.048,1.2877551020408162,-36.511,3.2,5.036,1.9671874999999999,-36.5113,-36.511,3.5,5.044,1.8014285714285714,-36.511,2.9,5.056,2.1793103448275866,-39.796,3.6,5.052,1.7541666666666667,,4.3,5.048,1.4674418604651163,-34.984,3.3,5.06,1.9166666666666665,-34.984,4.4,5.044,1.4329545454545454,-34.984,4.4,5.056,1.4363636363636363,,4.8,5.04,1.3125,-36.511,3.9,5.04,1.6153846153846154,
05-07-2026-Thu 14-05-37-PM,3.6,5.048,1.7527777777777778,-40.4923,-40.492,4.1,5.052,1.5402439024390244,-40.492,4.2,5.044,1.501190476190476,-35.681,4.6,5.052,1.3728260869565216,-35.6813,-35.681,4.9,5.044,1.2867346938775506,-35.681,5.2,5.048,1.2134615384615386,-37.341,3.0,5.036,2.098333333333333,-37.3411,-37.341,4.0,5.048,1.5775000000000001,-37.341,2.8,5.056,2.257142857142857,-40.492,3.6,5.052,1.7541666666666667,,4.3,5.048,1.4674418604651163,-35.681,3.6,5.06,1.7569444444444444,-35.681,4.9,5.044,1.2867346938775506,-35.681,4.6,5.056,1.373913043478261,,4.6,5.04,1.3695652173913044,-37.341,4.5,5.04,1.4000000000000001,
05-07-2026-Thu 14-05-38-PM,3.4,5.048,1.8558823529411765,-40.5254,-40.525,3.6,5.052,1.7541666666666667,-40.525,4.3,5.04,1.4651162790697674,-35.681,4.4,5.052,1.4352272727272726,-35.6813,-35.681,4.6,5.044,1.3706521739130435,-35.681,4.6,5.048,1.3717391304347826,-37.407,3.1,5.036,2.0306451612903227,-37.4074,-37.407,3.6,5.048,1.7527777777777778,-37.407,2.7,5.056,2.340740740740741,-40.525,3.7,5.056,1.7081081081081082,,3.7,5.048,1.7054054054054055,-35.681,3.7,5.06,1.7094594594594594,-35.681,4.7,5.044,1.3414893617021275,-35.681,4.4,5.06,1.4374999999999998,,4.6,5.04,1.3695652173913044,-37.407,3.8,5.04,1.6578947368421053,
05-07-2026-Thu 14-05-40-PM,3.1,5.048,2.035483870967742,-40.5585,-40.558,3.8,5.056,1.6631578947368422,-40.558,4.1,5.044,1.5378048780487805,-35.714,4.0,5.052,1.5787499999999997,-35.7145,-35.714,4.4,5.048,1.434090909090909,-35.714,4.7,5.052,1.3436170212765957,-37.308,3.0,5.036,2.098333333333333,-37.3079,-37.308,3.5,5.048,1.8028571428571427,-37.308,2.6,5.052,2.428846153846154,-40.558,3.7,5.056,1.7081081081081082,,3.6,5.052,1.7541666666666667,-35.714,3.6,5.06,1.7569444444444444,-35.714,4.4,5.048,1.434090909090909,-35.714,4.2,5.056,1.5047619047619045,,4.6,5.04,1.3695652173913044,-37.308,3.9,5.04,1.6153846153846154,
05-07-2026-Thu 14-06-53-PM,3.3,5.044,1.9106060606060604,-41.6192,-41.619,3.7,5.056,1.7081081081081082,-41.619,3.9,5.044,1.6166666666666667,-36.71,4.3,5.056,1.4697674418604652,-36.7105,-36.71,4.2,5.048,1.5023809523809522,-36.71,4.6,5.052,1.3728260869565216,-38.502,3.0,5.04,2.1,-38.5024,-38.502,3.5,5.048,1.8028571428571427,-38.502,2.7,5.056,2.340740740740741,-41.619,3.8,5.056,1.6631578947368422,,3.7,5.048,1.7054054054054055,-36.71,3.5,5.06,1.807142857142857,-36.71,4.7,5.044,1.3414893617021275,-36.71,4.3,5.06,1.4709302325581393,,4.6,5.04,1.3695652173913044,-38.502,3.8,5.04,1.6578947368421053,
05-07-2026-Thu 14-06-55-PM,3.2,5.048,1.971875,-41.6192,-41.619,3.2,5.052,1.9734374999999997,-41.619,3.6,5.048,1.7527777777777778,-36.744,3.9,5.052,1.619230769230769,-36.7436,-36.744,4.2,5.048,1.5023809523809522,-36.744,4.5,5.048,1.4022222222222223,-38.436,2.6,5.04,2.4230769230769234,-38.4361,-38.436,3.6,5.052,1.7541666666666667,-38.436,2.6,5.056,2.430769230769231,-41.619,3.4,5.052,1.8573529411764704,,3.7,5.048,1.7054054054054055,-36.744,3.2,5.06,1.9765624999999998,-36.744,4.3,5.044,1.466279069767442,-36.744,4.0,5.064,1.5825,,4.3,5.04,1.4651162790697674,-38.436,3.7,5.044,1.7040540540540539,
05-07-2026-Thu 14-06-56-PM,3.2,5.052,1.9734374999999997,-41.6192,-41.619,3.3,5.056,1.9151515151515153,-41.619,3.8,5.048,1.6605263157894736,-36.744,3.7,5.052,1.7067567567567565,-36.7436,-36.744,3.9,5.048,1.617948717948718,-36.744,4.5,5.052,1.4033333333333335,-38.469,2.5,5.04,2.52,-38.4693,-38.469,3.3,5.048,1.912121212121212,-38.469,2.3,5.056,2.747826086956522,-41.619,3.4,5.056,1.858823529411765,,3.5,5.052,1.8042857142857143,-36.744,3.3,5.064,1.9181818181818182,-36.744,4.1,5.052,1.5402439024390244,-36.744,3.8,5.06,1.6644736842105263,,4.5,5.044,1.4011111111111112,-38.469,3.7,5.044,1.7040540540540539,
05-07-2026-Thu 14-06-59-PM,2.8,5.048,2.2535714285714286,-41.6524,-41.652,3.2,5.056,1.975,-41.652,3.7,5.048,1.7054054054054055,-36.777,3.8,5.056,1.6631578947368422,-36.7769,-36.777,3.9,5.048,1.617948717948718,-36.777,4.2,5.048,1.5023809523809522,-38.502,2.8,5.04,2.25,-38.5024,-38.502,3.2,5.052,1.9734374999999997,-38.502,2.4,5.056,2.6333333333333337,-41.652,3.2,5.06,1.9765624999999998,,3.4,5.048,1.8558823529411765,-36.777,3.2,5.068,1.9796874999999998,-36.777,4.1,5.048,1.5390243902439027,-36.777,3.9,5.06,1.6217948717948718,,4.0,5.04,1.575,-38.502,3.4,5.044,1.8544117647058824,
05-07-2026-Thu 14-08-14-PM,3.4,5.048,1.8558823529411765,-42.6133,-42.613,3.4,5.056,1.858823529411765,-42.613,3.8,5.048,1.6605263157894736,-37.739,3.8,5.052,1.6618421052631578,-37.7392,-37.739,4.5,5.044,1.4011111111111112,-37.739,4.3,5.048,1.4674418604651163,-39.531,2.7,5.036,2.3314814814814815,-39.5307,-39.531,3.1,5.048,2.035483870967742,-39.531,2.6,5.056,2.430769230769231,-42.613,3.7,5.052,1.7067567567567565,,3.8,5.052,1.6618421052631578,-37.739,3.6,5.064,1.7583333333333335,-37.739,4.1,5.048,1.5390243902439027,-37.739,4.1,5.06,1.5426829268292686,,4.2,5.044,1.501190476190476,-39.531,3.9,5.044,1.6166666666666667,
05-07-2026-Thu 14-08-15-PM,3.2,5.052,1.9734374999999997,-42.6464,-42.646,3.4,5.052,1.8573529411764704,-42.646,3.6,5.048,1.7527777777777778,-37.739,3.7,5.056,1.7081081081081082,-37.7392,-37.739,3.8,5.048,1.6605263157894736,-37.739,4.3,5.052,1.4686046511627904,-39.564,2.6,5.04,2.4230769230769234,-39.5638,-39.564,3.3,5.048,1.912121212121212,-39.564,2.4,5.056,2.6333333333333337,-42.646,3.1,5.052,2.0370967741935484,,3.6,5.052,1.7541666666666667,-37.739,3.1,5.064,2.041935483870968,-37.739,3.9,5.048,1.617948717948718,-37.739,3.7,5.06,1.7094594594594594,,4.0,5.04,1.575,-39.564,3.6,5.048,1.7527777777777778,
05-07-2026-Thu 14-08-16-PM,2.7,5.052,2.3388888888888886,-42.6795,-42.68,3.1,5.052,2.0370967741935484,-42.68,3.6,5.048,1.7527777777777778,-37.772,3.6,5.052,1.7541666666666667,-37.7725,-37.772,3.9,5.052,1.619230769230769,-37.772,3.7,5.052,1.7067567567567565,-39.564,2.7,5.036,2.3314814814814815,-39.5638,-39.564,3.1,5.048,2.035483870967742,-39.564,2.3,5.056,2.747826086956522,-42.68,3.1,5.052,2.0370967741935484,,3.5,5.048,1.8028571428571427,-37.772,3.1,5.064,2.041935483870968,-37.772,3.8,5.048,1.6605263157894736,-37.772,3.5,5.056,1.8057142857142858,,3.6,5.044,1.7513888888888889,-39.564,3.7,5.04,1.7027027027027026,
05-07-2026-Thu 14-08-18-PM,2.5,5.048,2.524,-42.6795,-42.68,3.1,5.052,2.0370967741935484,-42.68,3.5,5.048,1.8028571428571427,-37.772,3.6,5.052,1.7541666666666667,-37.7725,-37.772,3.7,5.048,1.7054054054054055,-37.772,3.8,5.048,1.6605263157894736,-39.597,2.5,5.036,2.518,-39.597,-39.597,3.0,5.048,2.1033333333333335,-39.597,2.4,5.056,2.6333333333333337,-42.68,2.9,5.052,2.1775862068965517,,3.5,5.048,1.8028571428571427,-37.772,3.1,5.064,2.041935483870968,-37.772,3.5,5.048,1.8028571428571427,-37.772,3.7,5.06,1.7094594594594594,,3.6,5.04,1.75,-39.597,3.4,5.044,1.8544117647058824,
05-07-2026-Thu 14-08-19-PM,2.9,5.048,2.1758620689655177,-42.6795,-42.68,3.0,5.056,2.1066666666666665,-42.68,3.2,5.048,1.971875,-37.806,3.3,5.052,1.9136363636363636,-37.8057,-37.806,3.8,5.048,1.6605263157894736,-37.806,3.8,5.052,1.6618421052631578,-39.564,2.4,5.036,2.622916666666667,-39.5638,-39.564,2.8,5.048,2.2535714285714286,-39.564,2.2,5.052,2.870454545454545,-42.68,3.1,5.056,2.0387096774193547,,3.4,5.052,1.8573529411764704,-37.806,3.0,5.06,2.1083333333333334,-37.806,3.7,5.048,1.7054054054054055,-37.806,3.6,5.06,1.7569444444444444,,3.8,5.04,1.6578947368421053,-39.564,3.2,5.044,1.9703124999999997,
05-07-2026-Thu 14-08-20-PM,2.8,5.052,2.2553571428571426,-42.7126,-42.713,3.1,5.052,2.0370967741935484,-42.713,3.4,5.044,1.8544117647058824,-37.806,3.2,5.052,1.9734374999999997,-37.8057,-37.806,3.5,5.052,1.8042857142857143,-37.806,3.7,5.048,1.7054054054054055,-39.597,2.5,5.036,2.518,-39.597,-39.597,2.7,5.048,2.337037037037037,-39.597,2.1,5.056,3.009523809523809,-42.713,3.1,5.052,2.0370967741935484,,3.3,5.052,1.9136363636363636,-37.806,2.9,5.06,2.1810344827586206,-37.806,3.6,5.048,1.7527777777777778,-37.806,3.4,5.06,1.8602941176470589,,3.8,5.04,1.6578947368421053,-39.597,3.2,5.044,1.9703124999999997,
05-07-2026-Thu 14-08-45-PM,2.7,5.052,2.3388888888888886,-42.9776,-42.978,2.9,5.056,2.1793103448275866,-42.978,3.6,5.048,1.7527777777777778,-38.104,3.6,5.052,1.7541666666666667,-38.1043,-38.104,3.8,5.048,1.6605263157894736,-38.104,4.0,5.052,1.5787499999999997,-39.962,2.4,5.04,2.625,-39.9618,-39.962,3.0,5.052,2.1049999999999995,-39.962,2.4,5.06,2.635416666666667,-42.978,3.3,5.056,1.9151515151515153,,3.2,5.052,1.9734374999999997,-38.104,3.1,5.06,2.0403225806451615,-38.104,3.6,5.048,1.7527777777777778,-38.104,3.6,5.06,1.7569444444444444,,3.7,5.04,1.7027027027027026,-39.962,3.4,5.044,1.8544117647058824,
05-07-2026-Thu 14-08-46-PM,2.7,5.048,2.337037037037037,-43.0438,-43.044,3.1,5.056,2.0387096774193547,-43.044,3.4,5.048,1.8558823529411765,-38.138,3.3,5.052,1.9136363636363636,-38.1375,-38.138,3.6,5.052,1.7541666666666667,-38.138,3.8,5.052,1.6618421052631578,-39.962,2.5,5.036,2.518,-39.9618,-39.962,2.6,5.052,2.428846153846154,-39.962,2.1,5.052,3.0071428571428567,-43.044,3.0,5.052,2.1049999999999995,,3.2,5.052,1.9734374999999997,-38.138,3.0,5.06,2.1083333333333334,-38.138,3.6,5.048,1.7527777777777778,-38.138,3.5,5.06,1.807142857142857,,3.7,5.044,1.7040540540540539,-39.962,3.4,5.044,1.8544117647058824,
05-07-2026-Thu 14-08-48-PM,2.7,5.048,2.337037037037037,-43.0438,-43.044,3.0,5.056,2.1066666666666665,-43.044,3.1,5.048,2.035483870967742,-38.138,3.4,5.056,1.858823529411765,-38.1375,-38.138,3.6,5.048,1.7527777777777778,-38.138,3.7,5.048,1.7054054054054055,-39.962,2.1,5.036,2.997619047619047,-39.9618,-39.962,2.6,5.048,2.426923076923077,-39.962,2.3,5.056,2.747826086956522,-43.044,3.0,5.056,2.1066666666666665,,3.0,5.052,2.1049999999999995,-38.138,2.6,5.064,2.434615384615385,-38.138,3.3,5.048,1.912121212121212,-38.138,3.6,5.06,1.7569444444444444,,3.6,5.044,1.7513888888888889,-39.962,3.2,5.044,1.9703124999999997,
05-07-2026-Thu 14-08-49-PM,2.6,5.052,2.428846153846154,-43.077,-43.077,2.8,5.056,2.257142857142857,-43.077,3.2,5.052,1.9734374999999997,-38.138,3.2,5.056,1.975,-38.1375,-38.138,3.4,5.048,1.8558823529411765,-38.138,4.0,5.052,1.5787499999999997,-39.995,2.1,5.04,2.9999999999999996,-39.9949,-39.995,2.8,5.052,2.2553571428571426,-39.995,2.3,5.056,2.747826086956522,-43.077,3.1,5.056,2.0387096774193547,,3.1,5.048,2.035483870967742,-38.138,2.7,5.06,2.3425925925925926,-38.138,3.5,5.048,1.8028571428571427,-38.138,3.4,5.06,1.8602941176470589,,3.9,5.044,1.6166666666666667,-39.995,2.8,5.044,2.251785714285714,
05-07-2026-Thu 14-08-50-PM,2.6,5.048,2.426923076923077,-43.0438,-43.044,3.0,5.056,2.1066666666666665,-43.044,3.0,5.048,2.1033333333333335,-38.171,3.0,5.056,2.1066666666666665,-38.1707,-38.171,3.4,5.052,1.8573529411764704,-38.171,3.6,5.052,1.7541666666666667,-39.962,2.5,5.04,2.52,-39.9618,-39.962,2.5,5.048,2.524,-39.962,2.3,5.052,2.7456521739130433,-43.044,2.7,5.052,2.3388888888888886,,3.1,5.048,2.035483870967742,-38.171,2.7,5.06,2.3425925925925926,-38.171,3.6,5.052,1.7541666666666667,-38.171,3.5,5.06,1.807142857142857,,3.8,5.044,1.6592105263157892,-39.962,3.1,5.048,2.035483870967742,
05-07-2026-Thu 14-09-40-PM,2.8,5.048,2.2535714285714286,-43.6069,-43.607,2.8,5.052,2.2553571428571426,-43.607,3.2,5.048,1.971875,-38.735,3.1,5.052,2.0370967741935484,-38.7346,-38.735,3.6,5.048,1.7527777777777778,-38.735,3.6,5.052,1.7541666666666667,-40.658,1.9,5.04,3.3157894736842106,-40.658,-40.658,2.7,5.052,2.3388888888888886,-40.658,2.1,5.056,3.009523809523809,-43.607,2.9,5.056,2.1793103448275866,,3.2,5.052,1.9734374999999997,-38.735,3.1,5.064,2.041935483870968,-38.735,3.5,5.052,1.8042857142857143,-38.735,3.5,5.06,1.807142857142857,,3.8,5.044,1.6592105263157892,-40.658,3.0,5.044,2.1016666666666666,
05-07-2026-Thu 14-09-43-PM,2.5,5.048,2.524,-43.6069,-43.607,3.0,5.056,2.1066666666666665,-43.607,3.1,5.048,2.035483870967742,-38.768,3.3,5.056,1.9151515151515153,-38.7678,-38.768,3.2,5.048,1.971875,-38.768,3.6,5.048,1.7527777777777778,-40.592,2.4,5.04,2.625,-40.5917,-40.592,2.8,5.056,2.257142857142857,-40.592,2.3,5.06,2.75,-43.607,2.5,5.056,2.528,,3.0,5.052,2.1049999999999995,-38.768,3.0,5.06,2.1083333333333334,-38.768,3.5,5.048,1.8028571428571427,-38.768,3.2,5.06,1.9765624999999998,,3.4,5.044,1.8544117647058824,-40.592,3.1,5.044,2.0338709677419353,
05-07-2026-Thu 14-10-33-PM,2.8,5.048,2.2535714285714286,-44.1368,-44.137,2.9,5.052,2.1775862068965517,-44.137,3.1,5.044,2.0338709677419353,-39.299,3.3,5.052,1.9136363636363636,-39.2986,-39.299,3.6,5.048,1.7527777777777778,-39.299,3.6,5.048,1.7527777777777778,-41.255,2.4,5.04,2.625,-41.2547,-41.255,2.8,5.048,2.2535714285714286,-41.255,2.3,5.056,2.747826086956522,-44.137,2.6,5.052,2.428846153846154,,3.0,5.052,2.1049999999999995,-39.299,2.9,5.06,2.1810344827586206,-39.299,3.4,5.048,1.8558823529411765,-39.299,3.2,5.056,1.975,,3.4,5.04,1.8529411764705885,-41.255,3.0,5.044,2.1016666666666666,
05-07-2026-Thu 14-10-34-PM,2.5,5.048,2.524,-44.1698,-44.17,2.5,5.056,2.528,-44.17,3.2,5.044,1.9703124999999997,-39.332,3.0,5.056,2.1066666666666665,-39.3317,-39.332,3.5,5.048,1.8028571428571427,-39.332,3.5,5.048,1.8028571428571427,-41.255,2.1,5.04,2.9999999999999996,-41.2547,-41.255,2.9,5.052,2.1775862068965517,-41.255,2.1,5.056,3.009523809523809,-44.17,2.5,5.052,2.526,,3.0,5.048,2.1033333333333335,-39.332,2.6,5.06,2.432692307692308,-39.332,3.3,5.048,1.912121212121212,-39.332,3.0,5.06,2.1083333333333334,,3.2,5.044,1.9703124999999997,-41.255,2.8,5.044,2.251785714285714,
05-07-2026-Thu 14-10-35-PM,2.2,5.048,2.868181818181818,-44.1698,-44.17,2.8,5.052,2.2553571428571426,-44.17,2.9,5.044,2.174137931034483,-39.365,3.0,5.052,2.1049999999999995,-39.3649,-39.365,3.2,5.048,1.971875,-39.365,3.5,5.048,1.8028571428571427,-41.255,2.0,5.04,3.15,-41.2547,-41.255,2.6,5.048,2.426923076923077,-41.255,2.1,5.056,3.009523809523809,-44.17,2.6,5.056,2.430769230769231,,3.0,5.052,2.1049999999999995,-39.365,2.8,5.06,2.2589285714285716,-39.365,3.3,5.048,1.912121212121212,-39.365,2.9,5.06,2.1810344827586206,,3.3,5.044,1.9106060606060604,-41.255,3.0,5.044,2.1016666666666666,
05-07-2026-Thu 14-10-37-PM,2.4,5.048,2.629166666666667,-44.2029,-44.203,2.9,5.052,2.1775862068965517,-44.203,2.9,5.048,2.1758620689655177,-39.365,2.7,5.048,2.337037037037037,-39.3649,-39.365,2.9,5.048,2.1758620689655177,-39.365,3.3,5.052,1.9136363636363636,-41.255,1.9,5.04,3.3157894736842106,-41.2547,-41.255,2.5,5.048,2.524,-41.255,2.0,5.056,3.16,-44.203,2.7,5.052,2.3388888888888886,,2.6,5.048,2.426923076923077,-39.365,2.5,5.06,2.53,-39.365,3.2,5.048,1.971875,-39.365,3.1,5.06,2.0403225806451615,,3.1,5.04,2.0322580645161294,-41.255,2.8,5.044,2.251785714285714,
05-07-2026-Thu 14-10-52-PM,2.6,5.048,2.426923076923077,-44.3354,-44.335,2.9,5.052,2.1775862068965517,-44.335,2.8,5.044,2.251785714285714,-39.531,3.1,5.052,2.0370967741935484,-39.5307,-39.531,3.2,5.052,1.9734374999999997,-39.531,3.4,5.048,1.8558823529411765,-41.387,2.2,5.04,2.8636363636363638,-41.3872,-41.387,2.4,5.052,2.63125,-41.387,2.2,5.056,2.8727272727272726,-44.335,2.6,5.056,2.430769230769231,,2.8,5.052,2.2553571428571426,-39.531,2.5,5.064,2.532,-39.531,3.0,5.048,2.1033333333333335,-39.531,3.1,5.064,2.041935483870968,,3.2,5.04,1.96875,-41.387,2.6,5.048,2.426923076923077,
05-07-2026-Thu 14-10-53-PM,2.6,5.048,2.426923076923077,-44.3354,-44.335,2.4,5.056,2.6333333333333337,-44.335,2.9,5.048,2.1758620689655177,-39.564,2.7,5.052,2.3388888888888886,-39.5638,-39.564,3.2,5.052,1.9734374999999997,-39.564,3.5,5.048,1.8028571428571427,-41.42,2.0,5.04,3.15,-41.4204,-41.42,2.5,5.052,2.526,-41.42,1.9,5.06,3.3289473684210527,-44.335,2.5,5.056,2.528,,2.6,5.048,2.426923076923077,-39.564,2.7,5.06,2.3425925925925926,-39.564,3.1,5.048,2.035483870967742,-39.564,2.9,5.06,2.1810344827586206,,3.3,5.04,1.9090909090909092,-41.42,2.6,5.044,2.4250000000000003,
05-07-2026-Thu 14-10-55-PM,2.4,5.052,2.63125,-44.3685,-44.368,2.4,5.052,2.63125,-44.368,3.1,5.044,2.0338709677419353,-39.564,3.0,5.052,2.1049999999999995,-39.5638,-39.564,3.0,5.048,2.1033333333333335,-39.564,3.2,5.048,1.971875,-41.454,2.0,5.04,3.15,-41.4535,-41.454,2.6,5.052,2.428846153846154,-41.454,2.1,5.056,3.009523809523809,-44.368,2.6,5.056,2.430769230769231,,2.7,5.048,2.337037037037037,-39.564,2.5,5.06,2.53,-39.564,3.0,5.048,2.1033333333333335,-39.564,2.9,5.06,2.1810344827586206,,3.2,5.044,1.9703124999999997,-41.454,2.5,5.044,2.522,
05-07-2026-Thu 14-10-56-PM,2.4,5.048,2.629166666666667,-44.3685,-44.368,2.6,5.056,2.430769230769231,-44.368,3.1,5.044,2.0338709677419353,-39.564,2.5,5.052,2.526,-39.5638,-39.564,2.9,5.048,2.1758620689655177,-39.564,3.5,5.052,1.8042857142857143,-41.454,2.1,5.04,2.9999999999999996,-41.4535,-41.454,2.3,5.052,2.7456521739130433,-41.454,2.0,5.056,3.16,-44.368,2.5,5.052,2.526,,2.6,5.048,2.426923076923077,-39.564,2.5,5.06,2.53,-39.564,3.3,5.048,1.912121212121212,-39.564,3.0,5.06,2.1083333333333334,,3.2,5.044,1.9703124999999997,-41.454,2.9,5.04,2.1724137931034484,
05-07-2026-Thu 14-10-58-PM,2.4,5.048,2.629166666666667,-44.3685,-44.368,2.5,5.052,2.526,-44.368,2.9,5.044,2.174137931034483,-39.564,2.7,5.052,2.3388888888888886,-39.5638,-39.564,2.9,5.048,2.1758620689655177,-39.564,3.3,5.052,1.9136363636363636,-41.52,2.0,5.04,3.15,-41.5198,-41.52,2.3,5.052,2.7456521739130433,-41.52,2.0,5.056,3.16,-44.368,2.3,5.052,2.7456521739130433,,2.6,5.052,2.428846153846154,-39.564,2.5,5.064,2.532,-39.564,3.0,5.052,2.1049999999999995,-39.564,2.9,5.06,2.1810344827586206,,3.4,5.044,1.8544117647058824,-41.52,2.8,5.048,2.2535714285714286,
05-07-2026-Thu 14-10-59-PM,2.0,5.052,3.1574999999999993,-44.4017,-44.402,2.6,5.056,2.430769230769231,-44.402,2.7,5.048,2.337037037037037,-39.597,2.6,5.052,2.428846153846154,-39.597,-39.597,3.0,5.048,2.1033333333333335,-39.597,3.3,5.048,1.912121212121212,-41.553,1.9,5.04,3.3157894736842106,-41.5529,-41.553,2.3,5.052,2.7456521739130433,-41.553,2.0,5.06,3.1624999999999996,-44.402,2.6,5.056,2.430769230769231,,2.8,5.052,2.2553571428571426,-39.597,2.6,5.064,2.434615384615385,-39.597,3.2,5.048,1.971875,-39.597,3.0,5.06,2.1083333333333334,,3.3,5.044,1.9106060606060604,-41.553,2.8,5.048,2.2535714285714286,
05-07-2026-Thu 14-13-23-PM,3.0,5.048,2.1033333333333335,-45.5602,-45.56,2.6,5.052,2.428846153846154,-45.56,2.9,5.044,2.174137931034483,-41.056,2.9,5.052,2.1775862068965517,-41.0558,-41.056,3.2,5.048,1.971875,-41.056,3.7,5.048,1.7054054054054055,-42.944,2.3,5.036,2.7369565217391303,-42.9445,-42.944,2.6,5.048,2.426923076923077,-42.944,1.9,5.056,3.3263157894736843,-45.56,2.6,5.052,2.428846153846154,,2.7,5.052,2.3388888888888886,-41.056,2.4,5.06,2.635416666666667,-41.056,3.0,5.044,2.1016666666666666,-41.056,3.0,5.056,2.1066666666666665,,3.1,5.04,2.0322580645161294,-42.944,2.6,5.044,2.4250000000000003,
05-07-2026-Thu 14-13-26-PM,2.4,5.048,2.629166666666667,-45.5602,-45.56,2.6,5.052,2.428846153846154,-45.56,2.8,5.044,2.251785714285714,-41.089,2.7,5.052,2.3388888888888886,-41.089,-41.089,3.0,5.052,2.1049999999999995,-41.089,3.3,5.048,1.912121212121212,-43.011,2.0,5.04,3.15,-43.0108,-43.011,2.6,5.048,2.426923076923077,-43.011,2.0,5.056,3.16,-45.56,2.5,5.052,2.526,,2.5,5.048,2.524,-41.089,2.6,5.064,2.434615384615385,-41.089,2.7,5.048,2.337037037037037,-41.089,2.6,5.06,2.432692307692308,,2.9,5.044,2.174137931034483,-43.011,2.7,5.044,2.335185185185185,
05-07-2026-Thu 14-13-27-PM,2.2,5.052,2.870454545454545,-45.5933,-45.593,2.3,5.056,2.747826086956522,-45.593,2.7,5.044,2.335185185185185,-41.089,2.5,5.056,2.528,-41.089,-41.089,2.8,5.048,2.2535714285714286,-41.089,3.4,5.048,1.8558823529411765,-42.944,2.0,5.036,3.1474999999999995,-42.9445,-42.944,2.5,5.048,2.524,-42.944,1.9,5.056,3.3263157894736843,-45.593,2.6,5.052,2.428846153846154,,2.6,5.052,2.428846153846154,-41.089,2.5,5.06,2.53,-41.089,3.0,5.052,2.1049999999999995,-41.089,2.7,5.06,2.3425925925925926,,2.9,5.044,2.174137931034483,-42.944,2.7,5.044,2.335185185185185,
05-07-2026-Thu 14-15-37-PM,2.4,5.052,2.63125,-47.2144,-47.214,2.5,5.056,2.528,-47.214,2.8,5.048,2.2535714285714286,-43.044,2.6,5.052,2.428846153846154,-43.0438,-43.044,3.0,5.052,2.1049999999999995,-43.044,3.3,5.048,1.912121212121212,-44.964,1.8,5.036,3.4972222222222222,-44.9644,-44.964,2.6,5.052,2.428846153846154,-44.964,1.6,5.056,3.95,-47.214,2.6,5.052,2.428846153846154,,2.9,5.048,2.1758620689655177,-43.044,2.5,5.064,2.532,-43.044,3.3,5.048,1.912121212121212,-43.044,2.9,5.06,2.1810344827586206,,3.1,5.04,2.0322580645161294,-44.964,2.9,5.044,2.174137931034483,
05-07-2026-Thu 14-15-38-PM,2.5,5.052,2.526,-47.2475,-47.248,2.1,5.056,3.009523809523809,-47.248,2.7,5.044,2.335185185185185,-43.044,2.8,5.052,2.2553571428571426,-43.0438,-43.044,2.6,5.052,2.428846153846154,-43.044,3.0,5.052,2.1049999999999995,-44.998,1.9,5.04,3.3157894736842106,-44.9975,-44.998,2.4,5.052,2.63125,-44.998,1.7,5.06,3.7205882352941178,-47.248,2.3,5.056,2.747826086956522,,2.2,5.052,2.870454545454545,-43.044,2.4,5.06,2.635416666666667,-43.044,3.1,5.048,2.035483870967742,-43.044,2.1,5.06,3.0119047619047614,,3.3,5.048,1.912121212121212,-44.998,2.7,5.044,2.335185185185185,
05-07-2026-Thu 14-15-39-PM,2.2,5.048,2.868181818181818,-47.2475,-47.248,2.2,5.052,2.870454545454545,-47.248,2.4,5.048,2.629166666666667,-43.077,2.2,5.056,2.8727272727272726,-43.077,-43.077,2.6,5.052,2.428846153846154,-43.077,2.8,5.052,2.2553571428571426,-45.097,1.8,5.04,3.5,-45.0969,-45.097,2.2,5.052,2.870454545454545,-45.097,1.6,5.06,3.9531249999999996,-47.248,2.1,5.056,3.009523809523809,,2.7,5.052,2.3388888888888886,-43.077,2.3,5.064,2.752173913043478,-43.077,2.7,5.048,2.337037037037037,-43.077,2.5,5.06,2.53,,2.8,5.044,2.251785714285714,-45.097,2.5,5.044,2.522,
05-07-2026-Thu 14-15-41-PM,2.2,5.052,2.870454545454545,-47.3137,-47.314,2.2,5.056,2.8727272727272726,-47.314,2.4,5.048,2.629166666666667,-43.11,2.3,5.052,2.7456521739130433,-43.1102,-43.11,2.6,5.052,2.428846153846154,-43.11,2.6,5.052,2.428846153846154,-45.064,1.6,5.04,3.9375,-45.0637,-45.064,2.2,5.052,2.870454545454545,-45.064,1.5,5.056,4.213333333333333,-47.314,2.0,5.056,3.16,,2.4,5.052,2.63125,-43.11,2.3,5.064,2.752173913043478,-43.11,2.8,5.048,2.2535714285714286,-43.11,2.4,5.06,2.635416666666667,,2.6,5.044,2.4250000000000003,-45.064,2.3,5.044,2.741304347826087,
05-07-2026-Thu 14-16-48-PM,2.2,5.052,2.870454545454545,-48.7025,-48.702,2.3,5.056,2.747826086956522,-48.702,2.3,5.048,2.743478260869565,-44.567,2.4,5.056,2.6333333333333337,-44.5672,-44.567,2.5,5.052,2.526,-44.567,2.8,5.048,2.2535714285714286,-46.586,1.4,5.044,4.503571428571428,-46.586,-46.586,2.3,5.056,2.747826086956522,-46.586,1.5,5.06,4.216666666666667,-48.702,2.1,5.052,3.0071428571428567,,2.4,5.052,2.63125,-44.567,2.2,5.064,2.877272727272727,-44.567,2.8,5.052,2.2553571428571426,-44.567,2.5,5.064,2.532,,2.6,5.048,2.426923076923077,-46.586,2.4,5.048,2.629166666666667,
05-07-2026-Thu 14-16-49-PM,1.7,5.052,3.714705882352941,-48.7356,-48.736,1.9,5.056,3.3263157894736843,-48.736,2.1,5.048,3.0047619047619043,-44.567,2.3,5.056,2.747826086956522,-44.5672,-44.567,2.4,5.048,2.629166666666667,-44.567,2.6,5.052,2.428846153846154,-46.619,1.6,5.04,3.9375,-46.619,-46.619,1.9,5.052,3.3236842105263156,-46.619,1.5,5.06,4.216666666666667,-48.736,1.8,5.056,3.5111111111111115,,2.3,5.052,2.7456521739130433,-44.567,2.1,5.064,3.014285714285714,-44.567,2.6,5.052,2.428846153846154,-44.567,2.3,5.06,2.75,,2.7,5.044,2.335185185185185,-46.619,2.3,5.048,2.743478260869565,
05-07-2026-Thu 14-18-02-PM,1.7,5.052,3.714705882352941,-50.1237,-50.124,2.0,5.052,3.1574999999999993,-50.124,2.0,5.048,3.1550000000000002,-45.924,2.2,5.052,2.870454545454545,-45.9242,-45.924,2.5,5.048,2.524,-45.924,2.5,5.048,2.524,-47.876,1.4,5.04,4.5,-47.8759,-47.876,2.0,5.052,3.1574999999999993,-47.876,1.2,5.056,5.2666666666666675,-50.124,2.0,5.056,3.16,,2.0,5.048,3.1550000000000002,-45.924,2.1,5.06,3.0119047619047614,-45.924,2.6,5.048,2.426923076923077,-45.924,2.1,5.06,3.0119047619047614,,2.5,5.04,2.52,-47.876,2.2,5.044,2.8659090909090907,
05-07-2026-Thu 14-18-04-PM,1.6,5.052,3.9468749999999995,-50.1237,-50.124,1.6,5.056,3.95,-50.124,1.8,5.044,3.5027777777777778,-45.924,2.0,5.052,3.1574999999999993,-45.9242,-45.924,2.2,5.052,2.870454545454545,-45.924,2.6,5.052,2.428846153846154,-47.876,1.3,5.04,4.846153846153847,-47.8759,-47.876,1.9,5.056,3.3263157894736843,-47.876,1.3,5.06,4.865384615384616,-50.124,1.6,5.056,3.95,,1.9,5.056,3.3263157894736843,-45.924,1.8,5.06,3.513888888888889,-45.924,2.3,5.048,2.743478260869565,-45.924,2.0,5.06,3.1624999999999996,,2.5,5.044,2.522,-47.876,1.9,5.044,3.3184210526315785,
05-07-2026-Thu 14-18-43-PM,1.5,5.052,4.209999999999999,-50.8505,-50.85,1.7,5.056,3.71764705882353,-50.85,1.8,5.048,3.5055555555555555,-46.553,1.9,5.056,3.3263157894736843,-46.5529,-46.553,2.1,5.052,3.0071428571428567,-46.553,2.4,5.052,2.63125,-48.57,1.3,5.04,4.846153846153847,-48.5703,-48.57,1.5,5.056,4.213333333333333,-48.57,1.1,5.056,5.745454545454545,-50.85,1.7,5.056,3.71764705882353,,1.6,5.052,3.9468749999999995,-46.553,1.7,5.06,3.7205882352941178,-46.553,2.3,5.052,2.7456521739130433,-46.553,2.0,5.064,3.165,,2.0,5.048,3.1550000000000002,-48.57,2.0,5.044,3.1524999999999994,
05-07-2026-Thu 14-18-45-PM,1.6,5.052,3.9468749999999995,-50.8505,-50.85,1.3,5.06,4.865384615384616,-50.85,1.6,5.048,3.94375,-46.586,1.7,5.056,3.71764705882353,-46.586,-46.586,1.9,5.052,3.3236842105263156,-46.586,2.0,5.056,3.16,-48.57,0.8,5.04,7.875,-48.5703,-48.57,1.5,5.052,4.209999999999999,-48.57,1.3,5.06,4.865384615384616,-50.85,1.9,5.056,3.3263157894736843,,1.5,5.056,4.213333333333333,-46.586,1.6,5.064,3.9562500000000003,-46.586,2.0,5.052,3.1574999999999993,-46.586,1.8,5.064,3.516666666666667,,2.0,5.048,3.1550000000000002,-48.57,1.8,5.048,3.5055555555555555,
05-07-2026-Thu 14-18-46-PM,1.3,5.056,4.861538461538462,-50.8835,-50.884,1.7,5.056,3.71764705882353,-50.884,1.7,5.048,3.711764705882353,-46.586,1.7,5.056,3.71764705882353,-46.586,-46.586,1.9,5.052,3.3236842105263156,-46.586,2.0,5.056,3.16,-48.57,1.3,5.044,4.8500000000000005,-48.5703,-48.57,1.6,5.052,3.9468749999999995,-48.57,1.1,5.064,5.754545454545454,-50.884,1.5,5.06,4.216666666666667,,1.6,5.056,3.95,-46.586,1.7,5.064,3.723529411764706,-46.586,2.0,5.052,3.1574999999999993,-46.586,1.6,5.068,3.9593749999999996,,2.0,5.048,3.1550000000000002,-48.57,1.5,5.048,4.206666666666667,
05-07-2026-Thu 14-20-05-PM,1.5,5.052,4.209999999999999,-52.1715,-52.172,1.5,5.06,4.216666666666667,-52.172,1.8,5.048,3.5055555555555555,-47.744,1.6,5.056,3.95,-47.7437,-47.744,2.2,5.052,2.870454545454545,-47.744,2.1,5.052,3.0071428571428567,-49.694,1.0,5.044,6.304999999999999,-49.6941,-49.694,1.6,5.052,3.9468749999999995,-49.694,1.3,5.06,4.865384615384616,-52.172,1.8,5.056,3.5111111111111115,,1.7,5.052,3.714705882352941,-47.744,1.7,5.064,3.723529411764706,-47.744,2.1,5.052,3.0071428571428567,-47.744,1.9,5.064,3.331578947368421,,2.2,5.048,2.868181818181818,-49.694,2.0,5.048,3.1550000000000002,
05-07-2026-Thu 14-20-06-PM,1.4,5.056,4.514285714285714,-52.1715,-52.172,1.6,5.06,3.9531249999999996,-52.172,1.4,5.052,4.510714285714285,-47.777,1.8,5.056,3.5111111111111115,-47.7767,-47.777,1.9,5.056,3.3263157894736843,-47.777,2.1,5.056,3.009523809523809,-49.694,1.3,5.044,4.8500000000000005,-49.6941,-49.694,1.6,5.052,3.9468749999999995,-49.694,1.2,5.06,5.270833333333334,-52.172,1.2,5.06,5.270833333333334,,1.5,5.056,4.213333333333333,-47.777,1.8,5.064,3.516666666666667,-47.777,2.0,5.056,3.16,-47.777,1.8,5.064,3.516666666666667,,2.1,5.044,3.002380952380952,-49.694,1.7,5.048,3.711764705882353,
05-07-2026-Thu 14-20-08-PM,1.2,5.052,5.2625,-52.2375,-52.238,1.4,5.056,4.514285714285714,-52.238,1.2,5.048,5.258333333333334,-47.81,1.5,5.056,4.213333333333333,-47.8098,-47.81,1.8,5.056,3.5111111111111115,-47.81,1.8,5.052,3.5083333333333333,-49.793,1.1,5.04,5.7272727272727275,-49.7932,-49.793,1.7,5.056,3.71764705882353,-49.793,1.0,5.06,6.324999999999999,-52.238,1.6,5.06,3.9531249999999996,,1.5,5.052,4.209999999999999,-47.81,1.3,5.064,4.86923076923077,-47.81,1.8,5.052,3.5083333333333333,-47.81,1.7,5.064,3.723529411764706,,1.6,5.048,3.94375,-49.793,1.6,5.048,3.94375,
05-07-2026-Thu 14-20-43-PM,1.2,5.052,5.2625,-52.6998,-52.7,1.4,5.06,4.517857142857143,-52.7,1.3,5.048,4.853846153846154,-48.273,1.7,5.056,3.71764705882353,-48.2727,-48.273,1.9,5.056,3.3263157894736843,-48.273,1.7,5.056,3.71764705882353,-50.157,1.0,5.044,6.304999999999999,-50.1567,-50.157,1.3,5.052,4.857692307692308,-50.157,1.1,5.056,5.745454545454545,-52.7,1.5,5.056,4.213333333333333,,1.6,5.052,3.9468749999999995,-48.273,1.4,5.064,4.521428571428571,-48.273,1.9,5.052,3.3236842105263156,-48.273,1.9,5.064,3.331578947368421,,2.0,5.048,3.1550000000000002,-50.157,1.7,5.044,3.708823529411765,
05-07-2026-Thu 14-20-44-PM,1.4,5.052,4.510714285714285,-52.7328,-52.733,1.4,5.06,4.517857142857143,-52.733,1.3,5.048,4.853846153846154,-48.273,1.5,5.052,4.209999999999999,-48.2727,-48.273,1.5,5.052,4.209999999999999,-48.273,1.9,5.052,3.3236842105263156,-50.289,0.8,5.044,7.881249999999999,-50.2889,-50.289,1.6,5.056,3.95,-50.289,1.0,5.06,6.324999999999999,-52.733,1.6,5.056,3.95,,1.5,5.052,4.209999999999999,-48.273,1.6,5.064,3.9562500000000003,-48.273,1.8,5.052,3.5083333333333333,-48.273,1.6,5.064,3.9562500000000003,,1.7,5.044,3.708823529411765,-50.289,1.5,5.048,4.206666666666667,
05-07-2026-Thu 14-20-46-PM,1.4,5.052,4.510714285714285,-52.7658,-52.766,1.1,5.056,5.745454545454545,-52.766,1.3,5.052,4.857692307692308,-48.306,1.5,5.056,4.213333333333333,-48.3058,-48.306,1.7,5.052,3.714705882352941,-48.306,1.8,5.052,3.5083333333333333,-50.19,1.0,5.044,6.304999999999999,-50.1898,-50.19,1.7,5.056,3.71764705882353,-50.19,1.0,5.06,6.324999999999999,-52.766,1.3,5.06,4.865384615384616,,1.4,5.052,4.510714285714285,-48.306,1.4,5.064,4.521428571428571,-48.306,1.8,5.052,3.5083333333333333,-48.306,1.4,5.064,4.521428571428571,,1.8,5.048,3.5055555555555555,-50.19,1.3,5.052,4.857692307692308,
05-07-2026-Thu 14-20-47-PM,1.2,5.056,5.2666666666666675,-52.7328,-52.733,1.3,5.056,4.861538461538462,-52.733,1.2,5.052,5.2625,-48.306,1.4,5.056,4.514285714285714,-48.3058,-48.306,1.7,5.056,3.71764705882353,-48.306,1.8,5.056,3.5111111111111115,-50.355,1.0,5.044,6.304999999999999,-50.3549,-50.355,1.3,5.056,4.861538461538462,-50.355,1.1,5.06,5.749999999999999,-52.733,1.4,5.06,4.517857142857143,,1.2,5.056,5.2666666666666675,-48.306,1.5,5.064,4.22,-48.306,1.6,5.056,3.95,-48.306,1.6,5.064,3.9562500000000003,,1.8,5.048,3.5055555555555555,-50.355,1.7,5.052,3.714705882352941,
05-07-2026-Thu 14-20-48-PM,1.3,5.052,4.857692307692308,-52.7658,-52.766,1.3,5.06,4.865384615384616,-52.766,1.2,5.052,5.2625,-48.306,1.3,5.06,4.865384615384616,-48.3058,-48.306,1.6,5.052,3.9468749999999995,-48.306,1.5,5.052,4.209999999999999,-50.289,0.9,5.044,7.0055555555555555,-50.2889,-50.289,1.3,5.056,4.861538461538462,-50.289,1.1,5.06,5.749999999999999,-52.766,1.3,5.06,4.865384615384616,,1.2,5.052,5.2625,-48.306,1.7,5.064,3.723529411764706,-48.306,1.9,5.052,3.3236842105263156,-48.306,1.8,5.064,3.516666666666667,,1.6,5.048,3.94375,-50.289,1.5,5.048,4.206666666666667,
05-07-2026-Thu 14-20-50-PM,1.1,5.052,5.74090909090909,-52.7987,-52.799,1.1,5.056,5.745454545454545,-52.799,1.3,5.048,4.853846153846154,-48.372,1.5,5.06,4.216666666666667,-48.3719,-48.372,2.0,5.052,3.1574999999999993,-48.372,1.8,5.056,3.5111111111111115,-50.289,0.8,5.044,7.881249999999999,-50.2889,-50.289,1.4,5.052,4.510714285714285,-50.289,0.8,5.06,7.906249999999999,-52.799,1.7,5.06,3.7205882352941178,,0.9,5.056,7.022222222222223,-48.372,1.4,5.064,4.521428571428571,-48.372,1.6,5.056,3.95,-48.372,1.1,5.064,5.754545454545454,,1.6,5.048,3.94375,-50.289,1.5,5.048,4.206666666666667,
05-07-2026-Thu 14-21-18-PM,1.1,5.052,5.74090909090909,-53.1619,-53.162,1.5,5.056,4.213333333333333,-53.162,1.5,5.052,4.209999999999999,-48.702,1.4,5.06,4.517857142857143,-48.7025,-48.702,1.8,5.052,3.5083333333333333,-48.702,1.7,5.052,3.714705882352941,-50.652,0.8,5.044,7.881249999999999,-50.6522,-50.652,1.3,5.056,4.861538461538462,-50.652,0.8,5.06,7.906249999999999,-53.162,1.6,5.056,3.95,,1.3,5.056,4.861538461538462,-48.702,1.5,5.068,4.223333333333334,-48.702,1.7,5.056,3.71764705882353,-48.702,1.5,5.064,4.22,,1.4,5.048,4.507142857142857,-50.652,1.8,5.048,3.5055555555555555,
05-07-2026-Thu 14-21-19-PM,1.2,5.056,5.2666666666666675,-53.1949,-53.195,1.1,5.06,5.749999999999999,-53.195,1.6,5.048,3.94375,-48.736,1.7,5.06,3.7205882352941178,-48.7356,-48.736,1.4,5.052,4.510714285714285,-48.736,1.8,5.056,3.5111111111111115,-50.586,0.8,5.044,7.881249999999999,-50.5862,-50.586,1.1,5.06,5.749999999999999,-50.586,0.8,5.064,7.9125000000000005,-53.195,1.3,5.06,4.865384615384616,,1.4,5.056,4.514285714285714,-48.736,1.5,5.064,4.22,-48.736,1.8,5.056,3.5111111111111115,-48.736,1.7,5.064,3.723529411764706,,1.5,5.052,4.209999999999999,-50.586,1.6,5.052,3.9468749999999995,
05-07-2026-Thu 14-21-20-PM,1.3,5.056,4.861538461538462,-53.1949,-53.195,1.0,5.06,6.324999999999999,-53.195,1.4,5.048,4.507142857142857,-48.736,1.3,5.056,4.861538461538462,-48.7356,-48.736,1.5,5.056,4.213333333333333,-48.736,1.9,5.056,3.3263157894736843,-50.685,0.9,5.044,7.0055555555555555,-50.6853,-50.685,1.5,5.056,4.213333333333333,-50.685,0.8,5.06,7.906249999999999,-53.195,1.2,5.064,5.275,,1.5,5.056,4.213333333333333,-48.736,1.4,5.064,4.521428571428571,-48.736,1.7,5.052,3.714705882352941,-48.736,1.5,5.068,4.223333333333334,,2.0,5.048,3.1550000000000002,-50.685,1.3,5.052,4.857692307692308,
05-07-2026-Thu 14-21-22-PM,1.1,5.056,5.745454545454545,-53.2279,-53.228,1.2,5.06,5.270833333333334,-53.228,1.3,5.052,4.857692307692308,-48.736,1.6,5.056,3.95,-48.7356,-48.736,1.5,5.056,4.213333333333333,-48.736,1.9,5.052,3.3236842105263156,-50.751,1.0,5.044,6.304999999999999,-50.7514,-50.751,1.3,5.06,4.865384615384616,-50.751,0.9,5.064,7.033333333333334,-53.228,1.2,5.064,5.275,,1.2,5.056,5.2666666666666675,-48.736,1.3,5.064,4.86923076923077,-48.736,1.8,5.056,3.5111111111111115,-48.736,1.4,5.068,4.5249999999999995,,1.4,5.048,4.507142857142857,-50.751,1.3,5.048,4.853846153846154,
05-07-2026-Thu 14-21-23-PM,1.2,5.056,5.2666666666666675,-53.2279,-53.228,1.1,5.06,5.749999999999999,-53.228,1.2,5.052,5.2625,-48.769,1.0,5.06,6.324999999999999,-48.7686,-48.769,1.1,5.056,5.745454545454545,-48.769,1.4,5.056,4.514285714285714,-50.718,0.9,5.044,7.0055555555555555,-50.7184,-50.718,1.2,5.056,5.2666666666666675,-50.718,1.0,5.06,6.324999999999999,-53.228,1.2,5.056,5.2666666666666675,,1.6,5.056,3.95,-48.769,1.3,5.068,4.8730769230769235,-48.769,1.5,5.052,4.209999999999999,-48.769,1.6,5.064,3.9562500000000003,,1.8,5.052,3.5083333333333333,-50.718,1.3,5.052,4.857692307692308,
05-07-2026-Thu 14-21-24-PM,1.1,5.056,5.745454545454545,-53.2609,-53.261,1.3,5.06,4.865384615384616,-53.261,1.1,5.052,5.74090909090909,-48.769,1.5,5.056,4.213333333333333,-48.7686,-48.769,1.7,5.056,3.71764705882353,-48.769,1.7,5.052,3.714705882352941,-50.784,0.8,5.044,7.881249999999999,-50.7844,-50.784,1.3,5.056,4.861538461538462,-50.784,0.6,5.064,10.55,-53.261,1.2,5.06,5.270833333333334,,1.2,5.052,5.2625,-48.769,1.5,5.064,4.22,-48.769,1.7,5.056,3.71764705882353,-48.769,1.1,5.068,5.759090909090909,,1.5,5.048,4.206666666666667,-50.784,1.7,5.048,3.711764705882353,
05-07-2026-Thu 14-23-16-PM,1.3,5.056,4.861538461538462,-54.5148,-54.515,1.4,5.056,4.514285714285714,-54.515,1.5,5.048,4.206666666666667,-50.124,1.4,5.056,4.514285714285714,-50.1237,-50.124,1.5,5.052,4.209999999999999,-50.124,1.6,5.052,3.9468749999999995,-52.04,1.2,5.04,5.25,-52.0395,-52.04,1.5,5.056,4.213333333333333,-52.04,0.7,5.06,9.035714285714286,-54.515,1.4,5.056,4.514285714285714,,1.1,5.056,5.745454545454545,-50.124,1.2,5.064,5.275,-50.124,1.5,5.052,4.209999999999999,-50.124,1.4,5.068,4.5249999999999995,,1.6,5.048,3.94375,-52.04,1.5,5.048,4.206666666666667,
05-07-2026-Thu 14-23-17-PM,1.4,5.056,4.514285714285714,-54.5148,-54.515,1.0,5.056,6.32,-54.515,1.4,5.052,4.510714285714285,-50.157,1.2,5.056,5.2666666666666675,-50.1567,-50.157,1.4,5.052,4.510714285714285,-50.157,1.7,5.052,3.714705882352941,-52.072,0.7,5.04,9.0,-52.0725,-52.072,1.0,5.056,6.32,-52.072,0.9,5.06,7.027777777777778,-54.515,1.3,5.056,4.861538461538462,,1.4,5.052,4.510714285714285,-50.157,1.4,5.064,4.521428571428571,-50.157,1.6,5.056,3.95,-50.157,1.1,5.06,5.749999999999999,,1.3,5.048,4.853846153846154,-52.072,1.3,5.048,4.853846153846154,
05-07-2026-Thu 14-23-18-PM,1.1,5.052,5.74090909090909,-54.5478,-54.548,1.0,5.056,6.32,-54.548,1.2,5.048,5.258333333333334,-50.19,1.2,5.056,5.2666666666666675,-50.1898,-50.19,1.2,5.052,5.2625,-50.19,1.4,5.056,4.514285714285714,-52.072,0.8,5.044,7.881249999999999,-52.0725,-52.072,1.1,5.06,5.749999999999999,-52.072,0.9,5.06,7.027777777777778,-54.548,1.1,5.06,5.749999999999999,,1.3,5.052,4.857692307692308,-50.19,1.1,5.064,5.754545454545454,-50.19,1.6,5.052,3.9468749999999995,-50.19,1.1,5.064,5.754545454545454,,1.4,5.048,4.507142857142857,-52.072,1.4,5.048,4.507142857142857,
05-07-2026-Thu 14-24-29-PM,0.9,5.052,7.016666666666667,-55.5374,-55.537,1.2,5.056,5.2666666666666675,-55.537,1.2,5.048,5.258333333333334,-51.247,1.3,5.056,4.861538461538462,-51.2469,-51.247,1.5,5.056,4.213333333333333,-51.247,1.6,5.052,3.9468749999999995,-53.261,0.8,5.044,7.881249999999999,-53.2609,-53.261,1.3,5.056,4.861538461538462,-53.261,0.8,5.06,7.906249999999999,-55.537,1.0,5.06,6.324999999999999,,1.3,5.052,4.857692307692308,-51.247,1.3,5.064,4.86923076923077,-51.247,1.5,5.052,4.209999999999999,-51.247,1.0,5.064,6.33,,1.4,5.048,4.507142857142857,-53.261,1.2,5.044,5.254166666666666,
05-07-2026-Thu 14-24-31-PM,1.2,5.052,5.2625,-55.6032,-55.603,0.8,5.06,7.906249999999999,-55.603,1.1,5.048,5.736363636363636,-51.346,1.1,5.056,5.745454545454545,-51.3459,-51.346,1.4,5.052,4.510714285714285,-51.346,1.4,5.052,4.510714285714285,-53.327,0.8,5.04,7.875,-53.3269,-53.327,1.3,5.056,4.861538461538462,-53.327,0.8,5.06,7.906249999999999,-55.603,1.1,5.06,5.749999999999999,,1.2,5.056,5.2666666666666675,-51.346,1.1,5.068,5.759090909090909,-51.346,1.5,5.056,4.213333333333333,-51.346,1.4,5.06,4.517857142857143,,1.2,5.048,5.258333333333334,-53.327,1.3,5.048,4.853846153846154,
05-07-2026-Thu 14-24-32-PM,0.9,5.052,7.016666666666667,-55.6362,-55.636,0.8,5.056,7.9,-55.636,1.0,5.048,6.3100000000000005,-51.379,1.0,5.056,6.32,-51.379,-51.379,1.4,5.052,4.510714285714285,-51.379,1.3,5.052,4.857692307692308,-53.426,0.8,5.044,7.881249999999999,-53.4259,-53.426,1.1,5.056,5.745454545454545,-53.426,0.8,5.06,7.906249999999999,-55.636,1.1,5.056,5.745454545454545,,1.2,5.052,5.2625,-51.379,1.3,5.064,4.86923076923077,-51.379,1.4,5.056,4.514285714285714,-51.379,1.1,5.064,5.754545454545454,,1.3,5.052,4.857692307692308,-53.426,1.1,5.048,5.736363636363636,
05-07-2026-Thu 14-24-33-PM,0.9,5.056,7.022222222222223,-55.6692,-55.669,0.9,5.06,7.027777777777778,-55.669,1.1,5.052,5.74090909090909,-51.445,1.3,5.056,4.861538461538462,-51.445,-51.445,1.1,5.056,5.745454545454545,-51.445,1.4,5.056,4.514285714285714,-53.459,0.8,5.04,7.875,-53.4589,-53.459,1.0,5.052,6.314999999999999,-53.459,0.5,5.064,12.66,-55.669,1.1,5.06,5.749999999999999,,1.0,5.052,6.314999999999999,-51.445,1.1,5.064,5.754545454545454,-51.445,1.5,5.052,4.209999999999999,-51.445,1.2,5.06,5.270833333333334,,1.6,5.048,3.94375,-53.459,1.3,5.048,4.853846153846154,
05-07-2026-Thu 14-24-35-PM,0.8,5.056,7.9,-55.7022,-55.702,0.9,5.06,7.027777777777778,-55.702,1.1,5.048,5.736363636363636,-51.478,0.9,5.056,7.022222222222223,-51.478,-51.478,1.1,5.052,5.74090909090909,-51.478,1.3,5.052,4.857692307692308,-53.426,0.7,5.044,9.007142857142856,-53.4259,-53.426,1.1,5.056,5.745454545454545,-53.426,0.5,5.06,12.649999999999999,-55.702,0.9,5.056,7.022222222222223,,1.0,5.056,6.32,-51.478,1.0,5.064,6.33,-51.478,1.3,5.052,4.857692307692308,-51.478,1.0,5.064,6.33,,1.2,5.048,5.258333333333334,-53.426,1.1,5.052,5.74090909090909,
05-07-2026-Thu 14-24-54-PM,1.0,5.056,6.32,-56.1968,-56.197,0.7,5.056,9.028571428571428,-56.197,1.4,5.052,4.510714285714285,-51.94,1.1,5.056,5.745454545454545,-51.9404,-51.94,1.3,5.056,4.861538461538462,-51.94,1.3,5.056,4.861538461538462,-53.954,0.7,5.044,9.007142857142856,-53.9538,-53.954,0.9,5.056,7.022222222222223,-53.954,0.8,5.064,7.9125000000000005,-56.197,1.2,5.06,5.270833333333334,,0.7,5.056,9.028571428571428,-51.94,1.0,5.064,6.33,-51.94,1.4,5.056,4.514285714285714,-51.94,0.9,5.068,7.038888888888888,,1.4,5.048,4.507142857142857,-53.954,0.9,5.052,7.016666666666667,
05-07-2026-Thu 14-24-56-PM,0.7,5.052,9.02142857142857,-56.2957,-56.296,0.9,5.06,7.027777777777778,-56.296,1.2,5.052,5.2625,-52.04,0.9,5.056,7.022222222222223,-52.0395,-52.04,1.0,5.056,6.32,-52.04,1.4,5.056,4.514285714285714,-53.954,0.6,5.044,10.508333333333333,-53.9538,-53.954,0.6,5.052,10.525,-53.954,0.9,5.064,7.033333333333334,-56.296,0.9,5.06,7.027777777777778,,1.1,5.056,5.745454545454545,-52.04,1.0,5.064,6.33,-52.04,1.2,5.052,5.2625,-52.04,1.1,5.068,5.759090909090909,,1.2,5.048,5.258333333333334,-53.954,1.0,5.052,6.314999999999999,
05-07-2026-Thu 14-24-57-PM,0.9,5.056,7.022222222222223,-56.3616,-56.362,0.8,5.056,7.9,-56.362,0.9,5.048,7.011111111111111,-52.072,1.0,5.056,6.32,-52.0725,-52.072,0.9,5.056,7.022222222222223,-52.072,1.0,5.056,6.32,-54.086,0.6,5.044,10.508333333333333,-54.0859,-54.086,0.7,5.056,9.028571428571428,-54.086,0.3,5.064,21.1,-56.362,1.0,5.064,6.33,,0.9,5.056,7.022222222222223,-52.072,1.3,5.068,4.8730769230769235,-52.072,1.2,5.056,5.2666666666666675,-52.072,1.0,5.068,6.334999999999999,,1.0,5.048,6.3100000000000005,-54.086,1.3,5.052,4.857692307692308,
05-07-2026-Thu 14-24-59-PM,0.8,5.056,7.9,-56.3946,-56.395,0.8,5.06,7.906249999999999,-56.395,1.1,5.052,5.74090909090909,-52.106,0.8,5.056,7.9,-52.1055,-52.106,0.7,5.052,9.02142857142857,-52.106,1.2,5.052,5.2625,-54.152,0.8,5.044,7.881249999999999,-54.1519,-54.152,1.0,5.056,6.32,-54.152,0.5,5.06,12.649999999999999,-56.395,1.4,5.06,4.517857142857143,,1.0,5.056,6.32,-52.106,0.9,5.064,7.033333333333334,-52.106,1.1,5.052,5.74090909090909,-52.106,0.7,5.068,9.049999999999999,,1.2,5.048,5.258333333333334,-54.152,0.8,5.052,7.893749999999999,
05-07-2026-Thu 14-25-00-PM,0.6,5.056,10.533333333333335,-56.3946,-56.395,0.8,5.06,7.906249999999999,-56.395,1.3,5.052,4.857692307692308,-52.138,0.9,5.06,7.027777777777778,-52.1385,-52.138,1.0,5.056,6.32,-52.138,1.3,5.056,4.861538461538462,-54.119,0.7,5.044,9.007142857142856,-54.1189,-54.119,0.8,5.056,7.9,-54.119,0.5,5.06,12.649999999999999,-56.395,1.0,5.06,6.324999999999999,,1.2,5.056,5.2666666666666675,-52.138,1.1,5.068,5.759090909090909,-52.138,1.0,5.052,6.314999999999999,-52.138,1.0,5.064,6.33,,1.1,5.048,5.736363636363636,-54.119,1.2,5.052,5.2625,
05-07-2026-Thu 14-25-02-PM,0.7,5.052,9.02142857142857,-56.4606,-56.461,0.7,5.056,9.028571428571428,-56.461,1.1,5.048,5.736363636363636,-52.205,0.8,5.056,7.9,-52.2046,-52.205,1.0,5.056,6.32,-52.205,1.2,5.052,5.2625,-54.152,0.7,5.044,9.007142857142856,-54.1519,-54.152,0.6,5.056,10.533333333333335,-54.152,0.5,5.06,12.649999999999999,-56.461,0.7,5.06,9.035714285714286,,0.8,5.052,7.893749999999999,-52.205,0.8,5.064,7.9125000000000005,-52.205,1.1,5.056,5.745454545454545,-52.205,1.1,5.064,5.754545454545454,,1.0,5.048,6.3100000000000005,-54.152,0.9,5.052,7.016666666666667,
05-07-2026-Thu 14-25-34-PM,0.7,5.056,9.028571428571428,-57.2515,-57.252,1.0,5.06,6.324999999999999,-57.252,1.1,5.048,5.736363636363636,-52.997,1.0,5.056,6.32,-52.9968,-52.997,1.1,5.056,5.745454545454545,-52.997,1.2,5.056,5.2666666666666675,-54.878,0.5,5.048,12.620000000000001,-54.8777,-54.878,0.6,5.056,10.533333333333335,-54.878,0.5,5.06,12.649999999999999,-57.252,1.0,5.06,6.324999999999999,,0.7,5.052,9.02142857142857,-52.997,0.9,5.064,7.033333333333334,-52.997,1.5,5.056,4.213333333333333,-52.997,1.1,5.064,5.754545454545454,,1.4,5.048,4.507142857142857,-54.878,1.2,5.052,5.2625,
05-07-2026-Thu 14-25-35-PM,0.9,5.056,7.022222222222223,-57.2846,-57.285,0.5,5.056,12.64,-57.285,1.1,5.052,5.74090909090909,-53.03,0.9,5.056,7.022222222222223,-53.0299,-53.03,1.1,5.056,5.745454545454545,-53.03,1.3,5.056,4.861538461538462,-55.01,0.7,5.048,9.014285714285714,-55.0096,-55.01,0.9,5.056,7.022222222222223,-55.01,0.6,5.064,10.55,-57.285,1.2,5.06,5.270833333333334,,0.9,5.056,7.022222222222223,-53.03,0.8,5.068,7.918749999999999,-53.03,1.2,5.056,5.2666666666666675,-53.03,1.2,5.068,5.279166666666667,,1.3,5.048,4.853846153846154,-55.01,0.7,5.052,9.02142857142857,
05-07-2026-Thu 14-25-36-PM,0.8,5.056,7.9,-57.3175,-57.318,0.7,5.06,9.035714285714286,-57.318,0.9,5.052,7.016666666666667,-53.063,0.9,5.06,7.027777777777778,-53.0629,-53.063,0.9,5.056,7.022222222222223,-53.063,1.3,5.056,4.861538461538462,-55.043,0.4,5.044,15.762499999999998,-55.0426,-55.043,0.8,5.056,7.9,-55.043,0.5,5.064,12.66,-57.318,1.1,5.056,5.745454545454545,,0.9,5.056,7.022222222222223,-53.063,1.0,5.068,6.334999999999999,-53.063,1.1,5.056,5.745454545454545,-53.063,1.0,5.068,6.334999999999999,,0.8,5.048,7.8875,-55.043,0.8,5.056,7.9,
05-07-2026-Thu 14-25-38-PM,0.6,5.056,10.533333333333335,-57.3505,-57.35,0.8,5.06,7.906249999999999,-57.35,1.1,5.048,5.736363636363636,-53.063,1.1,5.056,5.745454545454545,-53.0629,-53.063,0.7,5.056,9.028571428571428,-53.063,1.4,5.056,4.514285714285714,-55.108,0.7,5.044,9.007142857142856,-55.1085,-55.108,0.8,5.056,7.9,-55.108,0.4,5.064,15.825000000000001,-57.35,0.9,5.06,7.027777777777778,,0.8,5.056,7.9,-53.063,0.8,5.068,7.918749999999999,-53.063,1.0,5.056,6.32,-53.063,1.0,5.064,6.33,,1.0,5.048,6.3100000000000005,-55.108,0.9,5.052,7.016666666666667,
05-07-2026-Thu 14-26-27-PM,0.7,5.056,9.028571428571428,-58.4378,-58.438,0.9,5.06,7.027777777777778,-58.438,0.8,5.056,7.9,-54.086,0.9,5.06,7.027777777777778,-54.0859,-54.086,0.9,5.052,7.016666666666667,-54.086,1.3,5.052,4.857692307692308,-56.065,0.5,5.044,12.609999999999998,-56.0649,-56.065,0.7,5.06,9.035714285714286,-56.065,0.4,5.064,15.825000000000001,-58.438,0.9,5.064,7.033333333333334,,0.7,5.056,9.028571428571428,-54.086,0.8,5.068,7.918749999999999,-54.086,1.1,5.056,5.745454545454545,-54.086,1.1,5.068,5.759090909090909,,0.9,5.052,7.016666666666667,-56.065,0.9,5.052,7.016666666666667,
05-07-2026-Thu 14-26-29-PM,0.6,5.052,10.525,-58.4378,-58.438,0.8,5.06,7.906249999999999,-58.438,1.0,5.052,6.314999999999999,-54.119,0.9,5.06,7.027777777777778,-54.1189,-54.119,0.7,5.056,9.028571428571428,-54.119,1.2,5.056,5.2666666666666675,-56.131,0.7,5.044,9.007142857142856,-56.1309,-56.131,0.7,5.06,9.035714285714286,-56.131,0.3,5.064,21.1,-58.438,0.9,5.06,7.027777777777778,,1.0,5.06,6.324999999999999,-54.119,0.7,5.068,9.049999999999999,-54.119,0.9,5.056,7.022222222222223,-54.119,1.0,5.064,6.33,,1.1,5.052,5.74090909090909,-56.131,0.8,5.056,7.9,
05-07-2026-Thu 14-26-30-PM,0.7,5.056,9.028571428571428,-58.5037,-58.504,0.8,5.06,7.906249999999999,-58.504,0.9,5.052,7.016666666666667,-54.152,0.5,5.056,12.64,-54.1519,-54.152,1.0,5.056,6.32,-54.152,1.2,5.056,5.2666666666666675,-56.164,0.3,5.044,21.016666666666666,-56.1638,-56.164,0.8,5.056,7.9,-56.164,0.3,5.064,21.1,-58.504,0.6,5.064,10.55,,0.9,5.056,7.022222222222223,-54.152,0.8,5.068,7.918749999999999,-54.152,1.0,5.056,6.32,-54.152,0.9,5.068,7.038888888888888,,1.1,5.052,5.74090909090909,-56.164,0.7,5.052,9.02142857142857,
05-07-2026-Thu 14-26-31-PM,0.8,5.056,7.9,-58.5037,-58.504,0.8,5.06,7.906249999999999,-58.504,0.6,5.052,10.525,-54.152,0.8,5.06,7.906249999999999,-54.1519,-54.152,0.9,5.056,7.022222222222223,-54.152,0.9,5.052,7.016666666666667,-56.131,0.6,5.044,10.508333333333333,-56.1309,-56.131,0.7,5.056,9.028571428571428,-56.131,0.4,5.06,15.812499999999998,-58.504,0.6,5.056,10.533333333333335,,0.9,5.056,7.022222222222223,-54.152,0.8,5.068,7.918749999999999,-54.152,0.9,5.056,7.022222222222223,-54.152,0.8,5.068,7.918749999999999,,0.9,5.052,7.016666666666667,-56.131,0.9,5.052,7.016666666666667,
05-07-2026-Thu 14-26-33-PM,0.4,5.056,15.8,-58.5367,-58.537,0.7,5.06,9.035714285714286,-58.537,0.8,5.052,7.893749999999999,-54.218,0.9,5.056,7.022222222222223,-54.2179,-54.218,0.9,5.056,7.022222222222223,-54.218,1.1,5.056,5.745454545454545,-56.263,0.7,5.048,9.014285714285714,-56.2626,-56.263,0.7,5.06,9.035714285714286,-56.263,0.4,5.064,15.825000000000001,-58.537,0.7,5.06,9.035714285714286,,0.6,5.056,10.533333333333335,-54.218,0.7,5.068,9.049999999999999,-54.218,0.8,5.06,7.906249999999999,-54.218,0.9,5.064,7.033333333333334,,0.8,5.052,7.893749999999999,-56.263,0.5,5.052,12.629999999999997,
05-07-2026-Thu 14-27-02-PM,0.8,5.056,7.9,-59.1625,-59.162,0.9,5.06,7.027777777777778,-59.162,1.0,5.052,6.314999999999999,-54.746,0.8,5.056,7.9,-54.7457,-54.746,0.9,5.052,7.016666666666667,-54.746,1.1,5.052,5.74090909090909,-56.79,0.6,5.044,10.508333333333333,-56.7902,-56.79,0.6,5.056,10.533333333333335,-56.79,0.5,5.064,12.66,-59.162,0.6,5.064,10.55,,0.9,5.06,7.027777777777778,-54.746,0.7,5.068,9.049999999999999,-54.746,1.1,5.056,5.745454545454545,-54.746,1.0,5.068,6.334999999999999,,0.9,5.052,7.016666666666667,-56.79,0.9,5.052,7.016666666666667,
05-07-2026-Thu 14-27-04-PM,0.6,5.056,10.533333333333335,-59.2613,-59.261,0.7,5.06,9.035714285714286,-59.261,0.9,5.052,7.016666666666667,-54.746,0.8,5.06,7.906249999999999,-54.7457,-54.746,0.8,5.056,7.9,-54.746,1.2,5.056,5.2666666666666675,-56.724,0.5,5.044,12.609999999999998,-56.7243,-56.724,0.7,5.06,9.035714285714286,-56.724,0.4,5.064,15.825000000000001,-59.261,0.8,5.06,7.906249999999999,,0.8,5.056,7.9,-54.746,0.8,5.064,7.9125000000000005,-54.746,0.8,5.056,7.9,-54.746,0.9,5.068,7.038888888888888,,0.9,5.052,7.016666666666667,-56.724,0.4,5.048,15.775,
05-07-2026-Thu 14-27-05-PM,0.6,5.052,10.525,-59.2613,-59.261,0.6,5.06,10.541666666666668,-59.261,0.8,5.052,7.893749999999999,-54.779,0.6,5.056,10.533333333333335,-54.7787,-54.779,0.9,5.056,7.022222222222223,-54.779,1.1,5.056,5.745454545454545,-56.79,0.5,5.044,12.609999999999998,-56.7902,-56.79,0.6,5.056,10.533333333333335,-56.79,0.1,5.064,63.300000000000004,-59.261,0.9,5.064,7.033333333333334,,0.9,5.056,7.022222222222223,-54.779,0.9,5.064,7.033333333333334,-54.779,0.9,5.056,7.022222222222223,-54.779,0.9,5.064,7.033333333333334,,1.1,5.052,5.74090909090909,-56.79,0.5,5.048,12.620000000000001,
05-07-2026-Thu 14-27-06-PM,0.6,5.06,10.541666666666668,-59.2942,-59.294,0.6,5.06,10.541666666666668,-59.294,0.7,5.052,9.02142857142857,-54.779,0.7,5.056,9.028571428571428,-54.7787,-54.779,0.7,5.06,9.035714285714286,-54.779,1.1,5.056,5.745454545454545,-56.79,0.3,5.044,21.016666666666666,-56.7902,-56.79,0.5,5.06,12.649999999999999,-56.79,0.5,5.064,12.66,-59.294,0.7,5.06,9.035714285714286,,0.9,5.056,7.022222222222223,-54.779,0.7,5.068,9.049999999999999,-54.779,0.8,5.052,7.893749999999999,-54.779,0.6,5.068,10.558333333333334,,0.6,5.052,10.525,-56.79,0.5,5.056,12.64,
05-07-2026-Thu 14-27-08-PM,0.6,5.052,10.525,-59.3271,-59.327,0.4,5.056,15.8,-59.327,0.5,5.052,12.629999999999997,-54.812,0.8,5.056,7.9,-54.8117,-54.812,0.9,5.056,7.022222222222223,-54.812,0.9,5.056,7.022222222222223,-56.823,0.4,5.044,15.762499999999998,-56.8232,-56.823,0.7,5.06,9.035714285714286,-56.823,0.3,5.064,21.1,-59.327,0.9,5.06,7.027777777777778,,1.1,5.06,5.749999999999999,-54.812,0.5,5.068,12.669999999999998,-54.812,0.8,5.056,7.9,-54.812,0.6,5.068,10.558333333333334,,1.0,5.048,6.3100000000000005,-56.823,0.7,5.052,9.02142857142857,
05-07-2026-Thu 14-27-09-PM,0.7,5.056,9.028571428571428,-59.3601,-59.36,0.6,5.06,10.541666666666668,-59.36,0.7,5.052,9.02142857142857,-54.845,0.8,5.06,7.906249999999999,-54.8447,-54.845,0.6,5.056,10.533333333333335,-54.845,1.2,5.056,5.2666666666666675,-56.856,0.4,5.044,15.762499999999998,-56.8562,-56.856,0.7,5.056,9.028571428571428,-56.856,0.1,5.064,63.300000000000004,-59.36,0.5,5.064,12.66,,0.9,5.06,7.027777777777778,-54.845,0.8,5.068,7.918749999999999,-54.845,0.9,5.056,7.022222222222223,-54.845,0.7,5.068,9.049999999999999,,0.8,5.052,7.893749999999999,-56.856,0.7,5.052,9.02142857142857,
05-07-2026-Thu 14-27-10-PM,0.6,5.056,10.533333333333335,-59.3929,-59.393,0.6,5.06,10.541666666666668,-59.393,0.7,5.052,9.02142857142857,-54.845,0.6,5.06,10.541666666666668,-54.8447,-54.845,0.8,5.056,7.9,-54.845,0.9,5.056,7.022222222222223,-56.856,0.7,5.048,9.014285714285714,-56.8562,-56.856,0.8,5.056,7.9,-56.856,0.2,5.06,31.624999999999996,-59.393,0.7,5.06,9.035714285714286,,0.4,5.056,15.8,-54.845,0.8,5.068,7.918749999999999,-54.845,1.1,5.056,5.745454545454545,-54.845,0.8,5.068,7.918749999999999,,0.8,5.048,7.8875,-56.856,0.6,5.052,10.525,
05-07-2026-Thu 14-27-12-PM,0.8,5.056,7.9,-59.4259,-59.426,0.5,5.06,12.649999999999999,-59.426,0.9,5.052,7.016666666666667,-54.878,0.6,5.06,10.541666666666668,-54.8777,-54.878,0.7,5.056,9.028571428571428,-54.878,1.0,5.056,6.32,-56.955,0.4,5.048,15.775,-56.955,-56.955,0.8,5.056,7.9,-56.955,0.5,5.06,12.649999999999999,-59.426,0.5,5.06,12.649999999999999,,0.6,5.06,10.541666666666668,-54.878,0.7,5.064,9.042857142857143,-54.878,0.9,5.056,7.022222222222223,-54.878,0.8,5.064,7.9125000000000005,,0.7,5.052,9.02142857142857,-56.955,0.5,5.052,12.629999999999997,
05-07-2026-Thu 14-28-22-PM,0.8,5.052,7.893749999999999,-60.9075,-60.908,0.7,5.06,9.035714285714286,-60.908,0.7,5.048,9.014285714285714,-56.098,1.0,5.056,6.32,-56.0978,-56.098,0.7,5.056,9.028571428571428,-56.098,0.8,5.052,7.893749999999999,-58.273,0.6,5.044,10.508333333333333,-58.2731,-58.273,0.7,5.056,9.028571428571428,-58.273,0.5,5.06,12.649999999999999,-60.908,0.9,5.06,7.027777777777778,,0.8,5.056,7.9,-56.098,0.8,5.068,7.918749999999999,-56.098,1.2,5.056,5.2666666666666675,-56.098,0.7,5.068,9.049999999999999,,0.9,5.048,7.011111111111111,-58.273,0.3,5.052,21.05,
05-07-2026-Thu 14-28-23-PM,0.6,5.056,10.533333333333335,-60.9404,-60.94,0.3,5.06,21.083333333333336,-60.94,0.7,5.052,9.02142857142857,-56.098,0.6,5.056,10.533333333333335,-56.0978,-56.098,0.7,5.056,9.028571428571428,-56.098,0.8,5.056,7.9,-58.306,0.2,5.044,31.524999999999995,-58.306,-58.306,0.4,5.056,15.8,-58.306,0.1,5.064,63.300000000000004,-60.94,0.6,5.06,10.541666666666668,,0.9,5.052,7.016666666666667,-56.098,0.8,5.064,7.9125000000000005,-56.098,1.1,5.056,5.745454545454545,-56.098,0.9,5.064,7.033333333333334,,0.8,5.052,7.893749999999999,-58.306,0.9,5.052,7.016666666666667,
05-07-2026-Thu 14-28-25-PM,0.4,5.056,15.8,-60.9732,-60.973,0.6,5.06,10.541666666666668,-60.973,0.5,5.048,12.620000000000001,-56.131,0.5,5.06,12.649999999999999,-56.1309,-56.131,0.6,5.056,10.533333333333335,-56.131,1.1,5.056,5.745454545454545,-58.339,0.4,5.044,15.762499999999998,-58.339,-58.339,0.7,5.06,9.035714285714286,-58.339,0.4,5.064,15.825000000000001,-60.973,0.5,5.06,12.649999999999999,,0.3,5.06,21.083333333333336,-56.131,0.7,5.068,9.049999999999999,-56.131,0.7,5.056,9.028571428571428,-56.131,1.0,5.064,6.33,,1.0,5.052,6.314999999999999,-58.339,0.5,5.052,12.629999999999997,
05-07-2026-Thu 14-29-02-PM,0.5,5.06,12.649999999999999,-61.6971,-61.697,0.7,5.06,9.035714285714286,-61.697,0.7,5.052,9.02142857142857,-56.757,0.3,5.056,21.06666666666667,-56.7572,-56.757,0.7,5.056,9.028571428571428,-56.757,0.9,5.056,7.022222222222223,-59.097,0.2,5.044,31.524999999999995,-59.0966,-59.097,0.6,5.06,10.541666666666668,-59.097,0.4,5.064,15.825000000000001,-61.697,0.7,5.06,9.035714285714286,,0.7,5.056,9.028571428571428,-56.757,0.7,5.068,9.049999999999999,-56.757,0.9,5.052,7.016666666666667,-56.757,0.6,5.068,10.558333333333334,,0.8,5.052,7.893749999999999,-59.097,0.7,5.052,9.02142857142857,
05-07-2026-Thu 14-29-03-PM,0.7,5.056,9.028571428571428,-61.7301,-61.73,0.4,5.064,15.825000000000001,-61.73,0.5,5.052,12.629999999999997,-56.79,0.8,5.056,7.9,-56.7902,-56.79,0.7,5.056,9.028571428571428,-56.79,0.9,5.056,7.022222222222223,-59.064,0.3,5.048,21.033333333333335,-59.0636,-59.064,0.6,5.056,10.533333333333335,-59.064,0.4,5.064,15.825000000000001,-61.73,0.5,5.064,12.66,,0.5,5.056,12.64,-56.79,0.7,5.064,9.042857142857143,-56.79,0.8,5.056,7.9,-56.79,0.7,5.068,9.049999999999999,,0.7,5.052,9.02142857142857,-59.064,0.7,5.052,9.02142857142857,
05-07-2026-Thu 14-29-05-PM,0.5,5.056,12.64,-61.763,-61.763,0.3,5.06,21.083333333333336,-61.763,0.9,5.056,7.022222222222223,-56.823,0.6,5.056,10.533333333333335,-56.8232,-56.823,0.8,5.056,7.9,-56.823,0.9,5.056,7.022222222222223,-59.195,0.3,5.044,21.016666666666666,-59.1954,-59.195,0.6,5.06,10.541666666666668,-59.195,0.4,5.064,15.825000000000001,-61.763,0.4,5.06,15.812499999999998,,0.8,5.056,7.9,-56.823,0.7,5.064,9.042857142857143,-56.823,0.8,5.056,7.9,-56.823,0.4,5.068,15.837499999999999,,0.6,5.052,10.525,-59.195,0.5,5.052,12.629999999999997,
05-07-2026-Thu 14-29-06-PM,0.4,5.056,15.8,-61.7301,-61.73,0.6,5.06,10.541666666666668,-61.73,0.6,5.056,10.533333333333335,-56.823,0.5,5.06,12.649999999999999,-56.8232,-56.823,0.8,5.056,7.9,-56.823,0.9,5.056,7.022222222222223,-59.162,0.4,5.048,15.775,-59.1625,-59.162,0.6,5.056,10.533333333333335,-59.162,0.2,5.064,31.650000000000002,-61.73,0.6,5.06,10.541666666666668,,0.7,5.056,9.028571428571428,-56.823,0.6,5.068,10.558333333333334,-56.823,0.7,5.056,9.028571428571428,-56.823,0.6,5.068,10.558333333333334,,0.5,5.048,12.620000000000001,-59.162,0.5,5.048,12.620000000000001,
05-07-2026-Thu 14-29-07-PM,0.4,5.056,15.8,-61.7959,-61.796,0.6,5.06,10.541666666666668,-61.796,0.5,5.048,12.620000000000001,-56.856,0.6,5.056,10.533333333333335,-56.8562,-56.856,0.9,5.056,7.022222222222223,-56.856,0.7,5.056,9.028571428571428,-59.195,0.3,5.044,21.016666666666666,-59.1954,-59.195,0.7,5.056,9.028571428571428,-59.195,0.4,5.064,15.825000000000001,-61.796,0.5,5.06,12.649999999999999,,0.8,5.056,7.9,-56.856,0.3,5.064,21.1,-56.856,0.9,5.056,7.022222222222223,-56.856,0.4,5.064,15.825000000000001,,0.6,5.048,10.516666666666667,-59.195,0.2,5.052,31.574999999999996,
05-07-2026-Thu 14-30-16-PM,0.4,5.056,15.8,-62.9144,-62.914,0.2,5.06,31.624999999999996,-62.914,0.7,5.052,9.02142857142857,-58.01,0.5,5.06,12.649999999999999,-58.0095,-58.01,0.8,5.056,7.9,-58.01,1.0,5.06,6.324999999999999,-60.315,0.5,5.048,12.620000000000001,-60.3149,-60.315,0.6,5.056,10.533333333333335,-60.315,0.5,5.064,12.66,-62.914,0.5,5.06,12.649999999999999,,0.4,5.056,15.8,-58.01,0.6,5.068,10.558333333333334,-58.01,0.8,5.056,7.9,-58.01,0.5,5.068,12.669999999999998,,0.8,5.052,7.893749999999999,-60.315,0.8,5.052,7.893749999999999,
05-07-2026-Thu 14-30-18-PM,0.5,5.056,12.64,-62.9473,-62.947,0.4,5.06,15.812499999999998,-62.947,0.7,5.056,9.028571428571428,-57.977,0.5,5.06,12.649999999999999,-57.9766,-57.977,0.5,5.06,12.649999999999999,-57.977,1.0,5.056,6.32,-60.348,0.2,5.048,31.55,-60.3478,-60.348,0.6,5.06,10.541666666666668,-60.348,0.4,5.064,15.825000000000001,-62.947,0.5,5.064,12.66,,0.6,5.056,10.533333333333335,-57.977,0.5,5.068,12.669999999999998,-57.977,0.9,5.056,7.022222222222223,-57.977,0.4,5.064,15.825000000000001,,0.6,5.052,10.525,-60.348,0.7,5.056,9.028571428571428,
05-07-2026-Thu 14-30-19-PM,0.5,5.056,12.64,-62.9473,-62.947,0.5,5.056,12.64,-62.947,0.4,5.052,15.787499999999998,-58.042,0.6,5.056,10.533333333333335,-58.0425,-58.042,0.7,5.056,9.028571428571428,-58.042,0.9,5.056,7.022222222222223,-60.348,0.4,5.044,15.762499999999998,-60.3478,-60.348,0.3,5.06,21.083333333333336,-60.348,0.2,5.06,31.624999999999996,-62.947,0.5,5.06,12.649999999999999,,0.6,5.056,10.533333333333335,-58.042,0.5,5.068,12.669999999999998,-58.042,0.8,5.056,7.9,-58.042,0.7,5.068,9.049999999999999,,0.7,5.056,9.028571428571428,-60.348,0.4,5.052,15.787499999999998,
05-07-2026-Thu 14-30-20-PM,0.3,5.06,21.083333333333336,-63.0129,-63.013,0.4,5.056,15.8,-63.013,0.5,5.052,12.629999999999997,-58.042,0.5,5.056,12.64,-58.0425,-58.042,0.5,5.056,12.64,-58.042,0.7,5.056,9.028571428571428,-60.381,0.3,5.048,21.033333333333335,-60.3807,-60.381,0.4,5.06,15.812499999999998,-60.381,0.4,5.064,15.825000000000001,-63.013,0.5,5.064,12.66,,0.7,5.06,9.035714285714286,-58.042,0.5,5.068,12.669999999999998,-58.042,0.5,5.056,12.64,-58.042,0.5,5.072,12.68,,0.8,5.052,7.893749999999999,-60.381,0.6,5.052,10.525,
05-07-2026-Thu 14-31-12-PM,0.4,5.056,15.8,-63.7035,-63.704,0.2,5.06,31.624999999999996,-63.704,0.6,5.056,10.533333333333335,-58.833,0.4,5.056,15.8,-58.8331,-58.833,0.6,5.056,10.533333333333335,-58.833,0.7,5.052,9.02142857142857,-61.302,0.3,5.048,21.033333333333335,-61.3024,-61.302,0.6,5.06,10.541666666666668,-61.302,0.0,5.064,inf,-63.704,0.3,5.06,21.083333333333336,,0.6,5.056,10.533333333333335,-58.833,0.4,5.072,15.85,-58.833,0.7,5.056,9.028571428571428,-58.833,0.6,5.068,10.558333333333334,,0.7,5.048,9.014285714285714,-61.302,0.2,5.052,31.574999999999996,
05-07-2026-Thu 14-31-13-PM,0.3,5.06,21.083333333333336,-63.7035,-63.704,0.6,5.064,10.55,-63.704,0.6,5.056,10.533333333333335,-58.866,0.4,5.06,15.812499999999998,-58.8661,-58.866,0.3,5.06,21.083333333333336,-58.866,0.8,5.056,7.9,-61.171,0.3,5.048,21.033333333333335,-61.1707,-61.171,0.6,5.06,10.541666666666668,-61.171,0.3,5.064,21.1,-63.704,0.5,5.064,12.66,,0.3,5.056,21.06666666666667,-58.866,0.5,5.068,12.669999999999998,-58.866,0.5,5.06,12.649999999999999,-58.866,0.4,5.068,15.837499999999999,,0.4,5.052,15.787499999999998,-61.171,0.7,5.056,9.028571428571428,
05-07-2026-Thu 14-31-14-PM,0.3,5.06,21.083333333333336,-63.7364,-63.736,0.4,5.06,15.812499999999998,-63.736,0.4,5.052,15.787499999999998,-58.899,0.6,5.06,10.541666666666668,-58.899,-58.899,0.7,5.056,9.028571428571428,-58.899,0.8,5.056,7.9,-61.105,0.3,5.048,21.033333333333335,-61.1049,-61.105,0.7,5.06,9.035714285714286,-61.105,0.2,5.064,31.650000000000002,-63.736,0.5,5.064,12.66,,0.6,5.06,10.541666666666668,-58.899,0.5,5.068,12.669999999999998,-58.899,0.5,5.056,12.64,-58.899,0.5,5.068,12.669999999999998,,0.4,5.052,15.787499999999998,-61.105,0.5,5.052,12.629999999999997,
05-07-2026-Thu 14-31-16-PM,0.5,5.056,12.64,-63.7693,-63.769,0.3,5.06,21.083333333333336,-63.769,0.5,5.052,12.629999999999997,-58.899,0.4,5.056,15.8,-58.899,-58.899,0.6,5.056,10.533333333333335,-58.899,0.9,5.056,7.022222222222223,-61.171,0.4,5.048,15.775,-61.1707,-61.171,0.5,5.06,12.649999999999999,-61.171,0.1,5.064,63.300000000000004,-63.769,0.6,5.06,10.541666666666668,,0.3,5.056,21.06666666666667,-58.899,0.5,5.068,12.669999999999998,-58.899,0.7,5.06,9.035714285714286,-58.899,0.3,5.068,21.116666666666667,,0.5,5.052,12.629999999999997,-61.171,0.4,5.052,15.787499999999998,
05-07-2026-Thu 14-31-17-PM,0.4,5.056,15.8,-63.7693,-63.769,0.3,5.06,21.083333333333336,-63.769,0.7,5.052,9.02142857142857,-58.932,0.7,5.056,9.028571428571428,-58.932,-58.932,0.4,5.056,15.8,-58.932,0.5,5.056,12.64,-61.204,0.3,5.048,21.033333333333335,-61.2036,-61.204,0.4,5.056,15.8,-61.204,0.0,5.064,inf,-63.769,0.4,5.06,15.812499999999998,,0.3,5.06,21.083333333333336,-58.932,0.5,5.068,12.669999999999998,-58.932,0.7,5.056,9.028571428571428,-58.932,0.4,5.068,15.837499999999999,,0.5,5.052,12.629999999999997,-61.204,0.5,5.052,12.629999999999997,
05-07-2026-Thu 14-32-30-PM,0.6,5.056,10.533333333333335,-64.6239,-64.624,0.4,5.06,15.812499999999998,-64.624,0.5,5.056,12.64,-59.953,0.6,5.06,10.541666666666668,-59.9528,-59.953,0.5,5.056,12.64,-59.953,0.9,5.056,7.022222222222223,-62.256,0.4,5.048,15.775,-62.2565,-62.256,0.6,5.056,10.533333333333335,-62.256,0.2,5.064,31.650000000000002,-64.624,0.7,5.06,9.035714285714286,,0.5,5.056,12.64,-59.953,0.5,5.068,12.669999999999998,-59.953,0.8,5.056,7.9,-59.953,0.7,5.068,9.049999999999999,,0.7,5.052,9.02142857142857,-62.256,0.6,5.052,10.525,
05-07-2026-Thu 14-32-31-PM,0.5,5.056,12.64,-64.6567,-64.657,0.3,5.064,21.1,-64.657,0.7,5.056,9.028571428571428,-59.986,0.5,5.06,12.649999999999999,-59.9857,-59.986,0.4,5.06,15.812499999999998,-59.986,0.6,5.056,10.533333333333335,-62.322,0.3,5.048,21.033333333333335,-62.3223,-62.322,0.5,5.056,12.64,-62.322,0.2,5.064,31.650000000000002,-64.657,0.3,5.064,21.1,,0.3,5.056,21.06666666666667,-59.986,0.4,5.068,15.837499999999999,-59.986,0.6,5.056,10.533333333333335,-59.986,0.4,5.068,15.837499999999999,,0.5,5.052,12.629999999999997,-62.322,0.4,5.052,15.787499999999998,
05-07-2026-Thu 14-32-33-PM,0.2,5.06,31.624999999999996,-64.6567,-64.657,0.6,5.06,10.541666666666668,-64.657,0.6,5.052,10.525,-60.019,0.2,5.06,31.624999999999996,-60.0186,-60.019,0.6,5.056,10.533333333333335,-60.019,0.3,5.056,21.06666666666667,-62.322,0.3,5.048,21.033333333333335,-62.3223,-62.322,0.2,5.06,31.624999999999996,-62.322,-0.1,5.064,-63.300000000000004,-64.657,0.5,5.064,12.66,,0.2,5.056,31.6,-60.019,0.7,5.068,9.049999999999999,-60.019,0.2,5.06,31.624999999999996,-60.019,0.3,5.068,21.116666666666667,,0.5,5.052,12.629999999999997,-62.322,0.3,5.052,21.05,
05-07-2026-Thu 14-33-13-PM,0.3,5.06,21.083333333333336,-65.0511,-65.051,0.2,5.06,31.624999999999996,-65.051,0.5,5.056,12.64,-60.512,0.4,5.06,15.812499999999998,-60.5125,-60.512,0.6,5.056,10.533333333333335,-60.512,0.6,5.06,10.541666666666668,-62.75,0.4,5.052,15.787499999999998,-62.7499,-62.75,0.5,5.06,12.649999999999999,-62.75,0.2,5.064,31.650000000000002,-65.051,0.6,5.064,10.55,,0.5,5.06,12.649999999999999,-60.512,0.5,5.068,12.669999999999998,-60.512,0.5,5.056,12.64,-60.512,0.6,5.068,10.558333333333334,,0.4,5.056,15.8,-62.75,0.2,5.052,31.574999999999996,
05-07-2026-Thu 14-33-15-PM,0.4,5.06,15.812499999999998,-65.1169,-65.117,0.1,5.06,63.24999999999999,-65.117,0.4,5.052,15.787499999999998,-60.512,0.4,5.06,15.812499999999998,-60.5125,-60.512,0.6,5.06,10.541666666666668,-60.512,0.5,5.06,12.649999999999999,-62.717,0.0,5.048,inf,-62.717,-62.717,0.5,5.06,12.649999999999999,-62.717,0.1,5.064,63.300000000000004,-65.117,0.2,5.064,31.650000000000002,,0.2,5.06,31.624999999999996,-60.512,0.4,5.068,15.837499999999999,-60.512,0.7,5.06,9.035714285714286,-60.512,0.7,5.072,9.057142857142859,,0.5,5.056,12.64,-62.717,0.3,5.056,21.06666666666667,
05-07-2026-Thu 14-33-16-PM,0.4,5.06,15.812499999999998,-65.084,-65.084,0.3,5.06,21.083333333333336,-65.084,0.1,5.056,63.2,-60.578,0.4,5.06,15.812499999999998,-60.5783,-60.578,0.3,5.06,21.083333333333336,-60.578,0.5,5.056,12.64,-62.75,0.2,5.048,31.55,-62.7499,-62.75,0.3,5.06,21.083333333333336,-62.75,0.1,5.064,63.300000000000004,-65.084,0.3,5.064,21.1,,0.5,5.06,12.649999999999999,-60.578,0.3,5.072,21.133333333333336,-60.578,0.5,5.06,12.649999999999999,-60.578,0.5,5.068,12.669999999999998,,0.5,5.056,12.64,-62.75,0.4,5.052,15.787499999999998,
05-07-2026-Thu 14-35-31-PM,0.4,5.06,15.812499999999998,-66.201,-66.201,0.3,5.064,21.1,-66.201,0.7,5.052,9.02142857142857,-62.092,0.4,5.06,15.812499999999998,-62.092,-62.092,0.3,5.06,21.083333333333336,-62.092,0.6,5.06,10.541666666666668,-64.065,0.3,5.048,21.033333333333335,-64.0652,-64.065,0.6,5.06,10.541666666666668,-64.065,0.1,5.064,63.300000000000004,-66.201,0.5,5.064,12.66,,0.5,5.06,12.649999999999999,-62.092,0.8,5.068,7.918749999999999,-62.092,0.7,5.06,9.035714285714286,-62.092,0.2,5.068,31.674999999999997,,0.4,5.052,15.787499999999998,-64.065,0.4,5.056,15.8,
05-07-2026-Thu 14-35-32-PM,0.4,5.056,15.8,-66.2339,-66.234,0.7,5.064,9.042857142857143,-66.234,0.3,5.052,21.05,-62.092,0.5,5.06,12.649999999999999,-62.092,-62.092,0.5,5.06,12.649999999999999,-62.092,0.7,5.06,9.035714285714286,-64.262,0.2,5.048,31.55,-64.2624,-64.262,0.5,5.064,12.66,-64.262,0.3,5.064,21.1,-66.234,0.5,5.068,12.669999999999998,,0.3,5.06,21.083333333333336,-62.092,0.4,5.072,15.85,-62.092,0.9,5.06,7.027777777777778,-62.092,0.4,5.072,15.85,,0.5,5.052,12.629999999999997,-64.262,0.6,5.056,10.533333333333335,
05-07-2026-Thu 14-35-34-PM,0.4,5.06,15.812499999999998,-66.2339,-66.234,0.0,5.06,inf,-66.234,0.4,5.056,15.8,-62.158,0.5,5.06,12.649999999999999,-62.1578,-62.158,0.2,5.06,31.624999999999996,-62.158,0.5,5.06,12.649999999999999,-64.46,0.4,5.048,15.775,-64.4596,-64.46,0.5,5.06,12.649999999999999,-64.46,0.0,5.064,inf,-66.234,0.6,5.064,10.55,,0.3,5.06,21.083333333333336,-62.158,0.1,5.068,63.349999999999994,-62.158,0.5,5.056,12.64,-62.158,0.4,5.072,15.85,,0.5,5.056,12.64,-64.46,0.4,5.056,15.8,
05-07-2026-Thu 14-35-35-PM,0.1,5.06,63.24999999999999,-66.2668,-66.267,0.4,5.064,15.825000000000001,-66.267,0.4,5.052,15.787499999999998,-62.158,0.5,5.06,12.649999999999999,-62.1578,-62.158,0.3,5.06,21.083333333333336,-62.158,0.4,5.06,15.812499999999998,-64.328,0.4,5.048,15.775,-64.328,-64.328,0.5,5.064,12.66,-64.328,0.2,5.064,31.650000000000002,-66.267,0.4,5.064,15.825000000000001,,0.2,5.06,31.624999999999996,-62.158,0.5,5.068,12.669999999999998,-62.158,0.6,5.06,10.541666666666668,-62.158,0.1,5.068,63.349999999999994,,0.2,5.052,31.574999999999996,-64.328,0.1,5.056,63.2,
05-07-2026-Thu 14-35-36-PM,0.2,5.06,31.624999999999996,-66.2994,-66.299,0.4,5.06,15.812499999999998,-66.299,0.2,5.052,31.574999999999996,-62.224,0.2,5.06,31.624999999999996,-62.2236,-62.224,0.1,5.06,63.24999999999999,-62.224,0.8,5.06,7.906249999999999,-64.427,0.0,5.048,inf,-64.4267,-64.427,0.2,5.064,31.650000000000002,-64.427,0.1,5.068,63.349999999999994,-66.299,0.5,5.064,12.66,,0.5,5.06,12.649999999999999,-62.224,0.5,5.068,12.669999999999998,-62.224,0.2,5.06,31.624999999999996,-62.224,0.3,5.072,21.133333333333336,,0.4,5.052,15.787499999999998,-64.427,0.3,5.056,21.06666666666667,
05-07-2026-Thu 14-35-47-PM,0.4,5.06,15.812499999999998,-66.6279,-66.628,0.2,5.064,31.650000000000002,-66.628,0.3,5.052,21.05,-62.585,0.3,5.06,21.083333333333336,-62.5854,-62.585,0.2,5.06,31.624999999999996,-62.585,0.5,5.06,12.649999999999999,-64.69,0.2,5.048,31.55,-64.6896,-64.69,0.3,5.06,21.083333333333336,-64.69,0.2,5.068,31.674999999999997,-66.628,0.4,5.064,15.825000000000001,,0.5,5.06,12.649999999999999,-62.585,0.5,5.072,12.68,-62.585,0.6,5.06,10.541666666666668,-62.585,0.5,5.072,12.68,,0.3,5.056,21.06666666666667,-64.69,0.2,5.056,31.6,
05-07-2026-Thu 14-35-49-PM,0.4,5.06,15.812499999999998,-66.6609,-66.661,0.3,5.064,21.1,-66.661,0.3,5.052,21.05,-62.618,0.3,5.06,21.083333333333336,-62.6183,-62.618,0.3,5.06,21.083333333333336,-62.618,0.6,5.06,10.541666666666668,-64.788,0.4,5.048,15.775,-64.7882,-64.788,0.4,5.06,15.812499999999998,-64.788,0.3,5.068,21.116666666666667,-66.661,0.3,5.064,21.1,,0.3,5.056,21.06666666666667,-62.618,0.6,5.068,10.558333333333334,-62.618,0.3,5.06,21.083333333333336,-62.618,0.5,5.068,12.669999999999998,,0.4,5.052,15.787499999999998,-64.788,0.2,5.056,31.6,
05-07-2026-Thu 14-35-50-PM,0.1,5.056,63.2,-66.6937,-66.694,0.2,5.064,31.650000000000002,-66.694,0.2,5.052,31.574999999999996,-62.684,0.6,5.06,10.541666666666668,-62.684,-62.684,0.2,5.056,31.6,-62.684,0.5,5.06,12.649999999999999,-64.854,0.4,5.048,15.775,-64.854,-64.854,0.4,5.06,15.812499999999998,-64.854,0.1,5.064,63.300000000000004,-66.694,0.2,5.064,31.650000000000002,,0.6,5.056,10.533333333333335,-62.684,0.3,5.068,21.116666666666667,-62.684,0.6,5.064,10.55,-62.684,0.2,5.068,31.674999999999997,,0.2,5.052,31.574999999999996,-64.854,0.2,5.056,31.6,
05-07-2026-Thu 14-35-51-PM,0.5,5.06,12.649999999999999,-66.7593,-66.759,0.3,5.06,21.083333333333336,-66.759,0.4,5.052,15.787499999999998,-62.717,0.3,5.06,21.083333333333336,-62.717,-62.717,0.2,5.056,31.6,-62.717,0.2,5.056,31.6,-64.953,-0.1,5.048,-63.1,-64.9526,-64.953,0.2,5.06,31.624999999999996,-64.953,0.2,5.064,31.650000000000002,-66.759,0.4,5.064,15.825000000000001,,0.3,5.06,21.083333333333336,-62.717,0.3,5.068,21.116666666666667,-62.717,0.5,5.06,12.649999999999999,-62.717,0.5,5.068,12.669999999999998,,0.4,5.052,15.787499999999998,-64.953,0.2,5.052,31.574999999999996,
05-07-2026-Thu 14-35-53-PM,0.3,5.06,21.083333333333336,-66.7921,-66.792,0.2,5.06,31.624999999999996,-66.792,0.2,5.056,31.6,-62.75,0.4,5.06,15.812499999999998,-62.7499,-62.75,0.1,5.06,63.24999999999999,-62.75,0.5,5.056,12.64,-64.985,0.0,5.048,inf,-64.9854,-64.985,0.2,5.06,31.624999999999996,-64.985,0.0,5.064,inf,-66.792,0.3,5.064,21.1,,0.4,5.056,15.8,-62.75,0.3,5.068,21.116666666666667,-62.75,0.5,5.06,12.649999999999999,-62.75,0.4,5.068,15.837499999999999,,0.4,5.056,15.8,-64.985,0.4,5.056,15.8,
05-07-2026-Thu 14-36-43-PM,0.4,5.06,15.812499999999998,-68.1711,-68.171,0.3,5.064,21.1,-68.171,0.4,5.056,15.8,-64.131,0.4,5.06,15.812499999999998,-64.1309,-64.131,0.3,5.06,21.083333333333336,-64.131,0.7,5.06,9.035714285714286,-66.299,0.1,5.048,63.1,-66.2994,-66.299,0.1,5.06,63.24999999999999,-66.299,0.2,5.068,31.674999999999997,-68.171,0.5,5.064,12.66,,0.3,5.06,21.083333333333336,-64.131,0.4,5.072,15.85,-64.131,0.3,5.06,21.083333333333336,-64.131,0.2,5.072,31.7,,0.3,5.056,21.06666666666667,-66.299,0.5,5.056,12.64,
05-07-2026-Thu 14-36-44-PM,-0.1,5.06,-63.24999999999999,-68.2039,-68.204,0.1,5.064,63.300000000000004,-68.204,0.3,5.056,21.06666666666667,-64.164,0.2,5.064,31.650000000000002,-64.1637,-64.164,0.2,5.06,31.624999999999996,-64.164,0.6,5.06,10.541666666666668,-66.299,0.1,5.052,63.14999999999999,-66.2994,-66.299,0.4,5.06,15.812499999999998,-66.299,0.2,5.072,31.7,-68.204,0.2,5.064,31.650000000000002,,0.2,5.06,31.624999999999996,-64.164,0.4,5.072,15.85,-64.164,0.5,5.06,12.649999999999999,-64.164,0.2,5.072,31.7,,0.4,5.056,15.8,-66.299,0.2,5.056,31.6,
05-07-2026-Thu 14-36-46-PM,0.1,5.06,63.24999999999999,-68.2368,-68.237,0.1,5.06,63.24999999999999,-68.237,0.4,5.056,15.8,-64.23,0.4,5.06,15.812499999999998,-64.2295,-64.23,0.2,5.06,31.624999999999996,-64.23,0.9,5.06,7.027777777777778,-66.332,0.3,5.052,21.05,-66.3324,-66.332,0.3,5.06,21.083333333333336,-66.332,0.1,5.068,63.349999999999994,-68.237,0.2,5.064,31.650000000000002,,0.3,5.06,21.083333333333336,-64.23,0.1,5.072,63.4,-64.23,0.5,5.064,12.66,-64.23,0.5,5.072,12.68,,0.2,5.056,31.6,-66.332,0.3,5.056,21.06666666666667,
05-07-2026-Thu 14-36-48-PM,-0.1,5.06,-63.24999999999999,-68.3023,-68.302,-0.1,5.06,-63.24999999999999,-68.302,0.3,5.056,21.06666666666667,-64.23,0.3,5.064,21.1,-64.2295,-64.23,0.3,5.06,21.083333333333336,-64.23,0.4,5.06,15.812499999999998,-66.398,0.3,5.052,21.05,-66.3981,-66.398,0.4,5.06,15.812499999999998,-66.398,0.3,5.068,21.116666666666667,-68.302,0.3,5.064,21.1,,0.2,5.06,31.624999999999996,-64.23,0.3,5.072,21.133333333333336,-64.23,0.5,5.06,12.649999999999999,-64.23,0.2,5.068,31.674999999999997,,0.1,5.056,63.2,-66.398,0.4,5.056,15.8,
05-07-2026-Thu 14-36-51-PM,0.2,5.056,31.6,-68.3351,-68.335,0.1,5.06,63.24999999999999,-68.335,0.3,5.052,21.05,-64.295,0.3,5.06,21.083333333333336,-64.2953,-64.295,0.1,5.06,63.24999999999999,-64.295,0.3,5.06,21.083333333333336,-66.53,0.2,5.048,31.55,-66.5295,-66.53,0.2,5.06,31.624999999999996,-66.53,-0.2,5.064,-31.650000000000002,-68.335,0.5,5.064,12.66,,0.3,5.06,21.083333333333336,-64.295,0.3,5.072,21.133333333333336,-64.295,0.4,5.06,15.812499999999998,-64.295,0.2,5.068,31.674999999999997,,0.0,5.052,inf,-66.53,0.3,5.056,21.06666666666667,
05-07-2026-Thu 14-37-10-PM,0.1,5.06,63.24999999999999,-68.8603,-68.86,0.2,5.064,31.650000000000002,-68.86,0.2,5.056,31.6,-64.821,0.4,5.06,15.812499999999998,-64.821,-64.821,0.2,5.06,31.624999999999996,-64.821,0.5,5.06,12.649999999999999,-67.186,0.3,5.048,21.033333333333335,-67.1863,-67.186,0.2,5.064,31.650000000000002,-67.186,0.1,5.064,63.300000000000004,-68.86,0.1,5.064,63.300000000000004,,0.3,5.06,21.083333333333336,-64.821,0.3,5.072,21.133333333333336,-64.821,0.3,5.06,21.083333333333336,-64.821,0.4,5.072,15.85,,0.2,5.056,31.6,-67.186,0.3,5.056,21.06666666666667,
05-07-2026-Thu 14-37-12-PM,0.1,5.06,63.24999999999999,-68.893,-68.893,0.0,5.068,inf,-68.893,0.0,5.056,inf,-64.821,0.2,5.064,31.650000000000002,-64.821,-64.821,0.1,5.064,63.300000000000004,-64.821,0.6,5.056,10.533333333333335,-67.153,0.2,5.048,31.55,-67.1534,-67.153,0.3,5.064,21.1,-67.153,0.2,5.068,31.674999999999997,-68.893,0.4,5.064,15.825000000000001,,0.4,5.064,15.825000000000001,-64.821,0.3,5.068,21.116666666666667,-64.821,0.5,5.06,12.649999999999999,-64.821,0.4,5.072,15.85,,0.4,5.056,15.8,-67.153,0.0,5.056,inf,
05-07-2026-Thu 14-37-13-PM,-0.1,5.064,-63.300000000000004,-68.9587,-68.959,0.1,5.064,63.300000000000004,-68.959,0.4,5.056,15.8,-64.854,0.3,5.064,21.1,-64.854,-64.854,0.3,5.06,21.083333333333336,-64.854,0.3,5.06,21.083333333333336,-67.219,0.0,5.052,inf,-67.2191,-67.219,0.0,5.06,inf,-67.219,0.1,5.068,63.349999999999994,-68.959,0.1,5.068,63.349999999999994,,0.1,5.06,63.24999999999999,-64.854,0.3,5.072,21.133333333333336,-64.854,0.6,5.056,10.533333333333335,-64.854,0.1,5.072,63.4,,0.0,5.056,inf,-67.219,0.1,5.056,63.2,
05-07-2026-Thu 14-37-15-PM,0.1,5.06,63.24999999999999,-68.9587,-68.959,0.3,5.068,21.116666666666667,-68.959,0.5,5.056,12.64,-64.887,0.1,5.06,63.24999999999999,-64.8869,-64.887,0.3,5.06,21.083333333333336,-64.887,0.5,5.06,12.649999999999999,-67.186,0.1,5.052,63.14999999999999,-67.1863,-67.186,0.5,5.06,12.649999999999999,-67.186,0.1,5.068,63.349999999999994,-68.959,0.5,5.064,12.66,,0.2,5.06,31.624999999999996,-64.887,0.4,5.068,15.837499999999999,-64.887,0.4,5.064,15.825000000000001,-64.887,0.1,5.072,63.4,,0.3,5.056,21.06666666666667,-67.186,0.0,5.06,inf,
05-07-2026-Thu 14-37-40-PM,0.3,5.06,21.083333333333336,-69.5492,-69.549,0.0,5.06,inf,-69.549,0.1,5.056,63.2,-65.445,0.4,5.06,15.812499999999998,-65.4455,-65.445,0.1,5.06,63.24999999999999,-65.445,0.3,5.06,21.083333333333336,-67.777,0.1,5.052,63.14999999999999,-67.7771,-67.777,0.3,5.064,21.1,-67.777,-0.2,5.068,-31.674999999999997,-69.549,0.3,5.064,21.1,,0.1,5.06,63.24999999999999,-65.445,0.3,5.072,21.133333333333336,-65.445,0.2,5.06,31.624999999999996,-65.445,0.3,5.072,21.133333333333336,,0.4,5.056,15.8,-67.777,0.1,5.056,63.2,
05-07-2026-Thu 14-37-41-PM,0.3,5.06,21.083333333333336,-69.5819,-69.582,0.1,5.068,63.349999999999994,-69.582,0.4,5.056,15.8,-65.478,0.2,5.064,31.650000000000002,-65.4782,-65.478,0.1,5.06,63.24999999999999,-65.478,0.6,5.06,10.541666666666668,-67.744,0.3,5.048,21.033333333333335,-67.7444,-67.744,0.3,5.06,21.083333333333336,-67.744,-0.2,5.068,-31.674999999999997,-69.582,0.1,5.068,63.349999999999994,,0.3,5.064,21.1,-65.478,0.3,5.072,21.133333333333336,-65.478,0.1,5.06,63.24999999999999,-65.478,0.2,5.068,31.674999999999997,,0.3,5.056,21.06666666666667,-67.744,0.4,5.056,15.8,
05-07-2026-Thu 14-37-43-PM,0.0,5.06,inf,-69.6148,-69.615,0.0,5.064,inf,-69.615,0.3,5.056,21.06666666666667,-65.511,0.1,5.06,63.24999999999999,-65.5112,-65.511,0.0,5.064,inf,-65.511,0.3,5.06,21.083333333333336,-67.744,0.0,5.052,inf,-67.7444,-67.744,0.1,5.064,63.300000000000004,-67.744,-0.1,5.064,-63.300000000000004,-69.615,0.4,5.064,15.825000000000001,,0.1,5.064,63.300000000000004,-65.511,0.1,5.072,63.4,-65.511,0.3,5.064,21.1,-65.511,0.2,5.068,31.674999999999997,,0.1,5.056,63.2,-67.744,-0.1,5.06,-63.24999999999999,
05-07-2026-Thu 14-37-44-PM,0.3,5.06,21.083333333333336,-69.6476,-69.648,0.0,5.064,inf,-69.648,0.6,5.056,10.533333333333335,-65.544,0.3,5.064,21.1,-65.544,-65.544,0.1,5.06,63.24999999999999,-65.544,0.3,5.06,21.083333333333336,-67.81,0.2,5.052,31.574999999999996,-67.81,-67.81,0.1,5.06,63.24999999999999,-67.81,-0.1,5.068,-63.349999999999994,-69.648,0.1,5.068,63.349999999999994,,0.4,5.064,15.825000000000001,-65.544,0.1,5.068,63.349999999999994,-65.544,0.3,5.06,21.083333333333336,-65.544,0.2,5.072,31.7,,0.1,5.052,63.14999999999999,-67.81,0.1,5.056,63.2,
05-07-2026-Thu 14-37-45-PM,0.1,5.06,63.24999999999999,-69.6804,-69.68,0.1,5.064,63.300000000000004,-69.68,0.3,5.056,21.06666666666667,-65.577,0.1,5.064,63.300000000000004,-65.5769,-65.577,0.5,5.06,12.649999999999999,-65.577,0.5,5.06,12.649999999999999,-67.777,0.2,5.048,31.55,-67.7771,-67.777,0.1,5.064,63.300000000000004,-67.777,-0.2,5.068,-31.674999999999997,-69.68,0.2,5.068,31.674999999999997,,0.1,5.06,63.24999999999999,-65.577,0.0,5.072,inf,-65.577,0.1,5.06,63.24999999999999,-65.577,0.0,5.072,inf,,0.0,5.056,inf,-67.777,0.3,5.052,21.05,
05-07-2026-Thu 14-37-47-PM,0.4,5.06,15.812499999999998,-69.6804,-69.68,0.1,5.064,63.300000000000004,-69.68,0.2,5.056,31.6,-65.61,0.1,5.064,63.300000000000004,-65.6098,-65.61,0.1,5.064,63.300000000000004,-65.61,0.4,5.06,15.812499999999998,-67.908,0.2,5.052,31.574999999999996,-67.9085,-67.908,0.2,5.064,31.650000000000002,-67.908,-0.1,5.072,-63.4,-69.68,0.2,5.064,31.650000000000002,,0.1,5.06,63.24999999999999,-65.61,0.3,5.072,21.133333333333336,-65.61,0.2,5.06,31.624999999999996,-65.61,0.1,5.072,63.4,,0.4,5.052,15.787499999999998,-67.908,0.2,5.056,31.6,
05-07-2026-Thu 14-37-48-PM,0.1,5.064,63.300000000000004,-69.7459,-69.746,0.0,5.064,inf,-69.746,0.2,5.06,31.624999999999996,-65.61,0.1,5.064,63.300000000000004,-65.6098,-65.61,0.3,5.06,21.083333333333336,-65.61,0.3,5.06,21.083333333333336,-67.974,0.1,5.052,63.14999999999999,-67.9742,-67.974,0.4,5.06,15.812499999999998,-67.974,0.2,5.068,31.674999999999997,-69.746,0.0,5.064,inf,,0.4,5.06,15.812499999999998,-65.61,0.1,5.068,63.349999999999994,-65.61,0.1,5.06,63.24999999999999,-65.61,0.1,5.072,63.4,,0.1,5.056,63.2,-67.974,0.2,5.056,31.6,
05-07-2026-Thu 14-37-56-PM,0.0,5.06,inf,-69.9429,-69.943,0.1,5.064,63.300000000000004,-69.943,0.2,5.056,31.6,-65.807,0.5,5.06,12.649999999999999,-65.8068,-65.807,0.2,5.06,31.624999999999996,-65.807,0.2,5.06,31.624999999999996,-68.105,0.2,5.052,31.574999999999996,-68.1053,-68.105,0.2,5.06,31.624999999999996,-68.105,0.1,5.068,63.349999999999994,-69.943,0.2,5.064,31.650000000000002,,0.3,5.06,21.083333333333336,-65.807,0.1,5.068,63.349999999999994,-65.807,0.3,5.06,21.083333333333336,-65.807,0.1,5.068,63.349999999999994,,0.1,5.052,63.14999999999999,-68.105,0.3,5.056,21.06666666666667,
05-07-2026-Thu 14-37-58-PM,0.0,5.06,inf,-69.9429,-69.943,0.1,5.06,63.24999999999999,-69.943,0.4,5.056,15.8,-65.84,0.5,5.064,12.66,-65.8397,-65.84,0.2,5.06,31.624999999999996,-65.84,0.6,5.06,10.541666666666668,-68.171,0.1,5.052,63.14999999999999,-68.1711,-68.171,0.1,5.064,63.300000000000004,-68.171,0.1,5.068,63.349999999999994,-69.943,0.0,5.064,inf,,0.0,5.06,inf,-65.84,0.3,5.068,21.116666666666667,-65.84,0.3,5.06,21.083333333333336,-65.84,0.2,5.072,31.7,,0.2,5.056,31.6,-68.171,0.0,5.056,inf,
05-07-2026-Thu 14-37-59-PM,0.3,5.06,21.083333333333336,-70.0084,-70.008,-0.3,5.06,-21.083333333333336,-70.008,0.2,5.056,31.6,-65.84,0.2,5.06,31.624999999999996,-65.8397,-65.84,-0.1,5.06,-63.24999999999999,-65.84,0.3,5.06,21.083333333333336,-68.138,0.2,5.048,31.55,-68.1382,-68.138,0.1,5.064,63.300000000000004,-68.138,0.2,5.064,31.650000000000002,-70.008,-0.2,5.068,-31.674999999999997,,-0.2,5.06,-31.624999999999996,-65.84,0.1,5.072,63.4,-65.84,0.0,5.056,inf,-65.84,0.3,5.072,21.133333333333336,,0.3,5.052,21.05,-68.138,0.1,5.056,63.2,
05-07-2026-Thu 14-38-00-PM,-0.1,5.06,-63.24999999999999,-70.0084,-70.008,0.1,5.06,63.24999999999999,-70.008,0.3,5.056,21.06666666666667,-65.905,0.2,5.06,31.624999999999996,-65.9054,-65.905,0.3,5.06,21.083333333333336,-65.905,0.1,5.06,63.24999999999999,-68.105,-0.1,5.048,-63.1,-68.1053,-68.105,0.3,5.064,21.1,-68.105,-0.2,5.068,-31.674999999999997,-70.008,0.1,5.064,63.300000000000004,,0.0,5.064,inf,-65.905,0.2,5.072,31.7,-65.905,0.1,5.06,63.24999999999999,-65.905,0.3,5.072,21.133333333333336,,0.2,5.052,31.574999999999996,-68.105,0.2,5.056,31.6,
05-07-2026-Thu 14-38-02-PM,0.2,5.06,31.624999999999996,-70.0739,-70.074,0.1,5.064,63.300000000000004,-70.074,0.2,5.052,31.574999999999996,-65.905,0.4,5.064,15.825000000000001,-65.9054,-65.905,0.2,5.056,31.6,-65.905,0.3,5.06,21.083333333333336,-68.27,0.1,5.048,63.1,-68.2695,-68.27,0.4,5.064,15.825000000000001,-68.27,0.2,5.064,31.650000000000002,-70.074,0.2,5.068,31.674999999999997,,0.3,5.06,21.083333333333336,-65.905,0.1,5.072,63.4,-65.905,0.1,5.06,63.24999999999999,-65.905,0.3,5.068,21.116666666666667,,0.0,5.056,inf,-68.27,0.2,5.056,31.6,
05-07-2026-Thu 14-39-10-PM,0.1,5.06,63.24999999999999,-71.4511,-71.451,0.0,5.06,inf,-71.451,0.3,5.056,21.06666666666667,-67.219,0.3,5.06,21.083333333333336,-67.2191,-67.219,0.1,5.06,63.24999999999999,-67.219,0.3,5.06,21.083333333333336,-69.582,0.0,5.048,inf,-69.5819,-69.582,-0.1,5.06,-63.24999999999999,-69.582,0.0,5.064,inf,-71.451,0.3,5.064,21.1,,0.2,5.06,31.624999999999996,-67.219,0.1,5.068,63.349999999999994,-67.219,0.2,5.06,31.624999999999996,-67.219,0.2,5.068,31.674999999999997,,0.2,5.052,31.574999999999996,-69.582,0.2,5.052,31.574999999999996,
05-07-2026-Thu 14-39-11-PM,0.2,5.06,31.624999999999996,-71.4839,-71.484,-0.1,5.06,-63.24999999999999,-71.484,0.1,5.052,63.14999999999999,-67.252,0.2,5.06,31.624999999999996,-67.2519,-67.252,0.5,5.06,12.649999999999999,-67.252,0.0,5.06,inf,-69.516,0.3,5.048,21.033333333333335,-69.5164,-69.516,0.4,5.06,15.812499999999998,-69.516,0.1,5.064,63.300000000000004,-71.484,0.0,5.064,inf,,0.1,5.06,63.24999999999999,-67.252,0.0,5.068,inf,-67.252,0.3,5.06,21.083333333333336,-67.252,0.4,5.068,15.837499999999999,,0.1,5.052,63.14999999999999,-69.516,0.2,5.056,31.6,
05-07-2026-Thu 14-39-13-PM,0.4,5.06,15.812499999999998,-71.4839,-71.484,-0.2,5.064,-31.650000000000002,-71.484,0.4,5.056,15.8,-67.285,0.0,5.06,inf,-67.2847,-67.285,0.2,5.056,31.6,-67.285,0.4,5.06,15.812499999999998,-69.615,-0.1,5.052,-63.14999999999999,-69.6148,-69.615,0.2,5.06,31.624999999999996,-69.615,0.1,5.064,63.300000000000004,-71.484,0.2,5.064,31.650000000000002,,0.1,5.06,63.24999999999999,-67.285,0.0,5.068,inf,-67.285,0.6,5.06,10.541666666666668,-67.285,0.2,5.068,31.674999999999997,,0.2,5.052,31.574999999999996,-69.615,-0.3,5.056,-21.06666666666667,
05-07-2026-Thu 14-39-14-PM,0.2,5.06,31.624999999999996,-71.5167,-71.517,0.2,5.064,31.650000000000002,-71.517,0.3,5.056,21.06666666666667,-67.318,0.2,5.06,31.624999999999996,-67.3176,-67.318,-0.1,5.06,-63.24999999999999,-67.318,0.3,5.056,21.06666666666667,-69.582,0.0,5.052,inf,-69.5819,-69.582,0.2,5.06,31.624999999999996,-69.582,0.1,5.064,63.300000000000004,-71.517,0.0,5.064,inf,,0.1,5.06,63.24999999999999,-67.318,0.3,5.068,21.116666666666667,-67.318,0.0,5.06,inf,-67.318,0.0,5.068,inf,,0.2,5.056,31.6,-69.582,0.0,5.056,inf,
05-07-2026-Thu 14-39-15-PM,0.1,5.06,63.24999999999999,-71.5167,-71.517,0.1,5.064,63.300000000000004,-71.517,0.0,5.056,inf,-67.35,0.0,5.06,inf,-67.3504,-67.35,0.1,5.064,63.300000000000004,-67.35,0.6,5.056,10.533333333333335,-69.68,-0.2,5.048,-31.55,-69.6804,-69.68,0.3,5.06,21.083333333333336,-69.68,-0.4,5.068,-15.837499999999999,-71.517,0.3,5.064,21.1,,0.2,5.06,31.624999999999996,-67.35,0.1,5.068,63.349999999999994,-67.35,0.3,5.06,21.083333333333336,-67.35,0.2,5.072,31.7,,0.2,5.056,31.6,-69.68,0.0,5.056,inf,
05-07-2026-Thu 14-39-17-PM,0.0,5.06,inf,-71.5822,-71.582,-0.1,5.064,-63.300000000000004,-71.582,0.1,5.056,63.2,-67.35,0.5,5.064,12.66,-67.3504,-67.35,0.0,5.06,inf,-67.35,0.3,5.06,21.083333333333336,-69.648,0.0,5.052,inf,-69.6476,-69.648,0.0,5.06,inf,-69.648,-0.1,5.064,-63.300000000000004,-71.582,0.0,5.064,inf,,-0.2,5.06,-31.624999999999996,-67.35,0.1,5.072,63.4,-67.35,0.3,5.06,21.083333333333336,-67.35,0.2,5.068,31.674999999999997,,0.2,5.056,31.6,-69.648,0.3,5.06,21.083333333333336,
05-07-2026-Thu 14-39-18-PM,0.3,5.06,21.083333333333336,-71.5822,-71.582,0.1,5.064,63.300000000000004,-71.582,0.2,5.056,31.6,-67.383,0.2,5.064,31.650000000000002,-67.3832,-67.383,-0.1,5.06,-63.24999999999999,-67.383,0.1,5.06,63.24999999999999,-69.746,-0.1,5.048,-63.1,-69.7459,-69.746,0.1,5.06,63.24999999999999,-69.746,0.1,5.064,63.300000000000004,-71.582,0.1,5.064,63.300000000000004,,0.3,5.06,21.083333333333336,-67.383,-0.1,5.072,-63.4,-67.383,0.3,5.06,21.083333333333336,-67.383,0.3,5.068,21.116666666666667,,0.4,5.052,15.787499999999998,-69.746,0.1,5.056,63.2,
05-07-2026-Thu 14-39-20-PM,0.2,5.06,31.624999999999996,-71.615,-71.615,0.3,5.06,21.083333333333336,-71.615,0.0,5.056,inf,-67.416,0.4,5.06,15.812499999999998,-67.4161,-67.416,0.0,5.06,inf,-67.416,0.3,5.06,21.083333333333336,-69.844,0.0,5.052,inf,-69.8445,-69.844,0.4,5.064,15.825000000000001,-69.844,-0.1,5.068,-63.349999999999994,-71.615,0.1,5.068,63.349999999999994,,0.2,5.06,31.624999999999996,-67.416,0.2,5.072,31.7,-67.416,0.2,5.06,31.624999999999996,-67.416,0.1,5.068,63.349999999999994,,0.1,5.056,63.2,-69.844,0.3,5.056,21.06666666666667,
05-07-2026-Thu 14-40-04-PM,0.1,5.056,63.2,-72.4015,-72.402,-0.2,5.06,-31.624999999999996,-72.402,0.2,5.056,31.6,-68.171,0.3,5.06,21.083333333333336,-68.1711,-68.171,0.0,5.056,inf,-68.171,0.3,5.06,21.083333333333336,-70.468,0.3,5.048,21.033333333333335,-70.4675,-70.468,0.2,5.064,31.650000000000002,-70.468,-0.1,5.068,-63.349999999999994,-72.402,0.2,5.064,31.650000000000002,,0.1,5.06,63.24999999999999,-68.171,0.1,5.068,63.349999999999994,-68.171,0.3,5.06,21.083333333333336,-68.171,0.1,5.068,63.349999999999994,,0.3,5.056,21.06666666666667,-70.468,0.2,5.056,31.6,
05-07-2026-Thu 14-40-07-PM,0.4,5.06,15.812499999999998,-72.4343,-72.434,0.1,5.064,63.300000000000004,-72.434,0.4,5.056,15.8,-68.237,-0.2,5.06,-31.624999999999996,-68.2368,-68.237,-0.1,5.06,-63.24999999999999,-68.237,0.4,5.056,15.8,-70.533,-0.1,5.048,-63.1,-70.5331,-70.533,0.3,5.064,21.1,-70.533,0.2,5.068,31.674999999999997,-72.434,0.4,5.064,15.825000000000001,,0.1,5.06,63.24999999999999,-68.237,0.0,5.068,inf,-68.237,0.2,5.06,31.624999999999996,-68.237,0.0,5.068,inf,,0.1,5.052,63.14999999999999,-70.533,0.1,5.056,63.2,
05-07-2026-Thu 14-40-10-PM,-0.1,5.06,-63.24999999999999,-72.4998,-72.5,-0.1,5.064,-63.300000000000004,-72.5,0.2,5.052,31.574999999999996,-68.302,0.1,5.06,63.24999999999999,-68.3023,-68.302,0.1,5.06,63.24999999999999,-68.302,0.3,5.056,21.06666666666667,-70.632,0.1,5.048,63.1,-70.6315,-70.632,0.2,5.06,31.624999999999996,-70.632,0.0,5.064,inf,-72.5,0.1,5.064,63.300000000000004,,0.1,5.06,63.24999999999999,-68.302,0.2,5.076,31.724999999999998,-68.302,0.4,5.056,15.8,-68.302,0.0,5.072,inf,,-0.1,5.052,-63.14999999999999,-70.632,0.2,5.056,31.6,
05-07-2026-Thu 14-40-13-PM,0.4,5.06,15.812499999999998,-72.5653,-72.565,-0.1,5.06,-63.24999999999999,-72.565,0.1,5.052,63.14999999999999,-68.335,0.0,5.06,inf,-68.3351,-68.335,0.1,5.06,63.24999999999999,-68.335,0.5,5.06,12.649999999999999,-70.566,-0.1,5.048,-63.1,-70.5659,-70.566,0.2,5.06,31.624999999999996,-70.566,0.0,5.068,inf,-72.565,0.0,5.064,inf,,-0.1,5.06,-63.24999999999999,-68.335,-0.1,5.068,-63.349999999999994,-68.335,0.1,5.056,63.2,-68.335,-0.2,5.068,-31.674999999999997,,0.1,5.056,63.2,-70.566,0.2,5.056,31.6,
05-07-2026-Thu 14-40-21-PM,0.0,5.06,inf,-72.6636,-72.664,-0.1,5.064,-63.300000000000004,-72.664,0.1,5.056,63.2,-68.466,-0.1,5.06,-63.24999999999999,-68.4664,-68.466,0.0,5.06,inf,-68.466,0.1,5.06,63.24999999999999,-70.795,-0.1,5.052,-63.14999999999999,-70.7954,-70.795,0.2,5.064,31.650000000000002,-70.795,0.1,5.068,63.349999999999994,-72.664,-0.2,5.064,-31.650000000000002,,0.0,5.06,inf,-68.466,0.0,5.072,inf,-68.466,0.1,5.056,63.2,-68.466,0.1,5.072,63.4,,0.1,5.056,63.2,-70.795,-0.3,5.052,-21.05,
05-07-2026-Thu 14-40-22-PM,0.1,5.06,63.24999999999999,-72.6963,-72.696,0.3,5.064,21.1,-72.696,0.4,5.056,15.8,-68.499,0.2,5.064,31.650000000000002,-68.4992,-68.499,0.5,5.06,12.649999999999999,-68.499,0.2,5.06,31.624999999999996,-70.861,0.0,5.048,inf,-70.861,-70.861,0.1,5.064,63.300000000000004,-70.861,-0.1,5.068,-63.349999999999994,-72.696,0.1,5.068,63.349999999999994,,0.2,5.06,31.624999999999996,-68.499,-0.1,5.072,-63.4,-68.499,0.3,5.06,21.083333333333336,-68.499,0.2,5.068,31.674999999999997,,0.2,5.056,31.6,-70.861,0.1,5.052,63.14999999999999,
05-07-2026-Thu 14-40-25-PM,0.1,5.056,63.2,-72.7291,-72.729,-0.1,5.06,-63.24999999999999,-72.729,0.1,5.056,63.2,-68.532,0.0,5.06,inf,-68.5321,-68.532,0.1,5.06,63.24999999999999,-68.532,0.1,5.06,63.24999999999999,-70.861,-0.1,5.048,-63.1,-70.861,-70.861,0.2,5.06,31.624999999999996,-70.861,0.3,5.064,21.1,-72.729,0.1,5.064,63.300000000000004,,0.0,5.064,inf,-68.532,0.0,5.068,inf,-68.532,0.4,5.06,15.812499999999998,-68.532,0.1,5.072,63.4,,0.2,5.056,31.6,-70.861,0.2,5.052,31.574999999999996,
05-07-2026-Thu 14-40-26-PM,-0.1,5.06,-63.24999999999999,-72.7946,-72.795,-0.1,5.06,-63.24999999999999,-72.795,0.4,5.056,15.8,-68.598,0.1,5.06,63.24999999999999,-68.5977,-68.598,0.0,5.06,inf,-68.598,0.3,5.06,21.083333333333336,-70.927,0.2,5.048,31.55,-70.9266,-70.927,0.1,5.06,63.24999999999999,-70.927,0.1,5.064,63.300000000000004,-72.795,0.1,5.064,63.300000000000004,,-0.3,5.06,-21.083333333333336,-68.598,0.0,5.068,inf,-68.598,0.0,5.06,inf,-68.598,0.0,5.068,inf,,0.1,5.052,63.14999999999999,-70.927,0.2,5.052,31.574999999999996,
05-07-2026-Thu 14-41-38-PM,0.4,5.06,15.812499999999998,-73.81,-73.81,0.0,5.064,inf,-73.81,0.1,5.056,63.2,-69.746,0.2,5.06,31.624999999999996,-69.7459,-69.746,0.4,5.056,15.8,-69.746,0.1,5.056,63.2,-72.106,0.2,5.048,31.55,-72.1065,-72.106,-0.1,5.06,-63.24999999999999,-72.106,-0.1,5.064,-63.300000000000004,-73.81,0.1,5.068,63.349999999999994,,0.1,5.06,63.24999999999999,-69.746,0.2,5.068,31.674999999999997,-69.746,0.1,5.06,63.24999999999999,-69.746,0.1,5.068,63.349999999999994,,0.1,5.056,63.2,-72.106,0.0,5.056,inf,
05-07-2026-Thu 14-41-40-PM,0.2,5.06,31.624999999999996,-73.8756,-73.876,-0.3,5.068,-21.116666666666667,-73.876,0.2,5.056,31.6,-69.746,-0.1,5.06,-63.24999999999999,-69.7459,-69.746,0.2,5.064,31.650000000000002,-69.746,0.3,5.06,21.083333333333336,-72.074,0.1,5.048,63.1,-72.0738,-72.074,0.3,5.064,21.1,-72.074,0.4,5.064,15.825000000000001,-73.876,0.1,5.064,63.300000000000004,,0.0,5.06,inf,-69.746,0.0,5.072,inf,-69.746,0.2,5.06,31.624999999999996,-69.746,0.2,5.072,31.7,,0.0,5.052,inf,-72.074,0.1,5.056,63.2,
05-07-2026-Thu 14-41-41-PM,0.3,5.06,21.083333333333336,-73.8756,-73.876,0.2,5.064,31.650000000000002,-73.876,0.5,5.056,12.64,-69.746,0.2,5.06,31.624999999999996,-69.7459,-69.746,0.1,5.06,63.24999999999999,-69.746,0.2,5.06,31.624999999999996,-72.106,0.2,5.052,31.574999999999996,-72.1065,-72.106,0.5,5.06,12.649999999999999,-72.106,0.0,5.068,inf,-73.876,0.1,5.064,63.300000000000004,,-0.1,5.06,-63.24999999999999,-69.746,0.3,5.068,21.116666666666667,-69.746,0.0,5.06,inf,-69.746,0.2,5.068,31.674999999999997,,-0.1,5.056,-63.2,-72.106,0.1,5.056,63.2,
05-07-2026-Thu 14-41-42-PM,0.1,5.06,63.24999999999999,-73.9084,-73.908,0.2,5.064,31.650000000000002,-73.908,0.4,5.056,15.8,-69.779,0.3,5.06,21.083333333333336,-69.7788,-69.779,0.1,5.064,63.300000000000004,-69.779,0.3,5.06,21.083333333333336,-72.139,0.2,5.052,31.574999999999996,-72.1393,-72.139,0.1,5.06,63.24999999999999,-72.139,0.1,5.068,63.349999999999994,-73.908,0.1,5.064,63.300000000000004,,0.1,5.06,63.24999999999999,-69.779,-0.1,5.072,-63.4,-69.779,0.2,5.064,31.650000000000002,-69.779,0.2,5.068,31.674999999999997,,0.4,5.056,15.8,-72.139,0.3,5.056,21.06666666666667,
05-07-2026-Thu 14-42-08-PM,0.1,5.06,63.24999999999999,-74.2357,-74.236,0.1,5.064,63.300000000000004,-74.236,0.1,5.052,63.14999999999999,-70.172,0.3,5.06,21.083333333333336,-70.1724,-70.172,0.0,5.064,inf,-70.172,0.1,5.06,63.24999999999999,-72.467,0.0,5.048,inf,-72.467,-72.467,0.2,5.06,31.624999999999996,-72.467,0.1,5.064,63.300000000000004,-74.236,0.1,5.064,63.300000000000004,,0.1,5.06,63.24999999999999,-70.172,0.1,5.068,63.349999999999994,-70.172,0.1,5.056,63.2,-70.172,0.3,5.068,21.116666666666667,,0.1,5.052,63.14999999999999,-72.467,0.1,5.056,63.2,
05-07-2026-Thu 14-42-10-PM,0.3,5.06,21.083333333333336,-74.2685,-74.268,0.2,5.06,31.624999999999996,-74.268,0.1,5.056,63.2,-70.205,0.0,5.06,inf,-70.2052,-70.205,0.0,5.06,inf,-70.205,0.2,5.06,31.624999999999996,-72.532,0.0,5.048,inf,-72.5325,-72.532,0.1,5.06,63.24999999999999,-72.532,0.1,5.064,63.300000000000004,-74.268,0.2,5.064,31.650000000000002,,0.2,5.056,31.6,-70.205,0.0,5.068,inf,-70.205,0.3,5.056,21.06666666666667,-70.205,0.1,5.068,63.349999999999994,,0.3,5.052,21.05,-72.532,-0.1,5.056,-63.2,
05-07-2026-Thu 14-42-11-PM,0.0,5.06,inf,-74.2685,-74.268,0.1,5.06,63.24999999999999,-74.268,0.0,5.052,inf,-70.205,0.0,5.06,inf,-70.2052,-70.205,0.0,5.06,inf,-70.205,0.2,5.06,31.624999999999996,-72.532,0.2,5.052,31.574999999999996,-72.5325,-72.532,0.2,5.064,31.650000000000002,-72.532,0.1,5.064,63.300000000000004,-74.268,0.0,5.064,inf,,0.1,5.06,63.24999999999999,-70.205,0.0,5.072,inf,-70.205,0.2,5.056,31.6,-70.205,0.3,5.068,21.116666666666667,,0.3,5.052,21.05,-72.532,0.0,5.052,inf,
05-07-2026-Thu 14-42-12-PM,0.0,5.06,inf,-74.2685,-74.268,0.1,5.06,63.24999999999999,-74.268,0.2,5.052,31.574999999999996,-70.238,0.1,5.06,63.24999999999999,-70.2379,-70.238,-0.1,5.06,-63.24999999999999,-70.238,0.1,5.056,63.2,-72.532,0.0,5.048,inf,-72.5325,-72.532,0.1,5.06,63.24999999999999,-72.532,-0.1,5.068,-63.349999999999994,-74.268,0.0,5.064,inf,,0.1,5.06,63.24999999999999,-70.238,0.0,5.068,inf,-70.238,0.3,5.06,21.083333333333336,-70.238,0.2,5.068,31.674999999999997,,0.1,5.052,63.14999999999999,-72.532,0.1,5.056,63.2,
05-07-2026-Thu 14-42-14-PM,0.4,5.06,15.812499999999998,-74.3012,-74.301,0.3,5.064,21.1,-74.301,0.2,5.056,31.6,-70.238,0.3,5.06,21.083333333333336,-70.2379,-70.238,-0.2,5.06,-31.624999999999996,-70.238,0.2,5.06,31.624999999999996,-72.5,0.1,5.048,63.1,-72.4998,-72.5,0.0,5.06,inf,-72.5,0.0,5.064,inf,-74.301,0.0,5.068,inf,,0.3,5.06,21.083333333333336,-70.238,0.1,5.072,63.4,-70.238,0.1,5.06,63.24999999999999,-70.238,0.2,5.068,31.674999999999997,,0.4,5.052,15.787499999999998,-72.5,0.2,5.056,31.6,
05-07-2026-Thu 14-42-49-PM,0.2,5.06,31.624999999999996,-74.6941,-74.694,0.0,5.064,inf,-74.694,0.2,5.056,31.6,-70.763,0.1,5.06,63.24999999999999,-70.7626,-70.763,0.0,5.06,inf,-70.763,0.6,5.06,10.541666666666668,-72.958,0.0,5.048,inf,-72.9585,-72.958,0.0,5.06,inf,-72.958,0.0,5.064,inf,-74.694,0.4,5.064,15.825000000000001,,0.0,5.064,inf,-70.763,0.3,5.068,21.116666666666667,-70.763,0.0,5.056,inf,-70.763,0.2,5.068,31.674999999999997,,0.1,5.056,63.2,-72.958,0.2,5.052,31.574999999999996,
05-07-2026-Thu 14-42-50-PM,0.1,5.06,63.24999999999999,-74.7268,-74.727,0.2,5.064,31.650000000000002,-74.727,0.0,5.056,inf,-70.795,0.0,5.064,inf,-70.7954,-70.795,0.1,5.06,63.24999999999999,-70.795,0.4,5.06,15.812499999999998,-72.991,-0.1,5.052,-63.14999999999999,-72.9912,-72.991,0.2,5.06,31.624999999999996,-72.991,-0.1,5.064,-63.300000000000004,-74.727,0.1,5.064,63.300000000000004,,0.2,5.06,31.624999999999996,-70.795,0.0,5.072,inf,-70.795,0.0,5.06,inf,-70.795,0.1,5.068,63.349999999999994,,0.0,5.052,inf,-72.991,0.0,5.056,inf,
05-07-2026-Thu 14-42-52-PM,-0.3,5.06,-21.083333333333336,-74.7596,-74.76,-0.2,5.064,-31.650000000000002,-74.76,0.0,5.052,inf,-70.795,-0.1,5.064,-63.300000000000004,-70.7954,-70.795,-0.2,5.056,-31.6,-70.795,0.3,5.06,21.083333333333336,-73.024,0.3,5.048,21.033333333333335,-73.0239,-73.024,0.3,5.06,21.083333333333336,-73.024,0.1,5.068,63.349999999999994,-74.76,0.0,5.064,inf,,0.2,5.06,31.624999999999996,-70.795,-0.3,5.068,-21.116666666666667,-70.795,0.2,5.06,31.624999999999996,-70.795,0.1,5.072,63.4,,0.0,5.056,inf,-73.024,-0.1,5.056,-63.2,
05-07-2026-Thu 14-42-53-PM,0.2,5.06,31.624999999999996,-74.7923,-74.792,-0.1,5.064,-63.300000000000004,-74.792,0.0,5.056,inf,-70.828,0.1,5.06,63.24999999999999,-70.8282,-70.828,0.2,5.06,31.624999999999996,-70.828,0.5,5.06,12.649999999999999,-73.09,0.0,5.052,inf,-73.0895,-73.09,0.3,5.064,21.1,-73.09,-0.2,5.064,-31.650000000000002,-74.792,0.3,5.064,21.1,,0.0,5.06,inf,-70.828,0.0,5.072,inf,-70.828,0.1,5.06,63.24999999999999,-70.828,0.2,5.072,31.7,,0.1,5.056,63.2,-73.09,0.1,5.056,63.2,
05-07-2026-Thu 14-42-54-PM,-0.1,5.06,-63.24999999999999,-74.7923,-74.792,0.1,5.064,63.300000000000004,-74.792,0.2,5.056,31.6,-70.828,0.0,5.064,inf,-70.8282,-70.828,0.2,5.06,31.624999999999996,-70.828,0.2,5.06,31.624999999999996,-73.057,0.2,5.048,31.55,-73.0567,-73.057,0.2,5.06,31.624999999999996,-73.057,0.0,5.068,inf,-74.792,0.1,5.064,63.300000000000004,,0.0,5.06,inf,-70.828,0.0,5.072,inf,-70.828,0.0,5.06,inf,-70.828,0.1,5.072,63.4,,0.3,5.056,21.06666666666667,-73.057,0.2,5.056,31.6,
05-07-2026-Thu 14-43-01-PM,0.0,5.06,inf,-74.825,-74.825,0.1,5.064,63.300000000000004,-74.825,0.5,5.056,12.64,-70.927,-0.1,5.06,-63.24999999999999,-70.9266,-70.927,0.0,5.06,inf,-70.927,0.4,5.06,15.812499999999998,-73.188,0.1,5.048,63.1,-73.1877,-73.188,0.0,5.064,inf,-73.188,-0.1,5.068,-63.349999999999994,-74.825,0.2,5.064,31.650000000000002,,0.3,5.06,21.083333333333336,-70.927,0.0,5.072,inf,-70.927,0.0,5.06,inf,-70.927,0.4,5.068,15.837499999999999,,0.2,5.056,31.6,-73.188,0.1,5.056,63.2,
05-07-2026-Thu 14-43-02-PM,0.3,5.064,21.1,-74.8578,-74.858,0.0,5.064,inf,-74.858,-0.1,5.056,-63.2,-70.959,0.3,5.06,21.083333333333336,-70.9594,-70.959,0.0,5.06,inf,-70.959,0.0,5.06,inf,-73.155,0.1,5.048,63.1,-73.155,-73.155,0.4,5.064,15.825000000000001,-73.155,0.2,5.068,31.674999999999997,-74.858,-0.1,5.064,-63.300000000000004,,0.1,5.06,63.24999999999999,-70.959,-0.1,5.072,-63.4,-70.959,0.0,5.06,inf,-70.959,0.1,5.072,63.4,,0.0,5.052,inf,-73.155,0.0,5.056,inf,
05-07-2026-Thu 14-43-04-PM,-0.3,5.06,-21.083333333333336,-74.8905,-74.89,-0.3,5.06,-21.083333333333336,-74.89,-0.1,5.056,-63.2,-70.959,0.1,5.06,63.24999999999999,-70.9594,-70.959,0.1,5.06,63.24999999999999,-70.959,0.2,5.06,31.624999999999996,-73.221,-0.1,5.048,-63.1,-73.2206,-73.221,0.2,5.064,31.650000000000002,-73.221,-0.1,5.068,-63.349999999999994,-74.89,0.4,5.064,15.825000000000001,,-0.2,5.06,-31.624999999999996,-70.959,-0.1,5.068,-63.349999999999994,-70.959,0.1,5.06,63.24999999999999,-70.959,0.1,5.068,63.349999999999994,,0.4,5.052,15.787499999999998,-73.221,0.2,5.056,31.6,
05-07-2026-Thu 14-43-05-PM,0.1,5.06,63.24999999999999,-74.8905,-74.89,0.2,5.06,31.624999999999996,-74.89,0.0,5.056,inf,-70.959,0.1,5.06,63.24999999999999,-70.9594,-70.959,0.1,5.06,63.24999999999999,-70.959,0.3,5.06,21.083333333333336,-73.188,0.1,5.048,63.1,-73.1877,-73.188,0.4,5.06,15.812499999999998,-73.188,-0.1,5.064,-63.300000000000004,-74.89,0.3,5.064,21.1,,0.1,5.06,63.24999999999999,-70.959,-0.1,5.068,-63.349999999999994,-70.959,0.1,5.06,63.24999999999999,-70.959,0.0,5.068,inf,,0.1,5.056,63.2,-73.188,0.3,5.056,21.06666666666667,
05-07-2026-Thu 14-43-06-PM,0.1,5.06,63.24999999999999,-74.8905,-74.89,-0.1,5.064,-63.300000000000004,-74.89,0.1,5.056,63.2,-71.025,-0.1,5.064,-63.300000000000004,-71.0249,-71.025,-0.2,5.06,-31.624999999999996,-71.025,-0.3,5.06,-21.083333333333336,-73.188,-0.3,5.048,-21.033333333333335,-73.1877,-73.188,0.2,5.06,31.624999999999996,-73.188,-0.4,5.064,-15.825000000000001,-74.89,0.2,5.064,31.650000000000002,,0.0,5.06,inf,-71.025,0.0,5.068,inf,-71.025,0.3,5.06,21.083333333333336,-71.025,0.1,5.068,63.349999999999994,,0.1,5.056,63.2,-73.188,0.3,5.056,21.06666666666667,
05-07-2026-Thu 14-43-08-PM,0.1,5.06,63.24999999999999,-74.9233,-74.923,-0.2,5.064,-31.650000000000002,-74.923,0.1,5.056,63.2,-71.025,0.2,5.06,31.624999999999996,-71.0249,-71.025,-0.1,5.06,-63.24999999999999,-71.025,0.2,5.06,31.624999999999996,-73.253,-0.1,5.048,-63.1,-73.2533,-73.253,0.1,5.06,63.24999999999999,-73.253,0.1,5.064,63.300000000000004,-74.923,0.1,5.064,63.300000000000004,,0.0,5.06,inf,-71.025,0.0,5.068,inf,-71.025,0.3,5.06,21.083333333333336,-71.025,0.1,5.072,63.4,,0.0,5.056,inf,-73.253,0.0,5.056,inf,
05-07-2026-Thu 14-43-11-PM,0.1,5.06,63.24999999999999,-74.9233,-74.923,-0.3,5.064,-21.1,-74.923,0.5,5.06,12.649999999999999,-71.025,-0.1,5.06,-63.24999999999999,-71.0249,-71.025,0.2,5.06,31.624999999999996,-71.025,0.2,5.06,31.624999999999996,-73.351,-0.2,5.048,-31.55,-73.3514,-73.351,0.2,5.06,31.624999999999996,-73.351,0.0,5.068,inf,-74.923,0.0,5.064,inf,,0.0,5.06,inf,-71.025,0.2,5.068,31.674999999999997,-71.025,0.2,5.064,31.650000000000002,-71.025,0.1,5.068,63.349999999999994,,0.3,5.056,21.06666666666667,-73.351,0.1,5.056,63.2,
05-07-2026-Thu 14-43-13-PM,0.0,5.056,inf,-74.9886,-74.989,-0.1,5.064,-63.300000000000004,-74.989,0.2,5.056,31.6,-71.09,0.3,5.06,21.083333333333336,-71.0905,-71.09,0.0,5.06,inf,-71.09,0.1,5.06,63.24999999999999,-73.188,0.2,5.052,31.574999999999996,-73.1877,-73.188,0.3,5.064,21.1,-73.188,-0.1,5.064,-63.300000000000004,-74.989,-0.2,5.068,-31.674999999999997,,0.1,5.06,63.24999999999999,-71.09,0.3,5.072,21.133333333333336,-71.09,0.4,5.06,15.812499999999998,-71.09,0.2,5.068,31.674999999999997,,0.0,5.056,inf,-73.188,0.5,5.056,12.64,
05-07-2026-Thu 14-43-51-PM,0.1,5.056,63.2,-75.3487,-75.349,0.1,5.064,63.300000000000004,-75.349,0.1,5.056,63.2,-71.615,0.3,5.06,21.083333333333336,-71.615,-71.615,0.0,5.06,inf,-71.615,0.3,5.056,21.06666666666667,-73.81,-0.1,5.048,-63.1,-73.81,-73.81,0.3,5.06,21.083333333333336,-73.81,-0.2,5.064,-31.650000000000002,-75.349,0.0,5.064,inf,,0.3,5.056,21.06666666666667,-71.615,0.0,5.072,inf,-71.615,0.4,5.056,15.8,-71.615,0.2,5.072,31.7,,0.1,5.056,63.2,-73.81,0.0,5.056,inf,
05-07-2026-Thu 14-43-52-PM,0.1,5.06,63.24999999999999,-75.3487,-75.349,0.1,5.06,63.24999999999999,-75.349,0.0,5.056,inf,-71.582,0.0,5.06,inf,-71.5822,-71.582,-0.1,5.06,-63.24999999999999,-71.582,0.3,5.056,21.06666666666667,-73.745,-0.1,5.052,-63.14999999999999,-73.7446,-73.745,0.2,5.06,31.624999999999996,-73.745,-0.2,5.064,-31.650000000000002,-75.349,0.0,5.064,inf,,0.3,5.06,21.083333333333336,-71.582,-0.2,5.072,-31.7,-71.582,0.5,5.06,12.649999999999999,-71.582,0.0,5.064,inf,,0.2,5.056,31.6,-73.745,0.3,5.052,21.05,
05-07-2026-Thu 14-43-54-PM,-0.2,5.06,-31.624999999999996,-75.4142,-75.414,-0.1,5.064,-63.300000000000004,-75.414,0.1,5.052,63.14999999999999,-71.648,-0.1,5.06,-63.24999999999999,-71.6478,-71.648,0.1,5.06,63.24999999999999,-71.648,0.0,5.056,inf,-73.81,0.0,5.048,inf,-73.81,-73.81,0.1,5.06,63.24999999999999,-73.81,-0.1,5.064,-63.300000000000004,-75.414,-0.1,5.06,-63.24999999999999,,0.1,5.06,63.24999999999999,-71.648,-0.1,5.072,-63.4,-71.648,0.1,5.06,63.24999999999999,-71.648,0.2,5.072,31.7,,0.0,5.056,inf,-73.81,0.0,5.056,inf,
,,,,-23.6372,-23.637,,,,-23.637,,,,-22.037,,,,-22.0367,-22.037,,,,-22.037,,,,-23.471,,,,-23.4706,-23.471,,,,-23.471,13.0,5.02,0.4826923076923077,-23.637,15.1,5.016,0.41523178807947025,,16.9,5.012,0.37071005917159766,-22.037,11.6,5.036,0.5426724137931034,-22.037,17.1,5.004,0.3657894736842105,-22.037,18.1,5.028,0.3472375690607734,,19.3,5.0,0.32383419689119175,-23.471,19.8,5.0,0.31565656565656564,
,,,,-23.6705,-23.67,,,,-23.67,,,,-22.103,,,,-22.1034,-22.103,,,,-22.103,,,,-23.471,,,,-23.4706,-23.471,,,,-23.471,12.7,5.024,0.49448818897637803,-23.67,14.6,5.02,0.42979452054794515,,16.9,5.016,0.3710059171597634,-22.103,11.7,5.036,0.5380341880341881,-22.103,16.3,5.008,0.38404907975460123,-22.103,18.2,5.028,0.3453296703296703,,18.4,5.0,0.33967391304347827,-23.471,19.0,5.0,0.32894736842105265,
,,,,-25.9032,-25.903,,,,-25.903,,,,-23.87,,,,-23.8705,-23.87,,,,-23.87,,,,-25.004,,,,-25.0037,-25.004,,,,-25.004,9.3,5.028,0.6758064516129031,-25.903,11.6,5.028,0.5418103448275862,,13.3,5.02,0.4718045112781954,-23.87,9.3,5.04,0.6774193548387096,-23.87,14.1,5.016,0.4446808510638298,-23.87,14.8,5.032,0.425,,15.4,5.004,0.4061688311688311,-25.004,15.7,5.004,0.3984076433121019,
,,,,-28.7334,-28.733,,,,-28.733,,,,-26.236,,,,-26.2363,-26.236,,,,-26.236,,,,-27.368,,,,-27.3685,-27.368,,,,-27.368,7.1,5.048,0.8887323943661973,-28.733,9.1,5.044,0.6928571428571428,,10.4,5.036,0.6052884615384615,-26.236,7.3,5.056,0.8657534246575342,-26.236,10.8,5.032,0.5824074074074074,-26.236,11.6,5.048,0.5439655172413794,,12.6,5.024,0.4984126984126984,-27.368,12.0,5.024,0.5233333333333333,
,,,,-30.2307,-30.231,,,,-30.231,,,,-27.269,,,,-27.2686,-27.269,,,,-27.269,,,,-28.367,,,,-28.3672,-28.367,,,,-28.367,5.9,5.044,1.06864406779661,-30.231,8.1,5.04,0.7777777777777779,,8.7,5.036,0.7235632183908046,-27.269,6.7,5.052,0.9425373134328358,-27.269,9.7,5.032,0.6484536082474227,-27.269,10.2,5.048,0.6186274509803922,,10.9,5.024,0.5761467889908257,-28.367,9.5,5.024,0.6610526315789474,
,,,,-34.253,-34.253,,,,-34.253,,,,-30.031,,,,-30.0311,-30.031,,,,-30.031,,,,-31.195,,,,-31.1952,-31.195,,,,-31.195,4.8,5.044,1.3135416666666666,-34.253,5.7,5.044,1.106140350877193,,6.2,5.04,1.0161290322580647,-30.031,5.2,5.056,1.2153846153846155,-30.031,7.1,5.036,0.8866197183098592,-30.031,7.5,5.052,0.8420000000000001,,7.8,5.032,0.8064102564102565,-31.195,6.8,5.032,0.925,
,,,,-37.0424,-37.042,,,,-37.042,,,,-32.292,,,,-32.2924,-32.292,,,,-32.292,,,,-33.655,,,,-33.6551,-33.655,,,,-33.655,3.6,5.048,1.7527777777777778,-37.042,5.2,5.048,1.2134615384615386,,5.4,5.044,1.1675925925925925,-32.292,4.8,5.056,1.3166666666666669,-32.292,6.2,5.04,1.0161290322580647,-32.292,6.5,5.052,0.9715384615384615,,6.5,5.032,0.9676923076923077,-33.655,5.7,5.036,1.1043859649122805,
,,,,-39.7295,-39.73,,,,-39.73,,,,-34.917,,,,-34.9174,-34.917,,,,-34.917,,,,-36.578,,,,-36.5776,-36.578,,,,-36.578,3.2,5.052,1.9734374999999997,-39.73,4.2,5.048,1.5023809523809522,,4.6,5.044,1.3706521739130435,-34.917,3.9,5.06,1.6217948717948718,-34.917,5.2,5.04,1.2115384615384617,-34.917,5.3,5.056,1.1924528301886792,,5.1,5.036,1.2343137254901961,-36.578,4.5,5.036,1.3988888888888888,
,,,,-44.1368,-44.137,,,,-44.137,,,,-39.299,,,,-39.2986,-39.299,,,,-39.299,,,,-41.188,,,,-41.1884,-41.188,,,,-41.188,2.5,5.056,2.528,-44.137,2.9,5.056,2.1793103448275866,,3.2,5.048,1.971875,-39.299,3.0,5.06,2.1083333333333334,-39.299,3.7,5.048,1.7054054054054055,-39.299,3.5,5.06,1.807142857142857,,3.9,5.044,1.6166666666666667,-41.188,2.8,5.044,2.251785714285714,
,,,,-44.3354,-44.335,,,,-44.335,,,,-39.498,,,,-39.4975,-39.498,,,,-39.498,,,,-41.387,,,,-41.3872,-41.387,,,,-41.387,2.2,5.056,2.8727272727272726,-44.335,2.6,5.052,2.428846153846154,,3.0,5.052,2.1049999999999995,-39.498,2.8,5.064,2.2607142857142857,-39.498,3.3,5.048,1.912121212121212,-39.498,2.8,5.06,2.2589285714285716,,3.3,5.044,1.9106060606060604,-41.387,2.9,5.044,2.174137931034483,
,,,,-45.5602,-45.56,,,,-45.56,,,,-41.023,,,,-41.0227,-41.023,,,,-41.023,,,,-42.911,,,,-42.9114,-42.911,,,,-42.911,2.3,5.056,2.747826086956522,-45.56,2.8,5.052,2.2553571428571426,,2.8,5.048,2.2535714285714286,-41.023,2.7,5.06,2.3425925925925926,-41.023,3.6,5.048,1.7527777777777778,-41.023,3.2,5.06,1.9765624999999998,,3.6,5.04,1.75,-42.911,2.9,5.04,2.1724137931034484,
,,,,-50.8505,-50.85,,,,-50.85,,,,-46.52,,,,-46.5197,-46.52,,,,-46.52,,,,-48.537,,,,-48.5372,-48.537,,,,-48.537,1.4,5.06,4.517857142857143,-50.85,1.8,5.056,3.5111111111111115,,1.9,5.052,3.3236842105263156,-46.52,1.8,5.06,3.513888888888889,-46.52,2.0,5.052,3.1574999999999993,-46.52,1.9,5.06,3.3289473684210527,,2.3,5.044,2.741304347826087,-48.537,1.8,5.044,3.5027777777777778,
,,,,-54.4818,-54.482,,,,-54.482,,,,-50.124,,,,-50.1237,-50.124,,,,-50.124,,,,-51.94,,,,-51.9404,-51.94,,,,-51.94,1.1,5.06,5.749999999999999,-54.482,1.3,5.06,4.865384615384616,,1.3,5.056,4.861538461538462,-50.124,1.2,5.064,5.275,-50.124,1.6,5.056,3.95,-50.124,1.6,5.06,3.9531249999999996,,1.7,5.048,3.711764705882353,-51.94,1.4,5.048,4.507142857142857,
,,,,-55.4714,-55.471,,,,-55.471,,,,-51.181,,,,-51.1808,-51.181,,,,-51.181,,,,-53.228,,,,-53.2279,-53.228,,,,-53.228,1.1,5.06,5.749999999999999,-55.471,1.2,5.056,5.2666666666666675,,1.5,5.052,4.209999999999999,-51.181,1.4,5.064,4.521428571428571,-51.181,1.8,5.056,3.5111111111111115,-51.181,1.5,5.064,4.22,,1.5,5.048,4.206666666666667,-53.228,1.1,5.048,5.736363636363636,
,,,,-56.1309,-56.131,,,,-56.131,,,,-51.841,,,,-51.8414,-51.841,,,,-51.841,,,,-53.888,,,,-53.888,-53.888,,,,-53.888,0.5,5.06,12.649999999999999,-56.131,1.0,5.06,6.324999999999999,,0.9,5.052,7.016666666666667,-51.841,1.1,5.064,5.754545454545454,-51.841,1.4,5.052,4.510714285714285,-51.841,1.2,5.064,5.275,,1.3,5.048,4.853846153846154,-53.888,1.2,5.048,5.258333333333334,
,,,,-58.4048,-58.405,,,,-58.405,,,,-54.086,,,,-54.0859,-54.086,,,,-54.086,,,,-56.098,,,,-56.0978,-56.098,,,,-56.098,0.4,5.064,15.825000000000001,-58.405,0.9,5.06,7.027777777777778,,1.0,5.056,6.32,-54.086,1.0,5.064,6.33,-54.086,1.3,5.056,4.861538461538462,-54.086,1.0,5.064,6.33,,1.0,5.048,6.3100000000000005,-56.098,1.0,5.052,6.314999999999999,
,,,,-61.6643,-61.664,,,,-61.664,,,,-56.757,,,,-56.7572,-56.757,,,,-56.757,,,,-58.998,,,,-58.9978,-58.998,,,,-58.998,0.1,5.064,63.300000000000004,-61.664,0.5,5.06,12.649999999999999,,0.7,5.056,9.028571428571428,-56.757,0.9,5.068,7.038888888888888,-56.757,1.1,5.056,5.745454545454545,-56.757,0.5,5.064,12.66,,0.7,5.048,9.014285714285714,-58.998,0.6,5.052,10.525,
,,,,-63.7035,-63.704,,,,-63.704,,,,-58.833,,,,-58.8331,-58.833,,,,-58.833,,,,-61.072,,,,-61.072,-61.072,,,,-61.072,0.6,5.064,10.55,-63.704,0.5,5.064,12.66,,0.5,5.056,12.64,-58.833,0.6,5.068,10.558333333333334,-58.833,0.7,5.06,9.035714285714286,-58.833,0.6,5.068,10.558333333333334,,0.6,5.048,10.516666666666667,-61.072,0.6,5.056,10.533333333333335,
,,,,-65.084,-65.084,,,,-65.084,,,,-60.48,,,,-60.4795,-60.48,,,,-60.48,,,,-62.717,,,,-62.717,-62.717,,,,-62.717,0.2,5.064,31.650000000000002,-65.084,0.5,5.064,12.66,,0.5,5.056,12.64,-60.48,0.3,5.068,21.116666666666667,-60.48,0.7,5.056,9.028571428571428,-60.48,0.6,5.068,10.558333333333334,,0.5,5.052,12.629999999999997,-62.717,0.2,5.056,31.6,
,,,,-68.1711,-68.171,,,,-68.171,,,,-64.098,,,,-64.098,-64.098,,,,-64.098,,,,-66.201,,,,-66.201,-66.201,,,,-66.201,0.1,5.068,63.349999999999994,-68.171,0.4,5.064,15.825000000000001,,0.5,5.06,12.649999999999999,-64.098,0.1,5.068,63.349999999999994,-64.098,0.2,5.06,31.624999999999996,-64.098,0.4,5.072,15.85,,0.4,5.056,15.8,-66.201,0.2,5.052,31.574999999999996,
,,,,-71.4183,-71.418,,,,-71.418,,,,-67.219,,,,-67.2191,-67.219,,,,-67.219,,,,-69.516,,,,-69.5164,-69.516,,,,-69.516,-0.1,5.064,-63.300000000000004,-71.418,0.2,5.064,31.650000000000002,,0.1,5.06,63.24999999999999,-67.219,0.1,5.068,63.349999999999994,-67.219,0.2,5.056,31.6,-67.219,0.4,5.068,15.837499999999999,,0.4,5.056,15.8,-69.516,0.1,5.056,63.2,
