Timestamp,mA 1,V1,mA 2,V2,mA 3,V3,mA 4,V4,mA 5,V5,mA 6,V6,mA 7,V7,mA 8,V8
05-07-2026-Thu 13-00-13-PM,-0.2,0.468,-0.2,0.492,-0.2,0.584,-0.5,0.52,-0.1,0.564,-0.3,0.568,-0.3,0.556,-0.1,0.68
05-07-2026-Thu 13-00-15-PM,-0.1,0.472,-0.1,0.496,-0.3,0.584,-0.4,0.52,-0.3,0.568,-0.2,0.568,0.0,0.556,-0.4,0.68
05-07-2026-Thu 13-00-16-PM,0.1,0.472,0.0,0.496,0.0,0.58,-0.2,0.52,-0.1,0.568,-0.1,0.568,-0.3,0.556,-0.1,0.676
05-07-2026-Thu 13-00-17-PM,-0.2,0.472,-0.2,0.496,0.2,0.58,-0.2,0.52,0.0,0.564,-0.1,0.568,-0.1,0.556,0.0,0.68
05-07-2026-Thu 13-00-19-PM,0.0,0.472,0.1,0.5,-0.1,0.584,-0.4,0.52,-0.3,0.568,-0.3,0.568,-0.1,0.556,-0.1,0.676
05-07-2026-Thu 13-00-20-PM,-0.4,0.472,-0.2,0.496,-0.3,0.584,-0.1,0.52,-0.3,0.568,-0.1,0.568,-0.1,0.556,-0.2,0.676
05-07-2026-Thu 13-00-22-PM,-0.2,0.468,-0.2,0.496,-0.5,0.584,-0.3,0.52,-0.3,0.564,-0.2,0.568,-0.3,0.556,-0.1,0.68
05-07-2026-Thu 13-00-23-PM,-0.3,0.468,-0.2,0.496,-0.1,0.584,0.1,0.52,0.0,0.564,0.1,0.568,-0.3,0.556,-0.1,0.676
05-07-2026-Thu 13-00-24-PM,-0.2,0.468,0.0,0.496,-0.1,0.58,-0.1,0.52,-0.1,0.564,-0.2,0.568,-0.3,0.556,0.0,0.676
05-07-2026-Thu 13-00-26-PM,-0.2,0.468,-0.3,0.492,0.1,0.584,-0.1,0.52,-0.2,0.568,0.1,0.568,-0.1,0.556,-0.2,0.68
05-07-2026-Thu 13-00-27-PM,0.0,0.472,-0.2,0.496,-0.1,0.584,-0.2,0.52,0.0,0.568,-0.1,0.568,-0.5,0.556,0.0,0.68
05-07-2026-Thu 13-00-29-PM,-0.2,0.472,-0.2,0.496,-0.2,0.584,-0.1,0.516,0.0,0.564,-0.1,0.568,0.0,0.556,-0.3,0.68
05-07-2026-Thu 13-00-30-PM,-0.1,0.468,-0.4,0.5,0.0,0.584,-0.2,0.52,0.1,0.564,-0.1,0.568,0.0,0.56,-0.1,0.676
05-07-2026-Thu 13-00-31-PM,-0.2,0.472,-0.2,0.492,-0.4,0.58,-0.5,0.52,-0.1,0.564,0.0,0.564,-0.1,0.56,0.0,0.676
05-07-2026-Thu 13-00-33-PM,Power On
05-07-2026-Thu 13-00-34-PM,91.9,4.78,88.6,4.772,91.3,4.768,98.7,4.832,110.3,4.728,85.6,4.8,118.9,4.7,96.7,4.704
05-07-2026-Thu 13-00-35-PM,87.4,4.796,83.6,4.792,85.6,4.784,93.0,4.844,104.5,4.748,82.0,4.82,109.9,4.724,91.4,4.728
05-07-2026-Thu 13-00-37-PM,Power Off
05-07-2026-Thu 13-00-38-PM,-0.4,1.368,-0.3,1.148,-0.3,1.452,-0.5,1.592,-0.1,1.692,0.0,1.568,-0.1,1.104,-0.2,1.172
05-07-2026-Thu 13-00-40-PM,-0.3,1.116,-0.2,0.884,0.0,1.128,-0.2,1.344,-0.4,1.52,-0.2,1.232,-0.3,0.924,-0.3,0.96
05-07-2026-Thu 13-00-41-PM,0.0,1.0,0.1,0.772,-0.2,0.98,-0.2,1.192,0.1,1.428,-0.5,1.072,-0.5,0.84,-0.2,0.852
05-07-2026-Thu 13-00-43-PM,-0.2,0.948,-0.2,0.72,-0.1,0.912,-0.4,1.096,0.1,1.364,-0.2,0.992,-0.2,0.796,-0.2,0.812
05-07-2026-Thu 13-00-44-PM,-0.1,0.912,-0.1,0.688,-0.4,0.868,-0.1,1.032,-0.3,1.312,0.0,0.936,0.0,0.768,-0.1,0.784
05-07-2026-Thu 13-00-46-PM,-0.1,0.884,-0.4,0.668,-0.3,0.836,-0.2,0.98,-0.1,1.264,0.0,0.896,-0.3,0.752,0.1,0.764
05-07-2026-Thu 13-00-47-PM,-0.4,0.868,-0.2,0.652,-0.2,0.816,-0.6,0.948,0.0,1.224,0.1,0.872,-0.1,0.74,-0.1,0.752
05-07-2026-Thu 13-00-48-PM,-0.4,0.852,-0.3,0.644,-0.4,0.8,-0.3,0.924,-0.1,1.192,-0.2,0.852,-0.4,0.732,-0.1,0.74
05-07-2026-Thu 13-00-50-PM,-0.2,0.844,0.0,0.636,-0.3,0.792,-0.2,0.904,-0.2,1.172,0.0,0.84,0.1,0.724,-0.2,0.732
05-07-2026-Thu 13-00-51-PM,-0.2,0.832,0.0,0.632,-0.3,0.78,-0.3,0.892,0.1,1.148,-0.1,0.832,-0.4,0.72,-0.1,0.728
05-07-2026-Thu 13-00-53-PM,-0.3,0.824,-0.1,0.628,-0.6,0.772,-0.2,0.876,-0.3,1.136,-0.2,0.82,-0.5,0.716,-0.2,0.72
05-07-2026-Thu 13-00-54-PM,-0.3,0.82,-0.1,0.624,-0.6,0.768,-0.4,0.868,-0.4,1.12,0.0,0.812,-0.4,0.708,0.0,0.716
05-07-2026-Thu 13-00-55-PM,-0.2,0.808,-0.1,0.62,-0.5,0.76,-0.2,0.856,-0.3,1.108,-0.3,0.804,-0.4,0.712,-0.2,0.712
05-07-2026-Thu 13-00-57-PM,-0.4,0.804,-0.3,0.616,-0.6,0.756,-0.2,0.844,-0.3,1.092,-0.3,0.796,0.1,0.704,-0.1,0.708
05-07-2026-Thu 13-00-58-PM,-0.3,0.796,-0.3,0.612,-0.4,0.748,-0.4,0.836,0.0,1.084,0.0,0.792,-0.1,0.7,-0.1,0.704
05-07-2026-Thu 13-01-00-PM,-0.1,0.792,-0.2,0.608,-0.5,0.748,-0.5,0.832,0.0,1.076,-0.3,0.788,-0.3,0.7,0.1,0.704
05-07-2026-Thu 13-01-01-PM,-0.4,0.792,-0.4,0.604,-0.4,0.74,-0.2,0.824,-0.1,1.06,0.0,0.78,-0.4,0.696,0.0,0.7
05-07-2026-Thu 13-01-03-PM,0.1,0.78,-0.3,0.6,-0.6,0.736,-0.1,0.812,-0.1,1.052,-0.1,0.772,-0.3,0.696,-0.1,0.696
05-07-2026-Thu 13-01-04-PM,-0.2,0.78,0.0,0.6,-0.3,0.736,-0.3,0.808,-0.2,1.044,0.1,0.772,-0.3,0.692,-0.2,0.7
05-07-2026-Thu 13-01-05-PM,-0.4,0.776,0.1,0.596,0.0,0.732,-0.2,0.804,0.1,1.036,0.1,0.768,-0.3,0.688,-0.2,0.696
05-07-2026-Thu 13-01-07-PM,-0.1,0.772,-0.2,0.596,-0.1,0.728,-0.2,0.8,0.1,1.028,-0.1,0.764,-0.1,0.688,-0.3,0.692
05-07-2026-Thu 13-01-08-PM,0.0,0.768,-0.1,0.596,-0.5,0.724,-0.4,0.796,-0.1,1.024,0.1,0.76,-0.1,0.684,-0.2,0.692
05-07-2026-Thu 13-01-10-PM,-0.2,0.764,-0.1,0.592,-0.1,0.724,-0.4,0.792,-0.2,1.016,0.0,0.756,-0.4,0.684,-0.2,0.692
05-07-2026-Thu 13-01-11-PM,-0.1,0.764,-0.2,0.592,-0.4,0.72,-0.4,0.784,-0.1,1.012,0.0,0.756,-0.3,0.684,0.0,0.688
05-07-2026-Thu 13-01-12-PM,-0.1,0.76,-0.1,0.588,-0.2,0.72,-0.6,0.788,-0.1,1.004,-0.2,0.756,-0.1,0.684,-0.2,0.688
05-07-2026-Thu 13-01-14-PM,-0.2,0.76,-0.2,0.592,-0.3,0.716,-0.3,0.78,-0.1,1.0,-0.1,0.752,0.0,0.68,-0.1,0.688
05-07-2026-Thu 13-01-15-PM,-0.3,0.756,-0.3,0.588,-0.3,0.712,-0.4,0.776,-0.2,0.996,-0.1,0.748,-0.2,0.68,-0.1,0.684
05-07-2026-Thu 13-01-16-PM,Power On
05-07-2026-Thu 13-01-18-PM,84.3,4.808,80.4,4.804,83.7,4.8,92.0,4.86,102.9,4.76,78.8,4.828,106.4,4.736,86.6,4.74
05-07-2026-Thu 13-01-19-PM,83.0,4.816,77.4,4.816,80.9,4.808,88.0,4.864,97.8,4.772,77.3,4.84,100.5,4.752,83.7,4.752
05-07-2026-Thu 13-01-21-PM,82.3,4.824,73.4,4.82,79.8,4.812,85.3,4.868,94.6,4.776,76.6,4.844,97.3,4.756,82.2,4.764
05-07-2026-Thu 13-01-22-PM,82.0,4.828,72.8,4.828,79.0,4.816,83.2,4.868,92.2,4.784,76.1,4.848,94.7,4.764,82.7,4.764
05-07-2026-Thu 13-01-24-PM,81.7,4.828,71.5,4.828,78.3,4.82,81.3,4.88,90.2,4.788,75.7,4.848,93.5,4.768,80.7,4.768
05-07-2026-Thu 13-01-25-PM,81.0,4.832,70.5,4.832,77.8,4.824,79.8,4.876,88.2,4.788,75.3,4.852,92.4,4.772,79.2,4.776
05-07-2026-Thu 13-01-26-PM,Power Off
05-07-2026-Thu 13-01-28-PM,-0.5,1.788,-0.3,1.336,-0.4,1.804,-0.2,1.752,-0.1,1.764,-0.1,1.92,0.0,1.448,-0.2,1.364
05-07-2026-Thu 13-01-29-PM,-0.3,1.58,-0.2,1.1,-0.2,1.68,-0.3,1.656,-0.1,1.668,-0.1,1.824,-0.1,1.184,-0.2,1.152
05-07-2026-Thu 13-01-30-PM,-0.2,1.408,0.1,0.98,-0.4,1.604,-0.3,1.588,0.0,1.62,0.0,1.76,-0.2,1.08,-0.2,1.056
05-07-2026-Thu 13-01-32-PM,-0.4,1.26,0.0,0.9,-0.2,1.548,-0.4,1.548,0.0,1.58,-0.1,1.708,-0.2,1.024,-0.2,0.992
05-07-2026-Thu 13-01-33-PM,-0.1,1.176,0.2,0.844,-0.3,1.492,-0.3,1.512,-0.1,1.548,-0.2,1.652,-0.3,0.976,0.0,0.948
05-07-2026-Thu 13-01-35-PM,-0.2,1.108,-0.4,0.8,-0.3,1.44,-0.6,1.48,0.0,1.52,-0.2,1.592,0.0,0.943999,-0.4,0.916
05-07-2026-Thu 13-01-36-PM,-0.2,1.056,0.0,0.764,-0.3,1.388,-0.4,1.452,0.3,1.496,-0.2,1.524,-0.1,0.912,0.0,0.884
05-07-2026-Thu 13-01-37-PM,-0.3,1.016,-0.1,0.732,-0.2,1.336,-0.3,1.424,-0.1,1.476,0.0,1.46,-0.1,0.888,0.0,0.856
05-07-2026-Thu 13-01-39-PM,-0.4,0.984,0.0,0.708,-0.3,1.28,-0.3,1.4,-0.2,1.456,-0.1,1.396,-0.5,0.864,0.0,0.84
05-07-2026-Thu 13-01-40-PM,0.1,0.952,-0.4,0.684,-0.1,1.212,-0.1,1.376,-0.3,1.44,-0.1,1.324,-0.1,0.844,0.0,0.816
05-07-2026-Thu 13-01-42-PM,-0.1,0.928,-0.2,0.672,-0.2,1.152,-0.2,1.348,0.0,1.424,-0.3,1.252,-0.4,0.828,-0.3,0.8
05-07-2026-Thu 13-01-43-PM,-0.2,0.904,-0.1,0.652,-0.3,1.1,-0.3,1.328,0.1,1.408,0.1,1.184,-0.4,0.812,0.0,0.788
05-07-2026-Thu 13-01-44-PM,-0.3,0.884,-0.2,0.64,-0.4,1.056,-0.4,1.308,-0.2,1.396,0.0,1.132,-0.6,0.8,-0.2,0.772
05-07-2026-Thu 13-01-46-PM,-0.2,0.868,-0.1,0.624,0.0,1.02,-0.4,1.288,0.0,1.384,-0.2,1.088,-0.3,0.788,-0.1,0.76
05-07-2026-Thu 13-01-47-PM,-0.4,0.852,-0.2,0.616,-0.4,0.992,-0.4,1.264,-0.1,1.376,0.2,1.048,-0.3,0.776,-0.3,0.748
05-07-2026-Thu 13-01-49-PM,-0.4,0.836,0.0,0.608,-0.3,0.964,-0.4,1.244,0.0,1.356,0.1,1.012,-0.2,0.768,-0.2,0.74
05-07-2026-Thu 13-01-50-PM,0.0,0.824,-0.1,0.6,-0.3,0.94,-0.2,1.224,-0.1,1.348,-0.1,0.988,-0.3,0.756,-0.2,0.732
05-07-2026-Thu 13-01-51-PM,-0.3,0.82,-0.2,0.592,0.0,0.916,-0.2,1.2,0.0,1.332,0.0,0.96,-0.6,0.748,-0.1,0.724
05-07-2026-Thu 13-01-53-PM,-0.2,0.804,-0.2,0.58,-0.4,0.904,-0.2,1.18,0.3,1.324,-0.2,0.936,-0.2,0.74,0.0,0.716
05-07-2026-Thu 13-01-54-PM,0.0,0.796,-0.3,0.58,-0.3,0.888,-0.2,1.16,0.0,1.312,0.1,0.916,-0.1,0.74,-0.1,0.712
05-07-2026-Thu 13-01-56-PM,-0.3,0.788,-0.2,0.572,-0.4,0.872,-0.2,1.144,0.0,1.304,-0.1,0.896,-0.1,0.732,-0.2,0.704
05-07-2026-Thu 13-01-57-PM,-0.1,0.78,-0.1,0.568,-0.1,0.86,-0.4,1.124,0.0,1.296,0.0,0.888,-0.1,0.724,-0.2,0.7
05-07-2026-Thu 13-01-58-PM,-0.2,0.78,0.0,0.568,-0.6,0.848,-0.4,1.104,-0.2,1.284,-0.1,0.868,-0.2,0.72,0.0,0.696
05-07-2026-Thu 13-02-00-PM,0.0,0.772,-0.1,0.56,-0.3,0.836,-0.1,1.08,-0.2,1.276,-0.1,0.852,-0.5,0.712,-0.2,0.688
05-07-2026-Thu 13-02-01-PM,-0.1,0.768,-0.2,0.56,-0.3,0.832,-0.4,1.06,0.0,1.268,-0.1,0.84,-0.3,0.708,-0.2,0.684
05-07-2026-Thu 13-02-03-PM,0.0,0.76,-0.1,0.56,-0.5,0.824,-0.2,1.048,0.3,1.26,-0.2,0.836,-0.2,0.708,-0.2,0.684
05-07-2026-Thu 13-02-04-PM,0.0,0.76,0.1,0.556,-0.2,0.816,-0.5,1.032,0.0,1.252,-0.2,0.824,-0.4,0.708,0.1,0.676
05-07-2026-Thu 13-02-06-PM,-0.4,0.756,-0.1,0.556,-0.4,0.808,-0.3,1.02,-0.2,1.244,-0.2,0.816,-0.3,0.704,-0.3,0.676
05-07-2026-Thu 13-02-07-PM,-0.2,0.752,0.0,0.552,-0.3,0.804,-0.3,1.008,0.1,1.24,-0.1,0.808,-0.5,0.704,-0.1,0.676
05-07-2026-Thu 13-02-08-PM,-0.4,0.752,-0.2,0.556,-0.3,0.8,-0.2,1.0,-0.1,1.228,-0.2,0.804,-0.4,0.7,-0.2,0.676
05-07-2026-Thu 13-02-10-PM,-0.2,0.748,-0.4,0.552,-0.3,0.796,-0.2,0.988,-0.1,1.22,-0.1,0.796,0.0,0.696,-0.1,0.672
05-07-2026-Thu 13-02-12-PM,-0.5,0.736,-0.3,0.548,-0.5,0.78,-0.5,0.964,-0.4,1.204,-0.3,0.78,-0.3,0.684,-0.1,0.66
05-07-2026-Thu 13-02-13-PM,-0.1,0.732,-0.2,0.544,-0.2,0.78,-0.1,0.964,-0.2,1.2,-0.2,0.78,0.0,0.688,-0.1,0.664
05-07-2026-Thu 13-02-15-PM,-0.2,0.744,0.0,0.552,-0.3,0.784,-0.5,0.956,-0.1,1.192,0.1,0.784,-0.4,0.692,-0.7,0.672
05-07-2026-Thu 13-02-16-PM,-0.2,0.74,0.0,0.552,-0.3,0.788,-0.2,0.952,0.0,1.188,-0.2,0.78,-0.3,0.696,0.0,0.668
05-07-2026-Thu 13-02-17-PM,-0.3,0.74,-0.3,0.552,0.1,0.78,-0.4,0.943999,0.0,1.176,0.0,0.776,-0.4,0.692,-0.2,0.672
05-07-2026-Thu 13-02-19-PM,-0.1,0.736,-0.1,0.556,-0.4,0.78,-0.3,0.94,0.0,1.176,0.1,0.776,-0.3,0.696,-0.5,0.672
05-07-2026-Thu 13-02-20-PM,-0.2,0.736,-0.2,0.556,-0.4,0.78,-0.3,0.932,0.2,1.168,-0.2,0.776,-0.2,0.696,-0.1,0.668
05-07-2026-Thu 13-02-22-PM,-0.2,0.74,-0.2,0.552,-0.3,0.776,-0.4,0.928,-0.2,1.16,-0.2,0.772,-0.4,0.696,-0.2,0.672
05-07-2026-Thu 13-02-23-PM,-0.2,0.736,-0.2,0.556,-0.3,0.776,-0.1,0.924,-0.3,1.156,0.2,0.772,-0.1,0.692,-0.1,0.668
05-07-2026-Thu 13-02-24-PM,-0.3,0.736,-0.1,0.556,-0.4,0.776,-0.3,0.92,-0.2,1.148,-0.2,0.772,-0.3,0.696,-0.1,0.668
05-07-2026-Thu 13-02-26-PM,-0.2,0.736,-0.2,0.556,-0.3,0.776,-0.3,0.92,-0.2,1.14,-0.1,0.768,0.2,0.692,0.0,0.672
05-07-2026-Thu 13-02-27-PM,-0.4,0.736,0.0,0.556,-0.1,0.776,-0.2,0.916,-0.3,1.136,0.1,0.772,0.0,0.696,-0.2,0.672
05-07-2026-Thu 13-02-29-PM,-0.1,0.736,0.0,0.56,-0.4,0.772,-0.3,0.912,0.0,1.132,0.0,0.768,-0.3,0.692,-0.1,0.672
05-07-2026-Thu 13-02-30-PM,-0.1,0.736,-0.3,0.564,-0.5,0.772,-0.5,0.904,-0.1,1.124,0.1,0.764,0.0,0.696,0.1,0.672
05-07-2026-Thu 13-02-32-PM,-0.2,0.732,-0.1,0.56,-0.3,0.772,0.0,0.9,-0.2,1.12,0.2,0.768,-0.1,0.7,-0.2,0.672
05-07-2026-Thu 13-02-33-PM,-0.3,0.732,-0.1,0.564,-0.3,0.772,-0.2,0.9,-0.1,1.116,-0.1,0.764,-0.3,0.696,-0.1,0.672
05-07-2026-Thu 13-02-34-PM,-0.3,0.736,-0.2,0.56,-0.4,0.772,-0.1,0.896,-0.1,1.112,-0.3,0.764,-0.2,0.696,-0.2,0.672
05-07-2026-Thu 13-02-36-PM,0.0,0.732,-0.2,0.564,-0.6,0.772,-0.1,0.892,-0.1,1.108,0.0,0.764,-0.3,0.696,-0.1,0.676
05-07-2026-Thu 13-02-37-PM,-0.2,0.736,-0.1,0.564,-0.5,0.772,-0.2,0.892,0.1,1.104,0.0,0.764,-0.4,0.696,0.0,0.672
05-07-2026-Thu 13-02-39-PM,-0.2,0.736,-0.1,0.564,-0.4,0.772,-0.1,0.888,-0.2,1.104,0.0,0.764,-0.2,0.7,-0.2,0.676
05-07-2026-Thu 13-02-41-PM,-0.1,0.74,-0.3,0.568,-0.3,0.776,-0.1,0.888,0.0,1.1,-0.3,0.768,-0.2,0.7,-0.1,0.676
05-07-2026-Thu 13-02-44-PM,0.0,0.74,-0.3,0.576,-0.3,0.776,-0.5,0.884,0.0,1.088,0.1,0.764,-0.2,0.704,-0.3,0.684
05-07-2026-Thu 13-02-47-PM,0.3,0.74,-0.2,0.576,0.0,0.776,0.0,0.88,-0.1,1.084,0.0,0.764,-0.3,0.704,-0.1,0.684
05-07-2026-Thu 13-02-50-PM,-0.5,0.74,-0.3,0.58,-0.2,0.78,-0.4,0.88,0.0,1.08,-0.2,0.764,-0.1,0.704,-0.1,0.684
05-07-2026-Thu 13-02-51-PM,-0.3,0.74,-0.1,0.58,-0.1,0.776,-0.5,0.876,-0.2,1.076,-0.4,0.76,-0.4,0.704,-0.1,0.684
05-07-2026-Thu 13-02-53-PM,-0.2,0.744,0.0,0.58,-0.5,0.776,-0.4,0.872,-0.1,1.08,0.0,0.764,-0.2,0.704,0.2,0.688
05-07-2026-Thu 13-02-54-PM,-0.4,0.74,0.0,0.58,-0.3,0.78,-0.2,0.872,-0.3,1.076,0.0,0.764,-0.5,0.704,-0.3,0.684
05-07-2026-Thu 13-02-55-PM,-0.2,0.744,0.0,0.58,-0.6,0.78,-0.3,0.872,0.0,1.072,-0.2,0.768,0.0,0.704,-0.6,0.688
05-07-2026-Thu 13-02-57-PM,-0.1,0.744,-0.3,0.58,0.0,0.78,-0.5,0.872,0.1,1.072,0.1,0.764,0.0,0.704,0.0,0.688
05-07-2026-Thu 13-02-58-PM,-0.2,0.748,0.0,0.58,-0.1,0.78,-0.4,0.872,-0.3,1.068,-0.1,0.764,-0.3,0.704,-0.2,0.688
05-07-2026-Thu 13-02-59-PM,-0.3,0.744,-0.1,0.584,0.1,0.78,-0.3,0.872,-0.1,1.068,-0.2,0.764,-0.1,0.708,-0.2,0.688
05-07-2026-Thu 13-03-01-PM,-0.1,0.744,-0.1,0.584,0.0,0.78,-0.3,0.868,-0.3,1.068,-0.2,0.768,0.1,0.708,-0.1,0.688
05-07-2026-Thu 13-03-02-PM,-0.2,0.748,-0.2,0.584,-0.3,0.78,-0.3,0.868,-0.3,1.068,0.1,0.764,-0.3,0.708,-0.4,0.688
05-07-2026-Thu 13-03-04-PM,0.0,0.748,-0.3,0.588,-0.3,0.78,-0.3,0.868,-0.3,1.06,-0.1,0.764,-0.4,0.708,-0.3,0.688
05-07-2026-Thu 13-03-05-PM,-0.2,0.748,-0.2,0.588,-0.2,0.784,-0.3,0.868,-0.4,1.06,-0.2,0.764,-0.5,0.708,-0.2,0.692
05-07-2026-Thu 13-03-06-PM,-0.2,0.748,-0.3,0.588,-0.5,0.78,-0.5,0.864,-0.1,1.056,0.0,0.768,-0.4,0.708,-0.2,0.696
05-07-2026-Thu 13-03-08-PM,-0.3,0.748,-0.2,0.588,-0.4,0.78,-0.2,0.864,-0.1,1.06,0.0,0.764,-0.2,0.712,-0.3,0.692
05-07-2026-Thu 13-03-09-PM,0.0,0.748,-0.2,0.588,-0.3,0.784,-0.2,0.864,-0.2,1.052,-0.3,0.764,-0.1,0.708,-0.3,0.696
05-07-2026-Thu 13-03-11-PM,-0.4,0.748,-0.2,0.588,-0.3,0.784,-0.2,0.864,-0.2,1.056,-0.3,0.768,-0.3,0.708,-0.2,0.692
05-07-2026-Thu 13-03-12-PM,0.0,0.748,-0.2,0.592,-0.3,0.784,-0.1,0.864,-0.3,1.052,-0.2,0.768,-0.2,0.712,-0.1,0.696
05-07-2026-Thu 13-03-13-PM,-0.1,0.752,-0.3,0.592,-0.2,0.784,-0.2,0.864,0.0,1.052,0.2,0.764,-0.4,0.712,-0.2,0.696
05-07-2026-Thu 13-03-15-PM,-0.1,0.752,0.0,0.592,-0.1,0.784,-0.3,0.86,0.0,1.048,0.0,0.764,-0.3,0.712,0.0,0.692
05-07-2026-Thu 13-03-16-PM,-0.2,0.752,-0.3,0.592,-0.3,0.784,-0.2,0.86,-0.1,1.048,0.1,0.768,-0.1,0.712,-0.2,0.696
05-07-2026-Thu 13-03-18-PM,-0.4,0.752,-0.3,0.596,-0.1,0.784,-0.3,0.86,-0.1,1.048,-0.3,0.764,-0.2,0.712,-0.1,0.696
05-07-2026-Thu 13-03-19-PM,-0.3,0.752,-0.2,0.592,-0.3,0.784,-0.2,0.86,-0.1,1.044,-0.2,0.764,-0.4,0.712,-0.3,0.7
05-07-2026-Thu 13-03-20-PM,-0.2,0.748,-0.2,0.596,-0.5,0.784,-0.2,0.86,-0.1,1.044,-0.1,0.768,-0.1,0.712,0.0,0.696
05-07-2026-Thu 13-03-22-PM,-0.1,0.752,-0.1,0.596,-0.5,0.784,-0.5,0.856,-0.3,1.048,-0.1,0.764,-0.2,0.712,-0.1,0.696
05-07-2026-Thu 13-03-23-PM,-0.2,0.756,-0.5,0.596,-0.2,0.788,-0.3,0.86,0.0,1.04,0.0,0.768,-0.3,0.712,0.0,0.7
05-07-2026-Thu 13-03-25-PM,-0.2,0.752,-0.1,0.596,-0.1,0.788,-0.4,0.856,-0.1,1.044,-0.1,0.768,-0.3,0.716,-0.1,0.7
05-07-2026-Thu 13-03-26-PM,-0.1,0.752,-0.1,0.596,-0.4,0.784,-0.5,0.856,0.0,1.04,-0.3,0.764,-0.2,0.712,0.1,0.7
05-07-2026-Thu 13-03-27-PM,0.0,0.752,0.0,0.596,-0.3,0.788,-0.3,0.856,0.1,1.04,-0.1,0.768,-0.4,0.716,-0.2,0.7
05-07-2026-Thu 13-03-29-PM,-0.2,0.752,-0.1,0.6,-0.3,0.784,0.3,0.856,-0.1,1.036,-0.2,0.768,-0.3,0.716,-0.1,0.704
05-07-2026-Thu 13-03-30-PM,-0.2,0.756,-0.1,0.596,-0.1,0.788,-0.4,0.852,-0.3,1.036,-0.3,0.768,-0.4,0.716,-0.3,0.7
05-07-2026-Thu 13-03-32-PM,-0.3,0.752,-0.1,0.6,-0.5,0.788,-0.2,0.852,-0.2,1.036,-0.1,0.764,-0.3,0.716,-0.1,0.704
05-07-2026-Thu 13-03-33-PM,-0.1,0.756,-0.2,0.596,-0.4,0.788,-0.6,0.852,0.2,1.036,-0.3,0.76,-0.3,0.716,0.0,0.7
05-07-2026-Thu 13-03-35-PM,-0.6,0.756,-0.1,0.6,-0.5,0.788,-0.2,0.852,0.1,1.032,0.0,0.764,-0.1,0.716,0.0,0.704
05-07-2026-Thu 13-03-36-PM,-0.2,0.756,-0.3,0.604,0.0,0.788,-0.3,0.852,0.1,1.032,0.0,0.768,-0.3,0.716,-0.2,0.704
05-07-2026-Thu 13-03-37-PM,-0.2,0.756,-0.3,0.604,-0.4,0.784,-0.4,0.852,-0.2,1.032,-0.2,0.768,-0.5,0.716,-0.2,0.704
05-07-2026-Thu 13-03-39-PM,-0.3,0.752,-0.2,0.6,-0.3,0.788,-0.6,0.852,0.0,1.028,-0.1,0.768,-0.4,0.716,-0.2,0.704
05-07-2026-Thu 13-03-40-PM,0.0,0.752,-0.1,0.6,-0.2,0.788,-0.2,0.848,-0.1,1.028,-0.1,0.764,-0.1,0.72,-0.1,0.704
05-07-2026-Thu 13-03-41-PM,Power On
05-07-2026-Thu 13-03-43-PM,75.0,4.824,76.3,4.828,80.9,4.816,87.4,4.868,93.8,4.78,74.0,4.848,96.1,4.764,80.9,4.768
05-07-2026-Thu 13-03-44-PM,73.7,4.84,72.4,4.836,77.8,4.828,81.5,4.88,87.3,4.8,72.9,4.856,89.7,4.78,77.4,4.78
05-07-2026-Thu 13-03-46-PM,72.9,4.844,70.0,4.84,76.0,4.836,78.1,4.888,84.1,4.8,71.6,4.864,87.8,4.784,77.5,4.788
05-07-2026-Thu 13-03-47-PM,72.4,4.848,68.9,4.844,75.9,4.836,75.9,4.892,82.0,4.808,71.2,4.868,86.7,4.788,75.0,4.792
05-07-2026-Thu 13-03-48-PM,Power Off
05-07-2026-Thu 13-03-50-PM,-0.3,1.908,0.0,1.648,-0.2,1.876,-0.5,1.78,0.0,1.8,-0.2,2.0,0.0,1.604,0.1,1.52
05-07-2026-Thu 13-03-51-PM,-0.1,1.776,-0.2,1.376,0.1,1.748,-0.2,1.684,-0.1,1.708,-0.3,1.896,0.1,1.412,-0.2,1.292
05-07-2026-Thu 13-03-53-PM,-0.1,1.68,0.0,1.176,-0.1,1.676,-0.3,1.624,-0.1,1.66,-0.4,1.84,-0.1,1.244,-0.5,1.164
05-07-2026-Thu 13-03-54-PM,-0.3,1.612,-0.2,1.068,-0.3,1.628,-0.3,1.58,-0.3,1.624,-0.1,1.796,-0.1,1.136,-0.1,1.096
05-07-2026-Thu 13-03-56-PM,-0.5,1.548,0.1,0.992,-0.1,1.58,-0.2,1.548,-0.1,1.592,-0.2,1.756,-0.1,1.08,0.2,1.052
05-07-2026-Thu 13-03-57-PM,-0.3,1.484,-0.1,0.932,-0.2,1.552,0.0,1.52,-0.1,1.572,-0.1,1.72,-0.1,1.032,-0.1,1.016
05-07-2026-Thu 13-03-58-PM,-0.4,1.428,-0.3,0.884,-0.1,1.516,-0.1,1.492,-0.1,1.548,-0.1,1.68,-0.2,1.004,0.0,0.992
05-07-2026-Thu 13-04-00-PM,Power On
05-07-2026-Thu 13-04-01-PM,71.7,4.848,69.7,4.844,75.7,4.836,76.4,4.888,81.3,4.808,71.4,4.864,87.0,4.788,75.5,4.792
05-07-2026-Thu 13-04-02-PM,70.6,4.852,67.4,4.848,74.7,4.844,73.4,4.892,78.8,4.812,70.3,4.872,85.7,4.792,73.9,4.796
05-07-2026-Thu 13-04-04-PM,69.8,4.852,66.4,4.856,74.2,4.844,71.9,4.896,77.8,4.816,69.6,4.872,84.8,4.796,72.9,4.8
05-07-2026-Thu 13-04-05-PM,70.0,4.856,66.3,4.852,73.4,4.84,71.1,4.9,77.1,4.82,69.5,4.872,84.6,4.8,73.9,4.8
05-07-2026-Thu 13-04-07-PM,69.8,4.856,65.5,4.856,73.2,4.848,70.9,4.9,76.7,4.82,69.1,4.872,84.1,4.8,73.9,4.796
05-07-2026-Thu 13-04-08-PM,69.3,4.856,65.4,4.86,73.1,4.848,69.9,4.896,75.9,4.82,69.0,4.876,83.4,4.8,74.0,4.8
05-07-2026-Thu 13-04-10-PM,69.2,4.86,64.9,4.852,72.7,4.852,69.7,4.9,76.0,4.82,68.9,4.88,83.2,4.8,72.6,4.804
05-07-2026-Thu 13-04-11-PM,69.0,4.86,64.9,4.86,72.9,4.852,69.4,4.9,75.3,4.824,68.8,4.876,83.1,4.804,70.9,4.808
05-07-2026-Thu 13-04-12-PM,Power Off
05-07-2026-Thu 13-04-15-PM,-0.5,1.924,-0.3,1.744,-0.3,1.912,-0.1,1.844,-0.2,1.86,0.1,2.004,-0.1,1.692,-0.2,1.716
05-07-2026-Thu 13-04-18-PM,-0.1,1.796,-0.3,1.52,-0.3,1.776,-0.1,1.724,0.2,1.756,0.2,1.9,-0.1,1.572,-0.1,1.512
05-07-2026-Thu 13-04-21-PM,-0.1,1.712,0.0,1.292,-0.1,1.704,-0.2,1.66,-0.1,1.7,0.0,1.84,0.0,1.468,-0.4,1.348
05-07-2026-Thu 13-04-24-PM,-0.3,1.652,-0.3,1.132,-0.3,1.652,-0.5,1.612,-0.2,1.66,0.0,1.792,-0.2,1.356,-0.1,1.232
05-07-2026-Thu 13-04-26-PM,-0.3,1.616,-0.2,1.06,0.1,1.628,-0.2,1.588,0.3,1.636,-0.3,1.764,-0.2,1.284,-0.1,1.172
05-07-2026-Thu 13-04-27-PM,Power On
05-07-2026-Thu 13-04-28-PM,69.2,4.856,66.7,4.852,74.0,4.844,71.5,4.896,76.6,4.816,70.2,4.876,84.3,4.8,75.0,4.796
05-07-2026-Thu 13-04-30-PM,68.1,4.86,64.7,4.856,72.5,4.852,69.4,4.9,74.5,4.824,69.0,4.88,83.2,4.804,73.9,4.804
05-07-2026-Thu 13-04-31-PM,67.5,4.868,64.2,4.864,72.0,4.852,68.4,4.904,73.8,4.828,68.2,4.88,81.9,4.804,72.0,4.812
05-07-2026-Thu 13-04-32-PM,Power Off
05-07-2026-Thu 13-04-34-PM,-0.2,2.032,0.1,1.84,-0.2,2.032,-0.3,1.916,-0.1,1.972,-0.1,2.12,0.0,1.812,-0.1,1.86
05-07-2026-Thu 13-04-35-PM,-0.2,1.92,-0.5,1.704,-0.4,1.908,-0.2,1.82,-0.1,1.868,0.0,2.012,-0.1,1.7,0.1,1.72
05-07-2026-Thu 13-04-37-PM,0.0,1.852,-0.1,1.604,-0.3,1.828,-0.3,1.76,0.0,1.812,-0.1,1.952,0.0,1.632,0.2,1.616
05-07-2026-Thu 13-04-38-PM,0.0,1.796,0.1,1.504,-0.3,1.776,-0.2,1.716,-0.1,1.768,-0.1,1.904,-0.1,1.576,-0.3,1.528
05-07-2026-Thu 13-04-39-PM,-0.4,1.756,-0.1,1.404,0.0,1.736,-0.2,1.684,-0.3,1.744,0.1,1.872,-0.1,1.528,-0.1,1.448
05-07-2026-Thu 13-04-41-PM,-0.2,1.72,-0.1,1.296,-0.2,1.704,-0.7,1.656,0.0,1.716,0.0,1.844,-0.1,1.476,0.0,1.38
05-07-2026-Thu 13-04-42-PM,0.1,1.692,-0.2,1.216,-0.3,1.676,-0.3,1.636,0.0,1.696,0.0,1.824,-0.1,1.428,-0.1,1.316
05-07-2026-Thu 13-04-44-PM,-0.2,1.664,-0.4,1.156,-0.1,1.656,-0.2,1.616,0.0,1.676,-0.2,1.804,-0.4,1.38,0.0,1.268
05-07-2026-Thu 13-04-45-PM,-0.3,1.64,-0.1,1.1,-0.3,1.636,-0.2,1.596,-0.2,1.664,-0.1,1.784,-0.5,1.34,-0.1,1.228
05-07-2026-Thu 13-04-46-PM,-0.5,1.616,-0.1,1.06,-0.3,1.62,-0.5,1.58,-0.1,1.648,-0.1,1.764,-0.2,1.296,-0.1,1.192
05-07-2026-Thu 13-04-48-PM,-0.1,1.6,0.0,1.02,-0.1,1.604,-0.3,1.568,-0.3,1.636,0.0,1.744,-0.3,1.26,0.0,1.164
05-07-2026-Thu 13-04-49-PM,-0.2,1.576,-0.1,0.988,-0.3,1.588,-0.2,1.556,-0.1,1.624,0.0,1.732,0.0,1.224,0.1,1.14
05-07-2026-Thu 13-04-51-PM,-0.4,1.56,-0.2,0.96,-0.1,1.572,-0.1,1.544,0.0,1.616,-0.1,1.712,0.0,1.188,-0.2,1.12
05-07-2026-Thu 13-04-52-PM,-0.1,1.54,-0.1,0.936,-0.3,1.56,-0.3,1.532,0.1,1.604,-0.1,1.696,0.1,1.16,0.1,1.1
05-07-2026-Thu 13-04-55-PM,-0.2,1.508,-0.1,0.892,-0.1,1.54,-0.3,1.508,0.3,1.584,-0.1,1.668,-0.1,1.108,-0.2,1.068
05-07-2026-Thu 13-04-57-PM,-0.3,1.476,0.2,0.852,-0.2,1.52,-0.1,1.492,-0.1,1.572,-0.2,1.64,-0.2,1.076,-0.4,1.04
05-07-2026-Thu 13-04-59-PM,-0.3,1.448,0.2,0.828,-0.1,1.504,-0.2,1.48,0.1,1.56,-0.1,1.62,-0.1,1.056,0.0,1.02
05-07-2026-Thu 13-05-01-PM,-0.2,1.436,-0.2,0.812,-0.1,1.5,-0.2,1.468,-0.1,1.552,-0.1,1.608,-0.3,1.04,-0.1,1.012
05-07-2026-Thu 13-05-02-PM,-0.3,1.42,0.0,0.8,0.0,1.484,-0.1,1.46,-0.2,1.548,0.0,1.592,0.1,1.028,0.1,0.996
05-07-2026-Thu 13-05-04-PM,-0.1,1.404,-0.2,0.788,-0.4,1.48,-0.1,1.456,-0.2,1.544,-0.1,1.58,-0.4,1.02,0.1,0.988
05-07-2026-Thu 13-05-05-PM,-0.1,1.392,-0.1,0.772,-0.1,1.468,-0.2,1.444,-0.1,1.536,-0.2,1.568,-0.1,1.004,-0.1,0.98
05-07-2026-Thu 13-05-06-PM,-0.1,1.38,-0.3,0.764,0.0,1.464,-0.3,1.44,-0.1,1.528,-0.2,1.556,-0.1,0.996,0.0,0.968
05-07-2026-Thu 13-05-08-PM,-0.2,1.36,-0.3,0.752,-0.4,1.456,-0.5,1.432,-0.3,1.528,-0.3,1.544,0.2,0.992,-0.3,0.96
05-07-2026-Thu 13-05-09-PM,-0.4,1.352,-0.3,0.744,-0.2,1.448,-0.2,1.424,-0.1,1.52,-0.1,1.532,0.1,0.98,-0.4,0.948
05-07-2026-Thu 13-05-11-PM,-0.1,1.34,-0.3,0.732,-0.3,1.436,-0.3,1.416,-0.1,1.512,-0.3,1.516,-0.2,0.976,-0.1,0.943999
05-07-2026-Thu 13-05-12-PM,-0.1,1.324,-0.1,0.724,-0.3,1.428,-0.3,1.412,0.1,1.508,0.0,1.504,-0.2,0.964,-0.2,0.932
05-07-2026-Thu 13-05-13-PM,-0.2,1.308,-0.3,0.716,-0.3,1.42,-0.3,1.404,-0.1,1.504,0.0,1.492,-0.3,0.956,-0.2,0.924
05-07-2026-Thu 13-05-15-PM,0.0,1.296,-0.2,0.708,-0.1,1.416,-0.1,1.396,0.0,1.5,-0.3,1.48,-0.2,0.948,-0.2,0.92
05-07-2026-Thu 13-05-16-PM,-0.1,1.284,-0.1,0.7,-0.3,1.404,-0.2,1.392,0.2,1.5,-0.3,1.468,0.0,0.94,-0.2,0.912
05-07-2026-Thu 13-05-17-PM,-0.1,1.272,-0.3,0.688,0.0,1.396,-0.3,1.384,-0.1,1.488,-0.3,1.456,0.1,0.936,0.1,0.908
05-07-2026-Thu 13-05-19-PM,-0.3,1.26,-0.2,0.68,-0.4,1.392,-0.2,1.376,-0.1,1.488,-0.1,1.44,-0.4,0.932,-0.1,0.896
05-07-2026-Thu 13-05-20-PM,-0.1,1.244,-0.2,0.676,-0.1,1.384,0.1,1.368,0.1,1.48,-0.3,1.432,-0.2,0.924,0.0,0.896
05-07-2026-Thu 13-05-22-PM,-0.2,1.228,-0.4,0.668,0.0,1.376,-0.2,1.36,0.0,1.48,-0.1,1.42,-0.2,0.92,-0.1,0.888
05-07-2026-Thu 13-05-23-PM,-0.2,1.216,-0.2,0.664,0.1,1.364,0.0,1.36,-0.1,1.472,-0.1,1.408,-0.3,0.916,0.0,0.884
05-07-2026-Thu 13-05-24-PM,0.1,1.204,0.0,0.66,-0.4,1.356,-0.1,1.348,0.0,1.468,0.0,1.396,-0.1,0.908,-0.1,0.876
05-07-2026-Thu 13-05-26-PM,0.0,1.192,-0.3,0.652,-0.1,1.352,0.0,1.34,0.0,1.464,-0.2,1.384,-0.5,0.904,0.2,0.868
05-07-2026-Thu 13-05-27-PM,-0.4,1.176,-0.2,0.648,0.0,1.34,0.0,1.336,-0.1,1.46,-0.1,1.372,-0.5,0.9,-0.2,0.864
05-07-2026-Thu 13-05-29-PM,-0.3,1.164,-0.2,0.644,-0.3,1.332,-0.2,1.332,-0.1,1.456,-0.3,1.364,-0.2,0.896,0.0,0.86
05-07-2026-Thu 13-05-30-PM,-0.2,1.152,-0.1,0.636,-0.2,1.328,-0.4,1.324,-0.2,1.452,0.1,1.348,0.1,0.888,-0.1,0.852
05-07-2026-Thu 13-05-31-PM,-0.4,1.14,-0.1,0.632,-0.3,1.32,-0.3,1.32,-0.3,1.448,0.0,1.336,-0.4,0.888,-0.2,0.848
05-07-2026-Thu 13-05-33-PM,-0.3,1.132,-0.3,0.628,0.0,1.308,-0.2,1.312,0.0,1.444,0.0,1.324,-0.1,0.884,-0.1,0.844
05-07-2026-Thu 13-05-34-PM,0.0,1.116,-0.2,0.624,-0.1,1.304,0.0,1.304,-0.1,1.44,-0.1,1.312,-0.5,0.88,-0.1,0.84
05-07-2026-Thu 13-05-36-PM,-0.1,1.108,-0.3,0.62,-0.3,1.3,-0.5,1.3,-0.2,1.436,0.0,1.3,-0.3,0.876,0.1,0.84
05-07-2026-Thu 13-05-37-PM,-0.3,1.092,-0.4,0.612,-0.3,1.288,-0.2,1.292,0.0,1.432,-0.2,1.28,0.2,0.872,-0.2,0.828
05-07-2026-Thu 13-05-39-PM,-0.1,1.08,-0.4,0.612,-0.3,1.28,-0.2,1.288,0.0,1.424,0.1,1.268,-0.5,0.868,-0.1,0.828
05-07-2026-Thu 13-05-40-PM,0.0,1.076,-0.2,0.604,-0.4,1.272,-0.1,1.28,-0.2,1.42,-0.1,1.256,0.0,0.864,-0.1,0.82
05-07-2026-Thu 13-05-42-PM,-0.2,1.064,-0.1,0.6,-0.1,1.272,-0.3,1.276,-0.3,1.42,0.1,1.24,-0.2,0.86,0.0,0.82
05-07-2026-Thu 13-05-43-PM,-0.1,1.056,-0.1,0.6,-0.3,1.264,-0.1,1.268,-0.2,1.412,-0.2,1.228,-0.3,0.86,-0.2,0.812
05-07-2026-Thu 13-05-44-PM,-0.4,1.048,-0.1,0.6,-0.3,1.256,-0.2,1.264,0.0,1.412,-0.1,1.216,-0.2,0.852,-0.1,0.812
05-07-2026-Thu 13-05-46-PM,-0.1,1.04,-0.2,0.592,0.1,1.248,-0.4,1.26,0.0,1.408,-0.2,1.2,-0.1,0.852,-0.2,0.804
05-07-2026-Thu 13-05-47-PM,0.0,1.036,0.0,0.592,0.0,1.244,-0.3,1.252,-0.1,1.408,-0.3,1.184,-0.2,0.848,-0.3,0.8
05-07-2026-Thu 13-05-49-PM,-0.4,1.028,-0.2,0.588,-0.1,1.236,-0.1,1.248,0.0,1.4,-0.1,1.176,-0.2,0.844,-0.2,0.8
05-07-2026-Thu 13-05-50-PM,-0.3,1.02,0.0,0.584,-0.1,1.228,-0.4,1.24,-0.2,1.396,0.1,1.16,-0.2,0.844,0.1,0.796
05-07-2026-Thu 13-05-51-PM,-0.2,1.016,-0.3,0.584,-0.3,1.224,-0.6,1.236,-0.1,1.392,0.0,1.148,-0.3,0.84,-0.3,0.792
05-07-2026-Thu 13-05-53-PM,-0.1,1.004,-0.2,0.58,0.0,1.212,-0.1,1.228,0.0,1.392,-0.2,1.136,-0.1,0.836,-0.1,0.784
05-07-2026-Thu 13-05-55-PM,-0.2,0.996,-0.3,0.576,-0.3,1.2,-0.5,1.224,0.0,1.384,0.1,1.12,0.1,0.832,-0.3,0.784
05-07-2026-Thu 13-05-56-PM,-0.2,0.988,-0.2,0.572,0.0,1.192,-0.1,1.216,0.0,1.38,-0.4,1.104,-0.5,0.828,0.0,0.78
05-07-2026-Thu 13-05-58-PM,-0.3,0.988,-0.3,0.572,-0.3,1.184,-0.4,1.212,0.0,1.376,0.0,1.096,-0.1,0.824,0.1,0.776
05-07-2026-Thu 13-05-59-PM,-0.2,0.976,-0.3,0.568,0.0,1.176,-0.1,1.212,-0.3,1.372,-0.3,1.084,-0.5,0.82,0.0,0.772
05-07-2026-Thu 13-06-00-PM,-0.1,0.972,-0.1,0.568,-0.2,1.168,-0.2,1.2,0.0,1.368,-0.3,1.076,-0.1,0.82,-0.5,0.768
05-07-2026-Thu 13-06-02-PM,-0.3,0.968,-0.2,0.564,-0.2,1.16,-0.3,1.196,-0.2,1.364,0.0,1.06,-0.1,0.82,-0.2,0.768
05-07-2026-Thu 13-06-03-PM,-0.4,0.964,-0.1,0.56,-0.5,1.152,-0.3,1.192,-0.1,1.36,-0.2,1.052,-0.3,0.816,-0.1,0.764
05-07-2026-Thu 13-06-05-PM,-0.1,0.956,0.2,0.56,-0.3,1.14,-0.5,1.188,-0.2,1.356,-0.1,1.04,0.0,0.812,-0.3,0.76
05-07-2026-Thu 13-06-06-PM,-0.2,0.956,-0.1,0.56,-0.3,1.136,-0.1,1.18,-0.2,1.352,-0.1,1.032,-0.3,0.812,-0.1,0.756
05-07-2026-Thu 13-06-08-PM,-0.1,0.948,-0.2,0.556,-0.2,1.124,-0.7,1.176,-0.4,1.348,0.1,1.024,-0.3,0.808,0.0,0.756
05-07-2026-Thu 13-06-09-PM,-0.3,0.94,-0.3,0.556,-0.1,1.116,-0.1,1.172,-0.1,1.344,-0.1,1.016,-0.3,0.808,0.0,0.752
05-07-2026-Thu 13-06-11-PM,-0.3,0.936,-0.2,0.552,-0.3,1.108,-0.3,1.164,0.0,1.336,-0.3,1.008,-0.1,0.804,0.0,0.752
05-07-2026-Thu 13-06-12-PM,-0.2,0.936,0.0,0.552,-0.1,1.1,-0.3,1.16,-0.4,1.336,-0.1,1.0,0.0,0.804,-0.1,0.752
05-07-2026-Thu 13-06-14-PM,-0.2,0.928,-0.2,0.552,-0.1,1.088,0.0,1.156,0.1,1.332,-0.1,0.992,-0.3,0.8,-0.3,0.748
05-07-2026-Thu 13-06-15-PM,-0.2,0.924,0.1,0.552,0.1,1.08,-0.2,1.148,-0.1,1.328,-0.2,0.984,-0.4,0.8,-0.2,0.744
05-07-2026-Thu 13-06-16-PM,Power On
05-07-2026-Thu 13-06-18-PM,64.1,4.864,66.4,4.86,72.7,4.848,72.5,4.9,73.9,4.824,68.4,4.88,81.1,4.804,73.1,4.808
05-07-2026-Thu 13-06-19-PM,62.4,4.872,62.3,4.868,70.4,4.86,68.8,4.908,71.6,4.832,67.0,4.888,78.6,4.816,68.7,4.816
05-07-2026-Thu 13-06-21-PM,61.4,4.876,60.4,4.868,69.3,4.86,67.3,4.912,70.7,4.836,66.9,4.892,77.5,4.82,68.8,4.82
05-07-2026-Thu 13-06-22-PM,Power Off
05-07-2026-Thu 13-06-23-PM,-0.3,2.032,-0.2,1.904,-0.1,2.02,-0.2,1.94,-0.2,1.952,0.0,2.116,0.0,1.78,-0.4,1.848
05-07-2026-Thu 13-06-25-PM,-0.3,1.9,-0.2,1.728,-0.2,1.892,-0.4,1.8,-0.1,1.844,-0.2,2.008,-0.3,1.672,-0.2,1.692
05-07-2026-Thu 13-06-26-PM,-0.3,1.828,-0.3,1.632,-0.2,1.812,-0.1,1.74,-0.2,1.784,-0.3,1.94,-0.1,1.596,0.1,1.58
05-07-2026-Thu 13-06-28-PM,-0.1,1.776,-0.3,1.54,-0.2,1.756,-0.2,1.692,-0.2,1.744,-0.2,1.892,-0.4,1.54,-0.2,1.484
05-07-2026-Thu 13-06-29-PM,-0.3,1.732,-0.1,1.464,-0.5,1.716,-0.1,1.66,-0.1,1.716,0.0,1.856,-0.2,1.484,0.0,1.408
05-07-2026-Thu 13-06-30-PM,-0.1,1.692,-0.3,1.38,-0.1,1.684,-0.2,1.632,-0.2,1.688,0.1,1.824,0.3,1.432,-0.2,1.348
05-07-2026-Thu 13-06-32-PM,-0.2,1.664,-0.2,1.292,-0.3,1.652,-0.2,1.608,0.0,1.668,0.2,1.804,0.1,1.388,-0.3,1.296
05-07-2026-Thu 13-06-33-PM,-0.1,1.636,-0.1,1.224,-0.1,1.628,-0.3,1.584,-0.2,1.652,-0.1,1.78,-0.3,1.348,-0.2,1.256
05-07-2026-Thu 13-06-35-PM,-0.1,1.608,-0.2,1.152,-0.5,1.604,-0.2,1.568,-0.2,1.636,0.1,1.752,-0.1,1.304,-0.5,1.216
05-07-2026-Thu 13-06-36-PM,0.0,1.588,-0.1,1.108,-0.2,1.588,-0.3,1.552,-0.1,1.624,0.0,1.728,-0.3,1.272,-0.2,1.188
05-07-2026-Thu 13-06-38-PM,-0.1,1.564,-0.3,1.068,-0.2,1.572,-0.4,1.532,-0.3,1.612,0.0,1.708,0.0,1.236,0.2,1.164
05-07-2026-Thu 13-06-39-PM,-0.2,1.544,0.1,1.032,0.1,1.556,-0.2,1.52,-0.2,1.6,-0.1,1.688,-0.2,1.212,0.0,1.144
05-07-2026-Thu 13-06-40-PM,-0.3,1.524,-0.1,1.004,-0.2,1.54,-0.4,1.508,-0.2,1.588,0.0,1.668,-0.4,1.184,0.0,1.124
05-07-2026-Thu 13-06-42-PM,-0.1,1.504,-0.1,0.976,-0.1,1.528,-0.4,1.492,-0.1,1.58,-0.1,1.648,-0.2,1.16,0.1,1.112
05-07-2026-Thu 13-06-43-PM,Power On
05-07-2026-Thu 13-06-44-PM,61.3,4.872,61.4,4.868,69.0,4.864,67.6,4.916,70.3,4.84,66.6,4.892,78.1,4.82,69.6,4.82
05-07-2026-Thu 13-06-46-PM,60.3,4.884,59.4,4.876,67.2,4.868,65.1,4.916,68.6,4.848,65.2,4.896,76.5,4.828,68.0,4.828
05-07-2026-Thu 13-06-47-PM,59.8,4.884,58.4,4.884,66.8,4.872,64.6,4.92,67.9,4.852,64.6,4.9,75.9,4.832,65.6,4.836
05-07-2026-Thu 13-06-49-PM,59.3,4.888,57.8,4.88,66.5,4.872,63.8,4.92,67.4,4.848,64.5,4.9,75.0,4.832,64.2,4.832
05-07-2026-Thu 13-06-50-PM,59.4,4.884,57.9,4.884,66.1,4.876,63.4,4.92,67.0,4.852,63.9,4.904,74.9,4.832,64.5,4.832
05-07-2026-Thu 13-06-51-PM,Power Off
05-07-2026-Thu 13-06-53-PM,-0.2,2.084,-0.3,1.908,-0.1,2.08,-0.3,1.96,-0.1,2.04,0.0,2.184,-0.2,1.884,-0.1,1.936
05-07-2026-Thu 13-06-54-PM,-0.2,1.976,-0.2,1.8,-0.4,1.976,-0.3,1.868,0.1,1.94,-0.2,2.08,0.0,1.776,-0.1,1.816
05-07-2026-Thu 13-06-56-PM,-0.2,1.908,0.1,1.72,-0.2,1.892,-0.1,1.808,-0.1,1.876,-0.1,2.012,-0.2,1.712,-0.1,1.72
05-07-2026-Thu 13-06-57-PM,-0.3,1.856,-0.2,1.66,-0.2,1.84,-0.4,1.764,-0.2,1.832,-0.2,1.964,-0.3,1.664,0.1,1.656
05-07-2026-Thu 13-06-58-PM,-0.2,1.82,-0.1,1.604,-0.2,1.792,-0.3,1.728,0.1,1.804,0.0,1.928,-0.2,1.632,0.0,1.596
05-07-2026-Thu 13-07-00-PM,0.0,1.784,-0.2,1.548,-0.2,1.76,-0.3,1.704,-0.1,1.776,0.1,1.9,-0.1,1.6,0.3,1.548
05-07-2026-Thu 13-07-01-PM,-0.2,1.756,0.0,1.496,-0.2,1.732,-0.2,1.684,-0.1,1.756,-0.2,1.872,-0.1,1.576,0.1,1.508
05-07-2026-Thu 13-07-03-PM,-0.2,1.732,0.0,1.448,-0.1,1.708,-0.4,1.66,-0.1,1.736,-0.2,1.856,-0.1,1.548,-0.3,1.464
05-07-2026-Thu 13-07-04-PM,-0.1,1.708,-0.2,1.392,-0.2,1.688,-0.1,1.644,0.0,1.724,0.1,1.836,-0.3,1.52,0.0,1.424
05-07-2026-Thu 13-07-05-PM,0.0,1.692,-0.2,1.34,-0.3,1.668,-0.4,1.628,-0.1,1.708,-0.3,1.816,-0.4,1.492,-0.2,1.388
05-07-2026-Thu 13-07-07-PM,-0.4,1.672,-0.2,1.284,-0.2,1.652,-0.3,1.612,0.0,1.7,0.0,1.8,-0.1,1.464,0.0,1.352
05-07-2026-Thu 13-07-08-PM,-0.4,1.656,-0.3,1.232,0.0,1.636,-0.5,1.604,-0.1,1.688,0.2,1.78,0.0,1.44,-0.1,1.316
05-07-2026-Thu 13-07-10-PM,0.0,1.64,-0.3,1.188,-0.2,1.62,0.0,1.588,-0.2,1.672,0.1,1.768,-0.3,1.412,-0.1,1.288
05-07-2026-Thu 13-07-11-PM,0.0,1.624,-0.3,1.148,-0.4,1.608,-0.2,1.576,0.0,1.664,-0.1,1.748,0.2,1.388,-0.1,1.264
05-07-2026-Thu 13-07-12-PM,0.2,1.612,0.0,1.116,-0.2,1.6,-0.2,1.568,0.1,1.66,-0.1,1.736,0.0,1.368,-0.2,1.24
05-07-2026-Thu 13-07-14-PM,-0.3,1.6,0.0,1.084,-0.3,1.588,0.0,1.556,-0.1,1.648,0.0,1.72,-0.3,1.344,-0.3,1.224
05-07-2026-Thu 13-07-15-PM,-0.3,1.584,-0.2,1.06,-0.2,1.576,-0.3,1.548,0.0,1.64,0.0,1.708,-0.3,1.324,-0.2,1.204
05-07-2026-Thu 13-07-17-PM,-0.3,1.572,0.0,1.032,-0.2,1.568,-0.3,1.54,0.0,1.632,0.1,1.692,0.0,1.304,0.0,1.188
05-07-2026-Thu 13-07-18-PM,0.0,1.556,-0.3,1.012,0.0,1.556,-0.2,1.532,-0.1,1.624,-0.2,1.68,-0.2,1.284,-0.3,1.172
05-07-2026-Thu 13-07-19-PM,-0.2,1.548,0.0,0.988,-0.3,1.548,-0.3,1.52,0.0,1.62,0.0,1.668,-0.2,1.264,-0.1,1.156
05-07-2026-Thu 13-07-21-PM,-0.1,1.536,-0.3,0.968,-0.1,1.54,-0.2,1.516,-0.1,1.612,-0.1,1.66,-0.3,1.244,-0.1,1.144
05-07-2026-Thu 13-07-22-PM,-0.1,1.524,-0.1,0.952,0.0,1.532,-0.6,1.504,-0.2,1.604,-0.2,1.648,-0.1,1.224,-0.3,1.132
05-07-2026-Thu 13-07-24-PM,-0.1,1.512,-0.1,0.936,-0.1,1.524,-0.3,1.5,-0.2,1.6,0.0,1.636,-0.4,1.208,0.0,1.124
05-07-2026-Thu 13-07-25-PM,-0.1,1.5,-0.1,0.92,-0.2,1.516,-0.2,1.492,-0.2,1.592,-0.2,1.628,0.1,1.192,-0.4,1.112
05-07-2026-Thu 13-07-26-PM,-0.2,1.492,-0.1,0.904,-0.2,1.512,-0.2,1.488,0.0,1.592,-0.3,1.616,-0.1,1.176,-0.4,1.1
05-07-2026-Thu 13-07-28-PM,-0.3,1.48,-0.2,0.892,-0.1,1.5,-0.1,1.476,0.0,1.584,-0.1,1.608,-0.1,1.16,-0.1,1.092
05-07-2026-Thu 13-07-29-PM,-0.1,1.472,-0.3,0.88,-0.3,1.496,-0.4,1.472,0.2,1.576,-0.1,1.596,-0.1,1.148,-0.2,1.08
05-07-2026-Thu 13-07-31-PM,-0.1,1.46,-0.1,0.864,-0.3,1.488,0.0,1.464,0.0,1.572,-0.3,1.588,-0.4,1.14,-0.2,1.072
05-07-2026-Thu 13-07-32-PM,-0.2,1.452,-0.2,0.852,-0.2,1.48,-0.1,1.46,-0.2,1.568,-0.1,1.576,-0.2,1.124,0.0,1.06
05-07-2026-Thu 13-07-33-PM,-0.1,1.44,-0.1,0.844,-0.2,1.476,-0.3,1.452,-0.2,1.564,0.0,1.564,-0.2,1.112,-0.1,1.056
05-07-2026-Thu 13-07-36-PM,0.0,1.42,-0.1,0.82,-0.1,1.464,-0.2,1.44,-0.2,1.552,-0.2,1.548,-0.3,1.096,0.0,1.036
05-07-2026-Thu 13-07-39-PM,-0.3,1.396,-0.2,0.8,-0.2,1.452,-0.4,1.432,0.0,1.548,-0.1,1.532,-0.3,1.076,-0.2,1.024
05-07-2026-Thu 13-07-42-PM,-0.4,1.384,-0.2,0.784,-0.2,1.436,-0.2,1.416,-0.1,1.54,-0.1,1.512,-0.1,1.056,0.0,1.008
05-07-2026-Thu 13-07-45-PM,-0.1,1.368,0.0,0.768,0.1,1.428,-0.1,1.412,-0.1,1.528,0.0,1.496,0.1,1.044,-0.2,0.996
05-07-2026-Thu 13-07-47-PM,-0.1,1.352,-0.4,0.756,-0.4,1.416,-0.2,1.4,-0.2,1.524,-0.2,1.48,-0.1,1.032,0.0,0.988
05-07-2026-Thu 13-07-48-PM,-0.3,1.344,-0.5,0.752,-0.2,1.412,0.0,1.396,0.0,1.52,-0.1,1.472,-0.1,1.028,-0.4,0.98
05-07-2026-Thu 13-07-50-PM,-0.3,1.336,-0.2,0.74,0.0,1.404,-0.1,1.388,-0.1,1.516,-0.5,1.46,-0.4,1.02,0.0,0.972
05-07-2026-Thu 13-07-51-PM,-0.1,1.324,-0.3,0.732,-0.2,1.4,0.0,1.384,0.1,1.512,-0.1,1.452,-0.2,1.012,-0.3,0.972
05-07-2026-Thu 13-07-53-PM,-0.5,1.32,-0.2,0.728,-0.2,1.396,-0.2,1.376,-0.1,1.508,-0.1,1.448,-0.2,1.008,-0.2,0.96
05-07-2026-Thu 13-07-54-PM,0.0,1.312,-0.4,0.716,-0.1,1.388,-0.3,1.372,-0.1,1.504,-0.3,1.436,-0.3,1.004,-0.2,0.96
05-07-2026-Thu 13-07-55-PM,-0.1,1.304,-0.1,0.712,0.0,1.384,-0.2,1.368,0.2,1.504,-0.1,1.428,-0.3,0.996,-0.3,0.952
05-07-2026-Thu 13-07-57-PM,-0.1,1.292,-0.1,0.704,-0.1,1.376,-0.2,1.364,-0.2,1.496,-0.1,1.42,-0.3,0.992,-0.1,0.948
05-07-2026-Thu 13-07-58-PM,-0.4,1.284,-0.5,0.7,-0.2,1.372,-0.4,1.36,0.1,1.496,-0.1,1.412,-0.1,0.984,-0.2,0.943999
05-07-2026-Thu 13-08-00-PM,-0.1,1.276,-0.3,0.696,-0.2,1.368,-0.3,1.352,-0.3,1.488,-0.3,1.404,-0.2,0.98,0.1,0.94
05-07-2026-Thu 13-08-01-PM,-0.1,1.272,-0.1,0.696,-0.2,1.36,-0.1,1.348,0.1,1.488,-0.2,1.4,-0.1,0.976,0.0,0.936
05-07-2026-Thu 13-08-03-PM,0.1,1.264,-0.5,0.688,-0.3,1.356,-0.4,1.344,-0.2,1.484,0.0,1.388,-0.1,0.972,-0.2,0.928
05-07-2026-Thu 13-08-04-PM,0.0,1.256,-0.3,0.68,0.1,1.352,-0.4,1.34,-0.1,1.484,-0.1,1.384,-0.1,0.972,0.0,0.924
05-07-2026-Thu 13-08-05-PM,-0.2,1.248,-0.3,0.676,-0.2,1.344,-0.3,1.332,-0.1,1.48,0.0,1.376,-0.1,0.964,-0.2,0.92
05-07-2026-Thu 13-08-07-PM,-0.2,1.244,0.1,0.672,-0.4,1.34,-0.5,1.328,-0.3,1.48,-0.1,1.368,0.0,0.964,-0.2,0.916
05-07-2026-Thu 13-08-08-PM,-0.2,1.232,-0.3,0.668,-0.3,1.336,-0.2,1.324,-0.1,1.472,0.0,1.364,-0.1,0.956,0.0,0.912
05-07-2026-Thu 13-08-10-PM,0.0,1.228,-0.5,0.664,-0.1,1.328,-0.2,1.32,0.0,1.468,0.1,1.356,-0.1,0.952,-0.2,0.908
05-07-2026-Thu 13-08-11-PM,0.0,1.22,-0.3,0.66,-0.1,1.324,-0.3,1.316,0.1,1.464,-0.1,1.348,-0.2,0.948,-0.1,0.904
05-07-2026-Thu 13-08-12-PM,-0.1,1.208,-0.4,0.656,-0.1,1.32,-0.4,1.308,-0.1,1.464,0.1,1.344,-0.2,0.943999,0.2,0.9
05-07-2026-Thu 13-08-14-PM,-0.3,1.204,-0.3,0.648,0.0,1.312,-0.4,1.308,-0.3,1.46,-0.1,1.332,-0.1,0.94,-0.2,0.896
05-07-2026-Thu 13-08-15-PM,-0.3,1.196,-0.2,0.648,-0.3,1.308,-0.2,1.304,0.0,1.46,-0.3,1.324,-0.1,0.936,0.0,0.892
05-07-2026-Thu 13-08-17-PM,-0.1,1.184,-0.1,0.644,0.1,1.304,0.0,1.3,-0.2,1.456,-0.1,1.32,-0.1,0.936,-0.1,0.888
05-07-2026-Thu 13-08-18-PM,-0.4,1.176,-0.2,0.64,-0.3,1.296,-0.1,1.296,-0.1,1.452,0.0,1.312,0.0,0.932,-0.3,0.888
05-07-2026-Thu 13-08-20-PM,-0.2,1.172,-0.2,0.636,0.1,1.296,-0.2,1.288,-0.1,1.448,-0.1,1.304,-0.1,0.928,-0.1,0.884
05-07-2026-Thu 13-08-21-PM,-0.1,1.168,-0.3,0.632,-0.4,1.292,-0.3,1.288,0.0,1.444,-0.3,1.296,-0.1,0.924,0.1,0.88
05-07-2026-Thu 13-08-22-PM,-0.3,1.16,-0.3,0.632,-0.1,1.284,-0.2,1.28,0.1,1.44,0.0,1.292,-0.4,0.924,-0.3,0.876
05-07-2026-Thu 13-08-24-PM,-0.1,1.148,-0.2,0.624,-0.2,1.28,-0.4,1.276,-0.1,1.44,-0.2,1.28,-0.1,0.92,0.1,0.872
05-07-2026-Thu 13-08-25-PM,-0.3,1.144,-0.3,0.62,-0.2,1.276,-0.4,1.272,-0.3,1.436,-0.1,1.276,0.0,0.912,-0.3,0.872
05-07-2026-Thu 13-08-27-PM,-0.1,1.14,-0.2,0.62,-0.1,1.272,-0.2,1.268,-0.1,1.436,-0.2,1.268,-0.1,0.916,-0.2,0.868
05-07-2026-Thu 13-08-28-PM,-0.3,1.132,0.0,0.616,0.1,1.268,-0.3,1.264,-0.1,1.428,0.1,1.26,0.1,0.912,-0.3,0.864
05-07-2026-Thu 13-08-30-PM,-0.2,1.124,-0.4,0.616,0.0,1.264,-0.3,1.264,0.0,1.428,-0.3,1.248,-0.4,0.904,-0.3,0.86
05-07-2026-Thu 13-08-31-PM,-0.1,1.12,-0.1,0.612,-0.2,1.26,-0.2,1.256,-0.2,1.42,-0.1,1.24,-0.3,0.908,-0.2,0.86
05-07-2026-Thu 13-08-32-PM,-0.3,1.108,-0.1,0.612,-0.2,1.256,-0.2,1.252,0.0,1.42,-0.2,1.232,-0.1,0.9,-0.3,0.856
05-07-2026-Thu 13-08-34-PM,-0.2,1.1,-0.2,0.608,-0.4,1.248,-0.2,1.248,0.0,1.416,-0.1,1.224,0.1,0.9,0.0,0.852
05-07-2026-Thu 13-08-35-PM,-0.2,1.1,-0.3,0.604,-0.4,1.244,-0.4,1.244,-0.2,1.412,-0.1,1.216,-0.3,0.896,-0.1,0.848
05-07-2026-Thu 13-08-37-PM,0.0,1.088,-0.2,0.6,-0.5,1.24,-0.4,1.244,0.1,1.412,0.0,1.208,-0.2,0.896,0.0,0.844
05-07-2026-Thu 13-08-38-PM,-0.2,1.088,-0.1,0.6,-0.3,1.24,-0.4,1.24,0.0,1.412,0.1,1.2,0.1,0.888,-0.3,0.84
05-07-2026-Thu 13-08-39-PM,-0.2,1.076,-0.2,0.596,-0.3,1.232,-0.3,1.236,-0.2,1.404,-0.1,1.192,-0.3,0.888,-0.4,0.84
05-07-2026-Thu 13-08-41-PM,-0.3,1.072,-0.2,0.592,-0.4,1.228,-0.4,1.232,0.0,1.404,-0.1,1.18,0.0,0.884,0.0,0.84
05-07-2026-Thu 13-08-42-PM,-0.4,1.064,-0.2,0.592,-0.3,1.228,-0.3,1.228,0.0,1.4,-0.2,1.176,-0.3,0.884,-0.1,0.836
05-07-2026-Thu 13-08-44-PM,-0.1,1.06,-0.2,0.592,-0.4,1.22,0.0,1.22,-0.3,1.396,-0.2,1.168,-0.3,0.884,-0.1,0.832
05-07-2026-Thu 13-08-45-PM,-0.2,1.056,0.0,0.588,-0.1,1.216,-0.3,1.22,0.0,1.392,-0.1,1.16,-0.1,0.88,-0.1,0.828
05-07-2026-Thu 13-08-46-PM,-0.4,1.048,-0.3,0.588,-0.4,1.212,-0.2,1.216,0.1,1.392,-0.1,1.152,-0.1,0.88,-0.1,0.828
05-07-2026-Thu 13-08-48-PM,Power On
05-07-2026-Thu 13-08-49-PM,57.7,4.88,59.6,4.876,66.3,4.868,65.2,4.916,66.5,4.84,63.0,4.892,74.3,4.82,71.0,4.824
05-07-2026-Thu 13-08-51-PM,56.2,4.888,56.2,4.884,64.5,4.876,62.7,4.924,64.8,4.848,62.2,4.9,72.2,4.832,69.1,4.832
05-07-2026-Thu 13-08-52-PM,55.6,4.892,54.8,4.884,63.5,4.876,62.1,4.92,63.7,4.856,61.4,4.904,71.2,4.832,68.1,4.836
05-07-2026-Thu 13-08-53-PM,55.2,4.892,54.0,4.892,62.7,4.88,61.0,4.924,63.5,4.856,61.2,4.904,70.1,4.84,67.2,4.84
05-07-2026-Thu 13-08-55-PM,Power Off
05-07-2026-Thu 13-08-56-PM,-0.3,2.096,0.0,1.98,-0.1,2.092,-0.2,2.008,-0.2,2.04,-0.1,2.192,0.0,1.876,0.0,1.952
05-07-2026-Thu 13-08-58-PM,-0.1,1.972,-0.2,1.816,-0.1,1.964,-0.1,1.864,0.1,1.928,-0.1,2.08,-0.3,1.764,-0.2,1.82
05-07-2026-Thu 13-08-59-PM,-0.4,1.904,0.1,1.74,-0.1,1.884,-0.2,1.796,-0.1,1.864,-0.1,2.012,-0.2,1.7,-0.3,1.732
05-07-2026-Thu 13-09-00-PM,-0.3,1.844,-0.1,1.672,-0.4,1.824,-0.2,1.748,-0.1,1.816,-0.1,1.96,-0.1,1.652,-0.2,1.664
05-07-2026-Thu 13-09-02-PM,-0.3,1.8,-0.3,1.612,0.0,1.776,-0.3,1.708,0.0,1.788,-0.1,1.92,0.1,1.612,-0.3,1.604
05-07-2026-Thu 13-09-03-PM,-0.3,1.772,-0.2,1.564,-0.3,1.744,-0.3,1.68,0.0,1.76,-0.1,1.888,-0.2,1.58,0.0,1.556
05-07-2026-Thu 13-09-05-PM,0.0,1.736,-0.1,1.516,-0.3,1.712,0.0,1.656,-0.2,1.74,-0.2,1.864,-0.4,1.552,-0.3,1.512
05-07-2026-Thu 13-09-06-PM,-0.1,1.716,-0.2,1.476,-0.2,1.692,-0.4,1.64,-0.1,1.724,0.2,1.844,-0.1,1.528,-0.2,1.476
05-07-2026-Thu 13-09-08-PM,-0.2,1.692,-0.2,1.436,-0.3,1.668,-0.4,1.62,-0.1,1.712,-0.2,1.82,0.2,1.504,0.1,1.436
05-07-2026-Thu 13-09-09-PM,Power On
05-07-2026-Thu 13-09-10-PM,54.7,4.888,54.5,4.884,62.5,4.88,61.1,4.924,63.1,4.856,60.4,4.904,71.3,4.836,68.2,4.836
05-07-2026-Thu 13-09-13-PM,53.5,4.9,52.8,4.896,61.0,4.888,59.0,4.932,61.1,4.868,59.3,4.912,69.2,4.848,65.6,4.848
05-07-2026-Thu 13-09-16-PM,53.1,4.904,52.7,4.896,60.7,4.888,58.3,4.936,60.5,4.868,58.9,4.916,68.5,4.848,64.7,4.848
05-07-2026-Thu 13-09-19-PM,Power Off
05-07-2026-Thu 13-09-22-PM,-0.4,2.032,-0.1,1.864,-0.2,2.028,-0.1,1.92,0.0,2.008,0.0,2.136,0.0,1.852,0.1,1.896
05-07-2026-Thu 13-09-24-PM,-0.4,1.952,-0.2,1.776,-0.2,1.944,-0.1,1.844,-0.1,1.932,-0.1,2.052,-0.2,1.772,0.0,1.792
05-07-2026-Thu 13-09-25-PM,0.1,1.908,-0.1,1.736,0.1,1.892,-0.2,1.808,-0.1,1.896,-0.1,2.008,-0.1,1.736,-0.1,1.736
05-07-2026-Thu 13-09-26-PM,0.0,1.872,-0.2,1.692,-0.2,1.848,-0.4,1.776,0.0,1.864,0.0,1.972,-0.3,1.704,-0.1,1.692
05-07-2026-Thu 13-09-28-PM,-0.4,1.84,-0.1,1.656,-0.2,1.816,0.1,1.748,-0.3,1.84,-0.3,1.944,-0.1,1.68,-0.2,1.656
05-07-2026-Thu 13-09-29-PM,-0.5,1.812,-0.2,1.624,-0.3,1.792,-0.2,1.728,-0.1,1.82,0.2,1.92,-0.2,1.66,0.0,1.624
05-07-2026-Thu 13-09-30-PM,Power On
05-07-2026-Thu 13-09-32-PM,53.5,4.9,53.2,4.896,60.9,4.884,59.1,4.932,61.0,4.864,59.4,4.912,69.8,4.844,66.5,4.844
05-07-2026-Thu 13-09-33-PM,52.2,4.9,52.2,4.896,59.7,4.888,58.2,4.936,60.2,4.872,58.5,4.912,68.1,4.848,64.8,4.848
05-07-2026-Thu 13-09-35-PM,51.9,4.9,52.2,4.9,59.8,4.892,57.9,4.936,59.6,4.872,58.2,4.916,67.4,4.848,64.1,4.852
05-07-2026-Thu 13-09-36-PM,Power Off
05-07-2026-Thu 13-09-38-PM,-0.3,2.144,-0.3,1.972,-0.1,2.148,-0.3,2.02,-0.3,2.128,-0.1,2.252,-0.3,1.98,-0.1,2.036
05-07-2026-Thu 13-09-39-PM,-0.2,2.044,-0.3,1.872,-0.4,2.048,-0.2,1.936,-0.2,2.032,0.0,2.156,-0.3,1.876,-0.2,1.92
05-07-2026-Thu 13-09-40-PM,-0.3,1.984,0.0,1.808,0.0,1.976,-0.5,1.876,-0.1,1.972,0.0,2.088,0.0,1.812,-0.3,1.84
05-07-2026-Thu 13-09-42-PM,-0.3,1.936,-0.1,1.76,0.1,1.928,-0.3,1.836,-0.5,1.928,-0.1,2.04,0.0,1.772,-0.3,1.78
05-07-2026-Thu 13-09-43-PM,0.1,1.896,-0.4,1.72,-0.3,1.88,-0.1,1.804,-0.1,1.892,-0.1,1.996,-0.5,1.74,-0.1,1.732
05-07-2026-Thu 13-09-45-PM,-0.2,1.864,0.0,1.684,-0.1,1.844,-0.4,1.776,-0.1,1.864,-0.2,1.968,-0.3,1.712,0.0,1.692
05-07-2026-Thu 13-09-46-PM,-0.2,1.836,-0.1,1.652,0.1,1.812,-0.3,1.752,-0.1,1.844,-0.1,1.94,0.1,1.688,0.1,1.656
05-07-2026-Thu 13-09-47-PM,-0.1,1.812,-0.1,1.624,0.0,1.792,-0.1,1.732,-0.3,1.824,-0.2,1.916,-0.1,1.668,0.0,1.628
05-07-2026-Thu 13-09-49-PM,-0.4,1.792,-0.2,1.596,0.0,1.768,-0.1,1.716,0.0,1.808,0.1,1.9,-0.1,1.652,-0.2,1.6
05-07-2026-Thu 13-09-50-PM,-0.2,1.776,0.0,1.572,-0.3,1.752,-0.3,1.7,-0.1,1.796,0.0,1.88,-0.2,1.636,-0.2,1.58
05-07-2026-Thu 13-09-52-PM,0.0,1.76,-0.2,1.548,-0.1,1.732,-0.3,1.688,-0.2,1.78,-0.1,1.868,-0.1,1.62,-0.1,1.556
05-07-2026-Thu 13-09-53-PM,-0.3,1.744,0.0,1.524,-0.2,1.716,-0.3,1.676,-0.3,1.768,-0.1,1.852,-0.3,1.608,-0.1,1.536
05-07-2026-Thu 13-09-54-PM,-0.4,1.728,-0.2,1.5,-0.1,1.704,-0.2,1.66,-0.3,1.756,-0.1,1.84,-0.1,1.596,-0.4,1.52
05-07-2026-Thu 13-09-56-PM,0.0,1.716,-0.2,1.472,0.0,1.692,0.0,1.656,-0.1,1.748,0.1,1.828,-0.1,1.58,0.1,1.504
05-07-2026-Thu 13-09-57-PM,-0.1,1.704,-0.2,1.452,-0.2,1.68,-0.2,1.64,-0.1,1.736,0.0,1.816,0.0,1.572,-0.1,1.484
05-07-2026-Thu 13-09-58-PM,0.0,1.692,-0.2,1.428,-0.3,1.668,-0.2,1.636,-0.1,1.728,0.1,1.804,-0.3,1.564,-0.1,1.472
05-07-2026-Thu 13-10-00-PM,-0.3,1.684,-0.2,1.408,0.1,1.656,-0.2,1.624,-0.4,1.72,-0.1,1.792,-0.1,1.548,0.1,1.456
05-07-2026-Thu 13-10-01-PM,-0.3,1.672,0.0,1.384,0.0,1.644,-0.2,1.62,-0.1,1.716,-0.4,1.784,0.0,1.54,-0.3,1.444
05-07-2026-Thu 13-10-03-PM,-0.2,1.664,-0.2,1.356,-0.1,1.632,0.0,1.608,0.0,1.704,-0.1,1.772,-0.4,1.528,-0.1,1.428
05-07-2026-Thu 13-10-04-PM,-0.3,1.652,-0.3,1.332,0.0,1.628,-0.1,1.604,-0.1,1.7,0.0,1.76,-0.3,1.52,0.0,1.416
05-07-2026-Thu 13-10-06-PM,0.0,1.64,-0.1,1.304,-0.2,1.616,-0.1,1.596,0.1,1.692,-0.1,1.748,-0.1,1.508,0.0,1.408
05-07-2026-Thu 13-10-07-PM,0.0,1.632,-0.1,1.276,0.0,1.612,-0.2,1.588,-0.1,1.684,-0.3,1.74,-0.4,1.496,0.0,1.388
05-07-2026-Thu 13-10-09-PM,-0.1,1.628,-0.2,1.252,-0.1,1.604,0.0,1.58,-0.1,1.684,0.0,1.728,0.1,1.484,-0.1,1.376
05-07-2026-Thu 13-10-10-PM,-0.3,1.616,-0.2,1.228,0.1,1.596,-0.4,1.576,-0.3,1.676,-0.3,1.724,-0.2,1.476,-0.2,1.364
05-07-2026-Thu 13-10-11-PM,-0.2,1.612,0.0,1.2,-0.2,1.588,-0.1,1.572,-0.2,1.672,-0.3,1.712,0.0,1.464,-0.5,1.356
05-07-2026-Thu 13-10-13-PM,-0.2,1.604,-0.2,1.18,-0.1,1.584,-0.2,1.564,-0.1,1.664,0.0,1.704,-0.2,1.456,-0.1,1.34
05-07-2026-Thu 13-10-14-PM,-0.3,1.596,-0.3,1.16,-0.1,1.576,-0.2,1.56,-0.1,1.66,-0.1,1.696,0.0,1.444,0.0,1.332
05-07-2026-Thu 13-10-15-PM,-0.2,1.592,0.0,1.14,-0.4,1.568,-0.2,1.552,0.0,1.656,-0.2,1.692,0.0,1.432,-0.3,1.32
05-07-2026-Thu 13-10-17-PM,-0.1,1.584,-0.1,1.12,-0.3,1.564,-0.3,1.548,0.0,1.652,-0.1,1.68,0.2,1.42,-0.1,1.312
05-07-2026-Thu 13-10-18-PM,-0.2,1.58,-0.2,1.104,-0.3,1.56,-0.1,1.544,-0.2,1.648,-0.2,1.676,-0.3,1.416,-0.3,1.296
05-07-2026-Thu 13-10-20-PM,-0.3,1.572,0.1,1.088,-0.1,1.552,-0.3,1.54,0.0,1.644,-0.3,1.664,-0.1,1.404,-0.4,1.288
05-07-2026-Thu 13-10-21-PM,Power On
05-07-2026-Thu 13-10-22-PM,52.9,4.9,52.8,4.896,60.9,4.888,59.2,4.932,60.8,4.864,59.3,4.912,68.9,4.844,66.1,4.844
05-07-2026-Thu 13-10-24-PM,51.8,4.904,51.5,4.9,59.4,4.892,57.6,4.932,59.4,4.872,57.9,4.916,67.2,4.852,64.5,4.848
05-07-2026-Thu 13-10-25-PM,51.3,4.904,51.0,4.904,58.6,4.892,57.1,4.936,58.4,4.872,57.0,4.916,66.2,4.856,63.1,4.852
05-07-2026-Thu 13-10-27-PM,50.7,4.904,50.5,4.904,58.4,4.892,56.5,4.94,57.8,4.876,56.7,4.92,65.8,4.856,62.6,4.856
05-07-2026-Thu 13-10-28-PM,50.4,4.908,50.3,4.904,58.1,4.896,56.1,4.94,57.6,4.876,56.3,4.92,65.0,4.856,62.1,4.86
05-07-2026-Thu 13-10-29-PM,50.4,4.912,49.9,4.904,57.7,4.9,56.1,4.944,57.3,4.876,56.2,4.92,64.8,4.86,61.5,4.856
05-07-2026-Thu 13-10-31-PM,Power Off
05-07-2026-Thu 13-10-32-PM,-0.4,2.176,0.1,2.032,-0.2,2.18,-0.3,2.076,-0.1,2.164,-0.3,2.28,-0.3,2.016,-0.2,2.068
05-07-2026-Thu 13-10-34-PM,-0.2,2.076,-0.2,1.916,-0.1,2.08,-0.3,1.968,-0.3,2.064,-0.1,2.18,-0.1,1.908,0.0,1.956
05-07-2026-Thu 13-10-35-PM,-0.4,2.008,-0.1,1.844,-0.4,2.016,-0.3,1.908,-0.1,2.0,0.1,2.108,-0.1,1.844,0.2,1.88
05-07-2026-Thu 13-10-36-PM,0.0,1.96,-0.2,1.796,-0.1,1.96,-0.2,1.864,0.0,1.96,0.0,2.064,-0.3,1.804,0.0,1.82
05-07-2026-Thu 13-10-38-PM,-0.2,1.924,0.0,1.756,-0.1,1.916,-0.4,1.828,0.0,1.924,-0.1,2.024,-0.3,1.768,-0.1,1.768
05-07-2026-Thu 13-10-39-PM,-0.2,1.888,-0.4,1.72,-0.3,1.876,-0.3,1.8,0.0,1.892,-0.2,1.988,-0.1,1.74,-0.2,1.728
05-07-2026-Thu 13-10-41-PM,-0.2,1.86,-0.2,1.688,-0.4,1.84,-0.2,1.776,-0.2,1.872,0.0,1.96,-0.1,1.716,0.2,1.692
05-07-2026-Thu 13-10-42-PM,-0.2,1.84,-0.2,1.664,0.0,1.816,-0.3,1.756,0.1,1.848,-0.2,1.94,-0.2,1.696,-0.1,1.66
05-07-2026-Thu 13-10-44-PM,-0.4,1.812,-0.1,1.636,0.0,1.792,-0.2,1.736,-0.2,1.832,0.0,1.916,0.0,1.676,-0.1,1.636
05-07-2026-Thu 13-10-45-PM,-0.3,1.796,0.0,1.612,-0.1,1.772,-0.3,1.724,-0.1,1.816,-0.1,1.9,-0.3,1.66,0.1,1.608
05-07-2026-Thu 13-10-47-PM,-0.1,1.78,0.0,1.588,0.0,1.756,-0.2,1.708,0.1,1.804,0.0,1.884,-0.1,1.652,-0.1,1.588
05-07-2026-Thu 13-10-48-PM,-0.4,1.764,-0.2,1.568,-0.1,1.74,-0.1,1.696,0.0,1.788,-0.2,1.864,-0.2,1.632,-0.2,1.568
05-07-2026-Thu 13-10-49-PM,-0.3,1.748,0.0,1.548,-0.1,1.724,-0.2,1.684,0.0,1.776,-0.1,1.852,0.0,1.624,-0.1,1.548
05-07-2026-Thu 13-10-51-PM,-0.3,1.732,0.1,1.524,-0.2,1.712,-0.3,1.676,0.0,1.768,-0.3,1.844,-0.1,1.608,-0.1,1.532
05-07-2026-Thu 13-10-52-PM,-0.2,1.72,0.2,1.504,-0.3,1.7,-0.1,1.664,-0.1,1.76,-0.3,1.824,0.0,1.596,-0.1,1.516
05-07-2026-Thu 13-10-54-PM,-0.2,1.708,-0.2,1.484,0.1,1.688,-0.2,1.652,-0.2,1.752,-0.3,1.816,-0.3,1.588,0.1,1.504
05-07-2026-Thu 13-10-55-PM,-0.1,1.7,-0.3,1.468,-0.1,1.676,-0.2,1.644,-0.1,1.74,-0.2,1.804,0.0,1.576,0.1,1.492
05-07-2026-Thu 13-10-57-PM,0.0,1.688,-0.1,1.444,0.0,1.664,-0.3,1.64,-0.2,1.732,-0.3,1.792,-0.3,1.568,-0.1,1.472
05-07-2026-Thu 13-10-58-PM,-0.1,1.68,0.1,1.424,-0.2,1.652,-0.1,1.628,0.0,1.724,0.0,1.78,-0.2,1.556,0.2,1.46
05-07-2026-Thu 13-10-59-PM,-0.3,1.672,-0.2,1.404,-0.3,1.64,-0.3,1.616,0.0,1.72,-0.4,1.768,-0.2,1.548,0.0,1.448
05-07-2026-Thu 13-11-01-PM,-0.1,1.66,0.0,1.388,0.0,1.636,-0.3,1.612,-0.1,1.712,0.1,1.756,0.1,1.54,-0.1,1.436
05-07-2026-Thu 13-11-02-PM,-0.4,1.652,-0.4,1.368,-0.1,1.628,-0.2,1.608,-0.2,1.704,-0.2,1.752,-0.3,1.532,0.0,1.424
05-07-2026-Thu 13-11-04-PM,-0.1,1.644,-0.1,1.348,0.0,1.616,-0.2,1.6,-0.1,1.7,0.1,1.74,-0.2,1.52,-0.2,1.416
05-07-2026-Thu 13-11-05-PM,-0.4,1.636,-0.2,1.328,-0.1,1.612,-0.3,1.592,0.0,1.696,-0.2,1.732,-0.1,1.512,0.0,1.408
05-07-2026-Thu 13-11-06-PM,-0.2,1.628,-0.2,1.308,-0.3,1.604,-0.2,1.588,-0.1,1.692,0.0,1.724,-0.4,1.504,-0.3,1.396
05-07-2026-Thu 13-11-08-PM,-0.1,1.624,-0.3,1.284,0.0,1.596,0.0,1.584,0.1,1.684,-0.2,1.716,-0.4,1.496,0.0,1.384
05-07-2026-Thu 13-11-09-PM,-0.2,1.616,-0.3,1.268,0.1,1.592,-0.3,1.58,-0.2,1.68,0.1,1.712,-0.1,1.488,-0.1,1.376
05-07-2026-Thu 13-11-11-PM,-0.4,1.608,-0.4,1.248,0.1,1.584,-0.3,1.572,0.1,1.672,-0.2,1.704,-0.1,1.48,-0.3,1.368
05-07-2026-Thu 13-11-12-PM,-0.2,1.604,-0.1,1.224,-0.3,1.58,-0.2,1.568,0.0,1.672,-0.2,1.692,-0.1,1.464,-0.1,1.356
05-07-2026-Thu 13-11-14-PM,0.0,1.6,-0.1,1.204,-0.1,1.572,-0.1,1.564,0.0,1.668,-0.1,1.688,-0.1,1.46,-0.3,1.344
05-07-2026-Thu 13-11-15-PM,-0.4,1.588,0.0,1.188,0.0,1.568,-0.5,1.56,-0.3,1.664,-0.2,1.68,0.0,1.452,-0.3,1.336
05-07-2026-Thu 13-11-16-PM,0.0,1.588,0.0,1.168,-0.1,1.564,0.0,1.556,0.1,1.656,-0.2,1.676,-0.3,1.44,0.0,1.328
05-07-2026-Thu 13-11-18-PM,-0.3,1.58,-0.2,1.148,-0.4,1.556,-0.3,1.548,0.0,1.652,-0.3,1.668,-0.1,1.432,-0.1,1.32
05-07-2026-Thu 13-11-21-PM,-0.1,1.568,-0.2,1.116,0.0,1.548,-0.3,1.54,-0.2,1.648,0.0,1.656,0.1,1.416,0.0,1.3
05-07-2026-Thu 13-11-24-PM,-0.1,1.56,-0.3,1.088,-0.1,1.54,-0.6,1.532,0.0,1.636,0.0,1.644,0.0,1.4,-0.1,1.284
05-07-2026-Thu 13-11-27-PM,0.1,1.548,-0.2,1.06,-0.1,1.532,-0.4,1.524,0.2,1.632,-0.1,1.632,0.0,1.384,-0.3,1.272
05-07-2026-Thu 13-11-29-PM,0.0,1.544,-0.2,1.04,0.0,1.524,-0.4,1.516,0.1,1.62,-0.1,1.624,-0.3,1.368,-0.2,1.256
05-07-2026-Thu 13-11-31-PM,-0.2,1.532,-0.1,1.024,-0.3,1.516,-0.3,1.516,-0.3,1.62,0.0,1.616,-0.3,1.36,0.2,1.248
05-07-2026-Thu 13-11-33-PM,-0.2,1.528,-0.3,1.016,-0.2,1.516,-0.1,1.512,-0.1,1.616,-0.3,1.612,-0.1,1.352,0.0,1.24
05-07-2026-Thu 13-11-34-PM,-0.2,1.524,0.0,1.004,-0.1,1.512,-0.3,1.508,-0.2,1.612,-0.1,1.604,-0.3,1.348,-0.1,1.232
05-07-2026-Thu 13-11-36-PM,-0.1,1.52,-0.2,0.996,-0.1,1.508,-0.3,1.504,-0.2,1.612,-0.2,1.6,-0.2,1.336,0.1,1.228
05-07-2026-Thu 13-11-37-PM,-0.3,1.516,0.0,0.988,-0.2,1.508,-0.4,1.496,-0.2,1.608,-0.2,1.596,0.0,1.336,-0.1,1.224
05-07-2026-Thu 13-11-38-PM,-0.3,1.516,-0.3,0.976,-0.4,1.5,-0.2,1.5,-0.1,1.604,-0.1,1.592,-0.1,1.324,0.0,1.216
05-07-2026-Thu 13-11-40-PM,-0.2,1.512,-0.1,0.968,-0.3,1.5,-0.3,1.496,-0.2,1.6,-0.2,1.588,-0.2,1.316,-0.4,1.208
05-07-2026-Thu 13-11-41-PM,Power On
05-07-2026-Thu 13-11-42-PM,50.3,4.908,50.4,4.904,59.1,4.896,54.0,4.94,58.5,4.872,57.0,4.916,66.1,4.856,64.1,4.852
05-07-2026-Thu 13-11-44-PM,49.5,4.912,48.9,4.912,57.9,4.9,52.2,4.944,57.2,4.88,55.9,4.924,64.2,4.86,62.7,4.86
05-07-2026-Thu 13-11-45-PM,48.6,4.916,48.3,4.912,56.6,4.9,51.2,4.944,56.2,4.88,55.3,4.924,63.4,4.86,61.3,4.864
05-07-2026-Thu 13-11-47-PM,Power Off
05-07-2026-Thu 13-11-48-PM,-0.3,2.132,-0.2,1.948,-0.3,2.124,-0.3,1.992,0.0,2.136,0.0,2.256,0.0,1.96,-0.1,2.016
05-07-2026-Thu 13-11-49-PM,-0.3,2.036,-0.2,1.848,-0.4,2.032,-0.4,1.908,-0.1,2.032,-0.2,2.152,0.0,1.856,0.0,1.908
05-07-2026-Thu 13-11-51-PM,-0.4,1.968,-0.2,1.784,-0.4,1.96,-0.2,1.844,-0.2,1.968,-0.1,2.088,-0.3,1.792,-0.1,1.828
05-07-2026-Thu 13-11-52-PM,-0.2,1.928,-0.2,1.736,-0.2,1.916,-0.3,1.808,-0.1,1.928,-0.1,2.04,0.0,1.752,0.2,1.772
05-07-2026-Thu 13-11-54-PM,-0.2,1.888,-0.1,1.7,-0.1,1.868,-0.2,1.78,-0.1,1.896,-0.1,2.004,0.0,1.724,0.1,1.728
05-07-2026-Thu 13-11-55-PM,-0.1,1.852,0.0,1.656,0.2,1.824,-0.2,1.748,-0.1,1.864,-0.1,1.968,-0.4,1.692,0.1,1.676
05-07-2026-Thu 13-11-57-PM,0.0,1.824,-0.1,1.624,-0.1,1.8,-0.3,1.724,-0.3,1.836,-0.1,1.94,0.0,1.668,-0.2,1.644
05-07-2026-Thu 13-11-58-PM,-0.2,1.8,0.0,1.596,-0.1,1.776,-0.1,1.712,0.0,1.82,-0.2,1.92,-0.3,1.652,0.1,1.616
05-07-2026-Thu 13-12-00-PM,-0.2,1.78,-0.2,1.576,0.0,1.756,-0.4,1.696,-0.1,1.804,-0.1,1.896,0.0,1.632,0.1,1.592
05-07-2026-Thu 13-12-01-PM,-0.3,1.764,0.0,1.548,-0.4,1.736,0.0,1.68,0.1,1.792,-0.1,1.88,-0.1,1.616,-0.2,1.568
05-07-2026-Thu 13-12-02-PM,-0.3,1.748,-0.2,1.524,-0.4,1.72,-0.2,1.668,0.1,1.776,-0.4,1.864,-0.3,1.6,-0.2,1.548
05-07-2026-Thu 13-12-04-PM,-0.2,1.732,-0.6,1.504,-0.2,1.708,-0.3,1.656,-0.3,1.768,-0.1,1.852,0.0,1.588,0.1,1.528
05-07-2026-Thu 13-12-05-PM,0.1,1.716,-0.1,1.48,0.0,1.692,-0.5,1.648,-0.2,1.752,0.0,1.836,0.0,1.576,-0.2,1.512
05-07-2026-Thu 13-12-07-PM,-0.2,1.704,0.0,1.456,-0.1,1.68,-0.3,1.64,0.1,1.748,-0.1,1.824,-0.1,1.564,-0.5,1.496
05-07-2026-Thu 13-12-08-PM,-0.4,1.692,-0.1,1.44,-0.2,1.668,-0.3,1.628,0.0,1.74,-0.1,1.812,0.0,1.548,-0.1,1.48
05-07-2026-Thu 13-12-09-PM,-0.4,1.684,0.0,1.42,-0.1,1.656,-0.3,1.624,-0.1,1.728,-0.2,1.8,-0.2,1.536,0.0,1.464
05-07-2026-Thu 13-12-11-PM,Power On
05-07-2026-Thu 13-12-12-PM,48.5,4.912,48.5,4.912,56.3,4.904,51.7,4.944,56.1,4.884,55.1,4.924,63.8,4.864,62.0,4.864
05-07-2026-Thu 13-12-13-PM,47.3,4.92,47.3,4.916,55.2,4.908,49.8,4.948,54.8,4.888,53.9,4.932,62.2,4.872,60.1,4.868
05-07-2026-Thu 13-12-15-PM,47.0,4.924,46.7,4.92,54.4,4.908,49.5,4.948,54.4,4.888,53.5,4.932,61.2,4.872,59.4,4.872
05-07-2026-Thu 13-12-17-PM,46.5,4.92,46.6,4.92,54.1,4.908,49.2,4.952,53.7,4.888,53.2,4.932,60.9,4.872,58.9,4.872
05-07-2026-Thu 13-12-18-PM,46.4,4.92,46.6,4.92,53.9,4.916,49.3,4.952,53.7,4.892,53.1,4.932,60.4,4.876,58.4,4.872
05-07-2026-Thu 13-12-19-PM,Power Off
05-07-2026-Thu 13-12-21-PM,-0.2,2.192,-0.5,2.032,-0.3,2.192,-0.3,2.072,-0.1,2.196,-0.1,2.304,0.1,2.044,0.0,2.092
05-07-2026-Thu 13-12-22-PM,-0.4,2.096,-0.2,1.936,0.1,2.108,-0.1,1.984,-0.3,2.096,0.1,2.212,0.2,1.944,-0.2,1.992
05-07-2026-Thu 13-12-24-PM,-0.1,2.028,-0.2,1.868,-0.2,2.04,-0.1,1.92,0.0,2.036,-0.3,2.148,-0.3,1.876,0.1,1.916
05-07-2026-Thu 13-12-25-PM,-0.1,1.984,-0.1,1.82,0.0,1.992,-0.7,1.884,-0.2,1.992,0.0,2.1,-0.2,1.832,0.0,1.86
05-07-2026-Thu 13-12-26-PM,-0.2,1.952,-0.1,1.784,-0.3,1.952,-0.5,1.852,-0.1,1.96,0.0,2.06,-0.3,1.804,0.0,1.816
05-07-2026-Thu 13-12-28-PM,-0.2,1.924,0.0,1.756,-0.2,1.916,-0.2,1.828,0.0,1.932,-0.1,2.028,-0.4,1.772,-0.2,1.772
05-07-2026-Thu 13-12-29-PM,-0.2,1.896,-0.3,1.724,-0.3,1.888,-0.3,1.804,0.2,1.908,0.1,2.0,-0.1,1.752,-0.1,1.74
05-07-2026-Thu 13-12-31-PM,-0.2,1.872,0.0,1.7,-0.2,1.864,-0.1,1.784,-0.2,1.884,-0.2,1.976,-0.4,1.736,0.0,1.712
05-07-2026-Thu 13-12-32-PM,-0.1,1.844,-0.3,1.672,-0.2,1.832,0.0,1.764,-0.2,1.864,-0.1,1.952,-0.2,1.712,-0.1,1.68
05-07-2026-Thu 13-12-34-PM,-0.4,1.828,0.0,1.652,-0.1,1.812,-0.3,1.748,-0.1,1.852,-0.1,1.928,0.1,1.7,0.0,1.66
05-07-2026-Thu 13-12-35-PM,0.0,1.812,-0.1,1.636,-0.2,1.792,0.0,1.736,0.1,1.832,-0.2,1.92,-0.2,1.688,-0.2,1.636
05-07-2026-Thu 13-12-36-PM,-0.2,1.8,0.0,1.62,-0.5,1.78,-0.3,1.72,-0.1,1.824,0.1,1.9,-0.1,1.672,0.0,1.616
05-07-2026-Thu 13-12-38-PM,-0.4,1.784,-0.2,1.6,-0.4,1.764,-0.1,1.716,-0.2,1.812,0.1,1.888,-0.1,1.66,-0.3,1.6
05-07-2026-Thu 13-12-39-PM,-0.4,1.772,-0.2,1.584,-0.3,1.752,-0.2,1.704,-0.1,1.8,-0.3,1.876,-0.3,1.652,0.0,1.58
05-07-2026-Thu 13-12-41-PM,-0.2,1.756,-0.1,1.568,-0.1,1.736,-0.1,1.692,-0.1,1.792,-0.2,1.864,-0.1,1.64,-0.4,1.564
05-07-2026-Thu 13-12-42-PM,-0.1,1.744,0.0,1.552,0.1,1.728,0.1,1.684,-0.1,1.78,-0.1,1.848,-0.1,1.632,0.1,1.552
05-07-2026-Thu 13-12-44-PM,0.1,1.732,-0.2,1.536,-0.1,1.712,-0.1,1.672,-0.1,1.776,-0.1,1.84,0.0,1.624,-0.1,1.536
05-07-2026-Thu 13-12-45-PM,0.1,1.724,-0.1,1.52,-0.1,1.704,-0.3,1.668,-0.2,1.764,-0.3,1.824,0.1,1.612,-0.1,1.524
05-07-2026-Thu 13-12-46-PM,-0.3,1.716,-0.3,1.508,-0.4,1.692,-0.5,1.66,-0.1,1.76,-0.1,1.816,-0.2,1.608,-0.1,1.512
05-07-2026-Thu 13-12-48-PM,Power On
05-07-2026-Thu 13-12-49-PM,46.3,4.916,47.1,4.916,54.8,4.904,50.9,4.948,54.3,4.888,53.7,4.928,61.6,4.868,60.4,4.868
05-07-2026-Thu 13-12-51-PM,45.5,4.92,46.1,4.916,53.4,4.912,50.1,4.948,53.3,4.888,52.6,4.932,59.5,4.872,58.6,4.872
05-07-2026-Thu 13-12-52-PM,44.9,4.924,45.5,4.92,52.8,4.912,49.8,4.956,52.5,4.896,52.4,4.936,58.5,4.872,57.7,4.876
05-07-2026-Thu 13-12-53-PM,44.8,4.924,45.1,4.92,52.8,4.912,49.7,4.956,52.0,4.896,51.6,4.932,58.0,4.876,57.0,4.876
05-07-2026-Thu 13-12-55-PM,44.6,4.924,44.8,4.92,52.5,4.912,49.9,4.952,51.8,4.896,51.5,4.936,58.0,4.876,56.8,4.88
05-07-2026-Thu 13-12-56-PM,44.7,4.924,44.8,4.92,52.6,4.912,49.8,4.952,51.7,4.896,51.5,4.936,57.7,4.88,56.7,4.876
05-07-2026-Thu 13-12-58-PM,44.7,4.928,44.7,4.924,52.4,4.912,49.9,4.956,51.5,4.896,51.6,4.936,57.4,4.88,56.7,4.876
05-07-2026-Thu 13-12-59-PM,Power Off
05-07-2026-Thu 13-13-00-PM,0.0,2.204,0.0,2.056,-0.2,2.212,-0.3,2.096,0.0,2.224,0.1,2.32,-0.1,2.096,-0.3,2.132
05-07-2026-Thu 13-13-02-PM,-0.3,2.116,-0.3,1.964,-0.1,2.136,-0.4,2.004,0.1,2.12,-0.1,2.232,-0.2,1.992,0.0,2.032
05-07-2026-Thu 13-13-03-PM,0.0,2.052,-0.2,1.9,-0.3,2.08,-0.2,1.952,0.0,2.064,-0.3,2.172,-0.2,1.932,0.1,1.964
05-07-2026-Thu 13-13-05-PM,-0.3,2.012,-0.2,1.856,-0.3,2.032,0.0,1.912,-0.3,2.016,-0.1,2.12,0.0,1.884,-0.1,1.912
05-07-2026-Thu 13-13-06-PM,-0.1,1.976,-0.2,1.82,-0.1,1.988,-0.2,1.88,-0.4,1.98,-0.2,2.084,-0.1,1.848,-0.2,1.864
05-07-2026-Thu 13-13-07-PM,-0.2,1.948,-0.2,1.792,-0.2,1.956,0.0,1.856,-0.1,1.952,-0.1,2.052,0.0,1.82,-0.4,1.828
05-07-2026-Thu 13-13-09-PM,-0.4,1.924,-0.3,1.764,-0.1,1.924,-0.2,1.836,0.1,1.928,-0.2,2.028,-0.2,1.8,-0.1,1.788
05-07-2026-Thu 13-13-10-PM,-0.2,1.904,-0.2,1.74,-0.3,1.896,-0.2,1.82,-0.2,1.908,-0.2,2.0,0.0,1.78,0.0,1.76
05-07-2026-Thu 13-13-12-PM,-0.4,1.88,0.1,1.72,-0.3,1.876,-0.4,1.8,-0.2,1.892,-0.1,1.98,-0.1,1.764,0.1,1.736
05-07-2026-Thu 13-13-13-PM,Power On
05-07-2026-Thu 13-13-14-PM,45.0,4.92,45.8,4.92,52.6,4.912,50.5,4.952,52.6,4.892,52.1,4.932,59.1,4.876,57.9,4.876
05-07-2026-Thu 13-13-16-PM,44.2,4.928,44.7,4.924,51.6,4.912,49.1,4.956,51.2,4.9,51.2,4.94,57.9,4.876,56.6,4.88
05-07-2026-Thu 13-13-19-PM,43.7,4.928,44.1,4.928,51.2,4.916,48.8,4.96,50.4,4.9,50.8,4.94,57.0,4.88,55.8,4.88
05-07-2026-Thu 13-13-21-PM,Power Off
05-07-2026-Thu 13-13-24-PM,-0.3,2.12,-0.1,1.992,-0.4,2.152,-0.3,2.032,0.0,2.136,-0.3,2.24,-0.3,2.016,0.0,2.056
05-07-2026-Thu 13-13-27-PM,-0.3,2.02,-0.2,1.884,-0.2,2.048,-0.1,1.932,-0.1,2.028,-0.1,2.128,0.1,1.908,0.1,1.932
05-07-2026-Thu 13-13-30-PM,-0.2,1.956,-0.3,1.816,-0.2,1.972,-0.2,1.872,-0.1,1.96,-0.2,2.06,-0.1,1.844,-0.2,1.848
05-07-2026-Thu 13-13-32-PM,-0.2,1.912,-0.1,1.764,-0.1,1.916,-0.2,1.836,-0.1,1.916,0.1,2.008,-0.1,1.8,-0.2,1.78
05-07-2026-Thu 13-13-35-PM,-0.1,1.876,-0.3,1.732,-0.4,1.872,0.1,1.804,-0.1,1.884,-0.1,1.964,-0.1,1.768,-0.2,1.732
05-07-2026-Thu 13-13-38-PM,Power On
05-07-2026-Thu 13-13-41-PM,43.4,4.928,44.2,4.924,50.9,4.916,48.6,4.952,50.0,4.9,50.2,4.936,57.4,4.88,56.0,4.884
05-07-2026-Thu 13-13-43-PM,42.9,4.928,43.5,4.928,50.8,4.92,47.7,4.956,49.7,4.9,49.4,4.94,56.2,4.884,55.0,4.884
05-07-2026-Thu 13-13-44-PM,42.8,4.932,43.4,4.924,50.4,4.92,47.9,4.96,49.6,4.904,49.5,4.94,56.2,4.884,55.0,4.884
05-07-2026-Thu 13-13-45-PM,Power Off
05-07-2026-Thu 13-13-47-PM,-0.2,2.22,-0.2,2.092,-0.1,2.228,-0.5,2.128,-0.3,2.26,-0.3,2.336,0.0,2.136,0.1,2.156
05-07-2026-Thu 13-13-48-PM,-0.2,2.12,-0.1,1.984,-0.1,2.152,-0.4,2.028,-0.3,2.148,-0.1,2.24,-0.1,2.032,-0.3,2.06
05-07-2026-Thu 13-13-50-PM,-0.3,2.064,-0.2,1.924,-0.2,2.096,-0.2,1.976,-0.3,2.076,-0.2,2.18,-0.5,1.964,-0.2,1.996
05-07-2026-Thu 13-13-51-PM,-0.1,2.02,-0.1,1.88,-0.2,2.052,-0.2,1.936,0.1,2.032,-0.1,2.132,-0.2,1.92,-0.3,1.94
05-07-2026-Thu 13-13-52-PM,-0.2,1.992,-0.3,1.844,-0.5,2.012,-0.3,1.904,-0.1,1.996,-0.2,2.096,-0.3,1.884,-0.1,1.892
05-07-2026-Thu 13-13-54-PM,-0.1,1.96,-0.3,1.812,0.0,1.976,-0.1,1.88,-0.3,1.968,-0.1,2.06,-0.2,1.856,-0.1,1.852
05-07-2026-Thu 13-13-55-PM,-0.1,1.936,-0.6,1.788,-0.4,1.944,-0.3,1.852,-0.1,1.94,0.0,2.032,-0.4,1.828,-0.4,1.816
05-07-2026-Thu 13-13-57-PM,-0.3,1.912,-0.3,1.768,-0.2,1.916,-0.4,1.836,-0.2,1.92,-0.2,2.008,-0.1,1.808,0.0,1.784
05-07-2026-Thu 13-13-58-PM,0.0,1.896,-0.2,1.748,0.1,1.896,-0.3,1.82,0.0,1.904,-0.3,1.984,-0.3,1.792,-0.1,1.76
05-07-2026-Thu 13-14-00-PM,-0.1,1.876,-0.3,1.724,-0.1,1.872,-0.6,1.808,0.0,1.888,0.1,1.964,-0.2,1.772,0.0,1.732
05-07-2026-Thu 13-14-01-PM,-0.3,1.86,-0.2,1.708,-0.1,1.852,-0.1,1.792,-0.1,1.872,-0.3,1.948,-0.4,1.76,0.0,1.712
05-07-2026-Thu 13-14-03-PM,-0.4,1.844,-0.4,1.696,0.0,1.832,-0.1,1.78,-0.1,1.864,-0.2,1.936,-0.3,1.748,-0.1,1.692
05-07-2026-Thu 13-14-04-PM,0.0,1.832,0.0,1.68,-0.2,1.824,-0.3,1.768,0.0,1.852,-0.2,1.924,-0.2,1.736,-0.3,1.68
05-07-2026-Thu 13-14-05-PM,-0.1,1.82,-0.2,1.672,-0.3,1.808,-0.2,1.76,-0.4,1.844,-0.1,1.908,-0.1,1.728,-0.3,1.664
05-07-2026-Thu 13-14-07-PM,-0.3,1.808,-0.1,1.66,-0.1,1.796,0.0,1.752,-0.1,1.832,-0.2,1.9,-0.1,1.72,-0.3,1.648
05-07-2026-Thu 13-14-08-PM,-0.3,1.804,-0.2,1.648,-0.1,1.784,-0.2,1.744,0.2,1.824,-0.1,1.892,-0.4,1.712,-0.3,1.632
05-07-2026-Thu 13-14-10-PM,-0.3,1.788,0.2,1.64,-0.3,1.772,-0.2,1.736,0.0,1.82,-0.2,1.88,0.0,1.7,0.0,1.624
05-07-2026-Thu 13-14-11-PM,-0.3,1.78,-0.2,1.632,-0.1,1.764,-0.4,1.728,0.0,1.812,0.2,1.872,-0.1,1.696,-0.3,1.612
05-07-2026-Thu 13-14-12-PM,-0.1,1.772,0.0,1.616,-0.2,1.756,0.0,1.724,0.0,1.804,-0.3,1.86,-0.1,1.684,0.1,1.6
05-07-2026-Thu 13-14-14-PM,-0.3,1.764,-0.1,1.612,-0.1,1.744,-0.3,1.716,0.1,1.796,-0.2,1.852,-0.1,1.68,0.0,1.588
05-07-2026-Thu 13-14-15-PM,-0.1,1.756,-0.1,1.6,-0.4,1.74,-0.2,1.708,-0.3,1.792,-0.3,1.844,-0.4,1.672,-0.3,1.58
05-07-2026-Thu 13-14-17-PM,-0.3,1.748,-0.1,1.592,-0.1,1.732,-0.4,1.704,-0.2,1.788,0.0,1.836,0.1,1.668,0.0,1.568
05-07-2026-Thu 13-14-18-PM,-0.1,1.74,-0.2,1.58,-0.4,1.724,-0.1,1.7,-0.3,1.776,0.0,1.828,0.0,1.664,-0.2,1.56
05-07-2026-Thu 13-14-19-PM,0.0,1.732,0.0,1.572,-0.2,1.716,-0.4,1.692,-0.2,1.776,0.1,1.82,-0.1,1.66,-0.1,1.552
05-07-2026-Thu 13-14-22-PM,-0.2,1.72,0.1,1.56,0.0,1.7,-0.3,1.684,0.0,1.764,-0.2,1.808,-0.1,1.648,0.0,1.536
05-07-2026-Thu 13-14-24-PM,-0.3,1.712,-0.2,1.548,-0.5,1.696,0.0,1.676,-0.1,1.756,0.0,1.796,-0.1,1.64,0.1,1.524
05-07-2026-Thu 13-14-25-PM,-0.3,1.704,0.0,1.54,-0.2,1.692,-0.3,1.672,-0.2,1.752,0.0,1.788,-0.1,1.636,-0.1,1.52
05-07-2026-Thu 13-14-27-PM,-0.1,1.7,0.1,1.528,-0.1,1.684,-0.6,1.664,0.0,1.748,-0.1,1.78,-0.3,1.628,-0.2,1.508
05-07-2026-Thu 13-14-29-PM,-0.1,1.692,-0.1,1.524,-0.1,1.676,-0.2,1.664,-0.2,1.74,-0.2,1.772,-0.1,1.624,-0.2,1.504
05-07-2026-Thu 13-14-30-PM,-0.4,1.692,-0.1,1.516,-0.3,1.672,-0.1,1.66,-0.2,1.736,-0.1,1.768,-0.2,1.62,-0.1,1.496
05-07-2026-Thu 13-14-32-PM,0.0,1.684,-0.1,1.504,-0.2,1.664,-0.4,1.656,0.0,1.736,-0.4,1.764,-0.3,1.616,0.0,1.492
05-07-2026-Thu 13-14-33-PM,0.1,1.676,0.0,1.496,-0.3,1.66,-0.2,1.652,-0.1,1.728,0.0,1.756,-0.1,1.612,-0.2,1.484
05-07-2026-Thu 13-14-34-PM,Power On
05-07-2026-Thu 13-14-36-PM,43.8,4.928,44.3,4.924,51.4,4.916,48.9,4.956,50.9,4.896,50.4,4.936,57.6,4.88,57.4,4.88
05-07-2026-Thu 13-14-37-PM,43.1,4.932,43.8,4.924,50.5,4.92,47.5,4.96,49.8,4.904,49.6,4.94,56.7,4.884,56.0,4.884
05-07-2026-Thu 13-14-39-PM,42.3,4.932,43.2,4.928,49.7,4.92,46.9,4.96,49.0,4.904,49.0,4.94,55.7,4.888,55.0,4.884
05-07-2026-Thu 13-14-40-PM,42.4,4.936,43.1,4.932,49.3,4.924,46.3,4.96,48.4,4.904,48.7,4.944,55.1,4.888,54.6,4.888
05-07-2026-Thu 13-14-41-PM,Power Off
05-07-2026-Thu 13-14-43-PM,-0.1,2.216,-0.1,2.056,-0.1,2.22,-0.3,2.12,0.1,2.26,-0.1,2.34,-0.2,2.12,0.0,2.14
05-07-2026-Thu 13-14-44-PM,-0.2,2.124,-0.1,1.96,-0.2,2.14,-0.3,2.02,-0.1,2.152,-0.3,2.244,-0.2,2.008,-0.3,2.044
05-07-2026-Thu 13-14-46-PM,-0.3,2.06,-0.2,1.904,0.1,2.084,-0.3,1.968,-0.3,2.088,-0.1,2.188,-0.3,1.944,-0.1,1.98
05-07-2026-Thu 13-14-47-PM,-0.1,2.016,-0.4,1.852,-0.3,2.04,-0.2,1.924,-0.3,2.04,-0.1,2.136,-0.1,1.9,-0.1,1.924
05-07-2026-Thu 13-14-48-PM,-0.1,1.984,-0.2,1.816,0.1,2.0,-0.3,1.896,-0.2,2.0,-0.1,2.1,-0.3,1.864,0.1,1.876
05-07-2026-Thu 13-14-50-PM,-0.2,1.952,-0.3,1.792,-0.3,1.964,-0.6,1.872,0.1,1.972,-0.3,2.064,-0.3,1.84,-0.1,1.836
05-07-2026-Thu 13-14-51-PM,-0.3,1.924,0.0,1.764,-0.2,1.932,-0.4,1.848,-0.3,1.948,-0.1,2.036,0.0,1.812,-0.1,1.8
05-07-2026-Thu 13-14-53-PM,-0.3,1.904,-0.1,1.74,-0.2,1.908,-0.3,1.828,0.0,1.924,-0.2,2.012,0.0,1.796,-0.1,1.772
05-07-2026-Thu 13-14-54-PM,-0.3,1.884,-0.1,1.72,-0.1,1.884,-0.2,1.812,0.1,1.904,-0.1,1.988,-0.1,1.776,-0.1,1.744
05-07-2026-Thu 13-14-56-PM,-0.1,1.868,-0.2,1.704,0.0,1.864,-0.4,1.8,0.0,1.888,-0.3,1.968,-0.2,1.764,-0.1,1.72
05-07-2026-Thu 13-14-57-PM,-0.1,1.852,-0.1,1.688,-0.3,1.844,-0.2,1.788,-0.2,1.876,-0.3,1.952,-0.4,1.748,-0.1,1.7
05-07-2026-Thu 13-14-58-PM,-0.2,1.836,-0.1,1.668,-0.3,1.828,-0.1,1.776,-0.1,1.86,0.1,1.94,0.2,1.736,0.0,1.68
05-07-2026-Thu 13-15-00-PM,-0.4,1.82,0.0,1.656,-0.2,1.812,-0.1,1.764,-0.1,1.848,0.0,1.92,-0.3,1.724,0.1,1.664
05-07-2026-Thu 13-15-01-PM,-0.4,1.808,-0.2,1.648,-0.2,1.796,-0.4,1.756,0.1,1.84,-0.2,1.908,0.0,1.716,-0.4,1.652
05-07-2026-Thu 13-15-02-PM,-0.2,1.796,-0.2,1.632,-0.1,1.784,-0.2,1.744,-0.1,1.832,-0.2,1.896,-0.2,1.708,-0.1,1.632
05-07-2026-Thu 13-15-04-PM,-0.2,1.788,-0.4,1.624,-0.1,1.772,-0.1,1.74,0.1,1.824,-0.3,1.884,-0.1,1.696,-0.1,1.62
05-07-2026-Thu 13-15-05-PM,-0.2,1.776,-0.2,1.612,-0.1,1.764,0.0,1.728,-0.1,1.812,-0.3,1.872,-0.6,1.692,-0.1,1.608
05-07-2026-Thu 13-15-07-PM,-0.3,1.764,0.1,1.6,0.0,1.752,-0.2,1.724,0.3,1.804,-0.1,1.864,-0.1,1.684,-0.2,1.596
05-07-2026-Thu 13-15-08-PM,-0.1,1.756,-0.3,1.588,0.0,1.744,-0.2,1.716,-0.2,1.8,-0.1,1.852,-0.2,1.676,-0.1,1.584
05-07-2026-Thu 13-15-11-PM,-0.2,1.74,-0.3,1.572,-0.2,1.724,-0.2,1.7,-0.1,1.788,-0.1,1.832,-0.2,1.664,-0.1,1.56
05-07-2026-Thu 13-15-14-PM,0.0,1.724,-0.1,1.552,-0.3,1.708,-0.1,1.692,-0.3,1.772,-0.1,1.816,-0.3,1.648,-0.1,1.544
05-07-2026-Thu 13-15-16-PM,-0.1,1.712,-0.1,1.536,-0.1,1.7,-0.3,1.68,-0.2,1.764,0.0,1.804,-0.3,1.644,0.1,1.532
05-07-2026-Thu 13-15-17-PM,-0.3,1.708,-0.3,1.532,-0.1,1.692,-0.2,1.676,-0.3,1.76,-0.1,1.792,-0.5,1.636,0.1,1.52
05-07-2026-Thu 13-15-19-PM,-0.3,1.7,0.0,1.52,-0.1,1.688,-0.2,1.672,0.0,1.752,-0.1,1.784,-0.5,1.632,-0.2,1.516
05-07-2026-Thu 13-15-20-PM,-0.2,1.692,-0.3,1.512,-0.2,1.68,-0.1,1.664,-0.1,1.752,0.0,1.776,-0.4,1.628,-0.2,1.508
05-07-2026-Thu 13-15-22-PM,-0.2,1.688,-0.2,1.504,-0.1,1.672,-0.2,1.664,-0.1,1.744,-0.2,1.772,-0.2,1.62,-0.2,1.504
05-07-2026-Thu 13-15-23-PM,-0.3,1.684,-0.3,1.492,-0.1,1.668,-0.2,1.66,-0.1,1.74,0.0,1.764,-0.4,1.62,-0.3,1.492
05-07-2026-Thu 13-15-24-PM,Power On
05-07-2026-Thu 13-15-26-PM,42.7,4.932,43.1,4.928,49.7,4.92,46.5,4.96,49.1,4.904,49.1,4.944,56.6,4.884,55.6,4.884
05-07-2026-Thu 13-15-27-PM,41.9,4.936,42.4,4.932,48.6,4.924,45.1,4.96,48.1,4.908,47.9,4.944,54.9,4.892,54.3,4.888
05-07-2026-Thu 13-15-29-PM,41.6,4.936,41.6,4.932,48.3,4.928,44.3,4.964,47.4,4.908,47.4,4.944,53.8,4.892,53.5,4.892
05-07-2026-Thu 13-15-30-PM,Power Off
05-07-2026-Thu 13-15-31-PM,0.1,2.224,-0.1,2.064,0.0,2.22,-0.1,2.124,-0.1,2.268,-0.1,2.348,-0.2,2.112,-0.5,2.144
05-07-2026-Thu 13-15-33-PM,-0.3,2.128,-0.3,1.956,0.0,2.14,-0.2,2.024,-0.1,2.16,-0.3,2.252,-0.1,2.012,0.0,2.044
05-07-2026-Thu 13-15-34-PM,-0.1,2.064,-0.1,1.896,-0.2,2.084,-0.4,1.968,-0.1,2.092,-0.1,2.188,-0.1,1.944,-0.2,1.976
05-07-2026-Thu 13-15-36-PM,-0.3,2.016,-0.2,1.852,-0.3,2.04,-0.2,1.928,-0.2,2.04,-0.1,2.144,0.1,1.9,-0.4,1.916
05-07-2026-Thu 13-15-37-PM,-0.3,1.98,0.0,1.816,-0.3,2.0,-0.1,1.9,0.0,2.004,0.1,2.1,-0.4,1.864,-0.1,1.872
05-07-2026-Thu 13-15-38-PM,-0.3,1.952,0.0,1.784,-0.4,1.968,-0.1,1.872,0.2,1.976,-0.2,2.064,0.0,1.836,-0.2,1.832
05-07-2026-Thu 13-15-40-PM,-0.1,1.924,-0.1,1.76,-0.3,1.932,-0.2,1.848,-0.1,1.948,0.0,2.036,-0.1,1.812,0.0,1.796
05-07-2026-Thu 13-15-41-PM,-0.3,1.904,-0.3,1.736,-0.1,1.908,-0.3,1.832,-0.3,1.924,0.2,2.012,-0.1,1.796,-0.3,1.768
05-07-2026-Thu 13-15-42-PM,-0.2,1.88,-0.3,1.716,-0.3,1.884,-0.3,1.816,-0.2,1.908,0.2,1.988,0.0,1.78,-0.1,1.74
05-07-2026-Thu 13-15-44-PM,-0.1,1.864,-0.2,1.7,-0.3,1.86,-0.1,1.8,-0.3,1.892,0.0,1.968,0.3,1.764,-0.3,1.72
05-07-2026-Thu 13-15-45-PM,-0.3,1.844,-0.2,1.68,-0.3,1.84,-0.3,1.788,0.0,1.876,0.0,1.948,-0.1,1.748,0.0,1.696
05-07-2026-Thu 13-15-47-PM,-0.2,1.828,0.1,1.664,-0.1,1.824,-0.3,1.776,-0.3,1.864,0.0,1.932,-0.2,1.74,0.1,1.68
05-07-2026-Thu 13-15-48-PM,-0.1,1.816,0.0,1.652,-0.1,1.812,-0.5,1.764,0.0,1.852,-0.2,1.916,0.0,1.724,-0.1,1.664
05-07-2026-Thu 13-15-50-PM,-0.3,1.804,-0.2,1.64,-0.3,1.796,-0.2,1.756,0.3,1.84,-0.1,1.904,-0.3,1.716,-0.2,1.648
05-07-2026-Thu 13-15-51-PM,-0.2,1.792,-0.1,1.624,-0.2,1.784,-0.3,1.744,-0.1,1.828,-0.3,1.892,0.0,1.704,0.0,1.628
05-07-2026-Thu 13-15-53-PM,-0.2,1.78,0.0,1.612,-0.1,1.772,-0.2,1.736,-0.2,1.82,-0.1,1.88,-0.1,1.7,0.1,1.616
05-07-2026-Thu 13-15-54-PM,-0.1,1.768,-0.1,1.6,-0.2,1.76,-0.4,1.732,-0.1,1.812,0.0,1.864,0.1,1.688,-0.1,1.6
05-07-2026-Thu 13-15-55-PM,-0.3,1.76,-0.1,1.588,-0.3,1.748,-0.3,1.72,-0.1,1.804,0.0,1.856,0.0,1.68,-0.1,1.592
05-07-2026-Thu 13-15-57-PM,-0.2,1.756,-0.3,1.58,-0.1,1.74,0.0,1.716,-0.4,1.8,-0.3,1.848,-0.3,1.672,-0.2,1.58
05-07-2026-Thu 13-15-58-PM,-0.2,1.74,-0.1,1.568,-0.4,1.728,-0.2,1.704,-0.2,1.788,-0.1,1.836,0.2,1.668,-0.1,1.568
05-07-2026-Thu 13-16-00-PM,-0.2,1.732,-0.1,1.556,-0.4,1.72,-0.4,1.704,0.1,1.784,0.0,1.824,-0.5,1.66,-0.2,1.56
05-07-2026-Thu 13-16-01-PM,0.0,1.728,0.0,1.548,-0.4,1.712,-0.3,1.696,-0.2,1.78,-0.1,1.816,0.0,1.656,-0.1,1.548
05-07-2026-Thu 13-16-02-PM,-0.3,1.72,-0.3,1.54,-0.2,1.708,-0.2,1.688,-0.1,1.772,-0.3,1.812,0.0,1.648,0.0,1.544
05-07-2026-Thu 13-16-04-PM,-0.3,1.712,-0.1,1.532,-0.2,1.7,-0.2,1.688,-0.2,1.768,-0.1,1.8,-0.4,1.644,-0.3,1.536
05-07-2026-Thu 13-16-05-PM,-0.3,1.704,-0.1,1.52,-0.2,1.696,-0.3,1.68,-0.3,1.76,-0.1,1.788,-0.1,1.64,0.1,1.528
05-07-2026-Thu 13-16-06-PM,-0.2,1.7,0.0,1.512,-0.2,1.688,-0.2,1.676,-0.2,1.756,-0.2,1.784,-0.1,1.632,0.0,1.516
05-07-2026-Thu 13-16-08-PM,-0.2,1.692,-0.3,1.504,-0.2,1.684,-0.3,1.668,0.0,1.748,-0.2,1.776,-0.1,1.628,0.0,1.512
05-07-2026-Thu 13-16-09-PM,-0.1,1.688,-0.3,1.496,-0.1,1.676,-0.2,1.664,-0.4,1.748,0.0,1.772,0.0,1.624,-0.3,1.504
05-07-2026-Thu 13-16-11-PM,-0.2,1.684,0.1,1.488,0.1,1.668,-0.1,1.66,-0.1,1.744,0.1,1.764,-0.3,1.62,-0.1,1.496
05-07-2026-Thu 13-16-12-PM,-0.1,1.676,-0.1,1.48,-0.2,1.664,-0.2,1.656,-0.1,1.74,-0.1,1.756,-0.3,1.62,0.0,1.492
05-07-2026-Thu 13-16-13-PM,0.0,1.672,0.0,1.468,0.0,1.66,-0.4,1.656,-0.2,1.736,-0.3,1.748,0.0,1.616,-0.5,1.488
05-07-2026-Thu 13-16-15-PM,-0.1,1.668,-0.1,1.464,-0.4,1.656,-0.1,1.652,-0.2,1.732,0.1,1.744,0.2,1.608,0.0,1.484
05-07-2026-Thu 13-16-16-PM,-0.3,1.66,-0.1,1.456,0.0,1.648,-0.2,1.644,0.2,1.724,-0.2,1.736,-0.1,1.604,-0.1,1.472
05-07-2026-Thu 13-16-18-PM,-0.2,1.656,-0.1,1.448,-0.2,1.644,-0.4,1.64,0.0,1.724,-0.1,1.728,-0.4,1.604,-0.4,1.472
05-07-2026-Thu 13-16-19-PM,-0.2,1.652,-0.1,1.44,0.0,1.64,-0.4,1.64,0.2,1.72,-0.1,1.728,-0.3,1.6,0.0,1.464
05-07-2026-Thu 13-16-20-PM,-0.5,1.644,-0.3,1.432,-0.2,1.636,-0.2,1.636,0.0,1.716,-0.1,1.724,-0.1,1.596,-0.1,1.46
05-07-2026-Thu 13-16-22-PM,-0.4,1.644,-0.3,1.428,-0.1,1.632,-0.2,1.636,-0.1,1.712,-0.2,1.712,-0.1,1.592,0.1,1.456
05-07-2026-Thu 13-16-23-PM,0.0,1.644,-0.1,1.42,-0.3,1.628,-0.4,1.628,0.2,1.708,0.0,1.712,-0.5,1.588,0.0,1.456
05-07-2026-Thu 13-16-25-PM,-0.1,1.636,-0.3,1.412,-0.3,1.62,-0.3,1.628,-0.2,1.708,0.0,1.708,0.0,1.588,-0.2,1.448
05-07-2026-Thu 13-16-26-PM,0.0,1.636,-0.4,1.404,-0.1,1.62,-0.2,1.624,0.1,1.704,0.0,1.7,-0.2,1.584,-0.1,1.44
05-07-2026-Thu 13-16-27-PM,-0.3,1.628,-0.2,1.4,-0.1,1.616,-0.3,1.62,0.0,1.696,-0.1,1.7,-0.3,1.58,0.0,1.44
05-07-2026-Thu 13-16-29-PM,-0.3,1.624,-0.2,1.392,-0.2,1.612,-0.3,1.62,0.0,1.696,-0.1,1.692,-0.2,1.576,0.1,1.436
05-07-2026-Thu 13-16-30-PM,-0.2,1.624,-0.2,1.388,-0.2,1.608,-0.2,1.616,0.0,1.696,-0.1,1.688,-0.1,1.572,-0.2,1.432
05-07-2026-Thu 13-16-32-PM,-0.2,1.62,-0.2,1.384,-0.3,1.604,-0.2,1.612,-0.1,1.692,0.0,1.684,-0.3,1.568,-0.1,1.428
05-07-2026-Thu 13-16-33-PM,-0.4,1.612,-0.2,1.376,-0.2,1.6,-0.1,1.612,-0.1,1.692,-0.3,1.676,-0.2,1.564,-0.3,1.428
05-07-2026-Thu 13-16-34-PM,-0.1,1.612,-0.1,1.368,-0.2,1.596,-0.3,1.608,-0.3,1.684,-0.3,1.676,0.0,1.564,-0.1,1.42
05-07-2026-Thu 13-16-36-PM,-0.3,1.608,-0.2,1.36,-0.3,1.596,-0.4,1.604,-0.1,1.68,-0.3,1.672,-0.4,1.564,-0.4,1.416
05-07-2026-Thu 13-16-37-PM,0.0,1.604,0.0,1.352,-0.1,1.596,-0.2,1.604,-0.1,1.684,0.0,1.668,-0.1,1.556,-0.1,1.412
05-07-2026-Thu 13-16-39-PM,Power On
05-07-2026-Thu 13-16-40-PM,42.1,4.936,41.6,4.932,48.5,4.924,45.0,4.96,48.0,4.908,48.2,4.944,54.6,4.888,54.5,4.892
05-07-2026-Thu 13-16-41-PM,41.2,4.936,41.0,4.936,47.7,4.928,43.6,4.964,47.0,4.912,47.2,4.948,53.1,4.896,52.9,4.896
05-07-2026-Thu 13-16-43-PM,40.7,4.94,40.4,4.94,47.0,4.932,42.9,4.968,45.9,4.916,46.2,4.948,52.2,4.896,52.0,4.9
05-07-2026-Thu 13-16-44-PM,40.3,4.944,40.0,4.94,46.6,4.932,42.3,4.972,45.8,4.916,45.9,4.952,51.6,4.9,51.4,4.9
05-07-2026-Thu 13-16-46-PM,40.2,4.948,39.9,4.94,46.4,4.932,41.8,4.976,45.3,4.916,45.6,4.952,51.4,4.904,51.2,4.9
05-07-2026-Thu 13-16-47-PM,39.8,4.944,39.6,4.94,46.3,4.932,41.7,4.968,45.2,4.916,45.4,4.956,51.0,4.904,50.6,4.904
05-07-2026-Thu 13-16-48-PM,39.6,4.948,39.6,4.94,46.2,4.936,41.7,4.972,44.5,4.92,45.0,4.952,50.8,4.904,50.6,4.904
05-07-2026-Thu 13-16-50-PM,Power Off
05-07-2026-Thu 13-16-51-PM,-0.1,2.256,-0.1,2.128,0.0,2.256,-0.3,2.176,-0.2,2.312,-0.4,2.376,-0.1,2.176,0.0,2.188
05-07-2026-Thu 13-16-52-PM,-0.2,2.156,-0.1,2.012,-0.1,2.18,-0.5,2.064,-0.1,2.196,-0.3,2.28,-0.2,2.068,-0.3,2.096
05-07-2026-Thu 13-16-54-PM,-0.1,2.096,-0.1,1.948,-0.3,2.128,-0.4,2.004,-0.1,2.132,-0.1,2.216,-0.3,2.004,-0.2,2.032
05-07-2026-Thu 13-16-55-PM,-0.4,2.052,0.2,1.9,-0.4,2.08,-0.2,1.968,-0.3,2.08,-0.3,2.168,-0.4,1.956,0.1,1.98
05-07-2026-Thu 13-16-57-PM,-0.1,2.016,0.0,1.864,-0.1,2.04,-0.2,1.936,-0.1,2.044,-0.1,2.132,-0.3,1.924,-0.3,1.936
05-07-2026-Thu 13-16-58-PM,0.0,1.984,0.0,1.832,-0.4,2.004,-0.3,1.904,-0.2,2.004,-0.1,2.092,-0.4,1.884,0.0,1.888
05-07-2026-Thu 13-17-00-PM,-0.1,1.956,-0.3,1.804,-0.3,1.976,-0.2,1.884,-0.2,1.976,-0.2,2.06,0.0,1.856,-0.1,1.856
05-07-2026-Thu 13-17-01-PM,-0.1,1.936,-0.3,1.784,0.0,1.948,-0.4,1.864,-0.3,1.956,-0.1,2.036,-0.1,1.836,0.2,1.824
05-07-2026-Thu 13-17-03-PM,-0.3,1.912,-0.3,1.756,-0.1,1.92,-0.4,1.844,0.0,1.932,-0.2,2.008,-0.1,1.816,0.0,1.792
05-07-2026-Thu 13-17-04-PM,-0.1,1.888,-0.2,1.736,-0.1,1.896,-0.2,1.828,-0.3,1.908,-0.3,1.984,-0.4,1.796,-0.1,1.76
05-07-2026-Thu 13-17-07-PM,-0.1,1.856,-0.1,1.704,0.0,1.856,-0.1,1.804,-0.2,1.884,0.0,1.948,-0.1,1.772,-0.1,1.72
05-07-2026-Thu 13-17-10-PM,-0.2,1.828,-0.2,1.676,-0.1,1.824,-0.3,1.78,0.0,1.856,-0.2,1.92,-0.1,1.752,-0.2,1.688
05-07-2026-Thu 13-17-13-PM,-0.2,1.808,0.0,1.652,-0.2,1.8,-0.1,1.76,0.0,1.84,0.1,1.892,-0.1,1.732,-0.3,1.66
05-07-2026-Thu 13-17-16-PM,-0.2,1.784,0.0,1.636,-0.1,1.78,-0.1,1.752,-0.3,1.824,-0.1,1.872,-0.3,1.716,-0.2,1.636
05-07-2026-Thu 13-17-17-PM,-0.1,1.776,-0.1,1.624,-0.3,1.768,-0.4,1.736,0.0,1.812,-0.1,1.864,0.0,1.704,-0.1,1.624
05-07-2026-Thu 13-17-18-PM,-0.1,1.768,-0.1,1.616,-0.3,1.76,-0.3,1.736,0.1,1.808,-0.1,1.852,-0.2,1.7,0.0,1.608
05-07-2026-Thu 13-17-20-PM,0.0,1.76,-0.1,1.608,-0.1,1.748,-0.3,1.728,0.2,1.8,-0.1,1.84,-0.1,1.692,-0.1,1.596
05-07-2026-Thu 13-17-21-PM,-0.2,1.752,-0.2,1.596,-0.3,1.744,-0.2,1.72,0.2,1.796,0.0,1.832,0.0,1.688,-0.1,1.592
05-07-2026-Thu 13-17-23-PM,-0.3,1.748,0.1,1.588,0.0,1.732,-0.3,1.716,0.1,1.792,-0.2,1.82,-0.5,1.68,-0.1,1.58
05-07-2026-Thu 13-17-24-PM,-0.2,1.736,-0.1,1.58,-0.2,1.728,-0.3,1.708,-0.3,1.784,-0.1,1.816,-0.3,1.676,0.0,1.572
05-07-2026-Thu 13-17-25-PM,-0.2,1.728,-0.1,1.576,-0.1,1.72,-0.3,1.704,-0.1,1.78,0.1,1.812,-0.1,1.672,0.0,1.56
05-07-2026-Thu 13-17-27-PM,-0.1,1.724,0.0,1.564,-0.2,1.712,-0.4,1.7,-0.3,1.772,-0.1,1.8,-0.4,1.664,0.0,1.556
05-07-2026-Thu 13-17-28-PM,-0.3,1.712,-0.2,1.556,0.0,1.704,-0.4,1.696,0.0,1.768,0.2,1.792,-0.1,1.656,-0.4,1.544
05-07-2026-Thu 13-17-30-PM,0.0,1.708,-0.4,1.548,-0.1,1.7,-0.2,1.692,0.4,1.76,-0.3,1.784,-0.3,1.656,0.1,1.54
05-07-2026-Thu 13-17-31-PM,-0.1,1.704,-0.2,1.54,0.0,1.692,-0.3,1.684,-0.2,1.76,-0.1,1.78,-0.3,1.652,-0.1,1.532
05-07-2026-Thu 13-17-32-PM,-0.3,1.696,-0.3,1.536,-0.1,1.688,-0.2,1.68,0.1,1.756,-0.2,1.768,-0.1,1.644,0.2,1.528
05-07-2026-Thu 13-17-34-PM,-0.4,1.692,-0.3,1.528,-0.3,1.684,-0.1,1.672,-0.1,1.752,-0.2,1.764,-0.2,1.64,-0.1,1.52
05-07-2026-Thu 13-17-35-PM,-0.4,1.688,-0.1,1.52,-0.3,1.676,-0.3,1.676,-0.2,1.748,-0.2,1.756,0.0,1.636,-0.2,1.516
05-07-2026-Thu 13-17-36-PM,-0.1,1.68,0.0,1.512,-0.3,1.672,-0.2,1.668,-0.3,1.744,0.2,1.748,-0.3,1.632,-0.2,1.508
05-07-2026-Thu 13-17-38-PM,0.0,1.676,0.0,1.504,0.1,1.668,-0.1,1.664,0.0,1.74,-0.1,1.74,-0.3,1.628,0.1,1.5
05-07-2026-Thu 13-17-39-PM,-0.1,1.672,-0.2,1.496,0.0,1.66,-0.3,1.664,-0.2,1.736,0.0,1.736,-0.2,1.628,-0.1,1.496
05-07-2026-Thu 13-17-41-PM,-0.2,1.668,0.1,1.492,0.0,1.656,-0.3,1.656,-0.4,1.728,-0.1,1.732,-0.3,1.624,-0.2,1.488
05-07-2026-Thu 13-17-42-PM,-0.2,1.66,-0.1,1.484,-0.2,1.652,-0.3,1.652,-0.1,1.728,-0.1,1.724,-0.1,1.616,0.1,1.484
05-07-2026-Thu 13-17-43-PM,-0.1,1.66,-0.1,1.48,-0.2,1.648,-0.2,1.648,-0.1,1.724,-0.1,1.72,0.0,1.616,-0.1,1.48
05-07-2026-Thu 13-17-45-PM,-0.1,1.648,0.0,1.472,-0.3,1.644,-0.1,1.648,-0.1,1.72,0.1,1.712,0.0,1.612,-0.2,1.476
05-07-2026-Thu 13-17-46-PM,-0.1,1.648,0.0,1.464,-0.1,1.64,-0.3,1.644,-0.2,1.716,0.1,1.712,-0.1,1.608,-0.2,1.472
05-07-2026-Thu 13-17-48-PM,-0.1,1.644,-0.1,1.46,0.0,1.632,-0.4,1.64,-0.1,1.712,0.2,1.704,-0.2,1.604,-0.2,1.464
05-07-2026-Thu 13-17-49-PM,-0.2,1.636,0.2,1.448,0.2,1.632,-0.3,1.64,0.0,1.712,-0.2,1.7,0.0,1.6,-0.1,1.46
05-07-2026-Thu 13-17-50-PM,-0.2,1.636,-0.2,1.444,-0.2,1.624,-0.1,1.636,0.0,1.708,0.0,1.696,-0.1,1.6,0.0,1.456
05-07-2026-Thu 13-17-52-PM,-0.1,1.632,0.0,1.436,-0.2,1.62,-0.3,1.628,-0.1,1.704,0.1,1.692,0.0,1.592,-0.1,1.452
05-07-2026-Thu 13-17-53-PM,-0.3,1.628,-0.2,1.428,-0.1,1.62,-0.3,1.628,-0.1,1.704,0.1,1.688,-0.3,1.588,-0.5,1.448
05-07-2026-Thu 13-17-55-PM,-0.4,1.624,-0.1,1.424,-0.1,1.612,-0.1,1.624,0.0,1.696,-0.4,1.68,0.1,1.588,0.0,1.444
05-07-2026-Thu 13-17-56-PM,-0.5,1.62,0.2,1.42,0.0,1.612,-0.2,1.624,0.0,1.696,0.0,1.676,-0.4,1.588,0.0,1.44
05-07-2026-Thu 13-17-57-PM,-0.1,1.62,-0.1,1.416,-0.1,1.608,-0.3,1.62,-0.3,1.696,-0.1,1.672,0.0,1.58,-0.3,1.436
05-07-2026-Thu 13-17-59-PM,-0.2,1.612,0.0,1.408,0.0,1.604,-0.1,1.616,0.0,1.688,-0.1,1.668,-0.1,1.576,-0.1,1.436
05-07-2026-Thu 13-18-00-PM,-0.2,1.608,-0.1,1.4,-0.1,1.6,-0.2,1.616,0.0,1.688,0.0,1.664,-0.1,1.576,-0.1,1.432
05-07-2026-Thu 13-18-01-PM,-0.3,1.608,-0.1,1.396,-0.3,1.596,-0.1,1.612,0.0,1.688,-0.1,1.66,0.0,1.576,-0.2,1.428
05-07-2026-Thu 13-18-03-PM,-0.2,1.604,-0.4,1.392,0.0,1.596,-0.4,1.612,0.0,1.684,-0.1,1.656,0.0,1.572,0.0,1.424
05-07-2026-Thu 13-18-04-PM,-0.1,1.604,0.2,1.384,-0.3,1.592,-0.3,1.608,-0.1,1.68,0.0,1.656,-0.1,1.568,0.0,1.42
05-07-2026-Thu 13-18-06-PM,-0.2,1.6,-0.1,1.38,-0.1,1.588,-0.3,1.608,-0.5,1.68,0.1,1.652,0.0,1.568,-0.3,1.416
05-07-2026-Thu 13-18-07-PM,-0.2,1.596,-0.5,1.372,-0.3,1.584,-0.3,1.604,-0.1,1.676,-0.2,1.648,-0.1,1.564,0.0,1.412
05-07-2026-Thu 13-18-08-PM,-0.5,1.592,0.0,1.368,-0.1,1.584,-0.3,1.6,-0.2,1.676,-0.1,1.644,-0.1,1.564,-0.3,1.412
05-07-2026-Thu 13-18-10-PM,-0.3,1.588,0.1,1.36,-0.1,1.58,-0.6,1.6,-0.3,1.672,-0.2,1.644,-0.2,1.56,-0.2,1.408
05-07-2026-Thu 13-18-11-PM,-0.3,1.588,-0.1,1.352,-0.3,1.576,-0.1,1.6,0.0,1.668,-0.1,1.636,-0.2,1.556,-0.1,1.404
05-07-2026-Thu 13-18-13-PM,0.0,1.584,0.1,1.348,-0.1,1.572,-0.3,1.592,-0.1,1.664,-0.1,1.636,-0.1,1.556,-0.1,1.404
05-07-2026-Thu 13-18-14-PM,-0.2,1.58,-0.2,1.344,0.2,1.572,-0.2,1.592,-0.2,1.664,-0.1,1.632,0.1,1.556,-0.1,1.4
05-07-2026-Thu 13-18-15-PM,0.0,1.58,0.1,1.34,-0.2,1.568,-0.1,1.592,-0.1,1.664,-0.1,1.628,0.0,1.552,0.0,1.396
05-07-2026-Thu 13-18-17-PM,-0.2,1.576,-0.1,1.332,-0.2,1.568,-0.3,1.588,0.0,1.66,-0.2,1.624,0.1,1.548,-0.3,1.396
05-07-2026-Thu 13-18-18-PM,-0.1,1.572,-0.3,1.324,-0.1,1.564,-0.2,1.588,0.0,1.66,-0.2,1.62,-0.3,1.548,0.0,1.392
05-07-2026-Thu 13-18-20-PM,-0.3,1.572,-0.1,1.32,-0.3,1.564,-0.5,1.584,-0.3,1.656,-0.2,1.62,-0.1,1.544,0.0,1.392
05-07-2026-Thu 13-18-21-PM,0.0,1.568,-0.1,1.312,0.1,1.56,-0.3,1.58,0.0,1.656,0.1,1.616,-0.1,1.54,0.1,1.388
05-07-2026-Thu 13-18-22-PM,-0.1,1.568,-0.3,1.308,-0.1,1.556,-0.3,1.58,0.1,1.656,0.0,1.612,0.1,1.544,0.1,1.384
05-07-2026-Thu 13-18-24-PM,-0.1,1.564,-0.1,1.304,0.0,1.556,-0.2,1.58,-0.1,1.652,-0.3,1.612,-0.1,1.536,-0.2,1.384
05-07-2026-Thu 13-18-25-PM,-0.1,1.56,0.0,1.296,-0.1,1.556,-0.5,1.58,-0.2,1.648,0.2,1.608,-0.1,1.532,-0.4,1.38
05-07-2026-Thu 13-18-26-PM,0.0,1.56,-0.4,1.288,-0.2,1.548,-0.4,1.576,-0.3,1.648,-0.2,1.604,-0.1,1.536,-0.1,1.376
05-07-2026-Thu 13-18-28-PM,-0.1,1.556,-0.2,1.284,-0.2,1.548,-0.1,1.576,-0.1,1.644,-0.2,1.604,-0.3,1.532,0.0,1.376
05-07-2026-Thu 13-18-29-PM,-0.3,1.552,-0.1,1.28,-0.2,1.544,-0.6,1.572,-0.1,1.644,-0.1,1.6,-0.3,1.532,0.1,1.376
05-07-2026-Thu 13-18-31-PM,-0.4,1.552,-0.3,1.272,-0.3,1.544,-0.2,1.568,0.0,1.64,-0.2,1.596,-0.1,1.528,-0.1,1.372
05-07-2026-Thu 13-18-32-PM,Power On
05-07-2026-Thu 13-18-35-PM,40.3,4.944,39.3,4.94,45.6,4.936,41.5,4.968,44.8,4.92,45.2,4.956,50.6,4.904,50.9,4.904
05-07-2026-Thu 13-18-37-PM,39.8,4.948,38.5,4.944,44.8,4.936,40.7,4.972,44.1,4.92,44.5,4.956,49.4,4.904,50.0,4.904
05-07-2026-Thu 13-18-38-PM,Power Off
05-07-2026-Thu 13-18-39-PM,-0.3,2.22,-0.3,2.056,-0.5,2.212,-0.4,2.116,-0.3,2.272,-0.1,2.344,-0.1,2.112,-0.3,2.124
05-07-2026-Thu 13-18-41-PM,0.0,2.12,-0.2,1.948,-0.1,2.132,-0.4,2.016,-0.2,2.16,-0.4,2.248,0.1,2.0,-0.1,2.028
05-07-2026-Thu 13-18-42-PM,-0.1,2.056,0.1,1.876,-0.3,2.072,-0.4,1.956,0.1,2.096,-0.1,2.184,-0.4,1.936,0.2,1.96
05-07-2026-Thu 13-18-44-PM,-0.3,2.008,-0.2,1.832,-0.1,2.02,-0.3,1.916,-0.1,2.048,-0.3,2.132,-0.1,1.892,0.1,1.908
05-07-2026-Thu 13-18-45-PM,0.0,1.972,-0.3,1.796,-0.2,1.98,-0.1,1.884,0.0,2.008,-0.1,2.088,0.0,1.86,0.0,1.86
05-07-2026-Thu 13-18-46-PM,-0.2,1.94,-0.1,1.764,-0.2,1.948,-0.2,1.86,0.1,1.976,0.0,2.052,-0.1,1.832,0.1,1.824
05-07-2026-Thu 13-18-48-PM,-0.3,1.908,-0.2,1.736,0.0,1.916,0.0,1.836,0.0,1.948,0.1,2.02,-0.4,1.808,-0.2,1.788
05-07-2026-Thu 13-18-49-PM,-0.2,1.884,0.2,1.712,-0.1,1.892,-0.4,1.816,0.0,1.924,0.1,1.996,-0.1,1.788,-0.1,1.764
05-07-2026-Thu 13-18-52-PM,0.0,1.844,0.0,1.676,-0.2,1.844,-0.2,1.788,0.0,1.884,-0.3,1.952,-0.1,1.76,0.0,1.716
05-07-2026-Thu 13-18-54-PM,-0.3,1.824,-0.2,1.652,-0.4,1.82,-0.6,1.768,0.0,1.864,-0.3,1.928,-0.1,1.736,-0.1,1.688
05-07-2026-Thu 13-18-55-PM,-0.1,1.808,-0.2,1.636,-0.1,1.804,-0.5,1.76,-0.1,1.848,-0.2,1.912,0.0,1.728,-0.2,1.668
05-07-2026-Thu 13-18-57-PM,-0.1,1.796,-0.1,1.624,-0.3,1.788,-0.2,1.748,-0.1,1.836,-0.1,1.9,-0.3,1.716,-0.1,1.652
05-07-2026-Thu 13-18-58-PM,-0.3,1.78,-0.2,1.608,-0.2,1.776,-0.4,1.736,-0.1,1.824,0.0,1.88,-0.2,1.704,-0.2,1.64
05-07-2026-Thu 13-19-00-PM,-0.1,1.772,-0.1,1.592,-0.3,1.764,-0.1,1.728,-0.1,1.816,-0.1,1.872,-0.2,1.7,-0.3,1.624
05-07-2026-Thu 13-19-01-PM,-0.1,1.76,-0.1,1.584,0.1,1.752,-0.2,1.72,0.0,1.808,-0.1,1.86,-0.1,1.688,-0.1,1.612
05-07-2026-Thu 13-19-02-PM,-0.1,1.748,-0.1,1.572,-0.2,1.744,-0.2,1.716,-0.1,1.8,-0.2,1.848,-0.3,1.684,-0.2,1.6
05-07-2026-Thu 13-19-04-PM,-0.2,1.74,-0.1,1.56,-0.5,1.732,-0.4,1.708,-0.4,1.792,0.1,1.836,-0.3,1.676,0.0,1.588
05-07-2026-Thu 13-19-05-PM,-0.2,1.728,-0.1,1.552,-0.3,1.724,-0.3,1.7,-0.3,1.78,0.0,1.824,-0.3,1.668,-0.4,1.58
05-07-2026-Thu 13-19-07-PM,-0.3,1.724,0.0,1.54,-0.2,1.712,-0.3,1.692,-0.1,1.776,-0.2,1.816,-0.1,1.66,-0.1,1.564
05-07-2026-Thu 13-19-08-PM,0.0,1.712,-0.1,1.532,-0.2,1.708,-0.2,1.688,0.2,1.768,-0.1,1.804,-0.4,1.656,-0.1,1.556
05-07-2026-Thu 13-19-10-PM,0.0,1.7,0.0,1.516,0.1,1.696,-0.1,1.68,-0.3,1.76,-0.2,1.792,0.1,1.648,-0.1,1.548
05-07-2026-Thu 13-19-11-PM,-0.5,1.692,-0.1,1.508,-0.4,1.688,-0.3,1.676,-0.4,1.756,-0.4,1.784,0.0,1.64,0.0,1.536
05-07-2026-Thu 13-19-13-PM,-0.2,1.688,-0.1,1.496,0.0,1.68,-0.1,1.668,-0.1,1.748,-0.1,1.776,0.1,1.636,-0.2,1.532
05-07-2026-Thu 13-19-14-PM,-0.3,1.68,-0.2,1.488,-0.1,1.676,-0.2,1.664,0.1,1.744,-0.1,1.768,-0.3,1.632,-0.1,1.524
05-07-2026-Thu 13-19-15-PM,-0.2,1.672,0.0,1.476,-0.2,1.668,-0.3,1.66,-0.2,1.736,-0.2,1.76,-0.2,1.628,0.0,1.512
05-07-2026-Thu 13-19-17-PM,-0.1,1.668,-0.1,1.468,-0.1,1.664,-0.4,1.652,-0.1,1.732,-0.2,1.752,-0.1,1.624,-0.2,1.508
05-07-2026-Thu 13-19-18-PM,0.0,1.664,-0.4,1.46,-0.2,1.656,-0.1,1.652,-0.1,1.728,0.0,1.744,-0.1,1.62,-0.2,1.5
05-07-2026-Thu 13-19-20-PM,-0.2,1.656,-0.1,1.452,-0.1,1.652,-0.2,1.648,0.0,1.724,-0.3,1.732,-0.4,1.612,0.0,1.492
05-07-2026-Thu 13-19-21-PM,-0.2,1.652,-0.1,1.444,-0.2,1.644,-0.1,1.644,-0.2,1.716,0.0,1.728,-0.4,1.612,0.0,1.488
05-07-2026-Thu 13-19-22-PM,-0.2,1.648,-0.3,1.436,0.0,1.64,0.0,1.64,-0.2,1.716,-0.3,1.72,-0.1,1.604,-0.2,1.48
05-07-2026-Thu 13-19-24-PM,0.0,1.64,0.2,1.424,-0.2,1.632,-0.5,1.636,-0.1,1.708,-0.1,1.712,-0.1,1.6,-0.1,1.476
05-07-2026-Thu 13-19-26-PM,0.1,1.636,-0.2,1.416,-0.3,1.628,-0.2,1.632,0.0,1.704,-0.1,1.704,0.0,1.596,-0.1,1.468
05-07-2026-Thu 13-19-27-PM,-0.4,1.628,-0.2,1.408,-0.1,1.624,-0.2,1.624,-0.5,1.7,-0.2,1.7,-0.1,1.592,-0.1,1.464
05-07-2026-Thu 13-19-28-PM,-0.2,1.624,0.0,1.4,-0.1,1.616,-0.3,1.624,-0.3,1.696,-0.1,1.696,0.0,1.588,0.0,1.46
05-07-2026-Thu 13-19-30-PM,0.0,1.62,-0.3,1.392,-0.1,1.616,-0.2,1.624,0.2,1.696,-0.2,1.688,0.1,1.584,-0.3,1.456
05-07-2026-Thu 13-19-31-PM,-0.3,1.616,-0.2,1.384,-0.4,1.608,0.0,1.62,-0.1,1.692,-0.1,1.68,-0.3,1.58,0.0,1.448
05-07-2026-Thu 13-19-33-PM,0.0,1.612,-0.2,1.384,-0.5,1.608,-0.3,1.616,-0.1,1.688,0.0,1.68,0.1,1.58,-0.1,1.444
05-07-2026-Thu 13-19-34-PM,-0.3,1.612,-0.1,1.376,0.0,1.604,-0.3,1.608,-0.1,1.684,-0.1,1.676,-0.1,1.572,0.1,1.44
05-07-2026-Thu 13-19-35-PM,-0.4,1.604,-0.2,1.364,0.0,1.596,-0.1,1.608,-0.3,1.68,-0.1,1.664,0.0,1.572,0.0,1.436
05-07-2026-Thu 13-19-37-PM,-0.2,1.604,-0.2,1.36,-0.3,1.592,-0.3,1.604,0.0,1.68,-0.2,1.664,-0.1,1.568,-0.3,1.432
05-07-2026-Thu 13-19-38-PM,-0.1,1.6,0.0,1.356,-0.2,1.588,-0.3,1.604,-0.1,1.676,0.0,1.66,-0.1,1.564,-0.3,1.428
05-07-2026-Thu 13-19-40-PM,-0.3,1.596,-0.4,1.348,-0.4,1.584,-0.2,1.6,0.0,1.672,-0.2,1.656,-0.3,1.564,-0.1,1.424
05-07-2026-Thu 13-19-41-PM,-0.1,1.588,-0.1,1.34,0.1,1.584,-0.5,1.6,-0.1,1.672,0.0,1.648,-0.1,1.56,0.0,1.42
05-07-2026-Thu 13-19-43-PM,0.0,1.584,0.1,1.332,-0.3,1.576,-0.1,1.596,-0.2,1.668,-0.1,1.644,0.1,1.56,-0.2,1.416
05-07-2026-Thu 13-19-44-PM,0.1,1.584,0.0,1.324,0.0,1.572,-0.4,1.592,0.0,1.664,-0.1,1.64,-0.2,1.556,0.0,1.412
05-07-2026-Thu 13-19-46-PM,-0.1,1.58,0.0,1.32,-0.4,1.568,-0.3,1.588,-0.1,1.664,-0.3,1.636,0.0,1.548,-0.2,1.408
05-07-2026-Thu 13-19-47-PM,-0.3,1.576,0.2,1.312,-0.2,1.568,-0.3,1.592,-0.4,1.66,-0.1,1.632,0.2,1.548,-0.1,1.408
05-07-2026-Thu 13-19-48-PM,-0.2,1.576,-0.1,1.304,-0.1,1.564,-0.1,1.588,-0.1,1.66,-0.1,1.628,-0.3,1.548,0.1,1.4
05-07-2026-Thu 13-19-50-PM,-0.3,1.568,0.0,1.304,-0.1,1.56,-0.2,1.584,0.0,1.652,-0.1,1.62,-0.4,1.54,-0.2,1.4
05-07-2026-Thu 13-19-52-PM,-0.4,1.564,-0.3,1.292,-0.3,1.56,-0.5,1.58,0.0,1.652,-0.1,1.62,-0.2,1.54,0.0,1.396
05-07-2026-Thu 13-19-53-PM,-0.4,1.564,0.0,1.284,-0.3,1.56,-0.3,1.58,0.0,1.648,-0.1,1.616,-0.1,1.536,-0.2,1.392
05-07-2026-Thu 13-19-55-PM,-0.1,1.56,-0.1,1.28,-0.2,1.552,-0.4,1.576,-0.1,1.648,-0.1,1.608,0.0,1.532,-0.2,1.392
05-07-2026-Thu 13-19-56-PM,0.0,1.556,0.0,1.272,-0.2,1.548,-0.3,1.576,-0.2,1.644,0.0,1.608,-0.2,1.532,-0.1,1.388
05-07-2026-Thu 13-19-57-PM,-0.2,1.556,-0.3,1.268,-0.2,1.548,-0.2,1.572,-0.3,1.644,0.0,1.608,-0.1,1.532,-0.1,1.384
05-07-2026-Thu 13-19-59-PM,-0.4,1.552,0.0,1.26,0.2,1.544,-0.5,1.572,0.1,1.644,-0.1,1.604,-0.2,1.528,-0.1,1.38
05-07-2026-Thu 13-20-00-PM,-0.3,1.552,-0.3,1.252,-0.3,1.544,-0.3,1.572,-0.2,1.64,-0.2,1.6,-0.1,1.524,0.0,1.38
05-07-2026-Thu 13-20-02-PM,-0.1,1.548,-0.4,1.248,-0.1,1.54,-0.1,1.568,0.0,1.636,0.0,1.592,-0.2,1.524,0.0,1.376
05-07-2026-Thu 13-20-03-PM,0.0,1.544,-0.2,1.24,-0.5,1.536,-0.1,1.568,-0.2,1.636,-0.1,1.592,-0.3,1.524,-0.2,1.372
05-07-2026-Thu 13-20-05-PM,-0.1,1.54,0.0,1.236,-0.6,1.536,-0.3,1.564,-0.2,1.632,0.0,1.588,-0.3,1.516,-0.2,1.372
05-07-2026-Thu 13-20-06-PM,-0.4,1.54,-0.3,1.232,-0.3,1.532,-0.3,1.564,-0.1,1.636,0.0,1.588,0.0,1.516,-0.1,1.372
05-07-2026-Thu 13-20-07-PM,-0.1,1.536,0.0,1.228,0.0,1.532,-0.4,1.56,-0.4,1.632,-0.3,1.584,-0.1,1.516,0.2,1.368
05-07-2026-Thu 13-20-09-PM,-0.2,1.536,-0.1,1.22,-0.1,1.528,-0.3,1.56,-0.1,1.632,-0.1,1.584,-0.1,1.512,-0.3,1.368
05-07-2026-Thu 13-20-10-PM,-0.2,1.536,-0.2,1.212,-0.3,1.528,-0.1,1.56,-0.2,1.628,-0.1,1.58,-0.4,1.512,-0.3,1.364
05-07-2026-Thu 13-20-12-PM,-0.2,1.532,0.0,1.208,-0.1,1.528,0.0,1.556,0.2,1.628,-0.1,1.58,0.0,1.508,-0.2,1.36
05-07-2026-Thu 13-20-13-PM,-0.1,1.532,-0.4,1.204,-0.1,1.524,-0.1,1.556,0.2,1.628,-0.1,1.576,-0.1,1.508,0.1,1.36
05-07-2026-Thu 13-20-14-PM,0.1,1.528,-0.1,1.196,-0.2,1.524,-0.2,1.552,0.0,1.624,0.0,1.576,-0.3,1.508,-0.4,1.356
05-07-2026-Thu 13-20-16-PM,-0.1,1.524,-0.2,1.192,0.1,1.52,-0.2,1.552,0.2,1.624,0.0,1.576,0.1,1.504,-0.4,1.356
05-07-2026-Thu 13-20-17-PM,-0.5,1.52,-0.1,1.184,-0.2,1.52,-0.3,1.552,-0.1,1.624,-0.1,1.568,-0.2,1.5,0.1,1.352
05-07-2026-Thu 13-20-18-PM,0.0,1.52,-0.1,1.18,-0.2,1.52,-0.2,1.552,-0.1,1.624,-0.1,1.568,-0.3,1.5,-0.1,1.352
05-07-2026-Thu 13-20-20-PM,0.1,1.52,-0.4,1.172,-0.2,1.516,-0.1,1.544,-0.2,1.62,-0.3,1.564,-0.3,1.496,-0.1,1.348
05-07-2026-Thu 13-20-21-PM,-0.3,1.516,0.0,1.168,-0.1,1.512,-0.3,1.544,0.0,1.616,0.2,1.564,0.0,1.496,-0.3,1.344
05-07-2026-Thu 13-20-23-PM,-0.2,1.512,-0.3,1.164,-0.3,1.512,-0.3,1.544,-0.3,1.612,-0.1,1.56,0.0,1.492,0.1,1.344
05-07-2026-Thu 13-20-24-PM,-0.2,1.516,-0.1,1.156,0.1,1.508,-0.2,1.544,0.1,1.616,-0.1,1.56,-0.4,1.492,-0.3,1.344
05-07-2026-Thu 13-20-26-PM,-0.3,1.512,-0.3,1.148,-0.1,1.508,-0.3,1.54,-0.1,1.612,0.0,1.56,-0.3,1.488,-0.2,1.34
05-07-2026-Thu 13-20-27-PM,0.0,1.512,-0.1,1.148,-0.2,1.508,-0.5,1.544,-0.1,1.608,-0.1,1.552,-0.2,1.488,-0.2,1.336
05-07-2026-Thu 13-20-29-PM,-0.2,1.508,0.1,1.14,-0.1,1.504,-0.6,1.54,0.2,1.612,-0.3,1.556,-0.1,1.484,0.1,1.336
05-07-2026-Thu 13-20-30-PM,-0.3,1.508,0.0,1.136,-0.2,1.504,-0.2,1.54,0.0,1.608,-0.2,1.552,-0.1,1.484,-0.1,1.336
05-07-2026-Thu 13-20-31-PM,-0.3,1.504,-0.1,1.128,0.0,1.5,-0.2,1.536,-0.1,1.604,0.1,1.548,-0.2,1.484,0.2,1.336
05-07-2026-Thu 13-20-33-PM,0.0,1.5,-0.1,1.124,-0.1,1.5,-0.2,1.536,0.0,1.604,-0.1,1.548,-0.2,1.476,0.0,1.332
05-07-2026-Thu 13-20-34-PM,0.0,1.5,-0.2,1.12,0.0,1.496,-0.3,1.536,-0.2,1.604,-0.1,1.544,0.0,1.476,-0.3,1.328
05-07-2026-Thu 13-20-36-PM,-0.2,1.5,-0.2,1.116,-0.1,1.496,-0.2,1.532,-0.2,1.6,-0.1,1.544,-0.2,1.476,-0.1,1.328
05-07-2026-Thu 13-20-37-PM,-0.3,1.496,-0.2,1.108,-0.4,1.496,0.0,1.532,-0.3,1.6,-0.3,1.54,-0.3,1.476,-0.3,1.324
05-07-2026-Thu 13-20-38-PM,-0.2,1.496,-0.2,1.104,0.1,1.492,-0.3,1.528,-0.3,1.6,-0.3,1.54,-0.2,1.472,-0.5,1.324
05-07-2026-Thu 13-20-40-PM,0.0,1.492,0.0,1.1,-0.1,1.492,-0.2,1.528,-0.2,1.6,0.0,1.536,-0.1,1.472,-0.1,1.324
05-07-2026-Thu 13-20-41-PM,-0.3,1.492,-0.2,1.096,0.0,1.488,-0.5,1.528,-0.3,1.6,0.1,1.536,0.0,1.468,0.0,1.32
05-07-2026-Thu 13-20-43-PM,-0.1,1.492,-0.4,1.088,-0.2,1.492,-0.4,1.528,0.1,1.596,0.0,1.536,0.1,1.468,-0.1,1.32
05-07-2026-Thu 13-20-44-PM,-0.4,1.492,-0.1,1.088,-0.2,1.488,-0.2,1.524,-0.2,1.596,0.1,1.536,-0.5,1.464,-0.2,1.316
05-07-2026-Thu 13-20-46-PM,-0.1,1.488,-0.2,1.08,-0.2,1.484,-0.4,1.524,0.0,1.592,-0.1,1.532,-0.3,1.46,-0.1,1.316
05-07-2026-Thu 13-20-47-PM,0.0,1.488,-0.2,1.076,0.1,1.484,0.0,1.52,-0.1,1.592,0.0,1.532,-0.4,1.46,-0.1,1.316
05-07-2026-Thu 13-20-48-PM,-0.1,1.488,-0.2,1.072,-0.3,1.48,-0.5,1.52,0.0,1.596,0.1,1.528,-0.2,1.46,0.0,1.312
05-07-2026-Thu 13-20-50-PM,-0.1,1.48,-0.2,1.064,-0.6,1.48,-0.1,1.52,-0.3,1.592,-0.1,1.528,-0.2,1.456,-0.2,1.312
05-07-2026-Thu 13-20-52-PM,-0.2,1.48,-0.2,1.06,-0.3,1.48,-0.2,1.516,0.0,1.588,-0.1,1.528,0.0,1.456,0.1,1.308
05-07-2026-Thu 13-20-53-PM,-0.4,1.484,0.1,1.056,-0.1,1.476,0.0,1.52,0.0,1.588,-0.1,1.52,0.0,1.448,-0.3,1.308
05-07-2026-Thu 13-20-55-PM,-0.1,1.48,-0.1,1.052,0.0,1.476,0.0,1.516,-0.2,1.588,-0.1,1.524,-0.1,1.448,-0.2,1.304
05-07-2026-Thu 13-20-56-PM,-0.2,1.48,-0.2,1.048,-0.1,1.476,-0.4,1.512,-0.4,1.588,0.2,1.52,-0.1,1.452,0.0,1.304
05-07-2026-Thu 13-20-57-PM,Power On
05-07-2026-Thu 13-20-59-PM,39.4,4.944,37.7,4.944,45.1,4.936,38.9,4.972,44.5,4.92,44.6,4.956,49.3,4.904,49.8,4.904
05-07-2026-Thu 13-21-00-PM,38.5,4.948,37.1,4.948,43.9,4.94,38.1,4.972,42.8,4.924,43.5,4.96,47.9,4.912,48.3,4.908
05-07-2026-Thu 13-21-02-PM,38.4,4.952,37.0,4.952,43.2,4.94,37.9,4.976,42.2,4.924,43.0,4.956,46.9,4.912,47.7,4.912
05-07-2026-Thu 13-21-03-PM,37.9,4.956,36.5,4.948,42.5,4.944,37.4,4.98,41.9,4.928,42.5,4.96,46.7,4.912,47.1,4.916
05-07-2026-Thu 13-21-04-PM,Power Off
05-07-2026-Thu 13-21-06-PM,-0.2,2.204,-0.2,2.036,-0.3,2.192,-0.3,2.088,-0.1,2.268,-0.2,2.344,0.0,2.108,-0.3,2.112
05-07-2026-Thu 13-21-07-PM,-0.4,2.112,-0.1,1.928,0.0,2.112,-0.4,1.988,-0.3,2.16,0.1,2.248,-0.4,2.0,-0.1,2.024
05-07-2026-Thu 13-21-08-PM,-0.2,2.052,0.0,1.868,-0.1,2.056,-0.5,1.932,-0.4,2.092,-0.1,2.18,0.0,1.932,0.0,1.96
05-07-2026-Thu 13-21-10-PM,-0.4,2.004,-0.2,1.824,0.0,2.016,-0.3,1.896,-0.2,2.048,-0.3,2.132,-0.3,1.888,-0.1,1.908
05-07-2026-Thu 13-21-11-PM,-0.5,1.972,-0.2,1.788,-0.2,1.976,-0.3,1.868,-0.1,2.008,-0.1,2.096,-0.1,1.856,-0.3,1.86
05-07-2026-Thu 13-21-13-PM,-0.3,1.944,-0.2,1.756,-0.1,1.944,-0.5,1.84,-0.2,1.976,-0.2,2.056,-0.1,1.828,-0.1,1.828
05-07-2026-Thu 13-21-14-PM,0.0,1.916,0.0,1.732,-0.1,1.916,-0.2,1.82,-0.3,1.948,-0.2,2.032,0.0,1.804,0.0,1.8
05-07-2026-Thu 13-21-15-PM,-0.1,1.892,-0.4,1.708,-0.1,1.892,-0.4,1.804,0.0,1.924,0.0,2.004,-0.1,1.788,-0.1,1.772
05-07-2026-Thu 13-21-17-PM,0.0,1.868,0.0,1.688,-0.3,1.864,-0.1,1.784,-0.3,1.904,-0.3,1.984,-0.2,1.772,0.0,1.748
05-07-2026-Thu 13-21-18-PM,-0.1,1.848,0.0,1.672,-0.1,1.848,-0.2,1.776,0.0,1.888,-0.2,1.96,-0.1,1.756,0.1,1.728
05-07-2026-Thu 13-21-20-PM,-0.4,1.832,-0.3,1.648,-0.2,1.824,-0.5,1.76,-0.2,1.872,-0.1,1.944,-0.1,1.74,0.0,1.704
05-07-2026-Thu 13-21-21-PM,-0.1,1.82,0.0,1.636,-0.3,1.812,-0.2,1.748,-0.1,1.852,-0.2,1.924,-0.1,1.728,-0.1,1.684
05-07-2026-Thu 13-21-22-PM,-0.4,1.804,-0.3,1.62,0.0,1.792,-0.5,1.74,0.0,1.844,-0.2,1.912,-0.1,1.72,-0.4,1.672
05-07-2026-Thu 13-21-24-PM,-0.2,1.788,-0.1,1.608,-0.2,1.78,-0.2,1.732,-0.2,1.832,-0.1,1.896,0.0,1.704,-0.2,1.652
05-07-2026-Thu 13-21-25-PM,0.0,1.776,-0.2,1.596,-0.4,1.768,-0.1,1.724,-0.1,1.82,0.0,1.88,-0.4,1.7,-0.2,1.64
05-07-2026-Thu 13-21-27-PM,-0.2,1.764,-0.1,1.584,-0.1,1.756,-0.5,1.712,-0.5,1.808,0.0,1.872,-0.1,1.688,-0.2,1.624
05-07-2026-Thu 13-21-28-PM,-0.2,1.756,0.0,1.572,-0.2,1.748,-0.2,1.704,0.0,1.8,0.1,1.86,-0.1,1.684,-0.2,1.616
05-07-2026-Thu 13-21-29-PM,-0.1,1.74,-0.1,1.56,0.0,1.736,-0.4,1.7,-0.4,1.788,-0.1,1.848,-0.5,1.672,-0.2,1.604
05-07-2026-Thu 13-21-31-PM,-0.2,1.736,0.0,1.548,-0.4,1.728,0.1,1.688,0.1,1.78,-0.1,1.836,-0.2,1.664,-0.3,1.592
05-07-2026-Thu 13-21-32-PM,0.2,1.728,-0.1,1.54,-0.2,1.716,-0.2,1.684,-0.2,1.772,0.0,1.828,-0.1,1.656,-0.2,1.58
05-07-2026-Thu 13-21-34-PM,-0.1,1.716,-0.1,1.524,-0.1,1.708,-0.2,1.68,0.0,1.764,0.0,1.816,-0.3,1.652,0.1,1.568
05-07-2026-Thu 13-21-35-PM,-0.1,1.708,-0.1,1.52,-0.2,1.7,-0.2,1.672,-0.1,1.76,-0.2,1.808,0.0,1.644,0.0,1.56
05-07-2026-Thu 13-21-37-PM,0.0,1.704,-0.1,1.508,-0.2,1.692,-0.4,1.668,-0.1,1.752,0.1,1.796,-0.3,1.64,0.0,1.552
05-07-2026-Thu 13-21-38-PM,-0.1,1.692,-0.2,1.496,0.0,1.684,-0.3,1.664,0.0,1.744,-0.2,1.788,-0.2,1.636,0.0,1.544
05-07-2026-Thu 13-21-40-PM,-0.3,1.688,-0.1,1.488,-0.2,1.676,-0.3,1.66,0.0,1.74,-0.1,1.78,0.0,1.628,-0.1,1.532
05-07-2026-Thu 13-21-41-PM,0.0,1.676,0.1,1.484,-0.3,1.668,-0.2,1.652,-0.3,1.732,0.2,1.772,-0.3,1.624,-0.2,1.524
05-07-2026-Thu 13-21-42-PM,-0.1,1.668,-0.2,1.472,0.0,1.66,-0.2,1.648,0.2,1.728,-0.2,1.764,-0.2,1.62,0.0,1.516
05-07-2026-Thu 13-21-44-PM,0.1,1.664,-0.2,1.464,-0.3,1.656,-0.4,1.644,-0.1,1.72,-0.4,1.756,-0.4,1.616,-0.2,1.512
05-07-2026-Thu 13-21-45-PM,-0.4,1.66,-0.1,1.456,-0.3,1.652,-0.2,1.644,-0.1,1.72,0.0,1.748,0.3,1.612,-0.1,1.504
05-07-2026-Thu 13-21-47-PM,-0.2,1.652,-0.4,1.448,-0.4,1.648,-0.6,1.636,-0.1,1.712,0.0,1.74,0.1,1.604,-0.1,1.5
05-07-2026-Thu 13-21-48-PM,-0.2,1.648,0.0,1.44,-0.3,1.64,-0.3,1.632,-0.1,1.708,0.2,1.736,-0.3,1.6,0.0,1.492
05-07-2026-Thu 13-21-49-PM,-0.4,1.644,-0.2,1.432,0.2,1.636,-0.2,1.628,-0.1,1.704,0.0,1.728,0.1,1.596,-0.1,1.492
05-07-2026-Thu 13-21-51-PM,-0.1,1.636,0.0,1.424,-0.5,1.624,-0.2,1.628,-0.1,1.7,-0.3,1.724,-0.2,1.596,-0.2,1.484
05-07-2026-Thu 13-21-52-PM,Power On
05-07-2026-Thu 13-21-54-PM,37.8,4.952,36.2,4.948,42.2,4.944,37.3,4.976,41.7,4.924,42.4,4.96,47.4,4.912,47.6,4.912
05-07-2026-Thu 13-21-55-PM,36.5,4.956,35.4,4.952,41.4,4.944,37.0,4.98,40.6,4.932,41.3,4.96,45.7,4.912,45.8,4.912
05-07-2026-Thu 13-21-56-PM,36.5,4.952,35.2,4.948,40.6,4.944,36.6,4.98,40.1,4.928,40.7,4.964,45.1,4.912,45.2,4.912
05-07-2026-Thu 13-21-58-PM,36.1,4.956,34.9,4.952,40.3,4.944,35.5,4.98,39.4,4.932,40.4,4.96,44.5,4.916,44.4,4.916
05-07-2026-Thu 13-21-59-PM,35.6,4.956,34.4,4.952,40.3,4.944,35.9,4.98,39.2,4.928,40.1,4.964,44.5,4.916,44.1,4.916
05-07-2026-Thu 13-22-01-PM,35.3,4.952,34.3,4.952,40.1,4.944,35.5,4.976,39.1,4.932,39.9,4.964,44.3,4.916,44.0,4.916
05-07-2026-Thu 13-22-02-PM,Power Off
05-07-2026-Thu 13-22-03-PM,-0.3,2.256,-0.3,2.124,-0.3,2.252,-0.2,2.164,0.0,2.324,-0.3,2.392,-0.1,2.192,-0.2,2.188
05-07-2026-Thu 13-22-05-PM,-0.1,2.168,-0.1,2.012,-0.3,2.184,-0.3,2.064,0.0,2.224,0.1,2.3,-0.4,2.084,-0.2,2.108
05-07-2026-Thu 13-22-06-PM,-0.4,2.108,0.1,1.948,-0.2,2.132,-0.3,2.008,-0.2,2.156,0.0,2.24,-0.2,2.016,-0.4,2.052
05-07-2026-Thu 13-22-08-PM,-0.1,2.068,-0.1,1.908,0.0,2.092,-0.3,1.972,-0.2,2.108,-0.2,2.192,-0.5,1.976,-0.1,2.0
05-07-2026-Thu 13-22-09-PM,-0.2,2.028,0.0,1.868,-0.4,2.056,-0.2,1.944,-0.2,2.072,-0.3,2.156,0.0,1.94,-0.4,1.96
05-07-2026-Thu 13-22-10-PM,-0.1,1.996,-0.2,1.84,-0.1,2.024,-0.2,1.916,0.0,2.04,-0.1,2.12,-0.2,1.908,-0.1,1.924
05-07-2026-Thu 13-22-12-PM,-0.2,1.976,-0.1,1.816,-0.1,2.0,-0.5,1.9,0.0,2.012,-0.3,2.088,-0.1,1.884,-0.1,1.892
05-07-2026-Thu 13-22-13-PM,-0.1,1.948,-0.2,1.792,-0.4,1.972,-0.2,1.876,-0.4,1.988,-0.1,2.06,-0.2,1.868,-0.1,1.864
05-07-2026-Thu 13-22-14-PM,0.0,1.932,-0.2,1.772,0.0,1.948,-0.3,1.86,0.0,1.964,-0.1,2.04,0.2,1.848,0.0,1.836
05-07-2026-Thu 13-22-16-PM,0.0,1.908,0.0,1.756,-0.2,1.928,-0.2,1.844,-0.1,1.944,-0.2,2.016,-0.1,1.832,0.0,1.812
05-07-2026-Thu 13-22-17-PM,0.0,1.892,-0.1,1.736,0.0,1.912,-0.1,1.836,-0.1,1.928,-0.2,1.996,0.0,1.816,0.1,1.792
05-07-2026-Thu 13-22-19-PM,-0.3,1.88,-0.2,1.724,-0.2,1.888,-0.2,1.824,0.0,1.912,0.0,1.976,-0.2,1.804,0.0,1.772
05-07-2026-Thu 13-22-20-PM,-0.1,1.864,0.0,1.712,-0.3,1.872,-0.1,1.812,0.0,1.9,-0.1,1.96,-0.1,1.792,-0.5,1.752
05-07-2026-Thu 13-22-21-PM,-0.1,1.852,-0.2,1.7,-0.3,1.856,-0.3,1.8,0.0,1.888,0.0,1.948,-0.2,1.78,-0.1,1.736
05-07-2026-Thu 13-22-23-PM,-0.1,1.84,-0.2,1.684,-0.2,1.844,-0.2,1.792,0.1,1.872,-0.2,1.936,0.0,1.768,-0.2,1.72
05-07-2026-Thu 13-22-24-PM,0.0,1.828,-0.2,1.68,0.1,1.828,-0.2,1.784,0.0,1.864,-0.1,1.92,0.0,1.76,-0.3,1.704
05-07-2026-Thu 13-22-26-PM,-0.2,1.816,-0.1,1.664,-0.2,1.816,-0.4,1.772,-0.1,1.852,-0.1,1.908,-0.2,1.752,0.0,1.692
05-07-2026-Thu 13-22-27-PM,0.0,1.804,0.1,1.656,0.1,1.812,-0.2,1.764,-0.2,1.848,-0.1,1.896,-0.2,1.74,-0.1,1.68
05-07-2026-Thu 13-22-28-PM,-0.1,1.796,0.1,1.648,-0.1,1.792,-0.1,1.76,-0.1,1.836,0.0,1.884,-0.1,1.736,-0.1,1.668
05-07-2026-Thu 13-22-30-PM,-0.2,1.788,-0.2,1.636,-0.1,1.784,-0.4,1.752,0.1,1.828,0.0,1.876,-0.3,1.728,-0.1,1.652
05-07-2026-Thu 13-22-31-PM,-0.3,1.776,-0.2,1.628,-0.3,1.772,-0.2,1.74,-0.1,1.82,-0.1,1.864,-0.4,1.72,-0.3,1.644
05-07-2026-Thu 13-22-33-PM,-0.4,1.768,-0.3,1.62,0.1,1.764,-0.5,1.736,-0.1,1.812,-0.1,1.856,-0.3,1.712,-0.1,1.632
05-07-2026-Thu 13-22-34-PM,-0.1,1.764,-0.1,1.612,-0.2,1.76,-0.2,1.732,-0.3,1.804,-0.2,1.844,-0.4,1.704,-0.3,1.624
05-07-2026-Thu 13-22-35-PM,-0.1,1.756,-0.3,1.604,0.1,1.748,-0.4,1.724,0.0,1.8,-0.1,1.836,-0.1,1.7,0.0,1.616
05-07-2026-Thu 13-22-37-PM,Power On
05-07-2026-Thu 13-22-38-PM,36.2,4.956,35.0,4.952,40.7,4.948,36.7,4.984,39.9,4.932,40.2,4.968,45.4,4.92,45.8,4.92
05-07-2026-Thu 13-22-39-PM,34.8,4.956,34.2,4.956,39.6,4.948,35.8,4.984,38.5,4.932,39.4,4.964,44.1,4.92,44.4,4.92
05-07-2026-Thu 13-22-41-PM,34.7,4.96,34.0,4.956,39.2,4.952,35.2,4.98,37.9,4.932,38.8,4.968,43.5,4.92,43.6,4.916
05-07-2026-Thu 13-22-42-PM,34.3,4.96,33.8,4.956,38.9,4.948,34.9,4.984,37.7,4.936,38.6,4.968,43.1,4.92,43.2,4.92
05-07-2026-Thu 13-22-44-PM,34.2,4.96,33.6,4.96,38.9,4.948,34.9,4.984,37.2,4.936,38.5,4.964,43.0,4.924,43.2,4.92
05-07-2026-Thu 13-22-45-PM,34.1,4.96,33.2,4.96,38.9,4.948,34.7,4.984,37.3,4.936,38.3,4.968,43.1,4.924,43.1,4.924
05-07-2026-Thu 13-22-46-PM,34.2,4.964,33.2,4.96,38.5,4.952,34.8,4.984,37.3,4.94,38.3,4.972,42.8,4.924,43.0,4.924
05-07-2026-Thu 13-22-48-PM,Power Off
05-07-2026-Thu 13-22-49-PM,-0.3,2.28,-0.2,2.176,-0.3,2.28,-0.4,2.216,0.1,2.356,-0.2,2.412,-0.1,2.24,-0.1,2.224
05-07-2026-Thu 13-22-51-PM,-0.2,2.18,-0.2,2.06,-0.2,2.2,-0.2,2.1,-0.1,2.248,-0.3,2.316,0.0,2.132,-0.1,2.14
05-07-2026-Thu 13-22-52-PM,0.0,2.116,0.0,1.996,-0.3,2.152,-0.2,2.048,-0.1,2.18,0.0,2.252,0.1,2.068,-0.2,2.08
05-07-2026-Thu 13-22-53-PM,-0.1,2.072,-0.1,1.944,-0.2,2.112,-0.2,2.0,-0.2,2.124,0.0,2.2,-0.1,2.016,0.1,2.028
05-07-2026-Thu 13-22-55-PM,-0.1,2.04,-0.3,1.908,-0.2,2.076,-0.3,1.964,-0.3,2.08,-0.2,2.16,0.0,1.976,0.1,1.984
05-07-2026-Thu 13-22-56-PM,-0.2,2.012,-0.2,1.88,-0.2,2.04,-0.3,1.944,-0.1,2.044,-0.2,2.124,-0.3,1.948,-0.1,1.952
05-07-2026-Thu 13-22-58-PM,0.1,1.988,0.0,1.856,-0.2,2.02,-0.2,1.916,-0.2,2.02,0.0,2.096,-0.2,1.92,-0.2,1.916
05-07-2026-Thu 13-22-59-PM,-0.2,1.964,-0.1,1.832,-0.1,1.996,-0.2,1.9,-0.4,1.996,-0.2,2.068,-0.3,1.9,-0.3,1.892
05-07-2026-Thu 13-23-00-PM,-0.4,1.948,0.0,1.812,-0.2,1.972,-0.2,1.888,-0.1,1.972,-0.3,2.044,0.1,1.88,-0.3,1.864
05-07-2026-Thu 13-23-02-PM,-0.3,1.924,-0.2,1.792,0.1,1.948,-0.1,1.864,0.0,1.948,0.1,2.02,-0.1,1.864,-0.2,1.832
05-07-2026-Thu 13-23-04-PM,-0.1,1.912,-0.4,1.776,-0.2,1.928,-0.2,1.852,-0.3,1.932,-0.1,2.0,0.0,1.848,-0.1,1.816
05-07-2026-Thu 13-23-06-PM,-0.3,1.88,-0.3,1.748,-0.1,1.896,-0.3,1.832,-0.1,1.904,0.0,1.968,-0.3,1.816,-0.1,1.78
05-07-2026-Thu 13-23-09-PM,-0.2,1.86,-0.1,1.728,-0.1,1.864,-0.2,1.812,-0.1,1.88,-0.1,1.936,-0.1,1.796,-0.3,1.748
05-07-2026-Thu 13-23-12-PM,-0.1,1.836,-0.1,1.704,0.0,1.844,-0.3,1.796,-0.1,1.86,-0.1,1.916,-0.3,1.78,-0.3,1.72
05-07-2026-Thu 13-23-15-PM,-0.4,1.816,-0.3,1.684,0.1,1.816,0.0,1.776,-0.2,1.844,-0.1,1.892,-0.4,1.76,-0.1,1.692
05-07-2026-Thu 13-23-18-PM,-0.4,1.8,-0.1,1.668,-0.1,1.796,-0.2,1.768,-0.1,1.828,-0.1,1.872,-0.2,1.748,-0.1,1.672
05-07-2026-Thu 13-23-19-PM,-0.1,1.792,-0.1,1.664,0.1,1.784,-0.1,1.76,-0.2,1.828,0.0,1.86,-0.4,1.74,-0.2,1.66
05-07-2026-Thu 13-23-21-PM,-0.2,1.784,-0.3,1.652,-0.2,1.776,-0.2,1.752,-0.2,1.816,0.0,1.852,-0.1,1.736,0.1,1.648
05-07-2026-Thu 13-23-22-PM,-0.2,1.776,0.0,1.648,-0.1,1.772,-0.2,1.748,0.1,1.812,-0.2,1.848,-0.3,1.728,0.0,1.64
05-07-2026-Thu 13-23-24-PM,-0.1,1.768,-0.1,1.64,-0.2,1.764,0.1,1.744,-0.1,1.808,-0.1,1.836,-0.1,1.72,-0.1,1.636
05-07-2026-Thu 13-23-25-PM,-0.2,1.76,0.0,1.632,-0.2,1.756,-0.3,1.74,0.0,1.8,-0.1,1.832,-0.2,1.716,-0.3,1.628
05-07-2026-Thu 13-23-27-PM,0.0,1.756,-0.1,1.624,-0.3,1.752,-0.4,1.732,-0.2,1.796,-0.3,1.82,-0.3,1.712,-0.2,1.62
05-07-2026-Thu 13-23-28-PM,-0.1,1.748,-0.1,1.62,-0.3,1.74,-0.3,1.728,-0.3,1.792,-0.1,1.816,-0.3,1.704,-0.2,1.608
05-07-2026-Thu 13-23-29-PM,-0.4,1.74,-0.4,1.616,-0.1,1.74,-0.2,1.724,-0.1,1.784,-0.2,1.808,0.1,1.704,-0.1,1.6
05-07-2026-Thu 13-23-31-PM,0.0,1.736,-0.4,1.608,-0.2,1.728,-0.2,1.724,-0.1,1.78,0.0,1.8,-0.3,1.7,-0.3,1.596
05-07-2026-Thu 13-23-32-PM,-0.1,1.728,-0.2,1.604,-0.1,1.728,-0.3,1.72,0.1,1.772,-0.2,1.792,-0.1,1.692,0.1,1.588
05-07-2026-Thu 13-23-34-PM,-0.2,1.724,-0.4,1.596,-0.1,1.72,-0.3,1.716,0.1,1.768,-0.3,1.784,-0.2,1.692,0.0,1.58
05-07-2026-Thu 13-23-35-PM,-0.3,1.716,-0.3,1.596,0.0,1.716,-0.2,1.712,0.1,1.768,-0.2,1.78,0.0,1.684,0.1,1.576
05-07-2026-Thu 13-23-36-PM,-0.2,1.716,-0.2,1.588,-0.3,1.708,-0.3,1.704,-0.3,1.764,-0.2,1.776,0.0,1.68,-0.1,1.568
05-07-2026-Thu 13-23-38-PM,-0.3,1.712,-0.2,1.584,-0.2,1.704,-0.1,1.704,-0.1,1.756,0.0,1.768,-0.1,1.68,-0.3,1.564
05-07-2026-Thu 13-23-39-PM,-0.2,1.704,-0.1,1.58,-0.3,1.7,-0.3,1.7,0.0,1.752,-0.1,1.764,0.0,1.676,-0.3,1.56
05-07-2026-Thu 13-23-41-PM,-0.1,1.7,-0.1,1.576,-0.2,1.7,-0.2,1.696,-0.1,1.752,-0.1,1.756,0.1,1.672,0.0,1.552
05-07-2026-Thu 13-23-42-PM,-0.1,1.692,-0.2,1.568,-0.2,1.692,-0.2,1.692,-0.3,1.752,-0.1,1.752,-0.1,1.668,-0.1,1.548
05-07-2026-Thu 13-23-44-PM,-0.2,1.688,-0.2,1.56,-0.1,1.688,-0.2,1.688,0.0,1.74,-0.1,1.744,-0.1,1.664,0.1,1.54
05-07-2026-Thu 13-23-45-PM,-0.2,1.684,-0.2,1.56,-0.2,1.68,-0.3,1.684,0.0,1.74,0.1,1.736,0.0,1.66,-0.1,1.536
05-07-2026-Thu 13-23-47-PM,-0.2,1.68,-0.3,1.556,-0.1,1.676,-0.3,1.684,0.1,1.736,-0.3,1.736,0.0,1.656,-0.1,1.532
05-07-2026-Thu 13-23-48-PM,0.1,1.676,0.0,1.552,-0.1,1.676,-0.1,1.68,-0.4,1.732,-0.1,1.732,0.0,1.652,-0.2,1.524
05-07-2026-Thu 13-23-49-PM,-0.3,1.672,-0.2,1.548,-0.3,1.668,-0.3,1.676,-0.2,1.732,0.1,1.728,0.0,1.652,-0.1,1.52
05-07-2026-Thu 13-23-51-PM,-0.2,1.668,-0.5,1.54,-0.1,1.664,-0.3,1.672,-0.2,1.724,0.1,1.716,-0.1,1.644,-0.2,1.516
05-07-2026-Thu 13-23-52-PM,-0.4,1.664,0.2,1.54,0.1,1.66,-0.4,1.668,0.0,1.724,-0.1,1.716,-0.3,1.648,0.0,1.512
05-07-2026-Thu 13-23-54-PM,-0.3,1.66,-0.3,1.532,-0.2,1.66,-0.4,1.672,0.0,1.72,-0.1,1.712,-0.3,1.64,0.0,1.508
05-07-2026-Thu 13-23-55-PM,0.0,1.66,-0.4,1.528,-0.1,1.652,-0.2,1.664,0.0,1.716,-0.1,1.704,0.0,1.64,-0.4,1.504
05-07-2026-Thu 13-23-57-PM,-0.1,1.652,-0.1,1.524,-0.1,1.648,-0.4,1.664,0.0,1.72,-0.3,1.7,-0.4,1.636,0.1,1.5
05-07-2026-Thu 13-23-58-PM,-0.2,1.652,-0.2,1.52,-0.2,1.648,-0.5,1.66,0.0,1.716,-0.3,1.696,-0.3,1.636,-0.3,1.5
05-07-2026-Thu 13-23-59-PM,-0.3,1.648,-0.3,1.516,0.2,1.644,-0.5,1.656,-0.3,1.712,0.1,1.692,-0.1,1.632,0.0,1.492
05-07-2026-Thu 13-24-01-PM,-0.1,1.644,-0.2,1.512,-0.1,1.64,0.0,1.652,0.1,1.708,-0.1,1.692,-0.3,1.628,-0.3,1.488
05-07-2026-Thu 13-24-02-PM,-0.4,1.644,0.0,1.508,-0.4,1.64,-0.1,1.652,-0.1,1.704,0.1,1.684,-0.3,1.628,-0.2,1.484
05-07-2026-Thu 13-24-04-PM,-0.2,1.64,-0.2,1.504,-0.3,1.632,-0.4,1.652,0.2,1.704,-0.1,1.68,-0.2,1.624,-0.1,1.484
05-07-2026-Thu 13-24-05-PM,-0.3,2.492,0.1,2.412,-0.3,2.484,-0.2,2.364,-0.1,2.108,0.1,1.868,-0.2,1.672,0.1,1.88
05-07-2026-Thu 13-24-06-PM,Power On
05-07-2026-Thu 13-24-08-PM,35.3,4.956,34.1,4.956,39.5,4.948,35.0,4.98,39.1,4.936,39.2,4.968,44.2,4.92,44.3,4.92
05-07-2026-Thu 13-24-09-PM,34.4,4.96,33.4,4.96,38.2,4.948,34.5,4.984,38.2,4.936,38.4,4.968,42.8,4.924,43.3,4.924
05-07-2026-Thu 13-24-11-PM,33.9,4.96,33.1,4.96,38.2,4.952,34.2,4.988,37.3,4.94,38.1,4.972,42.0,4.928,42.7,4.924
05-07-2026-Thu 13-24-12-PM,33.7,4.96,32.7,4.964,37.9,4.952,33.6,4.988,36.6,4.94,37.5,4.968,41.6,4.928,42.2,4.928
05-07-2026-Thu 13-24-13-PM,Power Off
05-07-2026-Thu 13-24-15-PM,-0.2,2.256,-0.2,2.14,-0.2,2.264,-0.2,2.188,-0.1,2.348,0.1,2.408,-0.3,2.224,0.2,2.204
05-07-2026-Thu 13-24-16-PM,-0.3,2.16,-0.1,2.028,-0.2,2.18,-0.1,2.08,-0.1,2.236,-0.2,2.304,0.0,2.112,-0.3,2.112
05-07-2026-Thu 13-24-18-PM,-0.3,2.096,-0.1,1.96,-0.1,2.132,-0.2,2.02,0.0,2.164,0.1,2.24,-0.2,2.044,0.0,2.052
05-07-2026-Thu 13-24-19-PM,-0.2,2.056,0.0,1.92,-0.1,2.088,-0.4,1.976,0.0,2.112,0.2,2.192,-0.2,1.996,-0.1,1.996
05-07-2026-Thu 13-24-20-PM,-0.3,2.02,-0.1,1.88,-0.1,2.052,-0.4,1.944,0.1,2.072,-0.1,2.148,0.0,1.956,0.2,1.952
05-07-2026-Thu 13-24-22-PM,-0.4,1.988,-0.3,1.848,0.2,2.02,-0.5,1.92,-0.2,2.036,-0.3,2.112,0.0,1.924,0.1,1.912
05-07-2026-Thu 13-24-23-PM,-0.1,1.96,-0.3,1.828,-0.4,1.996,-0.1,1.9,-0.3,2.008,0.0,2.08,-0.1,1.9,-0.3,1.88
05-07-2026-Thu 13-24-24-PM,-0.2,1.94,-0.1,1.804,-0.1,1.968,-0.3,1.884,-0.1,1.98,0.0,2.052,-0.3,1.88,-0.2,1.852
05-07-2026-Thu 13-24-26-PM,-0.4,1.92,-0.1,1.784,-0.3,1.944,-0.2,1.864,-0.2,1.956,0.0,2.028,-0.1,1.86,-0.5,1.828
05-07-2026-Thu 13-24-27-PM,-0.3,1.904,-0.1,1.764,-0.3,1.924,-0.3,1.852,-0.2,1.94,-0.2,2.004,0.1,1.844,-0.3,1.804
05-07-2026-Thu 13-24-29-PM,-0.3,1.888,-0.1,1.748,-0.3,1.904,-0.1,1.836,0.1,1.92,-0.2,1.984,-0.2,1.824,-0.2,1.776
05-07-2026-Thu 13-24-30-PM,-0.1,1.872,-0.1,1.732,-0.2,1.884,-0.5,1.824,-0.3,1.904,0.1,1.968,-0.2,1.816,-0.1,1.76
05-07-2026-Thu 13-24-32-PM,-0.1,1.86,-0.2,1.72,-0.3,1.868,-0.2,1.816,-0.1,1.892,0.0,1.948,-0.1,1.8,0.0,1.744
05-07-2026-Thu 13-24-33-PM,-0.1,1.844,-0.1,1.708,-0.2,1.852,-0.2,1.8,0.2,1.88,0.0,1.932,-0.2,1.788,-0.3,1.728
05-07-2026-Thu 13-24-35-PM,-0.4,1.832,-0.3,1.692,-0.1,1.84,-0.4,1.796,-0.1,1.868,0.0,1.92,0.0,1.78,-0.2,1.712
05-07-2026-Thu 13-24-36-PM,-0.2,1.82,0.0,1.688,-0.3,1.82,-0.3,1.784,0.0,1.86,0.2,1.904,-0.3,1.768,0.0,1.696
05-07-2026-Thu 13-24-37-PM,0.0,1.812,-0.1,1.676,-0.1,1.812,-0.2,1.776,0.0,1.848,-0.2,1.896,0.0,1.76,-0.1,1.684
05-07-2026-Thu 13-24-39-PM,-0.5,1.804,-0.3,1.664,-0.1,1.8,-0.4,1.772,0.0,1.84,-0.1,1.884,-0.5,1.752,-0.1,1.672
05-07-2026-Thu 13-24-40-PM,0.0,1.792,0.0,1.66,-0.1,1.792,-0.5,1.764,-0.1,1.832,0.0,1.872,0.0,1.744,0.0,1.66
05-07-2026-Thu 13-24-42-PM,-0.2,1.784,-0.3,1.648,-0.2,1.78,-0.4,1.756,0.0,1.824,-0.3,1.864,0.0,1.74,0.0,1.652
05-07-2026-Thu 13-24-43-PM,0.1,1.776,0.1,1.644,-0.2,1.776,-0.2,1.752,-0.2,1.816,0.0,1.852,-0.2,1.736,0.0,1.64
05-07-2026-Thu 13-24-44-PM,-0.1,1.764,0.0,1.636,-0.1,1.764,0.0,1.748,0.0,1.812,-0.1,1.844,-0.4,1.724,0.1,1.632
05-07-2026-Thu 13-24-46-PM,-0.2,1.76,-0.2,1.628,-0.4,1.756,-0.4,1.74,-0.3,1.808,0.0,1.84,-0.3,1.72,0.0,1.624
05-07-2026-Thu 13-24-47-PM,-0.1,1.752,-0.2,1.62,0.0,1.748,-0.3,1.736,-0.1,1.8,-0.3,1.824,-0.1,1.712,-0.1,1.616
05-07-2026-Thu 13-24-49-PM,-0.3,1.744,-0.2,1.612,-0.4,1.74,-0.3,1.728,0.2,1.792,0.1,1.82,-0.1,1.708,-0.2,1.608
05-07-2026-Thu 13-24-50-PM,0.0,1.74,0.0,1.608,-0.3,1.732,-0.2,1.724,0.0,1.788,0.2,1.812,-0.3,1.704,-0.4,1.596
05-07-2026-Thu 13-24-51-PM,-0.2,1.732,0.1,1.6,0.1,1.732,0.0,1.724,-0.3,1.784,-0.1,1.804,-0.1,1.7,-0.2,1.592
05-07-2026-Thu 13-24-53-PM,-0.1,1.724,-0.4,1.596,-0.1,1.724,-0.2,1.716,0.1,1.78,0.0,1.796,-0.1,1.692,-0.1,1.584
05-07-2026-Thu 13-24-54-PM,-0.2,1.724,-0.2,1.592,-0.2,1.716,-0.2,1.712,-0.3,1.772,-0.3,1.788,-0.3,1.692,-0.1,1.58
05-07-2026-Thu 13-24-55-PM,-0.3,1.712,-0.1,1.584,-0.4,1.712,-0.6,1.712,-0.1,1.768,-0.2,1.784,-0.2,1.688,-0.1,1.572
05-07-2026-Thu 13-24-57-PM,0.1,1.708,0.0,1.576,-0.1,1.708,-0.2,1.704,0.1,1.764,0.2,1.776,0.0,1.684,-0.1,1.568
05-07-2026-Thu 13-24-58-PM,-0.2,1.7,0.0,1.572,0.1,1.7,-0.4,1.7,-0.1,1.76,-0.3,1.768,-0.1,1.68,-0.2,1.556
05-07-2026-Thu 13-25-00-PM,-0.3,1.7,-0.2,1.568,-0.1,1.696,-0.4,1.7,-0.1,1.756,-0.2,1.76,-0.3,1.676,-0.2,1.552
05-07-2026-Thu 13-25-01-PM,
05-07-2026-Thu 13-25-04-PM,-0.1,1.684,-0.3,1.552,-0.5,1.68,-0.2,1.688,-0.1,1.744,-0.3,1.744,-0.3,1.664,-0.2,1.54
05-07-2026-Thu 13-25-07-PM,-0.3,1.676,0.0,1.544,-0.1,1.672,-0.2,1.684,0.0,1.736,0.0,1.732,-0.1,1.656,-0.1,1.528
05-07-2026-Thu 13-25-09-PM,-0.2,1.668,-0.2,1.536,-0.3,1.668,-0.4,1.676,-0.2,1.728,-0.3,1.72,-0.1,1.652,0.1,1.516
05-07-2026-Thu 13-25-11-PM,-0.3,1.664,-0.1,1.532,-0.1,1.66,-0.2,1.672,0.0,1.728,-0.2,1.716,-0.2,1.648,-0.1,1.512
05-07-2026-Thu 13-25-12-PM,-0.2,1.656,0.0,1.524,-0.2,1.656,-0.5,1.672,-0.1,1.728,-0.1,1.708,-0.4,1.648,-0.1,1.512
05-07-2026-Thu 13-25-14-PM,-0.1,1.656,-0.1,1.52,-0.1,1.652,-0.4,1.664,0.0,1.72,-0.2,1.704,-0.1,1.648,-0.1,1.504
05-07-2026-Thu 13-25-15-PM,0.0,1.652,-0.1,1.516,0.0,1.652,-0.1,1.664,0.0,1.716,-0.2,1.7,0.1,1.644,0.1,1.504
05-07-2026-Thu 13-25-16-PM,-0.3,1.652,0.0,1.512,-0.5,1.644,-0.2,1.66,-0.1,1.716,-0.3,1.692,-0.2,1.64,0.0,1.5
05-07-2026-Thu 13-25-18-PM,-0.3,1.648,0.0,1.508,0.0,1.644,-0.3,1.66,-0.2,1.712,0.0,1.692,-0.1,1.636,-0.1,1.492
05-07-2026-Thu 13-25-19-PM,-0.3,1.64,0.0,1.504,-0.2,1.64,-0.2,1.656,0.0,1.712,-0.1,1.684,-0.3,1.632,0.0,1.492
05-07-2026-Thu 13-25-20-PM,0.1,1.64,-0.2,1.5,-0.3,1.636,-0.4,1.656,-0.2,1.708,-0.2,1.68,-0.4,1.628,0.0,1.484
05-07-2026-Thu 13-25-22-PM,0.0,1.632,0.0,1.496,-0.2,1.636,-0.3,1.652,-0.3,1.7,0.0,1.676,-0.1,1.628,-0.1,1.484
05-07-2026-Thu 13-25-23-PM,-0.2,1.632,-0.2,1.492,-0.1,1.632,-0.3,1.648,0.1,1.704,-0.2,1.676,0.0,1.628,0.1,1.48
05-07-2026-Thu 13-25-25-PM,-0.2,1.628,0.0,1.484,-0.1,1.628,-0.4,1.648,-0.4,1.696,-0.1,1.668,-0.5,1.624,0.2,1.476
05-07-2026-Thu 13-25-26-PM,-0.4,1.624,-0.1,1.484,-0.2,1.62,-0.5,1.644,0.1,1.696,-0.1,1.668,-0.2,1.62,-0.4,1.476
05-07-2026-Thu 13-25-28-PM,-0.4,1.62,0.0,1.484,-0.4,1.62,-0.5,1.644,0.0,1.692,-0.2,1.664,0.0,1.62,0.0,1.468
05-07-2026-Thu 13-25-29-PM,-0.2,1.62,0.0,1.476,-0.1,1.616,-0.1,1.64,-0.1,1.692,-0.5,1.656,-0.2,1.616,0.1,1.468
05-07-2026-Thu 13-25-31-PM,-0.3,1.616,-0.1,1.472,-0.2,1.616,-0.4,1.64,-0.2,1.692,-0.1,1.652,-0.2,1.616,-0.1,1.464
05-07-2026-Thu 13-25-32-PM,0.0,1.612,-0.1,1.468,-0.3,1.612,-0.2,1.636,-0.1,1.688,0.0,1.652,-0.3,1.608,-0.1,1.46
05-07-2026-Thu 13-25-33-PM,0.0,1.612,-0.1,1.464,0.0,1.608,-0.2,1.632,0.0,1.684,-0.2,1.644,0.0,1.608,-0.1,1.46
05-07-2026-Thu 13-25-35-PM,-0.1,1.608,0.1,1.456,-0.1,1.608,-0.2,1.632,0.0,1.684,-0.3,1.64,-0.3,1.608,-0.2,1.456
05-07-2026-Thu 13-25-36-PM,-0.2,1.608,0.1,1.456,-0.3,1.604,-0.2,1.628,0.0,1.68,-0.1,1.64,-0.1,1.608,-0.3,1.452
05-07-2026-Thu 13-25-38-PM,-0.2,1.604,-0.2,1.456,-0.2,1.6,-0.2,1.628,0.1,1.676,-0.1,1.64,0.1,1.604,-0.2,1.448
05-07-2026-Thu 13-25-39-PM,-0.2,1.6,-0.1,1.448,-0.1,1.596,-0.2,1.628,0.1,1.676,0.0,1.636,-0.1,1.6,-0.1,1.448
05-07-2026-Thu 13-25-40-PM,-0.3,1.596,-0.1,1.444,-0.4,1.596,-0.2,1.624,-0.2,1.672,0.0,1.632,-0.1,1.604,-0.4,1.444
05-07-2026-Thu 13-25-42-PM,-0.2,1.596,0.1,1.44,-0.2,1.596,-0.1,1.62,0.0,1.672,0.0,1.628,0.0,1.6,-0.3,1.44
05-07-2026-Thu 13-25-43-PM,-0.1,1.592,-0.2,1.436,-0.3,1.588,-0.2,1.62,0.2,1.672,-0.3,1.624,-0.2,1.6,-0.2,1.44
05-07-2026-Thu 13-25-45-PM,-0.3,1.588,-0.3,1.432,0.1,1.588,-0.1,1.616,-0.2,1.668,0.0,1.62,0.0,1.596,-0.2,1.436
05-07-2026-Thu 13-25-46-PM,-0.2,1.588,-0.1,1.428,-0.2,1.584,-0.3,1.616,-0.3,1.668,-0.3,1.62,-0.1,1.592,-0.3,1.436
05-07-2026-Thu 13-25-48-PM,-0.2,1.588,-0.1,1.428,-0.1,1.584,-0.1,1.616,-0.1,1.664,0.0,1.616,-0.1,1.592,-0.1,1.428
05-07-2026-Thu 13-25-49-PM,-0.3,1.584,-0.1,1.42,-0.1,1.58,-0.3,1.616,-0.1,1.66,-0.3,1.612,-0.3,1.592,0.0,1.432
05-07-2026-Thu 13-25-50-PM,-0.3,1.58,-0.1,1.42,-0.3,1.58,-0.2,1.612,-0.2,1.66,-0.1,1.608,-0.4,1.588,-0.4,1.428
05-07-2026-Thu 13-25-52-PM,0.0,1.58,-0.2,1.416,-0.2,1.576,-0.3,1.612,0.0,1.656,0.0,1.608,-0.1,1.584,-0.1,1.424
05-07-2026-Thu 13-25-53-PM,-0.2,1.572,-0.3,1.412,-0.4,1.576,-0.2,1.608,0.2,1.656,-0.2,1.604,-0.3,1.584,-0.3,1.42
05-07-2026-Thu 13-25-55-PM,-0.2,1.572,-0.1,1.408,-0.4,1.572,-0.2,1.608,0.3,1.656,-0.3,1.6,0.0,1.584,-0.3,1.42
05-07-2026-Thu 13-25-56-PM,-0.2,1.568,0.0,1.404,0.0,1.572,-0.1,1.604,-0.2,1.652,-0.2,1.6,0.1,1.576,-0.3,1.416
05-07-2026-Thu 13-25-57-PM,-0.2,1.568,-0.2,1.404,-0.4,1.572,-0.6,1.604,-0.3,1.648,-0.1,1.596,-0.2,1.58,-0.1,1.416
05-07-2026-Thu 13-25-59-PM,-0.3,1.568,-0.2,1.4,-0.1,1.568,-0.3,1.6,-0.4,1.652,0.2,1.592,-0.2,1.576,-0.3,1.416
05-07-2026-Thu 13-26-00-PM,0.0,1.564,-0.1,1.396,-0.1,1.564,-0.4,1.6,-0.4,1.648,-0.2,1.592,-0.3,1.576,-0.1,1.412
05-07-2026-Thu 13-26-02-PM,-0.3,1.564,0.0,1.392,-0.2,1.564,-0.2,1.6,0.1,1.648,0.0,1.588,-0.4,1.576,-0.2,1.412
05-07-2026-Thu 13-26-03-PM,0.0,1.56,0.1,1.388,-0.1,1.564,-0.4,1.6,0.1,1.644,-0.2,1.588,-0.1,1.572,-0.2,1.408
05-07-2026-Thu 13-26-04-PM,-0.3,1.56,-0.1,1.388,-0.3,1.56,-0.4,1.596,-0.1,1.64,-0.2,1.584,0.1,1.572,0.0,1.404
05-07-2026-Thu 13-26-06-PM,-0.2,1.556,-0.1,1.384,-0.1,1.556,-0.2,1.592,-0.1,1.644,-0.3,1.584,0.0,1.568,0.0,1.404
05-07-2026-Thu 13-26-07-PM,-0.1,1.556,-0.3,1.38,0.1,1.556,0.1,1.592,-0.1,1.64,0.0,1.58,-0.1,1.568,-0.3,1.404
05-07-2026-Thu 13-26-09-PM,-0.3,1.556,-0.1,1.376,-0.1,1.556,-0.5,1.592,-0.1,1.64,-0.4,1.576,-0.1,1.564,-0.5,1.4
05-07-2026-Thu 13-26-10-PM,-0.1,1.556,-0.3,1.372,-0.3,1.552,-0.3,1.588,-0.3,1.636,-0.2,1.576,-0.1,1.568,-0.1,1.4
05-07-2026-Thu 13-26-11-PM,-0.1,1.548,-0.2,1.372,-0.2,1.552,0.0,1.588,-0.2,1.636,-0.2,1.572,-0.2,1.564,-0.2,1.396
05-07-2026-Thu 13-26-13-PM,0.0,1.548,-0.2,1.364,-0.1,1.548,-0.1,1.588,-0.1,1.636,-0.2,1.572,-0.1,1.564,-0.2,1.396
05-07-2026-Thu 13-26-14-PM,-0.5,1.544,-0.2,1.364,-0.1,1.548,-0.4,1.584,0.1,1.632,-0.2,1.572,-0.3,1.564,-0.1,1.392
05-07-2026-Thu 13-26-16-PM,-0.2,1.544,0.0,1.36,-0.2,1.544,-0.3,1.584,-0.2,1.632,0.0,1.568,0.1,1.56,-0.1,1.392
05-07-2026-Thu 13-26-17-PM,0.0,1.544,-0.1,1.356,-0.4,1.544,-0.2,1.584,-0.1,1.632,-0.2,1.564,0.0,1.56,-0.1,1.392
05-07-2026-Thu 13-26-18-PM,0.1,1.544,-0.2,1.352,-0.1,1.54,-0.1,1.584,-0.1,1.628,0.0,1.564,-0.3,1.556,0.0,1.392
05-07-2026-Thu 13-26-20-PM,-0.2,1.544,-0.3,1.348,-0.3,1.54,-0.3,1.584,-0.2,1.628,-0.4,1.56,-0.2,1.556,-0.4,1.388
05-07-2026-Thu 13-26-21-PM,0.0,1.54,-0.1,1.344,-0.1,1.536,-0.2,1.58,-0.1,1.628,0.1,1.556,0.0,1.556,-0.3,1.384
05-07-2026-Thu 13-26-23-PM,0.0,1.536,-0.2,1.34,-0.1,1.532,-0.3,1.576,-0.1,1.624,0.2,1.56,-0.1,1.552,0.0,1.388
05-07-2026-Thu 13-26-24-PM,-0.3,1.536,-0.2,1.336,-0.4,1.532,-0.2,1.576,-0.2,1.624,-0.2,1.556,-0.2,1.552,-0.1,1.384
05-07-2026-Thu 13-26-25-PM,-0.2,1.536,-0.1,1.336,-0.1,1.532,-0.1,1.576,-0.4,1.624,-0.1,1.556,-0.1,1.548,-0.1,1.38
05-07-2026-Thu 13-26-27-PM,-0.3,1.532,-0.3,1.332,0.0,1.532,-0.2,1.576,-0.5,1.62,0.0,1.552,-0.3,1.548,0.0,1.38
05-07-2026-Thu 13-26-28-PM,0.0,1.528,-0.2,1.328,-0.3,1.532,-0.3,1.572,-0.1,1.62,-0.2,1.548,-0.3,1.548,-0.1,1.38
05-07-2026-Thu 13-26-30-PM,-0.2,1.528,-0.3,1.324,-0.1,1.524,-0.2,1.572,0.1,1.62,0.0,1.548,0.1,1.548,-0.3,1.376
05-07-2026-Thu 13-26-31-PM,-0.3,1.528,-0.3,1.324,-0.1,1.524,-0.4,1.572,-0.3,1.616,-0.3,1.548,0.0,1.548,-0.2,1.376
05-07-2026-Thu 13-26-32-PM,-0.3,1.524,-0.4,1.324,-0.2,1.524,-0.3,1.568,-0.3,1.616,-0.1,1.544,-0.3,1.544,-0.3,1.376
05-07-2026-Thu 13-26-34-PM,0.2,1.524,0.1,1.312,-0.6,1.524,-0.2,1.568,0.1,1.616,0.0,1.544,-0.3,1.54,-0.3,1.372
05-07-2026-Thu 13-26-35-PM,-0.2,1.52,-0.2,1.312,-0.1,1.524,-0.6,1.568,-0.1,1.616,-0.1,1.544,-0.3,1.544,-0.3,1.372
05-07-2026-Thu 13-26-37-PM,-0.1,1.52,-0.2,1.312,-0.2,1.52,-0.1,1.568,0.0,1.612,0.1,1.54,-0.4,1.54,0.1,1.372
05-07-2026-Thu 13-26-38-PM,0.1,1.52,-0.2,1.308,0.0,1.52,-0.4,1.564,-0.1,1.612,0.1,1.536,-0.1,1.544,-0.1,1.368
05-07-2026-Thu 13-26-39-PM,-0.1,1.516,-0.2,1.304,-0.1,1.516,0.0,1.564,0.0,1.612,-0.4,1.54,-0.2,1.536,-0.1,1.368
05-07-2026-Thu 13-26-41-PM,-0.2,1.516,-0.5,1.304,-0.1,1.516,-0.2,1.564,-0.4,1.612,-0.1,1.536,-0.3,1.536,0.0,1.364
05-07-2026-Thu 13-26-42-PM,-0.3,1.516,-0.5,1.296,-0.1,1.512,-0.4,1.564,0.0,1.608,-0.1,1.532,-0.3,1.536,-0.1,1.36
05-07-2026-Thu 13-26-44-PM,-0.3,1.516,-0.4,1.296,-0.3,1.512,-0.2,1.56,-0.1,1.608,-0.2,1.532,-0.1,1.536,-0.2,1.36
05-07-2026-Thu 13-26-45-PM,-0.2,1.512,-0.3,1.292,-0.1,1.512,-0.1,1.56,-0.2,1.604,0.0,1.532,-0.1,1.536,0.2,1.36
05-07-2026-Thu 13-26-47-PM,-0.2,1.508,0.0,1.288,-0.4,1.512,-0.3,1.556,0.1,1.604,-0.1,1.528,-0.3,1.532,-0.2,1.36
05-07-2026-Thu 13-26-48-PM,0.1,1.508,-0.2,1.284,-0.1,1.508,-0.1,1.556,-0.2,1.604,-0.1,1.524,0.0,1.532,-0.1,1.356
05-07-2026-Thu 13-26-50-PM,-0.1,1.504,-0.4,1.28,0.0,1.508,-0.2,1.556,0.1,1.604,0.1,1.528,-0.2,1.532,0.2,1.356
05-07-2026-Thu 13-26-51-PM,0.1,1.504,-0.2,1.276,-0.1,1.508,-0.3,1.556,0.1,1.6,0.0,1.524,-0.1,1.528,-0.2,1.356
05-07-2026-Thu 13-26-52-PM,0.0,1.508,-0.2,1.276,-0.2,1.508,-0.4,1.556,-0.2,1.6,-0.3,1.524,0.0,1.524,0.0,1.356
05-07-2026-Thu 13-26-54-PM,-0.1,1.504,-0.1,1.268,-0.2,1.508,-0.4,1.552,-0.1,1.6,0.0,1.52,-0.1,1.528,-0.2,1.356
05-07-2026-Thu 13-26-55-PM,-0.2,1.5,-0.1,1.268,0.0,1.504,-0.2,1.552,-0.1,1.596,-0.1,1.52,0.0,1.524,-0.1,1.352
05-07-2026-Thu 13-26-56-PM,0.0,1.5,-0.3,1.264,-0.1,1.504,-0.4,1.548,0.0,1.596,0.0,1.516,0.1,1.528,0.1,1.352
05-07-2026-Thu 13-26-58-PM,-0.3,1.5,0.0,1.26,-0.3,1.5,0.0,1.552,0.1,1.596,-0.1,1.516,-0.3,1.524,0.1,1.352
05-07-2026-Thu 13-26-59-PM,-0.3,1.496,-0.3,1.26,0.0,1.5,-0.2,1.548,-0.1,1.596,-0.3,1.52,-0.2,1.52,-0.1,1.348
05-07-2026-Thu 13-27-01-PM,-0.3,1.496,-0.6,1.252,-0.2,1.496,-0.2,1.548,-0.4,1.592,-0.2,1.512,-0.1,1.52,-0.2,1.348
05-07-2026-Thu 13-27-02-PM,-0.3,1.496,-0.3,1.252,-0.3,1.496,-0.4,1.548,0.0,1.592,-0.2,1.512,-0.4,1.52,-0.1,1.348
05-07-2026-Thu 13-27-03-PM,-0.2,1.496,-0.2,1.248,-0.1,1.492,-0.2,1.544,0.1,1.588,-0.1,1.512,-0.3,1.52,-0.1,1.348
05-07-2026-Thu 13-27-05-PM,0.0,1.492,-0.2,1.248,-0.2,1.492,-0.3,1.548,-0.1,1.588,-0.1,1.512,-0.1,1.516,0.0,1.344
05-07-2026-Thu 13-27-06-PM,0.0,1.492,0.0,1.24,-0.3,1.492,-0.3,1.544,-0.3,1.592,0.0,1.512,-0.3,1.52,-0.2,1.34
05-07-2026-Thu 13-27-07-PM,-0.3,1.492,-0.2,1.236,0.0,1.492,-0.3,1.544,-0.2,1.592,-0.3,1.508,-0.2,1.516,-0.2,1.34
05-07-2026-Thu 13-27-09-PM,0.1,1.484,0.0,1.232,-0.2,1.492,-0.2,1.54,-0.2,1.588,0.1,1.508,-0.1,1.516,-0.2,1.344
05-07-2026-Thu 13-27-10-PM,-0.4,1.488,0.1,1.232,-0.2,1.488,-0.4,1.54,0.0,1.588,-0.1,1.504,0.1,1.512,-0.3,1.34
05-07-2026-Thu 13-27-12-PM,-0.2,1.488,-0.3,1.224,0.0,1.488,-0.3,1.54,-0.1,1.584,-0.2,1.504,-0.4,1.512,0.1,1.34
05-07-2026-Thu 13-27-13-PM,-0.2,1.484,-0.1,1.224,-0.3,1.484,-0.1,1.544,-0.2,1.588,-0.2,1.504,-0.4,1.512,-0.2,1.34
05-07-2026-Thu 13-27-15-PM,-0.3,1.484,0.1,1.22,-0.2,1.488,-0.2,1.536,-0.3,1.584,0.1,1.504,-0.2,1.508,-0.2,1.336
05-07-2026-Thu 13-27-16-PM,-0.3,1.484,0.0,1.216,-0.3,1.484,-0.3,1.536,0.0,1.584,-0.1,1.504,-0.1,1.512,-0.2,1.332
05-07-2026-Thu 13-27-17-PM,-0.2,1.484,-0.1,1.216,-0.1,1.484,-0.3,1.536,-0.1,1.584,0.0,1.496,-0.3,1.508,0.0,1.336
05-07-2026-Thu 13-27-19-PM,-0.2,1.48,-0.2,1.212,0.1,1.484,-0.5,1.536,-0.2,1.58,0.3,1.496,-0.1,1.508,-0.1,1.336
05-07-2026-Thu 13-27-20-PM,-0.2,1.476,-0.2,1.208,-0.1,1.48,-0.1,1.536,0.0,1.58,-0.3,1.492,0.0,1.508,0.0,1.328
05-07-2026-Thu 13-27-22-PM,-0.1,1.476,0.3,1.204,-0.5,1.48,-0.4,1.536,-0.1,1.576,-0.5,1.496,-0.3,1.504,0.0,1.332
05-07-2026-Thu 13-27-23-PM,-0.1,1.476,-0.3,1.2,-0.3,1.48,-0.2,1.532,-0.2,1.576,-0.1,1.492,0.0,1.504,0.0,1.332
05-07-2026-Thu 13-27-24-PM,-0.2,1.472,0.2,1.196,-0.2,1.476,-0.2,1.532,-0.1,1.576,0.0,1.492,-0.3,1.5,0.1,1.328
05-07-2026-Thu 13-27-26-PM,0.0,1.476,-0.2,1.192,-0.2,1.476,-0.2,1.536,-0.1,1.576,-0.1,1.488,-0.2,1.5,-0.1,1.328
05-07-2026-Thu 13-27-27-PM,-0.4,1.472,0.1,1.188,-0.3,1.476,-0.3,1.528,-0.1,1.576,0.0,1.488,0.0,1.5,-0.2,1.328
05-07-2026-Thu 13-27-29-PM,-0.2,1.468,-0.1,1.188,0.0,1.476,-0.2,1.532,-0.2,1.572,-0.3,1.488,-0.2,1.5,-0.2,1.324
05-07-2026-Thu 13-27-30-PM,-0.1,1.468,-0.2,1.184,-0.3,1.476,-0.4,1.528,0.0,1.576,-0.1,1.488,0.0,1.496,-0.2,1.324
05-07-2026-Thu 13-27-31-PM,-0.3,1.468,-0.1,1.184,-0.4,1.472,-0.2,1.524,-0.3,1.572,0.1,1.484,0.0,1.5,-0.2,1.324
05-07-2026-Thu 13-27-33-PM,0.0,1.468,0.0,1.176,-0.3,1.472,-0.3,1.528,0.0,1.572,-0.2,1.484,-0.3,1.496,-0.1,1.324
05-07-2026-Thu 13-27-34-PM,0.0,1.468,0.0,1.176,0.1,1.468,-0.4,1.528,0.0,1.572,-0.2,1.48,0.0,1.492,0.0,1.32
05-07-2026-Thu 13-27-36-PM,-0.3,1.464,0.0,1.168,0.0,1.468,-0.2,1.528,-0.2,1.568,0.0,1.48,-0.1,1.492,-0.1,1.32
05-07-2026-Thu 13-27-37-PM,Power On
05-07-2026-Thu 13-27-39-PM,35.0,4.96,32.5,4.96,38.8,4.952,34.2,4.984,38.1,4.936,38.1,4.968,41.5,4.924,42.6,4.924
05-07-2026-Thu 13-27-40-PM,34.0,4.964,31.5,4.964,37.8,4.952,33.1,4.988,36.9,4.94,37.5,4.976,40.2,4.928,41.3,4.928
05-07-2026-Thu 13-27-41-PM,33.6,4.968,31.0,4.964,37.0,4.96,32.6,4.988,36.2,4.944,36.8,4.976,39.5,4.928,40.3,4.932
05-07-2026-Thu 13-27-43-PM,33.1,4.964,30.8,4.968,36.6,4.96,32.5,4.988,35.7,4.944,36.4,4.976,39.1,4.936,39.7,4.932
05-07-2026-Thu 13-27-44-PM,Power Off
05-07-2026-Thu 13-27-46-PM,-0.1,2.22,-0.1,2.072,-0.1,2.212,-0.3,2.124,0.0,2.296,0.1,2.368,-0.3,2.152,0.0,2.144
05-07-2026-Thu 13-27-47-PM,0.1,2.124,0.0,1.96,-0.2,2.136,-0.1,2.024,-0.1,2.196,0.1,2.276,-0.1,2.044,-0.3,2.056
05-07-2026-Thu 13-27-48-PM,-0.2,2.064,-0.1,1.892,-0.1,2.076,-0.2,1.968,-0.5,2.124,-0.4,2.208,-0.2,1.98,-0.2,1.988
05-07-2026-Thu 13-27-50-PM,-0.1,2.02,-0.4,1.852,-0.1,2.04,-0.2,1.928,0.0,2.072,-0.2,2.152,-0.2,1.932,-0.5,1.94
05-07-2026-Thu 13-27-51-PM,0.0,1.984,0.1,1.816,-0.1,2.0,-0.1,1.9,-0.1,2.036,-0.2,2.112,-0.2,1.904,-0.2,1.9
05-07-2026-Thu 13-27-53-PM,-0.1,1.952,-0.1,1.784,-0.3,1.968,-0.6,1.872,-0.1,2.004,-0.2,2.076,-0.1,1.876,0.0,1.864
05-07-2026-Thu 13-27-54-PM,0.1,1.928,-0.1,1.76,-0.2,1.94,-0.3,1.852,-0.3,1.976,0.1,2.044,0.0,1.848,-0.2,1.832
05-07-2026-Thu 13-27-55-PM,-0.2,1.9,-0.1,1.736,-0.5,1.916,-0.4,1.836,-0.1,1.948,-0.4,2.016,0.1,1.828,0.1,1.804
05-07-2026-Thu 13-27-57-PM,-0.3,1.88,-0.1,1.716,-0.4,1.892,-0.4,1.824,0.0,1.928,-0.1,1.992,-0.3,1.812,-0.3,1.784
05-07-2026-Thu 13-27-58-PM,-0.4,1.86,0.0,1.7,-0.4,1.872,-0.3,1.808,-0.2,1.908,0.2,1.972,-0.4,1.8,-0.1,1.756
05-07-2026-Thu 13-27-59-PM,-0.2,1.844,-0.1,1.68,-0.1,1.852,-0.1,1.792,-0.2,1.888,-0.2,1.952,-0.2,1.784,-0.4,1.736
05-07-2026-Thu 13-28-01-PM,-0.2,1.828,-0.2,1.668,-0.1,1.836,-0.4,1.784,-0.1,1.872,-0.4,1.936,-0.1,1.772,-0.2,1.716
05-07-2026-Thu 13-28-02-PM,0.0,1.812,-0.2,1.652,0.0,1.816,-0.2,1.772,-0.2,1.86,-0.1,1.916,0.1,1.76,-0.1,1.704
05-07-2026-Thu 13-28-04-PM,-0.3,1.8,-0.3,1.636,-0.3,1.804,-0.2,1.76,-0.1,1.848,-0.2,1.9,-0.2,1.752,-0.3,1.688
05-07-2026-Thu 13-28-05-PM,0.1,1.784,-0.2,1.624,0.0,1.792,-0.4,1.748,-0.1,1.832,0.0,1.888,0.1,1.74,-0.2,1.672
05-07-2026-Thu 13-28-07-PM,-0.2,1.776,-0.1,1.62,-0.1,1.776,-0.4,1.744,-0.1,1.824,-0.1,1.872,-0.3,1.732,-0.1,1.66
05-07-2026-Thu 13-28-08-PM,-0.2,1.764,-0.2,1.608,-0.2,1.764,-0.6,1.732,-0.1,1.812,-0.1,1.856,0.0,1.72,-0.3,1.644
05-07-2026-Thu 13-28-09-PM,0.0,1.752,-0.2,1.592,-0.2,1.752,-0.2,1.724,-0.2,1.8,0.0,1.844,-0.2,1.712,-0.4,1.632
05-07-2026-Thu 13-28-11-PM,-0.4,1.74,-0.1,1.588,0.0,1.744,-0.3,1.716,0.0,1.792,-0.1,1.832,0.0,1.704,-0.2,1.62
05-07-2026-Thu 13-28-12-PM,-0.2,1.732,-0.1,1.58,-0.3,1.732,-0.3,1.712,0.0,1.784,-0.1,1.824,-0.4,1.7,-0.3,1.608
05-07-2026-Thu 13-28-14-PM,-0.1,1.72,-0.1,1.568,-0.1,1.724,-0.1,1.704,0.1,1.776,0.0,1.812,-0.1,1.692,-0.2,1.6
05-07-2026-Thu 13-28-15-PM,-0.2,1.716,-0.2,1.56,-0.3,1.716,-0.3,1.7,-0.1,1.768,-0.1,1.8,-0.1,1.684,-0.1,1.588
05-07-2026-Thu 13-28-16-PM,0.0,1.708,0.1,1.556,-0.1,1.708,-0.3,1.692,0.0,1.76,-0.1,1.788,0.0,1.68,-0.2,1.584
05-07-2026-Thu 13-28-18-PM,0.0,1.7,0.0,1.544,-0.2,1.7,-0.5,1.688,0.0,1.756,-0.2,1.784,-0.2,1.676,-0.1,1.576
05-07-2026-Thu 13-28-19-PM,-0.2,1.692,0.0,1.536,-0.5,1.692,-0.3,1.68,-0.2,1.748,-0.2,1.776,-0.5,1.672,-0.2,1.568
05-07-2026-Thu 13-28-21-PM,0.0,1.688,-0.1,1.528,-0.1,1.688,-0.1,1.68,0.0,1.744,-0.2,1.768,-0.3,1.668,0.0,1.56
05-07-2026-Thu 13-28-22-PM,-0.2,1.68,-0.3,1.52,0.0,1.676,-0.4,1.672,0.1,1.736,-0.3,1.756,-0.1,1.66,-0.1,1.552
05-07-2026-Thu 13-28-25-PM,-0.4,1.668,-0.2,1.504,-0.3,1.664,-0.3,1.664,-0.1,1.724,0.2,1.74,0.0,1.648,-0.1,1.536
05-07-2026-Thu 13-28-28-PM,0.0,1.656,-0.2,1.496,-0.2,1.656,-0.3,1.652,0.1,1.716,0.0,1.728,-0.1,1.644,-0.1,1.524
05-07-2026-Thu 13-28-29-PM,-0.1,1.652,-0.2,1.484,-0.2,1.648,-0.2,1.652,0.0,1.712,-0.3,1.716,-0.1,1.64,-0.1,1.52
05-07-2026-Thu 13-28-31-PM,-0.2,1.644,-0.2,1.48,-0.2,1.644,-0.3,1.644,-0.3,1.704,-0.1,1.708,-0.2,1.632,-0.1,1.512
05-07-2026-Thu 13-28-33-PM,0.0,1.64,-0.1,1.472,-0.3,1.636,-0.4,1.64,0.0,1.7,0.1,1.7,-0.2,1.628,0.0,1.504
05-07-2026-Thu 13-28-34-PM,-0.2,1.632,0.0,1.468,-0.3,1.632,-0.1,1.636,-0.1,1.696,-0.1,1.692,0.0,1.624,-0.4,1.5
05-07-2026-Thu 13-28-35-PM,-0.1,1.628,-0.2,1.464,-0.1,1.628,-0.3,1.632,0.0,1.692,0.0,1.692,-0.4,1.624,-0.2,1.496
05-07-2026-Thu 13-28-37-PM,-0.3,1.628,0.0,1.456,-0.2,1.624,-0.2,1.628,-0.1,1.688,-0.1,1.684,-0.3,1.62,-0.2,1.492
05-07-2026-Thu 13-28-38-PM,-0.3,1.62,0.3,1.448,-0.1,1.62,-0.3,1.628,-0.2,1.688,-0.2,1.676,-0.3,1.616,-0.4,1.492
05-07-2026-Thu 13-28-40-PM,-0.1,1.616,-0.2,1.444,-0.2,1.612,-0.2,1.624,-0.2,1.68,-0.2,1.672,-0.1,1.616,-0.3,1.484
05-07-2026-Thu 13-28-41-PM,-0.1,1.612,-0.4,1.44,-0.3,1.608,-0.1,1.62,-0.1,1.676,-0.1,1.664,-0.3,1.612,-0.1,1.476
05-07-2026-Thu 13-28-42-PM,0.1,1.608,-0.2,1.432,-0.1,1.604,-0.2,1.616,-0.1,1.676,-0.3,1.664,0.0,1.608,-0.1,1.472
05-07-2026-Thu 13-28-44-PM,-0.1,1.604,-0.3,1.428,0.1,1.6,0.0,1.616,0.0,1.672,0.0,1.656,-0.1,1.604,0.2,1.472
05-07-2026-Thu 13-28-45-PM,-0.3,1.6,-0.2,1.424,-0.2,1.6,-0.2,1.612,-0.1,1.672,0.0,1.652,-0.3,1.6,-0.3,1.468
05-07-2026-Thu 13-28-47-PM,-0.3,1.596,-0.2,1.42,-0.1,1.596,-0.3,1.612,-0.1,1.668,0.2,1.644,-0.1,1.6,-0.3,1.464
05-07-2026-Thu 13-28-48-PM,-0.3,1.592,-0.1,1.412,-0.2,1.588,-0.3,1.608,-0.1,1.668,0.0,1.64,-0.3,1.596,-0.2,1.456
05-07-2026-Thu 13-28-49-PM,-0.2,1.588,0.0,1.408,0.0,1.588,-0.3,1.604,-0.2,1.66,-0.2,1.64,-0.1,1.596,-0.4,1.456
05-07-2026-Thu 13-28-51-PM,-0.4,1.588,0.1,1.404,-0.3,1.58,-0.3,1.604,-0.2,1.656,-0.1,1.628,0.1,1.588,-0.3,1.452
05-07-2026-Thu 13-28-53-PM,-0.1,1.58,0.1,1.396,-0.1,1.576,-0.4,1.604,-0.2,1.652,0.0,1.624,-0.2,1.588,-0.3,1.448
05-07-2026-Thu 13-28-54-PM,-0.2,1.58,-0.3,1.392,-0.2,1.576,-0.2,1.6,-0.3,1.656,-0.1,1.624,0.0,1.584,-0.1,1.444
05-07-2026-Thu 13-28-55-PM,-0.2,1.576,-0.2,1.388,-0.2,1.576,-0.1,1.596,0.0,1.648,0.0,1.62,-0.1,1.584,-0.1,1.44
05-07-2026-Thu 13-28-57-PM,-0.3,1.572,-0.2,1.384,-0.2,1.568,-0.3,1.592,-0.2,1.648,-0.1,1.612,-0.4,1.58,-0.4,1.436
05-07-2026-Thu 13-28-58-PM,-0.2,1.572,-0.1,1.38,-0.2,1.564,-0.1,1.592,-0.2,1.644,-0.2,1.608,0.0,1.58,0.1,1.436
05-07-2026-Thu 13-29-00-PM,-0.1,1.568,-0.1,1.372,0.0,1.564,-0.3,1.588,0.0,1.64,-0.2,1.608,-0.2,1.576,0.0,1.432
05-07-2026-Thu 13-29-01-PM,Power On
05-07-2026-Thu 13-29-02-PM,34.1,4.968,31.9,4.964,37.1,4.96,32.3,4.988,36.3,4.948,36.7,4.976,40.0,4.932,40.4,4.932
05-07-2026-Thu 13-29-04-PM,33.0,4.968,31.0,4.968,36.2,4.96,32.1,4.992,35.1,4.948,35.7,4.98,38.9,4.932,39.1,4.936
05-07-2026-Thu 13-29-05-PM,32.2,4.972,30.6,4.968,35.7,4.964,31.7,4.996,34.7,4.952,35.2,4.98,38.4,4.94,38.1,4.94
05-07-2026-Thu 13-29-07-PM,32.0,4.972,30.4,4.972,35.4,4.964,31.2,4.992,34.0,4.952,34.9,4.98,37.9,4.94,38.0,4.94
05-07-2026-Thu 13-29-08-PM,Power Off
05-07-2026-Thu 13-29-09-PM,0.0,2.236,-0.2,2.1,-0.3,2.236,-0.2,2.148,-0.2,2.32,-0.1,2.392,-0.3,2.192,0.0,2.172
05-07-2026-Thu 13-29-11-PM,-0.2,2.144,-0.1,1.992,-0.2,2.16,-0.1,2.052,-0.2,2.216,-0.1,2.3,-0.1,2.088,-0.1,2.088
05-07-2026-Thu 13-29-12-PM,0.1,2.088,-0.2,1.932,-0.3,2.108,-0.3,1.996,-0.1,2.156,-0.1,2.232,-0.3,2.02,-0.2,2.032
05-07-2026-Thu 13-29-14-PM,-0.5,2.04,0.0,1.884,-0.1,2.068,-0.2,1.96,-0.2,2.104,-0.2,2.184,-0.2,1.98,-0.4,1.984
05-07-2026-Thu 13-29-15-PM,-0.4,2.008,-0.3,1.852,-0.4,2.032,-0.3,1.928,-0.2,2.068,0.1,2.14,-0.1,1.944,0.0,1.94
05-07-2026-Thu 13-29-16-PM,-0.1,1.976,0.0,1.824,-0.1,2.004,-0.2,1.904,0.2,2.032,0.1,2.104,-0.1,1.916,-0.2,1.908
05-07-2026-Thu 13-29-18-PM,-0.2,1.952,-0.2,1.796,-0.2,1.976,0.0,1.884,0.2,2.004,-0.3,2.072,-0.1,1.888,-0.1,1.876
05-07-2026-Thu 13-29-20-PM,-0.1,1.92,-0.1,1.772,-0.2,1.944,-0.5,1.864,-0.2,1.976,-0.2,2.04,0.0,1.864,0.1,1.84
05-07-2026-Thu 13-29-21-PM,0.1,1.896,-0.2,1.748,-0.3,1.916,-0.1,1.844,-0.1,1.948,-0.2,2.008,0.1,1.844,-0.1,1.812
05-07-2026-Thu 13-29-24-PM,-0.3,1.86,0.0,1.716,-0.2,1.876,-0.1,1.816,-0.1,1.912,-0.2,1.964,-0.2,1.816,-0.2,1.768
05-07-2026-Thu 13-29-27-PM,-0.4,1.836,0.0,1.688,-0.2,1.844,-0.4,1.796,-0.2,1.884,-0.2,1.932,-0.3,1.792,-0.2,1.732
05-07-2026-Thu 13-29-28-PM,-0.4,1.82,-0.3,1.676,-0.3,1.828,-0.3,1.784,0.0,1.864,-0.1,1.912,0.2,1.776,0.2,1.712
05-07-2026-Thu 13-29-30-PM,-0.3,1.808,0.0,1.66,-0.3,1.812,-0.2,1.776,-0.3,1.86,0.0,1.9,-0.2,1.768,-0.1,1.7
05-07-2026-Thu 13-29-31-PM,-0.3,1.796,-0.2,1.652,-0.1,1.8,-0.2,1.768,0.1,1.844,0.0,1.884,0.1,1.756,0.1,1.684
05-07-2026-Thu 13-29-33-PM,-0.1,1.784,-0.1,1.64,0.0,1.788,-0.2,1.76,-0.3,1.832,-0.3,1.876,-0.4,1.748,-0.3,1.676
05-07-2026-Thu 13-29-34-PM,-0.2,1.772,-0.2,1.628,-0.3,1.776,-0.2,1.752,-0.2,1.824,-0.3,1.856,-0.1,1.74,-0.2,1.66
05-07-2026-Thu 13-29-36-PM,-0.3,1.768,-0.2,1.62,0.2,1.768,-0.4,1.744,0.0,1.82,-0.2,1.848,0.0,1.732,-0.1,1.644
05-07-2026-Thu 13-29-37-PM,-0.3,1.756,-0.5,1.612,0.2,1.756,-0.6,1.736,-0.1,1.808,-0.3,1.836,-0.3,1.72,0.0,1.64
05-07-2026-Thu 13-29-39-PM,-0.3,1.744,0.0,1.608,-0.1,1.748,-0.3,1.732,0.1,1.8,-0.2,1.824,0.0,1.716,-0.4,1.628
05-07-2026-Thu 13-29-40-PM,0.1,1.74,-0.1,1.596,-0.2,1.74,-0.1,1.724,-0.1,1.792,-0.1,1.816,0.2,1.716,-0.1,1.62
05-07-2026-Thu 13-29-41-PM,-0.3,1.728,-0.3,1.592,-0.3,1.732,-0.4,1.72,-0.1,1.788,-0.1,1.808,-0.1,1.708,-0.2,1.612
05-07-2026-Thu 13-29-43-PM,-0.1,1.724,0.1,1.584,-0.1,1.724,-0.4,1.712,-0.2,1.776,0.0,1.8,-0.2,1.7,-0.2,1.604
05-07-2026-Thu 13-29-44-PM,-0.2,1.716,-0.1,1.576,0.0,1.716,-0.4,1.712,-0.1,1.776,-0.1,1.792,-0.3,1.696,-0.2,1.596
05-07-2026-Thu 13-29-45-PM,-0.2,1.708,-0.1,1.568,-0.3,1.708,-0.3,1.704,-0.2,1.768,-0.2,1.78,-0.1,1.692,0.1,1.588
05-07-2026-Thu 13-29-47-PM,-0.1,1.704,0.0,1.564,-0.1,1.704,-0.1,1.7,-0.2,1.76,-0.2,1.772,-0.5,1.684,-0.1,1.576
05-07-2026-Thu 13-29-48-PM,-0.2,1.692,0.0,1.556,-0.3,1.696,-0.4,1.696,-0.1,1.756,0.0,1.768,-0.3,1.68,0.1,1.576
05-07-2026-Thu 13-29-50-PM,-0.2,1.692,-0.1,1.552,-0.4,1.692,-0.1,1.688,-0.1,1.752,-0.1,1.756,-0.1,1.676,0.0,1.568
05-07-2026-Thu 13-29-51-PM,-0.3,1.688,-0.3,1.544,-0.3,1.684,-0.4,1.684,0.0,1.748,-0.1,1.748,-0.1,1.672,-0.2,1.56
05-07-2026-Thu 13-29-52-PM,-0.2,1.68,-0.2,1.54,-0.1,1.68,-0.2,1.684,0.0,1.744,0.0,1.744,-0.3,1.668,0.0,1.552
05-07-2026-Thu 13-29-54-PM,Power On
05-07-2026-Thu 13-29-55-PM,32.8,4.968,31.3,4.968,35.5,4.964,31.0,4.992,35.1,4.948,35.1,4.98,39.0,4.932,38.5,4.936
05-07-2026-Thu 13-29-57-PM,31.7,4.972,30.6,4.968,34.8,4.96,30.6,4.992,33.7,4.952,34.5,4.98,37.8,4.94,37.5,4.94
05-07-2026-Thu 13-29-58-PM,31.3,4.976,29.8,4.968,34.2,4.964,30.2,4.996,33.2,4.952,34.0,4.98,36.8,4.94,37.2,4.94
05-07-2026-Thu 13-29-59-PM,Power Off
05-07-2026-Thu 13-30-01-PM,-0.3,2.26,-0.1,2.148,-0.1,2.26,-0.1,2.188,-0.4,2.348,-0.5,2.412,-0.1,2.22,-0.1,2.196
05-07-2026-Thu 13-30-02-PM,-0.1,2.152,-0.2,2.024,-0.2,2.172,-0.2,2.076,0.0,2.24,-0.2,2.308,-0.1,2.112,-0.2,2.108
05-07-2026-Thu 13-30-04-PM,-0.2,2.092,-0.3,1.96,-0.3,2.124,-0.3,2.016,0.0,2.172,0.1,2.24,-0.2,2.044,0.0,2.048
05-07-2026-Thu 13-30-05-PM,-0.2,2.044,-0.1,1.912,-0.1,2.08,-0.3,1.972,-0.1,2.116,0.0,2.188,-0.1,1.996,-0.3,1.996
05-07-2026-Thu 13-30-07-PM,0.0,2.004,-0.2,1.872,-0.2,2.044,-0.3,1.94,-0.2,2.076,-0.1,2.144,0.0,1.96,-0.5,1.956
05-07-2026-Thu 13-30-08-PM,-0.2,1.98,0.0,1.844,-0.4,2.012,-0.2,1.92,-0.2,2.04,0.0,2.104,0.0,1.932,0.1,1.92
05-07-2026-Thu 13-30-09-PM,0.0,1.952,-0.4,1.816,-0.2,1.988,-0.2,1.9,0.1,2.012,-0.2,2.072,-0.2,1.908,0.0,1.888
05-07-2026-Thu 13-30-11-PM,-0.1,1.928,-0.3,1.796,-0.3,1.96,-0.6,1.876,0.0,1.988,-0.1,2.044,-0.1,1.884,-0.4,1.86
05-07-2026-Thu 13-30-12-PM,-0.1,1.904,-0.3,1.776,-0.2,1.936,-0.1,1.864,0.0,1.964,-0.2,2.024,-0.1,1.868,-0.3,1.832
05-07-2026-Thu 13-30-13-PM,-0.1,1.888,-0.2,1.756,0.0,1.92,-0.2,1.848,0.0,1.944,-0.3,2.0,-0.3,1.852,-0.2,1.808
05-07-2026-Thu 13-30-15-PM,-0.3,1.872,-0.2,1.744,-0.3,1.896,-0.2,1.836,-0.1,1.924,-0.1,1.976,0.0,1.836,-0.1,1.792
05-07-2026-Thu 13-30-16-PM,-0.1,1.86,-0.2,1.724,-0.1,1.88,-0.5,1.828,-0.1,1.912,0.2,1.956,-0.2,1.82,0.2,1.768
05-07-2026-Thu 13-30-18-PM,-0.1,1.848,-0.3,1.716,0.0,1.864,-0.3,1.812,-0.1,1.896,0.0,1.94,-0.1,1.808,-0.1,1.748
05-07-2026-Thu 13-30-19-PM,-0.2,1.836,-0.2,1.7,-0.1,1.848,-0.2,1.804,0.1,1.884,0.0,1.928,-0.3,1.796,-0.2,1.736
05-07-2026-Thu 13-30-20-PM,-0.3,1.824,-0.1,1.692,-0.3,1.836,-0.3,1.792,0.1,1.868,0.0,1.908,-0.1,1.788,-0.1,1.724
05-07-2026-Thu 13-30-22-PM,-0.2,1.812,0.0,1.68,-0.3,1.824,-0.2,1.784,-0.1,1.86,0.1,1.896,-0.2,1.78,0.0,1.708
05-07-2026-Thu 13-30-23-PM,-0.1,1.8,0.0,1.672,0.0,1.812,-0.2,1.776,0.0,1.852,0.0,1.884,-0.3,1.772,0.1,1.692
05-07-2026-Thu 13-30-25-PM,0.0,1.792,-0.3,1.66,-0.2,1.8,-0.2,1.768,-0.2,1.84,-0.2,1.868,-0.4,1.76,-0.1,1.684
05-07-2026-Thu 13-30-26-PM,-0.1,1.776,-0.1,1.656,-0.2,1.788,-0.2,1.764,0.0,1.832,-0.1,1.86,-0.1,1.752,-0.2,1.676
05-07-2026-Thu 13-30-27-PM,-0.3,1.772,-0.3,1.644,-0.1,1.776,-0.4,1.756,-0.1,1.824,-0.1,1.848,-0.3,1.748,-0.1,1.66
05-07-2026-Thu 13-30-29-PM,-0.2,1.764,0.0,1.636,-0.1,1.772,-0.3,1.748,-0.1,1.816,-0.3,1.84,0.2,1.736,-0.3,1.652
05-07-2026-Thu 13-30-30-PM,Power On
05-07-2026-Thu 13-30-32-PM,31.7,4.972,30.6,4.968,34.4,4.964,30.5,4.996,33.9,4.952,34.2,4.98,37.9,4.94,38.4,4.94
05-07-2026-Thu 13-30-33-PM,31.2,4.972,29.7,4.972,33.7,4.964,30.0,4.996,32.8,4.952,33.1,4.984,36.8,4.944,37.2,4.944
05-07-2026-Thu 13-30-34-PM,30.9,4.976,29.4,4.976,33.5,4.964,29.4,4.992,32.1,4.956,33.3,4.984,36.4,4.944,36.7,4.944
05-07-2026-Thu 13-30-36-PM,31.1,4.976,29.2,4.972,33.5,4.968,29.2,4.992,32.1,4.956,32.8,4.98,36.0,4.94,36.5,4.944
05-07-2026-Thu 13-30-37-PM,30.7,4.98,29.2,4.976,33.4,4.968,28.5,4.996,31.8,4.956,32.7,4.984,36.0,4.944,36.2,4.944
05-07-2026-Thu 13-30-39-PM,Power Off
05-07-2026-Thu 13-30-40-PM,-0.1,2.28,0.0,2.188,-0.3,2.28,-0.3,2.22,-0.2,2.384,-0.2,2.432,-0.3,2.264,0.1,2.228
05-07-2026-Thu 13-30-41-PM,0.0,2.176,-0.1,2.076,-0.2,2.2,-0.1,2.112,-0.1,2.272,-0.2,2.324,-0.2,2.16,-0.2,2.144
05-07-2026-Thu 13-30-43-PM,-0.2,2.116,-0.1,2.008,-0.2,2.152,-0.3,2.056,-0.3,2.204,0.0,2.26,-0.2,2.092,-0.1,2.084
05-07-2026-Thu 13-30-44-PM,-0.3,2.068,-0.2,1.956,-0.2,2.112,-0.3,2.008,0.1,2.148,-0.1,2.204,0.0,2.04,-0.3,2.036
05-07-2026-Thu 13-30-46-PM,-0.1,2.036,0.1,1.92,-0.1,2.076,-0.3,1.98,-0.2,2.108,-0.1,2.156,-0.3,2.0,0.1,1.996
05-07-2026-Thu 13-30-47-PM,-0.1,2.008,0.1,1.888,0.0,2.044,-0.6,1.952,0.0,2.072,0.1,2.124,-0.1,1.972,-0.1,1.96
05-07-2026-Thu 13-30-48-PM,-0.1,1.98,0.0,1.86,-0.1,2.016,-0.4,1.932,0.0,2.04,-0.1,2.088,-0.1,1.944,-0.1,1.932
05-07-2026-Thu 13-30-50-PM,-0.2,1.96,0.0,1.84,-0.4,1.996,-0.4,1.912,-0.2,2.012,-0.3,2.06,-0.1,1.924,0.0,1.9
05-07-2026-Thu 13-30-51-PM,-0.2,1.936,-0.2,1.82,0.2,1.972,-0.3,1.892,-0.2,1.988,-0.2,2.032,-0.2,1.9,-0.2,1.876
05-07-2026-Thu 13-30-53-PM,-0.2,1.924,-0.3,1.808,-0.1,1.948,-0.4,1.88,0.1,1.964,0.1,2.012,-0.2,1.884,-0.1,1.852
05-07-2026-Thu 13-30-54-PM,-0.3,1.904,-0.2,1.788,-0.3,1.936,-0.6,1.864,-0.1,1.952,-0.1,1.988,0.0,1.868,-0.1,1.832
05-07-2026-Thu 13-30-55-PM,-0.2,1.892,0.1,1.772,-0.1,1.916,-0.3,1.852,-0.3,1.932,-0.1,1.972,0.1,1.86,0.3,1.812
05-07-2026-Thu 13-30-57-PM,-0.2,1.88,-0.1,1.76,0.1,1.9,-0.3,1.84,-0.3,1.916,0.1,1.956,0.1,1.844,-0.1,1.792
05-07-2026-Thu 13-30-58-PM,-0.1,1.864,-0.2,1.748,-0.3,1.884,-0.4,1.832,-0.1,1.904,-0.2,1.936,-0.2,1.832,-0.2,1.78
05-07-2026-Thu 13-30-59-PM,-0.3,1.852,0.0,1.736,-0.3,1.868,-0.3,1.82,-0.3,1.892,-0.2,1.92,-0.3,1.82,0.0,1.764
05-07-2026-Thu 13-31-01-PM,-0.2,1.844,-0.1,1.724,0.1,1.856,-0.1,1.812,-0.1,1.884,0.0,1.908,-0.1,1.812,-0.2,1.748
05-07-2026-Thu 13-31-03-PM,-0.5,1.832,-0.1,1.712,-0.2,1.84,-0.6,1.804,0.1,1.868,-0.1,1.892,-0.4,1.8,-0.2,1.732
05-07-2026-Thu 13-31-04-PM,-0.4,1.82,0.0,1.7,0.0,1.828,-0.3,1.796,0.0,1.864,0.0,1.88,-0.3,1.792,-0.1,1.724
05-07-2026-Thu 13-31-06-PM,-0.2,1.812,0.0,1.692,-0.2,1.816,-0.3,1.788,-0.4,1.852,-0.2,1.868,-0.1,1.784,-0.1,1.712
05-07-2026-Thu 13-31-07-PM,-0.1,1.804,-0.1,1.688,-0.2,1.808,-0.1,1.78,0.0,1.844,-0.2,1.856,0.0,1.776,-0.1,1.7
05-07-2026-Thu 13-31-08-PM,-0.2,1.792,-0.1,1.68,-0.3,1.796,-0.3,1.776,-0.1,1.832,-0.1,1.848,-0.3,1.768,-0.2,1.692
05-07-2026-Thu 13-31-10-PM,-0.2,1.784,-0.4,1.672,-0.3,1.788,-0.3,1.764,-0.3,1.828,0.0,1.836,-0.1,1.76,0.0,1.68
05-07-2026-Thu 13-31-11-PM,-0.1,1.776,-0.2,1.664,-0.1,1.784,-0.1,1.76,-0.2,1.824,-0.2,1.832,0.0,1.756,-0.2,1.672
05-07-2026-Thu 13-31-13-PM,-0.1,1.768,-0.1,1.656,-0.4,1.772,-0.3,1.756,-0.3,1.816,-0.1,1.82,0.0,1.752,0.1,1.664
05-07-2026-Thu 13-31-14-PM,-0.4,1.764,-0.4,1.652,-0.3,1.768,-0.3,1.752,0.0,1.808,0.0,1.812,-0.3,1.744,0.0,1.656
05-07-2026-Thu 13-31-15-PM,-0.3,1.756,-0.3,1.644,-0.2,1.76,-0.3,1.744,-0.4,1.808,-0.1,1.804,-0.4,1.74,0.1,1.648
05-07-2026-Thu 13-31-17-PM,0.0,1.748,0.1,1.64,-0.2,1.752,-0.2,1.744,0.1,1.8,-0.1,1.796,-0.1,1.736,-0.3,1.64
05-07-2026-Thu 13-31-18-PM,-0.3,1.744,-0.1,1.628,-0.4,1.744,-0.2,1.736,-0.4,1.792,-0.2,1.792,-0.2,1.728,0.1,1.636
05-07-2026-Thu 13-31-19-PM,-0.4,1.74,-0.1,1.628,-0.3,1.74,-0.3,1.732,0.0,1.792,-0.2,1.78,0.0,1.724,-0.2,1.628
05-07-2026-Thu 13-31-21-PM,-0.3,1.732,-0.1,1.624,-0.1,1.732,-0.3,1.732,0.0,1.784,-0.1,1.776,0.0,1.72,-0.3,1.62
05-07-2026-Thu 13-31-22-PM,-0.4,1.724,-0.2,1.616,-0.1,1.724,-0.2,1.724,-0.1,1.78,0.0,1.764,-0.3,1.716,-0.4,1.612
05-07-2026-Thu 13-31-24-PM,0.0,1.72,-0.2,1.616,-0.3,1.72,-0.5,1.72,0.1,1.776,-0.3,1.76,-0.1,1.708,0.1,1.604
05-07-2026-Thu 13-31-25-PM,Power On
05-07-2026-Thu 13-31-27-PM,32.2,4.968,30.2,4.968,34.1,4.96,29.6,4.992,33.8,4.948,34.1,4.976,36.9,4.936,37.9,4.94
05-07-2026-Thu 13-31-28-PM,31.0,4.976,29.7,4.972,33.5,4.964,29.1,4.996,32.3,4.956,33.1,4.984,35.7,4.94,36.9,4.94
05-07-2026-Thu 13-31-29-PM,30.5,4.976,29.2,4.972,33.3,4.968,28.9,5.0,32.2,4.956,32.4,4.984,35.1,4.948,36.2,4.944
05-07-2026-Thu 13-31-31-PM,30.3,4.976,28.8,4.976,32.8,4.968,28.5,5.0,31.7,4.96,32.5,4.988,35.0,4.948,36.1,4.948
05-07-2026-Thu 13-31-32-PM,30.7,4.976,28.7,4.976,32.9,4.968,28.5,5.0,31.7,4.956,32.0,4.984,34.7,4.948,35.9,4.948
05-07-2026-Thu 13-31-34-PM,30.6,4.976,28.2,4.976,32.4,4.968,28.2,5.0,31.1,4.96,31.8,4.988,34.4,4.948,35.8,4.948
05-07-2026-Thu 13-31-37-PM,Power Off
05-07-2026-Thu 13-31-39-PM,-0.2,2.192,0.0,2.096,-0.2,2.216,-0.1,2.136,-0.1,2.292,-0.1,2.332,-0.1,2.172,-0.2,2.16
05-07-2026-Thu 13-31-42-PM,-0.3,2.088,-0.4,1.976,-0.3,2.124,-0.5,2.036,0.1,2.168,-0.3,2.208,-0.4,2.06,-0.2,2.052
05-07-2026-Thu 13-31-45-PM,-0.3,2.028,-0.2,1.912,-0.1,2.064,-0.4,1.968,0.0,2.088,0.1,2.124,-0.4,1.988,-0.1,1.976
05-07-2026-Thu 13-31-48-PM,-0.3,1.98,-0.1,1.864,-0.1,2.008,-0.5,1.928,0.0,2.028,0.0,2.064,-0.1,1.94,-0.4,1.916
05-07-2026-Thu 13-31-49-PM,-0.3,1.96,-0.1,1.848,-0.3,1.988,0.1,1.908,-0.1,2.0,0.0,2.036,-0.4,1.92,0.0,1.896
05-07-2026-Thu 13-31-52-PM,-0.2,1.928,-0.1,1.816,-0.1,1.948,-0.4,1.876,0.0,1.964,-0.3,1.992,-0.3,1.888,0.0,1.852
05-07-2026-Thu 13-31-53-PM,-0.3,1.912,0.0,1.8,0.0,1.932,-0.4,1.864,-0.1,1.944,-0.1,1.976,0.0,1.872,-0.2,1.832
05-07-2026-Thu 13-31-55-PM,0.0,1.9,-0.2,1.784,-0.2,1.92,-0.4,1.852,-0.2,1.936,-0.1,1.96,0.0,1.864,-0.4,1.816
05-07-2026-Thu 13-31-56-PM,0.1,1.888,0.1,1.776,-0.1,1.9,-0.2,1.848,-0.2,1.92,-0.1,1.948,-0.5,1.852,0.1,1.804
05-07-2026-Thu 13-31-58-PM,-0.3,1.876,-0.2,1.768,-0.1,1.888,-0.3,1.836,-0.1,1.908,-0.1,1.932,-0.2,1.84,-0.1,1.784
05-07-2026-Thu 13-31-59-PM,-0.2,1.868,-0.2,1.756,0.1,1.88,-0.3,1.828,-0.2,1.896,-0.2,1.916,-0.3,1.832,-0.2,1.772
05-07-2026-Thu 13-32-00-PM,-0.3,1.856,0.0,1.744,0.0,1.864,0.0,1.82,-0.1,1.884,0.1,1.908,0.0,1.824,-0.2,1.76
05-07-2026-Thu 13-32-02-PM,-0.3,1.848,-0.2,1.736,-0.1,1.852,-0.1,1.812,-0.2,1.88,-0.2,1.896,-0.5,1.816,-0.1,1.752
05-07-2026-Thu 13-32-03-PM,-0.2,1.84,-0.2,1.728,-0.2,1.844,-0.2,1.804,0.0,1.868,0.0,1.888,-0.1,1.808,0.0,1.74
05-07-2026-Thu 13-32-05-PM,-0.2,1.832,-0.1,1.72,-0.1,1.836,-0.1,1.8,-0.1,1.86,0.2,1.876,-0.2,1.8,0.0,1.728
05-07-2026-Thu 13-32-06-PM,-0.2,1.824,0.0,1.708,0.0,1.82,-0.2,1.792,-0.1,1.852,-0.1,1.868,0.1,1.792,-0.2,1.716
05-07-2026-Thu 13-32-08-PM,-0.3,1.812,-0.1,1.7,-0.4,1.816,-0.1,1.788,-0.1,1.848,-0.1,1.856,-0.1,1.784,-0.4,1.712
05-07-2026-Thu 13-32-09-PM,-0.2,1.804,-0.2,1.696,-0.2,1.808,-0.2,1.78,-0.1,1.84,0.0,1.848,-0.1,1.78,0.0,1.7
05-07-2026-Thu 13-32-10-PM,-0.2,1.8,-0.3,1.688,-0.3,1.8,-0.3,1.776,0.1,1.832,-0.1,1.84,-0.1,1.772,-0.2,1.692
05-07-2026-Thu 13-32-12-PM,-0.2,1.792,-0.2,1.684,0.0,1.792,-0.4,1.768,-0.3,1.828,-0.1,1.836,0.0,1.768,-0.3,1.684
05-07-2026-Thu 13-32-13-PM,-0.1,1.78,-0.2,1.68,-0.4,1.784,-0.2,1.768,-0.2,1.82,0.0,1.824,0.0,1.76,-0.3,1.676
05-07-2026-Thu 13-32-15-PM,-0.2,1.776,-0.3,1.672,-0.2,1.776,-0.2,1.76,-0.1,1.816,-0.2,1.82,0.1,1.756,-0.1,1.668
05-07-2026-Thu 13-32-16-PM,-0.1,1.772,-0.1,1.664,-0.2,1.772,-0.2,1.756,0.0,1.812,0.0,1.812,0.1,1.752,-0.4,1.664
05-07-2026-Thu 13-32-17-PM,0.0,1.768,-0.1,1.66,-0.2,1.764,-0.4,1.756,0.0,1.808,-0.1,1.8,-0.1,1.748,-0.1,1.652
05-07-2026-Thu 13-32-19-PM,-0.2,1.76,0.0,1.656,-0.2,1.756,-0.3,1.748,-0.2,1.804,-0.3,1.796,-0.1,1.744,-0.1,1.648
05-07-2026-Thu 13-32-20-PM,-0.1,1.756,-0.1,1.652,-0.2,1.752,-0.2,1.744,0.1,1.796,-0.1,1.792,-0.2,1.736,-0.2,1.64
05-07-2026-Thu 13-32-22-PM,-0.2,1.748,0.2,1.644,0.0,1.748,-0.3,1.74,-0.4,1.792,-0.1,1.784,0.0,1.732,-0.2,1.636
05-07-2026-Thu 13-32-23-PM,-0.3,1.748,-0.1,1.644,-0.1,1.74,-0.3,1.736,-0.5,1.792,0.0,1.776,0.0,1.732,-0.3,1.628
05-07-2026-Thu 13-32-24-PM,-0.1,1.74,-0.1,1.636,-0.1,1.736,-0.3,1.732,-0.1,1.784,-0.1,1.772,-0.2,1.724,-0.1,1.624
05-07-2026-Thu 13-32-26-PM,-0.1,1.736,0.1,1.632,-0.3,1.732,-0.3,1.728,0.0,1.784,0.3,1.768,-0.3,1.724,-0.4,1.62
05-07-2026-Thu 13-32-27-PM,-0.4,1.732,0.0,1.628,-0.3,1.728,-0.2,1.728,-0.3,1.78,-0.1,1.76,-0.1,1.72,-0.2,1.612
05-07-2026-Thu 13-32-29-PM,0.0,1.724,-0.3,1.624,-0.1,1.724,-0.3,1.724,0.1,1.772,-0.1,1.756,-0.2,1.716,-0.1,1.608
05-07-2026-Thu 13-32-30-PM,-0.3,1.724,-0.4,1.624,-0.2,1.72,-0.1,1.72,-0.1,1.772,-0.1,1.748,-0.1,1.712,-0.1,1.608
05-07-2026-Thu 13-32-31-PM,-0.1,1.716,-0.1,1.616,0.1,1.712,-0.4,1.716,0.2,1.768,-0.4,1.744,-0.1,1.708,-0.1,1.596
05-07-2026-Thu 13-32-33-PM,-0.4,1.712,-0.2,1.612,-0.1,1.708,-0.5,1.712,-0.3,1.764,-0.2,1.74,0.1,1.708,-0.1,1.592
05-07-2026-Thu 13-32-34-PM,-0.1,1.712,-0.2,1.612,-0.2,1.708,-0.5,1.712,0.0,1.76,0.0,1.74,-0.2,1.704,0.0,1.588
05-07-2026-Thu 13-32-35-PM,-0.2,1.704,0.1,1.608,-0.1,1.704,-0.3,1.712,0.0,1.756,0.0,1.728,-0.1,1.7,-0.2,1.58
05-07-2026-Thu 13-32-37-PM,-0.2,1.7,-0.1,1.604,-0.1,1.7,-0.2,1.704,-0.1,1.752,-0.2,1.728,-0.1,1.696,-0.4,1.58
05-07-2026-Thu 13-32-39-PM,-0.2,1.696,-0.1,1.6,0.0,1.692,-0.2,1.704,0.0,1.748,-0.1,1.724,-0.2,1.696,-0.3,1.576
05-07-2026-Thu 13-32-40-PM,0.0,1.692,-0.3,1.596,0.0,1.692,-0.1,1.7,-0.1,1.748,0.0,1.716,-0.1,1.692,-0.1,1.572
05-07-2026-Thu 13-32-41-PM,-0.3,1.688,-0.1,1.596,-0.4,1.688,-0.5,1.696,0.0,1.748,0.0,1.712,0.0,1.688,-0.2,1.568
05-07-2026-Thu 13-32-43-PM,-0.1,1.688,-0.2,1.588,-0.1,1.684,-0.4,1.696,-0.3,1.74,-0.3,1.708,-0.2,1.688,-0.2,1.564
05-07-2026-Thu 13-32-44-PM,-0.1,1.684,-0.4,1.588,-0.1,1.68,-0.3,1.692,-0.4,1.74,-0.3,1.704,0.0,1.684,0.1,1.56
05-07-2026-Thu 13-32-46-PM,-0.3,1.68,-0.4,1.584,-0.1,1.676,-0.4,1.688,-0.2,1.736,0.0,1.7,-0.1,1.68,-0.2,1.552
05-07-2026-Thu 13-32-47-PM,0.1,1.676,-0.1,1.584,0.0,1.672,-0.2,1.688,-0.1,1.736,-0.3,1.696,-0.2,1.68,0.1,1.548
05-07-2026-Thu 13-32-48-PM,-0.4,1.672,-0.2,1.576,-0.1,1.672,-0.4,1.684,-0.2,1.732,-0.1,1.692,-0.1,1.676,-0.1,1.548
05-07-2026-Thu 13-32-50-PM,-0.2,1.672,0.0,1.572,-0.1,1.672,-0.4,1.684,-0.1,1.732,0.0,1.688,-0.1,1.672,-0.2,1.548
05-07-2026-Thu 13-32-51-PM,-0.4,1.668,0.2,1.568,-0.1,1.664,-0.4,1.68,0.1,1.724,-0.1,1.684,-0.4,1.676,-0.3,1.544
05-07-2026-Thu 13-32-52-PM,-0.3,1.668,-0.1,1.568,-0.1,1.664,-0.4,1.676,-0.1,1.724,-0.2,1.68,-0.3,1.672,-0.2,1.536
05-07-2026-Thu 13-32-54-PM,-0.1,1.66,0.1,1.568,-0.4,1.664,-0.4,1.676,0.1,1.724,0.0,1.676,-0.1,1.668,-0.1,1.532
05-07-2026-Thu 13-32-55-PM,-0.3,1.656,-0.1,1.568,-0.2,1.656,-0.2,1.676,0.0,1.72,-0.1,1.672,0.1,1.668,-0.2,1.528
05-07-2026-Thu 13-32-57-PM,0.0,1.656,-0.3,1.556,-0.1,1.652,-0.2,1.672,-0.5,1.716,-0.1,1.672,-0.3,1.664,-0.2,1.528
05-07-2026-Thu 13-32-58-PM,0.0,1.652,-0.2,1.556,-0.1,1.656,-0.2,1.668,-0.1,1.712,-0.1,1.664,-0.1,1.664,-0.2,1.524
05-07-2026-Thu 13-32-59-PM,Power On
05-07-2026-Thu 13-33-01-PM,30.4,4.976,28.6,4.976,33.6,4.968,21.3,5.0,32.7,4.956,33.3,4.984,35.8,4.944,38.1,4.944
05-07-2026-Thu 13-33-02-PM,29.3,4.976,27.8,4.976,32.6,4.972,26.7,5.0,32.0,4.96,32.8,4.988,34.7,4.944,37.4,4.944
05-07-2026-Thu 13-33-04-PM,28.8,4.98,27.8,4.98,31.9,4.972,26.4,5.0,31.2,4.96,31.5,4.988,33.8,4.944,36.5,4.948
05-07-2026-Thu 13-33-05-PM,28.6,4.98,27.5,4.976,31.8,4.972,25.8,5.004,30.3,4.964,31.4,4.988,33.8,4.948,35.8,4.948
05-07-2026-Thu 13-33-06-PM,Power Off
05-07-2026-Thu 13-33-08-PM,0.0,2.3,-0.2,2.196,-0.2,2.284,-0.4,2.224,0.0,2.404,-0.1,2.444,-0.3,2.276,-0.1,2.232
05-07-2026-Thu 13-33-09-PM,-0.3,2.196,-0.2,2.08,0.0,2.208,-0.1,2.116,-0.1,2.292,0.0,2.34,-0.3,2.168,-0.2,2.144
05-07-2026-Thu 13-33-11-PM,-0.4,2.132,-0.3,2.012,-0.1,2.152,-0.2,2.056,-0.1,2.22,0.1,2.272,-0.3,2.096,0.1,2.08
05-07-2026-Thu 13-33-13-PM,-0.1,2.056,0.0,1.92,-0.2,2.08,-0.1,1.976,-0.3,2.124,-0.2,2.18,-0.1,2.004,0.0,1.992
05-07-2026-Thu 13-33-16-PM,-0.6,2.0,0.0,1.872,-0.3,2.024,-0.2,1.932,-0.3,2.056,0.0,2.108,-0.1,1.948,-0.1,1.924
05-07-2026-Thu 13-33-18-PM,-0.1,1.972,-0.2,1.84,-0.2,1.992,-0.3,1.908,0.0,2.02,-0.2,2.072,-0.1,1.916,-0.2,1.888
05-07-2026-Thu 13-33-19-PM,-0.1,1.952,0.0,1.824,-0.2,1.968,-0.3,1.888,-0.1,1.996,-0.1,2.044,-0.3,1.9,-0.1,1.864
05-07-2026-Thu 13-33-21-PM,-0.3,1.936,-0.2,1.808,-0.1,1.952,-0.5,1.876,-0.1,1.976,-0.1,2.024,-0.1,1.884,0.1,1.84
05-07-2026-Thu 13-33-22-PM,-0.2,1.92,-0.2,1.792,-0.1,1.932,-0.4,1.864,-0.2,1.956,-0.1,2.0,-0.1,1.868,-0.2,1.82
05-07-2026-Thu 13-33-24-PM,-0.3,1.908,0.0,1.78,-0.1,1.92,-0.5,1.848,-0.1,1.94,-0.3,1.984,-0.4,1.856,-0.2,1.804
05-07-2026-Thu 13-33-25-PM,-0.1,1.896,-0.4,1.764,-0.2,1.9,0.1,1.84,0.1,1.928,0.0,1.968,-0.2,1.844,0.1,1.784
05-07-2026-Thu 13-33-26-PM,-0.3,1.884,-0.4,1.752,-0.2,1.888,-0.3,1.828,-0.1,1.916,-0.2,1.952,-0.3,1.836,-0.3,1.776
05-07-2026-Thu 13-33-28-PM,-0.4,1.868,-0.3,1.74,-0.2,1.872,-0.1,1.82,-0.2,1.9,-0.2,1.936,-0.2,1.824,-0.2,1.76
05-07-2026-Thu 13-33-29-PM,-0.1,1.86,-0.3,1.732,0.0,1.864,-0.4,1.812,0.0,1.892,0.0,1.92,-0.1,1.816,-0.1,1.748
05-07-2026-Thu 13-33-31-PM,-0.2,1.848,-0.1,1.72,-0.2,1.844,-0.2,1.804,-0.1,1.876,-0.2,1.908,-0.3,1.804,-0.1,1.728
05-07-2026-Thu 13-33-33-PM,-0.2,1.836,-0.2,1.712,-0.1,1.836,-0.1,1.792,-0.2,1.868,0.0,1.896,-0.5,1.796,-0.1,1.72
05-07-2026-Thu 13-33-34-PM,-0.4,1.828,-0.1,1.704,-0.1,1.828,-0.3,1.788,-0.2,1.86,-0.2,1.888,-0.1,1.792,-0.1,1.708
05-07-2026-Thu 13-33-35-PM,-0.4,1.82,-0.4,1.696,-0.2,1.82,-0.1,1.78,0.3,1.852,-0.1,1.876,0.1,1.78,-0.2,1.704
05-07-2026-Thu 13-33-37-PM,-0.3,1.812,0.0,1.688,-0.3,1.812,-0.3,1.776,0.0,1.844,-0.1,1.868,-0.1,1.776,0.1,1.692
05-07-2026-Thu 13-33-38-PM,-0.1,1.804,-0.1,1.68,-0.2,1.8,-0.4,1.772,-0.1,1.836,-0.1,1.856,0.2,1.772,0.0,1.684
05-07-2026-Thu 13-33-40-PM,-0.2,1.8,-0.2,1.676,-0.1,1.796,-0.3,1.768,-0.2,1.832,-0.2,1.852,0.0,1.764,-0.1,1.676
05-07-2026-Thu 13-33-41-PM,-0.1,1.792,-0.3,1.668,-0.1,1.788,-0.1,1.76,-0.1,1.828,-0.2,1.84,0.0,1.76,-0.2,1.668
05-07-2026-Thu 13-33-42-PM,-0.2,1.784,-0.4,1.664,-0.2,1.776,-0.4,1.756,-0.3,1.82,0.1,1.836,-0.2,1.756,-0.4,1.66
05-07-2026-Thu 13-33-44-PM,-0.3,1.78,0.0,1.66,0.1,1.768,-0.2,1.748,-0.2,1.812,-0.4,1.824,-0.1,1.748,0.1,1.656
05-07-2026-Thu 13-33-45-PM,-0.3,1.772,-0.3,1.652,-0.3,1.768,-0.3,1.748,0.0,1.812,0.0,1.816,-0.3,1.744,-0.1,1.648
05-07-2026-Thu 13-33-47-PM,-0.2,1.764,-0.5,1.648,-0.2,1.76,-0.3,1.744,0.2,1.808,0.0,1.812,-0.1,1.744,-0.4,1.64
05-07-2026-Thu 13-33-48-PM,-0.1,1.76,0.0,1.644,-0.2,1.752,-0.1,1.74,-0.3,1.8,-0.1,1.804,-0.1,1.736,-0.1,1.636
05-07-2026-Thu 13-33-49-PM,-0.3,1.752,-0.4,1.636,-0.2,1.748,-0.2,1.736,-0.2,1.796,0.0,1.796,0.0,1.732,0.0,1.632
05-07-2026-Thu 13-33-51-PM,-0.1,1.748,0.0,1.632,-0.2,1.744,-0.2,1.732,-0.2,1.792,-0.2,1.792,0.0,1.728,-0.2,1.624
05-07-2026-Thu 13-33-52-PM,-0.1,1.74,-0.1,1.632,-0.2,1.736,-0.2,1.728,-0.2,1.792,-0.3,1.784,-0.4,1.724,0.1,1.62
05-07-2026-Thu 13-33-54-PM,-0.4,1.74,-0.4,1.628,-0.2,1.732,-0.1,1.724,-0.4,1.784,-0.3,1.776,-0.1,1.724,-0.1,1.612
05-07-2026-Thu 13-33-55-PM,0.0,1.732,0.0,1.624,-0.1,1.728,-0.5,1.724,-0.2,1.784,0.1,1.772,-0.3,1.72,-0.4,1.608
05-07-2026-Thu 13-33-56-PM,0.0,1.728,0.1,1.616,-0.1,1.72,-0.3,1.72,0.1,1.776,-0.1,1.768,0.0,1.712,0.0,1.604
05-07-2026-Thu 13-33-58-PM,-0.1,1.728,-0.1,1.616,-0.2,1.716,-0.2,1.712,-0.1,1.772,-0.1,1.76,0.0,1.712,-0.2,1.596
05-07-2026-Thu 13-33-59-PM,-0.3,1.72,0.0,1.612,-0.1,1.712,-0.4,1.708,0.0,1.768,-0.1,1.756,-0.3,1.708,-0.3,1.596
05-07-2026-Thu 13-34-01-PM,-0.2,1.716,0.1,1.608,-0.1,1.704,0.1,1.708,-0.3,1.768,-0.2,1.748,0.0,1.704,-0.2,1.584
05-07-2026-Thu 13-34-02-PM,0.0,1.712,-0.1,1.604,-0.1,1.704,-0.3,1.704,0.0,1.76,-0.3,1.744,0.0,1.7,-0.1,1.584
05-07-2026-Thu 13-34-03-PM,-0.2,1.708,0.0,1.6,-0.2,1.7,-0.4,1.7,0.0,1.76,-0.3,1.736,0.1,1.696,0.1,1.58
05-07-2026-Thu 13-34-05-PM,-0.2,1.7,0.0,1.596,-0.2,1.696,-0.6,1.7,0.0,1.756,-0.2,1.732,0.0,1.696,-0.3,1.572
05-07-2026-Thu 13-34-07-PM,0.0,1.7,-0.3,1.592,-0.1,1.688,-0.3,1.696,-0.2,1.752,-0.2,1.724,-0.5,1.692,-0.1,1.568
05-07-2026-Thu 13-34-08-PM,0.0,1.696,-0.1,1.588,-0.1,1.688,-0.2,1.692,0.2,1.748,-0.1,1.72,-0.5,1.692,0.1,1.568
05-07-2026-Thu 13-34-09-PM,0.0,1.692,-0.2,1.588,-0.4,1.684,-0.2,1.692,-0.2,1.748,-0.1,1.72,-0.2,1.688,0.2,1.56
05-07-2026-Thu 13-34-11-PM,-0.4,1.688,-0.2,1.584,-0.1,1.68,-0.2,1.692,-0.2,1.744,0.2,1.712,-0.2,1.684,-0.2,1.556
05-07-2026-Thu 13-34-12-PM,-0.1,1.684,-0.3,1.58,-0.1,1.676,-0.3,1.684,-0.2,1.74,0.1,1.708,0.0,1.68,0.0,1.556
05-07-2026-Thu 13-34-14-PM,-0.2,1.684,0.1,1.576,-0.1,1.672,-0.3,1.684,0.0,1.736,-0.1,1.704,-0.2,1.676,0.1,1.548
05-07-2026-Thu 13-34-15-PM,-0.3,1.68,0.0,1.576,-0.3,1.672,-0.3,1.684,0.0,1.736,-0.4,1.696,-0.3,1.68,-0.2,1.548
05-07-2026-Thu 13-34-16-PM,-0.3,1.676,0.0,1.572,-0.2,1.668,-0.4,1.68,-0.2,1.728,0.0,1.696,0.0,1.676,-0.3,1.544
05-07-2026-Thu 13-34-18-PM,-0.2,1.672,0.1,1.572,-0.2,1.664,-0.2,1.676,-0.2,1.728,-0.2,1.692,-0.2,1.672,0.0,1.54
05-07-2026-Thu 13-34-20-PM,-0.3,1.668,-0.2,1.564,-0.2,1.66,-0.3,1.676,-0.1,1.724,-0.2,1.684,0.0,1.672,0.0,1.536
05-07-2026-Thu 13-34-21-PM,-0.1,1.664,-0.1,1.56,0.0,1.66,-0.2,1.672,0.0,1.72,-0.2,1.68,-0.3,1.668,0.0,1.532
05-07-2026-Thu 13-34-22-PM,0.2,1.664,-0.2,1.56,-0.3,1.656,-0.3,1.668,0.0,1.724,0.0,1.68,-0.3,1.668,0.0,1.528
05-07-2026-Thu 13-34-24-PM,0.0,1.66,-0.3,1.556,-0.3,1.656,-0.3,1.668,-0.2,1.716,-0.1,1.676,-0.1,1.664,-0.3,1.528
05-07-2026-Thu 13-34-25-PM,-0.3,1.652,0.0,1.556,-0.4,1.652,-0.2,1.668,-0.2,1.716,-0.4,1.672,0.1,1.664,-0.1,1.524
05-07-2026-Thu 13-34-27-PM,-0.1,1.652,-0.2,1.552,0.0,1.648,-0.2,1.664,-0.1,1.712,0.0,1.668,-0.3,1.66,-0.2,1.524
05-07-2026-Thu 13-34-28-PM,-0.2,1.652,0.0,1.552,-0.3,1.644,-0.3,1.664,-0.1,1.712,0.0,1.664,0.2,1.66,-0.2,1.52
05-07-2026-Thu 13-34-29-PM,-0.3,1.648,-0.1,1.548,0.0,1.644,-0.3,1.66,0.1,1.708,0.1,1.66,0.0,1.656,-0.2,1.516
05-07-2026-Thu 13-34-31-PM,0.0,1.648,-0.2,1.548,-0.3,1.64,-0.5,1.66,0.1,1.708,-0.2,1.656,-0.1,1.656,-0.2,1.516
05-07-2026-Thu 13-34-32-PM,0.0,1.648,-0.2,1.544,-0.1,1.64,-0.3,1.66,0.1,1.704,-0.2,1.656,0.0,1.656,-0.1,1.512
05-07-2026-Thu 13-34-33-PM,-0.4,1.644,-0.3,1.54,-0.1,1.64,-0.2,1.656,0.0,1.704,-0.2,1.652,0.2,1.648,0.1,1.504
05-07-2026-Thu 13-34-35-PM,0.0,1.636,-0.3,1.54,-0.2,1.636,-0.3,1.656,-0.2,1.7,0.0,1.648,-0.3,1.648,-0.1,1.504
05-07-2026-Thu 13-34-36-PM,-0.2,1.636,-0.1,1.536,-0.1,1.636,-0.1,1.652,-0.1,1.7,-0.1,1.648,-0.4,1.652,-0.1,1.504
05-07-2026-Thu 13-34-38-PM,-0.2,1.636,0.1,1.532,-0.1,1.632,-0.3,1.652,-0.3,1.696,-0.2,1.644,0.0,1.648,-0.2,1.5
05-07-2026-Thu 13-34-39-PM,-0.2,1.632,-0.1,1.532,-0.3,1.628,0.1,1.648,-0.2,1.696,-0.2,1.636,0.0,1.644,-0.2,1.496
05-07-2026-Thu 13-34-40-PM,0.0,1.628,0.1,1.532,-0.1,1.628,-0.3,1.648,-0.1,1.696,0.1,1.64,-0.1,1.64,-0.1,1.496
05-07-2026-Thu 13-34-42-PM,-0.1,1.628,-0.3,1.524,-0.3,1.624,-0.2,1.644,-0.3,1.692,-0.2,1.632,0.2,1.64,0.0,1.492
05-07-2026-Thu 13-34-43-PM,-0.3,1.624,-0.2,1.524,-0.2,1.62,-0.2,1.644,-0.1,1.688,-0.1,1.628,-0.1,1.636,0.1,1.488
05-07-2026-Thu 13-34-45-PM,0.0,1.624,-0.3,1.52,-0.2,1.624,0.0,1.64,0.0,1.688,-0.1,1.628,-0.3,1.64,-0.2,1.488
05-07-2026-Thu 13-34-46-PM,-0.3,1.624,-0.1,1.52,-0.1,1.616,-0.6,1.644,-0.2,1.684,-0.1,1.624,0.0,1.64,-0.4,1.484
05-07-2026-Thu 13-34-48-PM,-0.2,1.62,-0.1,1.516,-0.1,1.616,-0.2,1.64,-0.2,1.68,-0.2,1.62,-0.4,1.636,0.1,1.484
05-07-2026-Thu 13-34-49-PM,0.0,1.62,-0.2,1.516,-0.2,1.616,-0.2,1.636,0.0,1.684,0.1,1.62,-0.3,1.632,0.0,1.484
05-07-2026-Thu 13-34-50-PM,Power On
05-07-2026-Thu 13-34-52-PM,27.8,4.98,27.2,4.976,31.6,4.972,23.9,5.0,31.3,4.96,31.6,4.984,33.6,4.948,36.1,4.948
05-07-2026-Thu 13-34-53-PM,27.2,4.98,26.6,4.976,30.8,4.976,23.2,5.004,30.4,4.964,30.7,4.988,32.9,4.956,35.5,4.952
05-07-2026-Thu 13-34-55-PM,26.7,4.984,26.4,4.988,30.5,4.976,22.9,5.004,29.4,4.964,30.1,4.992,32.1,4.952,34.5,4.952
05-07-2026-Thu 13-34-56-PM,26.2,4.988,25.9,4.984,30.0,4.976,22.6,5.008,29.1,4.968,29.5,4.992,31.5,4.956,34.1,4.956
05-07-2026-Thu 13-34-57-PM,Power Off
05-07-2026-Thu 13-34-59-PM,-0.3,2.304,-0.3,2.208,0.0,2.292,-0.3,2.228,0.0,2.416,-0.1,2.456,-0.1,2.284,0.1,2.236
05-07-2026-Thu 13-35-00-PM,0.0,2.204,-0.3,2.088,-0.2,2.208,-0.3,2.112,-0.3,2.3,0.1,2.352,0.0,2.176,-0.2,2.144
05-07-2026-Thu 13-35-01-PM,-0.1,2.14,-0.3,2.02,-0.2,2.16,-0.2,2.056,-0.2,2.228,0.0,2.288,-0.1,2.104,0.0,2.088
05-07-2026-Thu 13-35-03-PM,-0.3,2.092,-0.3,1.968,-0.2,2.116,-0.1,2.012,-0.1,2.18,-0.2,2.236,-0.4,2.056,-0.1,2.036
05-07-2026-Thu 13-35-04-PM,0.0,2.06,-0.4,1.936,0.0,2.084,-0.2,1.98,0.0,2.136,-0.1,2.192,-0.3,2.02,-0.3,2.0
05-07-2026-Thu 13-35-06-PM,0.1,2.032,0.0,1.904,-0.3,2.056,-0.3,1.956,-0.1,2.1,0.0,2.156,-0.2,1.984,-0.3,1.964
05-07-2026-Thu 13-35-07-PM,-0.1,2.008,-0.1,1.884,-0.1,2.032,-0.3,1.932,0.0,2.072,-0.1,2.124,0.1,1.96,-0.2,1.932
05-07-2026-Thu 13-35-08-PM,0.0,1.984,-0.1,1.86,-0.1,2.008,-0.2,1.912,-0.3,2.044,-0.2,2.096,-0.1,1.936,0.0,1.908
05-07-2026-Thu 13-35-10-PM,0.0,1.968,0.0,1.84,-0.2,1.988,-0.3,1.896,-0.1,2.02,-0.1,2.068,-0.1,1.92,0.0,1.88
05-07-2026-Thu 13-35-11-PM,-0.5,1.952,-0.1,1.824,0.0,1.964,-0.3,1.888,0.0,2.0,0.1,2.044,-0.4,1.9,0.0,1.86
05-07-2026-Thu 13-35-13-PM,-0.4,1.932,0.2,1.808,0.0,1.948,-0.4,1.872,-0.3,1.98,-0.1,2.028,0.1,1.884,-0.2,1.836
05-07-2026-Thu 13-35-14-PM,-0.1,1.916,0.0,1.792,-0.4,1.928,-0.2,1.856,0.0,1.96,0.0,2.0,-0.3,1.868,-0.3,1.816
05-07-2026-Thu 13-35-16-PM,-0.1,1.904,-0.3,1.776,-0.3,1.912,-0.2,1.844,-0.4,1.944,-0.2,1.984,-0.4,1.852,0.0,1.796
05-07-2026-Thu 13-35-17-PM,-0.3,1.888,-0.3,1.768,-0.3,1.896,0.0,1.832,-0.2,1.932,-0.2,1.968,-0.3,1.844,-0.1,1.78
05-07-2026-Thu 13-35-19-PM,-0.1,1.876,-0.2,1.752,-0.3,1.88,-0.2,1.828,-0.1,1.916,-0.2,1.952,0.0,1.832,-0.1,1.768
05-07-2026-Thu 13-35-20-PM,0.0,1.864,0.0,1.744,0.0,1.868,-0.2,1.82,-0.2,1.904,0.0,1.936,-0.2,1.824,0.3,1.756
05-07-2026-Thu 13-35-21-PM,-0.3,1.86,-0.1,1.728,-0.3,1.856,0.0,1.808,0.0,1.892,-0.2,1.92,0.0,1.812,0.1,1.744
05-07-2026-Thu 13-35-23-PM,-0.3,1.848,0.0,1.724,-0.1,1.848,-0.3,1.804,-0.2,1.884,-0.1,1.912,-0.3,1.804,0.0,1.732
05-07-2026-Thu 13-35-24-PM,0.0,1.836,-0.1,1.716,-0.3,1.836,-0.1,1.796,-0.1,1.876,-0.1,1.9,0.2,1.8,0.0,1.72
05-07-2026-Thu 13-35-27-PM,-0.2,1.824,-0.3,1.7,-0.1,1.82,-0.3,1.78,-0.3,1.856,-0.2,1.884,0.0,1.784,-0.1,1.7
05-07-2026-Thu 13-35-30-PM,-0.1,1.804,0.1,1.688,-0.2,1.8,-0.6,1.772,-0.1,1.844,-0.3,1.86,-0.2,1.772,0.1,1.684
05-07-2026-Thu 13-35-32-PM,-0.2,1.796,-0.3,1.68,-0.2,1.788,-0.2,1.764,-0.2,1.832,-0.1,1.848,0.0,1.764,-0.3,1.672
05-07-2026-Thu 13-35-33-PM,-0.3,1.788,-0.3,1.672,-0.2,1.78,-0.4,1.756,0.1,1.824,0.2,1.84,0.0,1.756,-0.3,1.668
05-07-2026-Thu 13-35-34-PM,-0.2,1.784,-0.1,1.664,-0.3,1.776,-0.1,1.752,-0.3,1.82,-0.2,1.832,-0.4,1.756,-0.1,1.66
05-07-2026-Thu 13-35-36-PM,0.1,1.772,-0.3,1.66,0.0,1.768,-0.2,1.748,0.0,1.816,0.1,1.828,0.0,1.748,0.1,1.648
05-07-2026-Thu 13-35-37-PM,0.1,1.772,-0.3,1.652,0.0,1.76,-0.1,1.744,-0.1,1.812,-0.1,1.816,-0.4,1.744,-0.3,1.644
05-07-2026-Thu 13-35-39-PM,-0.3,1.764,-0.1,1.648,-0.1,1.752,-0.3,1.74,-0.1,1.804,0.1,1.812,-0.5,1.74,0.0,1.64
05-07-2026-Thu 13-35-40-PM,-0.1,1.76,-0.2,1.644,-0.1,1.748,-0.1,1.736,-0.1,1.8,-0.3,1.804,0.0,1.736,-0.4,1.636
05-07-2026-Thu 13-35-42-PM,-0.1,1.748,-0.2,1.636,-0.1,1.744,-0.2,1.732,-0.4,1.792,0.0,1.796,0.0,1.732,-0.4,1.624
05-07-2026-Thu 13-35-43-PM,0.1,1.744,-0.2,1.632,-0.3,1.736,-0.3,1.728,0.0,1.792,-0.1,1.788,-0.1,1.724,-0.1,1.624
05-07-2026-Thu 13-35-45-PM,-0.2,1.74,-0.1,1.628,-0.2,1.728,-0.5,1.724,0.0,1.784,-0.2,1.78,-0.1,1.72,0.0,1.616
05-07-2026-Thu 13-35-46-PM,Power On
05-07-2026-Thu 13-35-47-PM,26.3,4.988,26.4,4.984,30.1,4.98,17.4,5.008,29.5,4.968,30.2,4.996,32.1,4.956,34.1,4.956
05-07-2026-Thu 13-35-49-PM,25.9,4.992,25.6,4.988,29.3,4.984,17.0,5.012,28.4,4.972,28.9,4.996,30.4,4.96,32.9,4.96
05-07-2026-Thu 13-35-50-PM,25.4,4.992,25.5,4.988,28.6,4.984,15.9,5.012,28.0,4.976,28.5,5.0,29.9,4.964,32.5,4.964
05-07-2026-Thu 13-35-51-PM,Power Off
05-07-2026-Thu 13-35-53-PM,-0.2,2.328,0.1,2.224,-0.1,2.304,-0.3,2.228,0.1,2.436,-0.4,2.472,0.0,2.292,-0.3,2.252
05-07-2026-Thu 13-35-54-PM,-0.4,2.208,-0.3,2.1,-0.2,2.216,-0.3,2.116,-0.1,2.32,-0.2,2.364,0.0,2.18,-0.2,2.16
05-07-2026-Thu 13-35-56-PM,-0.1,2.148,-0.3,2.032,-0.1,2.164,-0.3,2.056,-0.1,2.248,-0.1,2.296,-0.2,2.116,-0.1,2.1
05-07-2026-Thu 13-35-57-PM,-0.1,2.104,-0.1,1.984,0.1,2.124,-0.4,2.016,-0.1,2.196,-0.1,2.244,-0.2,2.064,-0.2,2.052
05-07-2026-Thu 13-35-58-PM,0.0,2.068,-0.4,1.948,-0.3,2.088,-0.1,1.984,-0.1,2.152,-0.1,2.204,-0.1,2.024,0.0,2.012
05-07-2026-Thu 13-36-00-PM,-0.4,2.04,0.0,1.92,-0.4,2.06,-0.2,1.96,-0.2,2.116,0.0,2.164,-0.3,1.992,-0.1,1.976
05-07-2026-Thu 13-36-01-PM,0.0,2.012,0.0,1.892,-0.3,2.032,-0.3,1.94,0.1,2.084,-0.5,2.128,0.1,1.968,0.0,1.944
05-07-2026-Thu 13-36-03-PM,0.0,1.992,-0.1,1.872,-0.3,2.008,-0.3,1.92,-0.1,2.056,-0.1,2.1,-0.1,1.94,0.0,1.916
05-07-2026-Thu 13-36-04-PM,-0.1,1.972,-0.2,1.852,-0.1,1.988,-0.3,1.9,-0.2,2.028,-0.2,2.072,-0.1,1.924,-0.4,1.892
05-07-2026-Thu 13-36-05-PM,-0.2,1.952,-0.3,1.836,-0.2,1.968,-0.2,1.888,0.0,2.008,0.0,2.048,-0.1,1.908,0.1,1.864
05-07-2026-Thu 13-36-07-PM,0.1,1.944,0.0,1.82,-0.1,1.948,-0.5,1.876,-0.4,1.988,-0.1,2.024,0.0,1.892,-0.1,1.848
05-07-2026-Thu 13-36-08-PM,-0.2,1.92,-0.2,1.808,-0.1,1.932,-0.3,1.868,0.0,1.972,-0.2,2.008,-0.4,1.876,-0.1,1.828
05-07-2026-Thu 13-36-10-PM,-0.4,1.912,-0.2,1.792,-0.2,1.92,-0.3,1.852,-0.3,1.952,-0.3,1.988,0.0,1.864,0.0,1.812
05-07-2026-Thu 13-36-11-PM,-0.2,1.9,0.1,1.78,-0.3,1.904,-0.4,1.844,-0.2,1.94,-0.1,1.972,-0.3,1.852,-0.3,1.792
05-07-2026-Thu 13-36-12-PM,-0.4,1.888,0.0,1.768,-0.3,1.892,-0.3,1.832,-0.1,1.928,-0.1,1.956,0.1,1.844,-0.4,1.78
05-07-2026-Thu 13-36-14-PM,-0.2,1.88,0.1,1.756,-0.1,1.88,-0.2,1.828,-0.1,1.912,-0.1,1.94,-0.2,1.832,-0.1,1.772
05-07-2026-Thu 13-36-15-PM,-0.2,1.868,-0.1,1.744,-0.1,1.864,-0.2,1.816,-0.1,1.904,0.0,1.928,-0.1,1.82,-0.1,1.756
05-07-2026-Thu 13-36-16-PM,-0.4,1.856,-0.2,1.74,0.0,1.856,-0.1,1.808,0.0,1.892,-0.2,1.916,-0.1,1.816,0.0,1.748
05-07-2026-Thu 13-36-18-PM,-0.3,1.848,-0.4,1.732,0.0,1.848,-0.4,1.804,-0.2,1.884,-0.2,1.904,-0.2,1.812,0.1,1.74
05-07-2026-Thu 13-36-19-PM,-0.2,1.84,0.0,1.724,-0.5,1.836,-0.3,1.792,-0.1,1.876,0.0,1.896,-0.1,1.8,0.0,1.728
05-07-2026-Thu 13-36-21-PM,-0.2,1.832,-0.3,1.712,-0.2,1.824,-0.3,1.788,0.1,1.868,-0.1,1.884,0.1,1.796,-0.1,1.716
05-07-2026-Thu 13-36-22-PM,-0.4,1.82,-0.4,1.708,-0.3,1.82,0.1,1.784,0.0,1.86,-0.3,1.872,0.0,1.788,-0.1,1.712
05-07-2026-Thu 13-36-23-PM,0.0,1.816,-0.3,1.7,-0.4,1.812,-0.4,1.78,0.1,1.852,0.1,1.868,0.0,1.784,-0.1,1.7
05-07-2026-Thu 13-36-25-PM,-0.2,1.808,0.1,1.696,-0.2,1.804,-0.1,1.772,-0.1,1.844,0.0,1.856,-0.1,1.776,0.0,1.692
05-07-2026-Thu 13-36-26-PM,0.0,1.8,-0.3,1.688,-0.1,1.792,-0.4,1.764,0.3,1.84,0.0,1.844,0.0,1.768,0.0,1.684
05-07-2026-Thu 13-36-28-PM,-0.2,1.796,-0.1,1.684,0.0,1.784,-0.2,1.76,-0.1,1.832,-0.3,1.836,-0.1,1.768,-0.1,1.676
05-07-2026-Thu 13-36-29-PM,0.0,1.788,-0.2,1.68,0.0,1.776,-0.4,1.76,-0.1,1.824,0.0,1.832,-0.3,1.764,-0.1,1.672
05-07-2026-Thu 13-36-31-PM,-0.3,1.78,-0.2,1.668,-0.1,1.772,-0.2,1.752,-0.1,1.82,-0.4,1.824,-0.2,1.76,-0.1,1.664
05-07-2026-Thu 13-36-32-PM,-0.1,1.776,-0.1,1.664,-0.2,1.764,-0.3,1.752,-0.1,1.82,-0.5,1.816,-0.2,1.752,0.1,1.656
05-07-2026-Thu 13-36-33-PM,0.0,1.768,-0.1,1.66,-0.3,1.756,-0.2,1.744,-0.1,1.812,0.0,1.808,-0.3,1.744,-0.1,1.652
05-07-2026-Thu 13-36-35-PM,-0.3,1.764,-0.3,1.652,-0.1,1.756,-0.1,1.74,0.0,1.808,-0.2,1.8,0.0,1.744,0.1,1.644
05-07-2026-Thu 13-36-36-PM,-0.4,1.76,0.0,1.648,-0.1,1.748,-0.4,1.74,-0.3,1.808,0.0,1.796,-0.1,1.74,0.1,1.64
05-07-2026-Thu 13-36-38-PM,-0.5,1.756,0.0,1.648,-0.1,1.744,-0.2,1.732,0.0,1.796,0.0,1.788,0.1,1.736,-0.2,1.636
05-07-2026-Thu 13-36-39-PM,-0.1,1.748,0.0,1.64,-0.2,1.736,-0.2,1.728,-0.4,1.796,-0.1,1.78,-0.2,1.732,-0.1,1.628
05-07-2026-Thu 13-36-40-PM,-0.4,1.744,-0.4,1.64,-0.4,1.732,-0.4,1.728,-0.2,1.788,-0.2,1.776,0.0,1.728,-0.1,1.624
05-07-2026-Thu 13-36-42-PM,-0.4,1.744,-0.1,1.632,0.0,1.728,-0.4,1.724,-0.3,1.788,0.1,1.772,-0.1,1.724,0.1,1.62
05-07-2026-Thu 13-36-43-PM,Power On
05-07-2026-Thu 13-36-44-PM,25.6,4.992,25.8,4.988,29.1,4.98,16.1,5.012,28.4,4.972,28.6,4.996,30.6,4.96,33.1,4.956
05-07-2026-Thu 13-36-46-PM,24.6,4.996,25.2,4.988,28.1,4.984,16.2,5.016,27.5,4.976,28.1,5.0,29.3,4.964,31.8,4.964
05-07-2026-Thu 13-36-47-PM,24.5,4.996,24.5,4.992,27.7,4.988,15.8,5.012,26.7,4.976,27.4,5.0,29.1,4.964,31.3,4.964
05-07-2026-Thu 13-36-49-PM,24.3,4.996,24.2,4.992,27.7,4.988,15.4,5.016,26.3,4.98,27.3,5.004,28.9,4.968,31.0,4.964
05-07-2026-Thu 13-36-50-PM,24.4,4.996,23.9,4.992,27.7,4.988,15.7,5.012,26.3,4.976,27.1,5.004,29.2,4.968,30.6,4.964
05-07-2026-Thu 13-36-52-PM,24.1,4.996,24.0,4.992,27.6,4.988,16.3,5.016,26.0,4.976,26.9,5.0,28.9,4.968,30.9,4.968
05-07-2026-Thu 13-36-53-PM,Power Off
05-07-2026-Thu 13-36-54-PM,-0.4,2.332,-0.2,2.252,0.1,2.32,-0.3,2.272,-0.2,2.464,-0.1,2.488,-0.3,2.32,-0.1,2.284
05-07-2026-Thu 13-36-56-PM,-0.3,2.236,-0.2,2.132,-0.1,2.236,-0.1,2.152,-0.1,2.344,-0.2,2.376,-0.2,2.204,-0.4,2.188
05-07-2026-Thu 13-36-57-PM,-0.1,2.176,-0.1,2.068,-0.5,2.188,-0.4,2.096,-0.1,2.276,-0.2,2.312,-0.1,2.14,-0.1,2.132
05-07-2026-Thu 13-36-59-PM,0.0,2.128,-0.2,2.02,-0.3,2.148,-0.3,2.056,0.0,2.224,-0.2,2.256,-0.1,2.092,-0.3,2.084
05-07-2026-Thu 13-37-00-PM,-0.1,2.1,-0.5,1.984,-0.2,2.112,-0.4,2.024,-0.1,2.18,0.0,2.216,-0.2,2.056,0.1,2.048
05-07-2026-Thu 13-37-01-PM,-0.2,2.072,0.1,1.956,-0.2,2.088,-0.2,1.996,0.2,2.144,-0.2,2.18,-0.2,2.02,-0.2,2.012
05-07-2026-Thu 13-37-03-PM,-0.3,2.048,-0.1,1.932,-0.2,2.064,-0.2,1.976,0.0,2.108,0.0,2.148,-0.3,1.996,-0.3,1.988
05-07-2026-Thu 13-37-04-PM,-0.3,2.024,-0.1,1.908,0.0,2.036,-0.3,1.956,-0.2,2.08,0.0,2.12,-0.1,1.968,-0.2,1.96
05-07-2026-Thu 13-37-06-PM,-0.2,2.008,-0.3,1.888,-0.1,2.016,-0.2,1.94,-0.1,2.056,0.0,2.088,-0.1,1.952,0.1,1.932
05-07-2026-Thu 13-37-07-PM,0.0,1.992,-0.1,1.872,0.0,1.996,-0.3,1.924,0.0,2.036,0.0,2.068,-0.2,1.932,-0.2,1.908
05-07-2026-Thu 13-37-10-PM,-0.2,1.96,-0.2,1.84,-0.1,1.96,-0.5,1.9,-0.1,1.996,-0.1,2.024,0.2,1.904,-0.2,1.872
05-07-2026-Thu 13-37-13-PM,0.0,1.932,-0.2,1.82,0.0,1.932,-0.2,1.876,-0.1,1.964,-0.2,1.988,0.0,1.876,-0.4,1.84
05-07-2026-Thu 13-37-15-PM,0.1,1.912,-0.4,1.8,-0.3,1.908,-0.3,1.86,-0.1,1.94,0.0,1.96,0.1,1.86,0.1,1.808
05-07-2026-Thu 13-37-18-PM,-0.1,1.892,-0.2,1.78,-0.3,1.884,0.0,1.84,-0.2,1.92,-0.1,1.936,-0.2,1.844,-0.1,1.788
05-07-2026-Thu 13-37-20-PM,-0.1,1.876,-0.2,1.768,-0.2,1.872,-0.1,1.828,0.0,1.904,-0.1,1.916,-0.4,1.832,-0.2,1.776
05-07-2026-Thu 13-37-21-PM,-0.4,1.872,-0.1,1.756,-0.3,1.864,-0.3,1.824,-0.1,1.896,0.1,1.908,-0.3,1.828,-0.1,1.764
05-07-2026-Thu 13-37-23-PM,-0.3,1.86,-0.1,1.752,-0.3,1.852,-0.3,1.816,-0.2,1.884,-0.2,1.896,-0.4,1.82,0.0,1.756
05-07-2026-Thu 13-37-24-PM,-0.3,1.856,-0.2,1.744,-0.1,1.844,-0.2,1.812,0.0,1.88,-0.3,1.888,0.1,1.812,-0.2,1.744
05-07-2026-Thu 13-37-26-PM,-0.2,1.844,-0.1,1.736,-0.3,1.836,-0.1,1.808,0.0,1.868,0.0,1.872,0.0,1.804,-0.1,1.736
05-07-2026-Thu 13-37-27-PM,0.0,1.836,-0.3,1.728,-0.1,1.828,-0.3,1.8,-0.2,1.864,-0.2,1.868,-0.3,1.8,-0.1,1.728
05-07-2026-Thu 13-37-28-PM,0.0,1.828,-0.2,1.724,-0.3,1.82,-0.3,1.8,0.0,1.856,-0.1,1.86,-0.1,1.796,-0.5,1.716
05-07-2026-Thu 13-37-30-PM,-0.3,1.824,0.0,1.716,-0.1,1.812,-0.3,1.788,-0.1,1.852,-0.1,1.848,-0.2,1.788,-0.2,1.716
05-07-2026-Thu 13-37-31-PM,-0.2,1.812,-0.2,1.712,-0.5,1.804,-0.1,1.784,-0.3,1.848,-0.2,1.84,-0.1,1.784,-0.3,1.704
05-07-2026-Thu 13-37-32-PM,-0.2,1.812,-0.2,1.704,-0.2,1.8,-0.3,1.78,0.0,1.84,0.1,1.836,-0.3,1.78,-0.2,1.696
05-07-2026-Thu 13-37-34-PM,Power On
05-07-2026-Thu 13-37-35-PM,24.5,4.996,24.5,4.992,28.2,4.984,17.2,5.012,27.1,4.972,27.8,5.0,29.9,4.964,31.8,4.964
05-07-2026-Thu 13-37-37-PM,23.9,4.992,23.9,4.992,27.0,4.984,17.0,5.012,26.0,4.976,26.8,5.004,28.6,4.964,30.7,4.964
05-07-2026-Thu 13-37-38-PM,23.5,4.992,23.3,4.992,26.8,4.984,16.7,5.012,25.8,4.976,26.6,5.0,28.5,4.964,30.0,4.964
05-07-2026-Thu 13-37-39-PM,23.6,4.996,23.0,4.992,26.6,4.984,17.1,5.012,25.2,4.976,26.3,5.0,28.1,4.964,29.9,4.964
05-07-2026-Thu 13-37-41-PM,Power Off
05-07-2026-Thu 13-37-42-PM,-0.2,2.348,0.0,2.252,-0.3,2.328,-0.5,2.284,0.0,2.472,-0.3,2.492,-0.1,2.328,0.3,2.288
05-07-2026-Thu 13-37-44-PM,-0.3,2.236,-0.1,2.132,-0.1,2.236,-0.2,2.164,-0.3,2.356,-0.1,2.384,-0.1,2.216,-0.1,2.196
05-07-2026-Thu 13-37-46-PM,-0.4,2.132,-0.1,2.016,-0.2,2.148,-0.4,2.06,0.2,2.228,0.1,2.26,-0.1,2.092,-0.2,2.088
05-07-2026-Thu 13-37-49-PM,-0.3,2.072,-0.1,1.952,-0.4,2.08,-0.4,2.0,-0.2,2.148,-0.1,2.18,0.0,2.02,-0.2,2.02
05-07-2026-Thu 13-37-51-PM,-0.2,2.036,0.0,1.916,-0.3,2.044,-0.1,1.968,0.1,2.1,-0.2,2.132,-0.3,1.984,-0.1,1.972
05-07-2026-Thu 13-37-53-PM,-0.4,2.012,-0.2,1.892,-0.1,2.012,-0.3,1.948,-0.1,2.068,-0.2,2.092,-0.1,1.956,-0.3,1.936
05-07-2026-Thu 13-37-54-PM,0.0,1.992,-0.2,1.872,-0.5,1.996,-0.1,1.932,0.0,2.044,-0.4,2.068,-0.3,1.94,-0.1,1.916
05-07-2026-Thu 13-37-56-PM,-0.2,1.976,-0.1,1.856,-0.1,1.98,-0.1,1.916,0.0,2.02,-0.2,2.048,-0.3,1.92,-0.4,1.892
05-07-2026-Thu 13-37-57-PM,-0.2,1.96,-0.1,1.844,-0.1,1.96,-0.3,1.904,-0.1,2.0,-0.1,2.024,-0.1,1.908,0.1,1.876
05-07-2026-Thu 13-37-58-PM,0.1,1.944,-0.1,1.832,-0.2,1.948,-0.2,1.892,-0.1,1.984,-0.2,2.008,0.0,1.896,-0.1,1.86
05-07-2026-Thu 13-38-00-PM,-0.4,1.932,-0.2,1.82,-0.2,1.928,-0.3,1.876,-0.1,1.964,0.0,1.98,-0.1,1.88,0.0,1.836
05-07-2026-Thu 13-38-02-PM,-0.2,1.92,-0.4,1.808,0.0,1.916,-0.2,1.868,0.0,1.952,-0.3,1.968,-0.1,1.868,-0.2,1.824
05-07-2026-Thu 13-38-03-PM,0.0,1.912,-0.4,1.792,0.1,1.904,-0.2,1.856,-0.1,1.94,-0.1,1.956,-0.3,1.86,-0.1,1.812
05-07-2026-Thu 13-38-04-PM,-0.2,1.9,-0.1,1.784,-0.4,1.892,-0.2,1.852,-0.1,1.932,-0.1,1.94,0.0,1.852,0.1,1.8
05-07-2026-Thu 13-38-06-PM,-0.1,1.888,-0.2,1.776,-0.3,1.884,-0.3,1.844,-0.1,1.916,-0.2,1.924,-0.5,1.844,0.2,1.788
05-07-2026-Thu 13-38-08-PM,-0.3,1.876,-0.6,1.768,-0.3,1.868,-0.2,1.832,-0.1,1.904,-0.1,1.908,-0.1,1.836,-0.2,1.776
05-07-2026-Thu 13-38-09-PM,-0.2,1.868,0.0,1.76,-0.2,1.86,-0.4,1.824,-0.2,1.896,0.1,1.9,0.1,1.824,-0.1,1.76
05-07-2026-Thu 13-38-11-PM,-0.1,1.856,-0.2,1.748,-0.3,1.848,-0.1,1.82,-0.3,1.884,-0.1,1.888,-0.2,1.82,0.3,1.752
05-07-2026-Thu 13-38-12-PM,-0.2,1.852,-0.1,1.744,-0.1,1.84,-0.1,1.812,-0.1,1.88,-0.4,1.876,-0.2,1.812,-0.1,1.744
05-07-2026-Thu 13-38-14-PM,-0.2,1.84,-0.2,1.736,-0.1,1.832,-0.3,1.804,-0.1,1.872,0.1,1.868,-0.2,1.808,-0.1,1.736
05-07-2026-Thu 13-38-15-PM,-0.1,1.836,-0.2,1.728,-0.3,1.824,-0.3,1.8,-0.1,1.864,-0.1,1.86,0.0,1.8,0.0,1.728
05-07-2026-Thu 13-38-16-PM,0.0,1.828,0.0,1.728,-0.3,1.816,-0.3,1.796,0.1,1.86,-0.1,1.852,-0.3,1.796,-0.2,1.72
05-07-2026-Thu 13-38-18-PM,0.3,1.824,-0.1,1.72,-0.2,1.812,-0.2,1.792,0.0,1.852,-0.1,1.844,-0.3,1.796,0.0,1.712
05-07-2026-Thu 13-38-19-PM,-0.3,1.816,-0.1,1.712,-0.3,1.804,-0.2,1.788,-0.3,1.848,-0.2,1.84,0.0,1.788,-0.2,1.708
05-07-2026-Thu 13-38-21-PM,-0.3,1.808,-0.1,1.708,-0.1,1.796,-0.4,1.78,-0.1,1.84,0.0,1.824,-0.1,1.78,-0.3,1.7
05-07-2026-Thu 13-38-22-PM,-0.1,1.804,-0.1,1.704,0.0,1.788,-0.3,1.776,0.1,1.836,0.0,1.82,-0.2,1.78,-0.2,1.696
05-07-2026-Thu 13-38-24-PM,-0.3,1.796,-0.2,1.696,-0.1,1.784,-0.2,1.772,0.0,1.832,0.0,1.82,0.1,1.772,0.0,1.688
05-07-2026-Thu 13-38-25-PM,-0.1,1.792,-0.3,1.692,-0.3,1.78,-0.3,1.768,-0.3,1.824,-0.1,1.812,-0.3,1.772,-0.4,1.684
05-07-2026-Thu 13-38-26-PM,-0.1,1.788,-0.1,1.688,-0.3,1.772,-0.5,1.764,-0.3,1.82,-0.2,1.804,0.0,1.764,-0.2,1.676
05-07-2026-Thu 13-38-28-PM,-0.1,1.784,-0.3,1.68,-0.5,1.768,-0.2,1.76,0.0,1.816,-0.1,1.796,-0.3,1.764,-0.2,1.672
05-07-2026-Thu 13-38-29-PM,0.0,1.78,-0.3,1.68,-0.2,1.764,0.0,1.756,-0.2,1.812,-0.1,1.792,-0.2,1.76,-0.1,1.668
05-07-2026-Thu 13-38-30-PM,-0.2,1.772,-0.2,1.676,-0.1,1.756,-0.4,1.756,0.0,1.808,0.1,1.784,-0.1,1.752,0.1,1.664
05-07-2026-Thu 13-38-32-PM,0.0,1.768,0.1,1.672,-0.2,1.752,-0.1,1.752,-0.3,1.804,-0.3,1.78,-0.1,1.752,-0.3,1.66
05-07-2026-Thu 13-38-33-PM,-0.2,1.764,-0.2,1.672,-0.1,1.748,-0.3,1.748,-0.2,1.804,-0.1,1.776,-0.4,1.748,-0.1,1.652
05-07-2026-Thu 13-38-35-PM,0.0,1.764,0.1,1.664,0.1,1.744,-0.2,1.744,0.0,1.796,-0.2,1.772,-0.1,1.744,-0.1,1.648
05-07-2026-Thu 13-38-36-PM,-0.1,1.752,0.1,1.66,-0.3,1.74,0.0,1.74,-0.1,1.796,0.0,1.76,0.1,1.74,0.1,1.64
05-07-2026-Thu 13-38-37-PM,-0.2,1.752,-0.1,1.656,-0.3,1.732,-0.2,1.74,0.1,1.788,0.0,1.756,0.1,1.74,-0.3,1.64
05-07-2026-Thu 13-38-39-PM,0.2,1.748,-0.2,1.656,-0.4,1.732,-0.3,1.74,0.1,1.788,0.0,1.756,-0.1,1.736,-0.1,1.636
05-07-2026-Thu 13-38-40-PM,-0.2,1.744,-0.1,1.652,-0.2,1.728,-0.3,1.736,0.0,1.784,0.1,1.748,0.0,1.736,-0.1,1.632
05-07-2026-Thu 13-38-42-PM,-0.2,1.74,-0.1,1.648,-0.2,1.72,-0.2,1.732,-0.2,1.78,-0.1,1.744,-0.1,1.732,0.0,1.624
05-07-2026-Thu 13-38-43-PM,0.0,1.736,-0.3,1.644,-0.4,1.716,-0.4,1.728,-0.1,1.776,-0.1,1.74,-0.3,1.724,-0.2,1.624
05-07-2026-Thu 13-38-45-PM,0.0,1.732,0.1,1.64,-0.3,1.712,-0.3,1.724,0.2,1.776,-0.1,1.732,-0.1,1.724,-0.1,1.616
05-07-2026-Thu 13-38-46-PM,-0.3,1.728,-0.1,1.636,-0.2,1.712,-0.4,1.724,-0.1,1.772,0.0,1.728,-0.1,1.724,-0.2,1.616
05-07-2026-Thu 13-38-48-PM,-0.2,1.724,-0.2,1.636,-0.1,1.704,-0.4,1.72,0.1,1.772,-0.2,1.724,-0.1,1.72,0.1,1.608
05-07-2026-Thu 13-38-49-PM,-0.3,1.72,-0.3,1.632,-0.2,1.704,-0.4,1.716,0.0,1.764,-0.1,1.72,-0.2,1.716,-0.2,1.608
05-07-2026-Thu 13-38-50-PM,0.1,1.72,-0.2,1.628,-0.2,1.7,-0.3,1.716,-0.1,1.764,-0.1,1.716,0.0,1.716,-0.2,1.604
05-07-2026-Thu 13-38-52-PM,-0.3,1.712,0.1,1.628,-0.2,1.696,-0.4,1.712,-0.1,1.756,-0.4,1.712,0.1,1.712,-0.1,1.6
05-07-2026-Thu 13-38-53-PM,-0.3,1.712,-0.2,1.624,-0.3,1.696,-0.2,1.712,0.1,1.756,0.0,1.712,-0.4,1.708,0.2,1.596
05-07-2026-Thu 13-38-55-PM,-0.2,1.708,0.1,1.62,0.0,1.696,-0.3,1.712,-0.1,1.756,-0.1,1.708,0.0,1.704,0.0,1.596
05-07-2026-Thu 13-38-56-PM,-0.2,1.704,-0.2,1.616,-0.1,1.692,-0.4,1.708,-0.2,1.752,-0.2,1.7,-0.1,1.704,-0.2,1.588
05-07-2026-Thu 13-38-58-PM,-0.3,1.696,-0.1,1.616,-0.1,1.684,-0.1,1.704,-0.4,1.748,0.1,1.696,-0.3,1.704,-0.1,1.584
05-07-2026-Thu 13-38-59-PM,0.1,1.696,-0.1,1.612,-0.1,1.68,-0.4,1.704,-0.4,1.748,-0.2,1.692,-0.1,1.7,-0.3,1.584
05-07-2026-Thu 13-39-01-PM,-0.1,1.696,-0.1,1.612,-0.2,1.676,-0.4,1.7,0.0,1.744,0.0,1.688,-0.3,1.696,-0.1,1.58
05-07-2026-Thu 13-39-02-PM,-0.1,1.692,-0.1,1.608,-0.2,1.676,-0.2,1.696,-0.1,1.74,-0.2,1.688,-0.1,1.696,-0.3,1.576
05-07-2026-Thu 13-39-04-PM,-0.2,1.692,-0.1,1.604,-0.2,1.676,-0.5,1.696,-0.2,1.744,-0.1,1.684,-0.1,1.696,-0.1,1.576
05-07-2026-Thu 13-39-05-PM,-0.1,1.684,-0.2,1.6,-0.4,1.668,-0.2,1.692,-0.4,1.736,-0.2,1.68,-0.4,1.692,-0.1,1.572
05-07-2026-Thu 13-39-07-PM,-0.2,1.684,0.1,1.6,-0.1,1.664,-0.4,1.692,0.0,1.732,0.0,1.676,-0.3,1.692,-0.2,1.568
05-07-2026-Thu 13-39-08-PM,-0.4,1.68,-0.3,1.6,-0.1,1.668,-0.2,1.688,-0.3,1.732,-0.2,1.672,-0.1,1.688,0.0,1.564
05-07-2026-Thu 13-39-10-PM,-0.3,1.676,-0.2,1.596,-0.4,1.664,-0.4,1.688,-0.2,1.728,-0.2,1.664,-0.3,1.684,-0.1,1.56
05-07-2026-Thu 13-39-11-PM,-0.2,1.676,-0.1,1.592,-0.4,1.66,-0.2,1.684,0.0,1.728,-0.2,1.664,-0.1,1.684,0.0,1.56
05-07-2026-Thu 13-39-12-PM,-0.1,1.672,-0.1,1.592,-0.1,1.66,-0.1,1.684,-0.1,1.728,0.0,1.66,-0.1,1.684,-0.2,1.556
05-07-2026-Thu 13-39-14-PM,-0.3,1.668,-0.1,1.592,-0.3,1.656,-0.3,1.68,0.1,1.728,-0.3,1.66,-0.3,1.684,-0.2,1.552
05-07-2026-Thu 13-39-15-PM,-0.1,1.664,0.0,1.588,0.1,1.656,-0.2,1.68,0.1,1.724,-0.1,1.652,-0.4,1.68,0.1,1.552
05-07-2026-Thu 13-39-17-PM,-0.2,1.664,-0.1,1.584,-0.1,1.648,-0.4,1.676,-0.1,1.72,-0.1,1.652,0.1,1.68,-0.2,1.548
05-07-2026-Thu 13-39-18-PM,-0.4,1.664,-0.2,1.584,-0.3,1.652,-0.2,1.68,-0.1,1.72,0.2,1.652,-0.2,1.676,0.0,1.548
05-07-2026-Thu 13-39-19-PM,-0.2,1.66,0.0,1.584,-0.4,1.648,-0.4,1.676,-0.1,1.716,0.0,1.644,-0.3,1.676,-0.2,1.544
05-07-2026-Thu 13-39-21-PM,-0.1,1.656,0.0,1.58,-0.3,1.648,-0.1,1.672,0.0,1.716,-0.1,1.644,-0.1,1.672,-0.1,1.54
05-07-2026-Thu 13-39-22-PM,0.1,1.66,-0.1,1.58,-0.1,1.644,0.0,1.672,-0.2,1.712,-0.1,1.644,0.0,1.668,-0.1,1.54
05-07-2026-Thu 13-39-24-PM,-0.3,1.656,-0.2,1.576,-0.1,1.644,-0.2,1.672,-0.2,1.712,-0.2,1.64,0.0,1.672,-0.2,1.536
05-07-2026-Thu 13-39-25-PM,-0.2,1.648,-0.2,1.576,0.0,1.64,-0.1,1.668,0.0,1.712,-0.3,1.64,-0.1,1.668,0.0,1.536
05-07-2026-Thu 13-39-26-PM,-0.2,1.648,-0.2,1.572,-0.2,1.64,-0.1,1.668,-0.1,1.708,-0.3,1.632,0.0,1.668,0.0,1.532
05-07-2026-Thu 13-39-28-PM,-0.2,1.648,-0.1,1.568,-0.3,1.636,-0.2,1.668,-0.2,1.708,-0.1,1.632,0.1,1.664,-0.1,1.528
05-07-2026-Thu 13-39-29-PM,0.1,1.644,0.1,1.568,-0.2,1.636,-0.3,1.664,-0.1,1.704,0.0,1.628,-0.3,1.664,-0.1,1.528
05-07-2026-Thu 13-39-31-PM,-0.4,1.644,0.0,1.564,0.0,1.636,-0.2,1.664,-0.1,1.704,0.1,1.628,-0.2,1.664,-0.2,1.528
05-07-2026-Thu 13-39-32-PM,-0.3,1.64,0.1,1.564,-0.1,1.632,-0.1,1.66,-0.3,1.7,0.1,1.624,-0.3,1.66,0.1,1.528
05-07-2026-Thu 13-39-34-PM,-0.1,1.64,-0.1,1.56,0.0,1.632,-0.5,1.66,0.0,1.7,-0.1,1.624,-0.1,1.66,-0.2,1.52
05-07-2026-Thu 13-39-35-PM,-0.5,1.636,-0.2,1.56,-0.1,1.628,-0.4,1.656,-0.1,1.696,-0.1,1.616,-0.1,1.656,-0.1,1.52
05-07-2026-Thu 13-39-36-PM,-0.3,1.632,-0.2,1.56,-0.4,1.628,-0.2,1.656,-0.1,1.696,-0.1,1.616,-0.3,1.656,-0.2,1.52
05-07-2026-Thu 13-39-38-PM,-0.2,1.636,-0.1,1.556,-0.1,1.624,-0.4,1.656,-0.1,1.696,0.0,1.616,0.0,1.66,-0.4,1.516
05-07-2026-Thu 13-39-39-PM,-0.1,1.632,-0.2,1.556,-0.3,1.62,-0.4,1.652,-0.1,1.692,0.0,1.612,-0.2,1.652,-0.2,1.512
05-07-2026-Thu 13-39-41-PM,-0.1,1.628,0.1,1.556,-0.1,1.624,-0.3,1.652,-0.3,1.688,-0.3,1.608,-0.2,1.652,-0.1,1.516
05-07-2026-Thu 13-39-42-PM,-0.4,1.628,0.1,1.552,-0.1,1.62,-0.2,1.652,0.0,1.692,-0.1,1.604,0.0,1.652,0.0,1.508
05-07-2026-Thu 13-39-44-PM,-0.4,1.624,-0.4,1.548,-0.2,1.62,-0.2,1.648,0.0,1.688,-0.1,1.604,-0.3,1.652,-0.1,1.508
05-07-2026-Thu 13-39-45-PM,-0.4,1.624,-0.1,1.552,-0.2,1.616,-0.4,1.644,-0.2,1.684,-0.1,1.604,0.0,1.648,-0.2,1.504
05-07-2026-Thu 13-39-47-PM,0.0,1.624,-0.5,1.548,-0.2,1.612,-0.4,1.644,0.0,1.684,0.0,1.6,-0.1,1.644,-0.4,1.504
05-07-2026-Thu 13-39-48-PM,-0.4,1.616,-0.3,1.544,0.1,1.612,0.0,1.644,-0.1,1.68,-0.1,1.596,-0.3,1.644,0.1,1.504
05-07-2026-Thu 13-39-49-PM,0.1,1.616,-0.2,1.544,-0.3,1.612,-0.5,1.648,0.0,1.68,-0.1,1.596,-0.1,1.648,-0.1,1.5
05-07-2026-Thu 13-39-51-PM,0.0,1.616,0.1,1.544,-0.2,1.612,-0.2,1.644,0.0,1.68,-0.4,1.596,0.0,1.644,-0.1,1.496
05-07-2026-Thu 13-39-52-PM,-0.2,1.612,-0.2,1.544,-0.1,1.608,-0.1,1.64,0.1,1.68,0.1,1.592,-0.3,1.644,-0.3,1.5
05-07-2026-Thu 13-39-54-PM,-0.4,1.616,-0.4,1.544,-0.2,1.608,-0.3,1.64,-0.1,1.676,-0.2,1.592,0.0,1.64,0.0,1.496
05-07-2026-Thu 13-39-55-PM,-0.2,1.608,-0.2,1.54,-0.2,1.604,-0.3,1.636,0.0,1.676,-0.3,1.588,0.0,1.64,0.0,1.492
05-07-2026-Thu 13-39-57-PM,-0.1,1.612,0.0,1.536,-0.1,1.604,-0.1,1.636,0.0,1.672,-0.1,1.584,-0.2,1.636,0.1,1.496
05-07-2026-Thu 13-39-58-PM,-0.3,1.612,0.0,1.536,-0.2,1.604,-0.2,1.636,0.0,1.672,-0.2,1.584,-0.3,1.636,-0.2,1.488
05-07-2026-Thu 13-39-59-PM,-0.2,1.604,-0.2,1.536,-0.1,1.6,-0.1,1.636,-0.2,1.676,-0.1,1.58,-0.3,1.64,-0.2,1.488
05-07-2026-Thu 13-40-01-PM,-0.2,1.604,-0.2,1.532,-0.1,1.6,-0.1,1.632,0.1,1.668,0.0,1.584,-0.1,1.636,0.1,1.488
05-07-2026-Thu 13-40-02-PM,-0.3,1.604,0.0,1.532,-0.1,1.6,0.0,1.632,-0.2,1.672,-0.2,1.576,-0.2,1.636,0.0,1.484
05-07-2026-Thu 13-40-04-PM,-0.2,1.604,-0.2,1.528,0.1,1.6,-0.2,1.628,-0.3,1.668,-0.1,1.58,0.1,1.636,0.1,1.48
05-07-2026-Thu 13-40-05-PM,-0.3,1.6,0.0,1.528,-0.1,1.6,0.0,1.632,-0.2,1.668,0.1,1.572,-0.1,1.632,-0.1,1.484
05-07-2026-Thu 13-40-07-PM,0.0,1.596,0.0,1.528,-0.1,1.596,-0.3,1.628,0.0,1.664,-0.2,1.568,-0.3,1.632,-0.1,1.48
05-07-2026-Thu 13-40-08-PM,-0.1,1.6,-0.2,1.524,0.1,1.592,-0.1,1.628,0.0,1.66,0.1,1.572,-0.1,1.628,0.1,1.48
05-07-2026-Thu 13-40-09-PM,-0.2,1.596,0.0,1.524,-0.2,1.592,-0.3,1.628,0.0,1.66,-0.1,1.568,-0.1,1.628,0.0,1.48
05-07-2026-Thu 13-40-11-PM,-0.2,1.592,-0.1,1.52,-0.1,1.592,0.0,1.624,-0.2,1.66,0.0,1.568,-0.1,1.628,-0.1,1.476
05-07-2026-Thu 13-40-12-PM,-0.3,1.596,-0.3,1.524,-0.3,1.588,-0.2,1.624,0.0,1.656,-0.2,1.564,-0.4,1.628,-0.1,1.472
05-07-2026-Thu 13-40-14-PM,-0.1,1.592,-0.1,1.52,0.0,1.592,-0.2,1.624,-0.2,1.66,0.1,1.564,-0.1,1.624,-0.1,1.476
05-07-2026-Thu 13-40-15-PM,-0.1,1.588,-0.1,1.52,-0.1,1.584,-0.2,1.624,-0.2,1.656,-0.1,1.564,-0.1,1.624,-0.3,1.472
05-07-2026-Thu 13-40-16-PM,-0.1,1.588,-0.3,1.516,-0.1,1.588,-0.1,1.62,0.0,1.656,0.0,1.56,0.0,1.624,-0.2,1.468
05-07-2026-Thu 13-40-18-PM,-0.2,1.588,-0.3,1.52,-0.1,1.588,-0.2,1.62,0.1,1.652,0.0,1.56,0.0,1.624,-0.2,1.468
05-07-2026-Thu 13-40-19-PM,-0.2,1.584,0.0,1.516,-0.2,1.584,-0.3,1.62,0.1,1.652,-0.2,1.56,0.0,1.62,-0.2,1.468
05-07-2026-Thu 13-40-21-PM,-0.2,1.584,-0.1,1.512,-0.2,1.584,-0.2,1.616,0.0,1.652,0.0,1.556,-0.2,1.624,-0.2,1.464
05-07-2026-Thu 13-40-22-PM,0.0,1.584,-0.3,1.512,0.0,1.584,-0.2,1.62,0.0,1.648,-0.2,1.556,-0.2,1.62,-0.1,1.464
05-07-2026-Thu 13-40-23-PM,0.0,1.58,-0.2,1.512,-0.2,1.58,-0.3,1.616,-0.2,1.652,-0.1,1.552,-0.3,1.62,-0.2,1.464
05-07-2026-Thu 13-40-25-PM,-0.2,1.58,0.0,1.512,-0.3,1.58,0.1,1.612,-0.4,1.648,-0.2,1.552,0.0,1.62,-0.2,1.464
05-07-2026-Thu 13-40-26-PM,-0.4,1.58,0.0,1.512,-0.3,1.576,0.0,1.616,0.1,1.644,-0.1,1.548,0.0,1.616,-0.3,1.46
05-07-2026-Thu 13-40-27-PM,-0.1,1.58,-0.2,1.508,-0.2,1.576,-0.1,1.612,-0.2,1.648,-0.2,1.548,-0.1,1.62,-0.1,1.46
05-07-2026-Thu 13-40-29-PM,-0.1,1.576,-0.1,1.504,-0.4,1.576,0.0,1.612,-0.3,1.644,0.0,1.548,-0.3,1.616,-0.2,1.46
05-07-2026-Thu 13-40-30-PM,-0.1,1.576,-0.1,1.504,-0.1,1.576,-0.2,1.612,-0.1,1.644,-0.1,1.544,0.0,1.612,0.0,1.456
05-07-2026-Thu 13-40-32-PM,-0.1,1.576,-0.3,1.504,-0.2,1.576,-0.4,1.612,0.1,1.644,-0.1,1.544,0.0,1.612,-0.1,1.456
05-07-2026-Thu 13-40-33-PM,Power On
05-07-2026-Thu 13-40-34-PM,23.0,4.996,23.2,4.992,26.7,4.988,14.0,5.016,26.0,4.976,26.8,5.004,27.6,4.968,29.5,4.964
05-07-2026-Thu 13-40-36-PM,22.2,4.996,22.2,4.996,26.1,4.992,13.6,5.02,25.1,4.98,25.8,5.004,26.2,4.968,28.9,4.968
05-07-2026-Thu 13-40-39-PM,Power Off
05-07-2026-Thu 13-40-41-PM,-0.1,2.2,-0.2,2.08,-0.1,2.196,-0.3,2.076,-0.1,2.304,-0.2,2.356,0.2,2.176,0.0,2.128
05-07-2026-Thu 13-40-43-PM,-0.4,2.12,-0.1,1.992,-0.3,2.128,-0.1,2.0,-0.1,2.212,-0.1,2.268,-0.3,2.084,-0.3,2.048
05-07-2026-Thu 13-40-45-PM,-0.2,2.076,-0.1,1.948,-0.2,2.092,-0.3,1.964,-0.2,2.164,-0.1,2.22,-0.4,2.04,-0.1,2.004
05-07-2026-Thu 13-40-46-PM,-0.2,2.044,-0.3,1.92,-0.2,2.06,-0.3,1.936,-0.1,2.128,-0.1,2.18,-0.2,2.008,-0.4,1.968
05-07-2026-Thu 13-40-47-PM,-0.5,2.016,-0.1,1.892,0.0,2.032,-0.1,1.916,-0.1,2.092,-0.3,2.148,-0.3,1.98,-0.1,1.936
05-07-2026-Thu 13-40-49-PM,0.0,1.992,-0.1,1.868,-0.2,2.012,-0.2,1.896,0.0,2.064,-0.1,2.116,-0.3,1.956,0.0,1.908
05-07-2026-Thu 13-40-50-PM,0.1,1.972,0.0,1.848,-0.5,1.988,-0.3,1.88,-0.3,2.036,-0.1,2.084,-0.1,1.928,-0.1,1.884
05-07-2026-Thu 13-40-52-PM,-0.3,1.956,0.1,1.832,-0.3,1.968,-0.2,1.864,0.1,2.016,-0.2,2.064,-0.1,1.912,-0.4,1.86
05-07-2026-Thu 13-40-53-PM,0.1,1.94,-0.4,1.82,-0.3,1.952,-0.2,1.852,0.0,1.992,-0.1,2.04,-0.4,1.896,0.0,1.84
05-07-2026-Thu 13-40-54-PM,-0.2,1.92,-0.1,1.804,0.2,1.936,-0.1,1.844,-0.3,1.976,-0.3,2.024,-0.3,1.88,-0.1,1.82
05-07-2026-Thu 13-40-56-PM,-0.4,1.912,-0.1,1.788,-0.1,1.916,-0.2,1.828,0.1,1.956,0.0,2.0,-0.1,1.868,-0.1,1.804
05-07-2026-Thu 13-40-57-PM,-0.2,1.896,-0.3,1.776,-0.1,1.908,-0.1,1.82,0.0,1.94,-0.3,1.988,-0.1,1.852,-0.3,1.788
05-07-2026-Thu 13-40-59-PM,-0.2,1.884,-0.2,1.768,-0.6,1.888,-0.4,1.808,-0.1,1.932,-0.3,1.968,-0.2,1.836,-0.2,1.776
05-07-2026-Thu 13-41-00-PM,-0.4,1.872,-0.2,1.756,-0.4,1.88,-0.2,1.8,0.0,1.916,0.1,1.952,0.0,1.828,0.0,1.76
05-07-2026-Thu 13-41-01-PM,-0.3,1.86,-0.4,1.744,0.0,1.864,-0.2,1.792,-0.2,1.9,-0.1,1.936,-0.1,1.824,-0.1,1.748
05-07-2026-Thu 13-41-03-PM,-0.2,1.852,0.1,1.74,0.0,1.852,-0.3,1.78,-0.2,1.888,-0.3,1.92,-0.2,1.812,0.2,1.74
05-07-2026-Thu 13-41-04-PM,-0.2,1.84,-0.1,1.732,0.0,1.84,-0.2,1.776,0.0,1.884,0.0,1.912,-0.3,1.804,0.0,1.724
05-07-2026-Thu 13-41-06-PM,-0.2,1.832,-0.1,1.716,0.1,1.832,-0.3,1.772,-0.1,1.872,-0.2,1.896,-0.1,1.796,-0.1,1.716
05-07-2026-Thu 13-41-07-PM,-0.4,1.824,-0.4,1.712,-0.4,1.824,0.0,1.764,-0.2,1.86,0.0,1.884,0.1,1.788,0.0,1.708
05-07-2026-Thu 13-41-10-PM,21.1,5.012,22.0,5.008,25.2,5.004,15.0,5.028,24.5,4.996,25.0,5.016,25.3,4.984,27.8,4.984
05-07-2026-Thu 13-41-12-PM,20.5,5.004,20.9,4.996,24.0,4.992,14.1,5.016,23.4,4.984,23.9,5.012,24.6,4.972,26.3,4.976
05-07-2026-Thu 13-41-13-PM,20.6,5.004,20.7,5.0,23.8,4.992,14.1,5.016,23.0,4.984,23.7,5.008,24.4,4.976,26.4,4.972
05-07-2026-Thu 13-41-15-PM,20.4,5.004,20.5,5.0,23.9,5.0,13.3,5.02,22.9,4.988,23.4,5.012,24.2,4.976,26.1,4.976
05-07-2026-Thu 13-41-16-PM,20.3,5.0,20.3,5.004,24.1,4.996,14.1,5.02,22.7,4.988,23.4,5.012,24.1,4.976,25.9,4.98
05-07-2026-Thu 13-41-17-PM,20.1,5.004,20.2,5.0,23.8,4.996,14.1,5.02,22.5,4.988,23.3,5.012,24.1,4.98,25.3,4.976
05-07-2026-Thu 13-41-19-PM,Power Off
05-07-2026-Thu 13-41-20-PM,-0.1,2.336,0.0,2.26,0.0,2.32,-0.2,2.256,-0.1,2.472,-0.1,2.492,-0.3,2.328,-0.1,2.284
05-07-2026-Thu 13-41-22-PM,-0.2,2.252,-0.3,2.16,-0.3,2.248,-0.1,2.164,0.1,2.376,-0.1,2.4,-0.1,2.232,0.1,2.204
05-07-2026-Thu 13-41-23-PM,0.0,2.196,0.0,2.1,-0.2,2.204,-0.2,2.108,-0.4,2.312,0.0,2.332,-0.3,2.176,0.0,2.148
05-07-2026-Thu 13-41-25-PM,-0.1,2.156,-0.3,2.052,-0.1,2.164,-0.2,2.068,-0.3,2.256,-0.1,2.284,-0.2,2.124,0.1,2.108
05-07-2026-Thu 13-41-26-PM,-0.4,2.124,-0.2,2.016,-0.1,2.132,-0.1,2.04,-0.1,2.216,0.0,2.244,-0.1,2.088,-0.4,2.068
05-07-2026-Thu 13-41-27-PM,-0.2,2.092,-0.1,1.988,-0.2,2.108,-0.2,2.016,-0.2,2.18,-0.1,2.208,-0.3,2.06,-0.2,2.04
05-07-2026-Thu 13-41-29-PM,-0.2,2.072,-0.2,1.964,-0.3,2.084,-0.4,1.996,-0.2,2.152,-0.1,2.176,-0.1,2.028,-0.1,2.012
05-07-2026-Thu 13-41-30-PM,-0.1,2.052,-0.4,1.944,-0.5,2.064,-0.1,1.976,-0.1,2.124,-0.5,2.144,0.0,2.008,0.2,1.988
05-07-2026-Thu 13-41-32-PM,-0.6,2.028,-0.3,1.916,-0.4,2.04,-0.3,1.96,-0.1,2.092,0.0,2.116,-0.4,1.98,-0.1,1.96
05-07-2026-Thu 13-41-35-PM,-0.3,1.996,-0.2,1.888,-0.1,2.0,-0.1,1.928,-0.2,2.052,0.0,2.068,0.1,1.948,-0.1,1.92
05-07-2026-Thu 13-41-36-PM,-0.2,1.984,-0.3,1.876,-0.3,1.988,-0.4,1.92,-0.1,2.032,-0.1,2.052,-0.1,1.932,-0.1,1.9
05-07-2026-Thu 13-41-38-PM,-0.2,1.968,-0.1,1.868,-0.1,1.972,-0.2,1.908,0.0,2.02,-0.2,2.032,-0.3,1.92,0.2,1.888
05-07-2026-Thu 13-41-39-PM,-0.3,1.956,0.0,1.852,0.0,1.96,-0.6,1.9,-0.1,2.004,-0.2,2.016,0.1,1.908,0.0,1.868
05-07-2026-Thu 13-41-40-PM,-0.1,1.944,-0.1,1.84,-0.3,1.948,-0.5,1.892,-0.1,1.988,-0.2,1.996,0.1,1.9,-0.1,1.86
05-07-2026-Thu 13-41-42-PM,-0.1,1.936,-0.1,1.832,-0.2,1.936,-0.2,1.88,-0.1,1.972,-0.3,1.984,-0.2,1.892,0.1,1.848
05-07-2026-Thu 13-41-43-PM,-0.1,1.924,-0.3,1.824,-0.1,1.924,-0.4,1.876,-0.2,1.96,-0.2,1.968,0.0,1.88,-0.1,1.832
05-07-2026-Thu 13-41-45-PM,-0.1,1.916,-0.1,1.816,-0.1,1.912,-0.4,1.864,0.0,1.952,-0.1,1.96,-0.3,1.868,-0.2,1.82
05-07-2026-Thu 13-41-46-PM,-0.2,1.904,0.0,1.808,-0.1,1.9,-0.5,1.856,0.0,1.94,0.0,1.944,-0.1,1.864,0.2,1.808
05-07-2026-Thu 13-41-47-PM,-0.1,1.896,-0.2,1.796,-0.5,1.896,-0.1,1.852,0.1,1.932,-0.3,1.932,-0.5,1.852,0.0,1.8
05-07-2026-Thu 13-41-49-PM,-0.4,1.888,-0.2,1.792,-0.3,1.88,-0.2,1.844,0.0,1.924,-0.2,1.92,0.0,1.848,0.1,1.788
05-07-2026-Thu 13-41-50-PM,-0.1,1.88,-0.1,1.78,-0.1,1.876,-0.4,1.836,-0.1,1.912,-0.1,1.912,-0.4,1.84,-0.2,1.776
05-07-2026-Thu 13-41-52-PM,-0.3,1.868,-0.2,1.776,-0.1,1.864,-0.4,1.832,0.1,1.908,-0.1,1.9,-0.2,1.836,-0.2,1.772
05-07-2026-Thu 13-41-53-PM,-0.2,1.864,-0.4,1.768,-0.4,1.856,-0.2,1.824,0.0,1.896,-0.2,1.888,-0.1,1.828,0.0,1.76
05-07-2026-Thu 13-41-54-PM,-0.2,1.856,-0.2,1.76,-0.1,1.848,-0.3,1.816,0.3,1.888,-0.3,1.884,0.0,1.824,-0.3,1.756
05-07-2026-Thu 13-41-56-PM,Power On
05-07-2026-Thu 13-41-57-PM,19.8,5.0,20.7,4.996,23.4,4.992,18.2,5.016,23.1,4.984,24.0,5.004,24.4,4.972,26.0,4.972
05-07-2026-Thu 13-41-58-PM,19.5,5.0,20.0,5.0,22.8,4.992,17.3,5.02,22.0,4.988,23.1,5.012,23.8,4.976,25.1,4.976
05-07-2026-Thu 13-42-00-PM,19.5,5.004,19.7,5.004,22.6,4.996,16.8,5.024,22.0,4.988,22.9,5.012,23.8,4.98,24.5,4.98
05-07-2026-Thu 13-42-01-PM,Power Off
05-07-2026-Thu 13-42-03-PM,-0.3,2.368,-0.1,2.276,-0.2,2.336,-0.3,2.308,-0.4,2.496,-0.2,2.516,-0.2,2.348,0.0,2.304
05-07-2026-Thu 13-42-04-PM,-0.1,2.252,0.0,2.148,-0.2,2.248,-0.1,2.188,-0.2,2.38,-0.1,2.404,0.0,2.236,-0.3,2.208
05-07-2026-Thu 13-42-05-PM,-0.4,2.192,-0.1,2.08,-0.4,2.196,-0.4,2.128,-0.4,2.312,0.0,2.336,-0.4,2.168,0.0,2.152
05-07-2026-Thu 13-42-07-PM,-0.2,2.144,-0.1,2.032,-0.2,2.152,-0.5,2.084,-0.3,2.26,-0.2,2.284,0.0,2.116,0.0,2.104
05-07-2026-Thu 13-42-08-PM,-0.1,2.112,-0.2,2.0,-0.4,2.124,-0.3,2.048,-0.3,2.216,-0.1,2.24,-0.4,2.076,0.1,2.064
05-07-2026-Thu 13-42-10-PM,-0.2,2.08,0.2,1.972,-0.2,2.092,-0.1,2.02,-0.4,2.18,-0.1,2.2,-0.2,2.048,-0.1,2.036
05-07-2026-Thu 13-42-11-PM,-0.2,2.056,-0.3,1.944,-0.3,2.068,-0.2,2.0,0.0,2.148,0.0,2.168,-0.1,2.016,-0.3,2.0
05-07-2026-Thu 13-42-12-PM,-0.3,2.036,0.0,1.924,-0.1,2.044,-0.3,1.98,-0.3,2.12,0.0,2.14,-0.4,1.992,-0.1,1.976
05-07-2026-Thu 13-42-14-PM,-0.5,2.02,-0.3,1.908,0.0,2.024,-0.2,1.964,-0.1,2.092,-0.1,2.108,-0.2,1.972,0.1,1.956
05-07-2026-Thu 13-42-15-PM,-0.2,2.004,0.0,1.892,-0.2,2.004,-0.4,1.948,-0.3,2.072,-0.1,2.088,-0.2,1.956,-0.3,1.932
05-07-2026-Thu 13-42-17-PM,-0.3,1.984,-0.4,1.876,-0.3,1.984,-0.5,1.932,0.0,2.044,-0.5,2.056,-0.1,1.932,-0.3,1.912
05-07-2026-Thu 13-42-20-PM,-0.5,1.956,-0.1,1.848,-0.2,1.952,-0.1,1.908,0.0,2.008,-0.1,2.016,-0.2,1.908,0.0,1.876
05-07-2026-Thu 13-42-23-PM,-0.2,1.936,-0.2,1.832,-0.3,1.928,-0.2,1.888,-0.1,1.98,0.1,1.984,-0.1,1.888,-0.1,1.848
05-07-2026-Thu 13-42-24-PM,0.1,1.924,-0.2,1.812,-0.3,1.916,-0.3,1.88,0.0,1.964,0.0,1.968,-0.2,1.88,0.1,1.836
05-07-2026-Thu 13-42-25-PM,0.0,1.908,-0.1,1.808,0.0,1.908,-0.4,1.872,0.0,1.952,-0.2,1.956,-0.2,1.868,-0.3,1.824
05-07-2026-Thu 13-42-27-PM,-0.1,1.904,-0.3,1.8,-0.1,1.896,-0.4,1.86,-0.1,1.94,-0.3,1.944,-0.2,1.864,-0.1,1.808
05-07-2026-Thu 13-42-28-PM,-0.4,1.896,0.0,1.792,-0.4,1.884,-0.3,1.856,0.0,1.932,-0.4,1.932,-0.4,1.856,-0.3,1.8
05-07-2026-Thu 13-42-30-PM,-0.3,1.888,-0.1,1.784,-0.3,1.876,-0.3,1.848,0.0,1.924,-0.5,1.92,0.0,1.848,0.0,1.792
05-07-2026-Thu 13-42-31-PM,-0.3,1.88,-0.1,1.776,-0.3,1.868,-0.1,1.844,0.0,1.912,0.0,1.912,-0.3,1.84,0.0,1.784
05-07-2026-Thu 13-42-32-PM,-0.3,1.868,-0.2,1.772,-0.1,1.86,-0.3,1.832,0.1,1.908,0.1,1.9,0.0,1.832,0.1,1.776
05-07-2026-Thu 13-42-34-PM,-0.2,1.864,-0.2,1.764,-0.3,1.852,-0.3,1.828,0.0,1.896,-0.2,1.888,-0.1,1.828,-0.1,1.764
05-07-2026-Thu 13-42-35-PM,-0.1,1.856,-0.4,1.76,-0.3,1.848,-0.3,1.824,-0.2,1.888,-0.1,1.88,0.0,1.824,0.0,1.756
05-07-2026-Thu 13-42-37-PM,-0.2,1.848,-0.2,1.748,-0.4,1.84,-0.2,1.82,-0.3,1.884,-0.1,1.872,-0.4,1.82,0.2,1.748
05-07-2026-Thu 13-42-38-PM,-0.4,1.84,0.0,1.748,-0.1,1.832,-0.3,1.812,-0.1,1.876,-0.2,1.864,0.0,1.816,-0.1,1.744
05-07-2026-Thu 13-42-39-PM,-0.1,1.836,0.2,1.74,-0.1,1.824,-0.1,1.808,-0.3,1.872,-0.1,1.86,-0.1,1.808,-0.1,1.736
05-07-2026-Thu 13-42-41-PM,-0.1,1.824,-0.1,1.732,-0.1,1.82,-0.2,1.804,0.0,1.864,0.1,1.848,-0.3,1.804,0.1,1.728
05-07-2026-Thu 13-42-42-PM,-0.4,1.824,-0.1,1.728,-0.1,1.808,-0.4,1.796,-0.1,1.86,-0.1,1.84,-0.1,1.8,0.1,1.72
05-07-2026-Thu 13-42-44-PM,-0.2,1.816,-0.1,1.724,-0.1,1.804,-0.1,1.796,0.0,1.856,-0.1,1.832,-0.4,1.796,-0.1,1.716
05-07-2026-Thu 13-42-45-PM,-0.2,1.812,-0.1,1.712,-0.3,1.8,-0.1,1.788,0.0,1.848,-0.1,1.828,-0.1,1.792,-0.2,1.712
05-07-2026-Thu 13-42-47-PM,-0.3,1.808,-0.1,1.712,-0.1,1.792,-0.1,1.784,0.0,1.844,-0.2,1.824,-0.1,1.788,-0.2,1.704
05-07-2026-Thu 13-42-48-PM,0.0,1.8,-0.2,1.708,-0.2,1.788,-0.2,1.78,-0.1,1.844,-0.1,1.816,-0.2,1.784,-0.1,1.7
05-07-2026-Thu 13-42-49-PM,-0.2,1.796,-0.3,1.708,-0.1,1.784,-0.4,1.776,0.1,1.836,-0.2,1.812,0.0,1.78,-0.2,1.692
05-07-2026-Thu 13-42-51-PM,-0.2,1.792,-0.2,1.7,-0.2,1.776,-0.2,1.772,-0.1,1.828,-0.1,1.804,-0.1,1.776,0.2,1.692
05-07-2026-Thu 13-42-52-PM,0.1,1.784,-0.2,1.696,-0.2,1.776,-0.4,1.772,0.1,1.828,-0.3,1.796,0.2,1.776,-0.1,1.684
05-07-2026-Thu 13-42-54-PM,-0.4,1.78,-0.4,1.692,-0.3,1.768,-0.3,1.764,0.0,1.824,-0.3,1.796,-0.1,1.772,-0.2,1.684
05-07-2026-Thu 13-42-55-PM,-0.2,1.776,-0.4,1.688,-0.3,1.764,-0.1,1.76,-0.2,1.82,0.0,1.788,-0.4,1.768,-0.2,1.676
05-07-2026-Thu 13-42-56-PM,0.0,1.776,0.0,1.688,-0.3,1.76,-0.3,1.76,-0.2,1.816,-0.1,1.784,0.0,1.764,0.0,1.672
05-07-2026-Thu 13-42-58-PM,-0.1,1.768,-0.1,1.684,0.0,1.756,-0.2,1.756,-0.1,1.812,-0.1,1.78,0.1,1.764,-0.1,1.668
05-07-2026-Thu 13-42-59-PM,-0.1,1.76,-0.3,1.68,-0.4,1.752,-0.4,1.752,-0.4,1.808,-0.1,1.772,-0.1,1.76,0.1,1.664
05-07-2026-Thu 13-43-01-PM,-0.3,1.76,0.0,1.676,-0.3,1.748,-0.2,1.748,-0.1,1.808,-0.3,1.768,0.0,1.756,-0.1,1.66
05-07-2026-Thu 13-43-02-PM,-0.1,1.756,-0.2,1.672,-0.2,1.744,0.0,1.744,0.0,1.804,-0.1,1.76,0.0,1.756,-0.1,1.656
05-07-2026-Thu 13-43-04-PM,-0.6,1.756,-0.1,1.668,-0.1,1.74,-0.4,1.744,-0.1,1.8,0.0,1.76,0.2,1.748,0.0,1.652
05-07-2026-Thu 13-43-05-PM,-0.2,1.748,-0.1,1.668,-0.3,1.736,-0.4,1.74,-0.1,1.796,0.1,1.756,0.1,1.748,-0.1,1.648
05-07-2026-Thu 13-43-06-PM,-0.2,1.744,0.0,1.664,-0.5,1.732,-0.1,1.736,0.1,1.792,-0.3,1.752,-0.1,1.744,-0.2,1.644
05-07-2026-Thu 13-43-08-PM,-0.1,1.744,-0.2,1.66,-0.4,1.728,-0.1,1.736,-0.2,1.792,0.0,1.744,-0.3,1.74,-0.3,1.64
05-07-2026-Thu 13-43-09-PM,-0.2,1.74,-0.2,1.656,-0.1,1.724,-0.4,1.732,-0.2,1.784,0.0,1.744,0.0,1.74,-0.1,1.64
05-07-2026-Thu 13-43-11-PM,-0.2,1.736,-0.1,1.652,0.1,1.72,-0.3,1.732,0.1,1.784,-0.1,1.736,-0.1,1.736,-0.1,1.632
05-07-2026-Thu 13-43-12-PM,-0.1,1.728,0.0,1.652,-0.2,1.72,-0.3,1.724,-0.2,1.78,-0.2,1.732,-0.2,1.736,-0.1,1.632
05-07-2026-Thu 13-43-14-PM,-0.1,1.728,-0.3,1.648,0.0,1.716,-0.3,1.724,0.0,1.776,-0.1,1.728,-0.4,1.728,-0.1,1.624
05-07-2026-Thu 13-43-16-PM,-0.2,1.72,-0.2,1.644,-0.1,1.712,-0.5,1.724,0.0,1.772,-0.1,1.724,-0.3,1.732,0.0,1.624
05-07-2026-Thu 13-43-17-PM,0.0,1.72,-0.3,1.64,-0.1,1.708,-0.1,1.72,-0.2,1.772,0.0,1.72,-0.1,1.728,-0.1,1.62
05-07-2026-Thu 13-43-18-PM,-0.1,1.716,-0.1,1.64,0.0,1.704,-0.6,1.716,-0.1,1.768,-0.2,1.716,-0.1,1.724,-0.3,1.616
05-07-2026-Thu 13-43-20-PM,Power On
05-07-2026-Thu 13-43-21-PM,18.9,5.0,20.3,5.0,23.0,4.996,15.4,5.016,22.7,4.984,23.6,5.008,24.3,4.976,25.3,4.972
05-07-2026-Thu 13-43-22-PM,18.0,5.008,19.4,5.0,21.9,4.996,15.3,5.02,21.9,4.988,22.6,5.008,23.0,4.976,24.2,4.98
05-07-2026-Thu 13-43-24-PM,17.8,5.004,18.8,5.004,21.7,5.0,15.6,5.02,20.9,4.988,21.9,5.012,22.5,4.98,23.3,4.976
05-07-2026-Thu 13-43-27-PM,-0.1,2.36,-0.4,2.252,-0.1,2.332,-0.2,2.292,0.3,2.496,0.0,2.516,-0.2,2.352,-0.3,2.296
05-07-2026-Thu 13-43-30-PM,-0.3,2.18,-0.2,2.064,-0.3,2.188,-0.2,2.108,-0.2,2.312,0.0,2.336,-0.2,2.168,-0.1,2.14
05-07-2026-Thu 13-43-31-PM,-0.2,2.136,0.0,2.016,-0.3,2.148,-0.1,2.064,-0.2,2.256,-0.3,2.28,-0.3,2.116,0.0,2.092
05-07-2026-Thu 13-43-32-PM,-0.3,2.096,-0.2,1.98,-0.4,2.112,-0.2,2.032,0.0,2.212,0.0,2.236,-0.2,2.076,-0.1,2.056
05-07-2026-Thu 13-43-34-PM,0.0,2.068,0.2,1.952,0.0,2.088,-0.2,2.004,-0.1,2.176,-0.1,2.2,-0.1,2.04,-0.1,2.024
05-07-2026-Thu 13-43-35-PM,-0.1,2.04,-0.1,1.924,-0.2,2.056,-0.4,1.98,0.1,2.144,-0.1,2.168,-0.1,2.016,-0.1,1.996
05-07-2026-Thu 13-43-37-PM,-0.4,2.016,0.0,1.904,-0.2,2.04,-0.2,1.964,-0.1,2.116,-0.2,2.14,-0.1,1.992,-0.2,1.968
05-07-2026-Thu 13-43-38-PM,-0.2,2.004,-0.2,1.884,-0.2,2.02,-0.2,1.944,-0.1,2.088,0.0,2.108,0.0,1.972,-0.3,1.948
05-07-2026-Thu 13-43-39-PM,-0.2,1.984,0.1,1.872,-0.1,1.996,-0.2,1.932,0.0,2.068,-0.2,2.084,-0.2,1.952,-0.2,1.924
05-07-2026-Thu 13-43-41-PM,0.0,1.968,0.0,1.852,0.0,1.976,-0.3,1.92,-0.3,2.044,0.1,2.064,-0.3,1.936,0.0,1.904
05-07-2026-Thu 13-43-42-PM,-0.2,1.952,-0.1,1.84,-0.1,1.964,-0.2,1.904,0.0,2.028,-0.1,2.04,-0.3,1.92,0.0,1.884
05-07-2026-Thu 13-43-44-PM,-0.4,1.94,-0.3,1.828,-0.3,1.944,-0.5,1.892,-0.2,2.012,-0.2,2.02,0.0,1.908,-0.1,1.872
05-07-2026-Thu 13-43-45-PM,0.0,1.928,-0.1,1.816,-0.3,1.932,-0.3,1.88,0.2,1.996,-0.1,2.0,-0.2,1.896,-0.1,1.852
05-07-2026-Thu 13-43-46-PM,-0.1,1.916,-0.1,1.808,-0.2,1.92,-0.3,1.872,0.0,1.984,0.1,1.984,-0.3,1.888,-0.1,1.836
05-07-2026-Thu 13-43-48-PM,0.1,1.908,-0.2,1.796,-0.2,1.908,-0.3,1.86,-0.1,1.972,-0.1,1.968,-0.1,1.876,-0.1,1.824
05-07-2026-Thu 13-43-49-PM,-0.3,1.892,0.0,1.788,-0.1,1.896,-0.4,1.852,0.0,1.952,-0.1,1.956,-0.4,1.868,-0.2,1.816
05-07-2026-Thu 13-43-51-PM,0.0,1.884,-0.2,1.78,-0.2,1.884,-0.3,1.844,-0.1,1.944,-0.2,1.944,-0.2,1.856,-0.2,1.8
05-07-2026-Thu 13-43-52-PM,-0.1,1.876,-0.2,1.772,-0.2,1.876,-0.2,1.84,0.0,1.932,-0.2,1.928,0.0,1.852,-0.1,1.792
05-07-2026-Thu 13-43-54-PM,-0.1,1.868,-0.2,1.764,-0.2,1.86,-0.3,1.828,0.0,1.92,-0.1,1.912,-0.4,1.844,-0.2,1.78
05-07-2026-Thu 13-43-55-PM,-0.3,1.856,-0.2,1.756,-0.2,1.852,-0.4,1.824,-0.3,1.908,0.0,1.904,-0.3,1.836,-0.2,1.768
05-07-2026-Thu 13-43-57-PM,-0.3,1.848,0.0,1.748,-0.3,1.84,-0.2,1.816,-0.2,1.9,-0.1,1.892,-0.3,1.828,0.0,1.76
05-07-2026-Thu 13-43-58-PM,-0.2,1.844,0.0,1.74,-0.3,1.832,-0.4,1.808,0.0,1.892,-0.2,1.88,-0.1,1.824,0.1,1.752
05-07-2026-Thu 13-43-59-PM,-0.1,1.832,0.0,1.736,-0.2,1.832,-0.1,1.804,-0.3,1.884,-0.2,1.872,0.0,1.816,-0.3,1.74
05-07-2026-Thu 13-44-01-PM,-0.4,1.824,-0.1,1.728,-0.1,1.82,-0.4,1.796,-0.2,1.876,0.0,1.864,-0.2,1.816,-0.1,1.736
05-07-2026-Thu 13-44-02-PM,-0.4,1.82,-0.1,1.724,0.1,1.812,-0.5,1.796,-0.1,1.868,-0.1,1.852,-0.1,1.808,-0.1,1.728
05-07-2026-Thu 13-44-04-PM,-0.1,1.812,-0.2,1.72,-0.3,1.808,-0.5,1.788,-0.1,1.864,0.1,1.844,-0.3,1.804,-0.3,1.72
05-07-2026-Thu 13-44-05-PM,-0.4,1.808,-0.2,1.712,-0.3,1.8,-0.1,1.78,-0.1,1.86,-0.1,1.836,-0.3,1.796,0.0,1.712
05-07-2026-Thu 13-44-06-PM,-0.1,1.8,-0.1,1.708,0.1,1.792,-0.4,1.776,-0.1,1.852,-0.1,1.828,0.0,1.796,-0.2,1.708
05-07-2026-Thu 13-44-08-PM,-0.1,1.796,-0.4,1.704,-0.2,1.792,-0.2,1.776,-0.2,1.848,-0.1,1.82,0.1,1.792,-0.2,1.7
05-07-2026-Thu 13-44-09-PM,0.1,1.788,-0.1,1.7,-0.1,1.78,-0.4,1.772,0.0,1.844,0.0,1.816,-0.1,1.788,-0.1,1.696
05-07-2026-Thu 13-44-11-PM,-0.2,1.784,-0.2,1.692,-0.2,1.772,-0.5,1.768,-0.2,1.836,-0.1,1.812,-0.1,1.78,0.0,1.692
05-07-2026-Thu 13-44-12-PM,-0.2,1.776,-0.1,1.688,-0.3,1.772,-0.2,1.756,0.3,1.832,-0.2,1.804,-0.3,1.776,-0.1,1.684
05-07-2026-Thu 13-44-14-PM,-0.1,1.776,-0.4,1.684,0.0,1.76,-0.2,1.756,-0.3,1.824,-0.1,1.796,-0.4,1.772,-0.3,1.68
05-07-2026-Thu 13-44-15-PM,-0.3,1.768,-0.3,1.68,-0.2,1.756,-0.3,1.752,0.0,1.82,-0.2,1.788,-0.2,1.768,0.0,1.672
05-07-2026-Thu 13-44-16-PM,0.0,1.768,-0.1,1.676,-0.1,1.756,-0.2,1.748,0.0,1.82,-0.2,1.788,-0.3,1.772,0.0,1.668
05-07-2026-Thu 13-44-18-PM,-0.2,1.76,-0.2,1.676,-0.4,1.748,-0.2,1.744,-0.2,1.816,-0.1,1.78,0.0,1.764,-0.3,1.664
05-07-2026-Thu 13-44-19-PM,-0.2,1.752,-0.2,1.672,-0.2,1.748,-0.4,1.744,-0.1,1.812,-0.1,1.772,-0.1,1.76,-0.1,1.66
05-07-2026-Thu 13-44-21-PM,-0.1,1.752,-0.2,1.664,-0.4,1.74,-0.3,1.74,-0.2,1.808,-0.1,1.768,0.1,1.76,0.0,1.656
05-07-2026-Thu 13-44-22-PM,-0.1,1.748,-0.2,1.664,-0.3,1.736,-0.5,1.736,-0.1,1.804,-0.2,1.764,-0.1,1.756,-0.3,1.652
05-07-2026-Thu 13-44-23-PM,-0.2,1.744,-0.1,1.66,-0.2,1.732,-0.2,1.736,-0.2,1.8,-0.1,1.756,0.0,1.752,-0.4,1.648
05-07-2026-Thu 13-44-25-PM,-0.2,1.736,-0.3,1.656,-0.2,1.728,-0.2,1.728,-0.1,1.796,-0.1,1.752,-0.3,1.752,-0.2,1.644
05-07-2026-Thu 13-44-26-PM,-0.2,1.736,-0.1,1.652,-0.3,1.728,-0.2,1.728,-0.3,1.792,-0.1,1.748,0.1,1.748,-0.1,1.64
05-07-2026-Thu 13-44-28-PM,0.1,1.736,0.1,1.652,-0.1,1.72,-0.2,1.724,0.0,1.792,-0.2,1.748,-0.2,1.744,-0.3,1.636
05-07-2026-Thu 13-44-29-PM,-0.3,1.728,0.2,1.648,-0.3,1.72,0.0,1.72,0.0,1.788,0.0,1.744,-0.3,1.74,-0.2,1.636
05-07-2026-Thu 13-44-30-PM,-0.1,1.728,-0.2,1.648,-0.1,1.712,-0.2,1.72,0.0,1.784,-0.1,1.736,0.2,1.74,0.0,1.628
05-07-2026-Thu 13-44-32-PM,0.0,1.72,-0.4,1.644,-0.3,1.708,-0.4,1.716,-0.1,1.78,-0.1,1.732,0.0,1.736,0.0,1.628
05-07-2026-Thu 13-44-33-PM,-0.1,1.72,-0.3,1.64,-0.1,1.708,-0.1,1.716,-0.2,1.776,-0.1,1.728,-0.1,1.736,0.0,1.628
05-07-2026-Thu 13-44-35-PM,-0.1,1.716,0.0,1.636,-0.2,1.704,-0.5,1.712,0.2,1.776,-0.3,1.724,-0.3,1.732,-0.1,1.62
05-07-2026-Thu 13-44-36-PM,0.0,1.712,-0.1,1.636,-0.1,1.7,-0.5,1.712,-0.2,1.772,-0.3,1.716,0.0,1.732,-0.1,1.616
05-07-2026-Thu 13-44-37-PM,0.0,1.708,-0.1,1.636,-0.2,1.7,-0.2,1.708,0.1,1.768,-0.3,1.716,0.0,1.728,0.0,1.616
05-07-2026-Thu 13-44-39-PM,-0.3,1.708,-0.1,1.628,-0.2,1.696,-0.3,1.704,-0.1,1.768,0.0,1.712,-0.1,1.728,0.1,1.612
05-07-2026-Thu 13-44-40-PM,-0.4,1.704,-0.1,1.624,-0.4,1.692,-0.2,1.704,0.0,1.764,-0.2,1.712,-0.3,1.72,0.0,1.608
05-07-2026-Thu 13-44-42-PM,-0.4,1.7,-0.2,1.628,-0.2,1.688,-0.2,1.7,-0.2,1.764,-0.1,1.704,-0.3,1.72,0.0,1.604
05-07-2026-Thu 13-44-43-PM,0.0,1.696,-0.3,1.624,-0.3,1.688,-0.2,1.7,-0.2,1.76,0.0,1.704,-0.3,1.716,-0.4,1.6
05-07-2026-Thu 13-44-44-PM,-0.1,1.692,0.1,1.62,-0.2,1.684,0.1,1.696,0.1,1.76,-0.2,1.7,0.2,1.716,0.1,1.6
05-07-2026-Thu 13-44-46-PM,0.0,1.692,-0.3,1.616,-0.2,1.684,-0.4,1.696,-0.1,1.756,0.0,1.692,0.2,1.712,-0.1,1.596
05-07-2026-Thu 13-44-47-PM,-0.1,1.688,-0.2,1.612,-0.5,1.68,-0.4,1.692,-0.2,1.756,0.0,1.688,-0.3,1.712,0.0,1.592
05-07-2026-Thu 13-44-48-PM,0.0,1.684,-0.2,1.616,-0.1,1.68,-0.3,1.688,-0.2,1.752,-0.2,1.688,-0.2,1.712,-0.2,1.588
05-07-2026-Thu 13-44-50-PM,0.0,1.684,-0.2,1.612,-0.3,1.672,-0.3,1.692,0.0,1.748,-0.2,1.684,-0.1,1.708,-0.3,1.588
05-07-2026-Thu 13-44-51-PM,-0.3,1.684,0.0,1.612,-0.2,1.672,-0.3,1.688,0.0,1.748,-0.2,1.68,0.2,1.708,0.1,1.584
05-07-2026-Thu 13-44-53-PM,-0.2,1.68,0.1,1.608,-0.1,1.672,-0.2,1.688,-0.2,1.748,0.0,1.68,0.2,1.7,-0.2,1.58
05-07-2026-Thu 13-44-54-PM,0.2,1.676,0.0,1.604,-0.1,1.668,0.0,1.684,-0.1,1.744,-0.1,1.676,0.0,1.704,-0.2,1.584
05-07-2026-Thu 13-44-56-PM,-0.6,1.676,0.0,1.6,-0.4,1.664,-0.2,1.68,-0.2,1.74,-0.1,1.672,0.1,1.704,0.0,1.58
05-07-2026-Thu 13-44-57-PM,-0.4,1.672,0.0,1.6,-0.3,1.66,-0.3,1.68,-0.1,1.736,0.0,1.664,-0.2,1.7,-0.1,1.576
05-07-2026-Thu 13-44-59-PM,-0.1,1.664,-0.2,1.596,0.0,1.66,-0.3,1.676,0.0,1.736,-0.2,1.664,-0.3,1.7,-0.3,1.576
05-07-2026-Thu 13-45-00-PM,-0.2,1.668,0.0,1.596,-0.3,1.656,-0.5,1.676,0.0,1.736,-0.1,1.664,-0.3,1.7,-0.4,1.572
05-07-2026-Thu 13-45-01-PM,-0.2,1.668,-0.2,1.596,0.1,1.656,-0.2,1.676,-0.2,1.732,-0.3,1.664,0.0,1.696,-0.3,1.568
05-07-2026-Thu 13-45-03-PM,-0.1,1.66,-0.2,1.588,-0.2,1.652,-0.5,1.672,-0.3,1.728,-0.1,1.656,-0.1,1.692,-0.3,1.564
05-07-2026-Thu 13-45-05-PM,0.0,1.656,-0.3,1.592,-0.2,1.652,-0.2,1.672,0.1,1.728,0.0,1.652,-0.1,1.688,-0.1,1.564
05-07-2026-Thu 13-45-06-PM,-0.1,1.656,0.1,1.588,-0.2,1.648,-0.3,1.668,-0.1,1.728,0.1,1.652,-0.2,1.688,-0.4,1.56
05-07-2026-Thu 13-45-07-PM,0.0,1.656,-0.1,1.588,-0.1,1.648,-0.3,1.668,0.0,1.724,0.1,1.648,0.0,1.688,0.0,1.56
05-07-2026-Thu 13-45-09-PM,-0.3,1.656,0.0,1.588,-0.2,1.644,-0.2,1.668,-0.2,1.72,-0.2,1.644,0.1,1.684,-0.1,1.556
05-07-2026-Thu 13-45-10-PM,0.0,1.652,-0.1,1.584,-0.1,1.644,-0.3,1.664,0.0,1.724,-0.2,1.644,-0.3,1.684,-0.1,1.556
05-07-2026-Thu 13-45-12-PM,-0.1,1.648,-0.2,1.58,-0.2,1.64,-0.4,1.66,-0.3,1.716,-0.3,1.64,0.1,1.68,0.1,1.552
05-07-2026-Thu 13-45-13-PM,0.0,1.648,-0.2,1.58,-0.2,1.64,-0.2,1.664,-0.1,1.716,0.0,1.636,-0.4,1.684,0.1,1.552
05-07-2026-Thu 13-45-14-PM,-0.1,1.648,0.0,1.58,-0.2,1.64,-0.2,1.664,-0.3,1.716,-0.1,1.632,0.1,1.68,0.1,1.548
05-07-2026-Thu 13-45-16-PM,0.0,1.644,-0.3,1.58,-0.3,1.632,-0.3,1.656,0.0,1.712,0.1,1.632,-0.3,1.68,0.0,1.548
05-07-2026-Thu 13-45-17-PM,0.0,1.644,-0.3,1.576,-0.3,1.636,-0.5,1.656,-0.2,1.712,-0.1,1.628,-0.1,1.68,0.0,1.548
05-07-2026-Thu 13-45-19-PM,-0.2,1.64,-0.1,1.576,-0.3,1.632,-0.1,1.656,-0.1,1.708,-0.2,1.628,-0.2,1.676,-0.1,1.544
05-07-2026-Thu 13-45-20-PM,-0.2,1.636,-0.2,1.576,0.0,1.632,-0.5,1.656,0.2,1.708,-0.2,1.628,-0.2,1.676,-0.1,1.544
05-07-2026-Thu 13-45-21-PM,-0.1,1.636,-0.2,1.572,-0.2,1.632,-0.2,1.652,-0.2,1.704,-0.2,1.624,-0.1,1.676,-0.1,1.54
05-07-2026-Thu 13-45-23-PM,-0.1,1.636,-0.2,1.572,-0.1,1.628,-0.3,1.648,-0.3,1.704,-0.1,1.62,-0.4,1.672,-0.3,1.54
05-07-2026-Thu 13-45-24-PM,-0.3,1.632,-0.4,1.572,-0.1,1.628,-0.5,1.648,-0.1,1.7,0.1,1.62,-0.1,1.672,-0.2,1.54
05-07-2026-Thu 13-45-26-PM,-0.2,1.632,-0.1,1.564,-0.2,1.624,-0.3,1.652,-0.4,1.704,-0.2,1.616,-0.3,1.672,-0.3,1.536
05-07-2026-Thu 13-45-27-PM,-0.3,1.628,0.1,1.568,-0.1,1.624,-0.1,1.644,0.0,1.7,-0.1,1.616,0.0,1.668,0.0,1.532
05-07-2026-Thu 13-45-28-PM,0.0,1.624,-0.3,1.564,-0.4,1.62,-0.3,1.644,0.0,1.696,0.1,1.612,0.0,1.664,-0.1,1.532
05-07-2026-Thu 13-45-30-PM,-0.3,1.628,-0.1,1.564,-0.2,1.62,-0.5,1.644,-0.2,1.696,0.0,1.608,-0.3,1.664,0.1,1.528
05-07-2026-Thu 13-45-31-PM,-0.3,1.624,-0.1,1.564,-0.2,1.62,-0.3,1.64,-0.1,1.692,-0.1,1.604,-0.1,1.664,-0.2,1.532
05-07-2026-Thu 13-45-33-PM,-0.1,1.62,-0.2,1.56,0.1,1.616,-0.2,1.644,-0.1,1.692,-0.2,1.604,-0.1,1.664,0.0,1.528
05-07-2026-Thu 13-45-34-PM,0.1,1.62,-0.4,1.56,-0.1,1.612,-0.1,1.64,0.0,1.688,-0.2,1.604,-0.1,1.66,-0.3,1.524
05-07-2026-Thu 13-45-36-PM,-0.4,1.616,-0.1,1.556,-0.3,1.616,-0.2,1.64,-0.2,1.688,-0.3,1.6,0.1,1.66,-0.2,1.524
05-07-2026-Thu 13-45-37-PM,-0.2,1.612,-0.2,1.556,-0.2,1.612,-0.4,1.64,-0.2,1.688,-0.2,1.6,-0.1,1.66,0.0,1.524
05-07-2026-Thu 13-45-38-PM,-0.1,1.616,-0.3,1.556,-0.2,1.612,-0.1,1.636,0.1,1.684,-0.1,1.596,-0.4,1.66,0.0,1.52
05-07-2026-Thu 13-45-40-PM,-0.3,1.612,0.1,1.556,-0.3,1.608,-0.5,1.632,-0.2,1.684,-0.1,1.592,0.1,1.656,-0.2,1.52
05-07-2026-Thu 13-45-41-PM,-0.2,1.608,-0.3,1.556,-0.2,1.608,-0.3,1.636,-0.3,1.684,-0.1,1.596,-0.2,1.656,-0.2,1.516
05-07-2026-Thu 13-45-43-PM,-0.2,1.612,-0.2,1.552,-0.2,1.604,-0.3,1.632,-0.2,1.68,-0.2,1.588,0.1,1.652,0.1,1.516
05-07-2026-Thu 13-45-44-PM,-0.1,1.612,-0.2,1.552,-0.3,1.608,-0.4,1.628,-0.4,1.68,-0.1,1.588,-0.1,1.656,-0.1,1.512
05-07-2026-Thu 13-45-45-PM,-0.3,1.608,-0.2,1.548,-0.3,1.6,-0.2,1.632,-0.2,1.68,0.0,1.584,-0.3,1.648,0.1,1.516
05-07-2026-Thu 13-45-47-PM,0.0,1.604,-0.2,1.548,-0.1,1.604,0.0,1.628,-0.1,1.676,0.0,1.584,-0.2,1.652,-0.2,1.508
05-07-2026-Thu 13-45-48-PM,-0.4,1.604,-0.2,1.548,-0.1,1.604,-0.4,1.628,0.0,1.676,0.2,1.584,0.0,1.652,0.1,1.508
05-07-2026-Thu 13-45-49-PM,-0.1,1.604,-0.2,1.548,-0.1,1.6,-0.2,1.624,-0.3,1.676,0.1,1.58,-0.1,1.648,-0.2,1.508
05-07-2026-Thu 13-45-51-PM,-0.2,1.604,-0.2,1.544,-0.3,1.596,-0.1,1.624,-0.1,1.672,-0.1,1.576,-0.2,1.648,-0.1,1.508
05-07-2026-Thu 13-45-52-PM,0.0,1.596,-0.2,1.54,-0.1,1.596,-0.4,1.624,0.0,1.672,0.0,1.576,-0.1,1.648,0.0,1.504
05-07-2026-Thu 13-45-54-PM,-0.3,1.6,-0.2,1.54,-0.3,1.596,-0.3,1.62,-0.5,1.668,0.0,1.572,-0.2,1.644,-0.3,1.5
05-07-2026-Thu 13-45-55-PM,-0.1,1.596,-0.1,1.54,-0.2,1.592,-0.2,1.62,-0.1,1.668,0.0,1.572,-0.2,1.648,-0.1,1.5
05-07-2026-Thu 13-45-57-PM,-0.2,1.596,-0.2,1.54,-0.1,1.592,-0.1,1.62,0.1,1.668,-0.5,1.572,-0.3,1.644,0.1,1.5
05-07-2026-Thu 13-45-58-PM,-0.1,1.592,0.0,1.54,0.0,1.596,-0.2,1.62,-0.1,1.664,-0.3,1.568,0.0,1.644,-0.1,1.496
05-07-2026-Thu 13-45-59-PM,-0.2,1.592,-0.2,1.536,-0.2,1.588,-0.4,1.62,-0.1,1.664,0.1,1.564,-0.1,1.644,-0.1,1.496
05-07-2026-Thu 13-46-01-PM,0.1,1.588,-0.2,1.536,0.0,1.592,-0.6,1.616,0.1,1.664,-0.2,1.568,-0.1,1.64,-0.1,1.5
05-07-2026-Thu 13-46-03-PM,-0.1,1.588,-0.1,1.536,-0.2,1.588,0.3,1.616,-0.3,1.664,-0.1,1.564,-0.2,1.64,-0.2,1.496
05-07-2026-Thu 13-46-04-PM,Power On
05-07-2026-Thu 13-46-05-PM,15.4,5.012,17.6,5.012,20.1,5.004,13.0,5.028,20.6,4.996,21.5,5.016,22.2,4.984,23.6,4.984
05-07-2026-Thu 13-46-07-PM,14.7,5.016,17.0,5.012,19.6,5.004,12.3,5.028,19.6,5.0,20.6,5.024,21.3,4.988,22.8,4.988
05-07-2026-Thu 13-46-08-PM,14.3,5.016,16.5,5.012,19.0,5.008,12.2,5.028,19.1,5.0,20.4,5.02,20.7,4.992,22.1,4.992
05-07-2026-Thu 13-46-10-PM,14.4,5.016,16.2,5.016,18.6,5.008,12.4,5.032,18.7,5.0,19.8,5.02,20.3,4.992,21.6,4.992
05-07-2026-Thu 13-46-11-PM,14.2,5.02,16.2,5.016,18.6,5.012,12.5,5.032,18.3,5.004,19.7,5.02,20.0,4.992,21.2,4.996
05-07-2026-Thu 13-46-13-PM,14.1,5.016,16.0,5.016,18.3,5.008,12.4,5.032,18.0,5.004,19.4,5.02,19.9,4.992,20.9,4.992
05-07-2026-Thu 13-46-16-PM,-0.3,2.404,-0.2,2.312,-0.2,2.376,-0.3,2.336,-0.2,2.532,-0.3,2.552,-0.2,2.4,-0.1,2.332
05-07-2026-Thu 13-46-18-PM,-0.3,2.22,-0.3,2.112,0.1,2.22,-0.2,2.14,0.3,2.356,-0.2,2.376,0.0,2.208,-0.2,2.172
05-07-2026-Thu 13-46-20-PM,-0.2,2.172,-0.2,2.064,-0.3,2.18,-0.2,2.088,-0.1,2.3,-0.1,2.324,-0.2,2.156,0.0,2.128
05-07-2026-Thu 13-46-21-PM,0.1,2.132,-0.2,2.02,0.0,2.148,-0.2,2.056,-0.1,2.256,0.0,2.28,0.0,2.116,0.0,2.088
05-07-2026-Thu 13-46-23-PM,-0.1,2.1,-0.2,1.988,-0.4,2.12,-0.5,2.024,-0.1,2.216,-0.2,2.24,0.0,2.08,-0.1,2.06
05-07-2026-Thu 13-46-24-PM,-0.1,2.076,-0.2,1.964,-0.4,2.096,-0.3,2.0,-0.1,2.184,-0.1,2.208,0.0,2.052,-0.3,2.032
05-07-2026-Thu 13-46-25-PM,-0.3,2.056,0.1,1.94,-0.2,2.076,-0.1,1.984,-0.1,2.156,0.0,2.18,-0.1,2.028,-0.2,2.008
05-07-2026-Thu 13-46-27-PM,0.0,2.036,-0.2,1.924,-0.2,2.052,-0.5,1.964,-0.4,2.132,0.0,2.156,-0.2,2.008,-0.1,1.988
05-07-2026-Thu 13-46-29-PM,-0.3,2.012,0.1,1.9,-0.1,2.032,-0.6,1.944,-0.2,2.096,-0.2,2.116,-0.1,1.98,0.0,1.96
05-07-2026-Thu 13-46-30-PM,-0.4,1.996,-0.1,1.888,-0.6,2.012,-0.1,1.928,-0.1,2.08,-0.2,2.1,-0.1,1.964,-0.2,1.94
05-07-2026-Thu 13-46-31-PM,-0.1,1.98,-0.1,1.872,-0.3,1.996,-0.4,1.92,-0.2,2.06,-0.2,2.08,0.0,1.952,-0.3,1.924
05-07-2026-Thu 13-46-33-PM,-0.1,1.968,0.0,1.86,-0.4,1.984,-0.3,1.908,0.0,2.04,-0.3,2.06,-0.2,1.94,-0.4,1.908
05-07-2026-Thu 13-46-34-PM,-0.2,1.956,-0.3,1.848,-0.1,1.968,0.0,1.892,-0.1,2.024,-0.1,2.04,-0.1,1.924,0.0,1.892
05-07-2026-Thu 13-46-36-PM,-0.2,1.948,0.0,1.836,0.0,1.956,-0.3,1.884,-0.1,2.012,-0.1,2.02,0.1,1.912,0.0,1.88
05-07-2026-Thu 13-46-37-PM,0.0,1.936,0.0,1.828,-0.4,1.944,-0.2,1.872,-0.1,1.996,-0.1,2.008,-0.1,1.904,-0.2,1.864
05-07-2026-Thu 13-46-38-PM,-0.3,1.924,-0.2,1.82,-0.3,1.932,-0.3,1.868,-0.1,1.984,-0.3,1.996,-0.2,1.892,-0.1,1.852
05-07-2026-Thu 13-46-40-PM,-0.2,1.912,-0.1,1.808,-0.1,1.92,-0.1,1.856,0.0,1.968,-0.3,1.976,-0.3,1.884,-0.2,1.84
05-07-2026-Thu 13-46-42-PM,-0.1,1.908,-0.3,1.8,-0.2,1.912,-0.3,1.844,-0.1,1.956,-0.1,1.96,-0.3,1.872,-0.1,1.828
05-07-2026-Thu 13-46-43-PM,-0.5,1.892,0.2,1.792,-0.3,1.896,-0.2,1.84,0.3,1.948,-0.2,1.948,-0.3,1.864,-0.2,1.816
05-07-2026-Thu 13-46-45-PM,-0.3,1.888,-0.1,1.784,-0.2,1.888,-0.2,1.832,0.2,1.932,-0.1,1.936,-0.3,1.852,-0.2,1.804
05-07-2026-Thu 13-46-46-PM,-0.1,1.876,-0.2,1.772,-0.2,1.88,-0.4,1.824,0.0,1.92,0.0,1.928,0.0,1.844,-0.2,1.792
05-07-2026-Thu 13-46-47-PM,0.0,1.868,0.0,1.768,-0.4,1.868,-0.5,1.82,-0.2,1.916,-0.2,1.912,-0.3,1.844,0.1,1.784
05-07-2026-Thu 13-46-49-PM,-0.2,1.864,-0.2,1.76,-0.3,1.864,-0.3,1.812,-0.3,1.908,-0.1,1.904,-0.2,1.836,-0.3,1.772
05-07-2026-Thu 13-46-50-PM,-0.2,1.852,-0.1,1.756,0.0,1.856,-0.3,1.804,-0.2,1.896,0.0,1.892,-0.4,1.828,-0.2,1.768
05-07-2026-Thu 13-46-52-PM,-0.2,1.848,-0.3,1.744,0.0,1.848,-0.1,1.8,0.0,1.888,-0.1,1.884,-0.3,1.824,-0.3,1.76
05-07-2026-Thu 13-46-53-PM,-0.2,1.84,-0.3,1.744,0.0,1.836,-0.2,1.796,-0.2,1.884,-0.3,1.876,-0.3,1.816,0.0,1.748
05-07-2026-Thu 13-46-55-PM,-0.2,1.836,-0.1,1.736,-0.2,1.832,0.0,1.788,-0.2,1.876,-0.1,1.868,0.0,1.812,0.1,1.74
05-07-2026-Thu 13-46-56-PM,-0.3,1.824,-0.2,1.728,-0.2,1.824,-0.3,1.784,-0.2,1.864,-0.1,1.86,-0.4,1.808,0.0,1.736
05-07-2026-Thu 13-46-57-PM,-0.2,1.82,-0.2,1.724,0.0,1.82,-0.2,1.776,-0.2,1.86,-0.3,1.848,-0.3,1.8,0.2,1.728
05-07-2026-Thu 13-46-59-PM,-0.3,1.816,0.0,1.72,-0.3,1.812,-0.3,1.772,-0.1,1.856,-0.1,1.844,-0.1,1.8,-0.3,1.724
05-07-2026-Thu 13-47-00-PM,-0.1,1.812,-0.2,1.72,-0.3,1.804,-0.3,1.772,0.0,1.848,-0.1,1.836,-0.1,1.792,-0.2,1.716
05-07-2026-Thu 13-47-02-PM,-0.1,1.804,-0.2,1.712,-0.3,1.8,-0.1,1.768,0.0,1.844,0.0,1.824,-0.3,1.788,0.0,1.708
05-07-2026-Thu 13-47-03-PM,Power On
05-07-2026-Thu 13-47-04-PM,13.3,5.016,15.5,5.016,17.6,5.008,12.0,5.028,17.8,5.0,19.1,5.02,20.5,4.992,20.7,4.992
05-07-2026-Thu 13-47-06-PM,13.0,5.02,15.1,5.016,16.9,5.012,11.6,5.036,17.1,5.004,18.1,5.028,19.3,5.0,19.8,5.0
05-07-2026-Thu 13-47-07-PM,12.9,5.024,14.7,5.02,16.8,5.016,11.3,5.032,17.1,5.008,18.3,5.024,19.0,4.996,19.4,5.0
05-07-2026-Thu 13-47-09-PM,13.0,5.02,14.6,5.024,16.7,5.012,12.1,5.04,16.7,5.012,17.8,5.028,19.0,4.996,19.2,5.0
05-07-2026-Thu 13-47-10-PM,12.7,5.024,14.6,5.02,16.9,5.016,11.7,5.036,16.3,5.008,18.2,5.028,18.4,5.0,19.0,5.0
05-07-2026-Thu 13-47-12-PM,Power Off
05-07-2026-Thu 13-47-13-PM,0.0,2.424,0.0,2.328,-0.2,2.392,-0.2,2.36,0.0,2.552,-0.2,2.564,0.1,2.408,-0.4,2.352
05-07-2026-Thu 13-47-14-PM,-0.1,2.304,-0.4,2.204,-0.3,2.296,-0.5,2.236,0.0,2.448,-0.2,2.456,-0.1,2.288,-0.2,2.256
05-07-2026-Thu 13-47-16-PM,-0.3,2.24,0.0,2.132,-0.2,2.236,-0.3,2.164,0.1,2.372,-0.1,2.384,0.0,2.22,-0.3,2.196
05-07-2026-Thu 13-47-17-PM,-0.1,2.196,0.0,2.084,-0.3,2.2,-0.2,2.12,-0.1,2.324,0.0,2.336,-0.3,2.172,-0.4,2.156
05-07-2026-Thu 13-47-19-PM,-0.3,2.16,-0.2,2.044,-0.5,2.168,-0.3,2.084,-0.2,2.28,-0.3,2.296,-0.3,2.128,0.0,2.12
05-07-2026-Thu 13-47-20-PM,-0.1,2.128,-0.3,2.016,-0.2,2.14,-0.2,2.052,0.0,2.244,-0.1,2.256,-0.1,2.092,-0.1,2.088
05-07-2026-Thu 13-47-21-PM,-0.2,2.104,-0.4,1.988,-0.2,2.116,-0.2,2.028,0.0,2.212,-0.4,2.224,0.0,2.068,-0.2,2.06
05-07-2026-Thu 13-47-23-PM,-0.3,2.076,-0.1,1.964,-0.2,2.092,-0.5,2.008,-0.3,2.18,-0.2,2.192,-0.1,2.04,-0.2,2.036
05-07-2026-Thu 13-47-24-PM,-0.4,2.056,-0.1,1.944,0.0,2.068,-0.1,1.992,0.1,2.156,-0.2,2.168,-0.1,2.016,-0.3,2.012
05-07-2026-Thu 13-47-26-PM,-0.2,2.04,-0.1,1.928,-0.4,2.048,-0.4,1.972,0.0,2.128,-0.1,2.144,-0.2,1.996,-0.2,2.0
05-07-2026-Thu 13-47-27-PM,-0.3,2.024,0.1,1.912,-0.1,2.032,-0.3,1.96,-0.2,2.108,-0.1,2.12,-0.2,1.976,-0.2,1.98
05-07-2026-Thu 13-47-29-PM,-0.1,2.012,-0.3,1.9,-0.3,2.016,-0.2,1.944,-0.1,2.088,-0.1,2.096,-0.3,1.964,-0.2,1.96
05-07-2026-Thu 13-47-30-PM,0.0,1.996,0.0,1.888,-0.3,2.004,0.0,1.932,0.0,2.072,-0.1,2.08,0.0,1.952,-0.1,1.944
05-07-2026-Thu 13-47-32-PM,-0.1,1.98,-0.2,1.876,-0.1,1.992,-0.2,1.92,-0.2,2.056,-0.2,2.06,-0.1,1.94,0.1,1.932
05-07-2026-Thu 13-47-33-PM,0.1,1.972,-0.2,1.864,-0.2,1.976,-0.2,1.912,-0.2,2.04,-0.2,2.04,0.0,1.924,0.0,1.916
05-07-2026-Thu 13-47-34-PM,-0.3,1.964,-0.1,1.856,-0.2,1.964,-0.3,1.904,0.3,2.024,-0.2,2.024,-0.1,1.912,-0.1,1.904
05-07-2026-Thu 13-47-36-PM,-0.2,1.956,-0.2,1.844,-0.2,1.952,-0.2,1.892,0.1,2.008,0.0,2.012,0.0,1.904,-0.2,1.892
05-07-2026-Thu 13-47-37-PM,0.0,1.944,0.0,1.836,-0.3,1.944,-0.2,1.88,-0.2,1.996,-0.1,1.996,0.3,1.892,-0.2,1.88
05-07-2026-Thu 13-47-39-PM,-0.2,1.932,-0.2,1.824,-0.4,1.932,-0.3,1.876,-0.2,1.984,-0.2,1.98,-0.2,1.888,-0.3,1.868
05-07-2026-Thu 13-47-40-PM,-0.1,1.924,-0.3,1.82,0.0,1.924,-0.1,1.868,-0.4,1.972,-0.3,1.964,-0.3,1.884,-0.3,1.856
05-07-2026-Thu 13-47-41-PM,-0.1,1.916,-0.1,1.812,0.0,1.916,0.0,1.86,-0.3,1.96,-0.2,1.956,0.0,1.872,0.0,1.844
05-07-2026-Thu 13-47-43-PM,0.0,1.908,-0.2,1.804,-0.2,1.904,-0.5,1.852,-0.1,1.952,-0.1,1.944,-0.5,1.864,-0.1,1.832
05-07-2026-Thu 13-47-44-PM,0.2,1.9,0.0,1.796,-0.2,1.896,-0.1,1.848,0.0,1.94,0.1,1.932,0.1,1.856,-0.3,1.824
05-07-2026-Thu 13-47-45-PM,-0.1,1.892,-0.2,1.788,-0.4,1.888,-0.3,1.844,0.1,1.932,-0.1,1.92,-0.3,1.852,-0.3,1.812
05-07-2026-Thu 13-47-47-PM,-0.1,1.884,0.2,1.784,-0.1,1.88,-0.3,1.836,0.1,1.924,-0.1,1.908,-0.4,1.844,0.1,1.808
05-07-2026-Thu 13-47-48-PM,-0.2,1.88,0.0,1.776,0.1,1.868,-0.3,1.828,-0.1,1.912,-0.1,1.9,-0.3,1.836,-0.1,1.8
05-07-2026-Thu 13-47-50-PM,-0.2,1.872,-0.1,1.768,0.0,1.864,0.0,1.82,0.1,1.908,-0.2,1.892,-0.4,1.832,0.0,1.792
05-07-2026-Thu 13-47-51-PM,0.0,1.868,-0.1,1.764,0.0,1.86,-0.1,1.816,-0.2,1.9,-0.1,1.88,0.1,1.828,-0.1,1.784
05-07-2026-Thu 13-47-52-PM,0.0,1.86,-0.2,1.756,-0.2,1.852,-0.4,1.812,-0.1,1.892,-0.1,1.876,-0.2,1.82,0.2,1.776
05-07-2026-Thu 13-47-54-PM,-0.2,1.852,0.0,1.756,-0.2,1.844,-0.4,1.804,0.0,1.888,0.1,1.864,-0.2,1.816,0.0,1.768
05-07-2026-Thu 13-47-55-PM,-0.2,1.844,-0.1,1.748,-0.3,1.84,-0.4,1.8,-0.4,1.88,-0.2,1.856,0.1,1.816,0.2,1.76
05-07-2026-Thu 13-47-57-PM,-0.1,1.84,-0.2,1.744,-0.1,1.836,-0.3,1.796,-0.1,1.872,-0.2,1.848,0.0,1.808,-0.4,1.756
05-07-2026-Thu 13-47-58-PM,-0.2,1.836,-0.3,1.74,-0.4,1.828,0.1,1.792,0.0,1.868,-0.3,1.844,-0.1,1.808,-0.5,1.748
05-07-2026-Thu 13-47-59-PM,-0.3,1.828,-0.2,1.736,-0.3,1.82,-0.2,1.792,-0.1,1.86,-0.1,1.836,-0.3,1.8,0.1,1.74
05-07-2026-Thu 13-48-02-PM,0.0,1.82,-0.2,1.724,-0.5,1.812,-0.3,1.78,0.0,1.852,0.0,1.824,-0.1,1.796,0.0,1.732
05-07-2026-Thu 13-48-05-PM,-0.1,1.808,-0.3,1.716,-0.4,1.8,-0.4,1.772,-0.1,1.844,0.1,1.812,-0.4,1.784,-0.3,1.716
05-07-2026-Thu 13-48-07-PM,-0.1,1.804,0.0,1.712,-0.2,1.796,-0.2,1.764,-0.2,1.836,-0.1,1.804,-0.3,1.78,0.1,1.712
05-07-2026-Thu 13-48-08-PM,-0.5,1.8,-0.3,1.708,-0.1,1.788,-0.3,1.764,0.0,1.832,-0.1,1.796,-0.2,1.776,-0.1,1.704
05-07-2026-Thu 13-48-10-PM,-0.4,1.792,0.0,1.7,-0.2,1.788,-0.1,1.76,-0.2,1.828,0.0,1.792,-0.1,1.776,-0.1,1.704
05-07-2026-Thu 13-48-11-PM,-0.2,1.788,-0.2,1.7,-0.2,1.78,-0.4,1.756,-0.1,1.824,-0.1,1.788,0.0,1.772,0.0,1.7
05-07-2026-Thu 13-48-12-PM,Power On
05-07-2026-Thu 13-48-14-PM,11.9,5.024,14.2,5.024,16.1,5.016,11.2,5.032,16.7,5.008,17.5,5.028,18.6,4.996,19.1,5.0
05-07-2026-Thu 13-48-15-PM,11.7,5.024,13.5,5.024,15.6,5.02,10.8,5.036,15.9,5.008,17.1,5.032,17.7,5.0,18.2,5.0
05-07-2026-Thu 13-48-17-PM,11.6,5.028,13.6,5.024,15.3,5.016,10.5,5.04,15.5,5.012,16.6,5.032,17.6,5.004,17.8,5.004
05-07-2026-Thu 13-48-18-PM,11.4,5.028,13.3,5.024,15.3,5.02,10.4,5.036,15.1,5.012,16.8,5.032,17.4,5.004,17.7,5.004
05-07-2026-Thu 13-48-19-PM,Power Off
05-07-2026-Thu 13-48-21-PM,-0.4,2.432,-0.3,2.32,-0.3,2.4,-0.5,2.372,0.1,2.56,-0.2,2.572,-0.2,2.412,-0.2,2.364
05-07-2026-Thu 13-48-23-PM,-0.3,2.292,-0.1,2.18,0.0,2.288,-0.3,2.22,-0.3,2.432,-0.2,2.44,-0.3,2.268,-0.1,2.244
05-07-2026-Thu 13-48-24-PM,-0.3,2.232,0.0,2.116,-0.1,2.228,-0.6,2.152,-0.1,2.364,-0.1,2.376,-0.2,2.204,-0.1,2.188
05-07-2026-Thu 13-48-25-PM,-0.3,2.184,0.1,2.068,-0.4,2.188,-0.5,2.108,-0.1,2.316,0.1,2.328,-0.2,2.156,0.0,2.144
05-07-2026-Thu 13-48-27-PM,-0.1,2.148,-0.4,2.028,-0.2,2.156,-0.2,2.076,-0.2,2.272,-0.2,2.284,-0.1,2.116,-0.2,2.112
05-07-2026-Thu 13-48-28-PM,0.1,2.12,0.0,2.0,-0.2,2.128,-0.3,2.052,-0.3,2.236,-0.2,2.248,0.0,2.084,-0.1,2.084
05-07-2026-Thu 13-48-30-PM,-0.2,2.092,-0.1,1.98,-0.2,2.104,-0.3,2.024,0.2,2.208,0.0,2.22,-0.2,2.056,-0.1,2.056
05-07-2026-Thu 13-48-31-PM,-0.1,2.072,-0.4,1.956,-0.2,2.084,-0.1,2.0,-0.1,2.184,0.1,2.192,0.0,2.032,0.0,2.036
05-07-2026-Thu 13-48-32-PM,-0.4,2.052,-0.1,1.936,-0.1,2.064,-0.3,1.988,0.1,2.156,0.1,2.164,-0.3,2.012,-0.1,2.016
05-07-2026-Thu 13-48-34-PM,-0.3,2.036,-0.1,1.924,-0.3,2.048,-0.2,1.968,-0.1,2.136,-0.1,2.14,-0.3,1.992,0.0,1.996
05-07-2026-Thu 13-48-35-PM,-0.2,2.02,-0.2,1.908,-0.1,2.032,-0.2,1.952,-0.2,2.112,-0.1,2.116,-0.1,1.972,-0.2,1.98
05-07-2026-Thu 13-48-36-PM,-0.3,2.004,-0.1,1.892,-0.1,2.012,-0.3,1.94,-0.2,2.092,-0.2,2.092,-0.1,1.96,-0.1,1.96
05-07-2026-Thu 13-48-38-PM,-0.4,1.992,-0.3,1.884,-0.3,2.0,-0.4,1.932,-0.2,2.076,-0.2,2.076,-0.2,1.944,-0.3,1.948
05-07-2026-Thu 13-48-39-PM,-0.1,1.98,-0.2,1.872,-0.1,1.984,-0.1,1.92,-0.4,2.056,-0.2,2.052,-0.1,1.928,-0.1,1.932
05-07-2026-Thu 13-48-41-PM,-0.5,1.968,-0.3,1.856,-0.1,1.976,-0.1,1.908,-0.2,2.04,0.0,2.036,0.1,1.92,0.0,1.916
05-07-2026-Thu 13-48-42-PM,-0.4,1.956,-0.2,1.844,-0.1,1.96,-0.4,1.9,0.0,2.024,-0.2,2.02,0.0,1.912,-0.2,1.904
05-07-2026-Thu 13-48-44-PM,-0.3,1.944,-0.5,1.836,-0.5,1.952,-0.3,1.892,-0.1,2.008,-0.1,2.004,-0.2,1.9,-0.2,1.892
05-07-2026-Thu 13-48-45-PM,0.0,1.94,-0.2,1.828,0.0,1.936,-0.2,1.88,-0.1,2.0,-0.1,1.988,-0.4,1.888,0.1,1.876
05-07-2026-Thu 13-48-46-PM,-0.3,1.928,-0.2,1.82,-0.1,1.928,0.0,1.872,-0.2,1.984,-0.1,1.972,-0.5,1.88,-0.1,1.864
05-07-2026-Thu 13-48-48-PM,0.0,1.92,-0.2,1.812,-0.1,1.916,-0.4,1.864,0.1,1.972,-0.2,1.96,-0.2,1.876,0.0,1.856
05-07-2026-Thu 13-48-49-PM,-0.3,1.912,-0.3,1.8,-0.1,1.912,-0.2,1.856,0.0,1.96,-0.1,1.948,-0.1,1.868,0.2,1.844
05-07-2026-Thu 13-48-51-PM,-0.4,1.904,-0.1,1.796,-0.3,1.9,-0.3,1.848,-0.1,1.948,-0.2,1.936,-0.2,1.86,-0.2,1.836
05-07-2026-Thu 13-48-52-PM,-0.1,1.896,0.1,1.792,0.1,1.892,-0.2,1.84,0.1,1.94,-0.1,1.924,-0.1,1.852,-0.2,1.824
05-07-2026-Thu 13-48-53-PM,-0.3,1.884,0.1,1.784,-0.3,1.884,-0.3,1.84,0.1,1.936,-0.1,1.912,-0.1,1.844,-0.1,1.816
05-07-2026-Thu 13-48-55-PM,-0.3,1.88,0.1,1.776,-0.1,1.88,-0.3,1.828,0.0,1.92,0.0,1.904,-0.1,1.84,-0.3,1.808
05-07-2026-Thu 13-48-56-PM,-0.3,1.872,-0.2,1.768,-0.2,1.868,-0.2,1.824,0.1,1.912,-0.1,1.896,-0.2,1.832,0.0,1.796
05-07-2026-Thu 13-48-58-PM,-0.1,1.864,-0.1,1.764,-0.3,1.86,-0.2,1.82,-0.2,1.908,-0.3,1.884,-0.3,1.828,-0.3,1.792
05-07-2026-Thu 13-48-59-PM,-0.3,1.86,-0.2,1.76,-0.3,1.856,-0.3,1.812,0.2,1.9,-0.2,1.872,-0.2,1.824,-0.1,1.784
05-07-2026-Thu 13-49-00-PM,-0.3,1.856,-0.2,1.756,-0.5,1.848,-0.1,1.808,0.1,1.892,-0.1,1.868,-0.3,1.82,-0.2,1.776
05-07-2026-Thu 13-49-02-PM,-0.4,1.848,-0.1,1.752,-0.1,1.84,-0.1,1.804,-0.1,1.884,0.0,1.86,0.0,1.816,0.0,1.772
05-07-2026-Thu 13-49-03-PM,-0.1,1.844,0.0,1.744,-0.1,1.836,-0.3,1.796,0.0,1.88,-0.2,1.848,0.0,1.812,0.0,1.764
05-07-2026-Thu 13-49-05-PM,-0.2,1.836,0.1,1.736,0.0,1.832,-0.1,1.796,0.1,1.876,-0.3,1.844,-0.1,1.808,0.0,1.756
05-07-2026-Thu 13-49-06-PM,-0.2,1.832,-0.2,1.732,-0.2,1.824,-0.2,1.788,0.0,1.868,0.1,1.836,-0.1,1.804,-0.2,1.752
05-07-2026-Thu 13-49-07-PM,-0.4,1.824,0.1,1.728,-0.3,1.82,-0.1,1.784,0.0,1.864,0.1,1.828,-0.2,1.8,-0.2,1.744
05-07-2026-Thu 13-49-09-PM,-0.3,1.816,-0.2,1.724,-0.1,1.812,-0.2,1.78,0.0,1.856,-0.2,1.824,0.0,1.796,-0.3,1.736
05-07-2026-Thu 13-49-10-PM,0.0,1.812,-0.1,1.724,-0.3,1.808,-0.3,1.776,0.0,1.852,-0.2,1.812,0.0,1.792,0.0,1.732
05-07-2026-Thu 13-49-12-PM,-0.3,1.808,-0.1,1.72,-0.4,1.804,-0.6,1.772,0.1,1.844,0.1,1.808,0.0,1.784,-0.3,1.728
05-07-2026-Thu 13-49-13-PM,-0.3,1.804,0.0,1.712,-0.3,1.8,-0.3,1.768,-0.1,1.844,-0.2,1.808,-0.1,1.784,-0.2,1.72
05-07-2026-Thu 13-49-14-PM,-0.2,1.8,-0.2,1.708,-0.4,1.792,-0.3,1.764,-0.1,1.84,-0.1,1.796,-0.4,1.784,-0.2,1.716
05-07-2026-Thu 13-49-16-PM,0.0,1.796,-0.3,1.704,-0.2,1.792,-0.4,1.76,-0.1,1.832,0.1,1.792,0.0,1.776,-0.2,1.712
05-07-2026-Thu 13-49-19-PM,-0.4,1.784,0.0,1.7,-0.3,1.78,-0.2,1.756,-0.1,1.824,-0.4,1.78,-0.1,1.772,-0.1,1.7
05-07-2026-Thu 13-49-21-PM,-0.3,1.776,-0.2,1.692,-0.1,1.772,-0.4,1.748,-0.2,1.816,-0.2,1.768,-0.2,1.768,-0.1,1.692
05-07-2026-Thu 13-49-23-PM,0.1,1.776,-0.2,1.692,0.1,1.768,-0.4,1.744,-0.2,1.816,-0.1,1.764,0.0,1.764,0.2,1.688
05-07-2026-Thu 13-49-25-PM,-0.4,1.772,-0.3,1.688,-0.3,1.764,-0.2,1.744,-0.1,1.808,-0.3,1.756,-0.2,1.76,0.0,1.684
05-07-2026-Thu 13-49-26-PM,-0.1,1.768,-0.3,1.684,-0.3,1.76,-0.1,1.74,-0.1,1.804,0.0,1.756,-0.1,1.76,-0.5,1.68
05-07-2026-Thu 13-49-27-PM,0.0,1.768,-0.4,1.68,-0.1,1.756,-0.1,1.736,0.1,1.804,-0.1,1.752,-0.1,1.756,-0.3,1.676
05-07-2026-Thu 13-49-29-PM,-0.2,1.76,0.1,1.68,0.0,1.756,0.0,1.736,-0.1,1.8,0.0,1.748,-0.3,1.752,0.0,1.676
05-07-2026-Thu 13-49-30-PM,Power On
05-07-2026-Thu 13-49-32-PM,10.6,5.028,12.7,5.024,14.8,5.02,10.1,5.036,15.3,5.016,16.6,5.032,17.4,5.0,17.7,5.004
05-07-2026-Thu 13-49-33-PM,10.4,5.028,12.5,5.028,14.2,5.02,9.6,5.04,14.6,5.016,15.7,5.032,16.8,5.008,16.5,5.008
05-07-2026-Thu 13-49-34-PM,10.5,5.028,12.2,5.028,13.8,5.024,9.6,5.044,14.3,5.016,15.4,5.032,16.4,5.008,16.3,5.008
05-07-2026-Thu 13-49-36-PM,10.4,5.028,12.0,5.028,13.6,5.024,9.5,5.04,14.3,5.012,15.2,5.036,16.2,5.008,16.0,5.008
05-07-2026-Thu 13-49-37-PM,Power Off
05-07-2026-Thu 13-49-38-PM,-0.3,2.436,-0.1,2.328,-0.4,2.412,-0.2,2.38,0.0,2.576,0.0,2.58,-0.3,2.428,-0.1,2.372
05-07-2026-Thu 13-49-40-PM,0.1,2.316,-0.1,2.204,-0.2,2.308,-0.2,2.244,-0.3,2.46,-0.1,2.464,-0.2,2.304,0.0,2.264
05-07-2026-Thu 13-49-41-PM,-0.3,2.244,-0.4,2.128,-0.2,2.24,-0.3,2.172,-0.1,2.384,0.1,2.392,0.0,2.228,-0.1,2.2
05-07-2026-Thu 13-49-43-PM,-0.2,2.192,-0.2,2.08,-0.1,2.2,-0.2,2.12,0.0,2.332,-0.2,2.34,0.1,2.172,-0.3,2.156
05-07-2026-Thu 13-49-44-PM,0.0,2.156,-0.1,2.04,-0.3,2.168,-0.4,2.084,-0.3,2.288,-0.2,2.296,-0.1,2.132,0.0,2.12
05-07-2026-Thu 13-49-45-PM,0.0,2.12,-0.1,2.008,-0.1,2.136,-0.2,2.052,0.0,2.256,-0.3,2.26,-0.1,2.096,-0.1,2.088
05-07-2026-Thu 13-49-47-PM,-0.4,2.096,-0.2,1.98,-0.1,2.112,-0.4,2.024,0.0,2.224,0.1,2.224,-0.2,2.068,-0.2,2.064
05-07-2026-Thu 13-49-48-PM,-0.2,2.072,-0.1,1.96,-0.5,2.092,-0.5,2.004,-0.1,2.196,0.1,2.196,-0.4,2.044,-0.2,2.044
05-07-2026-Thu 13-49-50-PM,-0.2,2.052,0.0,1.94,-0.3,2.068,0.1,1.988,-0.2,2.172,-0.1,2.168,-0.1,2.02,-0.2,2.024
05-07-2026-Thu 13-49-51-PM,-0.2,2.032,-0.2,1.92,0.2,2.052,-0.3,1.968,-0.1,2.148,-0.4,2.144,-0.4,2.0,-0.1,2.0
05-07-2026-Thu 13-49-52-PM,-0.3,2.02,0.0,1.908,-0.3,2.032,-0.4,1.956,-0.1,2.124,0.0,2.12,-0.1,1.984,0.1,1.984
05-07-2026-Thu 13-49-54-PM,-0.3,2.0,-0.2,1.896,0.0,2.02,-0.3,1.948,-0.1,2.108,-0.3,2.1,-0.3,1.964,-0.3,1.968
05-07-2026-Thu 13-49-55-PM,0.0,1.988,-0.2,1.88,-0.3,2.004,-0.2,1.928,-0.2,2.088,0.0,2.076,-0.1,1.952,-0.1,1.952
05-07-2026-Thu 13-49-57-PM,-0.2,1.976,0.1,1.868,-0.1,1.992,-0.1,1.92,-0.4,2.068,-0.1,2.056,-0.1,1.94,-0.1,1.936
05-07-2026-Thu 13-49-58-PM,0.1,1.964,-0.2,1.856,-0.3,1.976,-0.4,1.912,-0.1,2.052,0.0,2.04,-0.1,1.924,-0.1,1.924
05-07-2026-Thu 13-49-59-PM,0.0,1.956,-0.3,1.848,-0.2,1.964,-0.1,1.896,-0.2,2.036,-0.2,2.024,-0.2,1.916,-0.1,1.908
05-07-2026-Thu 13-50-01-PM,-0.2,1.944,-0.1,1.836,-0.1,1.952,0.1,1.888,0.1,2.02,-0.2,2.008,-0.2,1.904,-0.1,1.896
05-07-2026-Thu 13-50-02-PM,-0.4,1.932,0.0,1.828,-0.1,1.94,-0.4,1.88,0.1,2.008,0.1,1.992,-0.3,1.896,-0.1,1.884
05-07-2026-Thu 13-50-04-PM,-0.5,1.924,-0.1,1.82,-0.2,1.936,-0.3,1.872,-0.3,1.996,-0.3,1.976,-0.1,1.888,-0.1,1.872
05-07-2026-Thu 13-50-05-PM,0.0,1.912,-0.1,1.812,-0.1,1.924,-0.1,1.864,0.1,1.98,-0.1,1.964,-0.2,1.876,-0.3,1.864
05-07-2026-Thu 13-50-06-PM,-0.2,1.908,-0.1,1.804,-0.1,1.912,-0.2,1.856,0.0,1.972,-0.2,1.948,0.0,1.868,0.0,1.852
05-07-2026-Thu 13-50-08-PM,-0.1,1.896,-0.2,1.796,0.3,1.9,-0.2,1.848,-0.1,1.96,-0.3,1.94,0.0,1.86,-0.1,1.84
05-07-2026-Thu 13-50-09-PM,-0.4,1.888,-0.3,1.788,-0.1,1.896,-0.6,1.844,-0.2,1.948,-0.2,1.924,-0.6,1.852,0.1,1.832
05-07-2026-Thu 13-50-11-PM,-0.2,1.884,0.0,1.78,-0.1,1.884,-0.1,1.836,-0.1,1.936,0.0,1.912,-0.1,1.848,-0.1,1.82
05-07-2026-Thu 13-50-12-PM,-0.3,1.872,0.0,1.772,-0.1,1.876,-0.3,1.828,0.0,1.928,0.0,1.904,-0.4,1.84,-0.2,1.812
05-07-2026-Thu 13-50-14-PM,-0.1,1.864,0.1,1.768,-0.1,1.872,-0.5,1.824,0.2,1.92,0.1,1.892,-0.2,1.836,-0.1,1.804
05-07-2026-Thu 13-50-15-PM,-0.1,1.856,-0.2,1.76,-0.3,1.864,-0.3,1.82,-0.1,1.912,0.1,1.88,-0.2,1.832,-0.1,1.796
05-07-2026-Thu 13-50-17-PM,-0.4,1.856,-0.2,1.76,-0.1,1.856,-0.1,1.812,0.0,1.904,-0.1,1.876,-0.2,1.824,0.0,1.788
05-07-2026-Thu 13-50-18-PM,-0.1,1.848,-0.3,1.752,-0.4,1.848,-0.2,1.808,0.0,1.9,-0.1,1.868,-0.3,1.824,0.0,1.784
05-07-2026-Thu 13-50-19-PM,-0.3,1.84,-0.3,1.748,-0.3,1.84,-0.2,1.8,-0.1,1.888,-0.2,1.856,-0.3,1.816,-0.2,1.772
05-07-2026-Thu 13-50-21-PM,-0.1,1.836,-0.1,1.744,-0.3,1.832,-0.4,1.796,0.1,1.884,-0.3,1.848,-0.1,1.812,-0.1,1.764
05-07-2026-Thu 13-50-22-PM,-0.1,1.832,0.0,1.74,0.0,1.828,-0.2,1.792,0.0,1.876,-0.2,1.84,0.0,1.812,-0.2,1.76
05-07-2026-Thu 13-50-24-PM,-0.2,1.828,-0.3,1.732,-0.3,1.824,-0.4,1.788,0.0,1.872,-0.2,1.832,0.0,1.8,-0.1,1.756
05-07-2026-Thu 13-50-25-PM,0.0,1.82,-0.1,1.728,0.0,1.82,-0.2,1.784,0.0,1.868,0.2,1.824,-0.3,1.796,-0.1,1.748
05-07-2026-Thu 13-50-26-PM,-0.3,1.812,-0.1,1.724,-0.1,1.812,-0.4,1.78,0.0,1.864,0.0,1.816,-0.3,1.796,-0.2,1.74
05-07-2026-Thu 13-50-28-PM,-0.1,1.808,0.0,1.72,-0.2,1.808,-0.6,1.772,-0.3,1.856,-0.3,1.812,-0.6,1.792,0.0,1.736
05-07-2026-Thu 13-50-29-PM,-0.1,1.804,-0.1,1.716,-0.2,1.8,-0.3,1.772,0.0,1.848,0.1,1.804,-0.4,1.788,0.0,1.732
05-07-2026-Thu 13-50-31-PM,-0.1,1.8,0.0,1.712,-0.1,1.796,-0.2,1.768,0.0,1.848,0.1,1.796,0.2,1.784,-0.3,1.724
05-07-2026-Thu 13-50-32-PM,-0.4,1.796,-0.3,1.708,-0.2,1.792,-0.4,1.764,-0.2,1.836,-0.2,1.792,-0.2,1.78,0.0,1.72
05-07-2026-Thu 13-50-34-PM,-0.1,1.788,0.0,1.708,-0.1,1.788,0.1,1.76,-0.3,1.832,-0.2,1.788,0.1,1.776,-0.1,1.716
05-07-2026-Thu 13-50-35-PM,-0.4,1.784,-0.2,1.704,-0.2,1.784,-0.4,1.756,-0.4,1.832,-0.1,1.776,-0.2,1.776,-0.3,1.712
05-07-2026-Thu 13-50-36-PM,0.1,1.78,-0.3,1.7,0.2,1.78,-0.7,1.752,-0.3,1.824,-0.1,1.776,0.0,1.772,-0.4,1.704
05-07-2026-Thu 13-50-38-PM,-0.3,1.776,0.1,1.696,-0.1,1.776,-0.1,1.748,0.0,1.824,-0.1,1.772,0.1,1.768,0.1,1.7
05-07-2026-Thu 13-50-39-PM,-0.1,1.772,-0.3,1.692,-0.1,1.768,-0.5,1.744,-0.2,1.82,-0.2,1.768,-0.3,1.768,-0.3,1.692
05-07-2026-Thu 13-50-41-PM,-0.3,1.772,-0.2,1.692,-0.3,1.764,-0.5,1.74,-0.3,1.816,0.0,1.76,-0.2,1.76,0.1,1.692
05-07-2026-Thu 13-50-42-PM,-0.3,1.764,-0.1,1.688,-0.2,1.76,-0.4,1.736,-0.1,1.812,-0.1,1.756,-0.1,1.764,-0.4,1.688
05-07-2026-Thu 13-50-43-PM,-0.1,1.76,-0.1,1.684,0.1,1.756,-0.5,1.736,-0.1,1.808,-0.1,1.752,0.0,1.756,0.0,1.684
05-07-2026-Thu 13-50-45-PM,-0.1,1.756,0.0,1.684,-0.4,1.756,-0.3,1.732,-0.2,1.804,0.2,1.748,0.0,1.756,0.1,1.68
05-07-2026-Thu 13-50-46-PM,-0.4,1.756,-0.1,1.68,-0.3,1.748,-0.2,1.728,-0.3,1.804,-0.2,1.74,0.1,1.752,-0.3,1.676
05-07-2026-Thu 13-50-48-PM,0.1,1.748,-0.3,1.676,-0.2,1.748,-0.2,1.732,-0.1,1.8,-0.2,1.74,-0.2,1.752,-0.2,1.672
05-07-2026-Thu 13-50-49-PM,0.0,1.748,-0.1,1.672,0.1,1.744,-0.3,1.728,-0.3,1.8,-0.2,1.732,0.0,1.748,-0.1,1.668
05-07-2026-Thu 13-50-50-PM,-0.4,1.744,-0.2,1.672,-0.4,1.74,-0.3,1.724,-0.1,1.792,0.1,1.732,0.2,1.744,0.0,1.664
05-07-2026-Thu 13-50-52-PM,0.0,1.74,-0.2,1.668,-0.4,1.736,0.0,1.724,-0.1,1.792,-0.2,1.724,-0.2,1.744,-0.2,1.664
05-07-2026-Thu 13-50-53-PM,0.1,1.74,0.0,1.664,-0.2,1.732,-0.5,1.716,-0.2,1.788,0.0,1.724,0.0,1.744,-0.6,1.656
05-07-2026-Thu 13-50-55-PM,0.1,1.736,-0.2,1.664,-0.4,1.732,-0.2,1.716,-0.2,1.784,-0.2,1.72,-0.1,1.74,-0.1,1.656
05-07-2026-Thu 13-50-56-PM,-0.1,1.732,0.0,1.66,-0.4,1.732,-0.2,1.716,-0.3,1.784,0.0,1.716,0.1,1.736,-0.2,1.656
05-07-2026-Thu 13-50-57-PM,-0.2,1.732,0.0,1.66,-0.3,1.724,-0.2,1.712,-0.1,1.78,-0.1,1.712,-0.1,1.736,-0.2,1.648
05-07-2026-Thu 13-51-00-PM,9.3,5.028,11.6,5.028,13.3,5.02,9.3,5.04,14.1,5.016,14.8,5.032,15.4,5.004,15.7,5.004
05-07-2026-Thu 13-51-02-PM,9.1,5.032,11.0,5.032,12.7,5.024,8.7,5.044,13.5,5.02,14.0,5.032,14.9,5.008,14.9,5.012
05-07-2026-Thu 13-51-03-PM,9.1,5.032,11.0,5.028,12.3,5.024,8.5,5.044,12.7,5.02,14.0,5.036,14.6,5.008,14.7,5.012
05-07-2026-Thu 13-51-04-PM,9.0,5.032,10.8,5.032,12.1,5.024,8.5,5.044,12.6,5.02,13.9,5.04,14.3,5.012,14.2,5.012
05-07-2026-Thu 13-51-06-PM,8.9,5.032,10.8,5.032,12.1,5.024,8.0,5.044,12.5,5.02,13.5,5.04,14.1,5.012,14.2,5.012
05-07-2026-Thu 13-51-07-PM,Power Off
05-07-2026-Thu 13-51-09-PM,-0.1,2.476,-0.1,2.36,-0.4,2.436,-0.1,2.404,0.1,2.592,-0.1,2.6,-0.1,2.448,0.0,2.396
05-07-2026-Thu 13-51-10-PM,0.0,2.348,-0.3,2.232,-0.3,2.328,-0.2,2.272,-0.2,2.488,-0.2,2.492,-0.2,2.328,-0.4,2.288
05-07-2026-Thu 13-51-11-PM,-0.3,2.276,-0.4,2.16,0.0,2.264,-0.2,2.196,0.1,2.416,-0.1,2.416,-0.4,2.252,-0.1,2.224
05-07-2026-Thu 13-51-13-PM,-0.3,2.228,-0.4,2.108,-0.1,2.224,-0.2,2.144,-0.2,2.36,-0.1,2.364,-0.1,2.2,-0.1,2.18
05-07-2026-Thu 13-51-14-PM,-0.4,2.184,-0.3,2.064,-0.4,2.184,-0.4,2.1,0.0,2.316,0.0,2.316,-0.1,2.156,-0.1,2.144
05-07-2026-Thu 13-51-16-PM,-0.1,2.152,0.1,2.036,-0.1,2.16,-0.4,2.072,-0.2,2.28,-0.2,2.28,-0.3,2.12,-0.2,2.112
05-07-2026-Thu 13-51-17-PM,-0.1,2.124,-0.1,2.008,-0.3,2.132,-0.3,2.044,-0.2,2.248,0.0,2.248,-0.3,2.092,-0.1,2.088
05-07-2026-Thu 13-51-18-PM,-0.1,2.1,-0.3,1.984,-0.5,2.112,-0.2,2.024,-0.1,2.22,-0.1,2.22,-0.2,2.068,0.0,2.064
05-07-2026-Thu 13-51-21-PM,-0.1,2.064,-0.2,1.944,-0.4,2.076,-0.2,1.988,-0.1,2.18,-0.2,2.172,-0.3,2.024,0.1,2.024
05-07-2026-Thu 13-51-24-PM,-0.4,2.032,0.2,1.916,-0.2,2.044,-0.3,1.96,0.0,2.136,-0.1,2.124,-0.1,1.988,-0.1,1.992
05-07-2026-Thu 13-51-27-PM,-0.2,2.004,0.1,1.892,-0.4,2.016,-0.1,1.936,0.0,2.1,-0.3,2.088,-0.1,1.96,-0.2,1.964
05-07-2026-Thu 13-51-29-PM,-0.2,1.988,-0.2,1.876,-0.2,2.0,-0.2,1.92,-0.1,2.08,0.1,2.064,0.0,1.94,-0.1,1.944
05-07-2026-Thu 13-51-30-PM,0.0,1.976,-0.3,1.868,-0.1,1.988,-0.5,1.912,0.0,2.064,-0.1,2.048,0.0,1.932,-0.1,1.932
05-07-2026-Thu 13-51-32-PM,-0.1,1.968,0.0,1.856,-0.2,1.976,-0.2,1.904,-0.3,2.052,0.0,2.028,0.1,1.92,0.0,1.92
05-07-2026-Thu 13-51-33-PM,-0.3,1.956,-0.2,1.844,-0.2,1.968,0.0,1.892,-0.3,2.036,0.0,2.016,-0.2,1.912,-0.1,1.912
05-07-2026-Thu 13-51-34-PM,0.2,1.952,-0.1,1.84,-0.1,1.956,-0.2,1.884,-0.2,2.028,-0.2,2.0,-0.2,1.904,-0.1,1.9
05-07-2026-Thu 13-51-36-PM,-0.1,1.94,-0.2,1.832,-0.2,1.944,-0.2,1.88,-0.2,2.012,-0.1,1.988,-0.1,1.892,-0.2,1.888
05-07-2026-Thu 13-51-37-PM,0.0,1.932,-0.3,1.824,0.0,1.936,-0.3,1.872,0.1,2.0,-0.1,1.976,-0.1,1.884,0.0,1.876
05-07-2026-Thu 13-51-38-PM,-0.2,1.924,-0.3,1.816,-0.3,1.928,-0.2,1.86,-0.1,1.988,0.0,1.96,-0.1,1.876,-0.1,1.868
05-07-2026-Thu 13-51-40-PM,-0.2,1.916,-0.4,1.808,-0.3,1.916,-0.2,1.86,-0.1,1.976,0.1,1.952,-0.4,1.868,-0.1,1.86
05-07-2026-Thu 13-51-41-PM,-0.1,1.908,-0.3,1.804,-0.1,1.908,-0.3,1.848,-0.1,1.968,-0.3,1.94,-0.3,1.864,0.0,1.848
05-07-2026-Thu 13-51-43-PM,-0.1,1.9,-0.1,1.796,-0.1,1.9,-0.3,1.844,-0.2,1.96,-0.1,1.932,0.0,1.86,0.1,1.84
05-07-2026-Thu 13-51-44-PM,-0.2,1.896,-0.2,1.792,-0.2,1.896,-0.3,1.836,-0.3,1.952,-0.2,1.916,-0.3,1.852,-0.3,1.832
05-07-2026-Thu 13-51-45-PM,-0.1,1.888,0.0,1.784,0.0,1.884,-0.2,1.832,-0.1,1.94,-0.2,1.908,-0.3,1.844,-0.1,1.824
05-07-2026-Thu 13-51-47-PM,-0.1,1.884,0.0,1.776,-0.1,1.884,-0.4,1.828,-0.1,1.932,0.0,1.9,0.0,1.836,-0.3,1.812
05-07-2026-Thu 13-51-48-PM,-0.2,1.876,-0.2,1.772,-0.3,1.876,-0.2,1.816,-0.2,1.924,-0.1,1.892,0.0,1.832,-0.1,1.808
05-07-2026-Thu 13-51-50-PM,-0.3,1.868,0.1,1.764,-0.2,1.868,-0.4,1.816,0.1,1.916,0.0,1.88,-0.1,1.828,-0.2,1.804
05-07-2026-Thu 13-51-51-PM,-0.2,1.864,0.0,1.76,0.0,1.86,-0.3,1.812,0.2,1.908,0.0,1.872,-0.3,1.828,-0.2,1.796
05-07-2026-Thu 13-51-52-PM,-0.2,1.856,0.0,1.76,-0.1,1.856,-0.1,1.808,-0.3,1.904,-0.2,1.864,-0.1,1.82,-0.3,1.788
05-07-2026-Thu 13-51-54-PM,-0.2,1.852,-0.2,1.752,-0.1,1.848,-0.2,1.8,-0.1,1.9,-0.2,1.856,0.4,1.816,-0.3,1.784
05-07-2026-Thu 13-51-55-PM,-0.3,1.844,-0.3,1.748,-0.1,1.84,-0.5,1.796,0.0,1.892,-0.1,1.848,-0.3,1.812,-0.5,1.776
05-07-2026-Thu 13-51-57-PM,-0.5,1.844,-0.2,1.744,-0.1,1.84,-0.4,1.792,0.1,1.888,0.0,1.844,-0.2,1.808,-0.2,1.772
05-07-2026-Thu 13-51-58-PM,-0.3,1.836,0.0,1.74,-0.3,1.832,-0.2,1.788,-0.3,1.876,-0.2,1.836,-0.1,1.804,-0.2,1.768
05-07-2026-Thu 13-51-59-PM,-0.1,1.832,0.0,1.736,-0.2,1.828,-0.2,1.784,-0.1,1.876,-0.1,1.828,-0.1,1.8,0.0,1.76
05-07-2026-Thu 13-52-01-PM,0.0,1.824,-0.2,1.732,-0.2,1.824,-0.3,1.78,-0.2,1.868,0.0,1.82,0.2,1.796,-0.2,1.752
05-07-2026-Thu 13-52-02-PM,0.0,1.82,-0.3,1.732,-0.1,1.82,-0.5,1.776,0.3,1.864,-0.1,1.816,0.1,1.796,-0.2,1.748
05-07-2026-Thu 13-52-04-PM,-0.3,1.816,0.0,1.724,-0.4,1.812,0.0,1.772,0.0,1.86,0.0,1.808,-0.1,1.792,-0.1,1.744
05-07-2026-Thu 13-52-05-PM,-0.2,1.816,-0.2,1.72,-0.2,1.812,-0.3,1.768,0.0,1.856,0.0,1.804,-0.2,1.788,-0.2,1.736
05-07-2026-Thu 13-52-06-PM,-0.1,1.808,-0.2,1.716,-0.2,1.804,0.1,1.768,-0.3,1.848,-0.2,1.796,-0.3,1.784,-0.1,1.732
05-07-2026-Thu 13-52-08-PM,-0.3,1.804,-0.1,1.712,-0.2,1.8,-0.2,1.76,0.0,1.844,-0.2,1.792,-0.1,1.78,-0.1,1.728
05-07-2026-Thu 13-52-09-PM,-0.3,1.796,-0.2,1.708,-0.2,1.796,-0.4,1.76,-0.2,1.84,-0.3,1.788,-0.1,1.78,0.1,1.72
05-07-2026-Thu 13-52-11-PM,-0.1,1.792,0.0,1.704,0.0,1.792,-0.2,1.756,-0.1,1.836,0.0,1.78,-0.1,1.776,-0.1,1.716
05-07-2026-Thu 13-52-12-PM,-0.1,1.788,-0.3,1.704,-0.3,1.788,-0.3,1.748,0.1,1.832,-0.3,1.776,-0.2,1.772,0.1,1.712
05-07-2026-Thu 13-52-14-PM,-0.1,1.788,-0.2,1.7,-0.2,1.784,0.0,1.748,-0.2,1.828,0.1,1.768,0.0,1.768,0.1,1.708
05-07-2026-Thu 13-52-15-PM,-0.2,1.78,-0.2,1.696,-0.1,1.776,-0.3,1.744,-0.2,1.828,-0.1,1.768,-0.3,1.768,-0.1,1.704
05-07-2026-Thu 13-52-17-PM,-0.2,1.776,-0.5,1.692,-0.4,1.772,-0.2,1.74,-0.1,1.82,-0.2,1.76,-0.1,1.76,-0.1,1.7
05-07-2026-Thu 13-52-18-PM,-0.2,1.776,0.0,1.692,-0.1,1.772,-0.2,1.74,-0.2,1.816,-0.1,1.756,0.0,1.764,0.0,1.696
05-07-2026-Thu 13-52-19-PM,-0.2,1.768,-0.2,1.692,-0.1,1.768,0.1,1.74,0.1,1.816,-0.2,1.756,-0.3,1.76,0.0,1.692
05-07-2026-Thu 13-52-21-PM,-0.2,1.768,0.0,1.688,-0.3,1.764,-0.3,1.736,-0.1,1.812,0.0,1.748,-0.1,1.756,-0.2,1.688
05-07-2026-Thu 13-52-22-PM,-0.1,1.764,-0.1,1.684,0.0,1.764,-0.3,1.732,-0.2,1.808,0.2,1.744,-0.4,1.756,0.0,1.684
05-07-2026-Thu 13-52-24-PM,0.0,1.76,0.0,1.68,-0.5,1.76,0.0,1.728,0.1,1.804,-0.2,1.74,-0.4,1.752,-0.3,1.68
05-07-2026-Thu 13-52-25-PM,0.0,1.756,-0.3,1.68,-0.1,1.752,-0.3,1.728,-0.2,1.8,-0.2,1.736,-0.3,1.752,-0.3,1.68
05-07-2026-Thu 13-52-26-PM,-0.2,1.752,-0.5,1.676,-0.1,1.752,-0.1,1.728,-0.2,1.8,-0.2,1.732,-0.2,1.748,0.0,1.672
05-07-2026-Thu 13-52-28-PM,-0.5,1.748,-0.2,1.672,-0.2,1.748,-0.2,1.72,-0.2,1.796,0.1,1.728,0.1,1.744,-0.2,1.672
05-07-2026-Thu 13-52-29-PM,Power On
05-07-2026-Thu 13-52-31-PM,8.0,5.036,10.3,5.032,11.5,5.028,8.2,5.044,12.1,5.024,13.1,5.04,14.0,5.012,13.6,5.016
05-07-2026-Thu 13-52-33-PM,7.3,5.036,9.2,5.036,10.6,5.032,7.5,5.048,11.3,5.024,12.1,5.044,12.7,5.02,12.3,5.016
05-07-2026-Thu 13-52-35-PM,7.4,5.04,9.4,5.036,10.6,5.032,7.2,5.044,11.2,5.028,11.6,5.044,12.6,5.02,12.2,5.016
05-07-2026-Thu 13-52-36-PM,Power Off
05-07-2026-Thu 13-52-38-PM,-0.3,2.492,-0.5,2.356,-0.1,2.444,-0.2,2.408,-0.1,2.604,-0.3,2.604,-0.1,2.456,0.0,2.404
05-07-2026-Thu 13-52-39-PM,0.1,2.36,-0.1,2.232,-0.3,2.332,-0.4,2.276,-0.1,2.496,0.0,2.496,-0.3,2.332,-0.1,2.296
05-07-2026-Thu 13-52-41-PM,-0.2,2.272,-0.4,2.144,-0.3,2.26,-0.1,2.184,0.0,2.412,-0.3,2.408,-0.3,2.24,-0.2,2.22
05-07-2026-Thu 13-52-42-PM,-0.2,2.22,-0.2,2.096,-0.1,2.216,-0.1,2.136,0.1,2.36,-0.2,2.356,0.0,2.196,-0.3,2.18
05-07-2026-Thu 13-52-44-PM,-0.2,2.184,-0.3,2.06,-0.1,2.188,-0.3,2.1,-0.1,2.324,-0.1,2.316,0.0,2.156,-0.1,2.14
05-07-2026-Thu 13-52-45-PM,-0.3,2.156,-0.2,2.032,-0.3,2.156,-0.2,2.072,0.1,2.288,-0.1,2.28,-0.5,2.12,-0.3,2.112
05-07-2026-Thu 13-52-47-PM,-0.1,2.124,0.0,2.004,-0.3,2.132,-0.2,2.048,0.1,2.26,0.0,2.252,-0.2,2.092,-0.4,2.088
05-07-2026-Thu 13-52-48-PM,-0.1,2.104,-0.1,1.984,-0.1,2.116,-0.2,2.024,-0.3,2.236,-0.3,2.224,-0.3,2.068,-0.1,2.068
05-07-2026-Thu 13-52-49-PM,-0.2,2.084,-0.1,1.964,-0.2,2.092,-0.4,2.004,0.1,2.208,-0.1,2.196,-0.1,2.044,-0.3,2.048
05-07-2026-Thu 13-52-51-PM,-0.3,2.064,0.0,1.948,-0.1,2.08,-0.2,1.988,-0.2,2.188,-0.1,2.176,-0.1,2.028,0.1,2.028
05-07-2026-Thu 13-52-52-PM,-0.4,2.048,-0.1,1.928,-0.3,2.064,-0.3,1.972,-0.1,2.172,-0.1,2.152,-0.4,2.012,0.0,2.012
05-07-2026-Thu 13-52-54-PM,-0.4,2.032,-0.3,1.92,-0.2,2.048,-0.4,1.96,-0.2,2.148,0.0,2.132,-0.3,1.996,-0.1,2.0
05-07-2026-Thu 13-52-55-PM,-0.4,2.02,0.0,1.904,-0.4,2.036,-0.2,1.952,-0.1,2.136,0.0,2.112,0.0,1.976,-0.1,1.984
05-07-2026-Thu 13-52-56-PM,0.0,2.008,-0.2,1.892,-0.2,2.02,-0.3,1.94,-0.4,2.116,-0.1,2.096,-0.4,1.964,-0.1,1.968
05-07-2026-Thu 13-52-58-PM,0.0,1.996,-0.1,1.884,0.2,2.008,-0.2,1.924,-0.2,2.1,-0.3,2.076,-0.3,1.948,-0.1,1.956
05-07-2026-Thu 13-52-59-PM,-0.2,1.984,-0.4,1.868,0.2,1.996,-0.1,1.916,-0.1,2.084,-0.1,2.06,-0.3,1.94,-0.2,1.944
05-07-2026-Thu 13-53-01-PM,-0.3,1.972,-0.1,1.856,-0.1,1.984,-0.2,1.908,0.1,2.072,-0.1,2.04,-0.1,1.932,0.0,1.932
05-07-2026-Thu 13-53-02-PM,-0.2,1.964,-0.1,1.852,-0.1,1.976,-0.4,1.896,-0.1,2.056,0.0,2.028,0.0,1.92,-0.1,1.92
05-07-2026-Thu 13-53-03-PM,-0.1,1.952,-0.2,1.844,-0.4,1.964,-0.3,1.888,0.1,2.044,-0.1,2.016,0.1,1.912,-0.2,1.908
05-07-2026-Thu 13-53-05-PM,-0.4,1.948,0.2,1.836,-0.2,1.952,-0.2,1.88,-0.1,2.032,-0.2,2.0,-0.1,1.9,0.1,1.9
05-07-2026-Thu 13-53-06-PM,0.0,1.936,0.0,1.828,-0.2,1.944,-0.1,1.872,-0.1,2.024,-0.1,1.984,-0.1,1.896,-0.2,1.888
05-07-2026-Thu 13-53-08-PM,-0.2,1.932,0.0,1.82,-0.2,1.936,-0.3,1.868,-0.2,2.012,-0.4,1.976,-0.2,1.884,0.1,1.876
05-07-2026-Thu 13-53-09-PM,-0.1,1.924,-0.2,1.812,-0.2,1.928,-0.4,1.86,-0.3,1.996,-0.1,1.964,-0.1,1.88,0.0,1.868
05-07-2026-Thu 13-53-10-PM,-0.2,1.912,-0.1,1.812,-0.3,1.92,-0.2,1.852,-0.2,1.992,-0.2,1.948,-0.4,1.872,-0.2,1.86
05-07-2026-Thu 13-53-12-PM,-0.1,1.908,-0.3,1.8,-0.2,1.908,-0.5,1.848,0.0,1.976,-0.2,1.94,-0.1,1.864,-0.1,1.852
05-07-2026-Thu 13-53-13-PM,0.0,1.9,-0.3,1.796,-0.3,1.904,-0.4,1.844,-0.1,1.968,-0.2,1.928,-0.3,1.86,-0.3,1.844
05-07-2026-Thu 13-53-15-PM,0.0,1.888,-0.2,1.788,-0.1,1.892,-0.4,1.836,-0.1,1.96,-0.2,1.916,-0.1,1.852,-0.3,1.836
05-07-2026-Thu 13-53-16-PM,-0.2,1.884,-0.1,1.78,-0.2,1.888,-0.3,1.828,-0.1,1.952,0.0,1.908,0.0,1.844,-0.2,1.828
05-07-2026-Thu 13-53-18-PM,-0.1,1.88,0.0,1.776,-0.4,1.88,0.0,1.824,-0.1,1.944,-0.2,1.896,-0.2,1.84,-0.2,1.816
05-07-2026-Thu 13-53-20-PM,-0.2,1.864,-0.3,1.768,-0.4,1.868,-0.4,1.812,-0.3,1.928,-0.3,1.88,-0.3,1.828,-0.1,1.804
05-07-2026-Thu 13-53-23-PM,7.1,5.048,9.1,5.044,10.4,5.036,7.3,5.056,10.8,5.032,11.6,5.048,12.6,5.024,12.0,5.024
05-07-2026-Thu 13-53-25-PM,6.6,5.04,8.3,5.04,9.7,5.036,7.0,5.052,10.2,5.028,11.1,5.044,11.9,5.02,11.3,5.024
05-07-2026-Thu 13-53-27-PM,6.6,5.04,8.5,5.04,9.7,5.036,7.0,5.052,10.1,5.028,11.0,5.044,11.3,5.02,10.9,5.024
05-07-2026-Thu 13-53-28-PM,6.3,5.044,8.4,5.04,9.7,5.036,6.9,5.052,10.3,5.032,11.1,5.044,11.2,5.024,11.0,5.024
05-07-2026-Thu 13-53-30-PM,6.7,5.04,8.6,5.04,9.9,5.036,6.7,5.052,10.1,5.032,11.0,5.044,11.5,5.024,10.7,5.024
05-07-2026-Thu 13-53-31-PM,6.5,5.04,8.2,5.04,9.4,5.036,6.9,5.052,10.2,5.028,10.8,5.044,11.3,5.02,10.9,5.024
05-07-2026-Thu 13-53-33-PM,6.7,5.044,8.3,5.04,9.5,5.036,6.7,5.048,9.9,5.032,10.8,5.044,11.4,5.024,10.6,5.02
05-07-2026-Thu 13-53-34-PM,6.5,5.044,8.4,5.036,9.5,5.036,6.9,5.052,10.1,5.032,10.9,5.048,11.1,5.024,10.6,5.024
05-07-2026-Thu 13-53-36-PM,6.6,5.044,8.0,5.04,9.3,5.036,6.7,5.052,9.9,5.032,10.9,5.048,11.1,5.024,10.4,5.024
05-07-2026-Thu 13-53-37-PM,6.4,5.044,8.2,5.04,9.2,5.036,6.6,5.048,9.9,5.032,10.9,5.048,11.1,5.024,10.5,5.028
05-07-2026-Thu 13-53-39-PM,6.5,5.044,8.3,5.04,9.3,5.04,6.8,5.052,10.0,5.032,10.8,5.048,11.0,5.024,10.4,5.028
05-07-2026-Thu 13-53-40-PM,6.4,5.044,8.5,5.044,9.5,5.036,6.5,5.052,9.9,5.032,10.6,5.048,11.1,5.028,10.4,5.024
05-07-2026-Thu 13-53-41-PM,6.6,5.044,8.4,5.04,9.2,5.036,6.6,5.052,10.0,5.032,10.5,5.048,11.0,5.024,10.3,5.024
05-07-2026-Thu 13-53-43-PM,6.5,5.044,8.1,5.04,9.1,5.04,6.8,5.052,9.6,5.032,10.6,5.044,11.2,5.024,10.2,5.024
05-07-2026-Thu 13-53-44-PM,6.6,5.04,8.1,5.04,9.3,5.036,6.7,5.052,9.6,5.032,10.6,5.044,11.1,5.024,10.2,5.024
05-07-2026-Thu 13-53-45-PM,6.4,5.044,8.1,5.044,9.2,5.032,6.6,5.052,9.6,5.032,10.4,5.048,10.9,5.028,10.0,5.028
05-07-2026-Thu 13-53-47-PM,6.4,5.044,8.1,5.04,9.2,5.036,6.8,5.052,9.6,5.032,10.9,5.048,11.0,5.024,9.9,5.028
05-07-2026-Thu 13-53-48-PM,6.1,5.044,8.2,5.04,9.3,5.036,6.7,5.052,9.6,5.032,10.3,5.048,11.0,5.024,9.7,5.024
05-07-2026-Thu 13-53-49-PM,6.1,5.04,8.1,5.04,9.3,5.036,6.6,5.048,9.6,5.032,10.4,5.044,11.1,5.024,9.7,5.024
05-07-2026-Thu 13-53-51-PM,6.1,5.044,8.0,5.044,9.2,5.036,6.6,5.052,9.3,5.032,10.5,5.048,10.6,5.024,9.5,5.024
05-07-2026-Thu 13-53-52-PM,6.4,5.04,7.8,5.04,9.0,5.036,6.7,5.052,9.7,5.032,10.6,5.048,10.7,5.024,9.7,5.028
05-07-2026-Thu 13-53-54-PM,6.2,5.04,8.1,5.04,9.3,5.036,6.6,5.048,9.3,5.032,10.4,5.048,10.8,5.024,9.8,5.024
05-07-2026-Thu 13-53-55-PM,6.4,5.044,7.9,5.04,8.8,5.036,6.4,5.052,9.8,5.032,10.4,5.048,10.9,5.024,9.5,5.032
05-07-2026-Thu 13-53-56-PM,6.5,5.048,8.2,5.04,8.8,5.036,6.4,5.052,9.3,5.032,10.4,5.048,10.9,5.024,9.3,5.028
05-07-2026-Thu 13-53-58-PM,6.1,5.044,7.9,5.044,9.3,5.036,6.7,5.052,9.4,5.032,10.3,5.044,10.6,5.024,9.6,5.024
05-07-2026-Thu 13-53-59-PM,6.0,5.044,7.9,5.04,8.8,5.036,6.6,5.052,9.5,5.032,10.1,5.044,10.6,5.024,9.3,5.028
05-07-2026-Thu 13-54-00-PM,Power Off
05-07-2026-Thu 13-54-02-PM,-0.1,2.564,0.0,2.456,-0.1,2.516,-0.4,2.5,-0.1,2.656,0.0,2.648,-0.6,2.524,-0.2,2.48
05-07-2026-Thu 13-54-03-PM,-0.2,2.448,0.0,2.348,0.0,2.412,0.0,2.384,0.0,2.568,-0.1,2.548,0.0,2.416,-0.3,2.38
05-07-2026-Thu 13-54-05-PM,-0.2,2.376,-0.1,2.284,-0.2,2.352,-0.3,2.308,0.2,2.504,-0.2,2.48,0.1,2.348,-0.3,2.32
05-07-2026-Thu 13-54-06-PM,-0.3,2.328,-0.5,2.24,-0.2,2.308,-0.1,2.26,-0.4,2.456,-0.1,2.432,-0.1,2.3,-0.2,2.28
05-07-2026-Thu 13-54-07-PM,-0.1,2.292,-0.2,2.204,-0.4,2.276,-0.5,2.22,-0.2,2.416,-0.1,2.396,-0.1,2.264,-0.2,2.244
05-07-2026-Thu 13-54-09-PM,-0.2,2.264,-0.1,2.176,-0.2,2.252,-0.4,2.188,-0.2,2.38,-0.2,2.364,-0.1,2.236,-0.2,2.216
05-07-2026-Thu 13-54-10-PM,-0.3,2.24,0.0,2.152,-0.1,2.228,-0.2,2.164,0.1,2.356,-0.3,2.332,-0.3,2.208,-0.4,2.192
05-07-2026-Thu 13-54-12-PM,-0.2,2.216,0.0,2.128,-0.2,2.212,-0.1,2.136,-0.2,2.332,-0.1,2.304,-0.1,2.188,-0.3,2.172
05-07-2026-Thu 13-54-13-PM,0.1,2.196,-0.4,2.112,-0.3,2.192,-0.5,2.124,0.0,2.312,-0.3,2.284,-0.2,2.168,-0.2,2.156
05-07-2026-Thu 13-54-14-PM,-0.3,2.184,-0.3,2.092,-0.2,2.18,-0.4,2.104,0.0,2.292,-0.1,2.264,0.0,2.152,-0.3,2.144
05-07-2026-Thu 13-54-16-PM,-0.1,2.168,-0.1,2.08,0.1,2.168,-0.3,2.092,-0.2,2.272,-0.3,2.244,0.1,2.132,-0.2,2.124
05-07-2026-Thu 13-54-17-PM,-0.2,2.152,0.0,2.064,-0.1,2.152,-0.3,2.076,0.0,2.256,-0.1,2.224,-0.4,2.116,-0.3,2.112
05-07-2026-Thu 13-54-18-PM,-0.1,2.14,-0.3,2.052,0.1,2.144,-0.4,2.064,-0.3,2.236,-0.3,2.212,0.0,2.104,-0.1,2.096
05-07-2026-Thu 13-54-20-PM,-0.2,2.128,-0.1,2.04,-0.1,2.132,-0.3,2.056,0.1,2.224,-0.1,2.196,-0.1,2.088,-0.1,2.088
05-07-2026-Thu 13-54-21-PM,-0.4,2.116,-0.2,2.028,0.1,2.12,-0.2,2.044,0.0,2.208,0.1,2.18,-0.1,2.08,-0.2,2.072
05-07-2026-Thu 13-54-23-PM,-0.3,2.104,0.0,2.016,-0.3,2.112,-0.3,2.032,-0.3,2.196,-0.2,2.168,-0.1,2.064,-0.2,2.064
05-07-2026-Thu 13-54-24-PM,-0.4,2.092,-0.5,2.012,-0.4,2.104,-0.3,2.02,0.1,2.184,0.0,2.148,-0.3,2.056,-0.3,2.052
05-07-2026-Thu 13-54-25-PM,-0.1,2.084,-0.3,2.0,-0.2,2.092,-0.4,2.016,-0.3,2.176,-0.3,2.14,-0.1,2.04,0.1,2.052
05-07-2026-Thu 13-54-27-PM,-0.3,2.076,-0.2,1.992,-0.2,2.084,-0.2,2.004,0.0,2.164,-0.4,2.128,-0.3,2.032,0.0,2.036
05-07-2026-Thu 13-54-30-PM,-0.3,2.06,-0.1,1.972,-0.3,2.068,-0.4,1.992,-0.3,2.144,-0.1,2.104,-0.2,2.012,-0.1,2.024
05-07-2026-Thu 13-54-32-PM,-0.1,2.048,-0.1,1.964,-0.1,2.056,-0.2,1.98,-0.1,2.128,-0.4,2.088,-0.3,2.0,-0.1,2.012
05-07-2026-Thu 13-54-33-PM,0.0,2.04,0.0,1.96,-0.1,2.052,-0.1,1.976,-0.1,2.12,-0.1,2.076,-0.3,1.992,-0.3,2.004
05-07-2026-Thu 13-54-34-PM,-0.1,2.032,-0.1,1.952,-0.2,2.04,-0.4,1.968,-0.1,2.112,0.0,2.064,-0.4,1.98,-0.3,1.996
05-07-2026-Thu 13-54-36-PM,-0.2,2.028,-0.1,1.948,-0.3,2.036,-0.2,1.964,-0.1,2.108,-0.2,2.06,-0.1,1.976,0.0,1.992
05-07-2026-Thu 13-54-37-PM,-0.3,2.02,-0.1,1.94,0.0,2.028,-0.3,1.956,-0.2,2.096,-0.1,2.044,-0.3,1.964,0.0,1.984
05-07-2026-Thu 13-54-39-PM,-0.3,2.012,-0.1,1.932,0.0,2.02,-0.3,1.952,0.0,2.088,-0.1,2.036,0.1,1.96,0.0,1.98
05-07-2026-Thu 13-54-40-PM,-0.3,2.008,-0.1,1.928,-0.1,2.012,-0.2,1.944,-0.1,2.08,-0.1,2.024,-0.1,1.952,-0.3,1.972
05-07-2026-Thu 13-54-41-PM,-0.2,2.004,-0.1,1.924,-0.1,2.004,-0.2,1.936,-0.2,2.072,-0.1,2.016,-0.1,1.944,0.0,1.964
05-07-2026-Thu 13-54-43-PM,-0.2,1.996,-0.4,1.92,-0.1,2.0,-0.2,1.936,0.1,2.068,-0.2,2.008,0.0,1.94,-0.1,1.96
05-07-2026-Thu 13-54-44-PM,Power On
05-07-2026-Thu 13-54-45-PM,5.9,5.044,8.1,5.04,8.7,5.036,6.7,5.052,9.7,5.032,10.2,5.048,10.9,5.024,9.5,5.024
05-07-2026-Thu 13-54-47-PM,5.8,5.048,7.6,5.04,8.6,5.036,6.4,5.052,9.2,5.036,9.6,5.052,10.2,5.024,9.1,5.024
05-07-2026-Thu 13-54-48-PM,5.8,5.044,7.4,5.04,8.3,5.036,6.4,5.052,9.1,5.032,9.7,5.048,10.0,5.028,8.8,5.024
05-07-2026-Thu 13-54-50-PM,5.8,5.044,7.3,5.04,8.3,5.036,6.5,5.052,8.8,5.032,9.6,5.048,10.1,5.024,8.7,5.028
05-07-2026-Thu 13-54-51-PM,5.5,5.044,7.4,5.044,8.3,5.04,6.3,5.052,8.9,5.032,9.5,5.048,9.9,5.028,8.7,5.032
05-07-2026-Thu 13-54-52-PM,5.5,5.048,7.6,5.04,8.2,5.04,6.6,5.052,8.7,5.032,9.2,5.048,9.8,5.028,8.6,5.028
05-07-2026-Thu 13-54-53-PM,Power Off
05-07-2026-Thu 13-54-55-PM,0.0,2.552,-0.3,2.44,-0.1,2.512,-0.1,2.5,-0.2,2.652,-0.2,2.644,0.1,2.524,0.0,2.476
05-07-2026-Thu 13-54-56-PM,-0.1,2.428,0.0,2.324,-0.1,2.4,-0.3,2.372,-0.1,2.556,-0.1,2.54,0.1,2.404,0.1,2.368
05-07-2026-Thu 13-54-58-PM,-0.1,2.36,-0.4,2.256,-0.3,2.332,-0.3,2.292,0.0,2.492,0.0,2.468,-0.1,2.332,-0.2,2.308
05-07-2026-Thu 13-54-59-PM,-0.4,2.312,-0.2,2.208,-0.1,2.292,-0.2,2.236,-0.1,2.44,-0.2,2.416,-0.4,2.28,0.1,2.26
05-07-2026-Thu 13-55-00-PM,0.0,2.272,0.0,2.176,0.0,2.256,-0.2,2.2,-0.1,2.4,0.0,2.376,-0.1,2.24,-0.2,2.22
05-07-2026-Thu 13-55-02-PM,-0.1,2.24,-0.1,2.14,-0.3,2.224,-0.3,2.168,-0.3,2.368,-0.1,2.34,-0.3,2.208,-0.2,2.192
05-07-2026-Thu 13-55-03-PM,0.0,2.212,-0.2,2.12,-0.4,2.204,-0.5,2.14,-0.3,2.34,-0.1,2.308,0.0,2.184,-0.3,2.168
05-07-2026-Thu 13-55-05-PM,0.0,2.192,-0.4,2.1,-0.3,2.184,-0.4,2.116,0.0,2.312,-0.1,2.284,-0.2,2.16,-0.2,2.148
05-07-2026-Thu 13-55-06-PM,-0.3,2.172,-0.3,2.08,-0.1,2.168,-0.5,2.096,-0.1,2.292,-0.4,2.26,0.0,2.14,-0.2,2.128
05-07-2026-Thu 13-55-09-PM,0.1,2.136,-0.2,2.048,-0.3,2.14,-0.5,2.064,-0.2,2.252,0.0,2.22,-0.2,2.104,-0.4,2.096
05-07-2026-Thu 13-55-12-PM,0.0,2.112,-0.5,2.02,-0.3,2.112,-0.1,2.04,-0.2,2.22,-0.2,2.184,-0.1,2.076,0.1,2.068
05-07-2026-Thu 13-55-14-PM,-0.1,2.096,0.1,2.004,-0.3,2.096,-0.1,2.024,-0.2,2.204,-0.1,2.16,-0.1,2.056,-0.1,2.056
05-07-2026-Thu 13-55-15-PM,-0.3,2.088,-0.1,1.996,-0.2,2.088,-0.5,2.016,-0.3,2.188,-0.1,2.148,-0.3,2.044,-0.3,2.044
05-07-2026-Thu 13-55-16-PM,-0.1,2.072,-0.1,1.984,-0.3,2.076,-0.4,2.008,-0.1,2.172,-0.2,2.132,0.1,2.032,0.2,2.032
05-07-2026-Thu 13-55-18-PM,-0.4,2.064,-0.2,1.98,0.0,2.068,0.0,1.996,-0.2,2.164,-0.3,2.12,0.1,2.02,-0.1,2.024
05-07-2026-Thu 13-55-19-PM,-0.4,2.056,-0.2,1.972,-0.4,2.06,-0.1,1.992,-0.2,2.152,-0.3,2.108,0.1,2.012,0.1,2.016
05-07-2026-Thu 13-55-20-PM,0.0,2.044,-0.1,1.96,-0.3,2.052,-0.5,1.98,-0.2,2.14,-0.2,2.092,0.0,2.0,0.2,2.008
05-07-2026-Thu 13-55-22-PM,-0.4,2.04,-0.1,1.956,0.0,2.04,-0.1,1.976,-0.3,2.132,-0.1,2.08,0.0,1.988,-0.5,2.0
05-07-2026-Thu 13-55-23-PM,-0.4,2.032,-0.1,1.948,-0.4,2.036,-0.4,1.964,0.0,2.12,-0.2,2.068,0.2,1.984,-0.2,1.992
05-07-2026-Thu 13-55-25-PM,-0.1,2.024,-0.4,1.94,-0.2,2.024,-0.3,1.96,-0.1,2.112,0.0,2.056,-0.1,1.976,0.0,1.984
05-07-2026-Thu 13-55-26-PM,0.0,2.016,-0.3,1.936,-0.2,2.02,-0.5,1.956,-0.2,2.1,-0.1,2.048,-0.1,1.968,0.0,1.976
05-07-2026-Thu 13-55-27-PM,-0.2,2.008,-0.2,1.928,-0.1,2.012,-0.3,1.948,-0.2,2.096,-0.1,2.036,-0.1,1.956,-0.1,1.972
05-07-2026-Thu 13-55-29-PM,-0.2,2.0,0.0,1.924,-0.1,2.0,-0.3,1.944,-0.1,2.084,-0.2,2.028,-0.2,1.948,-0.1,1.964
05-07-2026-Thu 13-55-30-PM,-0.1,1.996,-0.3,1.916,-0.3,1.996,-0.2,1.936,0.0,2.08,0.0,2.016,-0.3,1.944,-0.1,1.956
05-07-2026-Thu 13-55-32-PM,-0.3,1.992,-0.2,1.908,0.0,1.988,0.1,1.932,-0.1,2.068,0.0,2.004,-0.1,1.936,0.1,1.948
05-07-2026-Thu 13-55-33-PM,-0.2,1.988,-0.2,1.908,-0.3,1.98,-0.2,1.928,0.0,2.06,-0.1,1.996,-0.3,1.932,0.0,1.944
05-07-2026-Thu 13-55-34-PM,-0.4,1.98,-0.1,1.9,0.0,1.976,-0.3,1.92,-0.1,2.052,-0.3,1.988,-0.1,1.928,-0.3,1.94
05-07-2026-Thu 13-55-36-PM,-0.1,1.972,0.0,1.9,-0.1,1.968,-0.4,1.916,-0.4,2.044,0.2,1.976,0.0,1.92,-0.4,1.932
05-07-2026-Thu 13-55-37-PM,-0.2,1.968,0.0,1.896,-0.1,1.96,-0.4,1.912,-0.2,2.036,-0.2,1.968,0.1,1.912,-0.1,1.928
05-07-2026-Thu 13-55-39-PM,Power On
05-07-2026-Thu 13-55-40-PM,5.6,5.04,7.2,5.04,8.0,5.036,6.4,5.052,8.9,5.032,9.2,5.048,9.8,5.028,8.6,5.028
05-07-2026-Thu 13-55-43-PM,5.2,5.044,6.7,5.044,7.5,5.036,6.0,5.052,8.3,5.032,8.9,5.048,9.2,5.028,8.0,5.028
05-07-2026-Thu 13-55-44-PM,5.3,5.044,6.8,5.04,7.6,5.036,6.1,5.052,8.1,5.032,8.8,5.048,9.0,5.028,7.7,5.028
05-07-2026-Thu 13-55-46-PM,Power Off
05-07-2026-Thu 13-55-47-PM,-0.3,2.54,-0.3,2.424,-0.2,2.504,-0.5,2.484,0.0,2.648,-0.2,2.644,-0.3,2.516,-0.4,2.472
05-07-2026-Thu 13-55-48-PM,-0.2,2.42,-0.1,2.304,-0.1,2.392,-0.2,2.356,0.1,2.552,0.0,2.536,0.1,2.392,-0.1,2.36
05-07-2026-Thu 13-55-50-PM,-0.4,2.344,-0.3,2.232,-0.4,2.328,-0.4,2.28,-0.2,2.488,-0.2,2.464,-0.1,2.324,-0.1,2.296
05-07-2026-Thu 13-55-51-PM,-0.3,2.296,-0.1,2.188,0.0,2.28,-0.2,2.224,-0.4,2.436,-0.2,2.412,-0.3,2.268,-0.2,2.252
05-07-2026-Thu 13-55-52-PM,0.0,2.256,-0.1,2.148,0.0,2.244,-0.2,2.184,-0.1,2.396,0.1,2.368,0.0,2.232,-0.2,2.212
05-07-2026-Thu 13-55-54-PM,-0.1,2.224,-0.1,2.12,-0.3,2.216,-0.4,2.152,0.0,2.36,-0.1,2.332,-0.3,2.196,-0.3,2.18
05-07-2026-Thu 13-55-55-PM,-0.2,2.196,-0.1,2.096,-0.2,2.192,-0.2,2.124,-0.2,2.332,-0.1,2.3,-0.5,2.172,-0.3,2.156
05-07-2026-Thu 13-55-57-PM,-0.2,2.18,-0.3,2.076,-0.4,2.172,-0.2,2.104,-0.1,2.304,-0.1,2.276,-0.1,2.148,-0.1,2.136
05-07-2026-Thu 13-55-58-PM,-0.1,2.16,-0.2,2.056,-0.2,2.152,-0.1,2.084,0.0,2.284,-0.2,2.252,0.0,2.128,-0.4,2.112
05-07-2026-Thu 13-55-59-PM,-0.2,2.14,0.0,2.04,-0.4,2.136,-0.3,2.068,0.0,2.264,0.1,2.228,-0.2,2.108,0.0,2.1
05-07-2026-Thu 13-56-01-PM,0.0,2.12,-0.2,2.024,0.0,2.124,-0.2,2.052,-0.1,2.244,0.0,2.204,-0.2,2.092,-0.3,2.08
05-07-2026-Thu 13-56-02-PM,-0.2,2.108,0.0,2.012,-0.2,2.108,-0.3,2.036,-0.2,2.224,-0.3,2.192,-0.1,2.076,-0.2,2.068
05-07-2026-Thu 13-56-04-PM,-0.4,2.096,-0.2,2.0,-0.1,2.096,-0.2,2.024,-0.2,2.208,-0.2,2.172,-0.1,2.056,-0.1,2.056
05-07-2026-Thu 13-56-05-PM,-0.1,2.084,-0.1,1.992,-0.2,2.084,-0.2,2.016,0.0,2.196,-0.1,2.152,0.0,2.044,0.1,2.04
05-07-2026-Thu 13-56-06-PM,-0.2,2.072,-0.4,1.976,-0.2,2.076,-0.2,2.008,-0.3,2.184,-0.4,2.136,0.2,2.032,-0.1,2.032
05-07-2026-Thu 13-56-08-PM,-0.4,2.06,-0.4,1.968,-0.2,2.06,-0.3,1.996,-0.2,2.172,-0.1,2.124,-0.5,2.016,0.1,2.02
05-07-2026-Thu 13-56-09-PM,-0.1,2.052,-0.1,1.96,0.0,2.052,-0.3,1.988,-0.2,2.156,0.0,2.108,-0.1,2.008,-0.1,2.012
05-07-2026-Thu 13-56-11-PM,-0.1,2.04,-0.2,1.952,-0.1,2.044,-0.2,1.98,0.1,2.144,-0.3,2.096,-0.2,1.996,-0.3,2.0
05-07-2026-Thu 13-56-12-PM,-0.2,2.028,-0.2,1.94,-0.3,2.032,0.0,1.968,0.0,2.136,-0.2,2.08,-0.3,1.984,0.1,1.992
05-07-2026-Thu 13-56-13-PM,-0.1,2.024,-0.2,1.936,0.1,2.024,-0.3,1.964,0.0,2.124,0.1,2.068,0.1,1.98,-0.2,1.984
05-07-2026-Thu 13-56-15-PM,-0.3,2.016,-0.3,1.932,-0.2,2.016,0.1,1.96,-0.2,2.112,-0.1,2.056,-0.2,1.972,-0.2,1.98
05-07-2026-Thu 13-56-16-PM,-0.1,2.004,-0.2,1.92,-0.1,2.008,-0.2,1.952,-0.3,2.104,-0.1,2.044,0.0,1.96,-0.2,1.968
05-07-2026-Thu 13-56-18-PM,-0.2,2.0,-0.2,1.916,-0.2,2.0,-0.3,1.948,0.0,2.092,-0.2,2.032,-0.1,1.956,-0.3,1.96
05-07-2026-Thu 13-56-19-PM,-0.1,1.992,0.0,1.908,0.0,1.992,-0.1,1.94,-0.2,2.084,-0.2,2.024,-0.3,1.944,-0.2,1.952
05-07-2026-Thu 13-56-20-PM,-0.2,1.988,-0.3,1.904,-0.3,1.984,-0.2,1.932,-0.4,2.076,0.1,2.012,-0.2,1.936,-0.1,1.944
05-07-2026-Thu 13-56-22-PM,-0.3,1.98,-0.1,1.896,-0.4,1.976,-0.2,1.928,-0.2,2.068,-0.2,2.0,-0.2,1.936,-0.3,1.944
05-07-2026-Thu 13-56-23-PM,0.0,1.976,-0.2,1.892,-0.2,1.972,-0.2,1.92,-0.1,2.056,-0.1,1.988,-0.2,1.924,-0.1,1.932
05-07-2026-Thu 13-56-25-PM,0.0,1.968,-0.2,1.888,-0.1,1.964,-0.4,1.916,0.1,2.052,-0.1,1.984,-0.4,1.92,-0.4,1.924
05-07-2026-Thu 13-56-26-PM,0.0,1.964,-0.3,1.88,-0.3,1.956,-0.1,1.908,-0.1,2.044,-0.1,1.972,-0.1,1.912,-0.3,1.92
05-07-2026-Thu 13-56-27-PM,0.1,1.956,-0.1,1.876,0.0,1.956,-0.1,1.904,-0.1,2.036,0.0,1.964,0.0,1.908,-0.2,1.912
05-07-2026-Thu 13-56-29-PM,-0.1,1.956,-0.2,1.876,-0.1,1.944,-0.3,1.904,-0.1,2.028,0.0,1.952,-0.3,1.904,-0.1,1.912
05-07-2026-Thu 13-56-30-PM,-0.4,1.948,-0.3,1.868,-0.1,1.94,-0.4,1.9,-0.4,2.02,-0.1,1.948,0.0,1.892,0.1,1.904
05-07-2026-Thu 13-56-31-PM,-0.2,1.944,0.0,1.864,-0.2,1.936,-0.3,1.892,-0.2,2.016,0.0,1.94,-0.1,1.892,-0.1,1.9
05-07-2026-Thu 13-56-33-PM,-0.3,1.94,-0.3,1.86,-0.3,1.932,-0.3,1.888,-0.1,2.004,-0.2,1.932,-0.3,1.888,-0.1,1.896
05-07-2026-Thu 13-56-34-PM,-0.4,1.932,-0.3,1.856,-0.2,1.924,-0.6,1.884,0.0,2.004,-0.1,1.92,0.0,1.88,-0.1,1.888
05-07-2026-Thu 13-56-36-PM,-0.3,1.932,-0.1,1.852,0.0,1.916,0.0,1.884,0.2,1.992,0.0,1.916,-0.1,1.876,0.0,1.884
05-07-2026-Thu 13-56-37-PM,-0.4,1.928,-0.2,1.844,-0.1,1.916,-0.1,1.876,0.1,1.988,0.0,1.908,-0.1,1.872,-0.2,1.884
05-07-2026-Thu 13-56-38-PM,-0.4,1.92,-0.3,1.844,-0.2,1.912,-0.1,1.876,0.0,1.98,-0.2,1.9,-0.3,1.872,0.1,1.876
05-07-2026-Thu 13-56-40-PM,-0.4,1.916,-0.4,1.84,0.0,1.904,-0.3,1.872,-0.1,1.976,-0.3,1.896,-0.4,1.864,-0.2,1.868
05-07-2026-Thu 13-56-43-PM,-0.2,1.908,-0.1,1.832,-0.3,1.896,-0.5,1.864,0.0,1.964,-0.3,1.88,-0.2,1.86,-0.1,1.864
05-07-2026-Thu 13-56-45-PM,-0.1,1.904,-0.2,1.828,-0.4,1.888,-0.3,1.86,-0.1,1.956,-0.1,1.872,-0.3,1.852,-0.1,1.86
05-07-2026-Thu 13-56-46-PM,-0.1,1.904,0.0,1.82,-0.4,1.888,-0.4,1.86,-0.1,1.948,0.1,1.868,-0.3,1.848,-0.2,1.856
05-07-2026-Thu 13-56-47-PM,-0.3,1.9,-0.1,1.824,0.2,1.88,-0.4,1.856,-0.3,1.948,0.0,1.856,-0.3,1.848,-0.1,1.848
05-07-2026-Thu 13-56-49-PM,-0.3,1.892,-0.1,1.82,-0.1,1.88,-0.2,1.852,0.0,1.944,-0.3,1.856,-0.2,1.844,-0.2,1.844
05-07-2026-Thu 13-56-50-PM,-0.3,1.892,-0.4,1.816,-0.2,1.876,-0.4,1.848,-0.1,1.936,0.0,1.852,0.1,1.84,-0.2,1.84
05-07-2026-Thu 13-56-51-PM,-0.1,1.888,-0.1,1.812,-0.3,1.872,-0.2,1.848,0.1,1.932,-0.4,1.844,-0.4,1.836,-0.4,1.84
05-07-2026-Thu 13-56-53-PM,-0.1,1.884,-0.3,1.808,-0.1,1.868,-0.1,1.844,-0.4,1.928,0.2,1.84,-0.3,1.836,-0.3,1.832
05-07-2026-Thu 13-56-54-PM,0.1,1.88,-0.1,1.808,0.0,1.864,-0.5,1.84,-0.2,1.924,-0.2,1.836,0.0,1.828,-0.3,1.832
05-07-2026-Thu 13-56-56-PM,-0.1,1.876,-0.2,1.804,-0.1,1.856,-0.5,1.84,-0.3,1.92,-0.1,1.828,-0.4,1.828,0.1,1.824
05-07-2026-Thu 13-56-57-PM,-0.4,1.872,-0.2,1.804,-0.3,1.856,0.0,1.836,-0.3,1.916,-0.3,1.824,0.0,1.828,-0.3,1.824
05-07-2026-Thu 13-56-58-PM,-0.2,1.872,0.0,1.8,-0.3,1.852,-0.2,1.832,0.0,1.908,-0.3,1.82,-0.4,1.824,0.0,1.82
05-07-2026-Thu 13-57-00-PM,-0.1,1.868,-0.2,1.796,-0.1,1.848,-0.1,1.828,-0.3,1.904,-0.2,1.816,0.0,1.82,0.0,1.816
05-07-2026-Thu 13-57-01-PM,-0.2,1.864,-0.2,1.792,-0.1,1.844,-0.1,1.828,-0.3,1.904,-0.2,1.812,-0.1,1.82,-0.5,1.812
05-07-2026-Thu 13-57-03-PM,-0.1,1.86,0.2,1.788,-0.1,1.844,0.0,1.824,-0.1,1.9,-0.3,1.808,-0.2,1.816,-0.1,1.804
05-07-2026-Thu 13-57-04-PM,-0.1,1.86,-0.1,1.784,-0.1,1.84,-0.2,1.824,-0.2,1.896,-0.2,1.804,-0.1,1.816,-0.1,1.804
05-07-2026-Thu 13-57-05-PM,-0.3,1.852,-0.2,1.784,-0.3,1.84,-0.3,1.82,0.1,1.892,-0.1,1.8,-0.2,1.812,0.0,1.8
05-07-2026-Thu 13-57-07-PM,-0.5,1.852,-0.1,1.78,-0.5,1.832,-0.3,1.816,0.1,1.888,0.0,1.796,-0.1,1.808,-0.1,1.8
05-07-2026-Thu 13-57-08-PM,-0.3,1.848,0.0,1.78,-0.3,1.832,-0.5,1.816,-0.3,1.884,-0.1,1.792,-0.4,1.808,0.1,1.796
05-07-2026-Thu 13-57-10-PM,-0.2,1.844,0.1,1.776,-0.2,1.828,-0.1,1.812,0.0,1.884,-0.1,1.788,-0.2,1.804,0.0,1.792
05-07-2026-Thu 13-57-11-PM,-0.1,1.84,-0.4,1.772,-0.2,1.824,-0.2,1.812,-0.1,1.876,-0.1,1.784,-0.1,1.804,-0.1,1.792
05-07-2026-Thu 13-57-13-PM,-0.1,1.84,0.1,1.768,-0.1,1.824,-0.2,1.808,-0.2,1.872,-0.2,1.78,-0.1,1.8,-0.2,1.788
05-07-2026-Thu 13-57-14-PM,-0.1,1.84,0.0,1.768,-0.1,1.82,-0.1,1.808,0.1,1.872,-0.1,1.776,0.0,1.8,-0.1,1.78
05-07-2026-Thu 13-57-15-PM,-0.2,1.832,-0.4,1.764,0.0,1.816,-0.1,1.804,0.0,1.868,-0.1,1.772,-0.3,1.796,-0.3,1.78
05-07-2026-Thu 13-57-17-PM,-0.2,1.832,0.0,1.764,-0.2,1.812,-0.3,1.804,-0.1,1.864,-0.1,1.768,0.2,1.792,-0.2,1.776
05-07-2026-Thu 13-57-18-PM,-0.2,1.828,-0.1,1.764,0.1,1.812,-0.1,1.8,-0.4,1.86,-0.1,1.768,-0.1,1.792,-0.1,1.772
05-07-2026-Thu 13-57-20-PM,-0.1,1.828,-0.2,1.76,-0.1,1.808,0.0,1.796,-0.3,1.86,0.0,1.764,-0.4,1.792,-0.1,1.772
05-07-2026-Thu 13-57-21-PM,-0.1,1.824,-0.2,1.756,-0.2,1.808,-0.2,1.792,-0.3,1.856,0.2,1.756,-0.1,1.792,0.0,1.768
05-07-2026-Thu 13-57-22-PM,-0.3,1.82,0.0,1.756,-0.3,1.804,-0.4,1.792,-0.1,1.852,-0.1,1.756,-0.1,1.788,0.1,1.764
05-07-2026-Thu 13-57-24-PM,-0.1,1.816,-0.2,1.752,-0.1,1.8,-0.4,1.788,-0.2,1.848,0.1,1.752,-0.1,1.784,-0.2,1.76
05-07-2026-Thu 13-57-25-PM,-0.3,1.816,0.0,1.756,-0.4,1.796,-0.2,1.788,-0.1,1.848,0.1,1.752,-0.4,1.784,0.0,1.756
05-07-2026-Thu 13-57-27-PM,-0.4,1.816,-0.1,1.748,-0.2,1.796,-0.3,1.788,-0.3,1.844,-0.1,1.744,0.0,1.784,-0.1,1.756
05-07-2026-Thu 13-57-28-PM,0.0,1.808,-0.3,1.744,-0.2,1.792,-0.2,1.784,-0.2,1.84,-0.1,1.744,0.0,1.776,-0.1,1.752
05-07-2026-Thu 13-57-29-PM,-0.2,1.804,-0.3,1.744,-0.3,1.792,-0.3,1.78,0.0,1.84,-0.4,1.74,0.0,1.776,0.0,1.752
05-07-2026-Thu 13-57-31-PM,-0.3,1.804,0.0,1.74,-0.1,1.788,-0.2,1.776,0.0,1.836,0.0,1.732,0.1,1.776,0.0,1.748
05-07-2026-Thu 13-57-32-PM,-0.2,1.804,-0.3,1.736,-0.3,1.788,-0.2,1.776,-0.1,1.832,0.1,1.732,0.1,1.772,-0.4,1.748
05-07-2026-Thu 13-57-34-PM,-0.2,1.804,-0.4,1.74,-0.3,1.784,-0.1,1.776,0.0,1.828,-0.2,1.732,-0.2,1.772,-0.1,1.744
05-07-2026-Thu 13-57-35-PM,0.0,1.8,0.2,1.736,0.1,1.784,-0.1,1.772,0.1,1.828,-0.1,1.728,-0.1,1.772,-0.2,1.74
05-07-2026-Thu 13-57-36-PM,-0.3,1.796,-0.2,1.732,-0.2,1.776,-0.4,1.776,-0.3,1.828,-0.1,1.724,-0.1,1.768,0.1,1.74
05-07-2026-Thu 13-57-38-PM,-0.3,1.792,-0.2,1.728,-0.3,1.776,-0.3,1.768,0.0,1.824,-0.2,1.724,-0.2,1.768,0.2,1.736
05-07-2026-Thu 13-57-39-PM,0.0,1.792,0.0,1.728,-0.3,1.776,-0.2,1.768,-0.1,1.82,-0.2,1.72,0.0,1.764,0.0,1.736
05-07-2026-Thu 13-57-41-PM,-0.1,1.784,0.1,1.724,-0.2,1.772,-0.1,1.768,-0.1,1.82,-0.2,1.72,-0.1,1.764,-0.3,1.732
05-07-2026-Thu 13-57-42-PM,0.0,1.784,0.0,1.724,-0.4,1.772,-0.3,1.764,0.0,1.816,0.0,1.716,-0.1,1.764,-0.1,1.728
05-07-2026-Thu 13-57-43-PM,-0.1,1.784,0.0,1.72,-0.2,1.768,-0.1,1.76,0.0,1.816,-0.2,1.716,-0.1,1.764,0.0,1.724
05-07-2026-Thu 13-57-45-PM,-0.3,1.78,0.0,1.724,0.1,1.768,-0.4,1.76,-0.2,1.812,-0.1,1.712,-0.3,1.76,-0.3,1.724
05-07-2026-Thu 13-57-46-PM,-0.1,1.78,-0.3,1.72,-0.2,1.764,-0.4,1.76,-0.1,1.812,-0.3,1.708,0.0,1.756,-0.1,1.72
05-07-2026-Thu 13-57-47-PM,0.0,1.776,-0.2,1.716,0.0,1.764,-0.1,1.756,-0.1,1.812,-0.4,1.704,-0.4,1.756,-0.3,1.72
05-07-2026-Thu 13-57-49-PM,-0.1,1.772,-0.3,1.716,-0.3,1.76,-0.3,1.756,-0.3,1.808,-0.2,1.7,-0.3,1.756,-0.2,1.716
05-07-2026-Thu 13-57-50-PM,-0.1,1.776,0.0,1.712,-0.2,1.76,-0.3,1.752,-0.3,1.808,-0.2,1.7,-0.2,1.752,0.0,1.712
05-07-2026-Thu 13-57-52-PM,-0.2,1.772,-0.1,1.712,-0.3,1.756,-0.3,1.752,-0.1,1.804,-0.4,1.7,-0.1,1.752,0.0,1.712
05-07-2026-Thu 13-57-53-PM,0.1,1.768,-0.2,1.708,-0.1,1.752,-0.1,1.752,-0.1,1.8,-0.1,1.696,-0.2,1.748,-0.2,1.708
05-07-2026-Thu 13-57-54-PM,-0.1,1.764,0.2,1.708,-0.3,1.752,-0.3,1.744,-0.1,1.8,-0.1,1.692,-0.1,1.748,-0.2,1.704
05-07-2026-Thu 13-57-56-PM,0.0,1.764,-0.1,1.704,-0.3,1.748,-0.2,1.744,-0.1,1.8,-0.1,1.692,-0.1,1.748,-0.1,1.708
05-07-2026-Thu 13-57-57-PM,-0.2,1.764,-0.1,1.708,-0.1,1.748,-0.2,1.74,-0.4,1.796,0.0,1.688,-0.2,1.744,-0.1,1.704
05-07-2026-Thu 13-57-59-PM,-0.2,1.76,-0.1,1.704,-0.5,1.748,-0.2,1.74,0.0,1.8,-0.1,1.688,-0.1,1.744,-0.1,1.7
05-07-2026-Thu 13-58-00-PM,Power On
05-07-2026-Thu 13-58-01-PM,4.9,5.048,6.4,5.044,7.1,5.04,6.0,5.052,8.0,5.036,8.4,5.052,8.6,5.028,7.7,5.032
05-07-2026-Thu 13-58-03-PM,4.8,5.044,5.9,5.044,6.7,5.036,5.8,5.056,7.6,5.036,7.8,5.052,8.0,5.032,7.3,5.032
05-07-2026-Thu 13-58-04-PM,4.7,5.048,5.8,5.048,6.7,5.04,5.5,5.056,7.2,5.036,7.6,5.052,7.9,5.028,6.9,5.032
05-07-2026-Thu 13-58-05-PM,4.2,5.048,5.8,5.044,6.4,5.04,5.4,5.056,7.1,5.036,7.5,5.052,7.8,5.032,6.8,5.032
05-07-2026-Thu 13-58-07-PM,4.4,5.048,5.8,5.048,6.3,5.044,5.4,5.056,7.3,5.04,7.3,5.056,7.6,5.032,6.7,5.032
05-07-2026-Thu 13-58-08-PM,Power Off
05-07-2026-Thu 13-58-09-PM,-0.1,2.54,0.0,2.42,-0.2,2.504,-0.3,2.484,0.0,2.64,-0.2,2.636,-0.4,2.512,-0.2,2.456
05-07-2026-Thu 13-58-11-PM,-0.2,2.404,-0.1,2.28,-0.3,2.38,-0.2,2.344,0.1,2.54,-0.3,2.524,-0.3,2.384,-0.3,2.34
05-07-2026-Thu 13-58-12-PM,-0.1,2.32,-0.3,2.208,0.1,2.308,-0.3,2.264,-0.1,2.472,0.0,2.452,-0.4,2.304,-0.1,2.276
05-07-2026-Thu 13-58-14-PM,0.0,2.264,-0.1,2.152,-0.2,2.26,-0.1,2.204,0.0,2.42,0.1,2.392,0.0,2.248,-0.2,2.224
05-07-2026-Thu 13-58-16-PM,0.0,2.188,-0.1,2.076,-0.1,2.188,-0.3,2.124,-0.1,2.34,-0.6,2.308,-0.4,2.172,-0.3,2.152
05-07-2026-Thu 13-58-19-PM,-0.2,2.132,-0.2,2.028,0.1,2.14,-0.3,2.072,0.1,2.284,0.0,2.244,-0.4,2.12,-0.1,2.1
05-07-2026-Thu 13-58-21-PM,-0.3,2.104,-0.2,2.0,-0.3,2.116,-0.2,2.044,-0.1,2.252,-0.2,2.212,-0.3,2.088,-0.5,2.076
05-07-2026-Thu 13-58-23-PM,-0.2,2.088,-0.1,1.984,-0.2,2.096,-0.7,2.032,-0.4,2.232,-0.2,2.188,-0.3,2.072,-0.2,2.06
05-07-2026-Thu 13-58-24-PM,-0.1,2.068,-0.1,1.968,-0.4,2.08,-0.2,2.016,-0.1,2.212,-0.2,2.168,0.1,2.052,-0.1,2.04
05-07-2026-Thu 13-58-25-PM,-0.1,2.056,0.0,1.952,-0.2,2.068,-0.7,2.0,0.0,2.196,-0.2,2.148,-0.4,2.036,0.0,2.028
05-07-2026-Thu 13-58-27-PM,-0.3,2.044,-0.2,1.944,0.2,2.056,-0.1,1.988,-0.1,2.18,-0.1,2.132,-0.1,2.024,-0.1,2.016
05-07-2026-Thu 13-58-28-PM,-0.2,2.028,-0.1,1.928,0.1,2.036,-0.1,1.976,-0.1,2.168,-0.1,2.116,-0.1,2.008,0.0,2.0
05-07-2026-Thu 13-58-30-PM,-0.1,2.016,-0.2,1.92,-0.1,2.032,-0.1,1.964,-0.1,2.152,-0.1,2.096,-0.3,1.996,-0.1,1.992
05-07-2026-Thu 13-58-31-PM,-0.2,2.008,0.2,1.908,-0.3,2.02,-0.2,1.956,0.2,2.136,-0.2,2.08,-0.3,1.988,-0.1,1.976
05-07-2026-Thu 13-58-32-PM,-0.1,1.992,-0.1,1.9,-0.3,2.008,-0.1,1.948,0.1,2.124,-0.1,2.068,-0.4,1.976,-0.2,1.968
05-07-2026-Thu 13-58-34-PM,-0.3,1.984,-0.2,1.888,0.1,2.0,-0.4,1.94,-0.3,2.112,-0.2,2.052,-0.1,1.964,0.0,1.956
05-07-2026-Thu 13-58-35-PM,0.0,1.976,0.0,1.88,-0.5,1.988,-0.2,1.928,-0.1,2.1,0.1,2.04,-0.3,1.956,-0.2,1.948
05-07-2026-Thu 13-58-36-PM,-0.3,1.964,-0.1,1.872,-0.1,1.98,-0.3,1.924,0.0,2.088,-0.2,2.028,0.0,1.948,-0.1,1.94
05-07-2026-Thu 13-58-38-PM,-0.1,1.956,0.0,1.868,-0.1,1.968,-0.1,1.916,-0.2,2.076,0.0,2.012,-0.3,1.94,0.1,1.928
05-07-2026-Thu 13-58-39-PM,-0.2,1.948,-0.3,1.86,-0.3,1.96,-0.3,1.908,-0.2,2.068,-0.1,2.0,-0.3,1.928,-0.3,1.92
05-07-2026-Thu 13-58-41-PM,Power On
05-07-2026-Thu 13-58-42-PM,4.8,5.044,5.7,5.044,6.2,5.04,5.2,5.056,7.1,5.036,7.5,5.052,7.8,5.032,6.8,5.032
05-07-2026-Thu 13-58-43-PM,4.5,5.048,5.6,5.048,6.1,5.044,5.1,5.056,7.0,5.04,7.2,5.052,7.4,5.032,6.2,5.032
05-07-2026-Thu 13-58-45-PM,4.5,5.048,5.6,5.048,5.9,5.044,5.2,5.056,6.7,5.04,7.1,5.052,7.3,5.032,5.9,5.036
05-07-2026-Thu 13-58-46-PM,4.3,5.048,5.2,5.048,6.1,5.044,5.0,5.06,6.6,5.04,6.8,5.052,7.3,5.032,6.2,5.036
05-07-2026-Thu 13-58-48-PM,4.2,5.048,5.7,5.044,6.0,5.044,5.0,5.056,6.5,5.04,6.9,5.052,7.1,5.032,6.0,5.036
05-07-2026-Thu 13-58-49-PM,4.0,5.048,5.3,5.048,5.9,5.04,4.9,5.056,6.4,5.04,6.9,5.052,6.9,5.036,6.0,5.036
05-07-2026-Thu 13-58-52-PM,4.1,5.052,5.2,5.052,6.0,5.044,5.1,5.056,6.4,5.04,6.7,5.052,7.1,5.036,6.0,5.036
05-07-2026-Thu 13-58-55-PM,-0.4,2.576,0.0,2.48,-0.4,2.544,-0.5,2.536,-0.2,2.684,-0.1,2.68,0.0,2.564,0.0,2.508
05-07-2026-Thu 13-58-56-PM,-0.3,2.456,-0.2,2.356,-0.5,2.44,-0.4,2.416,-0.1,2.6,0.3,2.572,-0.3,2.444,0.2,2.412
05-07-2026-Thu 13-58-57-PM,-0.4,2.376,0.0,2.28,-0.3,2.368,-0.2,2.336,-0.1,2.536,-0.2,2.504,-0.4,2.372,0.0,2.34
05-07-2026-Thu 13-58-59-PM,-0.1,2.328,0.0,2.228,0.0,2.316,-0.4,2.28,0.1,2.484,-0.3,2.448,-0.5,2.316,-0.5,2.292
05-07-2026-Thu 13-59-00-PM,-0.3,2.284,-0.3,2.188,-0.1,2.28,-0.2,2.232,-0.1,2.444,-0.3,2.404,-0.2,2.272,0.0,2.248
05-07-2026-Thu 13-59-02-PM,-0.5,2.248,-0.1,2.152,-0.1,2.248,-0.3,2.196,-0.2,2.408,-0.1,2.364,-0.2,2.244,0.0,2.22
05-07-2026-Thu 13-59-03-PM,-0.4,2.22,-0.2,2.128,-0.2,2.22,-0.3,2.168,-0.1,2.38,-0.4,2.332,-0.4,2.212,-0.2,2.196
05-07-2026-Thu 13-59-04-PM,-0.2,2.196,0.0,2.104,-0.1,2.2,-0.3,2.144,-0.2,2.352,-0.2,2.304,0.1,2.188,0.1,2.172
05-07-2026-Thu 13-59-06-PM,-0.2,2.176,-0.1,2.084,-0.4,2.18,-0.3,2.12,-0.2,2.328,-0.2,2.276,-0.3,2.164,-0.1,2.148
05-07-2026-Thu 13-59-07-PM,-0.1,2.156,-0.2,2.068,-0.1,2.16,-0.3,2.104,-0.2,2.304,0.0,2.252,-0.5,2.144,-0.1,2.132
05-07-2026-Thu 13-59-09-PM,0.1,2.14,-0.3,2.052,-0.4,2.144,-0.3,2.084,-0.2,2.288,-0.1,2.232,0.0,2.132,-0.1,2.116
05-07-2026-Thu 13-59-10-PM,0.0,2.124,-0.1,2.036,0.0,2.132,-0.5,2.068,0.1,2.272,-0.4,2.212,0.0,2.112,-0.2,2.1
05-07-2026-Thu 13-59-11-PM,0.0,2.108,-0.5,2.024,-0.3,2.12,-0.2,2.056,-0.3,2.252,-0.3,2.196,-0.5,2.092,-0.2,2.084
05-07-2026-Thu 13-59-13-PM,-0.3,2.092,0.0,2.012,-0.2,2.104,-0.2,2.044,-0.1,2.236,-0.1,2.18,0.0,2.08,0.0,2.072
05-07-2026-Thu 13-59-14-PM,-0.5,2.084,-0.3,1.996,-0.1,2.092,-0.2,2.032,-0.2,2.22,0.0,2.16,-0.4,2.068,-0.3,2.056
05-07-2026-Thu 13-59-16-PM,-0.3,2.072,-0.3,1.984,-0.2,2.08,-0.3,2.02,0.2,2.208,0.2,2.148,-0.1,2.056,0.1,2.048
05-07-2026-Thu 13-59-17-PM,-0.3,2.06,-0.1,1.98,-0.2,2.072,-0.3,2.008,0.0,2.196,0.0,2.132,0.0,2.044,-0.3,2.036
05-07-2026-Thu 13-59-19-PM,0.0,2.048,-0.1,1.964,-0.3,2.06,-0.4,2.0,-0.2,2.18,-0.2,2.116,-0.2,2.032,0.0,2.024
05-07-2026-Thu 13-59-20-PM,-0.3,2.04,-0.5,1.952,-0.1,2.052,-0.2,1.996,-0.2,2.168,-0.1,2.104,0.0,2.02,-0.3,2.016
05-07-2026-Thu 13-59-21-PM,-0.1,2.028,-0.3,1.948,-0.1,2.04,-0.3,1.984,0.0,2.16,-0.1,2.092,-0.2,2.008,0.0,2.008
05-07-2026-Thu 13-59-23-PM,-0.2,2.02,-0.2,1.94,-0.4,2.032,0.0,1.98,0.0,2.148,-0.2,2.076,-0.2,2.004,-0.4,1.996
05-07-2026-Thu 13-59-24-PM,-0.3,2.012,0.0,1.932,-0.3,2.028,-0.1,1.972,-0.4,2.136,0.1,2.068,-0.2,1.992,-0.1,1.992
05-07-2026-Thu 13-59-25-PM,-0.2,2.004,-0.3,1.924,-0.2,2.016,-0.4,1.96,0.1,2.128,-0.3,2.056,-0.2,1.98,-0.2,1.98
05-07-2026-Thu 13-59-27-PM,-0.4,1.996,-0.2,1.92,0.0,2.012,0.0,1.956,0.1,2.12,-0.1,2.044,-0.2,1.976,0.0,1.976
05-07-2026-Thu 13-59-28-PM,0.1,1.988,-0.1,1.908,-0.4,2.004,-0.5,1.948,-0.2,2.112,-0.1,2.032,-0.3,1.968,-0.1,1.964
05-07-2026-Thu 13-59-30-PM,-0.2,1.98,0.1,1.904,-0.4,1.992,-0.5,1.944,-0.1,2.1,0.0,2.024,-0.5,1.96,0.0,1.96
05-07-2026-Thu 13-59-31-PM,-0.2,1.976,-0.5,1.896,-0.1,1.988,-0.2,1.94,0.0,2.092,-0.3,2.012,-0.4,1.952,0.0,1.952
05-07-2026-Thu 13-59-32-PM,-0.4,1.968,-0.2,1.888,-0.1,1.98,-0.3,1.932,-0.1,2.084,-0.1,2.0,-0.1,1.944,-0.1,1.944
05-07-2026-Thu 13-59-34-PM,0.0,1.964,-0.2,1.888,-0.4,1.972,-0.1,1.928,-0.1,2.072,-0.1,1.992,-0.1,1.94,-0.1,1.94
05-07-2026-Thu 13-59-35-PM,0.0,1.956,0.0,1.88,-0.1,1.964,-0.1,1.924,-0.2,2.068,0.0,1.98,-0.1,1.932,-0.1,1.928
05-07-2026-Thu 13-59-37-PM,0.0,1.952,-0.2,1.872,0.0,1.96,0.0,1.916,0.0,2.06,-0.3,1.972,-0.1,1.928,0.0,1.928
05-07-2026-Thu 13-59-38-PM,-0.1,1.944,0.0,1.868,-0.1,1.952,-0.3,1.912,-0.2,2.052,0.0,1.964,-0.2,1.916,-0.3,1.92
05-07-2026-Thu 13-59-39-PM,-0.3,1.94,0.0,1.864,-0.1,1.948,-0.2,1.908,-0.2,2.044,0.0,1.956,-0.3,1.912,-0.3,1.912
05-07-2026-Thu 13-59-41-PM,-0.3,1.932,0.0,1.856,-0.4,1.932,-0.3,1.904,0.0,2.036,-0.3,1.948,0.0,1.908,-0.1,1.908
05-07-2026-Thu 13-59-42-PM,-0.1,1.928,-0.2,1.852,0.1,1.932,-0.3,1.896,0.0,2.028,-0.2,1.936,-0.1,1.904,-0.2,1.904
05-07-2026-Thu 13-59-44-PM,-0.2,1.92,-0.2,1.848,-0.2,1.924,-0.3,1.888,-0.3,2.02,0.1,1.928,-0.2,1.896,0.0,1.896
05-07-2026-Thu 13-59-45-PM,0.1,1.916,0.0,1.844,-0.3,1.916,-0.4,1.888,0.0,2.012,0.0,1.92,-0.1,1.888,0.0,1.892
05-07-2026-Thu 13-59-47-PM,-0.6,1.916,-0.2,1.836,-0.3,1.916,-0.1,1.884,-0.2,2.004,-0.2,1.908,-0.4,1.888,-0.3,1.884
05-07-2026-Thu 13-59-48-PM,-0.2,1.904,-0.2,1.832,-0.2,1.912,-0.3,1.876,0.1,2.0,0.2,1.904,-0.2,1.876,-0.3,1.88
05-07-2026-Thu 13-59-50-PM,-0.4,1.9,0.1,1.828,-0.3,1.904,-0.5,1.88,-0.1,1.992,-0.2,1.896,0.0,1.876,-0.4,1.876
05-07-2026-Thu 13-59-51-PM,0.0,1.9,-0.2,1.828,-0.1,1.896,-0.2,1.876,0.1,1.984,0.2,1.892,-0.3,1.872,-0.1,1.872
05-07-2026-Thu 13-59-52-PM,-0.3,1.896,-0.1,1.82,-0.3,1.896,-0.4,1.868,-0.1,1.976,-0.2,1.884,0.0,1.872,0.0,1.864
05-07-2026-Thu 13-59-54-PM,-0.4,1.888,-0.4,1.82,-0.3,1.888,0.1,1.864,-0.1,1.972,-0.1,1.876,-0.1,1.864,-0.1,1.864
05-07-2026-Thu 13-59-55-PM,-0.1,1.884,-0.1,1.812,0.0,1.884,-0.4,1.864,0.1,1.968,0.0,1.868,-0.3,1.856,0.1,1.852
05-07-2026-Thu 13-59-57-PM,-0.2,1.88,-0.1,1.808,0.0,1.88,-0.2,1.86,0.1,1.96,-0.2,1.864,-0.1,1.856,0.1,1.856
05-07-2026-Thu 13-59-58-PM,-0.1,1.88,-0.2,1.808,0.1,1.876,-0.3,1.856,0.0,1.956,0.0,1.856,-0.1,1.852,-0.2,1.848
05-07-2026-Thu 13-59-59-PM,-0.3,1.872,0.1,1.8,-0.3,1.868,-0.5,1.852,0.0,1.948,-0.2,1.852,-0.1,1.848,-0.2,1.844
05-07-2026-Thu 14-00-01-PM,-0.2,1.868,-0.3,1.8,0.0,1.864,-0.4,1.848,-0.1,1.944,0.0,1.844,0.0,1.844,-0.1,1.836
05-07-2026-Thu 14-00-02-PM,-0.2,1.864,-0.2,1.8,-0.3,1.864,-0.3,1.844,-0.1,1.94,-0.1,1.844,-0.1,1.84,-0.1,1.832
05-07-2026-Thu 14-00-04-PM,-0.1,1.86,-0.1,1.788,-0.3,1.856,-0.2,1.84,0.0,1.932,0.0,1.832,-0.1,1.84,-0.2,1.824
05-07-2026-Thu 14-00-06-PM,-0.2,1.852,-0.3,1.792,-0.2,1.852,-0.3,1.836,0.1,1.928,0.0,1.824,-0.3,1.832,-0.5,1.824
05-07-2026-Thu 14-00-07-PM,-0.1,1.852,-0.1,1.784,-0.2,1.844,-0.3,1.836,-0.4,1.92,0.0,1.82,-0.4,1.832,-0.1,1.816
05-07-2026-Thu 14-00-09-PM,0.0,1.848,0.1,1.78,-0.1,1.844,-0.4,1.832,-0.1,1.912,-0.3,1.816,-0.1,1.824,-0.2,1.812
05-07-2026-Thu 14-00-10-PM,-0.2,1.84,0.0,1.78,-0.3,1.84,-0.4,1.828,-0.2,1.912,-0.2,1.808,-0.1,1.82,-0.1,1.812
05-07-2026-Thu 14-00-11-PM,-0.2,1.84,-0.2,1.776,-0.1,1.836,-0.5,1.828,0.1,1.908,0.0,1.808,-0.4,1.82,-0.2,1.808
05-07-2026-Thu 14-00-13-PM,-0.2,1.836,-0.3,1.768,-0.2,1.832,-0.3,1.82,-0.2,1.9,0.0,1.8,-0.4,1.816,-0.1,1.8
05-07-2026-Thu 14-00-14-PM,-0.2,1.832,-0.1,1.772,-0.1,1.828,-0.3,1.82,-0.1,1.9,0.0,1.8,-0.3,1.816,-0.3,1.8
05-07-2026-Thu 14-00-16-PM,-0.4,1.832,-0.2,1.764,0.1,1.824,-0.3,1.816,-0.1,1.896,0.2,1.792,-0.2,1.812,-0.1,1.8
05-07-2026-Thu 14-00-17-PM,0.0,1.824,-0.1,1.764,-0.3,1.82,-0.3,1.816,-0.3,1.892,0.0,1.788,0.0,1.812,0.0,1.792
05-07-2026-Thu 14-00-18-PM,-0.1,1.824,-0.2,1.764,0.0,1.82,-0.1,1.812,-0.3,1.888,0.0,1.784,-0.1,1.808,0.0,1.788
05-07-2026-Thu 14-00-20-PM,-0.2,1.82,0.1,1.756,-0.1,1.816,-0.3,1.808,0.0,1.88,-0.1,1.776,-0.2,1.808,-0.3,1.788
05-07-2026-Thu 14-00-21-PM,-0.4,1.816,-0.3,1.756,0.0,1.812,-0.2,1.808,-0.1,1.88,0.2,1.776,-0.4,1.804,0.0,1.784
05-07-2026-Thu 14-00-23-PM,-0.3,1.816,-0.2,1.756,0.0,1.812,0.1,1.804,-0.2,1.876,0.0,1.772,-0.1,1.8,-0.3,1.78
05-07-2026-Thu 14-00-24-PM,-0.3,1.812,0.0,1.752,0.0,1.808,-0.2,1.8,-0.2,1.872,-0.5,1.768,0.0,1.796,-0.3,1.776
05-07-2026-Thu 14-00-25-PM,-0.3,1.808,-0.4,1.748,-0.3,1.804,-0.4,1.796,-0.1,1.868,-0.2,1.76,-0.2,1.796,-0.2,1.772
05-07-2026-Thu 14-00-27-PM,Power On
05-07-2026-Thu 14-00-28-PM,4.0,5.048,5.4,5.048,6.0,5.044,4.9,5.056,6.7,5.04,6.8,5.056,7.4,5.032,6.4,5.036
05-07-2026-Thu 14-00-29-PM,3.9,5.052,5.2,5.048,5.4,5.044,4.8,5.056,6.5,5.04,6.4,5.056,6.9,5.036,6.1,5.036
05-07-2026-Thu 14-00-31-PM,3.7,5.048,5.0,5.052,5.5,5.044,4.7,5.06,6.0,5.044,6.3,5.056,6.7,5.036,5.6,5.04
05-07-2026-Thu 14-00-32-PM,Power Off
05-07-2026-Thu 14-00-33-PM,0.1,2.516,-0.2,2.416,-0.1,2.5,-0.2,2.46,-0.2,2.62,-0.1,2.624,-0.2,2.488,-0.1,2.432
05-07-2026-Thu 14-00-35-PM,-0.1,2.372,-0.3,2.26,0.0,2.356,-0.4,2.312,-0.3,2.508,-0.1,2.5,-0.1,2.352,-0.4,2.308
05-07-2026-Thu 14-00-36-PM,-0.1,2.288,-0.3,2.184,-0.3,2.284,-0.2,2.228,-0.2,2.44,0.0,2.42,-0.1,2.276,0.0,2.24
05-07-2026-Thu 14-00-38-PM,-0.3,2.232,-0.1,2.124,-0.1,2.236,-0.4,2.176,-0.2,2.392,0.2,2.368,-0.4,2.22,-0.1,2.192
05-07-2026-Thu 14-00-39-PM,-0.3,2.196,-0.1,2.088,-0.2,2.196,-0.2,2.14,0.1,2.352,-0.2,2.32,0.0,2.188,-0.1,2.156
05-07-2026-Thu 14-00-41-PM,-0.5,2.164,-0.3,2.06,0.1,2.168,-0.2,2.108,-0.1,2.32,-0.2,2.288,0.0,2.152,-0.2,2.124
05-07-2026-Thu 14-00-42-PM,-0.2,2.136,-0.2,2.032,-0.2,2.14,-0.2,2.08,0.1,2.296,-0.1,2.256,0.1,2.128,-0.3,2.104
05-07-2026-Thu 14-00-43-PM,-0.1,2.112,-0.2,2.008,-0.4,2.12,-0.4,2.056,-0.3,2.268,0.0,2.224,-0.1,2.1,-0.2,2.076
05-07-2026-Thu 14-00-45-PM,-0.3,2.092,-0.3,1.988,-0.1,2.1,-0.3,2.036,-0.2,2.244,0.1,2.2,-0.4,2.08,0.0,2.06
05-07-2026-Thu 14-00-46-PM,-0.3,2.076,-0.2,1.972,-0.2,2.084,-0.4,2.02,0.0,2.224,-0.2,2.18,-0.2,2.068,-0.2,2.048
05-07-2026-Thu 14-00-48-PM,-0.3,2.056,-0.2,1.952,-0.2,2.068,-0.1,2.008,-0.1,2.204,0.1,2.156,-0.4,2.048,-0.1,2.028
05-07-2026-Thu 14-00-49-PM,-0.4,2.04,0.0,1.94,-0.2,2.048,-0.2,1.992,0.0,2.192,0.1,2.136,0.1,2.032,-0.3,2.012
05-07-2026-Thu 14-00-50-PM,-0.4,2.024,-0.2,1.928,-0.1,2.04,0.0,1.98,-0.3,2.176,0.0,2.12,-0.1,2.02,-0.1,2.0
05-07-2026-Thu 14-00-52-PM,-0.4,2.012,-0.3,1.916,-0.5,2.024,-0.2,1.972,-0.3,2.16,-0.2,2.1,0.2,2.004,-0.2,1.984
05-07-2026-Thu 14-00-53-PM,-0.1,2.004,0.0,1.908,0.0,2.016,-0.4,1.96,-0.2,2.144,0.0,2.084,-0.4,1.992,0.0,1.976
05-07-2026-Thu 14-00-54-PM,-0.2,1.988,-0.3,1.896,-0.3,2.004,-0.2,1.952,-0.1,2.132,-0.1,2.068,-0.3,1.984,0.1,1.964
05-07-2026-Thu 14-00-56-PM,-0.2,1.98,0.2,1.888,-0.3,1.992,-0.2,1.944,0.1,2.12,0.0,2.052,0.1,1.972,-0.2,1.952
05-07-2026-Thu 14-00-57-PM,-0.3,1.972,-0.2,1.876,-0.4,1.98,-0.1,1.932,-0.2,2.104,-0.2,2.04,-0.2,1.96,-0.2,1.944
05-07-2026-Thu 14-00-59-PM,-0.4,1.964,0.0,1.872,-0.3,1.976,-0.3,1.928,-0.3,2.096,-0.1,2.024,-0.2,1.952,-0.2,1.932
05-07-2026-Thu 14-01-00-PM,0.1,1.948,-0.2,1.864,-0.1,1.964,-0.5,1.916,-0.4,2.084,-0.1,2.012,-0.2,1.94,0.0,1.928
05-07-2026-Thu 14-01-01-PM,-0.4,1.944,-0.1,1.856,-0.2,1.956,-0.2,1.908,0.0,2.072,-0.3,2.0,-0.1,1.936,-0.3,1.916
05-07-2026-Thu 14-01-03-PM,-0.2,1.936,-0.1,1.848,-0.3,1.948,-0.2,1.904,-0.1,2.06,-0.1,1.988,0.0,1.924,-0.3,1.908
05-07-2026-Thu 14-01-04-PM,-0.3,1.928,-0.2,1.84,-0.2,1.94,-0.1,1.896,-0.4,2.056,-0.1,1.976,-0.2,1.92,-0.1,1.9
05-07-2026-Thu 14-01-06-PM,0.0,1.92,0.0,1.832,-0.2,1.928,-0.2,1.892,-0.2,2.044,-0.3,1.964,-0.2,1.908,-0.1,1.892
05-07-2026-Thu 14-01-07-PM,-0.1,1.916,-0.4,1.828,-0.2,1.924,-0.2,1.884,0.1,2.032,0.0,1.952,-0.3,1.9,0.0,1.884
05-07-2026-Thu 14-01-08-PM,-0.3,1.908,-0.2,1.82,-0.1,1.916,-0.2,1.88,0.0,2.028,-0.2,1.94,-0.1,1.9,-0.2,1.88
05-07-2026-Thu 14-01-10-PM,-0.1,1.9,-0.2,1.816,-0.2,1.908,-0.2,1.876,-0.1,2.016,-0.3,1.932,-0.3,1.892,-0.1,1.876
05-07-2026-Thu 14-01-11-PM,-0.3,1.896,0.2,1.812,0.0,1.9,-0.3,1.868,-0.1,2.012,-0.1,1.924,-0.2,1.884,-0.1,1.864
05-07-2026-Thu 14-01-13-PM,-0.1,1.888,0.0,1.804,0.0,1.896,-0.5,1.864,-0.1,2.0,-0.1,1.912,0.0,1.876,-0.1,1.86
05-07-2026-Thu 14-01-14-PM,-0.1,1.88,0.0,1.8,0.0,1.888,-0.1,1.86,-0.1,1.992,-0.2,1.904,-0.1,1.872,-0.2,1.856
05-07-2026-Thu 14-01-16-PM,-0.1,1.876,-0.1,1.8,-0.1,1.884,-0.3,1.856,-0.1,1.984,-0.2,1.896,-0.1,1.868,-0.1,1.844
05-07-2026-Thu 14-01-17-PM,0.0,1.872,-0.3,1.796,-0.1,1.88,-0.3,1.852,0.1,1.976,-0.1,1.888,-0.3,1.864,0.0,1.844
05-07-2026-Thu 14-01-18-PM,-0.1,1.864,-0.3,1.788,-0.3,1.872,-0.4,1.844,-0.3,1.972,0.0,1.884,0.1,1.856,-0.4,1.836
05-07-2026-Thu 14-01-20-PM,-0.5,1.86,-0.3,1.784,-0.1,1.864,-0.4,1.844,0.1,1.964,0.1,1.872,-0.1,1.852,0.1,1.832
05-07-2026-Thu 14-01-21-PM,-0.1,1.856,-0.1,1.78,-0.3,1.86,-0.3,1.836,0.1,1.96,-0.1,1.864,-0.2,1.848,-0.2,1.824
05-07-2026-Thu 14-01-23-PM,-0.1,1.852,-0.1,1.776,-0.4,1.856,-0.3,1.832,-0.1,1.952,0.0,1.856,-0.3,1.844,-0.3,1.82
05-07-2026-Thu 14-01-24-PM,-0.1,1.848,0.0,1.776,-0.1,1.848,-0.5,1.832,-0.2,1.944,-0.2,1.848,-0.1,1.84,-0.3,1.816
05-07-2026-Thu 14-01-25-PM,-0.3,1.84,-0.3,1.768,-0.3,1.844,-0.3,1.828,-0.2,1.94,0.0,1.84,-0.4,1.836,0.0,1.812
05-07-2026-Thu 14-01-27-PM,-0.2,1.836,-0.2,1.768,-0.1,1.84,-0.2,1.828,0.0,1.936,0.0,1.836,-0.1,1.832,-0.2,1.812
05-07-2026-Thu 14-01-29-PM,-0.2,1.832,-0.1,1.76,-0.3,1.828,-0.1,1.816,0.0,1.92,0.0,1.824,0.1,1.824,0.2,1.8
05-07-2026-Thu 14-01-32-PM,-0.3,1.82,-0.1,1.752,-0.2,1.824,-0.2,1.812,0.2,1.912,-0.1,1.812,0.0,1.82,-0.3,1.792
05-07-2026-Thu 14-01-34-PM,-0.1,1.816,-0.3,1.748,-0.3,1.816,-0.4,1.804,-0.3,1.904,0.2,1.804,-0.1,1.812,-0.2,1.788
05-07-2026-Thu 14-01-36-PM,-0.2,1.812,-0.1,1.744,-0.1,1.812,-0.3,1.804,-0.2,1.9,-0.1,1.8,-0.1,1.808,0.1,1.784
05-07-2026-Thu 14-01-37-PM,-0.2,1.804,-0.1,1.744,0.0,1.808,-0.4,1.8,-0.1,1.892,-0.2,1.792,-0.1,1.808,-0.4,1.784
05-07-2026-Thu 14-01-39-PM,-0.4,1.804,-0.1,1.744,-0.4,1.804,-0.3,1.796,-0.1,1.892,0.1,1.784,-0.1,1.804,-0.2,1.776
05-07-2026-Thu 14-01-40-PM,-0.1,1.8,-0.2,1.74,-0.2,1.8,0.0,1.796,-0.3,1.888,-0.1,1.78,0.1,1.8,-0.2,1.776
05-07-2026-Thu 14-01-41-PM,-0.3,1.796,0.0,1.736,-0.2,1.796,-0.3,1.796,-0.1,1.884,-0.1,1.78,0.0,1.796,0.0,1.768
05-07-2026-Thu 14-01-43-PM,-0.3,1.796,-0.2,1.732,-0.2,1.796,-0.2,1.788,-0.2,1.876,-0.1,1.772,-0.1,1.796,-0.2,1.764
05-07-2026-Thu 14-01-44-PM,0.0,1.792,0.0,1.732,-0.4,1.788,-0.3,1.788,-0.3,1.872,-0.1,1.768,-0.1,1.792,-0.4,1.76
05-07-2026-Thu 14-01-46-PM,-0.2,1.788,-0.1,1.724,-0.2,1.788,-0.1,1.788,-0.1,1.868,0.0,1.764,-0.3,1.792,-0.2,1.756
05-07-2026-Thu 14-01-47-PM,0.0,1.784,-0.1,1.728,-0.1,1.784,-0.4,1.78,-0.1,1.864,-0.1,1.756,0.0,1.788,-0.1,1.752
05-07-2026-Thu 14-01-49-PM,-0.2,1.784,-0.2,1.724,-0.1,1.78,-0.2,1.78,-0.2,1.86,-0.1,1.752,-0.3,1.784,0.0,1.752
05-07-2026-Thu 14-01-50-PM,-0.2,1.776,-0.2,1.72,-0.2,1.776,-0.1,1.776,-0.2,1.86,-0.2,1.752,-0.2,1.784,-0.3,1.748
05-07-2026-Thu 14-01-51-PM,-0.1,1.776,-0.2,1.72,0.0,1.772,0.0,1.772,-0.1,1.856,0.0,1.748,-0.2,1.78,0.1,1.748
05-07-2026-Thu 14-01-53-PM,0.1,1.772,0.0,1.72,-0.3,1.772,-0.3,1.772,0.0,1.852,-0.2,1.744,-0.4,1.776,0.2,1.74
05-07-2026-Thu 14-01-54-PM,-0.4,1.772,0.1,1.716,-0.1,1.768,-0.3,1.772,0.1,1.848,-0.2,1.744,0.1,1.776,0.0,1.736
05-07-2026-Thu 14-01-56-PM,0.0,1.764,-0.3,1.712,-0.2,1.764,-0.3,1.768,-0.2,1.844,0.1,1.736,0.0,1.776,-0.2,1.736
05-07-2026-Thu 14-01-57-PM,-0.1,1.764,0.0,1.712,-0.1,1.76,-0.3,1.764,0.0,1.844,-0.3,1.732,0.0,1.772,0.0,1.736
05-07-2026-Thu 14-01-58-PM,-0.3,1.76,0.0,1.708,-0.4,1.764,-0.3,1.764,0.0,1.836,-0.1,1.728,-0.1,1.768,-0.1,1.728
05-07-2026-Thu 14-02-00-PM,Power On
05-07-2026-Thu 14-02-01-PM,3.6,5.048,5.2,5.048,5.4,5.044,4.8,5.056,6.2,5.04,6.5,5.052,6.5,5.032,5.7,5.036
05-07-2026-Thu 14-02-02-PM,3.6,5.048,4.8,5.048,5.1,5.044,4.2,5.06,5.9,5.044,6.1,5.052,6.1,5.036,5.5,5.036
05-07-2026-Thu 14-02-04-PM,3.7,5.052,4.6,5.048,4.9,5.044,4.3,5.06,5.8,5.04,5.8,5.056,5.7,5.036,5.2,5.036
05-07-2026-Thu 14-02-05-PM,3.5,5.052,4.6,5.048,4.8,5.044,4.2,5.06,5.6,5.044,5.8,5.056,5.9,5.032,5.2,5.036
05-07-2026-Thu 14-02-06-PM,Power Off
05-07-2026-Thu 14-02-08-PM,-0.1,2.532,0.0,2.428,0.0,2.512,-0.3,2.484,-0.2,2.648,-0.2,2.644,-0.2,2.516,-0.1,2.452
05-07-2026-Thu 14-02-09-PM,0.2,2.388,-0.1,2.284,-0.3,2.38,-0.2,2.344,0.0,2.544,-0.1,2.524,-0.3,2.384,-0.1,2.332
05-07-2026-Thu 14-02-11-PM,-0.1,2.312,-0.1,2.204,0.0,2.308,-0.4,2.26,-0.1,2.472,-0.1,2.452,0.0,2.308,-0.1,2.264
05-07-2026-Thu 14-02-12-PM,-0.3,2.256,-0.5,2.152,0.0,2.256,-0.3,2.208,-0.2,2.428,0.0,2.396,-0.1,2.252,0.1,2.212
05-07-2026-Thu 14-02-13-PM,-0.3,2.216,-0.2,2.108,0.1,2.216,-0.4,2.16,-0.4,2.38,-0.2,2.352,-0.4,2.212,-0.1,2.18
05-07-2026-Thu 14-02-15-PM,-0.2,2.18,0.0,2.076,-0.2,2.184,-0.6,2.128,-0.1,2.348,-0.3,2.312,-0.1,2.176,-0.1,2.144
05-07-2026-Thu 14-02-16-PM,-0.2,2.148,-0.1,2.048,-0.1,2.156,-0.3,2.096,-0.1,2.32,-0.2,2.28,-0.3,2.152,-0.2,2.12
05-07-2026-Thu 14-02-18-PM,0.0,2.12,-0.1,2.024,-0.2,2.136,-0.4,2.072,-0.1,2.296,0.1,2.248,-0.3,2.124,-0.1,2.096
05-07-2026-Thu 14-02-19-PM,-0.3,2.1,-0.1,2.0,-0.1,2.116,-0.4,2.052,0.1,2.268,-0.1,2.224,-0.2,2.104,-0.2,2.076
05-07-2026-Thu 14-02-20-PM,-0.1,2.08,-0.2,1.984,-0.2,2.096,-0.4,2.032,0.0,2.252,-0.4,2.2,-0.1,2.084,0.0,2.056
05-07-2026-Thu 14-02-22-PM,-0.1,2.06,0.1,1.968,-0.3,2.08,-0.2,2.016,0.0,2.228,-0.3,2.172,-0.1,2.064,-0.3,2.036
05-07-2026-Thu 14-02-23-PM,-0.1,2.048,0.0,1.948,-0.4,2.064,-0.4,2.0,0.1,2.212,-0.3,2.152,0.0,2.048,-0.1,2.024
05-07-2026-Thu 14-02-25-PM,-0.5,2.032,-0.2,1.936,-0.1,2.044,-0.3,1.988,-0.1,2.192,-0.1,2.136,-0.3,2.032,-0.1,2.012
05-07-2026-Thu 14-02-26-PM,0.0,2.02,0.0,1.92,-0.2,2.036,-0.1,1.976,-0.2,2.18,-0.2,2.116,-0.4,2.02,-0.2,1.992
05-07-2026-Thu 14-02-27-PM,-0.3,2.008,-0.1,1.908,-0.1,2.02,-0.2,1.972,-0.2,2.164,-0.1,2.104,0.1,2.008,-0.1,1.988
05-07-2026-Thu 14-02-29-PM,0.2,1.996,-0.1,1.904,-0.2,2.012,-0.2,1.956,0.0,2.152,-0.1,2.084,0.0,1.996,-0.2,1.972
05-07-2026-Thu 14-02-30-PM,-0.4,1.984,0.0,1.888,-0.2,2.0,-0.2,1.948,-0.2,2.14,-0.1,2.068,-0.3,1.984,0.0,1.96
05-07-2026-Thu 14-02-32-PM,-0.2,1.972,-0.3,1.88,-0.2,1.988,-0.2,1.94,-0.3,2.128,-0.5,2.056,-0.2,1.976,-0.1,1.952
05-07-2026-Thu 14-02-33-PM,-0.1,1.96,-0.2,1.876,0.0,1.98,-0.5,1.932,-0.2,2.116,-0.1,2.04,0.1,1.96,0.2,1.94
05-07-2026-Thu 14-02-34-PM,-0.2,1.956,-0.1,1.864,-0.1,1.968,-0.3,1.924,-0.2,2.104,-0.5,2.028,-0.1,1.956,-0.3,1.932
05-07-2026-Thu 14-02-36-PM,-0.1,1.944,-0.2,1.856,-0.5,1.96,-0.2,1.912,-0.2,2.092,0.0,2.012,0.1,1.944,-0.1,1.924
05-07-2026-Thu 14-02-37-PM,-0.4,1.936,-0.2,1.848,-0.3,1.952,-0.1,1.904,-0.2,2.08,-0.1,2.004,-0.1,1.94,-0.2,1.912
05-07-2026-Thu 14-02-39-PM,-0.3,1.928,-0.2,1.84,-0.1,1.94,-0.3,1.9,0.0,2.072,-0.5,1.992,0.0,1.928,-0.2,1.908
05-07-2026-Thu 14-02-40-PM,-0.1,1.92,-0.3,1.832,-0.1,1.936,-0.3,1.892,-0.2,2.06,0.2,1.976,-0.1,1.924,-0.2,1.9
05-07-2026-Thu 14-02-41-PM,-0.2,1.912,-0.1,1.828,-0.1,1.928,-0.6,1.888,-0.3,2.052,-0.5,1.968,-0.3,1.916,-0.3,1.892
05-07-2026-Thu 14-02-43-PM,-0.3,1.908,0.0,1.824,-0.5,1.916,-0.3,1.884,0.0,2.044,-0.2,1.956,-0.2,1.908,-0.1,1.88
05-07-2026-Thu 14-02-44-PM,-0.2,1.9,0.0,1.816,0.0,1.912,-0.4,1.876,-0.1,2.032,-0.1,1.948,-0.3,1.9,-0.3,1.876
05-07-2026-Thu 14-02-46-PM,-0.3,1.892,0.0,1.808,-0.2,1.904,-0.6,1.872,-0.2,2.024,-0.1,1.936,-0.1,1.896,-0.2,1.868
05-07-2026-Thu 14-02-47-PM,-0.4,1.884,-0.1,1.808,0.0,1.896,-0.3,1.868,0.0,2.016,-0.3,1.924,-0.1,1.888,-0.2,1.864
05-07-2026-Thu 14-02-48-PM,0.0,1.88,-0.2,1.8,-0.3,1.888,-0.3,1.86,0.2,2.008,0.1,1.916,-0.3,1.884,-0.2,1.856
05-07-2026-Thu 14-02-50-PM,-0.2,1.872,-0.1,1.796,-0.1,1.884,-0.2,1.856,-0.1,2.004,-0.1,1.904,-0.2,1.876,-0.1,1.856
05-07-2026-Thu 14-02-51-PM,-0.1,1.868,0.0,1.792,0.0,1.88,-0.1,1.852,-0.3,1.996,0.1,1.9,0.1,1.872,-0.3,1.844
05-07-2026-Thu 14-02-53-PM,-0.2,1.864,-0.1,1.788,-0.3,1.872,-0.1,1.848,-0.2,1.984,-0.2,1.888,-0.1,1.868,0.0,1.84
05-07-2026-Thu 14-02-54-PM,-0.4,1.856,0.1,1.784,-0.4,1.864,-0.2,1.844,0.0,1.976,-0.1,1.88,-0.3,1.856,-0.3,1.832
05-07-2026-Thu 14-02-56-PM,-0.3,1.852,-0.3,1.78,0.2,1.86,-0.1,1.836,-0.1,1.968,0.1,1.876,0.0,1.856,-0.2,1.828
05-07-2026-Thu 14-02-57-PM,-0.2,1.844,0.1,1.772,-0.1,1.852,-0.4,1.832,0.1,1.96,-0.1,1.868,-0.1,1.848,-0.2,1.82
05-07-2026-Thu 14-02-58-PM,-0.1,1.84,0.0,1.768,-0.1,1.852,-0.2,1.832,-0.1,1.956,0.0,1.856,-0.4,1.844,-0.1,1.82
05-07-2026-Thu 14-03-00-PM,0.1,1.836,0.0,1.768,0.0,1.844,-0.2,1.828,-0.1,1.952,-0.2,1.852,-0.3,1.844,-0.3,1.812
05-07-2026-Thu 14-03-01-PM,-0.3,1.832,-0.3,1.76,-0.1,1.836,-0.5,1.824,0.0,1.944,-0.1,1.84,0.0,1.832,-0.2,1.808
05-07-2026-Thu 14-03-03-PM,0.1,1.824,-0.2,1.76,0.0,1.832,-0.3,1.82,-0.1,1.936,-0.2,1.836,0.0,1.832,0.0,1.804
05-07-2026-Thu 14-03-04-PM,-0.3,1.82,0.1,1.756,-0.1,1.828,-0.3,1.816,-0.1,1.932,-0.2,1.832,-0.3,1.828,-0.1,1.8
05-07-2026-Thu 14-03-05-PM,0.0,1.816,-0.2,1.752,-0.1,1.824,-0.4,1.812,0.0,1.928,-0.2,1.824,-0.1,1.828,0.1,1.792
05-07-2026-Thu 14-03-07-PM,-0.4,1.812,-0.3,1.748,-0.1,1.82,-0.2,1.808,-0.4,1.92,0.0,1.82,-0.3,1.82,0.0,1.792
05-07-2026-Thu 14-03-08-PM,-0.3,1.808,-0.3,1.748,-0.2,1.812,-0.3,1.808,-0.3,1.916,-0.2,1.812,-0.3,1.82,-0.3,1.788
05-07-2026-Thu 14-03-10-PM,0.0,1.804,-0.1,1.74,-0.3,1.812,0.0,1.804,-0.1,1.912,0.0,1.804,0.0,1.816,-0.1,1.784
05-07-2026-Thu 14-03-11-PM,-0.2,1.8,0.1,1.74,-0.3,1.808,0.0,1.8,-0.2,1.908,0.1,1.8,-0.1,1.812,-0.2,1.78
05-07-2026-Thu 14-03-13-PM,0.0,1.796,-0.2,1.74,0.1,1.804,-0.2,1.796,-0.1,1.9,-0.2,1.796,-0.1,1.808,-0.1,1.776
05-07-2026-Thu 14-03-14-PM,0.0,1.796,-0.2,1.732,-0.2,1.8,-0.3,1.792,0.0,1.896,-0.1,1.792,0.0,1.804,0.1,1.768
05-07-2026-Thu 14-03-15-PM,-0.2,1.792,-0.2,1.728,-0.3,1.792,-0.4,1.788,-0.1,1.892,0.0,1.788,-0.2,1.8,-0.2,1.764
05-07-2026-Thu 14-03-17-PM,-0.4,1.788,-0.1,1.728,-0.1,1.792,-0.2,1.788,0.0,1.888,0.0,1.78,-0.3,1.8,-0.1,1.764
05-07-2026-Thu 14-03-18-PM,0.1,1.788,-0.2,1.724,-0.2,1.788,-0.3,1.788,-0.2,1.884,-0.2,1.776,-0.2,1.8,0.1,1.76
05-07-2026-Thu 14-03-20-PM,-0.5,1.78,-0.2,1.72,-0.2,1.788,-0.2,1.78,0.0,1.88,0.0,1.772,-0.1,1.796,0.1,1.756
05-07-2026-Thu 14-03-21-PM,-0.3,1.776,-0.4,1.724,-0.4,1.78,-0.2,1.78,0.0,1.872,-0.1,1.768,0.1,1.792,-0.2,1.756
05-07-2026-Thu 14-03-22-PM,-0.3,1.772,-0.1,1.716,-0.2,1.776,-0.3,1.776,-0.2,1.872,-0.1,1.76,-0.4,1.788,-0.1,1.752
05-07-2026-Thu 14-03-24-PM,-0.3,1.772,-0.3,1.716,0.1,1.776,-0.3,1.772,0.1,1.868,0.1,1.756,-0.1,1.788,0.1,1.748
05-07-2026-Thu 14-03-25-PM,-0.2,1.768,-0.2,1.712,0.1,1.772,-0.3,1.772,-0.2,1.864,-0.1,1.756,-0.1,1.784,-0.1,1.744
05-07-2026-Thu 14-03-27-PM,-0.2,1.764,-0.2,1.712,-0.2,1.768,-0.2,1.768,0.2,1.86,0.1,1.748,-0.3,1.78,0.2,1.74
05-07-2026-Thu 14-03-28-PM,-0.2,1.764,-0.2,1.712,-0.1,1.764,-0.3,1.764,0.2,1.856,0.1,1.748,0.0,1.78,-0.1,1.74
05-07-2026-Thu 14-03-31-PM,-0.1,1.756,-0.2,1.704,-0.2,1.764,-0.2,1.76,-0.1,1.848,0.0,1.736,0.0,1.776,0.0,1.732
05-07-2026-Thu 14-03-33-PM,Power On
05-07-2026-Thu 14-03-36-PM,3.2,5.048,4.2,5.052,4.7,5.044,4.1,5.056,5.4,5.04,5.2,5.056,5.9,5.036,5.0,5.04
05-07-2026-Thu 14-03-38-PM,3.4,5.052,4.2,5.048,4.5,5.044,4.0,5.056,5.2,5.044,5.1,5.052,5.2,5.036,4.6,5.04
05-07-2026-Thu 14-03-39-PM,3.2,5.052,4.2,5.052,4.5,5.048,4.1,5.056,5.0,5.044,5.0,5.056,5.4,5.032,4.6,5.04
05-07-2026-Thu 14-03-41-PM,Power Off
05-07-2026-Thu 14-03-42-PM,-0.1,2.556,-0.1,2.444,0.0,2.524,-0.3,2.496,0.0,2.656,-0.2,2.652,-0.1,2.528,-0.3,2.46
05-07-2026-Thu 14-03-44-PM,-0.1,2.42,-0.1,2.312,-0.5,2.404,-0.1,2.364,-0.2,2.564,-0.1,2.548,-0.3,2.404,-0.2,2.348
05-07-2026-Thu 14-03-45-PM,-0.2,2.34,-0.2,2.224,-0.1,2.324,-0.2,2.28,-0.1,2.496,-0.1,2.468,0.2,2.32,-0.1,2.276
05-07-2026-Thu 14-03-46-PM,-0.3,2.28,-0.1,2.172,-0.1,2.272,-0.3,2.22,-0.2,2.448,-0.3,2.416,-0.3,2.272,-0.1,2.228
05-07-2026-Thu 14-03-48-PM,-0.3,2.236,-0.2,2.128,-0.3,2.232,-0.3,2.176,0.1,2.408,-0.2,2.368,0.0,2.228,0.0,2.188
05-07-2026-Thu 14-03-49-PM,-0.2,2.2,-0.2,2.096,-0.2,2.204,-0.2,2.14,-0.3,2.376,0.0,2.332,0.1,2.196,-0.3,2.16
05-07-2026-Thu 14-03-51-PM,-0.1,2.172,-0.1,2.064,-0.2,2.172,-0.1,2.112,0.0,2.344,-0.2,2.3,-0.2,2.168,-0.1,2.132
05-07-2026-Thu 14-03-52-PM,-0.1,2.144,-0.1,2.04,0.0,2.148,-0.2,2.088,0.0,2.316,-0.3,2.268,-0.4,2.144,0.2,2.108
05-07-2026-Thu 14-03-53-PM,-0.1,2.116,0.0,2.016,-0.4,2.128,0.1,2.064,0.0,2.292,-0.3,2.24,-0.3,2.12,-0.4,2.088
05-07-2026-Thu 14-03-55-PM,-0.4,2.1,-0.3,2.0,-0.2,2.112,-0.2,2.044,0.0,2.272,-0.3,2.212,0.0,2.1,0.0,2.068
05-07-2026-Thu 14-03-56-PM,-0.1,2.084,-0.1,1.98,-0.1,2.092,-0.3,2.028,-0.2,2.248,0.0,2.192,-0.1,2.08,-0.2,2.052
05-07-2026-Thu 14-03-58-PM,-0.4,2.068,-0.1,1.964,-0.1,2.076,-0.3,2.016,-0.2,2.236,-0.2,2.172,-0.3,2.064,0.0,2.036
05-07-2026-Thu 14-03-59-PM,-0.3,2.048,-0.3,1.952,0.0,2.06,-0.4,2.004,0.0,2.22,-0.3,2.16,0.0,2.052,0.0,2.024
05-07-2026-Thu 14-04-00-PM,-0.2,2.032,-0.2,1.94,0.0,2.048,-0.2,1.992,0.1,2.204,-0.3,2.14,0.0,2.04,-0.2,2.008
05-07-2026-Thu 14-04-02-PM,-0.3,2.024,-0.1,1.924,-0.3,2.04,-0.1,1.98,0.0,2.192,-0.1,2.12,0.1,2.024,-0.2,1.996
05-07-2026-Thu 14-04-03-PM,-0.1,2.008,0.0,1.916,0.0,2.028,-0.3,1.968,-0.4,2.176,0.0,2.104,0.0,2.012,0.0,1.984
05-07-2026-Thu 14-04-05-PM,-0.2,2.0,0.0,1.908,0.0,2.016,-0.2,1.956,-0.1,2.16,-0.4,2.092,0.2,2.0,-0.1,1.972
05-07-2026-Thu 14-04-06-PM,-0.1,1.988,-0.3,1.892,0.0,2.004,-0.4,1.948,-0.4,2.148,-0.1,2.076,-0.4,1.992,-0.2,1.96
05-07-2026-Thu 14-04-07-PM,0.0,1.976,-0.1,1.884,-0.1,1.996,-0.4,1.94,0.0,2.136,-0.1,2.064,-0.2,1.98,0.0,1.956
05-07-2026-Thu 14-04-09-PM,-0.2,1.964,0.0,1.876,-0.1,1.984,-0.1,1.932,-0.2,2.124,-0.2,2.048,0.0,1.968,0.0,1.944
05-07-2026-Thu 14-04-10-PM,-0.1,1.96,0.0,1.868,0.0,1.976,-0.2,1.924,-0.3,2.116,0.1,2.036,0.1,1.96,0.0,1.932
05-07-2026-Thu 14-04-12-PM,-0.1,1.952,-0.1,1.856,0.0,1.968,-0.2,1.92,0.0,2.104,-0.1,2.02,-0.1,1.952,-0.1,1.924
05-07-2026-Thu 14-04-13-PM,-0.2,1.944,-0.2,1.852,-0.3,1.96,-0.3,1.908,-0.1,2.096,-0.1,2.012,0.0,1.948,-0.2,1.92
05-07-2026-Thu 14-04-14-PM,-0.3,1.936,-0.3,1.844,-0.1,1.952,-0.2,1.908,0.0,2.088,-0.1,2.0,-0.3,1.94,-0.1,1.912
05-07-2026-Thu 14-04-16-PM,-0.2,1.928,-0.3,1.836,-0.3,1.944,-0.2,1.9,0.0,2.072,-0.2,1.988,0.0,1.932,-0.3,1.9
05-07-2026-Thu 14-04-18-PM,-0.3,1.916,0.1,1.832,-0.2,1.936,-0.4,1.892,-0.2,2.068,-0.1,1.976,-0.2,1.92,-0.2,1.896
05-07-2026-Thu 14-04-19-PM,-0.1,1.912,0.0,1.824,0.1,1.928,-0.3,1.884,-0.2,2.052,-0.1,1.964,0.2,1.916,0.0,1.888
05-07-2026-Thu 14-04-20-PM,0.0,1.904,-0.1,1.82,-0.1,1.92,-0.3,1.88,0.1,2.048,0.1,1.956,0.1,1.908,-0.1,1.88
05-07-2026-Thu 14-04-22-PM,-0.1,1.9,-0.3,1.812,0.0,1.912,-0.4,1.876,-0.3,2.04,-0.1,1.948,-0.3,1.904,-0.2,1.876
05-07-2026-Thu 14-04-23-PM,0.0,1.892,-0.2,1.812,-0.5,1.904,-0.2,1.872,0.0,2.032,0.1,1.94,-0.3,1.896,0.1,1.868
05-07-2026-Thu 14-04-25-PM,-0.1,1.884,0.1,1.804,-0.1,1.9,-0.2,1.864,-0.1,2.028,-0.3,1.928,-0.4,1.892,-0.2,1.86
05-07-2026-Thu 14-04-26-PM,-0.4,1.88,0.0,1.8,-0.1,1.896,-0.4,1.86,-0.1,2.016,-0.3,1.92,-0.1,1.888,0.2,1.856
05-07-2026-Thu 14-04-27-PM,-0.1,1.876,-0.1,1.796,0.0,1.888,-0.3,1.856,-0.2,2.012,-0.3,1.916,0.0,1.884,0.0,1.852
05-07-2026-Thu 14-04-29-PM,-0.2,1.868,-0.2,1.792,-0.1,1.88,-0.3,1.852,0.1,2.0,0.1,1.904,0.0,1.876,0.0,1.84
05-07-2026-Thu 14-04-30-PM,-0.1,1.864,-0.2,1.784,-0.2,1.876,-0.3,1.844,0.0,1.996,0.0,1.896,0.0,1.872,0.0,1.84
05-07-2026-Thu 14-04-31-PM,0.0,1.852,0.1,1.78,-0.5,1.872,-0.4,1.844,-0.5,1.988,-0.2,1.888,-0.2,1.864,0.1,1.836
05-07-2026-Thu 14-04-33-PM,-0.2,1.852,-0.1,1.776,0.0,1.864,-0.1,1.84,-0.1,1.984,-0.2,1.88,0.0,1.86,-0.2,1.828
05-07-2026-Thu 14-04-34-PM,-0.1,1.844,-0.1,1.776,-0.2,1.856,-0.5,1.836,0.0,1.976,0.0,1.872,-0.1,1.856,-0.1,1.824
05-07-2026-Thu 14-04-36-PM,-0.3,1.844,-0.1,1.768,-0.3,1.852,-0.4,1.836,-0.3,1.968,-0.1,1.864,-0.5,1.852,0.2,1.816
05-07-2026-Thu 14-04-37-PM,-0.2,1.836,0.0,1.768,-0.2,1.848,-0.3,1.828,-0.2,1.96,0.1,1.86,-0.1,1.848,-0.3,1.816
05-07-2026-Thu 14-04-38-PM,-0.2,1.832,-0.2,1.764,0.0,1.844,-0.6,1.824,-0.4,1.956,-0.2,1.852,-0.3,1.844,0.1,1.808
05-07-2026-Thu 14-04-40-PM,-0.2,1.828,0.0,1.76,0.0,1.832,-0.3,1.82,-0.2,1.948,0.2,1.844,0.0,1.836,-0.1,1.804
05-07-2026-Thu 14-04-41-PM,-0.1,1.824,-0.2,1.756,-0.1,1.836,-0.5,1.82,0.0,1.944,0.0,1.84,0.1,1.836,-0.2,1.8
05-07-2026-Thu 14-04-43-PM,-0.3,1.816,-0.2,1.752,0.1,1.828,-0.2,1.812,-0.2,1.94,-0.3,1.832,0.0,1.832,0.0,1.796
05-07-2026-Thu 14-04-44-PM,-0.3,1.812,0.0,1.748,-0.3,1.824,-0.3,1.808,-0.3,1.936,-0.1,1.824,-0.1,1.828,0.0,1.792
05-07-2026-Thu 14-04-45-PM,Power On
05-07-2026-Thu 14-04-47-PM,3.2,5.052,4.2,5.048,4.6,5.044,3.9,5.06,5.2,5.04,5.3,5.056,5.1,5.036,4.5,5.036
05-07-2026-Thu 14-04-48-PM,3.1,5.052,3.9,5.048,4.1,5.044,3.8,5.06,4.8,5.04,4.9,5.056,5.0,5.036,4.4,5.04
05-07-2026-Thu 14-04-49-PM,3.0,5.052,3.9,5.052,4.0,5.048,3.5,5.056,4.8,5.044,4.5,5.056,4.8,5.036,4.4,5.04
05-07-2026-Thu 14-04-51-PM,2.7,5.052,3.8,5.052,4.0,5.044,3.5,5.06,4.5,5.044,4.6,5.056,4.8,5.036,4.0,5.04
05-07-2026-Thu 14-04-52-PM,2.9,5.056,3.6,5.052,4.3,5.048,3.3,5.06,4.4,5.044,4.4,5.056,4.8,5.04,3.9,5.04
05-07-2026-Thu 14-04-53-PM,Power Off
05-07-2026-Thu 14-04-55-PM,-0.1,2.58,0.0,2.484,-0.4,2.56,-0.3,2.532,-0.2,2.692,-0.2,2.68,-0.2,2.564,-0.2,2.504
05-07-2026-Thu 14-04-56-PM,-0.1,2.456,-0.1,2.352,-0.1,2.44,-0.1,2.4,0.0,2.6,0.0,2.58,0.0,2.444,-0.3,2.392
05-07-2026-Thu 14-04-58-PM,0.0,2.372,-0.1,2.268,-0.2,2.364,-0.2,2.32,0.0,2.54,0.2,2.508,-0.1,2.364,0.1,2.32
05-07-2026-Thu 14-04-59-PM,-0.5,2.312,0.1,2.208,-0.3,2.312,-0.2,2.26,-0.2,2.488,-0.1,2.452,-0.1,2.308,-0.1,2.272
05-07-2026-Thu 14-05-00-PM,-0.2,2.272,-0.3,2.168,-0.3,2.268,-0.3,2.216,-0.3,2.448,0.0,2.408,-0.1,2.268,-0.3,2.228
05-07-2026-Thu 14-05-02-PM,-0.3,2.236,0.0,2.128,0.0,2.236,-0.3,2.18,-0.2,2.416,-0.1,2.364,-0.1,2.232,-0.1,2.2
05-07-2026-Thu 14-05-03-PM,-0.1,2.204,-0.2,2.1,-0.4,2.208,-0.3,2.148,0.0,2.384,-0.1,2.336,-0.4,2.204,-0.2,2.172
05-07-2026-Thu 14-05-04-PM,-0.2,2.176,-0.2,2.072,-0.4,2.184,-0.3,2.12,-0.2,2.36,-0.3,2.304,-0.1,2.18,-0.4,2.148
05-07-2026-Thu 14-05-06-PM,-0.3,2.152,-0.2,2.048,-0.1,2.16,-0.2,2.1,-0.1,2.332,0.0,2.272,0.0,2.152,-0.3,2.12
05-07-2026-Thu 14-05-08-PM,-0.2,2.128,-0.1,2.032,-0.4,2.14,-0.1,2.076,-0.4,2.312,-0.1,2.252,-0.1,2.128,-0.2,2.1
05-07-2026-Thu 14-05-09-PM,-0.3,2.108,-0.1,2.012,-0.3,2.124,-0.2,2.06,-0.2,2.292,-0.2,2.228,0.0,2.116,0.2,2.088
05-07-2026-Thu 14-05-10-PM,0.0,2.092,-0.2,1.996,-0.3,2.104,-0.1,2.048,-0.1,2.272,-0.4,2.208,-0.1,2.1,0.0,2.068
05-07-2026-Thu 14-05-12-PM,-0.2,2.076,-0.4,1.98,0.0,2.092,-0.3,2.032,-0.1,2.256,-0.3,2.188,0.0,2.084,-0.1,2.056
05-07-2026-Thu 14-05-13-PM,-0.2,2.06,-0.1,1.968,-0.3,2.08,-0.3,2.02,-0.1,2.24,-0.1,2.172,-0.3,2.072,0.0,2.044
05-07-2026-Thu 14-05-15-PM,-0.4,2.048,-0.2,1.952,-0.3,2.068,-0.2,2.004,-0.1,2.224,-0.1,2.148,-0.3,2.052,-0.1,2.028
05-07-2026-Thu 14-05-16-PM,-0.2,2.036,-0.3,1.944,0.0,2.052,-0.4,1.992,0.0,2.208,0.0,2.132,-0.1,2.04,-0.2,2.016
05-07-2026-Thu 14-05-18-PM,-0.2,2.024,-0.2,1.932,-0.2,2.044,-0.2,1.984,0.0,2.2,-0.1,2.12,-0.5,2.032,-0.3,2.004
05-07-2026-Thu 14-05-19-PM,-0.3,2.012,-0.2,1.92,-0.1,2.032,-0.1,1.976,-0.1,2.184,0.0,2.104,-0.2,2.02,-0.3,1.992
05-07-2026-Thu 14-05-20-PM,-0.3,2.008,-0.1,1.912,-0.2,2.024,-0.2,1.968,-0.3,2.172,-0.2,2.092,-0.3,2.008,-0.3,1.98
05-07-2026-Thu 14-05-22-PM,-0.3,1.996,0.0,1.904,-0.3,2.012,-0.3,1.956,-0.1,2.16,-0.2,2.08,0.0,2.004,0.0,1.972
05-07-2026-Thu 14-05-25-PM,-0.1,1.976,-0.2,1.884,-0.1,1.992,-0.3,1.944,-0.1,2.136,0.1,2.052,-0.4,1.984,0.0,1.956
05-07-2026-Thu 14-05-27-PM,-0.2,1.96,-0.1,1.872,-0.2,1.976,-0.3,1.932,0.0,2.12,-0.1,2.032,-0.4,1.964,-0.1,1.94
05-07-2026-Thu 14-05-30-PM,-0.3,1.944,0.0,1.856,0.0,1.964,-0.4,1.92,-0.1,2.1,0.1,2.008,0.0,1.952,0.0,1.924
05-07-2026-Thu 14-05-32-PM,-0.1,1.94,-0.2,1.852,-0.3,1.956,-0.5,1.908,0.1,2.092,0.0,2.0,-0.5,1.944,-0.3,1.916
05-07-2026-Thu 14-05-33-PM,-0.3,1.932,-0.1,1.844,-0.3,1.948,-0.3,1.904,-0.1,2.08,-0.1,1.988,0.2,1.94,-0.1,1.912
05-07-2026-Thu 14-05-34-PM,-0.2,1.924,-0.2,1.84,-0.1,1.94,-0.2,1.896,-0.1,2.076,-0.2,1.976,-0.2,1.928,-0.2,1.908
05-07-2026-Thu 14-05-36-PM,Power On
05-07-2026-Thu 14-05-37-PM,2.8,5.056,3.6,5.052,4.3,5.048,3.6,5.06,4.9,5.044,4.6,5.056,4.6,5.04,4.5,5.04
05-07-2026-Thu 14-05-38-PM,2.7,5.056,3.7,5.056,3.7,5.048,3.7,5.06,4.7,5.044,4.4,5.06,4.6,5.04,3.8,5.04
05-07-2026-Thu 14-05-40-PM,2.6,5.052,3.7,5.056,3.6,5.052,3.6,5.06,4.4,5.048,4.2,5.056,4.6,5.04,3.9,5.04
05-07-2026-Thu 14-05-41-PM,Power Off
05-07-2026-Thu 14-05-42-PM,-0.1,2.572,-0.2,2.476,-0.2,2.548,-0.3,2.516,-0.3,2.684,-0.1,2.676,-0.3,2.552,-0.3,2.484
05-07-2026-Thu 14-05-44-PM,-0.3,2.44,-0.3,2.336,-0.2,2.428,-0.1,2.388,-0.2,2.592,0.0,2.572,-0.4,2.432,0.0,2.376
05-07-2026-Thu 14-05-46-PM,-0.3,2.344,-0.1,2.236,-0.3,2.336,-0.4,2.288,-0.1,2.512,-0.1,2.484,0.0,2.34,0.0,2.292
05-07-2026-Thu 14-05-47-PM,-0.2,2.288,0.1,2.18,-0.4,2.288,-0.1,2.228,-0.1,2.464,-0.1,2.428,0.0,2.284,-0.4,2.244
05-07-2026-Thu 14-05-48-PM,-0.2,2.252,-0.2,2.14,-0.4,2.248,-0.3,2.192,-0.3,2.428,0.1,2.384,-0.4,2.248,-0.1,2.208
05-07-2026-Thu 14-05-50-PM,-0.2,2.216,-0.3,2.108,-0.4,2.216,-0.1,2.156,-0.1,2.396,-0.1,2.352,-0.3,2.216,-0.1,2.18
05-07-2026-Thu 14-05-51-PM,-0.3,2.188,-0.4,2.084,-0.1,2.192,-0.4,2.128,-0.3,2.368,0.1,2.316,0.2,2.188,-0.2,2.152
05-07-2026-Thu 14-05-53-PM,-0.1,2.168,-0.1,2.056,-0.1,2.172,-0.5,2.108,-0.1,2.344,0.0,2.288,-0.1,2.164,-0.4,2.132
05-07-2026-Thu 14-05-54-PM,0.0,2.144,-0.1,2.04,-0.4,2.148,-0.3,2.088,0.2,2.324,0.2,2.264,0.0,2.144,-0.1,2.112
05-07-2026-Thu 14-05-55-PM,-0.1,2.124,-0.2,2.02,-0.1,2.132,-0.1,2.072,-0.1,2.3,-0.1,2.244,-0.1,2.128,0.1,2.092
05-07-2026-Thu 14-05-57-PM,-0.4,2.104,-0.1,2.008,-0.3,2.116,-0.5,2.052,-0.1,2.288,-0.1,2.22,0.0,2.108,0.0,2.076
05-07-2026-Thu 14-05-58-PM,-0.3,2.088,-0.1,1.992,-0.2,2.104,-0.1,2.04,-0.1,2.268,-0.2,2.196,-0.1,2.092,0.0,2.064
05-07-2026-Thu 14-06-00-PM,-0.1,2.076,0.0,1.976,-0.1,2.088,-0.2,2.024,-0.1,2.252,-0.2,2.18,-0.3,2.08,0.3,2.048
05-07-2026-Thu 14-06-01-PM,-0.3,2.064,0.0,1.964,0.0,2.072,-0.5,2.012,0.0,2.24,-0.2,2.164,-0.2,2.064,-0.2,2.04
05-07-2026-Thu 14-06-02-PM,0.2,2.048,-0.2,1.952,0.1,2.064,-0.2,2.0,0.0,2.22,-0.2,2.148,-0.1,2.056,-0.3,2.024
05-07-2026-Thu 14-06-04-PM,-0.3,2.036,-0.3,1.944,-0.1,2.052,-0.3,1.996,-0.2,2.212,-0.2,2.132,0.0,2.044,-0.3,2.012
05-07-2026-Thu 14-06-05-PM,0.0,2.024,-0.2,1.932,-0.1,2.044,-0.2,1.984,-0.2,2.196,-0.1,2.116,-0.2,2.032,-0.2,2.0
05-07-2026-Thu 14-06-07-PM,-0.1,2.016,0.1,1.924,-0.3,2.032,-0.3,1.976,-0.2,2.184,-0.1,2.104,-0.2,2.02,-0.2,1.992
05-07-2026-Thu 14-06-08-PM,0.0,2.008,0.0,1.912,0.1,2.024,-0.2,1.972,-0.2,2.176,-0.2,2.088,-0.1,2.016,-0.3,1.984
05-07-2026-Thu 14-06-09-PM,-0.3,1.996,-0.1,1.9,-0.3,2.012,-0.1,1.956,0.0,2.164,0.0,2.076,0.0,2.004,-0.1,1.972
05-07-2026-Thu 14-06-11-PM,-0.3,1.988,-0.3,1.896,-0.1,2.004,-0.3,1.952,-0.1,2.152,-0.2,2.064,-0.1,1.996,0.0,1.964
05-07-2026-Thu 14-06-12-PM,-0.3,1.976,-0.2,1.888,-0.1,1.996,-0.3,1.948,-0.4,2.14,0.1,2.052,-0.1,1.988,-0.1,1.956
05-07-2026-Thu 14-06-14-PM,-0.1,1.968,-0.2,1.876,-0.1,1.988,-0.2,1.936,-0.1,2.136,-0.1,2.04,-0.3,1.98,-0.1,1.948
05-07-2026-Thu 14-06-15-PM,-0.3,1.964,0.1,1.872,-0.5,1.98,-0.3,1.932,-0.1,2.12,-0.1,2.032,-0.1,1.972,0.0,1.94
05-07-2026-Thu 14-06-16-PM,-0.3,1.956,-0.1,1.868,-0.2,1.972,-0.4,1.928,-0.1,2.112,-0.3,2.02,0.1,1.964,0.0,1.932
05-07-2026-Thu 14-06-18-PM,0.0,1.948,-0.2,1.864,-0.1,1.964,-0.2,1.92,-0.2,2.104,-0.1,2.008,-0.1,1.956,0.0,1.924
05-07-2026-Thu 14-06-19-PM,-0.4,1.94,-0.1,1.852,-0.7,1.96,0.1,1.916,-0.2,2.096,-0.5,2.0,-0.4,1.952,-0.2,1.92
05-07-2026-Thu 14-06-21-PM,-0.3,1.932,-0.2,1.848,0.0,1.956,-0.5,1.908,0.0,2.088,0.1,1.992,-0.2,1.94,-0.3,1.912
05-07-2026-Thu 14-06-22-PM,-0.4,1.928,-0.1,1.84,0.0,1.944,-0.2,1.904,0.1,2.08,-0.4,1.984,-0.1,1.936,-0.2,1.908
05-07-2026-Thu 14-06-23-PM,-0.1,1.92,-0.2,1.836,0.3,1.936,-0.1,1.9,-0.1,2.076,-0.1,1.968,0.1,1.932,-0.1,1.9
05-07-2026-Thu 14-06-25-PM,-0.3,1.916,0.1,1.828,-0.2,1.932,-0.4,1.892,-0.3,2.068,-0.1,1.964,-0.3,1.924,-0.3,1.892
05-07-2026-Thu 14-06-26-PM,-0.3,1.908,-0.1,1.824,-0.6,1.924,-0.4,1.888,-0.2,2.056,-0.4,1.952,0.0,1.92,-0.2,1.888
05-07-2026-Thu 14-06-29-PM,-0.1,1.896,-0.2,1.816,-0.1,1.912,-0.2,1.88,-0.2,2.04,-0.2,1.932,-0.1,1.904,-0.3,1.872
05-07-2026-Thu 14-06-31-PM,-0.1,1.892,-0.3,1.808,-0.2,1.904,-0.3,1.876,0.0,2.036,0.0,1.924,-0.2,1.9,-0.2,1.872
05-07-2026-Thu 14-06-32-PM,-0.1,1.884,-0.1,1.804,-0.2,1.9,-0.4,1.872,-0.3,2.032,-0.1,1.92,-0.2,1.896,-0.2,1.864
05-07-2026-Thu 14-06-34-PM,-0.2,1.88,-0.2,1.8,-0.2,1.896,-0.4,1.868,-0.3,2.02,0.2,1.912,0.1,1.888,-0.1,1.86
05-07-2026-Thu 14-06-37-PM,-0.3,1.868,0.1,1.792,0.1,1.884,-0.2,1.856,-0.2,2.008,-0.2,1.896,-0.2,1.876,-0.1,1.848
05-07-2026-Thu 14-06-38-PM,-0.1,1.864,-0.2,1.792,-0.3,1.876,-0.2,1.856,-0.1,2.0,-0.1,1.888,-0.3,1.876,-0.2,1.844
05-07-2026-Thu 14-06-39-PM,0.0,1.856,0.1,1.784,-0.3,1.872,-0.3,1.848,-0.3,1.996,-0.2,1.88,-0.2,1.872,-0.1,1.84
05-07-2026-Thu 14-06-41-PM,-0.2,1.856,0.0,1.784,0.1,1.868,-0.3,1.848,-0.1,1.992,-0.1,1.876,0.1,1.868,-0.3,1.836
05-07-2026-Thu 14-06-42-PM,-0.2,1.848,-0.4,1.776,-0.1,1.864,-0.2,1.844,-0.2,1.984,-0.1,1.868,-0.2,1.864,-0.1,1.832
05-07-2026-Thu 14-06-44-PM,-0.1,1.848,-0.1,1.776,-0.4,1.86,-0.1,1.844,-0.3,1.98,0.0,1.864,-0.1,1.86,0.0,1.828
05-07-2026-Thu 14-06-45-PM,-0.2,1.844,-0.2,1.772,0.1,1.856,0.1,1.84,-0.1,1.976,-0.1,1.856,0.0,1.852,0.0,1.82
05-07-2026-Thu 14-06-46-PM,-0.1,1.836,0.1,1.768,0.1,1.852,-0.5,1.836,-0.2,1.968,-0.3,1.852,-0.1,1.852,-0.2,1.82
05-07-2026-Thu 14-06-48-PM,-0.4,1.836,0.0,1.768,-0.2,1.844,-0.1,1.832,0.0,1.964,-0.2,1.844,-0.4,1.848,-0.1,1.816
05-07-2026-Thu 14-06-49-PM,0.0,1.828,-0.1,1.764,0.0,1.84,-0.1,1.828,-0.1,1.96,-0.1,1.84,0.1,1.84,-0.2,1.812
05-07-2026-Thu 14-06-51-PM,-0.3,1.824,-0.3,1.76,-0.3,1.836,-0.4,1.824,-0.3,1.956,0.0,1.836,0.1,1.84,0.0,1.808
05-07-2026-Thu 14-06-52-PM,Power On
05-07-2026-Thu 14-06-53-PM,2.7,5.056,3.8,5.056,3.7,5.048,3.5,5.06,4.7,5.044,4.3,5.06,4.6,5.04,3.8,5.04
05-07-2026-Thu 14-06-55-PM,2.6,5.056,3.4,5.052,3.7,5.048,3.2,5.06,4.3,5.044,4.0,5.064,4.3,5.04,3.7,5.044
05-07-2026-Thu 14-06-56-PM,2.3,5.056,3.4,5.056,3.5,5.052,3.3,5.064,4.1,5.052,3.8,5.06,4.5,5.044,3.7,5.044
05-07-2026-Thu 14-06-59-PM,2.4,5.056,3.2,5.06,3.4,5.048,3.2,5.068,4.1,5.048,3.9,5.06,4.0,5.04,3.4,5.044
05-07-2026-Thu 14-07-00-PM,Power Off
05-07-2026-Thu 14-07-02-PM,-0.4,2.596,-0.2,2.508,0.1,2.584,-0.3,2.556,-0.3,2.704,0.0,2.692,-0.3,2.58,-0.1,2.52
05-07-2026-Thu 14-07-03-PM,-0.2,2.468,-0.3,2.376,-0.2,2.46,-0.5,2.432,-0.2,2.616,-0.2,2.592,-0.1,2.464,-0.2,2.412
05-07-2026-Thu 14-07-05-PM,-0.3,2.392,-0.2,2.292,-0.2,2.384,-0.2,2.348,-0.2,2.556,-0.1,2.524,0.0,2.388,-0.1,2.344
05-07-2026-Thu 14-07-06-PM,-0.1,2.332,-0.2,2.232,-0.3,2.332,-0.4,2.292,-0.1,2.516,-0.2,2.472,-0.1,2.336,-0.4,2.292
05-07-2026-Thu 14-07-08-PM,0.1,2.288,-0.3,2.188,0.0,2.288,-0.3,2.244,0.0,2.472,-0.2,2.428,0.1,2.292,-0.2,2.252
05-07-2026-Thu 14-07-09-PM,-0.1,2.252,0.1,2.152,-0.3,2.26,-0.3,2.204,-0.1,2.44,-0.4,2.384,-0.3,2.256,-0.2,2.22
05-07-2026-Thu 14-07-10-PM,0.1,2.22,-0.1,2.12,-0.2,2.232,-0.3,2.172,0.0,2.412,-0.1,2.352,-0.1,2.228,0.1,2.192
05-07-2026-Thu 14-07-12-PM,0.0,2.196,-0.1,2.096,-0.2,2.2,-0.2,2.152,-0.1,2.384,-0.1,2.32,0.0,2.204,-0.2,2.168
05-07-2026-Thu 14-07-13-PM,-0.3,2.172,-0.3,2.076,-0.1,2.184,-0.4,2.128,0.1,2.36,-0.3,2.296,-0.1,2.176,-0.3,2.148
05-07-2026-Thu 14-07-14-PM,-0.3,2.152,-0.3,2.056,-0.2,2.164,-0.4,2.108,-0.1,2.34,-0.3,2.268,-0.1,2.16,-0.4,2.128
05-07-2026-Thu 14-07-16-PM,-0.1,2.128,-0.3,2.036,-0.1,2.148,-0.2,2.092,-0.3,2.32,0.0,2.248,-0.2,2.14,-0.4,2.108
05-07-2026-Thu 14-07-17-PM,-0.1,2.116,-0.4,2.02,-0.3,2.128,-0.3,2.072,0.1,2.304,-0.3,2.228,-0.3,2.124,-0.1,2.092
05-07-2026-Thu 14-07-19-PM,-0.3,2.1,-0.1,2.004,-0.3,2.116,-0.3,2.06,-0.3,2.288,0.0,2.208,-0.2,2.108,0.1,2.08
05-07-2026-Thu 14-07-20-PM,-0.2,2.084,-0.1,1.996,-0.2,2.104,-0.3,2.044,-0.4,2.268,-0.1,2.188,-0.5,2.096,-0.2,2.064
05-07-2026-Thu 14-07-22-PM,0.0,2.064,0.0,1.976,-0.2,2.088,-0.3,2.032,-0.4,2.252,-0.1,2.172,0.0,2.08,-0.1,2.056
05-07-2026-Thu 14-07-23-PM,0.2,2.056,-0.1,1.964,-0.2,2.076,-0.4,2.02,0.0,2.24,0.0,2.152,0.0,2.068,-0.3,2.04
05-07-2026-Thu 14-07-24-PM,0.0,2.044,-0.1,1.952,-0.3,2.064,-0.2,2.012,-0.3,2.224,0.1,2.14,-0.2,2.056,-0.2,2.028
05-07-2026-Thu 14-07-26-PM,-0.2,2.032,0.1,1.944,-0.3,2.056,-0.2,2.0,-0.2,2.216,-0.1,2.124,-0.3,2.048,-0.4,2.016
05-07-2026-Thu 14-07-27-PM,-0.2,2.024,-0.1,1.936,-0.1,2.04,-0.2,1.988,-0.1,2.196,-0.1,2.108,0.0,2.036,-0.1,2.004
05-07-2026-Thu 14-07-29-PM,-0.3,2.012,0.0,1.924,-0.2,2.032,0.0,1.984,0.0,2.188,0.1,2.096,0.0,2.024,-0.2,1.992
05-07-2026-Thu 14-07-30-PM,-0.4,2.004,-0.1,1.916,-0.1,2.02,-0.3,1.976,-0.3,2.18,-0.3,2.084,-0.3,2.016,-0.2,1.988
05-07-2026-Thu 14-07-32-PM,0.0,1.992,0.0,1.908,-0.4,2.016,-0.2,1.968,-0.2,2.168,-0.4,2.068,-0.1,2.008,0.0,1.976
05-07-2026-Thu 14-07-33-PM,-0.1,1.984,-0.2,1.896,-0.3,2.008,-0.5,1.96,0.0,2.16,-0.2,2.06,-0.1,2.0,0.1,1.968
05-07-2026-Thu 14-07-34-PM,-0.2,1.972,0.0,1.892,0.0,2.0,-0.3,1.952,-0.1,2.144,0.0,2.052,-0.5,1.992,-0.1,1.96
05-07-2026-Thu 14-07-36-PM,-0.1,1.968,-0.1,1.88,-0.1,1.988,0.0,1.944,-0.1,2.136,0.0,2.04,-0.3,1.984,-0.3,1.952
05-07-2026-Thu 14-07-37-PM,-0.2,1.96,-0.2,1.876,-0.2,1.984,-0.2,1.94,-0.1,2.128,-0.1,2.028,0.1,1.976,-0.3,1.944
05-07-2026-Thu 14-07-39-PM,0.0,1.952,-0.3,1.872,0.0,1.976,-0.4,1.932,-0.1,2.124,-0.2,2.016,-0.4,1.968,-0.3,1.936
05-07-2026-Thu 14-07-40-PM,-0.4,1.948,0.1,1.86,-0.3,1.968,-0.2,1.928,0.0,2.108,-0.1,2.008,0.1,1.96,-0.2,1.936
05-07-2026-Thu 14-07-41-PM,-0.1,1.936,-0.1,1.856,-0.2,1.96,-0.4,1.92,0.1,2.1,-0.2,2.0,-0.2,1.952,-0.4,1.924
05-07-2026-Thu 14-07-43-PM,-0.2,1.932,-0.2,1.852,-0.1,1.956,-0.5,1.92,-0.1,2.096,0.1,1.988,-0.3,1.948,0.0,1.916
05-07-2026-Thu 14-07-44-PM,-0.1,1.928,-0.1,1.848,-0.2,1.948,-0.5,1.912,-0.3,2.088,-0.2,1.98,0.1,1.94,-0.3,1.912
05-07-2026-Thu 14-07-46-PM,-0.4,1.916,-0.2,1.84,-0.4,1.94,-0.2,1.908,-0.4,2.084,-0.3,1.972,0.0,1.936,-0.2,1.908
05-07-2026-Thu 14-07-47-PM,-0.1,1.912,-0.1,1.836,-0.1,1.936,-0.2,1.9,-0.3,2.072,-0.4,1.96,0.0,1.928,-0.2,1.9
05-07-2026-Thu 14-07-48-PM,-0.3,1.908,0.1,1.832,-0.1,1.928,-0.3,1.896,-0.1,2.064,-0.3,1.952,0.0,1.92,0.0,1.896
05-07-2026-Thu 14-07-50-PM,-0.1,1.904,-0.2,1.824,0.1,1.92,-0.1,1.888,-0.2,2.06,-0.3,1.944,0.2,1.916,0.1,1.888
05-07-2026-Thu 14-07-51-PM,-0.1,1.9,-0.3,1.82,-0.1,1.916,-0.2,1.888,0.1,2.052,-0.1,1.936,-0.1,1.912,-0.3,1.884
05-07-2026-Thu 14-07-52-PM,-0.2,1.892,-0.2,1.816,-0.3,1.912,-0.4,1.884,-0.3,2.04,-0.3,1.928,-0.1,1.904,0.0,1.876
05-07-2026-Thu 14-07-54-PM,-0.2,1.884,-0.1,1.808,-0.1,1.904,-0.4,1.88,0.0,2.036,-0.2,1.92,0.0,1.9,0.0,1.872
05-07-2026-Thu 14-07-57-PM,-0.3,1.872,-0.2,1.8,-0.5,1.892,-0.1,1.876,-0.2,2.024,0.1,1.904,0.1,1.892,-0.4,1.864
05-07-2026-Thu 14-07-58-PM,-0.5,1.868,-0.1,1.8,-0.2,1.888,-0.2,1.864,-0.2,2.02,0.0,1.896,0.0,1.888,-0.1,1.856
05-07-2026-Thu 14-08-00-PM,-0.2,1.864,-0.1,1.796,-0.1,1.884,-0.3,1.864,-0.1,2.012,-0.1,1.892,-0.3,1.884,0.0,1.852
05-07-2026-Thu 14-08-01-PM,-0.1,1.856,-0.1,1.792,-0.2,1.88,-0.3,1.856,-0.1,2.008,0.0,1.884,-0.2,1.88,-0.1,1.848
05-07-2026-Thu 14-08-02-PM,-0.1,1.856,-0.1,1.784,-0.3,1.872,-0.3,1.852,0.1,2.0,-0.3,1.88,-0.4,1.872,-0.7,1.844
05-07-2026-Thu 14-08-04-PM,-0.4,1.852,-0.5,1.78,-0.2,1.868,-0.4,1.852,-0.2,1.996,-0.1,1.868,0.0,1.868,-0.1,1.84
05-07-2026-Thu 14-08-05-PM,-0.2,1.848,-0.2,1.776,-0.2,1.864,-0.4,1.848,-0.2,1.988,-0.3,1.864,0.0,1.864,0.0,1.836
05-07-2026-Thu 14-08-07-PM,-0.1,1.844,-0.5,1.776,-0.1,1.86,-0.2,1.844,-0.1,1.98,-0.3,1.86,-0.2,1.86,-0.1,1.828
05-07-2026-Thu 14-08-08-PM,-0.2,1.84,-0.2,1.772,-0.1,1.856,-0.1,1.84,-0.1,1.976,-0.3,1.852,0.0,1.86,-0.2,1.828
05-07-2026-Thu 14-08-09-PM,-0.2,1.832,-0.4,1.772,-0.3,1.852,-0.2,1.844,-0.1,1.976,0.1,1.848,-0.1,1.856,-0.2,1.82
05-07-2026-Thu 14-08-11-PM,-0.2,1.832,0.0,1.768,-0.1,1.848,-0.4,1.836,0.3,1.968,-0.1,1.84,-0.1,1.848,0.1,1.816
05-07-2026-Thu 14-08-12-PM,Power On
05-07-2026-Thu 14-08-14-PM,2.6,5.056,3.7,5.052,3.8,5.052,3.6,5.064,4.1,5.048,4.1,5.06,4.2,5.044,3.9,5.044
05-07-2026-Thu 14-08-15-PM,2.4,5.056,3.1,5.052,3.6,5.052,3.1,5.064,3.9,5.048,3.7,5.06,4.0,5.04,3.6,5.048
05-07-2026-Thu 14-08-16-PM,2.3,5.056,3.1,5.052,3.5,5.048,3.1,5.064,3.8,5.048,3.5,5.056,3.6,5.044,3.7,5.04
05-07-2026-Thu 14-08-18-PM,2.4,5.056,2.9,5.052,3.5,5.048,3.1,5.064,3.5,5.048,3.7,5.06,3.6,5.04,3.4,5.044
05-07-2026-Thu 14-08-19-PM,2.2,5.052,3.1,5.056,3.4,5.052,3.0,5.06,3.7,5.048,3.6,5.06,3.8,5.04,3.2,5.044
05-07-2026-Thu 14-08-20-PM,2.1,5.056,3.1,5.052,3.3,5.052,2.9,5.06,3.6,5.048,3.4,5.06,3.8,5.04,3.2,5.044
05-07-2026-Thu 14-08-21-PM,Power Off
05-07-2026-Thu 14-08-23-PM,-0.2,2.612,-0.3,2.52,-0.1,2.596,-0.2,2.568,-0.2,2.712,0.0,2.7,-0.1,2.592,-0.3,2.536
05-07-2026-Thu 14-08-24-PM,-0.2,2.48,-0.3,2.392,-0.2,2.472,-0.5,2.444,0.1,2.624,-0.2,2.604,-0.1,2.476,-0.4,2.424
05-07-2026-Thu 14-08-26-PM,-0.2,2.404,-0.2,2.304,0.0,2.4,-0.4,2.368,0.0,2.572,-0.2,2.532,-0.3,2.4,-0.1,2.356
05-07-2026-Thu 14-08-27-PM,-0.2,2.344,-0.3,2.248,-0.2,2.348,-0.2,2.308,0.1,2.524,-0.3,2.48,-0.1,2.344,-0.3,2.308
05-07-2026-Thu 14-08-28-PM,0.1,2.3,-0.4,2.204,-0.4,2.304,-0.3,2.26,0.0,2.492,-0.5,2.436,0.0,2.304,0.0,2.268
05-07-2026-Thu 14-08-30-PM,-0.3,2.264,-0.4,2.168,-0.2,2.268,-0.2,2.224,-0.1,2.456,-0.4,2.396,-0.1,2.268,0.0,2.236
05-07-2026-Thu 14-08-31-PM,-0.2,2.232,0.1,2.14,-0.1,2.24,-0.3,2.192,-0.1,2.428,-0.2,2.364,-0.3,2.24,-0.3,2.204
05-07-2026-Thu 14-08-33-PM,-0.2,2.208,-0.2,2.108,0.0,2.216,-0.4,2.168,0.1,2.4,-0.1,2.332,-0.1,2.216,0.0,2.18
05-07-2026-Thu 14-08-34-PM,-0.4,2.18,0.1,2.088,-0.1,2.192,-0.2,2.14,-0.1,2.376,0.0,2.308,-0.1,2.192,-0.3,2.16
05-07-2026-Thu 14-08-35-PM,-0.1,2.16,-0.3,2.072,0.1,2.172,-0.2,2.124,0.2,2.356,0.1,2.28,-0.3,2.176,0.0,2.14
05-07-2026-Thu 14-08-37-PM,-0.4,2.14,-0.1,2.048,0.0,2.156,-0.4,2.104,-0.3,2.332,-0.1,2.26,-0.2,2.156,-0.1,2.124
05-07-2026-Thu 14-08-38-PM,-0.2,2.12,0.2,2.036,-0.3,2.14,-0.2,2.088,-0.1,2.316,0.0,2.24,-0.2,2.14,-0.3,2.108
05-07-2026-Thu 14-08-40-PM,-0.2,2.108,-0.2,2.02,-0.1,2.124,-0.1,2.072,0.1,2.3,-0.2,2.216,-0.5,2.124,-0.1,2.092
05-07-2026-Thu 14-08-41-PM,-0.1,2.092,-0.2,2.004,-0.2,2.108,-0.1,2.056,-0.1,2.284,0.0,2.196,-0.1,2.108,-0.3,2.076
05-07-2026-Thu 14-08-42-PM,-0.3,2.08,-0.4,1.988,-0.4,2.096,-0.1,2.044,-0.2,2.268,-0.2,2.18,-0.1,2.096,-0.1,2.064
05-07-2026-Thu 14-08-44-PM,Power On
05-07-2026-Thu 14-08-45-PM,2.4,5.06,3.3,5.056,3.2,5.052,3.1,5.06,3.6,5.048,3.6,5.06,3.7,5.04,3.4,5.044
05-07-2026-Thu 14-08-46-PM,2.1,5.052,3.0,5.052,3.2,5.052,3.0,5.06,3.6,5.048,3.5,5.06,3.7,5.044,3.4,5.044
05-07-2026-Thu 14-08-48-PM,2.3,5.056,3.0,5.056,3.0,5.052,2.6,5.064,3.3,5.048,3.6,5.06,3.6,5.044,3.2,5.044
05-07-2026-Thu 14-08-49-PM,2.3,5.056,3.1,5.056,3.1,5.048,2.7,5.06,3.5,5.048,3.4,5.06,3.9,5.044,2.8,5.044
05-07-2026-Thu 14-08-50-PM,2.3,5.052,2.7,5.052,3.1,5.048,2.7,5.06,3.6,5.052,3.5,5.06,3.8,5.044,3.1,5.048
05-07-2026-Thu 14-08-52-PM,Power Off
05-07-2026-Thu 14-08-53-PM,-0.2,2.624,-0.1,2.532,-0.1,2.604,-0.4,2.588,-0.2,2.732,-0.1,2.712,0.0,2.608,-0.3,2.556
05-07-2026-Thu 14-08-55-PM,-0.3,2.504,-0.4,2.416,-0.1,2.492,-0.3,2.468,-0.2,2.644,0.1,2.62,-0.2,2.5,-0.1,2.452
05-07-2026-Thu 14-08-56-PM,0.0,2.424,-0.2,2.332,-0.3,2.42,-0.6,2.392,0.1,2.592,-0.2,2.556,-0.3,2.428,-0.2,2.388
05-07-2026-Thu 14-08-58-PM,-0.1,2.368,0.1,2.276,-0.1,2.368,0.0,2.332,-0.1,2.548,-0.3,2.5,-0.3,2.372,-0.1,2.332
05-07-2026-Thu 14-08-59-PM,-0.3,2.324,0.2,2.236,0.1,2.328,-0.4,2.288,0.1,2.508,-0.1,2.456,-0.4,2.332,-0.1,2.296
05-07-2026-Thu 14-09-00-PM,0.0,2.292,-0.2,2.192,0.0,2.296,-0.3,2.256,-0.1,2.476,-0.2,2.42,-0.3,2.3,0.0,2.264
05-07-2026-Thu 14-09-02-PM,-0.2,2.26,-0.2,2.168,-0.1,2.264,-0.1,2.22,-0.2,2.452,-0.3,2.388,-0.2,2.268,-0.3,2.236
05-07-2026-Thu 14-09-03-PM,-0.3,2.232,0.0,2.14,0.0,2.244,-0.4,2.192,-0.1,2.424,0.1,2.356,-0.2,2.24,-0.2,2.212
05-07-2026-Thu 14-09-05-PM,-0.2,2.208,0.0,2.116,-0.3,2.22,-0.3,2.168,0.0,2.404,-0.1,2.328,0.0,2.22,-0.2,2.188
05-07-2026-Thu 14-09-06-PM,-0.1,2.188,-0.4,2.096,-0.3,2.2,-0.2,2.148,0.0,2.38,-0.2,2.304,0.1,2.2,-0.4,2.168
05-07-2026-Thu 14-09-07-PM,-0.2,2.168,-0.2,2.08,-0.4,2.18,-0.3,2.128,0.0,2.36,0.0,2.28,-0.4,2.18,-0.3,2.152
05-07-2026-Thu 14-09-10-PM,-0.1,2.136,-0.3,2.052,-0.3,2.152,-0.2,2.096,-0.2,2.328,-0.2,2.24,0.1,2.152,-0.1,2.12
05-07-2026-Thu 14-09-12-PM,-0.2,2.12,-0.2,2.04,-0.2,2.136,-0.1,2.084,0.1,2.312,-0.1,2.224,-0.1,2.136,-0.3,2.108
05-07-2026-Thu 14-09-13-PM,-0.1,2.108,0.0,2.024,0.0,2.124,-0.4,2.072,0.1,2.296,-0.2,2.204,-0.4,2.124,-0.3,2.096
05-07-2026-Thu 14-09-14-PM,-0.2,2.092,-0.5,2.012,-0.1,2.112,-0.4,2.06,-0.2,2.284,-0.1,2.188,-0.2,2.112,-0.1,2.084
05-07-2026-Thu 14-09-16-PM,-0.3,2.084,-0.2,2.004,-0.3,2.1,-0.2,2.048,-0.3,2.268,0.0,2.172,-0.3,2.096,-0.1,2.072
05-07-2026-Thu 14-09-17-PM,-0.2,2.072,-0.1,1.992,-0.4,2.092,-0.3,2.04,-0.1,2.256,-0.3,2.16,-0.1,2.088,-0.1,2.06
05-07-2026-Thu 14-09-19-PM,-0.2,2.056,-0.1,1.98,0.0,2.08,-0.2,2.028,-0.3,2.244,-0.1,2.144,-0.3,2.08,-0.3,2.052
05-07-2026-Thu 14-09-20-PM,0.0,2.052,0.0,1.972,0.0,2.072,0.0,2.02,0.1,2.232,0.0,2.128,-0.3,2.068,-0.1,2.04
05-07-2026-Thu 14-09-21-PM,-0.2,2.044,-0.2,1.96,-0.1,2.06,-0.2,2.016,0.0,2.22,-0.1,2.12,-0.4,2.06,-0.2,2.028
05-07-2026-Thu 14-09-23-PM,-0.1,2.032,-0.1,1.952,-0.2,2.052,-0.2,2.004,-0.1,2.212,-0.1,2.104,-0.3,2.048,-0.2,2.02
05-07-2026-Thu 14-09-24-PM,0.0,2.024,-0.2,1.944,-0.2,2.044,-0.3,1.996,-0.1,2.2,-0.3,2.092,0.1,2.036,-0.4,2.012
05-07-2026-Thu 14-09-26-PM,-0.3,2.012,-0.1,1.936,-0.1,2.036,-0.3,1.992,0.0,2.192,-0.1,2.084,-0.4,2.032,-0.1,2.008
05-07-2026-Thu 14-09-27-PM,-0.2,2.004,-0.2,1.928,-0.2,2.024,-0.4,1.984,0.0,2.176,0.1,2.068,0.1,2.024,-0.1,1.996
05-07-2026-Thu 14-09-29-PM,-0.3,2.0,-0.1,1.924,-0.1,2.016,-0.5,1.972,0.0,2.168,-0.1,2.06,-0.4,2.016,0.1,1.988
05-07-2026-Thu 14-09-30-PM,-0.3,1.992,0.0,1.916,-0.2,2.016,-0.5,1.972,-0.1,2.16,0.0,2.048,-0.2,2.008,-0.2,1.984
05-07-2026-Thu 14-09-32-PM,-0.1,1.98,-0.3,1.908,-0.1,2.008,-0.3,1.964,-0.2,2.152,-0.2,2.04,-0.1,2.0,0.1,1.972
05-07-2026-Thu 14-09-35-PM,-0.2,1.968,-0.1,1.896,-0.1,1.992,-0.3,1.948,-0.2,2.136,-0.1,2.02,-0.2,1.988,-0.4,1.96
05-07-2026-Thu 14-09-37-PM,Power On
05-07-2026-Thu 14-09-40-PM,2.1,5.056,2.9,5.056,3.2,5.052,3.1,5.064,3.5,5.052,3.5,5.06,3.8,5.044,3.0,5.044
05-07-2026-Thu 14-09-43-PM,2.3,5.06,2.5,5.056,3.0,5.052,3.0,5.06,3.5,5.048,3.2,5.06,3.4,5.044,3.1,5.044
05-07-2026-Thu 14-09-44-PM,Power Off
05-07-2026-Thu 14-09-45-PM,-0.1,2.604,-0.2,2.516,-0.2,2.596,-0.2,2.572,-0.2,2.712,0.0,2.7,-0.1,2.588,-0.4,2.536
05-07-2026-Thu 14-09-47-PM,-0.3,2.476,0.1,2.392,-0.2,2.476,-0.2,2.444,-0.1,2.628,-0.1,2.6,-0.3,2.472,-0.2,2.424
05-07-2026-Thu 14-09-48-PM,-0.1,2.4,-0.2,2.312,-0.2,2.4,-0.4,2.364,-0.3,2.568,0.0,2.532,-0.3,2.4,-0.4,2.356
05-07-2026-Thu 14-09-50-PM,-0.1,2.344,-0.3,2.252,0.0,2.348,-0.5,2.308,0.0,2.524,-0.1,2.48,-0.4,2.348,-0.3,2.308
05-07-2026-Thu 14-09-51-PM,-0.1,2.3,-0.1,2.208,-0.3,2.308,-0.5,2.26,0.1,2.488,-0.2,2.436,0.1,2.304,-0.1,2.272
05-07-2026-Thu 14-09-52-PM,-0.2,2.268,-0.2,2.172,-0.1,2.276,-0.2,2.228,0.0,2.452,-0.3,2.396,-0.1,2.272,-0.2,2.236
05-07-2026-Thu 14-09-54-PM,-0.2,2.24,-0.4,2.144,-0.5,2.248,-0.4,2.196,-0.2,2.424,-0.2,2.364,-0.3,2.244,0.2,2.208
05-07-2026-Thu 14-09-55-PM,-0.4,2.216,0.0,2.116,-0.3,2.224,-0.3,2.172,-0.1,2.404,-0.3,2.332,0.1,2.22,-0.2,2.188
05-07-2026-Thu 14-09-57-PM,-0.1,2.184,-0.4,2.096,-0.1,2.196,-0.3,2.144,0.1,2.38,-0.1,2.304,-0.4,2.2,-0.3,2.164
05-07-2026-Thu 14-09-58-PM,-0.1,2.164,-0.2,2.076,-0.1,2.18,-0.4,2.128,-0.4,2.36,-0.2,2.28,-0.4,2.18,-0.2,2.148
05-07-2026-Thu 14-09-59-PM,-0.4,2.148,-0.2,2.064,-0.4,2.16,-0.1,2.112,0.0,2.34,-0.4,2.26,-0.1,2.164,-0.1,2.132
05-07-2026-Thu 14-10-01-PM,-0.1,2.132,-0.2,2.044,-0.2,2.148,-0.4,2.096,-0.2,2.324,-0.3,2.236,-0.1,2.144,-0.4,2.116
05-07-2026-Thu 14-10-02-PM,-0.1,2.116,-0.1,2.032,-0.1,2.132,-0.4,2.08,0.0,2.304,-0.2,2.22,-0.1,2.128,-0.3,2.1
05-07-2026-Thu 14-10-04-PM,-0.2,2.104,-0.4,2.02,-0.2,2.12,-0.2,2.068,0.0,2.292,0.1,2.2,-0.1,2.116,-0.2,2.084
05-07-2026-Thu 14-10-05-PM,0.1,2.088,-0.3,2.004,-0.1,2.104,-0.3,2.056,-0.1,2.276,-0.2,2.184,0.0,2.104,-0.1,2.072
05-07-2026-Thu 14-10-06-PM,-0.2,2.08,-0.5,1.996,-0.3,2.096,-0.3,2.044,-0.4,2.264,-0.2,2.168,-0.1,2.092,-0.2,2.064
05-07-2026-Thu 14-10-08-PM,-0.2,2.068,0.0,1.984,0.0,2.084,-0.2,2.032,-0.1,2.248,-0.1,2.152,-0.3,2.08,-0.1,2.052
05-07-2026-Thu 14-10-09-PM,0.0,2.056,-0.1,1.972,-0.3,2.076,-0.3,2.024,-0.2,2.236,-0.1,2.14,-0.1,2.072,-0.4,2.04
05-07-2026-Thu 14-10-11-PM,-0.2,2.044,0.0,1.96,0.0,2.064,-0.3,2.016,0.1,2.224,0.0,2.124,-0.2,2.064,-0.1,2.032
05-07-2026-Thu 14-10-12-PM,0.0,2.032,-0.1,1.956,-0.3,2.056,-0.2,2.008,0.0,2.212,0.0,2.116,-0.3,2.056,0.0,2.024
05-07-2026-Thu 14-10-13-PM,-0.3,2.024,-0.2,1.944,-0.2,2.044,0.0,2.0,-0.3,2.204,0.0,2.1,-0.1,2.044,-0.3,2.012
05-07-2026-Thu 14-10-15-PM,-0.3,2.012,0.0,1.936,-0.2,2.036,-0.3,1.992,-0.1,2.196,-0.2,2.088,-0.1,2.036,-0.4,2.004
05-07-2026-Thu 14-10-16-PM,-0.3,2.004,-0.4,1.928,-0.3,2.028,-0.3,1.984,-0.2,2.188,0.0,2.076,-0.1,2.024,-0.2,1.996
05-07-2026-Thu 14-10-18-PM,-0.2,2.0,-0.1,1.924,-0.2,2.024,-0.1,1.976,0.0,2.176,-0.2,2.068,-0.3,2.02,0.0,1.984
05-07-2026-Thu 14-10-19-PM,-0.1,1.992,0.0,1.916,-0.2,2.012,-0.2,1.968,0.0,2.164,-0.2,2.056,-0.1,2.012,-0.3,1.98
05-07-2026-Thu 14-10-20-PM,-0.4,1.984,-0.1,1.908,-0.4,2.004,-0.4,1.968,-0.1,2.16,0.0,2.044,-0.2,2.0,0.1,1.976
05-07-2026-Thu 14-10-22-PM,-0.1,1.98,0.0,1.904,0.1,2.0,-0.3,1.96,0.1,2.148,-0.2,2.036,-0.1,1.992,-0.1,1.964
05-07-2026-Thu 14-10-23-PM,-0.4,1.968,0.0,1.896,-0.1,1.996,-0.3,1.956,-0.3,2.144,-0.1,2.028,-0.1,1.992,-0.1,1.96
05-07-2026-Thu 14-10-24-PM,-0.1,1.96,-0.1,1.892,-0.1,1.988,-0.3,1.948,-0.2,2.132,0.0,2.012,-0.3,1.98,-0.3,1.952
05-07-2026-Thu 14-10-26-PM,-0.4,1.956,0.0,1.884,-0.4,1.984,-0.2,1.94,-0.1,2.124,0.0,2.008,-0.3,1.972,-0.1,1.948
05-07-2026-Thu 14-10-27-PM,-0.2,1.952,-0.2,1.88,-0.2,1.976,-0.6,1.94,-0.2,2.116,-0.2,1.996,-0.2,1.972,-0.3,1.944
05-07-2026-Thu 14-10-29-PM,-0.3,1.944,0.0,1.872,-0.3,1.968,-0.2,1.936,0.1,2.112,-0.1,1.992,-0.4,1.964,-0.1,1.936
05-07-2026-Thu 14-10-30-PM,Power On
05-07-2026-Thu 14-10-31-PM,2.5,5.056,2.9,5.056,3.2,5.048,3.0,5.06,3.7,5.048,3.5,5.06,3.9,5.044,2.8,5.044
05-07-2026-Thu 14-10-33-PM,2.3,5.056,2.6,5.052,3.0,5.052,2.9,5.06,3.4,5.048,3.2,5.056,3.4,5.04,3.0,5.044
05-07-2026-Thu 14-10-34-PM,2.1,5.056,2.5,5.052,3.0,5.048,2.6,5.06,3.3,5.048,3.0,5.06,3.2,5.044,2.8,5.044
05-07-2026-Thu 14-10-35-PM,2.1,5.056,2.6,5.056,3.0,5.052,2.8,5.06,3.3,5.048,2.9,5.06,3.3,5.044,3.0,5.044
05-07-2026-Thu 14-10-37-PM,2.0,5.056,2.7,5.052,2.6,5.048,2.5,5.06,3.2,5.048,3.1,5.06,3.1,5.04,2.8,5.044
05-07-2026-Thu 14-10-38-PM,Power Off
05-07-2026-Thu 14-10-40-PM,-0.1,2.612,-0.3,2.536,-0.1,2.604,-0.2,2.58,-0.1,2.728,-0.1,2.708,-0.3,2.6,0.1,2.548
05-07-2026-Thu 14-10-41-PM,0.0,2.488,0.0,2.412,-0.2,2.488,-0.3,2.464,0.1,2.64,-0.2,2.612,0.1,2.492,-0.2,2.444
05-07-2026-Thu 14-10-42-PM,-0.4,2.416,-0.2,2.332,-0.3,2.42,-0.3,2.384,0.0,2.584,-0.1,2.548,0.1,2.42,-0.2,2.376
05-07-2026-Thu 14-10-44-PM,-0.1,2.36,-0.2,2.268,-0.5,2.368,-0.3,2.328,-0.1,2.544,-0.3,2.496,-0.1,2.364,-0.2,2.324
05-07-2026-Thu 14-10-45-PM,-0.1,2.316,-0.1,2.22,-0.2,2.32,-0.2,2.284,-0.1,2.504,-0.1,2.448,-0.3,2.324,0.0,2.288
05-07-2026-Thu 14-10-47-PM,0.0,2.28,-0.1,2.188,0.0,2.288,-0.4,2.248,0.1,2.472,0.0,2.412,-0.3,2.288,-0.1,2.256
05-07-2026-Thu 14-10-48-PM,-0.4,2.248,-0.2,2.16,-0.1,2.256,-0.4,2.216,-0.3,2.444,-0.1,2.376,-0.1,2.264,-0.2,2.228
05-07-2026-Thu 14-10-49-PM,Power On
05-07-2026-Thu 14-10-51-PM,2.2,5.056,2.6,5.052,3.0,5.052,2.8,5.064,3.3,5.048,2.8,5.06,3.3,5.044,2.9,5.044
05-07-2026-Thu 14-10-52-PM,2.2,5.056,2.6,5.056,2.8,5.052,2.5,5.064,3.0,5.048,3.1,5.064,3.2,5.04,2.6,5.048
05-07-2026-Thu 14-10-53-PM,1.9,5.06,2.5,5.056,2.6,5.048,2.7,5.06,3.1,5.048,2.9,5.06,3.3,5.04,2.6,5.044
05-07-2026-Thu 14-10-55-PM,2.1,5.056,2.6,5.056,2.7,5.048,2.5,5.06,3.0,5.048,2.9,5.06,3.2,5.044,2.5,5.044
05-07-2026-Thu 14-10-56-PM,2.0,5.056,2.5,5.052,2.6,5.048,2.5,5.06,3.3,5.048,3.0,5.06,3.2,5.044,2.9,5.04
05-07-2026-Thu 14-10-58-PM,2.0,5.056,2.3,5.052,2.6,5.052,2.5,5.064,3.0,5.052,2.9,5.06,3.4,5.044,2.8,5.048
05-07-2026-Thu 14-10-59-PM,2.0,5.06,2.6,5.056,2.8,5.052,2.6,5.064,3.2,5.048,3.0,5.06,3.3,5.044,2.8,5.048
05-07-2026-Thu 14-11-02-PM,0.0,2.644,0.0,2.556,0.0,2.632,-0.4,2.616,0.3,2.744,-0.2,2.72,-0.3,2.62,-0.1,2.576
05-07-2026-Thu 14-11-04-PM,-0.4,2.448,-0.3,2.368,-0.4,2.452,-0.1,2.428,0.0,2.612,0.0,2.568,0.0,2.46,0.0,2.416
05-07-2026-Thu 14-11-07-PM,-0.3,2.352,-0.2,2.268,0.0,2.356,-0.1,2.332,-0.1,2.536,-0.2,2.48,-0.4,2.364,0.0,2.328
05-07-2026-Thu 14-11-10-PM,-0.2,2.288,-0.1,2.2,-0.3,2.296,-0.3,2.26,-0.3,2.476,-0.2,2.408,0.0,2.3,0.1,2.272
05-07-2026-Thu 14-11-13-PM,-0.3,2.24,-0.3,2.152,0.0,2.252,-0.4,2.208,0.1,2.432,-0.3,2.348,-0.1,2.248,-0.2,2.224
05-07-2026-Thu 14-11-15-PM,-0.2,2.212,0.0,2.132,-0.2,2.224,-0.2,2.18,0.0,2.4,-0.1,2.32,-0.3,2.224,-0.3,2.196
05-07-2026-Thu 14-11-16-PM,-0.2,2.192,-0.4,2.116,-0.3,2.204,-0.3,2.16,-0.3,2.384,-0.1,2.3,-0.1,2.208,-0.1,2.18
05-07-2026-Thu 14-11-17-PM,-0.2,2.176,0.1,2.1,-0.2,2.192,-0.2,2.144,0.0,2.368,0.0,2.276,-0.3,2.192,-0.2,2.164
05-07-2026-Thu 14-11-19-PM,0.0,2.16,-0.1,2.084,0.1,2.176,0.0,2.132,-0.3,2.352,-0.2,2.26,-0.4,2.176,-0.1,2.152
05-07-2026-Thu 14-11-20-PM,0.0,2.148,-0.2,2.072,-0.1,2.164,-0.4,2.116,-0.1,2.336,-0.1,2.24,-0.2,2.164,-0.2,2.14
05-07-2026-Thu 14-11-22-PM,-0.2,2.132,0.0,2.06,-0.4,2.148,-0.5,2.1,-0.2,2.32,-0.1,2.216,0.0,2.148,-0.1,2.12
05-07-2026-Thu 14-11-23-PM,0.1,2.12,-0.2,2.048,-0.4,2.14,-0.3,2.088,-0.2,2.304,0.0,2.204,0.0,2.136,0.0,2.108
05-07-2026-Thu 14-11-25-PM,-0.2,2.108,0.1,2.036,0.1,2.128,-0.1,2.076,-0.3,2.292,-0.2,2.188,-0.2,2.128,-0.1,2.104
05-07-2026-Thu 14-11-26-PM,-0.3,2.096,-0.1,2.028,-0.1,2.116,-0.3,2.072,0.1,2.28,-0.1,2.176,-0.3,2.116,0.0,2.092
05-07-2026-Thu 14-11-27-PM,0.0,2.088,-0.2,2.02,-0.2,2.104,-0.2,2.06,-0.3,2.268,-0.1,2.164,-0.2,2.104,-0.3,2.08
05-07-2026-Thu 14-11-29-PM,-0.4,2.076,0.0,2.008,-0.2,2.096,-0.2,2.052,-0.2,2.26,0.1,2.148,-0.3,2.096,-0.3,2.072
05-07-2026-Thu 14-11-30-PM,-0.3,2.068,-0.1,2.0,-0.2,2.088,-0.3,2.044,0.2,2.248,0.0,2.136,-0.1,2.088,-0.1,2.064
05-07-2026-Thu 14-11-32-PM,-0.2,2.056,-0.3,1.992,-0.1,2.08,-0.3,2.036,-0.2,2.236,0.0,2.124,-0.2,2.08,-0.2,2.052
05-07-2026-Thu 14-11-33-PM,-0.2,2.048,0.0,1.984,-0.1,2.072,-0.3,2.024,-0.1,2.228,-0.2,2.116,-0.1,2.068,-0.3,2.044
05-07-2026-Thu 14-11-34-PM,-0.5,2.04,-0.3,1.98,0.1,2.064,-0.4,2.02,-0.1,2.216,-0.3,2.104,-0.1,2.06,-0.3,2.036
05-07-2026-Thu 14-11-36-PM,-0.1,2.032,-0.2,1.968,0.1,2.056,-0.2,2.008,-0.1,2.208,-0.2,2.088,0.1,2.056,-0.2,2.028
05-07-2026-Thu 14-11-37-PM,-0.3,2.028,-0.2,1.964,-0.4,2.048,-0.2,2.004,-0.3,2.2,-0.4,2.08,-0.4,2.044,-0.1,2.02
05-07-2026-Thu 14-11-39-PM,-0.3,2.02,-0.1,1.956,-0.2,2.04,-0.3,2.0,0.3,2.188,-0.3,2.072,-0.5,2.04,-0.1,2.016
05-07-2026-Thu 14-11-40-PM,-0.1,2.012,-0.1,1.948,-0.2,2.036,-0.2,1.992,-0.2,2.184,0.0,2.064,-0.1,2.032,0.0,2.008
05-07-2026-Thu 14-11-41-PM,-0.2,2.004,-0.1,1.944,0.1,2.024,-0.2,1.988,-0.3,2.176,0.0,2.052,-0.3,2.024,-0.3,2.0
05-07-2026-Thu 14-11-43-PM,-0.3,1.996,-0.1,1.936,-0.4,2.02,-0.2,1.98,0.0,2.164,-0.2,2.04,-0.4,2.016,-0.2,1.992
05-07-2026-Thu 14-11-44-PM,-0.1,1.992,-0.2,1.928,-0.2,2.016,-0.4,1.98,-0.1,2.156,-0.1,2.032,-0.1,2.012,-0.1,1.988
05-07-2026-Thu 14-11-46-PM,-0.3,1.984,-0.2,1.928,-0.1,2.008,-0.4,1.972,0.0,2.152,-0.1,2.028,-0.2,2.004,-0.2,1.98
05-07-2026-Thu 14-11-47-PM,-0.4,1.98,-0.1,1.92,-0.2,2.004,-0.3,1.968,-0.2,2.144,-0.5,2.016,-0.4,2.0,-0.1,1.976
05-07-2026-Thu 14-11-48-PM,-0.3,1.972,-0.3,1.916,-0.3,2.0,-0.2,1.964,-0.1,2.136,-0.2,2.008,0.0,1.992,-0.2,1.972
05-07-2026-Thu 14-11-50-PM,-0.1,1.972,-0.1,1.912,-0.5,1.988,-0.4,1.96,0.1,2.132,0.2,2.0,-0.1,1.984,-0.2,1.964
05-07-2026-Thu 14-11-51-PM,-0.2,1.96,-0.2,1.904,-0.1,1.984,-0.4,1.952,0.1,2.12,-0.1,1.992,0.0,1.98,0.1,1.96
05-07-2026-Thu 14-11-53-PM,-0.2,1.96,-0.1,1.9,-0.3,1.98,-0.1,1.948,-0.1,2.116,0.0,1.988,-0.4,1.976,-0.3,1.956
05-07-2026-Thu 14-11-54-PM,-0.4,1.952,-0.2,1.892,0.0,1.976,-0.4,1.944,-0.3,2.108,-0.2,1.98,-0.3,1.968,-0.2,1.948
05-07-2026-Thu 14-11-55-PM,-0.1,1.948,-0.3,1.892,-0.3,1.968,-0.4,1.94,0.0,2.104,-0.2,1.972,-0.1,1.964,-0.1,1.944
05-07-2026-Thu 14-11-57-PM,-0.4,1.944,-0.3,1.888,-0.3,1.964,-0.5,1.94,0.0,2.096,-0.1,1.964,-0.3,1.96,-0.2,1.936
05-07-2026-Thu 14-11-58-PM,-0.1,1.94,-0.3,1.884,0.0,1.956,-0.3,1.932,-0.1,2.092,-0.3,1.956,-0.2,1.952,-0.2,1.936
05-07-2026-Thu 14-11-59-PM,-0.4,1.936,-0.1,1.876,-0.1,1.956,-0.2,1.932,-0.1,2.084,-0.2,1.952,-0.1,1.948,-0.2,1.928
05-07-2026-Thu 14-12-01-PM,-0.2,1.928,-0.3,1.872,-0.1,1.948,-0.2,1.924,0.0,2.08,0.1,1.944,-0.4,1.944,-0.1,1.924
05-07-2026-Thu 14-12-02-PM,-0.1,1.92,0.0,1.868,-0.1,1.944,-0.5,1.924,-0.2,2.076,-0.2,1.936,-0.2,1.94,0.0,1.92
05-07-2026-Thu 14-12-04-PM,-0.1,1.916,-0.2,1.864,-0.2,1.936,-0.2,1.92,-0.1,2.068,-0.1,1.932,-0.2,1.932,-0.3,1.916
05-07-2026-Thu 14-12-05-PM,-0.3,1.916,-0.1,1.86,-0.1,1.94,-0.1,1.912,-0.2,2.064,-0.3,1.924,-0.1,1.932,-0.1,1.908
05-07-2026-Thu 14-12-07-PM,-0.4,1.908,-0.1,1.856,-0.1,1.928,-0.2,1.912,-0.2,2.056,-0.2,1.916,-0.1,1.928,0.0,1.908
05-07-2026-Thu 14-12-08-PM,0.1,1.908,-0.1,1.852,0.0,1.928,-0.3,1.908,-0.2,2.052,-0.2,1.912,-0.2,1.924,-0.1,1.9
05-07-2026-Thu 14-12-09-PM,-0.2,1.904,-0.1,1.848,-0.2,1.924,-0.4,1.908,0.0,2.048,-0.1,1.908,0.0,1.916,-0.3,1.896
05-07-2026-Thu 14-12-11-PM,-0.2,1.9,-0.2,1.848,0.0,1.916,-0.1,1.904,0.0,2.044,-0.2,1.896,0.1,1.916,0.0,1.892
05-07-2026-Thu 14-12-12-PM,0.0,1.896,-0.1,1.84,-0.2,1.912,-0.2,1.9,-0.2,2.04,-0.2,1.896,-0.3,1.912,-0.1,1.888
05-07-2026-Thu 14-12-14-PM,-0.2,1.888,-0.5,1.84,-0.3,1.908,-0.5,1.896,0.0,2.032,-0.2,1.888,0.0,1.908,-0.1,1.884
05-07-2026-Thu 14-12-15-PM,-0.4,1.888,-0.2,1.832,-0.6,1.904,-0.4,1.896,-0.3,2.028,-0.1,1.88,-0.2,1.904,-0.3,1.884
05-07-2026-Thu 14-12-16-PM,-0.3,1.884,-0.5,1.828,0.0,1.904,-0.4,1.888,-0.2,2.02,-0.3,1.88,-0.1,1.896,-0.1,1.88
05-07-2026-Thu 14-12-18-PM,-0.1,1.876,-0.2,1.828,-0.2,1.896,-0.3,1.884,-0.3,2.016,0.0,1.872,-0.3,1.892,0.0,1.876
05-07-2026-Thu 14-12-19-PM,-0.3,1.876,0.0,1.82,0.1,1.892,-0.2,1.884,-0.3,2.012,-0.1,1.868,-0.2,1.888,-0.4,1.872
05-07-2026-Thu 14-12-21-PM,-0.2,1.872,-0.3,1.82,-0.2,1.888,-0.3,1.884,0.0,2.008,0.0,1.86,0.0,1.888,-0.1,1.868
05-07-2026-Thu 14-12-22-PM,-0.4,1.872,0.1,1.816,0.0,1.884,-0.3,1.876,-0.2,2.004,-0.1,1.856,0.0,1.884,-0.2,1.86
05-07-2026-Thu 14-12-23-PM,-0.2,1.864,-0.1,1.812,-0.2,1.88,-0.2,1.876,-0.1,1.996,0.1,1.852,0.0,1.88,-0.3,1.856
05-07-2026-Thu 14-12-25-PM,-0.2,1.86,-0.1,1.812,-0.2,1.876,-0.4,1.872,-0.2,1.996,-0.1,1.844,-0.2,1.876,-0.1,1.86
05-07-2026-Thu 14-12-26-PM,-0.1,1.856,-0.4,1.808,-0.3,1.876,-0.2,1.872,-0.2,1.988,-0.5,1.844,0.0,1.872,-0.1,1.852
05-07-2026-Thu 14-12-28-PM,0.0,1.856,-0.3,1.804,-0.3,1.868,-0.3,1.868,0.0,1.984,-0.2,1.836,-0.2,1.868,-0.2,1.852
05-07-2026-Thu 14-12-29-PM,0.0,1.852,-0.3,1.8,0.0,1.864,-0.2,1.868,-0.1,1.98,0.0,1.836,0.0,1.864,-0.1,1.844
05-07-2026-Thu 14-12-30-PM,0.0,1.848,0.0,1.8,-0.3,1.864,-0.3,1.86,0.0,1.976,-0.2,1.828,-0.1,1.864,0.0,1.844
05-07-2026-Thu 14-12-32-PM,-0.3,1.848,-0.2,1.796,0.0,1.86,-0.2,1.86,-0.2,1.972,-0.3,1.82,-0.1,1.86,-0.2,1.84
05-07-2026-Thu 14-12-34-PM,0.0,1.84,-0.2,1.792,-0.2,1.856,-0.3,1.856,-0.2,1.964,-0.2,1.816,-0.1,1.856,-0.1,1.832
05-07-2026-Thu 14-12-35-PM,-0.3,1.84,-0.2,1.792,-0.1,1.852,-0.2,1.852,-0.3,1.96,-0.1,1.812,-0.2,1.852,-0.2,1.832
05-07-2026-Thu 14-12-37-PM,-0.4,1.836,0.1,1.788,-0.3,1.848,-0.2,1.856,0.2,1.96,-0.2,1.808,0.0,1.852,-0.1,1.828
05-07-2026-Thu 14-12-38-PM,-0.2,1.832,0.1,1.784,0.0,1.844,-0.1,1.852,-0.3,1.956,-0.2,1.804,-0.2,1.848,-0.2,1.828
05-07-2026-Thu 14-12-39-PM,-0.1,1.828,-0.1,1.784,-0.1,1.84,-0.2,1.848,-0.1,1.948,-0.1,1.8,-0.3,1.844,-0.2,1.824
05-07-2026-Thu 14-12-41-PM,-0.1,1.828,-0.3,1.78,0.0,1.84,-0.1,1.844,0.0,1.948,-0.3,1.796,-0.1,1.844,0.0,1.816
05-07-2026-Thu 14-12-42-PM,-0.1,1.824,-0.1,1.776,0.0,1.832,-0.1,1.844,-0.3,1.944,-0.2,1.792,-0.3,1.836,0.1,1.816
05-07-2026-Thu 14-12-44-PM,0.1,1.82,-0.1,1.776,-0.2,1.828,0.0,1.84,0.0,1.94,-0.3,1.788,0.0,1.836,-0.1,1.816
05-07-2026-Thu 14-12-45-PM,-0.1,1.82,-0.1,1.772,-0.1,1.828,0.0,1.844,0.1,1.936,-0.1,1.784,-0.1,1.832,-0.2,1.812
05-07-2026-Thu 14-12-46-PM,-0.2,1.816,-0.1,1.768,-0.2,1.824,-0.5,1.836,-0.1,1.936,0.1,1.78,-0.3,1.832,-0.3,1.808
05-07-2026-Thu 14-12-48-PM,-0.2,1.812,0.0,1.768,0.1,1.824,-0.3,1.836,-0.4,1.928,-0.2,1.776,-0.3,1.832,-0.3,1.808
05-07-2026-Thu 14-12-49-PM,-0.5,1.812,-0.3,1.764,0.0,1.82,-0.2,1.836,-0.1,1.924,-0.2,1.776,-0.2,1.828,0.0,1.804
05-07-2026-Thu 14-12-51-PM,-0.3,1.812,0.0,1.764,-0.3,1.816,-0.3,1.832,0.0,1.924,-0.1,1.772,0.0,1.824,-0.2,1.8
05-07-2026-Thu 14-12-52-PM,-0.2,1.804,-0.3,1.756,-0.3,1.816,-0.1,1.828,-0.1,1.92,0.1,1.768,-0.2,1.82,0.1,1.8
05-07-2026-Thu 14-12-53-PM,-0.1,1.8,-0.1,1.756,-0.3,1.812,-0.1,1.828,0.1,1.916,0.1,1.764,0.0,1.82,-0.2,1.796
05-07-2026-Thu 14-12-55-PM,-0.3,1.796,0.0,1.76,-0.1,1.812,-0.4,1.824,-0.2,1.912,-0.2,1.76,-0.5,1.82,0.0,1.792
05-07-2026-Thu 14-12-56-PM,-0.3,1.8,-0.2,1.756,0.0,1.804,-0.3,1.824,-0.2,1.908,0.0,1.756,0.0,1.816,-0.2,1.788
05-07-2026-Thu 14-12-58-PM,-0.4,1.792,-0.3,1.752,0.0,1.804,-0.2,1.824,-0.3,1.904,-0.3,1.752,-0.1,1.812,-0.2,1.788
05-07-2026-Thu 14-12-59-PM,-0.3,1.792,-0.1,1.748,0.0,1.8,-0.5,1.82,-0.2,1.9,-0.3,1.752,-0.2,1.812,0.1,1.784
05-07-2026-Thu 14-13-00-PM,-0.1,1.788,-0.4,1.744,-0.3,1.8,-0.3,1.816,0.1,1.896,-0.2,1.748,-0.3,1.808,-0.2,1.78
05-07-2026-Thu 14-13-02-PM,-0.2,1.788,-0.1,1.748,0.0,1.796,0.0,1.812,-0.1,1.896,-0.2,1.744,-0.3,1.808,0.0,1.78
05-07-2026-Thu 14-13-04-PM,-0.4,1.784,0.0,1.744,0.1,1.792,-0.2,1.812,-0.1,1.896,-0.1,1.74,-0.4,1.8,0.1,1.776
05-07-2026-Thu 14-13-05-PM,-0.1,1.78,0.0,1.74,-0.3,1.792,-0.5,1.812,-0.2,1.888,0.0,1.736,0.0,1.804,-0.1,1.772
05-07-2026-Thu 14-13-06-PM,-0.1,1.78,-0.1,1.74,-0.3,1.788,-0.3,1.812,0.2,1.888,0.1,1.732,0.1,1.8,-0.1,1.772
05-07-2026-Thu 14-13-08-PM,-0.1,1.772,-0.1,1.74,-0.3,1.788,-0.4,1.808,-0.3,1.884,-0.3,1.728,-0.3,1.8,-0.2,1.772
05-07-2026-Thu 14-13-09-PM,0.0,1.772,-0.2,1.736,-0.3,1.784,-0.3,1.808,-0.3,1.88,-0.1,1.728,-0.1,1.8,-0.2,1.768
05-07-2026-Thu 14-13-11-PM,-0.2,1.772,0.0,1.736,-0.2,1.78,-0.2,1.804,0.1,1.88,-0.2,1.724,-0.1,1.792,-0.4,1.764
05-07-2026-Thu 14-13-12-PM,-0.2,1.768,-0.3,1.732,-0.2,1.776,-0.4,1.804,-0.2,1.876,0.1,1.72,-0.1,1.792,-0.1,1.764
05-07-2026-Thu 14-13-13-PM,-0.2,1.768,-0.4,1.732,-0.3,1.776,-0.4,1.804,0.0,1.872,-0.2,1.72,-0.1,1.792,0.0,1.76
05-07-2026-Thu 14-13-15-PM,-0.2,1.764,0.0,1.728,0.1,1.776,-0.4,1.8,-0.3,1.868,0.1,1.716,-0.1,1.788,0.0,1.756
05-07-2026-Thu 14-13-16-PM,-0.1,1.764,0.0,1.724,-0.2,1.768,-0.1,1.796,0.0,1.868,-0.1,1.712,-0.2,1.788,-0.1,1.756
05-07-2026-Thu 14-13-18-PM,0.1,1.76,-0.3,1.724,0.0,1.768,-0.5,1.796,-0.3,1.864,0.0,1.712,0.0,1.788,-0.2,1.756
05-07-2026-Thu 14-13-19-PM,-0.3,1.76,-0.2,1.724,-0.1,1.768,-0.4,1.792,-0.1,1.864,-0.1,1.708,0.0,1.784,0.1,1.752
05-07-2026-Thu 14-13-20-PM,Power On
05-07-2026-Thu 14-13-22-PM,2.3,5.056,2.8,5.052,2.8,5.048,2.7,5.06,3.6,5.048,3.2,5.06,3.6,5.04,2.9,5.04
05-07-2026-Thu 14-13-23-PM,1.9,5.056,2.6,5.052,2.7,5.052,2.4,5.06,3.0,5.044,3.0,5.056,3.1,5.04,2.6,5.044
05-07-2026-Thu 14-13-26-PM,2.0,5.056,2.5,5.052,2.5,5.048,2.6,5.064,2.7,5.048,2.6,5.06,2.9,5.044,2.7,5.044
05-07-2026-Thu 14-13-27-PM,1.9,5.056,2.6,5.052,2.6,5.052,2.5,5.06,3.0,5.052,2.7,5.06,2.9,5.044,2.7,5.044
05-07-2026-Thu 14-13-29-PM,Power Off
05-07-2026-Thu 14-13-30-PM,0.0,2.584,-0.2,2.496,-0.2,2.572,-0.5,2.544,-0.2,2.68,-0.1,2.652,-0.1,2.536,-0.1,2.48
05-07-2026-Thu 14-13-31-PM,-0.2,2.452,-0.2,2.368,-0.4,2.448,-0.2,2.416,-0.1,2.588,0.0,2.552,-0.1,2.428,-0.1,2.372
05-07-2026-Thu 14-13-33-PM,-0.2,2.368,-0.1,2.284,-0.3,2.368,-0.2,2.336,-0.1,2.52,-0.2,2.48,0.0,2.352,-0.2,2.304
05-07-2026-Thu 14-13-34-PM,-0.1,2.308,0.0,2.22,-0.2,2.316,-0.2,2.28,-0.2,2.476,-0.4,2.428,-0.3,2.3,-0.3,2.26
05-07-2026-Thu 14-13-36-PM,-0.1,2.264,0.0,2.18,-0.4,2.272,-0.1,2.232,-0.1,2.44,-0.3,2.38,0.0,2.26,0.2,2.22
05-07-2026-Thu 14-13-37-PM,0.1,2.228,-0.1,2.144,-0.2,2.236,-0.2,2.192,-0.1,2.408,0.1,2.344,-0.1,2.224,0.0,2.188
05-07-2026-Thu 14-13-38-PM,-0.1,2.196,-0.2,2.112,-0.2,2.212,-0.2,2.168,0.2,2.376,0.0,2.312,0.1,2.196,-0.4,2.164
05-07-2026-Thu 14-13-40-PM,0.0,2.168,-0.3,2.088,-0.1,2.184,-0.3,2.14,0.0,2.352,0.0,2.284,-0.4,2.172,-0.1,2.136
05-07-2026-Thu 14-13-41-PM,-0.2,2.148,-0.2,2.064,-0.2,2.16,-0.3,2.116,-0.1,2.332,0.0,2.252,-0.1,2.156,-0.2,2.116
05-07-2026-Thu 14-13-43-PM,-0.5,2.124,-0.1,2.048,-0.2,2.144,-0.4,2.1,-0.1,2.312,-0.2,2.232,-0.2,2.132,-0.1,2.1
05-07-2026-Thu 14-13-45-PM,0.2,2.088,-0.2,2.008,-0.1,2.108,-0.2,2.064,0.0,2.276,0.0,2.188,-0.1,2.096,0.1,2.068
05-07-2026-Thu 14-13-47-PM,-0.3,2.068,-0.2,1.992,-0.4,2.088,-0.2,2.044,-0.2,2.256,-0.2,2.164,0.0,2.08,-0.1,2.048
05-07-2026-Thu 14-13-49-PM,-0.1,2.052,-0.2,1.98,-0.1,2.072,-0.1,2.032,-0.1,2.24,-0.1,2.144,-0.1,2.068,0.0,2.036
05-07-2026-Thu 14-13-50-PM,0.0,2.044,-0.1,1.968,-0.2,2.06,-0.3,2.02,-0.1,2.224,-0.3,2.124,-0.1,2.056,-0.2,2.024
05-07-2026-Thu 14-13-52-PM,-0.3,2.028,0.1,1.952,-0.3,2.048,-0.3,2.012,0.1,2.212,0.0,2.116,0.0,2.044,-0.1,2.012
05-07-2026-Thu 14-13-53-PM,0.0,2.016,-0.1,1.94,-0.3,2.04,-0.1,2.0,0.0,2.204,-0.2,2.096,-0.3,2.036,-0.3,2.0
05-07-2026-Thu 14-13-54-PM,0.1,2.008,0.0,1.932,0.0,2.028,-0.3,1.992,0.0,2.192,-0.1,2.084,-0.1,2.024,0.0,1.992
05-07-2026-Thu 14-13-56-PM,-0.2,1.996,-0.1,1.924,0.0,2.02,-0.1,1.984,-0.2,2.18,-0.1,2.072,-0.1,2.016,-0.1,1.984
05-07-2026-Thu 14-13-57-PM,0.0,1.988,0.0,1.912,-0.3,2.008,0.0,1.976,-0.2,2.164,-0.2,2.056,0.0,2.008,-0.1,1.972
05-07-2026-Thu 14-13-59-PM,-0.3,1.976,0.0,1.904,-0.2,2.0,-0.3,1.968,-0.1,2.16,-0.1,2.048,-0.1,1.996,-0.2,1.968
05-07-2026-Thu 14-14-00-PM,-0.1,1.968,-0.1,1.9,0.0,1.992,-0.2,1.964,0.0,2.148,-0.2,2.032,-0.4,1.988,0.0,1.96
05-07-2026-Thu 14-14-01-PM,0.1,1.96,-0.2,1.888,-0.3,1.984,-0.4,1.952,-0.2,2.14,-0.1,2.024,-0.3,1.98,0.0,1.952
05-07-2026-Thu 14-14-03-PM,0.1,1.948,-0.3,1.884,-0.2,1.976,-0.5,1.944,-0.4,2.128,0.0,2.012,-0.3,1.976,-0.2,1.944
05-07-2026-Thu 14-14-04-PM,-0.3,1.94,-0.1,1.872,-0.4,1.968,-0.3,1.94,0.0,2.12,-0.2,2.0,0.0,1.968,-0.1,1.936
05-07-2026-Thu 14-14-06-PM,-0.2,1.936,-0.3,1.868,-0.1,1.964,-0.2,1.936,-0.2,2.112,-0.1,1.988,-0.1,1.956,-0.2,1.932
05-07-2026-Thu 14-14-07-PM,-0.1,1.928,-0.1,1.864,0.2,1.956,-0.5,1.928,-0.3,2.104,-0.1,1.976,-0.3,1.952,-0.2,1.92
05-07-2026-Thu 14-14-08-PM,0.0,1.924,-0.3,1.856,0.1,1.948,-0.3,1.92,0.1,2.096,-0.1,1.968,0.1,1.944,0.1,1.92
05-07-2026-Thu 14-14-10-PM,-0.2,1.916,-0.3,1.852,-0.2,1.94,-0.3,1.916,0.2,2.088,-0.2,1.964,-0.2,1.94,0.0,1.908
05-07-2026-Thu 14-14-11-PM,-0.3,1.908,-0.3,1.844,-0.2,1.932,0.0,1.912,0.0,2.08,0.0,1.952,-0.4,1.932,-0.1,1.904
05-07-2026-Thu 14-14-13-PM,-0.3,1.9,-0.1,1.84,-0.3,1.928,-0.2,1.908,-0.2,2.072,0.0,1.944,-0.1,1.928,0.1,1.9
05-07-2026-Thu 14-14-14-PM,-0.3,1.896,-0.1,1.832,-0.2,1.92,-0.2,1.904,0.0,2.068,-0.2,1.936,0.1,1.92,-0.2,1.892
05-07-2026-Thu 14-14-15-PM,-0.4,1.888,-0.2,1.824,-0.3,1.916,-0.2,1.9,0.0,2.06,-0.2,1.924,-0.1,1.916,-0.3,1.884
05-07-2026-Thu 14-14-17-PM,-0.3,1.884,-0.2,1.82,-0.2,1.908,-0.4,1.892,-0.1,2.052,-0.1,1.916,-0.3,1.912,0.1,1.88
05-07-2026-Thu 14-14-18-PM,-0.2,1.88,0.0,1.816,-0.1,1.908,-0.3,1.892,-0.1,2.048,-0.2,1.908,-0.3,1.904,-0.3,1.876
05-07-2026-Thu 14-14-20-PM,0.0,1.876,-0.1,1.816,-0.1,1.9,-0.1,1.884,-0.2,2.04,-0.2,1.9,-0.1,1.904,-0.2,1.872
05-07-2026-Thu 14-14-21-PM,-0.3,1.868,-0.1,1.808,-0.1,1.896,-0.1,1.884,0.1,2.036,0.1,1.892,0.0,1.896,0.0,1.868
05-07-2026-Thu 14-14-22-PM,-0.1,1.864,-0.1,1.804,-0.3,1.888,-0.1,1.876,-0.1,2.028,0.0,1.888,0.2,1.892,0.0,1.86
05-07-2026-Thu 14-14-24-PM,-0.1,1.86,-0.2,1.8,-0.2,1.88,-0.1,1.872,-0.3,2.02,-0.3,1.88,0.1,1.888,0.0,1.856
05-07-2026-Thu 14-14-25-PM,-0.3,1.852,-0.1,1.796,-0.2,1.876,0.1,1.872,-0.4,2.016,-0.3,1.872,-0.1,1.884,-0.2,1.852
05-07-2026-Thu 14-14-27-PM,-0.1,1.848,-0.1,1.792,-0.2,1.876,-0.1,1.868,-0.1,2.008,0.0,1.864,-0.2,1.88,-0.4,1.848
05-07-2026-Thu 14-14-28-PM,0.0,1.844,-0.2,1.784,-0.3,1.868,-0.4,1.864,-0.1,2.004,0.2,1.864,-0.1,1.872,-0.2,1.844
05-07-2026-Thu 14-14-29-PM,-0.1,1.84,-0.1,1.784,-0.1,1.864,-0.2,1.86,0.0,2.0,0.0,1.852,-0.4,1.868,0.0,1.836
05-07-2026-Thu 14-14-31-PM,-0.2,1.836,0.2,1.78,-0.1,1.86,-0.5,1.856,0.1,1.992,-0.2,1.844,-0.1,1.864,-0.1,1.836
05-07-2026-Thu 14-14-32-PM,-0.3,1.832,-0.1,1.776,-0.4,1.856,-0.2,1.852,-0.1,1.988,-0.3,1.84,0.0,1.864,-0.2,1.832
05-07-2026-Thu 14-14-34-PM,-0.2,1.824,-0.1,1.776,-0.4,1.852,-0.2,1.848,-0.2,1.98,-0.2,1.836,0.1,1.856,-0.1,1.824
05-07-2026-Thu 14-14-35-PM,0.0,1.824,0.0,1.772,0.2,1.844,-0.1,1.844,-0.1,1.976,0.2,1.828,-0.1,1.852,-0.2,1.824
05-07-2026-Thu 14-14-36-PM,-0.2,1.82,0.0,1.768,-0.4,1.844,-0.3,1.844,0.0,1.968,0.0,1.824,-0.3,1.852,-0.2,1.82
05-07-2026-Thu 14-14-38-PM,-0.2,1.816,-0.1,1.764,-0.1,1.84,-0.4,1.844,0.0,1.968,0.1,1.82,-0.3,1.844,0.0,1.816
05-07-2026-Thu 14-14-39-PM,-0.1,1.808,-0.2,1.764,-0.3,1.832,-0.4,1.84,-0.2,1.96,-0.2,1.812,-0.3,1.84,0.0,1.812
05-07-2026-Thu 14-14-41-PM,-0.3,1.808,-0.3,1.76,-0.3,1.828,-0.3,1.836,-0.1,1.96,-0.2,1.808,-0.2,1.84,-0.1,1.808
05-07-2026-Thu 14-14-42-PM,-0.1,1.804,-0.1,1.756,-0.1,1.828,-0.2,1.836,0.0,1.952,-0.2,1.804,-0.2,1.836,0.0,1.808
05-07-2026-Thu 14-14-43-PM,-0.3,1.8,0.1,1.752,-0.2,1.824,-0.5,1.828,-0.1,1.948,-0.1,1.8,-0.3,1.832,-0.2,1.804
05-07-2026-Thu 14-14-45-PM,0.0,1.796,-0.1,1.752,-0.2,1.816,-0.1,1.828,-0.3,1.94,0.1,1.792,-0.1,1.828,0.0,1.8
05-07-2026-Thu 14-14-46-PM,-0.2,1.792,-0.2,1.748,-0.2,1.816,-0.3,1.828,-0.2,1.94,-0.2,1.784,-0.1,1.828,-0.1,1.796
05-07-2026-Thu 14-14-48-PM,-0.1,1.792,-0.2,1.748,-0.1,1.812,-0.5,1.824,-0.3,1.936,-0.4,1.784,0.0,1.824,-0.1,1.796
05-07-2026-Thu 14-14-49-PM,-0.3,1.784,0.2,1.744,-0.2,1.808,-0.2,1.816,-0.1,1.928,0.0,1.78,0.0,1.82,-0.2,1.788
05-07-2026-Thu 14-14-50-PM,-0.1,1.78,-0.1,1.74,-0.2,1.804,-0.3,1.816,-0.3,1.928,-0.1,1.776,0.0,1.816,-0.1,1.784
05-07-2026-Thu 14-14-52-PM,-0.1,1.776,0.1,1.736,-0.1,1.8,-0.3,1.816,0.0,1.92,-0.3,1.772,-0.1,1.816,-0.1,1.78
05-07-2026-Thu 14-14-53-PM,0.0,1.776,-0.2,1.736,0.0,1.8,-0.1,1.812,-0.1,1.916,0.0,1.764,-0.3,1.812,-0.1,1.784
05-07-2026-Thu 14-14-55-PM,0.1,1.772,-0.2,1.732,0.1,1.796,-0.3,1.812,-0.2,1.916,0.0,1.76,0.0,1.808,0.0,1.776
05-07-2026-Thu 14-14-56-PM,-0.3,1.768,0.0,1.732,-0.2,1.792,-0.2,1.808,0.0,1.912,0.1,1.756,0.0,1.808,-0.2,1.776
05-07-2026-Thu 14-14-57-PM,-0.3,1.764,0.0,1.728,0.0,1.792,-0.3,1.804,0.1,1.908,-0.3,1.752,-0.1,1.808,-0.2,1.772
05-07-2026-Thu 14-14-59-PM,-0.1,1.76,-0.1,1.728,0.1,1.788,-0.2,1.804,0.1,1.904,-0.3,1.748,-0.1,1.804,0.0,1.768
05-07-2026-Thu 14-15-00-PM,-0.3,1.756,-0.2,1.724,0.1,1.784,-0.6,1.8,-0.2,1.9,-0.1,1.744,-0.3,1.8,-0.3,1.768
05-07-2026-Thu 14-15-02-PM,-0.3,1.756,-0.1,1.724,-0.3,1.78,-0.6,1.804,-0.3,1.896,-0.2,1.744,-0.2,1.8,0.0,1.764
05-07-2026-Thu 14-15-03-PM,-0.1,1.752,-0.1,1.72,0.1,1.78,-0.2,1.796,0.1,1.892,-0.3,1.736,0.0,1.796,-0.3,1.764
05-07-2026-Thu 14-15-04-PM,-0.3,1.752,0.0,1.716,-0.3,1.772,0.0,1.792,-0.3,1.892,0.0,1.732,0.1,1.792,0.1,1.756
05-07-2026-Thu 14-15-06-PM,-0.2,1.748,0.1,1.716,-0.1,1.772,-0.2,1.796,-0.2,1.892,-0.1,1.732,-0.4,1.792,-0.2,1.756
05-07-2026-Thu 14-15-07-PM,-0.2,1.744,-0.3,1.712,-0.1,1.768,-0.1,1.792,0.2,1.88,-0.2,1.728,-0.2,1.788,-0.2,1.752
05-07-2026-Thu 14-15-09-PM,-0.3,1.74,0.0,1.712,0.0,1.764,-0.2,1.788,-0.1,1.88,-0.1,1.72,-0.3,1.788,0.0,1.752
05-07-2026-Thu 14-15-10-PM,-0.1,1.736,-0.4,1.712,-0.1,1.764,-0.4,1.784,-0.1,1.876,0.0,1.716,0.0,1.788,-0.3,1.748
05-07-2026-Thu 14-15-11-PM,-0.1,1.736,0.0,1.704,-0.2,1.76,-0.2,1.784,0.1,1.872,-0.1,1.712,-0.2,1.78,-0.2,1.748
05-07-2026-Thu 14-15-13-PM,-0.2,1.732,-0.2,1.708,-0.5,1.76,-0.4,1.784,0.0,1.868,0.1,1.712,-0.2,1.78,-0.3,1.744
05-07-2026-Thu 14-15-14-PM,-0.2,1.728,-0.3,1.708,-0.2,1.756,-0.2,1.78,0.0,1.864,-0.2,1.708,0.0,1.78,-0.5,1.74
05-07-2026-Thu 14-15-16-PM,-0.2,1.728,-0.2,1.704,0.0,1.756,-0.3,1.78,-0.2,1.864,0.0,1.704,-0.1,1.776,-0.4,1.74
05-07-2026-Thu 14-15-17-PM,-0.1,1.724,0.0,1.704,-0.1,1.752,-0.2,1.78,-0.1,1.86,0.1,1.704,0.0,1.776,-0.1,1.736
05-07-2026-Thu 14-15-18-PM,-0.1,1.72,-0.3,1.7,-0.1,1.752,-0.2,1.776,0.2,1.86,0.0,1.7,0.0,1.776,-0.2,1.736
05-07-2026-Thu 14-15-20-PM,-0.1,1.72,0.0,1.7,-0.1,1.748,-0.4,1.772,-0.3,1.856,-0.2,1.696,-0.5,1.772,-0.3,1.732
05-07-2026-Thu 14-15-21-PM,-0.3,1.712,-0.2,1.696,-0.5,1.744,-0.2,1.772,0.0,1.852,-0.5,1.692,-0.1,1.768,-0.1,1.732
05-07-2026-Thu 14-15-23-PM,-0.1,1.712,0.2,1.692,-0.2,1.74,-0.4,1.768,-0.2,1.852,0.0,1.692,-0.4,1.768,0.2,1.728
05-07-2026-Thu 14-15-24-PM,-0.2,1.712,-0.2,1.692,-0.1,1.744,-0.3,1.768,0.0,1.848,-0.1,1.688,0.1,1.768,-0.1,1.724
05-07-2026-Thu 14-15-25-PM,-0.1,1.708,-0.4,1.692,-0.2,1.736,-0.1,1.768,0.0,1.844,-0.3,1.688,-0.1,1.76,0.2,1.72
05-07-2026-Thu 14-15-27-PM,-0.2,1.708,-0.2,1.688,-0.1,1.736,-0.5,1.764,-0.2,1.844,0.0,1.684,-0.1,1.764,-0.3,1.72
05-07-2026-Thu 14-15-28-PM,0.0,1.704,-0.3,1.688,0.1,1.732,-0.2,1.76,-0.2,1.836,-0.1,1.68,-0.3,1.76,-0.4,1.72
05-07-2026-Thu 14-15-30-PM,-0.4,1.704,-0.2,1.688,-0.1,1.732,-0.1,1.76,-0.4,1.84,-0.2,1.676,0.1,1.76,0.0,1.716
05-07-2026-Thu 14-15-31-PM,0.0,1.7,-0.2,1.684,-0.5,1.728,-0.4,1.76,0.1,1.836,0.0,1.676,0.0,1.756,-0.2,1.716
05-07-2026-Thu 14-15-33-PM,-0.2,1.7,-0.1,1.684,-0.3,1.728,-0.3,1.756,-0.1,1.832,-0.2,1.676,-0.3,1.756,-0.2,1.712
05-07-2026-Thu 14-15-34-PM,0.0,1.696,0.0,1.68,-0.5,1.72,-0.1,1.756,-0.2,1.828,-0.1,1.672,0.1,1.752,-0.1,1.712
05-07-2026-Thu 14-15-35-PM,Power On
05-07-2026-Thu 14-15-37-PM,1.6,5.056,2.6,5.052,2.9,5.048,2.5,5.064,3.3,5.048,2.9,5.06,3.1,5.04,2.9,5.044
05-07-2026-Thu 14-15-38-PM,1.7,5.06,2.3,5.056,2.2,5.052,2.4,5.06,3.1,5.048,2.1,5.06,3.3,5.048,2.7,5.044
05-07-2026-Thu 14-15-39-PM,1.6,5.06,2.1,5.056,2.7,5.052,2.3,5.064,2.7,5.048,2.5,5.06,2.8,5.044,2.5,5.044
05-07-2026-Thu 14-15-41-PM,1.5,5.056,2.0,5.056,2.4,5.052,2.3,5.064,2.8,5.048,2.4,5.06,2.6,5.044,2.3,5.044
05-07-2026-Thu 14-15-42-PM,Power Off
05-07-2026-Thu 14-15-43-PM,-0.2,2.556,-0.1,2.468,-0.5,2.54,-0.6,2.512,-0.2,2.636,-0.3,2.608,-0.4,2.492,-0.1,2.428
05-07-2026-Thu 14-15-45-PM,0.0,2.42,-0.2,2.336,-0.4,2.412,-0.2,2.38,0.0,2.54,-0.1,2.496,-0.2,2.372,-0.3,2.32
05-07-2026-Thu 14-15-46-PM,-0.2,2.34,0.1,2.256,0.0,2.336,-0.2,2.3,-0.2,2.476,0.0,2.428,-0.3,2.3,-0.1,2.256
05-07-2026-Thu 14-15-47-PM,-0.2,2.28,-0.4,2.196,-0.1,2.28,-0.3,2.24,-0.2,2.428,-0.2,2.372,-0.3,2.248,-0.1,2.204
05-07-2026-Thu 14-15-49-PM,-0.1,2.236,-0.4,2.152,-0.1,2.24,-0.5,2.192,-0.1,2.388,0.1,2.332,-0.5,2.208,-0.2,2.168
05-07-2026-Thu 14-15-50-PM,-0.1,2.196,-0.2,2.112,-0.2,2.204,-0.2,2.16,-0.1,2.36,-0.4,2.296,-0.1,2.172,-0.2,2.136
05-07-2026-Thu 14-15-52-PM,-0.3,2.164,-0.2,2.088,-0.5,2.176,-0.3,2.128,-0.3,2.332,-0.2,2.264,0.1,2.148,-0.2,2.112
05-07-2026-Thu 14-15-53-PM,-0.1,2.132,-0.1,2.06,-0.4,2.148,-0.3,2.108,0.0,2.312,-0.1,2.236,-0.1,2.124,-0.1,2.088
05-07-2026-Thu 14-15-54-PM,-0.4,2.112,0.0,2.036,-0.3,2.128,-0.5,2.084,-0.2,2.292,0.0,2.212,-0.2,2.1,0.0,2.072
05-07-2026-Thu 14-15-56-PM,-0.3,2.088,-0.1,2.016,-0.1,2.108,-0.3,2.064,0.1,2.272,-0.1,2.188,-0.1,2.08,0.0,2.052
05-07-2026-Thu 14-15-57-PM,-0.2,2.072,-0.2,1.996,-0.5,2.092,-0.2,2.048,0.0,2.252,-0.2,2.168,-0.3,2.068,-0.2,2.032
05-07-2026-Thu 14-15-59-PM,-0.4,2.052,-0.3,1.984,-0.3,2.072,-0.4,2.032,-0.1,2.236,-0.3,2.148,-0.2,2.052,0.4,2.02
05-07-2026-Thu 14-16-00-PM,-0.2,2.036,-0.3,1.968,-0.3,2.06,-0.3,2.02,-0.3,2.224,-0.1,2.128,-0.1,2.04,-0.3,2.008
05-07-2026-Thu 14-16-01-PM,-0.4,2.024,-0.3,1.952,0.0,2.048,-0.1,2.004,0.0,2.208,-0.2,2.108,-0.1,2.028,0.1,1.996
05-07-2026-Thu 14-16-03-PM,-0.3,2.012,-0.3,1.94,-0.1,2.036,-0.2,1.992,-0.1,2.196,0.1,2.096,-0.2,2.016,-0.2,1.984
05-07-2026-Thu 14-16-04-PM,0.0,1.996,0.1,1.932,-0.3,2.024,-0.2,1.98,-0.3,2.184,0.0,2.08,-0.3,2.008,-0.2,1.972
05-07-2026-Thu 14-16-06-PM,-0.3,1.984,-0.3,1.916,-0.1,2.012,-0.5,1.976,-0.1,2.172,-0.1,2.068,-0.3,1.996,-0.1,1.964
05-07-2026-Thu 14-16-07-PM,-0.2,1.972,0.0,1.908,0.0,2.0,-0.1,1.964,-0.1,2.16,0.2,2.052,0.1,1.988,-0.3,1.952
05-07-2026-Thu 14-16-08-PM,-0.1,1.96,-0.1,1.896,-0.2,1.992,-0.3,1.952,-0.1,2.152,-0.2,2.04,-0.3,1.976,-0.2,1.944
05-07-2026-Thu 14-16-10-PM,-0.3,1.956,-0.2,1.888,0.1,1.984,-0.1,1.944,0.0,2.14,-0.1,2.028,0.0,1.964,0.0,1.936
05-07-2026-Thu 14-16-13-PM,-0.3,1.932,-0.1,1.872,0.0,1.964,-0.4,1.932,-0.1,2.124,0.1,2.004,-0.2,1.952,-0.1,1.92
05-07-2026-Thu 14-16-16-PM,-0.2,1.916,-0.4,1.856,-0.1,1.948,-0.3,1.92,-0.2,2.104,0.0,1.984,-0.2,1.94,0.0,1.904
05-07-2026-Thu 14-16-17-PM,-0.6,1.904,0.0,1.848,-0.1,1.936,-0.3,1.912,0.0,2.096,-0.4,1.968,-0.1,1.928,-0.2,1.896
05-07-2026-Thu 14-16-19-PM,-0.3,1.9,-0.4,1.84,-0.1,1.932,-0.4,1.904,-0.5,2.084,-0.2,1.96,-0.3,1.924,0.0,1.888
05-07-2026-Thu 14-16-20-PM,-0.2,1.892,-0.1,1.832,-0.1,1.928,0.0,1.9,-0.2,2.076,-0.1,1.952,-0.1,1.92,-0.4,1.88
05-07-2026-Thu 14-16-21-PM,-0.2,1.884,-0.2,1.828,-0.3,1.92,-0.3,1.892,-0.3,2.072,-0.1,1.94,-0.2,1.908,-0.5,1.876
05-07-2026-Thu 14-16-23-PM,-0.3,1.876,-0.4,1.82,0.0,1.912,-0.4,1.888,0.0,2.064,-0.1,1.932,-0.3,1.904,-0.2,1.872
05-07-2026-Thu 14-16-24-PM,-0.2,1.868,0.0,1.816,-0.5,1.904,0.0,1.88,-0.2,2.056,-0.3,1.924,0.0,1.9,0.1,1.864
05-07-2026-Thu 14-16-26-PM,-0.2,1.864,-0.3,1.812,-0.3,1.9,-0.3,1.88,-0.1,2.048,0.0,1.916,-0.4,1.892,0.0,1.86
05-07-2026-Thu 14-16-27-PM,0.0,1.856,-0.2,1.804,-0.1,1.892,-0.2,1.872,-0.2,2.04,-0.2,1.908,-0.3,1.892,-0.3,1.856
05-07-2026-Thu 14-16-28-PM,-0.5,1.852,-0.1,1.796,-0.2,1.888,-0.3,1.868,-0.4,2.04,-0.2,1.9,-0.2,1.884,0.0,1.848
05-07-2026-Thu 14-16-30-PM,0.0,1.844,-0.1,1.792,-0.3,1.88,-0.4,1.864,0.0,2.028,0.0,1.892,-0.2,1.88,0.1,1.844
05-07-2026-Thu 14-16-31-PM,-0.2,1.84,0.0,1.788,-0.2,1.88,-0.4,1.864,0.0,2.024,-0.1,1.88,-0.1,1.872,-0.2,1.836
05-07-2026-Thu 14-16-33-PM,-0.1,1.832,0.0,1.784,-0.2,1.868,-0.2,1.856,0.0,2.02,0.0,1.876,0.1,1.868,-0.2,1.832
05-07-2026-Thu 14-16-34-PM,-0.1,1.828,-0.2,1.78,-0.3,1.864,0.0,1.852,-0.2,2.012,0.0,1.868,-0.1,1.864,-0.1,1.828
05-07-2026-Thu 14-16-35-PM,-0.1,1.82,-0.1,1.78,0.0,1.86,-0.2,1.852,-0.2,2.008,-0.3,1.864,-0.3,1.86,0.0,1.828
05-07-2026-Thu 14-16-37-PM,-0.3,1.816,-0.2,1.772,-0.3,1.856,-0.2,1.844,-0.1,2.004,-0.2,1.856,-0.3,1.856,-0.1,1.82
05-07-2026-Thu 14-16-38-PM,-0.1,1.816,-0.1,1.768,-0.1,1.852,-0.5,1.844,-0.1,1.996,0.0,1.848,-0.4,1.852,0.0,1.816
05-07-2026-Thu 14-16-40-PM,-0.3,1.808,0.0,1.768,-0.1,1.848,-0.3,1.836,0.1,1.992,0.0,1.84,-0.3,1.848,-0.5,1.812
05-07-2026-Thu 14-16-41-PM,-0.3,1.804,-0.3,1.764,0.0,1.84,-0.5,1.832,-0.1,1.984,0.0,1.84,0.1,1.848,0.0,1.808
05-07-2026-Thu 14-16-42-PM,-0.3,1.796,-0.1,1.76,-0.3,1.84,-0.4,1.832,-0.1,1.976,-0.3,1.828,-0.1,1.844,-0.2,1.804
05-07-2026-Thu 14-16-44-PM,-0.4,1.796,0.0,1.756,-0.3,1.836,-0.3,1.828,-0.2,1.972,-0.2,1.82,-0.3,1.836,0.1,1.8
05-07-2026-Thu 14-16-45-PM,-0.2,1.792,-0.2,1.752,-0.2,1.832,-0.4,1.824,-0.2,1.968,-0.1,1.816,-0.1,1.832,0.0,1.8
05-07-2026-Thu 14-16-46-PM,Power On
05-07-2026-Thu 14-16-48-PM,1.5,5.06,2.1,5.052,2.4,5.052,2.2,5.064,2.8,5.052,2.5,5.064,2.6,5.048,2.4,5.048
05-07-2026-Thu 14-16-49-PM,1.5,5.06,1.8,5.056,2.3,5.052,2.1,5.064,2.6,5.052,2.3,5.06,2.7,5.044,2.3,5.048
05-07-2026-Thu 14-16-52-PM,Power Off
05-07-2026-Thu 14-16-55-PM,0.0,2.424,-0.2,2.344,0.0,2.424,-0.4,2.384,0.0,2.556,-0.1,2.504,-0.4,2.38,-0.1,2.328
05-07-2026-Thu 14-16-57-PM,-0.4,2.312,-0.1,2.236,-0.1,2.324,-0.2,2.276,-0.2,2.476,-0.1,2.416,-0.3,2.284,0.0,2.24
05-07-2026-Thu 14-16-58-PM,0.1,2.264,-0.2,2.184,0.0,2.276,-0.3,2.228,-0.1,2.432,-0.1,2.372,-0.1,2.24,-0.3,2.2
05-07-2026-Thu 14-16-59-PM,-0.4,2.216,-0.1,2.144,0.2,2.24,-0.7,2.184,-0.3,2.4,0.1,2.332,-0.5,2.204,-0.2,2.164
05-07-2026-Thu 14-17-01-PM,-0.1,2.188,-0.2,2.112,-0.2,2.204,-0.3,2.152,-0.3,2.372,0.0,2.3,0.0,2.176,-0.1,2.136
05-07-2026-Thu 14-17-02-PM,-0.2,2.16,-0.3,2.084,-0.2,2.18,-0.3,2.124,-0.2,2.344,0.1,2.272,-0.2,2.152,-0.1,2.112
05-07-2026-Thu 14-17-03-PM,0.0,2.132,-0.1,2.06,0.0,2.156,-0.2,2.104,0.1,2.324,0.0,2.248,-0.3,2.128,-0.1,2.092
05-07-2026-Thu 14-17-05-PM,-0.1,2.112,-0.1,2.04,-0.1,2.136,-0.3,2.084,0.2,2.308,-0.1,2.224,-0.4,2.108,-0.2,2.076
05-07-2026-Thu 14-17-06-PM,0.0,2.092,-0.1,2.02,-0.2,2.116,-0.6,2.064,0.1,2.288,-0.4,2.2,-0.1,2.092,-0.2,2.056
05-07-2026-Thu 14-17-08-PM,-0.3,2.072,0.0,2.004,-0.3,2.1,-0.3,2.048,-0.1,2.272,0.0,2.184,-0.3,2.076,-0.1,2.044
05-07-2026-Thu 14-17-09-PM,0.0,2.048,0.0,1.984,-0.1,2.084,-0.4,2.032,0.0,2.252,0.0,2.16,-0.1,2.06,-0.4,2.028
05-07-2026-Thu 14-17-11-PM,-0.1,2.036,-0.2,1.968,-0.1,2.068,-0.2,2.02,0.0,2.24,-0.2,2.14,-0.1,2.048,-0.1,2.016
05-07-2026-Thu 14-17-12-PM,-0.2,2.02,0.1,1.956,-0.3,2.056,-0.5,2.004,0.2,2.228,-0.1,2.124,-0.2,2.036,-0.2,2.0
05-07-2026-Thu 14-17-14-PM,-0.4,2.008,-0.1,1.944,-0.3,2.04,-0.3,1.996,0.0,2.212,-0.2,2.108,0.0,2.028,0.0,1.992
05-07-2026-Thu 14-17-15-PM,-0.1,1.996,0.0,1.936,-0.4,2.032,-0.6,1.984,0.0,2.204,-0.2,2.096,0.0,2.016,-0.4,1.98
05-07-2026-Thu 14-17-16-PM,-0.1,1.98,-0.4,1.924,-0.1,2.024,-0.3,1.976,-0.1,2.192,-0.2,2.076,-0.3,2.004,0.1,1.968
05-07-2026-Thu 14-17-18-PM,-0.3,1.972,-0.2,1.912,-0.4,2.012,-0.4,1.968,-0.1,2.18,-0.4,2.068,0.0,1.996,-0.2,1.96
05-07-2026-Thu 14-17-19-PM,-0.2,1.964,0.0,1.904,0.1,2.0,-0.3,1.956,-0.3,2.168,-0.2,2.052,-0.3,1.988,-0.3,1.952
05-07-2026-Thu 14-17-21-PM,-0.2,1.952,-0.3,1.892,-0.3,1.992,-0.4,1.952,0.2,2.16,-0.2,2.044,-0.1,1.98,0.0,1.944
05-07-2026-Thu 14-17-22-PM,-0.2,1.94,0.1,1.884,-0.2,1.984,-0.4,1.944,-0.1,2.156,0.0,2.032,0.1,1.968,-0.2,1.932
05-07-2026-Thu 14-17-23-PM,-0.2,1.936,-0.1,1.876,-0.3,1.976,-0.3,1.94,-0.1,2.14,-0.1,2.02,-0.3,1.964,0.1,1.928
05-07-2026-Thu 14-17-25-PM,-0.2,1.924,-0.3,1.868,-0.1,1.964,0.0,1.928,0.0,2.132,-0.3,2.004,-0.1,1.956,-0.3,1.92
05-07-2026-Thu 14-17-26-PM,-0.3,1.916,-0.4,1.86,-0.3,1.96,-0.2,1.924,0.0,2.124,-0.2,1.996,0.1,1.948,-0.3,1.912
05-07-2026-Thu 14-17-28-PM,-0.1,1.908,-0.2,1.856,-0.3,1.952,-0.4,1.92,-0.5,2.116,-0.2,1.988,-0.4,1.944,-0.2,1.904
05-07-2026-Thu 14-17-29-PM,-0.2,1.9,-0.3,1.844,-0.4,1.944,-0.4,1.912,-0.1,2.112,-0.2,1.976,0.0,1.936,-0.1,1.9
05-07-2026-Thu 14-17-31-PM,-0.2,1.896,0.0,1.844,0.2,1.94,-0.3,1.904,-0.1,2.104,-0.3,1.964,-0.2,1.932,-0.5,1.892
05-07-2026-Thu 14-17-32-PM,-0.3,1.884,-0.4,1.832,-0.1,1.936,-0.3,1.9,-0.2,2.096,0.1,1.96,-0.1,1.928,0.0,1.888
05-07-2026-Thu 14-17-33-PM,-0.2,1.88,0.0,1.824,-0.3,1.928,-0.3,1.892,-0.4,2.084,-0.1,1.948,-0.1,1.92,0.0,1.88
05-07-2026-Thu 14-17-35-PM,-0.2,1.872,-0.2,1.824,-0.2,1.92,-0.5,1.892,-0.3,2.08,0.0,1.94,-0.3,1.912,-0.4,1.872
05-07-2026-Thu 14-17-36-PM,-0.2,1.864,-0.1,1.82,-0.4,1.912,-0.1,1.884,0.0,2.072,-0.1,1.932,0.0,1.908,-0.1,1.872
05-07-2026-Thu 14-17-37-PM,-0.2,1.86,-0.4,1.812,-0.1,1.908,-0.4,1.88,-0.1,2.068,0.2,1.924,-0.4,1.904,-0.1,1.864
05-07-2026-Thu 14-17-39-PM,-0.1,1.852,-0.5,1.804,-0.3,1.9,-0.5,1.876,-0.1,2.056,-0.1,1.912,-0.2,1.9,0.1,1.86
05-07-2026-Thu 14-17-40-PM,-0.1,1.848,-0.1,1.804,-0.1,1.896,-0.4,1.872,-0.1,2.056,-0.4,1.904,-0.2,1.892,-0.3,1.856
05-07-2026-Thu 14-17-42-PM,-0.1,1.84,-0.1,1.796,-0.2,1.888,-0.1,1.868,-0.2,2.048,-0.1,1.9,-0.1,1.888,0.0,1.848
05-07-2026-Thu 14-17-43-PM,-0.1,1.84,-0.3,1.792,-0.3,1.884,-0.1,1.864,-0.2,2.04,-0.1,1.892,0.0,1.884,-0.1,1.844
05-07-2026-Thu 14-17-44-PM,-0.2,1.832,-0.2,1.788,-0.3,1.88,-0.1,1.86,-0.2,2.036,-0.1,1.884,-0.3,1.88,-0.4,1.844
05-07-2026-Thu 14-17-46-PM,-0.2,1.824,-0.3,1.78,-0.3,1.876,0.1,1.852,0.0,2.028,0.0,1.88,-0.2,1.876,-0.2,1.836
05-07-2026-Thu 14-17-47-PM,-0.3,1.82,0.0,1.78,-0.4,1.872,-0.2,1.852,0.0,2.024,-0.3,1.872,-0.4,1.872,-0.2,1.832
05-07-2026-Thu 14-17-49-PM,0.2,1.816,-0.2,1.776,-0.2,1.868,-0.2,1.848,-0.1,2.02,-0.2,1.864,-0.3,1.864,-0.3,1.828
05-07-2026-Thu 14-17-50-PM,-0.2,1.808,-0.1,1.772,-0.1,1.864,-0.3,1.844,-0.3,2.012,0.1,1.856,-0.3,1.86,0.1,1.824
05-07-2026-Thu 14-17-51-PM,-0.2,1.804,-0.1,1.768,-0.2,1.856,-0.3,1.844,-0.2,2.012,-0.1,1.852,-0.2,1.86,-0.2,1.82
05-07-2026-Thu 14-17-53-PM,-0.3,1.8,-0.1,1.764,-0.2,1.852,-0.6,1.836,-0.5,2.0,-0.1,1.844,-0.4,1.856,-0.1,1.816
05-07-2026-Thu 14-17-54-PM,-0.1,1.796,0.0,1.76,-0.2,1.844,-0.4,1.836,-0.1,2.0,-0.1,1.836,0.1,1.852,-0.3,1.808
05-07-2026-Thu 14-17-56-PM,-0.4,1.788,-0.3,1.756,-0.4,1.844,-0.2,1.832,-0.1,1.992,0.0,1.832,-0.3,1.844,-0.1,1.808
05-07-2026-Thu 14-17-57-PM,-0.3,1.784,-0.1,1.752,0.0,1.84,-0.2,1.828,-0.1,1.988,-0.2,1.828,-0.1,1.84,0.0,1.804
05-07-2026-Thu 14-17-58-PM,-0.2,1.784,0.1,1.752,-0.2,1.836,-0.1,1.828,0.0,1.984,0.1,1.82,0.1,1.84,-0.1,1.8
05-07-2026-Thu 14-18-00-PM,-0.1,1.78,0.0,1.744,-0.1,1.832,-0.2,1.824,-0.1,1.976,-0.1,1.812,0.0,1.836,-0.4,1.796
05-07-2026-Thu 14-18-01-PM,Power On
05-07-2026-Thu 14-18-02-PM,1.2,5.056,2.0,5.056,2.0,5.048,2.1,5.06,2.6,5.048,2.1,5.06,2.5,5.04,2.2,5.044
05-07-2026-Thu 14-18-04-PM,1.3,5.06,1.6,5.056,1.9,5.056,1.8,5.06,2.3,5.048,2.0,5.06,2.5,5.044,1.9,5.044
05-07-2026-Thu 14-18-06-PM,Power Off
05-07-2026-Thu 14-18-08-PM,-0.2,2.556,-0.2,2.472,-0.3,2.556,-0.3,2.52,0.0,2.652,-0.1,2.608,-0.1,2.496,-0.3,2.432
05-07-2026-Thu 14-18-11-PM,-0.3,2.34,-0.1,2.268,-0.1,2.352,-0.3,2.304,-0.2,2.496,-0.4,2.432,-0.3,2.308,0.1,2.26
05-07-2026-Thu 14-18-13-PM,-0.1,2.26,-0.1,2.188,-0.2,2.28,-0.2,2.228,0.1,2.436,-0.3,2.368,-0.4,2.24,-0.1,2.196
05-07-2026-Thu 14-18-14-PM,-0.2,2.216,-0.1,2.148,-0.1,2.24,-0.2,2.192,-0.3,2.404,0.0,2.332,-0.4,2.204,-0.1,2.164
05-07-2026-Thu 14-18-15-PM,-0.3,2.18,-0.1,2.112,-0.3,2.208,-0.1,2.156,-0.3,2.376,-0.4,2.296,-0.2,2.176,0.0,2.14
05-07-2026-Thu 14-18-17-PM,-0.3,2.152,-0.1,2.088,-0.3,2.18,-0.5,2.132,-0.2,2.352,-0.1,2.268,0.0,2.152,0.0,2.112
05-07-2026-Thu 14-18-18-PM,-0.3,2.128,-0.2,2.06,-0.2,2.16,-0.1,2.108,0.0,2.332,-0.1,2.244,-0.3,2.132,0.1,2.092
05-07-2026-Thu 14-18-20-PM,0.0,2.104,-0.3,2.04,-0.1,2.136,-0.5,2.088,0.1,2.308,-0.1,2.22,0.0,2.108,-0.2,2.072
05-07-2026-Thu 14-18-21-PM,-0.4,2.084,-0.5,2.024,-0.4,2.12,-0.2,2.072,-0.3,2.296,-0.3,2.2,-0.1,2.096,-0.1,2.056
05-07-2026-Thu 14-18-22-PM,-0.1,2.064,0.1,2.004,-0.2,2.104,-0.3,2.056,-0.1,2.28,-0.2,2.18,0.1,2.08,-0.2,2.044
05-07-2026-Thu 14-18-24-PM,-0.1,2.048,-0.2,1.988,0.0,2.088,-0.2,2.036,0.0,2.26,0.0,2.16,0.0,2.064,-0.2,2.028
05-07-2026-Thu 14-18-25-PM,-0.3,2.032,-0.2,1.976,-0.4,2.072,-0.4,2.024,-0.3,2.248,-0.1,2.14,0.1,2.052,-0.1,2.016
05-07-2026-Thu 14-18-27-PM,0.1,2.02,-0.3,1.96,-0.1,2.06,-0.2,2.012,-0.3,2.232,0.0,2.124,0.0,2.04,-0.2,2.004
05-07-2026-Thu 14-18-28-PM,-0.1,2.0,0.2,1.948,-0.4,2.048,-0.2,2.004,-0.4,2.22,-0.1,2.108,-0.2,2.028,-0.2,1.996
05-07-2026-Thu 14-18-29-PM,-0.2,1.992,0.0,1.936,-0.1,2.04,-0.1,1.992,-0.3,2.208,-0.1,2.096,-0.2,2.02,-0.2,1.984
05-07-2026-Thu 14-18-31-PM,-0.1,1.98,-0.1,1.924,0.0,2.024,-0.3,1.98,-0.1,2.2,-0.3,2.08,-0.3,2.008,-0.2,1.972
05-07-2026-Thu 14-18-32-PM,-0.3,1.968,-0.1,1.916,-0.1,2.012,-0.2,1.976,-0.2,2.188,0.0,2.068,-0.1,2.0,-0.2,1.964
05-07-2026-Thu 14-18-34-PM,0.0,1.956,0.0,1.904,0.0,2.004,-0.2,1.964,-0.3,2.18,0.0,2.056,-0.3,1.988,-0.2,1.952
05-07-2026-Thu 14-18-35-PM,0.0,1.948,0.0,1.896,-0.3,1.996,-0.3,1.956,-0.2,2.172,-0.1,2.044,0.1,1.98,-0.1,1.944
05-07-2026-Thu 14-18-36-PM,-0.2,1.936,-0.2,1.888,-0.2,1.988,-0.3,1.948,0.1,2.16,-0.2,2.032,0.0,1.976,-0.3,1.936
05-07-2026-Thu 14-18-38-PM,-0.3,1.928,-0.3,1.88,-0.3,1.976,-0.4,1.94,-0.1,2.152,-0.1,2.02,-0.1,1.968,0.0,1.928
05-07-2026-Thu 14-18-39-PM,-0.2,1.92,-0.2,1.868,0.0,1.972,-0.4,1.936,-0.2,2.144,0.0,2.008,-0.1,1.96,-0.3,1.924
05-07-2026-Thu 14-18-41-PM,Power On
05-07-2026-Thu 14-18-42-PM,1.4,5.06,1.8,5.056,1.9,5.052,1.8,5.06,2.0,5.052,1.9,5.06,2.3,5.044,1.8,5.044
05-07-2026-Thu 14-18-43-PM,1.1,5.056,1.7,5.056,1.6,5.052,1.7,5.06,2.3,5.052,2.0,5.064,2.0,5.048,2.0,5.044
05-07-2026-Thu 14-18-45-PM,1.3,5.06,1.9,5.056,1.5,5.056,1.6,5.064,2.0,5.052,1.8,5.064,2.0,5.048,1.8,5.048
05-07-2026-Thu 14-18-46-PM,1.1,5.064,1.5,5.06,1.6,5.056,1.7,5.064,2.0,5.052,1.6,5.068,2.0,5.048,1.5,5.048
05-07-2026-Thu 14-18-47-PM,Power Off
05-07-2026-Thu 14-18-49-PM,-0.1,2.612,-0.1,2.528,-0.3,2.612,-0.5,2.588,0.0,2.716,0.0,2.676,0.0,2.572,-0.1,2.512
05-07-2026-Thu 14-18-50-PM,-0.4,2.488,-0.2,2.416,-0.2,2.496,-0.4,2.464,0.1,2.636,0.1,2.584,0.0,2.468,-0.1,2.412
05-07-2026-Thu 14-18-51-PM,-0.2,2.408,-0.2,2.336,-0.3,2.42,-0.5,2.384,-0.1,2.58,0.0,2.516,-0.1,2.4,-0.2,2.344
05-07-2026-Thu 14-18-53-PM,-0.4,2.348,-0.2,2.28,0.0,2.368,-0.6,2.328,-0.1,2.536,0.1,2.468,0.0,2.344,-0.1,2.296
05-07-2026-Thu 14-18-54-PM,-0.3,2.3,0.1,2.228,-0.2,2.324,-0.3,2.28,0.2,2.496,-0.2,2.428,-0.2,2.304,-0.1,2.26
05-07-2026-Thu 14-18-56-PM,-0.2,2.264,0.0,2.196,-0.2,2.292,-0.2,2.248,-0.4,2.468,-0.1,2.392,-0.3,2.272,-0.2,2.232
05-07-2026-Thu 14-18-57-PM,-0.3,2.232,0.0,2.16,-0.2,2.26,-0.4,2.216,-0.2,2.444,0.0,2.364,-0.1,2.248,-0.2,2.204
05-07-2026-Thu 14-18-58-PM,-0.1,2.2,-0.1,2.136,-0.2,2.236,-0.3,2.188,-0.4,2.42,-0.1,2.332,-0.2,2.22,0.0,2.18
05-07-2026-Thu 14-19-00-PM,-0.1,2.18,-0.4,2.112,-0.1,2.212,-0.4,2.164,-0.1,2.396,0.0,2.308,-0.1,2.2,0.0,2.16
05-07-2026-Thu 14-19-01-PM,-0.3,2.156,-0.2,2.088,-0.3,2.192,0.1,2.144,-0.1,2.38,-0.1,2.284,-0.3,2.18,0.1,2.144
05-07-2026-Thu 14-19-03-PM,-0.1,2.136,0.1,2.072,-0.2,2.172,-0.2,2.124,-0.1,2.36,-0.2,2.264,0.0,2.16,-0.1,2.12
05-07-2026-Thu 14-19-04-PM,-0.3,2.12,-0.4,2.052,-0.3,2.156,-0.3,2.108,-0.3,2.344,0.1,2.24,-0.2,2.148,-0.1,2.104
05-07-2026-Thu 14-19-05-PM,-0.1,2.1,0.0,2.04,-0.5,2.14,-0.1,2.092,-0.2,2.328,0.0,2.22,-0.4,2.132,-0.3,2.092
05-07-2026-Thu 14-19-07-PM,-0.3,2.084,-0.2,2.024,-0.5,2.124,-0.4,2.076,-0.1,2.316,0.1,2.208,-0.1,2.12,-0.1,2.08
05-07-2026-Thu 14-19-08-PM,-0.4,2.068,-0.2,2.012,-0.3,2.112,-0.2,2.064,-0.1,2.304,-0.2,2.192,-0.4,2.104,-0.1,2.068
05-07-2026-Thu 14-19-10-PM,-0.1,2.056,-0.2,2.0,0.0,2.1,-0.3,2.052,-0.1,2.292,-0.2,2.172,-0.3,2.092,-0.2,2.056
05-07-2026-Thu 14-19-11-PM,-0.1,2.04,-0.1,1.98,0.0,2.088,-0.6,2.04,-0.1,2.276,0.1,2.156,-0.3,2.084,0.1,2.044
05-07-2026-Thu 14-19-13-PM,0.0,2.028,-0.1,1.972,-0.1,2.072,-0.4,2.028,0.0,2.264,-0.2,2.14,-0.5,2.072,0.0,2.032
05-07-2026-Thu 14-19-14-PM,-0.1,2.016,-0.1,1.96,-0.1,2.06,-0.3,2.016,-0.2,2.252,-0.3,2.128,-0.2,2.06,-0.2,2.024
05-07-2026-Thu 14-19-16-PM,-0.4,2.004,0.0,1.952,-0.4,2.052,-0.4,2.012,-0.2,2.24,-0.2,2.108,-0.1,2.052,-0.2,2.012
05-07-2026-Thu 14-19-17-PM,-0.4,1.992,-0.2,1.936,-0.2,2.044,-0.4,2.0,-0.1,2.232,-0.2,2.096,0.2,2.04,-0.2,2.004
05-07-2026-Thu 14-19-18-PM,-0.1,1.984,-0.2,1.932,-0.3,2.036,-0.1,1.992,-0.2,2.22,-0.3,2.084,0.1,2.032,0.0,1.992
05-07-2026-Thu 14-19-20-PM,0.0,1.972,0.0,1.924,-0.3,2.028,-0.1,1.984,-0.2,2.208,-0.1,2.072,-0.2,2.028,-0.3,1.984
05-07-2026-Thu 14-19-21-PM,-0.2,1.964,-0.1,1.916,-0.3,2.02,-0.3,1.976,0.0,2.204,-0.5,2.064,-0.5,2.016,0.0,1.976
05-07-2026-Thu 14-19-23-PM,-0.2,1.952,0.2,1.908,-0.4,2.008,-0.2,1.968,-0.3,2.192,-0.2,2.056,-0.1,2.012,-0.3,1.968
05-07-2026-Thu 14-19-24-PM,-0.3,1.944,-0.3,1.9,-0.3,2.0,-0.3,1.964,-0.2,2.188,0.0,2.04,-0.2,2.004,-0.1,1.964
05-07-2026-Thu 14-19-25-PM,-0.1,1.94,-0.1,1.892,-0.3,1.992,-0.3,1.956,-0.2,2.176,-0.1,2.032,-0.1,1.996,-0.1,1.956
05-07-2026-Thu 14-19-27-PM,-0.3,1.932,0.0,1.888,0.0,1.988,-0.1,1.952,-0.2,2.168,0.1,2.024,-0.3,1.992,-0.2,1.948
05-07-2026-Thu 14-19-28-PM,0.0,1.924,-0.2,1.88,-0.2,1.98,-0.1,1.944,-0.2,2.16,-0.1,2.012,0.0,1.98,-0.3,1.944
05-07-2026-Thu 14-19-30-PM,-0.1,1.916,0.1,1.876,-0.2,1.976,-0.3,1.94,-0.3,2.156,-0.1,2.004,-0.2,1.976,-0.2,1.932
05-07-2026-Thu 14-19-31-PM,-0.1,1.908,0.0,1.868,0.0,1.968,-0.4,1.932,0.0,2.144,-0.1,1.996,0.0,1.972,-0.2,1.932
05-07-2026-Thu 14-19-32-PM,-0.2,1.9,0.0,1.86,-0.2,1.96,-0.4,1.928,0.0,2.14,-0.3,1.984,-0.1,1.964,-0.1,1.924
05-07-2026-Thu 14-19-34-PM,-0.2,1.896,-0.1,1.856,-0.2,1.952,-0.4,1.924,0.0,2.132,-0.3,1.976,-0.1,1.96,0.1,1.916
05-07-2026-Thu 14-19-35-PM,0.0,1.888,-0.2,1.852,-0.3,1.952,-0.4,1.916,-0.1,2.124,0.0,1.972,-0.1,1.952,0.0,1.912
05-07-2026-Thu 14-19-37-PM,0.1,1.88,-0.3,1.844,0.2,1.94,-0.4,1.912,-0.1,2.116,0.0,1.964,-0.2,1.948,-0.3,1.908
05-07-2026-Thu 14-19-38-PM,-0.2,1.876,0.2,1.836,-0.2,1.936,0.1,1.908,-0.3,2.112,-0.4,1.952,-0.4,1.944,-0.2,1.904
05-07-2026-Thu 14-19-39-PM,-0.1,1.868,0.0,1.832,-0.1,1.928,-0.6,1.904,0.1,2.1,-0.2,1.944,-0.1,1.94,0.0,1.896
05-07-2026-Thu 14-19-41-PM,-0.2,1.864,-0.4,1.832,-0.2,1.928,-0.3,1.896,-0.1,2.1,-0.1,1.936,-0.1,1.936,-0.2,1.892
05-07-2026-Thu 14-19-42-PM,0.0,1.86,-0.2,1.824,-0.1,1.916,-0.2,1.892,-0.2,2.092,0.0,1.928,-0.3,1.928,-0.3,1.884
05-07-2026-Thu 14-19-44-PM,-0.2,1.852,-0.1,1.816,-0.2,1.912,-0.2,1.888,0.1,2.088,-0.4,1.924,0.0,1.92,0.0,1.88
05-07-2026-Thu 14-19-45-PM,0.0,1.844,-0.1,1.812,-0.4,1.908,-0.3,1.884,-0.2,2.076,-0.1,1.916,-0.3,1.916,0.0,1.876
05-07-2026-Thu 14-19-46-PM,-0.1,1.84,-0.1,1.808,-0.2,1.904,-0.3,1.88,-0.1,2.072,0.0,1.908,-0.1,1.912,0.0,1.876
05-07-2026-Thu 14-19-48-PM,-0.4,1.836,-0.1,1.804,0.0,1.9,-0.3,1.88,0.2,2.068,-0.2,1.9,-0.2,1.912,-0.3,1.868
05-07-2026-Thu 14-19-49-PM,-0.4,1.832,-0.2,1.8,-0.2,1.888,-0.4,1.876,-0.1,2.06,-0.1,1.892,0.1,1.904,-0.4,1.86
05-07-2026-Thu 14-19-52-PM,-0.2,1.824,-0.2,1.788,-0.2,1.884,-0.1,1.864,-0.3,2.052,0.1,1.88,-0.3,1.892,-0.2,1.852
05-07-2026-Thu 14-19-55-PM,-0.2,1.812,-0.1,1.784,-0.2,1.876,-0.3,1.86,-0.2,2.04,-0.1,1.868,-0.1,1.884,-0.3,1.844
05-07-2026-Thu 14-19-56-PM,-0.3,1.804,-0.1,1.78,-0.2,1.868,-0.1,1.856,0.0,2.032,0.0,1.864,0.0,1.884,-0.2,1.84
05-07-2026-Thu 14-19-58-PM,-0.2,1.804,-0.3,1.776,-0.2,1.868,-0.3,1.852,0.0,2.028,-0.4,1.856,0.0,1.88,0.0,1.836
05-07-2026-Thu 14-19-59-PM,-0.2,1.796,0.0,1.772,-0.5,1.86,-0.5,1.848,-0.2,2.024,0.0,1.848,0.0,1.876,-0.3,1.828
05-07-2026-Thu 14-20-01-PM,-0.4,1.792,-0.2,1.768,-0.3,1.852,-0.2,1.848,-0.2,2.02,-0.2,1.84,-0.3,1.868,-0.3,1.828
05-07-2026-Thu 14-20-02-PM,-0.4,1.788,-0.2,1.764,-0.4,1.852,-0.1,1.84,-0.3,2.016,-0.1,1.836,-0.1,1.868,-0.5,1.824
05-07-2026-Thu 14-20-03-PM,Power On
05-07-2026-Thu 14-20-05-PM,1.3,5.06,1.8,5.056,1.7,5.052,1.7,5.064,2.1,5.052,1.9,5.064,2.2,5.048,2.0,5.048
05-07-2026-Thu 14-20-06-PM,1.2,5.06,1.2,5.06,1.5,5.056,1.8,5.064,2.0,5.056,1.8,5.064,2.1,5.044,1.7,5.048
05-07-2026-Thu 14-20-08-PM,1.0,5.06,1.6,5.06,1.5,5.052,1.3,5.064,1.8,5.052,1.7,5.064,1.6,5.048,1.6,5.048
05-07-2026-Thu 14-20-09-PM,Power Off
05-07-2026-Thu 14-20-10-PM,-0.2,2.552,-0.1,2.484,-0.1,2.564,-0.2,2.54,-0.2,2.66,-0.2,2.604,-0.1,2.516,0.1,2.44
05-07-2026-Thu 14-20-12-PM,-0.1,2.416,-0.3,2.356,-0.1,2.44,-0.4,2.408,-0.2,2.572,-0.1,2.5,-0.1,2.404,-0.1,2.34
05-07-2026-Thu 14-20-13-PM,-0.3,2.332,0.3,2.276,-0.2,2.36,-0.2,2.328,0.0,2.512,-0.3,2.428,-0.1,2.332,0.1,2.272
05-07-2026-Thu 14-20-14-PM,-0.3,2.276,-0.1,2.216,-0.5,2.308,-0.2,2.268,-0.1,2.464,0.0,2.384,-0.1,2.276,-0.5,2.228
05-07-2026-Thu 14-20-16-PM,-0.2,2.228,0.0,2.176,-0.3,2.268,-0.3,2.22,0.2,2.428,-0.2,2.344,-0.4,2.236,-0.1,2.188
05-07-2026-Thu 14-20-17-PM,-0.1,2.188,-0.2,2.14,0.1,2.228,-0.3,2.188,-0.1,2.4,-0.2,2.308,-0.3,2.204,-0.2,2.16
05-07-2026-Thu 14-20-20-PM,-0.2,2.136,-0.1,2.08,-0.2,2.18,-0.2,2.132,-0.1,2.352,-0.1,2.252,0.0,2.156,-0.2,2.112
05-07-2026-Thu 14-20-23-PM,-0.2,2.088,-0.2,2.04,0.0,2.14,-0.4,2.096,-0.1,2.316,0.0,2.208,-0.3,2.12,-0.2,2.08
05-07-2026-Thu 14-20-25-PM,0.0,2.064,-0.3,2.016,0.0,2.116,-0.1,2.072,0.1,2.292,-0.3,2.18,-0.5,2.096,-0.3,2.06
05-07-2026-Thu 14-20-26-PM,-0.1,2.044,0.1,2.004,-0.3,2.096,-0.5,2.06,-0.1,2.28,0.0,2.164,-0.3,2.084,-0.1,2.044
05-07-2026-Thu 14-20-27-PM,0.0,2.032,-0.3,1.984,-0.2,2.08,-0.4,2.044,-0.3,2.268,-0.3,2.148,0.0,2.072,0.0,2.028
05-07-2026-Thu 14-20-29-PM,-0.3,2.016,-0.1,1.972,-0.3,2.072,-0.2,2.032,-0.3,2.252,-0.2,2.128,-0.1,2.056,-0.1,2.016
05-07-2026-Thu 14-20-30-PM,-0.1,2.004,-0.2,1.964,-0.5,2.056,-0.1,2.02,0.0,2.24,0.0,2.116,0.2,2.048,-0.2,2.008
05-07-2026-Thu 14-20-32-PM,-0.1,1.988,-0.4,1.948,-0.1,2.048,-0.2,2.008,-0.1,2.228,-0.2,2.1,-0.1,2.04,-0.3,1.996
05-07-2026-Thu 14-20-33-PM,-0.1,1.976,-0.2,1.936,-0.3,2.036,-0.3,2.0,-0.1,2.22,0.1,2.084,-0.3,2.032,-0.3,1.984
05-07-2026-Thu 14-20-34-PM,-0.1,1.968,-0.2,1.928,-0.3,2.024,-0.5,1.988,-0.3,2.208,-0.3,2.072,-0.3,2.016,-0.3,1.976
05-07-2026-Thu 14-20-36-PM,-0.4,1.952,0.0,1.916,0.0,2.012,-0.3,1.976,-0.1,2.192,-0.2,2.06,-0.2,2.004,0.1,1.964
05-07-2026-Thu 14-20-38-PM,-0.2,1.944,0.0,1.904,-0.1,2.0,-0.3,1.972,0.2,2.184,-0.2,2.04,0.0,2.0,-0.2,1.956
05-07-2026-Thu 14-20-39-PM,0.0,1.936,0.1,1.9,-0.3,1.992,-0.1,1.96,-0.4,2.172,-0.1,2.032,0.0,1.988,-0.1,1.948
05-07-2026-Thu 14-20-40-PM,-0.3,1.924,-0.4,1.888,-0.2,1.984,-0.3,1.96,0.0,2.164,0.0,2.024,-0.3,1.984,0.0,1.94
05-07-2026-Thu 14-20-42-PM,Power On
05-07-2026-Thu 14-20-43-PM,1.1,5.056,1.5,5.056,1.6,5.052,1.4,5.064,1.9,5.052,1.9,5.064,2.0,5.048,1.7,5.044
05-07-2026-Thu 14-20-44-PM,1.0,5.06,1.6,5.056,1.5,5.052,1.6,5.064,1.8,5.052,1.6,5.064,1.7,5.044,1.5,5.048
05-07-2026-Thu 14-20-46-PM,1.0,5.06,1.3,5.06,1.4,5.052,1.4,5.064,1.8,5.052,1.4,5.064,1.8,5.048,1.3,5.052
05-07-2026-Thu 14-20-47-PM,1.1,5.06,1.4,5.06,1.2,5.056,1.5,5.064,1.6,5.056,1.6,5.064,1.8,5.048,1.7,5.052
05-07-2026-Thu 14-20-48-PM,1.1,5.06,1.3,5.06,1.2,5.052,1.7,5.064,1.9,5.052,1.8,5.064,1.6,5.048,1.5,5.048
05-07-2026-Thu 14-20-50-PM,0.8,5.06,1.7,5.06,0.9,5.056,1.4,5.064,1.6,5.056,1.1,5.064,1.6,5.048,1.5,5.048
05-07-2026-Thu 14-20-51-PM,Power Off
05-07-2026-Thu 14-20-52-PM,-0.5,2.636,0.0,2.564,-0.5,2.656,-0.3,2.636,-0.2,2.748,0.0,2.708,-0.2,2.616,-0.1,2.56
05-07-2026-Thu 14-20-54-PM,-0.2,2.512,0.1,2.448,-0.1,2.536,-0.5,2.512,0.0,2.668,-0.1,2.612,-0.1,2.516,-0.1,2.46
05-07-2026-Thu 14-20-55-PM,-0.3,2.44,-0.1,2.38,0.0,2.464,-0.1,2.436,-0.2,2.616,0.1,2.548,-0.3,2.448,-0.1,2.396
05-07-2026-Thu 14-20-57-PM,-0.2,2.376,-0.4,2.32,-0.3,2.408,-0.6,2.38,-0.1,2.572,-0.1,2.5,-0.3,2.396,0.2,2.352
05-07-2026-Thu 14-20-58-PM,-0.2,2.332,-0.4,2.28,-0.2,2.364,-0.2,2.336,-0.2,2.54,0.0,2.46,0.1,2.356,0.0,2.312
05-07-2026-Thu 14-20-59-PM,-0.3,2.292,-0.2,2.24,-0.3,2.332,-0.1,2.296,0.0,2.508,0.0,2.428,-0.3,2.324,-0.4,2.276
05-07-2026-Thu 14-21-01-PM,-0.2,2.26,-0.1,2.204,-0.3,2.3,-0.2,2.264,0.0,2.484,0.1,2.392,-0.1,2.292,-0.2,2.252
05-07-2026-Thu 14-21-02-PM,-0.1,2.232,-0.4,2.176,-0.2,2.272,-0.2,2.236,-0.1,2.46,-0.1,2.368,-0.3,2.264,-0.4,2.228
05-07-2026-Thu 14-21-04-PM,-0.1,2.204,-0.3,2.148,-0.2,2.244,-0.2,2.216,-0.2,2.436,-0.1,2.34,0.0,2.244,-0.4,2.204
05-07-2026-Thu 14-21-05-PM,-0.2,2.184,-0.1,2.128,-0.1,2.228,-0.4,2.188,0.0,2.42,-0.1,2.316,0.1,2.224,0.0,2.184
05-07-2026-Thu 14-21-06-PM,-0.5,2.164,-0.2,2.112,-0.1,2.204,-0.4,2.172,0.0,2.4,-0.1,2.296,-0.2,2.208,-0.1,2.168
05-07-2026-Thu 14-21-08-PM,0.0,2.144,0.0,2.092,-0.3,2.188,-0.3,2.152,0.1,2.384,0.0,2.276,-0.1,2.188,-0.1,2.148
05-07-2026-Thu 14-21-09-PM,-0.2,2.124,0.0,2.076,-0.1,2.172,-0.5,2.136,-0.3,2.372,0.2,2.256,0.0,2.172,-0.3,2.136
05-07-2026-Thu 14-21-11-PM,-0.2,2.108,-0.5,2.06,-0.2,2.156,-0.4,2.12,-0.3,2.352,-0.3,2.236,-0.4,2.16,-0.3,2.124
05-07-2026-Thu 14-21-12-PM,-0.2,2.092,0.1,2.044,-0.1,2.144,-0.2,2.104,0.2,2.34,-0.2,2.216,-0.3,2.148,0.0,2.108
05-07-2026-Thu 14-21-13-PM,-0.1,2.076,-0.1,2.032,-0.1,2.132,-0.2,2.096,0.0,2.328,-0.3,2.204,-0.1,2.136,-0.1,2.096
05-07-2026-Thu 14-21-15-PM,-0.2,2.068,-0.3,2.016,-0.1,2.116,-0.5,2.08,0.0,2.316,-0.1,2.188,-0.4,2.124,-0.3,2.084
05-07-2026-Thu 14-21-16-PM,Power On
05-07-2026-Thu 14-21-18-PM,0.8,5.06,1.6,5.056,1.3,5.056,1.5,5.068,1.7,5.056,1.5,5.064,1.4,5.048,1.8,5.048
05-07-2026-Thu 14-21-19-PM,0.8,5.064,1.3,5.06,1.4,5.056,1.5,5.064,1.8,5.056,1.7,5.064,1.5,5.052,1.6,5.052
05-07-2026-Thu 14-21-20-PM,0.8,5.06,1.2,5.064,1.5,5.056,1.4,5.064,1.7,5.052,1.5,5.068,2.0,5.048,1.3,5.052
05-07-2026-Thu 14-21-22-PM,0.9,5.064,1.2,5.064,1.2,5.056,1.3,5.064,1.8,5.056,1.4,5.068,1.4,5.048,1.3,5.048
05-07-2026-Thu 14-21-23-PM,1.0,5.06,1.2,5.056,1.6,5.056,1.3,5.068,1.5,5.052,1.6,5.064,1.8,5.052,1.3,5.052
05-07-2026-Thu 14-21-24-PM,0.6,5.064,1.2,5.06,1.2,5.052,1.5,5.064,1.7,5.056,1.1,5.068,1.5,5.048,1.7,5.048
05-07-2026-Thu 14-21-25-PM,Power Off
05-07-2026-Thu 14-21-27-PM,-0.2,2.652,-0.1,2.592,-0.4,2.672,-0.4,2.656,-0.1,2.768,-0.1,2.728,-0.1,2.64,0.0,2.592
05-07-2026-Thu 14-21-28-PM,-0.3,2.532,-0.3,2.476,-0.2,2.556,0.0,2.54,0.1,2.688,-0.1,2.636,0.0,2.54,-0.3,2.496
05-07-2026-Thu 14-21-30-PM,0.1,2.456,-0.1,2.4,-0.1,2.484,-0.3,2.468,-0.4,2.632,-0.5,2.572,-0.1,2.48,-0.1,2.428
05-07-2026-Thu 14-21-31-PM,-0.2,2.404,-0.2,2.348,-0.3,2.432,-0.2,2.408,-0.2,2.596,-0.1,2.528,0.0,2.428,0.1,2.388
05-07-2026-Thu 14-21-32-PM,-0.3,2.356,-0.1,2.3,-0.2,2.392,-0.4,2.368,0.1,2.56,-0.2,2.484,0.0,2.388,-0.1,2.344
05-07-2026-Thu 14-21-34-PM,-0.2,2.32,-0.1,2.264,-0.2,2.356,-0.3,2.328,-0.2,2.532,-0.4,2.448,-0.1,2.356,-0.1,2.312
05-07-2026-Thu 14-21-35-PM,-0.4,2.284,-0.3,2.232,-0.4,2.324,-0.3,2.296,-0.1,2.512,-0.1,2.416,-0.1,2.328,-0.4,2.288
05-07-2026-Thu 14-21-37-PM,-0.2,2.252,-0.1,2.196,-0.1,2.292,-0.3,2.26,-0.2,2.48,-0.3,2.384,-0.1,2.292,-0.1,2.256
05-07-2026-Thu 14-21-40-PM,-0.3,2.208,-0.2,2.148,0.0,2.248,-0.2,2.216,-0.2,2.444,0.0,2.336,-0.3,2.252,-0.4,2.216
05-07-2026-Thu 14-21-43-PM,0.1,2.168,-0.3,2.112,-0.1,2.216,-0.6,2.18,-0.2,2.408,-0.1,2.296,-0.4,2.216,-0.2,2.184
05-07-2026-Thu 14-21-44-PM,-0.4,2.148,-0.3,2.096,-0.3,2.196,-0.5,2.16,0.1,2.392,-0.2,2.276,-0.2,2.2,-0.2,2.164
05-07-2026-Thu 14-21-47-PM,-0.1,2.116,-0.2,2.068,-0.6,2.164,-0.3,2.128,-0.3,2.364,-0.2,2.24,-0.2,2.172,-0.3,2.136
05-07-2026-Thu 14-21-50-PM,-0.2,2.084,-0.5,2.04,0.0,2.14,-0.4,2.1,-0.1,2.336,-0.2,2.204,0.1,2.152,-0.1,2.112
05-07-2026-Thu 14-21-51-PM,-0.1,2.072,-0.3,2.032,0.0,2.128,-0.2,2.092,-0.1,2.332,-0.1,2.192,-0.1,2.136,-0.1,2.1
05-07-2026-Thu 14-21-53-PM,-0.1,2.064,-0.1,2.02,0.1,2.116,-0.4,2.084,-0.2,2.316,0.1,2.18,0.0,2.128,0.0,2.092
05-07-2026-Thu 14-21-54-PM,-0.3,2.048,-0.3,2.012,-0.1,2.104,-0.1,2.068,-0.1,2.304,0.0,2.16,-0.3,2.116,0.0,2.08
05-07-2026-Thu 14-21-56-PM,-0.2,2.036,-0.2,2.0,-0.3,2.092,-0.1,2.06,-0.2,2.292,-0.3,2.148,-0.5,2.108,0.0,2.072
05-07-2026-Thu 14-21-57-PM,-0.1,2.028,0.0,1.992,-0.1,2.084,-0.3,2.052,-0.1,2.284,-0.2,2.136,-0.3,2.104,-0.4,2.064
05-07-2026-Thu 14-21-58-PM,-0.1,2.02,-0.2,1.984,-0.1,2.076,-0.5,2.044,-0.1,2.272,-0.1,2.124,0.1,2.092,-0.3,2.056
05-07-2026-Thu 14-22-00-PM,-0.3,2.008,0.1,1.976,-0.2,2.068,-0.2,2.036,-0.2,2.264,-0.3,2.112,0.1,2.084,-0.1,2.04
05-07-2026-Thu 14-22-01-PM,-0.2,2.004,-0.1,1.968,-0.1,2.06,-0.2,2.028,0.0,2.26,0.0,2.1,-0.1,2.076,-0.2,2.04
05-07-2026-Thu 14-22-03-PM,-0.2,1.992,-0.1,1.96,-0.1,2.052,-0.3,2.02,-0.2,2.248,-0.1,2.088,-0.1,2.068,-0.2,2.028
05-07-2026-Thu 14-22-04-PM,-0.1,1.984,-0.1,1.952,-0.1,2.044,-0.3,2.012,-0.1,2.236,-0.2,2.08,-0.2,2.06,-0.3,2.024
05-07-2026-Thu 14-22-05-PM,-0.1,1.972,-0.1,1.948,-0.3,2.032,-0.3,2.004,0.0,2.228,-0.3,2.068,0.1,2.052,-0.2,2.012
05-07-2026-Thu 14-22-07-PM,-0.1,1.968,-0.1,1.936,-0.4,2.028,-0.5,2.0,-0.2,2.224,-0.2,2.06,-0.4,2.048,-0.1,2.008
05-07-2026-Thu 14-22-08-PM,-0.2,1.96,-0.3,1.932,-0.3,2.02,-0.3,1.988,0.0,2.212,-0.4,2.048,-0.3,2.04,-0.2,2.0
05-07-2026-Thu 14-22-10-PM,-0.2,1.952,0.1,1.928,-0.2,2.016,-0.3,1.988,-0.3,2.208,-0.1,2.04,0.1,2.032,-0.1,1.996
05-07-2026-Thu 14-22-11-PM,0.0,1.944,-0.2,1.92,-0.2,2.008,-0.2,1.976,-0.1,2.196,0.0,2.032,0.0,2.028,-0.3,1.984
05-07-2026-Thu 14-22-12-PM,-0.2,1.94,-0.2,1.912,-0.1,2.0,-0.2,1.972,0.0,2.192,-0.1,2.024,-0.4,2.02,0.5,1.98
05-07-2026-Thu 14-22-14-PM,-0.1,1.932,-0.2,1.908,-0.1,1.996,-0.5,1.972,-0.3,2.184,-0.4,2.016,0.0,2.016,-0.1,1.976
05-07-2026-Thu 14-22-15-PM,-0.1,1.92,-0.1,1.9,-0.4,1.988,-0.2,1.964,-0.1,2.18,-0.1,2.004,0.0,2.008,-0.2,1.968
05-07-2026-Thu 14-22-16-PM,-0.2,1.92,0.1,1.9,-0.2,1.984,0.0,1.956,-0.2,2.168,-0.1,2.0,-0.1,2.004,-0.2,1.964
05-07-2026-Thu 14-22-18-PM,-0.2,1.912,-0.2,1.892,-0.3,1.976,-0.4,1.952,-0.2,2.16,-0.1,1.988,-0.4,1.996,-0.1,1.956
05-07-2026-Thu 14-22-20-PM,-0.1,1.904,-0.1,1.888,0.0,1.972,-0.5,1.944,-0.1,2.156,0.0,1.98,0.0,1.992,-0.2,1.952
05-07-2026-Thu 14-22-21-PM,-0.1,1.896,-0.1,1.88,0.1,1.96,-0.3,1.94,-0.2,2.152,-0.1,1.972,0.0,1.984,-0.4,1.944
05-07-2026-Thu 14-22-22-PM,-0.2,1.892,0.0,1.872,-0.1,1.96,-0.2,1.936,-0.2,2.14,-0.1,1.964,-0.6,1.984,0.0,1.94
05-07-2026-Thu 14-22-24-PM,-0.1,1.884,-0.2,1.868,-0.1,1.956,-0.2,1.932,-0.2,2.136,-0.2,1.956,0.0,1.976,0.0,1.936
05-07-2026-Thu 14-22-25-PM,-0.2,1.88,-0.2,1.864,0.0,1.952,-0.4,1.928,0.0,2.128,-0.2,1.948,0.0,1.972,-0.1,1.928
05-07-2026-Thu 14-22-27-PM,-0.2,1.876,-0.2,1.86,0.0,1.944,-0.2,1.92,-0.2,2.124,-0.1,1.944,-0.1,1.964,-0.2,1.924
05-07-2026-Thu 14-22-28-PM,-0.4,1.868,-0.3,1.856,0.0,1.936,-0.3,1.92,-0.4,2.12,-0.3,1.936,-0.1,1.96,-0.3,1.92
05-07-2026-Thu 14-22-30-PM,-0.3,1.86,-0.3,1.856,-0.1,1.932,-0.4,1.916,-0.1,2.108,-0.1,1.928,-0.3,1.952,-0.2,1.912
05-07-2026-Thu 14-22-31-PM,-0.2,1.86,-0.2,1.844,-0.2,1.928,-0.2,1.912,-0.2,2.108,0.0,1.924,-0.1,1.952,-0.2,1.908
05-07-2026-Thu 14-22-32-PM,-0.2,1.852,-0.3,1.84,0.1,1.924,-0.2,1.908,-0.2,2.1,-0.1,1.916,-0.1,1.948,0.0,1.908
05-07-2026-Thu 14-22-34-PM,-0.2,1.848,-0.3,1.84,-0.4,1.92,-0.3,1.904,-0.2,2.092,0.0,1.908,-0.4,1.944,-0.1,1.9
05-07-2026-Thu 14-22-35-PM,-0.2,1.844,-0.1,1.836,-0.2,1.916,-0.3,1.9,-0.2,2.088,-0.1,1.904,-0.1,1.94,-0.3,1.896
05-07-2026-Thu 14-22-37-PM,-0.1,1.836,-0.2,1.828,-0.1,1.908,-0.1,1.896,-0.1,2.084,0.0,1.896,-0.3,1.936,-0.1,1.888
05-07-2026-Thu 14-22-38-PM,-0.3,1.836,-0.1,1.824,-0.2,1.904,-0.2,1.892,0.1,2.076,0.0,1.892,0.1,1.928,-0.3,1.888
05-07-2026-Thu 14-22-39-PM,-0.2,1.828,-0.3,1.824,-0.2,1.9,-0.4,1.888,0.0,2.072,-0.1,1.888,0.0,1.924,-0.3,1.884
05-07-2026-Thu 14-22-41-PM,0.0,1.824,0.0,1.816,-0.1,1.892,-0.3,1.884,-0.2,2.068,-0.1,1.88,-0.1,1.92,-0.2,1.88
05-07-2026-Thu 14-22-42-PM,-0.4,1.824,0.0,1.816,-0.1,1.892,-0.3,1.88,-0.2,2.064,-0.1,1.872,-0.4,1.92,-0.1,1.876
05-07-2026-Thu 14-22-44-PM,0.0,1.816,-0.1,1.812,-0.1,1.884,-0.1,1.876,0.0,2.06,0.0,1.868,-0.1,1.916,-0.1,1.872
05-07-2026-Thu 14-22-45-PM,-0.1,1.812,0.1,1.808,-0.3,1.88,-0.2,1.872,0.1,2.052,-0.1,1.86,-0.1,1.912,-0.1,1.868
05-07-2026-Thu 14-22-46-PM,-0.3,1.808,-0.3,1.804,-0.3,1.876,-0.3,1.872,0.0,2.048,-0.1,1.86,-0.1,1.908,0.0,1.864
05-07-2026-Thu 14-22-48-PM,-0.2,1.804,-0.1,1.8,-0.4,1.876,-0.1,1.872,0.0,2.044,-0.4,1.852,-0.3,1.904,-0.2,1.86
05-07-2026-Thu 14-22-49-PM,-0.3,1.8,-0.3,1.796,-0.2,1.872,-0.2,1.868,0.0,2.036,-0.1,1.844,-0.1,1.9,0.0,1.856
05-07-2026-Thu 14-22-51-PM,-0.2,1.796,-0.2,1.792,-0.2,1.864,-0.3,1.864,-0.1,2.036,-0.2,1.84,-0.2,1.896,-0.1,1.852
05-07-2026-Thu 14-22-52-PM,0.0,1.792,-0.3,1.792,-0.3,1.86,-0.3,1.86,-0.1,2.032,0.0,1.836,-0.3,1.892,-0.1,1.848
05-07-2026-Thu 14-22-53-PM,-0.1,1.788,0.0,1.784,-0.1,1.86,-0.4,1.856,-0.2,2.028,-0.1,1.832,-0.3,1.888,0.1,1.848
05-07-2026-Thu 14-22-55-PM,-0.2,1.784,0.0,1.784,-0.2,1.856,0.0,1.856,-0.3,2.024,-0.1,1.824,0.1,1.884,0.0,1.844
05-07-2026-Thu 14-22-56-PM,0.0,1.784,0.0,1.78,-0.1,1.852,-0.2,1.852,-0.2,2.016,-0.1,1.82,-0.4,1.876,0.0,1.836
05-07-2026-Thu 14-22-58-PM,-0.3,1.776,-0.3,1.776,-0.2,1.848,-0.3,1.848,0.1,2.012,-0.1,1.816,-0.4,1.88,-0.2,1.836
05-07-2026-Thu 14-22-59-PM,-0.2,1.776,-0.2,1.772,-0.3,1.84,-0.2,1.848,0.0,2.012,-0.1,1.812,-0.2,1.876,-0.2,1.832
05-07-2026-Thu 14-23-00-PM,-0.2,1.772,-0.4,1.772,-0.4,1.844,-0.1,1.844,0.0,2.008,0.1,1.808,-0.1,1.868,-0.3,1.828
05-07-2026-Thu 14-23-02-PM,-0.1,1.768,-0.1,1.768,-0.2,1.836,-0.3,1.844,-0.1,2.0,-0.2,1.804,0.0,1.868,-0.3,1.828
05-07-2026-Thu 14-23-03-PM,0.0,1.768,0.0,1.764,-0.1,1.832,-0.2,1.844,-0.3,1.996,0.0,1.8,-0.1,1.864,-0.4,1.824
05-07-2026-Thu 14-23-04-PM,-0.3,1.764,-0.2,1.764,-0.3,1.832,-0.3,1.832,0.1,1.996,0.0,1.796,-0.1,1.86,-0.1,1.82
05-07-2026-Thu 14-23-06-PM,-0.1,1.76,0.0,1.756,-0.1,1.828,-0.5,1.832,-0.2,1.992,-0.1,1.788,0.0,1.86,0.0,1.816
05-07-2026-Thu 14-23-07-PM,-0.2,1.76,-0.4,1.756,-0.2,1.824,-0.1,1.832,-0.3,1.984,-0.1,1.788,-0.1,1.856,-0.2,1.812
05-07-2026-Thu 14-23-09-PM,0.0,1.756,-0.2,1.752,-0.1,1.82,-0.3,1.828,-0.1,1.984,-0.2,1.78,0.0,1.852,-0.1,1.808
05-07-2026-Thu 14-23-10-PM,0.1,1.748,-0.4,1.752,0.1,1.816,-0.4,1.828,-0.3,1.976,-0.2,1.776,0.1,1.848,-0.3,1.808
05-07-2026-Thu 14-23-11-PM,-0.5,1.744,-0.3,1.748,0.1,1.812,-0.4,1.824,0.2,1.972,0.0,1.772,-0.3,1.844,-0.1,1.808
05-07-2026-Thu 14-23-13-PM,Power On
05-07-2026-Thu 14-23-14-PM,1.1,5.06,1.3,5.06,1.3,5.056,1.2,5.064,1.6,5.056,1.6,5.06,1.7,5.048,1.4,5.048
05-07-2026-Thu 14-23-16-PM,0.7,5.06,1.4,5.056,1.1,5.056,1.2,5.064,1.5,5.052,1.4,5.068,1.6,5.048,1.5,5.048
05-07-2026-Thu 14-23-17-PM,0.9,5.06,1.3,5.056,1.4,5.052,1.4,5.064,1.6,5.056,1.1,5.06,1.3,5.048,1.3,5.048
05-07-2026-Thu 14-23-18-PM,0.9,5.06,1.1,5.06,1.3,5.052,1.1,5.064,1.6,5.052,1.1,5.064,1.4,5.048,1.4,5.048
05-07-2026-Thu 14-23-20-PM,Power Off
05-07-2026-Thu 14-23-21-PM,-0.1,2.548,-0.1,2.496,-0.2,2.572,-0.3,2.568,-0.1,2.66,-0.1,2.588,0.0,2.524,-0.1,2.452
05-07-2026-Thu 14-23-22-PM,-0.1,2.42,-0.3,2.376,-0.3,2.448,-0.1,2.432,-0.1,2.572,-0.3,2.484,-0.3,2.416,-0.4,2.348
05-07-2026-Thu 14-23-24-PM,-0.3,2.332,-0.2,2.296,-0.1,2.376,-0.4,2.348,0.0,2.512,-0.1,2.416,-0.2,2.34,0.0,2.288
05-07-2026-Thu 14-23-25-PM,-0.2,2.276,-0.1,2.236,-0.1,2.32,-0.2,2.292,-0.3,2.468,-0.2,2.368,-0.4,2.296,-0.1,2.24
05-07-2026-Thu 14-23-26-PM,-0.2,2.228,-0.2,2.192,0.1,2.276,-0.4,2.244,-0.2,2.436,-0.1,2.328,-0.3,2.252,-0.3,2.204
05-07-2026-Thu 14-23-28-PM,-0.1,2.188,0.0,2.156,-0.5,2.24,-0.3,2.212,0.0,2.404,-0.1,2.296,-0.1,2.22,-0.1,2.172
05-07-2026-Thu 14-23-29-PM,0.0,2.156,-0.2,2.124,-0.3,2.208,-0.2,2.18,0.2,2.38,-0.2,2.268,-0.3,2.192,0.0,2.152
05-07-2026-Thu 14-23-31-PM,-0.2,2.132,-0.2,2.096,0.0,2.184,-0.5,2.156,-0.1,2.356,-0.1,2.24,0.1,2.168,-0.2,2.128
05-07-2026-Thu 14-23-32-PM,-0.1,2.108,-0.1,2.076,-0.2,2.16,-0.3,2.132,0.1,2.336,-0.3,2.216,-0.4,2.144,-0.1,2.104
05-07-2026-Thu 14-23-33-PM,-0.3,2.084,0.0,2.056,0.1,2.144,-0.4,2.112,-0.2,2.312,0.0,2.192,-0.3,2.132,-0.4,2.088
05-07-2026-Thu 14-23-35-PM,-0.1,2.064,-0.3,2.036,-0.4,2.124,-0.4,2.096,-0.2,2.304,-0.1,2.176,0.1,2.112,0.0,2.072
05-07-2026-Thu 14-23-36-PM,0.1,2.048,-0.5,2.016,-0.2,2.108,-0.5,2.08,-0.2,2.284,0.1,2.152,-0.1,2.1,0.1,2.06
05-07-2026-Thu 14-23-38-PM,-0.3,2.028,-0.3,2.004,-0.1,2.092,-0.3,2.064,-0.2,2.272,-0.2,2.136,-0.1,2.08,0.0,2.044
05-07-2026-Thu 14-23-39-PM,-0.3,2.016,-0.2,1.988,-0.4,2.076,-0.2,2.052,-0.2,2.26,-0.3,2.124,-0.3,2.072,-0.3,2.032
05-07-2026-Thu 14-23-40-PM,-0.1,2.0,-0.4,1.976,0.1,2.068,-0.3,2.04,-0.1,2.248,-0.2,2.104,-0.3,2.06,0.0,2.02
05-07-2026-Thu 14-23-42-PM,-0.2,1.988,-0.1,1.964,-0.1,2.052,-0.3,2.028,0.0,2.232,-0.2,2.092,-0.2,2.052,0.0,2.012
05-07-2026-Thu 14-23-45-PM,-0.2,1.964,-0.2,1.944,0.1,2.032,-0.2,2.008,-0.2,2.208,0.0,2.064,-0.1,2.032,-0.1,1.992
05-07-2026-Thu 14-23-47-PM,-0.2,1.944,-0.2,1.924,-0.3,2.008,-0.2,1.988,0.0,2.192,0.0,2.04,-0.3,2.012,-0.2,1.972
05-07-2026-Thu 14-23-49-PM,-0.3,1.928,0.0,1.912,-0.2,2.0,-0.4,1.976,-0.4,2.176,-0.4,2.024,-0.1,2.004,-0.3,1.96
05-07-2026-Thu 14-23-51-PM,-0.1,1.92,-0.2,1.904,-0.3,1.984,-0.3,1.968,-0.1,2.168,0.1,2.012,-0.4,1.992,-0.1,1.952
05-07-2026-Thu 14-23-52-PM,-0.2,1.912,0.1,1.896,0.0,1.976,-0.4,1.964,0.0,2.16,-0.3,2.0,-0.2,1.984,-0.3,1.944
05-07-2026-Thu 14-23-54-PM,-0.3,1.9,0.0,1.888,-0.1,1.972,-0.4,1.952,-0.3,2.156,-0.2,1.992,-0.1,1.98,-0.2,1.936
05-07-2026-Thu 14-23-55-PM,-0.1,1.892,-0.2,1.88,-0.1,1.964,0.1,1.948,0.0,2.144,0.0,1.98,-0.3,1.972,0.0,1.928
05-07-2026-Thu 14-23-56-PM,0.1,1.888,-0.1,1.872,-0.1,1.956,-0.3,1.944,-0.2,2.136,-0.2,1.972,-0.4,1.968,-0.1,1.924
05-07-2026-Thu 14-23-58-PM,0.0,1.88,0.0,1.868,-0.1,1.948,-0.4,1.936,-0.4,2.128,-0.1,1.964,0.0,1.96,-0.1,1.92
05-07-2026-Thu 14-23-59-PM,-0.3,1.872,0.2,1.856,-0.3,1.94,-0.1,1.928,-0.1,2.124,0.1,1.952,-0.1,1.952,-0.1,1.908
05-07-2026-Thu 14-24-00-PM,-0.3,1.864,0.1,1.856,-0.1,1.936,-0.4,1.924,-0.1,2.116,-0.1,1.944,0.0,1.948,-0.1,1.908
05-07-2026-Thu 14-24-02-PM,-0.3,1.86,0.0,1.848,-0.1,1.932,-0.1,1.92,-0.3,2.112,-0.3,1.936,-0.1,1.944,0.0,1.9
05-07-2026-Thu 14-24-03-PM,-0.2,1.848,-0.1,1.84,-0.4,1.924,-0.3,1.912,0.0,2.104,0.0,1.928,-0.3,1.94,-0.1,1.896
05-07-2026-Thu 14-24-05-PM,0.1,1.844,-0.2,1.832,0.0,1.916,-0.4,1.908,0.0,2.092,-0.2,1.92,-0.2,1.932,-0.2,1.888
05-07-2026-Thu 14-24-06-PM,0.0,1.836,0.0,1.828,-0.2,1.908,-0.2,1.904,-0.5,2.088,-0.1,1.912,-0.1,1.928,-0.1,1.884
05-07-2026-Thu 14-24-08-PM,-0.2,1.828,0.1,1.824,-0.3,1.904,-0.1,1.9,-0.1,2.084,0.1,1.904,0.1,1.924,-0.2,1.88
05-07-2026-Thu 14-24-09-PM,-0.2,1.82,-0.2,1.816,0.0,1.9,-0.3,1.892,-0.3,2.076,-0.1,1.896,0.0,1.916,-0.2,1.872
05-07-2026-Thu 14-24-10-PM,0.0,1.812,-0.1,1.816,-0.3,1.896,-0.1,1.888,0.0,2.072,0.1,1.888,-0.1,1.912,-0.1,1.864
05-07-2026-Thu 14-24-12-PM,-0.2,1.808,-0.2,1.808,0.0,1.888,-0.2,1.884,-0.2,2.06,-0.3,1.88,-0.4,1.908,-0.4,1.864
05-07-2026-Thu 14-24-13-PM,-0.2,1.8,-0.1,1.8,-0.2,1.884,-0.1,1.88,-0.3,2.056,0.0,1.872,-0.3,1.9,-0.3,1.86
05-07-2026-Thu 14-24-15-PM,-0.2,1.796,-0.1,1.796,-0.2,1.876,0.0,1.872,-0.1,2.056,0.0,1.864,-0.1,1.896,0.0,1.852
05-07-2026-Thu 14-24-16-PM,-0.4,1.788,-0.2,1.792,-0.3,1.868,-0.3,1.872,-0.3,2.048,-0.1,1.86,-0.2,1.892,0.0,1.848
05-07-2026-Thu 14-24-18-PM,-0.1,1.78,-0.2,1.788,-0.2,1.864,-0.4,1.864,-0.2,2.04,-0.3,1.852,-0.1,1.888,0.0,1.844
05-07-2026-Thu 14-24-19-PM,-0.4,1.776,-0.1,1.784,-0.3,1.86,-0.2,1.86,0.0,2.036,-0.1,1.844,0.1,1.88,-0.3,1.836
05-07-2026-Thu 14-24-20-PM,0.1,1.768,-0.1,1.776,-0.3,1.852,0.0,1.856,-0.1,2.032,-0.2,1.836,0.1,1.88,0.0,1.832
05-07-2026-Thu 14-24-22-PM,-0.3,1.764,-0.1,1.776,-0.1,1.852,-0.3,1.852,-0.4,2.024,0.0,1.832,-0.1,1.872,-0.3,1.828
05-07-2026-Thu 14-24-23-PM,-0.4,1.756,-0.1,1.768,-0.1,1.844,-0.2,1.848,0.1,2.02,-0.1,1.824,-0.3,1.868,-0.2,1.824
05-07-2026-Thu 14-24-25-PM,-0.4,1.756,0.1,1.764,-0.2,1.844,-0.3,1.848,-0.1,2.012,-0.3,1.816,-0.3,1.868,-0.3,1.82
05-07-2026-Thu 14-24-27-PM,1.1,5.06,1.2,5.056,1.5,5.052,1.4,5.064,1.8,5.056,1.5,5.064,1.5,5.048,1.1,5.048
05-07-2026-Thu 14-24-29-PM,0.8,5.06,1.0,5.06,1.3,5.052,1.3,5.064,1.5,5.052,1.0,5.064,1.4,5.048,1.2,5.044
05-07-2026-Thu 14-24-31-PM,0.8,5.06,1.1,5.06,1.2,5.056,1.1,5.068,1.5,5.056,1.4,5.06,1.2,5.048,1.3,5.048
05-07-2026-Thu 14-24-32-PM,0.8,5.06,1.1,5.056,1.2,5.052,1.3,5.064,1.4,5.056,1.1,5.064,1.3,5.052,1.1,5.048
05-07-2026-Thu 14-24-33-PM,0.5,5.064,1.1,5.06,1.0,5.052,1.1,5.064,1.5,5.052,1.2,5.06,1.6,5.048,1.3,5.048
05-07-2026-Thu 14-24-35-PM,0.5,5.06,0.9,5.056,1.0,5.056,1.0,5.064,1.3,5.052,1.0,5.064,1.2,5.048,1.1,5.052
05-07-2026-Thu 14-24-36-PM,Power Off
05-07-2026-Thu 14-24-37-PM,-0.3,2.604,-0.2,2.564,-0.2,2.64,-0.3,2.632,-0.3,2.728,-0.2,2.664,0.0,2.592,-0.2,2.524
05-07-2026-Thu 14-24-39-PM,-0.1,2.48,0.2,2.44,-0.2,2.52,-0.4,2.508,-0.2,2.644,-0.3,2.564,-0.2,2.492,-0.3,2.428
05-07-2026-Thu 14-24-40-PM,0.1,2.396,-0.1,2.368,-0.1,2.448,-0.2,2.428,0.0,2.592,-0.2,2.5,-0.2,2.424,-0.3,2.364
05-07-2026-Thu 14-24-41-PM,-0.1,2.336,-0.3,2.312,0.0,2.388,-0.2,2.372,0.1,2.548,-0.3,2.448,-0.4,2.372,-0.3,2.316
05-07-2026-Thu 14-24-43-PM,-0.1,2.288,0.1,2.268,-0.1,2.348,-0.5,2.324,0.0,2.512,-0.3,2.408,-0.1,2.332,-0.1,2.276
05-07-2026-Thu 14-24-44-PM,-0.1,2.248,0.0,2.228,-0.2,2.308,-0.3,2.288,-0.1,2.48,0.0,2.376,-0.4,2.296,-0.1,2.248
05-07-2026-Thu 14-24-46-PM,-0.5,2.212,-0.5,2.192,-0.3,2.276,-0.2,2.252,0.0,2.456,-0.2,2.34,-0.3,2.264,-0.3,2.22
05-07-2026-Thu 14-24-47-PM,-0.3,2.18,0.1,2.168,-0.2,2.248,-0.2,2.224,-0.1,2.428,-0.3,2.312,0.0,2.236,-0.1,2.192
05-07-2026-Thu 14-24-48-PM,-0.1,2.156,-0.1,2.14,-0.2,2.228,-0.3,2.204,-0.1,2.408,0.0,2.292,-0.1,2.216,-0.1,2.168
05-07-2026-Thu 14-24-51-PM,0.5,5.06,1.0,5.06,0.9,5.052,1.1,5.064,1.4,5.052,1.2,5.064,1.3,5.048,1.2,5.048
05-07-2026-Thu 14-24-54-PM,0.8,5.064,1.2,5.06,0.7,5.056,1.0,5.064,1.4,5.056,0.9,5.068,1.4,5.048,0.9,5.052
05-07-2026-Thu 14-24-56-PM,0.9,5.064,0.9,5.06,1.1,5.056,1.0,5.064,1.2,5.052,1.1,5.068,1.2,5.048,1.0,5.052
05-07-2026-Thu 14-24-57-PM,0.3,5.064,1.0,5.064,0.9,5.056,1.3,5.068,1.2,5.056,1.0,5.068,1.0,5.048,1.3,5.052
05-07-2026-Thu 14-24-59-PM,0.5,5.06,1.4,5.06,1.0,5.056,0.9,5.064,1.1,5.052,0.7,5.068,1.2,5.048,0.8,5.052
05-07-2026-Thu 14-25-00-PM,0.5,5.06,1.0,5.06,1.2,5.056,1.1,5.068,1.0,5.052,1.0,5.064,1.1,5.048,1.2,5.052
05-07-2026-Thu 14-25-02-PM,0.5,5.06,0.7,5.06,0.8,5.052,0.8,5.064,1.1,5.056,1.1,5.064,1.0,5.048,0.9,5.052
05-07-2026-Thu 14-25-03-PM,Power Off
05-07-2026-Thu 14-25-04-PM,-0.2,2.66,-0.2,2.604,-0.1,2.688,-0.1,2.68,-0.2,2.776,-0.1,2.72,-0.3,2.652,-0.2,2.608
05-07-2026-Thu 14-25-06-PM,-0.2,2.544,0.0,2.504,-0.3,2.588,-0.5,2.572,-0.2,2.704,-0.4,2.628,-0.4,2.564,-0.1,2.52
05-07-2026-Thu 14-25-07-PM,-0.3,2.468,-0.2,2.428,-0.1,2.516,-0.3,2.5,0.0,2.652,-0.3,2.576,-0.2,2.5,-0.2,2.46
05-07-2026-Thu 14-25-08-PM,-0.3,2.412,-0.2,2.376,-0.2,2.464,-0.3,2.444,-0.2,2.612,-0.1,2.528,-0.3,2.456,-0.1,2.416
05-07-2026-Thu 14-25-10-PM,-0.3,2.368,-0.1,2.336,-0.2,2.42,-0.2,2.404,-0.1,2.58,-0.1,2.488,-0.4,2.416,-0.2,2.372
05-07-2026-Thu 14-25-11-PM,0.1,2.328,-0.2,2.3,0.2,2.384,-0.4,2.368,-0.1,2.552,-0.2,2.456,-0.2,2.384,0.1,2.34
05-07-2026-Thu 14-25-13-PM,-0.3,2.292,-0.4,2.272,-0.3,2.352,0.0,2.332,-0.1,2.528,-0.2,2.428,0.0,2.356,-0.1,2.312
05-07-2026-Thu 14-25-14-PM,-0.2,2.264,-0.3,2.24,-0.1,2.328,-0.5,2.304,-0.2,2.508,-0.1,2.4,-0.3,2.328,0.0,2.292
05-07-2026-Thu 14-25-15-PM,-0.2,2.236,-0.2,2.216,-0.2,2.3,-0.6,2.28,0.0,2.484,0.0,2.372,0.0,2.304,-0.3,2.268
05-07-2026-Thu 14-25-17-PM,-0.3,2.216,-0.1,2.196,-0.2,2.28,-0.5,2.26,-0.2,2.468,-0.1,2.348,-0.1,2.284,-0.2,2.248
05-07-2026-Thu 14-25-18-PM,-0.3,2.192,-0.2,2.172,-0.1,2.26,-0.2,2.24,-0.2,2.452,-0.1,2.328,-0.4,2.264,-0.3,2.232
05-07-2026-Thu 14-25-20-PM,-0.2,2.168,-0.2,2.152,-0.2,2.24,-0.3,2.22,0.0,2.436,-0.2,2.308,0.0,2.248,-0.3,2.216
05-07-2026-Thu 14-25-21-PM,0.2,2.152,-0.2,2.136,-0.1,2.224,-0.2,2.204,-0.2,2.424,-0.1,2.288,-0.2,2.232,-0.1,2.196
05-07-2026-Thu 14-25-23-PM,-0.2,2.132,-0.3,2.116,0.1,2.204,-0.2,2.184,-0.1,2.404,-0.3,2.268,0.1,2.216,-0.2,2.18
05-07-2026-Thu 14-25-24-PM,-0.2,2.116,-0.1,2.1,-0.2,2.188,-0.4,2.164,-0.2,2.388,-0.2,2.252,0.0,2.204,-0.2,2.164
05-07-2026-Thu 14-25-25-PM,-0.2,2.1,-0.3,2.088,-0.2,2.176,-0.2,2.152,0.0,2.376,0.0,2.236,-0.1,2.188,-0.3,2.152
05-07-2026-Thu 14-25-27-PM,-0.4,2.084,0.0,2.076,-0.5,2.16,-0.3,2.14,-0.1,2.364,-0.1,2.22,-0.2,2.172,-0.1,2.14
05-07-2026-Thu 14-25-28-PM,-0.5,2.068,0.1,2.06,-0.1,2.152,-0.1,2.124,-0.2,2.348,-0.4,2.204,-0.4,2.164,-0.3,2.128
05-07-2026-Thu 14-25-29-PM,0.0,2.06,-0.3,2.052,-0.3,2.14,-0.3,2.116,0.0,2.34,0.1,2.188,0.0,2.152,0.2,2.116
05-07-2026-Thu 14-25-31-PM,-0.1,2.044,-0.2,2.04,-0.1,2.124,-0.1,2.104,0.1,2.332,-0.2,2.172,-0.1,2.144,-0.2,2.108
05-07-2026-Thu 14-25-32-PM,Power On
05-07-2026-Thu 14-25-34-PM,0.5,5.06,1.0,5.06,0.7,5.052,0.9,5.064,1.5,5.056,1.1,5.064,1.4,5.048,1.2,5.052
05-07-2026-Thu 14-25-35-PM,0.6,5.064,1.2,5.06,0.9,5.056,0.8,5.068,1.2,5.056,1.2,5.068,1.3,5.048,0.7,5.052
05-07-2026-Thu 14-25-36-PM,0.5,5.064,1.1,5.056,0.9,5.056,1.0,5.068,1.1,5.056,1.0,5.068,0.8,5.048,0.8,5.056
05-07-2026-Thu 14-25-38-PM,0.4,5.064,0.9,5.06,0.8,5.056,0.8,5.068,1.0,5.056,1.0,5.064,1.0,5.048,0.9,5.052
05-07-2026-Thu 14-25-39-PM,Power Off
05-07-2026-Thu 14-25-42-PM,-0.1,2.496,-0.2,2.472,-0.2,2.552,-0.4,2.54,-0.3,2.676,0.0,2.592,-0.3,2.532,0.0,2.476
05-07-2026-Thu 14-25-45-PM,-0.1,2.36,0.0,2.348,-0.1,2.428,-0.3,2.412,0.1,2.588,-0.2,2.488,-0.3,2.42,-0.3,2.372
05-07-2026-Thu 14-25-48-PM,-0.2,2.272,-0.2,2.264,-0.1,2.348,-0.3,2.328,-0.3,2.524,-0.1,2.412,0.1,2.344,0.2,2.304
05-07-2026-Thu 14-25-49-PM,-0.2,2.244,0.0,2.232,-0.4,2.316,-0.2,2.296,0.0,2.5,-0.2,2.384,-0.1,2.32,-0.1,2.276
05-07-2026-Thu 14-25-51-PM,-0.1,2.212,-0.3,2.204,-0.1,2.292,-0.3,2.268,-0.2,2.48,-0.3,2.36,-0.3,2.296,-0.1,2.252
05-07-2026-Thu 14-25-52-PM,-0.2,2.188,-0.2,2.184,-0.1,2.272,-0.4,2.248,-0.2,2.46,0.0,2.332,-0.3,2.276,0.0,2.232
05-07-2026-Thu 14-25-53-PM,0.0,2.164,-0.1,2.164,-0.3,2.248,-0.4,2.224,0.0,2.44,-0.2,2.308,-0.1,2.256,-0.1,2.212
05-07-2026-Thu 14-25-55-PM,-0.3,2.148,0.0,2.136,-0.2,2.228,-0.3,2.204,0.0,2.42,-0.2,2.288,-0.3,2.236,0.1,2.196
05-07-2026-Thu 14-25-56-PM,-0.4,2.124,-0.4,2.12,-0.2,2.208,-0.2,2.184,-0.1,2.408,0.0,2.268,-0.1,2.22,-0.2,2.18
05-07-2026-Thu 14-25-58-PM,-0.1,2.108,-0.2,2.104,-0.1,2.192,-0.2,2.168,-0.3,2.396,-0.2,2.252,0.1,2.204,-0.1,2.164
05-07-2026-Thu 14-25-59-PM,-0.3,2.092,-0.2,2.092,-0.4,2.18,-0.2,2.152,0.1,2.376,-0.1,2.228,-0.1,2.188,-0.2,2.152
05-07-2026-Thu 14-26-00-PM,-0.1,2.076,-0.2,2.076,-0.3,2.168,-0.1,2.14,0.0,2.364,-0.5,2.216,-0.1,2.176,-0.1,2.136
05-07-2026-Thu 14-26-02-PM,-0.3,2.06,-0.3,2.06,-0.4,2.152,-0.2,2.124,-0.3,2.352,-0.2,2.2,-0.2,2.168,-0.1,2.124
05-07-2026-Thu 14-26-03-PM,0.1,2.044,-0.1,2.048,-0.1,2.14,-0.3,2.112,0.0,2.34,-0.1,2.188,-0.2,2.156,0.1,2.112
05-07-2026-Thu 14-26-05-PM,-0.1,2.028,-0.2,2.036,-0.3,2.128,0.0,2.108,-0.1,2.328,-0.1,2.172,-0.1,2.144,0.0,2.1
05-07-2026-Thu 14-26-06-PM,-0.1,2.016,-0.2,2.028,-0.1,2.116,-0.2,2.092,-0.1,2.316,0.0,2.156,-0.3,2.132,-0.3,2.088
05-07-2026-Thu 14-26-07-PM,-0.3,2.004,-0.3,2.02,-0.1,2.108,-0.2,2.08,-0.4,2.308,0.1,2.144,0.2,2.124,0.1,2.084
05-07-2026-Thu 14-26-09-PM,-0.4,1.996,-0.6,2.008,-0.1,2.096,-0.3,2.072,0.0,2.296,-0.2,2.132,0.0,2.112,-0.2,2.072
05-07-2026-Thu 14-26-10-PM,-0.4,1.984,-0.4,1.996,-0.2,2.084,-0.4,2.06,0.1,2.288,-0.2,2.12,-0.2,2.104,-0.3,2.064
05-07-2026-Thu 14-26-12-PM,-0.2,1.972,0.0,1.992,-0.2,2.076,-0.3,2.052,-0.3,2.28,-0.3,2.108,-0.1,2.092,-0.2,2.056
05-07-2026-Thu 14-26-13-PM,-0.4,1.964,-0.2,1.976,-0.2,2.064,-0.2,2.044,-0.1,2.268,-0.1,2.096,-0.3,2.088,-0.2,2.048
05-07-2026-Thu 14-26-14-PM,-0.1,1.952,0.1,1.972,0.1,2.052,-0.3,2.036,-0.1,2.26,-0.2,2.084,-0.2,2.08,-0.1,2.04
05-07-2026-Thu 14-26-16-PM,-0.4,1.944,-0.1,1.964,-0.2,2.052,0.1,2.028,0.0,2.256,0.0,2.076,-0.4,2.076,-0.2,2.032
05-07-2026-Thu 14-26-17-PM,0.0,1.936,-0.1,1.956,0.0,2.04,-0.2,2.02,0.0,2.244,-0.1,2.064,-0.3,2.064,-0.3,2.024
05-07-2026-Thu 14-26-19-PM,-0.3,1.92,-0.2,1.948,0.0,2.032,-0.4,2.008,-0.1,2.232,-0.1,2.048,-0.1,2.056,0.0,2.016
05-07-2026-Thu 14-26-21-PM,-0.4,1.912,-0.3,1.944,-0.3,2.02,-0.3,2.0,0.0,2.224,-0.1,2.04,-0.2,2.048,-0.1,2.004
05-07-2026-Thu 14-26-22-PM,-0.4,1.904,0.0,1.928,-0.2,2.016,-0.3,1.996,-0.1,2.212,-0.1,2.032,-0.2,2.04,-0.4,2.0
05-07-2026-Thu 14-26-23-PM,-0.1,1.896,-0.2,1.924,-0.1,2.008,-0.4,1.992,0.0,2.208,0.0,2.02,0.0,2.036,-0.3,1.992
05-07-2026-Thu 14-26-25-PM,Power On
05-07-2026-Thu 14-26-26-PM,0.4,5.064,0.9,5.06,1.0,5.056,1.0,5.064,1.3,5.056,1.0,5.064,1.0,5.048,1.0,5.052
05-07-2026-Thu 14-26-27-PM,0.4,5.064,0.9,5.064,0.7,5.056,0.8,5.068,1.1,5.056,1.1,5.068,0.9,5.052,0.9,5.052
05-07-2026-Thu 14-26-29-PM,0.3,5.064,0.9,5.06,1.0,5.06,0.7,5.068,0.9,5.056,1.0,5.064,1.1,5.052,0.8,5.056
05-07-2026-Thu 14-26-30-PM,0.3,5.064,0.6,5.064,0.9,5.056,0.8,5.068,1.0,5.056,0.9,5.068,1.1,5.052,0.7,5.052
05-07-2026-Thu 14-26-31-PM,0.4,5.06,0.6,5.056,0.9,5.056,0.8,5.068,0.9,5.056,0.8,5.068,0.9,5.052,0.9,5.052
05-07-2026-Thu 14-26-33-PM,0.4,5.064,0.7,5.06,0.6,5.056,0.7,5.068,0.8,5.06,0.9,5.064,0.8,5.052,0.5,5.052
05-07-2026-Thu 14-26-34-PM,Power Off
05-07-2026-Thu 14-26-35-PM,-0.3,2.6,-0.2,2.584,-0.3,2.668,-0.3,2.664,0.0,2.752,-0.2,2.676,-0.2,2.628,-0.1,2.564
05-07-2026-Thu 14-26-37-PM,-0.1,2.48,-0.2,2.472,-0.3,2.556,-0.3,2.548,-0.1,2.676,-0.1,2.584,0.0,2.528,-0.1,2.468
05-07-2026-Thu 14-26-38-PM,-0.3,2.4,-0.2,2.396,-0.5,2.48,-0.3,2.472,-0.2,2.624,-0.2,2.52,-0.3,2.468,-0.1,2.408
05-07-2026-Thu 14-26-40-PM,-0.3,2.34,-0.1,2.348,-0.2,2.428,-0.3,2.412,-0.1,2.58,-0.1,2.472,-0.1,2.42,0.1,2.364
05-07-2026-Thu 14-26-41-PM,-0.1,2.292,-0.1,2.304,-0.2,2.384,-0.2,2.372,-0.2,2.552,0.0,2.436,-0.2,2.384,0.1,2.328
05-07-2026-Thu 14-26-42-PM,-0.1,2.256,-0.3,2.268,-0.4,2.348,-0.4,2.336,-0.1,2.52,-0.1,2.4,-0.1,2.344,0.1,2.296
05-07-2026-Thu 14-26-44-PM,-0.6,2.22,-0.3,2.232,-0.1,2.32,-0.2,2.3,0.2,2.496,-0.3,2.372,-0.1,2.32,-0.1,2.268
05-07-2026-Thu 14-26-45-PM,-0.2,2.188,-0.1,2.204,-0.3,2.292,-0.2,2.276,-0.1,2.472,-0.1,2.344,-0.1,2.292,-0.3,2.248
05-07-2026-Thu 14-26-47-PM,-0.2,2.164,-0.1,2.18,-0.1,2.264,-0.5,2.248,-0.1,2.452,-0.3,2.316,-0.3,2.272,-0.5,2.224
05-07-2026-Thu 14-26-48-PM,-0.1,2.14,-0.3,2.156,0.0,2.244,-0.3,2.224,0.0,2.432,-0.3,2.296,0.0,2.252,0.0,2.204
05-07-2026-Thu 14-26-49-PM,0.0,2.12,-0.1,2.136,0.1,2.224,-0.2,2.208,-0.2,2.416,-0.2,2.276,0.1,2.236,-0.2,2.188
05-07-2026-Thu 14-26-51-PM,-0.1,2.1,-0.1,2.12,0.2,2.208,-0.2,2.188,0.0,2.4,-0.6,2.252,0.1,2.216,-0.3,2.172
05-07-2026-Thu 14-26-52-PM,-0.2,2.08,-0.1,2.1,-0.2,2.188,-0.3,2.168,0.0,2.384,0.0,2.236,-0.1,2.2,-0.2,2.156
05-07-2026-Thu 14-26-54-PM,-0.2,2.068,-0.4,2.088,-0.2,2.176,-0.3,2.152,-0.4,2.372,-0.1,2.216,-0.1,2.188,-0.2,2.144
05-07-2026-Thu 14-26-55-PM,-0.2,2.048,0.0,2.072,-0.3,2.16,-0.3,2.136,-0.2,2.356,-0.1,2.204,-0.2,2.172,-0.2,2.128
05-07-2026-Thu 14-26-57-PM,-0.2,2.028,-0.3,2.052,-0.1,2.14,-0.5,2.124,0.1,2.34,0.0,2.184,-0.5,2.156,-0.1,2.112
05-07-2026-Thu 14-26-58-PM,-0.3,2.012,-0.3,2.036,-0.1,2.128,-0.5,2.108,-0.1,2.328,-0.1,2.168,-0.1,2.144,-0.3,2.104
05-07-2026-Thu 14-27-00-PM,-0.2,2.0,-0.1,2.032,-0.2,2.12,-0.2,2.096,-0.4,2.316,-0.3,2.152,-0.1,2.132,-0.1,2.088
05-07-2026-Thu 14-27-01-PM,Power On
05-07-2026-Thu 14-27-02-PM,0.5,5.064,0.6,5.064,0.9,5.06,0.7,5.068,1.1,5.056,1.0,5.068,0.9,5.052,0.9,5.052
05-07-2026-Thu 14-27-04-PM,0.4,5.064,0.8,5.06,0.8,5.056,0.8,5.064,0.8,5.056,0.9,5.068,0.9,5.052,0.4,5.048
05-07-2026-Thu 14-27-05-PM,0.1,5.064,0.9,5.064,0.9,5.056,0.9,5.064,0.9,5.056,0.9,5.064,1.1,5.052,0.5,5.048
05-07-2026-Thu 14-27-06-PM,0.5,5.064,0.7,5.06,0.9,5.056,0.7,5.068,0.8,5.052,0.6,5.068,0.6,5.052,0.5,5.056
05-07-2026-Thu 14-27-08-PM,0.3,5.064,0.9,5.06,1.1,5.06,0.5,5.068,0.8,5.056,0.6,5.068,1.0,5.048,0.7,5.052
05-07-2026-Thu 14-27-09-PM,0.1,5.064,0.5,5.064,0.9,5.06,0.8,5.068,0.9,5.056,0.7,5.068,0.8,5.052,0.7,5.052
05-07-2026-Thu 14-27-10-PM,0.2,5.06,0.7,5.06,0.4,5.056,0.8,5.068,1.1,5.056,0.8,5.068,0.8,5.048,0.6,5.052
05-07-2026-Thu 14-27-12-PM,0.5,5.06,0.5,5.06,0.6,5.06,0.7,5.064,0.9,5.056,0.8,5.064,0.7,5.052,0.5,5.052
05-07-2026-Thu 14-27-13-PM,Power Off
05-07-2026-Thu 14-27-14-PM,-0.3,2.612,0.0,2.608,-0.2,2.692,-0.2,2.696,-0.5,2.776,-0.2,2.704,-0.4,2.66,-0.1,2.6
05-07-2026-Thu 14-27-16-PM,-0.2,2.508,-0.1,2.504,-0.4,2.584,0.0,2.588,-0.3,2.7,-0.1,2.608,-0.1,2.56,0.0,2.512
05-07-2026-Thu 14-27-17-PM,0.0,2.428,-0.2,2.432,-0.3,2.512,-0.3,2.512,0.0,2.652,0.1,2.556,-0.1,2.5,-0.2,2.452
05-07-2026-Thu 14-27-19-PM,-0.3,2.364,-0.1,2.372,-0.3,2.456,-0.2,2.448,-0.1,2.608,-0.1,2.504,-0.1,2.452,-0.1,2.4
05-07-2026-Thu 14-27-20-PM,-0.3,2.32,0.0,2.324,-0.1,2.416,-0.4,2.404,-0.2,2.572,-0.4,2.464,-0.2,2.412,-0.1,2.364
05-07-2026-Thu 14-27-22-PM,-0.2,2.28,-0.3,2.292,0.0,2.376,-0.5,2.368,0.1,2.548,-0.1,2.432,-0.4,2.38,-0.3,2.336
05-07-2026-Thu 14-27-23-PM,-0.5,2.248,0.1,2.26,-0.4,2.348,-0.2,2.34,0.0,2.524,-0.3,2.404,-0.2,2.348,-0.2,2.308
05-07-2026-Thu 14-27-24-PM,-0.5,2.22,-0.3,2.236,-0.4,2.32,-0.2,2.308,0.0,2.5,0.1,2.376,-0.5,2.328,-0.2,2.284
05-07-2026-Thu 14-27-26-PM,-0.2,2.192,-0.1,2.208,-0.3,2.296,-0.2,2.284,0.0,2.48,-0.1,2.348,-0.2,2.304,-0.2,2.26
05-07-2026-Thu 14-27-27-PM,-0.2,2.168,-0.1,2.188,-0.4,2.276,-0.2,2.26,-0.3,2.46,0.0,2.328,-0.1,2.284,-0.2,2.244
05-07-2026-Thu 14-27-29-PM,-0.2,2.144,-0.1,2.168,0.0,2.256,-0.2,2.24,-0.2,2.444,0.1,2.304,0.0,2.264,-0.1,2.22
05-07-2026-Thu 14-27-30-PM,-0.3,2.124,-0.3,2.148,-0.2,2.236,-0.4,2.224,-0.3,2.428,0.0,2.284,0.1,2.248,-0.1,2.204
05-07-2026-Thu 14-27-31-PM,-0.3,2.108,-0.5,2.128,-0.2,2.216,-0.2,2.2,-0.1,2.412,-0.5,2.264,0.1,2.228,-0.2,2.192
05-07-2026-Thu 14-27-33-PM,-0.1,2.084,-0.3,2.112,-0.3,2.204,-0.2,2.188,-0.2,2.396,-0.1,2.248,-0.2,2.22,-0.1,2.176
05-07-2026-Thu 14-27-34-PM,-0.1,2.072,-0.1,2.1,-0.3,2.188,-0.1,2.168,-0.1,2.384,-0.4,2.232,0.1,2.2,0.0,2.16
05-07-2026-Thu 14-27-36-PM,-0.1,2.056,-0.1,2.084,-0.1,2.172,-0.1,2.156,-0.3,2.372,-0.2,2.212,0.1,2.188,0.0,2.148
05-07-2026-Thu 14-27-37-PM,-0.1,2.04,0.0,2.068,-0.3,2.156,-0.3,2.14,-0.3,2.36,-0.4,2.196,-0.3,2.172,-0.1,2.136
05-07-2026-Thu 14-27-38-PM,-0.1,2.024,-0.1,2.056,0.0,2.144,-0.3,2.132,-0.1,2.344,-0.1,2.184,-0.1,2.16,-0.1,2.128
05-07-2026-Thu 14-27-40-PM,0.2,2.016,-0.2,2.048,-0.2,2.132,-0.3,2.116,0.0,2.336,0.1,2.172,-0.2,2.156,0.1,2.112
05-07-2026-Thu 14-27-41-PM,-0.2,2.0,-0.1,2.032,-0.1,2.12,-0.5,2.104,-0.3,2.324,-0.1,2.152,-0.1,2.144,-0.2,2.104
05-07-2026-Thu 14-27-43-PM,-0.3,1.984,-0.4,2.024,-0.2,2.112,-0.2,2.096,-0.4,2.316,-0.1,2.144,-0.1,2.132,-0.1,2.092
05-07-2026-Thu 14-27-45-PM,-0.2,1.964,0.1,2.004,-0.4,2.088,0.0,2.076,-0.1,2.296,-0.2,2.116,0.1,2.116,-0.1,2.072
05-07-2026-Thu 14-27-48-PM,-0.1,1.94,-0.2,1.984,0.1,2.072,0.0,2.056,-0.1,2.272,-0.2,2.092,-0.3,2.096,-0.2,2.052
05-07-2026-Thu 14-27-51-PM,-0.4,1.92,0.1,1.968,-0.1,2.048,-0.3,2.036,-0.2,2.252,-0.2,2.064,-0.5,2.076,0.1,2.036
05-07-2026-Thu 14-27-54-PM,-0.4,1.904,-0.2,1.952,-0.2,2.032,-0.2,2.024,-0.2,2.24,-0.1,2.044,-0.5,2.064,-0.1,2.02
05-07-2026-Thu 14-27-56-PM,-0.3,1.892,-0.1,1.944,-0.1,2.02,-0.1,2.008,0.1,2.228,-0.3,2.032,-0.2,2.052,-0.2,2.012
05-07-2026-Thu 14-27-58-PM,-0.3,1.88,-0.2,1.936,-0.2,2.012,-0.3,2.0,-0.2,2.216,-0.1,2.016,-0.1,2.04,-0.3,2.0
05-07-2026-Thu 14-27-59-PM,-0.2,1.872,-0.2,1.92,-0.1,2.004,-0.3,1.992,-0.3,2.208,-0.2,2.008,-0.5,2.036,-0.2,1.992
05-07-2026-Thu 14-28-01-PM,0.0,1.86,0.0,1.916,0.1,1.992,-0.2,1.984,-0.3,2.2,-0.1,1.996,-0.4,2.028,-0.1,1.984
05-07-2026-Thu 14-28-02-PM,-0.2,1.852,-0.2,1.912,-0.1,1.992,-0.1,1.976,-0.1,2.196,0.2,1.988,-0.2,2.024,-0.2,1.98
05-07-2026-Thu 14-28-04-PM,-0.3,1.848,0.0,1.904,-0.3,1.984,-0.2,1.976,0.0,2.188,-0.3,1.98,-0.1,2.016,-0.1,1.972
05-07-2026-Thu 14-28-05-PM,-0.1,1.84,0.1,1.9,-0.4,1.972,-0.4,1.968,-0.1,2.176,-0.1,1.972,0.0,2.012,-0.4,1.964
05-07-2026-Thu 14-28-07-PM,-0.3,1.832,0.0,1.892,-0.3,1.968,-0.2,1.96,-0.2,2.172,0.0,1.964,-0.1,2.008,-0.3,1.96
05-07-2026-Thu 14-28-08-PM,-0.3,1.824,0.0,1.884,-0.3,1.96,-0.3,1.956,-0.3,2.164,-0.2,1.956,-0.2,2.0,-0.2,1.952
05-07-2026-Thu 14-28-09-PM,-0.2,1.816,-0.2,1.884,0.0,1.956,-0.4,1.952,0.0,2.16,0.0,1.948,-0.2,1.992,-0.1,1.944
05-07-2026-Thu 14-28-11-PM,-0.3,1.808,0.0,1.876,0.1,1.952,-0.2,1.948,-0.4,2.152,-0.1,1.94,0.0,1.988,-0.5,1.944
05-07-2026-Thu 14-28-12-PM,-0.2,1.804,-0.2,1.868,-0.2,1.944,-0.3,1.94,0.0,2.148,0.1,1.932,-0.1,1.988,-0.2,1.936
05-07-2026-Thu 14-28-14-PM,0.1,1.8,-0.2,1.868,-0.2,1.936,0.0,1.936,0.1,2.14,-0.2,1.928,-0.4,1.976,-0.3,1.932
05-07-2026-Thu 14-28-15-PM,0.0,1.796,-0.1,1.86,-0.4,1.936,-0.2,1.932,-0.3,2.136,-0.1,1.92,-0.1,1.972,-0.2,1.924
05-07-2026-Thu 14-28-16-PM,0.1,1.788,-0.3,1.856,0.0,1.928,-0.4,1.924,-0.2,2.128,0.1,1.908,0.0,1.968,-0.1,1.924
05-07-2026-Thu 14-28-18-PM,-0.4,1.784,-0.1,1.852,0.0,1.924,-0.2,1.92,-0.4,2.124,0.0,1.904,-0.1,1.964,-0.3,1.916
05-07-2026-Thu 14-28-19-PM,-0.2,1.776,-0.1,1.848,-0.4,1.92,-0.4,1.916,-0.2,2.12,-0.1,1.896,-0.5,1.96,0.1,1.912
05-07-2026-Thu 14-28-20-PM,Power On
05-07-2026-Thu 14-28-22-PM,0.5,5.06,0.9,5.06,0.8,5.056,0.8,5.068,1.2,5.056,0.7,5.068,0.9,5.048,0.3,5.052
05-07-2026-Thu 14-28-23-PM,0.1,5.064,0.6,5.06,0.9,5.052,0.8,5.064,1.1,5.056,0.9,5.064,0.8,5.052,0.9,5.052
05-07-2026-Thu 14-28-25-PM,0.4,5.064,0.5,5.06,0.3,5.06,0.7,5.068,0.7,5.056,1.0,5.064,1.0,5.052,0.5,5.052
05-07-2026-Thu 14-28-26-PM,Power Off
05-07-2026-Thu 14-28-27-PM,0.0,2.404,-0.3,2.448,-0.4,2.528,-0.1,2.548,-0.2,2.612,-0.1,2.496,0.0,2.496,-0.2,2.404
05-07-2026-Thu 14-28-29-PM,-0.4,2.284,-0.1,2.336,-0.1,2.412,-0.1,2.428,0.1,2.536,-0.3,2.4,-0.3,2.392,0.0,2.312
05-07-2026-Thu 14-28-30-PM,-0.2,2.204,0.1,2.264,-0.5,2.344,-0.2,2.348,-0.1,2.484,-0.3,2.336,0.0,2.332,0.0,2.256
05-07-2026-Thu 14-28-31-PM,-0.3,2.152,-0.2,2.212,-0.1,2.288,-0.5,2.292,-0.1,2.444,-0.3,2.288,0.1,2.284,-0.4,2.216
05-07-2026-Thu 14-28-33-PM,-0.1,2.108,-0.2,2.168,-0.1,2.248,-0.1,2.248,-0.3,2.416,-0.1,2.252,-0.1,2.244,0.0,2.184
05-07-2026-Thu 14-28-34-PM,0.0,2.068,-0.2,2.136,0.0,2.216,-0.3,2.212,0.0,2.392,-0.1,2.22,0.0,2.216,-0.1,2.152
05-07-2026-Thu 14-28-36-PM,-0.3,2.044,-0.3,2.108,-0.3,2.188,-0.5,2.184,-0.4,2.368,-0.1,2.196,-0.2,2.196,-0.2,2.128
05-07-2026-Thu 14-28-37-PM,-0.1,2.02,0.1,2.084,0.0,2.164,0.0,2.16,-0.2,2.344,-0.2,2.168,-0.2,2.172,-0.2,2.108
05-07-2026-Thu 14-28-38-PM,-0.1,1.996,-0.1,2.06,-0.2,2.144,-0.2,2.136,0.0,2.328,0.0,2.148,-0.1,2.152,-0.3,2.088
05-07-2026-Thu 14-28-40-PM,-0.1,1.972,-0.1,2.044,-0.3,2.124,-0.3,2.116,0.0,2.312,-0.3,2.132,-0.3,2.132,-0.3,2.072
05-07-2026-Thu 14-28-41-PM,-0.1,1.956,0.1,2.024,-0.2,2.108,-0.1,2.1,-0.1,2.296,0.1,2.108,0.0,2.116,0.0,2.06
05-07-2026-Thu 14-28-43-PM,-0.3,1.94,-0.2,2.008,0.0,2.092,-0.2,2.088,-0.1,2.28,-0.2,2.092,-0.4,2.1,-0.2,2.048
05-07-2026-Thu 14-28-44-PM,-0.2,1.924,0.0,1.996,-0.3,2.076,-0.5,2.068,0.0,2.268,0.0,2.076,-0.2,2.088,-0.1,2.032
05-07-2026-Thu 14-28-45-PM,0.0,1.908,0.0,1.98,-0.1,2.064,-0.3,2.056,-0.1,2.256,-0.2,2.064,-0.2,2.08,0.0,2.02
05-07-2026-Thu 14-28-47-PM,-0.2,1.896,0.0,1.968,-0.3,2.048,-0.1,2.044,0.0,2.244,0.1,2.052,-0.1,2.068,-0.4,2.008
05-07-2026-Thu 14-28-48-PM,-0.1,1.884,-0.1,1.952,-0.2,2.036,-0.5,2.036,-0.4,2.228,0.1,2.032,-0.1,2.056,0.0,2.0
05-07-2026-Thu 14-28-50-PM,-0.1,1.868,-0.2,1.944,-0.3,2.024,-0.3,2.024,-0.2,2.22,-0.2,2.024,-0.3,2.048,0.1,1.992
05-07-2026-Thu 14-28-51-PM,-0.1,1.856,-0.3,1.936,-0.1,2.016,-0.4,2.012,0.0,2.208,0.0,2.012,-0.1,2.036,0.1,1.98
05-07-2026-Thu 14-28-52-PM,-0.2,1.848,-0.1,1.924,-0.2,2.004,-0.3,2.004,0.1,2.204,-0.2,2.0,-0.3,2.028,0.1,1.968
05-07-2026-Thu 14-28-54-PM,0.0,1.84,0.0,1.916,-0.2,1.996,-0.4,1.992,0.0,2.192,-0.2,1.984,-0.4,2.02,-0.1,1.964
05-07-2026-Thu 14-28-55-PM,0.0,1.832,-0.2,1.908,-0.1,1.984,-0.4,1.984,-0.1,2.184,-0.1,1.976,-0.1,2.012,-0.3,1.952
05-07-2026-Thu 14-28-56-PM,-0.2,1.82,-0.2,1.9,0.0,1.976,-0.2,1.98,-0.3,2.172,-0.2,1.964,-0.1,2.004,0.0,1.948
05-07-2026-Thu 14-28-58-PM,-0.2,1.812,-0.1,1.892,0.0,1.968,-0.3,1.972,-0.1,2.168,0.0,1.952,-0.3,1.996,-0.2,1.94
05-07-2026-Thu 14-28-59-PM,Power On
05-07-2026-Thu 14-29-01-PM,0.1,5.064,0.5,5.06,0.7,5.056,0.9,5.068,1.1,5.056,0.5,5.064,0.7,5.048,0.6,5.052
05-07-2026-Thu 14-29-02-PM,0.4,5.064,0.7,5.06,0.7,5.056,0.7,5.068,0.9,5.052,0.6,5.068,0.8,5.052,0.7,5.052
05-07-2026-Thu 14-29-03-PM,0.4,5.064,0.5,5.064,0.5,5.056,0.7,5.064,0.8,5.056,0.7,5.068,0.7,5.052,0.7,5.052
05-07-2026-Thu 14-29-05-PM,0.4,5.064,0.4,5.06,0.8,5.056,0.7,5.064,0.8,5.056,0.4,5.068,0.6,5.052,0.5,5.052
05-07-2026-Thu 14-29-06-PM,0.2,5.064,0.6,5.06,0.7,5.056,0.6,5.068,0.7,5.056,0.6,5.068,0.5,5.048,0.5,5.048
05-07-2026-Thu 14-29-07-PM,0.4,5.064,0.5,5.06,0.8,5.056,0.3,5.064,0.9,5.056,0.4,5.064,0.6,5.048,0.2,5.052
05-07-2026-Thu 14-29-09-PM,Power Off
05-07-2026-Thu 14-29-10-PM,-0.4,2.5,0.1,2.54,-0.1,2.624,-0.4,2.644,-0.3,2.704,-0.3,2.6,-0.3,2.58,-0.1,2.484
05-07-2026-Thu 14-29-11-PM,0.0,2.384,-0.1,2.436,-0.1,2.512,-0.4,2.528,-0.3,2.628,-0.1,2.504,-0.2,2.488,-0.2,2.4
05-07-2026-Thu 14-29-13-PM,-0.5,2.308,0.1,2.356,0.1,2.44,-0.1,2.452,-0.2,2.576,-0.3,2.444,-0.2,2.424,-0.1,2.344
05-07-2026-Thu 14-29-14-PM,-0.2,2.248,0.1,2.304,-0.2,2.38,-0.4,2.392,-0.3,2.536,-0.2,2.396,-0.5,2.372,-0.2,2.296
05-07-2026-Thu 14-29-16-PM,-0.4,2.204,-0.2,2.264,-0.3,2.34,-0.2,2.348,0.0,2.504,-0.3,2.356,-0.2,2.336,-0.1,2.264
05-07-2026-Thu 14-29-17-PM,-0.2,2.16,-0.2,2.224,-0.1,2.304,-0.4,2.308,-0.4,2.476,0.0,2.32,-0.3,2.3,-0.1,2.228
05-07-2026-Thu 14-29-18-PM,0.0,2.128,0.0,2.188,-0.3,2.272,-0.2,2.276,0.0,2.452,-0.3,2.292,-0.3,2.276,0.0,2.204
05-07-2026-Thu 14-29-20-PM,-0.2,2.096,0.0,2.164,-0.4,2.244,-0.2,2.248,-0.3,2.428,0.0,2.264,0.0,2.248,-0.3,2.184
05-07-2026-Thu 14-29-21-PM,-0.1,2.072,0.0,2.136,-0.2,2.224,-0.3,2.22,-0.1,2.408,-0.4,2.24,-0.3,2.224,0.0,2.16
05-07-2026-Thu 14-29-23-PM,-0.3,2.048,0.1,2.116,-0.3,2.2,-0.2,2.2,-0.2,2.388,-0.3,2.216,0.1,2.204,-0.3,2.144
05-07-2026-Thu 14-29-24-PM,0.2,2.028,0.1,2.092,-0.1,2.18,-0.2,2.176,-0.2,2.368,-0.1,2.196,0.0,2.188,-0.3,2.124
05-07-2026-Thu 14-29-25-PM,-0.1,2.008,0.1,2.076,-0.2,2.16,-0.5,2.16,0.0,2.352,0.0,2.18,-0.4,2.172,-0.2,2.108
05-07-2026-Thu 14-29-27-PM,-0.3,1.988,-0.1,2.056,-0.1,2.148,-0.3,2.14,-0.1,2.336,0.0,2.164,0.0,2.156,-0.3,2.092
05-07-2026-Thu 14-29-28-PM,-0.2,1.972,-0.2,2.04,-0.2,2.128,-0.4,2.128,-0.2,2.324,-0.1,2.14,-0.2,2.14,-0.2,2.08
05-07-2026-Thu 14-29-30-PM,-0.1,1.956,-0.1,2.024,-0.3,2.116,-0.3,2.112,-0.1,2.308,-0.2,2.132,-0.3,2.128,0.3,2.064
05-07-2026-Thu 14-29-31-PM,0.0,1.94,-0.2,2.012,-0.2,2.1,-0.2,2.096,0.0,2.296,-0.1,2.112,-0.2,2.112,0.0,2.056
05-07-2026-Thu 14-29-32-PM,
05-07-2026-Thu 14-29-35-PM,-0.3,1.9,-0.2,1.972,-0.2,2.06,-0.2,2.064,0.0,2.264,-0.1,2.072,-0.1,2.084,-0.1,2.024
05-07-2026-Thu 14-29-38-PM,0.0,1.88,-0.1,1.956,-0.1,2.04,-0.5,2.04,-0.2,2.24,-0.2,2.044,-0.1,2.06,-0.2,2.004
05-07-2026-Thu 14-29-41-PM,-0.2,1.86,-0.2,1.936,-0.2,2.02,-0.2,2.02,0.3,2.224,-0.1,2.02,-0.1,2.044,-0.1,1.984
05-07-2026-Thu 14-29-44-PM,-0.2,1.844,-0.5,1.916,-0.1,2.004,-0.4,2.004,-0.3,2.204,-0.1,2.0,-0.2,2.024,-0.3,1.968
05-07-2026-Thu 14-29-45-PM,-0.2,1.824,0.1,1.908,-0.4,1.992,-0.2,1.988,-0.1,2.192,0.0,1.988,-0.3,2.016,-0.1,1.96
05-07-2026-Thu 14-29-47-PM,-0.4,1.816,0.0,1.9,-0.1,1.98,-0.4,1.984,-0.1,2.184,0.0,1.976,-0.3,2.008,-0.1,1.948
05-07-2026-Thu 14-29-48-PM,-0.4,1.808,0.1,1.892,-0.3,1.972,-0.2,1.976,-0.2,2.176,0.0,1.964,0.0,2.004,-0.2,1.94
05-07-2026-Thu 14-29-50-PM,-0.2,1.796,0.0,1.884,-0.2,1.964,-0.4,1.968,-0.4,2.168,0.1,1.952,0.0,1.992,0.0,1.936
05-07-2026-Thu 14-29-51-PM,-0.2,1.792,0.0,1.88,-0.2,1.956,-0.2,1.96,-0.3,2.164,-0.1,1.944,0.1,1.988,-0.1,1.928
05-07-2026-Thu 14-29-52-PM,-0.2,1.784,-0.1,1.872,-0.1,1.948,-0.1,1.952,0.0,2.152,0.1,1.936,0.0,1.98,-0.3,1.924
05-07-2026-Thu 14-29-54-PM,0.0,1.78,-0.2,1.868,-0.2,1.944,-0.4,1.948,-0.2,2.148,-0.2,1.928,-0.2,1.976,0.0,1.92
05-07-2026-Thu 14-29-55-PM,-0.1,1.768,-0.4,1.86,-0.1,1.932,-0.3,1.94,0.1,2.136,-0.2,1.92,-0.5,1.968,-0.3,1.908
05-07-2026-Thu 14-29-57-PM,-0.3,1.764,-0.2,1.848,-0.3,1.924,-0.5,1.932,0.0,2.132,-0.1,1.908,0.0,1.96,-0.2,1.904
05-07-2026-Thu 14-29-58-PM,0.0,1.752,-0.1,1.844,-0.2,1.92,-0.4,1.928,0.0,2.124,0.1,1.904,-0.3,1.956,0.0,1.896
05-07-2026-Thu 14-29-59-PM,-0.5,1.748,-0.1,1.84,-0.1,1.912,0.0,1.92,-0.3,2.12,-0.2,1.892,-0.1,1.952,0.0,1.892
05-07-2026-Thu 14-30-01-PM,0.0,1.744,0.0,1.832,-0.3,1.904,-0.4,1.916,-0.3,2.108,-0.1,1.888,0.0,1.944,-0.1,1.888
05-07-2026-Thu 14-30-02-PM,-0.2,1.736,0.0,1.828,-0.1,1.9,-0.3,1.908,-0.1,2.104,-0.1,1.876,-0.1,1.94,-0.1,1.88
05-07-2026-Thu 14-30-04-PM,0.0,1.732,0.1,1.824,-0.1,1.892,-0.2,1.908,0.1,2.096,-0.2,1.868,-0.1,1.932,0.0,1.872
05-07-2026-Thu 14-30-05-PM,0.0,1.724,0.0,1.816,-0.2,1.892,-0.3,1.9,0.0,2.096,-0.1,1.864,0.1,1.932,-0.2,1.868
05-07-2026-Thu 14-30-06-PM,-0.1,1.716,0.0,1.812,-0.1,1.884,-0.3,1.896,-0.2,2.088,-0.3,1.856,0.1,1.924,0.0,1.86
05-07-2026-Thu 14-30-08-PM,-0.1,1.712,0.0,1.808,0.1,1.88,-0.1,1.892,-0.3,2.084,-0.3,1.848,0.0,1.916,-0.3,1.856
05-07-2026-Thu 14-30-09-PM,-0.1,1.708,0.1,1.8,-0.1,1.872,-0.3,1.884,0.0,2.076,-0.1,1.844,-0.1,1.916,0.2,1.852
05-07-2026-Thu 14-30-11-PM,-0.2,1.704,-0.3,1.8,-0.4,1.864,-0.3,1.88,0.2,2.072,-0.1,1.836,-0.1,1.904,0.0,1.848
05-07-2026-Thu 14-30-12-PM,-0.2,1.696,0.0,1.796,-0.2,1.86,-0.3,1.88,0.0,2.064,-0.3,1.828,-0.4,1.904,0.0,1.844
05-07-2026-Thu 14-30-13-PM,-0.3,1.688,-0.3,1.788,-0.2,1.856,-0.4,1.872,0.0,2.056,-0.3,1.824,-0.3,1.9,0.0,1.84
05-07-2026-Thu 14-30-15-PM,Power On
05-07-2026-Thu 14-30-16-PM,0.5,5.064,0.5,5.06,0.4,5.056,0.6,5.068,0.8,5.056,0.5,5.068,0.8,5.052,0.8,5.052
05-07-2026-Thu 14-30-18-PM,0.4,5.064,0.5,5.064,0.6,5.056,0.5,5.068,0.9,5.056,0.4,5.064,0.6,5.052,0.7,5.056
05-07-2026-Thu 14-30-19-PM,0.2,5.06,0.5,5.06,0.6,5.056,0.5,5.068,0.8,5.056,0.7,5.068,0.7,5.056,0.4,5.052
05-07-2026-Thu 14-30-20-PM,0.4,5.064,0.5,5.064,0.7,5.06,0.5,5.068,0.5,5.056,0.5,5.072,0.8,5.052,0.6,5.052
05-07-2026-Thu 14-30-21-PM,Power Off
05-07-2026-Thu 14-30-23-PM,0.0,2.356,-0.3,2.436,-0.2,2.512,-0.6,2.548,0.1,2.592,-0.4,2.464,-0.3,2.476,-0.3,2.368
05-07-2026-Thu 14-30-24-PM,-0.3,2.232,-0.2,2.32,-0.5,2.396,-0.5,2.428,-0.2,2.512,0.0,2.36,0.0,2.372,0.0,2.272
05-07-2026-Thu 14-30-26-PM,-0.1,2.156,-0.2,2.248,0.0,2.324,-0.4,2.348,0.0,2.46,-0.3,2.296,-0.2,2.308,-0.3,2.216
05-07-2026-Thu 14-30-27-PM,-0.3,2.1,-0.2,2.192,-0.2,2.268,-0.1,2.292,0.0,2.42,-0.5,2.248,-0.2,2.26,0.1,2.172
05-07-2026-Thu 14-30-28-PM,-0.3,2.056,-0.1,2.148,0.2,2.224,-0.4,2.248,-0.1,2.392,-0.1,2.212,-0.1,2.228,-0.2,2.14
05-07-2026-Thu 14-30-30-PM,0.1,2.02,-0.1,2.112,-0.3,2.196,-0.3,2.208,-0.1,2.364,-0.2,2.18,0.0,2.192,-0.4,2.112
05-07-2026-Thu 14-30-31-PM,-0.3,1.988,-0.3,2.084,-0.4,2.164,-0.3,2.176,-0.1,2.336,0.0,2.152,-0.5,2.168,0.0,2.088
05-07-2026-Thu 14-30-33-PM,-0.1,1.964,-0.1,2.06,0.0,2.14,-0.2,2.152,0.1,2.316,-0.1,2.128,-0.6,2.144,0.0,2.064
05-07-2026-Thu 14-30-34-PM,-0.3,1.944,-0.1,2.04,-0.2,2.12,-0.1,2.128,0.0,2.296,-0.1,2.104,-0.4,2.124,-0.2,2.048
05-07-2026-Thu 14-30-35-PM,-0.1,1.92,0.1,2.016,-0.1,2.096,-0.2,2.108,0.0,2.28,0.1,2.08,0.0,2.104,-0.1,2.028
05-07-2026-Thu 14-30-37-PM,-0.2,1.9,0.1,1.996,-0.1,2.076,-0.1,2.088,-0.1,2.268,0.0,2.064,0.2,2.088,-0.3,2.016
05-07-2026-Thu 14-30-38-PM,0.0,1.884,-0.4,1.98,-0.1,2.06,-0.3,2.076,-0.1,2.252,-0.4,2.048,0.0,2.076,-0.3,2.004
05-07-2026-Thu 14-30-40-PM,0.1,1.868,-0.1,1.964,-0.4,2.048,-0.4,2.056,-0.1,2.236,-0.2,2.032,0.0,2.06,-0.1,1.988
05-07-2026-Thu 14-30-41-PM,-0.2,1.852,-0.1,1.952,-0.2,2.036,-0.3,2.044,-0.2,2.224,-0.1,2.02,0.0,2.044,-0.2,1.98
05-07-2026-Thu 14-30-42-PM,-0.2,1.84,-0.2,1.936,-0.1,2.02,-0.3,2.032,-0.1,2.212,-0.2,2.0,-0.3,2.036,0.0,1.964
05-07-2026-Thu 14-30-44-PM,-0.3,1.828,-0.2,1.928,0.0,2.004,-0.1,2.016,-0.1,2.2,-0.3,1.992,-0.2,2.024,-0.2,1.956
05-07-2026-Thu 14-30-45-PM,-0.2,1.816,-0.1,1.916,-0.1,1.992,-0.2,2.008,0.1,2.188,0.2,1.976,0.0,2.012,-0.3,1.944
05-07-2026-Thu 14-30-47-PM,-0.3,1.804,0.1,1.904,-0.2,1.984,-0.3,1.992,0.0,2.18,0.0,1.964,0.2,2.0,-0.1,1.94
05-07-2026-Thu 14-30-48-PM,0.0,1.792,0.0,1.896,-0.1,1.972,-0.2,1.988,-0.3,2.172,-0.1,1.952,-0.1,1.992,-0.1,1.928
05-07-2026-Thu 14-30-49-PM,-0.2,1.78,0.0,1.884,-0.2,1.96,-0.3,1.976,-0.2,2.156,0.1,1.94,0.0,1.984,0.0,1.916
05-07-2026-Thu 14-30-51-PM,-0.2,1.772,-0.1,1.876,-0.3,1.952,-0.2,1.968,-0.1,2.152,0.0,1.928,-0.1,1.976,0.0,1.908
05-07-2026-Thu 14-30-52-PM,-0.2,1.76,0.0,1.864,-0.3,1.944,-0.1,1.96,-0.2,2.14,-0.1,1.916,-0.1,1.968,-0.2,1.9
05-07-2026-Thu 14-30-54-PM,-0.4,1.756,-0.1,1.86,-0.2,1.932,-0.2,1.948,0.2,2.132,0.2,1.908,-0.2,1.96,-0.5,1.892
05-07-2026-Thu 14-30-55-PM,-0.1,1.748,-0.3,1.848,-0.2,1.924,-0.2,1.944,-0.2,2.128,-0.1,1.9,-0.3,1.952,-0.3,1.888
05-07-2026-Thu 14-30-56-PM,0.0,1.736,0.0,1.844,0.0,1.916,-0.4,1.936,0.0,2.116,-0.2,1.892,-0.1,1.944,-0.3,1.88
05-07-2026-Thu 14-30-58-PM,-0.2,1.732,0.0,1.836,-0.2,1.912,-0.1,1.924,-0.1,2.108,-0.2,1.88,0.0,1.94,-0.1,1.872
05-07-2026-Thu 14-30-59-PM,-0.1,1.724,0.0,1.828,-0.2,1.904,-0.3,1.92,-0.2,2.104,0.1,1.872,-0.3,1.932,-0.2,1.868
05-07-2026-Thu 14-31-01-PM,0.0,1.72,0.1,1.82,0.0,1.892,-0.2,1.912,0.1,2.092,-0.1,1.864,-0.3,1.928,0.0,1.86
05-07-2026-Thu 14-31-02-PM,-0.2,1.712,-0.3,1.816,-0.1,1.888,-0.3,1.904,-0.4,2.088,-0.2,1.852,-0.1,1.92,0.0,1.852
05-07-2026-Thu 14-31-03-PM,-0.2,1.7,-0.2,1.808,-0.3,1.88,-0.4,1.9,-0.2,2.08,-0.2,1.848,0.0,1.912,-0.3,1.848
05-07-2026-Thu 14-31-05-PM,-0.4,1.696,-0.3,1.804,-0.3,1.872,-0.5,1.896,-0.3,2.076,-0.3,1.836,-0.3,1.904,-0.1,1.84
05-07-2026-Thu 14-31-06-PM,-0.1,1.688,-0.1,1.8,-0.4,1.868,-0.3,1.888,-0.2,2.068,-0.1,1.828,-0.1,1.9,-0.2,1.836
05-07-2026-Thu 14-31-08-PM,0.0,1.684,-0.2,1.796,-0.1,1.856,-0.1,1.88,-0.2,2.06,0.0,1.82,-0.1,1.892,-0.2,1.832
05-07-2026-Thu 14-31-09-PM,Power On
05-07-2026-Thu 14-31-10-PM,0.6,5.064,0.5,5.064,0.5,5.056,0.6,5.068,0.7,5.06,0.6,5.068,0.6,5.048,0.6,5.056
05-07-2026-Thu 14-31-12-PM,0.0,5.064,0.3,5.06,0.6,5.056,0.4,5.072,0.7,5.056,0.6,5.068,0.7,5.048,0.2,5.052
05-07-2026-Thu 14-31-13-PM,0.3,5.064,0.5,5.064,0.3,5.056,0.5,5.068,0.5,5.06,0.4,5.068,0.4,5.052,0.7,5.056
05-07-2026-Thu 14-31-14-PM,0.2,5.064,0.5,5.064,0.6,5.06,0.5,5.068,0.5,5.056,0.5,5.068,0.4,5.052,0.5,5.052
05-07-2026-Thu 14-31-16-PM,0.1,5.064,0.6,5.06,0.3,5.056,0.5,5.068,0.7,5.06,0.3,5.068,0.5,5.052,0.4,5.052
05-07-2026-Thu 14-31-17-PM,0.0,5.064,0.4,5.06,0.3,5.06,0.5,5.068,0.7,5.056,0.4,5.068,0.5,5.052,0.5,5.052
05-07-2026-Thu 14-31-18-PM,Power Off
05-07-2026-Thu 14-31-20-PM,-0.2,2.4,0.1,2.48,0.0,2.56,-0.4,2.604,-0.5,2.64,-0.2,2.508,0.1,2.512,0.1,2.4
05-07-2026-Thu 14-31-21-PM,-0.2,2.276,-0.2,2.368,-0.4,2.444,-0.2,2.484,-0.1,2.56,0.0,2.408,-0.1,2.416,-0.2,2.312
05-07-2026-Thu 14-31-22-PM,-0.2,2.196,-0.1,2.292,-0.1,2.368,-0.2,2.404,-0.1,2.508,-0.2,2.348,-0.2,2.348,0.0,2.252
05-07-2026-Thu 14-31-24-PM,-0.2,2.144,-0.1,2.24,-0.2,2.312,-0.3,2.344,0.1,2.464,-0.2,2.296,-0.2,2.304,-0.1,2.208
05-07-2026-Thu 14-31-25-PM,-0.1,2.096,0.1,2.192,-0.1,2.268,-0.3,2.296,-0.2,2.432,0.0,2.256,-0.2,2.264,0.0,2.172
05-07-2026-Thu 14-31-27-PM,-0.2,2.06,-0.3,2.156,-0.4,2.236,-0.5,2.256,0.0,2.4,-0.1,2.22,-0.3,2.228,-0.2,2.144
05-07-2026-Thu 14-31-28-PM,0.0,2.024,-0.3,2.124,0.0,2.204,-0.2,2.224,-0.2,2.376,0.1,2.192,-0.3,2.2,-0.1,2.116
05-07-2026-Thu 14-31-29-PM,0.2,2.0,-0.3,2.096,-0.2,2.176,-0.3,2.196,-0.3,2.356,-0.1,2.164,-0.2,2.176,-0.2,2.096
05-07-2026-Thu 14-31-31-PM,-0.1,1.972,0.1,2.072,-0.3,2.148,-0.4,2.168,0.2,2.336,-0.2,2.144,-0.2,2.152,-0.4,2.076
05-07-2026-Thu 14-31-32-PM,-0.3,1.948,0.0,2.052,-0.1,2.132,-0.2,2.148,0.0,2.316,-0.3,2.12,-0.3,2.132,-0.2,2.056
05-07-2026-Thu 14-31-34-PM,-0.5,1.924,-0.2,2.032,-0.1,2.108,-0.2,2.128,-0.2,2.3,-0.1,2.1,-0.2,2.116,-0.2,2.04
05-07-2026-Thu 14-31-35-PM,-0.1,1.908,-0.1,2.012,-0.2,2.092,-0.1,2.112,-0.3,2.284,-0.2,2.08,-0.2,2.104,-0.1,2.024
05-07-2026-Thu 14-31-36-PM,-0.2,1.892,-0.2,1.992,-0.3,2.076,-0.4,2.092,-0.4,2.272,-0.2,2.064,-0.1,2.084,-0.3,2.012
05-07-2026-Thu 14-31-38-PM,-0.1,1.88,0.0,1.976,-0.2,2.06,-0.4,2.08,0.0,2.252,-0.3,2.048,0.0,2.068,-0.1,2.0
05-07-2026-Thu 14-31-39-PM,-0.3,1.86,-0.2,1.964,-0.1,2.044,-0.2,2.064,0.0,2.24,-0.1,2.032,-0.5,2.056,-0.1,1.984
05-07-2026-Thu 14-31-41-PM,-0.2,1.852,-0.2,1.952,0.1,2.032,-0.3,2.052,-0.1,2.228,0.1,2.02,-0.4,2.044,0.1,1.972
05-07-2026-Thu 14-31-42-PM,-0.4,1.836,-0.1,1.936,-0.2,2.02,-0.3,2.036,-0.3,2.22,-0.1,2.008,-0.1,2.032,0.0,1.96
05-07-2026-Thu 14-31-43-PM,-0.1,1.824,0.0,1.928,-0.2,2.008,-0.1,2.024,-0.2,2.204,-0.1,1.992,-0.5,2.024,0.2,1.952
05-07-2026-Thu 14-31-45-PM,-0.3,1.812,-0.3,1.916,-0.2,1.992,-0.4,2.012,0.1,2.196,-0.1,1.976,-0.1,2.012,-0.1,1.94
05-07-2026-Thu 14-31-46-PM,-0.2,1.8,0.1,1.904,-0.3,1.984,-0.3,2.0,-0.1,2.184,-0.2,1.968,0.0,2.0,-0.4,1.932
05-07-2026-Thu 14-31-48-PM,0.0,1.788,-0.3,1.896,-0.1,1.972,-0.2,1.992,0.0,2.176,-0.1,1.956,-0.1,1.996,-0.2,1.924
05-07-2026-Thu 14-31-50-PM,-0.2,1.772,-0.1,1.876,-0.4,1.952,-0.5,1.972,-0.2,2.156,0.0,1.936,0.1,1.976,-0.2,1.908
05-07-2026-Thu 14-31-53-PM,-0.3,1.752,0.1,1.856,0.0,1.936,-0.2,1.956,-0.4,2.14,0.0,1.912,-0.1,1.96,-0.2,1.892
05-07-2026-Thu 14-31-56-PM,-0.5,1.736,-0.1,1.844,0.0,1.916,-0.4,1.936,0.2,2.124,-0.1,1.892,-0.2,1.944,-0.3,1.876
05-07-2026-Thu 14-31-59-PM,0.0,1.72,-0.1,1.832,-0.4,1.9,-0.2,1.928,0.2,2.104,-0.2,1.876,-0.4,1.932,0.1,1.864
05-07-2026-Thu 14-32-01-PM,-0.2,1.712,-0.3,1.82,-0.2,1.892,-0.6,1.916,0.1,2.092,0.1,1.86,-0.3,1.92,-0.1,1.852
05-07-2026-Thu 14-32-02-PM,0.0,1.704,-0.3,1.816,-0.1,1.884,-0.3,1.912,0.0,2.088,-0.1,1.852,-0.3,1.916,-0.2,1.848
05-07-2026-Thu 14-32-03-PM,-0.4,1.696,-0.1,1.808,-0.1,1.876,0.0,1.904,-0.4,2.08,-0.1,1.848,-0.1,1.908,0.0,1.844
05-07-2026-Thu 14-32-05-PM,-0.2,1.692,-0.1,1.804,-0.4,1.868,-0.2,1.892,0.0,2.076,0.0,1.836,-0.2,1.9,-0.1,1.836
05-07-2026-Thu 14-32-06-PM,0.0,1.684,-0.1,1.792,-0.1,1.864,-0.2,1.888,-0.1,2.072,-0.3,1.828,-0.3,1.896,-0.2,1.832
05-07-2026-Thu 14-32-08-PM,-0.4,1.676,-0.3,1.788,0.1,1.856,-0.5,1.884,-0.2,2.06,-0.1,1.824,0.0,1.892,0.0,1.82
05-07-2026-Thu 14-32-09-PM,0.0,1.672,-0.1,1.784,-0.3,1.848,-0.1,1.876,-0.2,2.056,-0.3,1.812,0.0,1.884,-0.1,1.82
05-07-2026-Thu 14-32-10-PM,-0.1,1.668,-0.3,1.776,-0.2,1.848,-0.3,1.872,-0.1,2.048,0.0,1.808,-0.1,1.88,0.1,1.816
05-07-2026-Thu 14-32-12-PM,-0.5,1.664,-0.1,1.772,-0.1,1.836,-0.4,1.868,-0.1,2.044,-0.2,1.8,-0.1,1.876,0.0,1.808
05-07-2026-Thu 14-32-13-PM,-0.2,1.656,-0.3,1.764,-0.3,1.832,-0.2,1.864,-0.3,2.036,0.0,1.792,-0.1,1.868,-0.2,1.804
05-07-2026-Thu 14-32-14-PM,-0.4,1.648,0.0,1.764,-0.2,1.824,-0.3,1.856,-0.1,2.028,-0.1,1.788,0.0,1.864,-0.2,1.8
05-07-2026-Thu 14-32-16-PM,-0.3,1.648,-0.3,1.756,-0.1,1.816,-0.3,1.848,-0.2,2.02,-0.1,1.78,-0.3,1.856,-0.1,1.792
05-07-2026-Thu 14-32-18-PM,-0.4,1.636,-0.1,1.752,-0.4,1.812,-0.4,1.844,-0.4,2.016,-0.2,1.772,-0.2,1.856,0.1,1.788
05-07-2026-Thu 14-32-19-PM,-0.2,1.632,-0.1,1.744,-0.1,1.808,-0.4,1.844,-0.1,2.012,0.1,1.768,-0.3,1.848,0.2,1.784
05-07-2026-Thu 14-32-20-PM,-0.4,1.628,0.2,1.744,-0.2,1.804,-0.2,1.832,-0.2,2.008,-0.2,1.76,-0.2,1.844,-0.2,1.78
05-07-2026-Thu 14-32-22-PM,-0.5,1.624,0.0,1.74,0.0,1.8,-0.3,1.832,-0.1,2.0,-0.1,1.756,-0.3,1.84,-0.1,1.776
05-07-2026-Thu 14-32-23-PM,-0.2,1.624,-0.3,1.736,-0.2,1.792,-0.4,1.828,0.0,1.996,0.1,1.748,0.2,1.836,0.0,1.772
05-07-2026-Thu 14-32-25-PM,-0.3,1.616,-0.1,1.728,0.0,1.788,-0.3,1.82,0.0,1.992,0.0,1.744,-0.2,1.832,0.1,1.768
05-07-2026-Thu 14-32-26-PM,-0.3,1.608,-0.3,1.728,-0.2,1.78,-0.2,1.816,-0.2,1.988,-0.1,1.736,0.0,1.828,0.0,1.764
05-07-2026-Thu 14-32-27-PM,-0.3,1.608,-0.2,1.724,-0.3,1.78,-0.4,1.812,0.0,1.98,-0.2,1.732,-0.4,1.824,-0.1,1.76
05-07-2026-Thu 14-32-29-PM,Power On
05-07-2026-Thu 14-32-30-PM,0.2,5.064,0.7,5.06,0.5,5.056,0.5,5.068,0.8,5.056,0.7,5.068,0.7,5.052,0.6,5.052
05-07-2026-Thu 14-32-31-PM,0.2,5.064,0.3,5.064,0.3,5.056,0.4,5.068,0.6,5.056,0.4,5.068,0.5,5.052,0.4,5.052
05-07-2026-Thu 14-32-33-PM,-0.1,5.064,0.5,5.064,0.2,5.056,0.7,5.068,0.2,5.06,0.3,5.068,0.5,5.052,0.3,5.052
05-07-2026-Thu 14-32-36-PM,Power Off
05-07-2026-Thu 14-32-39-PM,-0.3,2.144,-0.5,2.248,0.1,2.32,-0.3,2.38,0.0,2.436,-0.2,2.268,-0.2,2.304,-0.2,2.188
05-07-2026-Thu 14-32-40-PM,-0.3,2.072,-0.5,2.18,-0.5,2.248,-0.1,2.3,-0.3,2.384,-0.1,2.2,-0.3,2.24,0.2,2.136
05-07-2026-Thu 14-32-41-PM,-0.2,2.02,-0.2,2.128,-0.1,2.196,-0.1,2.24,0.1,2.344,-0.2,2.156,-0.4,2.188,-0.3,2.092
05-07-2026-Thu 14-32-43-PM,-0.2,1.972,-0.4,2.084,-0.4,2.152,-0.3,2.2,-0.2,2.312,-0.1,2.12,-0.4,2.152,-0.2,2.056
05-07-2026-Thu 14-32-44-PM,-0.1,1.94,-0.3,2.052,-0.1,2.12,-0.3,2.164,-0.1,2.288,-0.1,2.084,-0.1,2.12,0.0,2.032
05-07-2026-Thu 14-32-46-PM,0.0,1.908,0.0,2.02,0.0,2.092,-0.7,2.132,0.0,2.268,-0.3,2.056,-0.3,2.096,-0.1,2.008
05-07-2026-Thu 14-32-47-PM,0.0,1.884,-0.1,1.996,-0.1,2.068,-0.2,2.104,-0.2,2.244,-0.1,2.032,-0.2,2.072,0.0,1.988
05-07-2026-Thu 14-32-48-PM,-0.3,1.86,-0.3,1.976,-0.2,2.044,-0.4,2.08,-0.1,2.224,-0.1,2.008,0.0,2.052,-0.4,1.972
05-07-2026-Thu 14-32-50-PM,-0.1,1.84,-0.5,1.952,-0.1,2.024,-0.2,2.06,0.0,2.208,-0.1,1.992,-0.1,2.032,-0.2,1.956
05-07-2026-Thu 14-32-51-PM,-0.3,1.82,-0.1,1.936,-0.4,2.004,-0.2,2.044,-0.1,2.196,-0.1,1.972,0.0,2.016,-0.1,1.94
05-07-2026-Thu 14-32-53-PM,0.1,1.804,-0.3,1.92,-0.2,1.992,0.0,2.024,0.0,2.18,-0.3,1.956,-0.1,2.0,-0.3,1.928
05-07-2026-Thu 14-32-54-PM,-0.4,1.788,0.0,1.904,-0.3,1.972,-0.2,2.012,-0.1,2.168,-0.1,1.94,-0.3,1.988,-0.1,1.912
05-07-2026-Thu 14-32-55-PM,0.0,1.776,0.1,1.892,-0.1,1.96,-0.4,1.996,-0.2,2.152,-0.1,1.928,0.0,1.976,-0.2,1.9
05-07-2026-Thu 14-32-57-PM,-0.2,1.764,-0.2,1.88,-0.4,1.948,-0.2,1.98,-0.1,2.14,-0.2,1.912,0.0,1.964,-0.2,1.892
05-07-2026-Thu 14-32-58-PM,-0.3,1.752,-0.3,1.868,-0.2,1.94,-0.3,1.972,-0.1,2.128,-0.2,1.904,0.1,1.956,-0.1,1.876
05-07-2026-Thu 14-32-59-PM,-0.1,1.74,0.0,1.856,-0.3,1.924,-0.3,1.956,-0.2,2.12,-0.1,1.892,-0.2,1.94,0.0,1.868
05-07-2026-Thu 14-33-01-PM,0.0,1.728,0.0,1.848,-0.2,1.916,-0.1,1.948,-0.1,2.112,-0.2,1.876,-0.1,1.94,-0.1,1.864
05-07-2026-Thu 14-33-02-PM,-0.1,1.72,0.1,1.836,-0.1,1.904,-0.2,1.936,0.3,2.1,0.0,1.868,-0.2,1.924,-0.1,1.856
05-07-2026-Thu 14-33-04-PM,-0.3,1.708,0.0,1.824,-0.5,1.892,-0.2,1.928,-0.4,2.092,-0.1,1.856,0.0,1.912,-0.2,1.844
05-07-2026-Thu 14-33-05-PM,-0.3,1.7,-0.1,1.816,-0.2,1.88,-0.2,1.92,-0.1,2.08,-0.1,1.848,-0.2,1.908,-0.2,1.836
05-07-2026-Thu 14-33-06-PM,-0.3,1.692,0.0,1.808,-0.2,1.876,-0.2,1.908,-0.1,2.076,-0.3,1.836,-0.2,1.9,-0.3,1.828
05-07-2026-Thu 14-33-08-PM,-0.3,1.688,-0.1,1.8,-0.1,1.868,-0.2,1.9,-0.3,2.064,0.0,1.824,-0.3,1.892,-0.2,1.824
05-07-2026-Thu 14-33-09-PM,-0.3,1.676,0.0,1.792,-0.1,1.86,-0.2,1.896,-0.2,2.056,0.1,1.816,-0.1,1.888,-0.1,1.816
05-07-2026-Thu 14-33-10-PM,Power On
05-07-2026-Thu 14-33-12-PM,0.2,5.064,0.5,5.064,0.5,5.056,0.3,5.068,0.7,5.056,0.6,5.068,0.5,5.052,0.2,5.056
05-07-2026-Thu 14-33-13-PM,0.2,5.064,0.6,5.064,0.5,5.06,0.5,5.068,0.5,5.056,0.6,5.068,0.4,5.056,0.2,5.052
05-07-2026-Thu 14-33-15-PM,0.1,5.064,0.2,5.064,0.2,5.06,0.4,5.068,0.7,5.06,0.7,5.072,0.5,5.056,0.3,5.056
05-07-2026-Thu 14-33-16-PM,0.1,5.064,0.3,5.064,0.5,5.06,0.3,5.072,0.5,5.06,0.5,5.068,0.5,5.056,0.4,5.052
05-07-2026-Thu 14-33-17-PM,Power Off
05-07-2026-Thu 14-33-19-PM,-0.3,2.276,-0.4,2.368,-0.3,2.452,-0.5,2.52,-0.2,2.536,-0.4,2.384,-0.1,2.404,-0.1,2.288
05-07-2026-Thu 14-33-20-PM,-0.2,2.156,0.0,2.26,-0.4,2.34,-0.4,2.404,0.0,2.452,-0.1,2.288,-0.1,2.312,0.0,2.2
05-07-2026-Thu 14-33-21-PM,-0.3,2.088,-0.3,2.192,-0.1,2.268,0.1,2.324,-0.2,2.4,-0.1,2.224,-0.1,2.248,-0.2,2.148
05-07-2026-Thu 14-33-23-PM,-0.3,2.032,-0.2,2.14,-0.3,2.216,-0.4,2.264,-0.1,2.364,-0.2,2.176,-0.1,2.2,-0.2,2.104
05-07-2026-Thu 14-33-24-PM,-0.1,1.988,-0.3,2.096,-0.3,2.172,-0.2,2.22,-0.3,2.332,-0.2,2.14,-0.4,2.168,-0.1,2.072
05-07-2026-Thu 14-33-26-PM,-0.1,1.956,-0.1,2.064,-0.1,2.136,-0.3,2.18,0.1,2.304,-0.4,2.104,0.0,2.132,-0.1,2.044
05-07-2026-Thu 14-33-27-PM,-0.1,1.928,-0.1,2.036,-0.3,2.112,-0.1,2.148,-0.2,2.28,-0.2,2.08,0.0,2.104,-0.2,2.02
05-07-2026-Thu 14-33-28-PM,-0.1,1.896,0.0,2.008,-0.1,2.084,-0.3,2.124,0.0,2.26,-0.2,2.056,-0.4,2.08,0.0,2.0
05-07-2026-Thu 14-33-30-PM,-0.3,1.876,-0.2,1.988,-0.2,2.064,-0.5,2.1,-0.1,2.244,-0.2,2.032,-0.4,2.068,-0.2,1.984
05-07-2026-Thu 14-33-31-PM,-0.1,1.856,-0.3,1.968,-0.3,2.04,-0.2,2.08,0.0,2.228,-0.2,2.012,0.1,2.048,-0.2,1.964
05-07-2026-Thu 14-33-33-PM,-0.3,1.84,-0.1,1.948,-0.4,2.02,-0.3,2.064,-0.1,2.212,0.1,1.996,-0.3,2.028,-0.3,1.948
05-07-2026-Thu 14-33-34-PM,-0.1,1.82,-0.1,1.932,-0.3,2.008,-0.5,2.044,0.1,2.196,-0.2,1.976,0.1,2.012,-0.1,1.936
05-07-2026-Thu 14-33-35-PM,-0.3,1.808,-0.1,1.916,-0.1,1.992,-0.2,2.028,-0.4,2.18,-0.3,1.96,-0.3,2.0,-0.2,1.924
05-07-2026-Thu 14-33-37-PM,-0.2,1.788,-0.3,1.904,-0.3,1.976,-0.2,2.016,-0.3,2.168,-0.2,1.944,-0.1,1.984,-0.2,1.912
05-07-2026-Thu 14-33-40-PM,-0.3,1.764,-0.1,1.88,-0.2,1.952,-0.5,1.984,0.2,2.144,-0.1,1.92,-0.3,1.964,-0.2,1.888
05-07-2026-Thu 14-33-42-PM,-0.4,1.744,-0.2,1.856,-0.1,1.924,-0.4,1.964,0.0,2.124,-0.2,1.892,0.1,1.944,-0.1,1.868
05-07-2026-Thu 14-33-44-PM,-0.2,1.724,-0.1,1.844,-0.4,1.908,-0.3,1.948,-0.1,2.108,-0.2,1.88,0.0,1.928,-0.4,1.856
05-07-2026-Thu 14-33-46-PM,0.0,1.72,0.0,1.828,-0.2,1.9,-0.2,1.94,-0.3,2.1,-0.1,1.868,0.1,1.92,-0.2,1.848
05-07-2026-Thu 14-33-47-PM,0.0,1.708,-0.2,1.82,-0.2,1.892,-0.1,1.928,-0.2,2.092,-0.2,1.856,-0.2,1.912,0.2,1.84
05-07-2026-Thu 14-33-49-PM,-0.3,1.7,-0.1,1.812,0.3,1.884,-0.4,1.92,0.0,2.084,-0.3,1.848,-0.1,1.904,-0.3,1.836
05-07-2026-Thu 14-33-50-PM,0.0,1.692,-0.3,1.804,-0.1,1.876,-0.3,1.912,-0.2,2.072,-0.1,1.84,-0.1,1.896,-0.2,1.828
05-07-2026-Thu 14-33-51-PM,-0.1,1.684,-0.3,1.796,-0.3,1.864,-0.2,1.908,-0.1,2.068,0.2,1.828,0.0,1.888,-0.1,1.82
05-07-2026-Thu 14-33-53-PM,-0.4,1.676,-0.2,1.792,-0.4,1.852,-0.3,1.9,0.0,2.06,-0.1,1.82,-0.1,1.884,-0.3,1.812
05-07-2026-Thu 14-33-54-PM,-0.2,1.672,0.0,1.784,-0.2,1.848,-0.2,1.892,-0.3,2.052,-0.1,1.812,0.0,1.872,-0.3,1.808
05-07-2026-Thu 14-33-56-PM,0.0,1.66,0.0,1.776,-0.4,1.836,-0.3,1.88,0.0,2.04,-0.2,1.8,0.1,1.864,-0.1,1.796
05-07-2026-Thu 14-33-57-PM,0.0,1.652,0.0,1.768,-0.3,1.832,-0.1,1.872,-0.2,2.036,-0.4,1.792,0.0,1.86,-0.2,1.796
05-07-2026-Thu 14-33-59-PM,-0.2,1.648,0.0,1.76,-0.4,1.824,-0.6,1.864,-0.3,2.028,-0.1,1.784,-0.1,1.852,0.0,1.788
05-07-2026-Thu 14-34-00-PM,-0.2,1.636,-0.1,1.756,-0.1,1.82,-0.5,1.86,-0.1,2.02,0.0,1.776,-0.2,1.844,0.0,1.784
05-07-2026-Thu 14-34-02-PM,-0.1,1.636,-0.2,1.752,-0.2,1.812,-0.4,1.852,0.1,2.016,0.0,1.768,-0.2,1.844,-0.2,1.776
05-07-2026-Thu 14-34-03-PM,-0.1,1.628,-0.2,1.744,-0.1,1.8,-0.3,1.848,-0.1,2.008,0.0,1.76,-0.1,1.836,-0.1,1.772
05-07-2026-Thu 14-34-04-PM,-0.1,1.624,0.1,1.74,-0.2,1.8,0.0,1.844,0.0,2.0,0.1,1.752,-0.4,1.828,-0.3,1.764
05-07-2026-Thu 14-34-06-PM,-0.3,1.616,0.0,1.732,-0.1,1.792,-0.3,1.836,0.0,1.996,-0.2,1.744,-0.1,1.828,-0.1,1.76
05-07-2026-Thu 14-34-07-PM,-0.2,1.612,0.1,1.728,-0.3,1.788,-0.3,1.832,-0.2,1.988,-0.2,1.74,-0.5,1.82,-0.1,1.756
05-07-2026-Thu 14-34-09-PM,-0.3,1.604,-0.2,1.724,-0.1,1.784,-0.2,1.824,0.3,1.984,0.0,1.732,-0.4,1.816,-0.3,1.752
05-07-2026-Thu 14-34-10-PM,-0.3,1.604,0.0,1.72,-0.2,1.772,-0.2,1.824,-0.2,1.976,-0.1,1.728,-0.3,1.812,-0.2,1.744
05-07-2026-Thu 14-34-11-PM,-0.2,1.596,-0.4,1.716,-0.2,1.768,-0.1,1.816,-0.2,1.972,-0.2,1.724,-0.1,1.808,-0.2,1.74
05-07-2026-Thu 14-34-13-PM,-0.3,1.592,0.0,1.708,0.1,1.764,-0.1,1.812,-0.1,1.964,0.2,1.716,-0.3,1.804,0.0,1.736
05-07-2026-Thu 14-34-14-PM,-0.2,1.588,0.0,1.704,0.1,1.76,-0.3,1.808,0.0,1.96,-0.2,1.708,0.0,1.796,-0.1,1.732
05-07-2026-Thu 14-34-15-PM,-0.2,1.58,0.0,1.7,-0.3,1.756,-0.1,1.8,-0.4,1.956,-0.1,1.704,-0.1,1.792,0.0,1.732
05-07-2026-Thu 14-34-17-PM,-0.3,1.58,-0.1,1.696,-0.2,1.748,-0.1,1.8,0.0,1.952,-0.1,1.7,-0.1,1.788,-0.3,1.728
05-07-2026-Thu 14-34-18-PM,-0.1,1.572,-0.2,1.692,-0.3,1.744,-0.1,1.792,-0.3,1.944,0.0,1.692,0.0,1.784,-0.2,1.72
05-07-2026-Thu 14-34-20-PM,-0.3,1.572,-0.1,1.688,-0.1,1.74,-0.1,1.788,-0.1,1.94,-0.3,1.688,-0.4,1.784,-0.2,1.716
05-07-2026-Thu 14-34-21-PM,-0.5,1.568,0.0,1.684,-0.1,1.736,-0.4,1.78,0.1,1.936,-0.2,1.68,-0.3,1.776,-0.1,1.712
05-07-2026-Thu 14-34-22-PM,-0.2,1.56,-0.1,1.68,-0.1,1.732,-0.1,1.78,0.0,1.932,-0.1,1.676,-0.2,1.772,-0.1,1.708
05-07-2026-Thu 14-34-24-PM,-0.2,1.56,-0.1,1.676,0.0,1.724,0.0,1.776,0.0,1.924,0.0,1.672,-0.1,1.772,-0.1,1.704
05-07-2026-Thu 14-34-25-PM,-0.2,1.556,-0.1,1.672,-0.4,1.72,0.0,1.772,-0.2,1.92,-0.1,1.668,0.1,1.768,-0.1,1.7
05-07-2026-Thu 14-34-27-PM,0.1,1.548,-0.2,1.668,0.0,1.716,-0.4,1.764,0.0,1.916,0.0,1.664,0.0,1.76,0.0,1.696
05-07-2026-Thu 14-34-28-PM,0.0,1.548,-0.1,1.664,-0.1,1.712,-0.1,1.764,-0.1,1.908,0.0,1.656,-0.1,1.76,-0.1,1.692
05-07-2026-Thu 14-34-29-PM,-0.2,1.544,-0.2,1.668,-0.1,1.708,-0.3,1.76,0.0,1.908,-0.3,1.652,-0.3,1.756,-0.1,1.692
05-07-2026-Thu 14-34-31-PM,-0.4,1.54,0.0,1.66,-0.3,1.704,-0.3,1.756,-0.1,1.904,0.1,1.648,0.0,1.752,0.0,1.688
05-07-2026-Thu 14-34-32-PM,-0.3,1.536,-0.2,1.652,-0.2,1.7,-0.2,1.752,-0.1,1.9,-0.2,1.648,0.0,1.748,-0.1,1.68
05-07-2026-Thu 14-34-34-PM,0.1,1.532,-0.1,1.656,0.0,1.7,-0.2,1.752,0.1,1.892,-0.1,1.64,-0.1,1.744,0.1,1.68
05-07-2026-Thu 14-34-35-PM,-0.3,1.528,-0.3,1.652,-0.2,1.696,-0.1,1.744,-0.3,1.892,0.0,1.636,-0.3,1.74,-0.3,1.68
05-07-2026-Thu 14-34-36-PM,-0.3,1.524,-0.1,1.648,-0.2,1.692,-0.5,1.744,-0.2,1.884,-0.2,1.632,0.0,1.74,0.0,1.676
05-07-2026-Thu 14-34-38-PM,-0.2,1.524,-0.1,1.644,-0.4,1.688,-0.2,1.74,-0.3,1.88,-0.1,1.628,-0.3,1.736,-0.1,1.672
05-07-2026-Thu 14-34-39-PM,-0.2,1.52,-0.2,1.644,-0.3,1.68,-0.2,1.736,-0.4,1.88,0.0,1.624,-0.2,1.736,0.0,1.668
05-07-2026-Thu 14-34-41-PM,-0.2,1.52,-0.2,1.636,0.0,1.68,-0.4,1.732,-0.2,1.876,-0.2,1.62,-0.1,1.728,0.1,1.668
05-07-2026-Thu 14-34-42-PM,-0.1,1.516,-0.5,1.636,-0.3,1.676,-0.3,1.732,0.1,1.872,-0.1,1.62,0.0,1.724,0.0,1.664
05-07-2026-Thu 14-34-43-PM,-0.4,1.512,-0.2,1.632,-0.3,1.672,-0.3,1.728,0.0,1.864,-0.3,1.612,0.1,1.724,-0.3,1.664
05-07-2026-Thu 14-34-45-PM,-0.2,1.508,-0.2,1.632,-0.2,1.668,-0.3,1.724,-0.4,1.864,-0.2,1.608,0.1,1.724,-0.3,1.66
05-07-2026-Thu 14-34-46-PM,-0.1,1.508,-0.1,1.628,-0.1,1.664,-0.2,1.72,-0.1,1.856,-0.1,1.608,-0.2,1.716,-0.3,1.656
05-07-2026-Thu 14-34-48-PM,-0.4,1.504,-0.2,1.628,-0.1,1.664,-0.5,1.72,-0.1,1.852,-0.2,1.6,-0.2,1.712,0.0,1.652
05-07-2026-Thu 14-34-49-PM,-0.3,1.5,-0.1,1.624,-0.3,1.656,-0.3,1.716,-0.3,1.852,-0.2,1.596,-0.2,1.708,-0.1,1.648
05-07-2026-Thu 14-34-50-PM,-0.3,1.496,-0.3,1.62,-0.3,1.656,-0.2,1.712,0.1,1.848,-0.3,1.596,-0.1,1.708,-0.1,1.644
05-07-2026-Thu 14-34-52-PM,-0.2,1.496,-0.1,1.616,0.0,1.652,-0.3,1.708,0.0,1.844,-0.3,1.592,-0.5,1.704,0.1,1.644
05-07-2026-Thu 14-34-53-PM,-0.1,1.492,-0.1,1.616,-0.1,1.648,-0.2,1.708,-0.4,1.84,-0.2,1.588,-0.4,1.704,-0.1,1.64
05-07-2026-Thu 14-34-54-PM,-0.2,1.492,0.0,1.612,-0.1,1.644,-0.3,1.708,-0.1,1.84,0.1,1.584,0.1,1.7,-0.1,1.64
05-07-2026-Thu 14-34-56-PM,-0.1,1.488,-0.4,1.608,-0.2,1.644,-0.4,1.708,0.2,1.832,-0.2,1.58,-0.3,1.696,0.0,1.636
05-07-2026-Thu 14-34-57-PM,-0.3,1.488,-0.3,1.612,-0.2,1.64,-0.4,1.704,-0.1,1.828,-0.1,1.58,0.0,1.692,-0.1,1.636
05-07-2026-Thu 14-34-59-PM,0.0,1.484,-0.1,1.608,0.0,1.636,-0.6,1.7,0.0,1.828,-0.1,1.58,-0.1,1.692,-0.1,1.632
05-07-2026-Thu 14-35-00-PM,0.1,1.484,-0.3,1.604,0.3,1.636,-0.2,1.696,0.3,1.824,-0.2,1.572,-0.2,1.688,-0.2,1.628
05-07-2026-Thu 14-35-01-PM,-0.1,1.484,-0.1,1.6,-0.1,1.632,-0.2,1.692,-0.1,1.82,-0.1,1.568,-0.1,1.684,0.1,1.624
05-07-2026-Thu 14-35-03-PM,-0.2,1.476,-0.1,1.6,-0.1,1.632,-0.3,1.692,-0.1,1.816,0.0,1.568,-0.1,1.684,-0.4,1.624
05-07-2026-Thu 14-35-04-PM,0.0,1.476,-0.1,1.596,0.1,1.624,-0.4,1.688,-0.4,1.812,-0.2,1.56,-0.2,1.684,-0.1,1.62
05-07-2026-Thu 14-35-06-PM,-0.4,1.472,0.0,1.596,-0.1,1.624,-0.5,1.684,-0.2,1.812,0.0,1.56,0.1,1.68,-0.2,1.62
05-07-2026-Thu 14-35-07-PM,-0.1,1.472,0.1,1.592,-0.2,1.62,-0.4,1.684,-0.3,1.804,-0.1,1.556,-0.2,1.676,-0.1,1.616
05-07-2026-Thu 14-35-09-PM,-0.1,1.468,-0.1,1.588,-0.3,1.616,-0.3,1.68,0.1,1.804,0.0,1.552,0.0,1.672,-0.1,1.616
05-07-2026-Thu 14-35-10-PM,-0.4,1.464,-0.3,1.584,-0.1,1.616,-0.2,1.68,-0.2,1.8,-0.1,1.552,-0.2,1.672,-0.3,1.612
05-07-2026-Thu 14-35-11-PM,0.2,1.464,-0.2,1.584,0.0,1.616,-0.2,1.676,0.1,1.796,-0.2,1.548,0.1,1.672,0.0,1.608
05-07-2026-Thu 14-35-13-PM,-0.5,1.46,0.1,1.58,-0.2,1.608,-0.2,1.676,-0.1,1.796,-0.3,1.544,-0.1,1.668,-0.3,1.608
05-07-2026-Thu 14-35-14-PM,-0.1,1.46,-0.1,1.58,0.0,1.608,-0.2,1.668,-0.1,1.788,0.1,1.544,-0.3,1.664,-0.2,1.608
05-07-2026-Thu 14-35-16-PM,0.0,1.456,0.1,1.576,0.1,1.604,-0.2,1.668,0.0,1.788,0.0,1.544,-0.3,1.664,-0.2,1.604
05-07-2026-Thu 14-35-17-PM,-0.1,1.452,-0.1,1.576,-0.3,1.6,-0.2,1.668,0.2,1.784,-0.2,1.54,-0.1,1.66,-0.1,1.604
05-07-2026-Thu 14-35-18-PM,-0.2,1.456,-0.2,1.576,-0.2,1.6,-0.2,1.668,-0.2,1.784,0.0,1.532,-0.3,1.66,-0.1,1.596
05-07-2026-Thu 14-35-20-PM,-0.1,1.452,-0.2,1.572,-0.2,1.596,-0.2,1.664,-0.3,1.78,-0.2,1.532,0.0,1.652,-0.2,1.596
05-07-2026-Thu 14-35-21-PM,0.0,1.448,0.0,1.572,0.1,1.596,-0.5,1.66,0.1,1.776,0.1,1.532,-0.2,1.656,0.0,1.596
05-07-2026-Thu 14-35-23-PM,0.0,1.448,-0.1,1.572,-0.2,1.592,-0.1,1.66,-0.2,1.776,0.0,1.524,-0.3,1.648,-0.1,1.592
05-07-2026-Thu 14-35-24-PM,-0.3,1.444,0.1,1.568,-0.2,1.588,-0.2,1.656,-0.2,1.768,-0.2,1.524,-0.3,1.648,-0.1,1.588
05-07-2026-Thu 14-35-25-PM,-0.3,1.44,-0.1,1.564,-0.2,1.588,-0.2,1.652,-0.3,1.768,-0.1,1.52,-0.2,1.644,-0.1,1.584
05-07-2026-Thu 14-35-27-PM,-0.3,1.436,0.1,1.56,-0.3,1.584,-0.3,1.652,0.1,1.764,-0.2,1.516,-0.4,1.644,-0.1,1.584
05-07-2026-Thu 14-35-28-PM,-0.1,1.436,0.0,1.56,-0.2,1.58,-0.3,1.648,-0.1,1.76,-0.1,1.512,-0.1,1.64,-0.4,1.58
05-07-2026-Thu 14-35-30-PM,Power On
05-07-2026-Thu 14-35-31-PM,0.1,5.064,0.5,5.064,0.5,5.06,0.8,5.068,0.7,5.06,0.2,5.068,0.4,5.052,0.4,5.056
05-07-2026-Thu 14-35-32-PM,0.3,5.064,0.5,5.068,0.3,5.06,0.4,5.072,0.9,5.06,0.4,5.072,0.5,5.052,0.6,5.056
05-07-2026-Thu 14-35-34-PM,0.0,5.064,0.6,5.064,0.3,5.06,0.1,5.068,0.5,5.056,0.4,5.072,0.5,5.056,0.4,5.056
05-07-2026-Thu 14-35-35-PM,0.2,5.064,0.4,5.064,0.2,5.06,0.5,5.068,0.6,5.06,0.1,5.068,0.2,5.052,0.1,5.056
05-07-2026-Thu 14-35-36-PM,0.1,5.068,0.5,5.064,0.5,5.06,0.5,5.068,0.2,5.06,0.3,5.072,0.4,5.052,0.3,5.056
05-07-2026-Thu 14-35-37-PM,Power Off
05-07-2026-Thu 14-35-39-PM,-0.3,2.108,-0.3,2.22,-0.2,2.28,0.0,2.388,-0.3,2.344,-0.3,2.172,-0.1,2.248,-0.1,2.124
05-07-2026-Thu 14-35-40-PM,-0.2,1.98,0.0,2.108,-0.1,2.16,-0.2,2.26,-0.2,2.256,-0.2,2.056,0.1,2.144,0.0,2.032
05-07-2026-Thu 14-35-42-PM,-0.4,1.904,-0.1,2.04,-0.1,2.088,-0.3,2.176,-0.2,2.204,0.0,1.988,-0.3,2.076,0.0,1.976
05-07-2026-Thu 14-35-43-PM,0.0,1.844,-0.2,1.988,-0.1,2.032,-0.2,2.12,0.1,2.164,0.0,1.94,-0.1,2.032,0.0,1.932
05-07-2026-Thu 14-35-45-PM,-0.1,1.8,-0.3,1.94,-0.2,1.984,-0.3,2.068,-0.1,2.128,-0.1,1.9,-0.1,1.992,0.0,1.896
05-07-2026-Thu 14-35-46-PM,Power On
05-07-2026-Thu 14-35-47-PM,0.2,5.068,0.4,5.064,0.5,5.06,0.5,5.072,0.6,5.06,0.5,5.072,0.3,5.056,0.2,5.056
05-07-2026-Thu 14-35-49-PM,0.3,5.068,0.3,5.064,0.3,5.056,0.6,5.068,0.3,5.06,0.5,5.068,0.4,5.052,0.2,5.056
05-07-2026-Thu 14-35-50-PM,0.1,5.064,0.2,5.064,0.6,5.056,0.3,5.068,0.6,5.064,0.2,5.068,0.2,5.052,0.2,5.056
05-07-2026-Thu 14-35-51-PM,0.2,5.064,0.4,5.064,0.3,5.06,0.3,5.068,0.5,5.06,0.5,5.068,0.4,5.052,0.2,5.052
05-07-2026-Thu 14-35-53-PM,0.0,5.064,0.3,5.064,0.4,5.056,0.3,5.068,0.5,5.06,0.4,5.068,0.4,5.056,0.4,5.056
05-07-2026-Thu 14-35-54-PM,Power Off
05-07-2026-Thu 14-35-55-PM,-0.1,2.224,0.0,2.352,-0.3,2.42,0.0,2.516,-0.1,2.48,-0.2,2.32,-0.3,2.36,-0.2,2.24
05-07-2026-Thu 14-35-57-PM,-0.3,2.108,-0.1,2.248,-0.3,2.308,-0.2,2.396,-0.1,2.396,-0.2,2.216,-0.1,2.26,-0.2,2.148
05-07-2026-Thu 14-35-58-PM,-0.2,2.028,0.1,2.18,0.2,2.236,-0.3,2.32,-0.2,2.348,0.0,2.144,-0.2,2.2,-0.2,2.092
05-07-2026-Thu 14-35-59-PM,-0.2,1.972,-0.2,2.124,-0.3,2.18,-0.3,2.256,-0.2,2.304,-0.2,2.096,-0.2,2.148,-0.1,2.048
05-07-2026-Thu 14-36-01-PM,-0.3,1.924,-0.2,2.08,-0.4,2.128,-0.3,2.208,0.0,2.272,-0.2,2.056,0.0,2.108,-0.1,2.012
05-07-2026-Thu 14-36-02-PM,-0.2,1.884,-0.4,2.044,-0.3,2.096,-0.3,2.168,-0.1,2.244,-0.1,2.02,-0.1,2.076,-0.5,1.984
05-07-2026-Thu 14-36-04-PM,-0.2,1.852,-0.1,2.012,-0.3,2.06,-0.3,2.132,-0.3,2.22,0.0,1.988,-0.4,2.048,-0.1,1.956
05-07-2026-Thu 14-36-05-PM,0.1,1.824,-0.3,1.984,-0.4,2.036,-0.3,2.104,-0.2,2.196,-0.1,1.964,0.1,2.024,0.0,1.932
05-07-2026-Thu 14-36-06-PM,-0.2,1.792,-0.1,1.956,-0.2,2.008,-0.4,2.076,-0.3,2.176,-0.2,1.94,0.1,1.996,-0.2,1.912
05-07-2026-Thu 14-36-08-PM,0.0,1.776,-0.2,1.936,0.0,1.984,-0.2,2.056,0.0,2.156,0.0,1.92,-0.1,1.98,-0.1,1.896
05-07-2026-Thu 14-36-09-PM,0.0,1.752,-0.1,1.912,-0.2,1.964,-0.2,2.032,-0.2,2.136,-0.3,1.9,-0.1,1.96,0.0,1.88
05-07-2026-Thu 14-36-11-PM,-0.2,1.732,-0.3,1.896,-0.2,1.948,-0.1,2.012,-0.3,2.124,-0.1,1.884,-0.1,1.94,-0.2,1.868
05-07-2026-Thu 14-36-12-PM,0.0,1.712,-0.1,1.876,-0.2,1.928,-0.6,1.996,-0.1,2.108,0.1,1.868,0.0,1.924,-0.2,1.852
05-07-2026-Thu 14-36-13-PM,-0.4,1.692,-0.4,1.86,-0.2,1.912,-0.1,1.98,-0.2,2.092,-0.2,1.852,-0.1,1.908,0.1,1.836
05-07-2026-Thu 14-36-15-PM,-0.3,1.68,-0.1,1.844,-0.2,1.9,-0.2,1.964,-0.2,2.08,0.0,1.836,-0.1,1.9,-0.1,1.824
05-07-2026-Thu 14-36-16-PM,-0.2,1.664,0.0,1.832,-0.2,1.884,-0.4,1.948,0.0,2.068,-0.1,1.824,0.0,1.884,-0.1,1.808
05-07-2026-Thu 14-36-18-PM,0.1,1.652,-0.4,1.82,-0.3,1.868,-0.3,1.932,-0.2,2.052,-0.2,1.808,0.0,1.872,-0.1,1.8
05-07-2026-Thu 14-36-19-PM,0.0,1.636,-0.1,1.808,-0.4,1.856,-0.4,1.92,0.1,2.04,0.1,1.796,-0.1,1.86,-0.2,1.788
05-07-2026-Thu 14-36-21-PM,-0.3,1.624,-0.2,1.796,-0.1,1.844,0.0,1.908,-0.2,2.028,-0.3,1.784,-0.3,1.844,-0.1,1.78
05-07-2026-Thu 14-36-22-PM,0.0,1.612,-0.1,1.784,0.0,1.832,-0.3,1.9,-0.1,2.02,0.0,1.772,-0.1,1.836,-0.2,1.768
05-07-2026-Thu 14-36-23-PM,0.0,1.6,-0.2,1.772,0.0,1.82,-0.2,1.884,-0.2,2.008,-0.4,1.76,0.1,1.828,0.1,1.76
05-07-2026-Thu 14-36-25-PM,-0.2,1.592,-0.2,1.76,-0.2,1.812,-0.2,1.876,-0.4,1.996,-0.1,1.752,-0.1,1.816,0.1,1.748
05-07-2026-Thu 14-36-26-PM,-0.3,1.58,-0.1,1.752,-0.3,1.804,-0.5,1.864,-0.1,1.988,-0.1,1.744,-0.1,1.808,-0.4,1.74
05-07-2026-Thu 14-36-27-PM,-0.3,1.568,-0.2,1.74,-0.2,1.792,-0.2,1.856,-0.4,1.976,-0.1,1.732,0.1,1.8,0.0,1.732
05-07-2026-Thu 14-36-29-PM,0.1,1.56,-0.1,1.736,-0.3,1.784,-0.3,1.844,-0.1,1.968,0.0,1.72,-0.3,1.796,0.1,1.724
05-07-2026-Thu 14-36-30-PM,-0.3,1.552,-0.1,1.72,-0.2,1.772,0.0,1.84,-0.2,1.96,0.0,1.712,-0.2,1.784,0.0,1.716
05-07-2026-Thu 14-36-32-PM,-0.2,1.544,-0.1,1.716,-0.2,1.764,-0.3,1.828,0.0,1.948,-0.1,1.704,-0.1,1.772,-0.3,1.708
05-07-2026-Thu 14-36-33-PM,-0.1,1.532,-0.2,1.708,-0.1,1.756,-0.2,1.824,0.3,1.944,-0.2,1.692,-0.1,1.764,0.0,1.7
05-07-2026-Thu 14-36-34-PM,-0.3,1.524,-0.4,1.696,-0.1,1.748,-0.4,1.812,-0.1,1.932,-0.4,1.688,-0.1,1.764,-0.1,1.696
05-07-2026-Thu 14-36-36-PM,-0.2,1.52,-0.2,1.688,-0.3,1.74,-0.3,1.804,-0.1,1.928,-0.1,1.676,-0.3,1.752,0.0,1.688
05-07-2026-Thu 14-36-37-PM,-0.1,1.512,0.0,1.68,-0.3,1.736,-0.3,1.8,-0.1,1.916,-0.1,1.668,0.0,1.744,-0.2,1.684
05-07-2026-Thu 14-36-39-PM,-0.3,1.504,-0.3,1.672,-0.2,1.72,0.0,1.792,-0.3,1.908,-0.1,1.66,-0.1,1.74,-0.3,1.672
05-07-2026-Thu 14-36-40-PM,Power On
05-07-2026-Thu 14-36-41-PM,0.1,5.068,0.4,5.064,0.5,5.06,0.1,5.068,0.2,5.06,0.4,5.072,0.4,5.056,0.2,5.052
05-07-2026-Thu 14-36-43-PM,0.2,5.068,0.5,5.064,0.3,5.06,0.4,5.072,0.3,5.06,0.2,5.072,0.3,5.056,0.5,5.056
05-07-2026-Thu 14-36-44-PM,0.2,5.072,0.2,5.064,0.2,5.06,0.4,5.072,0.5,5.06,0.2,5.072,0.4,5.056,0.2,5.056
05-07-2026-Thu 14-36-46-PM,0.1,5.068,0.2,5.064,0.3,5.06,0.1,5.072,0.5,5.064,0.5,5.072,0.2,5.056,0.3,5.056
05-07-2026-Thu 14-36-48-PM,0.3,5.068,0.3,5.064,0.2,5.06,0.3,5.072,0.5,5.06,0.2,5.068,0.1,5.056,0.4,5.056
05-07-2026-Thu 14-36-51-PM,-0.2,5.064,0.5,5.064,0.3,5.06,0.3,5.072,0.4,5.06,0.2,5.068,0.0,5.052,0.3,5.056
05-07-2026-Thu 14-36-54-PM,Power Off
05-07-2026-Thu 14-36-55-PM,-0.3,2.172,-0.4,2.348,-0.2,2.428,-0.2,2.528,0.1,2.492,-0.1,2.32,-0.1,2.36,-0.2,2.22
05-07-2026-Thu 14-36-56-PM,-0.2,2.06,-0.1,2.252,-0.3,2.316,-0.3,2.416,-0.1,2.416,-0.3,2.22,-0.4,2.264,-0.3,2.144
05-07-2026-Thu 14-36-58-PM,-0.3,1.984,-0.3,2.176,-0.3,2.24,0.0,2.34,-0.1,2.36,-0.3,2.152,-0.1,2.204,-0.1,2.084
05-07-2026-Thu 14-36-59-PM,-0.3,1.928,-0.1,2.124,-0.1,2.188,0.1,2.28,0.0,2.32,-0.2,2.104,0.0,2.152,-0.1,2.04
05-07-2026-Thu 14-37-01-PM,-0.4,1.884,-0.1,2.076,-0.2,2.14,-0.4,2.228,-0.2,2.288,-0.3,2.06,-0.2,2.116,-0.3,2.004
05-07-2026-Thu 14-37-02-PM,-0.1,1.84,-0.3,2.04,-0.3,2.104,-0.3,2.188,0.0,2.256,-0.2,2.028,-0.3,2.08,0.1,1.972
05-07-2026-Thu 14-37-03-PM,-0.1,1.808,0.0,2.008,-0.1,2.072,-0.3,2.156,-0.1,2.228,-0.3,1.996,-0.1,2.052,-0.3,1.948
05-07-2026-Thu 14-37-05-PM,-0.3,1.78,-0.2,1.984,-0.1,2.04,-0.2,2.12,0.0,2.208,0.1,1.968,0.1,2.024,-0.2,1.92
05-07-2026-Thu 14-37-06-PM,-0.1,1.756,-0.2,1.956,-0.2,2.016,-0.2,2.096,-0.2,2.188,-0.1,1.948,0.0,2.0,-0.1,1.904
05-07-2026-Thu 14-37-08-PM,-0.1,1.732,0.1,1.936,-0.2,1.992,-0.2,2.072,-0.1,2.168,-0.2,1.924,-0.3,1.976,0.0,1.888
05-07-2026-Thu 14-37-09-PM,Power On
05-07-2026-Thu 14-37-10-PM,0.1,5.064,0.1,5.064,0.3,5.06,0.3,5.072,0.3,5.06,0.4,5.072,0.2,5.056,0.3,5.056
05-07-2026-Thu 14-37-12-PM,0.2,5.068,0.4,5.064,0.4,5.064,0.3,5.068,0.5,5.06,0.4,5.072,0.4,5.056,0.0,5.056
05-07-2026-Thu 14-37-13-PM,0.1,5.068,0.1,5.068,0.1,5.06,0.3,5.072,0.6,5.056,0.1,5.072,0.0,5.056,0.1,5.056
05-07-2026-Thu 14-37-15-PM,0.1,5.068,0.5,5.064,0.2,5.06,0.4,5.068,0.4,5.064,0.1,5.072,0.3,5.056,0.0,5.06
05-07-2026-Thu 14-37-18-PM,0.3,2.132,0.0,2.324,-0.2,2.412,-0.3,2.52,-0.2,2.488,0.1,2.316,-0.1,2.344,0.1,2.204
05-07-2026-Thu 14-37-20-PM,-0.3,1.948,-0.2,2.156,0.0,2.228,-0.1,2.328,-0.2,2.356,-0.2,2.144,-0.2,2.192,-0.1,2.064
05-07-2026-Thu 14-37-23-PM,-0.3,1.852,-0.3,2.064,-0.1,2.132,-0.3,2.224,-0.3,2.288,-0.2,2.06,-0.5,2.108,0.0,1.992
05-07-2026-Thu 14-37-26-PM,-0.2,1.788,0.0,2.0,-0.3,2.068,-0.4,2.152,0.1,2.232,-0.2,1.996,-0.1,2.044,-0.3,1.94
05-07-2026-Thu 14-37-29-PM,-0.1,1.736,-0.1,1.948,-0.1,2.012,-0.5,2.1,0.1,2.188,-0.2,1.948,-0.1,2.0,0.0,1.9
05-07-2026-Thu 14-37-30-PM,-0.2,1.716,0.0,1.928,-0.1,1.992,-0.3,2.072,-0.3,2.172,0.1,1.928,0.2,1.98,-0.3,1.88
05-07-2026-Thu 14-37-32-PM,-0.1,1.696,-0.2,1.908,-0.2,1.972,-0.3,2.048,-0.2,2.156,-0.1,1.912,-0.3,1.964,0.0,1.864
05-07-2026-Thu 14-37-33-PM,-0.4,1.68,0.1,1.888,-0.3,1.952,-0.3,2.032,0.0,2.14,-0.1,1.892,-0.3,1.944,0.2,1.848
05-07-2026-Thu 14-37-34-PM,-0.3,1.664,-0.1,1.872,-0.4,1.936,-0.4,2.012,0.0,2.12,-0.3,1.872,-0.2,1.924,-0.2,1.832
05-07-2026-Thu 14-37-36-PM,0.1,1.648,-0.1,1.856,-0.1,1.92,-0.3,1.996,0.0,2.112,-0.3,1.86,-0.1,1.912,-0.2,1.82
05-07-2026-Thu 14-37-37-PM,-0.3,1.628,-0.1,1.84,-0.1,1.9,-0.3,1.984,0.0,2.092,0.0,1.844,-0.2,1.896,0.0,1.804
05-07-2026-Thu 14-37-39-PM,Power On
05-07-2026-Thu 14-37-40-PM,-0.2,5.068,0.3,5.064,0.1,5.06,0.3,5.072,0.2,5.06,0.3,5.072,0.4,5.056,0.1,5.056
05-07-2026-Thu 14-37-41-PM,-0.2,5.068,0.1,5.068,0.3,5.064,0.3,5.072,0.1,5.06,0.2,5.068,0.3,5.056,0.4,5.056
05-07-2026-Thu 14-37-43-PM,-0.1,5.064,0.4,5.064,0.1,5.064,0.1,5.072,0.3,5.064,0.2,5.068,0.1,5.056,-0.1,5.06
05-07-2026-Thu 14-37-44-PM,-0.1,5.068,0.1,5.068,0.4,5.064,0.1,5.068,0.3,5.06,0.2,5.072,0.1,5.052,0.1,5.056
05-07-2026-Thu 14-37-45-PM,-0.2,5.068,0.2,5.068,0.1,5.06,0.0,5.072,0.1,5.06,0.0,5.072,0.0,5.056,0.3,5.052
05-07-2026-Thu 14-37-47-PM,-0.1,5.072,0.2,5.064,0.1,5.06,0.3,5.072,0.2,5.06,0.1,5.072,0.4,5.052,0.2,5.056
05-07-2026-Thu 14-37-48-PM,0.2,5.068,0.0,5.064,0.4,5.06,0.1,5.068,0.1,5.06,0.1,5.072,0.1,5.056,0.2,5.056
05-07-2026-Thu 14-37-49-PM,Power Off
05-07-2026-Thu 14-37-51-PM,0.0,2.112,-0.1,2.316,-0.3,2.416,-0.2,2.524,-0.2,2.484,-0.1,2.308,0.0,2.344,0.0,2.196
05-07-2026-Thu 14-37-52-PM,-0.1,2.004,0.0,2.22,-0.1,2.3,-0.4,2.416,-0.2,2.408,-0.2,2.212,-0.3,2.256,-0.3,2.116
05-07-2026-Thu 14-37-53-PM,-0.3,1.944,0.0,2.16,-0.2,2.236,-0.3,2.344,-0.3,2.364,0.0,2.148,-0.3,2.196,-0.2,2.064
05-07-2026-Thu 14-37-55-PM,Power On
05-07-2026-Thu 14-37-56-PM,0.1,5.068,0.2,5.064,0.3,5.06,0.1,5.068,0.3,5.06,0.1,5.068,0.1,5.052,0.3,5.056
05-07-2026-Thu 14-37-58-PM,0.1,5.068,0.0,5.064,0.0,5.06,0.3,5.068,0.3,5.06,0.2,5.072,0.2,5.056,0.0,5.056
05-07-2026-Thu 14-37-59-PM,0.2,5.064,-0.2,5.068,-0.2,5.06,0.1,5.072,0.0,5.056,0.3,5.072,0.3,5.052,0.1,5.056
05-07-2026-Thu 14-38-00-PM,-0.2,5.068,0.1,5.064,0.0,5.064,0.2,5.072,0.1,5.06,0.3,5.072,0.2,5.052,0.2,5.056
05-07-2026-Thu 14-38-02-PM,0.2,5.064,0.2,5.068,0.3,5.06,0.1,5.072,0.1,5.06,0.3,5.068,0.0,5.056,0.2,5.056
05-07-2026-Thu 14-38-03-PM,Power Off
05-07-2026-Thu 14-38-04-PM,-0.1,2.128,0.0,2.332,0.0,2.436,-0.3,2.548,-0.3,2.516,-0.3,2.336,-0.3,2.368,-0.1,2.22
05-07-2026-Thu 14-38-06-PM,-0.1,2.028,-0.1,2.244,-0.1,2.332,-0.5,2.44,-0.1,2.444,-0.2,2.244,-0.1,2.288,-0.2,2.144
05-07-2026-Thu 14-38-07-PM,0.0,1.964,-0.1,2.184,-0.1,2.26,-0.4,2.364,-0.1,2.392,0.0,2.18,-0.1,2.224,-0.4,2.092
05-07-2026-Thu 14-38-08-PM,-0.2,1.908,-0.3,2.132,-0.3,2.208,-0.2,2.312,0.0,2.356,-0.2,2.132,-0.5,2.184,0.0,2.048
05-07-2026-Thu 14-38-10-PM,-0.2,1.872,-0.5,2.092,-0.1,2.168,-0.3,2.26,-0.1,2.324,-0.2,2.092,-0.1,2.144,-0.2,2.016
05-07-2026-Thu 14-38-11-PM,-0.3,1.836,-0.1,2.056,-0.2,2.132,-0.1,2.224,-0.1,2.292,0.0,2.06,-0.3,2.108,-0.2,1.988
05-07-2026-Thu 14-38-13-PM,-0.2,1.804,-0.4,2.028,0.2,2.1,-0.2,2.188,-0.3,2.268,0.0,2.028,-0.1,2.076,-0.2,1.964
05-07-2026-Thu 14-38-14-PM,-0.1,1.776,0.0,2.0,-0.4,2.072,-0.3,2.164,0.0,2.244,-0.2,2.008,-0.2,2.056,0.1,1.94
05-07-2026-Thu 14-38-15-PM,-0.2,1.752,-0.2,1.976,-0.4,2.044,-0.4,2.132,0.0,2.224,0.1,1.976,-0.4,2.032,0.0,1.92
05-07-2026-Thu 14-38-17-PM,-0.4,1.732,-0.3,1.952,0.0,2.02,-0.4,2.108,0.0,2.208,-0.1,1.96,-0.1,2.008,-0.2,1.9
05-07-2026-Thu 14-38-18-PM,0.0,1.708,0.0,1.932,-0.2,2.0,-0.2,2.084,0.0,2.188,-0.1,1.94,0.0,1.988,0.1,1.884
05-07-2026-Thu 14-38-20-PM,-0.3,1.692,-0.1,1.912,-0.2,1.98,-0.3,2.064,0.1,2.172,-0.2,1.92,0.0,1.972,0.0,1.864
05-07-2026-Thu 14-38-21-PM,-0.1,1.672,0.0,1.896,-0.2,1.96,-0.2,2.044,-0.4,2.156,-0.1,1.9,0.1,1.956,-0.2,1.852
05-07-2026-Thu 14-38-22-PM,-0.2,1.656,0.0,1.876,0.0,1.944,-0.2,2.028,-0.2,2.14,-0.1,1.888,0.0,1.94,0.0,1.836
05-07-2026-Thu 14-38-24-PM,-0.2,1.644,0.0,1.86,-0.1,1.928,-0.2,2.008,0.0,2.124,0.3,1.868,-0.3,1.924,0.0,1.824
05-07-2026-Thu 14-38-25-PM,-0.1,1.628,-0.1,1.848,-0.2,1.916,-0.1,1.996,-0.3,2.112,-0.1,1.856,-0.1,1.912,-0.2,1.812
05-07-2026-Thu 14-38-27-PM,0.1,1.612,-0.1,1.828,-0.3,1.9,-0.3,1.976,-0.1,2.1,-0.2,1.844,-0.4,1.9,0.1,1.8
05-07-2026-Thu 14-38-28-PM,-0.3,1.6,-0.1,1.82,-0.1,1.884,-0.5,1.964,0.0,2.084,-0.1,1.828,-0.2,1.884,-0.1,1.784
05-07-2026-Thu 14-38-29-PM,-0.2,1.588,0.0,1.804,-0.2,1.872,-0.2,1.952,-0.3,2.072,-0.3,1.816,-0.1,1.868,-0.3,1.776
05-07-2026-Thu 14-38-31-PM,-0.3,1.572,-0.3,1.788,-0.1,1.86,-0.3,1.936,-0.1,2.06,0.1,1.8,-0.3,1.86,-0.3,1.764
05-07-2026-Thu 14-38-32-PM,-0.1,1.568,-0.2,1.78,-0.5,1.844,-0.3,1.924,0.0,2.048,0.1,1.788,-0.3,1.848,0.0,1.752
05-07-2026-Thu 14-38-34-PM,-0.2,1.556,-0.1,1.764,-0.2,1.836,-0.1,1.912,-0.2,2.04,-0.1,1.78,-0.1,1.836,-0.1,1.744
05-07-2026-Thu 14-38-35-PM,-0.2,1.544,-0.4,1.756,-0.1,1.828,-0.2,1.904,-0.1,2.028,-0.1,1.768,-0.3,1.828,-0.4,1.736
05-07-2026-Thu 14-38-36-PM,-0.1,1.532,0.0,1.744,-0.2,1.812,-0.1,1.888,-0.2,2.02,-0.2,1.756,-0.1,1.816,-0.1,1.724
05-07-2026-Thu 14-38-38-PM,-0.2,1.524,0.1,1.736,-0.4,1.804,-0.3,1.88,-0.1,2.008,-0.4,1.748,-0.2,1.808,-0.1,1.72
05-07-2026-Thu 14-38-39-PM,-0.3,1.52,-0.1,1.724,-0.1,1.792,-0.2,1.868,-0.1,2.0,-0.3,1.736,-0.1,1.8,0.0,1.708
05-07-2026-Thu 14-38-40-PM,0.0,1.508,0.0,1.716,-0.2,1.784,-0.1,1.86,-0.3,1.988,0.0,1.728,-0.3,1.792,0.1,1.7
05-07-2026-Thu 14-38-42-PM,-0.1,1.5,-0.3,1.708,-0.1,1.776,-0.4,1.848,0.2,1.98,-0.2,1.716,-0.2,1.78,0.0,1.692
05-07-2026-Thu 14-38-43-PM,-0.1,1.492,-0.1,1.7,-0.4,1.764,0.1,1.84,0.0,1.972,-0.1,1.708,0.1,1.772,0.1,1.684
05-07-2026-Thu 14-38-45-PM,-0.1,1.484,-0.5,1.688,-0.2,1.756,-0.1,1.832,-0.1,1.96,0.0,1.7,-0.3,1.764,-0.1,1.676
05-07-2026-Thu 14-38-46-PM,-0.1,1.476,0.0,1.68,0.2,1.748,-0.3,1.824,-0.3,1.956,-0.2,1.692,-0.1,1.756,0.0,1.668
05-07-2026-Thu 14-38-47-PM,-0.1,1.472,-0.3,1.672,-0.3,1.74,-0.2,1.816,-0.1,1.944,-0.1,1.684,0.0,1.752,0.2,1.66
05-07-2026-Thu 14-38-49-PM,-0.2,1.46,-0.1,1.668,-0.1,1.732,-0.3,1.808,0.1,1.936,-0.2,1.672,-0.2,1.74,0.0,1.656
05-07-2026-Thu 14-38-50-PM,-0.3,1.456,-0.2,1.656,-0.3,1.72,-0.4,1.796,-0.1,1.928,0.0,1.664,-0.1,1.732,-0.4,1.648
05-07-2026-Thu 14-38-52-PM,-0.2,1.448,-0.4,1.652,0.0,1.712,-0.1,1.792,-0.2,1.92,-0.1,1.66,-0.2,1.724,0.0,1.644
05-07-2026-Thu 14-38-53-PM,-0.4,1.44,-0.4,1.64,0.1,1.708,-0.3,1.78,0.2,1.912,0.1,1.652,-0.3,1.716,-0.3,1.632
05-07-2026-Thu 14-38-54-PM,-0.3,1.436,-0.1,1.64,-0.1,1.7,-0.2,1.776,-0.1,1.904,-0.3,1.64,0.0,1.712,0.0,1.628
05-07-2026-Thu 14-38-56-PM,-0.2,1.432,-0.1,1.628,-0.2,1.692,-0.5,1.768,-0.2,1.9,0.3,1.636,-0.1,1.704,-0.1,1.62
05-07-2026-Thu 14-38-57-PM,-0.3,1.428,0.1,1.624,-0.3,1.688,-0.2,1.76,-0.3,1.892,-0.2,1.628,-0.3,1.696,-0.1,1.616
05-07-2026-Thu 14-38-59-PM,-0.1,1.42,-0.3,1.616,-0.2,1.68,-0.2,1.752,-0.4,1.884,-0.3,1.62,-0.3,1.692,-0.3,1.608
05-07-2026-Thu 14-39-00-PM,-0.1,1.416,-0.3,1.612,-0.4,1.672,-0.2,1.748,-0.2,1.876,-0.3,1.612,-0.4,1.688,-0.3,1.604
05-07-2026-Thu 14-39-01-PM,-0.6,1.408,-0.3,1.604,-0.2,1.664,-0.3,1.74,0.0,1.864,-0.1,1.608,0.1,1.676,0.1,1.596
05-07-2026-Thu 14-39-03-PM,-0.3,1.404,-0.1,1.6,-0.2,1.656,-0.2,1.732,-0.1,1.86,0.0,1.6,-0.2,1.672,-0.1,1.592
05-07-2026-Thu 14-39-04-PM,-0.2,1.4,-0.3,1.592,-0.1,1.652,-0.2,1.728,0.0,1.852,-0.1,1.592,-0.3,1.668,0.0,1.584
05-07-2026-Thu 14-39-06-PM,-0.3,1.392,-0.1,1.588,-0.2,1.644,-0.1,1.724,0.0,1.848,-0.2,1.588,0.0,1.664,-0.3,1.58
05-07-2026-Thu 14-39-07-PM,Power On
05-07-2026-Thu 14-39-09-PM,-0.1,5.064,0.2,5.064,0.1,5.06,0.1,5.068,0.2,5.056,0.4,5.068,0.4,5.056,0.1,5.056
05-07-2026-Thu 14-39-10-PM,0.0,5.064,0.3,5.064,0.2,5.06,0.1,5.068,0.2,5.06,0.2,5.068,0.2,5.052,0.2,5.052
05-07-2026-Thu 14-39-11-PM,0.1,5.064,0.0,5.064,0.1,5.06,0.0,5.068,0.3,5.06,0.4,5.068,0.1,5.052,0.2,5.056
05-07-2026-Thu 14-39-13-PM,0.1,5.064,0.2,5.064,0.1,5.06,0.0,5.068,0.6,5.06,0.2,5.068,0.2,5.052,-0.3,5.056
05-07-2026-Thu 14-39-14-PM,0.1,5.064,0.0,5.064,0.1,5.06,0.3,5.068,0.0,5.06,0.0,5.068,0.2,5.056,0.0,5.056
05-07-2026-Thu 14-39-15-PM,-0.4,5.068,0.3,5.064,0.2,5.06,0.1,5.068,0.3,5.06,0.2,5.072,0.2,5.056,0.0,5.056
05-07-2026-Thu 14-39-17-PM,-0.1,5.064,0.0,5.064,-0.2,5.06,0.1,5.072,0.3,5.06,0.2,5.068,0.2,5.056,0.3,5.06
05-07-2026-Thu 14-39-18-PM,0.1,5.064,0.1,5.064,0.3,5.06,-0.1,5.072,0.3,5.06,0.3,5.068,0.4,5.052,0.1,5.056
05-07-2026-Thu 14-39-20-PM,-0.1,5.068,0.1,5.068,0.2,5.06,0.2,5.072,0.2,5.06,0.1,5.068,0.1,5.056,0.3,5.056
05-07-2026-Thu 14-39-21-PM,Power Off
05-07-2026-Thu 14-39-22-PM,0.1,1.928,-0.2,2.168,-0.3,2.28,-0.1,2.416,-0.2,2.352,-0.1,2.16,-0.1,2.212,-0.1,2.044
05-07-2026-Thu 14-39-24-PM,0.0,1.836,-0.1,2.076,-0.2,2.172,-0.4,2.312,-0.3,2.28,0.0,2.064,-0.4,2.132,-0.1,1.972
05-07-2026-Thu 14-39-25-PM,-0.1,1.772,0.2,2.02,0.0,2.1,-0.2,2.24,-0.2,2.228,-0.2,2.0,-0.1,2.072,-0.2,1.916
05-07-2026-Thu 14-39-26-PM,-0.4,1.724,-0.2,1.972,-0.1,2.048,-0.3,2.184,-0.5,2.188,0.0,1.956,-0.1,2.028,-0.2,1.88
05-07-2026-Thu 14-39-28-PM,-0.2,1.684,-0.3,1.932,-0.4,2.008,-0.2,2.136,0.1,2.156,-0.2,1.916,-0.1,1.988,0.1,1.848
05-07-2026-Thu 14-39-29-PM,-0.3,1.652,0.1,1.9,-0.1,1.972,-0.3,2.096,-0.4,2.128,-0.1,1.88,0.0,1.956,0.0,1.82
05-07-2026-Thu 14-39-31-PM,-0.1,1.628,0.1,1.872,-0.1,1.944,-0.3,2.06,0.0,2.108,-0.3,1.856,-0.1,1.928,-0.3,1.8
05-07-2026-Thu 14-39-32-PM,-0.1,1.604,-0.1,1.848,0.0,1.912,-0.4,2.028,-0.1,2.084,0.1,1.832,-0.4,1.9,0.0,1.776
05-07-2026-Thu 14-39-33-PM,-0.3,1.58,-0.1,1.82,-0.2,1.888,-0.3,2.0,-0.1,2.068,-0.1,1.808,-0.1,1.884,-0.2,1.76
05-07-2026-Thu 14-39-35-PM,-0.1,1.56,-0.3,1.804,-0.3,1.868,-0.3,1.976,0.0,2.048,0.1,1.788,0.1,1.86,-0.4,1.74
05-07-2026-Thu 14-39-36-PM,-0.3,1.548,0.0,1.78,-0.4,1.844,-0.4,1.956,-0.5,2.032,-0.1,1.772,-0.5,1.84,-0.3,1.724
05-07-2026-Thu 14-39-38-PM,-0.2,1.532,-0.1,1.768,-0.1,1.832,-0.2,1.936,-0.2,2.016,0.0,1.756,0.0,1.828,0.0,1.712
05-07-2026-Thu 14-39-39-PM,-0.1,1.516,-0.1,1.752,-0.2,1.812,-0.4,1.916,-0.1,2.004,-0.1,1.74,0.2,1.808,-0.2,1.696
05-07-2026-Thu 14-39-40-PM,0.1,1.508,0.0,1.736,-0.3,1.8,-0.5,1.9,0.0,1.988,-0.3,1.724,-0.1,1.796,-0.1,1.684
05-07-2026-Thu 14-39-42-PM,-0.3,1.492,0.0,1.724,-0.1,1.784,-0.2,1.88,-0.2,1.976,-0.1,1.712,-0.3,1.78,-0.1,1.676
05-07-2026-Thu 14-39-43-PM,0.0,1.48,0.1,1.704,-0.2,1.768,-0.3,1.868,-0.3,1.964,0.2,1.696,0.0,1.768,0.0,1.66
05-07-2026-Thu 14-39-44-PM,-0.3,1.472,-0.1,1.696,-0.1,1.756,-0.1,1.856,-0.1,1.952,0.0,1.684,0.0,1.756,-0.2,1.656
05-07-2026-Thu 14-39-46-PM,-0.2,1.46,-0.2,1.684,-0.1,1.744,-0.2,1.844,-0.4,1.944,-0.1,1.672,-0.1,1.744,0.1,1.64
05-07-2026-Thu 14-39-47-PM,-0.1,1.448,-0.3,1.672,-0.3,1.728,-0.3,1.828,-0.1,1.928,0.1,1.664,0.1,1.736,0.0,1.632
05-07-2026-Thu 14-39-49-PM,-0.2,1.44,0.0,1.66,-0.3,1.72,-0.2,1.816,-0.1,1.92,0.0,1.648,-0.2,1.724,0.0,1.624
05-07-2026-Thu 14-39-50-PM,-0.2,1.432,-0.3,1.652,-0.3,1.712,-0.2,1.8,-0.1,1.904,0.0,1.644,0.0,1.716,-0.3,1.616
05-07-2026-Thu 14-39-52-PM,-0.1,1.424,0.1,1.636,-0.1,1.696,-0.4,1.792,-0.2,1.896,-0.2,1.632,0.0,1.7,-0.2,1.604
05-07-2026-Thu 14-39-53-PM,-0.1,1.416,-0.1,1.632,-0.2,1.688,-0.3,1.78,-0.2,1.884,-0.1,1.624,0.0,1.692,-0.4,1.596
05-07-2026-Thu 14-39-55-PM,-0.3,1.408,-0.1,1.62,0.1,1.672,-0.4,1.768,-0.3,1.88,0.0,1.608,-0.2,1.684,0.1,1.588
05-07-2026-Thu 14-39-56-PM,0.2,1.4,0.0,1.612,-0.2,1.672,-0.5,1.76,-0.2,1.868,-0.3,1.604,-0.1,1.676,-0.4,1.58
05-07-2026-Thu 14-39-57-PM,-0.2,1.396,-0.5,1.604,-0.2,1.66,-0.4,1.748,-0.1,1.86,-0.3,1.592,0.2,1.664,-0.2,1.572
05-07-2026-Thu 14-39-59-PM,-0.1,1.388,-0.1,1.596,0.0,1.652,-0.3,1.744,-0.3,1.848,-0.1,1.584,0.0,1.656,0.0,1.568
05-07-2026-Thu 14-40-00-PM,0.0,1.384,-0.1,1.588,-0.1,1.648,-0.4,1.732,-0.2,1.84,-0.2,1.58,-0.3,1.648,-0.1,1.56
05-07-2026-Thu 14-40-02-PM,0.0,1.376,0.0,1.576,-0.2,1.636,-0.2,1.724,-0.2,1.836,-0.3,1.568,0.0,1.644,-0.3,1.548
05-07-2026-Thu 14-40-04-PM,-0.1,5.068,0.2,5.064,0.1,5.06,0.1,5.068,0.3,5.06,0.1,5.068,0.3,5.056,0.2,5.056
05-07-2026-Thu 14-40-07-PM,0.2,5.068,0.4,5.064,0.1,5.06,0.0,5.068,0.2,5.06,0.0,5.068,0.1,5.052,0.1,5.056
05-07-2026-Thu 14-40-10-PM,0.0,5.064,0.1,5.064,0.1,5.06,0.2,5.076,0.4,5.056,0.0,5.072,-0.1,5.052,0.2,5.056
05-07-2026-Thu 14-40-13-PM,0.0,5.068,0.0,5.064,-0.1,5.06,-0.1,5.068,0.1,5.056,-0.2,5.068,0.1,5.056,0.2,5.056
05-07-2026-Thu 14-40-15-PM,Power Off
05-07-2026-Thu 14-40-18-PM,Power On
05-07-2026-Thu 14-40-21-PM,0.1,5.068,-0.2,5.064,0.0,5.06,0.0,5.072,0.1,5.056,0.1,5.072,0.1,5.056,-0.3,5.052
05-07-2026-Thu 14-40-22-PM,-0.1,5.068,0.1,5.068,0.2,5.06,-0.1,5.072,0.3,5.06,0.2,5.068,0.2,5.056,0.1,5.052
05-07-2026-Thu 14-40-25-PM,0.3,5.064,0.1,5.064,0.0,5.064,0.0,5.068,0.4,5.06,0.1,5.072,0.2,5.056,0.2,5.052
05-07-2026-Thu 14-40-26-PM,0.1,5.064,0.1,5.064,-0.3,5.06,0.0,5.068,0.0,5.06,0.0,5.068,0.1,5.052,0.2,5.052
05-07-2026-Thu 14-40-28-PM,Power Off
05-07-2026-Thu 14-40-29-PM,-0.1,1.892,-0.1,2.152,-0.1,2.272,-0.2,2.42,-0.1,2.348,0.0,2.148,0.0,2.196,-0.3,2.012
05-07-2026-Thu 14-40-31-PM,-0.1,1.808,-0.2,2.072,-0.2,2.168,-0.5,2.32,-0.2,2.276,-0.1,2.052,0.1,2.116,-0.1,1.94
05-07-2026-Thu 14-40-32-PM,-0.2,1.752,-0.2,2.012,-0.1,2.096,-0.3,2.248,-0.1,2.224,-0.2,1.992,-0.2,2.056,-0.2,1.892
05-07-2026-Thu 14-40-33-PM,-0.5,1.708,-0.1,1.964,-0.2,2.048,-0.7,2.196,-0.1,2.188,-0.1,1.944,-0.3,2.012,-0.2,1.856
05-07-2026-Thu 14-40-35-PM,-0.4,1.672,0.0,1.932,-0.1,2.008,-0.2,2.144,-0.1,2.16,-0.1,1.908,-0.1,1.98,-0.3,1.824
05-07-2026-Thu 14-40-36-PM,-0.4,1.644,-0.3,1.9,-0.4,1.972,-0.6,2.108,-0.2,2.128,-0.2,1.876,-0.2,1.944,-0.2,1.8
05-07-2026-Thu 14-40-38-PM,-0.2,1.616,0.1,1.868,-0.3,1.94,-0.4,2.072,-0.1,2.104,-0.1,1.848,0.0,1.92,-0.1,1.776
05-07-2026-Thu 14-40-39-PM,-0.2,1.592,-0.1,1.844,-0.4,1.916,-0.3,2.04,0.0,2.08,-0.2,1.824,0.1,1.896,-0.1,1.756
05-07-2026-Thu 14-40-42-PM,-0.2,1.552,-0.2,1.8,-0.2,1.868,-0.3,1.988,0.0,2.044,-0.2,1.784,-0.1,1.852,-0.1,1.72
05-07-2026-Thu 14-40-45-PM,-0.2,1.52,0.0,1.764,-0.3,1.828,0.0,1.94,0.0,2.008,-0.1,1.744,0.1,1.812,0.0,1.688
05-07-2026-Thu 14-40-46-PM,-0.1,1.504,0.0,1.744,-0.3,1.808,-0.2,1.924,0.0,1.996,-0.1,1.728,0.0,1.796,-0.2,1.676
05-07-2026-Thu 14-40-47-PM,-0.1,1.492,-0.2,1.732,-0.3,1.792,-0.3,1.904,-0.1,1.98,-0.1,1.712,0.1,1.784,-0.3,1.664
05-07-2026-Thu 14-40-49-PM,-0.2,1.48,-0.1,1.716,-0.2,1.776,-0.4,1.888,-0.3,1.968,-0.1,1.7,0.1,1.768,-0.2,1.652
05-07-2026-Thu 14-40-51-PM,-0.1,1.468,-0.2,1.696,-0.4,1.756,-0.3,1.864,-0.1,1.952,-0.3,1.68,-0.4,1.748,-0.2,1.636
05-07-2026-Thu 14-40-52-PM,-0.3,1.456,-0.3,1.688,-0.2,1.744,-0.4,1.852,-0.3,1.936,-0.3,1.668,-0.3,1.74,-0.3,1.624
05-07-2026-Thu 14-40-53-PM,-0.1,1.444,-0.1,1.672,-0.1,1.732,-0.2,1.836,-0.1,1.924,-0.3,1.66,0.1,1.724,0.0,1.616
05-07-2026-Thu 14-40-55-PM,-0.4,1.436,0.1,1.664,-0.1,1.716,-0.3,1.824,-0.2,1.912,-0.1,1.648,-0.1,1.716,-0.3,1.604
05-07-2026-Thu 14-40-56-PM,-0.2,1.428,-0.1,1.648,-0.2,1.708,-0.5,1.812,0.1,1.904,-0.2,1.636,0.0,1.7,0.1,1.596
05-07-2026-Thu 14-40-58-PM,-0.1,1.42,0.0,1.64,-0.2,1.696,-0.2,1.8,0.0,1.892,-0.4,1.628,-0.1,1.692,-0.1,1.588
05-07-2026-Thu 14-41-00-PM,-0.1,1.408,-0.1,1.624,0.0,1.684,-0.4,1.784,0.0,1.88,-0.1,1.616,-0.4,1.68,-0.2,1.576
05-07-2026-Thu 14-41-01-PM,-0.2,1.4,-0.1,1.616,-0.2,1.672,-0.3,1.772,-0.1,1.868,-0.3,1.6,-0.1,1.672,-0.2,1.568
05-07-2026-Thu 14-41-02-PM,-0.3,1.396,-0.1,1.608,-0.1,1.664,-0.1,1.764,0.3,1.86,-0.1,1.596,0.1,1.66,-0.2,1.56
05-07-2026-Thu 14-41-04-PM,-0.3,1.384,-0.2,1.592,-0.3,1.648,-0.2,1.752,0.0,1.848,0.0,1.584,-0.2,1.648,0.0,1.548
05-07-2026-Thu 14-41-06-PM,-0.1,1.376,0.0,1.588,0.1,1.64,-0.1,1.74,0.1,1.84,-0.1,1.576,-0.3,1.64,-0.2,1.544
05-07-2026-Thu 14-41-07-PM,-0.2,1.372,-0.2,1.58,-0.3,1.636,-0.5,1.732,-0.3,1.832,0.0,1.568,-0.4,1.632,-0.1,1.54
05-07-2026-Thu 14-41-08-PM,-0.1,1.368,-0.1,1.572,-0.1,1.624,-0.3,1.724,0.0,1.82,0.0,1.56,-0.2,1.628,-0.3,1.532
05-07-2026-Thu 14-41-10-PM,-0.3,1.36,-0.4,1.56,-0.6,1.616,0.0,1.712,-0.2,1.812,-0.1,1.548,-0.1,1.62,0.0,1.524
05-07-2026-Thu 14-41-11-PM,-0.2,1.356,-0.3,1.556,-0.2,1.608,0.0,1.704,0.0,1.804,0.0,1.544,-0.3,1.612,0.0,1.516
05-07-2026-Thu 14-41-13-PM,-0.1,1.348,-0.2,1.548,0.3,1.604,-0.2,1.696,-0.1,1.796,-0.2,1.536,0.0,1.604,-0.1,1.512
05-07-2026-Thu 14-41-14-PM,-0.2,1.344,-0.2,1.54,-0.2,1.596,-0.2,1.688,-0.2,1.792,-0.2,1.532,-0.1,1.596,-0.3,1.504
05-07-2026-Thu 14-41-15-PM,-0.1,1.336,-0.2,1.532,-0.1,1.588,0.0,1.68,-0.1,1.788,0.2,1.524,0.0,1.588,0.0,1.5
05-07-2026-Thu 14-41-17-PM,-0.5,1.336,-0.2,1.528,-0.3,1.58,-0.4,1.676,0.1,1.776,-0.3,1.52,-0.1,1.584,0.1,1.492
05-07-2026-Thu 14-41-18-PM,-0.1,1.328,0.1,1.52,0.0,1.576,-0.5,1.668,0.0,1.772,-0.3,1.516,-0.1,1.576,-0.3,1.488
05-07-2026-Thu 14-41-20-PM,-0.2,1.324,0.0,1.512,0.0,1.568,-0.3,1.66,-0.1,1.76,-0.1,1.504,-0.1,1.572,-0.2,1.484
05-07-2026-Thu 14-41-21-PM,-0.5,1.32,0.0,1.508,-0.4,1.56,-0.3,1.656,-0.2,1.756,-0.1,1.5,-0.1,1.564,-0.1,1.476
05-07-2026-Thu 14-41-23-PM,-0.1,1.316,-0.1,1.504,0.1,1.552,-0.2,1.648,0.1,1.748,-0.2,1.492,-0.1,1.556,-0.2,1.472
05-07-2026-Thu 14-41-24-PM,0.0,1.312,-0.1,1.496,-0.1,1.548,-0.4,1.636,0.1,1.744,-0.1,1.488,-0.1,1.552,-0.2,1.468
05-07-2026-Thu 14-41-25-PM,0.1,1.308,0.0,1.492,-0.3,1.54,-0.3,1.636,-0.2,1.736,0.0,1.48,-0.1,1.548,0.1,1.464
05-07-2026-Thu 14-41-27-PM,-0.2,1.308,-0.1,1.488,-0.2,1.54,-0.1,1.628,0.0,1.728,0.1,1.476,-0.3,1.54,-0.3,1.46
05-07-2026-Thu 14-41-28-PM,0.0,1.304,-0.2,1.48,-0.1,1.532,-0.2,1.62,-0.2,1.724,0.0,1.468,-0.1,1.536,-0.3,1.452
05-07-2026-Thu 14-41-30-PM,-0.1,1.3,0.0,1.476,-0.4,1.524,-0.4,1.616,0.0,1.712,0.1,1.468,-0.3,1.532,-0.1,1.448
05-07-2026-Thu 14-41-31-PM,-0.1,1.296,-0.1,1.468,0.0,1.52,-0.3,1.612,-0.1,1.712,0.0,1.464,-0.2,1.528,-0.2,1.444
05-07-2026-Thu 14-41-32-PM,-0.5,1.292,-0.1,1.468,-0.1,1.512,0.0,1.604,-0.1,1.704,-0.2,1.456,-0.3,1.524,0.0,1.44
05-07-2026-Thu 14-41-34-PM,-0.4,1.288,-0.1,1.464,-0.2,1.508,-0.2,1.6,-0.1,1.7,0.0,1.456,0.2,1.516,-0.2,1.436
05-07-2026-Thu 14-41-35-PM,-0.3,1.284,-0.2,1.456,-0.1,1.504,-0.3,1.592,-0.2,1.696,-0.3,1.448,-0.1,1.508,-0.1,1.432
05-07-2026-Thu 14-41-37-PM,Power On
05-07-2026-Thu 14-41-38-PM,-0.1,5.064,0.1,5.068,0.1,5.06,0.2,5.068,0.1,5.06,0.1,5.068,0.1,5.056,0.0,5.056
05-07-2026-Thu 14-41-40-PM,0.4,5.064,0.1,5.064,0.0,5.06,0.0,5.072,0.2,5.06,0.2,5.072,0.0,5.052,0.1,5.056
05-07-2026-Thu 14-41-41-PM,0.0,5.068,0.1,5.064,-0.1,5.06,0.3,5.068,0.0,5.06,0.2,5.068,-0.1,5.056,0.1,5.056
05-07-2026-Thu 14-41-42-PM,0.1,5.068,0.1,5.064,0.1,5.06,-0.1,5.072,0.2,5.064,0.2,5.068,0.4,5.056,0.3,5.056
05-07-2026-Thu 14-41-43-PM,Power Off
05-07-2026-Thu 14-41-45-PM,-0.1,1.604,-0.2,1.82,-0.3,1.96,-0.2,2.144,0.1,2.056,-0.2,1.852,0.0,1.904,-0.2,1.736
05-07-2026-Thu 14-41-46-PM,-0.2,1.532,-0.3,1.748,-0.4,1.856,-0.1,2.032,0.0,1.98,-0.1,1.752,-0.1,1.824,-0.2,1.668
05-07-2026-Thu 14-41-48-PM,-0.1,1.484,-0.2,1.7,-0.2,1.796,-0.3,1.96,-0.2,1.928,-0.2,1.696,0.0,1.772,0.0,1.624
05-07-2026-Thu 14-41-49-PM,0.0,1.452,-0.1,1.664,0.0,1.748,-0.5,1.908,0.1,1.892,-0.1,1.656,0.1,1.732,-0.1,1.596
05-07-2026-Thu 14-41-50-PM,-0.2,1.428,-0.3,1.636,-0.4,1.716,-0.2,1.868,-0.3,1.868,-0.3,1.624,0.1,1.704,-0.2,1.568
05-07-2026-Thu 14-41-52-PM,-0.4,1.408,-0.1,1.616,-0.3,1.692,-0.3,1.832,0.1,1.844,-0.2,1.6,-0.1,1.68,-0.2,1.552
05-07-2026-Thu 14-41-53-PM,-0.3,1.392,-0.3,1.596,-0.1,1.664,-0.5,1.804,-0.2,1.824,-0.1,1.58,-0.1,1.656,0.1,1.532
05-07-2026-Thu 14-41-55-PM,-0.1,1.376,-0.1,1.576,-0.3,1.644,-0.2,1.78,-0.2,1.812,-0.2,1.564,0.0,1.64,0.0,1.52
05-07-2026-Thu 14-41-56-PM,0.0,1.364,-0.3,1.56,0.1,1.628,-0.3,1.756,-0.2,1.792,-0.2,1.548,-0.2,1.624,-0.3,1.508
05-07-2026-Thu 14-41-57-PM,-0.1,1.352,-0.1,1.548,-0.2,1.612,-0.5,1.736,-0.4,1.78,-0.2,1.532,-0.6,1.608,-0.2,1.496
05-07-2026-Thu 14-41-59-PM,-0.4,1.344,-0.1,1.536,-0.2,1.596,-0.2,1.72,0.0,1.772,0.0,1.52,-0.1,1.592,0.0,1.488
05-07-2026-Thu 14-42-00-PM,-0.1,1.336,-0.2,1.524,-0.2,1.584,-0.4,1.704,-0.1,1.756,-0.1,1.512,-0.3,1.584,-0.1,1.476
05-07-2026-Thu 14-42-02-PM,-0.2,1.324,-0.3,1.512,-0.3,1.572,-0.4,1.688,-0.1,1.744,-0.3,1.5,-0.4,1.572,0.1,1.468
05-07-2026-Thu 14-42-03-PM,-0.3,1.316,-0.2,1.508,-0.2,1.56,-0.2,1.676,-0.1,1.736,-0.3,1.488,-0.1,1.564,-0.2,1.46
05-07-2026-Thu 14-42-04-PM,-0.3,1.312,-0.1,1.496,-0.4,1.552,-0.2,1.664,-0.2,1.724,-0.3,1.48,-0.2,1.548,0.0,1.452
05-07-2026-Thu 14-42-06-PM,-0.2,1.304,-0.3,1.488,-0.2,1.54,0.0,1.652,-0.2,1.72,-0.1,1.472,0.0,1.544,-0.4,1.444
05-07-2026-Thu 14-42-07-PM,Power On
05-07-2026-Thu 14-42-08-PM,0.1,5.064,0.1,5.064,0.1,5.06,0.1,5.068,0.1,5.056,0.3,5.068,0.1,5.052,0.1,5.056
05-07-2026-Thu 14-42-10-PM,0.1,5.064,0.2,5.064,0.2,5.056,0.0,5.068,0.3,5.056,0.1,5.068,0.3,5.052,-0.1,5.056
05-07-2026-Thu 14-42-11-PM,0.1,5.064,0.0,5.064,0.1,5.06,0.0,5.072,0.2,5.056,0.3,5.068,0.3,5.052,0.0,5.052
05-07-2026-Thu 14-42-12-PM,-0.1,5.068,0.0,5.064,0.1,5.06,0.0,5.068,0.3,5.06,0.2,5.068,0.1,5.052,0.1,5.056
05-07-2026-Thu 14-42-14-PM,0.0,5.064,0.0,5.068,0.3,5.06,0.1,5.072,0.1,5.06,0.2,5.068,0.4,5.052,0.2,5.056
05-07-2026-Thu 14-42-15-PM,Power Off
05-07-2026-Thu 14-42-17-PM,-0.3,1.62,0.0,1.836,-0.2,1.976,-0.3,2.156,-0.2,2.06,-0.2,1.856,0.0,1.912,-0.2,1.732
05-07-2026-Thu 14-42-18-PM,0.0,1.548,-0.3,1.768,0.0,1.872,-0.3,2.06,-0.1,1.984,-0.2,1.764,-0.3,1.836,-0.2,1.672
05-07-2026-Thu 14-42-19-PM,-0.2,1.5,0.0,1.716,-0.3,1.804,-0.3,1.984,-0.3,1.936,-0.1,1.704,0.0,1.78,-0.3,1.624
05-07-2026-Thu 14-42-21-PM,-0.2,1.464,-0.2,1.68,-0.2,1.764,-0.2,1.932,-0.1,1.9,-0.2,1.664,-0.4,1.74,-0.1,1.596
05-07-2026-Thu 14-42-22-PM,0.1,1.436,-0.1,1.648,0.2,1.728,-0.4,1.888,0.1,1.872,0.0,1.632,-0.2,1.712,-0.1,1.572
05-07-2026-Thu 14-42-24-PM,0.1,1.416,-0.1,1.624,-0.3,1.7,-0.6,1.852,-0.1,1.848,-0.2,1.608,0.0,1.684,-0.3,1.552
05-07-2026-Thu 14-42-25-PM,-0.1,1.396,-0.2,1.608,-0.3,1.672,-0.3,1.824,-0.1,1.828,-0.2,1.584,0.1,1.664,0.0,1.536
05-07-2026-Thu 14-42-26-PM,0.1,1.384,-0.1,1.588,-0.2,1.656,-0.4,1.796,0.2,1.808,0.0,1.568,-0.2,1.648,-0.2,1.52
05-07-2026-Thu 14-42-28-PM,0.0,1.372,-0.1,1.572,0.2,1.636,-0.1,1.772,-0.1,1.796,-0.3,1.552,-0.1,1.624,-0.1,1.508
05-07-2026-Thu 14-42-29-PM,-0.2,1.36,-0.2,1.556,-0.2,1.616,-0.2,1.752,-0.2,1.78,-0.2,1.536,-0.2,1.612,0.0,1.496
05-07-2026-Thu 14-42-31-PM,-0.2,1.348,-0.1,1.544,-0.2,1.604,-0.1,1.736,0.0,1.768,0.0,1.52,0.0,1.596,-0.2,1.484
05-07-2026-Thu 14-42-32-PM,-0.3,1.34,0.0,1.528,-0.1,1.592,-0.4,1.72,0.0,1.756,-0.1,1.512,0.0,1.584,-0.2,1.476
05-07-2026-Thu 14-42-33-PM,0.0,1.332,-0.3,1.52,-0.2,1.576,-0.4,1.704,-0.1,1.748,-0.1,1.504,0.1,1.572,-0.1,1.464
05-07-2026-Thu 14-42-35-PM,0.1,1.324,-0.2,1.508,0.0,1.564,-0.4,1.692,-0.5,1.736,0.0,1.492,-0.1,1.56,-0.1,1.456
05-07-2026-Thu 14-42-36-PM,-0.3,1.316,-0.1,1.496,-0.4,1.552,-0.3,1.676,0.0,1.724,-0.1,1.48,-0.2,1.552,-0.3,1.448
05-07-2026-Thu 14-42-37-PM,-0.1,1.304,-0.3,1.496,-0.3,1.544,-0.3,1.66,-0.2,1.712,-0.1,1.472,0.2,1.54,-0.1,1.44
05-07-2026-Thu 14-42-39-PM,-0.2,1.304,-0.3,1.484,-0.2,1.532,-0.4,1.652,-0.2,1.708,-0.1,1.464,0.0,1.532,-0.2,1.432
05-07-2026-Thu 14-42-41-PM,-0.2,1.296,-0.3,1.472,0.0,1.52,-0.3,1.636,0.1,1.696,-0.2,1.456,-0.1,1.52,0.2,1.424
05-07-2026-Thu 14-42-42-PM,-0.2,1.288,-0.2,1.468,-0.2,1.516,-0.5,1.628,-0.2,1.688,-0.1,1.448,-0.1,1.516,-0.1,1.42
05-07-2026-Thu 14-42-43-PM,0.0,1.288,-0.4,1.456,-0.3,1.508,-0.1,1.62,0.0,1.68,-0.3,1.44,-0.3,1.504,-0.2,1.412
05-07-2026-Thu 14-42-45-PM,-0.1,1.284,-0.1,1.448,-0.1,1.5,-0.5,1.608,-0.3,1.676,0.0,1.436,0.0,1.5,0.0,1.408
05-07-2026-Thu 14-42-46-PM,-0.3,1.276,-0.1,1.448,-0.2,1.492,-0.2,1.6,0.0,1.664,-0.1,1.428,-0.5,1.492,-0.3,1.404
05-07-2026-Thu 14-42-47-PM,Power On
05-07-2026-Thu 14-42-49-PM,0.0,5.064,0.4,5.064,0.0,5.064,0.3,5.068,0.0,5.056,0.2,5.068,0.1,5.056,0.2,5.052
05-07-2026-Thu 14-42-50-PM,-0.1,5.064,0.1,5.064,0.2,5.06,0.0,5.072,0.0,5.06,0.1,5.068,0.0,5.052,0.0,5.056
05-07-2026-Thu 14-42-52-PM,0.1,5.068,0.0,5.064,0.2,5.06,-0.3,5.068,0.2,5.06,0.1,5.072,0.0,5.056,-0.1,5.056
05-07-2026-Thu 14-42-53-PM,-0.2,5.064,0.3,5.064,0.0,5.06,0.0,5.072,0.1,5.06,0.2,5.072,0.1,5.056,0.1,5.056
05-07-2026-Thu 14-42-54-PM,0.0,5.068,0.1,5.064,0.0,5.06,0.0,5.072,0.0,5.06,0.1,5.072,0.3,5.056,0.2,5.056
05-07-2026-Thu 14-42-56-PM,Power Off
05-07-2026-Thu 14-42-57-PM,-0.3,1.58,-0.1,1.784,0.1,1.924,-0.3,2.116,-0.2,2.012,-0.3,1.812,-0.1,1.856,-0.3,1.688
05-07-2026-Thu 14-42-58-PM,-0.2,1.512,0.0,1.72,-0.2,1.82,-0.2,2.012,-0.1,1.936,0.0,1.716,-0.3,1.784,-0.3,1.624
05-07-2026-Thu 14-43-00-PM,Power On
05-07-2026-Thu 14-43-01-PM,-0.1,5.068,0.2,5.064,0.3,5.06,0.0,5.072,0.0,5.06,0.4,5.068,0.2,5.056,0.1,5.056
05-07-2026-Thu 14-43-02-PM,0.2,5.068,-0.1,5.064,0.1,5.06,-0.1,5.072,0.0,5.06,0.1,5.072,0.0,5.052,0.0,5.056
05-07-2026-Thu 14-43-04-PM,-0.1,5.068,0.4,5.064,-0.2,5.06,-0.1,5.068,0.1,5.06,0.1,5.068,0.4,5.052,0.2,5.056
05-07-2026-Thu 14-43-05-PM,-0.1,5.064,0.3,5.064,0.1,5.06,-0.1,5.068,0.1,5.06,0.0,5.068,0.1,5.056,0.3,5.056
05-07-2026-Thu 14-43-06-PM,-0.4,5.064,0.2,5.064,0.0,5.06,0.0,5.068,0.3,5.06,0.1,5.068,0.1,5.056,0.3,5.056
05-07-2026-Thu 14-43-08-PM,0.1,5.064,0.1,5.064,0.0,5.06,0.0,5.068,0.3,5.06,0.1,5.072,0.0,5.056,0.0,5.056
05-07-2026-Thu 14-43-11-PM,0.0,5.068,0.0,5.064,0.0,5.06,0.2,5.068,0.2,5.064,0.1,5.068,0.3,5.056,0.1,5.056
05-07-2026-Thu 14-43-13-PM,-0.1,5.064,-0.2,5.068,0.1,5.06,0.3,5.072,0.4,5.06,0.2,5.068,0.0,5.056,0.5,5.056
05-07-2026-Thu 14-43-16-PM,-0.2,1.688,-0.2,1.92,-0.3,2.048,-0.2,2.228,-0.2,2.12,0.0,1.92,-0.2,1.968,-0.1,1.788
05-07-2026-Thu 14-43-19-PM,0.0,1.568,-0.2,1.796,-0.3,1.88,-0.1,2.056,0.0,1.996,-0.2,1.768,-0.2,1.836,0.0,1.676
05-07-2026-Thu 14-43-21-PM,-0.1,1.536,0.2,1.76,-0.1,1.836,-0.4,2.008,-0.2,1.96,-0.1,1.724,0.1,1.8,-0.1,1.648
05-07-2026-Thu 14-43-22-PM,-0.4,1.504,-0.1,1.728,-0.1,1.8,-0.3,1.968,-0.1,1.932,-0.1,1.7,-0.1,1.768,-0.2,1.62
05-07-2026-Thu 14-43-23-PM,-0.3,1.48,-0.3,1.7,-0.2,1.768,-0.4,1.932,0.0,1.908,-0.2,1.672,-0.2,1.74,0.2,1.6
05-07-2026-Thu 14-43-25-PM,-0.1,1.46,-0.2,1.68,-0.2,1.744,-0.4,1.9,-0.1,1.888,-0.1,1.648,-0.3,1.72,-0.1,1.584
05-07-2026-Thu 14-43-26-PM,0.0,1.44,-0.1,1.656,-0.3,1.716,-0.2,1.864,-0.2,1.868,-0.3,1.624,-0.1,1.692,0.1,1.564
05-07-2026-Thu 14-43-28-PM,-0.1,1.42,-0.2,1.632,-0.3,1.692,-0.4,1.832,-0.2,1.844,-0.1,1.604,-0.4,1.672,-0.1,1.544
05-07-2026-Thu 14-43-30-PM,-0.3,1.408,0.2,1.612,-0.2,1.672,-0.1,1.812,-0.2,1.828,0.2,1.588,-0.3,1.652,0.0,1.536
05-07-2026-Thu 14-43-31-PM,-0.4,1.396,0.0,1.6,-0.2,1.656,-0.4,1.796,-0.1,1.812,-0.2,1.576,0.0,1.636,-0.1,1.524
05-07-2026-Thu 14-43-32-PM,-0.2,1.384,-0.1,1.588,-0.2,1.636,-0.3,1.776,-0.3,1.8,-0.3,1.56,-0.3,1.624,-0.2,1.508
05-07-2026-Thu 14-43-34-PM,-0.2,1.372,-0.1,1.568,-0.3,1.62,-0.4,1.756,-0.2,1.792,0.0,1.544,-0.3,1.604,0.1,1.5
05-07-2026-Thu 14-43-37-PM,-0.4,1.352,0.0,1.544,-0.2,1.596,-0.1,1.72,-0.1,1.764,0.1,1.524,0.0,1.584,-0.1,1.48
05-07-2026-Thu 14-43-40-PM,-0.2,1.336,0.0,1.524,-0.3,1.572,-0.4,1.696,-0.1,1.744,-0.1,1.504,-0.4,1.564,-0.2,1.464
05-07-2026-Thu 14-43-42-PM,-0.3,1.324,0.0,1.508,-0.3,1.552,-0.4,1.672,-0.1,1.72,-0.1,1.484,0.1,1.544,0.0,1.448
05-07-2026-Thu 14-43-44-PM,-0.2,1.32,-0.1,1.496,0.0,1.544,-0.3,1.664,0.0,1.712,-0.2,1.476,-0.3,1.536,-0.3,1.44
05-07-2026-Thu 14-43-46-PM,-0.1,1.312,0.0,1.488,0.1,1.532,-0.2,1.648,-0.1,1.704,0.1,1.468,0.0,1.524,-0.2,1.432
05-07-2026-Thu 14-43-47-PM,-0.3,1.308,-0.2,1.48,-0.2,1.524,-0.2,1.636,0.0,1.696,-0.1,1.46,0.0,1.516,-0.1,1.424
05-07-2026-Thu 14-43-48-PM,-0.3,1.304,-0.1,1.472,-0.2,1.516,-0.2,1.628,-0.1,1.688,-0.1,1.452,-0.1,1.508,0.0,1.42
05-07-2026-Thu 14-43-50-PM,Power On
05-07-2026-Thu 14-43-51-PM,-0.2,5.064,0.0,5.064,0.3,5.056,0.0,5.072,0.4,5.056,0.2,5.072,0.1,5.056,0.0,5.056
05-07-2026-Thu 14-43-52-PM,-0.2,5.064,0.0,5.064,0.3,5.06,-0.2,5.072,0.5,5.06,0.0,5.064,0.2,5.056,0.3,5.052
05-07-2026-Thu 14-43-54-PM,-0.1,5.064,-0.1,5.06,0.1,5.06,-0.1,5.072,0.1,5.06,0.2,5.072,0.0,5.056,0.0,5.056
05-07-2026-Thu 14-43-56-PM,Power Off
05-07-2026-Thu 14-43-58-PM,-0.5,1.544,-0.3,1.74,-0.2,1.876,-0.5,2.056,-0.2,1.968,-0.1,1.768,-0.1,1.808,-0.1,1.648
05-07-2026-Thu 14-43-59-PM,-0.2,1.484,-0.1,1.684,-0.1,1.78,-0.4,1.968,0.0,1.896,0.0,1.684,-0.2,1.74,-0.1,1.588
05-07-2026-Thu 14-44-01-PM,0.0,1.444,0.0,1.644,-0.2,1.728,-0.2,1.904,-0.2,1.856,-0.2,1.636,-0.3,1.696,-0.1,1.552
05-07-2026-Thu 14-44-02-PM,-0.1,1.416,-0.3,1.608,-0.1,1.688,0.0,1.852,0.0,1.824,0.0,1.6,-0.3,1.66,-0.1,1.528
05-07-2026-Thu 14-44-03-PM,-0.2,1.396,-0.3,1.584,-0.2,1.652,0.0,1.812,0.1,1.796,0.0,1.568,-0.1,1.628,-0.3,1.504
05-07-2026-Thu 14-44-06-PM,-0.1,1.36,-0.1,1.544,-0.1,1.608,-0.2,1.756,0.0,1.756,-0.1,1.528,0.0,1.588,-0.2,1.476
05-07-2026-Thu 14-44-08-PM,-0.2,1.348,-0.4,1.532,-0.1,1.588,-0.3,1.732,-0.2,1.74,-0.2,1.512,0.0,1.572,-0.2,1.46
05-07-2026-Thu 14-44-09-PM,-0.4,1.336,-0.1,1.512,-0.2,1.572,-0.6,1.712,0.1,1.728,-0.1,1.496,0.1,1.56,0.1,1.452
05-07-2026-Thu 14-44-10-PM,-0.1,1.328,0.1,1.504,-0.3,1.556,-0.2,1.692,-0.2,1.716,0.0,1.48,-0.3,1.544,0.1,1.44
05-07-2026-Thu 14-44-12-PM,-0.2,1.32,-0.2,1.492,-0.4,1.544,-0.4,1.676,-0.4,1.7,-0.1,1.472,-0.3,1.532,-0.2,1.432
05-07-2026-Thu 14-44-13-PM,-0.6,1.312,-0.1,1.48,-0.3,1.532,-0.2,1.656,-0.3,1.692,0.0,1.46,-0.2,1.52,-0.2,1.424
