Timestamp,T1 - COM14,T2 - COM4,T3 - COM6,T4 - COM18,T5 - COM16,T6 - COM16,T7 - COM14,T8 - COM14
05-07-2026-Thu 13-00-13-PM,22.7597,23.2323,23.0299,24.957,22.996,23.0299,
05-07-2026-Thu 13-00-15-PM,22.7251,23.2323,23.0629,24.957,23.0299,23.0629,
05-07-2026-Thu 13-00-16-PM,22.7251,23.2323,23.0976,24.957,23.0299,23.0299,
05-07-2026-Thu 13-00-17-PM,22.7251,23.1992,23.0629,24.8893,22.996,23.0629,
05-07-2026-Thu 13-00-19-PM,22.7597,23.2323,23.1315,24.8893,23.0299,23.0629,
05-07-2026-Thu 13-00-20-PM,22.7597,23.2323,23.0976,24.8893,22.996,23.0629,
05-07-2026-Thu 13-00-22-PM,22.7597,23.2323,23.0299,24.8893,22.996,23.0629,
05-07-2026-Thu 13-00-23-PM,22.7597,23.1992,23.0976,24.957,23.0299,23.0629,
05-07-2026-Thu 13-00-24-PM,22.7597,23.2323,23.0299,24.8893,23.0299,23.0299,
05-07-2026-Thu 13-00-26-PM,22.7251,23.1992,23.0299,24.9232,22.996,23.0629,
05-07-2026-Thu 13-00-27-PM,22.7597,23.1992,23.0299,24.9232,23.0299,23.0629,
05-07-2026-Thu 13-00-29-PM,22.7597,23.1992,23.0629,24.8893,22.996,23.0629,
05-07-2026-Thu 13-00-30-PM,22.7597,23.1992,23.0629,24.8893,22.996,23.0629,
05-07-2026-Thu 13-00-31-PM,22.7597,23.1992,23.0629,24.8562,23.0299,23.0629,
05-07-2026-Thu 13-00-33-PM,22.7251,23.1992,22.996,24.957,23.0299,23.0299,
05-07-2026-Thu 13-00-34-PM,23.0299,23.5371,23.0629,24.8562,22.996,23.0976,
05-07-2026-Thu 13-00-35-PM,22.7928,23.3,23.0299,24.9232,23.0299,23.1315,
05-07-2026-Thu 13-00-37-PM,23.0976,23.3,23.0299,24.8562,22.9283,23.0629,
05-07-2026-Thu 13-00-38-PM,22.9621,23.1992,23.0299,24.8893,22.996,23.0629,
05-07-2026-Thu 13-00-40-PM,22.7251,23.1992,22.996,24.9232,22.996,23.0629,
05-07-2026-Thu 13-00-41-PM,22.7597,23.1992,23.0629,24.8893,22.996,23.0629,
05-07-2026-Thu 13-00-43-PM,22.7597,23.1992,23.0299,24.9232,22.996,23.0976,
05-07-2026-Thu 13-00-44-PM,22.7597,23.1992,23.0976,24.8562,22.996,23.0629,
05-07-2026-Thu 13-00-46-PM,22.7597,23.1992,23.0299,24.8893,22.996,23.0629,
05-07-2026-Thu 13-00-47-PM,22.7597,23.1992,22.9621,24.8893,22.996,23.0629,
05-07-2026-Thu 13-00-48-PM,22.7597,23.1992,22.996,24.8562,22.996,23.0629,
05-07-2026-Thu 13-00-50-PM,22.7597,23.1992,23.0629,24.8893,22.9621,23.0629,
05-07-2026-Thu 13-00-51-PM,22.7597,23.1645,23.0629,24.8562,22.996,23.0629,
05-07-2026-Thu 13-00-53-PM,22.7251,23.1992,22.996,24.8893,22.996,23.0629,
05-07-2026-Thu 13-00-54-PM,22.7597,23.1645,22.996,24.8893,22.996,23.0629,
05-07-2026-Thu 13-00-55-PM,22.7597,23.1992,22.9621,24.8893,22.996,23.0299,
05-07-2026-Thu 13-00-57-PM,22.7597,23.1645,22.996,24.8562,22.996,23.0299,
05-07-2026-Thu 13-00-58-PM,22.7597,23.1645,22.996,24.8562,22.9621,23.0299,
05-07-2026-Thu 13-01-00-PM,22.7597,23.1315,22.9621,24.8562,22.996,23.0629,
05-07-2026-Thu 13-01-01-PM,22.7251,23.1315,23.0299,24.8893,22.9621,23.0629,
05-07-2026-Thu 13-01-03-PM,22.7251,23.1645,23.0299,24.8893,22.996,23.0299,
05-07-2026-Thu 13-01-04-PM,22.7251,23.1645,22.996,24.8562,22.996,23.0629,
05-07-2026-Thu 13-01-05-PM,22.7251,23.1645,23.0299,24.8893,22.9621,23.0629,
05-07-2026-Thu 13-01-07-PM,22.7597,23.1315,22.9283,24.8562,22.996,23.0299,
05-07-2026-Thu 13-01-08-PM,22.7251,23.1315,22.996,24.8893,22.9621,23.0629,
05-07-2026-Thu 13-01-10-PM,22.7597,23.1315,22.996,24.8562,22.9621,23.0629,
05-07-2026-Thu 13-01-11-PM,22.7251,23.1315,22.9621,24.8562,22.996,23.0299,
05-07-2026-Thu 13-01-12-PM,22.7251,23.1315,22.9621,24.7877,22.996,23.0629,
05-07-2026-Thu 13-01-14-PM,22.7251,23.1315,22.996,24.8216,22.996,23.0299,
05-07-2026-Thu 13-01-15-PM,22.7251,23.0976,22.996,24.8562,22.9621,23.0299,
05-07-2026-Thu 13-01-16-PM,22.692,23.1315,22.996,24.8562,22.9621,23.0629,
05-07-2026-Thu 13-01-18-PM,23.0299,23.6387,22.9283,24.7877,22.996,23.1315,
05-07-2026-Thu 13-01-19-PM,22.9283,23.4016,22.9621,24.8562,22.9621,23.1645,
05-07-2026-Thu 13-01-21-PM,23.0629,23.3677,22.8944,24.8562,22.9283,23.0976,
05-07-2026-Thu 13-01-22-PM,23.2323,23.1992,22.996,24.8893,22.9621,23.1315,
05-07-2026-Thu 13-01-24-PM,22.8267,23.3,22.996,24.8562,22.996,23.1645,
05-07-2026-Thu 13-01-25-PM,23.1645,23.5371,22.9283,24.8562,22.9621,23.1315,
05-07-2026-Thu 13-01-26-PM,22.9283,23.3677,22.996,24.8893,22.996,23.0976,
05-07-2026-Thu 13-01-28-PM,22.7251,23.1315,22.9621,24.8562,22.9283,23.0976,
05-07-2026-Thu 13-01-29-PM,22.7597,23.1315,22.9621,24.8893,22.9621,23.0976,
05-07-2026-Thu 13-01-30-PM,22.7928,23.1315,22.9621,24.8216,22.996,23.0629,
05-07-2026-Thu 13-01-32-PM,22.7597,23.1315,22.9283,24.8562,22.9621,23.0976,
05-07-2026-Thu 13-01-33-PM,22.7597,23.1315,22.996,24.8893,22.9621,23.0629,
05-07-2026-Thu 13-01-35-PM,22.7597,23.1645,23.0299,24.8216,22.9621,23.0629,
05-07-2026-Thu 13-01-36-PM,22.7597,23.1315,22.9283,24.8893,22.9621,23.0629,
05-07-2026-Thu 13-01-37-PM,22.7251,23.1315,22.9283,24.8893,22.9621,23.0976,
05-07-2026-Thu 13-01-39-PM,22.7597,23.1315,22.9621,24.8562,22.9621,23.0629,
05-07-2026-Thu 13-01-40-PM,22.692,23.0976,22.9621,24.8216,22.9283,23.0629,
05-07-2026-Thu 13-01-42-PM,22.7597,23.1315,22.9621,24.8216,22.9621,23.0629,
05-07-2026-Thu 13-01-43-PM,22.7597,23.1315,22.9283,24.8216,22.9621,23.0629,
05-07-2026-Thu 13-01-44-PM,22.7597,23.1315,22.9621,24.8893,22.9621,23.0629,
05-07-2026-Thu 13-01-46-PM,22.7251,23.0976,22.9621,24.7877,22.9283,23.0629,
05-07-2026-Thu 13-01-47-PM,22.7251,23.0976,22.8944,24.8562,22.9621,23.0629,
05-07-2026-Thu 13-01-49-PM,22.7251,23.0976,22.996,24.8562,22.9621,23.0976,
05-07-2026-Thu 13-01-50-PM,22.7251,23.0976,22.9283,24.8216,22.9283,23.0629,
05-07-2026-Thu 13-01-51-PM,22.7251,23.0976,22.8944,24.8216,22.9621,23.0629,
05-07-2026-Thu 13-01-53-PM,22.7251,23.0629,22.9283,24.8216,22.9621,23.0629,
05-07-2026-Thu 13-01-54-PM,22.7251,23.0976,22.8944,24.8216,22.9621,23.0629,
05-07-2026-Thu 13-01-56-PM,22.7251,23.0976,22.8605,24.7877,22.9621,23.0629,
05-07-2026-Thu 13-01-57-PM,22.7251,23.0629,22.8267,24.7877,22.9621,23.0629,
05-07-2026-Thu 13-01-58-PM,22.7251,23.0629,22.8605,24.7877,22.9283,23.0629,
05-07-2026-Thu 13-02-00-PM,22.7251,23.0629,22.7928,24.8216,22.9621,23.0629,
05-07-2026-Thu 13-02-01-PM,22.7251,23.0629,22.8267,24.8216,22.9621,23.0629,
05-07-2026-Thu 13-02-03-PM,22.692,23.0299,22.7928,24.7877,22.9283,23.0629,
05-07-2026-Thu 13-02-04-PM,22.692,23.0299,22.7597,24.7877,22.9283,23.0629,
05-07-2026-Thu 13-02-06-PM,22.692,23.0629,22.7251,24.7546,22.9283,23.0629,
05-07-2026-Thu 13-02-07-PM,22.692,23.0299,22.7251,24.72,22.9283,23.0629,
05-07-2026-Thu 13-02-08-PM,22.692,22.996,22.7251,24.7877,22.8944,23.0629,
05-07-2026-Thu 13-02-10-PM,22.692,23.0299,22.7251,24.7546,22.9283,23.0299,
05-07-2026-Thu 13-02-12-PM,22.6581,23.0299,22.6581,24.7546,22.8944,23.0299,
05-07-2026-Thu 13-02-13-PM,22.6581,22.9621,22.6581,24.7877,22.8944,23.0629,
05-07-2026-Thu 13-02-15-PM,22.6581,22.9621,22.6581,24.6869,22.8944,23.0629,
05-07-2026-Thu 13-02-16-PM,22.6243,22.9621,22.6243,24.653,22.8605,22.996,
05-07-2026-Thu 13-02-17-PM,22.6581,22.9621,22.5565,24.6869,22.8605,23.0299,
05-07-2026-Thu 13-02-19-PM,22.6243,22.9621,22.5227,24.6869,22.8605,22.996,
05-07-2026-Thu 13-02-20-PM,22.6243,22.9621,22.5565,24.6869,22.8605,23.0299,
05-07-2026-Thu 13-02-22-PM,22.5904,22.9283,22.5565,24.6192,22.8605,22.996,
05-07-2026-Thu 13-02-23-PM,22.5565,22.9283,22.4888,24.6192,22.8267,23.0299,
05-07-2026-Thu 13-02-24-PM,22.5565,22.9283,22.4888,24.6192,22.8605,22.996,
05-07-2026-Thu 13-02-26-PM,22.5565,22.8944,22.4549,24.6192,22.7928,22.996,
05-07-2026-Thu 13-02-27-PM,22.5565,22.8605,22.4549,24.5853,22.7928,22.9621,
05-07-2026-Thu 13-02-29-PM,22.5227,22.8605,22.3872,24.5176,22.7928,22.9621,
05-07-2026-Thu 13-02-30-PM,22.5227,22.8267,22.4549,24.5514,22.7597,22.9621,
05-07-2026-Thu 13-02-32-PM,22.4888,22.8267,22.3542,24.5514,22.7597,22.9621,
05-07-2026-Thu 13-02-33-PM,22.4549,22.8267,22.3542,24.4837,22.7597,22.9283,
05-07-2026-Thu 13-02-34-PM,22.4549,22.7928,22.3195,24.4837,22.7597,22.9283,
05-07-2026-Thu 13-02-36-PM,22.4211,22.7597,22.3195,24.4498,22.7251,22.9283,
05-07-2026-Thu 13-02-37-PM,22.3872,22.7597,22.2864,24.416,22.692,22.9283,
05-07-2026-Thu 13-02-39-PM,22.3872,22.7597,22.2526,24.3821,22.692,22.9283,
05-07-2026-Thu 13-02-41-PM,22.3195,22.7251,22.1848,24.3482,22.6581,22.8944,
05-07-2026-Thu 13-02-44-PM,22.2864,22.6243,22.1171,24.2805,22.6243,22.8605,
05-07-2026-Thu 13-02-47-PM,22.2187,22.6243,22.0832,24.2128,22.5904,22.8267,
05-07-2026-Thu 13-02-50-PM,22.1848,22.5565,21.9816,24.112,22.5227,22.7928,
05-07-2026-Thu 13-02-51-PM,22.1171,22.4888,21.9816,24.0104,22.4549,22.7928,
05-07-2026-Thu 13-02-53-PM,22.0832,22.4888,21.88,23.9765,22.4549,22.7597,
05-07-2026-Thu 13-02-54-PM,22.0494,22.4549,21.847,23.8749,22.4211,22.7251,
05-07-2026-Thu 13-02-55-PM,22.0155,22.4211,21.7792,23.841,22.3872,22.7251,
05-07-2026-Thu 13-02-57-PM,21.9478,22.3872,21.7454,23.8072,22.3542,22.692,
05-07-2026-Thu 13-02-58-PM,21.9139,22.3542,21.7115,23.7064,22.3195,22.6581,
05-07-2026-Thu 13-02-59-PM,21.88,22.2864,21.6438,23.6387,22.2864,22.6581,
05-07-2026-Thu 13-03-01-PM,21.847,22.2526,21.6438,23.5371,22.2526,22.5904,
05-07-2026-Thu 13-03-02-PM,21.7792,22.2187,21.576,23.5371,22.1848,22.5904,
05-07-2026-Thu 13-03-04-PM,21.7115,22.1848,21.4414,23.4355,22.151,22.5904,
05-07-2026-Thu 13-03-05-PM,21.6776,22.151,21.4075,23.3339,22.1171,22.5227,
05-07-2026-Thu 13-03-06-PM,21.6107,22.0832,21.3736,23.2661,22.0832,22.4888,
05-07-2026-Thu 13-03-08-PM,21.543,22.0155,21.3398,23.1645,22.0155,22.4211,
05-07-2026-Thu 13-03-09-PM,21.5091,21.9816,21.2051,23.0976,21.9816,22.4211,
05-07-2026-Thu 13-03-11-PM,21.4752,21.9139,21.1704,23.0299,21.9478,22.3542,
05-07-2026-Thu 13-03-12-PM,21.4075,21.9139,21.0697,22.9621,21.88,22.3195,
05-07-2026-Thu 13-03-13-PM,21.3398,21.847,21.0019,22.8944,21.8123,22.2864,
05-07-2026-Thu 13-03-15-PM,21.272,21.7792,20.9342,22.7597,21.7792,22.2187,
05-07-2026-Thu 13-03-16-PM,21.2051,21.7454,20.8326,22.692,21.7115,22.151,
05-07-2026-Thu 13-03-18-PM,21.1704,21.6776,20.8326,22.6243,21.6438,22.1171,
05-07-2026-Thu 13-03-19-PM,21.1035,21.6438,20.7657,22.5227,21.6438,22.0494,
05-07-2026-Thu 13-03-20-PM,21.0697,21.6107,20.6979,22.4888,21.576,22.0155,
05-07-2026-Thu 13-03-22-PM,21.0019,21.543,20.6302,22.3872,21.5091,21.9816,
05-07-2026-Thu 13-03-23-PM,20.9342,21.5091,20.5963,22.2864,21.4752,21.9139,
05-07-2026-Thu 13-03-25-PM,20.8665,21.4414,20.5625,22.2526,21.4075,21.88,
05-07-2026-Thu 13-03-26-PM,20.8326,21.3736,20.4617,22.151,21.3398,21.847,
05-07-2026-Thu 13-03-27-PM,20.7657,21.3398,20.4617,22.0832,21.3059,21.7792,
05-07-2026-Thu 13-03-29-PM,20.6979,21.272,20.3939,21.9478,21.2382,21.7454,
05-07-2026-Thu 13-03-30-PM,20.6641,21.2382,20.3262,21.9139,21.2051,21.7115,
05-07-2026-Thu 13-03-32-PM,20.5625,21.1704,20.3262,21.847,21.1374,21.6438,
05-07-2026-Thu 13-03-33-PM,20.5286,21.1035,20.2246,21.7454,21.1035,21.6107,
05-07-2026-Thu 13-03-35-PM,20.4617,21.0697,20.1577,21.6776,21.0358,21.576,
05-07-2026-Thu 13-03-36-PM,20.4278,20.9681,20.1577,21.576,21.0019,21.543,
05-07-2026-Thu 13-03-37-PM,20.3601,20.9681,20.1238,21.4752,20.9342,21.5091,
05-07-2026-Thu 13-03-39-PM,20.2923,20.9342,20.0561,21.3398,20.8665,21.4752,
05-07-2026-Thu 13-03-40-PM,20.2593,20.8326,19.9884,21.3059,20.8326,21.4075,
05-07-2026-Thu 13-03-41-PM,20.1577,20.7657,19.9545,21.272,20.7657,21.3736,
05-07-2026-Thu 13-03-43-PM,20.2593,20.8665,19.8876,21.1704,20.7318,21.4075,
05-07-2026-Thu 13-03-44-PM,20.4278,20.8665,19.8537,21.0697,20.7318,21.3736,
05-07-2026-Thu 13-03-46-PM,20.1916,20.8326,19.8198,20.9681,20.6302,21.3398,
05-07-2026-Thu 13-03-47-PM,20.3262,20.8665,19.7182,20.9003,20.6641,21.3059,
05-07-2026-Thu 13-03-48-PM,20.1916,20.9003,19.7182,20.8326,20.4617,21.3398,
05-07-2026-Thu 13-03-50-PM,19.786,20.4955,19.6505,20.7657,20.4617,21.1704,
05-07-2026-Thu 13-03-51-PM,19.7521,20.4617,19.6505,20.6641,20.3939,21.1035,
05-07-2026-Thu 13-03-53-PM,19.6844,20.4278,19.5497,20.5625,20.3262,21.0697,
05-07-2026-Thu 13-03-54-PM,19.6505,20.3601,19.5158,20.4955,20.2923,21.0019,
05-07-2026-Thu 13-03-56-PM,19.5836,20.2923,19.4142,20.4278,20.2246,20.9681,
05-07-2026-Thu 13-03-57-PM,19.482,20.2246,19.4142,20.2593,20.1916,20.9342,
05-07-2026-Thu 13-03-58-PM,19.482,20.1916,19.3465,20.2593,20.1577,20.8665,
05-07-2026-Thu 13-04-00-PM,19.3804,20.1238,19.2796,20.1577,20.09,20.8326,
05-07-2026-Thu 13-04-01-PM,19.6166,20.1238,19.2119,20.09,20.1238,20.8665,
05-07-2026-Thu 13-04-02-PM,19.6166,20.2593,19.2119,20.0222,20.0222,20.8665,
05-07-2026-Thu 13-04-04-PM,19.5497,20.3262,19.178,19.9545,19.9545,20.7657,
05-07-2026-Thu 13-04-05-PM,19.3126,20.1238,19.0764,19.8198,20.0222,20.6641,
05-07-2026-Thu 13-04-07-PM,19.4142,19.9884,18.9756,19.786,19.8198,20.5963,
05-07-2026-Thu 13-04-08-PM,19.3465,20.1916,18.9756,19.7521,19.8198,20.5286,
05-07-2026-Thu 13-04-10-PM,19.2119,19.9206,18.9756,19.6844,19.7521,20.6302,
05-07-2026-Thu 13-04-11-PM,19.178,19.786,18.8401,19.5497,19.7182,20.5286,
05-07-2026-Thu 13-04-12-PM,19.3465,19.8537,18.8401,19.482,19.6166,20.3939,
05-07-2026-Thu 13-04-15-PM,18.9417,19.6505,18.8071,19.4142,19.5497,20.3601,
05-07-2026-Thu 13-04-18-PM,18.6716,19.5497,18.7055,19.3126,19.4481,20.2923,
05-07-2026-Thu 13-04-21-PM,18.5361,19.4481,18.6039,19.0764,19.3465,20.1577,
05-07-2026-Thu 13-04-24-PM,18.4015,19.3804,18.57,18.9756,19.2457,20.0222,
05-07-2026-Thu 13-04-26-PM,18.266,19.2457,18.4353,18.8071,19.1441,19.9206,
05-07-2026-Thu 13-04-27-PM,18.1652,19.178,18.4353,18.7393,19.0764,19.8537,
05-07-2026-Thu 13-04-28-PM,18.4684,19.4142,18.4015,18.6377,19.0095,19.8876,
05-07-2026-Thu 13-04-30-PM,18.2999,19.2796,18.2999,18.5361,19.1103,19.8198,
05-07-2026-Thu 13-04-31-PM,18.2999,19.3465,18.266,18.5361,18.9756,19.7521,
05-07-2026-Thu 13-04-32-PM,18.1991,18.9079,18.266,18.4015,18.874,19.7521,
05-07-2026-Thu 13-04-34-PM,17.7935,18.9756,18.1652,18.3676,18.8071,19.6166,
05-07-2026-Thu 13-04-35-PM,17.7935,18.9417,18.1314,18.233,18.7393,19.5497,
05-07-2026-Thu 13-04-37-PM,17.7604,18.9079,18.0975,18.1314,18.7055,19.5158,
05-07-2026-Thu 13-04-38-PM,17.6927,18.8071,18.0644,18.0975,18.6377,19.4142,
05-07-2026-Thu 13-04-39-PM,17.625,18.7724,17.9628,17.9967,18.6039,19.3804,
05-07-2026-Thu 13-04-41-PM,17.5234,18.6716,17.9628,17.929,18.5361,19.3465,
05-07-2026-Thu 13-04-42-PM,17.4565,18.6039,17.8951,17.8274,18.4684,19.2796,
05-07-2026-Thu 13-04-44-PM,17.4226,18.5361,17.8274,17.7935,18.4353,19.2119,
05-07-2026-Thu 13-04-45-PM,17.321,18.4353,17.7935,17.7266,18.3676,19.178,
05-07-2026-Thu 13-04-46-PM,17.2541,18.3676,17.6927,17.5911,18.3337,19.1441,
05-07-2026-Thu 13-04-48-PM,17.1863,18.2999,17.6927,17.5234,18.266,19.0764,
05-07-2026-Thu 13-04-49-PM,17.1525,18.233,17.5911,17.4565,18.1991,19.0095,
05-07-2026-Thu 13-04-51-PM,17.0847,18.1991,17.5234,17.3887,18.1314,18.9417,
05-07-2026-Thu 13-04-52-PM,17.0517,18.1314,17.5234,17.2871,18.0975,18.9079,
05-07-2026-Thu 13-04-55-PM,16.9839,18.0298,17.4565,17.2871,17.9967,18.8401,
05-07-2026-Thu 13-04-57-PM,16.8493,17.929,17.3887,17.0517,17.929,18.7393,
05-07-2026-Thu 13-04-59-PM,16.7477,17.7935,17.321,16.9162,17.8274,18.6377,
05-07-2026-Thu 13-05-01-PM,16.6461,17.7266,17.2541,16.8823,17.7266,18.57,
05-07-2026-Thu 13-05-02-PM,16.5791,17.6927,17.2202,16.8154,17.6927,18.5031,
05-07-2026-Thu 13-05-04-PM,16.5453,17.625,17.1525,16.7477,17.625,18.4684,
05-07-2026-Thu 13-05-05-PM,16.4776,17.5911,17.0847,16.7138,17.5911,18.4353,
05-07-2026-Thu 13-05-06-PM,16.4106,17.5234,17.0847,16.613,17.5234,18.3676,
05-07-2026-Thu 13-05-08-PM,16.3429,17.4903,17.017,16.5453,17.4565,18.2999,
05-07-2026-Thu 13-05-09-PM,16.309,17.4226,16.9839,16.5114,17.4226,18.266,
05-07-2026-Thu 13-05-11-PM,16.2413,17.3887,16.9162,16.5114,17.3549,18.233,
05-07-2026-Thu 13-05-12-PM,16.1736,17.321,16.8823,16.4106,17.321,18.1652,
05-07-2026-Thu 13-05-13-PM,16.1405,17.2541,16.8154,16.309,17.2541,18.1314,
05-07-2026-Thu 13-05-15-PM,16.0728,17.2541,16.8154,16.2413,17.1863,18.0644,
05-07-2026-Thu 13-05-16-PM,16.0389,17.1525,16.7138,16.1736,17.1525,18.0298,
05-07-2026-Thu 13-05-17-PM,15.9712,17.1186,16.6461,16.1736,17.1186,17.9967,
05-07-2026-Thu 13-05-19-PM,15.9381,17.0517,16.6799,16.1066,17.017,17.929,
05-07-2026-Thu 13-05-20-PM,15.8365,17.017,16.6799,16.0728,16.9839,17.8951,
05-07-2026-Thu 13-05-22-PM,15.8026,16.9839,16.5791,15.9712,16.9501,17.8612,
05-07-2026-Thu 13-05-23-PM,15.7688,16.9162,16.4776,15.9042,16.8823,17.7935,
05-07-2026-Thu 13-05-24-PM,15.7019,16.8493,16.4776,15.8365,16.8154,17.7604,
05-07-2026-Thu 13-05-26-PM,15.6341,16.8154,16.376,15.8026,16.7815,17.7266,
05-07-2026-Thu 13-05-27-PM,15.5672,16.7815,16.4106,15.7688,16.7138,17.6588,
05-07-2026-Thu 13-05-29-PM,15.5333,16.7138,16.2752,15.668,16.6799,17.625,
05-07-2026-Thu 13-05-30-PM,15.4656,16.6799,16.2082,15.6003,16.613,17.5911,
05-07-2026-Thu 13-05-31-PM,15.4317,16.6461,16.1736,15.6341,16.5453,17.5234,
05-07-2026-Thu 13-05-33-PM,15.3309,16.613,16.1736,15.5333,16.5114,17.4903,
05-07-2026-Thu 13-05-34-PM,15.2971,16.5453,16.1066,15.4995,16.4776,17.4565,
05-07-2026-Thu 13-05-36-PM,15.2293,16.4776,16.0728,15.4995,16.4106,17.3887,
05-07-2026-Thu 13-05-37-PM,15.1955,16.4437,15.9712,15.3648,16.376,17.321,
05-07-2026-Thu 13-05-39-PM,15.1285,16.376,15.9381,15.3648,16.2752,17.2541,
05-07-2026-Thu 13-05-40-PM,15.0608,16.309,15.8704,15.2971,16.2413,17.2541,
05-07-2026-Thu 13-05-42-PM,14.9931,16.2752,15.7688,15.2293,16.1736,17.1863,
05-07-2026-Thu 13-05-43-PM,14.96,16.2413,15.8026,15.1955,16.1405,17.1525,
05-07-2026-Thu 13-05-44-PM,14.9262,16.2082,15.7688,15.0947,16.1066,17.1186,
05-07-2026-Thu 13-05-46-PM,14.8584,16.1405,15.668,15.0947,16.0728,17.0517,
05-07-2026-Thu 13-05-47-PM,14.8246,16.0728,15.6003,15.0269,16.0058,17.017,
05-07-2026-Thu 13-05-49-PM,14.7576,16.0389,15.5672,14.96,15.9712,16.9501,
05-07-2026-Thu 13-05-50-PM,14.6899,16.0058,15.5672,14.9931,15.9042,16.9162,
05-07-2026-Thu 13-05-51-PM,14.6222,15.9042,15.5333,14.9262,15.8704,16.8823,
05-07-2026-Thu 13-05-53-PM,14.5883,15.9381,15.4995,14.8923,15.8026,16.8493,
05-07-2026-Thu 13-05-55-PM,14.5214,15.8704,15.4317,14.8246,15.7688,16.8154,
05-07-2026-Thu 13-05-56-PM,14.4536,15.7688,15.3309,14.7907,15.7019,16.7477,
05-07-2026-Thu 13-05-58-PM,14.4206,15.7019,15.2971,14.6899,15.668,16.6799,
05-07-2026-Thu 13-05-59-PM,14.3528,15.7019,15.2293,14.656,15.6003,16.6461,
05-07-2026-Thu 13-06-00-PM,14.2851,15.6341,15.2293,14.6222,15.5672,16.613,
05-07-2026-Thu 13-06-02-PM,14.2512,15.6003,15.1955,14.5214,15.5333,16.5453,
05-07-2026-Thu 13-06-03-PM,14.1843,15.5672,15.1624,14.4875,15.4656,16.5114,
05-07-2026-Thu 13-06-05-PM,14.1166,15.5333,15.0947,14.4536,15.4317,16.4437,
05-07-2026-Thu 13-06-06-PM,14.1166,15.4995,15.0608,14.4206,15.3979,16.4106,
05-07-2026-Thu 13-06-08-PM,14.0497,15.4317,15.0269,14.4206,15.3309,16.3429,
05-07-2026-Thu 13-06-09-PM,13.9819,15.3979,14.96,14.2851,15.2971,16.309,
05-07-2026-Thu 13-06-11-PM,13.9142,15.3648,14.96,14.2851,15.2293,16.2413,
05-07-2026-Thu 13-06-12-PM,13.8803,15.3309,14.8923,14.2851,15.1955,16.2082,
05-07-2026-Thu 13-06-14-PM,13.8134,15.2632,14.8584,14.2512,15.1624,16.1405,
05-07-2026-Thu 13-06-15-PM,13.7795,15.2293,14.7238,14.1843,15.0947,16.1066,
05-07-2026-Thu 13-06-16-PM,13.7126,15.1955,14.7576,14.1166,15.0608,16.0389,
05-07-2026-Thu 13-06-18-PM,13.9819,15.1624,14.7907,14.0497,14.9931,16.1066,
05-07-2026-Thu 13-06-19-PM,14.0827,15.2971,14.6899,14.0497,15.0608,16.1066,
05-07-2026-Thu 13-06-21-PM,13.9142,15.2632,14.656,14.0158,14.9931,16.0058,
05-07-2026-Thu 13-06-22-PM,13.8134,15.1955,14.656,13.9481,14.9262,16.0058,
05-07-2026-Thu 13-06-23-PM,13.6779,15.0269,14.5883,13.9819,14.8584,15.8365,
05-07-2026-Thu 13-06-25-PM,13.4086,14.9931,14.5214,13.9142,14.7907,15.8026,
05-07-2026-Thu 13-06-26-PM,13.3748,14.96,14.4536,13.8134,14.7238,15.7688,
05-07-2026-Thu 13-06-28-PM,13.3409,14.9262,14.4536,13.7457,14.6899,15.7357,
05-07-2026-Thu 13-06-29-PM,13.3078,14.8584,14.3867,13.7126,14.6899,15.668,
05-07-2026-Thu 13-06-30-PM,13.2062,14.8246,14.3867,13.6449,14.6222,15.6341,
05-07-2026-Thu 13-06-32-PM,13.1732,14.7907,14.319,13.5771,14.5883,15.6003,
05-07-2026-Thu 13-06-33-PM,13.1393,14.7576,14.2851,13.611,14.5552,15.5333,
05-07-2026-Thu 13-06-35-PM,13.1054,14.7238,14.2182,13.5102,14.4875,15.4995,
05-07-2026-Thu 13-06-36-PM,13.0377,14.6899,14.1843,13.4425,14.4536,15.4317,
05-07-2026-Thu 13-06-38-PM,13.0377,14.6222,14.2182,13.4086,14.4206,15.3648,
05-07-2026-Thu 13-06-39-PM,12.9708,14.5883,14.1166,13.4086,14.3528,15.3309,
05-07-2026-Thu 13-06-40-PM,12.9369,14.5552,14.1166,13.3409,14.319,15.3309,
05-07-2026-Thu 13-06-42-PM,12.8692,14.5552,14.0497,13.3078,14.2512,15.2632,
05-07-2026-Thu 13-06-43-PM,12.8353,14.4875,13.9819,13.2401,14.2512,15.2632,
05-07-2026-Thu 13-06-44-PM,13.1054,14.5883,13.9819,13.1732,14.319,15.1955,
05-07-2026-Thu 13-06-46-PM,13.1054,14.5214,13.8803,13.1393,14.1505,15.1285,
05-07-2026-Thu 13-06-47-PM,13.0377,14.5214,13.8803,13.1732,14.1843,15.1624,
05-07-2026-Thu 13-06-49-PM,12.7007,14.6222,13.8473,13.0716,14.1505,15.0608,
05-07-2026-Thu 13-06-50-PM,12.9369,14.5552,13.7795,12.9369,14.0497,15.0608,
05-07-2026-Thu 13-06-51-PM,12.8023,14.6222,13.7457,12.903,14.0497,14.9931,
05-07-2026-Thu 13-06-53-PM,12.5321,14.2851,13.7457,12.8692,13.9819,14.96,
05-07-2026-Thu 13-06-54-PM,12.4652,14.2512,13.7126,12.8692,13.9142,14.8923,
05-07-2026-Thu 13-06-56-PM,12.4652,14.2512,13.5771,12.8023,13.8803,14.8584,
05-07-2026-Thu 13-06-57-PM,12.4313,14.2182,13.6449,12.7684,13.8134,14.8246,
05-07-2026-Thu 13-06-58-PM,12.3975,14.1505,13.5771,12.7007,13.7795,14.7907,
05-07-2026-Thu 13-07-00-PM,12.3297,14.1166,13.5771,12.6676,13.7795,14.7576,
05-07-2026-Thu 13-07-01-PM,12.3297,14.0827,13.5433,12.6676,13.7126,14.7238,
05-07-2026-Thu 13-07-03-PM,12.2628,14.0827,13.4756,12.566,13.6779,14.6899,
05-07-2026-Thu 13-07-04-PM,12.229,14.0497,13.4756,12.566,13.6449,14.656,
05-07-2026-Thu 13-07-05-PM,12.1951,14.0158,13.5102,12.566,13.611,14.5552,
05-07-2026-Thu 13-07-07-PM,12.1282,13.9819,13.4086,12.4983,13.5433,14.5552,
05-07-2026-Thu 13-07-08-PM,12.1282,13.9142,13.4086,12.4313,13.5433,14.5214,
05-07-2026-Thu 13-07-10-PM,12.0943,13.8803,13.3748,12.4983,13.5102,14.4875,
05-07-2026-Thu 13-07-11-PM,12.0274,13.8803,13.274,12.3975,13.4425,14.4206,
05-07-2026-Thu 13-07-12-PM,11.9935,13.8473,13.274,12.3975,13.4425,14.3867,
05-07-2026-Thu 13-07-14-PM,11.9596,13.8134,13.3078,12.3636,13.3748,14.3528,
05-07-2026-Thu 13-07-15-PM,11.9258,13.7795,13.2401,12.3636,13.3748,14.319,
05-07-2026-Thu 13-07-17-PM,11.8588,13.7457,13.1054,12.3297,13.3078,14.2851,
05-07-2026-Thu 13-07-18-PM,11.8588,13.7126,13.1393,12.3297,13.274,14.2512,
05-07-2026-Thu 13-07-19-PM,11.7911,13.6779,13.0716,12.2628,13.2062,14.2182,
05-07-2026-Thu 13-07-21-PM,11.7911,13.6449,13.0716,12.229,13.2062,14.1505,
05-07-2026-Thu 13-07-22-PM,11.7242,13.6449,13.0038,12.229,13.1393,14.1166,
05-07-2026-Thu 13-07-24-PM,11.6895,13.611,12.9708,12.1951,13.0716,14.0827,
05-07-2026-Thu 13-07-25-PM,11.6564,13.5771,12.9369,12.229,13.0716,14.0158,
05-07-2026-Thu 13-07-26-PM,11.6226,13.5433,12.8692,12.162,13.0038,14.0158,
05-07-2026-Thu 13-07-28-PM,11.5548,13.5102,12.8692,12.1282,13.0038,13.9481,
05-07-2026-Thu 13-07-29-PM,11.5548,13.5102,12.8353,12.1282,12.9369,13.9142,
05-07-2026-Thu 13-07-31-PM,11.5218,13.4425,12.7684,12.0943,12.903,13.8803,
05-07-2026-Thu 13-07-32-PM,11.4879,13.4086,12.8023,12.0943,12.8692,13.8134,
05-07-2026-Thu 13-07-33-PM,11.4202,13.4086,12.7345,12.0604,12.8692,13.8134,
05-07-2026-Thu 13-07-36-PM,11.4202,13.3748,12.6676,11.9935,12.7684,13.7457,
05-07-2026-Thu 13-07-39-PM,11.3194,13.3078,12.6329,11.9258,12.7345,13.6779,
05-07-2026-Thu 13-07-42-PM,11.2186,13.274,12.566,11.7911,12.6329,13.5771,
05-07-2026-Thu 13-07-45-PM,11.1847,13.1732,12.4983,11.7242,12.5999,13.5102,
05-07-2026-Thu 13-07-47-PM,11.0831,13.1054,12.4313,11.7242,12.4983,13.4425,
05-07-2026-Thu 13-07-48-PM,11.0501,13.0716,12.3975,11.6564,12.4652,13.4086,
05-07-2026-Thu 13-07-50-PM,11.0162,13.0716,12.3975,11.6564,12.4652,13.3748,
05-07-2026-Thu 13-07-51-PM,10.9485,13.0377,12.3297,11.5887,12.4313,13.3078,
05-07-2026-Thu 13-07-53-PM,10.9154,13.0038,12.2967,11.5887,12.3636,13.2401,
05-07-2026-Thu 13-07-54-PM,10.9154,12.9708,12.2628,11.5218,12.3297,13.2062,
05-07-2026-Thu 13-07-55-PM,10.8816,12.9369,12.2628,11.4541,12.2628,13.1732,
05-07-2026-Thu 13-07-57-PM,10.8477,12.9369,12.1951,11.4541,12.2967,13.1393,
05-07-2026-Thu 13-07-58-PM,10.7808,12.903,12.1951,11.4541,12.1951,13.1393,
05-07-2026-Thu 13-08-00-PM,10.7469,12.8692,12.1282,11.4202,12.1951,13.1054,
05-07-2026-Thu 13-08-01-PM,10.7469,12.8353,12.162,11.3533,12.1282,13.0377,
05-07-2026-Thu 13-08-03-PM,10.6792,12.8353,12.0604,11.3194,12.1282,13.0038,
05-07-2026-Thu 13-08-04-PM,10.6453,12.8023,11.9935,11.2517,12.0943,12.9708,
05-07-2026-Thu 13-08-05-PM,10.6122,12.8023,12.0274,11.2855,12.0604,12.9369,
05-07-2026-Thu 13-08-07-PM,10.6122,12.7684,11.9935,11.2517,12.0274,12.903,
05-07-2026-Thu 13-08-08-PM,10.5784,12.7684,11.9596,11.1847,11.9596,12.8353,
05-07-2026-Thu 13-08-10-PM,10.5445,12.7007,11.9258,11.1847,11.9258,12.8353,
05-07-2026-Thu 13-08-11-PM,10.5106,12.6676,11.9258,11.117,11.8919,12.8023,
05-07-2026-Thu 13-08-12-PM,10.4776,12.6676,11.8588,11.0831,11.8588,12.7684,
05-07-2026-Thu 13-08-14-PM,10.4437,12.6676,11.8588,11.0831,11.825,12.7345,
05-07-2026-Thu 13-08-15-PM,10.4098,12.6329,11.825,11.0162,11.825,12.7007,
05-07-2026-Thu 13-08-17-PM,10.4098,12.5999,11.7911,11.0162,11.7572,12.6329,
05-07-2026-Thu 13-08-18-PM,10.3421,12.566,11.7911,10.9823,11.7572,12.6329,
05-07-2026-Thu 13-08-20-PM,10.3091,12.566,11.6895,10.9823,11.6895,12.566,
05-07-2026-Thu 13-08-21-PM,10.3091,12.5321,11.6895,10.9154,11.6564,12.5321,
05-07-2026-Thu 13-08-22-PM,10.2413,12.4983,11.5887,10.8477,11.6226,12.5321,
05-07-2026-Thu 13-08-24-PM,10.2075,12.4983,11.5887,10.7808,11.5887,12.4652,
05-07-2026-Thu 13-08-25-PM,10.1744,12.4313,11.5887,10.8138,11.5548,12.4313,
05-07-2026-Thu 13-08-27-PM,10.1405,12.4313,11.5218,10.713,11.5548,12.3975,
05-07-2026-Thu 13-08-28-PM,10.1067,12.3975,11.5218,10.713,11.4879,12.3636,
05-07-2026-Thu 13-08-30-PM,10.1067,12.3975,11.4541,10.6792,11.4541,12.3636,
05-07-2026-Thu 13-08-31-PM,10.0736,12.3636,11.4202,10.6453,11.4202,12.2967,
05-07-2026-Thu 13-08-32-PM,10.0389,12.3297,11.4202,10.6122,11.3863,12.229,
05-07-2026-Thu 13-08-34-PM,9.972,12.2967,11.4541,10.5784,11.3533,12.229,
05-07-2026-Thu 13-08-35-PM,9.972,12.2967,11.4202,10.5784,11.2855,12.1951,
05-07-2026-Thu 13-08-37-PM,9.93814,12.2628,11.3533,10.4776,11.2855,12.1282,
05-07-2026-Thu 13-08-38-PM,9.90427,12.2628,11.3194,10.5106,11.2517,12.0943,
05-07-2026-Thu 13-08-39-PM,9.90427,12.229,11.2517,10.5106,11.2186,12.0604,
05-07-2026-Thu 13-08-41-PM,9.83735,12.1951,11.2855,10.4437,11.1847,12.0604,
05-07-2026-Thu 13-08-42-PM,9.83735,12.1951,11.2517,10.4098,11.1509,11.9935,
05-07-2026-Thu 13-08-44-PM,9.80348,12.162,11.1847,10.4098,11.117,11.9596,
05-07-2026-Thu 13-08-45-PM,9.73574,12.1282,11.2517,10.376,11.0831,11.9258,
05-07-2026-Thu 13-08-46-PM,9.73574,12.0943,11.117,10.2752,11.0501,11.8919,
05-07-2026-Thu 13-08-48-PM,9.70269,12.0943,11.117,10.3421,11.0162,11.8588,
05-07-2026-Thu 13-08-49-PM,9.77042,12.3636,11.0831,10.2413,11.0162,11.825,
05-07-2026-Thu 13-08-51-PM,9.87121,12.2628,11.0501,10.2752,11.0501,11.825,
05-07-2026-Thu 13-08-52-PM,9.87121,12.2967,10.9823,10.2075,10.9823,11.8919,
05-07-2026-Thu 13-08-53-PM,9.77042,12.1282,10.9485,10.2075,10.9823,11.7242,
05-07-2026-Thu 13-08-55-PM,9.70269,12.3297,10.9485,10.1405,10.9154,11.7572,
05-07-2026-Thu 13-08-56-PM,9.63495,11.9596,10.9154,10.0736,10.8138,11.6895,
05-07-2026-Thu 13-08-58-PM,9.43337,11.8919,10.9154,10.0389,10.7808,11.6226,
05-07-2026-Thu 13-08-59-PM,9.3995,11.8588,10.8138,9.93814,10.7469,11.5887,
05-07-2026-Thu 13-09-00-PM,9.43337,11.825,10.8477,9.93814,10.6792,11.5548,
05-07-2026-Thu 13-09-02-PM,9.36563,11.7911,10.713,9.90427,10.6792,11.5218,
05-07-2026-Thu 13-09-03-PM,9.33258,11.7572,10.713,9.83735,10.6122,11.4541,
05-07-2026-Thu 13-09-05-PM,9.29871,11.6895,10.6792,9.80348,10.5784,11.4202,
05-07-2026-Thu 13-09-06-PM,9.23178,11.6895,10.5784,9.73574,10.5445,11.3863,
05-07-2026-Thu 13-09-08-PM,9.19711,11.6564,10.5784,9.70269,10.5106,11.3533,
05-07-2026-Thu 13-09-09-PM,9.19711,11.5887,10.5106,9.66882,10.4776,11.3194,
05-07-2026-Thu 13-09-10-PM,9.29871,11.5887,10.4776,9.56803,10.4098,11.4202,
05-07-2026-Thu 13-09-13-PM,9.26484,11.6895,10.4437,9.53416,10.4776,11.2517,
05-07-2026-Thu 13-09-16-PM,9.16405,11.8919,10.376,9.53416,10.376,11.2517,
05-07-2026-Thu 13-09-19-PM,9.26484,11.5218,10.2752,9.3995,10.2752,11.2186,
05-07-2026-Thu 13-09-22-PM,8.99553,11.3194,10.2075,9.33258,10.1405,10.9823,
05-07-2026-Thu 13-09-24-PM,8.72621,11.2186,10.1405,9.23178,10.0736,10.9485,
05-07-2026-Thu 13-09-25-PM,8.69234,11.1847,10.0389,9.16405,10.0389,10.8477,
05-07-2026-Thu 13-09-26-PM,8.69234,11.1847,10.0059,9.09632,10.0059,10.8138,
05-07-2026-Thu 13-09-28-PM,8.65928,11.117,10.0736,9.06326,9.93814,10.7808,
05-07-2026-Thu 13-09-29-PM,8.62542,11.0501,9.972,9.02939,9.87121,10.713,
05-07-2026-Thu 13-09-30-PM,8.55768,11.0501,9.93814,8.99553,9.87121,10.713,
05-07-2026-Thu 13-09-32-PM,8.76007,11.117,9.87121,8.99553,9.93814,10.713,
05-07-2026-Thu 13-09-33-PM,8.76007,11.1509,9.90427,8.9286,9.83735,10.7469,
05-07-2026-Thu 13-09-35-PM,8.86087,11.0501,9.87121,8.89473,9.77042,10.5784,
05-07-2026-Thu 13-09-36-PM,8.65928,11.0831,9.80348,8.827,9.73574,10.5445,
05-07-2026-Thu 13-09-38-PM,8.32223,10.8816,9.70269,8.827,9.66882,10.4776,
05-07-2026-Thu 13-09-39-PM,8.28917,10.8477,9.73574,8.72621,9.60189,10.4776,
05-07-2026-Thu 13-09-40-PM,8.25531,10.8138,9.66882,8.72621,9.60189,10.4437,
05-07-2026-Thu 13-09-42-PM,8.22144,10.7469,9.60189,8.62542,9.56803,10.376,
05-07-2026-Thu 13-09-43-PM,8.15371,10.7469,9.56803,8.55768,9.53416,10.3421,
05-07-2026-Thu 13-09-45-PM,8.12065,10.713,9.56803,8.55768,9.43337,10.2752,
05-07-2026-Thu 13-09-46-PM,8.08678,10.6792,9.50029,8.49076,9.3995,10.2413,
05-07-2026-Thu 13-09-47-PM,8.01986,10.6453,9.46724,8.45689,9.36563,10.2075,
05-07-2026-Thu 13-09-49-PM,7.98599,10.6122,9.3995,8.3561,9.36563,10.1405,
05-07-2026-Thu 13-09-50-PM,7.91826,10.5784,9.36563,8.3561,9.33258,10.1067,
05-07-2026-Thu 13-09-52-PM,7.91826,10.5445,9.29871,8.3561,9.29871,10.0736,
05-07-2026-Thu 13-09-53-PM,7.8852,10.5106,9.33258,8.28917,9.23178,10.0059,
05-07-2026-Thu 13-09-54-PM,7.81746,10.4776,9.23178,8.25531,9.19711,10.0059,
05-07-2026-Thu 13-09-56-PM,7.7836,10.4437,9.23178,8.18757,9.16405,9.93814,
05-07-2026-Thu 13-09-57-PM,7.74973,10.376,9.16405,8.15371,9.13018,9.90427,
05-07-2026-Thu 13-09-58-PM,7.68281,10.376,9.13018,8.12065,9.09632,9.83735,
05-07-2026-Thu 13-10-00-PM,7.64894,10.3091,9.09632,8.01986,9.06326,9.83735,
05-07-2026-Thu 13-10-01-PM,7.61588,10.3091,9.02939,8.01986,8.99553,9.77042,
05-07-2026-Thu 13-10-03-PM,7.58201,10.2752,8.99553,8.01986,8.96166,9.70269,
05-07-2026-Thu 13-10-04-PM,7.51428,10.2075,8.99553,7.8852,8.9286,9.66882,
05-07-2026-Thu 13-10-06-PM,7.48122,10.2075,8.9286,7.85133,8.9286,9.63495,
05-07-2026-Thu 13-10-07-PM,7.44735,10.1405,8.89473,7.8852,8.86087,9.60189,
05-07-2026-Thu 13-10-09-PM,7.44735,10.1067,8.86087,7.7836,8.79313,9.53416,
05-07-2026-Thu 13-10-10-PM,7.34656,10.0736,8.827,7.74973,8.79313,9.50029,
05-07-2026-Thu 13-10-11-PM,7.31269,10.0389,8.79313,7.74973,8.72621,9.46724,
05-07-2026-Thu 13-10-13-PM,7.27883,10.0389,8.72621,7.68281,8.69234,9.43337,
05-07-2026-Thu 13-10-14-PM,7.24496,9.972,8.76007,7.61588,8.65928,9.3995,
05-07-2026-Thu 13-10-15-PM,7.17804,9.93814,8.69234,7.58201,8.65928,9.33258,
05-07-2026-Thu 13-10-17-PM,7.14498,9.90427,8.62542,7.58201,8.59155,9.33258,
05-07-2026-Thu 13-10-18-PM,7.11111,9.87121,8.65928,7.48122,8.55768,9.26484,
05-07-2026-Thu 13-10-20-PM,7.07724,9.83735,8.55768,7.44735,8.55768,9.23178,
05-07-2026-Thu 13-10-21-PM,7.07724,9.80348,8.52462,7.44735,8.45689,9.19711,
05-07-2026-Thu 13-10-22-PM,7.17804,9.83735,8.52462,7.41349,8.42302,9.23178,
05-07-2026-Thu 13-10-24-PM,7.27883,9.972,8.49076,7.34656,8.38997,9.16405,
05-07-2026-Thu 13-10-25-PM,7.17804,9.60189,8.49076,7.31269,8.42302,9.13018,
05-07-2026-Thu 13-10-27-PM,7.24496,10.2413,8.49076,7.27883,8.45689,9.13018,
05-07-2026-Thu 13-10-28-PM,7.04338,9.80348,8.42302,7.24496,8.38997,9.13018,
05-07-2026-Thu 13-10-29-PM,7.07724,9.77042,8.38997,7.2119,8.28917,9.02939,
05-07-2026-Thu 13-10-31-PM,7.00951,9.66882,8.32223,7.2119,8.28917,9.06326,
05-07-2026-Thu 13-10-32-PM,6.87566,9.56803,8.3561,7.17804,8.22144,8.9286,
05-07-2026-Thu 13-10-34-PM,6.67327,9.53416,8.38997,7.11111,8.18757,8.86087,
05-07-2026-Thu 13-10-35-PM,6.67327,9.50029,8.22144,7.04338,8.15371,8.827,
05-07-2026-Thu 13-10-36-PM,6.60634,9.50029,8.18757,7.04338,8.08678,8.79313,
05-07-2026-Thu 13-10-38-PM,6.64021,9.43337,8.22144,7.07724,8.05291,8.79313,
05-07-2026-Thu 13-10-39-PM,6.57248,9.43337,8.22144,7.00951,8.01986,8.72621,
05-07-2026-Thu 13-10-41-PM,6.57248,9.3995,8.18757,6.94258,8.01986,8.65928,
05-07-2026-Thu 13-10-42-PM,6.47168,9.33258,8.12065,6.94258,7.95212,8.62542,
05-07-2026-Thu 13-10-44-PM,6.47168,9.29871,8.08678,6.94258,7.95212,8.62542,
05-07-2026-Thu 13-10-45-PM,6.43782,9.26484,8.08678,6.80793,7.8852,8.55768,
05-07-2026-Thu 13-10-47-PM,6.40395,9.26484,8.01986,6.80793,7.85133,8.52462,
05-07-2026-Thu 13-10-48-PM,6.37089,9.19711,7.98599,6.80793,7.81746,8.49076,
05-07-2026-Thu 13-10-49-PM,6.33702,9.16405,7.98599,6.741,7.7836,8.45689,
05-07-2026-Thu 13-10-51-PM,6.2701,9.16405,7.91826,6.70713,7.74973,8.42302,
05-07-2026-Thu 13-10-52-PM,6.2701,9.09632,7.91826,6.67327,7.71667,8.3561,
05-07-2026-Thu 13-10-54-PM,6.23623,9.06326,7.81746,6.60634,7.68281,8.32223,
05-07-2026-Thu 13-10-55-PM,6.1685,9.02939,7.81746,6.60634,7.64894,8.28917,
05-07-2026-Thu 13-10-57-PM,6.1685,8.99553,7.81746,6.53942,7.61588,8.25531,
05-07-2026-Thu 13-10-58-PM,6.13544,8.96166,7.74973,6.50474,7.58201,8.18757,
05-07-2026-Thu 13-10-59-PM,6.10157,8.96166,7.74973,6.53942,7.54815,8.18757,
05-07-2026-Thu 13-11-01-PM,6.03465,8.86087,7.71667,6.47168,7.51428,8.15371,
05-07-2026-Thu 13-11-02-PM,6.03465,8.86087,7.68281,6.43782,7.48122,8.08678,
05-07-2026-Thu 13-11-04-PM,5.93386,8.827,7.68281,6.47168,7.41349,8.05291,
05-07-2026-Thu 13-11-05-PM,5.96691,8.79313,7.64894,6.37089,7.41349,8.01986,
05-07-2026-Thu 13-11-06-PM,5.93386,8.79313,7.54815,6.40395,7.38043,7.98599,
05-07-2026-Thu 13-11-08-PM,5.86612,8.76007,7.48122,6.33702,7.34656,7.91826,
05-07-2026-Thu 13-11-09-PM,5.83226,8.72621,7.51428,6.2701,7.31269,7.91826,
05-07-2026-Thu 13-11-11-PM,5.7992,8.65928,7.44735,6.20237,7.31269,7.8852,
05-07-2026-Thu 13-11-12-PM,5.76533,8.65928,7.44735,6.20237,7.24496,7.85133,
05-07-2026-Thu 13-11-14-PM,5.73146,8.62542,7.38043,6.1685,7.2119,7.7836,
05-07-2026-Thu 13-11-15-PM,5.6984,8.55768,7.34656,6.1685,7.17804,7.74973,
05-07-2026-Thu 13-11-16-PM,5.63067,8.55768,7.24496,6.10157,7.11111,7.71667,
05-07-2026-Thu 13-11-18-PM,5.63067,8.49076,7.27883,6.00078,7.07724,7.68281,
05-07-2026-Thu 13-11-21-PM,5.56374,8.45689,7.17804,5.89999,7.04338,7.58201,
05-07-2026-Thu 13-11-24-PM,5.49601,8.38997,7.17804,5.86612,6.97645,7.54815,
05-07-2026-Thu 13-11-27-PM,5.39522,8.32223,7.07724,5.76533,6.87566,7.48122,
05-07-2026-Thu 13-11-29-PM,5.32829,8.25531,6.90872,5.63067,6.80793,7.38043,
05-07-2026-Thu 13-11-31-PM,5.19363,8.15371,6.84179,5.52988,6.70713,7.34656,
05-07-2026-Thu 13-11-33-PM,5.15977,8.12065,6.87566,5.46214,6.67327,7.27883,
05-07-2026-Thu 13-11-34-PM,5.15977,8.05291,6.77406,5.49601,6.64021,7.2119,
05-07-2026-Thu 13-11-36-PM,5.05898,8.01986,6.741,5.42908,6.57248,7.17804,
05-07-2026-Thu 13-11-37-PM,5.02511,7.98599,6.67327,5.32829,6.53942,7.17804,
05-07-2026-Thu 13-11-38-PM,4.99205,7.95212,6.67327,5.29443,6.47168,7.14498,
05-07-2026-Thu 13-11-40-PM,4.95818,7.8852,6.60634,5.2275,6.43782,7.07724,
05-07-2026-Thu 13-11-41-PM,4.92432,7.81746,6.60634,5.15977,6.40395,7.04338,
05-07-2026-Thu 13-11-42-PM,5.1259,7.95212,6.53942,5.15977,6.50474,7.04338,
05-07-2026-Thu 13-11-44-PM,5.09284,8.28917,6.57248,5.09284,6.33702,6.94258,
05-07-2026-Thu 13-11-45-PM,5.05898,7.81746,6.53942,5.05898,6.30316,6.97645,
05-07-2026-Thu 13-11-47-PM,4.95818,7.98599,6.47168,4.99205,6.2701,6.97645,
05-07-2026-Thu 13-11-48-PM,4.65581,7.71667,6.40395,4.95818,6.20237,6.84179,
05-07-2026-Thu 13-11-49-PM,4.62194,7.68281,6.37089,4.92432,6.13544,6.77406,
05-07-2026-Thu 13-11-51-PM,4.58807,7.61588,6.33702,4.85739,6.10157,6.77406,
05-07-2026-Thu 13-11-52-PM,4.55501,7.58201,6.30316,4.82352,6.06771,6.741,
05-07-2026-Thu 13-11-54-PM,4.48728,7.54815,6.33702,4.79046,6.03465,6.64021,
05-07-2026-Thu 13-11-55-PM,4.45422,7.51428,6.23623,4.72273,6.00078,6.64021,
05-07-2026-Thu 13-11-57-PM,4.42035,7.44735,6.20237,4.65581,5.93386,6.60634,
05-07-2026-Thu 13-11-58-PM,4.35343,7.41349,6.20237,4.62194,5.86612,6.57248,
05-07-2026-Thu 13-12-00-PM,4.31956,7.34656,6.06771,4.62194,5.83226,6.50474,
05-07-2026-Thu 13-12-01-PM,4.2857,7.31269,6.10157,4.52115,5.7992,6.47168,
05-07-2026-Thu 13-12-02-PM,4.1849,7.27883,6.06771,4.52115,5.73146,6.43782,
05-07-2026-Thu 13-12-04-PM,4.1849,7.24496,6.00078,4.45422,5.73146,6.37089,
05-07-2026-Thu 13-12-05-PM,4.11717,7.2119,5.96691,4.42035,5.66454,6.33702,
05-07-2026-Thu 13-12-07-PM,4.11717,7.17804,5.93386,4.35343,5.63067,6.30316,
05-07-2026-Thu 13-12-08-PM,4.05025,7.11111,5.93386,4.2857,5.59761,6.2701,
05-07-2026-Thu 13-12-09-PM,3.98332,7.11111,5.83226,4.25264,5.52988,6.23623,
05-07-2026-Thu 13-12-11-PM,3.94945,7.04338,5.7992,4.2857,5.49601,6.1685,
05-07-2026-Thu 13-12-12-PM,4.01638,7.14498,5.76533,4.15104,5.56374,6.1685,
05-07-2026-Thu 13-12-13-PM,4.08411,7.14498,5.73146,4.15104,5.49601,6.10157,
05-07-2026-Thu 13-12-15-PM,4.15104,7.2119,5.6984,4.11717,5.26056,6.13544,
05-07-2026-Thu 13-12-17-PM,4.08411,7.14498,5.63067,4.05025,5.36135,6.10157,
05-07-2026-Thu 13-12-18-PM,3.81479,7.14498,5.59761,4.05025,5.29443,6.00078,
05-07-2026-Thu 13-12-19-PM,3.88253,6.94258,5.59761,3.94945,5.26056,5.93386,
05-07-2026-Thu 13-12-21-PM,3.74787,6.77406,5.52988,3.91559,5.19363,5.86612,
05-07-2026-Thu 13-12-22-PM,3.54628,6.741,5.49601,3.88253,5.1259,5.86612,
05-07-2026-Thu 13-12-24-PM,3.51242,6.70713,5.49601,3.88253,5.1259,5.7992,
05-07-2026-Thu 13-12-25-PM,3.47855,6.67327,5.39522,3.78173,5.09284,5.73146,
05-07-2026-Thu 13-12-26-PM,3.44549,6.64021,5.36135,3.74787,5.02511,5.73146,
05-07-2026-Thu 13-12-28-PM,3.37776,6.60634,5.32829,3.68094,5.02511,5.66454,
05-07-2026-Thu 13-12-29-PM,3.3447,6.57248,5.29443,3.714,4.95818,5.66454,
05-07-2026-Thu 13-12-31-PM,3.31083,6.57248,5.26056,3.64707,4.92432,5.56374,
05-07-2026-Thu 13-12-32-PM,3.27697,6.50474,5.2275,3.61321,4.85739,5.59761,
05-07-2026-Thu 13-12-34-PM,3.21004,6.47168,5.19363,3.54628,4.85739,5.49601,
05-07-2026-Thu 13-12-35-PM,3.17617,6.37089,5.1259,3.54628,4.79046,5.46214,
05-07-2026-Thu 13-12-36-PM,3.17617,6.37089,5.1259,3.47855,4.7566,5.42908,
05-07-2026-Thu 13-12-38-PM,3.10925,6.33702,5.09284,3.41162,4.68887,5.39522,
05-07-2026-Thu 13-12-39-PM,3.04232,6.30316,5.09284,3.37776,4.68887,5.36135,
05-07-2026-Thu 13-12-41-PM,3.04232,6.23623,5.02511,3.37776,4.62194,5.29443,
05-07-2026-Thu 13-12-42-PM,2.97459,6.23623,4.99205,3.27697,4.58807,5.26056,
05-07-2026-Thu 13-12-44-PM,2.94153,6.1685,4.95818,3.24391,4.55501,5.19363,
05-07-2026-Thu 13-12-45-PM,2.87379,6.13544,4.95818,3.17617,4.52115,5.15977,
05-07-2026-Thu 13-12-46-PM,2.84073,6.10157,4.85739,3.17617,4.48728,5.1259,
05-07-2026-Thu 13-12-48-PM,2.773,6.06771,4.82352,3.17617,4.42035,5.1259,
05-07-2026-Thu 13-12-49-PM,2.94153,6.06771,4.82352,3.07538,4.45422,5.05898,
05-07-2026-Thu 13-12-51-PM,2.90766,6.23623,4.7566,3.07538,4.35343,4.99205,
05-07-2026-Thu 13-12-52-PM,2.80687,5.93386,4.7566,3.00845,4.31956,4.99205,
05-07-2026-Thu 13-12-53-PM,2.73994,6.10157,4.72273,3.00845,4.35343,4.99205,
05-07-2026-Thu 13-12-55-PM,2.84073,6.1685,4.62194,2.94153,4.25264,4.92432,
05-07-2026-Thu 13-12-56-PM,2.84073,6.03465,4.65581,2.90766,4.11717,4.95818,
05-07-2026-Thu 13-12-58-PM,2.80687,6.00078,4.55501,2.84073,4.1849,4.89126,
05-07-2026-Thu 13-12-59-PM,2.63915,5.93386,4.52115,2.84073,4.15104,4.92432,
05-07-2026-Thu 13-13-00-PM,2.4037,5.76533,4.52115,2.84073,4.08411,4.7566,
05-07-2026-Thu 13-13-02-PM,2.4037,5.73146,4.45422,2.773,4.08411,4.72273,
05-07-2026-Thu 13-13-03-PM,2.33597,5.6984,4.48728,2.73994,4.01638,4.72273,
05-07-2026-Thu 13-13-05-PM,2.30291,5.66454,4.42035,2.73994,3.98332,4.65581,
05-07-2026-Thu 13-13-06-PM,2.30291,5.63067,4.38649,2.67221,3.94945,4.62194,
05-07-2026-Thu 13-13-07-PM,2.26904,5.59761,4.38649,2.67221,3.91559,4.58807,
05-07-2026-Thu 13-13-09-PM,2.20211,5.56374,4.35343,2.63915,3.88253,4.55501,
05-07-2026-Thu 13-13-10-PM,2.20211,5.52988,4.31956,2.57142,3.84866,4.52115,
05-07-2026-Thu 13-13-12-PM,2.16825,5.46214,4.31956,2.53755,3.78173,4.45422,
05-07-2026-Thu 13-13-13-PM,2.10132,5.46214,4.25264,2.57142,3.78173,4.45422,
05-07-2026-Thu 13-13-14-PM,2.30291,5.39522,4.1849,2.47062,3.78173,4.55501,
05-07-2026-Thu 13-13-16-PM,2.23517,5.56374,4.15104,2.43676,3.74787,4.42035,
05-07-2026-Thu 13-13-19-PM,2.20211,5.26056,4.11717,2.43676,3.714,4.35343,
05-07-2026-Thu 13-13-21-PM,2.16825,5.52988,4.08411,2.33597,3.57934,4.25264,
05-07-2026-Thu 13-13-24-PM,1.96666,5.2275,3.98332,2.26904,3.54628,4.1849,
05-07-2026-Thu 13-13-27-PM,1.76588,5.15977,3.94945,2.20211,3.44549,4.15104,
05-07-2026-Thu 13-13-30-PM,1.69815,5.09284,3.84866,2.16825,3.37776,4.05025,
05-07-2026-Thu 13-13-32-PM,1.66429,5.02511,3.81479,2.10132,3.31083,3.98332,
05-07-2026-Thu 13-13-35-PM,1.5643,4.95818,3.74787,2.03359,3.24391,3.88253,
05-07-2026-Thu 13-13-38-PM,1.49657,4.89126,3.68094,2.00053,3.17617,3.81479,
05-07-2026-Thu 13-13-41-PM,1.5643,4.82352,3.64707,1.832,3.14311,3.74787,
05-07-2026-Thu 13-13-43-PM,1.49657,4.68887,3.54628,1.832,3.04232,3.64707,
05-07-2026-Thu 13-13-44-PM,1.39658,5.02511,3.51242,1.79894,3.04232,3.74787,
05-07-2026-Thu 13-13-45-PM,1.63042,4.7566,3.44549,1.79894,3.04232,3.61321,
05-07-2026-Thu 13-13-47-PM,1.22725,4.68887,3.44549,1.76588,2.94153,3.61321,
05-07-2026-Thu 13-13-48-PM,1.22725,4.65581,3.3447,1.73202,2.90766,3.54628,
05-07-2026-Thu 13-13-50-PM,1.195,4.62194,3.37776,1.69815,2.87379,3.51242,
05-07-2026-Thu 13-13-51-PM,1.16113,4.58807,3.3447,1.66429,2.84073,3.47855,
05-07-2026-Thu 13-13-52-PM,1.16113,4.55501,3.3447,1.59817,2.80687,3.44549,
05-07-2026-Thu 13-13-54-PM,1.12726,4.52115,3.31083,1.63042,2.773,3.41162,
05-07-2026-Thu 13-13-55-PM,1.0934,4.48728,3.24391,1.5643,2.73994,3.37776,
05-07-2026-Thu 13-13-57-PM,1.05953,4.45422,3.24391,1.5643,2.70608,3.3447,
05-07-2026-Thu 13-13-58-PM,1.02566,4.42035,3.24391,1.49657,2.67221,3.31083,
05-07-2026-Thu 13-14-00-PM,0.993411,4.38649,3.10925,1.4627,2.67221,3.27697,
05-07-2026-Thu 13-14-01-PM,0.959544,4.35343,3.10925,1.42883,2.63915,3.24391,
05-07-2026-Thu 13-14-03-PM,0.891812,4.31956,3.07538,1.42883,2.57142,3.21004,
05-07-2026-Thu 13-14-04-PM,0.857945,4.31956,3.07538,1.4627,2.53755,3.14311,
05-07-2026-Thu 13-14-05-PM,0.857945,4.25264,2.97459,1.36271,2.50449,3.14311,
05-07-2026-Thu 13-14-07-PM,0.857945,4.21796,2.90766,1.36271,2.47062,3.10925,
05-07-2026-Thu 13-14-08-PM,0.791826,4.21796,2.90766,1.32885,2.43676,3.07538,
05-07-2026-Thu 13-14-10-PM,0.757959,4.1849,2.80687,1.29498,2.4037,3.04232,
05-07-2026-Thu 13-14-11-PM,0.757959,4.15104,2.94153,1.26112,2.36983,3.00845,
05-07-2026-Thu 13-14-12-PM,0.690227,4.15104,2.84073,1.195,2.33597,2.94153,
05-07-2026-Thu 13-14-14-PM,0.690227,4.11717,2.80687,1.16113,2.33597,2.90766,
05-07-2026-Thu 13-14-15-PM,0.622494,4.05025,2.80687,1.16113,2.30291,2.87379,
05-07-2026-Thu 13-14-17-PM,0.590241,4.01638,2.70608,1.0934,2.26904,2.84073,
05-07-2026-Thu 13-14-18-PM,0.590241,3.98332,2.73994,1.0934,2.23517,2.80687,
05-07-2026-Thu 13-14-19-PM,0.556374,3.98332,2.67221,1.05953,2.20211,2.773,
05-07-2026-Thu 13-14-22-PM,0.522508,3.94945,2.60528,1.05953,2.16825,2.73994,
05-07-2026-Thu 13-14-24-PM,0.456388,3.88253,2.57142,0.959544,2.10132,2.67221,
05-07-2026-Thu 13-14-25-PM,0.422522,3.84866,2.53755,0.925678,2.06746,2.60528,
05-07-2026-Thu 13-14-27-PM,0.388656,3.84866,2.53755,0.891812,2.03359,2.60528,
05-07-2026-Thu 13-14-29-PM,0.354789,3.78173,2.50449,0.891812,2.00053,2.53755,
05-07-2026-Thu 13-14-30-PM,0.320923,3.74787,2.4037,0.857945,1.96666,2.53755,
05-07-2026-Thu 13-14-32-PM,0.28867,3.714,2.47062,0.857945,1.9328,2.50449,
05-07-2026-Thu 13-14-33-PM,0.28867,3.714,2.36983,0.757959,1.89974,2.47062,
05-07-2026-Thu 13-14-34-PM,0.220937,3.64707,2.4037,0.757959,1.86587,2.43676,
05-07-2026-Thu 13-14-36-PM,0.522508,3.98332,2.36983,0.724093,1.832,2.47062,
05-07-2026-Thu 13-14-37-PM,0.320923,3.714,2.23517,0.690227,1.86587,2.30291,
05-07-2026-Thu 13-14-39-PM,0.456388,3.81479,2.23517,0.690227,1.832,2.33597,
05-07-2026-Thu 13-14-40-PM,0.354789,3.88253,2.23517,0.622494,1.76588,2.30291,
05-07-2026-Thu 13-14-41-PM,0.522508,3.81479,2.16825,0.656361,1.73202,2.30291,
05-07-2026-Thu 13-14-43-PM,0.0532184,3.51242,2.20211,0.590241,1.69815,2.26904,
05-07-2026-Thu 13-14-44-PM,0.0193522,3.47855,2.16825,0.556374,1.66429,2.23517,
05-07-2026-Thu 13-14-46-PM,0.0193522,3.47855,2.10132,0.622494,1.66429,2.20211,
05-07-2026-Thu 13-14-47-PM,-0.0166559,3.44549,2.06746,0.490255,1.59817,2.16825,
05-07-2026-Thu 13-14-48-PM,-0.0503058,3.41162,2.06746,0.522508,1.5643,2.13438,
05-07-2026-Thu 13-14-50-PM,-0.0838943,3.41162,2.06746,0.490255,1.53043,2.13438,
05-07-2026-Thu 13-14-51-PM,-0.0838943,3.3447,2.00053,0.456388,1.49657,2.06746,
05-07-2026-Thu 13-14-53-PM,-0.117473,3.3447,2.00053,0.456388,1.49657,2.03359,
05-07-2026-Thu 13-14-54-PM,-0.151053,3.3447,1.9328,0.422522,1.4627,2.00053,
05-07-2026-Thu 13-14-56-PM,-0.184562,3.27697,1.96666,0.388656,1.39658,1.96666,
05-07-2026-Thu 13-14-57-PM,-0.218214,3.27697,1.86587,0.354789,1.39658,1.9328,
05-07-2026-Thu 13-14-58-PM,-0.251791,3.24391,1.86587,0.28867,1.32885,1.89974,
05-07-2026-Thu 13-15-00-PM,-0.251791,3.21004,1.86587,0.320923,1.32885,1.89974,
05-07-2026-Thu 13-15-01-PM,-0.285374,3.21004,1.86587,0.220937,1.32885,1.86587,
05-07-2026-Thu 13-15-02-PM,-0.31895,3.14311,1.79894,0.220937,1.29498,1.832,
05-07-2026-Thu 13-15-04-PM,-0.3524,3.14311,1.79894,0.187071,1.22725,1.79894,
05-07-2026-Thu 13-15-05-PM,-0.3524,3.14311,1.76588,0.187071,1.22725,1.73202,
05-07-2026-Thu 13-15-07-PM,-0.386048,3.07538,1.76588,0.187071,1.16113,1.76588,
05-07-2026-Thu 13-15-08-PM,-0.419626,3.07538,1.73202,0.187071,1.16113,1.69815,
05-07-2026-Thu 13-15-11-PM,-0.45321,3.00845,1.66429,0.120951,1.12726,1.66429,
05-07-2026-Thu 13-15-14-PM,-0.486782,2.97459,1.66429,0.0870847,1.02566,1.63042,
05-07-2026-Thu 13-15-16-PM,-0.553934,2.90766,1.59817,-0.0166559,0.993411,1.5643,
05-07-2026-Thu 13-15-17-PM,-0.621094,2.90766,1.5643,0.0193522,0.959544,1.49657,
05-07-2026-Thu 13-15-19-PM,-0.621094,2.87379,1.53043,-0.0503058,0.925678,1.49657,
05-07-2026-Thu 13-15-20-PM,-0.654667,2.80687,1.49657,-0.0503058,0.891812,1.4627,
05-07-2026-Thu 13-15-22-PM,-0.688109,2.84073,1.4627,-0.117473,0.857945,1.42883,
05-07-2026-Thu 13-15-23-PM,-0.654667,2.80687,1.42883,-0.0838943,0.824079,1.36271,
05-07-2026-Thu 13-15-24-PM,-0.721756,2.773,1.36271,-0.0838943,0.791826,1.36271,
05-07-2026-Thu 13-15-26-PM,-0.486782,2.87379,1.39658,-0.151053,0.757959,1.39658,
05-07-2026-Thu 13-15-27-PM,-0.520283,2.87379,1.36271,-0.184562,0.824079,1.32885,
05-07-2026-Thu 13-15-29-PM,-0.75533,3.07538,1.32885,-0.151053,0.824079,1.39658,
05-07-2026-Thu 13-15-30-PM,-0.75533,2.94153,1.36271,-0.218214,0.791826,1.29498,
05-07-2026-Thu 13-15-31-PM,-0.721756,2.67221,1.29498,-0.218214,0.656361,1.22725,
05-07-2026-Thu 13-15-33-PM,-0.88963,2.63915,1.26112,-0.251791,0.656361,1.22725,
05-07-2026-Thu 13-15-34-PM,-0.88963,2.60528,1.26112,-0.31895,0.622494,1.195,
05-07-2026-Thu 13-15-36-PM,-0.88963,2.57142,1.195,-0.3524,0.590241,1.16113,
05-07-2026-Thu 13-15-37-PM,-0.923207,2.53755,1.16113,-0.31895,0.556374,1.12726,
05-07-2026-Thu 13-15-38-PM,-0.923207,2.50449,1.195,-0.386048,0.556374,1.0934,
05-07-2026-Thu 13-15-40-PM,-0.956779,2.47062,1.0934,-0.386048,0.522508,1.0934,
05-07-2026-Thu 13-15-41-PM,-0.990355,2.47062,1.0934,-0.386048,0.490255,1.02566,
05-07-2026-Thu 13-15-42-PM,-0.990355,2.43676,1.02566,-0.419626,0.456388,1.02566,
05-07-2026-Thu 13-15-44-PM,-1.02379,2.4037,1.05953,-0.45321,0.456388,0.993411,
05-07-2026-Thu 13-15-45-PM,-1.05743,2.36983,1.02566,-0.486782,0.422522,0.959544,
05-07-2026-Thu 13-15-47-PM,-1.09101,2.36983,0.993411,-0.553934,0.388656,0.925678,
05-07-2026-Thu 13-15-48-PM,-1.09101,2.33597,0.993411,-0.45321,0.354789,0.891812,
05-07-2026-Thu 13-15-50-PM,-1.15815,2.30291,0.959544,-0.58752,0.320923,0.857945,
05-07-2026-Thu 13-15-51-PM,-1.12458,2.26904,0.891812,-0.58752,0.28867,0.857945,
05-07-2026-Thu 13-15-53-PM,-1.19165,2.26904,0.925678,-0.58752,0.28867,0.824079,
05-07-2026-Thu 13-15-54-PM,-1.19165,2.23517,0.857945,-0.621094,0.220937,0.824079,
05-07-2026-Thu 13-15-55-PM,-1.22529,2.20211,0.857945,-0.621094,0.254803,0.757959,
05-07-2026-Thu 13-15-57-PM,-1.22529,2.16825,0.891812,-0.654667,0.220937,0.724093,
05-07-2026-Thu 13-15-58-PM,-1.25886,2.16825,0.824079,-0.654667,0.187071,0.690227,
05-07-2026-Thu 13-16-00-PM,-1.29243,2.13438,0.857945,-0.721756,0.153205,0.690227,
05-07-2026-Thu 13-16-01-PM,-1.326,2.13438,0.791826,-0.721756,0.120951,0.656361,
05-07-2026-Thu 13-16-02-PM,-1.326,2.10132,0.724093,-0.75533,0.0870847,0.622494,
05-07-2026-Thu 13-16-04-PM,-1.35944,2.10132,0.724093,-0.75533,0.0532184,0.590241,
05-07-2026-Thu 13-16-05-PM,-1.35944,2.06746,0.791826,-0.822482,0.0532184,0.590241,
05-07-2026-Thu 13-16-06-PM,-1.35944,2.03359,0.757959,-0.788907,-0.0166559,0.556374,
05-07-2026-Thu 13-16-08-PM,-1.42664,2.00053,0.724093,-0.788907,-0.0166559,0.522508,
05-07-2026-Thu 13-16-09-PM,-1.46021,2.00053,0.690227,-0.855981,-0.0166559,0.490255,
05-07-2026-Thu 13-16-11-PM,-1.46021,1.96666,0.656361,-0.855981,-0.0503058,0.456388,
05-07-2026-Thu 13-16-12-PM,-1.49378,1.9328,0.656361,-0.822482,-0.0838943,0.422522,
05-07-2026-Thu 13-16-13-PM,-1.52728,1.9328,0.622494,-0.88963,-0.117473,0.422522,
05-07-2026-Thu 13-16-15-PM,-1.52728,1.89974,0.622494,-0.923207,-0.151053,0.388656,
05-07-2026-Thu 13-16-16-PM,-1.52728,1.89974,0.556374,-0.88963,-0.151053,0.354789,
05-07-2026-Thu 13-16-18-PM,-1.56092,1.86587,0.590241,-0.956779,-0.184562,0.320923,
05-07-2026-Thu 13-16-19-PM,-1.59448,1.832,0.556374,-0.990355,-0.218214,0.320923,
05-07-2026-Thu 13-16-20-PM,-1.62804,1.79894,0.522508,-0.990355,-0.251791,0.28867,
05-07-2026-Thu 13-16-22-PM,-1.62804,1.832,0.490255,-1.02379,-0.251791,0.254803,
05-07-2026-Thu 13-16-23-PM,-1.66161,1.79894,0.456388,-1.02379,-0.251791,0.220937,
05-07-2026-Thu 13-16-25-PM,-1.69504,1.76588,0.388656,-1.05743,-0.31895,0.220937,
05-07-2026-Thu 13-16-26-PM,-1.72868,1.73202,0.354789,-1.05743,-0.31895,0.187071,
05-07-2026-Thu 13-16-27-PM,-1.72868,1.73202,0.388656,-1.09101,-0.3524,0.153205,
05-07-2026-Thu 13-16-29-PM,-1.76225,1.69815,0.354789,-1.12458,-0.386048,0.120951,
05-07-2026-Thu 13-16-30-PM,-1.76225,1.69815,0.320923,-1.15815,-0.419626,0.120951,
05-07-2026-Thu 13-16-32-PM,-1.79581,1.66429,0.320923,-1.15815,-0.419626,0.0870847,
05-07-2026-Thu 13-16-33-PM,-1.82937,1.63042,0.254803,-1.22529,-0.45321,0.0870847,
05-07-2026-Thu 13-16-34-PM,-1.82937,1.63042,0.220937,-1.25886,-0.45321,0.0193522,
05-07-2026-Thu 13-16-36-PM,-1.86287,1.59817,0.187071,-1.19165,-0.486782,0.0193522,
05-07-2026-Thu 13-16-37-PM,-1.86287,1.5643,0.187071,-1.25886,-0.520283,-0.0166559,
05-07-2026-Thu 13-16-39-PM,-1.89651,1.5643,0.120951,-1.25886,-0.553934,-0.0503058,
05-07-2026-Thu 13-16-40-PM,-1.89651,1.59817,0.120951,-1.29243,-0.553934,-0.0503058,
05-07-2026-Thu 13-16-41-PM,-1.62804,1.63042,0.0870847,-1.326,-0.553934,-0.0838943,
05-07-2026-Thu 13-16-43-PM,-1.72868,1.76588,0.0532184,-1.29243,-0.654667,-0.0503058,
05-07-2026-Thu 13-16-44-PM,-1.59448,1.53043,0.0532184,-1.29243,-0.58752,-0.151053,
05-07-2026-Thu 13-16-46-PM,-1.69504,1.59817,-0.0166559,-1.326,-0.688109,-0.0838943,
05-07-2026-Thu 13-16-47-PM,-1.82937,1.5643,0.0193522,-1.326,-0.621094,-0.151053,
05-07-2026-Thu 13-16-48-PM,-1.72868,1.49657,-0.0166559,-1.39308,-0.654667,-0.0503058,
05-07-2026-Thu 13-16-50-PM,-1.96363,1.59817,-0.0838943,-1.39308,-0.621094,-0.184562,
05-07-2026-Thu 13-16-51-PM,-1.99719,1.39658,-0.0503058,-1.326,-0.75533,-0.218214,
05-07-2026-Thu 13-16-52-PM,-2.09782,1.39658,-0.0503058,-1.42664,-0.75533,-0.251791,
05-07-2026-Thu 13-16-54-PM,-2.09782,1.36271,-0.0503058,-1.46021,-0.788907,-0.285374,
05-07-2026-Thu 13-16-55-PM,-2.13138,1.36271,-0.117473,-1.42664,-0.822482,-0.31895,
05-07-2026-Thu 13-16-57-PM,-2.13138,1.32885,-0.151053,-1.46021,-0.822482,-0.31895,
05-07-2026-Thu 13-16-58-PM,-2.16494,1.29498,-0.151053,-1.49378,-0.822482,-0.3524,
05-07-2026-Thu 13-17-00-PM,-2.16494,1.29498,-0.151053,-1.49378,-0.88963,-0.386048,
05-07-2026-Thu 13-17-01-PM,-2.23206,1.26112,-0.184562,-1.56092,-0.88963,-0.419626,
05-07-2026-Thu 13-17-03-PM,-2.19843,1.22725,-0.218214,-1.59448,-0.923207,-0.45321,
05-07-2026-Thu 13-17-04-PM,-2.23206,1.22725,-0.218214,-1.62804,-0.956779,-0.45321,
05-07-2026-Thu 13-17-07-PM,-2.26561,1.16113,-0.251791,-1.56092,-0.990355,-0.486782,
05-07-2026-Thu 13-17-10-PM,-2.29918,1.16113,-0.251791,-1.62804,-1.02379,-0.553934,
05-07-2026-Thu 13-17-13-PM,-2.33274,1.0934,-0.3524,-1.69504,-1.05743,-0.58752,
05-07-2026-Thu 13-17-16-PM,-2.36616,1.02566,-0.386048,-1.69504,-1.12458,-0.621094,
05-07-2026-Thu 13-17-17-PM,-2.39979,1.02566,-0.45321,-1.72868,-1.15815,-0.688109,
05-07-2026-Thu 13-17-18-PM,-2.43336,0.993411,-0.386048,-1.72868,-1.15815,-0.721756,
05-07-2026-Thu 13-17-20-PM,-2.46691,0.993411,-0.520283,-1.79581,-1.19165,-0.721756,
05-07-2026-Thu 13-17-21-PM,-2.46691,0.959544,-0.486782,-1.86287,-1.19165,-0.75533,
05-07-2026-Thu 13-17-23-PM,-2.46691,0.959544,-0.486782,-1.82937,-1.22529,-0.75533,
05-07-2026-Thu 13-17-24-PM,-2.50047,0.925678,-0.520283,-1.82937,-1.25886,-0.788907,
05-07-2026-Thu 13-17-25-PM,-2.50047,0.891812,-0.58752,-1.82937,-1.25886,-0.788907,
05-07-2026-Thu 13-17-27-PM,-2.53395,0.891812,-0.58752,-1.86287,-1.29243,-0.822482,
05-07-2026-Thu 13-17-28-PM,-2.56758,0.891812,-0.621094,-1.86287,-1.326,-0.855981,
05-07-2026-Thu 13-17-30-PM,-2.60114,0.857945,-0.688109,-1.93007,-1.35944,-0.855981,
05-07-2026-Thu 13-17-31-PM,-2.56758,0.824079,-0.688109,-1.93007,-1.35944,-0.88963,
05-07-2026-Thu 13-17-32-PM,-2.60114,0.824079,-0.788907,-1.93007,-1.35944,-0.923207,
05-07-2026-Thu 13-17-34-PM,-2.6347,0.824079,-0.721756,-1.96363,-1.42664,-0.956779,
05-07-2026-Thu 13-17-35-PM,-2.6347,0.791826,-0.75533,-1.99719,-1.42664,-0.990355,
05-07-2026-Thu 13-17-36-PM,-2.66825,0.757959,-0.788907,-1.99719,-1.42664,-0.990355,
05-07-2026-Thu 13-17-38-PM,-2.66825,0.757959,-0.788907,-2.03062,-1.46021,-1.02379,
05-07-2026-Thu 13-17-39-PM,-2.70167,0.757959,-0.788907,-2.06425,-1.46021,-1.05743,
05-07-2026-Thu 13-17-41-PM,-2.7353,0.690227,-0.788907,-1.99719,-1.49378,-1.05743,
05-07-2026-Thu 13-17-42-PM,-2.76885,0.656361,-0.822482,-2.06425,-1.52728,-1.09101,
05-07-2026-Thu 13-17-43-PM,-2.7353,0.656361,-0.923207,-2.09782,-1.52728,-1.09101,
05-07-2026-Thu 13-17-45-PM,-2.76885,0.656361,-0.855981,-2.06425,-1.56092,-1.12458,
05-07-2026-Thu 13-17-46-PM,-2.80241,0.622494,-0.88963,-2.13138,-1.56092,-1.15815,
05-07-2026-Thu 13-17-48-PM,-2.80241,0.590241,-0.923207,-2.13138,-1.59448,-1.15815,
05-07-2026-Thu 13-17-49-PM,-2.83597,0.590241,-0.956779,-2.13138,-1.62804,-1.19165,
05-07-2026-Thu 13-17-50-PM,-2.83597,0.590241,-0.923207,-2.16494,-1.66161,-1.22529,
05-07-2026-Thu 13-17-52-PM,-2.86945,0.522508,-0.956779,-2.16494,-1.66161,-1.22529,
05-07-2026-Thu 13-17-53-PM,-2.86945,0.522508,-0.956779,-2.23206,-1.66161,-1.22529,
05-07-2026-Thu 13-17-55-PM,-2.90308,0.522508,-0.990355,-2.19843,-1.72868,-1.25886,
05-07-2026-Thu 13-17-56-PM,-2.90308,0.522508,-0.990355,-2.23206,-1.72868,-1.29243,
05-07-2026-Thu 13-17-57-PM,-2.93663,0.456388,-1.05743,-2.29918,-1.76225,-1.326,
05-07-2026-Thu 13-17-59-PM,-2.97018,0.456388,-1.12458,-2.26561,-1.76225,-1.35944,
05-07-2026-Thu 13-18-00-PM,-2.97018,0.422522,-1.09101,-2.29918,-1.79581,-1.326,
05-07-2026-Thu 13-18-01-PM,-3.00373,0.422522,-1.09101,-2.29918,-1.79581,-1.39308,
05-07-2026-Thu 13-18-03-PM,-3.00373,0.354789,-1.12458,-2.29918,-1.82937,-1.42664,
05-07-2026-Thu 13-18-04-PM,-3.00373,0.388656,-1.09101,-2.36616,-1.82937,-1.39308,
05-07-2026-Thu 13-18-06-PM,-3.00373,0.354789,-1.15815,-2.36616,-1.86287,-1.42664,
05-07-2026-Thu 13-18-07-PM,-3.03716,0.354789,-1.22529,-2.36616,-1.89651,-1.46021,
05-07-2026-Thu 13-18-08-PM,-3.03716,0.28867,-1.22529,-2.36616,-1.89651,-1.46021,
05-07-2026-Thu 13-18-10-PM,-3.07077,0.320923,-1.22529,-2.39979,-1.89651,-1.49378,
05-07-2026-Thu 13-18-11-PM,-3.10433,0.28867,-1.25886,-2.43336,-1.93007,-1.52728,
05-07-2026-Thu 13-18-13-PM,-3.13788,0.28867,-1.19165,-2.43336,-1.93007,-1.52728,
05-07-2026-Thu 13-18-14-PM,-3.13788,0.220937,-1.22529,-2.43336,-1.96363,-1.56092,
05-07-2026-Thu 13-18-15-PM,-3.10433,0.220937,-1.29243,-2.43336,-1.96363,-1.59448,
05-07-2026-Thu 13-18-17-PM,-3.13788,0.187071,-1.25886,-2.46691,-2.03062,-1.59448,
05-07-2026-Thu 13-18-18-PM,-3.17143,0.187071,-1.25886,-2.46691,-2.03062,-1.59448,
05-07-2026-Thu 13-18-20-PM,-3.20491,0.153205,-1.29243,-2.50047,-2.06425,-1.62804,
05-07-2026-Thu 13-18-21-PM,-3.20491,0.153205,-1.35944,-2.50047,-2.06425,-1.66161,
05-07-2026-Thu 13-18-22-PM,-3.23853,0.120951,-1.35944,-2.50047,-2.09782,-1.66161,
05-07-2026-Thu 13-18-24-PM,-3.23853,0.120951,-1.35944,-2.53395,-2.09782,-1.69504,
05-07-2026-Thu 13-18-25-PM,-3.23853,0.120951,-1.35944,-2.53395,-2.13138,-1.72868,
05-07-2026-Thu 13-18-26-PM,-3.27208,0.0870847,-1.39308,-2.56758,-2.13138,-1.72868,
05-07-2026-Thu 13-18-28-PM,-3.30563,0.0870847,-1.42664,-2.6347,-2.13138,-1.76225,
05-07-2026-Thu 13-18-29-PM,-3.30563,0.0532184,-1.42664,-2.6347,-2.16494,-1.76225,
05-07-2026-Thu 13-18-31-PM,-3.33918,0.0532184,-1.46021,-2.6347,-2.16494,-1.79581,
05-07-2026-Thu 13-18-32-PM,-3.33918,0.0193522,-1.42664,-2.6347,-2.19843,-1.82937,
05-07-2026-Thu 13-18-35-PM,-3.10433,0.254803,-1.52728,-2.6347,-2.16494,-1.86287,
05-07-2026-Thu 13-18-37-PM,-3.13788,0.0870847,-1.52728,-2.66825,-2.29918,-1.79581,
05-07-2026-Thu 13-18-38-PM,-3.20491,0.254803,-1.52728,-2.7353,-2.33274,-1.82937,
05-07-2026-Thu 13-18-39-PM,-3.33918,-0.0503058,-1.56092,-2.7353,-2.29918,-1.89651,
05-07-2026-Thu 13-18-41-PM,-3.40621,-0.0503058,-1.52728,-2.70167,-2.33274,-1.93007,
05-07-2026-Thu 13-18-42-PM,-3.43976,-0.0838943,-1.59448,-2.70167,-2.33274,-1.93007,
05-07-2026-Thu 13-18-44-PM,-3.43976,-0.0838943,-1.56092,-2.7353,-2.33274,-1.96363,
05-07-2026-Thu 13-18-45-PM,-3.43976,-0.117473,-1.59448,-2.76885,-2.36616,-1.99719,
05-07-2026-Thu 13-18-46-PM,-3.47332,-0.151053,-1.59448,-2.76885,-2.39979,-1.99719,
05-07-2026-Thu 13-18-48-PM,-3.47332,-0.184562,-1.69504,-2.76885,-2.39979,-1.99719,
05-07-2026-Thu 13-18-49-PM,-3.50686,-0.184562,-1.66161,-2.83597,-2.43336,-2.03062,
05-07-2026-Thu 13-18-52-PM,-3.54034,-0.184562,-1.69504,-2.83597,-2.43336,-2.06425,
05-07-2026-Thu 13-18-54-PM,-3.57395,-0.218214,-1.72868,-2.90308,-2.46691,-2.13138,
05-07-2026-Thu 13-18-55-PM,-3.57395,-0.251791,-1.76225,-2.86945,-2.50047,-2.09782,
05-07-2026-Thu 13-18-57-PM,-3.54034,-0.251791,-1.82937,-2.90308,-2.53395,-2.13138,
05-07-2026-Thu 13-18-58-PM,-3.6075,-0.285374,-1.76225,-2.90308,-2.53395,-2.16494,
05-07-2026-Thu 13-19-00-PM,-3.6075,-0.285374,-1.82937,-2.86945,-2.53395,-2.19843,
05-07-2026-Thu 13-19-01-PM,-3.6075,-0.31895,-1.79581,-2.90308,-2.56758,-2.19843,
05-07-2026-Thu 13-19-02-PM,-3.64105,-0.31895,-1.82937,-2.90308,-2.60114,-2.19843,
05-07-2026-Thu 13-19-04-PM,-3.64105,-0.3524,-1.82937,-2.97018,-2.60114,-2.23206,
05-07-2026-Thu 13-19-05-PM,-3.6746,-0.3524,-1.89651,-2.97018,-2.6347,-2.26561,
05-07-2026-Thu 13-19-07-PM,-3.70801,-0.3524,-1.86287,-2.97018,-2.6347,-2.26561,
05-07-2026-Thu 13-19-08-PM,-3.74163,-0.386048,-1.93007,-3.00373,-2.66825,-2.29918,
05-07-2026-Thu 13-19-10-PM,-3.70801,-0.419626,-1.96363,-3.00373,-2.66825,-2.29918,
05-07-2026-Thu 13-19-11-PM,-3.77517,-0.419626,-2.03062,-3.00373,-2.70167,-2.33274,
05-07-2026-Thu 13-19-13-PM,-3.74163,-0.45321,-1.96363,-3.00373,-2.7353,-2.36616,
05-07-2026-Thu 13-19-14-PM,-3.77517,-0.486782,-1.96363,-3.07077,-2.7353,-2.36616,
05-07-2026-Thu 13-19-15-PM,-3.77517,-0.486782,-1.99719,-3.03716,-2.76885,-2.39979,
05-07-2026-Thu 13-19-17-PM,-3.80872,-0.520283,-2.06425,-3.07077,-2.76885,-2.39979,
05-07-2026-Thu 13-19-18-PM,-3.80872,-0.520283,-1.99719,-3.03716,-2.76885,-2.43336,
05-07-2026-Thu 13-19-20-PM,-3.80872,-0.520283,-2.06425,-3.13788,-2.80241,-2.43336,
05-07-2026-Thu 13-19-21-PM,-3.84226,-0.520283,-2.16494,-3.07077,-2.76885,-2.46691,
05-07-2026-Thu 13-19-22-PM,-3.84226,-0.553934,-2.09782,-3.17143,-2.83597,-2.46691,
05-07-2026-Thu 13-19-24-PM,-3.84226,-0.553934,-2.13138,-3.17143,-2.83597,-2.50047,
05-07-2026-Thu 13-19-26-PM,-3.87573,-0.58752,-2.16494,-3.13788,-2.86945,-2.50047,
05-07-2026-Thu 13-19-27-PM,-3.90935,-0.654667,-2.16494,-3.13788,-2.86945,-2.53395,
05-07-2026-Thu 13-19-28-PM,-3.90935,-0.621094,-2.16494,-3.17143,-2.90308,-2.53395,
05-07-2026-Thu 13-19-30-PM,-3.90935,-0.654667,-2.23206,-3.20491,-2.90308,-2.56758,
05-07-2026-Thu 13-19-31-PM,-3.94289,-0.688109,-2.26561,-3.27208,-2.90308,-2.60114,
05-07-2026-Thu 13-19-33-PM,-3.97644,-0.688109,-2.23206,-3.17143,-2.93663,-2.60114,
05-07-2026-Thu 13-19-34-PM,-3.94289,-0.688109,-2.26561,-3.20491,-2.93663,-2.6347,
05-07-2026-Thu 13-19-35-PM,-3.97644,-0.721756,-2.19843,-3.27208,-2.97018,-2.6347,
05-07-2026-Thu 13-19-37-PM,-3.97644,-0.75533,-2.26561,-3.27208,-3.00373,-2.66825,
05-07-2026-Thu 13-19-38-PM,-4.00997,-0.75533,-2.23206,-3.30563,-3.00373,-2.66825,
05-07-2026-Thu 13-19-40-PM,-4.04345,-0.75533,-2.29918,-3.30563,-3.03716,-2.70167,
05-07-2026-Thu 13-19-41-PM,-4.04345,-0.788907,-2.29918,-3.30563,-3.03716,-2.7353,
05-07-2026-Thu 13-19-43-PM,-4.04345,-0.788907,-2.29918,-3.33918,-3.03716,-2.70167,
05-07-2026-Thu 13-19-44-PM,-4.00997,-0.822482,-2.36616,-3.33918,-3.07077,-2.7353,
05-07-2026-Thu 13-19-46-PM,-4.07706,-0.822482,-2.29918,-3.37259,-3.07077,-2.76885,
05-07-2026-Thu 13-19-47-PM,-4.04345,-0.855981,-2.36616,-3.33918,-3.10433,-2.76885,
05-07-2026-Thu 13-19-48-PM,-4.07706,-0.855981,-2.46691,-3.30563,-3.10433,-2.80241,
05-07-2026-Thu 13-19-50-PM,-4.11053,-0.855981,-2.43336,-3.40621,-3.13788,-2.80241,
05-07-2026-Thu 13-19-52-PM,-4.14408,-0.88963,-2.36616,-3.40621,-3.17143,-2.86945,
05-07-2026-Thu 13-19-53-PM,-4.14408,-0.88963,-2.43336,-3.43976,-3.17143,-2.83597,
05-07-2026-Thu 13-19-55-PM,-4.14408,-0.923207,-2.43336,-3.40621,-3.17143,-2.86945,
05-07-2026-Thu 13-19-56-PM,-4.17762,-0.956779,-2.43336,-3.47332,-3.20491,-2.86945,
05-07-2026-Thu 13-19-57-PM,-4.17762,-0.956779,-2.46691,-3.40621,-3.20491,-2.90308,
05-07-2026-Thu 13-19-59-PM,-4.17762,-0.990355,-2.50047,-3.47332,-3.23853,-2.93663,
05-07-2026-Thu 13-20-00-PM,-4.21109,-0.990355,-2.50047,-3.43976,-3.23853,-2.93663,
05-07-2026-Thu 13-20-02-PM,-4.24471,-0.990355,-2.56758,-3.50686,-3.27208,-2.97018,
05-07-2026-Thu 13-20-03-PM,-4.21109,-1.02379,-2.53395,-3.43976,-3.30563,-2.97018,
05-07-2026-Thu 13-20-05-PM,-4.27824,-1.02379,-2.50047,-3.50686,-3.27208,-3.00373,
05-07-2026-Thu 13-20-06-PM,-4.27824,-1.05743,-2.53395,-3.54034,-3.27208,-3.00373,
05-07-2026-Thu 13-20-07-PM,-4.27824,-1.05743,-2.56758,-3.54034,-3.30563,-3.03716,
05-07-2026-Thu 13-20-09-PM,-4.27824,-1.09101,-2.60114,-3.57395,-3.33918,-3.03716,
05-07-2026-Thu 13-20-10-PM,-4.31178,-1.09101,-2.60114,-3.6075,-3.33918,-3.07077,
05-07-2026-Thu 13-20-12-PM,-4.31178,-1.09101,-2.6347,-3.57395,-3.37259,-3.07077,
05-07-2026-Thu 13-20-13-PM,-4.34532,-1.12458,-2.56758,-3.6075,-3.37259,-3.10433,
05-07-2026-Thu 13-20-14-PM,-4.34532,-1.15815,-2.70167,-3.6746,-3.40621,-3.10433,
05-07-2026-Thu 13-20-16-PM,-4.37878,-1.15815,-2.7353,-3.64105,-3.40621,-3.10433,
05-07-2026-Thu 13-20-17-PM,-4.34532,-1.19165,-2.7353,-3.64105,-3.43976,-3.13788,
05-07-2026-Thu 13-20-18-PM,-4.37878,-1.22529,-2.76885,-3.70801,-3.43976,-3.13788,
05-07-2026-Thu 13-20-20-PM,-4.4124,-1.22529,-2.80241,-3.74163,-3.47332,-3.17143,
05-07-2026-Thu 13-20-21-PM,-4.44587,-1.25886,-2.83597,-3.80872,-3.50686,-3.17143,
05-07-2026-Thu 13-20-23-PM,-4.47942,-1.25886,-2.80241,-3.87573,-3.54034,-3.20491,
05-07-2026-Thu 13-20-24-PM,-4.47942,-1.29243,-2.86945,-3.90935,-3.57395,-3.23853,
05-07-2026-Thu 13-20-26-PM,-4.54642,-1.326,-2.86945,-3.90935,-3.6075,-3.23853,
05-07-2026-Thu 13-20-27-PM,-4.54642,-1.35944,-2.97018,-4.00997,-3.64105,-3.27208,
05-07-2026-Thu 13-20-29-PM,-4.58002,-1.42664,-3.00373,-4.00997,-3.6746,-3.30563,
05-07-2026-Thu 13-20-30-PM,-4.61356,-1.42664,-3.00373,-4.07706,-3.6746,-3.30563,
05-07-2026-Thu 13-20-31-PM,-4.6471,-1.42664,-3.03716,-4.07706,-3.6746,-3.33918,
05-07-2026-Thu 13-20-33-PM,-4.6471,-1.46021,-3.13788,-4.11053,-3.74163,-3.37259,
05-07-2026-Thu 13-20-34-PM,-4.68063,-1.52728,-3.07077,-4.14408,-3.77517,-3.37259,
05-07-2026-Thu 13-20-36-PM,-4.7141,-1.52728,-3.10433,-4.17762,-3.77517,-3.40621,
05-07-2026-Thu 13-20-37-PM,-4.74771,-1.56092,-3.13788,-4.24471,-3.80872,-3.40621,
05-07-2026-Thu 13-20-38-PM,-4.74771,-1.59448,-3.13788,-4.24471,-3.84226,-3.43976,
05-07-2026-Thu 13-20-40-PM,-4.78117,-1.62804,-3.20491,-4.31178,-3.87573,-3.43976,
05-07-2026-Thu 13-20-41-PM,-4.81471,-1.66161,-3.20491,-4.31178,-3.87573,-3.47332,
05-07-2026-Thu 13-20-43-PM,-4.84824,-1.69504,-3.23853,-4.31178,-3.90935,-3.50686,
05-07-2026-Thu 13-20-44-PM,-4.84824,-1.72868,-3.33918,-4.37878,-3.97644,-3.54034,
05-07-2026-Thu 13-20-46-PM,-4.91531,-1.72868,-3.30563,-4.4124,-3.97644,-3.54034,
05-07-2026-Thu 13-20-47-PM,-4.91531,-1.76225,-3.33918,-4.4124,-4.00997,-3.57395,
05-07-2026-Thu 13-20-48-PM,-4.94884,-1.79581,-3.33918,-4.44587,-4.04345,-3.6075,
05-07-2026-Thu 13-20-50-PM,-4.98237,-1.82937,-3.40621,-4.47942,-4.11053,-3.6075,
05-07-2026-Thu 13-20-52-PM,-5.01591,-1.86287,-3.47332,-4.47942,-4.11053,-3.64105,
05-07-2026-Thu 13-20-53-PM,-5.01591,-1.89651,-3.47332,-4.58002,-4.14408,-3.64105,
05-07-2026-Thu 13-20-55-PM,-5.08298,-1.89651,-3.50686,-4.58002,-4.17762,-3.6746,
05-07-2026-Thu 13-20-56-PM,-5.08298,-1.93007,-3.57395,-4.68063,-4.17762,-3.70801,
05-07-2026-Thu 13-20-57-PM,-5.08298,-1.96363,-3.54034,-4.58002,-4.21109,-3.74163,
05-07-2026-Thu 13-20-59-PM,-4.94884,-1.86287,-3.57395,-4.7141,-4.14408,-3.74163,
05-07-2026-Thu 13-21-00-PM,-5.01591,-2.03062,-3.6075,-4.74771,-4.21109,-3.74163,
05-07-2026-Thu 13-21-02-PM,-5.14997,-1.99719,-3.64105,-4.74771,-4.27824,-3.80872,
05-07-2026-Thu 13-21-03-PM,-4.94884,-1.93007,-3.6075,-4.7141,-4.31178,-3.77517,
05-07-2026-Thu 13-21-04-PM,-5.11645,-1.93007,-3.6746,-4.81471,-4.37878,-3.77517,
05-07-2026-Thu 13-21-06-PM,-5.2841,-2.09782,-3.70801,-4.84824,-4.37878,-3.84226,
05-07-2026-Thu 13-21-07-PM,-5.2841,-2.13138,-3.70801,-4.84824,-4.4124,-3.87573,
05-07-2026-Thu 13-21-08-PM,-5.31763,-2.16494,-3.77517,-4.84824,-4.4124,-3.90935,
05-07-2026-Thu 13-21-10-PM,-5.35116,-2.19843,-3.77517,-4.84824,-4.47942,-3.94289,
05-07-2026-Thu 13-21-11-PM,-5.35116,-2.23206,-3.77517,-4.91531,-4.47942,-3.94289,
05-07-2026-Thu 13-21-13-PM,-5.38461,-2.26561,-3.80872,-4.98237,-4.51295,-3.97644,
05-07-2026-Thu 13-21-14-PM,-5.38461,-2.26561,-3.80872,-4.91531,-4.54642,-3.97644,
05-07-2026-Thu 13-21-15-PM,-5.41822,-2.29918,-3.84226,-5.04937,-4.58002,-3.97644,
05-07-2026-Thu 13-21-17-PM,-5.45168,-2.29918,-3.90935,-5.04937,-4.61356,-4.00997,
05-07-2026-Thu 13-21-18-PM,-5.48521,-2.39979,-3.90935,-5.11645,-4.6471,-4.04345,
05-07-2026-Thu 13-21-20-PM,-5.48521,-2.39979,-3.90935,-5.08298,-4.6471,-4.04345,
05-07-2026-Thu 13-21-21-PM,-5.55219,-2.39979,-3.90935,-5.08298,-4.68063,-4.07706,
05-07-2026-Thu 13-21-22-PM,-5.55219,-2.43336,-3.97644,-5.14997,-4.7141,-4.11053,
05-07-2026-Thu 13-21-24-PM,-5.58579,-2.46691,-3.97644,-5.1835,-4.7141,-4.17762,
05-07-2026-Thu 13-21-25-PM,-5.61931,-2.53395,-4.00997,-5.21696,-4.78117,-4.17762,
05-07-2026-Thu 13-21-27-PM,-5.65284,-2.53395,-4.04345,-5.1835,-4.78117,-4.17762,
05-07-2026-Thu 13-21-28-PM,-5.65284,-2.56758,-4.07706,-5.2841,-4.81471,-4.21109,
05-07-2026-Thu 13-21-29-PM,-5.68636,-2.60114,-4.11053,-5.2841,-4.84824,-4.24471,
05-07-2026-Thu 13-21-31-PM,-5.75342,-2.6347,-4.14408,-5.35116,-4.8817,-4.24471,
05-07-2026-Thu 13-21-32-PM,-5.75342,-2.6347,-4.11053,-5.31763,-4.8817,-4.27824,
05-07-2026-Thu 13-21-34-PM,-5.78695,-2.66825,-4.21109,-5.38461,-4.94884,-4.31178,
05-07-2026-Thu 13-21-35-PM,-5.8204,-2.70167,-4.17762,-5.41822,-4.94884,-4.31178,
05-07-2026-Thu 13-21-37-PM,-5.8204,-2.7353,-4.21109,-5.41822,-4.94884,-4.34532,
05-07-2026-Thu 13-21-38-PM,-5.88738,-2.76885,-4.21109,-5.45168,-5.01591,-4.37878,
05-07-2026-Thu 13-21-40-PM,-5.88738,-2.80241,-4.27824,-5.45168,-5.01591,-4.4124,
05-07-2026-Thu 13-21-41-PM,-5.92098,-2.83597,-4.27824,-5.51873,-5.04937,-4.44587,
05-07-2026-Thu 13-21-42-PM,-5.9545,-2.83597,-4.34532,-5.55219,-5.08298,-4.44587,
05-07-2026-Thu 13-21-44-PM,-5.98803,-2.86945,-4.31178,-5.48521,-5.11645,-4.44587,
05-07-2026-Thu 13-21-45-PM,-5.98803,-2.90308,-4.34532,-5.58579,-5.11645,-4.47942,
05-07-2026-Thu 13-21-47-PM,-6.02154,-2.93663,-4.44587,-5.55219,-5.14997,-4.54642,
05-07-2026-Thu 13-21-48-PM,-6.055,-2.97018,-4.37878,-5.65284,-5.1835,-4.54642,
05-07-2026-Thu 13-21-49-PM,-6.12211,-2.97018,-4.4124,-5.61931,-5.1835,-4.54642,
05-07-2026-Thu 13-21-51-PM,-6.12211,-3.00373,-4.44587,-5.65284,-5.21696,-4.58002,
05-07-2026-Thu 13-21-52-PM,-6.12211,-3.00373,-4.47942,-5.68636,-5.21696,-4.61356,
05-07-2026-Thu 13-21-54-PM,-5.9545,-2.80241,-4.51295,-5.68636,-5.21696,-4.54642,
05-07-2026-Thu 13-21-55-PM,-5.9545,-2.90308,-4.51295,-5.75342,-5.21696,-4.61356,
05-07-2026-Thu 13-21-56-PM,-6.055,-2.80241,-4.54642,-5.75342,-5.25057,-4.68063,
05-07-2026-Thu 13-21-58-PM,-6.02154,-3.13788,-4.58002,-5.78695,-5.35116,-4.61356,
05-07-2026-Thu 13-21-59-PM,-6.25613,-2.90308,-4.58002,-5.78695,-5.38461,-4.7141,
05-07-2026-Thu 13-22-01-PM,-6.18908,-2.83597,-4.6471,-5.8204,-5.38461,-4.74771,
05-07-2026-Thu 13-22-02-PM,-6.055,-2.93663,-4.61356,-5.78695,-5.41822,-4.74771,
05-07-2026-Thu 13-22-03-PM,-6.32317,-3.20491,-4.68063,-5.88738,-5.45168,-4.74771,
05-07-2026-Thu 13-22-05-PM,-6.32317,-3.23853,-4.68063,-5.85393,-5.45168,-4.78117,
05-07-2026-Thu 13-22-06-PM,-6.35669,-3.23853,-4.6471,-5.88738,-5.45168,-4.81471,
05-07-2026-Thu 13-22-08-PM,-6.39014,-3.27208,-4.7141,-5.92098,-5.51873,-4.84824,
05-07-2026-Thu 13-22-09-PM,-6.39014,-3.30563,-4.74771,-5.98803,-5.55219,-4.8817,
05-07-2026-Thu 13-22-10-PM,-6.42372,-3.30563,-4.74771,-5.98803,-5.55219,-4.8817,
05-07-2026-Thu 13-22-12-PM,-6.45724,-3.37259,-4.74771,-5.98803,-5.58579,-4.8817,
05-07-2026-Thu 13-22-13-PM,-6.4907,-3.37259,-4.81471,-5.98803,-5.58579,-4.91531,
05-07-2026-Thu 13-22-14-PM,-6.4907,-3.40621,-4.84824,-5.98803,-5.58579,-4.94884,
05-07-2026-Thu 13-22-16-PM,-6.4907,-3.47332,-4.81471,-6.055,-5.65284,-4.98237,
05-07-2026-Thu 13-22-17-PM,-6.55766,-3.47332,-4.84824,-6.08859,-5.65284,-5.01591,
05-07-2026-Thu 13-22-19-PM,-6.55766,-3.47332,-4.84824,-6.08859,-5.68636,-5.01591,
05-07-2026-Thu 13-22-20-PM,-6.59125,-3.47332,-4.91531,-6.15557,-5.71983,-5.04937,
05-07-2026-Thu 13-22-21-PM,-6.59125,-3.54034,-4.94884,-6.12211,-5.71983,-5.04937,
05-07-2026-Thu 13-22-23-PM,-6.62477,-3.57395,-4.94884,-6.15557,-5.75342,-5.08298,
05-07-2026-Thu 13-22-24-PM,-6.62477,-3.57395,-5.01591,-6.15557,-5.78695,-5.11645,
05-07-2026-Thu 13-22-26-PM,-6.69181,-3.57395,-4.98237,-6.18908,-5.78695,-5.11645,
05-07-2026-Thu 13-22-27-PM,-6.69181,-3.64105,-5.01591,-6.22253,-5.8204,-5.14997,
05-07-2026-Thu 13-22-28-PM,-6.69181,-3.64105,-5.11645,-6.25613,-5.8204,-5.14997,
05-07-2026-Thu 13-22-30-PM,-6.75883,-3.70801,-5.08298,-6.25613,-5.88738,-5.1835,
05-07-2026-Thu 13-22-31-PM,-6.75883,-3.6746,-5.08298,-6.35669,-5.88738,-5.21696,
05-07-2026-Thu 13-22-33-PM,-6.79234,-3.70801,-5.14997,-6.28965,-5.88738,-5.25057,
05-07-2026-Thu 13-22-34-PM,-6.79234,-3.74163,-5.14997,-6.28965,-5.92098,-5.25057,
05-07-2026-Thu 13-22-35-PM,-6.8258,-3.74163,-5.1835,-6.35669,-5.9545,-5.2841,
05-07-2026-Thu 13-22-37-PM,-6.8258,-3.80872,-5.14997,-6.39014,-5.9545,-5.31763,
05-07-2026-Thu 13-22-38-PM,-6.59125,-3.6075,-5.21696,-6.42372,-5.9545,-5.25057,
05-07-2026-Thu 13-22-39-PM,-6.72524,-3.70801,-5.25057,-6.42372,-5.98803,-5.35116,
05-07-2026-Thu 13-22-41-PM,-6.75883,-3.87573,-5.21696,-6.42372,-6.055,-5.35116,
05-07-2026-Thu 13-22-42-PM,-6.42372,-3.57395,-5.1835,-6.4907,-6.055,-5.35116,
05-07-2026-Thu 13-22-44-PM,-6.72524,-3.74163,-5.2841,-6.4907,-6.08859,-5.38461,
05-07-2026-Thu 13-22-45-PM,-6.79234,-3.74163,-5.2841,-6.4907,-6.12211,-5.41822,
05-07-2026-Thu 13-22-46-PM,-7.0939,-3.80872,-5.31763,-6.45724,-6.12211,-5.45168,
05-07-2026-Thu 13-22-48-PM,-6.75883,-3.70801,-5.31763,-6.55766,-6.12211,-5.45168,
05-07-2026-Thu 13-22-49-PM,-6.92633,-3.97644,-5.35116,-6.55766,-6.15557,-5.48521,
05-07-2026-Thu 13-22-51-PM,-7.02687,-3.97644,-5.38461,-6.59125,-6.18908,-5.48521,
05-07-2026-Thu 13-22-52-PM,-7.02687,-4.00997,-5.38461,-6.59125,-6.22253,-5.55219,
05-07-2026-Thu 13-22-53-PM,-7.06032,-4.04345,-5.41822,-6.59125,-6.22253,-5.55219,
05-07-2026-Thu 13-22-55-PM,-7.0939,-4.04345,-5.41822,-6.62477,-6.25613,-5.55219,
05-07-2026-Thu 13-22-56-PM,-7.0939,-4.07706,-5.45168,-6.62477,-6.28965,-5.58579,
05-07-2026-Thu 13-22-58-PM,-7.0939,-4.11053,-5.41822,-6.62477,-6.28965,-5.65284,
05-07-2026-Thu 13-22-59-PM,-7.12741,-4.11053,-5.48521,-6.62477,-6.28965,-5.61931,
05-07-2026-Thu 13-23-00-PM,-7.16086,-4.11053,-5.45168,-6.69181,-6.32317,-5.61931,
05-07-2026-Thu 13-23-02-PM,-7.19437,-4.14408,-5.51873,-6.75883,-6.35669,-5.68636,
05-07-2026-Thu 13-23-04-PM,-7.19437,-4.21109,-5.58579,-6.72524,-6.39014,-5.68636,
05-07-2026-Thu 13-23-06-PM,-7.22781,-4.21109,-5.51873,-6.72524,-6.42372,-5.71983,
05-07-2026-Thu 13-23-09-PM,-7.22781,-4.24471,-5.65284,-6.8258,-6.42372,-5.75342,
05-07-2026-Thu 13-23-12-PM,-7.2949,-4.31178,-5.61931,-6.85931,-6.4907,-5.78695,
05-07-2026-Thu 13-23-15-PM,-7.32841,-4.31178,-5.71983,-6.89275,-6.4907,-5.85393,
05-07-2026-Thu 13-23-18-PM,-7.39536,-4.37878,-5.75342,-6.85931,-6.55766,-5.88738,
05-07-2026-Thu 13-23-19-PM,-7.39536,-4.4124,-5.8204,-6.95985,-6.62477,-5.92098,
05-07-2026-Thu 13-23-21-PM,-7.42894,-4.44587,-5.85393,-6.95985,-6.62477,-5.9545,
05-07-2026-Thu 13-23-22-PM,-7.46244,-4.47942,-5.85393,-6.99336,-6.65828,-5.98803,
05-07-2026-Thu 13-23-24-PM,-7.46244,-4.47942,-5.8204,-6.95985,-6.65828,-5.98803,
05-07-2026-Thu 13-23-25-PM,-7.46244,-4.47942,-5.85393,-6.99336,-6.69181,-6.02154,
05-07-2026-Thu 13-23-27-PM,-7.52939,-4.51295,-5.9545,-7.02687,-6.69181,-6.055,
05-07-2026-Thu 13-23-28-PM,-7.52939,-4.54642,-5.92098,-7.06032,-6.72524,-6.055,
05-07-2026-Thu 13-23-29-PM,-7.56284,-4.58002,-5.9545,-7.02687,-6.75883,-6.12211,
05-07-2026-Thu 13-23-31-PM,-7.56284,-4.61356,-5.9545,-7.0939,-6.75883,-6.08859,
05-07-2026-Thu 13-23-32-PM,-7.59641,-4.61356,-6.02154,-7.0939,-6.79234,-6.15557,
05-07-2026-Thu 13-23-34-PM,-7.62991,-4.61356,-6.02154,-7.0939,-6.8258,-6.15557,
05-07-2026-Thu 13-23-35-PM,-7.62991,-4.6471,-6.055,-7.16086,-6.8258,-6.15557,
05-07-2026-Thu 13-23-36-PM,-7.62991,-4.6471,-5.98803,-7.12741,-6.85931,-6.18908,
05-07-2026-Thu 13-23-38-PM,-7.66343,-4.68063,-6.055,-7.12741,-6.85931,-6.18908,
05-07-2026-Thu 13-23-39-PM,-7.66343,-4.7141,-6.08859,-7.22781,-6.85931,-6.22253,
05-07-2026-Thu 13-23-41-PM,-7.69693,-4.74771,-6.08859,-7.22781,-6.89275,-6.22253,
05-07-2026-Thu 13-23-42-PM,-7.69693,-4.74771,-6.12211,-7.19437,-6.92633,-6.25613,
05-07-2026-Thu 13-23-44-PM,-7.76394,-4.7141,-6.12211,-7.22781,-6.92633,-6.28965,
05-07-2026-Thu 13-23-45-PM,-7.76394,-4.81471,-6.08859,-7.26139,-6.95985,-6.28965,
05-07-2026-Thu 13-23-47-PM,-7.76394,-4.81471,-6.18908,-7.26139,-6.99336,-6.35669,
05-07-2026-Thu 13-23-48-PM,-7.79744,-4.84824,-6.22253,-7.2949,-7.02687,-6.35669,
05-07-2026-Thu 13-23-49-PM,-7.79744,-4.84824,-6.18908,-7.2949,-7.02687,-6.35669,
05-07-2026-Thu 13-23-51-PM,-7.83094,-4.84824,-6.15557,-7.32841,-7.02687,-6.39014,
05-07-2026-Thu 13-23-52-PM,-7.83094,-4.8817,-6.25613,-7.32841,-7.06032,-6.39014,
05-07-2026-Thu 13-23-54-PM,-7.86439,-4.91531,-6.18908,-7.32841,-7.0939,-6.42372,
05-07-2026-Thu 13-23-55-PM,-7.89782,-4.94884,-6.25613,-7.39536,-7.0939,-6.45724,
05-07-2026-Thu 13-23-57-PM,-7.86439,-4.94884,-6.28965,-7.36192,-7.12741,-6.4907,
05-07-2026-Thu 13-23-58-PM,-7.89782,-4.98237,-6.32317,-7.36192,-7.12741,-6.45724,
05-07-2026-Thu 13-23-59-PM,-7.9314,-4.98237,-6.32317,-7.39536,-7.16086,-6.52422,
05-07-2026-Thu 13-24-01-PM,-7.9314,-5.01591,-6.32317,-7.39536,-7.16086,-6.55766,
05-07-2026-Thu 13-24-02-PM,-7.9314,-5.01591,-6.35669,-7.42894,-7.19437,-6.55766,
05-07-2026-Thu 13-24-04-PM,-7.9649,-5.04937,-6.35669,-7.49595,-7.19437,-6.55766,
05-07-2026-Thu 13-24-05-PM,-7.9984,-5.04937,-6.35669,-7.46244,-7.22781,-6.62477,
05-07-2026-Thu 13-24-06-PM,-7.89782,-5.08298,-6.42372,-7.49595,-7.22781,-6.62477,
05-07-2026-Thu 13-24-08-PM,-7.83094,-4.94884,-6.45724,-7.52939,-7.16086,-6.62477,
05-07-2026-Thu 13-24-09-PM,-7.86439,-4.8817,-6.4907,-7.49595,-7.2949,-6.62477,
05-07-2026-Thu 13-24-11-PM,-8.16591,-4.94884,-6.45724,-7.52939,-7.2949,-6.65828,
05-07-2026-Thu 13-24-12-PM,-7.9984,-4.8817,-6.52422,-7.56284,-7.2949,-6.69181,
05-07-2026-Thu 13-24-13-PM,-7.9314,-5.21696,-6.52422,-7.56284,-7.32841,-6.69181,
05-07-2026-Thu 13-24-15-PM,-8.1324,-5.14997,-6.52422,-7.56284,-7.32841,-6.72524,
05-07-2026-Thu 13-24-16-PM,-8.1324,-5.1835,-6.55766,-7.62991,-7.36192,-6.72524,
05-07-2026-Thu 13-24-18-PM,-8.16591,-5.21696,-6.52422,-7.62991,-7.36192,-6.72524,
05-07-2026-Thu 13-24-19-PM,-8.1324,-5.25057,-6.55766,-7.59641,-7.39536,-6.72524,
05-07-2026-Thu 13-24-20-PM,-8.16591,-5.25057,-6.59125,-7.56284,-7.42894,-6.79234,
05-07-2026-Thu 13-24-22-PM,-8.16591,-5.2841,-6.55766,-7.62991,-7.42894,-6.8258,
05-07-2026-Thu 13-24-23-PM,-8.16591,-5.2841,-6.59125,-7.59641,-7.46244,-6.8258,
05-07-2026-Thu 13-24-24-PM,-8.19934,-5.2841,-6.59125,-7.66343,-7.46244,-6.8258,
05-07-2026-Thu 13-24-26-PM,-8.23278,-5.31763,-6.59125,-7.66343,-7.46244,-6.89275,
05-07-2026-Thu 13-24-27-PM,-8.23278,-5.31763,-6.69181,-7.73036,-7.49595,-6.85931,
05-07-2026-Thu 13-24-29-PM,-8.26635,-5.35116,-6.65828,-7.76394,-7.52939,-6.89275,
05-07-2026-Thu 13-24-30-PM,-8.26635,-5.38461,-6.65828,-7.69693,-7.49595,-6.92633,
05-07-2026-Thu 13-24-32-PM,-8.26635,-5.41822,-6.69181,-7.69693,-7.52939,-6.92633,
05-07-2026-Thu 13-24-33-PM,-8.29984,-5.41822,-6.65828,-7.79744,-7.59641,-6.95985,
05-07-2026-Thu 13-24-35-PM,-8.33334,-5.41822,-6.72524,-7.79744,-7.56284,-6.99336,
05-07-2026-Thu 13-24-36-PM,-8.33334,-5.48521,-6.75883,-7.79744,-7.59641,-6.95985,
05-07-2026-Thu 13-24-37-PM,-8.36685,-5.45168,-6.75883,-7.79744,-7.62991,-6.99336,
05-07-2026-Thu 13-24-39-PM,-8.36685,-5.48521,-6.75883,-7.83094,-7.62991,-7.02687,
05-07-2026-Thu 13-24-40-PM,-8.40027,-5.48521,-6.85931,-7.83094,-7.62991,-7.02687,
05-07-2026-Thu 13-24-42-PM,-8.40027,-5.51873,-6.8258,-7.86439,-7.69693,-7.06032,
05-07-2026-Thu 13-24-43-PM,-8.43383,-5.55219,-6.8258,-7.86439,-7.69693,-7.0939,
05-07-2026-Thu 13-24-44-PM,-8.43383,-5.55219,-6.79234,-7.86439,-7.69693,-7.0939,
05-07-2026-Thu 13-24-46-PM,-8.46734,-5.58579,-6.8258,-7.89782,-7.73036,-7.12741,
05-07-2026-Thu 13-24-47-PM,-8.43383,-5.58579,-6.89275,-7.9314,-7.73036,-7.12741,
05-07-2026-Thu 13-24-49-PM,-8.46734,-5.61931,-6.89275,-7.89782,-7.73036,-7.19437,
05-07-2026-Thu 13-24-50-PM,-8.50084,-5.61931,-6.92633,-7.9984,-7.76394,-7.16086,
05-07-2026-Thu 13-24-51-PM,-8.53427,-5.61931,-6.92633,-7.9649,-7.79744,-7.19437,
05-07-2026-Thu 13-24-53-PM,-8.53427,-5.68636,-6.92633,-7.9984,-7.79744,-7.22781,
05-07-2026-Thu 13-24-54-PM,-8.53427,-5.68636,-6.95985,-7.9984,-7.83094,-7.22781,
05-07-2026-Thu 13-24-55-PM,-8.53427,-5.68636,-6.92633,-7.9649,-7.83094,-7.22781,
05-07-2026-Thu 13-24-57-PM,-8.5677,-5.68636,-7.02687,-8.03191,-7.86439,-7.26139,
05-07-2026-Thu 13-24-58-PM,-8.60126,-5.71983,-7.02687,-7.9984,-7.86439,-7.2949,
05-07-2026-Thu 13-25-00-PM,-8.60126,-5.75342,-6.99336,-8.0989,-7.86439,-7.2949,
05-07-2026-Thu 13-25-01-PM,-8.60126,-5.75342,-6.99336,-8.0989,-7.89782,-7.2949,
05-07-2026-Thu 13-25-04-PM,-8.63476,-5.75342,-7.06032,-8.06533,-7.9314,-7.32841,
05-07-2026-Thu 13-25-07-PM,-8.66825,-5.78695,-7.0939,-8.0989,-7.9314,-7.36192,
05-07-2026-Thu 13-25-09-PM,-8.70175,-5.8204,-7.12741,-8.1324,-7.9984,-7.42894,
05-07-2026-Thu 13-25-11-PM,-8.73517,-5.88738,-7.12741,-8.1324,-7.9984,-7.46244,
05-07-2026-Thu 13-25-12-PM,-8.73517,-5.85393,-7.16086,-8.19934,-7.9984,-7.46244,
05-07-2026-Thu 13-25-14-PM,-8.73517,-5.88738,-7.16086,-8.19934,-8.03191,-7.49595,
05-07-2026-Thu 13-25-15-PM,-8.76874,-5.92098,-7.22781,-8.1324,-8.03191,-7.49595,
05-07-2026-Thu 13-25-16-PM,-8.80223,-5.92098,-7.22781,-8.16591,-8.06533,-7.52939,
05-07-2026-Thu 13-25-18-PM,-8.80223,-5.9545,-7.19437,-8.23278,-8.06533,-7.56284,
05-07-2026-Thu 13-25-19-PM,-8.80223,-5.9545,-7.22781,-8.23278,-8.0989,-7.56284,
05-07-2026-Thu 13-25-20-PM,-8.83572,-5.9545,-7.22781,-8.19934,-8.0989,-7.56284,
05-07-2026-Thu 13-25-22-PM,-8.80223,-5.98803,-7.22781,-8.26635,-8.1324,-7.56284,
05-07-2026-Thu 13-25-23-PM,-8.86915,-5.98803,-7.2949,-8.23278,-8.1324,-7.62991,
05-07-2026-Thu 13-25-25-PM,-8.83572,-6.02154,-7.26139,-8.29984,-8.16591,-7.62991,
05-07-2026-Thu 13-25-26-PM,-8.86915,-6.055,-7.26139,-8.33334,-8.16591,-7.62991,
05-07-2026-Thu 13-25-28-PM,-8.90258,-6.055,-7.2949,-8.26635,-8.16591,-7.66343,
05-07-2026-Thu 13-25-29-PM,-8.90258,-6.08859,-7.32841,-8.29984,-8.19934,-7.66343,
05-07-2026-Thu 13-25-31-PM,-8.90258,-6.08859,-7.36192,-8.29984,-8.19934,-7.66343,
05-07-2026-Thu 13-25-32-PM,-8.90258,-6.12211,-7.32841,-8.33334,-8.26635,-7.69693,
05-07-2026-Thu 13-25-33-PM,-8.96964,-6.12211,-7.32841,-8.36685,-8.26635,-7.69693,
05-07-2026-Thu 13-25-35-PM,-8.93615,-6.12211,-7.32841,-8.36685,-8.26635,-7.73036,
05-07-2026-Thu 13-25-36-PM,-8.96964,-6.15557,-7.46244,-8.40027,-8.26635,-7.76394,
05-07-2026-Thu 13-25-38-PM,-8.96964,-6.18908,-7.49595,-8.40027,-8.29984,-7.79744,
05-07-2026-Thu 13-25-39-PM,-9.00314,-6.15557,-7.42894,-8.40027,-8.33334,-7.79744,
05-07-2026-Thu 13-25-40-PM,-9.00314,-6.18908,-7.42894,-8.43383,-8.29984,-7.79744,
05-07-2026-Thu 13-25-42-PM,-9.03663,-6.22253,-7.46244,-8.43383,-8.33334,-7.83094,
05-07-2026-Thu 13-25-43-PM,-9.07004,-6.25613,-7.49595,-8.46734,-8.36685,-7.86439,
05-07-2026-Thu 13-25-45-PM,-9.07004,-6.25613,-7.52939,-8.46734,-8.33334,-7.86439,
05-07-2026-Thu 13-25-46-PM,-9.07004,-6.25613,-7.52939,-8.46734,-8.36685,-7.86439,
05-07-2026-Thu 13-25-48-PM,-9.10361,-6.25613,-7.56284,-8.43383,-8.40027,-7.89782,
05-07-2026-Thu 13-25-49-PM,-9.10361,-6.28965,-7.52939,-8.5677,-8.43383,-7.89782,
05-07-2026-Thu 13-25-50-PM,-9.1371,-6.28965,-7.52939,-8.46734,-8.43383,-7.9314,
05-07-2026-Thu 13-25-52-PM,-9.1371,-6.35669,-7.56284,-8.50084,-8.43383,-7.9314,
05-07-2026-Thu 13-25-53-PM,-9.10361,-6.32317,-7.56284,-8.50084,-8.43383,-7.9649,
05-07-2026-Thu 13-25-55-PM,-9.17059,-6.32317,-7.59641,-8.53427,-8.46734,-7.9984,
05-07-2026-Thu 13-25-56-PM,-9.17059,-6.32317,-7.62991,-8.50084,-8.46734,-7.9984,
05-07-2026-Thu 13-25-57-PM,-9.20401,-6.39014,-7.62991,-8.53427,-8.50084,-8.03191,
05-07-2026-Thu 13-25-59-PM,-9.20401,-6.39014,-7.69693,-8.60126,-8.53427,-8.03191,
05-07-2026-Thu 13-26-00-PM,-9.17059,-6.42372,-7.66343,-8.5677,-8.53427,-8.03191,
05-07-2026-Thu 13-26-02-PM,-9.20401,-6.42372,-7.69693,-8.63476,-8.53427,-8.06533,
05-07-2026-Thu 13-26-03-PM,-9.23743,-6.42372,-7.62991,-8.5677,-8.5677,-8.0989,
05-07-2026-Thu 13-26-04-PM,-9.23743,-6.42372,-7.76394,-8.60126,-8.5677,-8.1324,
05-07-2026-Thu 13-26-06-PM,-9.30449,-6.45724,-7.69693,-8.63476,-8.5677,-8.0989,
05-07-2026-Thu 13-26-07-PM,-9.27099,-6.45724,-7.76394,-8.63476,-8.60126,-8.1324,
05-07-2026-Thu 13-26-09-PM,-9.27099,-6.52422,-7.79744,-8.66825,-8.60126,-8.16591,
05-07-2026-Thu 13-26-10-PM,-9.27099,-6.52422,-7.69693,-8.63476,-8.60126,-8.16591,
05-07-2026-Thu 13-26-11-PM,-9.30449,-6.52422,-7.79744,-8.60126,-8.63476,-8.1324,
05-07-2026-Thu 13-26-13-PM,-9.30449,-6.55766,-7.76394,-8.70175,-8.66825,-8.19934,
05-07-2026-Thu 13-26-14-PM,-9.30449,-6.55766,-7.76394,-8.70175,-8.66825,-8.19934,
05-07-2026-Thu 13-26-16-PM,-9.33797,-6.55766,-7.79744,-8.73517,-8.70175,-8.19934,
05-07-2026-Thu 13-26-17-PM,-9.33797,-6.59125,-7.76394,-8.70175,-8.66825,-8.23278,
05-07-2026-Thu 13-26-18-PM,-9.37146,-6.59125,-7.79744,-8.70175,-8.70175,-8.23278,
05-07-2026-Thu 13-26-20-PM,-9.40487,-6.62477,-7.83094,-8.76874,-8.70175,-8.26635,
05-07-2026-Thu 13-26-21-PM,-9.37146,-6.65828,-7.86439,-8.76874,-8.73517,-8.29984,
05-07-2026-Thu 13-26-23-PM,-9.40487,-6.65828,-7.89782,-8.76874,-8.73517,-8.26635,
05-07-2026-Thu 13-26-24-PM,-9.43843,-6.65828,-7.89782,-8.76874,-8.73517,-8.29984,
05-07-2026-Thu 13-26-25-PM,-9.43843,-6.69181,-7.86439,-8.83572,-8.76874,-8.29984,
05-07-2026-Thu 13-26-27-PM,-9.43843,-6.69181,-7.89782,-8.80223,-8.80223,-8.33334,
05-07-2026-Thu 13-26-28-PM,-9.47193,-6.69181,-7.89782,-8.80223,-8.80223,-8.33334,
05-07-2026-Thu 13-26-30-PM,-9.47193,-6.69181,-7.9314,-8.83572,-8.80223,-8.36685,
05-07-2026-Thu 13-26-31-PM,-9.47193,-6.72524,-7.9314,-8.80223,-8.83572,-8.40027,
05-07-2026-Thu 13-26-32-PM,-9.50541,-6.75883,-7.9314,-8.83572,-8.83572,-8.40027,
05-07-2026-Thu 13-26-34-PM,-9.50541,-6.75883,-7.9984,-8.83572,-8.86915,-8.40027,
05-07-2026-Thu 13-26-35-PM,-9.5389,-6.75883,-7.9984,-8.83572,-8.83572,-8.43383,
05-07-2026-Thu 13-26-37-PM,-9.5389,-6.79234,-7.9984,-8.80223,-8.86915,-8.43383,
05-07-2026-Thu 13-26-38-PM,-9.5389,-6.79234,-7.9984,-8.93615,-8.90258,-8.43383,
05-07-2026-Thu 13-26-39-PM,-9.5389,-6.8258,-8.03191,-8.86915,-8.90258,-8.46734,
05-07-2026-Thu 13-26-41-PM,-9.5389,-6.85931,-8.06533,-8.90258,-8.93615,-8.46734,
05-07-2026-Thu 13-26-42-PM,-9.5389,-6.85931,-8.03191,-8.90258,-8.93615,-8.50084,
05-07-2026-Thu 13-26-44-PM,-9.57225,-6.85931,-8.03191,-8.93615,-8.93615,-8.50084,
05-07-2026-Thu 13-26-45-PM,-9.57225,-6.89275,-8.06533,-8.93615,-8.96964,-8.50084,
05-07-2026-Thu 13-26-47-PM,-9.60581,-6.89275,-8.16591,-8.96964,-9.00314,-8.53427,
05-07-2026-Thu 13-26-48-PM,-9.6393,-6.89275,-8.1324,-8.96964,-8.96964,-8.5677,
05-07-2026-Thu 13-26-50-PM,-9.6393,-6.92633,-8.16591,-8.96964,-9.00314,-8.60126,
05-07-2026-Thu 13-26-51-PM,-9.6393,-6.92633,-8.0989,-8.96964,-9.00314,-8.60126,
05-07-2026-Thu 13-26-52-PM,-9.6393,-6.95985,-8.1324,-9.00314,-9.03663,-8.63476,
05-07-2026-Thu 13-26-54-PM,-9.67278,-6.95985,-8.16591,-8.96964,-9.03663,-8.63476,
05-07-2026-Thu 13-26-55-PM,-9.67278,-6.99336,-8.16591,-9.00314,-9.03663,-8.63476,
05-07-2026-Thu 13-26-56-PM,-9.70626,-6.99336,-8.19934,-9.03663,-9.07004,-8.66825,
05-07-2026-Thu 13-26-58-PM,-9.67278,-6.99336,-8.26635,-9.07004,-9.07004,-8.66825,
05-07-2026-Thu 13-26-59-PM,-9.70626,-7.02687,-8.16591,-9.07004,-9.10361,-8.66825,
05-07-2026-Thu 13-27-01-PM,-9.73967,-7.02687,-8.23278,-9.03663,-9.10361,-8.70175,
05-07-2026-Thu 13-27-02-PM,-9.73967,-7.02687,-8.26635,-9.07004,-9.1371,-8.70175,
05-07-2026-Thu 13-27-03-PM,-9.73967,-7.06032,-8.23278,-9.10361,-9.1371,-8.70175,
05-07-2026-Thu 13-27-05-PM,-9.77323,-7.06032,-8.26635,-9.03663,-9.1371,-8.73517,
05-07-2026-Thu 13-27-06-PM,-9.77323,-7.06032,-8.26635,-9.10361,-9.17059,-8.73517,
05-07-2026-Thu 13-27-07-PM,-9.77323,-7.0939,-8.33334,-9.07004,-9.1371,-8.73517,
05-07-2026-Thu 13-27-09-PM,-9.80672,-7.0939,-8.29984,-9.10361,-9.17059,-8.76874,
05-07-2026-Thu 13-27-10-PM,-9.84021,-7.12741,-8.36685,-9.10361,-9.17059,-8.80223,
05-07-2026-Thu 13-27-12-PM,-9.80672,-7.12741,-8.33334,-9.1371,-9.20401,-8.80223,
05-07-2026-Thu 13-27-13-PM,-9.80672,-7.12741,-8.36685,-9.1371,-9.23743,-8.83572,
05-07-2026-Thu 13-27-15-PM,-9.84021,-7.12741,-8.36685,-9.1371,-9.20401,-8.83572,
05-07-2026-Thu 13-27-16-PM,-9.84021,-7.16086,-8.36685,-9.1371,-9.23743,-8.83572,
05-07-2026-Thu 13-27-17-PM,-9.87369,-7.16086,-8.40027,-9.1371,-9.23743,-8.86915,
05-07-2026-Thu 13-27-19-PM,-9.84021,-7.16086,-8.40027,-9.17059,-9.23743,-8.86915,
05-07-2026-Thu 13-27-20-PM,-9.87369,-7.19437,-8.40027,-9.17059,-9.27099,-8.86915,
05-07-2026-Thu 13-27-22-PM,-9.90704,-7.19437,-8.46734,-9.17059,-9.27099,-8.90258,
05-07-2026-Thu 13-27-23-PM,-9.90704,-7.22781,-8.43383,-9.17059,-9.30449,-8.90258,
05-07-2026-Thu 13-27-24-PM,-9.90704,-7.26139,-8.43383,-9.20401,-9.27099,-8.93615,
05-07-2026-Thu 13-27-26-PM,-9.94059,-7.22781,-8.50084,-9.20401,-9.30449,-8.90258,
05-07-2026-Thu 13-27-27-PM,-9.94059,-7.26139,-8.46734,-9.17059,-9.33797,-8.93615,
05-07-2026-Thu 13-27-29-PM,-9.94059,-7.2949,-8.46734,-9.23743,-9.33797,-8.96964,
05-07-2026-Thu 13-27-30-PM,-9.94059,-7.2949,-8.50084,-9.27099,-9.37146,-8.96964,
05-07-2026-Thu 13-27-31-PM,-9.97408,-7.2949,-8.50084,-9.23743,-9.37146,-8.96964,
05-07-2026-Thu 13-27-33-PM,-9.97408,-7.32841,-8.53427,-9.23743,-9.37146,-9.00314,
05-07-2026-Thu 13-27-34-PM,-9.97408,-7.32841,-8.5677,-9.33797,-9.37146,-9.00314,
05-07-2026-Thu 13-27-36-PM,-10.0076,-7.32841,-8.5677,-9.30449,-9.40487,-9.03663,
05-07-2026-Thu 13-27-37-PM,-10.0076,-7.32841,-8.53427,-9.27099,-9.37146,-9.03663,
05-07-2026-Thu 13-27-39-PM,-10.041,-7.19437,-8.5677,-9.33797,-9.43843,-9.03663,
05-07-2026-Thu 13-27-40-PM,-9.94059,-7.26139,-8.5677,-9.33797,-9.40487,-9.07004,
05-07-2026-Thu 13-27-41-PM,-9.87369,-7.22781,-8.63476,-9.27099,-9.43843,-9.10361,
05-07-2026-Thu 13-27-43-PM,-9.80672,-7.26139,-8.60126,-9.33797,-9.47193,-9.10361,
05-07-2026-Thu 13-27-44-PM,-9.77323,-7.36192,-8.63476,-9.30449,-9.43843,-9.10361,
05-07-2026-Thu 13-27-46-PM,-10.0076,-7.39536,-8.63476,-9.30449,-9.47193,-9.10361,
05-07-2026-Thu 13-27-47-PM,-10.108,-7.42894,-8.66825,-9.33797,-9.47193,-9.10361,
05-07-2026-Thu 13-27-48-PM,-10.108,-7.42894,-8.63476,-9.33797,-9.50541,-9.1371,
05-07-2026-Thu 13-27-50-PM,-10.108,-7.46244,-8.66825,-9.33797,-9.50541,-9.1371,
05-07-2026-Thu 13-27-51-PM,-10.1415,-7.46244,-8.73517,-9.37146,-9.50541,-9.17059,
05-07-2026-Thu 13-27-53-PM,-10.1415,-7.46244,-8.73517,-9.40487,-9.5389,-9.17059,
05-07-2026-Thu 13-27-54-PM,-10.1415,-7.49595,-8.70175,-9.37146,-9.5389,-9.17059,
05-07-2026-Thu 13-27-55-PM,-10.1415,-7.49595,-8.70175,-9.37146,-9.57225,-9.17059,
05-07-2026-Thu 13-27-57-PM,-10.1415,-7.52939,-8.70175,-9.43843,-9.5389,-9.23743,
05-07-2026-Thu 13-27-58-PM,-10.175,-7.52939,-8.73517,-9.47193,-9.5389,-9.20401,
05-07-2026-Thu 13-27-59-PM,-10.175,-7.52939,-8.83572,-9.37146,-9.57225,-9.27099,
05-07-2026-Thu 13-28-01-PM,-10.175,-7.52939,-8.73517,-9.43843,-9.57225,-9.23743,
05-07-2026-Thu 13-28-02-PM,-10.175,-7.52939,-8.80223,-9.47193,-9.60581,-9.23743,
05-07-2026-Thu 13-28-04-PM,-10.2085,-7.59641,-8.76874,-9.43843,-9.60581,-9.27099,
05-07-2026-Thu 13-28-05-PM,-10.175,-7.56284,-8.76874,-9.47193,-9.60581,-9.27099,
05-07-2026-Thu 13-28-07-PM,-10.2085,-7.59641,-8.80223,-9.50541,-9.6393,-9.27099,
05-07-2026-Thu 13-28-08-PM,-10.2418,-7.59641,-8.80223,-9.47193,-9.6393,-9.30449,
05-07-2026-Thu 13-28-09-PM,-10.2418,-7.59641,-8.90258,-9.5389,-9.67278,-9.33797,
05-07-2026-Thu 13-28-11-PM,-10.2418,-7.62991,-8.86915,-9.5389,-9.67278,-9.33797,
05-07-2026-Thu 13-28-12-PM,-10.2753,-7.62991,-8.90258,-9.50541,-9.70626,-9.33797,
05-07-2026-Thu 13-28-14-PM,-10.2753,-7.66343,-8.86915,-9.50541,-9.67278,-9.37146,
05-07-2026-Thu 13-28-15-PM,-10.3088,-7.69693,-8.93615,-9.50541,-9.70626,-9.40487,
05-07-2026-Thu 13-28-16-PM,-10.2753,-7.69693,-8.90258,-9.5389,-9.70626,-9.40487,
05-07-2026-Thu 13-28-18-PM,-10.3088,-7.69693,-8.93615,-9.5389,-9.70626,-9.40487,
05-07-2026-Thu 13-28-19-PM,-10.3088,-7.69693,-8.90258,-9.57225,-9.73967,-9.40487,
05-07-2026-Thu 13-28-21-PM,-10.3088,-7.69693,-8.93615,-9.57225,-9.77323,-9.43843,
05-07-2026-Thu 13-28-22-PM,-10.3423,-7.73036,-8.93615,-9.60581,-9.77323,-9.43843,
05-07-2026-Thu 13-28-25-PM,-10.3423,-7.76394,-9.00314,-9.5389,-9.77323,-9.43843,
05-07-2026-Thu 13-28-28-PM,-10.3758,-7.73036,-9.00314,-9.57225,-9.77323,-9.50541,
05-07-2026-Thu 13-28-29-PM,-10.3758,-7.79744,-9.03663,-9.6393,-9.80672,-9.50541,
05-07-2026-Thu 13-28-31-PM,-10.3758,-7.76394,-9.03663,-9.60581,-9.84021,-9.50541,
05-07-2026-Thu 13-28-33-PM,-10.4092,-7.83094,-9.00314,-9.60581,-9.84021,-9.5389,
05-07-2026-Thu 13-28-34-PM,-10.4092,-7.83094,-9.07004,-9.67278,-9.87369,-9.57225,
05-07-2026-Thu 13-28-35-PM,-10.4427,-7.83094,-9.03663,-9.67278,-9.87369,-9.5389,
05-07-2026-Thu 13-28-37-PM,-10.4092,-7.83094,-9.07004,-9.70626,-9.90704,-9.5389,
05-07-2026-Thu 13-28-38-PM,-10.4427,-7.86439,-9.07004,-9.6393,-9.87369,-9.57225,
05-07-2026-Thu 13-28-40-PM,-10.4427,-7.86439,-9.10361,-9.67278,-9.90704,-9.57225,
05-07-2026-Thu 13-28-41-PM,-10.4427,-7.89782,-9.1371,-9.6393,-9.90704,-9.60581,
05-07-2026-Thu 13-28-42-PM,-10.4762,-7.86439,-9.10361,-9.70626,-9.90704,-9.60581,
05-07-2026-Thu 13-28-44-PM,-10.5097,-7.86439,-9.17059,-9.67278,-9.94059,-9.60581,
05-07-2026-Thu 13-28-45-PM,-10.5097,-7.89782,-9.10361,-9.70626,-9.94059,-9.6393,
05-07-2026-Thu 13-28-47-PM,-10.5097,-7.89782,-9.1371,-9.70626,-9.94059,-9.6393,
05-07-2026-Thu 13-28-48-PM,-10.5432,-7.89782,-9.17059,-9.73967,-9.97408,-9.6393,
05-07-2026-Thu 13-28-49-PM,-10.5097,-7.9314,-9.23743,-9.80672,-9.97408,-9.67278,
05-07-2026-Thu 13-28-51-PM,-10.5432,-7.9314,-9.20401,-9.73967,-9.97408,-9.67278,
05-07-2026-Thu 13-28-53-PM,-10.5432,-7.9314,-9.20401,-9.73967,-9.97408,-9.67278,
05-07-2026-Thu 13-28-54-PM,-10.5432,-7.9649,-9.20401,-9.73967,-10.0076,-9.70626,
05-07-2026-Thu 13-28-55-PM,-10.5432,-7.9649,-9.17059,-9.77323,-10.0076,-9.70626,
05-07-2026-Thu 13-28-57-PM,-10.5765,-7.9649,-9.27099,-9.77323,-10.0076,-9.73967,
05-07-2026-Thu 13-28-58-PM,-10.5765,-7.9984,-9.23743,-9.80672,-10.041,-9.73967,
05-07-2026-Thu 13-29-00-PM,-10.5432,-7.9984,-9.23743,-9.73967,-10.041,-9.73967,
05-07-2026-Thu 13-29-01-PM,-10.6101,-8.03191,-9.30449,-9.84021,-10.041,-9.73967,
05-07-2026-Thu 13-29-02-PM,-10.5765,-7.9314,-9.30449,-9.80672,-10.0745,-9.73967,
05-07-2026-Thu 13-29-04-PM,-10.5097,-7.62991,-9.33797,-9.80672,-10.0745,-9.77323,
05-07-2026-Thu 13-29-05-PM,-10.3758,-8.1324,-9.33797,-9.84021,-10.0745,-9.77323,
05-07-2026-Thu 13-29-07-PM,-10.4092,-7.83094,-9.30449,-9.80672,-10.108,-9.80672,
05-07-2026-Thu 13-29-08-PM,-10.5097,-7.89782,-9.27099,-9.84021,-10.0745,-9.80672,
05-07-2026-Thu 13-29-09-PM,-10.677,-8.03191,-9.33797,-9.80672,-10.108,-9.80672,
05-07-2026-Thu 13-29-11-PM,-10.677,-8.06533,-9.33797,-9.77323,-10.1415,-9.80672,
05-07-2026-Thu 13-29-12-PM,-10.6435,-8.06533,-9.33797,-9.87369,-10.1415,-9.84021,
05-07-2026-Thu 13-29-14-PM,-10.677,-8.0989,-9.37146,-9.87369,-10.1415,-9.80672,
05-07-2026-Thu 13-29-15-PM,-10.677,-8.1324,-9.37146,-9.84021,-10.175,-9.84021,
05-07-2026-Thu 13-29-16-PM,-10.677,-8.0989,-9.37146,-9.84021,-10.1415,-9.87369,
05-07-2026-Thu 13-29-18-PM,-10.677,-8.1324,-9.37146,-9.90704,-10.1415,-9.87369,
05-07-2026-Thu 13-29-20-PM,-10.677,-8.1324,-9.33797,-9.90704,-10.175,-9.87369,
05-07-2026-Thu 13-29-21-PM,-10.7105,-8.1324,-9.37146,-9.94059,-10.175,-9.87369,
05-07-2026-Thu 13-29-24-PM,-10.7105,-8.16591,-9.47193,-9.90704,-10.175,-9.90704,
05-07-2026-Thu 13-29-27-PM,-10.7439,-8.16591,-9.43843,-9.94059,-10.175,-9.90704,
05-07-2026-Thu 13-29-28-PM,-10.7439,-8.19934,-9.47193,-9.97408,-10.2418,-9.94059,
05-07-2026-Thu 13-29-30-PM,-10.7774,-8.23278,-9.47193,-9.94059,-10.2418,-9.97408,
05-07-2026-Thu 13-29-31-PM,-10.7439,-8.23278,-9.47193,-9.97408,-10.2753,-9.97408,
05-07-2026-Thu 13-29-33-PM,-10.7774,-8.23278,-9.50541,-9.90704,-10.2418,-9.97408,
05-07-2026-Thu 13-29-34-PM,-10.7774,-8.23278,-9.50541,-10.0076,-10.2753,-10.0076,
05-07-2026-Thu 13-29-36-PM,-10.7774,-8.26635,-9.5389,-10.0076,-10.2753,-10.0076,
05-07-2026-Thu 13-29-37-PM,-10.8444,-8.26635,-9.57225,-9.97408,-10.2753,-10.0076,
05-07-2026-Thu 13-29-39-PM,-10.8109,-8.26635,-9.5389,-10.0076,-10.2753,-10.041,
05-07-2026-Thu 13-29-40-PM,-10.7774,-8.29984,-9.5389,-9.97408,-10.3088,-10.041,
05-07-2026-Thu 13-29-41-PM,-10.8109,-8.29984,-9.5389,-10.0076,-10.3088,-10.041,
05-07-2026-Thu 13-29-43-PM,-10.8444,-8.29984,-9.5389,-10.041,-10.3423,-10.0745,
05-07-2026-Thu 13-29-44-PM,-10.8444,-8.36685,-9.60581,-10.041,-10.3423,-10.0745,
05-07-2026-Thu 13-29-45-PM,-10.8444,-8.33334,-9.57225,-10.0745,-10.3423,-10.0745,
05-07-2026-Thu 13-29-47-PM,-10.8778,-8.33334,-9.57225,-10.041,-10.3423,-10.0745,
05-07-2026-Thu 13-29-48-PM,-10.8444,-8.36685,-9.60581,-10.041,-10.3758,-10.108,
05-07-2026-Thu 13-29-50-PM,-10.8778,-8.36685,-9.6393,-10.041,-10.3758,-10.108,
05-07-2026-Thu 13-29-51-PM,-10.8778,-8.36685,-9.6393,-10.0745,-10.3758,-10.108,
05-07-2026-Thu 13-29-52-PM,-10.9112,-8.33334,-9.60581,-10.0745,-10.3423,-10.1415,
05-07-2026-Thu 13-29-54-PM,-10.9112,-8.40027,-9.60581,-10.0745,-10.4092,-10.1415,
05-07-2026-Thu 13-29-55-PM,-11.0117,-8.40027,-9.6393,-10.108,-10.3758,-10.108,
05-07-2026-Thu 13-29-57-PM,-10.8778,-8.40027,-9.6393,-10.041,-10.3423,-10.0076,
05-07-2026-Thu 13-29-58-PM,-10.8444,-8.40027,-9.67278,-10.0745,-10.4092,-10.2085,
05-07-2026-Thu 13-29-59-PM,-10.8778,-8.40027,-9.6393,-10.041,-10.4092,-10.108,
05-07-2026-Thu 13-30-01-PM,-10.8778,-8.43383,-9.60581,-10.108,-10.4427,-10.175,
05-07-2026-Thu 13-30-02-PM,-10.9447,-8.43383,-9.70626,-10.108,-10.4427,-10.2085,
05-07-2026-Thu 13-30-04-PM,-10.9447,-8.43383,-9.67278,-10.1415,-10.4762,-10.175,
05-07-2026-Thu 13-30-05-PM,-10.9447,-8.46734,-9.77323,-10.175,-10.4762,-10.2085,
05-07-2026-Thu 13-30-07-PM,-10.9447,-8.46734,-9.77323,-10.1415,-10.4762,-10.2085,
05-07-2026-Thu 13-30-08-PM,-10.9782,-8.46734,-9.73967,-10.108,-10.4762,-10.2085,
05-07-2026-Thu 13-30-09-PM,-10.9782,-8.46734,-9.70626,-10.175,-10.5097,-10.2085,
05-07-2026-Thu 13-30-11-PM,-10.9782,-8.50084,-9.73967,-10.108,-10.4762,-10.2418,
05-07-2026-Thu 13-30-12-PM,-10.9782,-8.50084,-9.77323,-10.1415,-10.5097,-10.2753,
05-07-2026-Thu 13-30-13-PM,-11.0117,-8.50084,-9.84021,-10.175,-10.5097,-10.2753,
05-07-2026-Thu 13-30-15-PM,-11.0117,-8.53427,-9.77323,-10.175,-10.5097,-10.2753,
05-07-2026-Thu 13-30-16-PM,-11.0117,-8.53427,-9.77323,-10.2085,-10.5432,-10.2753,
05-07-2026-Thu 13-30-18-PM,-11.0117,-8.53427,-9.84021,-10.2085,-10.5097,-10.3088,
05-07-2026-Thu 13-30-19-PM,-11.0117,-8.53427,-9.80672,-10.175,-10.5432,-10.2753,
05-07-2026-Thu 13-30-20-PM,-11.0452,-8.5677,-9.84021,-10.175,-10.5432,-10.3088,
05-07-2026-Thu 13-30-22-PM,-11.0452,-8.5677,-9.80672,-10.175,-10.5432,-10.3088,
05-07-2026-Thu 13-30-23-PM,-11.0452,-8.5677,-9.80672,-10.2085,-10.5765,-10.3423,
05-07-2026-Thu 13-30-25-PM,-11.0452,-8.5677,-9.80672,-10.2085,-10.5765,-10.3423,
05-07-2026-Thu 13-30-26-PM,-11.0785,-8.60126,-9.87369,-10.2418,-10.5765,-10.3423,
05-07-2026-Thu 13-30-27-PM,-11.0785,-8.60126,-9.84021,-10.2418,-10.6101,-10.3758,
05-07-2026-Thu 13-30-29-PM,-11.0785,-8.60126,-9.90704,-10.2418,-10.6101,-10.3758,
05-07-2026-Thu 13-30-30-PM,-11.0785,-8.60126,-9.84021,-10.2085,-10.6101,-10.3758,
05-07-2026-Thu 13-30-32-PM,-10.9447,-8.60126,-9.90704,-10.2418,-10.5097,-10.3088,
05-07-2026-Thu 13-30-33-PM,-11.0452,-8.60126,-9.90704,-10.2753,-10.6101,-10.175,
05-07-2026-Thu 13-30-34-PM,-11.0785,-8.63476,-9.87369,-10.2418,-10.5765,-10.4092,
05-07-2026-Thu 13-30-36-PM,-11.0452,-8.63476,-9.87369,-10.2753,-10.6435,-10.4092,
05-07-2026-Thu 13-30-37-PM,-11.0452,-8.66825,-9.90704,-10.2753,-10.5432,-10.3088,
05-07-2026-Thu 13-30-39-PM,-11.0785,-8.66825,-9.87369,-10.2753,-10.6435,-10.3088,
05-07-2026-Thu 13-30-40-PM,-11.1121,-8.63476,-9.94059,-10.2418,-10.6435,-10.4427,
05-07-2026-Thu 13-30-41-PM,-11.1456,-8.66825,-9.97408,-10.2418,-10.677,-10.4427,
05-07-2026-Thu 13-30-43-PM,-11.1456,-8.70175,-9.94059,-10.3088,-10.677,-10.4092,
05-07-2026-Thu 13-30-44-PM,-11.1456,-8.70175,-9.97408,-10.2753,-10.677,-10.4427,
05-07-2026-Thu 13-30-46-PM,-11.1456,-8.70175,-10.0076,-10.2418,-10.677,-10.4762,
05-07-2026-Thu 13-30-47-PM,-11.179,-8.73517,-9.94059,-10.2753,-10.7105,-10.4427,
05-07-2026-Thu 13-30-48-PM,-11.179,-8.73517,-10.0076,-10.3423,-10.7105,-10.4762,
05-07-2026-Thu 13-30-50-PM,-11.179,-8.76874,-10.041,-10.3423,-10.7439,-10.5097,
05-07-2026-Thu 13-30-51-PM,-11.179,-8.73517,-10.0076,-10.3758,-10.7439,-10.5097,
05-07-2026-Thu 13-30-53-PM,-11.179,-8.73517,-9.97408,-10.3088,-10.7439,-10.5097,
05-07-2026-Thu 13-30-54-PM,-11.179,-8.80223,-9.97408,-10.3088,-10.7439,-10.5097,
05-07-2026-Thu 13-30-55-PM,-11.2125,-8.80223,-10.041,-10.3423,-10.7439,-10.5432,
05-07-2026-Thu 13-30-57-PM,-11.2125,-8.80223,-10.0076,-10.4092,-10.7439,-10.5432,
05-07-2026-Thu 13-30-58-PM,-11.2125,-8.80223,-10.041,-10.3423,-10.7774,-10.5432,
05-07-2026-Thu 13-30-59-PM,-11.2458,-8.80223,-10.0745,-10.3758,-10.7439,-10.5765,
05-07-2026-Thu 13-31-01-PM,-11.2794,-8.83572,-10.108,-10.3758,-10.7774,-10.5765,
05-07-2026-Thu 13-31-03-PM,-11.2458,-8.80223,-10.108,-10.3758,-10.7774,-10.5765,
05-07-2026-Thu 13-31-04-PM,-11.2458,-8.83572,-10.108,-10.4092,-10.7774,-10.6101,
05-07-2026-Thu 13-31-06-PM,-11.2794,-8.86915,-10.1415,-10.4092,-10.7774,-10.5765,
05-07-2026-Thu 13-31-07-PM,-11.2458,-8.86915,-10.0745,-10.4092,-10.8109,-10.6101,
05-07-2026-Thu 13-31-08-PM,-11.2794,-8.86915,-10.108,-10.3758,-10.8109,-10.6101,
05-07-2026-Thu 13-31-10-PM,-11.2794,-8.90258,-10.1415,-10.4427,-10.8444,-10.6101,
05-07-2026-Thu 13-31-11-PM,-11.2794,-8.86915,-10.0745,-10.4092,-10.8444,-10.6101,
05-07-2026-Thu 13-31-13-PM,-11.2794,-8.90258,-10.1415,-10.4092,-10.8444,-10.6435,
05-07-2026-Thu 13-31-14-PM,-11.3129,-8.93615,-10.1415,-10.4427,-10.8444,-10.6435,
05-07-2026-Thu 13-31-15-PM,-11.3463,-8.93615,-10.1415,-10.4092,-10.8444,-10.677,
05-07-2026-Thu 13-31-17-PM,-11.3129,-8.93615,-10.1415,-10.4092,-10.8444,-10.677,
05-07-2026-Thu 13-31-18-PM,-11.3129,-8.93615,-10.175,-10.4762,-10.8444,-10.677,
05-07-2026-Thu 13-31-19-PM,-11.3463,-8.93615,-10.2085,-10.4427,-10.8778,-10.677,
05-07-2026-Thu 13-31-21-PM,-11.3463,-8.96964,-10.175,-10.4427,-10.8778,-10.7105,
05-07-2026-Thu 13-31-22-PM,-11.3463,-8.93615,-10.175,-10.4762,-10.9112,-10.7105,
05-07-2026-Thu 13-31-24-PM,-11.3463,-8.96964,-10.2085,-10.4427,-10.8778,-10.7105,
05-07-2026-Thu 13-31-25-PM,-11.3463,-8.96964,-10.2418,-10.4427,-10.9112,-10.7105,
05-07-2026-Thu 13-31-27-PM,-11.2458,-8.96964,-10.2085,-10.4762,-10.8109,-10.7105,
05-07-2026-Thu 13-31-28-PM,-11.3129,-9.00314,-10.3088,-10.4762,-10.8444,-10.6435,
05-07-2026-Thu 13-31-29-PM,-11.3129,-9.00314,-10.2418,-10.4762,-10.8778,-10.7105,
05-07-2026-Thu 13-31-31-PM,-11.3463,-9.03663,-10.2418,-10.5097,-10.8778,-10.6101,
05-07-2026-Thu 13-31-32-PM,-11.3798,-9.03663,-10.2085,-10.4762,-10.9447,-10.6101,
05-07-2026-Thu 13-31-34-PM,-11.3463,-9.00314,-10.175,-10.5432,-10.9112,-10.677,
05-07-2026-Thu 13-31-37-PM,-11.3463,-9.07004,-10.2753,-10.4427,-10.9112,-10.7105,
05-07-2026-Thu 13-31-39-PM,-11.4132,-9.03663,-10.2753,-10.4762,-11.0117,-10.8109,
05-07-2026-Thu 13-31-42-PM,-11.4132,-9.07004,-10.2753,-10.5097,-11.0117,-10.8109,
05-07-2026-Thu 13-31-45-PM,-11.4467,-9.10361,-10.2753,-10.5432,-10.9782,-10.8109,
05-07-2026-Thu 13-31-48-PM,-11.4467,-9.10361,-10.3088,-10.5432,-11.0117,-10.8109,
05-07-2026-Thu 13-31-49-PM,-11.4802,-9.1371,-10.3423,-10.5765,-11.0452,-10.8444,
05-07-2026-Thu 13-31-52-PM,-11.4802,-9.1371,-10.3758,-10.5432,-11.0452,-10.8444,
05-07-2026-Thu 13-31-53-PM,-11.5137,-9.1371,-10.3758,-10.5432,-11.0452,-10.8778,
05-07-2026-Thu 13-31-55-PM,-11.4802,-9.1371,-10.3423,-10.6435,-11.0452,-10.8778,
05-07-2026-Thu 13-31-56-PM,-11.5137,-9.17059,-10.3758,-10.5765,-11.0452,-10.8778,
05-07-2026-Thu 13-31-58-PM,-11.5137,-9.17059,-10.4092,-10.6101,-11.0785,-10.9112,
05-07-2026-Thu 13-31-59-PM,-11.5137,-9.17059,-10.4427,-10.5765,-11.0785,-10.8778,
05-07-2026-Thu 13-32-00-PM,-11.5137,-9.20401,-10.4092,-10.6101,-11.0785,-10.9112,
05-07-2026-Thu 13-32-02-PM,-11.5471,-9.20401,-10.4427,-10.6435,-11.0785,-10.9447,
05-07-2026-Thu 13-32-03-PM,-11.5471,-9.23743,-10.4092,-10.677,-11.1121,-10.9112,
05-07-2026-Thu 13-32-05-PM,-11.5471,-9.23743,-10.4427,-10.7439,-11.1121,-10.9447,
05-07-2026-Thu 13-32-06-PM,-11.5805,-9.27099,-10.5097,-10.7105,-11.1456,-10.9447,
05-07-2026-Thu 13-32-08-PM,-11.614,-9.30449,-10.5432,-10.8109,-11.179,-10.9782,
05-07-2026-Thu 13-32-09-PM,-11.6475,-9.27099,-10.5097,-10.8778,-11.179,-10.9447,
05-07-2026-Thu 13-32-10-PM,-11.6809,-9.33797,-10.6101,-10.9112,-11.2125,-11.0117,
05-07-2026-Thu 13-32-12-PM,-11.6809,-9.40487,-10.6435,-10.9447,-11.2458,-10.9782,
05-07-2026-Thu 13-32-13-PM,-11.7144,-9.37146,-10.7105,-11.0117,-11.2458,-11.0117,
05-07-2026-Thu 13-32-15-PM,-11.7478,-9.40487,-10.6435,-11.0785,-11.3129,-11.0452,
05-07-2026-Thu 13-32-16-PM,-11.7478,-9.43843,-10.7105,-11.1121,-11.3129,-11.0452,
05-07-2026-Thu 13-32-17-PM,-11.7478,-9.47193,-10.7774,-11.1121,-11.3463,-11.0785,
05-07-2026-Thu 13-32-19-PM,-11.7813,-9.50541,-10.7774,-11.179,-11.3798,-11.0785,
05-07-2026-Thu 13-32-20-PM,-11.8148,-9.5389,-10.8109,-11.2458,-11.4132,-11.0785,
05-07-2026-Thu 13-32-22-PM,-11.8817,-9.57225,-10.8444,-11.2794,-11.4467,-11.1121,
05-07-2026-Thu 13-32-23-PM,-11.8817,-9.60581,-10.8444,-11.3463,-11.4802,-11.1121,
05-07-2026-Thu 13-32-24-PM,-11.915,-9.6393,-10.8778,-11.4132,-11.5137,-11.1456,
05-07-2026-Thu 13-32-26-PM,-11.9486,-9.67278,-10.8778,-11.4467,-11.5471,-11.179,
05-07-2026-Thu 13-32-27-PM,-11.982,-9.70626,-10.9447,-11.4467,-11.5805,-11.179,
05-07-2026-Thu 13-32-29-PM,-11.982,-9.70626,-10.9447,-11.5137,-11.5805,-11.2125,
05-07-2026-Thu 13-32-30-PM,-12.0155,-9.73967,-10.9112,-11.5471,-11.6475,-11.2125,
05-07-2026-Thu 13-32-31-PM,-12.049,-9.77323,-10.9782,-11.5805,-11.6809,-11.2125,
05-07-2026-Thu 13-32-33-PM,-12.0823,-9.77323,-11.0785,-11.614,-11.7144,-11.2458,
05-07-2026-Thu 13-32-34-PM,-12.1159,-9.84021,-11.1456,-11.6809,-11.7144,-11.2458,
05-07-2026-Thu 13-32-35-PM,-12.1493,-9.87369,-11.1121,-11.6809,-11.7813,-11.2794,
05-07-2026-Thu 13-32-37-PM,-12.1493,-9.90704,-11.179,-11.7478,-11.8148,-11.3129,
05-07-2026-Thu 13-32-39-PM,-12.1828,-9.94059,-11.2125,-11.8148,-11.8482,-11.3463,
05-07-2026-Thu 13-32-40-PM,-12.2163,-9.97408,-11.179,-11.915,-11.8817,-11.3463,
05-07-2026-Thu 13-32-41-PM,-12.2496,-10.0076,-11.2458,-11.915,-11.915,-11.3798,
05-07-2026-Thu 13-32-43-PM,-12.2831,-10.041,-11.2458,-11.9486,-11.9486,-11.4132,
05-07-2026-Thu 13-32-44-PM,-12.2831,-10.0745,-11.2794,-11.982,-11.982,-11.4132,
05-07-2026-Thu 13-32-46-PM,-12.35,-10.108,-11.3463,-12.049,-12.0155,-11.4467,
05-07-2026-Thu 13-32-47-PM,-12.35,-10.1415,-11.3463,-12.0823,-12.049,-11.4467,
05-07-2026-Thu 13-32-48-PM,-12.3835,-10.175,-11.3798,-12.0823,-12.0823,-11.4802,
05-07-2026-Thu 13-32-50-PM,-12.4504,-10.2085,-11.3798,-12.1828,-12.1159,-11.5137,
05-07-2026-Thu 13-32-51-PM,-12.4839,-10.2418,-11.4132,-12.2496,-12.1159,-11.5137,
05-07-2026-Thu 13-32-52-PM,-12.4839,-10.2418,-11.5137,-12.2831,-12.1828,-11.5471,
05-07-2026-Thu 13-32-54-PM,-12.5173,-10.3088,-11.5137,-12.3166,-12.2163,-11.5805,
05-07-2026-Thu 13-32-55-PM,-12.5508,-10.3423,-11.4802,-12.2831,-12.2496,-11.614,
05-07-2026-Thu 13-32-57-PM,-12.5508,-10.3423,-11.5471,-12.3835,-12.2831,-11.614,
05-07-2026-Thu 13-32-58-PM,-12.6176,-10.4092,-11.5471,-12.3835,-12.3166,-11.6475,
05-07-2026-Thu 13-32-59-PM,-12.6511,-10.4092,-11.614,-12.4504,-12.35,-11.6809,
05-07-2026-Thu 13-33-01-PM,-12.5173,-10.2753,-11.614,-12.5841,-12.3835,-11.6809,
05-07-2026-Thu 13-33-02-PM,-12.6176,-10.2085,-11.6475,-12.5173,-12.3835,-11.7144,
05-07-2026-Thu 13-33-04-PM,-12.7849,-10.3423,-11.6809,-12.5508,-12.4504,-11.7144,
05-07-2026-Thu 13-33-05-PM,-12.5841,-10.4427,-11.7144,-12.6176,-12.4839,-11.7478,
05-07-2026-Thu 13-33-06-PM,-12.6176,-10.2753,-11.7478,-12.5841,-12.5173,-11.7813,
05-07-2026-Thu 13-33-08-PM,-12.8184,-10.5765,-11.7813,-12.6176,-12.5173,-11.7813,
05-07-2026-Thu 13-33-09-PM,-12.8518,-10.6435,-11.7813,-12.6845,-12.5508,-11.8148,
05-07-2026-Thu 13-33-11-PM,-12.8853,-10.677,-11.8148,-12.718,-12.5841,-11.8148,
05-07-2026-Thu 13-33-13-PM,-12.8853,-10.7105,-11.8482,-12.8184,-12.6511,-11.8482,
05-07-2026-Thu 13-33-16-PM,-12.9522,-10.7774,-11.8817,-12.8184,-12.6845,-11.8817,
05-07-2026-Thu 13-33-18-PM,-13.019,-10.8444,-11.9486,-12.8853,-12.7514,-11.982,
05-07-2026-Thu 13-33-19-PM,-13.0525,-10.8778,-12.0155,-12.9855,-12.7849,-11.982,
05-07-2026-Thu 13-33-21-PM,-13.1194,-10.9112,-12.0155,-13.019,-12.8518,-12.0155,
05-07-2026-Thu 13-33-22-PM,-13.1194,-10.9112,-12.049,-13.0525,-12.8518,-12.049,
05-07-2026-Thu 13-33-24-PM,-13.1528,-10.9447,-12.0823,-13.0525,-12.8853,-12.049,
05-07-2026-Thu 13-33-25-PM,-13.1863,-10.9782,-12.0823,-13.1528,-12.9186,-12.1159,
05-07-2026-Thu 13-33-26-PM,-13.2197,-11.0117,-12.1159,-13.1528,-12.9522,-12.1159,
05-07-2026-Thu 13-33-28-PM,-13.2531,-11.0452,-12.1159,-13.1863,-12.9522,-12.1159,
05-07-2026-Thu 13-33-29-PM,-13.2866,-11.0452,-12.1828,-13.2197,-12.9855,-12.1493,
05-07-2026-Thu 13-33-31-PM,-13.32,-11.1121,-12.2163,-13.2197,-13.019,-12.1828,
05-07-2026-Thu 13-33-33-PM,-13.3534,-11.1456,-12.2163,-13.2866,-13.0858,-12.2163,
05-07-2026-Thu 13-33-34-PM,-13.3869,-11.179,-12.2496,-13.3534,-13.0858,-12.2163,
05-07-2026-Thu 13-33-35-PM,-13.4203,-11.2125,-12.2831,-13.3869,-13.1194,-12.2496,
05-07-2026-Thu 13-33-37-PM,-13.4538,-11.2458,-12.35,-13.32,-13.1863,-12.2831,
05-07-2026-Thu 13-33-38-PM,-13.5207,-11.2794,-12.4169,-13.4538,-13.1863,-12.3166,
05-07-2026-Thu 13-33-40-PM,-13.5207,-11.3129,-12.3835,-13.4538,-13.2197,-12.3166,
05-07-2026-Thu 13-33-41-PM,-13.5541,-11.3463,-12.3835,-13.4538,-13.2531,-12.3835,
05-07-2026-Thu 13-33-42-PM,-13.5875,-11.3463,-12.4169,-13.4872,-13.2866,-12.3835,
05-07-2026-Thu 13-33-44-PM,-13.621,-11.3798,-12.4169,-13.4872,-13.32,-12.3835,
05-07-2026-Thu 13-33-45-PM,-13.6544,-11.4467,-12.4504,-13.5541,-13.32,-12.4504,
05-07-2026-Thu 13-33-47-PM,-13.6878,-11.4467,-12.5173,-13.621,-13.3534,-12.4504,
05-07-2026-Thu 13-33-48-PM,-13.7213,-11.4467,-12.5173,-13.621,-13.3869,-12.4839,
05-07-2026-Thu 13-33-49-PM,-13.7213,-11.5137,-12.5173,-13.621,-13.4203,-12.4839,
05-07-2026-Thu 13-33-51-PM,-13.7547,-11.5471,-12.5173,-13.6878,-13.4538,-12.5173,
05-07-2026-Thu 13-33-52-PM,-13.7882,-11.5471,-12.6176,-13.7213,-13.4872,-12.5508,
05-07-2026-Thu 13-33-54-PM,-13.855,-11.614,-12.6845,-13.7547,-13.5207,-12.5508,
05-07-2026-Thu 13-33-55-PM,-13.855,-11.614,-12.6511,-13.7882,-13.5207,-12.5841,
05-07-2026-Thu 13-33-56-PM,-13.8885,-11.6475,-12.718,-13.8216,-13.5541,-12.6176,
05-07-2026-Thu 13-33-58-PM,-13.9554,-11.6809,-12.6845,-13.7882,-13.5875,-12.6176,
05-07-2026-Thu 13-33-59-PM,-13.9888,-11.7144,-12.718,-13.8216,-13.621,-12.6511,
05-07-2026-Thu 13-34-01-PM,-13.9888,-11.7478,-12.7514,-13.855,-13.6544,-12.6845,
05-07-2026-Thu 13-34-02-PM,-14.0556,-11.7813,-12.7514,-13.8885,-13.6544,-12.718,
05-07-2026-Thu 13-34-03-PM,-14.089,-11.7813,-12.7849,-13.9219,-13.6878,-12.718,
05-07-2026-Thu 13-34-05-PM,-14.089,-11.8148,-12.8184,-13.9554,-13.7213,-12.7849,
05-07-2026-Thu 13-34-07-PM,-14.1225,-11.8482,-12.8184,-14.0222,-13.7547,-12.7849,
05-07-2026-Thu 13-34-08-PM,-14.156,-11.915,-12.8518,-14.0556,-13.7882,-12.8184,
05-07-2026-Thu 13-34-09-PM,-14.1894,-11.915,-12.8853,-14.0556,-13.7882,-12.8518,
05-07-2026-Thu 13-34-11-PM,-14.1894,-11.9486,-12.9855,-14.089,-13.855,-12.8853,
05-07-2026-Thu 13-34-12-PM,-14.2562,-11.9486,-12.9855,-14.1225,-13.855,-12.8853,
05-07-2026-Thu 13-34-14-PM,-14.2562,-12.0155,-12.9855,-14.089,-13.8885,-12.9186,
05-07-2026-Thu 13-34-15-PM,-14.3231,-12.049,-13.019,-14.1894,-13.9219,-12.9522,
05-07-2026-Thu 13-34-16-PM,-14.3231,-12.049,-12.9855,-14.1894,-13.9554,-12.9522,
05-07-2026-Thu 13-34-18-PM,-14.39,-12.0823,-13.019,-14.2897,-13.9554,-12.9855,
05-07-2026-Thu 13-34-20-PM,-14.39,-12.1159,-13.019,-14.2562,-14.0222,-13.019,
05-07-2026-Thu 13-34-21-PM,-14.4568,-12.1493,-13.0858,-14.2897,-14.0222,-13.0525,
05-07-2026-Thu 13-34-22-PM,-14.4903,-12.1493,-13.1194,-14.3231,-14.0556,-13.0858,
05-07-2026-Thu 13-34-24-PM,-14.4903,-12.1828,-13.1528,-14.3231,-14.089,-13.1194,
05-07-2026-Thu 13-34-25-PM,-14.5237,-12.2163,-13.1863,-14.3231,-14.089,-13.1194,
05-07-2026-Thu 13-34-27-PM,-14.5572,-12.2163,-13.2197,-14.39,-14.1225,-13.1528,
05-07-2026-Thu 13-34-28-PM,-14.5905,-12.2496,-13.2531,-14.4233,-14.156,-13.1863,
05-07-2026-Thu 13-34-29-PM,-14.624,-12.3166,-13.2197,-14.4233,-14.1894,-13.1863,
05-07-2026-Thu 13-34-31-PM,-14.624,-12.3166,-13.32,-14.4903,-14.1894,-13.1863,
05-07-2026-Thu 13-34-32-PM,-14.6574,-12.35,-13.32,-14.4568,-14.2228,-13.2197,
05-07-2026-Thu 13-34-33-PM,-14.6908,-12.3835,-13.2866,-14.4903,-14.2562,-13.2531,
05-07-2026-Thu 13-34-35-PM,-14.7576,-12.3835,-13.3534,-14.5237,-14.2897,-13.32,
05-07-2026-Thu 13-34-36-PM,-14.7576,-12.4504,-13.3869,-14.5905,-14.3565,-13.32,
05-07-2026-Thu 13-34-38-PM,-14.7911,-12.4504,-13.3534,-14.624,-14.3231,-13.32,
05-07-2026-Thu 13-34-39-PM,-14.7911,-12.4839,-13.4203,-14.5905,-14.3565,-13.3534,
05-07-2026-Thu 13-34-40-PM,-14.858,-12.5173,-13.4538,-14.624,-14.3565,-13.3534,
05-07-2026-Thu 13-34-42-PM,-14.858,-12.5173,-13.4872,-14.6908,-14.39,-13.4203,
05-07-2026-Thu 13-34-43-PM,-14.9248,-12.5508,-13.4872,-14.7243,-14.4568,-13.4538,
05-07-2026-Thu 13-34-45-PM,-14.9248,-12.5841,-13.5541,-14.7243,-14.4568,-13.4538,
05-07-2026-Thu 13-34-46-PM,-14.9583,-12.6176,-13.5207,-14.7911,-14.4903,-13.4872,
05-07-2026-Thu 13-34-48-PM,-14.9917,-12.6511,-13.5875,-14.7911,-14.5237,-13.5207,
05-07-2026-Thu 13-34-49-PM,-15.0251,-12.6845,-13.5875,-14.858,-14.5572,-13.5541,
05-07-2026-Thu 13-34-50-PM,-15.0585,-12.6845,-13.621,-14.8246,-14.5572,-13.5541,
05-07-2026-Thu 13-34-52-PM,-14.8246,-12.4504,-13.621,-14.858,-14.5905,-13.5875,
05-07-2026-Thu 13-34-53-PM,-14.8246,-12.4504,-13.6544,-14.8914,-14.624,-13.5875,
05-07-2026-Thu 13-34-55-PM,-15.0251,-12.7849,-13.6544,-14.8914,-14.624,-13.621,
05-07-2026-Thu 13-34-56-PM,-14.9583,-12.4839,-13.7213,-14.9583,-14.6908,-13.6544,
05-07-2026-Thu 13-34-57-PM,-14.8914,-12.6176,-13.7547,-14.9248,-14.6574,-13.6544,
05-07-2026-Thu 13-34-59-PM,-15.1588,-12.8184,-13.7213,-14.9917,-14.7243,-13.7213,
05-07-2026-Thu 13-35-00-PM,-15.259,-12.8518,-13.7882,-15.0585,-14.7243,-13.7547,
05-07-2026-Thu 13-35-01-PM,-15.259,-12.8518,-13.7882,-14.9917,-14.7576,-13.7213,
05-07-2026-Thu 13-35-03-PM,-15.2925,-12.8853,-13.855,-15.0251,-14.7911,-13.7547,
05-07-2026-Thu 13-35-04-PM,-15.2925,-12.9186,-13.7882,-15.0919,-14.7911,-13.7882,
05-07-2026-Thu 13-35-06-PM,-15.326,-12.9522,-13.855,-15.0251,-14.8246,-13.8216,
05-07-2026-Thu 13-35-07-PM,-15.3593,-12.9522,-13.8885,-15.1254,-14.858,-13.8216,
05-07-2026-Thu 13-35-08-PM,-15.3928,-12.9855,-13.8885,-15.1254,-14.858,-13.8885,
05-07-2026-Thu 13-35-10-PM,-15.3928,-12.9855,-13.9554,-15.1254,-14.8914,-13.8885,
05-07-2026-Thu 13-35-11-PM,-15.4261,-13.0525,-13.9888,-15.1922,-14.9248,-13.9219,
05-07-2026-Thu 13-35-13-PM,-15.4596,-13.0525,-13.9554,-15.2257,-14.9583,-13.9554,
05-07-2026-Thu 13-35-14-PM,-15.4596,-13.0858,-14.0222,-15.1922,-14.9583,-13.9888,
05-07-2026-Thu 13-35-16-PM,-15.5265,-13.1194,-14.0222,-15.259,-14.9583,-13.9888,
05-07-2026-Thu 13-35-17-PM,-15.5265,-13.1194,-14.0222,-15.259,-15.0251,-14.0222,
05-07-2026-Thu 13-35-19-PM,-15.5599,-13.1528,-14.0556,-15.2925,-15.0585,-14.0556,
05-07-2026-Thu 13-35-20-PM,-15.5932,-13.1528,-14.0556,-15.326,-15.0585,-14.089,
05-07-2026-Thu 13-35-21-PM,-15.6267,-13.1863,-14.0556,-15.3593,-15.0919,-14.089,
05-07-2026-Thu 13-35-23-PM,-15.6267,-13.2197,-14.0222,-15.3928,-15.0919,-14.1225,
05-07-2026-Thu 13-35-24-PM,-15.6602,-13.2531,-14.156,-15.3928,-15.1254,-14.156,
05-07-2026-Thu 13-35-27-PM,-15.6935,-13.2531,-14.156,-15.4261,-15.1588,-14.1894,
05-07-2026-Thu 13-35-30-PM,-15.7269,-13.32,-14.2228,-15.4596,-15.1922,-14.2228,
05-07-2026-Thu 13-35-32-PM,-15.7938,-13.3534,-14.2228,-15.5265,-15.259,-14.2897,
05-07-2026-Thu 13-35-33-PM,-15.8272,-13.3534,-14.2897,-15.5265,-15.2925,-14.3231,
05-07-2026-Thu 13-35-34-PM,-15.8272,-13.4203,-14.3565,-15.5265,-15.2925,-14.3231,
05-07-2026-Thu 13-35-36-PM,-15.8606,-13.4203,-14.2562,-15.5599,-15.2925,-14.39,
05-07-2026-Thu 13-35-37-PM,-15.8941,-13.4203,-14.3565,-15.5599,-15.3593,-14.39,
05-07-2026-Thu 13-35-39-PM,-15.8941,-13.4538,-14.39,-15.6267,-15.3593,-14.39,
05-07-2026-Thu 13-35-40-PM,-15.9274,-13.4872,-14.3565,-15.6602,-15.3928,-14.4233,
05-07-2026-Thu 13-35-42-PM,-15.9609,-13.4872,-14.4233,-15.6267,-15.3928,-14.4233,
05-07-2026-Thu 13-35-43-PM,-15.9943,-13.5207,-14.39,-15.6602,-15.4596,-14.4568,
05-07-2026-Thu 13-35-45-PM,-16.0277,-13.5875,-14.4903,-15.6935,-15.4596,-14.5572,
05-07-2026-Thu 13-35-46-PM,-16.0611,-13.5875,-14.4568,-15.7603,-15.493,-14.5237,
05-07-2026-Thu 13-35-47-PM,-15.7938,-13.6544,-14.4568,-15.7269,-15.5265,-14.5572,
05-07-2026-Thu 13-35-49-PM,-15.8272,-13.5875,-14.4903,-15.7603,-15.5265,-14.5905,
05-07-2026-Thu 13-35-50-PM,-15.8941,-13.6544,-14.5237,-15.7938,-15.5599,-14.5905,
05-07-2026-Thu 13-35-51-PM,-15.8941,-13.3869,-14.5572,-15.7603,-15.5932,-14.624,
05-07-2026-Thu 13-35-53-PM,-16.1279,-13.6878,-14.624,-15.7938,-15.5599,-14.6574,
05-07-2026-Thu 13-35-54-PM,-16.1614,-13.6878,-14.5572,-15.8272,-15.6267,-14.6574,
05-07-2026-Thu 13-35-56-PM,-16.2282,-13.6878,-14.5905,-15.8272,-15.6267,-14.6908,
05-07-2026-Thu 13-35-57-PM,-16.2282,-13.7213,-14.6574,-15.9274,-15.6602,-14.7243,
05-07-2026-Thu 13-35-58-PM,-16.2282,-13.7547,-14.624,-15.9274,-15.6602,-14.7576,
05-07-2026-Thu 13-36-00-PM,-16.2615,-13.7547,-14.624,-15.9274,-15.6935,-14.7576,
05-07-2026-Thu 13-36-01-PM,-16.295,-13.7882,-14.7243,-15.9609,-15.7269,-14.7911,
05-07-2026-Thu 13-36-03-PM,-16.295,-13.8216,-14.6574,-15.9609,-15.7269,-14.7911,
05-07-2026-Thu 13-36-04-PM,-16.3618,-13.8216,-14.7243,-15.9943,-15.7603,-14.8246,
05-07-2026-Thu 13-36-05-PM,-16.3285,-13.855,-14.7576,-16.0277,-15.7938,-14.858,
05-07-2026-Thu 13-36-07-PM,-16.3618,-13.8885,-14.7576,-16.0277,-15.8272,-14.8914,
05-07-2026-Thu 13-36-08-PM,-16.3952,-13.8885,-14.8246,-16.0277,-15.8272,-14.9248,
05-07-2026-Thu 13-36-10-PM,-16.3952,-13.9219,-14.7911,-16.0611,-15.8272,-14.9248,
05-07-2026-Thu 13-36-11-PM,-16.4621,-13.9219,-14.9248,-16.0611,-15.8606,-14.9248,
05-07-2026-Thu 13-36-12-PM,-16.4621,-13.9888,-14.8914,-16.0945,-15.8941,-14.9917,
05-07-2026-Thu 13-36-14-PM,-16.4621,-13.9554,-14.858,-16.1614,-15.8941,-15.0251,
05-07-2026-Thu 13-36-15-PM,-16.4955,-13.9888,-14.9248,-16.1279,-15.9274,-15.0251,
05-07-2026-Thu 13-36-16-PM,-16.5289,-14.0222,-14.8914,-16.1614,-15.9274,-15.0251,
05-07-2026-Thu 13-36-18-PM,-16.5289,-14.0556,-14.9583,-16.1614,-15.9609,-15.0585,
05-07-2026-Thu 13-36-19-PM,-16.5623,-14.0556,-14.9917,-16.1614,-15.9943,-15.0919,
05-07-2026-Thu 13-36-21-PM,-16.5956,-14.0556,-14.9583,-16.2282,-16.0277,-15.1254,
05-07-2026-Thu 13-36-22-PM,-16.5956,-14.1225,-15.0251,-16.1948,-16.0277,-15.1588,
05-07-2026-Thu 13-36-23-PM,-16.6625,-14.1225,-15.0585,-16.2615,-16.0277,-15.1588,
05-07-2026-Thu 13-36-25-PM,-16.6625,-14.156,-15.0585,-16.2615,-16.0611,-15.1922,
05-07-2026-Thu 13-36-26-PM,-16.6625,-14.156,-15.0919,-16.295,-16.0945,-15.1922,
05-07-2026-Thu 13-36-28-PM,-16.696,-14.2228,-15.1254,-16.295,-16.1279,-15.2257,
05-07-2026-Thu 13-36-29-PM,-16.696,-14.2228,-15.1588,-16.3285,-16.1279,-15.259,
05-07-2026-Thu 13-36-31-PM,-16.7293,-14.2562,-15.1254,-16.3618,-16.1279,-15.2925,
05-07-2026-Thu 13-36-32-PM,-16.7627,-14.2562,-15.1588,-16.3618,-16.1614,-15.326,
05-07-2026-Thu 13-36-33-PM,-16.7961,-14.2562,-15.1922,-16.3285,-16.1948,-15.326,
05-07-2026-Thu 13-36-35-PM,-16.7961,-14.2562,-15.1922,-16.4286,-16.1948,-15.326,
05-07-2026-Thu 13-36-36-PM,-16.8296,-14.2897,-15.259,-16.4286,-16.2282,-15.3928,
05-07-2026-Thu 13-36-38-PM,-16.863,-14.3231,-15.1922,-16.4621,-16.2282,-15.3928,
05-07-2026-Thu 13-36-39-PM,-16.863,-14.3231,-15.2925,-16.4621,-16.2615,-15.4261,
05-07-2026-Thu 13-36-40-PM,-16.8964,-14.3565,-15.326,-16.4621,-16.295,-15.4261,
05-07-2026-Thu 13-36-42-PM,-16.8964,-14.3565,-15.2925,-16.5289,-16.295,-15.4596,
05-07-2026-Thu 13-36-43-PM,-16.9297,-14.39,-15.3593,-16.5623,-16.295,-15.5265,
05-07-2026-Thu 13-36-44-PM,-16.863,-14.4233,-15.326,-16.4955,-16.3618,-15.5265,
05-07-2026-Thu 13-36-46-PM,-16.7293,-14.2897,-15.326,-16.5623,-16.3618,-15.5265,
05-07-2026-Thu 13-36-47-PM,-16.9297,-14.39,-15.326,-16.5956,-16.3952,-15.5599,
05-07-2026-Thu 13-36-49-PM,-16.6625,-14.3231,-15.4261,-16.5623,-16.3952,-15.5599,
05-07-2026-Thu 13-36-50-PM,-16.7961,-14.5572,-15.4261,-16.6291,-16.3952,-15.6267,
05-07-2026-Thu 13-36-52-PM,-16.9632,-14.4233,-15.4261,-16.5956,-16.3952,-15.6267,
05-07-2026-Thu 13-36-53-PM,-16.9966,-14.2228,-15.4596,-16.6625,-16.4286,-15.6602,
05-07-2026-Thu 13-36-54-PM,-17.0967,-14.5572,-15.493,-16.6625,-16.4621,-15.6602,
05-07-2026-Thu 13-36-56-PM,-17.0967,-14.5572,-15.5265,-16.6291,-16.4955,-15.6935,
05-07-2026-Thu 13-36-57-PM,-17.0967,-14.5572,-15.5599,-16.6625,-16.4955,-15.6935,
05-07-2026-Thu 13-36-59-PM,-17.1302,-14.5905,-15.493,-16.6291,-16.5289,-15.7269,
05-07-2026-Thu 13-37-00-PM,-17.1636,-14.5905,-15.6602,-16.6625,-16.5623,-15.7603,
05-07-2026-Thu 13-37-01-PM,-17.1636,-14.624,-15.5932,-16.7293,-16.5623,-15.7938,
05-07-2026-Thu 13-37-03-PM,-17.197,-14.6574,-15.5932,-16.696,-16.5623,-15.7938,
05-07-2026-Thu 13-37-04-PM,-17.197,-14.6574,-15.6267,-16.7627,-16.5956,-15.8272,
05-07-2026-Thu 13-37-06-PM,-17.2304,-14.6574,-15.6267,-16.7961,-16.5956,-15.8606,
05-07-2026-Thu 13-37-07-PM,-17.2304,-14.7243,-15.6602,-16.8296,-16.6291,-15.8606,
05-07-2026-Thu 13-37-10-PM,-17.2637,-14.7243,-15.7603,-16.7961,-16.6625,-15.8941,
05-07-2026-Thu 13-37-13-PM,-17.2972,-14.7576,-15.6935,-16.8964,-16.696,-15.8941,
05-07-2026-Thu 13-37-15-PM,-17.3306,-14.8246,-15.7269,-16.863,-16.7293,-15.9943,
05-07-2026-Thu 13-37-18-PM,-17.3974,-14.858,-15.7938,-16.9297,-16.7627,-15.9943,
05-07-2026-Thu 13-37-20-PM,-17.4307,-14.858,-15.7938,-16.9632,-16.7961,-16.0945,
05-07-2026-Thu 13-37-21-PM,-17.4642,-14.9248,-15.8272,-17.03,-16.8296,-16.0945,
05-07-2026-Thu 13-37-23-PM,-17.4307,-14.9248,-15.8606,-16.9966,-16.863,-16.0945,
05-07-2026-Thu 13-37-24-PM,-17.4976,-14.9248,-15.8606,-16.9966,-16.863,-16.1279,
05-07-2026-Thu 13-37-26-PM,-17.4976,-14.9583,-15.9274,-17.03,-16.8964,-16.1614,
05-07-2026-Thu 13-37-27-PM,-17.4976,-14.9583,-15.9274,-17.0634,-16.9297,-16.1614,
05-07-2026-Thu 13-37-28-PM,-17.531,-14.9917,-15.8941,-17.03,-16.9297,-16.1948,
05-07-2026-Thu 13-37-30-PM,-17.531,-14.9917,-15.8941,-17.0634,-16.9297,-16.2282,
05-07-2026-Thu 13-37-31-PM,-17.531,-15.0251,-15.9609,-17.0634,-16.9297,-16.2282,
05-07-2026-Thu 13-37-32-PM,-17.5644,-15.0251,-15.9943,-17.0967,-16.9632,-16.2282,
05-07-2026-Thu 13-37-34-PM,-17.5977,-15.0251,-15.9943,-17.0634,-16.9966,-16.2282,
05-07-2026-Thu 13-37-35-PM,-17.4307,-14.9583,-16.0611,-17.1636,-16.9966,-16.2615,
05-07-2026-Thu 13-37-37-PM,-17.4307,-14.9248,-16.0611,-17.197,-16.9966,-16.295,
05-07-2026-Thu 13-37-38-PM,-17.5977,-15.0919,-16.0611,-17.1302,-17.03,-16.3285,
05-07-2026-Thu 13-37-39-PM,-17.6312,-15.1588,-16.0945,-17.1636,-17.03,-16.3285,
05-07-2026-Thu 13-37-41-PM,-17.6312,-14.9917,-16.0611,-17.1636,-17.0634,-16.3618,
05-07-2026-Thu 13-37-42-PM,-17.6312,-15.1254,-16.1279,-17.197,-17.0967,-16.3618,
05-07-2026-Thu 13-37-44-PM,-17.698,-15.1588,-16.1279,-17.2304,-17.0967,-16.3952,
05-07-2026-Thu 13-37-46-PM,-17.7314,-15.1588,-16.1279,-17.2304,-17.0967,-16.4286,
05-07-2026-Thu 13-37-49-PM,-17.7982,-15.1922,-16.1279,-17.2972,-17.1636,-16.4621,
05-07-2026-Thu 13-37-51-PM,-17.7982,-15.2257,-16.2282,-17.3306,-17.197,-16.4955,
05-07-2026-Thu 13-37-53-PM,-17.8316,-15.259,-16.2615,-17.3306,-17.2304,-16.5289,
05-07-2026-Thu 13-37-54-PM,-17.865,-15.259,-16.2615,-17.3306,-17.2304,-16.5623,
05-07-2026-Thu 13-37-56-PM,-17.865,-15.2925,-16.2282,-17.364,-17.2637,-16.5623,
05-07-2026-Thu 13-37-57-PM,-17.865,-15.2925,-16.2615,-17.364,-17.2637,-16.5956,
05-07-2026-Thu 13-37-58-PM,-17.8984,-15.326,-16.3285,-17.4307,-17.2637,-16.5956,
05-07-2026-Thu 13-38-00-PM,-17.8984,-15.3593,-16.295,-17.3974,-17.2972,-16.6291,
05-07-2026-Thu 13-38-02-PM,-17.9652,-15.3593,-16.295,-17.4307,-17.3306,-16.6625,
05-07-2026-Thu 13-38-03-PM,-17.9652,-15.3928,-16.3285,-17.4642,-17.2972,-16.6625,
05-07-2026-Thu 13-38-04-PM,-17.9652,-15.3928,-16.3285,-17.4642,-17.3306,-16.696,
05-07-2026-Thu 13-38-06-PM,-17.9652,-15.4261,-16.3952,-17.4642,-17.364,-16.7293,
05-07-2026-Thu 13-38-08-PM,-17.9986,-15.4261,-16.3952,-17.4976,-17.364,-16.7293,
05-07-2026-Thu 13-38-09-PM,-18.032,-15.4596,-16.3952,-17.531,-17.3974,-16.7627,
05-07-2026-Thu 13-38-11-PM,-18.0653,-15.493,-16.4286,-17.4976,-17.4307,-16.7627,
05-07-2026-Thu 13-38-12-PM,-18.0653,-15.4596,-16.4955,-17.5644,-17.4307,-16.7961,
05-07-2026-Thu 13-38-14-PM,-18.0653,-15.493,-16.4621,-17.531,-17.4307,-16.8296,
05-07-2026-Thu 13-38-15-PM,-18.0653,-15.493,-16.4621,-17.5977,-17.4642,-16.8296,
05-07-2026-Thu 13-38-16-PM,-18.0986,-15.493,-16.5289,-17.5977,-17.4976,-16.863,
05-07-2026-Thu 13-38-18-PM,-18.0986,-15.5599,-16.4955,-17.5977,-17.4976,-16.863,
05-07-2026-Thu 13-38-19-PM,-18.1655,-15.5599,-16.5289,-17.6312,-17.4976,-16.8964,
05-07-2026-Thu 13-38-21-PM,-18.1655,-15.5932,-16.5623,-17.5977,-17.531,-16.8964,
05-07-2026-Thu 13-38-22-PM,-18.1655,-15.5932,-16.5623,-17.6646,-17.5644,-16.9297,
05-07-2026-Thu 13-38-24-PM,-18.1655,-15.6267,-16.5956,-17.698,-17.5644,-16.9632,
05-07-2026-Thu 13-38-25-PM,-18.1989,-15.6267,-16.6291,-17.6312,-17.5977,-16.9297,
05-07-2026-Thu 13-38-26-PM,-18.1989,-15.6267,-16.5956,-17.698,-17.5977,-16.9966,
05-07-2026-Thu 13-38-28-PM,-18.1989,-15.6602,-16.696,-17.698,-17.5977,-16.9966,
05-07-2026-Thu 13-38-29-PM,-18.2323,-15.6935,-16.6625,-17.698,-17.6312,-17.03,
05-07-2026-Thu 13-38-30-PM,-18.2656,-15.6935,-16.7293,-17.7314,-17.6312,-17.0634,
05-07-2026-Thu 13-38-32-PM,-18.2656,-15.6935,-16.696,-17.7647,-17.6646,-17.03,
05-07-2026-Thu 13-38-33-PM,-18.2991,-15.6935,-16.696,-17.7314,-17.6646,-17.0967,
05-07-2026-Thu 13-38-35-PM,-18.3325,-15.7269,-16.7293,-17.7314,-17.6646,-17.0967,
05-07-2026-Thu 13-38-36-PM,-18.3325,-15.7603,-16.7293,-17.7982,-17.698,-17.1302,
05-07-2026-Thu 13-38-37-PM,-18.3659,-15.7603,-16.7293,-17.7647,-17.7314,-17.1302,
05-07-2026-Thu 13-38-39-PM,-18.3659,-15.7603,-16.7293,-17.7982,-17.7647,-17.1636,
05-07-2026-Thu 13-38-40-PM,-18.3659,-15.7938,-16.7627,-17.7982,-17.7314,-17.1636,
05-07-2026-Thu 13-38-42-PM,-18.3993,-15.7938,-16.7961,-17.8316,-17.7647,-17.197,
05-07-2026-Thu 13-38-43-PM,-18.3659,-15.8272,-16.8296,-17.8316,-17.7982,-17.2304,
05-07-2026-Thu 13-38-45-PM,-18.4326,-15.8272,-16.863,-17.8316,-17.7982,-17.2304,
05-07-2026-Thu 13-38-46-PM,-18.4326,-15.8606,-16.863,-17.8984,-17.7982,-17.2637,
05-07-2026-Thu 13-38-48-PM,-18.4326,-15.8941,-16.863,-17.9317,-17.7982,-17.2637,
05-07-2026-Thu 13-38-49-PM,-18.4994,-15.8606,-16.8964,-17.8984,-17.8316,-17.2972,
05-07-2026-Thu 13-38-50-PM,-18.466,-15.9274,-16.8964,-17.8984,-17.865,-17.2972,
05-07-2026-Thu 13-38-52-PM,-18.4994,-15.9274,-16.8964,-17.9652,-17.865,-17.2972,
05-07-2026-Thu 13-38-53-PM,-18.5328,-15.9274,-16.9632,-17.9652,-17.8984,-17.3306,
05-07-2026-Thu 13-38-55-PM,-18.5328,-15.9274,-16.9297,-17.9317,-17.8984,-17.364,
05-07-2026-Thu 13-38-56-PM,-18.5662,-15.9609,-16.9632,-17.9986,-17.8984,-17.364,
05-07-2026-Thu 13-38-58-PM,-18.5662,-15.9609,-16.9966,-18.032,-17.8984,-17.364,
05-07-2026-Thu 13-38-59-PM,-18.5662,-15.9943,-17.03,-18.032,-17.9652,-17.4307,
05-07-2026-Thu 13-39-01-PM,-18.5995,-16.0277,-17.03,-18.032,-17.9986,-17.4307,
05-07-2026-Thu 13-39-02-PM,-18.5995,-16.0277,-16.9966,-18.0653,-17.9652,-17.4642,
05-07-2026-Thu 13-39-04-PM,-18.633,-16.0277,-17.0634,-18.032,-17.9986,-17.4642,
05-07-2026-Thu 13-39-05-PM,-18.6664,-16.0611,-17.0634,-18.0653,-17.9986,-17.4642,
05-07-2026-Thu 13-39-07-PM,-18.6664,-16.0945,-17.0634,-18.0653,-18.032,-17.531,
05-07-2026-Thu 13-39-08-PM,-18.6664,-16.0945,-17.0967,-18.0653,-18.032,-17.531,
05-07-2026-Thu 13-39-10-PM,-18.6664,-16.1279,-17.0967,-18.0986,-18.0986,-17.5644,
05-07-2026-Thu 13-39-11-PM,-18.6998,-16.1279,-17.1302,-18.1321,-18.0986,-17.531,
05-07-2026-Thu 13-39-12-PM,-18.6998,-16.1279,-17.1636,-18.1321,-18.0986,-17.5644,
05-07-2026-Thu 13-39-14-PM,-18.7332,-16.1279,-17.1302,-18.1655,-18.0986,-17.5977,
05-07-2026-Thu 13-39-15-PM,-18.7332,-16.1614,-17.2304,-18.1989,-18.1321,-17.5977,
05-07-2026-Thu 13-39-17-PM,-18.7664,-16.1614,-17.197,-18.1989,-18.1321,-17.6312,
05-07-2026-Thu 13-39-18-PM,-18.7999,-16.1948,-17.197,-18.1321,-18.1321,-17.6646,
05-07-2026-Thu 13-39-19-PM,-18.7999,-16.1948,-17.197,-18.1989,-18.1655,-17.6646,
05-07-2026-Thu 13-39-21-PM,-18.8333,-16.2615,-17.2637,-18.2323,-18.1989,-17.6646,
05-07-2026-Thu 13-39-22-PM,-18.8333,-16.2282,-17.2304,-18.2656,-18.1989,-17.698,
05-07-2026-Thu 13-39-24-PM,-18.8667,-16.2615,-17.3306,-18.3325,-18.2323,-17.698,
05-07-2026-Thu 13-39-25-PM,-18.9001,-16.3285,-17.3974,-18.3659,-18.2323,-17.7314,
05-07-2026-Thu 13-39-26-PM,-18.9001,-16.3285,-17.3974,-18.3993,-18.2656,-17.7647,
05-07-2026-Thu 13-39-28-PM,-18.9334,-16.3285,-17.364,-18.466,-18.2656,-17.7647,
05-07-2026-Thu 13-39-29-PM,-18.9669,-16.3618,-17.4307,-18.4994,-18.3325,-17.7982,
05-07-2026-Thu 13-39-31-PM,-18.9669,-16.4286,-17.4642,-18.5662,-18.3659,-17.7982,
05-07-2026-Thu 13-39-32-PM,-19.0003,-16.4286,-17.4642,-18.5995,-18.3993,-17.8316,
05-07-2026-Thu 13-39-34-PM,-19.067,-16.4621,-17.531,-18.6664,-18.4326,-17.8984,
05-07-2026-Thu 13-39-35-PM,-19.067,-16.4955,-17.5644,-18.6998,-18.466,-17.865,
05-07-2026-Thu 13-39-36-PM,-19.1003,-16.5289,-17.5644,-18.6998,-18.466,-17.8984,
05-07-2026-Thu 13-39-38-PM,-19.1003,-16.5623,-17.6312,-18.7664,-18.5328,-17.9317,
05-07-2026-Thu 13-39-39-PM,-19.1337,-16.5956,-17.6312,-18.7999,-18.5662,-17.9652,
05-07-2026-Thu 13-39-41-PM,-19.1671,-16.5956,-17.6312,-18.8667,-18.5995,-17.9652,
05-07-2026-Thu 13-39-42-PM,-19.2005,-16.6291,-17.698,-18.9001,-18.633,-17.9652,
05-07-2026-Thu 13-39-44-PM,-19.2339,-16.696,-17.7647,-18.9334,-18.6664,-18.032,
05-07-2026-Thu 13-39-45-PM,-19.2672,-16.696,-17.7647,-19.0003,-18.6664,-18.0653,
05-07-2026-Thu 13-39-47-PM,-19.2672,-16.7627,-17.7647,-19.0003,-18.7332,-18.0986,
05-07-2026-Thu 13-39-48-PM,-19.3007,-16.7627,-17.7647,-19.0003,-18.7664,-18.0986,
05-07-2026-Thu 13-39-49-PM,-19.3341,-16.7961,-17.865,-19.0336,-18.7664,-18.1321,
05-07-2026-Thu 13-39-51-PM,-19.3341,-16.8296,-17.8984,-19.1671,-18.7999,-18.1321,
05-07-2026-Thu 13-39-52-PM,-19.3675,-16.863,-17.9317,-19.1003,-18.8333,-18.1655,
05-07-2026-Thu 13-39-54-PM,-19.4341,-16.8964,-17.8984,-19.1671,-18.8667,-18.1989,
05-07-2026-Thu 13-39-55-PM,-19.4341,-16.9297,-17.9317,-19.2005,-18.9001,-18.1989,
05-07-2026-Thu 13-39-57-PM,-19.4675,-16.9297,-17.9652,-19.2672,-18.9334,-18.2323,
05-07-2026-Thu 13-39-58-PM,-19.5009,-16.9632,-17.9986,-19.2672,-18.9669,-18.2991,
05-07-2026-Thu 13-39-59-PM,-19.5343,-16.9966,-18.032,-19.3341,-18.9669,-18.2991,
05-07-2026-Thu 13-40-01-PM,-19.5343,-17.03,-18.0653,-19.3007,-19.0003,-18.3325,
05-07-2026-Thu 13-40-02-PM,-19.5677,-17.0634,-18.0653,-19.3341,-19.067,-18.3659,
05-07-2026-Thu 13-40-04-PM,-19.601,-17.0634,-18.0986,-19.4008,-19.067,-18.3993,
05-07-2026-Thu 13-40-05-PM,-19.6345,-17.0967,-18.1321,-19.4675,-19.1003,-18.3993,
05-07-2026-Thu 13-40-07-PM,-19.6679,-17.1302,-18.0986,-19.5009,-19.1337,-18.3993,
05-07-2026-Thu 13-40-08-PM,-19.6679,-17.1636,-18.1655,-19.5009,-19.1337,-18.4326,
05-07-2026-Thu 13-40-09-PM,-19.7012,-17.197,-18.1655,-19.5009,-19.2005,-18.466,
05-07-2026-Thu 13-40-11-PM,-19.7346,-17.2304,-18.2323,-19.4675,-19.2005,-18.4994,
05-07-2026-Thu 13-40-12-PM,-19.7346,-17.2637,-18.2991,-19.601,-19.2672,-18.5328,
05-07-2026-Thu 13-40-14-PM,-19.8013,-17.2637,-18.2656,-19.601,-19.2672,-18.5662,
05-07-2026-Thu 13-40-15-PM,-19.8013,-17.2972,-18.2991,-19.6679,-19.3007,-18.5662,
05-07-2026-Thu 13-40-16-PM,-19.8347,-17.3306,-18.3659,-19.7012,-19.3341,-18.5995,
05-07-2026-Thu 13-40-18-PM,-19.8347,-17.3306,-18.3325,-19.7346,-19.3675,-18.633,
05-07-2026-Thu 13-40-19-PM,-19.8681,-17.3974,-18.3993,-19.7012,-19.3675,-18.633,
05-07-2026-Thu 13-40-21-PM,-19.9015,-17.3974,-18.3993,-19.7679,-19.4008,-18.6664,
05-07-2026-Thu 13-40-22-PM,-19.9348,-17.4307,-18.4326,-19.7679,-19.4341,-18.6998,
05-07-2026-Thu 13-40-23-PM,-19.9348,-17.4642,-18.5328,-19.8013,-19.4341,-18.7332,
05-07-2026-Thu 13-40-25-PM,-19.9682,-17.4642,-18.5328,-19.8347,-19.5009,-18.7332,
05-07-2026-Thu 13-40-26-PM,-20.0016,-17.531,-18.5328,-19.8681,-19.5009,-18.7664,
05-07-2026-Thu 13-40-27-PM,-20.0016,-17.531,-18.5328,-19.8681,-19.5343,-18.7999,
05-07-2026-Thu 13-40-29-PM,-20.0684,-17.5644,-18.5995,-19.9348,-19.5677,-18.8333,
05-07-2026-Thu 13-40-30-PM,-20.0684,-17.5977,-18.633,-19.9015,-19.601,-18.8333,
05-07-2026-Thu 13-40-32-PM,-20.1016,-17.6312,-18.5328,-19.9682,-19.601,-18.8333,
05-07-2026-Thu 13-40-33-PM,-20.1016,-17.6646,-18.5662,-20.035,-19.6679,-18.9001,
05-07-2026-Thu 13-40-34-PM,-20.1684,-17.2972,-18.633,-19.9682,-19.6679,-18.9001,
05-07-2026-Thu 13-40-36-PM,-20.135,-17.6646,-18.7664,-20.035,-19.7012,-18.9334,
05-07-2026-Thu 13-40-39-PM,-20.135,-17.698,-18.6998,-20.1016,-19.7346,-18.9669,
05-07-2026-Thu 13-40-41-PM,-20.2018,-17.7982,-18.7664,-20.1016,-19.8013,-19.0003,
05-07-2026-Thu 13-40-43-PM,-20.3019,-17.8316,-18.7999,-20.1684,-19.8013,-19.067,
05-07-2026-Thu 13-40-45-PM,-20.3019,-17.8316,-18.7999,-20.2018,-19.8681,-19.1003,
05-07-2026-Thu 13-40-46-PM,-20.3353,-17.865,-18.8333,-20.2018,-19.9015,-19.1003,
05-07-2026-Thu 13-40-47-PM,-20.3687,-17.8984,-18.9001,-20.2685,-19.9015,-19.1337,
05-07-2026-Thu 13-40-49-PM,-20.3687,-17.9317,-18.8667,-20.2685,-19.9015,-19.2005,
05-07-2026-Thu 13-40-50-PM,-20.3687,-17.9317,-18.9334,-20.3019,-19.9348,-19.2005,
05-07-2026-Thu 13-40-52-PM,-20.4353,-17.9652,-18.9669,-20.3353,-19.9682,-19.2339,
05-07-2026-Thu 13-40-53-PM,-20.4353,-17.9986,-18.9669,-20.3353,-20.035,-19.2339,
05-07-2026-Thu 13-40-54-PM,-20.4353,-18.032,-19.0003,-20.3019,-20.035,-19.2672,
05-07-2026-Thu 13-40-56-PM,-20.4688,-18.032,-19.0003,-20.4021,-20.0684,-19.2672,
05-07-2026-Thu 13-40-57-PM,-20.4688,-18.0653,-19.0336,-20.4353,-20.1016,-19.3007,
05-07-2026-Thu 13-40-59-PM,-20.5355,-18.0986,-19.067,-20.4353,-20.1016,-19.3341,
05-07-2026-Thu 13-41-00-PM,-20.5355,-18.1321,-19.1003,-20.4688,-20.135,-19.4008,
05-07-2026-Thu 13-41-01-PM,-20.5689,-18.1655,-19.1337,-20.4688,-20.1684,-19.3675,
05-07-2026-Thu 13-41-03-PM,-20.5689,-18.1655,-19.1671,-20.4688,-20.1684,-19.4341,
05-07-2026-Thu 13-41-04-PM,-20.6022,-18.1989,-19.1671,-20.5021,-20.2018,-19.4341,
05-07-2026-Thu 13-41-06-PM,-20.6356,-18.1989,-19.1337,-20.6022,-20.2018,-19.4675,
05-07-2026-Thu 13-41-07-PM,-20.6356,-18.2323,-19.2005,-20.5021,-20.2685,-19.5009,
05-07-2026-Thu 13-41-10-PM,-20.669,-18.2656,-19.2339,-20.6022,-20.3019,-19.5009,
05-07-2026-Thu 13-41-12-PM,-20.669,-18.2991,-19.2672,-20.6356,-20.3353,-19.5677,
05-07-2026-Thu 13-41-13-PM,-20.7024,-18.3325,-19.3675,-20.6356,-20.3687,-19.601,
05-07-2026-Thu 13-41-15-PM,-20.7357,-18.3659,-19.3007,-20.669,-20.4021,-19.601,
05-07-2026-Thu 13-41-16-PM,-20.7357,-18.3993,-19.3341,-20.7024,-20.4021,-19.6345,
05-07-2026-Thu 13-41-17-PM,-20.769,-18.3993,-19.3341,-20.7357,-20.4353,-19.6679,
05-07-2026-Thu 13-41-19-PM,-20.769,-18.4326,-19.3675,-20.7024,-20.4353,-19.6679,
05-07-2026-Thu 13-41-20-PM,-20.8358,-18.4326,-19.4008,-20.769,-20.4688,-19.7012,
05-07-2026-Thu 13-41-22-PM,-20.8692,-18.466,-19.4675,-20.769,-20.5021,-19.7346,
05-07-2026-Thu 13-41-23-PM,-20.9025,-18.4994,-19.4341,-20.8024,-20.5355,-19.7679,
05-07-2026-Thu 13-41-25-PM,-20.9025,-18.5328,-19.4675,-20.769,-20.5355,-19.8013,
05-07-2026-Thu 13-41-26-PM,-20.9025,-18.5328,-19.4341,-20.8358,-20.5355,-19.8347,
05-07-2026-Thu 13-41-27-PM,-20.9358,-18.5662,-19.5343,-20.8358,-20.5689,-19.8347,
05-07-2026-Thu 13-41-29-PM,-20.9693,-18.5662,-19.5677,-20.8692,-20.6022,-19.8347,
05-07-2026-Thu 13-41-30-PM,-20.9693,-18.5995,-19.601,-20.9025,-20.6356,-19.8681,
05-07-2026-Thu 13-41-32-PM,-21.0026,-18.633,-19.601,-20.9025,-20.6356,-19.9015,
05-07-2026-Thu 13-41-35-PM,-21.0026,-18.6664,-19.6679,-20.9025,-20.669,-19.9682,
05-07-2026-Thu 13-41-36-PM,-21.036,-18.7332,-19.6679,-20.9693,-20.7357,-20.0016,
05-07-2026-Thu 13-41-38-PM,-21.036,-18.7332,-19.6679,-21.036,-20.7357,-20.0016,
05-07-2026-Thu 13-41-39-PM,-21.0694,-18.7664,-19.7012,-21.0026,-20.769,-20.035,
05-07-2026-Thu 13-41-40-PM,-21.1026,-18.7664,-19.7012,-21.0694,-20.769,-20.0684,
05-07-2026-Thu 13-41-42-PM,-21.136,-18.7999,-19.7679,-21.1026,-20.769,-20.0684,
05-07-2026-Thu 13-41-43-PM,-21.136,-18.7999,-19.7679,-21.0694,-20.8358,-20.1016,
05-07-2026-Thu 13-41-45-PM,-21.1694,-18.8333,-19.8013,-21.1026,-20.8358,-20.135,
05-07-2026-Thu 13-41-46-PM,-21.1694,-18.8667,-19.7679,-21.1026,-20.8692,-20.135,
05-07-2026-Thu 13-41-47-PM,-21.2028,-18.8667,-19.8347,-21.136,-20.8692,-20.1684,
05-07-2026-Thu 13-41-49-PM,-21.1694,-18.9001,-19.8347,-21.1694,-20.8692,-20.1684,
05-07-2026-Thu 13-41-50-PM,-21.2361,-18.9001,-19.8681,-21.1694,-20.9358,-20.2352,
05-07-2026-Thu 13-41-52-PM,-21.2028,-18.9334,-19.9015,-21.2694,-20.9358,-20.2685,
05-07-2026-Thu 13-41-53-PM,-21.2361,-18.9669,-19.9015,-21.2361,-20.9693,-20.3019,
05-07-2026-Thu 13-41-54-PM,-21.2361,-18.9669,-19.9348,-21.1694,-21.0026,-20.3019,
05-07-2026-Thu 13-41-56-PM,-21.2694,-18.9669,-19.9348,-21.2694,-21.0026,-20.3019,
05-07-2026-Thu 13-41-57-PM,-21.036,-19.0336,-19.9015,-21.2361,-21.036,-20.3353,
05-07-2026-Thu 13-41-58-PM,-21.2694,-19.0336,-19.9348,-21.3029,-21.036,-20.3687,
05-07-2026-Thu 13-42-00-PM,-21.2694,-19.067,-20.035,-21.3029,-21.0694,-20.4021,
05-07-2026-Thu 13-42-01-PM,-21.2694,-19.067,-20.0016,-21.3363,-21.0694,-20.3687,
05-07-2026-Thu 13-42-03-PM,-21.3029,-19.1003,-20.0016,-21.3029,-21.1026,-20.4353,
05-07-2026-Thu 13-42-04-PM,-21.3363,-19.1003,-20.035,-21.3363,-21.1026,-20.4688,
05-07-2026-Thu 13-42-05-PM,-21.3696,-19.1337,-20.0684,-21.3363,-21.136,-20.4688,
05-07-2026-Thu 13-42-07-PM,-21.3696,-19.1671,-20.0684,-21.3696,-21.1694,-20.5021,
05-07-2026-Thu 13-42-08-PM,-21.403,-19.1671,-20.1016,-21.4362,-21.1694,-20.5355,
05-07-2026-Thu 13-42-10-PM,-21.403,-19.2005,-20.1016,-21.4362,-21.2028,-20.5355,
05-07-2026-Thu 13-42-11-PM,-21.403,-19.2005,-20.1016,-21.403,-21.2028,-20.5355,
05-07-2026-Thu 13-42-12-PM,-21.4362,-19.2339,-20.1684,-21.4362,-21.2361,-20.5689,
05-07-2026-Thu 13-42-14-PM,-21.4697,-19.2339,-20.1684,-21.4362,-21.2694,-20.6022,
05-07-2026-Thu 13-42-15-PM,-21.4362,-19.2672,-20.2352,-21.503,-21.2694,-20.6022,
05-07-2026-Thu 13-42-17-PM,-21.4697,-19.3007,-20.2018,-21.5364,-21.3363,-20.669,
05-07-2026-Thu 13-42-20-PM,-21.503,-19.3007,-20.2352,-21.4362,-21.3363,-20.7024,
05-07-2026-Thu 13-42-23-PM,-21.503,-19.3341,-20.3019,-21.5364,-21.3696,-20.7357,
05-07-2026-Thu 13-42-24-PM,-21.5697,-19.4008,-20.3353,-21.6365,-21.4362,-20.769,
05-07-2026-Thu 13-42-25-PM,-21.5364,-19.4008,-20.3019,-21.6365,-21.4362,-20.8024,
05-07-2026-Thu 13-42-27-PM,-21.5697,-19.4008,-20.3353,-21.6365,-21.4697,-20.8358,
05-07-2026-Thu 13-42-28-PM,-21.603,-19.4341,-20.3687,-21.6698,-21.4697,-20.8358,
05-07-2026-Thu 13-42-30-PM,-21.5697,-19.4675,-20.4353,-21.6698,-21.4697,-20.8692,
05-07-2026-Thu 13-42-31-PM,-21.603,-19.4675,-20.4021,-21.7032,-21.503,-20.8358,
05-07-2026-Thu 13-42-32-PM,-21.603,-19.5009,-20.4353,-21.6698,-21.5364,-20.8692,
05-07-2026-Thu 13-42-34-PM,-21.603,-19.5009,-20.4353,-21.6698,-21.5697,-20.9025,
05-07-2026-Thu 13-42-35-PM,-21.6365,-19.5343,-20.5355,-21.7365,-21.5697,-20.9358,
05-07-2026-Thu 13-42-37-PM,-21.6365,-19.5343,-20.4021,-21.8032,-21.603,-20.9693,
05-07-2026-Thu 13-42-38-PM,-21.6698,-19.5677,-20.5355,-21.7365,-21.603,-21.0026,
05-07-2026-Thu 13-42-39-PM,-21.6698,-19.5677,-20.5021,-21.7698,-21.603,-21.0026,
05-07-2026-Thu 13-42-41-PM,-21.6698,-19.601,-20.5021,-21.8032,-21.6365,-21.036,
05-07-2026-Thu 13-42-42-PM,-21.6698,-19.601,-20.5355,-21.8032,-21.6698,-21.0694,
05-07-2026-Thu 13-42-44-PM,-21.7032,-19.6345,-20.6356,-21.8032,-21.7032,-21.0694,
05-07-2026-Thu 13-42-45-PM,-21.7365,-19.6679,-20.5689,-21.7698,-21.7032,-21.1026,
05-07-2026-Thu 13-42-47-PM,-21.7365,-19.7012,-20.5689,-21.8699,-21.7032,-21.1026,
05-07-2026-Thu 13-42-48-PM,-21.7365,-19.7012,-20.669,-21.8032,-21.7365,-21.136,
05-07-2026-Thu 13-42-49-PM,-21.7365,-19.7012,-20.7024,-21.9033,-21.7365,-21.136,
05-07-2026-Thu 13-42-51-PM,-21.7365,-19.7346,-20.669,-21.8699,-21.8032,-21.1694,
05-07-2026-Thu 13-42-52-PM,-21.7365,-19.7346,-20.669,-21.9033,-21.8032,-21.2028,
05-07-2026-Thu 13-42-54-PM,-21.7698,-19.7679,-20.669,-21.9366,-21.8366,-21.2028,
05-07-2026-Thu 13-42-55-PM,-21.7698,-19.7679,-20.769,-21.8699,-21.8366,-21.2361,
05-07-2026-Thu 13-42-56-PM,-21.7698,-19.8013,-20.7024,-21.9366,-21.8699,-21.2694,
05-07-2026-Thu 13-42-58-PM,-21.8032,-19.8347,-20.769,-21.9366,-21.8699,-21.2694,
05-07-2026-Thu 13-42-59-PM,-21.8032,-19.8347,-20.8024,-21.9366,-21.9033,-21.3029,
05-07-2026-Thu 13-43-01-PM,-21.8366,-19.8681,-20.8358,-21.97,-21.9033,-21.3363,
05-07-2026-Thu 13-43-02-PM,-21.8032,-19.8681,-20.769,-22.0367,-21.9033,-21.3363,
05-07-2026-Thu 13-43-04-PM,-21.8366,-19.8681,-20.8358,-22.0034,-21.9366,-21.3696,
05-07-2026-Thu 13-43-05-PM,-21.8366,-19.9015,-20.8024,-22.0367,-21.9366,-21.403,
05-07-2026-Thu 13-43-06-PM,-21.8699,-19.9015,-20.8358,-22.0034,-22.0034,-21.403,
05-07-2026-Thu 13-43-08-PM,-21.8699,-19.9348,-20.8692,-22.0367,-22.0034,-21.4362,
05-07-2026-Thu 13-43-09-PM,-21.8699,-19.9348,-20.9358,-22.0701,-22.0034,-21.4362,
05-07-2026-Thu 13-43-11-PM,-21.9033,-19.9682,-20.9025,-22.0367,-22.0034,-21.4362,
05-07-2026-Thu 13-43-12-PM,-21.9033,-19.9682,-20.9358,-22.0701,-22.0367,-21.503,
05-07-2026-Thu 13-43-14-PM,-21.9033,-19.9682,-20.9025,-22.1034,-22.0701,-21.5364,
05-07-2026-Thu 13-43-16-PM,-21.9033,-20.0016,-20.9358,-22.1034,-22.1034,-21.5697,
05-07-2026-Thu 13-43-17-PM,-21.9366,-20.035,-21.0026,-22.1368,-22.1034,-21.5697,
05-07-2026-Thu 13-43-18-PM,-21.9366,-20.035,-21.036,-22.0701,-22.1368,-21.5697,
05-07-2026-Thu 13-43-20-PM,-21.9366,-20.035,-20.9693,-22.1368,-22.1701,-21.5697,
05-07-2026-Thu 13-43-21-PM,-21.8032,-19.9682,-20.9693,-22.1368,-22.1701,-21.6365,
05-07-2026-Thu 13-43-22-PM,-21.9366,-20.0684,-21.036,-22.1368,-22.2034,-21.6698,
05-07-2026-Thu 13-43-24-PM,-21.97,-20.1016,-21.0694,-22.1701,-22.1701,-21.6698,
05-07-2026-Thu 13-43-27-PM,-21.9033,-20.1016,-21.1026,-22.1701,-22.2368,-21.6698,
05-07-2026-Thu 13-43-30-PM,-22.0034,-20.1016,-21.0694,-22.1368,-22.2368,-21.7032,
05-07-2026-Thu 13-43-31-PM,-22.0034,-20.1684,-21.136,-22.1701,-22.3035,-21.7698,
05-07-2026-Thu 13-43-32-PM,-22.0034,-20.1684,-21.1694,-22.2368,-22.3035,-21.7698,
05-07-2026-Thu 13-43-34-PM,-22.0034,-20.2018,-21.1026,-22.2034,-22.3035,-21.7698,
05-07-2026-Thu 13-43-35-PM,-22.0367,-20.2352,-21.1694,-22.2368,-22.3369,-21.7698,
05-07-2026-Thu 13-43-37-PM,-22.0367,-20.2018,-21.1694,-22.2368,-22.3369,-21.8366,
05-07-2026-Thu 13-43-38-PM,-22.0367,-20.2352,-21.2028,-22.2368,-22.3702,-21.8366,
05-07-2026-Thu 13-43-39-PM,-22.0367,-20.2352,-21.2028,-22.2368,-22.4036,-21.8699,
05-07-2026-Thu 13-43-41-PM,-22.0701,-20.2352,-21.2028,-22.2368,-22.4036,-21.9033,
05-07-2026-Thu 13-43-42-PM,-22.0701,-20.2685,-21.2694,-22.3035,-22.4036,-21.9033,
05-07-2026-Thu 13-43-44-PM,-22.0701,-20.2685,-21.2694,-22.3035,-22.4369,-21.9366,
05-07-2026-Thu 13-43-45-PM,-22.1034,-20.2685,-21.2694,-22.2701,-22.4703,-21.9366,
05-07-2026-Thu 13-43-46-PM,-22.1034,-20.3019,-21.3029,-22.2701,-22.4703,-21.9366,
05-07-2026-Thu 13-43-48-PM,-22.1034,-20.3019,-21.3363,-22.3035,-22.4703,-21.97,
05-07-2026-Thu 13-43-49-PM,-22.1034,-20.3353,-21.3363,-22.2701,-22.5036,-22.0034,
05-07-2026-Thu 13-43-51-PM,-22.1034,-20.3353,-21.3029,-22.3035,-22.5369,-22.0367,
05-07-2026-Thu 13-43-52-PM,-22.1034,-20.3353,-21.3696,-22.3035,-22.5369,-22.0367,
05-07-2026-Thu 13-43-54-PM,-22.1034,-20.3687,-21.3696,-22.3035,-22.5703,-22.0701,
05-07-2026-Thu 13-43-55-PM,-22.1368,-20.3687,-21.4362,-22.3702,-22.5703,-22.0701,
05-07-2026-Thu 13-43-57-PM,-22.1368,-20.4021,-21.3363,-22.3369,-22.6036,-22.0701,
05-07-2026-Thu 13-43-58-PM,-22.1034,-20.4021,-21.4362,-22.3369,-22.6036,-22.1368,
05-07-2026-Thu 13-43-59-PM,-22.1368,-20.4021,-21.4362,-22.3702,-22.6036,-22.1368,
05-07-2026-Thu 13-44-01-PM,-22.1368,-20.4021,-21.403,-22.3702,-22.637,-22.1368,
05-07-2026-Thu 13-44-02-PM,-22.1368,-20.4353,-21.4362,-22.4036,-22.6703,-22.1701,
05-07-2026-Thu 13-44-04-PM,-22.1701,-20.4353,-21.403,-22.4036,-22.6703,-22.1701,
05-07-2026-Thu 13-44-05-PM,-22.1701,-20.4688,-21.4697,-22.4369,-22.6703,-22.2034,
05-07-2026-Thu 13-44-06-PM,-22.1701,-20.4353,-21.4362,-22.4036,-22.7037,-22.2368,
05-07-2026-Thu 13-44-08-PM,-22.1368,-20.4688,-21.4362,-22.4036,-22.7037,-22.2368,
05-07-2026-Thu 13-44-09-PM,-22.2034,-20.5021,-21.503,-22.4036,-22.737,-22.2701,
05-07-2026-Thu 13-44-11-PM,-22.1701,-20.5021,-21.4697,-22.4036,-22.7703,-22.2701,
05-07-2026-Thu 13-44-12-PM,-22.1701,-20.5021,-21.4697,-22.4369,-22.7703,-22.3035,
05-07-2026-Thu 13-44-14-PM,-22.1701,-20.5021,-21.5364,-22.4369,-22.737,-22.3369,
05-07-2026-Thu 13-44-15-PM,-22.1701,-20.5355,-21.503,-22.4703,-22.8037,-22.3035,
05-07-2026-Thu 13-44-16-PM,-22.1701,-20.5355,-21.5364,-22.4369,-22.8037,-22.3369,
05-07-2026-Thu 13-44-18-PM,-22.2034,-20.5355,-21.503,-22.4369,-22.8037,-22.3369,
05-07-2026-Thu 13-44-19-PM,-22.2034,-20.5689,-21.5364,-22.4703,-22.837,-22.3702,
05-07-2026-Thu 13-44-21-PM,-22.2034,-20.5689,-21.603,-22.4369,-22.837,-22.4036,
05-07-2026-Thu 13-44-22-PM,-22.2034,-20.6022,-21.5364,-22.4703,-22.8704,-22.4369,
05-07-2026-Thu 13-44-23-PM,-22.2034,-20.6022,-21.5364,-22.5036,-22.8704,-22.4369,
05-07-2026-Thu 13-44-25-PM,-22.2368,-20.6022,-21.5697,-22.5036,-22.8704,-22.4369,
05-07-2026-Thu 13-44-26-PM,-22.2368,-20.6356,-21.603,-22.5369,-22.9037,-22.4703,
05-07-2026-Thu 13-44-28-PM,-22.2034,-20.669,-21.603,-22.5703,-22.937,-22.4703,
05-07-2026-Thu 13-44-29-PM,-22.2368,-20.669,-21.6365,-22.6036,-22.937,-22.5036,
05-07-2026-Thu 13-44-30-PM,-22.2368,-20.669,-21.6698,-22.6036,-22.9704,-22.5369,
05-07-2026-Thu 13-44-32-PM,-22.2368,-20.7024,-21.6698,-22.6036,-22.9704,-22.5369,
05-07-2026-Thu 13-44-33-PM,-22.2701,-20.7357,-21.6698,-22.6703,-23.0371,-22.5703,
05-07-2026-Thu 13-44-35-PM,-22.3035,-20.769,-21.7032,-22.7037,-23.0705,-22.6036,
05-07-2026-Thu 13-44-36-PM,-22.3035,-20.769,-21.7698,-22.737,-23.1038,-22.6036,
05-07-2026-Thu 13-44-37-PM,-22.3369,-20.769,-21.7365,-22.8037,-23.1372,-22.637,
05-07-2026-Thu 13-44-39-PM,-22.3369,-20.769,-21.7365,-22.837,-23.1704,-22.637,
05-07-2026-Thu 13-44-40-PM,-22.3369,-20.8358,-21.8032,-22.9037,-23.2038,-22.6703,
05-07-2026-Thu 13-44-42-PM,-22.4036,-20.8692,-21.8366,-22.937,-23.2038,-22.7037,
05-07-2026-Thu 13-44-43-PM,-22.3702,-20.9025,-21.9033,-22.9704,-23.2371,-22.737,
05-07-2026-Thu 13-44-44-PM,-22.4036,-20.9025,-21.8699,-22.9704,-23.2704,-22.737,
05-07-2026-Thu 13-44-46-PM,-22.4036,-20.9358,-21.9366,-23.0705,-23.3038,-22.737,
05-07-2026-Thu 13-44-47-PM,-22.4369,-20.9693,-21.9366,-23.0371,-23.3372,-22.8037,
05-07-2026-Thu 13-44-48-PM,-22.4369,-20.9693,-21.9366,-23.0038,-23.4039,-22.8037,
05-07-2026-Thu 13-44-50-PM,-22.4369,-21.0026,-21.9366,-23.0705,-23.4039,-22.8037,
05-07-2026-Thu 13-44-51-PM,-22.4703,-21.0026,-22.0034,-23.1372,-23.4371,-22.8704,
05-07-2026-Thu 13-44-53-PM,-22.5036,-21.036,-21.97,-23.1704,-23.4706,-22.9037,
05-07-2026-Thu 13-44-54-PM,-22.5036,-21.0694,-22.0701,-23.2038,-23.5038,-22.9037,
05-07-2026-Thu 13-44-56-PM,-22.5369,-21.0694,-22.0701,-23.2038,-23.5372,-22.937,
05-07-2026-Thu 13-44-57-PM,-22.5703,-21.136,-22.1034,-23.2371,-23.5705,-22.937,
05-07-2026-Thu 13-44-59-PM,-22.5703,-21.136,-22.1034,-23.2704,-23.6038,-22.9704,
05-07-2026-Thu 13-45-00-PM,-22.5703,-21.1694,-22.1368,-23.3372,-23.6372,-23.0038,
05-07-2026-Thu 13-45-01-PM,-22.5703,-21.1694,-22.1368,-23.3372,-23.6705,-23.0371,
05-07-2026-Thu 13-45-03-PM,-22.6036,-21.2361,-22.1701,-23.3705,-23.7039,-23.0705,
05-07-2026-Thu 13-45-05-PM,-22.637,-21.2361,-22.2034,-23.4371,-23.7705,-23.0705,
05-07-2026-Thu 13-45-06-PM,-22.637,-21.2694,-22.2368,-23.4039,-23.7705,-23.1038,
05-07-2026-Thu 13-45-07-PM,-22.6703,-21.3029,-22.2368,-23.4706,-23.8372,-23.1372,
05-07-2026-Thu 13-45-09-PM,-22.7037,-21.3029,-22.2368,-23.4706,-23.8372,-23.2038,
05-07-2026-Thu 13-45-10-PM,-22.7037,-21.3363,-22.2701,-23.5372,-23.8705,-23.1704,
05-07-2026-Thu 13-45-12-PM,-22.737,-21.3363,-22.2701,-23.5038,-23.9371,-23.2371,
05-07-2026-Thu 13-45-13-PM,-22.7037,-21.3696,-22.3369,-23.5705,-23.9371,-23.2371,
05-07-2026-Thu 13-45-14-PM,-22.737,-21.403,-22.2701,-23.6372,-23.9705,-23.2704,
05-07-2026-Thu 13-45-16-PM,-22.7703,-21.403,-22.3702,-23.6038,-24.0039,-23.3038,
05-07-2026-Thu 13-45-17-PM,-22.8037,-21.4362,-22.3702,-23.6038,-24.0372,-23.3038,
05-07-2026-Thu 13-45-19-PM,-22.8037,-21.4697,-22.4369,-23.6705,-24.0039,-23.3372,
05-07-2026-Thu 13-45-20-PM,-22.8037,-21.4697,-22.4369,-23.6705,-24.1038,-23.3372,
05-07-2026-Thu 13-45-21-PM,-22.837,-21.503,-22.4369,-23.7039,-24.1038,-23.4039,
05-07-2026-Thu 13-45-23-PM,-22.837,-21.5364,-22.4036,-23.7372,-24.1705,-23.4039,
05-07-2026-Thu 13-45-24-PM,-22.8704,-21.5364,-22.5036,-23.7039,-24.2038,-23.4371,
05-07-2026-Thu 13-45-26-PM,-22.9037,-21.5697,-22.5036,-23.7705,-24.2038,-23.4371,
05-07-2026-Thu 13-45-27-PM,-22.9037,-21.5697,-22.5036,-23.7705,-24.2372,-23.4706,
05-07-2026-Thu 13-45-28-PM,-22.9037,-21.603,-22.5703,-23.8372,-24.2704,-23.5372,
05-07-2026-Thu 13-45-30-PM,-22.937,-21.603,-22.5703,-23.8039,-24.3038,-23.5372,
05-07-2026-Thu 13-45-31-PM,-22.937,-21.6365,-22.6036,-23.8705,-24.3705,-23.5705,
05-07-2026-Thu 13-45-33-PM,-22.9704,-21.6698,-22.6036,-23.8705,-24.3705,-23.6038,
05-07-2026-Thu 13-45-34-PM,-22.9704,-21.6698,-22.637,-23.9039,-24.4038,-23.6038,
05-07-2026-Thu 13-45-36-PM,-22.9704,-21.7032,-22.6703,-23.9039,-24.4371,-23.6372,
05-07-2026-Thu 13-45-37-PM,-23.0038,-21.7032,-22.6703,-23.9371,-24.4705,-23.6705,
05-07-2026-Thu 13-45-38-PM,-23.0038,-21.7365,-22.7037,-23.9039,-24.5038,-23.6705,
05-07-2026-Thu 13-45-40-PM,-23.0038,-21.7698,-22.737,-23.9705,-24.5038,-23.7372,
05-07-2026-Thu 13-45-41-PM,-23.0038,-21.7698,-22.737,-23.9371,-24.5371,-23.7372,
05-07-2026-Thu 13-45-43-PM,-23.0705,-21.7698,-22.737,-24.0039,-24.5704,-23.7372,
05-07-2026-Thu 13-45-44-PM,-23.0371,-21.8032,-22.8037,-24.0039,-24.6037,-23.7705,
05-07-2026-Thu 13-45-45-PM,-23.0705,-21.8032,-22.8037,-24.0705,-24.6371,-23.8039,
05-07-2026-Thu 13-45-47-PM,-23.0705,-21.8366,-22.8037,-24.0372,-24.6704,-23.8372,
05-07-2026-Thu 13-45-48-PM,-23.1038,-21.8699,-22.837,-24.0372,-24.7038,-23.8372,
05-07-2026-Thu 13-45-49-PM,-23.1038,-21.8366,-22.8037,-24.0039,-24.7038,-23.8705,
05-07-2026-Thu 13-45-51-PM,-23.1038,-21.8699,-22.8704,-24.1038,-24.7371,-23.9039,
05-07-2026-Thu 13-45-52-PM,-23.1372,-21.9033,-22.8704,-24.1038,-24.7703,-23.9371,
05-07-2026-Thu 13-45-54-PM,-23.2038,-21.9366,-22.9037,-24.1038,-24.8037,-23.9705,
05-07-2026-Thu 13-45-55-PM,-23.1704,-21.9033,-22.937,-24.1038,-24.8703,-23.9705,
05-07-2026-Thu 13-45-57-PM,-23.2038,-21.9366,-22.9037,-24.1038,-24.8703,-24.0039,
05-07-2026-Thu 13-45-58-PM,-23.1704,-21.9366,-22.9704,-24.1038,-24.9037,-24.0372,
05-07-2026-Thu 13-45-59-PM,-23.2038,-21.97,-23.0038,-24.1372,-24.9037,-24.0705,
05-07-2026-Thu 13-46-01-PM,-23.2038,-21.97,-22.937,-24.1372,-24.9369,-24.0705,
05-07-2026-Thu 13-46-03-PM,-23.2038,-21.97,-23.0038,-24.1372,-24.9703,-24.1038,
05-07-2026-Thu 13-46-04-PM,-23.2704,-21.97,-22.9704,-24.1372,-25.0037,-24.1372,
05-07-2026-Thu 13-46-05-PM,-23.2704,-22.0034,-23.0038,-24.2038,-25.0037,-24.1372,
05-07-2026-Thu 13-46-07-PM,-23.2371,-22.0034,-23.0371,-24.2038,-25.037,-24.1705,
05-07-2026-Thu 13-46-08-PM,-23.2704,-22.0034,-23.0038,-24.2038,-25.0703,-24.2038,
05-07-2026-Thu 13-46-10-PM,-23.2704,-22.0367,-23.0371,-24.2038,-25.1036,-24.2372,
05-07-2026-Thu 13-46-11-PM,-23.3038,-22.0367,-23.0371,-24.2038,-25.1036,-24.2704,
05-07-2026-Thu 13-46-13-PM,-23.3038,-22.0367,-23.0705,-24.2372,-25.137,-24.2704,
05-07-2026-Thu 13-46-16-PM,-23.3038,-22.0701,-23.0705,-24.2038,-25.1703,-24.2704,
05-07-2026-Thu 13-46-18-PM,-23.3372,-22.0701,-23.1038,-24.2704,-25.2369,-24.3372,
05-07-2026-Thu 13-46-20-PM,-23.4039,-22.1034,-23.1372,-24.3038,-25.2701,-24.4038,
05-07-2026-Thu 13-46-21-PM,-23.4039,-22.0701,-23.1372,-24.2372,-25.3035,-24.4038,
05-07-2026-Thu 13-46-23-PM,-23.3705,-22.1034,-23.1372,-24.2704,-25.3035,-24.4371,
05-07-2026-Thu 13-46-24-PM,-23.4039,-22.1034,-23.1038,-24.2372,-25.3368,-24.4371,
05-07-2026-Thu 13-46-25-PM,-23.4039,-22.1034,-23.1038,-24.2704,-25.3702,-24.4705,
05-07-2026-Thu 13-46-27-PM,-23.3705,-22.1368,-23.1372,-24.3038,-25.3702,-24.4705,
05-07-2026-Thu 13-46-29-PM,-23.3372,-22.1034,-23.2038,-24.3372,-25.4035,-24.5038,
05-07-2026-Thu 13-46-30-PM,-23.3372,-22.1034,-23.1704,-24.3038,-25.4367,-24.5371,
05-07-2026-Thu 13-46-31-PM,-23.3038,-22.1034,-23.2038,-24.3372,-25.4367,-24.5704,
05-07-2026-Thu 13-46-33-PM,-23.3372,-22.1034,-23.2371,-24.3038,-25.4701,-24.5704,
05-07-2026-Thu 13-46-34-PM,-23.3705,-22.0701,-23.2704,-24.3372,-25.4701,-24.6037,
05-07-2026-Thu 13-46-36-PM,-23.3705,-22.0701,-23.2704,-24.3372,-25.5035,-24.6037,
05-07-2026-Thu 13-46-37-PM,-23.3705,-22.0701,-23.2371,-24.3372,-25.5035,-24.6371,
05-07-2026-Thu 13-46-38-PM,-23.4039,-22.0367,-23.2371,-24.3038,-25.5368,-24.6371,
05-07-2026-Thu 13-46-40-PM,-23.4039,-22.0367,-23.3038,-24.3372,-25.57,-24.7038,
05-07-2026-Thu 13-46-42-PM,-23.4371,-22.0034,-23.2704,-24.3705,-25.57,-24.6704,
05-07-2026-Thu 13-46-43-PM,-23.4371,-22.0034,-23.2371,-24.3372,-25.6033,-24.7371,
05-07-2026-Thu 13-46-45-PM,-23.4706,-21.97,-23.3038,-24.3372,-25.6033,-24.7371,
05-07-2026-Thu 13-46-46-PM,-23.4706,-22.0034,-23.3372,-24.3705,-25.6367,-24.7703,
05-07-2026-Thu 13-46-47-PM,-23.4706,-21.97,-23.3705,-24.3372,-25.6367,-24.8037,
05-07-2026-Thu 13-46-49-PM,-23.5038,-22.0034,-23.3372,-24.3705,-25.67,-24.8037,
05-07-2026-Thu 13-46-50-PM,-23.5372,-21.97,-23.3705,-24.3705,-25.7033,-24.8371,
05-07-2026-Thu 13-46-52-PM,-23.5372,-21.97,-23.3705,-24.3372,-25.7366,-24.8703,
05-07-2026-Thu 13-46-53-PM,-23.5372,-21.97,-23.4039,-24.3372,-25.7366,-24.8703,
05-07-2026-Thu 13-46-55-PM,-23.5705,-21.97,-23.4039,-24.3372,-25.7699,-24.8703,
05-07-2026-Thu 13-46-56-PM,-23.5705,-21.97,-23.4371,-24.3705,-25.7699,-24.9037,
05-07-2026-Thu 13-46-57-PM,-23.6038,-21.9366,-23.4371,-24.4038,-25.8033,-24.9037,
05-07-2026-Thu 13-46-59-PM,-23.6038,-22.0034,-23.4039,-24.4038,-25.8033,-24.9037,
05-07-2026-Thu 13-47-00-PM,-23.6038,-21.97,-23.4706,-24.4038,-25.8366,-24.9369,
05-07-2026-Thu 13-47-02-PM,-23.6038,-22.0034,-23.4371,-24.3705,-25.8699,-24.9703,
05-07-2026-Thu 13-47-03-PM,-23.6372,-22.0034,-23.4706,-24.4371,-25.8699,-25.0037,
05-07-2026-Thu 13-47-04-PM,-23.6372,-22.0367,-23.4371,-24.4371,-25.8699,-25.0037,
05-07-2026-Thu 13-47-06-PM,-23.6372,-22.0367,-23.4706,-24.4371,-25.9032,-25.037,
05-07-2026-Thu 13-47-07-PM,-23.6372,-22.0701,-23.5038,-24.4371,-25.9032,-25.037,
05-07-2026-Thu 13-47-09-PM,-23.6372,-22.0701,-23.5038,-24.5038,-25.9364,-25.0703,
05-07-2026-Thu 13-47-10-PM,-23.6705,-22.1034,-23.4706,-24.4705,-25.9698,-25.0703,
05-07-2026-Thu 13-47-12-PM,-23.6705,-22.1034,-23.5038,-24.4705,-25.9698,-25.1036,
05-07-2026-Thu 13-47-13-PM,-23.7039,-22.1034,-23.5038,-24.5038,-26.0031,-25.0703,
05-07-2026-Thu 13-47-14-PM,-23.7372,-22.1034,-23.5038,-24.5038,-26.0364,-25.137,
05-07-2026-Thu 13-47-16-PM,-23.7372,-22.1368,-23.5038,-24.5038,-26.0364,-25.1703,
05-07-2026-Thu 13-47-17-PM,-23.7372,-22.1368,-23.5038,-24.5371,-26.0364,-25.1703,
05-07-2026-Thu 13-47-19-PM,-23.7372,-22.1701,-23.5038,-24.5371,-26.0697,-25.1703,
05-07-2026-Thu 13-47-20-PM,-23.7705,-22.2034,-23.5038,-24.5038,-26.0697,-25.1703,
05-07-2026-Thu 13-47-21-PM,-23.7705,-22.2034,-23.5705,-24.5371,-26.103,-25.2035,
05-07-2026-Thu 13-47-23-PM,-23.8372,-22.2368,-23.5372,-24.5704,-26.1364,-25.2369,
05-07-2026-Thu 13-47-24-PM,-23.8039,-22.2368,-23.5372,-24.5704,-26.1364,-25.2369,
05-07-2026-Thu 13-47-26-PM,-23.8372,-22.2368,-23.6038,-24.5704,-26.1364,-25.2701,
05-07-2026-Thu 13-47-27-PM,-23.8372,-22.2701,-23.5372,-24.5704,-26.1697,-25.2701,
05-07-2026-Thu 13-47-29-PM,-23.8372,-22.3035,-23.6372,-24.5704,-26.1697,-25.3035,
05-07-2026-Thu 13-47-30-PM,-23.8705,-22.3035,-23.6372,-24.6704,-26.203,-25.3368,
05-07-2026-Thu 13-47-32-PM,-23.8705,-22.3035,-23.6372,-24.5704,-26.203,-25.3368,
05-07-2026-Thu 13-47-33-PM,-23.9039,-22.3369,-23.6372,-24.6371,-26.203,-25.3368,
05-07-2026-Thu 13-47-34-PM,-23.9039,-22.3369,-23.7039,-24.6704,-26.2363,-25.3368,
05-07-2026-Thu 13-47-36-PM,-23.8705,-22.3702,-23.6705,-24.6704,-26.2695,-25.3702,
05-07-2026-Thu 13-47-37-PM,-23.9039,-22.3702,-23.7039,-24.6704,-26.2695,-25.3702,
05-07-2026-Thu 13-47-39-PM,-23.9371,-22.4036,-23.6372,-24.7038,-26.3029,-25.4035,
05-07-2026-Thu 13-47-40-PM,-23.9371,-22.4036,-23.7039,-24.7038,-26.3029,-25.4035,
05-07-2026-Thu 13-47-41-PM,-23.9371,-22.4036,-23.6705,-24.7038,-26.3029,-25.4035,
05-07-2026-Thu 13-47-43-PM,-23.9705,-22.4369,-23.7372,-24.7703,-26.3029,-25.4367,
05-07-2026-Thu 13-47-44-PM,-23.9705,-22.4703,-23.7039,-24.7703,-26.3362,-25.4367,
05-07-2026-Thu 13-47-45-PM,-24.0039,-22.4369,-23.7372,-24.7371,-26.3695,-25.4701,
05-07-2026-Thu 13-47-47-PM,-24.0372,-22.4703,-23.7039,-24.7703,-26.4028,-25.4701,
05-07-2026-Thu 13-47-48-PM,-24.0039,-22.4703,-23.7372,-24.8037,-26.4028,-25.4701,
05-07-2026-Thu 13-47-50-PM,-24.0372,-22.5036,-23.7705,-24.8037,-26.4028,-25.5035,
05-07-2026-Thu 13-47-51-PM,-24.0372,-22.5036,-23.8039,-24.8037,-26.4028,-25.5368,
05-07-2026-Thu 13-47-52-PM,-24.0705,-22.5369,-23.7705,-24.8703,-26.4361,-25.5035,
05-07-2026-Thu 13-47-54-PM,-24.0705,-22.5036,-23.8039,-24.8371,-26.4361,-25.5368,
05-07-2026-Thu 13-47-55-PM,-24.0705,-22.5703,-23.7372,-24.9037,-26.4695,-25.5368,
05-07-2026-Thu 13-47-57-PM,-24.1038,-22.5703,-23.8039,-24.8703,-26.4695,-25.57,
05-07-2026-Thu 13-47-58-PM,-24.1038,-22.6036,-23.8372,-24.8703,-26.5028,-25.57,
05-07-2026-Thu 13-47-59-PM,-24.1372,-22.6036,-23.7705,-24.9037,-26.5028,-25.57,
05-07-2026-Thu 13-48-02-PM,-24.1372,-22.6036,-23.8372,-24.9037,-26.5028,-25.6033,
05-07-2026-Thu 13-48-05-PM,-24.1705,-22.637,-23.8705,-24.9037,-26.5693,-25.6367,
05-07-2026-Thu 13-48-07-PM,-24.1705,-22.6703,-23.8705,-24.9703,-26.5693,-25.6367,
05-07-2026-Thu 13-48-08-PM,-24.2038,-22.6703,-23.9039,-25.037,-26.6026,-25.6367,
05-07-2026-Thu 13-48-10-PM,-24.2372,-22.6703,-23.8705,-25.0703,-26.5693,-25.67,
05-07-2026-Thu 13-48-11-PM,-24.2038,-22.7037,-23.8372,-25.037,-26.6359,-25.67,
05-07-2026-Thu 13-48-12-PM,-24.2372,-22.7037,-23.9039,-25.037,-26.6359,-25.67,
05-07-2026-Thu 13-48-14-PM,-24.2038,-22.737,-23.9039,-25.0703,-26.6359,-25.7033,
05-07-2026-Thu 13-48-15-PM,-24.2038,-22.737,-23.9371,-25.1036,-26.6693,-25.7033,
05-07-2026-Thu 13-48-17-PM,-24.2704,-22.737,-24.0039,-25.137,-26.6359,-25.7033,
05-07-2026-Thu 13-48-18-PM,-24.2704,-22.7703,-23.9705,-25.037,-26.6359,-25.7033,
05-07-2026-Thu 13-48-19-PM,-24.3038,-22.7703,-24.0039,-25.1036,-26.6693,-25.7033,
05-07-2026-Thu 13-48-21-PM,-24.3038,-22.7703,-23.9705,-25.1036,-26.6693,-25.7033,
05-07-2026-Thu 13-48-23-PM,-24.3372,-22.7703,-24.0039,-25.0703,-26.7026,-25.7366,
05-07-2026-Thu 13-48-24-PM,-24.3372,-22.8037,-24.0372,-25.1036,-26.7026,-25.7033,
05-07-2026-Thu 13-48-25-PM,-24.3372,-22.8037,-24.0372,-25.137,-26.7026,-25.7366,
05-07-2026-Thu 13-48-27-PM,-24.3705,-22.837,-23.9705,-25.2035,-26.7359,-25.7699,
05-07-2026-Thu 13-48-28-PM,-24.4038,-22.837,-24.0372,-25.2035,-26.7691,-25.7366,
05-07-2026-Thu 13-48-30-PM,-24.4038,-22.8704,-24.0039,-25.2035,-26.7359,-25.7699,
05-07-2026-Thu 13-48-31-PM,-24.4038,-22.8704,-24.0705,-25.1703,-26.7691,-25.7699,
05-07-2026-Thu 13-48-32-PM,-24.4371,-22.8704,-24.0372,-25.2701,-26.7359,-25.7366,
05-07-2026-Thu 13-48-34-PM,-24.4371,-22.8704,-24.0705,-25.2369,-26.8025,-25.7366,
05-07-2026-Thu 13-48-35-PM,-24.4371,-22.8704,-24.0705,-25.2369,-26.7691,-25.7366,
05-07-2026-Thu 13-48-36-PM,-24.4371,-22.9037,-24.1038,-25.2369,-26.8025,-25.7699,
05-07-2026-Thu 13-48-38-PM,-24.4705,-22.937,-24.1038,-25.2701,-26.8025,-25.7699,
05-07-2026-Thu 13-48-39-PM,-24.5038,-22.9037,-24.1372,-25.2701,-26.8025,-25.8033,
05-07-2026-Thu 13-48-41-PM,-24.5038,-22.937,-24.1372,-25.3368,-26.8358,-25.7699,
05-07-2026-Thu 13-48-42-PM,-24.5371,-22.937,-24.1038,-25.3035,-26.8025,-25.8033,
05-07-2026-Thu 13-48-44-PM,-24.5371,-22.937,-24.1372,-25.3035,-26.8358,-25.7699,
05-07-2026-Thu 13-48-45-PM,-24.5371,-22.9704,-24.1372,-25.3368,-26.8358,-25.8033,
05-07-2026-Thu 13-48-46-PM,-24.5704,-23.0038,-24.1372,-25.4035,-26.8358,-25.7699,
05-07-2026-Thu 13-48-48-PM,-24.5704,-23.0038,-24.2038,-25.4367,-26.8691,-25.7699,
05-07-2026-Thu 13-48-49-PM,-24.5704,-23.0038,-24.1705,-25.4035,-26.8691,-25.8033,
05-07-2026-Thu 13-48-51-PM,-24.6037,-23.0371,-24.2038,-25.4367,-26.8691,-25.8033,
05-07-2026-Thu 13-48-52-PM,-24.6037,-23.0371,-24.1038,-25.3702,-26.8691,-25.7699,
05-07-2026-Thu 13-48-53-PM,-24.6037,-23.0371,-24.2038,-25.4367,-26.8691,-25.8033,
05-07-2026-Thu 13-48-55-PM,-24.6371,-23.0038,-24.2372,-25.4367,-26.9023,-25.8033,
05-07-2026-Thu 13-48-56-PM,-24.6704,-23.0371,-24.2704,-25.4701,-26.9023,-25.8033,
05-07-2026-Thu 13-48-58-PM,-24.6704,-23.0371,-24.2372,-25.4701,-26.9356,-25.8033,
05-07-2026-Thu 13-48-59-PM,-24.6704,-23.0705,-24.2372,-25.4701,-26.9356,-25.8033,
05-07-2026-Thu 13-49-00-PM,-24.7038,-23.1038,-24.2704,-25.4367,-26.9356,-25.7699,
05-07-2026-Thu 13-49-02-PM,-24.7371,-23.0705,-24.2372,-25.5035,-26.9356,-25.8033,
05-07-2026-Thu 13-49-03-PM,-24.7038,-23.1038,-24.2372,-25.5368,-26.9356,-25.8366,
05-07-2026-Thu 13-49-05-PM,-24.7371,-23.1038,-24.2704,-25.57,-26.9356,-25.8033,
05-07-2026-Thu 13-49-06-PM,-24.7703,-23.1372,-24.2704,-25.57,-26.9356,-25.8033,
05-07-2026-Thu 13-49-07-PM,-24.7703,-23.1372,-24.3372,-25.5368,-26.969,-25.8366,
05-07-2026-Thu 13-49-09-PM,-24.7703,-23.1372,-24.2704,-25.57,-26.969,-25.8366,
05-07-2026-Thu 13-49-10-PM,-24.8037,-23.1372,-24.2704,-25.57,-26.969,-25.8033,
05-07-2026-Thu 13-49-12-PM,-24.8037,-23.1372,-24.3038,-25.6033,-27.0023,-25.8033,
05-07-2026-Thu 13-49-13-PM,-24.8371,-23.1704,-24.3038,-25.6033,-27.0023,-25.8033,
05-07-2026-Thu 13-49-14-PM,-24.8371,-23.1704,-24.3705,-25.6367,-27.0023,-25.8033,
05-07-2026-Thu 13-49-16-PM,-24.8371,-23.2038,-24.3705,-25.6367,-27.0023,-25.8033,
05-07-2026-Thu 13-49-19-PM,-24.8371,-23.2038,-24.3372,-25.6367,-27.0023,-25.8366,
05-07-2026-Thu 13-49-21-PM,-24.9037,-23.2371,-24.4038,-25.6367,-27.0356,-25.8033,
05-07-2026-Thu 13-49-23-PM,-24.9369,-23.2371,-24.3372,-25.7366,-27.0356,-25.8033,
05-07-2026-Thu 13-49-25-PM,-24.9037,-23.2704,-24.3372,-25.7366,-27.0356,-25.8366,
05-07-2026-Thu 13-49-26-PM,-24.9369,-23.2704,-24.3372,-25.7699,-27.0356,-25.8033,
05-07-2026-Thu 13-49-27-PM,-24.9703,-23.2704,-24.4038,-25.7699,-27.0689,-25.8033,
05-07-2026-Thu 13-49-29-PM,-24.9703,-23.2704,-24.4371,-25.7699,-27.0689,-25.8033,
05-07-2026-Thu 13-49-30-PM,-25.0037,-23.2704,-24.4371,-25.7699,-27.0356,-25.8033,
05-07-2026-Thu 13-49-32-PM,-25.0037,-23.2704,-24.4371,-25.8366,-27.0689,-25.8033,
05-07-2026-Thu 13-49-33-PM,-25.0037,-23.3038,-24.4371,-25.8699,-27.0689,-25.7699,
05-07-2026-Thu 13-49-34-PM,-25.0037,-23.3038,-24.4371,-25.8033,-27.0356,-25.8033,
05-07-2026-Thu 13-49-36-PM,-25.0037,-23.3372,-24.4705,-25.7699,-27.1021,-25.7699,
05-07-2026-Thu 13-49-37-PM,-25.037,-23.3372,-24.4705,-25.8699,-27.1021,-25.8033,
05-07-2026-Thu 13-49-38-PM,-25.0703,-23.3372,-24.4371,-25.8699,-27.0689,-25.7699,
05-07-2026-Thu 13-49-40-PM,-25.1036,-23.3705,-24.4705,-25.9032,-27.1021,-25.7699,
05-07-2026-Thu 13-49-41-PM,-25.1036,-23.3705,-24.5038,-25.9364,-27.1021,-25.7699,
05-07-2026-Thu 13-49-43-PM,-25.137,-23.3705,-24.5371,-25.9032,-27.0689,-25.7366,
05-07-2026-Thu 13-49-44-PM,-25.137,-23.3705,-24.4371,-25.8699,-27.1355,-25.7366,
05-07-2026-Thu 13-49-45-PM,-25.137,-23.4039,-24.5371,-25.9364,-27.1021,-25.7033,
05-07-2026-Thu 13-49-47-PM,-25.1703,-23.4039,-24.5371,-25.9698,-27.1021,-25.7366,
05-07-2026-Thu 13-49-48-PM,-25.1703,-23.4039,-24.4705,-25.9698,-27.1021,-25.7033,
05-07-2026-Thu 13-49-50-PM,-25.2035,-23.4371,-24.5371,-26.0031,-27.1021,-25.7033,
05-07-2026-Thu 13-49-51-PM,-25.2035,-23.4039,-24.5371,-26.0031,-27.1021,-25.67,
05-07-2026-Thu 13-49-52-PM,-25.2035,-23.4371,-24.5704,-25.9364,-27.1021,-25.67,
05-07-2026-Thu 13-49-54-PM,-25.2369,-23.4706,-24.6037,-26.0364,-27.1355,-25.6367,
05-07-2026-Thu 13-49-55-PM,-25.2701,-23.4706,-24.5704,-26.0697,-27.1355,-25.67,
05-07-2026-Thu 13-49-57-PM,-25.2369,-23.4371,-24.5704,-26.0364,-27.1021,-25.67,
05-07-2026-Thu 13-49-58-PM,-25.2701,-23.4706,-24.6037,-26.0364,-27.1355,-25.6367,
05-07-2026-Thu 13-49-59-PM,-25.2701,-23.4706,-24.6037,-26.0031,-27.1021,-25.6367,
05-07-2026-Thu 13-50-01-PM,-25.3035,-23.5038,-24.5704,-26.0364,-27.1021,-25.6033,
05-07-2026-Thu 13-50-02-PM,-25.3035,-23.5038,-24.5704,-26.0364,-27.1021,-25.6033,
05-07-2026-Thu 13-50-04-PM,-25.3035,-23.5038,-24.5371,-26.0697,-27.1021,-25.6033,
05-07-2026-Thu 13-50-05-PM,-25.3368,-23.5372,-24.6371,-26.1364,-27.1021,-25.57,
05-07-2026-Thu 13-50-06-PM,-25.3368,-23.5372,-24.6037,-26.1364,-27.1355,-25.6033,
05-07-2026-Thu 13-50-08-PM,-25.3702,-23.5372,-24.6704,-26.1364,-27.1355,-25.57,
05-07-2026-Thu 13-50-09-PM,-25.4035,-23.5372,-24.6371,-26.103,-27.1355,-25.57,
05-07-2026-Thu 13-50-11-PM,-25.4035,-23.5705,-24.6371,-26.1697,-27.1355,-25.57,
05-07-2026-Thu 13-50-12-PM,-25.4035,-23.5705,-24.7038,-26.1697,-27.1021,-25.57,
05-07-2026-Thu 13-50-14-PM,-25.4035,-23.5705,-24.7038,-26.1697,-27.1355,-25.57,
05-07-2026-Thu 13-50-15-PM,-25.4367,-23.6038,-24.7038,-26.203,-27.1355,-25.6033,
05-07-2026-Thu 13-50-17-PM,-25.4367,-23.5705,-24.6704,-26.1364,-27.1355,-25.57,
05-07-2026-Thu 13-50-18-PM,-25.4367,-23.6038,-24.7038,-26.1364,-27.1021,-25.57,
05-07-2026-Thu 13-50-19-PM,-25.4701,-23.6038,-24.7703,-26.1697,-27.1021,-25.6033,
05-07-2026-Thu 13-50-21-PM,-25.5035,-23.6372,-24.7703,-26.2363,-27.1021,-25.57,
05-07-2026-Thu 13-50-22-PM,-25.5035,-23.6372,-24.7038,-26.203,-27.1355,-25.6033,
05-07-2026-Thu 13-50-24-PM,-25.5035,-23.6372,-24.8037,-26.3362,-27.1355,-25.6367,
05-07-2026-Thu 13-50-25-PM,-25.5368,-23.6705,-24.7703,-26.3029,-27.1021,-25.6367,
05-07-2026-Thu 13-50-26-PM,-25.5368,-23.6705,-24.7703,-26.2363,-27.1355,-25.6033,
05-07-2026-Thu 13-50-28-PM,-25.57,-23.6372,-24.8037,-26.3029,-27.1355,-25.6367,
05-07-2026-Thu 13-50-29-PM,-25.57,-23.7039,-24.8037,-26.3029,-27.1355,-25.6367,
05-07-2026-Thu 13-50-31-PM,-25.6033,-23.6705,-24.8371,-26.3362,-27.1021,-25.67,
05-07-2026-Thu 13-50-32-PM,-25.6033,-23.7039,-24.8037,-26.3362,-27.1021,-25.6367,
05-07-2026-Thu 13-50-34-PM,-25.6367,-23.7039,-24.8371,-26.3029,-27.1021,-25.67,
05-07-2026-Thu 13-50-35-PM,-25.6367,-23.7039,-24.8703,-26.3695,-27.1021,-25.67,
05-07-2026-Thu 13-50-36-PM,-25.6367,-23.7372,-24.8037,-26.3695,-27.1355,-25.7033,
05-07-2026-Thu 13-50-38-PM,-25.67,-23.7372,-24.8703,-26.4028,-27.1355,-25.7033,
05-07-2026-Thu 13-50-39-PM,-25.7033,-23.7372,-24.9037,-26.4028,-27.1355,-25.7033,
05-07-2026-Thu 13-50-41-PM,-25.7033,-23.7372,-24.8703,-26.4028,-27.1355,-25.7366,
05-07-2026-Thu 13-50-42-PM,-25.7033,-23.7705,-24.8371,-26.4028,-27.1355,-25.7366,
05-07-2026-Thu 13-50-43-PM,-25.7033,-23.7705,-24.8703,-26.4028,-27.1355,-25.7033,
05-07-2026-Thu 13-50-45-PM,-25.7366,-23.7705,-24.9037,-26.4695,-27.1355,-25.7366,
05-07-2026-Thu 13-50-46-PM,-25.7366,-23.7705,-24.9037,-26.4361,-27.1355,-25.7366,
05-07-2026-Thu 13-50-48-PM,-25.7366,-23.7705,-24.8703,-26.4695,-27.1355,-25.7366,
05-07-2026-Thu 13-50-49-PM,-25.7699,-23.7705,-24.8703,-26.4695,-27.1355,-25.7699,
05-07-2026-Thu 13-50-50-PM,-25.8033,-23.8039,-24.9037,-26.5028,-27.1355,-25.7699,
05-07-2026-Thu 13-50-52-PM,-25.8033,-23.8039,-24.9369,-26.5028,-27.1355,-25.7699,
05-07-2026-Thu 13-50-53-PM,-25.8033,-23.8372,-24.9369,-26.5028,-27.1355,-25.8033,
05-07-2026-Thu 13-50-55-PM,-25.8366,-23.8372,-25.037,-26.5361,-27.1355,-25.8033,
05-07-2026-Thu 13-50-56-PM,-25.8366,-23.8705,-24.9703,-26.5361,-27.1688,-25.8033,
05-07-2026-Thu 13-50-57-PM,-25.8699,-23.8705,-24.9703,-26.5361,-27.1355,-25.8033,
05-07-2026-Thu 13-51-00-PM,-25.9032,-23.8705,-25.0037,-26.5693,-27.1355,-25.8033,
05-07-2026-Thu 13-51-02-PM,-25.9032,-23.8705,-25.037,-26.6693,-27.1688,-25.8033,
05-07-2026-Thu 13-51-03-PM,-25.9364,-23.9371,-25.0703,-26.7026,-27.1688,-25.8699,
05-07-2026-Thu 13-51-04-PM,-25.9364,-23.9371,-25.037,-26.7691,-27.2021,-25.8366,
05-07-2026-Thu 13-51-06-PM,-25.9698,-23.9705,-25.137,-26.8358,-27.2021,-25.9032,
05-07-2026-Thu 13-51-07-PM,-26.0031,-23.9705,-25.1703,-26.8691,-27.2353,-25.9032,
05-07-2026-Thu 13-51-09-PM,-26.0364,-24.0372,-25.1703,-26.9356,-27.2353,-25.9364,
05-07-2026-Thu 13-51-10-PM,-26.103,-24.0372,-25.137,-27.0356,-27.2686,-25.9364,
05-07-2026-Thu 13-51-11-PM,-26.1364,-24.0705,-25.2035,-27.1355,-27.3352,-25.9698,
05-07-2026-Thu 13-51-13-PM,-26.1364,-24.1038,-25.2701,-27.1355,-27.3352,-25.9698,
05-07-2026-Thu 13-51-14-PM,-26.1697,-24.1038,-25.2701,-27.2021,-27.3685,-25.9364,
05-07-2026-Thu 13-51-16-PM,-26.2363,-24.1705,-25.2701,-27.2686,-27.4351,-26.0364,
05-07-2026-Thu 13-51-17-PM,-26.2363,-24.2038,-25.3702,-27.3019,-27.4018,-25.9698,
05-07-2026-Thu 13-51-18-PM,-26.2695,-24.2372,-25.3368,-27.3685,-27.4684,-26.0364,
05-07-2026-Thu 13-51-21-PM,-26.3029,-24.2372,-25.3702,-27.3685,-27.5018,-26.0697,
05-07-2026-Thu 13-51-24-PM,-26.3362,-24.3038,-25.4367,-27.4351,-27.535,-26.103,
05-07-2026-Thu 13-51-27-PM,-26.4361,-24.3372,-25.4701,-27.5018,-27.6015,-26.1364,
05-07-2026-Thu 13-51-29-PM,-26.4695,-24.3705,-25.5035,-27.5683,-27.6349,-26.1697,
05-07-2026-Thu 13-51-30-PM,-26.5361,-24.4371,-25.6033,-27.6682,-27.6682,-26.1697,
05-07-2026-Thu 13-51-32-PM,-26.5361,-24.4371,-25.6033,-27.7015,-27.7015,-26.203,
05-07-2026-Thu 13-51-33-PM,-26.6026,-24.5038,-25.6367,-27.7015,-27.7348,-26.2363,
05-07-2026-Thu 13-51-34-PM,-26.6359,-24.5038,-25.67,-27.768,-27.768,-26.2363,
05-07-2026-Thu 13-51-36-PM,-26.6359,-24.5371,-25.67,-27.8347,-27.8014,-26.2695,
05-07-2026-Thu 13-51-37-PM,-26.6693,-24.5704,-25.7699,-27.8347,-27.8014,-26.3029,
05-07-2026-Thu 13-51-38-PM,-26.7026,-24.6037,-25.7033,-27.9013,-27.8347,-26.3362,
05-07-2026-Thu 13-51-40-PM,-26.7359,-24.6037,-25.7699,-27.9678,-27.868,-26.3362,
05-07-2026-Thu 13-51-41-PM,-26.7691,-24.6371,-25.8366,-28.0011,-27.9013,-26.3362,
05-07-2026-Thu 13-51-43-PM,-26.8025,-24.6704,-25.8033,-28.0677,-27.9344,-26.3695,
05-07-2026-Thu 13-51-44-PM,-26.8358,-24.7038,-25.8699,-28.0344,-27.9678,-26.4028,
05-07-2026-Thu 13-51-45-PM,-26.8691,-24.7371,-25.8699,-28.0677,-27.9678,-26.4028,
05-07-2026-Thu 13-51-47-PM,-26.8691,-24.7371,-25.8366,-28.1343,-28.0344,-26.4361,
05-07-2026-Thu 13-51-48-PM,-26.9356,-24.7703,-25.9364,-28.1676,-28.0344,-26.4361,
05-07-2026-Thu 13-51-50-PM,-26.9356,-24.7703,-26.0031,-28.2008,-28.0677,-26.4695,
05-07-2026-Thu 13-51-51-PM,-27.0023,-24.8371,-25.9364,-28.2673,-28.1009,-26.5028,
05-07-2026-Thu 13-51-52-PM,-27.0023,-24.8371,-25.9698,-28.3007,-28.1343,-26.5361,
05-07-2026-Thu 13-51-54-PM,-27.0356,-24.8371,-25.9364,-28.334,-28.1009,-26.5361,
05-07-2026-Thu 13-51-55-PM,-27.0356,-24.9037,-26.0364,-28.3007,-28.1676,-26.5693,
05-07-2026-Thu 13-51-57-PM,-27.1021,-24.9037,-26.0697,-28.4005,-28.2008,-26.6026,
05-07-2026-Thu 13-51-58-PM,-27.1021,-24.9369,-26.1364,-28.3672,-28.2008,-26.6026,
05-07-2026-Thu 13-51-59-PM,-27.1355,-24.9703,-26.1364,-28.4671,-28.2341,-26.6359,
05-07-2026-Thu 13-52-01-PM,-27.1688,-25.0037,-26.1364,-28.4338,-28.2673,-26.6359,
05-07-2026-Thu 13-52-02-PM,-27.2021,-25.037,-26.103,-28.5004,-28.334,-26.6693,
05-07-2026-Thu 13-52-04-PM,-27.2021,-25.037,-26.103,-28.5004,-28.334,-26.7026,
05-07-2026-Thu 13-52-05-PM,-27.2686,-25.037,-26.2363,-28.6001,-28.3672,-26.7359,
05-07-2026-Thu 13-52-06-PM,-27.3019,-25.0703,-26.2695,-28.567,-28.3672,-26.7359,
05-07-2026-Thu 13-52-08-PM,-27.3019,-25.1036,-26.2363,-28.6668,-28.4005,-26.7691,
05-07-2026-Thu 13-52-09-PM,-27.3352,-25.137,-26.3029,-28.6668,-28.4338,-26.7691,
05-07-2026-Thu 13-52-11-PM,-27.3685,-25.137,-26.3029,-28.7001,-28.4338,-26.8025,
05-07-2026-Thu 13-52-12-PM,-27.4351,-25.2035,-26.3362,-28.7666,-28.4671,-26.8358,
05-07-2026-Thu 13-52-14-PM,-27.4351,-25.2369,-26.3695,-28.7999,-28.4671,-26.8691,
05-07-2026-Thu 13-52-15-PM,-27.4351,-25.2369,-26.3695,-28.7999,-28.5337,-26.9023,
05-07-2026-Thu 13-52-17-PM,-27.4684,-25.2701,-26.3695,-28.7999,-28.5337,-26.9356,
05-07-2026-Thu 13-52-18-PM,-27.535,-25.2369,-26.4361,-28.8665,-28.567,-26.9356,
05-07-2026-Thu 13-52-19-PM,-27.535,-25.3035,-26.4361,-28.8665,-28.6001,-26.9356,
05-07-2026-Thu 13-52-21-PM,-27.5683,-25.3368,-26.4695,-28.8998,-28.6001,-26.969,
05-07-2026-Thu 13-52-22-PM,-27.5683,-25.3368,-26.5028,-28.8998,-28.6335,-27.0023,
05-07-2026-Thu 13-52-24-PM,-27.6015,-25.3702,-26.5361,-28.9663,-28.6668,-27.0023,
05-07-2026-Thu 13-52-25-PM,-27.6349,-25.4035,-26.5028,-28.9663,-28.6668,-27.0689,
05-07-2026-Thu 13-52-26-PM,-27.6682,-25.4035,-26.5028,-29.0329,-28.7001,-27.0689,
05-07-2026-Thu 13-52-28-PM,-27.7015,-25.4367,-26.5361,-29.0329,-28.7334,-27.1021,
05-07-2026-Thu 13-52-29-PM,-27.7348,-25.4701,-26.6359,-29.0662,-28.7334,-27.1355,
05-07-2026-Thu 13-52-31-PM,-27.7348,-25.4701,-26.6026,-29.0994,-28.7666,-27.1355,
05-07-2026-Thu 13-52-33-PM,-27.768,-25.5035,-26.6693,-29.1327,-28.7666,-27.1355,
05-07-2026-Thu 13-52-35-PM,-27.8014,-25.57,-26.6693,-29.1993,-28.8332,-27.2021,
05-07-2026-Thu 13-52-36-PM,-27.8347,-25.57,-26.7359,-29.1993,-28.8665,-27.2353,
05-07-2026-Thu 13-52-38-PM,-27.868,-25.6033,-26.7691,-29.2657,-28.8665,-27.2353,
05-07-2026-Thu 13-52-39-PM,-27.9013,-25.6033,-26.6693,-29.3324,-28.8998,-27.2686,
05-07-2026-Thu 13-52-41-PM,-27.9344,-25.6367,-26.8025,-29.2991,-28.8998,-27.3019,
05-07-2026-Thu 13-52-42-PM,-28.0011,-25.6367,-26.8025,-29.2991,-28.9663,-27.3019,
05-07-2026-Thu 13-52-44-PM,-28.0011,-25.67,-26.8025,-29.3324,-28.9996,-27.3352,
05-07-2026-Thu 13-52-45-PM,-28.0344,-25.67,-26.8691,-29.3989,-28.9663,-27.3685,
05-07-2026-Thu 13-52-47-PM,-28.0344,-25.7366,-26.8358,-29.3324,-29.0329,-27.4018,
05-07-2026-Thu 13-52-48-PM,-28.0677,-25.7366,-26.9023,-29.3656,-29.0329,-27.4018,
05-07-2026-Thu 13-52-49-PM,-28.1009,-25.7366,-26.9356,-29.4321,-29.0662,-27.4351,
05-07-2026-Thu 13-52-51-PM,-28.1009,-25.8033,-26.969,-29.4655,-29.0662,-27.4684,
05-07-2026-Thu 13-52-52-PM,-28.1676,-25.8033,-26.9356,-29.4988,-29.0994,-27.4684,
05-07-2026-Thu 13-52-54-PM,-28.2008,-25.8033,-26.9356,-29.4988,-29.0994,-27.5018,
05-07-2026-Thu 13-52-55-PM,-28.2008,-25.8366,-26.9356,-29.532,-29.1327,-27.5018,
05-07-2026-Thu 13-52-56-PM,-28.2341,-25.8699,-27.0023,-29.5985,-29.166,-27.5683,
05-07-2026-Thu 13-52-58-PM,-28.2673,-25.8699,-27.0023,-29.5653,-29.166,-27.5683,
05-07-2026-Thu 13-52-59-PM,-28.3007,-25.9032,-27.0356,-29.5985,-29.1993,-27.6015,
05-07-2026-Thu 13-53-01-PM,-28.3007,-25.9032,-27.0689,-29.5985,-29.1993,-27.6015,
05-07-2026-Thu 13-53-02-PM,-28.334,-25.9364,-27.0689,-29.6318,-29.2657,-27.6349,
05-07-2026-Thu 13-53-03-PM,-28.4005,-25.9698,-27.1021,-29.6651,-29.2657,-27.6349,
05-07-2026-Thu 13-53-05-PM,-28.4005,-25.9698,-27.1021,-29.6984,-29.2991,-27.6682,
05-07-2026-Thu 13-53-06-PM,-28.4338,-25.9698,-27.1355,-29.7982,-29.2991,-27.6682,
05-07-2026-Thu 13-53-08-PM,-28.4338,-26.0364,-27.1688,-29.7316,-29.3324,-27.7015,
05-07-2026-Thu 13-53-09-PM,-28.4671,-26.0364,-27.1688,-29.7648,-29.3324,-27.7348,
05-07-2026-Thu 13-53-10-PM,-28.5004,-26.0364,-27.2353,-29.8315,-29.3989,-27.768,
05-07-2026-Thu 13-53-12-PM,-28.5337,-26.0697,-27.1688,-29.8315,-29.3656,-27.768,
05-07-2026-Thu 13-53-13-PM,-28.5337,-26.0697,-27.2353,-29.9312,-29.3656,-27.8014,
05-07-2026-Thu 13-53-15-PM,-28.567,-26.103,-27.2021,-29.8315,-29.3989,-27.8347,
05-07-2026-Thu 13-53-16-PM,-28.6001,-26.1364,-27.2686,-29.898,-29.4321,-27.8347,
05-07-2026-Thu 13-53-18-PM,-28.6335,-26.1364,-27.3019,-29.9312,-29.4321,-27.868,
05-07-2026-Thu 13-53-20-PM,-28.6668,-26.1697,-27.3019,-29.9645,-29.4655,-27.9013,
05-07-2026-Thu 13-53-23-PM,-28.7334,-26.2363,-27.3685,-30.0643,-29.4988,-27.9678,
05-07-2026-Thu 13-53-25-PM,-28.7666,-26.2695,-27.4351,-30.0643,-29.5653,-28.0011,
05-07-2026-Thu 13-53-27-PM,-28.7666,-26.3029,-27.4351,-30.1641,-29.5653,-28.0011,
05-07-2026-Thu 13-53-28-PM,-28.7999,-26.3029,-27.4351,-30.1309,-29.5985,-28.0677,
05-07-2026-Thu 13-53-30-PM,-28.8332,-26.3362,-27.4684,-30.1309,-29.5985,-28.0677,
05-07-2026-Thu 13-53-31-PM,-28.8332,-26.3362,-27.4684,-30.1974,-29.6318,-28.1009,
05-07-2026-Thu 13-53-33-PM,-28.8665,-26.3362,-27.535,-30.1641,-29.6318,-28.1009,
05-07-2026-Thu 13-53-34-PM,-28.8998,-26.3695,-27.5018,-30.1974,-29.6651,-28.1343,
05-07-2026-Thu 13-53-36-PM,-28.933,-26.3695,-27.5018,-30.2638,-29.6651,-28.1343,
05-07-2026-Thu 13-53-37-PM,-28.9663,-26.4361,-27.535,-30.2638,-29.6984,-28.1676,
05-07-2026-Thu 13-53-39-PM,-28.9663,-26.4361,-27.6015,-30.2638,-29.6984,-28.2008,
05-07-2026-Thu 13-53-40-PM,-29.0329,-26.4695,-27.6349,-30.2972,-29.7316,-28.2341,
05-07-2026-Thu 13-53-41-PM,-29.0662,-26.4695,-27.6349,-30.2972,-29.7648,-28.2341,
05-07-2026-Thu 13-53-43-PM,-29.0994,-26.5028,-27.6015,-30.397,-29.7648,-28.2673,
05-07-2026-Thu 13-53-44-PM,-29.0994,-26.5028,-27.6349,-30.397,-29.7982,-28.3007,
05-07-2026-Thu 13-53-45-PM,-29.0994,-26.5361,-27.6349,-30.4302,-29.7982,-28.334,
05-07-2026-Thu 13-53-47-PM,-29.1327,-26.5361,-27.7015,-30.397,-29.7982,-28.334,
05-07-2026-Thu 13-53-48-PM,-29.166,-26.5693,-27.7015,-30.397,-29.8315,-28.334,
05-07-2026-Thu 13-53-49-PM,-29.166,-26.5693,-27.7015,-30.4302,-29.8315,-28.3672,
05-07-2026-Thu 13-53-51-PM,-29.1993,-26.6026,-27.768,-30.4635,-29.8647,-28.3672,
05-07-2026-Thu 13-53-52-PM,-29.2326,-26.6359,-27.7015,-30.4635,-29.898,-28.4005,
05-07-2026-Thu 13-53-54-PM,-29.2657,-26.6359,-27.7348,-30.5633,-29.898,-28.4338,
05-07-2026-Thu 13-53-55-PM,-29.2657,-26.6359,-27.8014,-30.5965,-29.9312,-28.4671,
05-07-2026-Thu 13-53-56-PM,-29.3324,-26.6359,-27.768,-30.5633,-29.9312,-28.4671,
05-07-2026-Thu 13-53-58-PM,-29.3324,-26.7026,-27.8347,-30.5633,-29.9312,-28.5004,
05-07-2026-Thu 13-53-59-PM,-29.3656,-26.7026,-27.8347,-30.5633,-29.9645,-28.5337,
05-07-2026-Thu 13-54-00-PM,-29.3989,-26.7026,-27.8347,-30.5965,-29.9978,-28.5337,
05-07-2026-Thu 13-54-02-PM,-29.4321,-26.7359,-27.868,-30.6298,-29.9978,-28.567,
05-07-2026-Thu 13-54-03-PM,-29.4321,-26.7691,-27.9013,-30.6298,-30.0311,-28.567,
05-07-2026-Thu 13-54-05-PM,-29.4655,-26.7691,-27.9678,-30.7628,-30.0311,-28.6001,
05-07-2026-Thu 13-54-06-PM,-29.4988,-26.7691,-27.868,-30.663,-30.0311,-28.6001,
05-07-2026-Thu 13-54-07-PM,-29.532,-26.8025,-27.9678,-30.7296,-30.0643,-28.6335,
05-07-2026-Thu 13-54-09-PM,-29.5653,-26.8358,-27.9013,-30.7628,-30.0643,-28.6668,
05-07-2026-Thu 13-54-10-PM,-29.5653,-26.8691,-28.0011,-30.8294,-30.0975,-28.7001,
05-07-2026-Thu 13-54-12-PM,-29.5985,-26.8358,-27.9678,-30.7961,-30.1309,-28.7001,
05-07-2026-Thu 13-54-13-PM,-29.6318,-26.8691,-28.0011,-30.7961,-30.1309,-28.7334,
05-07-2026-Thu 13-54-14-PM,-29.6651,-26.9023,-28.0344,-30.8626,-30.1309,-28.7334,
05-07-2026-Thu 13-54-16-PM,-29.6651,-26.9023,-28.0344,-30.8294,-30.1641,-28.7666,
05-07-2026-Thu 13-54-17-PM,-29.6984,-26.9356,-28.0677,-30.8626,-30.1641,-28.7999,
05-07-2026-Thu 13-54-18-PM,-29.7316,-26.969,-28.1009,-30.929,-30.1974,-28.8332,
05-07-2026-Thu 13-54-20-PM,-29.7648,-26.969,-28.0677,-30.929,-30.2307,-28.8332,
05-07-2026-Thu 13-54-21-PM,-29.7982,-26.969,-28.1343,-30.9624,-30.1974,-28.8665,
05-07-2026-Thu 13-54-23-PM,-29.8315,-27.0023,-28.1009,-30.9956,-30.2307,-28.8665,
05-07-2026-Thu 13-54-24-PM,-29.8315,-27.0023,-28.1676,-31.0289,-30.2638,-28.8998,
05-07-2026-Thu 13-54-25-PM,-29.8647,-27.0356,-28.1676,-30.9956,-30.2972,-28.933,
05-07-2026-Thu 13-54-27-PM,-29.8647,-27.0689,-28.1343,-31.0289,-30.2972,-28.933,
05-07-2026-Thu 13-54-30-PM,-29.898,-27.0689,-28.2008,-31.1287,-30.3304,-28.9663,
05-07-2026-Thu 13-54-32-PM,-29.9645,-27.1355,-28.3007,-31.0622,-30.3304,-28.9996,
05-07-2026-Thu 13-54-33-PM,-30.0311,-27.1355,-28.2341,-31.0954,-30.3637,-29.0329,
05-07-2026-Thu 13-54-34-PM,-30.0311,-27.1355,-28.2673,-31.162,-30.397,-29.0662,
05-07-2026-Thu 13-54-36-PM,-30.0311,-27.1688,-28.2673,-31.1952,-30.4302,-29.0662,
05-07-2026-Thu 13-54-37-PM,-30.0643,-27.1688,-28.3007,-31.1952,-30.4302,-29.0994,
05-07-2026-Thu 13-54-39-PM,-30.0975,-27.2021,-28.3007,-31.162,-30.4302,-29.1327,
05-07-2026-Thu 13-54-40-PM,-30.1309,-27.2021,-28.3672,-31.2285,-30.4635,-29.1327,
05-07-2026-Thu 13-54-41-PM,-30.1309,-27.2353,-28.3007,-31.2285,-30.4635,-29.166,
05-07-2026-Thu 13-54-43-PM,-30.1641,-27.2686,-28.4005,-31.295,-30.4635,-29.166,
05-07-2026-Thu 13-54-44-PM,-30.1974,-27.2686,-28.3672,-31.295,-30.4968,-29.1993,
05-07-2026-Thu 13-54-45-PM,-30.2307,-27.2686,-28.3672,-31.2617,-30.5301,-29.2326,
05-07-2026-Thu 13-54-47-PM,-30.2307,-27.3019,-28.4005,-31.295,-30.4968,-29.2657,
05-07-2026-Thu 13-54-48-PM,-30.2307,-27.3019,-28.4671,-31.3947,-30.5301,-29.2657,
05-07-2026-Thu 13-54-50-PM,-30.2638,-27.3019,-28.4005,-31.3614,-30.5633,-29.2657,
05-07-2026-Thu 13-54-51-PM,-30.2972,-27.3352,-28.5004,-31.3947,-30.5633,-29.2991,
05-07-2026-Thu 13-54-52-PM,-30.3304,-27.3352,-28.4671,-31.4279,-30.5965,-29.2991,
05-07-2026-Thu 13-54-53-PM,-30.3304,-27.3685,-28.5004,-31.4612,-30.5965,-29.3656,
05-07-2026-Thu 13-54-55-PM,-30.3637,-27.3685,-28.5004,-31.4612,-30.5965,-29.3989,
05-07-2026-Thu 13-54-56-PM,-30.4302,-27.3685,-28.5337,-31.5277,-30.6298,-29.3989,
05-07-2026-Thu 13-54-58-PM,-30.4302,-27.4351,-28.5004,-31.4945,-30.6298,-29.3989,
05-07-2026-Thu 13-54-59-PM,-30.4635,-27.4351,-28.6001,-31.5277,-30.663,-29.4321,
05-07-2026-Thu 13-55-00-PM,-30.4635,-27.4351,-28.567,-31.561,-30.663,-29.4655,
05-07-2026-Thu 13-55-02-PM,-30.5301,-27.4684,-28.6001,-31.5942,-30.6963,-29.4988,
05-07-2026-Thu 13-55-03-PM,-30.5301,-27.5018,-28.6335,-31.561,-30.6963,-29.4988,
05-07-2026-Thu 13-55-05-PM,-30.5633,-27.4684,-28.6001,-31.5942,-30.7296,-29.4988,
05-07-2026-Thu 13-55-06-PM,-30.5633,-27.5018,-28.6335,-31.6275,-30.7628,-29.532,
05-07-2026-Thu 13-55-09-PM,-30.6298,-27.535,-28.6668,-31.6607,-30.7296,-29.5653,
05-07-2026-Thu 13-55-12-PM,-30.663,-27.5683,-28.6668,-31.6275,-30.7628,-29.5985,
05-07-2026-Thu 13-55-14-PM,-30.7296,-27.6015,-28.7001,-31.7272,-30.8294,-29.6318,
05-07-2026-Thu 13-55-15-PM,-30.7296,-27.6349,-28.8332,-31.7937,-30.8294,-29.6651,
05-07-2026-Thu 13-55-16-PM,-30.7628,-27.6349,-28.7999,-31.6939,-30.8626,-29.6984,
05-07-2026-Thu 13-55-18-PM,-30.7628,-27.6349,-28.7999,-31.7937,-30.8626,-29.6984,
05-07-2026-Thu 13-55-19-PM,-30.7961,-27.6682,-28.7666,-31.7604,-30.8626,-29.7316,
05-07-2026-Thu 13-55-20-PM,-30.8294,-27.6682,-28.8332,-31.7937,-30.8959,-29.7648,
05-07-2026-Thu 13-55-22-PM,-30.8626,-27.7015,-28.8332,-31.827,-30.8959,-29.7982,
05-07-2026-Thu 13-55-23-PM,-30.8959,-27.7015,-28.8998,-31.8602,-30.929,-29.7982,
05-07-2026-Thu 13-55-25-PM,-30.929,-27.768,-28.8332,-31.827,-30.929,-29.8315,
05-07-2026-Thu 13-55-26-PM,-30.9624,-27.768,-28.933,-31.8935,-30.9624,-29.8647,
05-07-2026-Thu 13-55-27-PM,-30.9624,-27.768,-28.8998,-31.8935,-30.9624,-29.8647,
05-07-2026-Thu 13-55-29-PM,-30.9956,-27.768,-28.8665,-31.9267,-30.9624,-29.898,
05-07-2026-Thu 13-55-30-PM,-31.0289,-27.8014,-28.8998,-31.96,-30.9956,-29.898,
05-07-2026-Thu 13-55-32-PM,-31.0289,-27.8014,-28.9663,-31.9932,-30.9956,-29.9312,
05-07-2026-Thu 13-55-33-PM,-31.0622,-27.8347,-28.933,-32.0264,-31.0289,-29.9312,
05-07-2026-Thu 13-55-34-PM,-31.0954,-27.8347,-28.9663,-31.9932,-31.0622,-29.9978,
05-07-2026-Thu 13-55-36-PM,-31.1287,-27.868,-28.9996,-32.0929,-31.0622,-29.9978,
05-07-2026-Thu 13-55-37-PM,-31.162,-27.868,-28.9996,-32.0929,-31.0954,-30.0311,
05-07-2026-Thu 13-55-39-PM,-31.162,-27.9013,-28.9996,-32.0597,-31.0954,-30.0311,
05-07-2026-Thu 13-55-40-PM,-31.162,-27.9013,-29.0329,-32.1262,-31.1287,-30.0643,
05-07-2026-Thu 13-55-43-PM,-31.2285,-27.9344,-29.0662,-32.1262,-31.0954,-30.0975,
05-07-2026-Thu 13-55-44-PM,-31.2617,-27.9678,-29.0329,-32.1262,-31.162,-30.0975,
05-07-2026-Thu 13-55-46-PM,-31.2617,-27.9678,-29.0994,-32.1594,-31.162,-30.1309,
05-07-2026-Thu 13-55-47-PM,-31.3282,-28.0011,-29.1327,-32.1927,-31.1952,-30.1309,
05-07-2026-Thu 13-55-48-PM,-31.3614,-28.0011,-29.1327,-32.1594,-31.2285,-30.1974,
05-07-2026-Thu 13-55-50-PM,-31.3614,-28.0344,-29.166,-32.1927,-31.1952,-30.1974,
05-07-2026-Thu 13-55-51-PM,-31.3947,-28.0344,-29.1327,-32.2259,-31.2285,-30.1974,
05-07-2026-Thu 13-55-52-PM,-31.4279,-28.0344,-29.1993,-32.2591,-31.2285,-30.2307,
05-07-2026-Thu 13-55-54-PM,-31.4279,-28.0677,-29.1993,-32.2924,-31.2617,-30.2972,
05-07-2026-Thu 13-55-55-PM,-31.4612,-28.1009,-29.2326,-32.3589,-31.2617,-30.2972,
05-07-2026-Thu 13-55-57-PM,-31.4945,-28.1009,-29.2326,-32.3256,-31.295,-30.3304,
05-07-2026-Thu 13-55-58-PM,-31.4945,-28.1343,-29.1993,-32.2924,-31.295,-30.3304,
05-07-2026-Thu 13-55-59-PM,-31.5277,-28.1343,-29.2326,-32.2591,-31.3282,-30.3637,
05-07-2026-Thu 13-56-01-PM,-31.5277,-28.1676,-29.2991,-32.3921,-31.3282,-30.397,
05-07-2026-Thu 13-56-02-PM,-31.5942,-28.1676,-29.3324,-32.4253,-31.3614,-30.397,
05-07-2026-Thu 13-56-04-PM,-31.5942,-28.1676,-29.2991,-32.4253,-31.3282,-30.4302,
05-07-2026-Thu 13-56-05-PM,-31.6275,-28.2008,-29.3324,-32.4253,-31.3947,-30.4302,
05-07-2026-Thu 13-56-06-PM,-31.6607,-28.2008,-29.3656,-32.4919,-31.3947,-30.4635,
05-07-2026-Thu 13-56-08-PM,-31.6607,-28.2341,-29.3989,-32.5583,-31.3947,-30.4968,
05-07-2026-Thu 13-56-09-PM,-31.6939,-28.2341,-29.3656,-32.4919,-31.3947,-30.4968,
05-07-2026-Thu 13-56-11-PM,-31.7272,-28.2673,-29.3989,-32.5583,-31.4279,-30.5301,
05-07-2026-Thu 13-56-12-PM,-31.7604,-28.2673,-29.4321,-32.5583,-31.4279,-30.5633,
05-07-2026-Thu 13-56-13-PM,-31.7604,-28.3007,-29.4655,-32.5583,-31.4612,-30.5633,
05-07-2026-Thu 13-56-15-PM,-31.7937,-28.3007,-29.4321,-32.5251,-31.4945,-30.5965,
05-07-2026-Thu 13-56-16-PM,-31.827,-28.334,-29.4321,-32.5915,-31.5277,-30.6298,
05-07-2026-Thu 13-56-18-PM,-31.827,-28.334,-29.4988,-32.6248,-31.4945,-30.663,
05-07-2026-Thu 13-56-19-PM,-31.8602,-28.334,-29.4655,-32.658,-31.4945,-30.663,
05-07-2026-Thu 13-56-20-PM,-31.8935,-28.3672,-29.4988,-32.658,-31.5277,-30.6963,
05-07-2026-Thu 13-56-22-PM,-31.8935,-28.4005,-29.532,-32.6248,-31.561,-30.6963,
05-07-2026-Thu 13-56-23-PM,-31.9267,-28.4338,-29.5653,-32.6913,-31.5942,-30.7296,
05-07-2026-Thu 13-56-25-PM,-31.96,-28.4338,-29.5985,-32.7577,-31.561,-30.7296,
05-07-2026-Thu 13-56-26-PM,-31.9932,-28.4671,-29.5653,-32.7245,-31.561,-30.7961,
05-07-2026-Thu 13-56-27-PM,-31.9932,-28.4338,-29.5985,-32.791,-31.6275,-30.7961,
05-07-2026-Thu 13-56-29-PM,-32.0597,-28.5004,-29.6318,-32.791,-31.5942,-30.8294,
05-07-2026-Thu 13-56-30-PM,-32.0597,-28.4671,-29.5985,-32.7245,-31.6607,-30.8626,
05-07-2026-Thu 13-56-31-PM,-32.0929,-28.5004,-29.5985,-32.791,-31.6607,-30.8626,
05-07-2026-Thu 13-56-33-PM,-32.0929,-28.5004,-29.6651,-32.8242,-31.6607,-30.8959,
05-07-2026-Thu 13-56-34-PM,-32.1262,-28.5337,-29.5985,-32.8242,-31.6939,-30.8959,
05-07-2026-Thu 13-56-36-PM,-32.1594,-28.5337,-29.6651,-32.8575,-31.7272,-30.929,
05-07-2026-Thu 13-56-37-PM,-32.1594,-28.567,-29.6651,-32.8575,-31.7272,-30.929,
05-07-2026-Thu 13-56-38-PM,-32.1927,-28.6001,-29.6984,-32.8907,-31.7272,-30.9956,
05-07-2026-Thu 13-56-40-PM,-32.2259,-28.6001,-29.7316,-32.8907,-31.7604,-30.9956,
05-07-2026-Thu 13-56-43-PM,-32.2591,-28.6335,-29.7648,-32.9904,-31.7604,-31.0289,
05-07-2026-Thu 13-56-45-PM,-32.3256,-28.6668,-29.7648,-33.0236,-31.7937,-31.0954,
05-07-2026-Thu 13-56-46-PM,-32.3256,-28.7001,-29.7982,-33.0236,-31.7937,-31.0954,
05-07-2026-Thu 13-56-47-PM,-32.3589,-28.6668,-29.8647,-33.0236,-31.827,-31.0954,
05-07-2026-Thu 13-56-49-PM,-32.3921,-28.7001,-29.8647,-33.0236,-31.827,-31.162,
05-07-2026-Thu 13-56-50-PM,-32.4253,-28.7334,-29.8647,-33.0569,-31.827,-31.162,
05-07-2026-Thu 13-56-51-PM,-32.4253,-28.7334,-29.8647,-33.0569,-31.8935,-31.1952,
05-07-2026-Thu 13-56-53-PM,-32.4586,-28.7334,-29.9645,-33.09,-31.8602,-31.2285,
05-07-2026-Thu 13-56-54-PM,-32.4919,-28.7666,-29.898,-33.0569,-31.8935,-31.2285,
05-07-2026-Thu 13-56-56-PM,-32.5251,-28.7999,-29.9312,-33.1898,-31.9267,-31.2617,
05-07-2026-Thu 13-56-57-PM,-32.5251,-28.7666,-29.9312,-33.1566,-31.96,-31.2617,
05-07-2026-Thu 13-56-58-PM,-32.5583,-28.8332,-29.9978,-33.1898,-31.9267,-31.295,
05-07-2026-Thu 13-57-00-PM,-32.5915,-28.8332,-29.9978,-33.1898,-31.9267,-31.3282,
05-07-2026-Thu 13-57-01-PM,-32.5915,-28.8332,-29.9645,-33.1898,-31.96,-31.3282,
05-07-2026-Thu 13-57-03-PM,-32.6248,-28.8665,-29.9978,-33.2562,-31.9932,-31.3614,
05-07-2026-Thu 13-57-04-PM,-32.658,-28.8998,-30.0311,-33.2562,-31.9932,-31.3614,
05-07-2026-Thu 13-57-05-PM,-32.658,-28.8998,-30.0643,-33.2562,-32.0597,-31.3947,
05-07-2026-Thu 13-57-07-PM,-32.6913,-28.8998,-30.0311,-33.2562,-32.0264,-31.4279,
05-07-2026-Thu 13-57-08-PM,-32.6913,-28.933,-30.0643,-33.2562,-32.0597,-31.4612,
05-07-2026-Thu 13-57-10-PM,-32.7245,-28.9663,-30.0311,-33.2896,-32.0597,-31.4945,
05-07-2026-Thu 13-57-11-PM,-32.7577,-28.9663,-30.1309,-33.3892,-32.0929,-31.4945,
05-07-2026-Thu 13-57-13-PM,-32.791,-28.9996,-30.1309,-33.3228,-32.0929,-31.5277,
05-07-2026-Thu 13-57-14-PM,-32.8242,-28.9996,-30.2307,-33.356,-32.0929,-31.5277,
05-07-2026-Thu 13-57-15-PM,-32.8242,-28.9996,-30.1309,-33.356,-32.1262,-31.561,
05-07-2026-Thu 13-57-17-PM,-32.8575,-29.0329,-30.1309,-33.3892,-32.1594,-31.5942,
05-07-2026-Thu 13-57-18-PM,-32.8907,-29.0329,-30.1641,-33.4224,-32.1594,-31.5942,
05-07-2026-Thu 13-57-20-PM,-32.9239,-29.0662,-30.1641,-33.3892,-32.1594,-31.6607,
05-07-2026-Thu 13-57-21-PM,-32.9239,-29.0662,-30.1974,-33.4224,-32.1927,-31.6275,
05-07-2026-Thu 13-57-22-PM,-32.9572,-29.0994,-30.2638,-33.4889,-32.1594,-31.6939,
05-07-2026-Thu 13-57-24-PM,-32.9904,-29.0994,-30.1309,-33.4557,-32.1927,-31.6939,
05-07-2026-Thu 13-57-25-PM,-33.0236,-29.1327,-30.2972,-33.5221,-32.2259,-31.7272,
05-07-2026-Thu 13-57-27-PM,-33.0236,-29.1327,-30.2638,-33.5886,-32.2259,-31.7272,
05-07-2026-Thu 13-57-28-PM,-33.0569,-29.166,-30.3304,-33.5886,-32.2259,-31.7604,
05-07-2026-Thu 13-57-29-PM,-33.0236,-29.166,-30.2972,-33.5554,-32.2591,-31.7604,
05-07-2026-Thu 13-57-31-PM,-33.09,-29.1993,-30.3637,-33.6218,-32.2591,-31.827,
05-07-2026-Thu 13-57-32-PM,-33.1233,-29.1993,-30.3304,-33.5886,-32.2924,-31.8602,
05-07-2026-Thu 13-57-34-PM,-33.1566,-29.2326,-30.3637,-33.6218,-32.3256,-31.8602,
05-07-2026-Thu 13-57-35-PM,-33.1566,-29.2326,-30.3637,-33.6883,-32.3256,-31.8602,
05-07-2026-Thu 13-57-36-PM,-33.1898,-29.2657,-30.4302,-33.6551,-32.3256,-31.8935,
05-07-2026-Thu 13-57-38-PM,-33.1898,-29.2657,-30.397,-33.6218,-32.3589,-31.9267,
05-07-2026-Thu 13-57-39-PM,-33.2562,-29.2657,-30.397,-33.6218,-32.3589,-31.96,
05-07-2026-Thu 13-57-41-PM,-33.2562,-29.3324,-30.4302,-33.6883,-32.3921,-31.96,
05-07-2026-Thu 13-57-42-PM,-33.2562,-29.3324,-30.4302,-33.7546,-32.4253,-31.9932,
05-07-2026-Thu 13-57-43-PM,-33.2896,-29.3324,-30.4968,-33.7546,-32.4586,-31.9932,
05-07-2026-Thu 13-57-45-PM,-33.356,-29.3656,-30.4968,-33.7215,-32.4253,-32.0264,
05-07-2026-Thu 13-57-46-PM,-33.356,-29.3989,-30.5301,-33.7546,-32.4586,-32.0597,
05-07-2026-Thu 13-57-47-PM,-33.356,-29.3989,-30.5301,-33.8212,-32.4586,-32.0597,
05-07-2026-Thu 13-57-49-PM,-33.3892,-29.3989,-30.5301,-33.7546,-32.4919,-32.0929,
05-07-2026-Thu 13-57-50-PM,-33.4224,-29.4321,-30.5633,-33.8876,-32.4919,-32.1262,
05-07-2026-Thu 13-57-52-PM,-33.4557,-29.4321,-30.5965,-33.8212,-32.4919,-32.1594,
05-07-2026-Thu 13-57-53-PM,-33.4557,-29.4655,-30.5965,-33.8876,-32.5251,-32.1594,
05-07-2026-Thu 13-57-54-PM,-33.4557,-29.4655,-30.6298,-33.8544,-32.5251,-32.1927,
05-07-2026-Thu 13-57-56-PM,-33.4889,-29.4655,-30.6298,-33.8544,-32.5583,-32.1927,
05-07-2026-Thu 13-57-57-PM,-33.5221,-29.4988,-30.6963,-33.8876,-32.5583,-32.2259,
05-07-2026-Thu 13-57-59-PM,-33.5554,-29.4988,-30.663,-33.9541,-32.5915,-32.2591,
05-07-2026-Thu 13-58-00-PM,-33.5886,-29.532,-30.6963,-33.9208,-32.5915,-32.2924,
05-07-2026-Thu 13-58-01-PM,-33.5886,-29.532,-30.6963,-33.9541,-32.6248,-32.2924,
05-07-2026-Thu 13-58-03-PM,-33.5886,-29.5653,-30.663,-33.9874,-32.6248,-32.3256,
05-07-2026-Thu 13-58-04-PM,-33.6218,-29.5653,-30.6963,-33.9874,-32.6248,-32.3589,
05-07-2026-Thu 13-58-05-PM,-33.6218,-29.5653,-30.7296,-34.0205,-32.658,-32.3589,
05-07-2026-Thu 13-58-07-PM,-33.6551,-29.5985,-30.7296,-34.0205,-32.658,-32.3921,
05-07-2026-Thu 13-58-08-PM,-33.6883,-29.6318,-30.7961,-34.0537,-32.6913,-32.4253,
05-07-2026-Thu 13-58-09-PM,-33.7215,-29.6318,-30.8626,-34.0869,-32.6913,-32.4253,
05-07-2026-Thu 13-58-11-PM,-33.7546,-29.6318,-30.8294,-34.0537,-32.6913,-32.4586,
05-07-2026-Thu 13-58-12-PM,-33.788,-29.6651,-30.8294,-34.0869,-32.7245,-32.4919,
05-07-2026-Thu 13-58-14-PM,-33.788,-29.6984,-30.929,-34.0869,-32.7245,-32.5251,
05-07-2026-Thu 13-58-16-PM,-33.8212,-29.7316,-30.8959,-34.0537,-32.7577,-32.5251,
05-07-2026-Thu 13-58-19-PM,-33.8544,-29.7648,-30.8959,-34.1534,-32.791,-32.5583,
05-07-2026-Thu 13-58-21-PM,-33.9208,-29.7648,-30.929,-34.2199,-32.8242,-32.6248,
05-07-2026-Thu 13-58-23-PM,-33.9541,-29.7982,-30.929,-34.253,-32.8242,-32.6248,
05-07-2026-Thu 13-58-24-PM,-33.9208,-29.7648,-30.9956,-34.2863,-32.8242,-32.658,
05-07-2026-Thu 13-58-25-PM,-33.9874,-29.8315,-30.9624,-34.253,-32.8575,-32.6913,
05-07-2026-Thu 13-58-27-PM,-33.9874,-29.8315,-30.9956,-34.253,-32.8907,-32.7245,
05-07-2026-Thu 13-58-28-PM,-34.0205,-29.8647,-31.0622,-34.2863,-32.8907,-32.7245,
05-07-2026-Thu 13-58-30-PM,-34.0537,-29.8647,-30.9956,-34.2863,-32.9239,-32.7577,
05-07-2026-Thu 13-58-31-PM,-34.0869,-29.898,-31.0622,-34.3196,-32.9239,-32.791,
05-07-2026-Thu 13-58-32-PM,-34.1202,-29.898,-31.0954,-34.3527,-32.9239,-32.791,
05-07-2026-Thu 13-58-34-PM,-34.1202,-29.898,-31.0622,-34.3527,-32.9572,-32.8242,
05-07-2026-Thu 13-58-35-PM,-34.1534,-29.9312,-31.1287,-34.3527,-32.9572,-32.8242,
05-07-2026-Thu 13-58-36-PM,-34.1534,-29.9645,-31.1287,-34.4191,-32.9904,-32.8242,
05-07-2026-Thu 13-58-38-PM,-34.1867,-29.9645,-31.0954,-34.386,-32.9904,-32.8907,
05-07-2026-Thu 13-58-39-PM,-34.2199,-29.9978,-31.1287,-34.4524,-33.0236,-32.8907,
05-07-2026-Thu 13-58-41-PM,-34.2199,-29.9978,-31.162,-34.4524,-32.9904,-32.9239,
05-07-2026-Thu 13-58-42-PM,-34.253,-30.0311,-31.1952,-34.4524,-33.0236,-32.9572,
05-07-2026-Thu 13-58-43-PM,-34.253,-30.0311,-31.2617,-34.5189,-33.0569,-32.9572,
05-07-2026-Thu 13-58-45-PM,-34.2863,-30.0311,-31.2285,-34.4524,-33.09,-32.9904,
05-07-2026-Thu 13-58-46-PM,-34.2863,-30.0311,-31.295,-34.5189,-33.09,-33.0236,
05-07-2026-Thu 13-58-48-PM,-34.3196,-30.0643,-31.2617,-34.4856,-33.1233,-33.0236,
05-07-2026-Thu 13-58-49-PM,-34.3527,-30.0975,-31.2285,-34.5521,-33.09,-33.0236,
05-07-2026-Thu 13-58-52-PM,-34.3527,-30.0975,-31.3282,-34.6185,-33.1233,-33.0569,
05-07-2026-Thu 13-58-55-PM,-34.4191,-30.1309,-31.295,-34.5852,-33.1566,-33.1233,
05-07-2026-Thu 13-58-56-PM,-34.4524,-30.1641,-31.3614,-34.685,-33.1898,-33.1566,
05-07-2026-Thu 13-58-57-PM,-34.4856,-30.1974,-31.3947,-34.685,-33.1898,-33.1566,
05-07-2026-Thu 13-58-59-PM,-34.5189,-30.1974,-31.3282,-34.6517,-33.1898,-33.2231,
05-07-2026-Thu 13-59-00-PM,-34.5189,-30.2307,-31.4279,-34.6517,-33.2231,-33.2231,
05-07-2026-Thu 13-59-02-PM,-34.5521,-30.1974,-31.4612,-34.685,-33.2231,-33.2562,
05-07-2026-Thu 13-59-03-PM,-34.5521,-30.2638,-31.4612,-34.7181,-33.2562,-33.2896,
05-07-2026-Thu 13-59-04-PM,-34.5852,-30.2638,-31.4945,-34.7181,-33.2562,-33.2896,
05-07-2026-Thu 13-59-06-PM,-34.6185,-30.2638,-31.4612,-34.7513,-33.2896,-33.3228,
05-07-2026-Thu 13-59-07-PM,-34.6185,-30.2972,-31.4945,-34.7181,-33.2896,-33.356,
05-07-2026-Thu 13-59-09-PM,-34.6517,-30.2972,-31.4612,-34.8178,-33.3228,-33.356,
05-07-2026-Thu 13-59-10-PM,-34.6517,-30.3304,-31.5277,-34.7513,-33.3228,-33.3892,
05-07-2026-Thu 13-59-11-PM,-34.685,-30.3637,-31.5942,-34.8178,-33.356,-33.3892,
05-07-2026-Thu 13-59-13-PM,-34.685,-30.3637,-31.5277,-34.8178,-33.3892,-33.4557,
05-07-2026-Thu 13-59-14-PM,-34.7513,-30.3637,-31.6275,-34.8842,-33.3892,-33.4224,
05-07-2026-Thu 13-59-16-PM,-34.7513,-30.397,-31.5942,-34.8842,-33.3892,-33.4557,
05-07-2026-Thu 13-59-17-PM,-34.7846,-30.397,-31.5942,-34.8842,-33.4224,-33.4889,
05-07-2026-Thu 13-59-19-PM,-34.8178,-30.4302,-31.6607,-34.851,-33.4224,-33.5221,
05-07-2026-Thu 13-59-20-PM,-34.8178,-30.4302,-31.6939,-34.9174,-33.4224,-33.5554,
05-07-2026-Thu 13-59-21-PM,-34.851,-30.4302,-31.6939,-34.9839,-33.4224,-33.5221,
05-07-2026-Thu 13-59-23-PM,-34.8842,-30.4635,-31.6607,-34.9174,-33.4557,-33.5554,
05-07-2026-Thu 13-59-24-PM,-34.8842,-30.4968,-31.7272,-34.9507,-33.4889,-33.5886,
05-07-2026-Thu 13-59-25-PM,-34.9174,-30.4968,-31.6939,-34.9174,-33.4889,-33.6218,
05-07-2026-Thu 13-59-27-PM,-34.9174,-30.5301,-31.7604,-34.9839,-33.4889,-33.6551,
05-07-2026-Thu 13-59-28-PM,-34.9507,-30.5301,-31.7272,-34.9839,-33.5221,-33.6551,
05-07-2026-Thu 13-59-30-PM,-34.9839,-30.5301,-31.7604,-35.0503,-33.5221,-33.6551,
05-07-2026-Thu 13-59-31-PM,-35.0171,-30.5633,-31.827,-35.0503,-33.5554,-33.6883,
05-07-2026-Thu 13-59-32-PM,-35.0171,-30.5965,-31.827,-35.0834,-33.5554,-33.7215,
05-07-2026-Thu 13-59-34-PM,-35.0503,-30.5965,-31.8935,-35.0834,-33.5886,-33.7546,
05-07-2026-Thu 13-59-35-PM,-35.0834,-30.6298,-31.9267,-35.0834,-33.5554,-33.7546,
05-07-2026-Thu 13-59-37-PM,-35.0834,-30.6298,-31.827,-35.0503,-33.5886,-33.788,
05-07-2026-Thu 13-59-38-PM,-35.1167,-30.6298,-31.8935,-35.0834,-33.6218,-33.8212,
05-07-2026-Thu 13-59-39-PM,-35.1167,-30.663,-31.8602,-35.1832,-33.6218,-33.8212,
05-07-2026-Thu 13-59-41-PM,-35.1499,-30.6963,-31.96,-35.1499,-33.6551,-33.8544,
05-07-2026-Thu 13-59-42-PM,-35.1499,-30.7296,-31.9267,-35.1832,-33.6883,-33.8544,
05-07-2026-Thu 13-59-44-PM,-35.1832,-30.7296,-31.96,-35.1832,-33.6883,-33.8876,
05-07-2026-Thu 13-59-45-PM,-35.2164,-30.7296,-31.9267,-35.2164,-33.7215,-33.9208,
05-07-2026-Thu 13-59-47-PM,-35.2495,-30.7628,-32.0264,-35.2164,-33.7215,-33.9541,
05-07-2026-Thu 13-59-48-PM,-35.2495,-30.7961,-32.0264,-35.2164,-33.7215,-33.9541,
05-07-2026-Thu 13-59-50-PM,-35.2828,-30.7628,-32.0264,-35.2495,-33.7546,-33.9874,
05-07-2026-Thu 13-59-51-PM,-35.316,-30.8294,-32.0597,-35.2495,-33.7546,-34.0205,
05-07-2026-Thu 13-59-52-PM,-35.2828,-30.8294,-32.0597,-35.3492,-33.7546,-34.0205,
05-07-2026-Thu 13-59-54-PM,-35.316,-30.8294,-32.0597,-35.316,-33.788,-34.0537,
05-07-2026-Thu 13-59-55-PM,-35.3492,-30.8626,-32.0929,-35.316,-33.788,-34.0869,
05-07-2026-Thu 13-59-57-PM,-35.4155,-30.8626,-32.0929,-35.3824,-33.8212,-34.1202,
05-07-2026-Thu 13-59-58-PM,-35.4155,-30.8959,-32.0929,-35.316,-33.8212,-34.1202,
05-07-2026-Thu 13-59-59-PM,-35.4155,-30.8959,-32.1262,-35.3824,-33.8544,-34.1534,
05-07-2026-Thu 14-00-01-PM,-35.4488,-30.929,-32.1927,-35.4155,-33.8544,-34.1534,
05-07-2026-Thu 14-00-02-PM,-35.4488,-30.929,-32.1594,-35.4155,-33.8876,-34.1534,
05-07-2026-Thu 14-00-04-PM,-35.482,-30.929,-32.1594,-35.4155,-33.8544,-34.2199,
05-07-2026-Thu 14-00-06-PM,-35.5153,-30.9956,-32.3256,-35.4488,-33.9208,-34.253,
05-07-2026-Thu 14-00-07-PM,-35.5153,-30.9956,-32.1927,-35.4155,-33.8876,-34.253,
05-07-2026-Thu 14-00-09-PM,-35.5816,-30.9956,-32.2924,-35.4488,-33.9541,-34.2863,
05-07-2026-Thu 14-00-10-PM,-35.5816,-30.9956,-32.2591,-35.4488,-33.9208,-34.2863,
05-07-2026-Thu 14-00-11-PM,-35.6149,-31.0622,-32.3256,-35.482,-33.9874,-34.3196,
05-07-2026-Thu 14-00-13-PM,-35.6149,-31.0622,-32.3256,-35.5485,-33.9874,-34.3527,
05-07-2026-Thu 14-00-14-PM,-35.6149,-31.0622,-32.2924,-35.482,-33.9874,-34.3527,
05-07-2026-Thu 14-00-16-PM,-35.6481,-31.0622,-32.3589,-35.5816,-33.9874,-34.3527,
05-07-2026-Thu 14-00-17-PM,-35.6481,-31.0954,-32.3256,-35.5153,-34.0205,-34.4191,
05-07-2026-Thu 14-00-18-PM,-35.6813,-31.1287,-32.3921,-35.5816,-34.0205,-34.4524,
05-07-2026-Thu 14-00-20-PM,-35.6813,-31.1287,-32.3921,-35.5816,-34.0537,-34.4524,
05-07-2026-Thu 14-00-21-PM,-35.6813,-31.162,-32.4919,-35.6149,-34.0869,-34.4856,
05-07-2026-Thu 14-00-23-PM,-35.7476,-31.162,-32.4586,-35.6149,-34.0869,-34.4856,
05-07-2026-Thu 14-00-24-PM,-35.7809,-31.1952,-32.4253,-35.5816,-34.1202,-34.5189,
05-07-2026-Thu 14-00-25-PM,-35.7809,-31.1952,-32.4586,-35.6481,-34.1202,-34.5521,
05-07-2026-Thu 14-00-27-PM,-35.7809,-31.2285,-32.4919,-35.6813,-34.1534,-34.5521,
05-07-2026-Thu 14-00-28-PM,-35.8141,-31.2285,-32.5583,-35.6481,-34.1202,-34.5852,
05-07-2026-Thu 14-00-29-PM,-35.8473,-31.2285,-32.5251,-35.7145,-34.1534,-34.5852,
05-07-2026-Thu 14-00-31-PM,-35.8473,-31.2617,-32.4586,-35.7145,-34.1534,-34.5852,
05-07-2026-Thu 14-00-32-PM,-35.8473,-31.2617,-32.5583,-35.7145,-34.1867,-34.6517,
05-07-2026-Thu 14-00-33-PM,-35.8805,-31.295,-32.5915,-35.7145,-34.2199,-34.6517,
05-07-2026-Thu 14-00-35-PM,-35.9137,-31.2617,-32.5251,-35.7145,-34.1867,-34.685,
05-07-2026-Thu 14-00-36-PM,-35.9469,-31.3282,-32.5915,-35.7809,-34.2199,-34.6517,
05-07-2026-Thu 14-00-38-PM,-35.9469,-31.3282,-32.6913,-35.7476,-34.253,-34.685,
05-07-2026-Thu 14-00-39-PM,-35.9801,-31.3614,-32.658,-35.7809,-34.253,-34.7181,
05-07-2026-Thu 14-00-41-PM,-36.0134,-31.3614,-32.6248,-35.8473,-34.253,-34.7513,
05-07-2026-Thu 14-00-42-PM,-36.0134,-31.3947,-32.7245,-35.8141,-34.2863,-34.7846,
05-07-2026-Thu 14-00-43-PM,-36.0134,-31.3947,-32.7245,-35.8473,-34.3196,-34.8178,
05-07-2026-Thu 14-00-45-PM,-36.0465,-31.4279,-32.7245,-35.8473,-34.3196,-34.7846,
05-07-2026-Thu 14-00-46-PM,-36.0796,-31.4612,-32.7245,-35.8805,-34.3196,-34.851,
05-07-2026-Thu 14-00-48-PM,-36.0796,-31.4612,-32.7245,-35.8805,-34.3527,-34.851,
05-07-2026-Thu 14-00-49-PM,-36.1129,-31.4612,-32.7245,-35.8805,-34.3527,-34.851,
05-07-2026-Thu 14-00-50-PM,-36.1129,-31.4945,-32.8242,-35.9137,-34.386,-34.8842,
05-07-2026-Thu 14-00-52-PM,-36.1129,-31.4945,-32.791,-35.8805,-34.386,-34.8842,
05-07-2026-Thu 14-00-53-PM,-36.1461,-31.5277,-32.8575,-35.9801,-34.386,-34.9507,
05-07-2026-Thu 14-00-54-PM,-36.1793,-31.5277,-32.8242,-35.9137,-34.4191,-34.9507,
05-07-2026-Thu 14-00-56-PM,-36.2125,-31.561,-32.8575,-35.9469,-34.4524,-34.9839,
05-07-2026-Thu 14-00-57-PM,-36.2125,-31.561,-32.8907,-35.9469,-34.4524,-34.9839,
05-07-2026-Thu 14-00-59-PM,-36.2125,-31.561,-32.8242,-36.0134,-34.4524,-35.0171,
05-07-2026-Thu 14-01-00-PM,-36.2789,-31.5942,-32.9239,-35.9801,-34.5189,-35.0503,
05-07-2026-Thu 14-01-01-PM,-36.2789,-31.6275,-32.9239,-36.0465,-34.4856,-35.0503,
05-07-2026-Thu 14-01-03-PM,-36.2789,-31.6275,-32.9239,-36.0465,-34.5189,-35.0503,
05-07-2026-Thu 14-01-04-PM,-36.3122,-31.6607,-32.9572,-36.0465,-34.5189,-35.1167,
05-07-2026-Thu 14-01-06-PM,-36.3454,-31.6607,-32.9572,-36.0465,-34.5189,-35.0834,
05-07-2026-Thu 14-01-07-PM,-36.3454,-31.6607,-32.9239,-36.1129,-34.5521,-35.1499,
05-07-2026-Thu 14-01-08-PM,-36.3785,-31.6939,-33.0569,-36.1461,-34.5521,-35.1499,
05-07-2026-Thu 14-01-10-PM,-36.4116,-31.7272,-32.9904,-36.1129,-34.5852,-35.1499,
05-07-2026-Thu 14-01-11-PM,-36.4116,-31.7272,-33.0236,-36.1129,-34.5852,-35.2164,
05-07-2026-Thu 14-01-13-PM,-36.4449,-31.7272,-33.0236,-36.1129,-34.5852,-35.2164,
05-07-2026-Thu 14-01-14-PM,-36.4116,-31.7272,-33.0569,-36.1129,-34.6185,-35.2495,
05-07-2026-Thu 14-01-16-PM,-36.4781,-31.7604,-33.0569,-36.1461,-34.6185,-35.2495,
05-07-2026-Thu 14-01-17-PM,-36.4781,-31.7937,-33.1566,-36.1793,-34.6517,-35.2828,
05-07-2026-Thu 14-01-18-PM,-36.4781,-31.7937,-33.1233,-36.2125,-34.6517,-35.2828,
05-07-2026-Thu 14-01-20-PM,-36.5113,-31.827,-33.1566,-36.1461,-34.685,-35.316,
05-07-2026-Thu 14-01-21-PM,-36.5445,-31.827,-33.1233,-36.2125,-34.685,-35.3492,
05-07-2026-Thu 14-01-23-PM,-36.5445,-31.8602,-33.1566,-36.2789,-34.685,-35.3492,
05-07-2026-Thu 14-01-24-PM,-36.5776,-31.8602,-33.1566,-36.2457,-34.7513,-35.3824,
05-07-2026-Thu 14-01-25-PM,-36.6109,-31.8935,-33.1898,-36.2457,-34.7513,-35.4155,
05-07-2026-Thu 14-01-27-PM,-36.6109,-31.8935,-33.2231,-36.3122,-34.7513,-35.3824,
05-07-2026-Thu 14-01-29-PM,-36.6109,-31.9267,-33.2896,-36.3122,-34.7513,-35.4488,
05-07-2026-Thu 14-01-32-PM,-36.6441,-31.96,-33.356,-36.3122,-34.7846,-35.482,
05-07-2026-Thu 14-01-34-PM,-36.7105,-31.96,-33.356,-36.3785,-34.8178,-35.5153,
05-07-2026-Thu 14-01-36-PM,-36.7436,-31.9932,-33.3228,-36.4116,-34.851,-35.5485,
05-07-2026-Thu 14-01-37-PM,-36.7769,-32.0264,-33.356,-36.3785,-34.851,-35.5816,
05-07-2026-Thu 14-01-39-PM,-36.7769,-32.0597,-33.3892,-36.4116,-34.8842,-35.5816,
05-07-2026-Thu 14-01-40-PM,-36.7769,-32.0264,-33.3892,-36.4116,-34.8842,-35.5816,
05-07-2026-Thu 14-01-41-PM,-36.81,-32.0597,-33.4224,-36.4116,-34.9174,-35.6149,
05-07-2026-Thu 14-01-43-PM,-36.81,-32.0929,-33.3892,-36.4116,-34.8842,-35.6149,
05-07-2026-Thu 14-01-44-PM,-36.81,-32.0929,-33.4557,-36.5113,-34.9174,-35.6813,
05-07-2026-Thu 14-01-46-PM,-36.8764,-32.0929,-33.4557,-36.5113,-34.9507,-35.7145,
05-07-2026-Thu 14-01-47-PM,-36.8764,-32.1262,-33.5221,-36.5113,-34.9839,-35.7145,
05-07-2026-Thu 14-01-49-PM,-36.8764,-32.1594,-33.4889,-36.5445,-34.9839,-35.7145,
05-07-2026-Thu 14-01-50-PM,-36.9428,-32.1594,-33.5554,-36.5445,-34.9839,-35.7145,
05-07-2026-Thu 14-01-51-PM,-36.9428,-32.1927,-33.5221,-36.5776,-35.0171,-35.7476,
05-07-2026-Thu 14-01-53-PM,-36.9428,-32.2259,-33.5221,-36.5776,-35.0503,-35.7809,
05-07-2026-Thu 14-01-54-PM,-36.976,-32.1927,-33.5886,-36.6109,-35.0171,-35.7809,
05-07-2026-Thu 14-01-56-PM,-36.9428,-32.2259,-33.6218,-36.5445,-35.0503,-35.7809,
05-07-2026-Thu 14-01-57-PM,-36.976,-32.2591,-33.5886,-36.5776,-35.0503,-35.8141,
05-07-2026-Thu 14-01-58-PM,-37.0424,-32.2924,-33.5886,-36.6109,-35.0834,-35.8473,
05-07-2026-Thu 14-02-00-PM,-37.0424,-32.2924,-33.6551,-36.6109,-35.0834,-35.8473,
05-07-2026-Thu 14-02-01-PM,-37.0424,-32.2924,-33.6551,-36.6441,-35.1167,-35.8805,
05-07-2026-Thu 14-02-02-PM,-37.0755,-32.2924,-33.6551,-36.5776,-35.1167,-35.8805,
05-07-2026-Thu 14-02-04-PM,-37.0755,-32.2924,-33.6883,-36.7105,-35.1167,-35.9137,
05-07-2026-Thu 14-02-05-PM,-37.1088,-32.3256,-33.6883,-36.6773,-35.1499,-35.9137,
05-07-2026-Thu 14-02-06-PM,-37.1088,-32.3589,-33.6883,-36.7105,-35.1499,-35.9469,
05-07-2026-Thu 14-02-08-PM,-37.1088,-32.3921,-33.7215,-36.6773,-35.1499,-35.9801,
05-07-2026-Thu 14-02-09-PM,-37.1752,-32.3921,-33.7546,-36.6773,-35.1832,-35.9801,
05-07-2026-Thu 14-02-11-PM,-37.2084,-32.3921,-33.788,-36.7436,-35.2164,-36.0134,
05-07-2026-Thu 14-02-12-PM,-37.1752,-32.3921,-33.788,-36.7436,-35.2164,-36.0134,
05-07-2026-Thu 14-02-13-PM,-37.2084,-32.4253,-33.788,-36.7769,-35.2164,-36.0465,
05-07-2026-Thu 14-02-15-PM,-37.2084,-32.4586,-33.788,-36.7105,-35.2495,-36.0465,
05-07-2026-Thu 14-02-16-PM,-37.2415,-32.4586,-33.8544,-36.7436,-35.2164,-36.0465,
05-07-2026-Thu 14-02-18-PM,-37.2415,-32.4919,-33.8544,-36.7769,-35.2828,-36.1129,
05-07-2026-Thu 14-02-19-PM,-37.2415,-32.4919,-33.8876,-36.81,-35.2828,-36.1129,
05-07-2026-Thu 14-02-20-PM,-37.3079,-32.4919,-33.8876,-36.7769,-35.2828,-36.1461,
05-07-2026-Thu 14-02-22-PM,-37.3079,-32.4919,-33.9208,-36.8432,-35.316,-36.1793,
05-07-2026-Thu 14-02-23-PM,-37.3079,-32.5583,-33.8876,-36.8764,-35.316,-36.1793,
05-07-2026-Thu 14-02-25-PM,-37.3411,-32.5583,-33.9541,-36.8764,-35.3492,-36.1793,
05-07-2026-Thu 14-02-26-PM,-37.3411,-32.5583,-33.9208,-36.8432,-35.3492,-36.2125,
05-07-2026-Thu 14-02-27-PM,-37.4074,-32.5583,-33.9541,-36.9096,-35.3824,-36.2457,
05-07-2026-Thu 14-02-29-PM,-37.3743,-32.5915,-34.0205,-36.9096,-35.3824,-36.2457,
05-07-2026-Thu 14-02-30-PM,-37.4074,-32.6248,-33.9541,-36.9428,-35.3824,-36.2789,
05-07-2026-Thu 14-02-32-PM,-37.4407,-32.6248,-34.0205,-36.9428,-35.4155,-36.3122,
05-07-2026-Thu 14-02-33-PM,-37.4738,-32.658,-34.0205,-36.9096,-35.4488,-36.3122,
05-07-2026-Thu 14-02-34-PM,-37.4407,-32.658,-34.0537,-36.9428,-35.4488,-36.3122,
05-07-2026-Thu 14-02-36-PM,-37.4738,-32.6913,-34.0537,-36.976,-35.4488,-36.3454,
05-07-2026-Thu 14-02-37-PM,-37.4738,-32.6913,-34.0869,-36.9428,-35.4488,-36.3454,
05-07-2026-Thu 14-02-39-PM,-37.507,-32.7245,-34.1534,-37.0424,-35.4488,-36.3785,
05-07-2026-Thu 14-02-40-PM,-37.507,-32.7245,-34.1534,-37.0092,-35.482,-36.3785,
05-07-2026-Thu 14-02-41-PM,-37.5402,-32.7245,-34.1534,-36.976,-35.482,-36.4116,
05-07-2026-Thu 14-02-43-PM,-37.5733,-32.7577,-34.1867,-37.0424,-35.5485,-36.4449,
05-07-2026-Thu 14-02-44-PM,-37.5402,-32.7577,-34.1867,-37.0424,-35.5485,-36.4449,
05-07-2026-Thu 14-02-46-PM,-37.5733,-32.791,-34.1867,-37.0755,-35.5485,-36.4781,
05-07-2026-Thu 14-02-47-PM,-37.6066,-32.791,-34.2199,-37.0755,-35.5485,-36.5113,
05-07-2026-Thu 14-02-48-PM,-37.6398,-32.8242,-34.253,-37.0755,-35.5485,-36.5113,
05-07-2026-Thu 14-02-50-PM,-37.6398,-32.8242,-34.2199,-37.1088,-35.5816,-36.5776,
05-07-2026-Thu 14-02-51-PM,-37.6398,-32.8575,-34.253,-37.1752,-35.5816,-36.5445,
05-07-2026-Thu 14-02-53-PM,-37.7062,-32.8907,-34.3196,-37.142,-35.6481,-36.5776,
05-07-2026-Thu 14-02-54-PM,-37.673,-32.8575,-34.3527,-37.142,-35.6481,-36.5776,
05-07-2026-Thu 14-02-56-PM,-37.673,-32.8907,-34.3196,-37.2084,-35.6481,-36.5776,
05-07-2026-Thu 14-02-57-PM,-37.7062,-32.8907,-34.3527,-37.142,-35.6813,-36.6109,
05-07-2026-Thu 14-02-58-PM,-37.7392,-32.9572,-34.3196,-37.2084,-35.6813,-36.6441,
05-07-2026-Thu 14-03-00-PM,-37.7392,-32.9239,-34.3527,-37.2084,-35.6813,-36.6441,
05-07-2026-Thu 14-03-01-PM,-37.7392,-32.9904,-34.4191,-37.2415,-35.7145,-36.6773,
05-07-2026-Thu 14-03-03-PM,-37.8057,-32.9572,-34.386,-37.2747,-35.7145,-36.6773,
05-07-2026-Thu 14-03-04-PM,-37.8057,-32.9904,-34.4856,-37.2747,-35.7476,-36.7105,
05-07-2026-Thu 14-03-05-PM,-37.8389,-33.0236,-34.4856,-37.2747,-35.7476,-36.7436,
05-07-2026-Thu 14-03-07-PM,-37.8389,-33.0569,-34.5189,-37.3411,-35.8141,-36.7769,
05-07-2026-Thu 14-03-08-PM,-37.9052,-33.09,-34.5189,-37.4407,-35.8141,-36.7769,
05-07-2026-Thu 14-03-10-PM,-37.9052,-33.1233,-34.5852,-37.4407,-35.8473,-36.7769,
05-07-2026-Thu 14-03-11-PM,-37.9384,-33.1233,-34.5852,-37.5402,-35.8805,-36.81,
05-07-2026-Thu 14-03-13-PM,-37.9384,-33.1566,-34.5852,-37.6066,-35.9137,-36.8432,
05-07-2026-Thu 14-03-14-PM,-38.0048,-33.1898,-34.7181,-37.6066,-35.9469,-36.8432,
05-07-2026-Thu 14-03-15-PM,-38.0048,-33.2231,-34.7181,-37.673,-35.9801,-36.8764,
05-07-2026-Thu 14-03-17-PM,-38.071,-33.2562,-34.7513,-37.7062,-36.0134,-36.9096,
05-07-2026-Thu 14-03-18-PM,-38.071,-33.3228,-34.7846,-37.7725,-36.0465,-36.9428,
05-07-2026-Thu 14-03-20-PM,-38.1043,-33.356,-34.7181,-37.8389,-36.0796,-36.9428,
05-07-2026-Thu 14-03-21-PM,-38.1707,-33.356,-34.851,-37.9052,-36.1129,-36.976,
05-07-2026-Thu 14-03-22-PM,-38.2039,-33.3892,-34.8178,-37.9384,-36.1793,-37.0092,
05-07-2026-Thu 14-03-24-PM,-38.2039,-33.4224,-34.8842,-37.9384,-36.1793,-37.0424,
05-07-2026-Thu 14-03-25-PM,-38.237,-33.4224,-34.9174,-37.9716,-36.2125,-37.0755,
05-07-2026-Thu 14-03-27-PM,-38.2702,-33.4557,-34.9507,-38.038,-36.2457,-37.1088,
05-07-2026-Thu 14-03-28-PM,-38.3034,-33.5221,-34.9839,-38.0048,-36.2789,-37.1088,
05-07-2026-Thu 14-03-31-PM,-38.3034,-33.5221,-34.9839,-38.071,-36.3122,-37.142,
05-07-2026-Thu 14-03-33-PM,-38.3698,-33.5554,-35.0171,-38.1043,-36.3785,-37.2084,
05-07-2026-Thu 14-03-36-PM,-38.4361,-33.6218,-35.1167,-38.1707,-36.4449,-37.2415,
05-07-2026-Thu 14-03-38-PM,-38.4693,-33.6883,-35.1499,-38.1707,-36.4781,-37.3079,
05-07-2026-Thu 14-03-39-PM,-38.5024,-33.7215,-35.2164,-38.3698,-36.5445,-37.3411,
05-07-2026-Thu 14-03-41-PM,-38.5356,-33.7546,-35.2495,-38.3366,-36.5445,-37.3411,
05-07-2026-Thu 14-03-42-PM,-38.5687,-33.788,-35.2164,-38.3698,-36.5445,-37.3743,
05-07-2026-Thu 14-03-44-PM,-38.602,-33.788,-35.2495,-38.4361,-36.6109,-37.4074,
05-07-2026-Thu 14-03-45-PM,-38.6352,-33.8212,-35.316,-38.4361,-36.6109,-37.4074,
05-07-2026-Thu 14-03-46-PM,-38.6683,-33.8544,-35.3492,-38.4361,-36.6441,-37.4738,
05-07-2026-Thu 14-03-48-PM,-38.7015,-33.8544,-35.3492,-38.5024,-36.7105,-37.4738,
05-07-2026-Thu 14-03-49-PM,-38.7015,-33.9208,-35.4155,-38.5024,-36.7436,-37.507,
05-07-2026-Thu 14-03-51-PM,-38.7346,-33.9208,-35.4155,-38.5687,-36.7436,-37.5402,
05-07-2026-Thu 14-03-52-PM,-38.7678,-33.9208,-35.4488,-38.6352,-36.7769,-37.5402,
05-07-2026-Thu 14-03-53-PM,-38.7678,-33.9874,-35.5485,-38.5356,-36.81,-37.5733,
05-07-2026-Thu 14-03-55-PM,-38.8342,-33.9874,-35.5153,-38.602,-36.8432,-37.5733,
05-07-2026-Thu 14-03-56-PM,-38.8342,-34.0537,-35.5485,-38.6352,-36.8764,-37.6398,
05-07-2026-Thu 14-03-58-PM,-38.8673,-34.0537,-35.5816,-38.6683,-36.8764,-37.6398,
05-07-2026-Thu 14-03-59-PM,-38.8673,-34.0869,-35.6149,-38.7678,-36.9096,-37.673,
05-07-2026-Thu 14-04-00-PM,-38.9337,-34.0869,-35.6149,-38.801,-36.9428,-37.7062,
05-07-2026-Thu 14-04-02-PM,-38.9337,-34.1534,-35.6481,-38.7346,-36.976,-37.7392,
05-07-2026-Thu 14-04-03-PM,-38.9669,-34.1867,-35.6813,-38.801,-36.976,-37.7725,
05-07-2026-Thu 14-04-05-PM,-39.0,-34.1867,-35.7145,-38.801,-37.0424,-37.7725,
05-07-2026-Thu 14-04-06-PM,-39.0332,-34.2199,-35.7476,-38.8342,-37.0424,-37.8057,
05-07-2026-Thu 14-04-07-PM,-39.0663,-34.2199,-35.7476,-38.8342,-37.0755,-37.8389,
05-07-2026-Thu 14-04-09-PM,-39.0995,-34.2863,-35.7809,-38.8673,-37.0755,-37.8389,
05-07-2026-Thu 14-04-10-PM,-39.0995,-34.2863,-35.7809,-38.8342,-37.142,-37.8721,
05-07-2026-Thu 14-04-12-PM,-39.1327,-34.2863,-35.8141,-39.0,-37.142,-37.9384,
05-07-2026-Thu 14-04-13-PM,-39.1327,-34.3196,-35.8805,-38.9669,-37.1752,-37.9384,
05-07-2026-Thu 14-04-14-PM,-39.199,-34.386,-35.9137,-39.0332,-37.2084,-37.9716,
05-07-2026-Thu 14-04-16-PM,-39.199,-34.386,-35.9469,-39.0332,-37.2084,-37.9716,
05-07-2026-Thu 14-04-18-PM,-39.2321,-34.4191,-35.9137,-39.0663,-37.2415,-38.0048,
05-07-2026-Thu 14-04-19-PM,-39.2654,-34.4524,-36.0134,-39.0663,-37.2747,-38.038,
05-07-2026-Thu 14-04-20-PM,-39.2654,-34.4524,-36.0134,-39.1327,-37.3079,-38.038,
05-07-2026-Thu 14-04-22-PM,-39.2986,-34.4856,-36.0796,-39.1658,-37.3079,-38.071,
05-07-2026-Thu 14-04-23-PM,-39.2986,-34.4856,-36.0465,-39.1658,-37.3411,-38.1375,
05-07-2026-Thu 14-04-25-PM,-39.3317,-34.5189,-36.1129,-39.2321,-37.3743,-38.1375,
05-07-2026-Thu 14-04-26-PM,-39.3649,-34.5521,-36.0796,-39.2321,-37.4074,-38.1707,
05-07-2026-Thu 14-04-27-PM,-39.3979,-34.5852,-36.1793,-39.199,-37.4074,-38.1707,
05-07-2026-Thu 14-04-29-PM,-39.4312,-34.5852,-36.1793,-39.2986,-37.4407,-38.2039,
05-07-2026-Thu 14-04-30-PM,-39.4643,-34.6185,-36.2125,-39.2986,-37.4738,-38.2039,
05-07-2026-Thu 14-04-31-PM,-39.4643,-34.6517,-36.2125,-39.2321,-37.4738,-38.2702,
05-07-2026-Thu 14-04-33-PM,-39.4975,-34.685,-36.2457,-39.3317,-37.507,-38.2702,
05-07-2026-Thu 14-04-34-PM,-39.5307,-34.685,-36.2789,-39.2986,-37.507,-38.3034,
05-07-2026-Thu 14-04-36-PM,-39.5307,-34.7181,-36.2789,-39.3649,-37.5733,-38.3366,
05-07-2026-Thu 14-04-37-PM,-39.5638,-34.7513,-36.3122,-39.3649,-37.5733,-38.3366,
05-07-2026-Thu 14-04-38-PM,-39.5638,-34.7513,-36.3454,-39.4312,-37.6066,-38.3698,
05-07-2026-Thu 14-04-40-PM,-39.597,-34.8178,-36.3785,-39.4643,-37.6066,-38.4028,
05-07-2026-Thu 14-04-41-PM,-39.6302,-34.8178,-36.4449,-39.4643,-37.673,-38.4361,
05-07-2026-Thu 14-04-43-PM,-39.6634,-34.851,-36.4116,-39.4975,-37.6398,-38.4361,
05-07-2026-Thu 14-04-44-PM,-39.6634,-34.851,-36.4116,-39.4643,-37.673,-38.4693,
05-07-2026-Thu 14-04-45-PM,-39.6965,-34.8842,-36.5113,-39.4643,-37.7062,-38.5024,
05-07-2026-Thu 14-04-47-PM,-39.7295,-34.9174,-36.5776,-39.4975,-37.7062,-38.5024,
05-07-2026-Thu 14-04-48-PM,-39.7295,-34.9174,-36.5113,-39.5638,-37.7725,-38.5356,
05-07-2026-Thu 14-04-49-PM,-39.7628,-34.9507,-36.5113,-39.5307,-37.7725,-38.5687,
05-07-2026-Thu 14-04-51-PM,-39.7628,-34.9507,-36.5113,-39.6302,-37.7725,-38.602,
05-07-2026-Thu 14-04-52-PM,-39.796,-34.9839,-36.5113,-39.6302,-37.8389,-38.5687,
05-07-2026-Thu 14-04-53-PM,-39.8291,-34.9839,-36.6109,-39.597,-37.8721,-38.6352,
05-07-2026-Thu 14-04-55-PM,-39.8291,-35.0171,-36.6109,-39.6634,-37.8721,-38.6352,
05-07-2026-Thu 14-04-56-PM,-39.8623,-35.0503,-36.6773,-39.6965,-37.8721,-38.6683,
05-07-2026-Thu 14-04-58-PM,-39.8954,-35.0834,-36.7105,-39.6302,-37.9052,-38.7015,
05-07-2026-Thu 14-04-59-PM,-39.9286,-35.1167,-36.7105,-39.6634,-37.9384,-38.7346,
05-07-2026-Thu 14-05-00-PM,-39.9286,-35.1167,-36.7436,-39.7295,-37.9384,-38.7346,
05-07-2026-Thu 14-05-02-PM,-39.9949,-35.1167,-36.7436,-39.7628,-37.9716,-38.7678,
05-07-2026-Thu 14-05-03-PM,-39.9618,-35.1499,-36.7436,-39.7628,-38.0048,-38.7678,
05-07-2026-Thu 14-05-04-PM,-39.9949,-35.1499,-36.81,-39.8291,-38.0048,-38.801,
05-07-2026-Thu 14-05-06-PM,-40.0281,-35.2164,-36.7769,-39.796,-38.038,-38.8342,
05-07-2026-Thu 14-05-08-PM,-40.0611,-35.2164,-36.8432,-39.8291,-38.038,-38.8673,
05-07-2026-Thu 14-05-09-PM,-40.0944,-35.2495,-36.8764,-39.8291,-38.071,-38.8673,
05-07-2026-Thu 14-05-10-PM,-40.0944,-35.2828,-36.8432,-39.8954,-38.1043,-38.9005,
05-07-2026-Thu 14-05-12-PM,-40.1275,-35.2828,-36.9428,-39.8623,-38.1043,-38.9337,
05-07-2026-Thu 14-05-13-PM,-40.1275,-35.316,-36.9096,-39.9286,-38.1375,-38.9337,
05-07-2026-Thu 14-05-15-PM,-40.1607,-35.3492,-36.9428,-39.9618,-38.1375,-38.9669,
05-07-2026-Thu 14-05-16-PM,-40.1939,-35.3824,-36.976,-39.9949,-38.2039,-39.0332,
05-07-2026-Thu 14-05-18-PM,-40.1939,-35.3824,-37.0424,-39.9618,-38.2039,-39.0332,
05-07-2026-Thu 14-05-19-PM,-40.227,-35.3824,-37.0424,-39.9949,-38.237,-39.0332,
05-07-2026-Thu 14-05-20-PM,-40.2602,-35.4488,-37.0424,-39.9949,-38.237,-39.0663,
05-07-2026-Thu 14-05-22-PM,-40.2602,-35.4488,-37.0755,-40.0611,-38.2702,-39.0995,
05-07-2026-Thu 14-05-25-PM,-40.2934,-35.482,-37.1752,-40.0611,-38.2702,-39.0995,
05-07-2026-Thu 14-05-27-PM,-40.3265,-35.5153,-37.1752,-40.0944,-38.3366,-39.1327,
05-07-2026-Thu 14-05-30-PM,-40.426,-35.5485,-37.1752,-40.1275,-38.3698,-39.199,
05-07-2026-Thu 14-05-32-PM,-40.4591,-35.5816,-37.2747,-40.1939,-38.4028,-39.2321,
05-07-2026-Thu 14-05-33-PM,-40.4591,-35.6149,-37.2747,-40.1939,-38.4028,-39.2654,
05-07-2026-Thu 14-05-34-PM,-40.4923,-35.6149,-37.2747,-40.227,-38.4361,-39.3317,
05-07-2026-Thu 14-05-36-PM,-40.5254,-35.6481,-37.3411,-40.1939,-38.4693,-39.2986,
05-07-2026-Thu 14-05-37-PM,-40.4923,-35.6813,-37.3411,-40.2602,-38.4693,-39.3317,
05-07-2026-Thu 14-05-38-PM,-40.5254,-35.6813,-37.4074,-40.2934,-38.5024,-39.3317,
05-07-2026-Thu 14-05-40-PM,-40.5585,-35.7145,-37.3079,-40.227,-38.5024,-39.3649,
05-07-2026-Thu 14-05-41-PM,-40.5917,-35.7145,-37.4074,-40.3265,-38.5356,-39.3979,
05-07-2026-Thu 14-05-42-PM,-40.5917,-35.7145,-37.3743,-40.2602,-38.5687,-39.4312,
05-07-2026-Thu 14-05-44-PM,-40.6249,-35.7476,-37.4074,-40.3265,-38.5687,-39.4312,
05-07-2026-Thu 14-05-46-PM,-40.658,-35.7809,-37.4738,-40.3597,-38.5687,-39.4643,
05-07-2026-Thu 14-05-47-PM,-40.658,-35.8141,-37.4738,-40.3597,-38.602,-39.4975,
05-07-2026-Thu 14-05-48-PM,-40.7243,-35.8473,-37.507,-40.3927,-38.6352,-39.5307,
05-07-2026-Thu 14-05-50-PM,-40.7243,-35.8473,-37.507,-40.3927,-38.6683,-39.5638,
05-07-2026-Thu 14-05-51-PM,-40.7243,-35.8805,-37.5402,-40.3597,-38.6683,-39.5638,
05-07-2026-Thu 14-05-53-PM,-40.7575,-35.8805,-37.5733,-40.3927,-38.7015,-39.597,
05-07-2026-Thu 14-05-54-PM,-40.7575,-35.9469,-37.5733,-40.4591,-38.7015,-39.597,
05-07-2026-Thu 14-05-55-PM,-40.7906,-35.9469,-37.6066,-40.4591,-38.7346,-39.6302,
05-07-2026-Thu 14-05-57-PM,-40.7906,-35.9137,-37.6066,-40.4923,-38.7346,-39.6302,
05-07-2026-Thu 14-05-58-PM,-40.8569,-35.9469,-37.6398,-40.426,-38.7678,-39.6634,
05-07-2026-Thu 14-06-00-PM,-40.8569,-35.9801,-37.673,-40.5254,-38.801,-39.6965,
05-07-2026-Thu 14-06-01-PM,-40.89,-36.0134,-37.673,-40.5254,-38.801,-39.6965,
05-07-2026-Thu 14-06-02-PM,-40.9232,-36.0134,-37.7062,-40.5585,-38.8342,-39.7295,
05-07-2026-Thu 14-06-04-PM,-40.9232,-36.0796,-37.8057,-40.5917,-38.8342,-39.7628,
05-07-2026-Thu 14-06-05-PM,-40.9232,-36.0796,-37.7392,-40.5917,-38.8342,-39.7628,
05-07-2026-Thu 14-06-07-PM,-40.9564,-36.1129,-37.7725,-40.5917,-38.8673,-39.796,
05-07-2026-Thu 14-06-08-PM,-40.9895,-36.1129,-37.8057,-40.6249,-38.9005,-39.8291,
05-07-2026-Thu 14-06-09-PM,-40.9895,-36.1129,-37.8389,-40.6912,-38.9005,-39.8291,
05-07-2026-Thu 14-06-11-PM,-41.0227,-36.1793,-37.8389,-40.6249,-38.9337,-39.8954,
05-07-2026-Thu 14-06-12-PM,-41.0558,-36.1793,-37.8721,-40.6912,-38.9669,-39.8954,
05-07-2026-Thu 14-06-14-PM,-41.0558,-36.1793,-37.8721,-40.6912,-38.9337,-39.9286,
05-07-2026-Thu 14-06-15-PM,-41.0558,-36.2125,-37.9052,-40.6912,-38.9669,-39.9286,
05-07-2026-Thu 14-06-16-PM,-41.089,-36.2125,-37.8389,-40.7243,-39.0,-39.9618,
05-07-2026-Thu 14-06-18-PM,-41.1221,-36.2457,-37.9716,-40.7575,-39.0663,-39.9618,
05-07-2026-Thu 14-06-19-PM,-41.1221,-36.2789,-38.0048,-40.7906,-39.0332,-39.9949,
05-07-2026-Thu 14-06-21-PM,-41.1552,-36.3122,-37.9384,-40.7906,-39.0332,-39.9949,
05-07-2026-Thu 14-06-22-PM,-41.1552,-36.3122,-37.9716,-40.7575,-39.0663,-40.0611,
05-07-2026-Thu 14-06-23-PM,-41.2214,-36.3122,-38.038,-40.8237,-39.0995,-40.0611,
05-07-2026-Thu 14-06-25-PM,-41.2214,-36.3122,-37.9716,-40.89,-39.0995,-40.0611,
05-07-2026-Thu 14-06-26-PM,-41.2214,-36.3454,-38.038,-40.89,-39.1327,-40.1275,
05-07-2026-Thu 14-06-29-PM,-41.2547,-36.3785,-38.1043,-40.8569,-39.1658,-40.1275,
05-07-2026-Thu 14-06-31-PM,-41.321,-36.4116,-38.1043,-40.9232,-39.199,-40.1607,
05-07-2026-Thu 14-06-32-PM,-41.321,-36.4449,-38.2039,-40.9232,-39.199,-40.1607,
05-07-2026-Thu 14-06-34-PM,-41.321,-36.4449,-38.1375,-40.9232,-39.2321,-40.227,
05-07-2026-Thu 14-06-37-PM,-41.3872,-36.4781,-38.1707,-40.9564,-39.2321,-40.227,
05-07-2026-Thu 14-06-38-PM,-41.3872,-36.5113,-38.237,-40.9895,-39.2654,-40.2602,
05-07-2026-Thu 14-06-39-PM,-41.4204,-36.5445,-38.2702,-41.0558,-39.3317,-40.2934,
05-07-2026-Thu 14-06-41-PM,-41.4204,-36.5445,-38.3034,-40.9895,-39.3317,-40.3265,
05-07-2026-Thu 14-06-42-PM,-41.4535,-36.5776,-38.3366,-40.9895,-39.3317,-40.3265,
05-07-2026-Thu 14-06-44-PM,-41.4535,-36.6109,-38.3366,-41.0558,-39.3649,-40.3597,
05-07-2026-Thu 14-06-45-PM,-41.4866,-36.6109,-38.3366,-41.089,-39.3317,-40.3597,
05-07-2026-Thu 14-06-46-PM,-41.5529,-36.6109,-38.3366,-41.1221,-39.3979,-40.426,
05-07-2026-Thu 14-06-48-PM,-41.5198,-36.6773,-38.3698,-41.089,-39.3979,-40.3927,
05-07-2026-Thu 14-06-49-PM,-41.5861,-36.6441,-38.4028,-41.089,-39.3979,-40.4591,
05-07-2026-Thu 14-06-51-PM,-41.5861,-36.6773,-38.4028,-41.1221,-39.4312,-40.4591,
05-07-2026-Thu 14-06-52-PM,-41.6192,-36.7105,-38.4361,-41.1884,-39.4643,-40.4591,
05-07-2026-Thu 14-06-53-PM,-41.6192,-36.7105,-38.5024,-41.1552,-39.4975,-40.4923,
05-07-2026-Thu 14-06-55-PM,-41.6192,-36.7436,-38.4361,-41.1221,-39.4643,-40.4923,
05-07-2026-Thu 14-06-56-PM,-41.6192,-36.7436,-38.4693,-41.2214,-39.4975,-40.5254,
05-07-2026-Thu 14-06-59-PM,-41.6524,-36.7769,-38.5024,-41.1884,-39.5307,-40.5585,
05-07-2026-Thu 14-07-00-PM,-41.7186,-36.8432,-38.4693,-41.2878,-39.5638,-40.5917,
05-07-2026-Thu 14-07-02-PM,-41.7518,-36.81,-38.4693,-41.321,-39.5638,-40.6249,
05-07-2026-Thu 14-07-03-PM,-41.7518,-36.8432,-38.5687,-41.2878,-39.597,-40.6249,
05-07-2026-Thu 14-07-05-PM,-41.785,-36.8764,-38.602,-41.2878,-39.6302,-40.658,
05-07-2026-Thu 14-07-06-PM,-41.785,-36.8764,-38.7015,-41.2878,-39.6302,-40.658,
05-07-2026-Thu 14-07-08-PM,-41.818,-36.9096,-38.6352,-41.321,-39.6302,-40.658,
05-07-2026-Thu 14-07-09-PM,-41.8512,-36.9428,-38.6683,-41.3541,-39.6634,-40.7243,
05-07-2026-Thu 14-07-10-PM,-41.8512,-36.9428,-38.6352,-41.3541,-39.6965,-40.7575,
05-07-2026-Thu 14-07-12-PM,-41.8512,-36.9428,-38.7346,-41.3872,-39.6965,-40.7575,
05-07-2026-Thu 14-07-13-PM,-41.8842,-36.976,-38.7678,-41.4204,-39.6965,-40.7906,
05-07-2026-Thu 14-07-14-PM,-41.9174,-37.0092,-38.7015,-41.4204,-39.7295,-40.8237,
05-07-2026-Thu 14-07-16-PM,-41.9174,-37.0092,-38.801,-41.4204,-39.7295,-40.7906,
05-07-2026-Thu 14-07-17-PM,-41.9506,-37.0424,-38.8342,-41.3872,-39.7628,-40.8237,
05-07-2026-Thu 14-07-19-PM,-41.9174,-37.0092,-38.7678,-41.4535,-39.7628,-40.8569,
05-07-2026-Thu 14-07-20-PM,-41.9506,-37.0755,-38.7678,-41.4535,-39.796,-40.89,
05-07-2026-Thu 14-07-22-PM,-41.9837,-37.0755,-38.8673,-41.4535,-39.8291,-40.89,
05-07-2026-Thu 14-07-23-PM,-42.0169,-37.1088,-38.8673,-41.4866,-39.796,-40.9232,
05-07-2026-Thu 14-07-24-PM,-42.0169,-37.142,-38.8673,-41.4866,-39.8623,-40.9564,
05-07-2026-Thu 14-07-26-PM,-42.05,-37.142,-38.9005,-41.5198,-39.8623,-40.9895,
05-07-2026-Thu 14-07-27-PM,-42.05,-37.142,-38.9005,-41.5198,-39.8623,-40.9895,
05-07-2026-Thu 14-07-29-PM,-42.0832,-37.1752,-38.9669,-41.5529,-39.8954,-40.9895,
05-07-2026-Thu 14-07-30-PM,-42.0832,-37.1752,-39.0,-41.5529,-39.9286,-40.9895,
05-07-2026-Thu 14-07-32-PM,-42.1163,-37.2084,-38.9669,-41.6855,-39.9286,-40.9895,
05-07-2026-Thu 14-07-33-PM,-42.1163,-37.2084,-39.0663,-41.5861,-39.9618,-41.0558,
05-07-2026-Thu 14-07-34-PM,-42.1494,-37.2747,-38.9669,-41.6524,-39.9618,-41.089,
05-07-2026-Thu 14-07-36-PM,-42.1825,-37.2415,-39.0332,-41.6192,-39.9949,-41.089,
05-07-2026-Thu 14-07-37-PM,-42.1825,-37.2747,-39.0332,-41.6524,-39.9949,-41.1221,
05-07-2026-Thu 14-07-39-PM,-42.1825,-37.3079,-39.0995,-41.6524,-39.9949,-41.1552,
05-07-2026-Thu 14-07-40-PM,-42.2156,-37.3079,-39.0663,-41.6855,-40.0281,-41.1221,
05-07-2026-Thu 14-07-41-PM,-42.2488,-37.3411,-39.0995,-41.7186,-40.0611,-41.1552,
05-07-2026-Thu 14-07-43-PM,-42.2819,-37.3411,-39.0663,-41.7186,-40.0611,-41.1884,
05-07-2026-Thu 14-07-44-PM,-42.2819,-37.3411,-39.199,-41.7186,-40.0611,-41.2214,
05-07-2026-Thu 14-07-46-PM,-42.2819,-37.3743,-39.1658,-41.7186,-40.0944,-41.2214,
05-07-2026-Thu 14-07-47-PM,-42.3151,-37.3743,-39.1327,-41.7518,-40.0944,-41.2547,
05-07-2026-Thu 14-07-48-PM,-42.3151,-37.4407,-39.199,-41.785,-40.0944,-41.2547,
05-07-2026-Thu 14-07-50-PM,-42.3482,-37.4407,-39.2321,-41.7518,-40.1275,-41.2878,
05-07-2026-Thu 14-07-51-PM,-42.3813,-37.4407,-39.2654,-41.7518,-40.1607,-41.2878,
05-07-2026-Thu 14-07-52-PM,-42.3482,-37.4407,-39.2654,-41.7518,-40.1607,-41.321,
05-07-2026-Thu 14-07-54-PM,-42.3482,-37.507,-39.2986,-41.818,-40.1939,-41.321,
05-07-2026-Thu 14-07-57-PM,-42.4145,-37.507,-39.2986,-41.818,-40.1939,-41.3872,
05-07-2026-Thu 14-07-58-PM,-42.4476,-37.5733,-39.3979,-41.818,-40.2602,-41.3872,
05-07-2026-Thu 14-08-00-PM,-42.4807,-37.5733,-39.2986,-41.8842,-40.227,-41.4204,
05-07-2026-Thu 14-08-01-PM,-42.4807,-37.5733,-39.4312,-41.818,-40.2934,-41.4535,
05-07-2026-Thu 14-08-02-PM,-42.5139,-37.5733,-39.3649,-41.9174,-40.2602,-41.4535,
05-07-2026-Thu 14-08-04-PM,-42.5139,-37.6066,-39.4312,-41.9174,-40.3265,-41.4866,
05-07-2026-Thu 14-08-05-PM,-42.5469,-37.6066,-39.4643,-41.9506,-40.3265,-41.4866,
05-07-2026-Thu 14-08-07-PM,-42.5801,-37.6398,-39.4643,-41.9174,-40.3265,-41.5198,
05-07-2026-Thu 14-08-08-PM,-42.5801,-37.673,-39.4975,-41.9837,-40.3265,-41.5198,
05-07-2026-Thu 14-08-09-PM,-42.5801,-37.673,-39.4643,-41.9174,-40.3597,-41.5529,
05-07-2026-Thu 14-08-11-PM,-42.6133,-37.673,-39.4975,-42.0169,-40.3597,-41.5861,
05-07-2026-Thu 14-08-12-PM,-42.6133,-37.7062,-39.4312,-41.9837,-40.3927,-41.5861,
05-07-2026-Thu 14-08-14-PM,-42.6133,-37.7392,-39.5307,-41.9837,-40.426,-41.6192,
05-07-2026-Thu 14-08-15-PM,-42.6464,-37.7392,-39.5638,-42.05,-40.426,-41.5861,
05-07-2026-Thu 14-08-16-PM,-42.6795,-37.7725,-39.5638,-42.0169,-40.426,-41.6192,
05-07-2026-Thu 14-08-18-PM,-42.6795,-37.7725,-39.597,-42.05,-40.4591,-41.6524,
05-07-2026-Thu 14-08-19-PM,-42.6795,-37.8057,-39.5638,-42.0169,-40.4923,-41.6524,
05-07-2026-Thu 14-08-20-PM,-42.7126,-37.8057,-39.597,-42.05,-40.4923,-41.6855,
05-07-2026-Thu 14-08-21-PM,-42.7458,-37.8389,-39.5638,-42.1163,-40.4923,-41.7186,
05-07-2026-Thu 14-08-23-PM,-42.7458,-37.8389,-39.6965,-42.05,-40.5254,-41.7518,
05-07-2026-Thu 14-08-24-PM,-42.7458,-37.8389,-39.6634,-42.05,-40.5254,-41.7518,
05-07-2026-Thu 14-08-26-PM,-42.7789,-37.8721,-39.6634,-42.0832,-40.5254,-41.7518,
05-07-2026-Thu 14-08-27-PM,-42.812,-37.8721,-39.6634,-42.1163,-40.5917,-41.785,
05-07-2026-Thu 14-08-28-PM,-42.8451,-37.9052,-39.6965,-42.0832,-40.5917,-41.785,
05-07-2026-Thu 14-08-30-PM,-42.8451,-37.9052,-39.7295,-42.1494,-40.5917,-41.785,
05-07-2026-Thu 14-08-31-PM,-42.8782,-37.9384,-39.796,-42.1494,-40.5917,-41.818,
05-07-2026-Thu 14-08-33-PM,-42.8782,-37.9716,-39.7628,-42.1825,-40.658,-41.8512,
05-07-2026-Thu 14-08-34-PM,-42.8782,-37.9716,-39.796,-42.1825,-40.6249,-41.8842,
05-07-2026-Thu 14-08-35-PM,-42.8782,-37.9716,-39.796,-42.2156,-40.6249,-41.8842,
05-07-2026-Thu 14-08-37-PM,-42.9114,-38.0048,-39.8623,-42.2488,-40.658,-41.8842,
05-07-2026-Thu 14-08-38-PM,-42.9114,-38.038,-39.8623,-42.1825,-40.6912,-41.9174,
05-07-2026-Thu 14-08-40-PM,-42.9445,-38.038,-39.9286,-42.3151,-40.6912,-41.9174,
05-07-2026-Thu 14-08-41-PM,-42.9445,-38.038,-39.8623,-42.2156,-40.6912,-41.9837,
05-07-2026-Thu 14-08-42-PM,-43.0108,-38.071,-39.8954,-42.2488,-40.7243,-41.9506,
05-07-2026-Thu 14-08-44-PM,-43.0108,-38.071,-39.8954,-42.3151,-40.7243,-42.0169,
05-07-2026-Thu 14-08-45-PM,-42.9776,-38.1043,-39.9618,-42.2819,-40.7906,-42.0169,
05-07-2026-Thu 14-08-46-PM,-43.0438,-38.1375,-39.9618,-42.2488,-40.7906,-42.0169,
05-07-2026-Thu 14-08-48-PM,-43.0438,-38.1375,-39.9618,-42.3482,-40.7575,-42.05,
05-07-2026-Thu 14-08-49-PM,-43.077,-38.1375,-39.9949,-42.3482,-40.7906,-42.05,
05-07-2026-Thu 14-08-50-PM,-43.0438,-38.1707,-39.9618,-42.3482,-40.7906,-42.0832,
05-07-2026-Thu 14-08-52-PM,-43.077,-38.1707,-40.0611,-42.3482,-40.8237,-42.0832,
05-07-2026-Thu 14-08-53-PM,-43.1102,-38.1707,-40.0281,-42.3813,-40.8569,-42.0832,
05-07-2026-Thu 14-08-55-PM,-43.1432,-38.2039,-40.0611,-42.4145,-40.8569,-42.1163,
05-07-2026-Thu 14-08-56-PM,-43.1432,-38.237,-40.0281,-42.3482,-40.8569,-42.1163,
05-07-2026-Thu 14-08-58-PM,-43.1432,-38.2702,-40.0944,-42.4145,-40.89,-42.1825,
05-07-2026-Thu 14-08-59-PM,-43.1764,-38.2702,-40.0944,-42.4476,-40.9232,-42.1825,
05-07-2026-Thu 14-09-00-PM,-43.2094,-38.3034,-40.0944,-42.4145,-40.9232,-42.2156,
05-07-2026-Thu 14-09-02-PM,-43.2094,-38.3034,-40.1275,-42.4476,-40.9232,-42.1825,
05-07-2026-Thu 14-09-03-PM,-43.2094,-38.3366,-40.1275,-42.5139,-40.9564,-42.2156,
05-07-2026-Thu 14-09-05-PM,-43.2426,-38.3366,-40.1939,-42.4476,-40.9564,-42.2488,
05-07-2026-Thu 14-09-06-PM,-43.2426,-38.3366,-40.1939,-42.4145,-41.0227,-42.2488,
05-07-2026-Thu 14-09-07-PM,-43.3089,-38.3698,-40.227,-42.4807,-41.0227,-42.2819,
05-07-2026-Thu 14-09-10-PM,-43.2757,-38.3698,-40.1607,-42.4807,-40.9895,-42.3151,
05-07-2026-Thu 14-09-12-PM,-43.3089,-38.4028,-40.2934,-42.5801,-41.0558,-42.3151,
05-07-2026-Thu 14-09-13-PM,-43.375,-38.4361,-40.2934,-42.5469,-41.0558,-42.3482,
05-07-2026-Thu 14-09-14-PM,-43.342,-38.4361,-40.3597,-42.5801,-41.089,-42.3482,
05-07-2026-Thu 14-09-16-PM,-43.342,-38.4361,-40.2934,-42.5801,-41.089,-42.3813,
05-07-2026-Thu 14-09-17-PM,-43.375,-38.4693,-40.3265,-42.5801,-41.089,-42.4145,
05-07-2026-Thu 14-09-19-PM,-43.4082,-38.5024,-40.3265,-42.6464,-41.1221,-42.4145,
05-07-2026-Thu 14-09-20-PM,-43.4082,-38.5024,-40.3927,-42.6133,-41.1221,-42.4145,
05-07-2026-Thu 14-09-21-PM,-43.4082,-38.5024,-40.3597,-42.6133,-41.1552,-42.4476,
05-07-2026-Thu 14-09-23-PM,-43.4082,-38.5356,-40.4591,-42.6133,-41.1884,-42.4807,
05-07-2026-Thu 14-09-24-PM,-43.4745,-38.5687,-40.426,-42.6133,-41.1884,-42.4807,
05-07-2026-Thu 14-09-26-PM,-43.4745,-38.5687,-40.3927,-42.6133,-41.1884,-42.4807,
05-07-2026-Thu 14-09-27-PM,-43.5076,-38.602,-40.426,-42.6464,-41.1884,-42.4807,
05-07-2026-Thu 14-09-29-PM,-43.4745,-38.602,-40.4591,-42.6795,-41.1884,-42.5139,
05-07-2026-Thu 14-09-30-PM,-43.5406,-38.602,-40.4923,-42.6464,-41.2214,-42.5469,
05-07-2026-Thu 14-09-32-PM,-43.5406,-38.6352,-40.5254,-42.7126,-41.2547,-42.5801,
05-07-2026-Thu 14-09-35-PM,-43.5406,-38.6683,-40.4923,-42.7458,-41.2547,-42.5801,
05-07-2026-Thu 14-09-37-PM,-43.5738,-38.7015,-40.5917,-42.7126,-41.2878,-42.6133,
05-07-2026-Thu 14-09-40-PM,-43.6069,-38.7346,-40.658,-42.7789,-41.321,-42.6464,
05-07-2026-Thu 14-09-43-PM,-43.6069,-38.7678,-40.5917,-42.7789,-41.3541,-42.6464,
05-07-2026-Thu 14-09-44-PM,-43.64,-38.801,-40.6912,-42.812,-41.3872,-42.7126,
05-07-2026-Thu 14-09-45-PM,-43.6732,-38.801,-40.6912,-42.8451,-41.3872,-42.7126,
05-07-2026-Thu 14-09-47-PM,-43.6732,-38.801,-40.658,-42.8451,-41.3872,-42.7126,
05-07-2026-Thu 14-09-48-PM,-43.7062,-38.8342,-40.6912,-42.8451,-41.4204,-42.7458,
05-07-2026-Thu 14-09-50-PM,-43.7394,-38.8342,-40.7243,-42.8451,-41.4535,-42.7789,
05-07-2026-Thu 14-09-51-PM,-43.7394,-38.8673,-40.6912,-42.9114,-41.4204,-42.7789,
05-07-2026-Thu 14-09-52-PM,-43.7394,-38.8673,-40.6912,-42.9114,-41.4535,-42.812,
05-07-2026-Thu 14-09-54-PM,-43.7725,-38.9005,-40.7575,-42.8451,-41.4535,-42.812,
05-07-2026-Thu 14-09-55-PM,-43.7725,-38.9337,-40.8237,-42.8782,-41.4866,-42.8451,
05-07-2026-Thu 14-09-57-PM,-43.7725,-38.9337,-40.7906,-42.9114,-41.5198,-42.8451,
05-07-2026-Thu 14-09-58-PM,-43.8057,-38.9337,-40.7906,-42.8451,-41.5198,-42.8451,
05-07-2026-Thu 14-09-59-PM,-43.8057,-38.9669,-40.8569,-42.9114,-41.5198,-42.9114,
05-07-2026-Thu 14-10-01-PM,-43.8387,-38.9669,-40.89,-42.9445,-41.5198,-42.9114,
05-07-2026-Thu 14-10-02-PM,-43.8718,-39.0,-40.8237,-42.9445,-41.5529,-42.9114,
05-07-2026-Thu 14-10-04-PM,-43.8387,-39.0,-40.8569,-42.9776,-41.5529,-42.9114,
05-07-2026-Thu 14-10-05-PM,-43.8718,-39.0,-40.9232,-42.9776,-41.5861,-42.9445,
05-07-2026-Thu 14-10-06-PM,-43.905,-39.0332,-40.9232,-43.0108,-41.6192,-42.9776,
05-07-2026-Thu 14-10-08-PM,-43.905,-39.0332,-40.89,-42.9776,-41.5861,-42.9776,
05-07-2026-Thu 14-10-09-PM,-43.905,-39.0663,-40.9564,-42.9776,-41.6192,-42.9776,
05-07-2026-Thu 14-10-11-PM,-43.9381,-39.0663,-40.9232,-43.0108,-41.6524,-43.0108,
05-07-2026-Thu 14-10-12-PM,-43.9381,-39.0995,-40.9895,-43.0108,-41.6524,-43.0108,
05-07-2026-Thu 14-10-13-PM,-43.9712,-39.1327,-40.9895,-43.0438,-41.6855,-43.0108,
05-07-2026-Thu 14-10-15-PM,-43.9712,-39.1327,-41.0227,-43.077,-41.6855,-43.0438,
05-07-2026-Thu 14-10-16-PM,-44.0043,-39.1327,-41.0227,-43.0438,-41.7186,-43.077,
05-07-2026-Thu 14-10-18-PM,-43.9712,-39.1658,-41.0227,-43.0438,-41.6855,-43.077,
05-07-2026-Thu 14-10-19-PM,-44.0043,-39.199,-41.0227,-43.1102,-41.7186,-43.077,
05-07-2026-Thu 14-10-20-PM,-44.0043,-39.199,-41.0558,-43.1102,-41.7518,-43.077,
05-07-2026-Thu 14-10-22-PM,-44.0374,-39.199,-41.089,-43.1102,-41.7518,-43.1102,
05-07-2026-Thu 14-10-23-PM,-44.0706,-39.2321,-41.089,-43.1102,-41.785,-43.1432,
05-07-2026-Thu 14-10-24-PM,-44.0706,-39.2321,-41.1221,-43.1102,-41.7518,-43.1432,
05-07-2026-Thu 14-10-26-PM,-44.0706,-39.2321,-41.089,-43.1432,-41.785,-43.1764,
05-07-2026-Thu 14-10-27-PM,-44.1037,-39.2654,-41.1221,-43.1764,-41.818,-43.1764,
05-07-2026-Thu 14-10-29-PM,-44.1037,-39.2986,-41.1552,-43.1432,-41.818,-43.2094,
05-07-2026-Thu 14-10-30-PM,-44.1037,-39.2986,-41.1884,-43.2094,-41.818,-43.2094,
05-07-2026-Thu 14-10-31-PM,-44.1368,-39.2986,-41.1884,-43.2426,-41.8512,-43.2094,
05-07-2026-Thu 14-10-33-PM,-44.1368,-39.2986,-41.2547,-43.2757,-41.8512,-43.2426,
05-07-2026-Thu 14-10-34-PM,-44.1698,-39.3317,-41.2547,-43.2426,-41.8512,-43.2426,
05-07-2026-Thu 14-10-35-PM,-44.1698,-39.3649,-41.2547,-43.2426,-41.8842,-43.2426,
05-07-2026-Thu 14-10-37-PM,-44.2029,-39.3649,-41.2547,-43.2757,-41.8842,-43.3089,
05-07-2026-Thu 14-10-38-PM,-44.2029,-39.3979,-41.1884,-43.2094,-41.8842,-43.3089,
05-07-2026-Thu 14-10-40-PM,-44.2361,-39.3979,-41.2214,-43.2757,-41.9174,-43.3089,
05-07-2026-Thu 14-10-41-PM,-44.2029,-39.4312,-41.321,-43.2426,-41.9506,-43.3089,
05-07-2026-Thu 14-10-42-PM,-44.2361,-39.4312,-41.2878,-43.2757,-41.9506,-43.3089,
05-07-2026-Thu 14-10-44-PM,-44.2361,-39.4312,-41.321,-43.2757,-41.9837,-43.375,
05-07-2026-Thu 14-10-45-PM,-44.2692,-39.4643,-41.3541,-43.2757,-41.9837,-43.375,
05-07-2026-Thu 14-10-47-PM,-44.2692,-39.4312,-41.3541,-43.3089,-41.9837,-43.4082,
05-07-2026-Thu 14-10-48-PM,-44.3023,-39.4975,-41.4204,-43.342,-41.9837,-43.4082,
05-07-2026-Thu 14-10-49-PM,-44.3023,-39.4975,-41.3541,-43.3089,-42.0169,-43.4082,
05-07-2026-Thu 14-10-51-PM,-44.3354,-39.4975,-41.3872,-43.342,-42.05,-43.4414,
05-07-2026-Thu 14-10-52-PM,-44.3354,-39.5307,-41.3872,-43.3089,-42.05,-43.4414,
05-07-2026-Thu 14-10-53-PM,-44.3354,-39.5638,-41.4204,-43.3089,-42.0832,-43.4414,
05-07-2026-Thu 14-10-55-PM,-44.3685,-39.5638,-41.4535,-43.4082,-42.05,-43.4745,
05-07-2026-Thu 14-10-56-PM,-44.3685,-39.5638,-41.4535,-43.4082,-42.0832,-43.4414,
05-07-2026-Thu 14-10-58-PM,-44.3685,-39.5638,-41.5198,-43.375,-42.1163,-43.5076,
05-07-2026-Thu 14-10-59-PM,-44.4017,-39.597,-41.5529,-43.4082,-42.0832,-43.4745,
05-07-2026-Thu 14-11-02-PM,-44.4017,-39.6302,-41.4866,-43.342,-42.1163,-43.5076,
05-07-2026-Thu 14-11-04-PM,-44.4348,-39.6302,-41.5861,-43.4414,-42.1494,-43.5406,
05-07-2026-Thu 14-11-07-PM,-44.4679,-39.6965,-41.5861,-43.4414,-42.1825,-43.5406,
05-07-2026-Thu 14-11-10-PM,-44.5009,-39.6965,-41.6192,-43.4745,-42.2156,-43.6069,
05-07-2026-Thu 14-11-13-PM,-44.5009,-39.7295,-41.6524,-43.4745,-42.2156,-43.64,
05-07-2026-Thu 14-11-15-PM,-44.534,-39.7628,-41.6192,-43.5076,-42.2488,-43.6732,
05-07-2026-Thu 14-11-16-PM,-44.5672,-39.796,-41.6855,-43.4745,-42.2819,-43.6732,
05-07-2026-Thu 14-11-17-PM,-44.5672,-39.796,-41.6855,-43.5406,-42.2819,-43.7062,
05-07-2026-Thu 14-11-19-PM,-44.6003,-39.8291,-41.6855,-43.5406,-42.2819,-43.7394,
05-07-2026-Thu 14-11-20-PM,-44.6003,-39.796,-41.7186,-43.5406,-42.3151,-43.7062,
05-07-2026-Thu 14-11-22-PM,-44.6003,-39.8291,-41.7186,-43.5406,-42.3151,-43.7394,
05-07-2026-Thu 14-11-23-PM,-44.6003,-39.8623,-41.785,-43.5406,-42.3482,-43.7394,
05-07-2026-Thu 14-11-25-PM,-44.6334,-39.8954,-41.818,-43.6069,-42.3482,-43.7725,
05-07-2026-Thu 14-11-26-PM,-44.6334,-39.8623,-41.7518,-43.5406,-42.3813,-43.8057,
05-07-2026-Thu 14-11-27-PM,-44.6334,-39.8954,-41.7518,-43.5738,-42.3482,-43.8057,
05-07-2026-Thu 14-11-29-PM,-44.6665,-39.9286,-41.818,-43.6732,-42.4145,-43.8057,
05-07-2026-Thu 14-11-30-PM,-44.6995,-39.9286,-41.818,-43.6069,-42.4145,-43.8057,
05-07-2026-Thu 14-11-32-PM,-44.6995,-39.9618,-41.8842,-43.7062,-42.4145,-43.8718,
05-07-2026-Thu 14-11-33-PM,-44.6995,-39.9618,-41.8512,-43.64,-42.4145,-43.8387,
05-07-2026-Thu 14-11-34-PM,-44.7327,-39.9618,-41.9506,-43.6732,-42.4476,-43.8718,
05-07-2026-Thu 14-11-36-PM,-44.6995,-39.9949,-41.8842,-43.6732,-42.4476,-43.8718,
05-07-2026-Thu 14-11-37-PM,-44.7327,-39.9949,-41.9174,-43.64,-42.5139,-43.8718,
05-07-2026-Thu 14-11-39-PM,-44.7658,-40.0281,-41.9506,-43.6732,-42.4807,-43.8718,
05-07-2026-Thu 14-11-40-PM,-44.7658,-40.0281,-41.9174,-43.7062,-42.4807,-43.905,
05-07-2026-Thu 14-11-41-PM,-44.7989,-40.0281,-41.9837,-43.7394,-42.4807,-43.905,
05-07-2026-Thu 14-11-43-PM,-44.7989,-40.0611,-41.9837,-43.7394,-42.5139,-43.9381,
05-07-2026-Thu 14-11-44-PM,-44.7989,-40.0611,-41.9506,-43.7394,-42.5469,-43.9712,
05-07-2026-Thu 14-11-46-PM,-44.832,-40.0611,-41.9837,-43.7062,-42.5469,-43.9381,
05-07-2026-Thu 14-11-47-PM,-44.832,-40.0944,-42.05,-43.7062,-42.5469,-43.9712,
05-07-2026-Thu 14-11-48-PM,-44.832,-40.1275,-41.9837,-43.7725,-42.5801,-43.9712,
05-07-2026-Thu 14-11-50-PM,-44.832,-40.1275,-42.0832,-43.7394,-42.5801,-44.0374,
05-07-2026-Thu 14-11-51-PM,-44.865,-40.1275,-42.0832,-43.7725,-42.5801,-44.0043,
05-07-2026-Thu 14-11-53-PM,-44.8982,-40.1607,-42.1163,-43.8057,-42.6133,-44.0374,
05-07-2026-Thu 14-11-54-PM,-44.8982,-40.1607,-42.0832,-43.8057,-42.6464,-44.0374,
05-07-2026-Thu 14-11-55-PM,-44.8982,-40.1939,-42.1163,-43.8057,-42.6133,-44.0706,
05-07-2026-Thu 14-11-57-PM,-44.8982,-40.1939,-42.0832,-43.8057,-42.6464,-44.0706,
05-07-2026-Thu 14-11-58-PM,-44.9313,-40.227,-42.1494,-43.8057,-42.6464,-44.1037,
05-07-2026-Thu 14-11-59-PM,-44.9313,-40.227,-42.1825,-43.8387,-42.6795,-44.1037,
05-07-2026-Thu 14-12-01-PM,-44.9644,-40.2602,-42.1163,-43.8718,-42.6795,-44.1368,
05-07-2026-Thu 14-12-02-PM,-44.9313,-40.2934,-42.2156,-43.8387,-42.6795,-44.1368,
05-07-2026-Thu 14-12-04-PM,-44.9644,-40.2602,-42.2156,-43.8387,-42.7126,-44.1368,
05-07-2026-Thu 14-12-05-PM,-44.9644,-40.2602,-42.1825,-43.8718,-42.7126,-44.1368,
05-07-2026-Thu 14-12-07-PM,-44.9975,-40.2934,-42.1825,-43.8718,-42.7458,-44.1698,
05-07-2026-Thu 14-12-08-PM,-44.9975,-40.2934,-42.2156,-43.8718,-42.7458,-44.1698,
05-07-2026-Thu 14-12-09-PM,-44.9975,-40.3265,-42.2488,-43.9381,-42.7126,-44.2029,
05-07-2026-Thu 14-12-11-PM,-45.0306,-40.3265,-42.2819,-43.8718,-42.7789,-44.2029,
05-07-2026-Thu 14-12-12-PM,-45.0306,-40.3597,-42.2819,-43.8718,-42.7789,-44.2361,
05-07-2026-Thu 14-12-14-PM,-45.0306,-40.3597,-42.2819,-43.9381,-42.7789,-44.2029,
05-07-2026-Thu 14-12-15-PM,-45.0637,-40.3927,-42.2819,-43.905,-42.812,-44.2361,
05-07-2026-Thu 14-12-16-PM,-45.0637,-40.3927,-42.3151,-43.9381,-42.812,-44.2692,
05-07-2026-Thu 14-12-18-PM,-45.0637,-40.426,-42.3482,-43.905,-42.812,-44.2692,
05-07-2026-Thu 14-12-19-PM,-45.0969,-40.426,-42.3813,-43.905,-42.812,-44.2692,
05-07-2026-Thu 14-12-21-PM,-45.0969,-40.4591,-42.3151,-44.0043,-42.8451,-44.3023,
05-07-2026-Thu 14-12-22-PM,-45.0969,-40.4591,-42.2819,-44.0043,-42.8451,-44.3023,
05-07-2026-Thu 14-12-23-PM,-45.13,-40.4591,-42.3482,-43.9712,-42.8782,-44.3023,
05-07-2026-Thu 14-12-25-PM,-45.13,-40.4923,-42.3813,-43.9712,-42.8782,-44.3354,
05-07-2026-Thu 14-12-26-PM,-45.163,-40.4923,-42.4476,-44.0374,-42.9114,-44.3354,
05-07-2026-Thu 14-12-28-PM,-45.163,-40.4923,-42.4145,-44.0043,-42.9114,-44.3354,
05-07-2026-Thu 14-12-29-PM,-45.163,-40.5254,-42.4807,-44.0374,-42.9114,-44.3685,
05-07-2026-Thu 14-12-30-PM,-45.163,-40.5254,-42.4145,-44.0043,-42.9445,-44.3685,
05-07-2026-Thu 14-12-32-PM,-45.163,-40.5585,-42.4476,-44.0043,-42.9445,-44.4017,
05-07-2026-Thu 14-12-34-PM,-45.196,-40.5585,-42.5139,-44.0374,-42.9445,-44.4348,
05-07-2026-Thu 14-12-35-PM,-45.2292,-40.5917,-42.5139,-44.0374,-42.9776,-44.4348,
05-07-2026-Thu 14-12-37-PM,-45.196,-40.5585,-42.5139,-44.0706,-43.0108,-44.4348,
05-07-2026-Thu 14-12-38-PM,-45.2623,-40.5917,-42.5139,-44.0374,-43.0108,-44.4348,
05-07-2026-Thu 14-12-39-PM,-45.2623,-40.658,-42.5469,-44.1037,-43.0108,-44.4679,
05-07-2026-Thu 14-12-41-PM,-45.2623,-40.6249,-42.5469,-44.0706,-43.0108,-44.4679,
05-07-2026-Thu 14-12-42-PM,-45.2623,-40.658,-42.5139,-44.0706,-43.0108,-44.4679,
05-07-2026-Thu 14-12-44-PM,-45.2954,-40.658,-42.5469,-44.0706,-43.0438,-44.4679,
05-07-2026-Thu 14-12-45-PM,-45.2954,-40.6912,-42.5801,-44.1037,-43.0438,-44.5009,
05-07-2026-Thu 14-12-46-PM,-45.3285,-40.6912,-42.6133,-44.1368,-43.0438,-44.4679,
05-07-2026-Thu 14-12-48-PM,-45.2954,-40.7243,-42.6133,-44.1698,-43.077,-44.534,
05-07-2026-Thu 14-12-49-PM,-45.3285,-40.7243,-42.6464,-44.1037,-43.077,-44.534,
05-07-2026-Thu 14-12-51-PM,-45.3285,-40.7575,-42.6464,-44.1037,-43.1432,-44.5672,
05-07-2026-Thu 14-12-52-PM,-45.3285,-40.7243,-42.6133,-44.2029,-43.1102,-44.5672,
05-07-2026-Thu 14-12-53-PM,-45.3616,-40.7575,-42.6795,-44.1368,-43.1432,-44.5672,
05-07-2026-Thu 14-12-55-PM,-45.3285,-40.7906,-42.6464,-44.1368,-43.1432,-44.5672,
05-07-2026-Thu 14-12-56-PM,-45.3947,-40.8237,-42.6795,-44.2029,-43.1432,-44.6003,
05-07-2026-Thu 14-12-58-PM,-45.4278,-40.8237,-42.6795,-44.2361,-43.1764,-44.6003,
05-07-2026-Thu 14-12-59-PM,-45.3947,-40.8237,-42.7126,-44.2029,-43.1764,-44.6003,
05-07-2026-Thu 14-13-00-PM,-45.4278,-40.8569,-42.7458,-44.2361,-43.2094,-44.6003,
05-07-2026-Thu 14-13-02-PM,-45.4278,-40.8569,-42.7789,-44.2029,-43.1764,-44.6334,
05-07-2026-Thu 14-13-04-PM,-45.4278,-40.8569,-42.7789,-44.2361,-43.2094,-44.6665,
05-07-2026-Thu 14-13-05-PM,-45.4278,-40.8569,-42.812,-44.2029,-43.2426,-44.6995,
05-07-2026-Thu 14-13-06-PM,-45.4609,-40.8569,-42.7789,-44.2692,-43.2426,-44.6665,
05-07-2026-Thu 14-13-08-PM,-45.4609,-40.89,-42.812,-44.3023,-43.2426,-44.6995,
05-07-2026-Thu 14-13-09-PM,-45.4609,-40.89,-42.812,-44.2692,-43.2757,-44.6995,
05-07-2026-Thu 14-13-11-PM,-45.4609,-40.9232,-42.812,-44.2361,-43.2426,-44.6995,
05-07-2026-Thu 14-13-12-PM,-45.494,-40.9564,-42.8782,-44.3023,-43.2757,-44.7327,
05-07-2026-Thu 14-13-13-PM,-45.494,-40.9564,-42.8451,-44.3023,-43.2757,-44.7327,
05-07-2026-Thu 14-13-15-PM,-45.494,-40.9564,-42.9114,-44.3354,-43.3089,-44.7327,
05-07-2026-Thu 14-13-16-PM,-45.527,-40.9895,-42.8451,-44.3023,-43.3089,-44.7658,
05-07-2026-Thu 14-13-18-PM,-45.494,-40.9895,-42.8782,-44.3354,-43.3089,-44.7658,
05-07-2026-Thu 14-13-19-PM,-45.5602,-40.9895,-42.8782,-44.3023,-43.342,-44.7658,
05-07-2026-Thu 14-13-20-PM,-45.5602,-41.0227,-42.9445,-44.3685,-43.342,-44.7989,
05-07-2026-Thu 14-13-22-PM,-45.5602,-41.0227,-42.9114,-44.3354,-43.342,-44.7989,
05-07-2026-Thu 14-13-23-PM,-45.5602,-41.0558,-42.9445,-44.4017,-43.342,-44.7989,
05-07-2026-Thu 14-13-26-PM,-45.5602,-41.089,-43.0108,-44.3023,-43.375,-44.832,
05-07-2026-Thu 14-13-27-PM,-45.5933,-41.089,-42.9445,-44.4017,-43.4082,-44.865,
05-07-2026-Thu 14-13-29-PM,-45.5933,-41.1221,-43.0438,-44.4017,-43.4082,-44.865,
05-07-2026-Thu 14-13-30-PM,-45.6264,-41.089,-42.9776,-44.3354,-43.4414,-44.832,
05-07-2026-Thu 14-13-31-PM,-45.5933,-41.1221,-43.077,-44.4017,-43.4414,-44.865,
05-07-2026-Thu 14-13-33-PM,-45.6264,-41.1221,-43.0438,-44.3685,-43.4414,-44.8982,
05-07-2026-Thu 14-13-34-PM,-45.6595,-41.1552,-43.077,-44.4348,-43.4414,-44.8982,
05-07-2026-Thu 14-13-36-PM,-45.6595,-41.1552,-43.0438,-44.4348,-43.4745,-44.865,
05-07-2026-Thu 14-13-37-PM,-45.6595,-41.1884,-43.0438,-44.4679,-43.5076,-44.9313,
05-07-2026-Thu 14-13-38-PM,-45.6595,-41.1884,-43.1102,-44.4017,-43.5076,-44.8982,
05-07-2026-Thu 14-13-40-PM,-45.6925,-41.2214,-43.1432,-44.4348,-43.5076,-44.9313,
05-07-2026-Thu 14-13-41-PM,-45.7257,-41.2214,-43.1432,-44.4679,-43.5076,-44.9644,
05-07-2026-Thu 14-13-43-PM,-45.6595,-41.2214,-43.1764,-44.4348,-43.5076,-44.9644,
05-07-2026-Thu 14-13-45-PM,-45.7257,-41.2547,-43.1764,-44.4679,-43.5406,-44.9975,
05-07-2026-Thu 14-13-47-PM,-45.7257,-41.2547,-43.1432,-44.5009,-43.5738,-44.9975,
05-07-2026-Thu 14-13-49-PM,-45.7919,-41.2547,-43.1764,-44.4679,-43.5738,-45.0306,
05-07-2026-Thu 14-13-50-PM,-45.7588,-41.2878,-43.1432,-44.5009,-43.5738,-45.0306,
05-07-2026-Thu 14-13-52-PM,-45.7919,-41.2878,-43.2094,-44.534,-43.6069,-45.0306,
05-07-2026-Thu 14-13-53-PM,-45.7588,-41.321,-43.2094,-44.5009,-43.6069,-45.0306,
05-07-2026-Thu 14-13-54-PM,-45.7919,-41.321,-43.3089,-44.5009,-43.6069,-45.0306,
05-07-2026-Thu 14-13-56-PM,-45.7919,-41.3541,-43.2094,-44.5009,-43.64,-45.0637,
05-07-2026-Thu 14-13-57-PM,-45.7919,-41.3541,-43.2426,-44.6003,-43.64,-45.0637,
05-07-2026-Thu 14-13-59-PM,-45.825,-41.3872,-43.2426,-44.5009,-43.64,-45.0637,
05-07-2026-Thu 14-14-00-PM,-45.825,-41.3872,-43.2426,-44.5672,-43.64,-45.0637,
05-07-2026-Thu 14-14-01-PM,-45.825,-41.3872,-43.342,-44.5672,-43.6732,-45.0969,
05-07-2026-Thu 14-14-03-PM,-45.858,-41.4204,-43.342,-44.6003,-43.6732,-45.13,
05-07-2026-Thu 14-14-04-PM,-45.858,-41.4535,-43.3089,-44.6003,-43.7062,-45.0969,
05-07-2026-Thu 14-14-06-PM,-45.858,-41.4204,-43.4082,-44.6003,-43.7062,-45.13,
05-07-2026-Thu 14-14-07-PM,-45.8911,-41.4535,-43.375,-44.6003,-43.7062,-45.13,
05-07-2026-Thu 14-14-08-PM,-45.858,-41.4535,-43.342,-44.6334,-43.7062,-45.13,
05-07-2026-Thu 14-14-10-PM,-45.8911,-41.4866,-43.375,-44.6334,-43.7394,-45.163,
05-07-2026-Thu 14-14-11-PM,-45.8911,-41.4866,-43.375,-44.6334,-43.7394,-45.163,
05-07-2026-Thu 14-14-13-PM,-45.8911,-41.5198,-43.4082,-44.6334,-43.7394,-45.163,
05-07-2026-Thu 14-14-14-PM,-45.8911,-41.5198,-43.375,-44.6334,-43.8057,-45.196,
05-07-2026-Thu 14-14-15-PM,-45.9242,-41.5198,-43.4082,-44.6334,-43.7725,-45.2292,
05-07-2026-Thu 14-14-17-PM,-45.9573,-41.5529,-43.4414,-44.6665,-43.7725,-45.196,
05-07-2026-Thu 14-14-18-PM,-45.9573,-41.5529,-43.4414,-44.6665,-43.8057,-45.196,
05-07-2026-Thu 14-14-20-PM,-45.9242,-41.5529,-43.4082,-44.6665,-43.8057,-45.2292,
05-07-2026-Thu 14-14-21-PM,-45.9573,-41.5529,-43.5406,-44.6334,-43.8057,-45.2292,
05-07-2026-Thu 14-14-22-PM,-45.9904,-41.5861,-43.4745,-44.6665,-43.8387,-45.2623,
05-07-2026-Thu 14-14-24-PM,-45.9573,-41.5861,-43.5076,-44.6995,-43.8387,-45.2623,
05-07-2026-Thu 14-14-25-PM,-45.9904,-41.5861,-43.5076,-44.6995,-43.8387,-45.2954,
05-07-2026-Thu 14-14-27-PM,-45.9904,-41.6524,-43.5406,-44.6665,-43.8718,-45.2954,
05-07-2026-Thu 14-14-28-PM,-45.9904,-41.6524,-43.5076,-44.6995,-43.8718,-45.2954,
05-07-2026-Thu 14-14-29-PM,-46.0234,-41.6855,-43.5406,-44.6995,-43.905,-45.3285,
05-07-2026-Thu 14-14-31-PM,-46.0234,-41.6524,-43.5406,-44.7327,-43.8718,-45.2954,
05-07-2026-Thu 14-14-32-PM,-45.9904,-41.6524,-43.6069,-44.6995,-43.905,-45.3285,
05-07-2026-Thu 14-14-34-PM,-46.0234,-41.6855,-43.6069,-44.7327,-43.905,-45.3616,
05-07-2026-Thu 14-14-35-PM,-46.0566,-41.7186,-43.5738,-44.7658,-43.905,-45.3285,
05-07-2026-Thu 14-14-36-PM,-46.0566,-41.7186,-43.7062,-44.6995,-43.9381,-45.3616,
05-07-2026-Thu 14-14-38-PM,-46.0566,-41.7186,-43.64,-44.7327,-43.9381,-45.3285,
05-07-2026-Thu 14-14-39-PM,-46.0897,-41.7518,-43.64,-44.7327,-43.9381,-45.3947,
05-07-2026-Thu 14-14-41-PM,-46.0566,-41.7518,-43.6732,-44.7989,-43.9381,-45.3616,
05-07-2026-Thu 14-14-42-PM,-46.0897,-41.7518,-43.6732,-44.7327,-43.9712,-45.3947,
05-07-2026-Thu 14-14-43-PM,-46.0897,-41.7518,-43.7062,-44.7989,-43.9381,-45.3616,
05-07-2026-Thu 14-14-45-PM,-46.1228,-41.785,-43.7062,-44.7989,-43.9712,-45.3947,
05-07-2026-Thu 14-14-46-PM,-46.1228,-41.785,-43.7062,-44.832,-43.9712,-45.3947,
05-07-2026-Thu 14-14-48-PM,-46.1559,-41.818,-43.7062,-44.865,-44.0043,-45.4278,
05-07-2026-Thu 14-14-49-PM,-46.1559,-41.8512,-43.7394,-44.8982,-44.0043,-45.4278,
05-07-2026-Thu 14-14-50-PM,-46.1888,-41.8512,-43.8387,-44.8982,-44.0374,-45.4609,
05-07-2026-Thu 14-14-52-PM,-46.1888,-41.8842,-43.8387,-44.9313,-44.0706,-45.494,
05-07-2026-Thu 14-14-53-PM,-46.222,-41.9174,-43.8718,-44.9975,-44.1037,-45.4609,
05-07-2026-Thu 14-14-55-PM,-46.222,-41.9174,-43.8718,-45.0969,-44.1037,-45.494,
05-07-2026-Thu 14-14-56-PM,-46.2551,-41.9506,-43.905,-45.13,-44.1698,-45.494,
05-07-2026-Thu 14-14-57-PM,-46.2551,-42.0169,-43.9712,-45.2292,-44.2361,-45.527,
05-07-2026-Thu 14-14-59-PM,-46.3213,-42.05,-43.9712,-45.2954,-44.2361,-45.5602,
05-07-2026-Thu 14-15-00-PM,-46.3543,-42.0832,-44.0043,-45.3616,-44.3023,-45.5602,
05-07-2026-Thu 14-15-02-PM,-46.3875,-42.1494,-44.0374,-45.4609,-44.3354,-45.5933,
05-07-2026-Thu 14-15-03-PM,-46.4205,-42.1494,-44.0706,-45.494,-44.3685,-45.5933,
05-07-2026-Thu 14-15-04-PM,-46.4536,-42.2156,-44.1037,-45.5933,-44.4348,-45.6264,
05-07-2026-Thu 14-15-06-PM,-46.5197,-42.2488,-44.1698,-45.6925,-44.4679,-45.6264,
05-07-2026-Thu 14-15-07-PM,-46.5197,-42.3151,-44.2692,-45.7257,-44.534,-45.6595,
05-07-2026-Thu 14-15-09-PM,-46.5529,-42.3151,-44.2361,-45.7257,-44.5672,-45.6595,
05-07-2026-Thu 14-15-10-PM,-46.586,-42.3482,-44.3354,-45.7919,-44.6334,-45.7257,
05-07-2026-Thu 14-15-11-PM,-46.6521,-42.3813,-44.3023,-45.8911,-44.6665,-45.7588,
05-07-2026-Thu 14-15-13-PM,-46.6521,-42.4476,-44.3354,-45.8911,-44.6995,-45.7588,
05-07-2026-Thu 14-15-14-PM,-46.6852,-42.4807,-44.4348,-45.9573,-44.7327,-45.7919,
05-07-2026-Thu 14-15-16-PM,-46.7514,-42.4807,-44.4348,-45.9573,-44.7658,-45.825,
05-07-2026-Thu 14-15-17-PM,-46.7514,-42.5139,-44.4348,-46.0234,-44.832,-45.825,
05-07-2026-Thu 14-15-18-PM,-46.7845,-42.5469,-44.534,-46.0566,-44.832,-45.858,
05-07-2026-Thu 14-15-20-PM,-46.8176,-42.5801,-44.534,-46.1559,-44.8982,-45.8911,
05-07-2026-Thu 14-15-21-PM,-46.8505,-42.6464,-44.5672,-46.1559,-44.9313,-45.9242,
05-07-2026-Thu 14-15-23-PM,-46.8837,-42.6795,-44.6334,-46.222,-44.9644,-45.9573,
05-07-2026-Thu 14-15-24-PM,-46.9167,-42.7126,-44.6334,-46.2882,-44.9975,-45.9573,
05-07-2026-Thu 14-15-25-PM,-46.9167,-42.7126,-44.6995,-46.2882,-45.0637,-45.9573,
05-07-2026-Thu 14-15-27-PM,-46.9498,-42.7789,-44.7658,-46.3213,-45.0969,-45.9904,
05-07-2026-Thu 14-15-28-PM,-46.9829,-42.812,-44.7658,-46.3875,-45.13,-46.0566,
05-07-2026-Thu 14-15-30-PM,-47.0159,-42.8451,-44.7989,-46.4536,-45.196,-46.0566,
05-07-2026-Thu 14-15-31-PM,-47.0822,-42.8782,-44.832,-46.4867,-45.2292,-46.0897,
05-07-2026-Thu 14-15-33-PM,-47.1153,-42.9114,-44.865,-46.5197,-45.2623,-46.0897,
05-07-2026-Thu 14-15-34-PM,-47.1483,-42.9445,-44.8982,-46.5529,-45.2954,-46.1228,
05-07-2026-Thu 14-15-35-PM,-47.1813,-42.9776,-44.9644,-46.6521,-45.3285,-46.1888,
05-07-2026-Thu 14-15-37-PM,-47.2144,-43.0438,-44.9644,-46.6521,-45.3616,-46.1888,
05-07-2026-Thu 14-15-38-PM,-47.2475,-43.0438,-44.9975,-46.6852,-45.3947,-46.222,
05-07-2026-Thu 14-15-39-PM,-47.2475,-43.077,-45.0969,-46.7183,-45.4278,-46.222,
05-07-2026-Thu 14-15-41-PM,-47.3137,-43.1102,-45.0637,-46.7845,-45.494,-46.2551,
05-07-2026-Thu 14-15-42-PM,-47.3137,-43.1432,-45.0969,-46.8176,-45.527,-46.2882,
05-07-2026-Thu 14-15-43-PM,-47.3467,-43.1764,-45.13,-46.8505,-45.527,-46.2882,
05-07-2026-Thu 14-15-45-PM,-47.3799,-43.2094,-45.2292,-46.9498,-45.5933,-46.2882,
05-07-2026-Thu 14-15-46-PM,-47.4129,-43.2426,-45.2292,-46.8837,-45.6264,-46.3543,
05-07-2026-Thu 14-15-47-PM,-47.4129,-43.2757,-45.2292,-46.9498,-45.6595,-46.3875,
05-07-2026-Thu 14-15-49-PM,-47.512,-43.3089,-45.3285,-47.0159,-45.6925,-46.3875,
05-07-2026-Thu 14-15-50-PM,-47.512,-43.3089,-45.3285,-47.0491,-45.7257,-46.4205,
05-07-2026-Thu 14-15-52-PM,-47.5452,-43.375,-45.3947,-47.0822,-45.7588,-46.4536,
05-07-2026-Thu 14-15-53-PM,-47.5783,-43.375,-45.3616,-47.0822,-45.7919,-46.4867,
05-07-2026-Thu 14-15-54-PM,-47.6113,-43.4414,-45.4278,-47.1483,-45.825,-46.5197,
05-07-2026-Thu 14-15-56-PM,-47.6113,-43.4745,-45.4278,-47.1483,-45.8911,-46.5197,
05-07-2026-Thu 14-15-57-PM,-47.6774,-43.4745,-45.494,-47.1483,-45.9242,-46.5529,
05-07-2026-Thu 14-15-59-PM,-47.7106,-43.5406,-45.527,-47.2144,-45.9242,-46.586,
05-07-2026-Thu 14-16-00-PM,-47.7106,-43.5406,-45.494,-47.2475,-45.9573,-46.619,
05-07-2026-Thu 14-16-01-PM,-47.7437,-43.5738,-45.527,-47.3467,-46.0234,-46.6521,
05-07-2026-Thu 14-16-03-PM,-47.7767,-43.64,-45.5602,-47.3467,-46.0234,-46.6521,
05-07-2026-Thu 14-16-04-PM,-47.8098,-43.64,-45.5933,-47.3799,-46.0566,-46.6852,
05-07-2026-Thu 14-16-06-PM,-47.8427,-43.6732,-45.6925,-47.4129,-46.0897,-46.6852,
05-07-2026-Thu 14-16-07-PM,-47.8759,-43.7062,-45.6925,-47.446,-46.1228,-46.7183,
05-07-2026-Thu 14-16-08-PM,-47.909,-43.7394,-45.6595,-47.512,-46.1559,-46.7514,
05-07-2026-Thu 14-16-10-PM,-47.942,-43.7725,-45.7257,-47.512,-46.1888,-46.7845,
05-07-2026-Thu 14-16-13-PM,-47.9751,-43.8057,-45.7588,-47.5452,-46.222,-46.8176,
05-07-2026-Thu 14-16-16-PM,-48.0081,-43.905,-45.7919,-47.5783,-46.2882,-46.8837,
05-07-2026-Thu 14-16-17-PM,-48.0743,-43.9381,-45.9573,-47.6774,-46.3213,-46.9167,
05-07-2026-Thu 14-16-19-PM,-48.1074,-43.9712,-45.9242,-47.7437,-46.3875,-46.9498,
05-07-2026-Thu 14-16-20-PM,-48.1734,-44.0043,-45.9573,-47.7106,-46.4205,-46.9829,
05-07-2026-Thu 14-16-21-PM,-48.1734,-44.0043,-46.0566,-47.7437,-46.4536,-46.9498,
05-07-2026-Thu 14-16-23-PM,-48.2396,-44.0374,-46.0897,-47.8098,-46.4536,-47.0491,
05-07-2026-Thu 14-16-24-PM,-48.2396,-44.1037,-46.0566,-47.8098,-46.5197,-47.0491,
05-07-2026-Thu 14-16-26-PM,-48.2727,-44.1368,-46.0566,-47.8098,-46.5529,-47.0491,
05-07-2026-Thu 14-16-27-PM,-48.2727,-44.1368,-46.1228,-47.8759,-46.5529,-47.0822,
05-07-2026-Thu 14-16-28-PM,-48.3058,-44.1698,-46.1559,-47.942,-46.586,-47.1153,
05-07-2026-Thu 14-16-30-PM,-48.3719,-44.2029,-46.1559,-47.909,-46.619,-47.1483,
05-07-2026-Thu 14-16-31-PM,-48.3719,-44.2361,-46.1888,-48.0412,-46.6521,-47.1813,
05-07-2026-Thu 14-16-33-PM,-48.438,-44.2361,-46.2551,-48.0081,-46.6852,-47.2144,
05-07-2026-Thu 14-16-34-PM,-48.438,-44.2692,-46.3213,-48.0412,-46.7183,-47.2144,
05-07-2026-Thu 14-16-35-PM,-48.4711,-44.3354,-46.2551,-48.0081,-46.7514,-47.2475,
05-07-2026-Thu 14-16-37-PM,-48.504,-44.3354,-46.3213,-48.1074,-46.7514,-47.2806,
05-07-2026-Thu 14-16-38-PM,-48.504,-44.3685,-46.3875,-48.1074,-46.7845,-47.2806,
05-07-2026-Thu 14-16-40-PM,-48.5372,-44.4017,-46.3875,-48.1074,-46.8176,-47.3137,
05-07-2026-Thu 14-16-41-PM,-48.5703,-44.4348,-46.3543,-48.1405,-46.8505,-47.3467,
05-07-2026-Thu 14-16-42-PM,-48.6033,-44.4679,-46.4867,-48.2396,-46.8837,-47.3467,
05-07-2026-Thu 14-16-44-PM,-48.6364,-44.5009,-46.4536,-48.2396,-46.9167,-47.3799,
05-07-2026-Thu 14-16-45-PM,-48.6364,-44.5009,-46.4867,-48.2727,-46.9498,-47.446,
05-07-2026-Thu 14-16-46-PM,-48.6694,-44.534,-46.5197,-48.2396,-46.9498,-47.4129,
05-07-2026-Thu 14-16-48-PM,-48.7025,-44.5672,-46.586,-48.2727,-46.9829,-47.446,
05-07-2026-Thu 14-16-49-PM,-48.7356,-44.5672,-46.619,-48.3388,-47.0491,-47.4791,
05-07-2026-Thu 14-16-52-PM,-48.7686,-44.6003,-46.6521,-48.3388,-47.0491,-47.512,
05-07-2026-Thu 14-16-55-PM,-48.8017,-44.6334,-46.6521,-48.438,-47.0822,-47.5452,
05-07-2026-Thu 14-16-57-PM,-48.8678,-44.7327,-46.7183,-48.4711,-47.1483,-47.6113,
05-07-2026-Thu 14-16-58-PM,-48.9339,-44.7658,-46.7845,-48.4711,-47.1483,-47.6113,
05-07-2026-Thu 14-16-59-PM,-48.9669,-44.7658,-46.7845,-48.504,-47.2144,-47.6774,
05-07-2026-Thu 14-17-01-PM,-48.9669,-44.7989,-46.7514,-48.6364,-47.2144,-47.6774,
05-07-2026-Thu 14-17-02-PM,-48.9669,-44.832,-46.8505,-48.5372,-47.2806,-47.7106,
05-07-2026-Thu 14-17-03-PM,-49.0331,-44.865,-46.8505,-48.5372,-47.2806,-47.7437,
05-07-2026-Thu 14-17-05-PM,-49.0331,-44.8982,-46.8837,-48.6364,-47.2806,-47.7437,
05-07-2026-Thu 14-17-06-PM,-49.0661,-44.8982,-46.8837,-48.6694,-47.3137,-47.7767,
05-07-2026-Thu 14-17-08-PM,-49.0992,-44.9313,-46.9498,-48.7025,-47.3467,-47.8098,
05-07-2026-Thu 14-17-09-PM,-49.0992,-44.9644,-46.9167,-48.7025,-47.3799,-47.8098,
05-07-2026-Thu 14-17-11-PM,-49.1652,-44.9975,-46.9498,-48.6694,-47.4129,-47.8427,
05-07-2026-Thu 14-17-12-PM,-49.1984,-45.0306,-47.0159,-48.7356,-47.4129,-47.909,
05-07-2026-Thu 14-17-14-PM,-49.1984,-45.0637,-47.0159,-48.8346,-47.446,-47.909,
05-07-2026-Thu 14-17-15-PM,-49.2314,-45.0637,-47.0159,-48.8017,-47.4791,-47.909,
05-07-2026-Thu 14-17-16-PM,-49.2644,-45.0969,-47.1153,-48.7356,-47.512,-47.942,
05-07-2026-Thu 14-17-18-PM,-49.2975,-45.13,-47.0822,-48.7686,-47.512,-47.9751,
05-07-2026-Thu 14-17-19-PM,-49.3305,-45.163,-47.1813,-48.8678,-47.5783,-47.9751,
05-07-2026-Thu 14-17-21-PM,-49.3305,-45.163,-47.1483,-48.9008,-47.5783,-48.0081,
05-07-2026-Thu 14-17-22-PM,-49.3967,-45.196,-47.1813,-48.9008,-47.6113,-48.0412,
05-07-2026-Thu 14-17-23-PM,-49.3967,-45.2292,-47.2475,-48.9669,-47.6444,-48.0743,
05-07-2026-Thu 14-17-25-PM,-49.4297,-45.2623,-47.2806,-48.9339,-47.6444,-48.0743,
05-07-2026-Thu 14-17-26-PM,-49.4628,-45.2623,-47.3137,-48.9008,-47.6444,-48.1405,
05-07-2026-Thu 14-17-28-PM,-49.4957,-45.2954,-47.3137,-48.9999,-47.6774,-48.1405,
05-07-2026-Thu 14-17-29-PM,-49.4957,-45.3285,-47.3467,-49.0331,-47.7437,-48.1405,
05-07-2026-Thu 14-17-31-PM,-49.5289,-45.3616,-47.2806,-49.1652,-47.7437,-48.1734,
05-07-2026-Thu 14-17-32-PM,-49.5619,-45.3616,-47.3799,-49.1322,-47.7767,-48.2066,
05-07-2026-Thu 14-17-33-PM,-49.5949,-45.4278,-47.3799,-49.1322,-47.7767,-48.2066,
05-07-2026-Thu 14-17-35-PM,-49.628,-45.3947,-47.4129,-49.1652,-47.8098,-48.2396,
05-07-2026-Thu 14-17-36-PM,-49.628,-45.4609,-47.4129,-49.1322,-47.8098,-48.2396,
05-07-2026-Thu 14-17-37-PM,-49.661,-45.494,-47.446,-49.1984,-47.8759,-48.3058,
05-07-2026-Thu 14-17-39-PM,-49.6941,-45.494,-47.4791,-49.2314,-47.8759,-48.3058,
05-07-2026-Thu 14-17-40-PM,-49.7271,-45.527,-47.5783,-49.2644,-47.909,-48.3388,
05-07-2026-Thu 14-17-42-PM,-49.7271,-45.527,-47.5452,-49.1984,-47.942,-48.3719,
05-07-2026-Thu 14-17-43-PM,-49.7932,-45.5602,-47.5452,-49.2644,-47.9751,-48.405,
05-07-2026-Thu 14-17-44-PM,-49.7932,-45.5933,-47.6113,-49.2314,-47.9751,-48.438,
05-07-2026-Thu 14-17-46-PM,-49.8262,-45.5933,-47.6113,-49.3967,-47.9751,-48.438,
05-07-2026-Thu 14-17-47-PM,-49.8262,-45.6595,-47.6774,-49.2644,-48.0081,-48.438,
05-07-2026-Thu 14-17-49-PM,-49.8923,-45.6595,-47.7106,-49.3636,-48.0412,-48.504,
05-07-2026-Thu 14-17-50-PM,-49.8923,-45.6925,-47.6444,-49.3636,-48.0743,-48.504,
05-07-2026-Thu 14-17-51-PM,-49.9254,-45.7257,-47.7106,-49.4297,-48.0743,-48.504,
05-07-2026-Thu 14-17-53-PM,-49.9585,-45.7257,-47.7106,-49.4957,-48.1074,-48.5703,
05-07-2026-Thu 14-17-54-PM,-49.9914,-45.7588,-47.7437,-49.3967,-48.1405,-48.6033,
05-07-2026-Thu 14-17-56-PM,-50.0245,-45.7919,-47.8098,-49.5289,-48.1734,-48.6033,
05-07-2026-Thu 14-17-57-PM,-50.0245,-45.7919,-47.8098,-49.4957,-48.1734,-48.6033,
05-07-2026-Thu 14-17-58-PM,-50.0576,-45.825,-47.8098,-49.4957,-48.2066,-48.6364,
05-07-2026-Thu 14-18-00-PM,-50.0906,-45.858,-47.8427,-49.5619,-48.2396,-48.6694,
05-07-2026-Thu 14-18-01-PM,-50.0906,-45.8911,-47.8759,-49.5289,-48.2396,-48.6694,
05-07-2026-Thu 14-18-02-PM,-50.1237,-45.9242,-47.8759,-49.628,-48.2396,-48.7356,
05-07-2026-Thu 14-18-04-PM,-50.1237,-45.9242,-47.8759,-49.5949,-48.2727,-48.7356,
05-07-2026-Thu 14-18-06-PM,-50.1898,-45.9573,-47.8759,-49.628,-48.3058,-48.7686,
05-07-2026-Thu 14-18-08-PM,-50.2558,-45.9904,-47.942,-49.628,-48.3719,-48.8346,
05-07-2026-Thu 14-18-11-PM,-50.2558,-45.9904,-48.0081,-49.7602,-48.3719,-48.8017,
05-07-2026-Thu 14-18-13-PM,-50.2889,-46.0234,-48.0412,-49.7271,-48.438,-48.8346,
05-07-2026-Thu 14-18-14-PM,-50.3218,-46.0897,-48.0412,-49.7602,-48.438,-48.9008,
05-07-2026-Thu 14-18-15-PM,-50.3549,-46.0897,-48.0743,-49.7932,-48.4711,-48.9008,
05-07-2026-Thu 14-18-17-PM,-50.388,-46.1228,-48.1405,-49.7932,-48.4711,-48.9669,
05-07-2026-Thu 14-18-18-PM,-50.388,-46.1559,-48.2066,-49.7932,-48.504,-48.9669,
05-07-2026-Thu 14-18-20-PM,-50.4541,-46.1559,-48.1734,-49.7932,-48.5372,-48.9999,
05-07-2026-Thu 14-18-21-PM,-50.4541,-46.1888,-48.2066,-49.8593,-48.5703,-48.9999,
05-07-2026-Thu 14-18-22-PM,-50.4871,-46.222,-48.2066,-49.8923,-48.5703,-49.0331,
05-07-2026-Thu 14-18-24-PM,-50.5202,-46.222,-48.2066,-49.9254,-48.6033,-49.0661,
05-07-2026-Thu 14-18-25-PM,-50.5202,-46.2551,-48.2396,-49.8923,-48.6033,-49.0992,
05-07-2026-Thu 14-18-27-PM,-50.5862,-46.2551,-48.2066,-49.9254,-48.6364,-49.0992,
05-07-2026-Thu 14-18-28-PM,-50.5862,-46.3213,-48.3058,-50.0245,-48.6364,-49.1322,
05-07-2026-Thu 14-18-29-PM,-50.6192,-46.3213,-48.3719,-49.9914,-48.6694,-49.1322,
05-07-2026-Thu 14-18-31-PM,-50.6192,-46.3213,-48.438,-50.0245,-48.7025,-49.1652,
05-07-2026-Thu 14-18-32-PM,-50.6853,-46.3543,-48.405,-49.9914,-48.7025,-49.1652,
05-07-2026-Thu 14-18-34-PM,-50.6853,-46.3875,-48.405,-49.9585,-48.7356,-49.1984,
05-07-2026-Thu 14-18-35-PM,-50.7184,-46.4205,-48.3719,-49.9914,-48.7356,-49.2314,
05-07-2026-Thu 14-18-36-PM,-50.7514,-46.4205,-48.405,-50.1237,-48.7686,-49.2314,
05-07-2026-Thu 14-18-38-PM,-50.7514,-46.4536,-48.438,-50.0576,-48.8017,-49.2644,
05-07-2026-Thu 14-18-39-PM,-50.7844,-46.4867,-48.438,-50.0906,-48.8017,-49.2975,
05-07-2026-Thu 14-18-41-PM,-50.8174,-46.4867,-48.504,-50.1567,-48.8346,-49.3305,
05-07-2026-Thu 14-18-42-PM,-50.8505,-46.5197,-48.5372,-50.1237,-48.8678,-49.3636,
05-07-2026-Thu 14-18-43-PM,-50.8505,-46.5529,-48.5703,-50.1898,-48.9008,-49.3636,
05-07-2026-Thu 14-18-45-PM,-50.8505,-46.586,-48.5703,-50.2228,-48.9008,-49.3967,
05-07-2026-Thu 14-18-46-PM,-50.8835,-46.586,-48.5703,-50.2558,-48.9339,-49.3967,
05-07-2026-Thu 14-18-47-PM,-50.9165,-46.619,-48.6364,-50.2558,-48.9339,-49.4297,
05-07-2026-Thu 14-18-49-PM,-50.9496,-46.619,-48.7025,-50.2228,-48.9339,-49.4628,
05-07-2026-Thu 14-18-50-PM,-50.9825,-46.619,-48.6364,-50.3549,-48.9669,-49.4628,
05-07-2026-Thu 14-18-51-PM,-50.9825,-46.6521,-48.6033,-50.3549,-48.9999,-49.4628,
05-07-2026-Thu 14-18-53-PM,-51.0156,-46.6521,-48.7356,-50.3549,-49.0331,-49.4957,
05-07-2026-Thu 14-18-54-PM,-51.0156,-46.7183,-48.6694,-50.2889,-49.0331,-49.5289,
05-07-2026-Thu 14-18-56-PM,-51.0487,-46.7514,-48.7025,-50.3218,-49.0661,-49.5289,
05-07-2026-Thu 14-18-57-PM,-51.0817,-46.7514,-48.7025,-50.4541,-49.0661,-49.5619,
05-07-2026-Thu 14-18-58-PM,-51.0817,-46.7514,-48.6694,-50.2228,-49.0992,-49.5949,
05-07-2026-Thu 14-19-00-PM,-51.1148,-46.7845,-48.8017,-50.421,-49.0992,-49.661,
05-07-2026-Thu 14-19-01-PM,-51.1808,-46.8176,-48.8346,-50.3549,-49.1322,-49.628,
05-07-2026-Thu 14-19-03-PM,-51.1478,-46.8176,-48.8017,-50.4871,-49.1652,-49.661,
05-07-2026-Thu 14-19-04-PM,-51.2139,-46.8505,-48.8678,-50.421,-49.1652,-49.6941,
05-07-2026-Thu 14-19-05-PM,-51.2469,-46.8837,-48.8678,-50.4871,-49.1652,-49.7271,
05-07-2026-Thu 14-19-07-PM,-51.2469,-46.8837,-48.8346,-50.4871,-49.1984,-49.7602,
05-07-2026-Thu 14-19-08-PM,-51.2469,-46.9167,-48.9008,-50.6192,-49.1984,-49.7602,
05-07-2026-Thu 14-19-10-PM,-51.2799,-46.9167,-48.9008,-50.4871,-49.2644,-49.7932,
05-07-2026-Thu 14-19-11-PM,-51.3129,-46.9498,-48.9339,-50.5862,-49.2644,-49.7932,
05-07-2026-Thu 14-19-13-PM,-51.3459,-46.9829,-48.9339,-50.5531,-49.2644,-49.8262,
05-07-2026-Thu 14-19-14-PM,-51.379,-47.0159,-49.0331,-50.5531,-49.2975,-49.8262,
05-07-2026-Thu 14-19-16-PM,-51.379,-47.0491,-49.0331,-50.5862,-49.3305,-49.8923,
05-07-2026-Thu 14-19-17-PM,-51.412,-47.0491,-48.9669,-50.5862,-49.3636,-49.8923,
05-07-2026-Thu 14-19-18-PM,-51.445,-47.0491,-49.0661,-50.6522,-49.3636,-49.8923,
05-07-2026-Thu 14-19-20-PM,-51.445,-47.0822,-48.9999,-50.6522,-49.3967,-49.9585,
05-07-2026-Thu 14-19-21-PM,-51.478,-47.0822,-49.0661,-50.7184,-49.3967,-49.9254,
05-07-2026-Thu 14-19-23-PM,-51.5111,-47.1483,-49.0992,-50.6853,-49.3967,-49.9914,
05-07-2026-Thu 14-19-24-PM,-51.5111,-47.1483,-49.1322,-50.7514,-49.4297,-49.9914,
05-07-2026-Thu 14-19-25-PM,-51.5441,-47.1813,-49.0992,-50.7184,-49.4628,-49.9914,
05-07-2026-Thu 14-19-27-PM,-51.5441,-47.1483,-49.1652,-50.7514,-49.4628,-50.0576,
05-07-2026-Thu 14-19-28-PM,-51.6102,-47.2144,-49.2314,-50.7844,-49.4628,-50.0906,
05-07-2026-Thu 14-19-30-PM,-51.6102,-47.2475,-49.2644,-50.8174,-49.5289,-50.0906,
05-07-2026-Thu 14-19-31-PM,-51.6431,-47.2475,-49.1984,-50.7844,-49.5289,-50.0906,
05-07-2026-Thu 14-19-32-PM,-51.6431,-47.2475,-49.2975,-50.8174,-49.5619,-50.1237,
05-07-2026-Thu 14-19-34-PM,-51.7092,-47.2806,-49.3305,-50.9165,-49.5949,-50.1567,
05-07-2026-Thu 14-19-35-PM,-51.7092,-47.3137,-49.2314,-50.8174,-49.5949,-50.1898,
05-07-2026-Thu 14-19-37-PM,-51.7092,-47.3467,-49.2975,-50.8835,-49.628,-50.1898,
05-07-2026-Thu 14-19-38-PM,-51.7753,-47.3467,-49.3967,-50.8835,-49.628,-50.1898,
05-07-2026-Thu 14-19-39-PM,-51.7753,-47.3467,-49.3967,-50.8835,-49.661,-50.2228,
05-07-2026-Thu 14-19-41-PM,-51.8082,-47.4129,-49.3636,-50.8835,-49.6941,-50.2558,
05-07-2026-Thu 14-19-42-PM,-51.8082,-47.4129,-49.4297,-50.9825,-49.661,-50.2889,
05-07-2026-Thu 14-19-44-PM,-51.8414,-47.4129,-49.4297,-51.0487,-49.6941,-50.2889,
05-07-2026-Thu 14-19-45-PM,-51.8414,-47.446,-49.4628,-51.0817,-49.7271,-50.3218,
05-07-2026-Thu 14-19-46-PM,-51.8744,-47.4791,-49.5619,-51.0487,-49.7271,-50.3218,
05-07-2026-Thu 14-19-48-PM,-51.9073,-47.512,-49.4957,-50.9496,-49.7602,-50.388,
05-07-2026-Thu 14-19-49-PM,-51.9073,-47.512,-49.5289,-51.0156,-49.7602,-50.3549,
05-07-2026-Thu 14-19-52-PM,-51.9733,-47.5452,-49.5619,-51.1478,-49.7932,-50.421,
05-07-2026-Thu 14-19-55-PM,-51.9733,-47.6113,-49.4957,-51.1478,-49.8262,-50.4541,
05-07-2026-Thu 14-19-56-PM,-52.0395,-47.6113,-49.5949,-51.0487,-49.8593,-50.4871,
05-07-2026-Thu 14-19-58-PM,-52.0395,-47.6113,-49.628,-51.1808,-49.9254,-50.5202,
05-07-2026-Thu 14-19-59-PM,-52.0725,-47.6774,-49.628,-51.1478,-49.8923,-50.5202,
05-07-2026-Thu 14-20-01-PM,-52.0725,-47.6774,-49.628,-51.1808,-49.9254,-50.5202,
05-07-2026-Thu 14-20-02-PM,-52.1055,-47.7106,-49.661,-51.2469,-49.9254,-50.5531,
05-07-2026-Thu 14-20-03-PM,-52.1385,-47.7106,-49.661,-51.2469,-49.9585,-50.5862,
05-07-2026-Thu 14-20-05-PM,-52.1715,-47.7437,-49.6941,-51.2139,-49.9914,-50.5862,
05-07-2026-Thu 14-20-06-PM,-52.1715,-47.7767,-49.6941,-51.2469,-49.9914,-50.6192,
05-07-2026-Thu 14-20-08-PM,-52.2375,-47.8098,-49.7932,-51.2799,-49.9914,-50.6192,
05-07-2026-Thu 14-20-09-PM,-52.2046,-47.8098,-49.7602,-51.2469,-50.0245,-50.6522,
05-07-2026-Thu 14-20-10-PM,-52.2046,-47.8098,-49.7602,-51.3129,-50.0245,-50.6853,
05-07-2026-Thu 14-20-12-PM,-52.2706,-47.8098,-49.8262,-51.478,-50.0576,-50.7184,
05-07-2026-Thu 14-20-13-PM,-52.2706,-47.8427,-49.8593,-51.379,-50.0576,-50.7184,
05-07-2026-Thu 14-20-14-PM,-52.3035,-47.8759,-49.8593,-51.412,-50.0906,-50.7514,
05-07-2026-Thu 14-20-16-PM,-52.3035,-47.8759,-49.8923,-51.478,-50.1237,-50.7514,
05-07-2026-Thu 14-20-17-PM,-52.3366,-47.909,-49.8923,-51.412,-50.1237,-50.7844,
05-07-2026-Thu 14-20-20-PM,-52.3366,-47.909,-49.8262,-51.3459,-50.1567,-50.8174,
05-07-2026-Thu 14-20-23-PM,-52.4027,-47.942,-49.9254,-51.5111,-50.1898,-50.8505,
05-07-2026-Thu 14-20-25-PM,-52.4357,-48.0081,-49.9914,-51.412,-50.2228,-50.8835,
05-07-2026-Thu 14-20-26-PM,-52.4686,-48.0412,-50.0906,-51.412,-50.2558,-50.9165,
05-07-2026-Thu 14-20-27-PM,-52.4686,-48.0412,-49.9914,-51.5441,-50.2558,-50.9165,
05-07-2026-Thu 14-20-29-PM,-52.5347,-48.0743,-50.0245,-51.5441,-50.2889,-50.9496,
05-07-2026-Thu 14-20-30-PM,-52.5347,-48.1074,-50.0576,-51.5441,-50.2889,-50.9496,
05-07-2026-Thu 14-20-32-PM,-52.5347,-48.0743,-50.0906,-51.5111,-50.2889,-50.9825,
05-07-2026-Thu 14-20-33-PM,-52.5678,-48.1074,-50.0576,-51.6102,-50.3218,-51.0156,
05-07-2026-Thu 14-20-34-PM,-52.5678,-48.1405,-50.0576,-51.5441,-50.3218,-51.0487,
05-07-2026-Thu 14-20-36-PM,-52.6007,-48.1405,-50.0906,-51.5771,-50.3549,-51.0487,
05-07-2026-Thu 14-20-38-PM,-52.6337,-48.1734,-50.1567,-51.5771,-50.3549,-51.0817,
05-07-2026-Thu 14-20-39-PM,-52.6337,-48.2066,-50.2228,-51.6431,-50.388,-51.0817,
05-07-2026-Thu 14-20-40-PM,-52.6337,-48.2066,-50.1898,-51.6431,-50.421,-51.0817,
05-07-2026-Thu 14-20-42-PM,-52.6667,-48.2396,-50.2889,-51.6762,-50.421,-51.1148,
05-07-2026-Thu 14-20-43-PM,-52.6998,-48.2727,-50.1567,-51.7423,-50.4541,-51.1478,
05-07-2026-Thu 14-20-44-PM,-52.7328,-48.2727,-50.2889,-51.6762,-50.4541,-51.1478,
05-07-2026-Thu 14-20-46-PM,-52.7658,-48.3058,-50.1898,-51.7092,-50.4871,-51.1808,
05-07-2026-Thu 14-20-47-PM,-52.7328,-48.3058,-50.3549,-51.7423,-50.4871,-51.2139,
05-07-2026-Thu 14-20-48-PM,-52.7658,-48.3058,-50.2889,-51.7092,-50.5202,-51.2139,
05-07-2026-Thu 14-20-50-PM,-52.7987,-48.3719,-50.2889,-51.7423,-50.5531,-51.2139,
05-07-2026-Thu 14-20-51-PM,-52.7987,-48.3719,-50.3218,-51.7423,-50.5202,-51.2469,
05-07-2026-Thu 14-20-52-PM,-52.7987,-48.3719,-50.388,-51.7423,-50.5531,-51.3129,
05-07-2026-Thu 14-20-54-PM,-52.8649,-48.405,-50.3218,-51.7092,-50.5862,-51.3129,
05-07-2026-Thu 14-20-55-PM,-52.8979,-48.405,-50.3218,-51.7423,-50.5862,-51.3129,
05-07-2026-Thu 14-20-57-PM,-52.8979,-48.438,-50.4541,-51.7423,-50.6192,-51.3459,
05-07-2026-Thu 14-20-58-PM,-52.9308,-48.4711,-50.4541,-51.9073,-50.6192,-51.3459,
05-07-2026-Thu 14-20-59-PM,-52.9308,-48.4711,-50.388,-51.7423,-50.6192,-51.379,
05-07-2026-Thu 14-21-01-PM,-52.9638,-48.4711,-50.421,-51.9404,-50.6522,-51.379,
05-07-2026-Thu 14-21-02-PM,-52.9638,-48.504,-50.421,-51.8414,-50.6853,-51.412,
05-07-2026-Thu 14-21-04-PM,-52.9968,-48.5372,-50.4541,-51.9404,-50.6853,-51.445,
05-07-2026-Thu 14-21-05-PM,-52.9968,-48.5372,-50.421,-51.8414,-50.7184,-51.445,
05-07-2026-Thu 14-21-06-PM,-53.0299,-48.5703,-50.5202,-51.9733,-50.7184,-51.478,
05-07-2026-Thu 14-21-08-PM,-53.0299,-48.6033,-50.5862,-51.9404,-50.7184,-51.478,
05-07-2026-Thu 14-21-09-PM,-53.0629,-48.6033,-50.5531,-51.9733,-50.7514,-51.5111,
05-07-2026-Thu 14-21-11-PM,-53.0959,-48.6033,-50.5862,-51.9733,-50.7844,-51.5441,
05-07-2026-Thu 14-21-12-PM,-53.0629,-48.6364,-50.5862,-51.9404,-50.7844,-51.5441,
05-07-2026-Thu 14-21-13-PM,-53.0959,-48.6364,-50.5862,-52.0395,-50.7844,-51.5771,
05-07-2026-Thu 14-21-15-PM,-53.1288,-48.6694,-50.5862,-52.0064,-50.7844,-51.5771,
05-07-2026-Thu 14-21-16-PM,-53.1619,-48.7025,-50.6192,-52.0395,-50.8505,-51.6102,
05-07-2026-Thu 14-21-18-PM,-53.1619,-48.7025,-50.6522,-52.0395,-50.8505,-51.6102,
05-07-2026-Thu 14-21-19-PM,-53.1949,-48.7356,-50.5862,-52.0725,-50.8835,-51.6431,
05-07-2026-Thu 14-21-20-PM,-53.1949,-48.7356,-50.6853,-52.1055,-50.8835,-51.6431,
05-07-2026-Thu 14-21-22-PM,-53.2279,-48.7356,-50.7514,-52.1385,-50.9165,-51.6762,
05-07-2026-Thu 14-21-23-PM,-53.2279,-48.7686,-50.7184,-52.0395,-50.9165,-51.6762,
05-07-2026-Thu 14-21-24-PM,-53.2609,-48.7686,-50.7844,-52.1385,-50.9165,-51.7092,
05-07-2026-Thu 14-21-25-PM,-53.2938,-48.8017,-50.8174,-52.1385,-50.9165,-51.7423,
05-07-2026-Thu 14-21-27-PM,-53.2609,-48.8346,-50.7184,-52.1715,-50.9496,-51.7423,
05-07-2026-Thu 14-21-28-PM,-53.2938,-48.8346,-50.7844,-52.1055,-50.9825,-51.7753,
05-07-2026-Thu 14-21-30-PM,-53.2938,-48.8346,-50.8835,-52.1385,-50.9825,-51.7423,
05-07-2026-Thu 14-21-31-PM,-53.3269,-48.9008,-50.8505,-52.1715,-51.0156,-51.8082,
05-07-2026-Thu 14-21-32-PM,-53.3269,-48.8678,-50.8505,-52.2046,-51.0156,-51.8414,
05-07-2026-Thu 14-21-34-PM,-53.3599,-48.9339,-50.8835,-52.2706,-51.0156,-51.8414,
05-07-2026-Thu 14-21-35-PM,-53.3929,-48.9339,-50.9165,-52.2375,-51.0487,-51.8744,
05-07-2026-Thu 14-21-37-PM,-53.4259,-48.9008,-50.9496,-52.1385,-51.0487,-51.8414,
05-07-2026-Thu 14-21-40-PM,-53.4259,-48.9669,-50.9165,-52.2706,-51.0817,-51.9073,
05-07-2026-Thu 14-21-43-PM,-53.4259,-49.0331,-50.9825,-52.3035,-51.1148,-51.9404,
05-07-2026-Thu 14-21-44-PM,-53.492,-49.0331,-51.0156,-52.3035,-51.1478,-51.9733,
05-07-2026-Thu 14-21-47-PM,-53.492,-49.0661,-51.0156,-52.4027,-51.1808,-51.9733,
05-07-2026-Thu 14-21-50-PM,-53.558,-49.0992,-51.0817,-52.4357,-51.2139,-52.0395,
05-07-2026-Thu 14-21-51-PM,-53.558,-49.1322,-51.0487,-52.4027,-51.2139,-52.0725,
05-07-2026-Thu 14-21-53-PM,-53.5909,-49.1652,-51.0817,-52.3366,-51.2469,-52.1055,
05-07-2026-Thu 14-21-54-PM,-53.5909,-49.1652,-51.1148,-52.3696,-51.2469,-52.1055,
05-07-2026-Thu 14-21-56-PM,-53.6239,-49.1652,-51.0487,-52.4357,-51.2799,-52.1385,
05-07-2026-Thu 14-21-57-PM,-53.6239,-49.2314,-51.1808,-52.5347,-51.3129,-52.1385,
05-07-2026-Thu 14-21-58-PM,-53.6899,-49.2314,-51.1808,-52.4686,-51.3129,-52.1715,
05-07-2026-Thu 14-22-00-PM,-53.6899,-49.2314,-51.1808,-52.4357,-51.3129,-52.1715,
05-07-2026-Thu 14-22-01-PM,-53.6899,-49.2314,-51.2139,-52.5017,-51.3459,-52.2046,
05-07-2026-Thu 14-22-03-PM,-53.7229,-49.2644,-51.2139,-52.4357,-51.3459,-52.2046,
05-07-2026-Thu 14-22-04-PM,-53.7229,-49.2975,-51.2799,-52.5017,-51.379,-52.2375,
05-07-2026-Thu 14-22-05-PM,-53.756,-49.2975,-51.2139,-52.5017,-51.379,-52.2706,
05-07-2026-Thu 14-22-07-PM,-53.756,-49.3305,-51.2469,-52.5017,-51.379,-52.2706,
05-07-2026-Thu 14-22-08-PM,-53.7889,-49.3305,-51.2139,-52.5678,-51.412,-52.3035,
05-07-2026-Thu 14-22-10-PM,-53.7889,-49.3636,-51.2469,-52.5678,-51.445,-52.3035,
05-07-2026-Thu 14-22-11-PM,-53.822,-49.3636,-51.3129,-52.5678,-51.445,-52.3366,
05-07-2026-Thu 14-22-12-PM,-53.822,-49.3967,-51.3459,-52.6337,-51.478,-52.3366,
05-07-2026-Thu 14-22-14-PM,-53.855,-49.3967,-51.3129,-52.6667,-51.478,-52.3696,
05-07-2026-Thu 14-22-15-PM,-53.888,-49.4297,-51.379,-52.6007,-51.478,-52.3366,
05-07-2026-Thu 14-22-16-PM,-53.855,-49.4297,-51.3459,-52.6337,-51.478,-52.4027,
05-07-2026-Thu 14-22-18-PM,-53.888,-49.4628,-51.3459,-52.6007,-51.5111,-52.4357,
05-07-2026-Thu 14-22-20-PM,-53.9209,-49.4628,-51.445,-52.6337,-51.5441,-52.4357,
05-07-2026-Thu 14-22-21-PM,-53.9209,-49.4957,-51.478,-52.6667,-51.5441,-52.4357,
05-07-2026-Thu 14-22-22-PM,-53.9209,-49.4957,-51.478,-52.6337,-51.5771,-52.4686,
05-07-2026-Thu 14-22-24-PM,-53.9538,-49.5289,-51.379,-52.6667,-51.5771,-52.4686,
05-07-2026-Thu 14-22-25-PM,-53.9869,-49.5289,-51.478,-52.6998,-51.6102,-52.5017,
05-07-2026-Thu 14-22-27-PM,-53.9869,-49.5619,-51.478,-52.7987,-51.6102,-52.5347,
05-07-2026-Thu 14-22-28-PM,-53.9869,-49.5619,-51.5441,-52.6998,-51.6431,-52.5678,
05-07-2026-Thu 14-22-30-PM,-54.0199,-49.5949,-51.5441,-52.6667,-51.6762,-52.5347,
05-07-2026-Thu 14-22-31-PM,-54.0199,-49.628,-51.478,-52.7658,-51.6431,-52.5678,
05-07-2026-Thu 14-22-32-PM,-54.0529,-49.5949,-51.6102,-52.7658,-51.6762,-52.5678,
05-07-2026-Thu 14-22-34-PM,-54.0859,-49.628,-51.6102,-52.8649,-51.7092,-52.5678,
05-07-2026-Thu 14-22-35-PM,-54.0859,-49.6941,-51.5111,-52.8318,-51.7423,-52.6007,
05-07-2026-Thu 14-22-37-PM,-54.0859,-49.6941,-51.7092,-52.6998,-51.7092,-52.6007,
05-07-2026-Thu 14-22-38-PM,-54.1189,-49.6941,-51.5771,-52.7987,-51.7092,-52.6667,
05-07-2026-Thu 14-22-39-PM,-54.1189,-49.7271,-51.6431,-52.7658,-51.7423,-52.6667,
05-07-2026-Thu 14-22-41-PM,-54.1519,-49.7271,-51.7092,-52.8318,-51.7423,-52.6667,
05-07-2026-Thu 14-22-42-PM,-54.1189,-49.7602,-51.6762,-52.8649,-51.7753,-52.7328,
05-07-2026-Thu 14-22-44-PM,-54.1849,-49.7271,-51.7092,-52.9308,-51.7753,-52.6998,
05-07-2026-Thu 14-22-45-PM,-54.1849,-49.7602,-51.7092,-52.8979,-51.8082,-52.7328,
05-07-2026-Thu 14-22-46-PM,-54.2179,-49.7602,-51.6762,-52.9308,-51.8414,-52.7658,
05-07-2026-Thu 14-22-48-PM,-54.2179,-49.7932,-51.7423,-52.9308,-51.8414,-52.7658,
05-07-2026-Thu 14-22-49-PM,-54.2509,-49.8262,-51.7753,-52.8979,-51.8744,-52.7987,
05-07-2026-Thu 14-22-51-PM,-54.2838,-49.8262,-51.7423,-52.9638,-51.8744,-52.7987,
05-07-2026-Thu 14-22-52-PM,-54.2509,-49.8593,-51.7753,-52.8318,-51.8744,-52.8318,
05-07-2026-Thu 14-22-53-PM,-54.2838,-49.8923,-51.7423,-52.9638,-51.8744,-52.8318,
05-07-2026-Thu 14-22-55-PM,-54.2838,-49.8923,-51.8414,-52.9308,-51.9404,-52.8649,
05-07-2026-Thu 14-22-56-PM,-54.3168,-49.8923,-51.9073,-52.8979,-51.9073,-52.8649,
05-07-2026-Thu 14-22-58-PM,-54.3168,-49.8923,-51.8082,-53.0299,-51.9733,-52.8979,
05-07-2026-Thu 14-22-59-PM,-54.3499,-49.9585,-51.8082,-53.0299,-51.9733,-52.8649,
05-07-2026-Thu 14-23-00-PM,-54.3499,-49.9585,-51.8744,-53.0299,-51.9733,-52.8979,
05-07-2026-Thu 14-23-02-PM,-54.3828,-49.9914,-51.9404,-52.9638,-52.0064,-52.9308,
05-07-2026-Thu 14-23-03-PM,-54.4158,-49.9585,-51.9073,-52.9968,-52.0064,-52.9308,
05-07-2026-Thu 14-23-04-PM,-54.3828,-49.9914,-51.9733,-53.1288,-52.0395,-52.9638,
05-07-2026-Thu 14-23-06-PM,-54.4158,-50.0245,-51.9733,-53.0959,-52.0395,-52.9968,
05-07-2026-Thu 14-23-07-PM,-54.4488,-50.0576,-51.9733,-53.0629,-52.0395,-52.9968,
05-07-2026-Thu 14-23-09-PM,-54.4158,-50.0576,-51.9733,-53.1288,-52.0395,-52.9968,
05-07-2026-Thu 14-23-10-PM,-54.4488,-50.0906,-52.0064,-53.0299,-52.0725,-53.0299,
05-07-2026-Thu 14-23-11-PM,-54.4488,-50.0906,-52.0725,-53.1619,-52.1055,-53.0299,
05-07-2026-Thu 14-23-13-PM,-54.4818,-50.1237,-52.0395,-53.1949,-52.1055,-53.0629,
05-07-2026-Thu 14-23-14-PM,-54.4818,-50.1237,-51.9404,-53.1949,-52.1055,-53.0959,
05-07-2026-Thu 14-23-16-PM,-54.5148,-50.1237,-52.0395,-53.2279,-52.1385,-53.0959,
05-07-2026-Thu 14-23-17-PM,-54.5148,-50.1567,-52.0725,-53.0629,-52.1385,-53.0959,
05-07-2026-Thu 14-23-18-PM,-54.5478,-50.1898,-52.0725,-53.2279,-52.1385,-53.1288,
05-07-2026-Thu 14-23-20-PM,-54.5148,-50.1898,-52.0064,-52.9968,-52.1715,-53.1619,
05-07-2026-Thu 14-23-21-PM,-54.5478,-50.1898,-52.1055,-53.1949,-52.2046,-53.1619,
05-07-2026-Thu 14-23-22-PM,-54.5808,-50.1898,-51.9404,-53.1949,-52.2046,-53.1288,
05-07-2026-Thu 14-23-24-PM,-54.5808,-50.2228,-52.2046,-53.0299,-52.2046,-53.1949,
05-07-2026-Thu 14-23-25-PM,-54.5808,-50.2558,-52.1385,-53.2609,-52.2046,-53.2279,
05-07-2026-Thu 14-23-26-PM,-54.6137,-50.2558,-52.1715,-53.2609,-52.2375,-53.1949,
05-07-2026-Thu 14-23-28-PM,-54.6137,-50.2889,-52.1385,-53.2609,-52.2375,-53.2279,
05-07-2026-Thu 14-23-29-PM,-54.6798,-50.2889,-52.2375,-53.2609,-52.2706,-53.2609,
05-07-2026-Thu 14-23-31-PM,-54.6798,-50.3218,-52.2706,-53.2279,-52.3035,-53.2609,
05-07-2026-Thu 14-23-32-PM,-54.6798,-50.3218,-52.2046,-53.3269,-52.2706,-53.2609,
05-07-2026-Thu 14-23-33-PM,-54.6798,-50.3218,-52.3035,-53.2609,-52.3035,-53.2938,
05-07-2026-Thu 14-23-35-PM,-54.6798,-50.3549,-52.3035,-53.2938,-52.3366,-53.3269,
05-07-2026-Thu 14-23-36-PM,-54.7128,-50.3549,-52.2706,-53.3599,-52.3366,-53.3269,
05-07-2026-Thu 14-23-38-PM,-54.7128,-50.3549,-52.2046,-53.3269,-52.3366,-53.3599,
05-07-2026-Thu 14-23-39-PM,-54.7457,-50.388,-52.3035,-53.2279,-52.3696,-53.3599,
05-07-2026-Thu 14-23-40-PM,-54.7457,-50.388,-52.2375,-53.3599,-52.3696,-53.3929,
05-07-2026-Thu 14-23-42-PM,-54.7787,-50.421,-52.3696,-53.3599,-52.4027,-53.3929,
05-07-2026-Thu 14-23-45-PM,-54.7787,-50.421,-52.3696,-53.3269,-52.3696,-53.4259,
05-07-2026-Thu 14-23-47-PM,-54.8117,-50.4871,-52.3696,-53.4259,-52.4357,-53.4259,
05-07-2026-Thu 14-23-49-PM,-54.8447,-50.5202,-52.4027,-53.4259,-52.4686,-53.4589,
05-07-2026-Thu 14-23-51-PM,-54.8447,-50.5202,-52.4027,-53.3269,-52.4686,-53.492,
05-07-2026-Thu 14-23-52-PM,-54.8777,-50.5202,-52.4357,-53.4589,-52.4686,-53.492,
05-07-2026-Thu 14-23-54-PM,-54.8777,-50.5531,-52.4027,-53.4589,-52.5017,-53.492,
05-07-2026-Thu 14-23-55-PM,-54.8777,-50.5862,-52.5017,-53.492,-52.5017,-53.525,
05-07-2026-Thu 14-23-56-PM,-54.9107,-50.5862,-52.4686,-53.4589,-52.5347,-53.558,
05-07-2026-Thu 14-23-58-PM,-54.9107,-50.5862,-52.5347,-53.4259,-52.5347,-53.558,
05-07-2026-Thu 14-23-59-PM,-54.9436,-50.6192,-52.5678,-53.492,-52.5347,-53.5909,
05-07-2026-Thu 14-24-00-PM,-54.9436,-50.6522,-52.5017,-53.558,-52.5678,-53.6239,
05-07-2026-Thu 14-24-02-PM,-54.9436,-50.6192,-52.4686,-53.525,-52.5678,-53.6239,
05-07-2026-Thu 14-24-03-PM,-54.9436,-50.6853,-52.5017,-53.525,-52.6007,-53.6569,
05-07-2026-Thu 14-24-05-PM,-54.9766,-50.6853,-52.5347,-53.492,-52.6337,-53.6239,
05-07-2026-Thu 14-24-06-PM,-54.9766,-50.6853,-52.6007,-53.525,-52.6337,-53.6569,
05-07-2026-Thu 14-24-08-PM,-55.0096,-50.7184,-52.6007,-53.525,-52.6337,-53.6899,
05-07-2026-Thu 14-24-09-PM,-55.0426,-50.7184,-52.6007,-53.558,-52.6667,-53.6899,
05-07-2026-Thu 14-24-10-PM,-55.0096,-50.7514,-52.6667,-53.6239,-52.6667,-53.6899,
05-07-2026-Thu 14-24-12-PM,-55.0756,-50.7844,-52.6998,-53.6239,-52.6667,-53.7229,
05-07-2026-Thu 14-24-13-PM,-55.0756,-50.7844,-52.7658,-53.756,-52.6998,-53.7229,
05-07-2026-Thu 14-24-15-PM,-55.1085,-50.8174,-52.7328,-53.822,-52.7658,-53.756,
05-07-2026-Thu 14-24-16-PM,-55.1416,-50.8835,-52.8649,-53.822,-52.7987,-53.756,
05-07-2026-Thu 14-24-18-PM,-55.2076,-50.9165,-52.8979,-53.9538,-52.8318,-53.7889,
05-07-2026-Thu 14-24-19-PM,-55.2405,-50.9496,-52.9968,-54.0859,-52.8979,-53.855,
05-07-2026-Thu 14-24-20-PM,-55.2734,-50.9825,-53.0299,-54.1519,-52.9638,-53.888,
05-07-2026-Thu 14-24-22-PM,-55.3065,-51.0487,-53.0299,-54.1849,-52.9968,-53.888,
05-07-2026-Thu 14-24-23-PM,-55.3724,-51.1148,-53.0959,-54.3828,-53.0959,-53.9209,
05-07-2026-Thu 14-24-25-PM,-55.4054,-51.1478,-53.1288,-54.4158,-53.1288,-53.9538,
05-07-2026-Thu 14-24-27-PM,-55.4714,-51.1808,-53.2279,-54.4488,-53.1619,-53.9869,
05-07-2026-Thu 14-24-29-PM,-55.5374,-51.2469,-53.2609,-54.6468,-53.2938,-54.0199,
05-07-2026-Thu 14-24-31-PM,-55.6032,-51.3459,-53.3269,-54.7128,-53.3599,-54.0859,
05-07-2026-Thu 14-24-32-PM,-55.6362,-51.379,-53.4259,-54.7457,-53.4259,-54.1189,
05-07-2026-Thu 14-24-33-PM,-55.6692,-51.445,-53.4589,-54.8117,-53.492,-54.1519,
05-07-2026-Thu 14-24-35-PM,-55.7022,-51.478,-53.4259,-54.7787,-53.558,-54.1849,
05-07-2026-Thu 14-24-36-PM,-55.7681,-51.5111,-53.4589,-54.8447,-53.5909,-54.2179,
05-07-2026-Thu 14-24-37-PM,-55.8011,-51.5441,-53.4589,-54.9436,-53.6239,-54.2179,
05-07-2026-Thu 14-24-39-PM,-55.8341,-51.5771,-53.5909,-54.9107,-53.6569,-54.2838,
05-07-2026-Thu 14-24-40-PM,-55.8671,-51.6431,-53.5909,-54.9436,-53.7229,-54.3168,
05-07-2026-Thu 14-24-41-PM,-55.9329,-51.6431,-53.6239,-55.0756,-53.7229,-54.3168,
05-07-2026-Thu 14-24-43-PM,-55.966,-51.7092,-53.6899,-55.0756,-53.7889,-54.3499,
05-07-2026-Thu 14-24-44-PM,-55.966,-51.7092,-53.7229,-55.0756,-53.855,-54.3828,
05-07-2026-Thu 14-24-46-PM,-56.0319,-51.7423,-53.7889,-55.1746,-53.855,-54.4488,
05-07-2026-Thu 14-24-47-PM,-56.0649,-51.7753,-53.7889,-55.1746,-53.9538,-54.4488,
05-07-2026-Thu 14-24-48-PM,-56.1309,-51.8082,-53.7889,-55.3065,-53.9538,-54.4818,
05-07-2026-Thu 14-24-51-PM,-56.1309,-51.8414,-53.888,-55.3394,-54.0199,-54.5148,
05-07-2026-Thu 14-24-54-PM,-56.1968,-51.9404,-53.9538,-55.4714,-54.1189,-54.5808,
05-07-2026-Thu 14-24-56-PM,-56.2957,-52.0395,-53.9538,-55.4714,-54.1849,-54.6468,
05-07-2026-Thu 14-24-57-PM,-56.3616,-52.0725,-54.0859,-55.6362,-54.2838,-54.6798,
05-07-2026-Thu 14-24-59-PM,-56.3946,-52.1055,-54.1519,-55.6692,-54.3168,-54.7457,
05-07-2026-Thu 14-25-00-PM,-56.3946,-52.1385,-54.1189,-55.6692,-54.3499,-54.7787,
05-07-2026-Thu 14-25-02-PM,-56.4606,-52.2046,-54.1519,-55.7022,-54.3828,-54.7787,
05-07-2026-Thu 14-25-03-PM,-56.5265,-52.2375,-54.2179,-55.8011,-54.4488,-54.8117,
05-07-2026-Thu 14-25-04-PM,-56.5265,-52.2706,-54.2838,-55.8341,-54.4818,-54.8777,
05-07-2026-Thu 14-25-06-PM,-56.5595,-52.3035,-54.2838,-55.8671,-54.5148,-54.8777,
05-07-2026-Thu 14-25-07-PM,-56.6254,-52.3366,-54.3168,-55.9329,-54.5808,-54.9107,
05-07-2026-Thu 14-25-08-PM,-56.6254,-52.3696,-54.4158,-55.8671,-54.6137,-54.9436,
05-07-2026-Thu 14-25-10-PM,-56.6583,-52.4027,-54.4488,-56.0319,-54.6468,-54.9766,
05-07-2026-Thu 14-25-11-PM,-56.7243,-52.4686,-54.4488,-55.9989,-54.6798,-55.0096,
05-07-2026-Thu 14-25-13-PM,-56.7243,-52.5017,-54.4818,-56.0978,-54.6798,-55.0426,
05-07-2026-Thu 14-25-14-PM,-56.7572,-52.5017,-54.5478,-55.9329,-54.7457,-55.0756,
05-07-2026-Thu 14-25-15-PM,-56.8232,-52.5347,-54.5478,-56.1638,-54.8117,-55.0756,
05-07-2026-Thu 14-25-17-PM,-56.8562,-52.6007,-54.6137,-56.0649,-54.8117,-55.1416,
05-07-2026-Thu 14-25-18-PM,-56.8891,-52.6337,-54.6798,-56.0319,-54.8777,-55.1746,
05-07-2026-Thu 14-25-20-PM,-56.8891,-52.6667,-54.6137,-56.2957,-54.9107,-55.2076,
05-07-2026-Thu 14-25-21-PM,-56.9219,-52.6998,-54.7128,-56.3616,-54.9436,-55.2076,
05-07-2026-Thu 14-25-23-PM,-56.955,-52.6998,-54.8117,-56.2626,-54.9766,-55.2734,
05-07-2026-Thu 14-25-24-PM,-57.0539,-52.7658,-54.7787,-56.2957,-55.0426,-55.3065,
05-07-2026-Thu 14-25-25-PM,-57.0539,-52.7987,-54.8447,-56.4275,-55.0426,-55.3065,
05-07-2026-Thu 14-25-27-PM,-57.0539,-52.8318,-54.8117,-56.3946,-55.1085,-55.3724,
05-07-2026-Thu 14-25-28-PM,-57.1198,-52.8649,-54.7128,-56.2298,-55.1416,-55.4054,
05-07-2026-Thu 14-25-29-PM,-57.1528,-52.8979,-54.7457,-56.5595,-55.1746,-55.4383,
05-07-2026-Thu 14-25-31-PM,-57.1528,-52.9308,-54.9436,-56.4275,-55.2076,-55.4383,
05-07-2026-Thu 14-25-32-PM,-57.2187,-52.9638,-54.9766,-56.4935,-55.2734,-55.4714,
05-07-2026-Thu 14-25-34-PM,-57.2515,-52.9968,-54.8777,-56.6913,-55.2734,-55.5374,
05-07-2026-Thu 14-25-35-PM,-57.2846,-53.0299,-55.0096,-56.5595,-55.3394,-55.5703,
05-07-2026-Thu 14-25-36-PM,-57.3175,-53.0629,-55.0426,-56.5923,-55.3394,-55.6032,
05-07-2026-Thu 14-25-38-PM,-57.3505,-53.0629,-55.1085,-56.6913,-55.3724,-55.6032,
05-07-2026-Thu 14-25-39-PM,-57.3835,-53.0959,-55.1085,-56.7243,-55.4054,-55.6032,
05-07-2026-Thu 14-25-42-PM,-57.3835,-53.1619,-55.1746,-56.7902,-55.4383,-55.6692,
05-07-2026-Thu 14-25-45-PM,-57.4823,-53.2279,-55.3394,-56.7572,-55.5374,-55.7352,
05-07-2026-Thu 14-25-48-PM,-57.5153,-53.2609,-55.2076,-56.6913,-55.5703,-55.7681,
05-07-2026-Thu 14-25-49-PM,-57.6141,-53.3269,-55.1746,-56.8891,-55.6692,-55.8671,
05-07-2026-Thu 14-25-51-PM,-57.6141,-53.3929,-55.2734,-56.955,-55.7022,-55.9001,
05-07-2026-Thu 14-25-52-PM,-57.68,-53.3929,-55.4054,-56.955,-55.7352,-55.9329,
05-07-2026-Thu 14-25-53-PM,-57.68,-53.4259,-55.4714,-56.9879,-55.7352,-55.966,
05-07-2026-Thu 14-25-55-PM,-57.713,-53.4589,-55.4054,-57.0868,-55.7681,-55.9989,
05-07-2026-Thu 14-25-56-PM,-57.7789,-53.492,-55.4714,-56.9219,-55.7681,-55.9989,
05-07-2026-Thu 14-25-58-PM,-57.7789,-53.525,-55.4714,-56.955,-55.8341,-56.0649,
05-07-2026-Thu 14-25-59-PM,-57.7789,-53.558,-55.6032,-57.0209,-55.8671,-56.0649,
05-07-2026-Thu 14-26-00-PM,-57.8448,-53.5909,-55.6032,-57.1198,-55.9001,-56.0978,
05-07-2026-Thu 14-26-02-PM,-57.8778,-53.5909,-55.5374,-57.0868,-55.966,-56.1309,
05-07-2026-Thu 14-26-03-PM,-57.9106,-53.6239,-55.6032,-56.9879,-55.9329,-56.1638,
05-07-2026-Thu 14-26-05-PM,-57.9437,-53.6569,-55.7352,-57.2515,-55.966,-56.1968,
05-07-2026-Thu 14-26-06-PM,-57.9437,-53.6899,-55.8011,-57.2187,-56.0319,-56.2298,
05-07-2026-Thu 14-26-07-PM,-58.0095,-53.7229,-55.7022,-57.1858,-56.0319,-56.2626,
05-07-2026-Thu 14-26-09-PM,-58.0425,-53.7229,-55.7681,-57.3175,-56.0649,-56.2957,
05-07-2026-Thu 14-26-10-PM,-58.0425,-53.756,-55.7681,-57.2846,-56.0978,-56.2957,
05-07-2026-Thu 14-26-12-PM,-58.1084,-53.7889,-55.8011,-57.4164,-56.1309,-56.3616,
05-07-2026-Thu 14-26-13-PM,-58.1084,-53.822,-55.8671,-57.3835,-56.1638,-56.3616,
05-07-2026-Thu 14-26-14-PM,-58.1084,-53.855,-55.8341,-57.2846,-56.1968,-56.3946,
05-07-2026-Thu 14-26-16-PM,-58.1743,-53.855,-55.9001,-57.3835,-56.1968,-56.4275,
05-07-2026-Thu 14-26-17-PM,-58.2073,-53.9209,-55.8011,-57.5153,-56.2298,-56.4606,
05-07-2026-Thu 14-26-19-PM,-58.2401,-53.9209,-55.9329,-57.3505,-56.2626,-56.4935,
05-07-2026-Thu 14-26-21-PM,-58.2731,-53.9869,-55.966,-57.4823,-56.2957,-56.5265,
05-07-2026-Thu 14-26-22-PM,-58.339,-53.9869,-55.9329,-57.4823,-56.3287,-56.5595,
05-07-2026-Thu 14-26-23-PM,-58.339,-54.0529,-56.0319,-57.5483,-56.3287,-56.5923,
05-07-2026-Thu 14-26-25-PM,-58.4048,-54.0529,-56.0978,-57.4823,-56.3616,-56.6254,
05-07-2026-Thu 14-26-26-PM,-58.4048,-54.0859,-56.0978,-57.5483,-56.3946,-56.6583,
05-07-2026-Thu 14-26-27-PM,-58.4378,-54.0859,-56.0649,-57.6471,-56.4275,-56.6913,
05-07-2026-Thu 14-26-29-PM,-58.4378,-54.1189,-56.1309,-57.6141,-56.4275,-56.7243,
05-07-2026-Thu 14-26-30-PM,-58.5037,-54.1519,-56.1638,-57.713,-56.4606,-56.7572,
05-07-2026-Thu 14-26-31-PM,-58.5037,-54.1519,-56.1309,-57.6471,-56.4935,-56.7572,
05-07-2026-Thu 14-26-33-PM,-58.5367,-54.2179,-56.2626,-57.7789,-56.5265,-56.7902,
05-07-2026-Thu 14-26-34-PM,-58.6026,-54.2179,-56.2298,-57.6471,-56.5265,-56.8232,
05-07-2026-Thu 14-26-35-PM,-58.6355,-54.2509,-56.1968,-57.8448,-56.5595,-56.8562,
05-07-2026-Thu 14-26-37-PM,-58.6355,-54.2838,-56.2626,-57.7459,-56.5923,-56.8562,
05-07-2026-Thu 14-26-38-PM,-58.6684,-54.2838,-56.3946,-57.713,-56.6254,-56.9219,
05-07-2026-Thu 14-26-40-PM,-58.7014,-54.3168,-56.3287,-58.0095,-56.6583,-56.9219,
05-07-2026-Thu 14-26-41-PM,-58.7342,-54.3168,-56.2957,-57.9437,-56.6583,-56.955,
05-07-2026-Thu 14-26-42-PM,-58.7672,-54.3828,-56.5265,-57.9437,-56.6913,-56.9879,
05-07-2026-Thu 14-26-44-PM,-58.8002,-54.3828,-56.2298,-57.9766,-56.7243,-57.0209,
05-07-2026-Thu 14-26-45-PM,-58.8331,-54.4158,-56.5265,-57.9766,-56.7243,-57.0539,
05-07-2026-Thu 14-26-47-PM,-58.8331,-54.4488,-56.4935,-57.9437,-56.7572,-57.0868,
05-07-2026-Thu 14-26-48-PM,-58.899,-54.4818,-56.4275,-57.9766,-56.8232,-57.1198,
05-07-2026-Thu 14-26-49-PM,-58.932,-54.4818,-56.5923,-58.0425,-56.8232,-57.1528,
05-07-2026-Thu 14-26-51-PM,-58.932,-54.5478,-56.5265,-58.1414,-56.8562,-57.1528,
05-07-2026-Thu 14-26-52-PM,-58.9648,-54.5478,-56.6254,-58.1084,-56.8562,-57.1858,
05-07-2026-Thu 14-26-54-PM,-58.9978,-54.5478,-56.6254,-58.1414,-56.8891,-57.2187,
05-07-2026-Thu 14-26-55-PM,-59.0307,-54.5808,-56.6583,-58.1743,-56.9219,-57.2515,
05-07-2026-Thu 14-26-57-PM,-59.0636,-54.6137,-56.7243,-58.2073,-56.9219,-57.2846,
05-07-2026-Thu 14-26-58-PM,-59.1296,-54.6468,-56.5923,-58.2401,-56.955,-57.3175,
05-07-2026-Thu 14-27-00-PM,-59.1625,-54.6798,-56.7902,-58.2401,-57.0209,-57.3175,
05-07-2026-Thu 14-27-01-PM,-59.1954,-54.6798,-56.6913,-58.3719,-57.0209,-57.3505,
05-07-2026-Thu 14-27-02-PM,-59.1625,-54.7457,-56.7902,-58.3719,-57.0539,-57.4164,
05-07-2026-Thu 14-27-04-PM,-59.2613,-54.7457,-56.7243,-58.306,-57.0539,-57.4494,
05-07-2026-Thu 14-27-05-PM,-59.2613,-54.7787,-56.7902,-58.2731,-57.0868,-57.4164,
05-07-2026-Thu 14-27-06-PM,-59.2942,-54.7787,-56.7902,-58.4048,-57.1198,-57.4823,
05-07-2026-Thu 14-27-08-PM,-59.3271,-54.8117,-56.8232,-58.2731,-57.1198,-57.5153,
05-07-2026-Thu 14-27-09-PM,-59.3601,-54.8447,-56.8562,-58.5367,-57.1528,-57.5153,
05-07-2026-Thu 14-27-10-PM,-59.3929,-54.8447,-56.8562,-58.5037,-57.1858,-57.5811,
05-07-2026-Thu 14-27-12-PM,-59.4259,-54.8777,-56.955,-58.5367,-57.1858,-57.5811,
05-07-2026-Thu 14-27-13-PM,-59.4259,-54.9107,-56.9879,-58.6355,-57.2515,-57.6141,
05-07-2026-Thu 14-27-14-PM,-59.4918,-54.9436,-57.0209,-58.6684,-57.2187,-57.6471,
05-07-2026-Thu 14-27-16-PM,-59.5248,-54.9436,-57.0539,-58.5696,-57.2515,-57.68,
05-07-2026-Thu 14-27-17-PM,-59.5248,-54.9766,-57.1198,-58.5367,-57.2846,-57.713,
05-07-2026-Thu 14-27-19-PM,-59.5576,-55.0096,-57.0539,-58.6684,-57.3175,-57.713,
05-07-2026-Thu 14-27-20-PM,-59.5906,-55.0426,-57.0209,-58.5696,-57.3175,-57.7459,
05-07-2026-Thu 14-27-22-PM,-59.6236,-55.0426,-57.1198,-58.7342,-57.3505,-57.7789,
05-07-2026-Thu 14-27-23-PM,-59.6564,-55.0426,-57.2515,-58.8002,-57.3835,-57.7789,
05-07-2026-Thu 14-27-24-PM,-59.6894,-55.1085,-57.1858,-58.7342,-57.4164,-57.8448,
05-07-2026-Thu 14-27-26-PM,-59.7222,-55.1416,-57.1528,-58.7672,-57.4494,-57.8448,
05-07-2026-Thu 14-27-27-PM,-59.7552,-55.1416,-57.2187,-58.8331,-57.4494,-57.8778,
05-07-2026-Thu 14-27-29-PM,-59.7882,-55.1416,-57.2846,-58.899,-57.4823,-57.9437,
05-07-2026-Thu 14-27-30-PM,-59.8211,-55.1746,-57.2515,-58.9648,-57.4823,-57.9437,
05-07-2026-Thu 14-27-31-PM,-59.854,-55.2076,-57.3175,-58.8661,-57.5153,-57.9766,
05-07-2026-Thu 14-27-33-PM,-59.854,-55.2405,-57.3505,-58.9648,-57.5483,-57.9766,
05-07-2026-Thu 14-27-34-PM,-59.8869,-55.2734,-57.2515,-58.9648,-57.5811,-58.0425,
05-07-2026-Thu 14-27-36-PM,-59.9199,-55.2734,-57.4164,-58.9648,-57.6141,-58.0754,
05-07-2026-Thu 14-27-37-PM,-59.9528,-55.3065,-57.5483,-59.0307,-57.6471,-58.1084,
05-07-2026-Thu 14-27-38-PM,-59.9857,-55.3394,-57.4823,-59.0636,-57.6471,-58.1084,
05-07-2026-Thu 14-27-40-PM,-60.0515,-55.3724,-57.5811,-59.1625,-57.68,-58.1414,
05-07-2026-Thu 14-27-41-PM,-60.0515,-55.4054,-57.5483,-59.0966,-57.68,-58.1743,
05-07-2026-Thu 14-27-43-PM,-60.0845,-55.4054,-57.4823,-59.3271,-57.68,-58.2073,
05-07-2026-Thu 14-27-45-PM,-60.1174,-55.4383,-57.5153,-59.0966,-57.7459,-58.2073,
05-07-2026-Thu 14-27-48-PM,-60.1503,-55.4714,-57.713,-59.2613,-57.7789,-58.2731,
05-07-2026-Thu 14-27-51-PM,-60.2491,-55.5044,-57.5483,-59.1954,-57.8119,-58.339,
05-07-2026-Thu 14-27-54-PM,-60.3149,-55.5703,-57.7459,-59.2942,-57.9106,-58.4048,
05-07-2026-Thu 14-27-56-PM,-60.3807,-55.6362,-57.8119,-59.3601,-57.9106,-58.4708,
05-07-2026-Thu 14-27-58-PM,-60.4137,-55.6692,-57.8778,-59.4589,-57.9766,-58.5037,
05-07-2026-Thu 14-27-59-PM,-60.4466,-55.7022,-57.9106,-59.5906,-58.0095,-58.5367,
05-07-2026-Thu 14-28-01-PM,-60.4795,-55.7352,-57.9106,-59.4259,-58.0095,-58.5696,
05-07-2026-Thu 14-28-02-PM,-60.5125,-55.7681,-58.0425,-59.4259,-58.0425,-58.6026,
05-07-2026-Thu 14-28-04-PM,-60.5453,-55.7681,-57.9766,-59.4918,-58.0754,-58.6355,
05-07-2026-Thu 14-28-05-PM,-60.5453,-55.8011,-58.0425,-59.5248,-58.1084,-58.6684,
05-07-2026-Thu 14-28-07-PM,-60.6112,-55.8341,-58.0095,-59.4589,-58.1414,-58.7014,
05-07-2026-Thu 14-28-08-PM,-60.6441,-55.8341,-57.9437,-59.5906,-58.1414,-58.7014,
05-07-2026-Thu 14-28-09-PM,-60.6441,-55.8671,-58.1084,-59.7882,-58.1414,-58.7672,
05-07-2026-Thu 14-28-11-PM,-60.677,-55.9001,-58.1084,-59.6564,-58.1743,-58.7672,
05-07-2026-Thu 14-28-12-PM,-60.7099,-55.9001,-58.1743,-59.5576,-58.2073,-58.8002,
05-07-2026-Thu 14-28-14-PM,-60.7428,-55.9329,-58.1414,-59.6564,-58.2073,-58.8331,
05-07-2026-Thu 14-28-15-PM,-60.7758,-55.9329,-58.2731,-59.6564,-58.2401,-58.8661,
05-07-2026-Thu 14-28-16-PM,-60.8087,-55.9989,-58.2731,-59.6236,-58.2731,-58.899,
05-07-2026-Thu 14-28-18-PM,-60.8087,-56.0319,-58.1084,-59.8869,-58.306,-58.899,
05-07-2026-Thu 14-28-19-PM,-60.8416,-56.0319,-58.306,-59.7552,-58.306,-58.932,
05-07-2026-Thu 14-28-20-PM,-60.9075,-56.0978,-58.339,-59.854,-58.339,-58.9648,
05-07-2026-Thu 14-28-22-PM,-60.9075,-56.0978,-58.2731,-59.9199,-58.3719,-58.9978,
05-07-2026-Thu 14-28-23-PM,-60.9404,-56.0978,-58.306,-59.7882,-58.3719,-58.9978,
05-07-2026-Thu 14-28-25-PM,-60.9732,-56.1309,-58.339,-59.9199,-58.4048,-59.0307,
05-07-2026-Thu 14-28-26-PM,-60.9732,-56.1638,-58.3719,-59.9857,-58.4378,-59.0636,
05-07-2026-Thu 14-28-27-PM,-61.039,-56.1968,-58.4048,-59.9528,-58.4378,-59.0636,
05-07-2026-Thu 14-28-29-PM,-61.039,-56.1968,-58.4378,-59.9199,-58.4708,-59.0966,
05-07-2026-Thu 14-28-30-PM,-61.072,-56.2298,-58.4378,-59.9857,-58.5037,-59.1296,
05-07-2026-Thu 14-28-31-PM,-61.072,-56.2626,-58.5367,-59.9528,-58.5367,-59.1625,
05-07-2026-Thu 14-28-33-PM,-61.1378,-56.2626,-58.4708,-59.9857,-58.5367,-59.1954,
05-07-2026-Thu 14-28-34-PM,-61.1707,-56.3287,-58.6355,-60.2161,-58.5696,-59.2283,
05-07-2026-Thu 14-28-36-PM,-61.2036,-56.3616,-58.5696,-60.1503,-58.6026,-59.2613,
05-07-2026-Thu 14-28-37-PM,-61.2365,-56.3287,-58.5367,-60.0515,-58.6355,-59.2613,
05-07-2026-Thu 14-28-38-PM,-61.2365,-56.3616,-58.6684,-60.2161,-58.6684,-59.2942,
05-07-2026-Thu 14-28-40-PM,-61.2695,-56.4275,-58.6684,-60.3149,-58.6684,-59.3271,
05-07-2026-Thu 14-28-41-PM,-61.3024,-56.4606,-58.8661,-60.1174,-58.7014,-59.3601,
05-07-2026-Thu 14-28-43-PM,-61.3024,-56.4275,-58.7342,-60.3807,-58.7014,-59.3929,
05-07-2026-Thu 14-28-44-PM,-61.3024,-56.4606,-58.7342,-60.3149,-58.7342,-59.4259,
05-07-2026-Thu 14-28-45-PM,-61.3681,-56.4935,-58.7342,-60.3149,-58.7342,-59.4589,
05-07-2026-Thu 14-28-47-PM,-61.4011,-56.4935,-58.7672,-60.2161,-58.7672,-59.4589,
05-07-2026-Thu 14-28-48-PM,-61.434,-56.5265,-58.8002,-60.3807,-58.8331,-59.4918,
05-07-2026-Thu 14-28-50-PM,-61.4669,-56.5595,-58.8002,-60.282,-58.8331,-59.5248,
05-07-2026-Thu 14-28-51-PM,-61.4669,-56.5923,-58.899,-60.3807,-58.8331,-59.5576,
05-07-2026-Thu 14-28-52-PM,-61.4998,-56.6254,-58.8331,-60.5783,-58.8661,-59.5906,
05-07-2026-Thu 14-28-54-PM,-61.5326,-56.6254,-58.8661,-60.5125,-58.899,-59.5906,
05-07-2026-Thu 14-28-55-PM,-61.5656,-56.6583,-59.1625,-60.4137,-58.899,-59.6236,
05-07-2026-Thu 14-28-56-PM,-61.5985,-56.6583,-58.932,-60.5453,-58.932,-59.6894,
05-07-2026-Thu 14-28-58-PM,-61.5985,-56.6913,-58.7672,-60.4466,-58.9648,-59.6894,
05-07-2026-Thu 14-28-59-PM,-61.6314,-56.7243,-58.932,-60.4137,-58.9978,-59.7552,
05-07-2026-Thu 14-29-01-PM,-61.6643,-56.7572,-58.9978,-60.5783,-58.9978,-59.7222,
05-07-2026-Thu 14-29-02-PM,-61.6971,-56.7572,-59.0966,-60.4466,-59.0307,-59.7882,
05-07-2026-Thu 14-29-03-PM,-61.7301,-56.7902,-59.0636,-60.677,-59.0636,-59.8211,
05-07-2026-Thu 14-29-05-PM,-61.763,-56.8232,-59.1954,-60.677,-59.0636,-59.8211,
05-07-2026-Thu 14-29-06-PM,-61.7301,-56.8232,-59.1625,-60.5453,-59.0636,-59.854,
05-07-2026-Thu 14-29-07-PM,-61.7959,-56.8562,-59.1954,-60.8087,-59.1296,-59.854,
05-07-2026-Thu 14-29-09-PM,-61.7959,-56.8891,-59.3271,-60.5783,-59.1296,-59.8869,
05-07-2026-Thu 14-29-10-PM,-61.7959,-56.8891,-59.0636,-60.7428,-59.1296,-59.9199,
05-07-2026-Thu 14-29-11-PM,-61.8617,-56.9219,-58.9978,-60.7099,-59.1625,-59.9528,
05-07-2026-Thu 14-29-13-PM,-61.8947,-56.9219,-59.1296,-60.7099,-59.1954,-59.9857,
05-07-2026-Thu 14-29-14-PM,-61.9276,-56.9879,-59.4918,-60.8087,-59.2283,-60.0186,
05-07-2026-Thu 14-29-16-PM,-61.9276,-56.9879,-59.1954,-60.8087,-59.2613,-60.0515,
05-07-2026-Thu 14-29-17-PM,-61.9604,-57.0209,-59.2613,-60.7428,-59.2613,-60.0515,
05-07-2026-Thu 14-29-18-PM,-61.9604,-57.0539,-59.2942,-60.8416,-59.2942,-60.0845,
05-07-2026-Thu 14-29-20-PM,-61.9933,-57.0539,-59.4259,-60.9075,-59.3271,-60.1174,
05-07-2026-Thu 14-29-21-PM,-62.0261,-57.0868,-59.5576,-60.9404,-59.3271,-60.1503,
05-07-2026-Thu 14-29-23-PM,-62.0591,-57.1198,-59.4259,-60.8745,-59.3601,-60.1503,
05-07-2026-Thu 14-29-24-PM,-62.092,-57.1198,-59.4589,-60.9404,-59.3601,-60.2161,
05-07-2026-Thu 14-29-25-PM,-62.1249,-57.1528,-59.4918,-61.0061,-59.3929,-60.2161,
05-07-2026-Thu 14-29-27-PM,-62.1249,-57.1528,-59.4918,-60.8087,-59.4259,-60.2161,
05-07-2026-Thu 14-29-28-PM,-62.1578,-57.1858,-59.5248,-61.039,-59.4589,-60.282,
05-07-2026-Thu 14-29-30-PM,-62.1906,-57.2515,-59.5906,-61.072,-59.4589,-60.282,
05-07-2026-Thu 14-29-31-PM,-62.1906,-57.2187,-59.5906,-61.072,-59.4918,-60.3478,
05-07-2026-Thu 14-29-32-PM,-62.2236,-57.2515,-59.6564,-60.9404,-59.5248,-60.3807,
05-07-2026-Thu 14-29-35-PM,-62.2565,-57.2846,-59.4918,-60.9404,-59.5248,-60.3807,
05-07-2026-Thu 14-29-38-PM,-62.2894,-57.3175,-59.7222,-61.072,-59.5906,-60.4466,
05-07-2026-Thu 14-29-41-PM,-62.3223,-57.3835,-59.6564,-61.1049,-59.6236,-60.4795,
05-07-2026-Thu 14-29-44-PM,-62.421,-57.4164,-59.8211,-61.1378,-59.6894,-60.5453,
05-07-2026-Thu 14-29-45-PM,-62.421,-57.4823,-59.7552,-61.1378,-59.6894,-60.5783,
05-07-2026-Thu 14-29-47-PM,-62.4868,-57.5153,-59.8869,-61.1707,-59.7552,-60.6112,
05-07-2026-Thu 14-29-48-PM,-62.4868,-57.5483,-59.9857,-61.2036,-59.7882,-60.677,
05-07-2026-Thu 14-29-50-PM,-62.5196,-57.5483,-59.8211,-61.2695,-59.7882,-60.677,
05-07-2026-Thu 14-29-51-PM,-62.5526,-57.5811,-59.7882,-61.2695,-59.8211,-60.7099,
05-07-2026-Thu 14-29-52-PM,-62.5526,-57.6141,-59.9857,-61.2695,-59.8211,-60.7428,
05-07-2026-Thu 14-29-54-PM,-62.5854,-57.6471,-60.0845,-61.1049,-59.854,-60.7428,
05-07-2026-Thu 14-29-55-PM,-62.5854,-57.6471,-60.0515,-61.4011,-59.854,-60.8087,
05-07-2026-Thu 14-29-57-PM,-62.6183,-57.68,-59.9528,-61.434,-59.9199,-60.8087,
05-07-2026-Thu 14-29-58-PM,-62.6512,-57.68,-60.0845,-61.3352,-59.9199,-60.8416,
05-07-2026-Thu 14-29-59-PM,-62.684,-57.713,-59.9857,-61.434,-59.9528,-60.8745,
05-07-2026-Thu 14-30-01-PM,-62.684,-57.7459,-60.0186,-61.434,-59.9528,-60.8745,
05-07-2026-Thu 14-30-02-PM,-62.717,-57.7459,-60.0845,-61.5326,-59.9857,-60.9075,
05-07-2026-Thu 14-30-04-PM,-62.717,-57.7789,-60.1503,-61.4998,-60.0186,-60.9075,
05-07-2026-Thu 14-30-05-PM,-62.7499,-57.8119,-60.282,-61.2695,-60.0186,-60.9732,
05-07-2026-Thu 14-30-06-PM,-62.7499,-57.8448,-60.1174,-61.4998,-60.0515,-61.0061,
05-07-2026-Thu 14-30-08-PM,-62.7828,-57.8448,-60.0515,-61.6971,-60.0845,-61.0061,
05-07-2026-Thu 14-30-09-PM,-62.8157,-57.8778,-60.1503,-61.5326,-60.0845,-61.039,
05-07-2026-Thu 14-30-11-PM,-62.8485,-57.8778,-60.3478,-61.5985,-60.1174,-61.072,
05-07-2026-Thu 14-30-12-PM,-62.8815,-57.9106,-60.3807,-61.6643,-60.1503,-61.072,
05-07-2026-Thu 14-30-13-PM,-62.8815,-57.9106,-60.3478,-61.4998,-60.1503,-61.1378,
05-07-2026-Thu 14-30-15-PM,-62.9144,-57.9437,-60.3149,-61.5326,-60.1833,-61.1378,
05-07-2026-Thu 14-30-16-PM,-62.9144,-58.0095,-60.3149,-61.6314,-60.2161,-61.1378,
05-07-2026-Thu 14-30-18-PM,-62.9473,-57.9766,-60.3478,-61.5985,-60.2161,-61.2036,
05-07-2026-Thu 14-30-19-PM,-62.9473,-58.0425,-60.3478,-61.5326,-60.2491,-61.2036,
05-07-2026-Thu 14-30-20-PM,-63.0129,-58.0425,-60.3807,-61.6314,-60.2491,-61.2365,
05-07-2026-Thu 14-30-21-PM,-62.9801,-58.0425,-60.3478,-61.6643,-60.282,-61.2695,
05-07-2026-Thu 14-30-23-PM,-63.0129,-58.0754,-60.3807,-61.7959,-60.282,-61.2695,
05-07-2026-Thu 14-30-24-PM,-63.0459,-58.1084,-60.4137,-61.5985,-60.3149,-61.3352,
05-07-2026-Thu 14-30-26-PM,-63.0459,-58.1414,-60.3478,-61.8288,-60.3478,-61.3352,
05-07-2026-Thu 14-30-27-PM,-63.0788,-58.1743,-60.4137,-61.7959,-60.3478,-61.3352,
05-07-2026-Thu 14-30-28-PM,-63.1117,-58.1743,-60.5783,-61.8288,-60.3807,-61.4011,
05-07-2026-Thu 14-30-30-PM,-63.1117,-58.1743,-60.5783,-61.8947,-60.4137,-61.434,
05-07-2026-Thu 14-30-31-PM,-63.1445,-58.2073,-60.5453,-61.763,-60.4466,-61.434,
05-07-2026-Thu 14-30-33-PM,-63.1445,-58.2401,-60.7099,-61.8617,-60.4466,-61.4669,
05-07-2026-Thu 14-30-34-PM,-63.1774,-58.2731,-60.4466,-61.9276,-60.4466,-61.4669,
05-07-2026-Thu 14-30-35-PM,-63.2103,-58.2731,-60.7099,-61.9276,-60.4795,-61.4998,
05-07-2026-Thu 14-30-37-PM,-63.2432,-58.306,-60.6441,-61.8947,-60.5125,-61.5326,
05-07-2026-Thu 14-30-38-PM,-63.2432,-58.339,-60.6441,-61.8947,-60.5453,-61.5656,
05-07-2026-Thu 14-30-40-PM,-63.2761,-58.339,-60.6112,-61.9933,-60.5453,-61.5656,
05-07-2026-Thu 14-30-41-PM,-63.2761,-58.3719,-60.7758,-61.9933,-60.5783,-61.5985,
05-07-2026-Thu 14-30-42-PM,-63.309,-58.3719,-60.677,-61.8288,-60.6112,-61.6314,
05-07-2026-Thu 14-30-44-PM,-63.3418,-58.4048,-60.6441,-62.0261,-60.6112,-61.6643,
05-07-2026-Thu 14-30-45-PM,-63.3418,-58.4378,-60.7758,-61.9604,-60.6441,-61.6643,
05-07-2026-Thu 14-30-47-PM,-63.3747,-58.4378,-60.9732,-62.1249,-60.6441,-61.6971,
05-07-2026-Thu 14-30-48-PM,-63.3747,-58.5037,-60.6112,-62.0261,-60.677,-61.6971,
05-07-2026-Thu 14-30-49-PM,-63.4076,-58.5037,-60.8745,-62.0261,-60.677,-61.7301,
05-07-2026-Thu 14-30-51-PM,-63.4405,-58.5367,-60.7758,-61.9933,-60.7428,-61.763,
05-07-2026-Thu 14-30-52-PM,-63.4405,-58.5696,-60.8087,-61.9604,-60.7428,-61.7959,
05-07-2026-Thu 14-30-54-PM,-63.4734,-58.5696,-60.8745,-61.9933,-60.7428,-61.8288,
05-07-2026-Thu 14-30-55-PM,-63.4734,-58.5696,-60.8416,-61.9933,-60.8087,-61.8288,
05-07-2026-Thu 14-30-56-PM,-63.5062,-58.6026,-61.0061,-62.0261,-60.8087,-61.8617,
05-07-2026-Thu 14-30-58-PM,-63.4734,-58.6355,-60.8745,-62.2236,-60.8416,-61.8617,
05-07-2026-Thu 14-30-59-PM,-63.572,-58.6684,-60.9075,-62.1249,-60.8416,-61.9276,
05-07-2026-Thu 14-31-01-PM,-63.5391,-58.6684,-60.9404,-62.092,-60.8416,-61.9276,
05-07-2026-Thu 14-31-02-PM,-63.6049,-58.6684,-60.9404,-62.1578,-60.9075,-61.9604,
05-07-2026-Thu 14-31-03-PM,-63.6049,-58.7014,-60.8416,-62.3881,-60.9075,-61.9933,
05-07-2026-Thu 14-31-05-PM,-63.6049,-58.7342,-61.0061,-62.2894,-60.9075,-62.0261,
05-07-2026-Thu 14-31-06-PM,-63.6378,-58.7342,-60.9404,-62.2565,-60.9404,-62.0261,
05-07-2026-Thu 14-31-08-PM,-63.6706,-58.8002,-61.039,-62.2236,-60.9732,-62.0591,
05-07-2026-Thu 14-31-09-PM,-63.6706,-58.8002,-61.2036,-62.3551,-60.9732,-62.0591,
05-07-2026-Thu 14-31-10-PM,-63.7035,-58.8331,-61.072,-62.1906,-61.0061,-62.092,
05-07-2026-Thu 14-31-12-PM,-63.7035,-58.8331,-61.3024,-62.421,-61.039,-62.1249,
05-07-2026-Thu 14-31-13-PM,-63.7035,-58.8661,-61.1707,-62.2565,-61.039,-62.1578,
05-07-2026-Thu 14-31-14-PM,-63.7364,-58.899,-61.1049,-62.2894,-61.072,-62.1578,
05-07-2026-Thu 14-31-16-PM,-63.7693,-58.899,-61.1707,-62.2565,-61.072,-62.2236,
05-07-2026-Thu 14-31-17-PM,-63.7693,-58.932,-61.2036,-62.3551,-61.1049,-62.1906,
05-07-2026-Thu 14-31-18-PM,-63.8022,-58.932,-61.1707,-62.3881,-61.1378,-62.2236,
05-07-2026-Thu 14-31-20-PM,-63.8022,-58.9648,-61.3681,-62.2894,-61.1378,-62.2236,
05-07-2026-Thu 14-31-21-PM,-63.8022,-58.9648,-61.4011,-62.3881,-61.1707,-62.2565,
05-07-2026-Thu 14-31-22-PM,-63.8679,-58.9978,-61.4011,-62.5526,-61.1707,-62.2894,
05-07-2026-Thu 14-31-24-PM,-63.835,-59.0307,-61.4011,-62.4868,-61.2036,-62.2894,
05-07-2026-Thu 14-31-25-PM,-63.8679,-59.0307,-61.3352,-62.4539,-61.2365,-62.3223,
05-07-2026-Thu 14-31-27-PM,-63.9008,-59.0636,-61.3352,-62.421,-61.2695,-62.3551,
05-07-2026-Thu 14-31-28-PM,-63.9008,-59.0966,-61.4669,-62.4868,-61.2365,-62.3881,
05-07-2026-Thu 14-31-29-PM,-63.9337,-59.0966,-61.4011,-62.5526,-61.2695,-62.3881,
05-07-2026-Thu 14-31-31-PM,-63.9337,-59.1296,-61.3352,-62.5196,-61.3024,-62.421,
05-07-2026-Thu 14-31-32-PM,-63.9666,-59.1625,-61.3681,-62.4868,-61.3352,-62.4539,
05-07-2026-Thu 14-31-34-PM,-63.9993,-59.1954,-61.2365,-62.5526,-61.3352,-62.4539,
05-07-2026-Thu 14-31-35-PM,-63.9993,-59.1625,-61.4011,-62.5854,-61.3681,-62.4539,
05-07-2026-Thu 14-31-36-PM,-63.9993,-59.2283,-61.434,-62.5526,-61.3681,-62.5196,
05-07-2026-Thu 14-31-38-PM,-64.0323,-59.2283,-61.5656,-62.684,-61.4011,-62.5196,
05-07-2026-Thu 14-31-39-PM,-64.0323,-59.2613,-61.4998,-62.684,-61.4011,-62.5526,
05-07-2026-Thu 14-31-41-PM,-64.0652,-59.2613,-61.4998,-62.7499,-61.4669,-62.5854,
05-07-2026-Thu 14-31-42-PM,-64.098,-59.2942,-61.6314,-62.4868,-61.4669,-62.5854,
05-07-2026-Thu 14-31-43-PM,-64.098,-59.2942,-61.6314,-62.6183,-61.4998,-62.6183,
05-07-2026-Thu 14-31-45-PM,-64.1309,-59.3271,-61.4998,-62.717,-61.4998,-62.6512,
05-07-2026-Thu 14-31-46-PM,-64.1309,-59.3601,-61.6314,-62.7499,-61.5326,-62.6512,
05-07-2026-Thu 14-31-48-PM,-64.1309,-59.3929,-61.5985,-62.7828,-61.5656,-62.684,
05-07-2026-Thu 14-31-50-PM,-64.1637,-59.3929,-61.6971,-62.7828,-61.5656,-62.684,
05-07-2026-Thu 14-31-53-PM,-64.1967,-59.4259,-61.7301,-62.7828,-61.5985,-62.7499,
05-07-2026-Thu 14-31-56-PM,-64.2295,-59.4918,-61.7959,-62.8157,-61.6643,-62.7828,
05-07-2026-Thu 14-31-59-PM,-64.2624,-59.5248,-61.7959,-62.8157,-61.6643,-62.8157,
05-07-2026-Thu 14-32-01-PM,-64.2953,-59.5576,-61.7301,-62.8815,-61.6971,-62.8815,
05-07-2026-Thu 14-32-02-PM,-64.2953,-59.5906,-61.8947,-62.9144,-61.7301,-62.9144,
05-07-2026-Thu 14-32-03-PM,-64.328,-59.6236,-61.8947,-63.0459,-61.763,-62.9144,
05-07-2026-Thu 14-32-05-PM,-64.328,-59.6564,-61.7959,-62.9144,-61.763,-62.9473,
05-07-2026-Thu 14-32-06-PM,-64.361,-59.6564,-61.9276,-62.8815,-61.763,-62.9801,
05-07-2026-Thu 14-32-08-PM,-64.361,-59.6564,-61.8617,-63.0129,-61.7959,-62.9801,
05-07-2026-Thu 14-32-09-PM,-64.3938,-59.6894,-62.092,-62.7499,-61.8617,-63.0129,
05-07-2026-Thu 14-32-10-PM,-64.4267,-59.7222,-61.8947,-62.9473,-61.8617,-63.0129,
05-07-2026-Thu 14-32-12-PM,-64.4267,-59.6894,-62.0591,-63.0788,-61.8947,-63.0129,
05-07-2026-Thu 14-32-13-PM,-64.4596,-59.7552,-61.9604,-62.8815,-61.8947,-63.0788,
05-07-2026-Thu 14-32-14-PM,-64.4596,-59.7552,-62.1578,-62.7828,-61.9276,-63.0788,
05-07-2026-Thu 14-32-16-PM,-64.4596,-59.7552,-62.0261,-63.0129,-61.9276,-63.1117,
05-07-2026-Thu 14-32-18-PM,-64.4924,-59.8211,-62.0591,-63.0459,-61.9604,-63.1117,
05-07-2026-Thu 14-32-19-PM,-64.4924,-59.8211,-62.092,-62.9144,-61.9604,-63.1445,
05-07-2026-Thu 14-32-20-PM,-64.5253,-59.8211,-61.9604,-63.1445,-61.9933,-63.1445,
05-07-2026-Thu 14-32-22-PM,-64.5582,-59.854,-62.0591,-63.0459,-61.9933,-63.1774,
05-07-2026-Thu 14-32-23-PM,-64.5582,-59.8869,-62.0261,-63.1117,-62.0591,-63.2103,
05-07-2026-Thu 14-32-25-PM,-64.5911,-59.8869,-61.9604,-63.1117,-62.0591,-63.2432,
05-07-2026-Thu 14-32-26-PM,-64.5582,-59.9199,-62.0261,-63.2103,-62.0591,-63.2432,
05-07-2026-Thu 14-32-27-PM,-64.6239,-59.9528,-62.0591,-63.1774,-62.092,-63.2761,
05-07-2026-Thu 14-32-29-PM,-64.5911,-59.9528,-62.2236,-63.1445,-62.1249,-63.309,
05-07-2026-Thu 14-32-30-PM,-64.6239,-59.9528,-62.2565,-63.2103,-62.1249,-63.309,
05-07-2026-Thu 14-32-31-PM,-64.6567,-59.9857,-62.3223,-63.0788,-62.1249,-63.3418,
05-07-2026-Thu 14-32-33-PM,-64.6567,-60.0186,-62.3223,-63.3418,-62.1249,-63.3418,
05-07-2026-Thu 14-32-36-PM,-64.6896,-60.0186,-62.2565,-63.3418,-62.1578,-63.3418,
05-07-2026-Thu 14-32-39-PM,-64.7225,-60.0515,-62.3223,-63.2761,-62.1906,-63.3747,
05-07-2026-Thu 14-32-40-PM,-64.7225,-60.0845,-62.3551,-63.1445,-62.2565,-63.4405,
05-07-2026-Thu 14-32-41-PM,-64.7225,-60.1174,-62.421,-63.309,-62.2565,-63.4405,
05-07-2026-Thu 14-32-43-PM,-64.7554,-60.1174,-62.2894,-63.1445,-62.2894,-63.4734,
05-07-2026-Thu 14-32-44-PM,-64.7882,-60.1503,-62.3551,-63.3747,-62.2894,-63.4734,
05-07-2026-Thu 14-32-46-PM,-64.821,-60.1833,-62.2894,-63.2103,-62.3223,-63.5062,
05-07-2026-Thu 14-32-47-PM,-64.821,-60.1833,-62.4868,-63.3747,-62.3223,-63.5062,
05-07-2026-Thu 14-32-48-PM,-64.821,-60.1833,-62.5526,-63.3747,-62.3551,-63.5391,
05-07-2026-Thu 14-32-50-PM,-64.821,-60.2161,-62.5196,-63.1445,-62.3551,-63.572,
05-07-2026-Thu 14-32-51-PM,-64.8869,-60.2161,-62.4539,-63.3418,-62.3881,-63.6049,
05-07-2026-Thu 14-32-53-PM,-64.854,-60.282,-62.5526,-63.3747,-62.421,-63.572,
05-07-2026-Thu 14-32-54-PM,-64.8869,-60.282,-62.421,-63.4734,-62.3881,-63.6378,
05-07-2026-Thu 14-32-55-PM,-64.8869,-60.282,-62.4868,-63.309,-62.4539,-63.6378,
05-07-2026-Thu 14-32-57-PM,-64.9197,-60.3149,-62.5854,-63.2761,-62.4539,-63.6706,
05-07-2026-Thu 14-32-58-PM,-64.8869,-60.3478,-62.5526,-63.4076,-62.4868,-63.7035,
05-07-2026-Thu 14-32-59-PM,-64.9197,-60.3478,-62.4539,-63.4734,-62.4868,-63.7035,
05-07-2026-Thu 14-33-01-PM,-64.9526,-60.3478,-62.5196,-63.4076,-62.4868,-63.7035,
05-07-2026-Thu 14-33-02-PM,-64.9526,-60.3807,-62.6183,-63.309,-62.5196,-63.7364,
05-07-2026-Thu 14-33-04-PM,-64.9854,-60.4137,-62.6512,-63.5062,-62.5526,-63.7364,
05-07-2026-Thu 14-33-05-PM,-65.0183,-60.4137,-62.6183,-63.4405,-62.5526,-63.7693,
05-07-2026-Thu 14-33-06-PM,-64.9854,-60.4137,-62.6512,-63.4734,-62.5854,-63.7693,
05-07-2026-Thu 14-33-08-PM,-65.0183,-60.4466,-62.7499,-63.4405,-62.6183,-63.8022,
05-07-2026-Thu 14-33-09-PM,-65.0183,-60.4466,-62.7499,-63.4734,-62.5854,-63.835,
05-07-2026-Thu 14-33-10-PM,-65.0511,-60.4795,-62.5854,-63.4734,-62.6183,-63.8679,
05-07-2026-Thu 14-33-12-PM,-65.084,-60.4795,-62.717,-63.4734,-62.6512,-63.835,
05-07-2026-Thu 14-33-13-PM,-65.0511,-60.5125,-62.7499,-63.6049,-62.6512,-63.835,
05-07-2026-Thu 14-33-15-PM,-65.1169,-60.5125,-62.717,-63.4405,-62.684,-63.9008,
05-07-2026-Thu 14-33-16-PM,-65.084,-60.5783,-62.7499,-63.6049,-62.684,-63.9337,
05-07-2026-Thu 14-33-17-PM,-65.084,-60.5783,-62.7828,-63.5391,-62.7499,-63.9337,
05-07-2026-Thu 14-33-19-PM,-65.1169,-60.5783,-62.8485,-63.4734,-62.717,-63.9337,
05-07-2026-Thu 14-33-20-PM,-65.1497,-60.6112,-62.7828,-63.7693,-62.7499,-63.9666,
05-07-2026-Thu 14-33-21-PM,-65.1497,-60.6112,-62.8157,-63.7364,-62.7499,-63.9666,
05-07-2026-Thu 14-33-23-PM,-65.1497,-60.6441,-62.7828,-63.7364,-62.7499,-63.9993,
05-07-2026-Thu 14-33-24-PM,-65.1826,-60.677,-62.8485,-63.7364,-62.7828,-63.9993,
05-07-2026-Thu 14-33-26-PM,-65.1826,-60.677,-62.8485,-63.6378,-62.7828,-64.0323,
05-07-2026-Thu 14-33-27-PM,-65.1826,-60.7099,-62.9144,-63.6049,-62.8157,-64.0323,
05-07-2026-Thu 14-33-28-PM,-65.2155,-60.7099,-62.9473,-63.7035,-62.8485,-64.0652,
05-07-2026-Thu 14-33-30-PM,-65.2484,-60.7099,-62.9144,-63.6706,-62.8485,-64.0652,
05-07-2026-Thu 14-33-31-PM,-65.2155,-60.7428,-62.8157,-63.6378,-62.8485,-64.0652,
05-07-2026-Thu 14-33-33-PM,-65.2484,-60.7428,-62.9144,-63.6378,-62.8815,-64.1309,
05-07-2026-Thu 14-33-34-PM,-65.2812,-60.8087,-62.8815,-63.6706,-62.9144,-64.1309,
05-07-2026-Thu 14-33-35-PM,-65.2812,-60.7758,-63.0788,-63.7035,-62.9144,-64.1309,
05-07-2026-Thu 14-33-37-PM,-65.2812,-60.8087,-62.9144,-63.9008,-62.9144,-64.1637,
05-07-2026-Thu 14-33-40-PM,-65.3139,-60.8416,-62.9801,-63.8022,-62.9473,-64.1637,
05-07-2026-Thu 14-33-42-PM,-65.3139,-60.8745,-63.0129,-63.7035,-62.9801,-64.2295,
05-07-2026-Thu 14-33-44-PM,-65.3797,-60.8745,-62.9801,-63.9337,-63.0129,-64.2624,
05-07-2026-Thu 14-33-46-PM,-65.3797,-60.9404,-62.9144,-63.8022,-63.0459,-64.2624,
05-07-2026-Thu 14-33-47-PM,-65.4126,-60.9404,-63.1774,-63.9666,-63.0788,-64.2953,
05-07-2026-Thu 14-33-49-PM,-65.4126,-60.9404,-63.1117,-63.835,-63.0788,-64.2953,
05-07-2026-Thu 14-33-50-PM,-65.3797,-60.9404,-63.1117,-63.7693,-63.0788,-64.2953,
05-07-2026-Thu 14-33-51-PM,-65.4126,-60.9732,-63.1117,-63.9008,-63.1117,-64.328,
05-07-2026-Thu 14-33-53-PM,-65.4126,-61.0061,-63.0788,-63.7693,-63.1117,-64.361,
05-07-2026-Thu 14-33-54-PM,-65.4455,-61.0061,-63.1117,-63.7364,-63.1117,-64.361,
05-07-2026-Thu 14-33-56-PM,-65.4455,-61.039,-63.2103,-63.9337,-63.1774,-64.3938,
05-07-2026-Thu 14-33-57-PM,-65.4782,-61.039,-63.2103,-63.9008,-63.1774,-64.3938,
05-07-2026-Thu 14-33-59-PM,-65.5112,-61.039,-63.309,-63.9993,-63.1774,-64.3938,
05-07-2026-Thu 14-34-00-PM,-65.4782,-61.1049,-63.3418,-63.9666,-63.1774,-64.4267,
05-07-2026-Thu 14-34-02-PM,-65.5112,-61.1049,-63.2103,-63.9993,-63.2432,-64.4596,
05-07-2026-Thu 14-34-03-PM,-65.544,-61.1049,-63.309,-63.9993,-63.2103,-64.4596,
05-07-2026-Thu 14-34-04-PM,-65.544,-61.1378,-63.4405,-63.9993,-63.2103,-64.4924,
05-07-2026-Thu 14-34-06-PM,-65.5769,-61.1707,-63.4076,-64.098,-63.2432,-64.4924,
05-07-2026-Thu 14-34-07-PM,-65.544,-61.1707,-63.2432,-63.9008,-63.2761,-64.5253,
05-07-2026-Thu 14-34-09-PM,-65.5769,-61.1707,-63.2761,-64.0323,-63.309,-64.4924,
05-07-2026-Thu 14-34-10-PM,-65.6098,-61.2036,-63.4405,-63.9666,-63.309,-64.5253,
05-07-2026-Thu 14-34-11-PM,-65.6098,-61.2036,-63.2432,-64.098,-63.309,-64.5582,
05-07-2026-Thu 14-34-13-PM,-65.5769,-61.2365,-63.4405,-64.0323,-63.3418,-64.5911,
05-07-2026-Thu 14-34-14-PM,-65.6098,-61.2695,-63.2761,-63.9993,-63.3418,-64.5911,
05-07-2026-Thu 14-34-15-PM,-65.6425,-61.2695,-63.3418,-64.1637,-63.3747,-64.5911,
05-07-2026-Thu 14-34-17-PM,-65.6425,-61.2695,-63.3418,-64.098,-63.4076,-64.5911,
05-07-2026-Thu 14-34-18-PM,-65.6425,-61.3024,-63.4405,-64.2295,-63.4076,-64.6239,
05-07-2026-Thu 14-34-20-PM,-65.6425,-61.3352,-63.4405,-64.098,-63.4076,-64.6239,
05-07-2026-Thu 14-34-21-PM,-65.6754,-61.3352,-63.4405,-64.1967,-63.4405,-64.6567,
05-07-2026-Thu 14-34-22-PM,-65.7083,-61.3352,-63.6049,-64.1637,-63.4405,-64.6896,
05-07-2026-Thu 14-34-24-PM,-65.7083,-61.3681,-63.5391,-63.9993,-63.4405,-64.7225,
05-07-2026-Thu 14-34-25-PM,-65.6754,-61.3681,-63.572,-64.1637,-63.4734,-64.6896,
05-07-2026-Thu 14-34-27-PM,-65.7083,-61.3681,-63.5391,-64.1637,-63.4734,-64.7225,
05-07-2026-Thu 14-34-28-PM,-65.7411,-61.434,-63.4734,-64.1967,-63.5062,-64.7554,
05-07-2026-Thu 14-34-29-PM,-65.7083,-61.4011,-63.572,-64.2295,-63.5062,-64.7554,
05-07-2026-Thu 14-34-31-PM,-65.7411,-61.434,-63.3747,-64.2953,-63.5391,-64.7882,
05-07-2026-Thu 14-34-32-PM,-65.7411,-61.434,-63.572,-64.2295,-63.5062,-64.7554,
05-07-2026-Thu 14-34-34-PM,-65.774,-61.4669,-63.6049,-64.1967,-63.572,-64.7882,
05-07-2026-Thu 14-34-35-PM,-65.774,-61.4669,-63.6049,-64.0652,-63.5391,-64.821,
05-07-2026-Thu 14-34-36-PM,-65.8068,-61.4998,-63.7364,-64.1309,-63.572,-64.821,
05-07-2026-Thu 14-34-38-PM,-65.8068,-61.5326,-63.7693,-64.1967,-63.6049,-64.854,
05-07-2026-Thu 14-34-39-PM,-65.8068,-61.5326,-63.6706,-64.2624,-63.6049,-64.854,
05-07-2026-Thu 14-34-41-PM,-65.8397,-61.5326,-63.4405,-64.1967,-63.6378,-64.8869,
05-07-2026-Thu 14-34-42-PM,-65.8068,-61.5656,-63.7035,-64.361,-63.6378,-64.8869,
05-07-2026-Thu 14-34-43-PM,-65.8726,-61.5656,-63.7035,-64.2953,-63.6378,-64.8869,
05-07-2026-Thu 14-34-45-PM,-65.8726,-61.6314,-63.6706,-64.4267,-63.6706,-64.8869,
05-07-2026-Thu 14-34-46-PM,-65.8726,-61.5985,-63.7364,-64.1967,-63.6706,-64.9526,
05-07-2026-Thu 14-34-48-PM,-65.9054,-61.6314,-63.7693,-64.2624,-63.7035,-64.9526,
05-07-2026-Thu 14-34-49-PM,-65.9054,-61.6643,-63.7364,-64.361,-63.7035,-64.9526,
05-07-2026-Thu 14-34-50-PM,-65.9054,-61.6643,-63.8679,-64.3938,-63.7364,-64.9854,
05-07-2026-Thu 14-34-52-PM,-65.9054,-61.6643,-63.9337,-64.361,-63.7693,-64.9854,
05-07-2026-Thu 14-34-53-PM,-65.9383,-61.6971,-63.7693,-64.5582,-63.7693,-64.9854,
05-07-2026-Thu 14-34-54-PM,-65.9383,-61.6971,-63.835,-64.4267,-63.7693,-65.0183,
05-07-2026-Thu 14-34-56-PM,-65.9383,-61.6971,-63.8679,-64.3938,-63.8022,-65.0183,
05-07-2026-Thu 14-34-57-PM,-65.971,-61.7301,-63.9337,-64.4267,-63.8022,-65.0183,
05-07-2026-Thu 14-34-59-PM,-65.971,-61.763,-63.7364,-64.4267,-63.8022,-65.084,
05-07-2026-Thu 14-35-00-PM,-65.971,-61.763,-63.7364,-64.4267,-63.835,-65.0511,
05-07-2026-Thu 14-35-01-PM,-65.971,-61.7959,-63.8679,-64.4596,-63.835,-65.084,
05-07-2026-Thu 14-35-03-PM,-66.0039,-61.7959,-63.8679,-64.4596,-63.8679,-65.1169,
05-07-2026-Thu 14-35-04-PM,-66.0039,-61.7959,-63.8679,-64.4596,-63.8679,-65.084,
05-07-2026-Thu 14-35-06-PM,-66.0039,-61.7959,-63.8022,-64.4596,-63.8679,-65.1169,
05-07-2026-Thu 14-35-07-PM,-66.0368,-61.8288,-63.9337,-64.5911,-63.9008,-65.1169,
05-07-2026-Thu 14-35-09-PM,-66.0368,-61.8288,-63.8679,-64.4596,-63.9008,-65.1497,
05-07-2026-Thu 14-35-10-PM,-66.0368,-61.8617,-64.0323,-64.5253,-63.9337,-65.1826,
05-07-2026-Thu 14-35-11-PM,-66.0696,-61.8947,-63.9993,-64.5253,-63.9337,-65.1826,
05-07-2026-Thu 14-35-13-PM,-66.0696,-61.8947,-63.9993,-64.5582,-63.9666,-65.2155,
05-07-2026-Thu 14-35-14-PM,-66.1025,-61.8947,-64.0652,-64.4267,-63.9666,-65.1826,
05-07-2026-Thu 14-35-16-PM,-66.1025,-61.9276,-64.0323,-64.4596,-63.9666,-65.2155,
05-07-2026-Thu 14-35-17-PM,-66.1025,-61.9604,-63.9666,-64.5582,-63.9666,-65.2155,
05-07-2026-Thu 14-35-18-PM,-66.1025,-61.9604,-64.1309,-64.5911,-63.9993,-65.2155,
05-07-2026-Thu 14-35-20-PM,-66.1353,-61.9604,-64.1967,-64.5253,-63.9993,-65.2812,
05-07-2026-Thu 14-35-21-PM,-66.1025,-61.9604,-64.0652,-64.5253,-64.0323,-65.2812,
05-07-2026-Thu 14-35-23-PM,-66.1353,-61.9933,-64.098,-64.5911,-64.0323,-65.2812,
05-07-2026-Thu 14-35-24-PM,-66.1353,-62.0261,-64.098,-64.6239,-64.0323,-65.2812,
05-07-2026-Thu 14-35-25-PM,-66.1353,-62.0261,-64.098,-64.6239,-64.0652,-65.2812,
05-07-2026-Thu 14-35-27-PM,-66.201,-62.0261,-64.2624,-64.5911,-64.098,-65.3139,
05-07-2026-Thu 14-35-28-PM,-66.1682,-62.0591,-64.2624,-64.4596,-64.098,-65.3139,
05-07-2026-Thu 14-35-30-PM,-66.1682,-62.092,-64.1637,-64.6567,-64.098,-65.3468,
05-07-2026-Thu 14-35-31-PM,-66.201,-62.092,-64.0652,-64.6239,-64.1309,-65.3797,
05-07-2026-Thu 14-35-32-PM,-66.2339,-62.092,-64.2624,-64.7225,-64.1637,-65.3797,
05-07-2026-Thu 14-35-34-PM,-66.2339,-62.1578,-64.4596,-64.6567,-64.1967,-65.4126,
05-07-2026-Thu 14-35-35-PM,-66.2668,-62.1578,-64.328,-64.8869,-64.2295,-65.4126,
05-07-2026-Thu 14-35-36-PM,-66.2994,-62.2236,-64.4267,-64.9197,-64.2624,-65.4455,
05-07-2026-Thu 14-35-37-PM,-66.3652,-62.2565,-64.5253,-65.0183,-64.2953,-65.4455,
05-07-2026-Thu 14-35-39-PM,-66.3652,-62.2894,-64.5253,-65.0511,-64.361,-65.4782,
05-07-2026-Thu 14-35-40-PM,-66.3981,-62.3551,-64.5911,-65.1826,-64.4267,-65.5112,
05-07-2026-Thu 14-35-42-PM,-66.4637,-62.3881,-64.7225,-65.3139,-64.4924,-65.544,
05-07-2026-Thu 14-35-43-PM,-66.4967,-62.4539,-64.6896,-65.3139,-64.5253,-65.5769,
05-07-2026-Thu 14-35-45-PM,-66.5295,-62.4868,-64.7882,-65.3797,-64.6239,-65.6425,
05-07-2026-Thu 14-35-46-PM,-66.5952,-62.5526,-64.6896,-65.4782,-64.6896,-65.6425,
05-07-2026-Thu 14-35-47-PM,-66.6279,-62.5854,-64.6896,-65.4455,-64.7225,-65.6754,
05-07-2026-Thu 14-35-49-PM,-66.6609,-62.6183,-64.7882,-65.5769,-64.7882,-65.7083,
05-07-2026-Thu 14-35-50-PM,-66.6937,-62.684,-64.854,-65.8068,-64.854,-65.7411,
05-07-2026-Thu 14-35-51-PM,-66.7593,-62.717,-64.9526,-65.544,-64.8869,-65.774,
05-07-2026-Thu 14-35-53-PM,-66.7921,-62.7499,-64.9854,-65.774,-64.9526,-65.8068,
05-07-2026-Thu 14-35-54-PM,-66.825,-62.7828,-65.0511,-65.8726,-64.9526,-65.8397,
05-07-2026-Thu 14-35-55-PM,-66.8579,-62.8157,-65.1497,-65.8397,-65.0183,-65.8726,
05-07-2026-Thu 14-35-57-PM,-66.8907,-62.8815,-65.1169,-65.8726,-65.084,-65.8726,
05-07-2026-Thu 14-35-58-PM,-66.9236,-62.8815,-65.0183,-66.0696,-65.1169,-65.9383,
05-07-2026-Thu 14-35-59-PM,-66.9892,-62.9144,-65.3468,-66.0368,-65.1826,-65.971,
05-07-2026-Thu 14-36-01-PM,-66.9892,-62.9801,-65.2155,-66.0039,-65.1826,-66.0039,
05-07-2026-Thu 14-36-02-PM,-67.0221,-63.0129,-65.3468,-65.971,-65.2812,-66.0368,
05-07-2026-Thu 14-36-04-PM,-67.0877,-63.0788,-65.3139,-66.201,-65.3139,-66.0696,
05-07-2026-Thu 14-36-05-PM,-67.1534,-63.0788,-65.4455,-66.1353,-65.3468,-66.1025,
05-07-2026-Thu 14-36-06-PM,-67.1863,-63.1445,-65.2812,-66.201,-65.4126,-66.1353,
05-07-2026-Thu 14-36-08-PM,-67.2191,-63.1774,-65.3797,-66.3324,-65.4782,-66.1682,
05-07-2026-Thu 14-36-09-PM,-67.2519,-63.2103,-65.5769,-66.4637,-65.5112,-66.2339,
05-07-2026-Thu 14-36-11-PM,-67.2847,-63.2432,-65.5112,-66.2994,-65.544,-66.2339,
05-07-2026-Thu 14-36-12-PM,-67.3176,-63.309,-65.5769,-66.5952,-65.6098,-66.2994,
05-07-2026-Thu 14-36-13-PM,-67.3832,-63.3418,-65.544,-66.5623,-65.6754,-66.3324,
05-07-2026-Thu 14-36-15-PM,-67.4161,-63.3747,-65.774,-66.6279,-65.7083,-66.3652,
05-07-2026-Thu 14-36-16-PM,-67.4817,-63.4076,-65.6425,-66.6937,-65.7411,-66.3981,
05-07-2026-Thu 14-36-18-PM,-67.4817,-63.4734,-65.8068,-66.7265,-65.8397,-66.4309,
05-07-2026-Thu 14-36-19-PM,-67.5474,-63.5062,-65.774,-66.7265,-65.8397,-66.4637,
05-07-2026-Thu 14-36-21-PM,-67.613,-63.5391,-65.8068,-66.825,-65.8726,-66.4967,
05-07-2026-Thu 14-36-22-PM,-67.613,-63.572,-65.8726,-66.8579,-65.9383,-66.5295,
05-07-2026-Thu 14-36-23-PM,-67.6787,-63.6049,-65.9383,-66.8579,-65.971,-66.5623,
05-07-2026-Thu 14-36-25-PM,-67.6787,-63.6706,-65.8726,-66.8579,-66.0368,-66.5952,
05-07-2026-Thu 14-36-26-PM,-67.7115,-63.6706,-65.9383,-66.9892,-66.0696,-66.6279,
05-07-2026-Thu 14-36-27-PM,-67.7771,-63.7035,-65.8068,-66.9236,-66.1025,-66.6609,
05-07-2026-Thu 14-36-29-PM,-67.81,-63.7693,-66.0039,-67.0549,-66.1353,-66.6937,
05-07-2026-Thu 14-36-30-PM,-67.8757,-63.7693,-65.9383,-67.0877,-66.201,-66.7265,
05-07-2026-Thu 14-36-32-PM,-67.8757,-63.835,-65.9054,-67.1205,-66.201,-66.7921,
05-07-2026-Thu 14-36-33-PM,-67.9085,-63.8679,-66.1682,-67.1863,-66.2668,-66.7921,
05-07-2026-Thu 14-36-34-PM,-67.9413,-63.9008,-66.2339,-67.2847,-66.3324,-66.825,
05-07-2026-Thu 14-36-36-PM,-68.0069,-63.9666,-66.2339,-67.3504,-66.3652,-66.8579,
05-07-2026-Thu 14-36-37-PM,-68.0398,-63.9666,-66.2668,-67.2847,-66.3652,-66.8907,
05-07-2026-Thu 14-36-39-PM,-68.0398,-64.0323,-66.2339,-67.3504,-66.4309,-66.9564,
05-07-2026-Thu 14-36-40-PM,-68.1053,-64.0323,-66.2668,-67.3832,-66.4967,-66.9564,
05-07-2026-Thu 14-36-41-PM,-68.1711,-64.098,-66.201,-67.3832,-66.5295,-67.0221,
05-07-2026-Thu 14-36-43-PM,-68.1711,-64.1309,-66.2994,-67.5146,-66.5623,-67.0221,
05-07-2026-Thu 14-36-44-PM,-68.2039,-64.1637,-66.2994,-67.5146,-66.5952,-67.0549,
05-07-2026-Thu 14-36-46-PM,-68.2368,-64.2295,-66.3324,-67.613,-66.6609,-67.1205,
05-07-2026-Thu 14-36-48-PM,-68.3023,-64.2295,-66.3981,-67.613,-66.6937,-67.1863,
05-07-2026-Thu 14-36-51-PM,-68.3351,-64.2953,-66.5295,-67.6787,-66.7593,-67.2191,
05-07-2026-Thu 14-36-54-PM,-68.4335,-64.3938,-66.6279,-67.7444,-66.825,-67.2847,
05-07-2026-Thu 14-36-55-PM,-68.4664,-64.4267,-66.7265,-67.8428,-66.9236,-67.3504,
05-07-2026-Thu 14-36-56-PM,-68.5321,-64.4596,-66.6609,-67.8428,-66.9236,-67.3832,
05-07-2026-Thu 14-36-58-PM,-68.5649,-64.4924,-66.825,-67.9085,-66.9564,-67.4161,
05-07-2026-Thu 14-36-59-PM,-68.5977,-64.5253,-66.825,-68.0069,-67.0221,-67.4488,
05-07-2026-Thu 14-37-01-PM,-68.6306,-64.5582,-66.8907,-68.0069,-67.0549,-67.4817,
05-07-2026-Thu 14-37-02-PM,-68.6634,-64.5911,-66.9564,-68.0726,-67.0549,-67.5146,
05-07-2026-Thu 14-37-03-PM,-68.6961,-64.6567,-66.8907,-68.1053,-67.1205,-67.5474,
05-07-2026-Thu 14-37-05-PM,-68.729,-64.6567,-67.0877,-68.2039,-67.1534,-67.613,
05-07-2026-Thu 14-37-06-PM,-68.7617,-64.6896,-67.0221,-68.2368,-67.1863,-67.6459,
05-07-2026-Thu 14-37-08-PM,-68.8274,-64.7225,-67.0221,-68.1382,-67.2519,-67.6459,
05-07-2026-Thu 14-37-09-PM,-68.8274,-64.7554,-67.1534,-68.1382,-67.2847,-67.7115,
05-07-2026-Thu 14-37-10-PM,-68.8603,-64.821,-67.1863,-68.3351,-67.2847,-67.7115,
05-07-2026-Thu 14-37-12-PM,-68.893,-64.821,-67.1534,-68.1382,-67.3504,-67.7771,
05-07-2026-Thu 14-37-13-PM,-68.9587,-64.854,-67.2191,-68.3351,-67.3832,-67.81,
05-07-2026-Thu 14-37-15-PM,-68.9587,-64.8869,-67.1863,-68.368,-67.4161,-67.81,
05-07-2026-Thu 14-37-18-PM,-69.0242,-64.9197,-67.1863,-68.3023,-67.4488,-67.8757,
05-07-2026-Thu 14-37-20-PM,-69.0571,-64.9854,-67.2191,-68.4335,-67.5146,-67.9413,
05-07-2026-Thu 14-37-23-PM,-69.1555,-65.0511,-67.3504,-68.5321,-67.5474,-68.0069,
05-07-2026-Thu 14-37-26-PM,-69.1883,-65.1497,-67.4488,-68.6306,-67.6787,-68.0726,
05-07-2026-Thu 14-37-29-PM,-69.2868,-65.1826,-67.4161,-68.6634,-67.7115,-68.1382,
05-07-2026-Thu 14-37-30-PM,-69.3523,-65.2484,-67.5146,-68.6961,-67.7771,-68.2039,
05-07-2026-Thu 14-37-32-PM,-69.3851,-65.2812,-67.5474,-68.729,-67.8428,-68.2695,
05-07-2026-Thu 14-37-33-PM,-69.4179,-65.3139,-67.5474,-68.8603,-67.8757,-68.2695,
05-07-2026-Thu 14-37-34-PM,-69.4508,-65.3139,-67.6459,-68.7617,-67.8428,-68.3351,
05-07-2026-Thu 14-37-36-PM,-69.4508,-65.3468,-67.6787,-68.7617,-67.9085,-68.3351,
05-07-2026-Thu 14-37-37-PM,-69.5164,-65.4126,-67.7771,-68.9258,-67.9413,-68.368,
05-07-2026-Thu 14-37-39-PM,-69.5164,-65.4126,-67.7115,-68.893,-67.9742,-68.4008,
05-07-2026-Thu 14-37-40-PM,-69.5492,-65.4455,-67.7771,-68.9587,-67.9742,-68.4335,
05-07-2026-Thu 14-37-41-PM,-69.5819,-65.4782,-67.7444,-69.0242,-68.0398,-68.4664,
05-07-2026-Thu 14-37-43-PM,-69.6148,-65.5112,-67.7444,-68.9587,-68.0726,-68.4992,
05-07-2026-Thu 14-37-44-PM,-69.6476,-65.544,-67.81,-68.9915,-68.0726,-68.5649,
05-07-2026-Thu 14-37-45-PM,-69.6804,-65.5769,-67.7771,-69.0242,-68.1053,-68.5649,
05-07-2026-Thu 14-37-47-PM,-69.6804,-65.6098,-67.9085,-69.0571,-68.1382,-68.6306,
05-07-2026-Thu 14-37-48-PM,-69.7459,-65.6098,-67.9742,-69.1227,-68.1711,-68.6306,
05-07-2026-Thu 14-37-49-PM,-69.7788,-65.6754,-67.9413,-69.1227,-68.2039,-68.6961,
05-07-2026-Thu 14-37-51-PM,-69.7788,-65.7083,-68.0726,-69.1555,-68.2368,-68.729,
05-07-2026-Thu 14-37-52-PM,-69.8116,-65.7083,-67.9742,-69.1883,-68.2695,-68.7617,
05-07-2026-Thu 14-37-53-PM,-69.8445,-65.774,-68.0398,-69.2211,-68.3023,-68.7946,
05-07-2026-Thu 14-37-55-PM,-69.8772,-65.774,-68.1711,-69.2539,-68.3351,-68.8274,
05-07-2026-Thu 14-37-56-PM,-69.9429,-65.8068,-68.1053,-69.2868,-68.368,-68.8274,
05-07-2026-Thu 14-37-58-PM,-69.9429,-65.8397,-68.1711,-69.3196,-68.4008,-68.8603,
05-07-2026-Thu 14-37-59-PM,-70.0084,-65.8397,-68.1382,-69.3523,-68.4008,-68.893,
05-07-2026-Thu 14-38-00-PM,-70.0084,-65.9054,-68.1053,-69.3523,-68.4335,-68.9258,
05-07-2026-Thu 14-38-02-PM,-70.0739,-65.9054,-68.2695,-69.3851,-68.4335,-68.9915,
05-07-2026-Thu 14-38-03-PM,-70.0739,-65.9383,-68.1053,-69.3523,-68.4992,-68.9915,
05-07-2026-Thu 14-38-04-PM,-70.0739,-65.971,-68.2695,-69.4836,-68.4992,-69.0242,
05-07-2026-Thu 14-38-06-PM,-70.1396,-66.0368,-68.3351,-69.4508,-68.5649,-69.0571,
05-07-2026-Thu 14-38-07-PM,-70.1724,-66.0368,-68.3023,-69.4179,-68.5977,-69.0898,
05-07-2026-Thu 14-38-08-PM,-70.1724,-66.0368,-68.4335,-69.4836,-68.6306,-69.0898,
05-07-2026-Thu 14-38-10-PM,-70.2379,-66.0696,-68.2039,-69.5164,-68.6306,-69.1555,
05-07-2026-Thu 14-38-11-PM,-70.2379,-66.1025,-68.3351,-69.5819,-68.6634,-69.1883,
05-07-2026-Thu 14-38-13-PM,-70.2708,-66.1353,-68.4008,-69.5819,-68.6961,-69.2211,
05-07-2026-Thu 14-38-14-PM,-70.3036,-66.1353,-68.4335,-69.6804,-68.729,-69.2539,
05-07-2026-Thu 14-38-15-PM,-70.3036,-66.201,-68.4335,-69.6804,-68.729,-69.2868,
05-07-2026-Thu 14-38-17-PM,-70.3691,-66.201,-68.6306,-69.6476,-68.7617,-69.3196,
05-07-2026-Thu 14-38-18-PM,-70.3691,-66.2668,-68.6306,-69.6804,-68.8274,-69.3523,
05-07-2026-Thu 14-38-20-PM,-70.4347,-66.2994,-68.5649,-69.7788,-68.8274,-69.3851,
05-07-2026-Thu 14-38-21-PM,-70.4675,-66.3324,-68.5649,-69.7459,-68.8603,-69.3851,
05-07-2026-Thu 14-38-22-PM,-70.5003,-66.2994,-68.6306,-69.7132,-68.8603,-69.4179,
05-07-2026-Thu 14-38-24-PM,-70.5331,-66.3652,-68.6961,-69.7788,-68.9258,-69.4836,
05-07-2026-Thu 14-38-25-PM,-70.5331,-66.3981,-68.6306,-69.7788,-68.9587,-69.5164,
05-07-2026-Thu 14-38-27-PM,-70.5331,-66.4309,-68.6306,-69.8445,-68.9915,-69.5492,
05-07-2026-Thu 14-38-28-PM,-70.5987,-66.4637,-68.5977,-69.8772,-68.9915,-69.5819,
05-07-2026-Thu 14-38-29-PM,-70.6643,-66.4309,-68.8274,-69.9429,-69.0242,-69.6476,
05-07-2026-Thu 14-38-31-PM,-70.6315,-66.4967,-68.729,-69.9099,-69.0571,-69.6476,
05-07-2026-Thu 14-38-32-PM,-70.6643,-66.5295,-68.893,-70.0084,-69.0898,-69.6476,
05-07-2026-Thu 14-38-34-PM,-70.7298,-66.5623,-68.8603,-70.0084,-69.1227,-69.7132,
05-07-2026-Thu 14-38-35-PM,-70.7626,-66.5952,-68.9258,-70.0084,-69.1227,-69.7132,
05-07-2026-Thu 14-38-36-PM,-70.7626,-66.6279,-68.7946,-70.0084,-69.1883,-69.7459,
05-07-2026-Thu 14-38-38-PM,-70.7954,-66.6609,-68.9915,-70.0084,-69.2211,-69.8116,
05-07-2026-Thu 14-38-39-PM,-70.8282,-66.6279,-68.9587,-70.1396,-69.2211,-69.8445,
05-07-2026-Thu 14-38-40-PM,-70.861,-66.6937,-68.9587,-70.1068,-69.2539,-69.8445,
05-07-2026-Thu 14-38-42-PM,-70.861,-66.7265,-69.0242,-70.0739,-69.2868,-69.8772,
05-07-2026-Thu 14-38-43-PM,-70.8937,-66.7593,-69.0242,-70.2052,-69.2868,-69.9429,
05-07-2026-Thu 14-38-45-PM,-70.9594,-66.7593,-69.1227,-70.2052,-69.3196,-69.9429,
05-07-2026-Thu 14-38-46-PM,-70.9266,-66.7921,-69.0571,-70.2052,-69.3523,-69.9756,
05-07-2026-Thu 14-38-47-PM,-70.9922,-66.8579,-69.1227,-70.2379,-69.3851,-70.0084,
05-07-2026-Thu 14-38-49-PM,-70.9922,-66.8579,-69.2211,-70.1396,-69.4179,-70.0412,
05-07-2026-Thu 14-38-50-PM,-71.0576,-66.8579,-69.1227,-70.2379,-69.4179,-70.0739,
05-07-2026-Thu 14-38-52-PM,-71.0905,-66.8907,-69.1555,-70.3036,-69.4508,-70.1068,
05-07-2026-Thu 14-38-53-PM,-71.1233,-66.9236,-69.2211,-70.3036,-69.4836,-70.1396,
05-07-2026-Thu 14-38-54-PM,-71.1233,-66.9564,-69.2211,-70.2708,-69.4836,-70.1396,
05-07-2026-Thu 14-38-56-PM,-71.1233,-66.9564,-69.2539,-70.3364,-69.5164,-70.1724,
05-07-2026-Thu 14-38-57-PM,-71.1888,-67.0221,-69.3196,-70.3691,-69.5492,-70.2052,
05-07-2026-Thu 14-38-59-PM,-71.2544,-67.0221,-69.2868,-70.4347,-69.5819,-70.2379,
05-07-2026-Thu 14-39-00-PM,-71.2216,-67.0549,-69.3851,-70.4675,-69.6148,-70.2708,
05-07-2026-Thu 14-39-01-PM,-71.2544,-67.0877,-69.3196,-70.5003,-69.6476,-70.3036,
05-07-2026-Thu 14-39-03-PM,-71.2872,-67.1205,-69.3851,-70.5003,-69.6476,-70.3364,
05-07-2026-Thu 14-39-04-PM,-71.3527,-67.1205,-69.3851,-70.4675,-69.6804,-70.3691,
05-07-2026-Thu 14-39-06-PM,-71.3527,-67.1534,-69.4508,-70.5659,-69.7132,-70.4019,
05-07-2026-Thu 14-39-07-PM,-71.3854,-67.1863,-69.5164,-70.5659,-69.7459,-70.4347,
05-07-2026-Thu 14-39-09-PM,-71.4183,-67.2191,-69.5164,-70.5659,-69.7788,-70.4675,
05-07-2026-Thu 14-39-10-PM,-71.4511,-67.2191,-69.5819,-70.6315,-69.8116,-70.4675,
05-07-2026-Thu 14-39-11-PM,-71.4839,-67.2519,-69.5164,-70.6643,-69.8116,-70.5331,
05-07-2026-Thu 14-39-13-PM,-71.4839,-67.2847,-69.6148,-70.6643,-69.8445,-70.5331,
05-07-2026-Thu 14-39-14-PM,-71.5167,-67.3176,-69.5819,-70.697,-69.8772,-70.5659,
05-07-2026-Thu 14-39-15-PM,-71.5167,-67.3504,-69.6804,-70.7298,-69.9099,-70.5987,
05-07-2026-Thu 14-39-17-PM,-71.5822,-67.3504,-69.6476,-70.7626,-69.9099,-70.6643,
05-07-2026-Thu 14-39-18-PM,-71.5822,-67.3832,-69.7459,-70.7626,-69.9429,-70.6643,
05-07-2026-Thu 14-39-20-PM,-71.615,-67.4161,-69.8445,-70.8282,-69.9756,-70.6643,
05-07-2026-Thu 14-39-21-PM,-71.6478,-67.4488,-69.8445,-70.7954,-70.0084,-70.7298,
05-07-2026-Thu 14-39-22-PM,-71.6478,-67.4817,-69.7788,-70.8282,-70.0084,-70.7298,
05-07-2026-Thu 14-39-24-PM,-71.7132,-67.4817,-69.8116,-70.8282,-70.0412,-70.7954,
05-07-2026-Thu 14-39-25-PM,-71.7132,-67.5146,-69.8116,-70.8937,-70.0739,-70.7954,
05-07-2026-Thu 14-39-26-PM,-71.7461,-67.5146,-69.8772,-70.9266,-70.1068,-70.8282,
05-07-2026-Thu 14-39-28-PM,-71.7789,-67.5802,-69.9099,-70.9594,-70.1068,-70.8937,
05-07-2026-Thu 14-39-29-PM,-71.8116,-67.5802,-69.9429,-70.9594,-70.1724,-70.8937,
05-07-2026-Thu 14-39-31-PM,-71.8444,-67.613,-69.9756,-70.9594,-70.1724,-70.9266,
05-07-2026-Thu 14-39-32-PM,-71.8444,-67.6459,-69.9756,-70.9922,-70.2052,-70.9266,
05-07-2026-Thu 14-39-33-PM,-71.8771,-67.6459,-69.9756,-71.0576,-70.2379,-70.9922,
05-07-2026-Thu 14-39-35-PM,-71.91,-67.7115,-70.1068,-71.0249,-70.2379,-71.0249,
05-07-2026-Thu 14-39-36-PM,-71.91,-67.7115,-70.0412,-71.0576,-70.2708,-71.0576,
05-07-2026-Thu 14-39-38-PM,-71.9427,-67.7444,-70.0084,-71.0249,-70.2708,-71.0576,
05-07-2026-Thu 14-39-39-PM,-71.9755,-67.7771,-70.0084,-71.0905,-70.3036,-71.0905,
05-07-2026-Thu 14-39-40-PM,-71.9755,-67.7771,-70.0739,-71.0905,-70.3691,-71.1233,
05-07-2026-Thu 14-39-42-PM,-72.041,-67.8428,-70.0739,-71.1561,-70.3691,-71.1561,
05-07-2026-Thu 14-39-43-PM,-72.041,-67.8428,-70.1724,-71.1561,-70.3691,-71.1888,
05-07-2026-Thu 14-39-44-PM,-72.0738,-67.8757,-70.2052,-71.1561,-70.4019,-71.2216,
05-07-2026-Thu 14-39-46-PM,-72.0738,-67.8757,-70.1724,-71.1561,-70.4347,-71.2216,
05-07-2026-Thu 14-39-47-PM,-72.1065,-67.9085,-70.3036,-71.2216,-70.4675,-71.2544,
05-07-2026-Thu 14-39-49-PM,-72.1721,-67.9413,-70.2052,-71.2872,-70.4675,-71.2872,
05-07-2026-Thu 14-39-50-PM,-72.1721,-67.9413,-70.3691,-71.3527,-70.5003,-71.32,
05-07-2026-Thu 14-39-52-PM,-72.2048,-67.9742,-70.2379,-71.2872,-70.5331,-71.3527,
05-07-2026-Thu 14-39-53-PM,-72.2377,-68.0069,-70.3036,-71.32,-70.5659,-71.3854,
05-07-2026-Thu 14-39-55-PM,-72.2377,-68.0398,-70.3691,-71.32,-70.5987,-71.4183,
05-07-2026-Thu 14-39-56-PM,-72.3032,-68.0726,-70.3691,-71.2872,-70.5987,-71.4183,
05-07-2026-Thu 14-39-57-PM,-72.2704,-68.1053,-70.4347,-71.32,-70.6315,-71.4511,
05-07-2026-Thu 14-39-59-PM,-72.336,-68.1053,-70.4347,-71.4183,-70.6315,-71.5167,
05-07-2026-Thu 14-40-00-PM,-72.336,-68.1382,-70.5331,-71.3854,-70.6643,-71.5167,
05-07-2026-Thu 14-40-02-PM,-72.3687,-68.1711,-70.4347,-71.4511,-70.697,-71.5494,
05-07-2026-Thu 14-40-04-PM,-72.4015,-68.1711,-70.4675,-71.4511,-70.7298,-71.5494,
05-07-2026-Thu 14-40-07-PM,-72.4343,-68.2368,-70.5331,-71.4839,-70.7626,-71.6478,
05-07-2026-Thu 14-40-10-PM,-72.4998,-68.3023,-70.6315,-71.5822,-70.7954,-71.6805,
05-07-2026-Thu 14-40-13-PM,-72.5653,-68.3351,-70.5659,-71.5822,-70.861,-71.7461,
05-07-2026-Thu 14-40-15-PM,-72.5981,-68.368,-70.6315,-71.615,-70.8937,-71.7789,
05-07-2026-Thu 14-40-18-PM,-72.6309,-68.4335,-70.7298,-71.6478,-70.9594,-71.8444,
05-07-2026-Thu 14-40-21-PM,-72.6636,-68.4664,-70.7954,-71.7132,-70.9922,-71.91,
05-07-2026-Thu 14-40-22-PM,-72.6963,-68.4992,-70.861,-71.7789,-71.0249,-71.9427,
05-07-2026-Thu 14-40-25-PM,-72.7291,-68.5321,-70.861,-71.7461,-71.0905,-71.9755,
05-07-2026-Thu 14-40-26-PM,-72.7946,-68.5977,-70.9266,-71.8116,-71.1233,-72.041,
05-07-2026-Thu 14-40-28-PM,-72.7946,-68.5977,-70.9266,-71.8116,-71.1233,-72.0738,
05-07-2026-Thu 14-40-29-PM,-72.8274,-68.6306,-70.8937,-71.8444,-71.1561,-72.0738,
05-07-2026-Thu 14-40-31-PM,-72.8601,-68.6634,-71.0249,-71.8771,-71.1888,-72.1065,
05-07-2026-Thu 14-40-32-PM,-72.893,-68.6961,-70.9922,-71.9427,-71.1888,-72.1065,
05-07-2026-Thu 14-40-33-PM,-72.893,-68.6961,-70.9594,-71.8444,-71.2216,-72.1393,
05-07-2026-Thu 14-40-35-PM,-72.9257,-68.729,-71.0576,-71.9427,-71.2216,-72.1721,
05-07-2026-Thu 14-40-36-PM,-72.9585,-68.7617,-71.0576,-71.91,-71.2544,-72.2048,
05-07-2026-Thu 14-40-38-PM,-72.9585,-68.7617,-71.1233,-71.9755,-71.2872,-72.2377,
05-07-2026-Thu 14-40-39-PM,-72.9585,-68.7946,-71.0905,-71.9755,-71.32,-72.2377,
05-07-2026-Thu 14-40-42-PM,-72.9912,-68.8274,-71.1888,-72.041,-71.32,-72.3032,
05-07-2026-Thu 14-40-45-PM,-73.0239,-68.8603,-71.1561,-72.0083,-71.3854,-72.336,
05-07-2026-Thu 14-40-46-PM,-73.0895,-68.9258,-71.1888,-71.9755,-71.4183,-72.3687,
05-07-2026-Thu 14-40-47-PM,-73.1223,-68.9258,-71.2544,-72.041,-71.4511,-72.4015,
05-07-2026-Thu 14-40-49-PM,-73.155,-68.9587,-71.2544,-72.1721,-71.4511,-72.4343,
05-07-2026-Thu 14-40-51-PM,-73.1877,-68.9915,-71.2544,-72.0738,-71.4839,-72.467,
05-07-2026-Thu 14-40-52-PM,-73.155,-69.0242,-71.4183,-72.1393,-71.5167,-72.4998,
05-07-2026-Thu 14-40-53-PM,-73.2206,-69.0242,-71.3854,-72.1393,-71.5494,-72.5325,
05-07-2026-Thu 14-40-55-PM,-73.2206,-69.0571,-71.4511,-72.2048,-71.5494,-72.5653,
05-07-2026-Thu 14-40-56-PM,-73.2533,-69.0571,-71.3854,-72.2377,-71.5822,-72.5653,
05-07-2026-Thu 14-40-58-PM,-73.2533,-69.1227,-71.3854,-72.2377,-71.615,-72.5981,
05-07-2026-Thu 14-41-00-PM,-73.2861,-69.1227,-71.3854,-72.2704,-71.615,-72.5981,
05-07-2026-Thu 14-41-01-PM,-73.3188,-69.1555,-71.4839,-72.2704,-71.6478,-72.6636,
05-07-2026-Thu 14-41-02-PM,-73.3514,-69.2211,-71.5167,-72.2704,-71.6805,-72.6636,
05-07-2026-Thu 14-41-04-PM,-73.3843,-69.1883,-71.4839,-72.3032,-71.7132,-72.6963,
05-07-2026-Thu 14-41-06-PM,-73.3843,-69.2211,-71.615,-72.4343,-71.7461,-72.7291,
05-07-2026-Thu 14-41-07-PM,-73.4171,-69.2211,-71.5167,-72.3687,-71.7461,-72.7619,
05-07-2026-Thu 14-41-08-PM,-73.4498,-69.2539,-71.5494,-72.336,-71.7789,-72.7619,
05-07-2026-Thu 14-41-10-PM,-73.4498,-69.2868,-71.615,-72.4015,-71.7789,-72.8274,
05-07-2026-Thu 14-41-11-PM,-73.4498,-69.3196,-71.5822,-72.336,-71.8116,-72.8274,
05-07-2026-Thu 14-41-13-PM,-73.4826,-69.3523,-71.6805,-72.4343,-71.8116,-72.8601,
05-07-2026-Thu 14-41-14-PM,-73.5153,-69.3851,-71.7461,-72.467,-71.8444,-72.893,
05-07-2026-Thu 14-41-15-PM,-73.5153,-69.3851,-71.6805,-72.467,-71.8771,-72.9257,
05-07-2026-Thu 14-41-17-PM,-73.5481,-69.4179,-71.7132,-72.467,-71.8771,-72.9257,
05-07-2026-Thu 14-41-18-PM,-73.5808,-69.4179,-71.7461,-72.4998,-71.8771,-72.9257,
05-07-2026-Thu 14-41-20-PM,-73.5808,-69.4508,-71.7461,-72.5653,-71.9427,-72.9912,
05-07-2026-Thu 14-41-21-PM,-73.5808,-69.4836,-71.8116,-72.5653,-71.9427,-73.0239,
05-07-2026-Thu 14-41-23-PM,-73.6136,-69.4836,-71.7789,-72.5325,-71.9755,-73.0239,
05-07-2026-Thu 14-41-24-PM,-73.679,-69.5164,-71.7461,-72.5653,-71.9755,-73.0567,
05-07-2026-Thu 14-41-25-PM,-73.679,-69.5492,-71.8116,-72.6309,-72.0083,-73.0567,
05-07-2026-Thu 14-41-27-PM,-73.679,-69.5492,-71.8444,-72.5981,-72.041,-73.0895,
05-07-2026-Thu 14-41-28-PM,-73.679,-69.5819,-71.8771,-72.6309,-72.0738,-73.1223,
05-07-2026-Thu 14-41-30-PM,-73.7118,-69.6148,-71.91,-72.6636,-72.0738,-73.155,
05-07-2026-Thu 14-41-31-PM,-73.7446,-69.6148,-71.9755,-72.6636,-72.0738,-73.155,
05-07-2026-Thu 14-41-32-PM,-73.7446,-69.6476,-71.9755,-72.6963,-72.1065,-73.1877,
05-07-2026-Thu 14-41-34-PM,-73.7773,-69.6476,-71.9755,-72.7291,-72.1065,-73.1877,
05-07-2026-Thu 14-41-35-PM,-73.81,-69.6804,-72.0083,-72.6636,-72.1393,-73.2533,
05-07-2026-Thu 14-41-37-PM,-73.81,-69.7132,-71.9755,-72.6963,-72.1721,-73.2533,
05-07-2026-Thu 14-41-38-PM,-73.81,-69.7459,-72.1065,-72.7946,-72.2048,-73.2861,
05-07-2026-Thu 14-41-40-PM,-73.8756,-69.7459,-72.0738,-72.7619,-72.2048,-73.3188,
05-07-2026-Thu 14-41-41-PM,-73.8756,-69.7459,-72.1065,-72.7291,-72.2377,-73.3188,
05-07-2026-Thu 14-41-42-PM,-73.9084,-69.7788,-72.1393,-72.7619,-72.2377,-73.3514,
05-07-2026-Thu 14-41-43-PM,-73.941,-69.8445,-72.1393,-72.893,-72.2704,-73.3514,
05-07-2026-Thu 14-41-45-PM,-73.9084,-69.8116,-72.1065,-72.8601,-72.2704,-73.3843,
05-07-2026-Thu 14-41-46-PM,-73.9738,-69.8772,-72.1721,-72.8601,-72.3032,-73.4171,
05-07-2026-Thu 14-41-48-PM,-73.9738,-69.8772,-72.1721,-72.8601,-72.3032,-73.4171,
05-07-2026-Thu 14-41-49-PM,-74.0064,-69.9099,-72.2048,-72.893,-72.3687,-73.4498,
05-07-2026-Thu 14-41-50-PM,-74.0393,-69.9099,-72.1721,-72.893,-72.3687,-73.4826,
05-07-2026-Thu 14-41-52-PM,-74.0064,-69.9429,-72.2048,-72.9257,-72.3687,-73.4826,
05-07-2026-Thu 14-41-53-PM,-74.0393,-69.9756,-72.2704,-72.8601,-72.4015,-73.5153,
05-07-2026-Thu 14-41-55-PM,-74.072,-69.9756,-72.2048,-72.9257,-72.4015,-73.5481,
05-07-2026-Thu 14-41-56-PM,-74.072,-70.0084,-72.2704,-72.9912,-72.4343,-73.5808,
05-07-2026-Thu 14-41-57-PM,-74.1048,-70.0084,-72.3032,-72.9585,-72.467,-73.5481,
05-07-2026-Thu 14-41-59-PM,-74.1375,-70.0412,-72.336,-73.0239,-72.467,-73.6136,
05-07-2026-Thu 14-42-00-PM,-74.1375,-70.0739,-72.4015,-72.9257,-72.4998,-73.6463,
05-07-2026-Thu 14-42-02-PM,-74.1702,-70.0739,-72.3687,-73.0567,-72.4998,-73.6463,
05-07-2026-Thu 14-42-03-PM,-74.1702,-70.1396,-72.3687,-73.0567,-72.5325,-73.679,
05-07-2026-Thu 14-42-04-PM,-74.1702,-70.1068,-72.4015,-72.9912,-72.5325,-73.679,
05-07-2026-Thu 14-42-06-PM,-74.203,-70.1396,-72.4343,-73.0567,-72.5981,-73.7118,
05-07-2026-Thu 14-42-07-PM,-74.2357,-70.1724,-72.4343,-73.1223,-72.5981,-73.7446,
05-07-2026-Thu 14-42-08-PM,-74.2357,-70.1724,-72.467,-73.1223,-72.5981,-73.7446,
05-07-2026-Thu 14-42-10-PM,-74.2685,-70.2052,-72.5325,-73.155,-72.6309,-73.7446,
05-07-2026-Thu 14-42-11-PM,-74.2685,-70.2052,-72.5325,-73.0895,-72.6636,-73.7773,
05-07-2026-Thu 14-42-12-PM,-74.2685,-70.2379,-72.5325,-73.155,-72.6636,-73.81,
05-07-2026-Thu 14-42-14-PM,-74.3012,-70.2379,-72.4998,-73.155,-72.6636,-73.8427,
05-07-2026-Thu 14-42-15-PM,-74.3339,-70.2708,-72.5325,-73.155,-72.6963,-73.8427,
05-07-2026-Thu 14-42-17-PM,-74.3339,-70.3036,-72.5325,-73.1877,-72.6963,-73.8756,
05-07-2026-Thu 14-42-18-PM,-74.3339,-70.3364,-72.6309,-73.1877,-72.7291,-73.9084,
05-07-2026-Thu 14-42-19-PM,-74.3994,-70.3364,-72.6309,-73.2206,-72.7619,-73.9084,
05-07-2026-Thu 14-42-21-PM,-74.3667,-70.3691,-72.5981,-73.2533,-72.7619,-73.9084,
05-07-2026-Thu 14-42-22-PM,-74.3994,-70.3691,-72.6636,-73.2533,-72.7946,-73.941,
05-07-2026-Thu 14-42-24-PM,-74.4322,-70.4019,-72.6309,-73.2861,-72.7946,-73.9738,
05-07-2026-Thu 14-42-25-PM,-74.3994,-70.4347,-72.6636,-73.2861,-72.7946,-73.9738,
05-07-2026-Thu 14-42-26-PM,-74.4322,-70.4347,-72.6636,-73.3188,-72.8274,-74.0064,
05-07-2026-Thu 14-42-28-PM,-74.4649,-70.4675,-72.7291,-73.2861,-72.8601,-74.0064,
05-07-2026-Thu 14-42-29-PM,-74.4649,-70.4675,-72.7291,-73.3188,-72.8601,-74.0393,
05-07-2026-Thu 14-42-31-PM,-74.4649,-70.5003,-72.7291,-73.2861,-72.893,-74.072,
05-07-2026-Thu 14-42-32-PM,-74.4976,-70.5003,-72.7291,-73.3514,-72.9257,-74.072,
05-07-2026-Thu 14-42-33-PM,-74.5304,-70.5659,-72.8274,-73.3843,-72.9257,-74.1048,
05-07-2026-Thu 14-42-35-PM,-74.5632,-70.5659,-72.893,-73.3843,-72.9585,-74.1048,
05-07-2026-Thu 14-42-36-PM,-74.5632,-70.5659,-72.7946,-73.3514,-72.9585,-74.1375,
05-07-2026-Thu 14-42-37-PM,-74.5959,-70.5987,-72.893,-73.4498,-72.9912,-74.1702,
05-07-2026-Thu 14-42-39-PM,-74.5959,-70.5987,-72.8601,-73.4171,-72.9912,-74.1702,
05-07-2026-Thu 14-42-41-PM,-74.5959,-70.6315,-72.893,-73.5153,-73.0239,-74.1702,
05-07-2026-Thu 14-42-42-PM,-74.6613,-70.6643,-72.9257,-73.4498,-73.0567,-74.203,
05-07-2026-Thu 14-42-43-PM,-74.6286,-70.6643,-72.9585,-73.4826,-73.0567,-74.2357,
05-07-2026-Thu 14-42-45-PM,-74.6613,-70.697,-72.9257,-73.4826,-73.0895,-74.2685,
05-07-2026-Thu 14-42-46-PM,-74.6613,-70.697,-73.0239,-73.5153,-73.0895,-74.2685,
05-07-2026-Thu 14-42-47-PM,-74.6941,-70.7298,-72.9912,-73.4826,-73.1223,-74.3012,
05-07-2026-Thu 14-42-49-PM,-74.6941,-70.7626,-72.9585,-73.5481,-73.155,-74.3339,
05-07-2026-Thu 14-42-50-PM,-74.7268,-70.7954,-72.9912,-73.5481,-73.155,-74.3339,
05-07-2026-Thu 14-42-52-PM,-74.7596,-70.7954,-73.0239,-73.5153,-73.155,-74.3667,
05-07-2026-Thu 14-42-53-PM,-74.7923,-70.8282,-73.0895,-73.5481,-73.1877,-74.3339,
05-07-2026-Thu 14-42-54-PM,-74.7923,-70.8282,-73.0567,-73.6463,-73.1877,-74.3994,
05-07-2026-Thu 14-42-56-PM,-74.7923,-70.8282,-73.0895,-73.5808,-73.2206,-74.4322,
05-07-2026-Thu 14-42-57-PM,-74.7923,-70.8937,-73.1223,-73.6136,-73.2206,-74.4322,
05-07-2026-Thu 14-42-58-PM,-74.825,-70.8937,-73.1223,-73.6136,-73.2533,-74.4649,
05-07-2026-Thu 14-43-00-PM,-74.825,-70.9266,-73.155,-73.6136,-73.2533,-74.4649,
05-07-2026-Thu 14-43-01-PM,-74.825,-70.9266,-73.1877,-73.6463,-73.2533,-74.4976,
05-07-2026-Thu 14-43-02-PM,-74.8578,-70.9594,-73.155,-73.6136,-73.2861,-74.4976,
05-07-2026-Thu 14-43-04-PM,-74.8905,-70.9594,-73.2206,-73.679,-73.3188,-74.4976,
05-07-2026-Thu 14-43-05-PM,-74.8905,-70.9594,-73.1877,-73.679,-73.3188,-74.5304,
05-07-2026-Thu 14-43-06-PM,-74.8905,-71.0249,-73.1877,-73.679,-73.3514,-74.5632,
05-07-2026-Thu 14-43-08-PM,-74.9233,-71.0249,-73.2533,-73.7446,-73.3514,-74.5632,
05-07-2026-Thu 14-43-11-PM,-74.9233,-71.0249,-73.3514,-73.679,-73.3843,-74.5959,
05-07-2026-Thu 14-43-13-PM,-74.9886,-71.0905,-73.1877,-73.7118,-73.4171,-74.6286,
05-07-2026-Thu 14-43-16-PM,-74.9886,-71.1233,-73.3843,-73.7773,-73.4171,-74.6613,
05-07-2026-Thu 14-43-19-PM,-74.9886,-71.1561,-73.2861,-73.7773,-73.4826,-74.6941,
05-07-2026-Thu 14-43-21-PM,-75.0869,-71.1888,-73.4171,-73.81,-73.5481,-74.7268,
05-07-2026-Thu 14-43-22-PM,-75.0869,-71.2216,-73.4498,-73.81,-73.5153,-74.7596,
05-07-2026-Thu 14-43-23-PM,-75.1196,-71.2216,-73.4498,-73.81,-73.5808,-74.7596,
05-07-2026-Thu 14-43-25-PM,-75.0869,-71.2544,-73.4826,-73.8427,-73.5481,-74.7923,
05-07-2026-Thu 14-43-26-PM,-75.1196,-71.2544,-73.4826,-73.8427,-73.6136,-74.7923,
05-07-2026-Thu 14-43-28-PM,-75.1196,-71.2872,-73.4498,-73.9084,-73.6136,-74.825,
05-07-2026-Thu 14-43-30-PM,-75.1523,-71.32,-73.5481,-73.941,-73.6136,-74.8578,
05-07-2026-Thu 14-43-31-PM,-75.1523,-71.32,-73.4826,-73.941,-73.6463,-74.8578,
05-07-2026-Thu 14-43-32-PM,-75.1851,-71.3527,-73.5808,-73.9084,-73.6463,-74.8905,
05-07-2026-Thu 14-43-34-PM,-75.1851,-71.3527,-73.5481,-73.941,-73.679,-74.9233,
05-07-2026-Thu 14-43-37-PM,-75.1851,-71.4183,-73.6463,-74.0064,-73.7118,-74.9233,
05-07-2026-Thu 14-43-40-PM,-75.2506,-71.4183,-73.5481,-74.0064,-73.7118,-74.9886,
05-07-2026-Thu 14-43-42-PM,-75.2506,-71.4511,-73.679,-74.0393,-73.7773,-74.9886,
05-07-2026-Thu 14-43-44-PM,-75.2833,-71.5167,-73.7446,-74.0393,-73.81,-75.0214,
05-07-2026-Thu 14-43-46-PM,-75.2833,-71.5167,-73.7118,-74.072,-73.81,-75.0541,
05-07-2026-Thu 14-43-47-PM,-75.3159,-71.5494,-73.679,-74.1048,-73.8427,-75.0541,
05-07-2026-Thu 14-43-48-PM,-75.3159,-71.5494,-73.679,-74.1048,-73.8427,-75.0869,
05-07-2026-Thu 14-43-50-PM,-75.3487,-71.5494,-73.7446,-74.1375,-73.8756,-75.0869,
05-07-2026-Thu 14-43-51-PM,-75.3487,-71.615,-73.81,-74.1375,-73.8756,-75.0869,
05-07-2026-Thu 14-43-52-PM,-75.3487,-71.5822,-73.7446,-74.1375,-73.8756,-75.1196,
05-07-2026-Thu 14-43-54-PM,-75.4142,-71.6478,-73.81,-74.1375,-73.9084,-75.1196,
05-07-2026-Thu 14-43-56-PM,-75.4142,-71.6478,-73.81,-74.1048,-73.9084,-75.1523,
05-07-2026-Thu 14-43-58-PM,-75.4469,-71.6805,-73.8427,-74.1702,-73.941,-75.1851,
05-07-2026-Thu 14-43-59-PM,-75.4469,-71.7132,-73.941,-74.203,-73.9738,-75.1851,
05-07-2026-Thu 14-44-01-PM,-75.4469,-71.7132,-73.941,-74.2357,-73.9738,-75.1851,
05-07-2026-Thu 14-44-02-PM,-75.4796,-71.7461,-73.8756,-74.2685,-74.0064,-75.2506,
05-07-2026-Thu 14-44-03-PM,-75.4796,-71.7461,-73.8427,-74.2357,-74.0064,-75.2506,
05-07-2026-Thu 14-44-06-PM,-75.4796,-71.7789,-73.941,-74.2685,-74.0393,-75.2506,
05-07-2026-Thu 14-44-08-PM,-75.5124,-71.8116,-73.9738,-74.2685,-74.072,-75.2833,
05-07-2026-Thu 14-44-09-PM,-75.5124,-71.8116,-73.9738,-74.2685,-74.072,-75.3159,
05-07-2026-Thu 14-44-10-PM,-75.5451,-71.8444,-74.0064,-74.2685,-74.072,-75.3487,
05-07-2026-Thu 14-44-12-PM,-75.5451,-71.8771,-73.941,-74.3339,-74.1048,-75.3159,
05-07-2026-Thu 14-44-13-PM,-75.5778,-71.8771,-74.0393,-74.3012,-74.1048,-75.3487,
