Timestamp,mA 1,V1,mA 2,V2,mA 3,V3,mA 4,V4,mA 5,V5,mA 6,V6,mA 7,V7,mA 8,V8
05-01-2026-Fri 12-38-33-PM,-0.1,0.596,-0.1,0.596,-0.1,0.636,-0.2,0.632,-0.1,0.488,-0.1,0.592,-0.1,0.544,0.1,0.584
05-01-2026-Fri 12-38-35-PM,-0.2,0.596,-0.3,0.6,-0.2,0.632,-0.3,0.632,0.0,0.492,0.0,0.592,-0.3,0.54,-0.1,0.584
05-01-2026-Fri 12-38-36-PM,-0.5,0.596,-0.3,0.596,-0.1,0.636,-0.3,0.632,0.0,0.492,0.2,0.588,0.0,0.544,-0.2,0.588
05-01-2026-Fri 12-38-37-PM,0.0,0.596,-0.5,0.6,-0.1,0.632,-0.1,0.628,-0.1,0.488,-0.1,0.588,-0.3,0.544,0.0,0.588
05-01-2026-Fri 12-38-39-PM,-0.4,0.596,-0.4,0.6,-0.2,0.632,0.1,0.632,-0.3,0.492,-0.1,0.588,-0.1,0.54,-0.2,0.588
05-01-2026-Fri 12-38-40-PM,-0.2,0.596,-0.1,0.6,-0.3,0.632,0.0,0.628,-0.3,0.488,-0.2,0.588,-0.2,0.54,0.1,0.588
05-01-2026-Fri 12-38-42-PM,-0.3,0.596,-0.4,0.6,-0.2,0.636,-0.1,0.628,-0.2,0.492,0.1,0.588,-0.1,0.54,-0.1,0.584
05-01-2026-Fri 12-38-43-PM,-0.6,0.596,-0.4,0.6,0.0,0.632,-0.2,0.632,-0.2,0.492,0.0,0.588,-0.3,0.54,-0.1,0.588
05-01-2026-Fri 12-38-44-PM,0.0,0.596,-0.1,0.6,-0.1,0.632,0.0,0.632,-0.1,0.492,-0.2,0.588,0.2,0.54,-0.4,0.584
05-01-2026-Fri 12-38-46-PM,-0.1,0.596,-0.1,0.6,-0.1,0.632,-0.2,0.632,-0.2,0.492,-0.2,0.588,-0.1,0.54,-0.3,0.588
05-01-2026-Fri 12-38-47-PM,-0.2,0.6,-0.3,0.6,0.1,0.632,-0.3,0.628,-0.1,0.488,-0.2,0.592,-0.1,0.544,-0.2,0.588
05-01-2026-Fri 12-38-49-PM,-0.4,0.596,-0.4,0.6,0.0,0.632,-0.1,0.628,-0.1,0.492,0.0,0.588,-0.1,0.54,0.0,0.584
05-01-2026-Fri 12-38-50-PM,-0.2,0.596,-0.3,0.6,-0.1,0.632,-0.2,0.632,-0.2,0.488,-0.1,0.588,0.0,0.544,-0.2,0.588
05-01-2026-Fri 12-38-51-PM,-0.4,0.6,-0.3,0.6,0.0,0.632,-0.3,0.632,-0.1,0.488,-0.1,0.588,0.2,0.54,0.1,0.588
05-01-2026-Fri 12-38-53-PM,-0.3,0.596,0.1,0.6,-0.2,0.632,-0.2,0.628,-0.3,0.488,-0.1,0.588,-0.2,0.54,-0.1,0.584
05-01-2026-Fri 12-38-54-PM,-0.5,0.596,-0.4,0.6,-0.3,0.632,-0.2,0.628,-0.3,0.492,-0.1,0.592,-0.1,0.54,-0.1,0.584
05-01-2026-Fri 12-38-56-PM,-0.4,0.592,-0.2,0.6,-0.1,0.632,-0.2,0.628,-0.3,0.492,0.1,0.592,-0.2,0.54,-0.2,0.588
05-01-2026-Fri 12-38-57-PM,-0.2,0.596,-0.3,0.6,0.0,0.632,0.1,0.632,-0.1,0.492,-0.2,0.588,-0.1,0.544,0.0,0.584
05-01-2026-Fri 12-38-58-PM,-0.4,0.592,-0.1,0.6,-0.2,0.632,-0.2,0.632,-0.2,0.492,0.1,0.588,-0.2,0.54,-0.2,0.588
05-01-2026-Fri 12-39-00-PM,-0.2,0.596,-0.3,0.6,0.1,0.632,-0.1,0.628,-0.2,0.492,0.2,0.588,-0.1,0.54,0.0,0.588
05-01-2026-Fri 12-39-01-PM,-0.2,0.596,-0.3,0.6,0.1,0.632,-0.1,0.628,-0.3,0.488,-0.1,0.588,-0.3,0.54,0.0,0.588
05-01-2026-Fri 12-39-03-PM,-0.3,0.596,-0.3,0.6,-0.3,0.632,-0.2,0.632,-0.2,0.488,0.0,0.588,0.0,0.54,-0.1,0.588
05-01-2026-Fri 12-39-04-PM,0.2,0.592,-0.2,0.6,-0.1,0.632,0.2,0.628,-0.4,0.492,-0.2,0.588,-0.1,0.536,-0.1,0.584
05-01-2026-Fri 12-39-05-PM,-0.2,0.596,-0.2,0.6,0.2,0.636,-0.4,0.632,-0.5,0.492,-0.2,0.588,0.0,0.54,0.0,0.588
05-01-2026-Fri 12-39-07-PM,-0.3,0.592,-0.3,0.6,-0.2,0.632,-0.1,0.632,-0.2,0.488,0.0,0.588,-0.1,0.544,-0.1,0.584
05-01-2026-Fri 12-39-08-PM,-0.1,0.596,-0.1,0.596,-0.2,0.632,0.0,0.628,-0.2,0.488,-0.4,0.588,-0.1,0.54,0.0,0.584
05-01-2026-Fri 12-39-10-PM,-0.1,0.596,-0.5,0.596,-0.3,0.632,-0.2,0.628,-0.2,0.488,-0.1,0.592,-0.2,0.536,0.0,0.584
05-01-2026-Fri 12-39-11-PM,-0.2,0.596,-0.1,0.596,0.0,0.632,-0.2,0.628,-0.2,0.488,0.1,0.588,0.1,0.54,-0.1,0.584
05-01-2026-Fri 12-39-12-PM,-0.2,0.592,-0.2,0.6,0.1,0.632,-0.2,0.628,-0.2,0.492,0.0,0.588,0.0,0.54,0.0,0.584
05-01-2026-Fri 12-39-14-PM,-0.2,0.596,-0.3,0.6,-0.3,0.632,-0.3,0.628,0.0,0.488,-0.1,0.588,-0.3,0.536,-0.2,0.584
05-01-2026-Fri 12-39-15-PM,-0.3,0.596,-0.3,0.6,-0.3,0.632,-0.1,0.628,-0.1,0.488,-0.1,0.588,0.0,0.536,-0.1,0.584
05-01-2026-Fri 12-39-17-PM,-0.2,0.596,-0.2,0.6,-0.1,0.628,-0.3,0.628,-0.2,0.488,-0.1,0.588,0.0,0.536,0.0,0.584
05-01-2026-Fri 12-39-18-PM,-0.1,0.596,-0.2,0.6,0.0,0.632,0.1,0.628,-0.3,0.488,0.0,0.588,-0.3,0.536,-0.3,0.584
05-01-2026-Fri 12-39-19-PM,-0.1,0.596,-0.2,0.6,-0.1,0.632,0.0,0.628,-0.1,0.488,0.0,0.588,-0.1,0.544,-0.2,0.588
05-01-2026-Fri 12-39-21-PM,-0.1,0.596,-0.2,0.6,-0.2,0.632,-0.2,0.628,-0.5,0.492,0.0,0.588,-0.1,0.54,-0.2,0.584
05-01-2026-Fri 12-39-22-PM,-0.4,0.596,-0.2,0.6,-0.1,0.632,-0.3,0.628,-0.4,0.492,-0.1,0.588,-0.3,0.536,-0.2,0.584
05-01-2026-Fri 12-39-24-PM,-0.3,0.596,-0.3,0.6,0.0,0.632,0.2,0.628,-0.3,0.488,-0.1,0.588,-0.3,0.54,0.0,0.584
05-01-2026-Fri 12-39-25-PM,-0.3,0.596,-0.4,0.596,0.0,0.632,-0.2,0.632,0.1,0.492,-0.2,0.592,0.2,0.54,-0.1,0.584
05-01-2026-Fri 12-39-27-PM,-0.2,0.596,0.0,0.596,-0.1,0.632,-0.1,0.632,-0.4,0.488,-0.2,0.588,-0.4,0.54,-0.1,0.584
05-01-2026-Fri 12-39-28-PM,-0.3,0.596,0.0,0.6,-0.2,0.632,-0.3,0.628,0.0,0.488,0.0,0.588,0.0,0.54,0.1,0.584
05-01-2026-Fri 12-39-30-PM,-0.1,0.596,-0.5,0.6,-0.2,0.628,-0.3,0.628,-0.3,0.488,-0.3,0.588,-0.2,0.54,-0.1,0.584
05-01-2026-Fri 12-39-31-PM,-0.1,0.596,-0.2,0.596,0.0,0.632,-0.1,0.628,-0.2,0.488,-0.1,0.588,-0.3,0.54,0.0,0.588
05-01-2026-Fri 12-39-32-PM,-0.4,0.596,-0.4,0.6,-0.1,0.632,-0.4,0.628,-0.4,0.488,0.0,0.588,-0.2,0.54,0.1,0.584
05-01-2026-Fri 12-39-34-PM,-0.2,0.596,-0.4,0.6,-0.2,0.632,-0.2,0.628,-0.2,0.488,0.0,0.588,-0.1,0.54,0.2,0.588
05-01-2026-Fri 12-39-35-PM,-0.3,0.596,-0.5,0.6,-0.1,0.632,-0.3,0.628,-0.3,0.488,0.2,0.588,0.0,0.54,0.0,0.584
05-01-2026-Fri 12-39-37-PM,-0.3,0.596,-0.4,0.6,-0.1,0.632,-0.1,0.628,-0.1,0.488,-0.1,0.588,-0.1,0.54,0.0,0.588
05-01-2026-Fri 12-39-38-PM,-0.2,0.596,-0.1,0.596,-0.2,0.632,-0.2,0.628,-0.5,0.492,-0.2,0.592,-0.1,0.54,-0.2,0.584
05-01-2026-Fri 12-39-39-PM,-0.2,0.596,-0.3,0.6,-0.1,0.632,-0.1,0.628,-0.1,0.488,-0.1,0.588,0.0,0.54,-0.1,0.588
05-01-2026-Fri 12-39-41-PM,-0.1,0.596,-0.6,0.6,-0.1,0.632,-0.2,0.628,-0.2,0.488,0.0,0.588,-0.2,0.54,-0.1,0.584
05-01-2026-Fri 12-39-43-PM,-0.1,0.596,-0.3,0.6,0.1,0.632,0.0,0.628,-0.2,0.488,0.0,0.588,-0.1,0.54,-0.1,0.584
05-01-2026-Fri 12-39-44-PM,-0.4,0.596,-0.3,0.596,-0.1,0.628,0.0,0.628,-0.1,0.488,0.2,0.592,-0.2,0.54,0.0,0.584
05-01-2026-Fri 12-39-45-PM,-0.1,0.596,-0.2,0.6,-0.1,0.632,-0.2,0.628,-0.3,0.488,0.4,0.588,-0.2,0.54,-0.1,0.584
05-01-2026-Fri 12-39-47-PM,-0.2,0.596,-0.1,0.604,-0.3,0.632,-0.3,0.628,-0.2,0.488,-0.1,0.588,-0.2,0.54,0.3,0.584
05-01-2026-Fri 12-39-48-PM,-0.2,0.596,-0.4,0.596,-0.1,0.632,-0.2,0.628,-0.1,0.488,-0.1,0.592,-0.1,0.536,0.1,0.584
05-01-2026-Fri 12-39-50-PM,-0.3,0.596,-0.3,0.596,0.1,0.632,-0.1,0.628,0.0,0.488,-0.2,0.588,-0.1,0.536,0.0,0.584
05-01-2026-Fri 12-39-51-PM,-0.2,0.596,-0.4,0.6,-0.1,0.632,0.0,0.632,-0.3,0.488,-0.2,0.588,0.0,0.536,-0.2,0.584
05-01-2026-Fri 12-39-52-PM,-0.1,0.592,-0.3,0.6,0.0,0.632,-0.1,0.628,-0.3,0.488,-0.1,0.588,0.0,0.54,0.0,0.584
05-01-2026-Fri 12-39-54-PM,-0.1,0.596,-0.2,0.596,-0.1,0.628,-0.3,0.628,-0.1,0.488,-0.2,0.588,-0.2,0.536,-0.3,0.584
05-01-2026-Fri 12-39-55-PM,-0.2,0.596,-0.3,0.6,-0.1,0.632,-0.2,0.632,-0.2,0.492,0.1,0.588,-0.1,0.54,0.0,0.584
05-01-2026-Fri 12-39-57-PM,-0.1,0.596,-0.3,0.6,-0.4,0.632,-0.1,0.628,-0.4,0.484,-0.1,0.588,-0.1,0.544,0.0,0.584
05-01-2026-Fri 12-39-58-PM,0.0,0.596,-0.4,0.6,-0.1,0.632,-0.1,0.628,-0.3,0.488,-0.1,0.584,0.0,0.54,0.2,0.584
05-01-2026-Fri 12-39-59-PM,-0.1,0.592,-0.3,0.6,0.0,0.632,-0.4,0.628,-0.4,0.488,0.0,0.588,-0.1,0.54,-0.1,0.588
05-01-2026-Fri 12-40-01-PM,-0.3,0.596,-0.5,0.596,0.0,0.628,-0.2,0.628,-0.3,0.488,0.0,0.588,0.0,0.54,0.0,0.584
05-01-2026-Fri 12-40-02-PM,0.1,0.596,-0.4,0.6,-0.2,0.632,0.0,0.628,-0.3,0.488,0.0,0.588,-0.1,0.54,-0.2,0.584
05-01-2026-Fri 12-40-04-PM,-0.1,0.592,-0.1,0.6,-0.1,0.628,-0.2,0.628,0.0,0.488,-0.1,0.592,-0.1,0.54,0.1,0.584
05-01-2026-Fri 12-40-05-PM,-0.5,0.596,-0.3,0.6,-0.2,0.628,-0.1,0.632,-0.2,0.488,0.0,0.588,0.0,0.54,-0.3,0.584
05-01-2026-Fri 12-40-06-PM,-0.4,0.596,-0.2,0.596,0.1,0.632,-0.1,0.628,-0.5,0.488,0.1,0.588,-0.4,0.54,0.0,0.584
05-01-2026-Fri 12-40-08-PM,0.1,0.596,-0.4,0.6,0.0,0.632,-0.1,0.628,-0.2,0.488,0.0,0.588,-0.3,0.536,-0.1,0.584
05-01-2026-Fri 12-40-10-PM,-0.4,0.596,-0.1,0.596,-0.1,0.632,0.0,0.628,0.1,0.488,-0.1,0.588,0.0,0.54,-0.2,0.584
05-01-2026-Fri 12-40-11-PM,-0.1,0.596,-0.3,0.6,-0.1,0.628,0.0,0.628,-0.3,0.492,0.1,0.588,-0.2,0.544,0.1,0.584
05-01-2026-Fri 12-40-12-PM,-0.3,0.596,-0.3,0.596,-0.3,0.628,-0.2,0.628,0.1,0.488,-0.1,0.588,0.1,0.54,-0.1,0.584
05-01-2026-Fri 12-40-14-PM,Power On
05-01-2026-Fri 12-40-15-PM,107.6,5.004,113.9,5.004,91.8,5.004,57.8,5.068,70.2,4.992,78.7,5.032,62.9,4.968,91.1,4.972
05-01-2026-Fri 12-40-17-PM,99.3,5.02,107.5,5.02,88.1,5.024,54.6,5.076,65.2,5.016,74.1,5.052,58.2,4.992,82.9,4.996
05-01-2026-Fri 12-40-18-PM,95.6,5.028,104.7,5.032,86.3,5.032,53.2,5.084,62.1,5.024,72.4,5.06,56.4,5.0,79.7,5.004
05-01-2026-Fri 12-40-19-PM,93.3,5.036,103.2,5.04,85.1,5.036,52.1,5.088,60.4,5.028,71.3,5.064,55.4,5.008,78.0,5.008
05-01-2026-Fri 12-40-21-PM,Power Off
05-01-2026-Fri 12-40-22-PM,-0.1,1.74,-0.2,1.796,0.0,1.488,-0.1,1.308,-0.2,1.372,0.3,1.732,-0.1,1.536,-0.1,1.188
05-01-2026-Fri 12-40-24-PM,-0.3,1.564,-0.3,1.616,-0.1,1.224,-0.1,1.16,-0.3,1.16,0.0,1.524,-0.1,1.264,0.0,1.008
05-01-2026-Fri 12-40-25-PM,-0.2,1.42,-0.3,1.456,-0.4,1.096,0.0,1.072,-0.2,1.056,0.0,1.324,0.1,1.14,-0.2,0.916
05-01-2026-Fri 12-40-26-PM,0.1,1.272,-0.2,1.332,-0.1,1.008,-0.1,1.016,-0.2,0.984,-0.2,1.216,-0.1,1.064,0.1,0.856
05-01-2026-Fri 12-40-28-PM,-0.3,1.18,-0.3,1.244,0.1,0.952,-0.4,0.976,-0.3,0.928,-0.3,1.148,-0.3,1.016,0.1,0.82
05-01-2026-Fri 12-40-30-PM,-0.1,1.128,-0.2,1.184,0.2,0.904,-0.2,0.943999,-0.3,0.892,0.2,1.104,-0.3,0.976,0.0,0.792
05-01-2026-Fri 12-40-31-PM,-0.1,1.092,-0.1,1.144,-0.1,0.872,-0.2,0.924,-0.4,0.864,0.0,1.068,0.0,0.948,-0.2,0.772
05-01-2026-Fri 12-40-32-PM,-0.2,1.064,-0.1,1.104,-0.2,0.844,-0.2,0.904,-0.6,0.844,-0.1,1.044,0.2,0.924,-0.1,0.756
05-01-2026-Fri 12-40-34-PM,0.1,1.04,-0.3,1.08,-0.3,0.824,0.0,0.896,-0.5,0.824,-0.1,1.024,0.0,0.904,-0.1,0.744
05-01-2026-Fri 12-40-35-PM,-0.3,1.024,-0.6,1.06,-0.2,0.808,-0.1,0.884,-0.2,0.808,0.0,1.004,-0.2,0.892,-0.1,0.732
05-01-2026-Fri 12-40-37-PM,-0.3,1.012,-0.4,1.044,0.0,0.792,0.0,0.876,-0.3,0.796,-0.1,0.988,0.0,0.876,0.1,0.72
05-01-2026-Fri 12-40-38-PM,-0.2,0.996,-0.2,1.028,-0.1,0.776,-0.2,0.868,-0.3,0.78,-0.2,0.976,-0.3,0.86,-0.1,0.716
05-01-2026-Fri 12-40-39-PM,-0.2,0.988,-0.2,1.016,0.1,0.768,-0.2,0.86,-0.5,0.772,-0.1,0.96,-0.2,0.852,-0.1,0.704
05-01-2026-Fri 12-40-41-PM,-0.3,0.98,-0.4,1.008,0.0,0.756,-0.1,0.852,-0.3,0.764,-0.1,0.952,0.0,0.84,-0.3,0.704
05-01-2026-Fri 12-40-42-PM,-0.2,0.972,-0.4,0.996,-0.4,0.748,-0.1,0.844,-0.4,0.756,0.0,0.943999,-0.2,0.836,0.0,0.7
05-01-2026-Fri 12-40-43-PM,-0.1,0.964,0.0,0.984,-0.3,0.74,-0.1,0.836,-0.1,0.744,-0.1,0.936,-0.4,0.824,-0.1,0.696
05-01-2026-Fri 12-40-45-PM,-0.3,0.956,-0.4,0.98,-0.1,0.736,-0.2,0.832,-0.2,0.74,-0.3,0.928,-0.3,0.816,-0.3,0.692
05-01-2026-Fri 12-40-46-PM,0.0,0.948,-0.3,0.972,-0.1,0.728,-0.1,0.828,-0.4,0.728,-0.3,0.92,-0.2,0.812,0.1,0.684
05-01-2026-Fri 12-40-48-PM,-0.4,0.943999,-0.2,0.964,-0.2,0.728,-0.1,0.824,-0.4,0.724,-0.2,0.916,-0.1,0.804,0.1,0.68
05-01-2026-Fri 12-40-49-PM,-0.3,0.94,-0.3,0.956,-0.3,0.72,-0.3,0.82,-0.3,0.72,0.3,0.904,-0.5,0.796,-0.3,0.676
05-01-2026-Fri 12-40-50-PM,-0.2,0.932,0.0,0.952,-0.1,0.712,-0.1,0.816,-0.7,0.712,0.1,0.9,-0.1,0.788,-0.1,0.672
05-01-2026-Fri 12-40-52-PM,0.1,0.928,-0.4,0.943999,-0.1,0.712,0.0,0.812,-0.3,0.708,0.1,0.896,-0.2,0.78,-0.5,0.668
05-01-2026-Fri 12-40-53-PM,-0.2,0.92,-0.5,0.94,-0.1,0.704,-0.2,0.808,0.0,0.7,0.0,0.888,-0.2,0.776,-0.2,0.668
05-01-2026-Fri 12-40-55-PM,0.2,0.92,-0.4,0.936,0.0,0.7,-0.1,0.804,-0.5,0.696,0.0,0.88,0.0,0.768,-0.1,0.664
05-01-2026-Fri 12-40-56-PM,-0.2,0.916,-0.3,0.932,-0.1,0.696,-0.2,0.8,-0.6,0.692,0.0,0.88,-0.3,0.768,0.0,0.66
05-01-2026-Fri 12-40-57-PM,-0.1,0.912,-0.4,0.924,0.0,0.696,-0.2,0.796,-0.2,0.684,0.0,0.872,-0.2,0.764,-0.4,0.66
05-01-2026-Fri 12-40-59-PM,-0.1,0.904,-0.3,0.924,0.1,0.692,-0.4,0.796,-0.3,0.684,0.0,0.872,-0.2,0.756,0.1,0.652
05-01-2026-Fri 12-41-00-PM,0.0,0.904,-0.4,0.916,0.1,0.688,-0.5,0.792,-0.3,0.676,0.0,0.864,-0.1,0.752,-0.1,0.652
05-01-2026-Fri 12-41-02-PM,-0.4,0.9,-0.5,0.912,-0.1,0.684,-0.1,0.788,-0.3,0.672,0.0,0.864,-0.3,0.748,0.2,0.652
05-01-2026-Fri 12-41-03-PM,-0.2,0.896,-0.1,0.908,0.1,0.684,-0.1,0.788,-0.3,0.672,-0.1,0.86,-0.3,0.744,-0.1,0.648
05-01-2026-Fri 12-41-04-PM,0.1,0.892,-0.3,0.904,-0.3,0.676,0.0,0.784,-0.2,0.668,0.1,0.856,-0.2,0.744,-0.1,0.648
05-01-2026-Fri 12-41-06-PM,-0.1,0.892,-0.4,0.9,0.2,0.676,0.0,0.78,-0.3,0.664,-0.2,0.848,-0.4,0.736,-0.1,0.648
05-01-2026-Fri 12-41-07-PM,-0.2,0.888,-0.3,0.9,-0.1,0.672,0.0,0.78,-0.3,0.656,-0.1,0.848,-0.2,0.736,-0.1,0.648
05-01-2026-Fri 12-41-09-PM,-0.2,0.884,-0.2,0.892,-0.2,0.672,-0.3,0.776,-0.2,0.656,-0.2,0.844,-0.2,0.732,-0.3,0.644
05-01-2026-Fri 12-41-10-PM,0.0,0.884,-0.1,0.892,-0.2,0.672,0.1,0.776,-0.4,0.652,-0.2,0.84,-0.2,0.728,0.0,0.64
05-01-2026-Fri 12-41-11-PM,0.0,0.884,-0.2,0.888,-0.2,0.668,0.1,0.772,-0.4,0.652,-0.5,0.84,0.0,0.724,-0.2,0.64
05-01-2026-Fri 12-41-13-PM,0.1,0.88,-0.4,0.888,0.1,0.668,-0.2,0.772,-0.4,0.648,0.0,0.836,0.0,0.724,0.0,0.64
05-01-2026-Fri 12-41-14-PM,0.1,0.876,-0.3,0.884,-0.3,0.664,-0.2,0.772,-0.3,0.648,-0.2,0.836,-0.1,0.724,-0.3,0.636
05-01-2026-Fri 12-41-16-PM,-0.4,0.88,-0.5,0.88,-0.2,0.664,-0.2,0.772,-0.4,0.644,-0.1,0.828,-0.4,0.72,-0.1,0.636
05-01-2026-Fri 12-41-17-PM,-0.3,0.876,-0.2,0.88,-0.2,0.664,0.0,0.768,-0.6,0.64,0.1,0.832,-0.1,0.716,0.0,0.632
05-01-2026-Fri 12-41-18-PM,-0.2,0.872,-0.2,0.88,-0.2,0.66,-0.1,0.764,-0.3,0.636,-0.1,0.828,-0.4,0.716,0.1,0.636
05-01-2026-Fri 12-41-20-PM,-0.2,0.872,-0.3,0.88,-0.1,0.664,-0.1,0.764,-0.1,0.632,-0.2,0.828,-0.3,0.712,0.0,0.632
05-01-2026-Fri 12-41-21-PM,-0.1,0.868,-0.3,0.876,-0.3,0.66,-0.2,0.764,-0.2,0.636,-0.2,0.824,-0.5,0.712,-0.2,0.636
05-01-2026-Fri 12-41-23-PM,-0.3,0.872,-0.2,0.872,-0.2,0.66,0.0,0.76,-0.1,0.632,0.1,0.82,-0.1,0.708,-0.1,0.632
05-01-2026-Fri 12-41-24-PM,0.1,0.864,-0.3,0.872,-0.2,0.66,0.0,0.764,-0.1,0.632,0.1,0.82,-0.1,0.708,-0.2,0.632
05-01-2026-Fri 12-41-25-PM,-0.1,0.864,-0.3,0.872,-0.4,0.656,-0.1,0.76,-0.2,0.628,0.2,0.82,-0.2,0.704,-0.1,0.632
05-01-2026-Fri 12-41-27-PM,-0.1,0.864,-0.4,0.868,0.0,0.656,-0.1,0.756,-0.1,0.628,0.2,0.816,-0.3,0.7,0.2,0.628
05-01-2026-Fri 12-41-28-PM,-0.1,0.864,-0.1,0.864,0.2,0.656,-0.3,0.76,-0.3,0.624,0.1,0.816,-0.5,0.704,0.0,0.628
05-01-2026-Fri 12-41-29-PM,0.1,0.864,-0.1,0.864,0.0,0.656,-0.2,0.756,-0.4,0.624,0.1,0.816,-0.3,0.7,0.2,0.628
05-01-2026-Fri 12-41-31-PM,0.0,0.86,-0.3,0.864,0.0,0.656,-0.2,0.756,-0.3,0.624,-0.2,0.812,-0.4,0.696,0.1,0.628
05-01-2026-Fri 12-41-32-PM,0.0,0.86,-0.2,0.86,-0.1,0.656,-0.4,0.756,-0.1,0.616,-0.2,0.812,0.0,0.696,-0.1,0.624
05-01-2026-Fri 12-41-34-PM,-0.2,0.86,0.0,0.86,0.1,0.652,-0.1,0.756,-0.3,0.62,-0.2,0.808,-0.2,0.696,0.2,0.628
05-01-2026-Fri 12-41-35-PM,-0.2,0.856,-0.3,0.856,-0.1,0.652,0.0,0.752,0.0,0.62,-0.3,0.808,-0.1,0.692,0.1,0.628
05-01-2026-Fri 12-41-36-PM,-0.1,0.86,-0.4,0.856,0.0,0.652,-0.3,0.752,-0.1,0.62,-0.2,0.804,-0.3,0.692,-0.2,0.624
05-01-2026-Fri 12-41-38-PM,-0.2,0.856,-0.2,0.86,0.1,0.652,-0.2,0.752,-0.2,0.612,-0.2,0.8,-0.2,0.688,0.0,0.624
05-01-2026-Fri 12-41-39-PM,-0.2,0.852,-0.3,0.852,-0.1,0.652,0.1,0.752,-0.1,0.612,0.2,0.804,-0.5,0.688,-0.1,0.624
05-01-2026-Fri 12-41-41-PM,-0.2,0.856,-0.4,0.856,0.0,0.652,-0.2,0.752,-0.1,0.608,-0.1,0.8,-0.2,0.688,0.0,0.624
05-01-2026-Fri 12-41-42-PM,-0.1,0.852,0.0,0.852,-0.2,0.648,0.0,0.752,-0.3,0.612,-0.1,0.8,-0.2,0.688,-0.1,0.62
05-01-2026-Fri 12-41-43-PM,-0.4,0.852,-0.3,0.848,0.0,0.648,-0.3,0.748,-0.2,0.612,-0.1,0.8,-0.3,0.688,-0.1,0.62
05-01-2026-Fri 12-41-45-PM,0.1,0.852,-0.4,0.852,0.1,0.652,-0.2,0.748,-0.1,0.608,-0.1,0.8,-0.3,0.684,-0.1,0.624
05-01-2026-Fri 12-41-46-PM,-0.2,0.848,-0.2,0.848,-0.1,0.648,-0.2,0.748,-0.4,0.608,-0.2,0.8,-0.5,0.684,0.0,0.624
05-01-2026-Fri 12-41-49-PM,-0.2,0.848,0.1,0.848,-0.1,0.648,-0.1,0.744,-0.1,0.604,0.0,0.796,-0.3,0.68,0.0,0.62
05-01-2026-Fri 12-41-52-PM,-0.2,0.848,-0.2,0.848,-0.3,0.648,-0.2,0.744,-0.3,0.6,0.1,0.792,0.2,0.676,0.1,0.62
05-01-2026-Fri 12-41-54-PM,-0.3,0.844,-0.4,0.844,-0.2,0.648,0.0,0.744,-0.3,0.6,0.1,0.792,-0.5,0.676,-0.2,0.62
05-01-2026-Fri 12-41-55-PM,-0.3,0.848,-0.1,0.844,0.0,0.648,-0.2,0.74,-0.5,0.6,0.2,0.788,-0.3,0.676,0.1,0.62
05-01-2026-Fri 12-41-57-PM,0.1,0.844,-0.4,0.84,-0.1,0.648,0.1,0.74,0.1,0.6,-0.1,0.788,-0.2,0.672,-0.1,0.616
05-01-2026-Fri 12-41-58-PM,-0.3,0.844,-0.2,0.84,-0.3,0.648,-0.2,0.74,-0.2,0.596,0.1,0.792,-0.2,0.672,0.0,0.616
05-01-2026-Fri 12-41-59-PM,-0.1,0.844,-0.2,0.84,-0.1,0.644,0.1,0.74,-0.1,0.596,-0.2,0.788,-0.3,0.672,-0.2,0.616
05-01-2026-Fri 12-42-01-PM,-0.3,0.844,-0.3,0.84,0.1,0.648,0.1,0.74,-0.5,0.592,-0.1,0.788,-0.2,0.672,0.0,0.616
05-01-2026-Fri 12-42-02-PM,-0.3,0.84,-0.5,0.84,-0.2,0.644,-0.3,0.74,-0.2,0.592,-0.2,0.784,-0.3,0.672,0.0,0.616
05-01-2026-Fri 12-42-04-PM,-0.3,0.844,-0.1,0.836,-0.2,0.648,-0.2,0.736,-0.3,0.596,-0.3,0.78,-0.3,0.672,-0.2,0.62
05-01-2026-Fri 12-42-05-PM,-0.2,0.84,-0.2,0.836,-0.3,0.644,0.1,0.736,-0.4,0.588,-0.1,0.784,-0.2,0.668,-0.2,0.616
05-01-2026-Fri 12-42-06-PM,-0.2,0.836,-0.2,0.836,0.0,0.644,-0.3,0.736,-0.2,0.588,-0.2,0.784,-0.4,0.664,0.1,0.616
05-01-2026-Fri 12-42-08-PM,-0.4,0.84,-0.2,0.832,0.1,0.644,-0.2,0.736,-0.1,0.588,0.0,0.784,-0.1,0.668,-0.1,0.612
05-01-2026-Fri 12-42-10-PM,-0.1,0.84,-0.2,0.832,-0.2,0.644,-0.2,0.736,-0.3,0.592,-0.1,0.78,-0.4,0.664,-0.1,0.616
05-01-2026-Fri 12-42-11-PM,-0.1,0.84,-0.3,0.832,-0.3,0.644,-0.1,0.736,-0.2,0.588,0.1,0.78,-0.3,0.668,-0.2,0.616
05-01-2026-Fri 12-42-12-PM,-0.2,0.84,-0.3,0.832,-0.3,0.644,-0.3,0.736,-0.1,0.588,0.1,0.78,-0.1,0.664,-0.1,0.616
05-01-2026-Fri 12-42-14-PM,-0.4,0.84,-0.2,0.832,-0.2,0.644,-0.2,0.732,-0.1,0.584,-0.1,0.776,-0.2,0.668,-0.3,0.616
05-01-2026-Fri 12-42-15-PM,-0.3,0.84,-0.2,0.832,0.1,0.644,-0.1,0.732,-0.2,0.588,-0.1,0.776,-0.1,0.664,0.0,0.612
05-01-2026-Fri 12-42-17-PM,-0.3,0.836,-0.3,0.828,0.0,0.644,-0.2,0.732,-0.3,0.584,0.1,0.776,-0.3,0.66,0.1,0.616
05-01-2026-Fri 12-42-18-PM,-0.2,0.84,0.0,0.828,-0.1,0.644,-0.3,0.732,-0.5,0.584,0.1,0.776,-0.3,0.66,-0.4,0.612
05-01-2026-Fri 12-42-19-PM,0.0,0.836,-0.1,0.828,0.0,0.64,-0.2,0.732,-0.5,0.58,0.0,0.776,-0.2,0.66,-0.2,0.612
05-01-2026-Fri 12-42-21-PM,0.4,0.84,-0.4,0.828,-0.1,0.644,0.1,0.732,-0.2,0.58,-0.1,0.772,-0.2,0.66,0.0,0.612
05-01-2026-Fri 12-42-22-PM,0.1,0.836,-0.4,0.828,-0.1,0.64,-0.1,0.732,-0.2,0.58,0.2,0.772,-0.2,0.66,0.0,0.612
05-01-2026-Fri 12-42-24-PM,-0.2,0.836,-0.2,0.824,0.0,0.644,0.0,0.728,-0.2,0.584,-0.1,0.772,-0.1,0.656,0.0,0.612
05-01-2026-Fri 12-42-25-PM,-0.1,0.832,-0.5,0.824,-0.1,0.644,0.1,0.732,-0.1,0.58,-0.1,0.772,-0.5,0.656,0.2,0.612
05-01-2026-Fri 12-42-26-PM,-0.3,0.832,-0.2,0.828,-0.1,0.644,-0.2,0.728,-0.1,0.58,-0.1,0.776,0.0,0.656,-0.2,0.612
05-01-2026-Fri 12-42-28-PM,-0.2,0.832,-0.5,0.824,-0.3,0.64,-0.2,0.728,-0.2,0.58,0.3,0.768,-0.4,0.656,0.1,0.612
05-01-2026-Fri 12-42-29-PM,-0.3,0.832,-0.3,0.824,0.0,0.64,-0.3,0.728,-0.2,0.58,-0.1,0.768,-0.3,0.656,-0.2,0.612
05-01-2026-Fri 12-42-30-PM,0.0,0.832,-0.4,0.824,0.1,0.644,-0.3,0.728,-0.4,0.576,-0.1,0.772,-0.3,0.656,0.0,0.612
05-01-2026-Fri 12-42-32-PM,0.1,0.832,-0.2,0.824,0.0,0.64,-0.2,0.728,-0.2,0.576,-0.2,0.768,-0.4,0.656,-0.1,0.612
05-01-2026-Fri 12-42-33-PM,0.1,0.832,-0.3,0.824,-0.2,0.64,-0.1,0.724,-0.3,0.576,0.1,0.768,-0.2,0.656,0.0,0.612
05-01-2026-Fri 12-42-35-PM,0.1,0.832,-0.5,0.82,0.0,0.64,-0.1,0.724,-0.3,0.576,-0.2,0.768,-0.3,0.652,-0.2,0.608
05-01-2026-Fri 12-42-36-PM,0.1,0.832,-0.3,0.82,-0.1,0.636,-0.3,0.728,-0.3,0.576,0.1,0.768,-0.1,0.652,0.0,0.612
05-01-2026-Fri 12-42-37-PM,-0.2,0.828,-0.5,0.816,-0.2,0.644,-0.3,0.724,-0.3,0.572,0.1,0.768,-0.3,0.652,0.1,0.612
05-01-2026-Fri 12-42-39-PM,-0.3,0.832,-0.2,0.82,0.0,0.64,-0.1,0.724,-0.3,0.576,0.1,0.764,-0.5,0.652,-0.3,0.608
05-01-2026-Fri 12-42-40-PM,0.0,0.828,-0.4,0.82,0.1,0.636,0.0,0.724,-0.5,0.576,-0.2,0.764,-0.2,0.652,-0.4,0.612
05-01-2026-Fri 12-42-42-PM,-0.1,0.828,-0.4,0.816,-0.2,0.64,0.1,0.724,-0.1,0.572,-0.2,0.764,-0.4,0.652,-0.1,0.612
05-01-2026-Fri 12-42-43-PM,-0.1,0.828,-0.5,0.82,-0.1,0.64,-0.2,0.724,-0.3,0.576,0.0,0.764,-0.4,0.648,-0.2,0.608
05-01-2026-Fri 12-42-44-PM,0.2,0.828,-0.2,0.82,-0.1,0.64,0.0,0.724,-0.2,0.568,0.0,0.76,-0.4,0.648,-0.2,0.608
05-01-2026-Fri 12-42-46-PM,-0.2,0.828,-0.4,0.82,-0.1,0.636,-0.3,0.724,-0.2,0.568,0.0,0.76,-0.1,0.648,0.1,0.608
05-01-2026-Fri 12-42-47-PM,-0.2,0.828,-0.4,0.816,0.0,0.64,-0.1,0.724,-0.3,0.568,-0.1,0.76,-0.2,0.644,-0.2,0.608
05-01-2026-Fri 12-42-49-PM,-0.1,0.828,-0.1,0.816,-0.2,0.64,-0.1,0.724,0.0,0.568,0.0,0.76,-0.3,0.648,0.1,0.608
05-01-2026-Fri 12-42-50-PM,0.1,0.828,-0.3,0.816,0.2,0.636,-0.1,0.724,0.0,0.568,0.0,0.76,-0.3,0.648,-0.1,0.608
05-01-2026-Fri 12-42-51-PM,-0.2,0.828,-0.3,0.812,0.0,0.636,-0.1,0.72,-0.1,0.568,0.2,0.76,0.0,0.652,0.2,0.608
05-01-2026-Fri 12-42-53-PM,-0.1,0.824,-0.1,0.82,-0.1,0.64,-0.3,0.72,-0.3,0.568,0.2,0.756,-0.2,0.648,-0.1,0.608
05-01-2026-Fri 12-42-54-PM,-0.2,0.824,-0.3,0.816,-0.2,0.64,0.1,0.72,-0.3,0.568,0.0,0.76,-0.3,0.648,-0.2,0.604
05-01-2026-Fri 12-42-56-PM,-0.1,0.824,-0.2,0.812,-0.2,0.64,-0.1,0.72,-0.3,0.568,0.1,0.756,-0.1,0.644,-0.3,0.608
05-01-2026-Fri 12-42-57-PM,0.1,0.828,-0.3,0.812,0.0,0.636,-0.3,0.72,-0.4,0.564,0.1,0.752,0.0,0.644,-0.1,0.604
05-01-2026-Fri 12-42-58-PM,-0.2,0.82,-0.1,0.812,0.0,0.636,0.1,0.72,0.0,0.568,-0.2,0.756,-0.2,0.644,0.0,0.608
05-01-2026-Fri 12-43-00-PM,-0.5,0.824,-0.1,0.816,-0.1,0.636,-0.4,0.72,-0.1,0.564,-0.2,0.756,-0.1,0.644,-0.1,0.608
05-01-2026-Fri 12-43-01-PM,-0.2,0.824,-0.1,0.812,-0.1,0.636,-0.1,0.716,-0.2,0.564,-0.1,0.756,-0.1,0.644,0.0,0.608
05-01-2026-Fri 12-43-03-PM,-0.2,0.824,0.0,0.812,0.0,0.636,-0.2,0.72,-0.3,0.564,0.0,0.756,-0.1,0.64,0.0,0.604
05-01-2026-Fri 12-43-04-PM,-0.1,0.824,-0.1,0.808,0.0,0.636,-0.4,0.716,-0.3,0.56,0.1,0.756,-0.4,0.64,0.0,0.608
05-01-2026-Fri 12-43-06-PM,-0.1,0.82,-0.3,0.808,-0.1,0.636,0.0,0.72,-0.2,0.564,-0.3,0.756,-0.3,0.64,0.0,0.608
05-01-2026-Fri 12-43-07-PM,-0.1,0.824,-0.3,0.808,0.0,0.64,0.0,0.716,-0.2,0.564,0.0,0.752,-0.4,0.64,0.1,0.604
05-01-2026-Fri 12-43-09-PM,-0.2,0.82,-0.5,0.808,0.0,0.636,0.0,0.72,-0.4,0.56,0.1,0.752,-0.1,0.64,-0.1,0.608
05-01-2026-Fri 12-43-10-PM,0.0,0.824,-0.5,0.808,-0.2,0.64,-0.4,0.72,-0.2,0.56,0.0,0.752,-0.3,0.64,0.0,0.608
05-01-2026-Fri 12-43-11-PM,-0.2,0.82,-0.5,0.808,-0.3,0.636,0.0,0.716,-0.1,0.564,0.1,0.752,-0.2,0.64,0.1,0.608
05-01-2026-Fri 12-43-13-PM,-0.1,0.82,-0.1,0.804,-0.1,0.636,0.0,0.716,-0.6,0.56,-0.2,0.748,0.0,0.64,-0.2,0.604
05-01-2026-Fri 12-43-14-PM,Power On
05-01-2026-Fri 12-43-16-PM,97.5,5.036,104.7,5.036,86.4,5.04,52.7,5.092,62.6,5.032,72.2,5.064,56.9,5.008,78.4,5.012
05-01-2026-Fri 12-43-17-PM,92.1,5.048,100.9,5.044,83.9,5.048,50.6,5.1,58.9,5.04,69.9,5.072,53.7,5.02,74.7,5.024
05-01-2026-Fri 12-43-18-PM,Power Off
05-01-2026-Fri 12-43-20-PM,-0.3,1.788,-0.3,1.868,0.1,1.716,0.2,1.4,-0.1,1.564,-0.5,1.812,-0.2,1.724,0.0,1.364
05-01-2026-Fri 12-43-21-PM,-0.2,1.632,0.1,1.708,-0.2,1.388,-0.3,1.22,-0.3,1.252,-0.1,1.648,-0.2,1.44,0.2,1.096
05-01-2026-Fri 12-43-23-PM,-0.2,1.528,-0.2,1.6,-0.1,1.24,-0.2,1.136,-0.2,1.132,0.0,1.524,-0.1,1.264,-0.3,0.992
05-01-2026-Fri 12-43-24-PM,-0.2,1.436,-0.4,1.504,0.0,1.136,-0.2,1.072,-0.1,1.052,0.0,1.408,-0.3,1.16,-0.1,0.92
05-01-2026-Fri 12-43-25-PM,-0.1,1.352,-0.5,1.404,-0.2,1.06,-0.1,1.028,-0.1,0.996,-0.2,1.304,-0.3,1.092,-0.4,0.872
05-01-2026-Fri 12-43-27-PM,-0.2,1.28,-0.4,1.332,0.0,1.004,-0.1,0.996,-0.2,0.948,-0.1,1.232,-0.3,1.04,0.1,0.832
05-01-2026-Fri 12-43-28-PM,-0.2,1.216,-0.5,1.272,0.0,0.96,-0.5,0.964,-0.3,0.916,0.1,1.176,-0.2,1.004,0.0,0.804
05-01-2026-Fri 12-43-30-PM,-0.3,1.172,-0.2,1.22,0.0,0.924,-0.2,0.94,-0.5,0.888,0.2,1.136,-0.1,0.976,-0.2,0.784
05-01-2026-Fri 12-43-31-PM,-0.1,1.136,-0.3,1.184,-0.1,0.896,-0.3,0.92,-0.2,0.864,-0.2,1.104,-0.2,0.948,-0.2,0.764
05-01-2026-Fri 12-43-33-PM,0.1,1.104,-0.4,1.152,-0.4,0.868,-0.2,0.908,-0.3,0.844,0.2,1.08,-0.2,0.928,-0.1,0.752
05-01-2026-Fri 12-43-34-PM,-0.2,1.08,-0.1,1.124,-0.2,0.848,-0.4,0.892,-0.5,0.828,0.2,1.052,-0.1,0.908,-0.1,0.74
05-01-2026-Fri 12-43-36-PM,0.1,1.06,0.0,1.1,-0.1,0.828,-0.3,0.88,-0.3,0.808,-0.1,1.036,-0.4,0.892,0.0,0.728
05-01-2026-Fri 12-43-37-PM,-0.3,1.04,-0.4,1.076,-0.1,0.812,-0.1,0.868,-0.2,0.792,-0.2,1.016,-0.1,0.876,-0.1,0.72
05-01-2026-Fri 12-43-38-PM,-0.5,1.024,-0.4,1.06,-0.3,0.796,-0.2,0.856,-0.4,0.78,-0.2,1.0,-0.2,0.86,0.0,0.708
05-01-2026-Fri 12-43-40-PM,-0.2,1.008,-0.1,1.044,-0.2,0.784,0.0,0.848,-0.7,0.768,0.0,0.988,0.0,0.848,-0.2,0.7
05-01-2026-Fri 12-43-41-PM,-0.1,0.996,-0.4,1.032,-0.1,0.772,-0.3,0.844,-0.6,0.756,0.1,0.972,-0.1,0.836,-0.3,0.696
05-01-2026-Fri 12-43-43-PM,-0.1,0.988,-0.5,1.016,0.0,0.76,0.1,0.832,-0.3,0.752,-0.1,0.964,-0.3,0.828,-0.2,0.688
05-01-2026-Fri 12-43-44-PM,0.0,0.976,-0.4,1.004,-0.1,0.748,0.2,0.824,-0.4,0.74,0.1,0.952,-0.3,0.82,-0.2,0.68
05-01-2026-Fri 12-43-45-PM,-0.2,0.964,-0.3,0.996,-0.4,0.744,-0.1,0.816,-0.4,0.732,-0.1,0.94,-0.1,0.808,-0.1,0.676
05-01-2026-Fri 12-43-47-PM,-0.2,0.956,-0.2,0.984,0.0,0.732,0.0,0.812,-0.1,0.724,0.0,0.928,-0.2,0.804,-0.1,0.672
05-01-2026-Fri 12-43-48-PM,0.0,0.952,-0.3,0.976,-0.2,0.728,-0.2,0.808,-0.4,0.716,-0.1,0.92,-0.1,0.796,0.0,0.668
05-01-2026-Fri 12-43-50-PM,-0.1,0.943999,0.0,0.968,-0.1,0.72,-0.3,0.8,-0.6,0.712,-0.1,0.916,-0.1,0.792,0.1,0.66
05-01-2026-Fri 12-43-51-PM,-0.3,0.936,-0.5,0.964,0.0,0.712,-0.2,0.8,-0.6,0.708,0.1,0.912,-0.3,0.784,0.0,0.66
05-01-2026-Fri 12-43-52-PM,-0.1,0.932,-0.2,0.956,0.0,0.712,-0.1,0.796,-0.4,0.704,0.0,0.904,-0.1,0.78,-0.2,0.66
05-01-2026-Fri 12-43-54-PM,-0.1,0.924,-0.4,0.952,-0.1,0.708,-0.3,0.796,-0.2,0.7,-0.2,0.9,-0.2,0.776,0.2,0.656
05-01-2026-Fri 12-43-55-PM,-0.3,0.924,-0.3,0.948,-0.4,0.704,-0.2,0.792,-0.5,0.692,0.0,0.896,-0.4,0.772,-0.1,0.652
05-01-2026-Fri 12-43-56-PM,-0.1,0.92,-0.3,0.94,-0.2,0.704,0.0,0.788,-0.1,0.692,-0.2,0.888,-0.3,0.764,0.0,0.652
05-01-2026-Fri 12-43-58-PM,0.2,0.916,-0.2,0.936,0.0,0.696,-0.2,0.784,0.0,0.684,-0.2,0.888,0.0,0.76,0.2,0.644
05-01-2026-Fri 12-43-59-PM,-0.2,0.912,-0.4,0.928,-0.2,0.688,-0.4,0.78,-0.3,0.68,-0.1,0.88,-0.1,0.756,-0.1,0.644
05-01-2026-Fri 12-44-01-PM,-0.2,0.908,0.0,0.928,-0.2,0.688,0.1,0.776,-0.3,0.672,-0.3,0.876,-0.2,0.752,0.0,0.644
05-01-2026-Fri 12-44-02-PM,-0.4,0.908,-0.2,0.924,-0.2,0.684,-0.1,0.772,-0.2,0.672,0.1,0.876,-0.3,0.748,-0.2,0.64
05-01-2026-Fri 12-44-03-PM,-0.3,0.9,-0.2,0.92,-0.2,0.684,0.0,0.772,-0.4,0.668,0.2,0.864,-0.1,0.748,-0.1,0.64
05-01-2026-Fri 12-44-05-PM,0.1,0.9,0.0,0.916,-0.2,0.684,-0.3,0.772,-0.5,0.668,0.2,0.868,-0.4,0.744,0.0,0.636
05-01-2026-Fri 12-44-06-PM,0.1,0.896,-0.3,0.916,0.0,0.68,-0.2,0.768,-0.3,0.664,0.1,0.864,-0.2,0.74,-0.1,0.64
05-01-2026-Fri 12-44-08-PM,-0.1,0.892,-0.4,0.912,-0.1,0.68,-0.2,0.772,-0.3,0.664,-0.2,0.864,-0.3,0.744,0.1,0.636
05-01-2026-Fri 12-44-09-PM,-0.2,0.892,-0.3,0.912,-0.1,0.68,-0.2,0.772,-0.2,0.664,-0.2,0.86,-0.3,0.74,0.2,0.636
05-01-2026-Fri 12-44-10-PM,-0.1,0.892,-0.4,0.908,-0.3,0.676,0.1,0.768,-0.2,0.66,-0.1,0.86,-0.3,0.74,-0.1,0.636
05-01-2026-Fri 12-44-12-PM,-0.3,0.892,-0.2,0.908,-0.2,0.676,-0.3,0.768,-0.5,0.66,0.0,0.856,-0.2,0.736,-0.1,0.636
05-01-2026-Fri 12-44-13-PM,0.1,0.888,-0.5,0.908,-0.3,0.672,-0.2,0.764,-0.5,0.656,-0.3,0.856,-0.1,0.736,-0.1,0.636
05-01-2026-Fri 12-44-15-PM,0.0,0.884,-0.3,0.908,-0.2,0.672,-0.2,0.768,-0.1,0.656,0.0,0.856,0.0,0.732,-0.1,0.636
05-01-2026-Fri 12-44-16-PM,0.1,0.888,-0.5,0.904,-0.2,0.672,-0.2,0.764,-0.5,0.66,0.0,0.852,-0.4,0.732,0.0,0.636
05-01-2026-Fri 12-44-17-PM,-0.3,0.884,0.0,0.9,0.0,0.672,0.1,0.768,-0.5,0.656,0.1,0.852,-0.4,0.732,0.0,0.636
05-01-2026-Fri 12-44-19-PM,0.2,0.884,-0.4,0.9,0.0,0.676,-0.3,0.764,-0.3,0.656,0.0,0.852,-0.2,0.732,0.1,0.636
05-01-2026-Fri 12-44-20-PM,0.2,0.884,-0.2,0.9,0.0,0.672,-0.1,0.764,-0.2,0.656,-0.1,0.852,-0.3,0.732,-0.1,0.636
05-01-2026-Fri 12-44-22-PM,-0.3,0.884,-0.2,0.896,-0.2,0.672,-0.3,0.764,-0.2,0.652,0.1,0.848,-0.2,0.732,-0.2,0.636
05-01-2026-Fri 12-44-23-PM,0.1,0.884,-0.4,0.896,-0.2,0.672,0.2,0.768,-0.2,0.656,0.1,0.848,-0.3,0.728,-0.1,0.636
05-01-2026-Fri 12-44-24-PM,-0.1,0.88,-0.4,0.9,-0.3,0.672,-0.1,0.764,-0.4,0.652,-0.1,0.848,-0.4,0.732,-0.3,0.64
05-01-2026-Fri 12-44-26-PM,-0.1,0.884,-0.1,0.896,-0.4,0.676,0.0,0.764,-0.1,0.652,0.0,0.844,-0.4,0.728,-0.2,0.636
05-01-2026-Fri 12-44-27-PM,-0.4,0.88,-0.2,0.9,-0.2,0.672,-0.2,0.764,-0.3,0.652,-0.1,0.844,-0.1,0.728,-0.1,0.636
05-01-2026-Fri 12-44-29-PM,0.1,0.88,-0.4,0.9,-0.1,0.672,-0.1,0.764,-0.3,0.648,0.1,0.848,-0.3,0.724,-0.1,0.636
05-01-2026-Fri 12-44-30-PM,-0.5,0.88,-0.3,0.896,-0.3,0.668,0.0,0.764,-0.4,0.652,0.0,0.848,-0.4,0.728,-0.2,0.636
05-01-2026-Fri 12-44-31-PM,0.0,0.88,-0.4,0.896,-0.3,0.672,-0.3,0.768,-0.6,0.648,-0.1,0.844,-0.1,0.724,-0.3,0.64
05-01-2026-Fri 12-44-33-PM,-0.4,0.88,0.1,0.896,-0.1,0.672,-0.1,0.768,-0.3,0.652,-0.1,0.848,-0.4,0.728,-0.1,0.64
05-01-2026-Fri 12-44-34-PM,0.1,0.88,-0.3,0.896,-0.3,0.672,-0.4,0.768,0.1,0.648,-0.1,0.844,-0.4,0.724,0.1,0.64
05-01-2026-Fri 12-44-36-PM,-0.2,0.88,-0.3,0.896,-0.1,0.672,-0.3,0.764,-0.4,0.648,-0.3,0.848,-0.5,0.728,-0.1,0.64
05-01-2026-Fri 12-44-37-PM,-0.3,0.88,-0.2,0.892,-0.2,0.672,-0.5,0.764,-0.3,0.648,0.0,0.844,0.2,0.728,-0.1,0.64
05-01-2026-Fri 12-44-38-PM,0.1,0.88,-0.2,0.892,0.1,0.672,-0.2,0.764,-0.2,0.648,-0.1,0.844,-0.5,0.724,-0.2,0.64
05-01-2026-Fri 12-44-40-PM,-0.2,0.876,-0.6,0.888,-0.1,0.668,-0.1,0.764,-0.2,0.648,-0.1,0.844,-0.1,0.724,-0.2,0.64
05-01-2026-Fri 12-44-41-PM,0.4,0.876,-0.1,0.892,0.0,0.672,-0.2,0.764,-0.2,0.648,-0.1,0.84,-0.3,0.724,-0.1,0.644
05-01-2026-Fri 12-44-42-PM,0.1,0.876,-0.1,0.888,-0.2,0.672,0.0,0.764,-0.2,0.648,-0.1,0.844,-0.4,0.724,-0.4,0.644
05-01-2026-Fri 12-44-44-PM,-0.3,0.872,-0.2,0.888,-0.2,0.672,-0.1,0.764,-0.5,0.648,0.0,0.844,-0.2,0.724,0.1,0.64
05-01-2026-Fri 12-44-45-PM,-0.1,0.872,-0.3,0.888,0.0,0.672,-0.3,0.764,-0.4,0.648,0.0,0.84,-0.3,0.724,-0.2,0.64
05-01-2026-Fri 12-44-47-PM,0.1,0.876,-0.2,0.892,-0.2,0.672,-0.3,0.764,-0.2,0.648,-0.1,0.84,-0.4,0.72,0.0,0.64
05-01-2026-Fri 12-44-48-PM,-0.1,0.876,-0.5,0.888,0.0,0.672,-0.2,0.764,-0.4,0.644,-0.1,0.84,-0.2,0.724,-0.2,0.644
05-01-2026-Fri 12-44-49-PM,-0.1,0.872,0.0,0.884,0.0,0.672,0.1,0.764,-0.1,0.644,0.2,0.84,-0.3,0.724,0.0,0.644
05-01-2026-Fri 12-44-51-PM,-0.3,0.876,-0.3,0.888,0.0,0.672,-0.4,0.76,-0.3,0.64,0.0,0.836,-0.3,0.72,-0.1,0.644
05-01-2026-Fri 12-44-52-PM,-0.4,0.872,-0.2,0.888,0.1,0.672,-0.2,0.764,-0.3,0.644,-0.1,0.84,-0.3,0.72,-0.3,0.64
05-01-2026-Fri 12-44-54-PM,-0.2,0.872,-0.3,0.888,-0.1,0.672,-0.3,0.764,-0.3,0.644,0.0,0.836,-0.4,0.72,-0.1,0.64
05-01-2026-Fri 12-44-55-PM,0.2,0.872,-0.5,0.888,0.1,0.668,0.0,0.764,-0.2,0.644,0.1,0.836,-0.4,0.72,0.0,0.644
05-01-2026-Fri 12-44-56-PM,-0.1,0.872,-0.3,0.888,-0.3,0.672,-0.2,0.764,-0.2,0.644,-0.1,0.836,-0.3,0.72,-0.2,0.644
05-01-2026-Fri 12-44-58-PM,-0.1,0.872,-0.3,0.888,-0.4,0.672,0.1,0.764,-0.2,0.644,-0.2,0.84,-0.2,0.716,-0.1,0.648
05-01-2026-Fri 12-44-59-PM,-0.3,0.872,-0.2,0.888,-0.2,0.676,0.0,0.764,-0.4,0.644,0.2,0.836,-0.4,0.716,-0.1,0.644
05-01-2026-Fri 12-45-01-PM,-0.2,0.876,-0.1,0.888,-0.2,0.672,0.2,0.764,-0.3,0.644,-0.2,0.836,-0.3,0.72,-0.1,0.644
05-01-2026-Fri 12-45-02-PM,-0.3,0.868,-0.3,0.884,-0.3,0.672,-0.2,0.764,-0.4,0.644,-0.2,0.836,-0.3,0.72,-0.2,0.644
05-01-2026-Fri 12-45-03-PM,-0.3,0.872,-0.2,0.884,-0.3,0.672,-0.3,0.768,-0.5,0.644,-0.2,0.836,-0.2,0.72,-0.3,0.644
05-01-2026-Fri 12-45-05-PM,0.2,0.872,-0.4,0.888,0.0,0.672,0.1,0.764,-0.5,0.64,0.2,0.836,-0.2,0.72,0.1,0.648
05-01-2026-Fri 12-45-06-PM,-0.3,0.872,-0.3,0.884,-0.3,0.672,-0.1,0.764,-0.2,0.644,-0.2,0.836,-0.4,0.72,-0.3,0.648
05-01-2026-Fri 12-45-08-PM,-0.1,0.872,-0.2,0.884,-0.3,0.672,-0.2,0.764,-0.2,0.64,0.1,0.836,-0.4,0.716,-0.2,0.648
05-01-2026-Fri 12-45-09-PM,0.3,0.872,-0.2,0.884,-0.3,0.676,-0.3,0.764,-0.1,0.64,-0.3,0.836,-0.2,0.72,0.0,0.648
05-01-2026-Fri 12-45-10-PM,-0.2,0.872,-0.4,0.884,-0.2,0.676,0.2,0.764,-0.3,0.64,0.1,0.836,-0.4,0.716,-0.1,0.648
05-01-2026-Fri 12-45-12-PM,-0.2,0.872,-0.2,0.884,-0.2,0.676,-0.1,0.768,-0.1,0.644,0.0,0.836,-0.1,0.716,-0.2,0.648
05-01-2026-Fri 12-45-13-PM,-0.1,0.868,-0.5,0.884,-0.2,0.672,-0.1,0.768,-0.4,0.644,-0.3,0.836,-0.3,0.716,0.0,0.648
05-01-2026-Fri 12-45-15-PM,0.0,0.876,-0.3,0.88,0.0,0.672,0.0,0.764,-0.2,0.64,0.2,0.836,-0.1,0.716,-0.3,0.648
05-01-2026-Fri 12-45-16-PM,-0.1,0.872,-0.3,0.884,-0.1,0.676,-0.2,0.768,-0.2,0.64,0.0,0.832,-0.2,0.716,0.0,0.648
05-01-2026-Fri 12-45-17-PM,0.1,0.872,-0.5,0.884,-0.1,0.676,0.0,0.764,-0.1,0.64,-0.1,0.836,0.0,0.712,0.0,0.648
05-01-2026-Fri 12-45-19-PM,0.3,0.872,-0.5,0.884,0.0,0.676,-0.1,0.764,-0.5,0.64,0.1,0.836,-0.6,0.716,0.0,0.648
05-01-2026-Fri 12-45-20-PM,-0.2,0.868,-0.2,0.884,-0.2,0.672,-0.2,0.764,-0.4,0.64,-0.1,0.832,-0.3,0.716,-0.2,0.648
05-01-2026-Fri 12-45-22-PM,-0.1,0.872,-0.1,0.884,-0.2,0.676,0.0,0.768,-0.1,0.64,0.1,0.832,-0.4,0.72,-0.1,0.648
05-01-2026-Fri 12-45-23-PM,-0.1,0.876,0.0,0.884,-0.1,0.672,0.0,0.764,-0.1,0.644,0.1,0.832,-0.3,0.716,0.0,0.648
05-01-2026-Fri 12-45-24-PM,0.1,0.872,-0.2,0.88,0.0,0.676,0.2,0.768,-0.3,0.64,-0.3,0.832,-0.2,0.716,0.0,0.648
05-01-2026-Fri 12-45-26-PM,0.1,0.872,-0.3,0.88,-0.1,0.672,-0.2,0.76,0.0,0.636,-0.2,0.832,-0.1,0.716,0.0,0.648
05-01-2026-Fri 12-45-27-PM,Power On
05-01-2026-Fri 12-45-29-PM,88.3,5.064,96.2,5.064,81.7,5.064,49.6,5.112,56.6,5.056,65.3,5.084,51.2,5.032,69.2,5.04
05-01-2026-Fri 12-45-30-PM,83.7,5.072,93.3,5.068,79.4,5.068,48.0,5.116,54.0,5.06,63.4,5.092,48.8,5.048,67.0,5.052
05-01-2026-Fri 12-45-31-PM,82.3,5.076,91.9,5.076,78.4,5.072,47.8,5.12,53.2,5.068,62.8,5.096,48.0,5.052,66.1,5.052
05-01-2026-Fri 12-45-33-PM,Power Off
05-01-2026-Fri 12-45-35-PM,-0.3,1.904,-0.3,1.992,-0.2,1.948,0.0,1.672,0.0,1.888,-0.4,1.948,-0.2,1.908,-0.1,1.804
05-01-2026-Fri 12-45-36-PM,-0.3,1.796,-0.3,1.908,0.1,1.804,-0.1,1.456,-0.2,1.704,0.0,1.848,-0.3,1.784,0.1,1.56
05-01-2026-Fri 12-45-37-PM,0.1,1.724,-0.3,1.848,0.0,1.672,-0.1,1.348,-0.3,1.528,0.0,1.78,-0.2,1.68,-0.2,1.344
05-01-2026-Fri 12-45-39-PM,-0.1,1.66,-0.3,1.78,-0.1,1.54,0.0,1.268,-0.5,1.36,-0.1,1.712,-0.1,1.568,0.1,1.196
05-01-2026-Fri 12-45-40-PM,-0.2,1.608,-0.3,1.724,-0.2,1.416,-0.2,1.212,-0.2,1.264,-0.2,1.648,0.0,1.46,0.1,1.112
05-01-2026-Fri 12-45-42-PM,-0.2,1.564,-0.4,1.68,-0.1,1.332,0.0,1.176,-0.2,1.204,0.0,1.6,-0.4,1.372,0.2,1.06
05-01-2026-Fri 12-45-43-PM,-0.2,1.524,-0.1,1.636,0.2,1.268,0.1,1.136,-0.1,1.156,-0.2,1.552,-0.1,1.296,-0.2,1.016
05-01-2026-Fri 12-45-44-PM,-0.3,1.48,-0.2,1.584,-0.3,1.204,-0.1,1.104,-0.3,1.112,0.1,1.496,0.1,1.236,0.0,0.98
05-01-2026-Fri 12-45-46-PM,-0.1,1.436,-0.4,1.548,-0.1,1.164,0.0,1.08,-0.2,1.08,0.1,1.452,-0.2,1.196,-0.1,0.952
05-01-2026-Fri 12-45-47-PM,-0.1,1.4,-0.2,1.512,0.0,1.124,-0.2,1.056,-0.3,1.052,-0.1,1.404,0.1,1.16,-0.1,0.928
05-01-2026-Fri 12-45-48-PM,-0.3,1.368,-0.5,1.472,-0.1,1.092,-0.2,1.036,-0.2,1.02,-0.1,1.356,-0.1,1.124,-0.2,0.908
05-01-2026-Fri 12-45-50-PM,-0.2,1.336,-0.3,1.436,0.0,1.06,-0.2,1.016,-0.4,1.0,0.1,1.316,-0.3,1.1,0.0,0.888
05-01-2026-Fri 12-45-51-PM,-0.2,1.304,-0.3,1.4,0.0,1.032,-0.7,1.0,-0.1,0.98,0.0,1.28,-0.1,1.072,-0.1,0.872
05-01-2026-Fri 12-45-53-PM,-0.4,1.272,-0.5,1.368,-0.2,1.008,-0.2,0.988,-0.4,0.96,0.0,1.252,-0.2,1.056,-0.1,0.856
05-01-2026-Fri 12-45-54-PM,-0.4,1.244,-0.1,1.34,0.0,0.992,-0.1,0.972,-0.4,0.943999,0.0,1.224,-0.1,1.036,0.0,0.84
05-01-2026-Fri 12-45-55-PM,-0.1,1.22,-0.5,1.312,-0.2,0.972,-0.3,0.96,-0.3,0.932,-0.1,1.2,0.1,1.016,0.0,0.832
05-01-2026-Fri 12-45-57-PM,-0.1,1.196,-0.1,1.288,-0.1,0.956,-0.1,0.943999,-0.3,0.916,0.2,1.184,-0.1,1.004,0.0,0.82
05-01-2026-Fri 12-46-00-PM,0.1,1.176,-0.1,1.264,-0.1,0.936,-0.2,0.936,-0.4,0.904,-0.1,1.16,-0.2,0.988,-0.1,0.808
05-01-2026-Fri 12-46-02-PM,-0.4,1.144,-0.5,1.224,-0.1,0.908,-0.3,0.92,-0.2,0.88,0.1,1.128,-0.1,0.964,-0.2,0.792
05-01-2026-Fri 12-46-05-PM,-0.1,1.116,-0.2,1.192,-0.2,0.884,0.1,0.9,-0.3,0.86,0.0,1.1,-0.3,0.943999,-0.1,0.776
05-01-2026-Fri 12-46-08-PM,-0.3,1.088,-0.4,1.16,-0.2,0.864,-0.1,0.888,-0.5,0.844,-0.1,1.08,-0.2,0.924,-0.2,0.764
05-01-2026-Fri 12-46-10-PM,-0.1,1.068,-0.2,1.136,-0.3,0.848,-0.3,0.876,-0.5,0.824,0.1,1.056,-0.3,0.908,0.0,0.752
05-01-2026-Fri 12-46-11-PM,-0.1,1.056,0.1,1.12,-0.1,0.836,-0.3,0.872,-0.4,0.82,-0.1,1.048,-0.1,0.9,-0.1,0.748
05-01-2026-Fri 12-46-13-PM,-0.1,1.048,-0.2,1.112,-0.2,0.832,-0.2,0.864,-0.1,0.812,0.0,1.04,0.0,0.892,-0.3,0.744
05-01-2026-Fri 12-46-14-PM,-0.1,1.036,-0.2,1.1,-0.1,0.824,0.0,0.86,-0.1,0.808,0.2,1.028,-0.2,0.884,-0.2,0.736
05-01-2026-Fri 12-46-15-PM,0.0,1.032,-0.2,1.092,-0.1,0.812,-0.1,0.852,-0.6,0.8,-0.3,1.024,-0.3,0.88,-0.3,0.732
05-01-2026-Fri 12-46-17-PM,-0.2,1.028,-0.4,1.08,-0.2,0.812,0.0,0.848,-0.5,0.792,-0.1,1.016,-0.4,0.872,0.0,0.732
05-01-2026-Fri 12-46-18-PM,0.1,1.02,-0.1,1.072,-0.1,0.8,0.0,0.844,-0.4,0.788,0.0,1.008,-0.3,0.868,-0.3,0.724
05-01-2026-Fri 12-46-20-PM,0.1,1.016,-0.4,1.06,-0.2,0.796,-0.2,0.836,-0.3,0.78,-0.1,0.996,-0.2,0.86,-0.3,0.724
05-01-2026-Fri 12-46-21-PM,-0.2,1.0,-0.1,1.052,-0.1,0.792,-0.2,0.832,-0.3,0.776,-0.3,0.988,-0.2,0.852,-0.1,0.716
05-01-2026-Fri 12-46-22-PM,0.1,0.996,-0.2,1.044,-0.2,0.784,-0.1,0.828,-0.4,0.768,-0.1,0.984,0.0,0.848,-0.2,0.712
05-01-2026-Fri 12-46-24-PM,-0.1,0.992,-0.1,1.04,0.1,0.78,0.0,0.824,-0.5,0.764,-0.1,0.98,-0.3,0.844,-0.3,0.712
05-01-2026-Fri 12-46-25-PM,-0.2,0.984,-0.3,1.032,0.0,0.776,-0.1,0.824,-0.7,0.756,-0.1,0.972,-0.2,0.84,-0.1,0.704
05-01-2026-Fri 12-46-27-PM,-0.5,0.98,-0.2,1.028,-0.2,0.768,-0.3,0.816,-0.2,0.752,-0.2,0.968,-0.3,0.836,-0.1,0.7
05-01-2026-Fri 12-46-28-PM,-0.1,0.976,-0.1,1.02,0.0,0.764,0.0,0.812,-0.3,0.748,0.0,0.96,-0.2,0.828,-0.4,0.7
05-01-2026-Fri 12-46-29-PM,-0.2,0.968,-0.3,1.012,-0.1,0.76,-0.1,0.808,-0.5,0.744,-0.2,0.956,-0.4,0.82,-0.3,0.696
05-01-2026-Fri 12-46-31-PM,-0.4,0.96,-0.2,1.008,0.0,0.756,-0.1,0.804,-0.3,0.74,-0.4,0.952,-0.1,0.82,-0.2,0.692
05-01-2026-Fri 12-46-32-PM,-0.3,0.956,-0.5,1.0,-0.4,0.752,-0.2,0.804,-0.5,0.736,0.0,0.948,-0.2,0.816,-0.3,0.688
05-01-2026-Fri 12-46-34-PM,-0.1,0.952,-0.1,0.996,-0.2,0.748,-0.2,0.796,-0.5,0.732,0.0,0.94,-0.2,0.812,0.0,0.688
05-01-2026-Fri 12-46-35-PM,-0.2,0.948,-0.3,0.992,-0.1,0.74,-0.3,0.796,-0.2,0.724,-0.1,0.932,-0.2,0.808,-0.2,0.684
05-01-2026-Fri 12-46-36-PM,-0.3,0.943999,-0.2,0.984,0.1,0.74,-0.4,0.792,-0.5,0.72,0.1,0.932,0.1,0.804,-0.1,0.68
05-01-2026-Fri 12-46-38-PM,-0.2,0.94,-0.2,0.98,0.1,0.736,-0.1,0.792,-0.3,0.72,-0.1,0.928,-0.1,0.796,-0.3,0.68
05-01-2026-Fri 12-46-39-PM,-0.3,0.936,0.1,0.976,-0.1,0.732,-0.1,0.788,-0.2,0.716,-0.1,0.924,-0.3,0.796,-0.2,0.676
05-01-2026-Fri 12-46-41-PM,0.1,0.936,-0.2,0.972,-0.4,0.728,-0.4,0.784,-0.3,0.716,0.2,0.92,-0.1,0.792,-0.4,0.672
05-01-2026-Fri 12-46-42-PM,Power On
05-01-2026-Fri 12-46-43-PM,80.8,5.076,90.8,5.072,77.3,5.076,46.6,5.12,51.0,5.072,60.9,5.1,46.6,5.052,63.0,5.06
05-01-2026-Fri 12-46-45-PM,78.2,5.084,88.4,5.08,75.1,5.084,45.8,5.124,49.4,5.08,59.4,5.104,44.9,5.06,61.0,5.064
05-01-2026-Fri 12-46-46-PM,76.8,5.088,87.3,5.084,74.4,5.084,45.4,5.128,49.4,5.08,59.1,5.108,44.5,5.064,60.6,5.068
05-01-2026-Fri 12-46-48-PM,76.3,5.088,86.6,5.088,73.8,5.088,45.5,5.128,48.8,5.08,58.6,5.108,43.4,5.064,60.0,5.072
05-01-2026-Fri 12-46-49-PM,Power Off
05-01-2026-Fri 12-46-50-PM,-0.2,2.012,-0.3,2.08,-0.1,2.06,-0.2,1.964,-0.2,2.02,0.0,2.06,-0.2,2.032,-0.3,1.988
05-01-2026-Fri 12-46-52-PM,-0.2,1.9,-0.4,1.996,0.2,1.948,0.0,1.768,-0.4,1.896,-0.3,1.96,-0.2,1.916,-0.2,1.848
05-01-2026-Fri 12-46-53-PM,-0.1,1.836,-0.3,1.948,0.0,1.872,0.1,1.596,-0.3,1.808,-0.3,1.896,0.0,1.84,0.0,1.732
05-01-2026-Fri 12-46-54-PM,-0.2,1.78,-0.3,1.904,-0.4,1.796,0.1,1.484,-0.3,1.724,0.0,1.852,-0.1,1.784,0.0,1.62
05-01-2026-Fri 12-46-56-PM,-0.3,1.74,-0.2,1.872,-0.1,1.732,-0.2,1.404,-0.1,1.644,-0.2,1.816,0.0,1.732,0.0,1.52
05-01-2026-Fri 12-46-57-PM,-0.3,1.708,-0.2,1.836,0.1,1.672,-0.2,1.356,-0.1,1.56,-0.2,1.784,0.1,1.68,0.0,1.408
05-01-2026-Fri 12-46-59-PM,0.0,1.68,-0.5,1.808,-0.1,1.612,-0.2,1.312,-0.2,1.476,-0.2,1.752,-0.2,1.636,0.1,1.32
05-01-2026-Fri 12-47-00-PM,0.0,1.644,-0.5,1.776,0.1,1.544,-0.1,1.264,-0.3,1.388,0.0,1.716,-0.1,1.572,-0.2,1.236
05-01-2026-Fri 12-47-01-PM,-0.1,1.62,-0.5,1.752,0.1,1.492,0.0,1.232,-0.5,1.332,-0.2,1.688,0.0,1.528,0.1,1.184
05-01-2026-Fri 12-47-03-PM,0.0,1.592,-0.3,1.724,0.0,1.436,-0.1,1.208,-0.3,1.28,-0.2,1.66,0.0,1.48,-0.1,1.148
05-01-2026-Fri 12-47-04-PM,-0.3,1.572,-0.3,1.696,-0.1,1.388,-0.2,1.184,-0.3,1.248,0.2,1.632,-0.4,1.432,-0.1,1.116
05-01-2026-Fri 12-47-06-PM,-0.2,1.552,-0.3,1.672,0.2,1.344,-0.3,1.16,-0.2,1.216,0.0,1.604,-0.2,1.384,-0.1,1.088
05-01-2026-Fri 12-47-07-PM,Power On
05-01-2026-Fri 12-47-08-PM,77.4,5.088,87.5,5.088,74.8,5.088,45.2,5.132,47.4,5.088,58.9,5.112,43.6,5.068,59.8,5.072
05-01-2026-Fri 12-47-10-PM,Power Off
05-01-2026-Fri 12-47-11-PM,-0.4,2.004,-0.3,2.076,0.1,2.044,0.0,1.92,-0.2,1.996,-0.2,2.052,0.1,2.016,0.0,1.964
05-01-2026-Fri 12-47-13-PM,-0.5,1.892,-0.6,1.992,-0.1,1.932,0.1,1.72,-0.1,1.856,-0.1,1.952,-0.2,1.896,0.1,1.796
05-01-2026-Fri 12-47-14-PM,-0.4,1.828,-0.3,1.948,-0.2,1.844,-0.1,1.572,-0.5,1.748,-0.1,1.892,-0.3,1.82,0.1,1.668
05-01-2026-Fri 12-47-15-PM,-0.2,1.78,-0.3,1.904,0.0,1.764,-0.1,1.484,-0.3,1.66,0.0,1.852,-0.2,1.752,-0.1,1.556
05-01-2026-Fri 12-47-17-PM,0.1,1.736,-0.4,1.864,-0.1,1.692,0.1,1.416,-0.4,1.568,0.0,1.808,-0.1,1.688,0.2,1.444
05-01-2026-Fri 12-47-18-PM,-0.2,1.704,-0.5,1.836,-0.1,1.632,-0.1,1.364,-0.3,1.488,0.3,1.772,-0.1,1.632,0.1,1.36
05-01-2026-Fri 12-47-20-PM,-0.1,1.676,-0.4,1.804,-0.1,1.576,-0.5,1.324,-0.3,1.424,-0.1,1.744,-0.3,1.588,0.1,1.292
05-01-2026-Fri 12-47-21-PM,-0.2,1.648,-0.1,1.776,-0.2,1.528,-0.2,1.292,-0.2,1.372,-0.2,1.712,0.1,1.54,-0.2,1.244
05-01-2026-Fri 12-47-22-PM,-0.3,1.62,-0.5,1.752,-0.1,1.48,0.1,1.26,-0.5,1.328,0.1,1.68,-0.2,1.496,0.0,1.2
05-01-2026-Fri 12-47-24-PM,Power On
05-01-2026-Fri 12-47-25-PM,75.6,5.092,85.8,5.092,73.3,5.092,44.5,5.136,46.4,5.088,57.7,5.112,42.7,5.068,58.3,5.076
05-01-2026-Fri 12-47-26-PM,73.9,5.096,84.2,5.096,71.8,5.096,44.4,5.136,46.1,5.092,56.5,5.116,42.1,5.072,57.3,5.08
05-01-2026-Fri 12-47-28-PM,73.3,5.096,83.6,5.1,71.3,5.1,44.3,5.14,46.0,5.092,56.1,5.12,42.2,5.072,56.6,5.084
05-01-2026-Fri 12-47-29-PM,Power Off
05-01-2026-Fri 12-47-31-PM,-0.2,2.06,-0.2,2.108,-0.2,2.072,0.0,2.0,-0.3,2.028,-0.2,2.088,-0.2,2.056,-0.3,2.028
05-01-2026-Fri 12-47-32-PM,-0.3,1.956,-0.2,2.036,-0.2,1.988,0.0,1.868,-0.1,1.932,-0.1,2.004,-0.4,1.96,-0.2,1.92
05-01-2026-Fri 12-47-33-PM,-0.3,1.892,-0.4,1.988,-0.2,1.92,-0.2,1.756,-0.3,1.868,-0.2,1.948,-0.1,1.9,-0.1,1.836
05-01-2026-Fri 12-47-35-PM,-0.3,1.844,-0.2,1.952,-0.1,1.868,-0.2,1.64,-0.3,1.812,-0.1,1.912,-0.2,1.844,-0.1,1.756
05-01-2026-Fri 12-47-36-PM,-0.3,1.808,-0.3,1.92,0.0,1.816,0.0,1.548,-0.5,1.748,0.0,1.876,-0.2,1.804,-0.1,1.688
05-01-2026-Fri 12-47-38-PM,-0.2,1.776,-0.3,1.892,0.1,1.772,-0.2,1.48,-0.2,1.692,0.0,1.848,-0.2,1.772,0.2,1.62
05-01-2026-Fri 12-47-39-PM,-0.1,1.748,-0.2,1.864,0.0,1.724,0.0,1.42,-0.1,1.64,0.0,1.82,-0.1,1.732,0.0,1.556
05-01-2026-Fri 12-47-40-PM,-0.1,1.72,-0.1,1.844,-0.1,1.684,-0.3,1.38,-0.2,1.592,-0.1,1.8,-0.3,1.692,-0.3,1.488
05-01-2026-Fri 12-47-42-PM,0.0,1.7,-0.3,1.82,-0.1,1.64,-0.1,1.344,-0.1,1.54,-0.1,1.78,-0.3,1.66,-0.1,1.424
05-01-2026-Fri 12-47-43-PM,-0.3,1.676,0.0,1.8,-0.3,1.608,-0.1,1.312,-0.2,1.492,0.0,1.76,-0.1,1.624,-0.1,1.368
05-01-2026-Fri 12-47-45-PM,-0.1,1.66,-0.2,1.78,-0.3,1.568,-0.2,1.284,-0.1,1.44,0.2,1.736,0.0,1.592,0.1,1.316
05-01-2026-Fri 12-47-46-PM,-0.2,1.64,-0.2,1.764,-0.1,1.536,-0.3,1.26,-0.2,1.396,0.0,1.72,-0.2,1.56,-0.2,1.272
05-01-2026-Fri 12-47-48-PM,-0.1,1.624,-0.4,1.744,-0.1,1.504,-0.2,1.24,-0.2,1.36,-0.1,1.704,-0.3,1.532,-0.1,1.24
05-01-2026-Fri 12-47-49-PM,-0.3,1.608,-0.4,1.728,-0.3,1.468,-0.1,1.22,-0.1,1.324,-0.1,1.684,-0.4,1.5,-0.1,1.208
05-01-2026-Fri 12-47-50-PM,Power On
05-01-2026-Fri 12-47-52-PM,74.7,5.1,84.7,5.1,72.4,5.1,44.0,5.132,45.3,5.096,56.2,5.12,42.0,5.072,57.3,5.08
05-01-2026-Fri 12-47-53-PM,72.8,5.1,82.9,5.1,71.0,5.1,43.6,5.14,44.7,5.096,55.2,5.124,41.2,5.08,55.6,5.084
05-01-2026-Fri 12-47-55-PM,71.9,5.104,82.3,5.104,70.5,5.1,43.5,5.14,44.8,5.1,54.4,5.12,41.0,5.08,55.0,5.088
05-01-2026-Fri 12-47-56-PM,Power Off
05-01-2026-Fri 12-47-57-PM,-0.2,2.108,-0.1,2.144,-0.1,2.112,0.1,2.04,-0.3,2.068,-0.1,2.124,-0.3,2.096,0.0,2.076
05-01-2026-Fri 12-47-59-PM,-0.2,1.992,-0.3,2.064,-0.2,2.02,-0.1,1.928,-0.2,1.972,0.0,2.032,-0.1,1.996,0.0,1.964
05-01-2026-Fri 12-48-00-PM,0.0,1.928,-0.3,2.016,0.0,1.956,0.0,1.824,-0.3,1.908,0.0,1.984,-0.3,1.936,0.0,1.888
05-01-2026-Fri 12-48-02-PM,-0.1,1.876,-0.6,1.976,0.2,1.904,-0.1,1.732,-0.2,1.856,-0.1,1.94,-0.3,1.888,0.0,1.824
05-01-2026-Fri 12-48-03-PM,-0.3,1.836,-0.3,1.948,0.3,1.856,-0.2,1.656,-0.2,1.808,0.2,1.908,-0.3,1.844,-0.3,1.768
05-01-2026-Fri 12-48-04-PM,-0.1,1.804,-0.4,1.916,-0.1,1.816,-0.2,1.572,-0.1,1.76,0.2,1.88,-0.4,1.812,0.2,1.708
05-01-2026-Fri 12-48-06-PM,0.1,1.776,-0.5,1.892,0.2,1.78,0.0,1.504,-0.3,1.712,-0.1,1.848,-0.1,1.772,-0.3,1.652
05-01-2026-Fri 12-48-07-PM,-0.2,1.756,-0.2,1.868,0.0,1.74,-0.3,1.452,-0.1,1.668,-0.1,1.832,0.0,1.744,-0.1,1.604
05-01-2026-Fri 12-48-09-PM,-0.4,1.732,-0.3,1.852,-0.1,1.708,0.0,1.412,-0.2,1.624,-0.2,1.812,0.0,1.716,-0.1,1.556
05-01-2026-Fri 12-48-10-PM,-0.3,1.712,-0.1,1.828,-0.1,1.668,-0.3,1.376,0.0,1.588,0.3,1.792,-0.2,1.688,-0.1,1.504
05-01-2026-Fri 12-48-11-PM,-0.2,1.692,-0.1,1.808,0.0,1.64,0.0,1.344,-0.3,1.548,0.0,1.776,-0.3,1.656,-0.1,1.456
05-01-2026-Fri 12-48-13-PM,-0.2,1.676,-0.3,1.792,-0.1,1.608,-0.1,1.316,-0.3,1.508,0.0,1.756,-0.3,1.628,0.1,1.408
05-01-2026-Fri 12-48-14-PM,-0.2,1.656,-0.3,1.776,-0.1,1.572,-0.1,1.288,-0.3,1.46,-0.1,1.74,-0.3,1.596,-0.1,1.352
05-01-2026-Fri 12-48-16-PM,-0.2,1.64,-0.4,1.756,-0.2,1.54,-0.1,1.264,-0.3,1.424,-0.2,1.724,-0.1,1.572,0.0,1.316
05-01-2026-Fri 12-48-17-PM,-0.2,1.624,-0.4,1.736,0.0,1.52,0.0,1.244,-0.1,1.388,0.1,1.704,-0.1,1.548,0.1,1.284
05-01-2026-Fri 12-48-18-PM,0.0,1.612,-0.1,1.728,-0.3,1.496,0.0,1.228,-0.5,1.36,0.2,1.696,0.1,1.528,0.2,1.256
05-01-2026-Fri 12-48-20-PM,-0.4,1.6,-0.1,1.712,0.0,1.468,-0.1,1.212,-0.2,1.332,-0.1,1.684,-0.3,1.5,0.0,1.228
05-01-2026-Fri 12-48-21-PM,-0.1,1.588,-0.3,1.7,-0.2,1.448,-0.2,1.196,-0.2,1.304,-0.2,1.668,0.2,1.476,-0.2,1.204
05-01-2026-Fri 12-48-24-PM,0.1,1.572,-0.4,1.684,0.1,1.424,-0.4,1.18,-0.2,1.28,-0.2,1.652,-0.2,1.448,-0.2,1.176
05-01-2026-Fri 12-48-27-PM,-0.1,1.556,-0.3,1.656,-0.2,1.38,-0.2,1.152,-0.1,1.24,-0.1,1.628,-0.1,1.404,0.1,1.148
05-01-2026-Fri 12-48-29-PM,-0.2,1.532,-0.2,1.628,-0.1,1.336,0.0,1.132,-0.2,1.204,0.0,1.596,0.0,1.36,0.1,1.12
05-01-2026-Fri 12-48-32-PM,-0.2,1.504,-0.1,1.604,0.0,1.304,-0.1,1.112,-0.5,1.176,0.0,1.572,0.0,1.312,0.0,1.096
05-01-2026-Fri 12-48-35-PM,Power On
05-01-2026-Fri 12-48-38-PM,71.6,5.104,81.2,5.104,69.6,5.104,42.9,5.144,43.7,5.104,53.8,5.124,39.9,5.084,54.0,5.092
05-01-2026-Fri 12-48-41-PM,Power Off
05-01-2026-Fri 12-48-44-PM,-0.2,2.008,-0.3,2.076,0.1,2.036,-0.1,1.952,0.0,1.984,0.1,2.044,0.0,2.008,0.0,1.984
05-01-2026-Fri 12-48-45-PM,Power On
05-01-2026-Fri 12-48-48-PM,69.5,5.112,79.3,5.108,68.0,5.112,42.7,5.148,42.6,5.108,52.5,5.128,39.2,5.092,52.6,5.096
05-01-2026-Fri 12-48-51-PM,69.9,5.144,79.4,5.144,68.5,5.144,43.4,5.176,43.0,5.14,52.9,5.16,39.2,5.124,52.8,5.128
05-01-2026-Fri 12-48-54-PM,0.2,2.16,-0.2,2.176,-0.2,2.148,-0.1,2.084,-0.3,2.116,-0.1,2.168,-0.1,2.152,0.1,2.14
05-01-2026-Fri 12-48-56-PM,-0.3,1.98,-0.3,2.056,0.0,2.008,-0.1,1.928,-0.5,1.968,0.2,2.028,-0.4,1.992,-0.1,1.968
05-01-2026-Fri 12-48-58-PM,-0.1,1.888,-0.6,1.984,0.1,1.924,-0.2,1.8,-0.1,1.888,0.0,1.952,-0.2,1.908,0.0,1.872
05-01-2026-Fri 12-49-00-PM,-0.1,1.86,-0.2,1.96,0.0,1.892,-0.4,1.748,-0.6,1.852,0.0,1.932,-0.1,1.88,0.0,1.836
05-01-2026-Fri 12-49-01-PM,-0.2,1.836,-0.2,1.936,0.0,1.86,-0.1,1.696,-0.6,1.824,0.0,1.908,-0.4,1.852,0.1,1.804
05-01-2026-Fri 12-49-03-PM,-0.1,1.808,-0.4,1.912,0.0,1.832,0.0,1.64,-0.2,1.792,0.0,1.884,-0.1,1.824,-0.4,1.768
05-01-2026-Fri 12-49-04-PM,-0.2,1.788,-0.3,1.9,0.0,1.808,-0.2,1.592,-0.1,1.768,0.0,1.864,-0.1,1.804,-0.1,1.736
05-01-2026-Fri 12-49-05-PM,-0.3,1.772,-0.1,1.88,-0.4,1.78,-0.1,1.544,-0.2,1.744,-0.2,1.848,-0.2,1.784,0.0,1.708
05-01-2026-Fri 12-49-07-PM,-0.3,1.752,-0.4,1.856,-0.1,1.756,0.0,1.5,-0.4,1.72,-0.1,1.832,-0.1,1.768,0.0,1.672
05-01-2026-Fri 12-49-08-PM,-0.4,1.736,-0.1,1.84,0.0,1.732,-0.3,1.464,-0.2,1.688,0.0,1.816,-0.1,1.748,-0.2,1.644
05-01-2026-Fri 12-49-09-PM,0.2,1.724,-0.3,1.828,-0.1,1.712,-0.1,1.432,-0.3,1.664,0.0,1.804,-0.3,1.728,-0.2,1.616
05-01-2026-Fri 12-49-11-PM,-0.2,1.708,-0.3,1.812,0.0,1.688,-0.1,1.4,-0.5,1.644,-0.2,1.792,-0.3,1.708,0.2,1.588
05-01-2026-Fri 12-49-12-PM,-0.4,1.696,-0.1,1.8,-0.1,1.668,-0.1,1.376,-0.3,1.62,-0.1,1.78,-0.4,1.696,-0.2,1.564
05-01-2026-Fri 12-49-14-PM,0.1,1.684,-0.2,1.784,0.0,1.648,-0.4,1.348,0.0,1.596,0.1,1.768,-0.3,1.676,0.0,1.536
05-01-2026-Fri 12-49-15-PM,-0.3,1.672,-0.3,1.776,-0.1,1.628,-0.2,1.328,-0.5,1.572,-0.2,1.756,-0.2,1.656,0.0,1.508
05-01-2026-Fri 12-49-16-PM,-0.1,1.66,-0.3,1.76,0.0,1.608,0.0,1.304,-0.3,1.552,0.1,1.744,0.0,1.64,-0.2,1.484
05-01-2026-Fri 12-49-18-PM,-0.1,1.648,-0.1,1.748,0.0,1.592,-0.2,1.288,-0.4,1.528,0.0,1.732,-0.2,1.624,0.0,1.456
05-01-2026-Fri 12-49-19-PM,-0.2,1.64,-0.3,1.736,-0.2,1.572,-0.2,1.268,-0.3,1.504,0.0,1.724,-0.1,1.608,0.1,1.428
05-01-2026-Fri 12-49-21-PM,-0.1,1.628,-0.2,1.728,0.2,1.556,-0.1,1.252,-0.2,1.48,-0.2,1.716,-0.1,1.592,-0.1,1.4
05-01-2026-Fri 12-49-22-PM,-0.2,1.62,-0.3,1.716,0.0,1.54,0.1,1.24,-0.1,1.456,0.0,1.7,-0.4,1.572,0.0,1.372
05-01-2026-Fri 12-49-23-PM,-0.1,1.608,-0.1,1.704,-0.1,1.52,-0.1,1.224,-0.5,1.432,0.1,1.696,0.1,1.556,-0.2,1.352
05-01-2026-Fri 12-49-25-PM,-0.2,1.596,-0.3,1.696,0.1,1.504,0.0,1.212,-0.3,1.408,-0.2,1.688,-0.3,1.54,-0.2,1.324
05-01-2026-Fri 12-49-26-PM,0.1,1.588,-0.2,1.684,0.0,1.492,0.1,1.2,-0.5,1.388,0.1,1.676,-0.1,1.528,-0.1,1.304
05-01-2026-Fri 12-49-28-PM,-0.3,1.576,-0.1,1.676,-0.2,1.472,0.0,1.184,-0.2,1.36,0.1,1.668,-0.3,1.508,0.0,1.276
05-01-2026-Fri 12-49-29-PM,-0.1,1.568,-0.2,1.664,0.0,1.456,0.0,1.172,-0.5,1.344,-0.1,1.66,-0.1,1.492,-0.2,1.26
05-01-2026-Fri 12-49-31-PM,-0.1,1.56,-0.1,1.656,-0.1,1.444,0.0,1.164,-0.2,1.324,-0.2,1.648,-0.2,1.48,-0.1,1.24
05-01-2026-Fri 12-49-32-PM,-0.1,1.552,-0.2,1.644,-0.4,1.428,-0.3,1.152,-0.1,1.304,0.0,1.64,-0.2,1.464,0.0,1.224
05-01-2026-Fri 12-49-34-PM,-0.1,1.548,-0.3,1.632,0.1,1.416,-0.3,1.144,-0.1,1.288,0.1,1.628,0.1,1.448,-0.2,1.204
05-01-2026-Fri 12-49-35-PM,0.2,1.536,-0.2,1.628,-0.2,1.4,-0.3,1.136,-0.5,1.272,-0.2,1.624,-0.1,1.432,-0.2,1.192
05-01-2026-Fri 12-49-36-PM,-0.1,1.528,-0.4,1.616,-0.2,1.384,-0.3,1.128,-0.3,1.256,0.1,1.616,-0.1,1.42,0.1,1.18
05-01-2026-Fri 12-49-38-PM,-0.4,1.52,-0.5,1.608,-0.2,1.372,-0.3,1.12,-0.1,1.24,-0.1,1.608,-0.3,1.404,-0.2,1.164
05-01-2026-Fri 12-49-39-PM,-0.2,1.516,-0.3,1.604,-0.2,1.364,-0.1,1.112,-0.2,1.228,0.0,1.6,-0.2,1.388,0.0,1.16
05-01-2026-Fri 12-49-41-PM,-0.1,1.508,-0.5,1.592,-0.1,1.352,-0.2,1.104,-0.3,1.216,-0.1,1.592,0.0,1.372,0.0,1.144
05-01-2026-Fri 12-49-42-PM,0.1,1.5,0.0,1.58,0.0,1.34,0.2,1.096,-0.2,1.204,0.1,1.584,0.2,1.36,-0.1,1.136
05-01-2026-Fri 12-49-43-PM,-0.1,1.488,-0.3,1.576,-0.2,1.328,-0.1,1.092,-0.2,1.196,0.0,1.576,-0.4,1.348,-0.1,1.124
05-01-2026-Fri 12-49-45-PM,-0.1,1.484,0.0,1.564,-0.1,1.316,-0.2,1.084,-0.2,1.18,-0.3,1.568,-0.3,1.332,-0.2,1.116
05-01-2026-Fri 12-49-46-PM,-0.2,1.476,-0.3,1.56,-0.3,1.308,0.1,1.076,-0.3,1.172,0.0,1.56,-0.2,1.316,-0.1,1.104
05-01-2026-Fri 12-49-48-PM,-0.2,1.468,-0.2,1.548,-0.1,1.296,-0.1,1.072,-0.1,1.16,-0.1,1.552,0.0,1.3,-0.1,1.1
05-01-2026-Fri 12-49-49-PM,0.2,1.46,-0.2,1.54,-0.1,1.288,-0.1,1.064,-0.1,1.156,-0.2,1.544,-0.3,1.292,0.1,1.088
05-01-2026-Fri 12-49-50-PM,0.0,1.452,0.1,1.536,-0.1,1.276,0.0,1.06,-0.1,1.144,0.1,1.54,-0.3,1.28,0.0,1.08
05-01-2026-Fri 12-49-52-PM,0.1,1.444,-0.2,1.528,-0.2,1.264,-0.1,1.052,-0.4,1.136,0.0,1.528,-0.3,1.264,0.0,1.072
05-01-2026-Fri 12-49-53-PM,-0.1,1.436,0.1,1.516,-0.1,1.252,-0.1,1.048,-0.5,1.128,-0.2,1.52,-0.2,1.256,-0.2,1.064
05-01-2026-Fri 12-49-55-PM,-0.1,1.428,0.0,1.508,-0.1,1.244,0.0,1.044,-0.5,1.12,0.0,1.516,0.0,1.244,0.0,1.06
05-01-2026-Fri 12-49-56-PM,-0.1,1.42,0.2,1.504,-0.2,1.232,-0.1,1.032,-0.3,1.108,-0.1,1.508,-0.3,1.228,-0.2,1.052
05-01-2026-Fri 12-49-57-PM,-0.1,1.416,-0.4,1.496,-0.1,1.228,0.0,1.032,-0.5,1.104,-0.1,1.5,0.0,1.22,0.0,1.044
05-01-2026-Fri 12-49-59-PM,0.0,1.404,-0.4,1.488,0.0,1.216,-0.1,1.028,-0.3,1.096,0.1,1.496,-0.1,1.212,0.0,1.04
05-01-2026-Fri 12-50-00-PM,-0.1,1.4,-0.4,1.484,0.0,1.212,-0.2,1.024,-0.2,1.092,0.0,1.488,0.0,1.2,0.0,1.032
05-01-2026-Fri 12-50-02-PM,0.1,1.392,-0.4,1.476,0.1,1.2,-0.2,1.02,-0.3,1.084,-0.1,1.484,-0.3,1.192,0.0,1.028
05-01-2026-Fri 12-50-04-PM,-0.1,1.384,-0.3,1.468,0.0,1.192,0.0,1.012,-0.5,1.076,-0.1,1.472,-0.1,1.184,0.0,1.02
05-01-2026-Fri 12-50-05-PM,-0.2,1.376,-0.1,1.46,-0.2,1.184,0.1,1.008,-0.2,1.068,-0.3,1.464,-0.3,1.172,-0.2,1.012
05-01-2026-Fri 12-50-06-PM,Power On
05-01-2026-Fri 12-50-08-PM,70.8,5.108,80.1,5.112,68.5,5.112,42.4,5.148,41.8,5.108,52.9,5.132,37.6,5.092,52.3,5.1
05-01-2026-Fri 12-50-09-PM,69.2,5.116,77.8,5.116,66.9,5.116,41.8,5.152,41.0,5.112,51.8,5.136,36.9,5.096,51.3,5.104
05-01-2026-Fri 12-50-10-PM,67.9,5.12,77.2,5.116,65.6,5.116,41.1,5.156,40.7,5.112,50.7,5.136,36.0,5.096,50.5,5.108
05-01-2026-Fri 12-50-12-PM,67.2,5.12,76.3,5.12,64.8,5.116,40.8,5.156,40.3,5.12,50.2,5.14,36.1,5.104,49.9,5.108
05-01-2026-Fri 12-50-13-PM,66.7,5.12,75.7,5.124,64.3,5.12,41.2,5.16,40.2,5.116,49.5,5.14,35.6,5.104,49.3,5.108
05-01-2026-Fri 12-50-15-PM,Power Off
05-01-2026-Fri 12-50-16-PM,-0.3,2.168,-0.3,2.192,-0.1,2.18,-0.3,2.124,-0.2,2.156,0.1,2.192,-0.3,2.172,0.0,2.164
05-01-2026-Fri 12-50-17-PM,-0.1,2.052,-0.3,2.112,-0.2,2.088,-0.1,2.028,-0.1,2.056,-0.2,2.096,-0.1,2.064,-0.2,2.056
05-01-2026-Fri 12-50-19-PM,0.1,1.98,-0.3,2.064,-0.2,2.028,-0.2,1.956,-0.2,1.988,-0.1,2.036,-0.3,2.0,0.2,1.984
05-01-2026-Fri 12-50-20-PM,-0.2,1.932,-0.3,2.028,0.2,1.984,0.0,1.904,-0.4,1.944,0.0,1.996,-0.2,1.956,-0.1,1.936
05-01-2026-Fri 12-50-22-PM,-0.1,1.896,-0.3,2.0,-0.1,1.944,-0.4,1.852,0.0,1.908,-0.2,1.964,-0.3,1.916,-0.1,1.892
05-01-2026-Fri 12-50-23-PM,-0.2,1.868,-0.1,1.976,-0.1,1.912,-0.1,1.804,-0.3,1.872,-0.2,1.94,-0.1,1.888,-0.1,1.86
05-01-2026-Fri 12-50-24-PM,-0.3,1.836,-0.1,1.948,-0.2,1.88,-0.3,1.756,-0.4,1.844,0.0,1.912,-0.4,1.86,0.1,1.824
05-01-2026-Fri 12-50-26-PM,0.1,1.816,-0.3,1.928,-0.2,1.852,-0.1,1.712,-0.2,1.82,0.0,1.892,-0.2,1.836,0.2,1.796
05-01-2026-Fri 12-50-27-PM,-0.3,1.796,-0.2,1.908,-0.2,1.828,0.0,1.672,-0.1,1.792,0.3,1.872,-0.3,1.816,0.1,1.768
05-01-2026-Fri 12-50-29-PM,-0.1,1.772,-0.5,1.892,0.0,1.804,0.1,1.628,-0.4,1.764,-0.1,1.856,-0.1,1.792,-0.1,1.74
05-01-2026-Fri 12-50-30-PM,-0.5,1.756,-0.3,1.872,0.0,1.784,-0.3,1.592,-0.2,1.744,0.0,1.84,-0.2,1.772,0.1,1.716
05-01-2026-Fri 12-50-32-PM,-0.2,1.736,-0.1,1.848,0.1,1.756,-0.1,1.544,0.0,1.716,-0.1,1.824,0.1,1.748,0.0,1.68
05-01-2026-Fri 12-50-33-PM,0.1,1.72,-0.4,1.836,0.0,1.736,-0.4,1.508,-0.2,1.692,-0.1,1.808,-0.2,1.732,-0.1,1.652
05-01-2026-Fri 12-50-34-PM,-0.1,1.704,-0.3,1.82,-0.1,1.716,-0.2,1.472,-0.6,1.664,-0.2,1.796,-0.1,1.72,-0.4,1.628
05-01-2026-Fri 12-50-36-PM,-0.4,1.696,-0.2,1.808,-0.3,1.696,-0.1,1.448,-0.2,1.648,-0.3,1.784,-0.5,1.7,0.1,1.604
05-01-2026-Fri 12-50-37-PM,0.1,1.684,-0.4,1.796,-0.3,1.684,-0.1,1.42,-0.3,1.624,0.0,1.772,-0.1,1.68,-0.2,1.588
05-01-2026-Fri 12-50-39-PM,-0.2,1.672,-0.3,1.784,0.0,1.664,-0.3,1.396,-0.3,1.604,-0.2,1.76,-0.6,1.668,0.1,1.56
05-01-2026-Fri 12-50-40-PM,-0.2,1.66,-0.3,1.772,-0.1,1.644,-0.2,1.372,-0.6,1.584,0.2,1.748,0.2,1.652,0.1,1.54
05-01-2026-Fri 12-50-41-PM,-0.1,1.652,-0.4,1.76,-0.3,1.628,-0.3,1.352,-0.3,1.564,-0.2,1.736,-0.3,1.636,0.1,1.52
05-01-2026-Fri 12-50-43-PM,-0.1,1.636,-0.1,1.748,-0.1,1.612,0.0,1.332,0.0,1.548,-0.1,1.728,-0.3,1.62,-0.1,1.496
05-01-2026-Fri 12-50-44-PM,-0.2,1.628,-0.2,1.736,-0.1,1.6,-0.1,1.316,-0.1,1.532,-0.2,1.72,0.1,1.608,0.1,1.476
05-01-2026-Fri 12-50-46-PM,-0.1,1.616,-0.2,1.724,0.1,1.58,-0.3,1.296,-0.4,1.512,-0.1,1.708,-0.2,1.592,-0.1,1.456
05-01-2026-Fri 12-50-49-PM,-0.2,1.6,-0.2,1.704,0.0,1.552,-0.3,1.268,-0.3,1.476,0.2,1.692,-0.1,1.564,0.0,1.412
05-01-2026-Fri 12-50-51-PM,68.5,5.116,77.1,5.116,65.8,5.116,41.3,5.152,40.0,5.116,50.4,5.132,35.5,5.096,50.0,5.104
05-01-2026-Fri 12-50-54-PM,Power Off
05-01-2026-Fri 12-50-57-PM,-0.2,2.04,-0.3,2.1,0.0,2.06,-0.4,1.988,-0.2,2.016,-0.1,2.072,0.0,2.032,-0.2,2.024
05-01-2026-Fri 12-50-58-PM,-0.2,1.952,-0.3,2.04,0.2,1.988,-0.3,1.892,-0.5,1.936,-0.1,2.004,-0.3,1.952,-0.1,1.932
05-01-2026-Fri 12-51-00-PM,-0.3,1.912,-0.2,2.008,0.1,1.948,0.0,1.824,-0.6,1.892,0.1,1.968,-0.4,1.912,-0.2,1.888
05-01-2026-Fri 12-51-01-PM,-0.2,1.876,-0.5,1.976,-0.1,1.908,-0.2,1.772,-0.1,1.852,0.2,1.936,-0.2,1.88,-0.2,1.844
05-01-2026-Fri 12-51-02-PM,-0.2,1.844,-0.3,1.952,-0.1,1.872,-0.4,1.72,-0.2,1.824,-0.3,1.912,-0.1,1.848,0.0,1.812
05-01-2026-Fri 12-51-04-PM,-0.3,1.82,-0.2,1.928,-0.2,1.844,-0.2,1.68,-0.2,1.792,0.1,1.888,-0.3,1.824,0.0,1.772
05-01-2026-Fri 12-51-05-PM,-0.2,1.8,-0.1,1.908,-0.2,1.82,-0.3,1.636,-0.1,1.764,-0.1,1.868,-0.3,1.796,0.0,1.744
05-01-2026-Fri 12-51-07-PM,0.1,1.776,-0.2,1.884,0.0,1.792,0.1,1.592,-0.1,1.728,0.0,1.848,0.0,1.772,0.0,1.708
05-01-2026-Fri 12-51-08-PM,-0.1,1.756,-0.3,1.868,-0.2,1.768,0.0,1.556,-0.2,1.704,0.1,1.832,-0.4,1.756,0.0,1.676
05-01-2026-Fri 12-51-09-PM,-0.3,1.744,-0.2,1.848,-0.2,1.744,0.0,1.52,0.2,1.676,0.1,1.82,-0.3,1.732,-0.3,1.648
05-01-2026-Fri 12-51-11-PM,-0.3,1.724,-0.2,1.832,0.0,1.72,-0.1,1.488,-0.3,1.652,-0.2,1.804,0.1,1.716,-0.2,1.624
05-01-2026-Fri 12-51-12-PM,-0.1,1.712,-0.3,1.816,-0.1,1.7,-0.2,1.46,-0.3,1.632,0.0,1.788,-0.3,1.696,-0.3,1.596
05-01-2026-Fri 12-51-14-PM,-0.2,1.696,-0.2,1.8,-0.1,1.684,0.0,1.432,0.0,1.604,0.2,1.776,-0.1,1.68,0.1,1.572
05-01-2026-Fri 12-51-15-PM,-0.1,1.688,-0.6,1.788,0.0,1.664,-0.1,1.408,-0.5,1.588,-0.1,1.764,0.1,1.66,0.2,1.552
05-01-2026-Fri 12-51-16-PM,-0.2,1.672,-0.4,1.776,-0.3,1.64,0.1,1.388,-0.2,1.568,-0.2,1.752,-0.3,1.644,-0.1,1.528
05-01-2026-Fri 12-51-18-PM,0.1,1.66,-0.3,1.764,-0.2,1.628,-0.1,1.368,-0.2,1.548,-0.2,1.744,-0.1,1.624,-0.1,1.508
05-01-2026-Fri 12-51-19-PM,-0.4,1.652,-0.1,1.752,-0.1,1.612,-0.1,1.344,-0.3,1.532,0.1,1.732,-0.2,1.612,-0.2,1.488
05-01-2026-Fri 12-51-20-PM,-0.5,1.64,-0.2,1.744,0.0,1.592,-0.3,1.328,-0.3,1.512,0.0,1.724,0.1,1.596,0.0,1.468
05-01-2026-Fri 12-51-22-PM,-0.1,1.632,-0.3,1.728,-0.1,1.576,0.0,1.312,-0.2,1.5,0.1,1.712,-0.3,1.58,-0.1,1.444
05-01-2026-Fri 12-51-23-PM,-0.2,1.624,0.1,1.716,-0.1,1.564,0.0,1.296,-0.4,1.48,-0.2,1.704,0.0,1.568,-0.2,1.424
05-01-2026-Fri 12-51-25-PM,-0.1,1.612,-0.2,1.704,-0.2,1.552,0.1,1.28,-0.2,1.464,-0.1,1.7,-0.3,1.556,-0.1,1.404
05-01-2026-Fri 12-51-26-PM,-0.3,1.604,-0.4,1.7,-0.2,1.54,0.0,1.268,-0.2,1.444,0.2,1.688,0.0,1.544,-0.2,1.388
05-01-2026-Fri 12-51-27-PM,-0.3,1.596,0.0,1.692,-0.1,1.524,0.0,1.256,0.1,1.432,0.0,1.68,-0.2,1.528,-0.1,1.372
05-01-2026-Fri 12-51-29-PM,-0.1,1.588,-0.3,1.68,-0.1,1.512,-0.3,1.248,-0.1,1.412,-0.1,1.672,0.0,1.516,-0.2,1.356
05-01-2026-Fri 12-51-30-PM,-0.3,1.58,-0.3,1.676,-0.4,1.5,-0.1,1.232,0.0,1.4,-0.1,1.668,0.0,1.504,-0.1,1.34
05-01-2026-Fri 12-51-32-PM,-0.1,1.572,-0.5,1.664,0.0,1.488,0.0,1.22,-0.3,1.384,0.0,1.656,-0.2,1.496,0.0,1.32
05-01-2026-Fri 12-51-33-PM,-0.2,1.564,-0.1,1.656,-0.2,1.476,-0.4,1.212,-0.4,1.368,0.2,1.648,-0.2,1.48,-0.2,1.308
05-01-2026-Fri 12-51-35-PM,-0.2,1.556,-0.3,1.648,-0.1,1.468,-0.3,1.2,-0.6,1.352,0.3,1.644,-0.1,1.472,0.1,1.292
05-01-2026-Fri 12-51-36-PM,-0.1,1.552,-0.3,1.644,0.0,1.46,-0.1,1.192,-0.4,1.34,-0.1,1.632,0.1,1.46,0.0,1.28
05-01-2026-Fri 12-51-37-PM,0.1,1.54,-0.1,1.632,0.0,1.444,-0.2,1.18,-0.5,1.324,-0.1,1.624,0.0,1.444,0.0,1.26
05-01-2026-Fri 12-51-39-PM,-0.2,1.532,-0.3,1.624,-0.1,1.432,-0.2,1.172,0.0,1.312,0.0,1.62,-0.1,1.436,-0.1,1.252
05-01-2026-Fri 12-51-40-PM,-0.4,1.528,-0.3,1.616,-0.3,1.428,-0.2,1.164,-0.3,1.3,-0.1,1.616,-0.2,1.424,0.0,1.236
05-01-2026-Fri 12-51-42-PM,-0.3,1.52,-0.2,1.608,0.0,1.416,-0.1,1.156,-0.3,1.284,-0.2,1.608,-0.1,1.412,-0.3,1.228
05-01-2026-Fri 12-51-43-PM,-0.3,1.512,-0.4,1.6,-0.2,1.404,-0.1,1.152,-0.4,1.276,0.0,1.6,-0.2,1.404,0.2,1.22
05-01-2026-Fri 12-51-45-PM,-0.3,1.508,-0.2,1.592,-0.2,1.396,-0.4,1.144,-0.3,1.264,-0.1,1.596,-0.2,1.392,0.0,1.208
05-01-2026-Fri 12-51-46-PM,-0.3,1.5,-0.2,1.588,0.1,1.388,-0.1,1.132,-0.1,1.252,0.1,1.584,-0.2,1.38,-0.1,1.196
05-01-2026-Fri 12-51-47-PM,-0.2,1.492,-0.2,1.584,-0.2,1.38,-0.3,1.128,0.0,1.244,0.0,1.584,0.0,1.368,-0.2,1.188
05-01-2026-Fri 12-51-49-PM,-0.5,1.488,-0.3,1.572,0.0,1.368,-0.1,1.116,-0.2,1.232,0.0,1.572,0.1,1.356,0.0,1.176
05-01-2026-Fri 12-51-51-PM,0.0,1.48,-0.4,1.568,-0.1,1.36,-0.1,1.116,-0.4,1.22,-0.1,1.568,-0.2,1.348,-0.1,1.164
05-01-2026-Fri 12-51-52-PM,-0.2,1.472,-0.2,1.556,-0.3,1.352,-0.1,1.108,-0.3,1.208,-0.1,1.56,-0.4,1.332,-0.1,1.156
05-01-2026-Fri 12-51-53-PM,-0.2,1.464,-0.3,1.552,-0.2,1.34,0.0,1.1,-0.2,1.2,0.1,1.556,-0.4,1.324,-0.1,1.148
05-01-2026-Fri 12-51-55-PM,0.1,1.46,-0.1,1.544,0.0,1.332,-0.3,1.092,-0.3,1.192,0.1,1.548,-0.2,1.312,-0.1,1.14
05-01-2026-Fri 12-51-56-PM,-0.2,1.452,-0.4,1.536,0.1,1.324,-0.2,1.092,-0.4,1.18,0.0,1.54,-0.2,1.3,0.0,1.132
05-01-2026-Fri 12-51-58-PM,-0.2,1.448,-0.1,1.532,-0.3,1.316,-0.3,1.084,-0.1,1.176,-0.2,1.532,-0.1,1.292,0.2,1.124
05-01-2026-Fri 12-51-59-PM,-0.2,1.44,0.1,1.524,-0.1,1.304,-0.1,1.076,-0.3,1.172,-0.3,1.528,-0.1,1.284,-0.2,1.116
05-01-2026-Fri 12-52-00-PM,-0.1,1.432,-0.1,1.52,-0.2,1.3,-0.4,1.072,-0.1,1.16,0.2,1.524,-0.2,1.272,-0.1,1.108
05-01-2026-Fri 12-52-02-PM,-0.5,1.428,-0.3,1.512,-0.2,1.292,-0.1,1.068,0.0,1.152,0.0,1.52,-0.2,1.264,-0.2,1.104
05-01-2026-Fri 12-52-03-PM,-0.1,1.424,-0.2,1.512,0.0,1.288,0.0,1.064,-0.2,1.148,-0.2,1.512,-0.3,1.256,-0.2,1.1
05-01-2026-Fri 12-52-05-PM,-0.3,1.416,-0.2,1.5,0.1,1.28,0.0,1.056,-0.2,1.14,0.1,1.508,-0.4,1.248,0.0,1.092
05-01-2026-Fri 12-52-06-PM,-0.1,1.412,0.0,1.492,0.0,1.272,0.0,1.056,-0.2,1.132,0.1,1.504,-0.1,1.236,-0.3,1.084
05-01-2026-Fri 12-52-07-PM,-0.1,1.404,-0.3,1.488,0.2,1.268,0.1,1.048,-0.1,1.128,-0.2,1.496,-0.3,1.228,0.0,1.08
05-01-2026-Fri 12-52-09-PM,0.0,1.404,-0.3,1.484,-0.3,1.26,-0.3,1.044,-0.1,1.124,0.0,1.492,-0.3,1.224,-0.1,1.072
05-01-2026-Fri 12-52-10-PM,0.3,1.396,-0.5,1.476,-0.2,1.252,-0.2,1.04,-0.1,1.116,-0.1,1.488,-0.3,1.216,-0.1,1.068
05-01-2026-Fri 12-52-11-PM,-0.2,1.388,-0.1,1.472,-0.2,1.248,-0.1,1.036,-0.2,1.108,-0.1,1.488,-0.2,1.208,0.1,1.064
05-01-2026-Fri 12-52-13-PM,0.0,1.384,-0.1,1.468,-0.4,1.24,-0.1,1.032,-0.3,1.104,0.0,1.476,0.0,1.196,-0.2,1.056
05-01-2026-Fri 12-52-14-PM,-0.1,1.38,-0.4,1.464,0.0,1.232,-0.5,1.028,-0.2,1.1,0.1,1.472,-0.1,1.192,-0.2,1.056
05-01-2026-Fri 12-52-16-PM,-0.2,1.372,-0.4,1.456,-0.1,1.228,0.0,1.024,-0.3,1.092,0.1,1.468,-0.2,1.184,0.1,1.048
05-01-2026-Fri 12-52-17-PM,-0.1,1.368,-0.3,1.452,0.0,1.22,-0.1,1.02,-0.3,1.088,0.0,1.464,-0.3,1.176,-0.2,1.04
05-01-2026-Fri 12-52-18-PM,-0.2,1.36,-0.2,1.448,-0.1,1.212,0.1,1.016,-0.3,1.08,-0.4,1.456,-0.2,1.172,0.1,1.04
05-01-2026-Fri 12-52-20-PM,-0.1,1.36,-0.5,1.44,0.3,1.208,-0.3,1.016,-0.1,1.08,-0.1,1.456,-0.3,1.168,0.3,1.032
05-01-2026-Fri 12-52-21-PM,-0.2,1.352,-0.1,1.436,0.0,1.2,-0.1,1.012,-0.1,1.076,0.0,1.448,-0.1,1.16,-0.2,1.032
05-01-2026-Fri 12-52-23-PM,-0.2,1.344,-0.5,1.428,-0.2,1.196,-0.3,1.004,-0.4,1.064,-0.1,1.444,0.0,1.156,0.0,1.024
05-01-2026-Fri 12-52-24-PM,-0.2,1.34,-0.2,1.428,-0.1,1.192,0.1,1.004,-0.3,1.064,0.2,1.44,-0.2,1.148,-0.2,1.024
05-01-2026-Fri 12-52-25-PM,0.0,1.332,-0.3,1.424,-0.1,1.188,-0.4,1.004,-0.3,1.06,0.0,1.436,-0.3,1.14,0.0,1.016
05-01-2026-Fri 12-52-27-PM,-0.2,1.328,-0.3,1.42,-0.2,1.176,-0.1,0.996,-0.5,1.052,0.1,1.432,0.0,1.136,-0.2,1.016
05-01-2026-Fri 12-52-28-PM,-0.1,1.324,-0.1,1.416,-0.1,1.172,-0.2,0.992,-0.6,1.052,0.0,1.428,-0.1,1.132,-0.1,1.012
05-01-2026-Fri 12-52-30-PM,-0.2,1.32,-0.1,1.408,0.0,1.168,0.2,0.992,-0.5,1.048,-0.2,1.424,-0.5,1.128,-0.1,1.008
05-01-2026-Fri 12-52-31-PM,0.1,1.32,-0.2,1.408,-0.1,1.164,-0.1,0.992,-0.3,1.04,0.0,1.416,-0.3,1.12,0.0,1.004
05-01-2026-Fri 12-52-32-PM,-0.3,1.312,-0.3,1.4,0.1,1.16,-0.3,0.984,-0.5,1.04,-0.2,1.412,-0.1,1.112,0.1,1.0
05-01-2026-Fri 12-52-34-PM,-0.5,1.304,-0.7,1.396,-0.1,1.156,0.0,0.98,-0.1,1.036,-0.2,1.408,-0.5,1.108,-0.4,0.996
05-01-2026-Fri 12-52-35-PM,-0.1,1.3,-0.3,1.392,0.0,1.152,-0.2,0.98,-0.2,1.032,-0.3,1.404,-0.4,1.108,-0.1,0.996
05-01-2026-Fri 12-52-37-PM,-0.3,1.296,-0.4,1.388,-0.1,1.148,-0.1,0.976,-0.4,1.028,0.0,1.4,0.0,1.1,-0.2,0.988
05-01-2026-Fri 12-52-38-PM,0.2,1.292,-0.2,1.384,-0.1,1.14,-0.1,0.972,-0.2,1.02,0.0,1.396,-0.2,1.096,0.1,0.984
05-01-2026-Fri 12-52-39-PM,-0.3,1.288,-0.4,1.38,0.1,1.14,-0.2,0.972,-0.2,1.02,-0.1,1.392,-0.4,1.088,0.0,0.98
05-01-2026-Fri 12-52-41-PM,-0.4,1.284,-0.2,1.376,-0.2,1.132,0.0,0.968,-0.3,1.016,-0.4,1.388,0.1,1.084,-0.2,0.98
05-01-2026-Fri 12-52-42-PM,-0.1,1.28,-0.4,1.372,-0.3,1.124,-0.2,0.964,-0.2,1.012,0.1,1.384,-0.2,1.08,-0.3,0.972
05-01-2026-Fri 12-52-44-PM,0.1,1.276,-0.1,1.368,-0.2,1.12,-0.1,0.96,-0.3,1.008,0.1,1.38,-0.2,1.076,0.0,0.972
05-01-2026-Fri 12-52-45-PM,-0.1,1.272,-0.2,1.36,0.0,1.12,-0.2,0.96,-0.3,1.004,0.1,1.376,0.0,1.072,0.0,0.968
05-01-2026-Fri 12-52-46-PM,-0.2,1.268,-0.2,1.36,0.0,1.116,-0.1,0.956,-0.5,1.0,-0.2,1.372,0.0,1.068,0.2,0.968
05-01-2026-Fri 12-52-48-PM,-0.3,1.264,-0.3,1.352,-0.2,1.112,-0.3,0.956,-0.1,0.996,-0.2,1.368,-0.3,1.068,-0.2,0.964
05-01-2026-Fri 12-52-49-PM,-0.3,1.26,-0.2,1.352,-0.3,1.104,0.0,0.952,-0.4,0.992,0.0,1.36,-0.5,1.06,0.1,0.96
05-01-2026-Fri 12-52-51-PM,-0.1,1.256,-0.2,1.348,-0.2,1.104,-0.1,0.948,-0.3,0.988,-0.2,1.356,-0.2,1.056,-0.2,0.956
05-01-2026-Fri 12-52-52-PM,-0.3,1.248,-0.4,1.344,-0.2,1.1,-0.3,0.943999,-0.2,0.988,-0.2,1.356,0.1,1.052,0.0,0.952
05-01-2026-Fri 12-52-53-PM,-0.3,1.244,-0.2,1.34,-0.1,1.092,-0.1,0.943999,0.0,0.984,0.1,1.348,-0.3,1.048,0.0,0.952
05-01-2026-Fri 12-52-55-PM,-0.4,1.24,-0.2,1.336,-0.1,1.092,-0.2,0.943999,-0.2,0.976,0.1,1.344,-0.1,1.044,0.1,0.948
05-01-2026-Fri 12-52-56-PM,-0.4,1.236,-0.4,1.332,0.1,1.088,-0.3,0.94,-0.4,0.972,0.2,1.336,-0.2,1.04,0.1,0.943999
05-01-2026-Fri 12-52-58-PM,-0.4,1.236,-0.2,1.324,-0.1,1.084,0.0,0.94,-0.2,0.972,0.2,1.336,-0.1,1.036,-0.2,0.943999
05-01-2026-Fri 12-52-59-PM,0.0,1.228,-0.3,1.324,-0.1,1.08,-0.5,0.932,0.0,0.972,0.1,1.336,0.0,1.032,-0.1,0.94
05-01-2026-Fri 12-53-00-PM,-0.1,1.228,-0.3,1.32,0.1,1.076,-0.3,0.928,0.1,0.968,-0.1,1.324,-0.2,1.028,-0.2,0.936
05-01-2026-Fri 12-53-02-PM,0.1,1.22,-0.1,1.316,0.0,1.072,-0.2,0.928,-0.3,0.964,-0.1,1.324,0.0,1.024,-0.2,0.936
05-01-2026-Fri 12-53-03-PM,-0.2,1.216,-0.3,1.312,-0.1,1.068,-0.4,0.928,-0.4,0.96,-0.1,1.32,-0.3,1.02,0.0,0.932
05-01-2026-Fri 12-53-05-PM,-0.1,1.212,-0.3,1.308,-0.1,1.064,-0.3,0.924,-0.1,0.96,0.0,1.316,-0.3,1.02,0.1,0.928
05-01-2026-Fri 12-53-07-PM,-0.2,1.204,-0.6,1.304,0.0,1.06,-0.3,0.92,-0.3,0.956,0.1,1.308,-0.3,1.012,0.0,0.924
05-01-2026-Fri 12-53-08-PM,-0.3,1.2,-0.5,1.3,-0.2,1.06,-0.2,0.92,-0.4,0.952,-0.1,1.304,-0.2,1.008,-0.1,0.924
05-01-2026-Fri 12-53-09-PM,0.0,1.2,-0.2,1.3,-0.1,1.052,0.0,0.92,-0.4,0.948,0.0,1.3,-0.3,1.008,-0.2,0.92
05-01-2026-Fri 12-53-11-PM,-0.1,1.192,-0.1,1.292,-0.2,1.052,0.0,0.916,-0.2,0.943999,-0.1,1.296,-0.2,1.004,-0.1,0.916
05-01-2026-Fri 12-53-12-PM,0.0,1.192,-0.4,1.292,0.0,1.048,0.0,0.912,-0.2,0.943999,-0.1,1.292,-0.2,1.0,0.0,0.916
05-01-2026-Fri 12-53-14-PM,-0.1,1.184,-0.1,1.288,-0.3,1.048,-0.3,0.912,-0.5,0.94,0.1,1.288,-0.3,0.996,0.0,0.912
05-01-2026-Fri 12-53-15-PM,0.0,1.18,-0.5,1.284,-0.1,1.04,-0.1,0.908,-0.2,0.936,-0.1,1.288,-0.3,0.996,0.1,0.908
05-01-2026-Fri 12-53-17-PM,-0.2,1.176,0.0,1.28,-0.4,1.04,0.0,0.908,-0.4,0.936,0.0,1.276,-0.2,0.992,-0.1,0.912
05-01-2026-Fri 12-53-18-PM,-0.1,1.172,0.0,1.28,-0.1,1.036,-0.2,0.908,-0.5,0.932,-0.1,1.276,-0.1,0.988,0.0,0.908
05-01-2026-Fri 12-53-20-PM,-0.2,1.168,-0.6,1.272,-0.4,1.032,-0.3,0.9,-0.4,0.928,0.2,1.272,0.1,0.984,-0.1,0.904
05-01-2026-Fri 12-53-21-PM,-0.2,1.16,0.0,1.268,-0.1,1.024,-0.2,0.896,-0.2,0.928,-0.3,1.264,-0.3,0.98,-0.3,0.9
05-01-2026-Fri 12-53-23-PM,-0.2,1.156,-0.3,1.264,-0.2,1.024,0.1,0.896,-0.3,0.924,-0.2,1.26,0.0,0.976,-0.2,0.896
05-01-2026-Fri 12-53-24-PM,-0.1,1.156,-0.2,1.26,0.0,1.02,-0.1,0.896,-0.2,0.92,-0.1,1.256,-0.3,0.972,0.1,0.9
05-01-2026-Fri 12-53-26-PM,-0.2,1.152,-0.3,1.26,-0.3,1.02,-0.2,0.892,-0.1,0.916,-0.2,1.252,-0.1,0.972,-0.4,0.896
05-01-2026-Fri 12-53-27-PM,-0.2,1.144,-0.1,1.256,0.0,1.02,-0.3,0.892,-0.1,0.916,0.1,1.248,0.1,0.972,-0.2,0.892
05-01-2026-Fri 12-53-29-PM,-0.4,1.14,-0.2,1.252,-0.3,1.012,-0.4,0.892,-0.3,0.912,-0.1,1.244,-0.3,0.968,-0.1,0.888
05-01-2026-Fri 12-53-30-PM,Power On
05-01-2026-Fri 12-53-32-PM,65.9,5.12,74.6,5.124,64.0,5.12,39.7,5.156,38.7,5.12,47.3,5.144,32.8,5.104,48.0,5.112
05-01-2026-Fri 12-53-33-PM,63.5,5.132,72.3,5.128,61.9,5.128,39.0,5.164,37.8,5.124,46.0,5.148,31.6,5.112,46.9,5.116
05-01-2026-Fri 12-53-34-PM,Power Off
05-01-2026-Fri 12-53-36-PM,-0.1,2.048,-0.3,2.124,0.1,2.104,-0.1,2.056,-0.3,2.068,0.0,2.096,0.0,2.06,-0.1,2.06
05-01-2026-Fri 12-53-37-PM,0.0,1.948,-0.3,2.052,-0.2,2.016,0.0,1.948,-0.3,1.96,0.0,2.0,-0.1,1.956,0.0,1.952
05-01-2026-Fri 12-53-39-PM,-0.6,1.876,-0.3,1.996,-0.2,1.944,-0.1,1.852,-0.1,1.88,0.2,1.932,-0.2,1.88,-0.2,1.868
05-01-2026-Fri 12-53-40-PM,-0.1,1.828,-0.2,1.96,0.0,1.904,-0.1,1.784,-0.1,1.828,0.1,1.896,-0.2,1.836,-0.1,1.812
05-01-2026-Fri 12-53-41-PM,-0.3,1.796,-0.4,1.932,0.0,1.864,0.0,1.732,-0.2,1.784,-0.4,1.86,-0.1,1.796,0.0,1.768
05-01-2026-Fri 12-53-43-PM,-0.1,1.768,-0.4,1.9,-0.3,1.828,0.1,1.688,-0.3,1.74,-0.1,1.832,-0.1,1.76,0.0,1.724
05-01-2026-Fri 12-53-44-PM,-0.3,1.744,-0.2,1.88,0.0,1.796,-0.2,1.64,-0.5,1.704,-0.2,1.812,0.1,1.728,0.2,1.688
05-01-2026-Fri 12-53-46-PM,-0.5,1.72,-0.2,1.856,-0.1,1.768,-0.1,1.6,0.0,1.676,-0.1,1.788,0.1,1.7,0.1,1.652
05-01-2026-Fri 12-53-47-PM,-0.1,1.7,-0.5,1.832,-0.2,1.744,0.0,1.564,-0.2,1.644,0.0,1.768,-0.2,1.672,0.1,1.62
05-01-2026-Fri 12-53-48-PM,-0.1,1.68,-0.1,1.816,-0.2,1.716,-0.2,1.528,0.0,1.616,-0.2,1.748,-0.2,1.648,0.0,1.592
05-01-2026-Fri 12-53-50-PM,-0.4,1.66,-0.5,1.796,-0.3,1.696,-0.3,1.5,-0.2,1.592,-0.1,1.732,-0.4,1.628,0.0,1.564
05-01-2026-Fri 12-53-51-PM,-0.1,1.644,-0.2,1.78,-0.1,1.672,-0.1,1.472,-0.2,1.568,-0.1,1.716,-0.2,1.604,-0.1,1.536
05-01-2026-Fri 12-53-53-PM,-0.1,1.632,-0.1,1.76,-0.1,1.652,0.0,1.44,-0.3,1.548,0.1,1.7,-0.1,1.58,-0.1,1.516
05-01-2026-Fri 12-53-54-PM,0.0,1.612,-0.3,1.744,-0.2,1.632,-0.2,1.416,-0.4,1.528,0.0,1.688,0.0,1.564,0.1,1.488
05-01-2026-Fri 12-53-56-PM,-0.2,1.604,-0.2,1.732,-0.1,1.612,-0.3,1.4,-0.2,1.508,-0.2,1.672,-0.5,1.552,-0.1,1.468
05-01-2026-Fri 12-53-57-PM,-0.1,1.588,-0.4,1.72,-0.1,1.596,-0.1,1.376,-0.4,1.488,-0.1,1.664,-0.1,1.532,0.0,1.444
05-01-2026-Fri 12-53-58-PM,-0.1,1.58,-0.1,1.704,-0.1,1.576,-0.1,1.356,-0.2,1.468,-0.2,1.648,-0.1,1.516,-0.1,1.42
05-01-2026-Fri 12-54-00-PM,0.3,1.56,-0.5,1.688,0.0,1.56,-0.3,1.336,0.1,1.448,0.0,1.636,-0.1,1.5,0.0,1.4
05-01-2026-Fri 12-54-01-PM,-0.4,1.552,-0.3,1.676,-0.1,1.548,0.1,1.316,-0.3,1.432,-0.3,1.624,-0.3,1.484,-0.2,1.38
05-01-2026-Fri 12-54-02-PM,-0.4,1.54,-0.3,1.664,0.1,1.532,0.0,1.304,-0.5,1.412,-0.1,1.612,-0.2,1.468,0.0,1.364
05-01-2026-Fri 12-54-04-PM,-0.4,1.528,-0.4,1.648,-0.3,1.516,-0.4,1.284,-0.3,1.396,0.0,1.6,-0.2,1.452,0.2,1.344
05-01-2026-Fri 12-54-05-PM,-0.1,1.516,-0.2,1.644,0.0,1.504,-0.5,1.272,-0.1,1.38,0.0,1.592,-0.2,1.44,-0.1,1.328
05-01-2026-Fri 12-54-07-PM,-0.1,1.508,0.0,1.628,0.1,1.488,-0.1,1.256,-0.3,1.364,-0.1,1.584,-0.1,1.424,-0.2,1.308
05-01-2026-Fri 12-54-08-PM,-0.1,1.496,-0.4,1.62,-0.3,1.476,0.0,1.244,-0.1,1.348,0.2,1.572,-0.2,1.412,-0.1,1.292
05-01-2026-Fri 12-54-09-PM,-0.2,1.484,-0.2,1.612,0.0,1.464,-0.4,1.232,-0.2,1.336,0.2,1.56,-0.1,1.4,-0.1,1.28
05-01-2026-Fri 12-54-11-PM,-0.2,1.476,0.0,1.592,0.2,1.448,0.0,1.22,-0.2,1.316,0.1,1.556,-0.3,1.388,-0.1,1.26
05-01-2026-Fri 12-54-12-PM,-0.4,1.464,-0.5,1.588,-0.1,1.44,-0.3,1.212,-0.5,1.304,-0.1,1.544,0.0,1.372,-0.3,1.248
05-01-2026-Fri 12-54-14-PM,-0.1,1.452,-0.2,1.58,-0.1,1.428,-0.1,1.2,-0.5,1.292,0.0,1.536,-0.2,1.36,-0.1,1.236
05-01-2026-Fri 12-54-15-PM,-0.3,1.448,-0.4,1.568,-0.2,1.42,-0.2,1.192,-0.3,1.28,0.2,1.528,-0.1,1.348,-0.1,1.224
05-01-2026-Fri 12-54-16-PM,-0.4,1.436,-0.2,1.56,-0.1,1.404,0.0,1.184,-0.3,1.264,-0.1,1.52,-0.4,1.336,0.1,1.212
05-01-2026-Fri 12-54-18-PM,-0.4,1.424,0.1,1.552,-0.2,1.392,-0.2,1.172,-0.3,1.256,-0.1,1.516,-0.2,1.324,0.1,1.2
05-01-2026-Fri 12-54-19-PM,-0.4,1.42,-0.3,1.544,-0.2,1.384,0.0,1.164,-0.4,1.244,0.1,1.508,-0.1,1.312,0.1,1.188
05-01-2026-Fri 12-54-22-PM,0.0,1.412,-0.1,1.536,0.0,1.372,-0.2,1.152,-0.2,1.232,-0.2,1.496,0.0,1.3,0.1,1.176
05-01-2026-Fri 12-54-25-PM,Power On
05-01-2026-Fri 12-54-27-PM,61.5,5.136,69.9,5.132,59.7,5.132,37.7,5.164,36.4,5.136,44.6,5.156,30.6,5.116,45.2,5.124
05-01-2026-Fri 12-54-30-PM,Power Off
05-01-2026-Fri 12-54-32-PM,-0.3,2.04,-0.3,2.112,0.0,2.068,-0.2,2.012,-0.2,2.016,-0.2,2.06,-0.3,2.032,0.0,2.032
05-01-2026-Fri 12-54-34-PM,-0.4,1.976,-0.3,2.064,0.0,2.02,-0.1,1.952,-0.5,1.96,0.1,2.012,-0.2,1.968,0.0,1.968
05-01-2026-Fri 12-54-35-PM,-0.2,1.924,-0.3,2.028,-0.2,1.98,-0.1,1.9,-0.4,1.916,-0.2,1.968,-0.1,1.924,0.1,1.916
05-01-2026-Fri 12-54-37-PM,-0.1,1.892,-0.3,2.0,0.1,1.944,-0.2,1.848,-0.2,1.876,-0.1,1.94,-0.2,1.884,0.0,1.876
05-01-2026-Fri 12-54-38-PM,-0.3,1.86,-0.4,1.972,-0.3,1.908,-0.2,1.804,-0.1,1.848,-0.1,1.912,-0.2,1.856,-0.1,1.84
05-01-2026-Fri 12-54-39-PM,-0.4,1.828,-0.1,1.948,-0.2,1.88,0.0,1.76,-0.5,1.816,0.1,1.888,-0.1,1.824,0.1,1.812
05-01-2026-Fri 12-54-41-PM,-0.2,1.808,-0.1,1.928,-0.3,1.852,-0.1,1.72,-0.1,1.788,-0.1,1.868,-0.2,1.804,0.2,1.78
05-01-2026-Fri 12-54-42-PM,-0.4,1.788,-0.2,1.904,0.0,1.832,-0.3,1.688,-0.5,1.76,0.2,1.848,-0.1,1.78,0.0,1.752
05-01-2026-Fri 12-54-44-PM,-0.3,1.768,-0.2,1.892,-0.1,1.808,-0.5,1.656,-0.3,1.744,0.1,1.832,-0.1,1.756,0.0,1.724
05-01-2026-Fri 12-54-45-PM,0.1,1.752,-0.3,1.868,-0.3,1.784,-0.1,1.62,-0.2,1.716,0.0,1.816,-0.1,1.74,-0.1,1.7
05-01-2026-Fri 12-54-46-PM,-0.2,1.736,-0.4,1.856,0.1,1.764,0.0,1.588,-0.3,1.692,-0.3,1.8,-0.1,1.72,-0.1,1.676
05-01-2026-Fri 12-54-48-PM,0.0,1.716,-0.4,1.836,-0.1,1.748,-0.2,1.564,-0.4,1.672,-0.2,1.784,-0.1,1.7,0.0,1.652
05-01-2026-Fri 12-54-49-PM,-0.1,1.704,-0.1,1.824,-0.4,1.728,-0.1,1.536,0.0,1.652,-0.1,1.772,-0.1,1.68,0.0,1.628
05-01-2026-Fri 12-54-51-PM,-0.1,1.692,-0.2,1.808,-0.1,1.708,0.1,1.512,-0.2,1.628,0.1,1.76,-0.1,1.664,0.0,1.608
05-01-2026-Fri 12-54-52-PM,-0.3,1.676,-0.2,1.792,-0.1,1.696,0.0,1.488,-0.4,1.612,0.0,1.748,-0.1,1.648,-0.1,1.588
05-01-2026-Fri 12-54-54-PM,-0.2,1.664,-0.2,1.784,0.0,1.68,-0.2,1.464,-0.3,1.596,0.0,1.74,-0.1,1.632,0.0,1.568
05-01-2026-Fri 12-54-55-PM,-0.1,1.656,-0.3,1.772,-0.2,1.66,-0.1,1.444,-0.4,1.58,0.0,1.724,-0.3,1.616,0.0,1.552
05-01-2026-Fri 12-54-56-PM,0.2,1.644,-0.3,1.76,-0.2,1.648,-0.2,1.42,-0.3,1.56,0.0,1.716,-0.2,1.6,-0.1,1.532
05-01-2026-Fri 12-54-58-PM,-0.2,1.632,-0.1,1.744,0.0,1.632,-0.2,1.404,-0.4,1.548,0.1,1.708,-0.3,1.588,0.0,1.516
05-01-2026-Fri 12-54-59-PM,-0.1,1.624,-0.3,1.736,0.0,1.616,-0.2,1.384,-0.1,1.528,0.0,1.696,0.0,1.572,-0.1,1.5
05-01-2026-Fri 12-55-01-PM,-0.3,1.612,-0.1,1.724,-0.2,1.6,-0.3,1.364,-0.1,1.516,0.0,1.688,-0.3,1.556,0.1,1.48
05-01-2026-Fri 12-55-02-PM,-0.1,1.604,-0.4,1.712,-0.1,1.588,0.0,1.348,-0.5,1.5,0.0,1.68,-0.1,1.544,0.0,1.464
05-01-2026-Fri 12-55-03-PM,-0.2,1.592,-0.2,1.704,0.0,1.576,0.0,1.336,-0.2,1.484,-0.2,1.672,-0.2,1.528,-0.1,1.448
05-01-2026-Fri 12-55-05-PM,-0.2,1.584,0.0,1.692,-0.2,1.564,0.1,1.316,0.0,1.472,-0.3,1.66,0.1,1.52,-0.4,1.432
05-01-2026-Fri 12-55-06-PM,0.0,1.576,-0.2,1.688,0.1,1.552,-0.1,1.304,-0.2,1.46,-0.2,1.652,0.0,1.508,0.0,1.42
05-01-2026-Fri 12-55-08-PM,-0.2,1.564,-0.2,1.676,-0.1,1.54,-0.1,1.292,-0.4,1.444,0.1,1.644,-0.1,1.496,-0.2,1.4
05-01-2026-Fri 12-55-09-PM,0.1,1.556,-0.4,1.668,-0.1,1.524,0.2,1.284,-0.2,1.432,-0.2,1.64,-0.4,1.488,0.0,1.384
05-01-2026-Fri 12-55-10-PM,0.1,1.548,-0.3,1.66,0.1,1.516,0.0,1.268,-0.2,1.424,-0.1,1.628,-0.2,1.476,-0.2,1.372
05-01-2026-Fri 12-55-12-PM,-0.3,1.54,-0.2,1.652,-0.1,1.508,0.3,1.256,-0.2,1.408,-0.1,1.62,0.0,1.46,-0.2,1.36
05-01-2026-Fri 12-55-13-PM,-0.2,1.532,-0.3,1.64,0.1,1.5,-0.1,1.248,-0.4,1.392,0.0,1.612,-0.3,1.452,-0.2,1.344
05-01-2026-Fri 12-55-15-PM,-0.3,1.524,-0.1,1.632,0.0,1.484,-0.2,1.232,-0.1,1.376,0.1,1.6,-0.3,1.44,-0.1,1.328
05-01-2026-Fri 12-55-16-PM,-0.2,1.512,-0.5,1.624,-0.1,1.472,0.0,1.224,-0.1,1.364,0.0,1.596,-0.1,1.428,-0.3,1.308
05-01-2026-Fri 12-55-18-PM,Power On
05-01-2026-Fri 12-55-19-PM,62.0,5.132,70.4,5.136,60.3,5.132,38.0,5.164,36.3,5.132,45.0,5.152,30.6,5.12,45.3,5.124
05-01-2026-Fri 12-55-20-PM,59.9,5.136,68.0,5.136,58.4,5.136,37.0,5.172,35.6,5.136,43.3,5.156,30.2,5.12,44.3,5.128
05-01-2026-Fri 12-55-22-PM,59.0,5.14,67.1,5.144,57.3,5.136,37.0,5.172,35.1,5.136,42.9,5.156,29.1,5.12,43.6,5.132
05-01-2026-Fri 12-55-23-PM,Power Off
05-01-2026-Fri 12-55-25-PM,-0.1,2.18,-0.3,2.204,0.1,2.184,-0.2,2.136,-0.4,2.152,-0.1,2.192,0.2,2.168,-0.3,2.172
05-01-2026-Fri 12-55-26-PM,-0.3,2.068,-0.4,2.132,-0.4,2.1,-0.2,2.04,-0.6,2.06,0.1,2.1,-0.4,2.064,-0.3,2.064
05-01-2026-Fri 12-55-27-PM,-0.1,2.0,-0.3,2.088,-0.1,2.044,-0.5,1.984,-0.1,2.0,-0.2,2.048,-0.1,2.004,-0.3,2.0
05-01-2026-Fri 12-55-29-PM,-0.1,1.952,-0.3,2.048,0.0,2.004,-0.1,1.932,-0.1,1.952,-0.1,2.008,0.0,1.956,0.0,1.952
05-01-2026-Fri 12-55-30-PM,0.1,1.916,-0.4,2.016,-0.3,1.964,-0.3,1.888,-0.4,1.916,0.0,1.976,-0.3,1.92,0.1,1.912
05-01-2026-Fri 12-55-32-PM,-0.3,1.884,-0.2,1.988,-0.1,1.936,0.0,1.844,-0.1,1.888,-0.3,1.948,-0.1,1.888,0.1,1.88
05-01-2026-Fri 12-55-33-PM,-0.1,1.856,-0.4,1.964,0.0,1.912,-0.3,1.808,-0.4,1.856,-0.1,1.924,0.0,1.864,0.0,1.848
05-01-2026-Fri 12-55-35-PM,0.2,1.836,-0.2,1.948,0.0,1.888,-0.3,1.768,-0.5,1.832,-0.1,1.904,-0.2,1.84,0.1,1.82
05-01-2026-Fri 12-55-36-PM,-0.4,1.816,-0.3,1.924,-0.3,1.864,-0.2,1.736,-0.5,1.808,0.1,1.884,-0.3,1.816,-0.1,1.792
05-01-2026-Fri 12-55-37-PM,-0.1,1.792,-0.4,1.908,-0.1,1.84,-0.1,1.7,-0.2,1.784,-0.1,1.868,-0.1,1.8,0.0,1.772
05-01-2026-Fri 12-55-39-PM,-0.5,1.776,-0.2,1.888,0.0,1.824,0.0,1.672,-0.6,1.764,0.0,1.852,0.0,1.776,0.0,1.748
05-01-2026-Fri 12-55-40-PM,-0.1,1.76,-0.5,1.872,0.0,1.796,0.2,1.644,0.0,1.74,0.0,1.832,-0.1,1.756,0.0,1.724
05-01-2026-Fri 12-55-42-PM,-0.1,1.744,-0.4,1.856,0.0,1.78,0.1,1.616,-0.5,1.72,0.2,1.82,-0.1,1.744,0.1,1.7
05-01-2026-Fri 12-55-43-PM,-0.3,1.732,-0.3,1.84,0.3,1.76,-0.1,1.588,-0.4,1.704,-0.2,1.808,-0.1,1.724,-0.2,1.68
05-01-2026-Fri 12-55-46-PM,-0.2,1.712,-0.2,1.824,-0.2,1.74,-0.3,1.556,-0.2,1.676,0.1,1.792,-0.2,1.704,0.0,1.656
05-01-2026-Fri 12-55-49-PM,-0.2,1.688,0.0,1.8,0.0,1.708,0.0,1.512,-0.3,1.644,0.1,1.772,0.0,1.672,-0.2,1.62
05-01-2026-Fri 12-55-51-PM,-0.2,1.668,-0.2,1.776,0.0,1.68,-0.2,1.468,-0.1,1.608,0.0,1.748,0.0,1.644,0.1,1.584
05-01-2026-Fri 12-55-52-PM,-0.1,1.656,-0.3,1.764,0.0,1.668,-0.1,1.448,-0.3,1.596,-0.2,1.74,-0.3,1.632,-0.3,1.568
05-01-2026-Fri 12-55-53-PM,-0.4,1.652,-0.1,1.752,-0.1,1.656,0.0,1.428,-0.3,1.58,0.0,1.732,-0.2,1.62,-0.1,1.556
05-01-2026-Fri 12-55-55-PM,-0.3,1.64,-0.2,1.74,-0.1,1.64,0.1,1.412,-0.3,1.568,0.0,1.724,-0.3,1.604,-0.2,1.54
05-01-2026-Fri 12-55-56-PM,-0.1,1.632,-0.3,1.736,-0.2,1.628,-0.1,1.396,-0.3,1.552,0.1,1.716,-0.3,1.592,0.2,1.524
05-01-2026-Fri 12-55-58-PM,-0.2,1.62,-0.3,1.72,0.0,1.612,0.1,1.372,-0.3,1.536,-0.1,1.704,-0.1,1.576,0.0,1.504
05-01-2026-Fri 12-56-00-PM,-0.4,1.608,-0.1,1.712,0.1,1.6,0.0,1.36,-0.5,1.524,-0.1,1.696,-0.2,1.56,0.2,1.492
05-01-2026-Fri 12-56-01-PM,0.1,1.6,-0.2,1.704,0.0,1.588,-0.3,1.344,-0.2,1.512,0.0,1.688,-0.2,1.552,0.1,1.472
05-01-2026-Fri 12-56-03-PM,-0.4,1.592,-0.2,1.692,-0.1,1.572,-0.1,1.324,-0.1,1.492,-0.1,1.676,-0.3,1.54,0.0,1.456
05-01-2026-Fri 12-56-04-PM,-0.3,1.58,-0.2,1.68,-0.3,1.56,-0.1,1.312,-0.1,1.48,0.1,1.672,-0.3,1.528,-0.2,1.44
05-01-2026-Fri 12-56-05-PM,Power On
05-01-2026-Fri 12-56-07-PM,60.6,5.136,68.6,5.136,58.7,5.136,37.3,5.168,35.5,5.132,43.5,5.156,29.6,5.12,44.6,5.128
05-01-2026-Fri 12-56-08-PM,58.7,5.14,66.4,5.136,56.8,5.14,36.6,5.172,34.8,5.14,42.1,5.156,29.1,5.124,43.6,5.128
05-01-2026-Fri 12-56-10-PM,58.2,5.144,66.0,5.14,56.2,5.144,36.3,5.172,34.4,5.14,41.6,5.164,28.9,5.128,42.6,5.132
05-01-2026-Fri 12-56-11-PM,Power Off
05-01-2026-Fri 12-56-12-PM,-0.3,2.2,-0.3,2.216,0.0,2.192,-0.1,2.136,-0.1,2.16,-0.1,2.204,-0.1,2.184,-0.2,2.184
05-01-2026-Fri 12-56-14-PM,-0.1,2.088,-0.2,2.14,-0.1,2.108,-0.1,2.048,0.0,2.064,-0.1,2.112,-0.2,2.076,0.0,2.076
05-01-2026-Fri 12-56-15-PM,-0.2,2.02,-0.3,2.096,0.0,2.056,-0.2,1.992,-0.2,2.008,0.1,2.06,-0.2,2.016,-0.2,2.012
05-01-2026-Fri 12-56-17-PM,-0.2,1.972,-0.4,2.056,-0.1,2.016,-0.2,1.944,-0.1,1.964,0.2,2.016,-0.2,1.968,0.2,1.968
05-01-2026-Fri 12-56-18-PM,-0.2,1.936,-0.2,2.028,0.0,1.98,-0.1,1.904,-0.1,1.928,-0.1,1.988,0.0,1.936,-0.2,1.928
05-01-2026-Fri 12-56-19-PM,-0.1,1.904,0.0,2.0,0.2,1.952,-0.3,1.864,-0.5,1.9,-0.2,1.96,-0.4,1.908,-0.2,1.896
05-01-2026-Fri 12-56-21-PM,-0.3,1.876,-0.3,1.976,-0.1,1.92,-0.1,1.824,-0.3,1.872,0.1,1.936,-0.4,1.876,0.0,1.868
05-01-2026-Fri 12-56-22-PM,-0.1,1.852,0.0,1.952,-0.3,1.9,-0.1,1.788,-0.2,1.848,0.1,1.916,-0.3,1.852,0.0,1.84
05-01-2026-Fri 12-56-23-PM,-0.2,1.832,-0.4,1.932,-0.1,1.876,-0.1,1.756,-0.2,1.824,-0.2,1.896,-0.3,1.832,0.1,1.816
05-01-2026-Fri 12-56-25-PM,-0.2,1.816,-0.2,1.912,0.0,1.848,-0.1,1.724,-0.2,1.804,-0.3,1.88,-0.3,1.812,0.0,1.796
05-01-2026-Fri 12-56-26-PM,-0.2,1.796,-0.1,1.896,-0.2,1.832,-0.1,1.696,-0.5,1.788,-0.3,1.864,0.0,1.792,-0.2,1.772
05-01-2026-Fri 12-56-28-PM,-0.2,1.776,-0.2,1.884,0.0,1.816,-0.1,1.672,0.1,1.772,-0.3,1.852,-0.2,1.776,0.0,1.752
05-01-2026-Fri 12-56-29-PM,0.0,1.764,-0.2,1.868,-0.2,1.796,-0.2,1.644,-0.5,1.752,-0.2,1.836,-0.1,1.76,0.1,1.732
05-01-2026-Fri 12-56-30-PM,-0.1,1.752,-0.2,1.848,-0.1,1.78,-0.2,1.62,-0.5,1.728,0.0,1.824,-0.4,1.748,0.0,1.712
05-01-2026-Fri 12-56-32-PM,-0.2,1.732,-0.3,1.832,-0.1,1.764,-0.3,1.596,-0.3,1.712,-0.2,1.816,-0.1,1.732,0.2,1.696
05-01-2026-Fri 12-56-33-PM,-0.4,1.724,-0.4,1.82,-0.1,1.748,-0.2,1.572,-0.3,1.696,0.1,1.804,0.1,1.712,0.2,1.676
05-01-2026-Fri 12-56-35-PM,-0.1,1.712,-0.2,1.808,-0.2,1.732,-0.1,1.552,-0.4,1.676,-0.1,1.792,-0.2,1.704,0.1,1.656
05-01-2026-Fri 12-56-36-PM,-0.2,1.704,-0.1,1.796,0.0,1.72,0.1,1.532,-0.7,1.664,-0.1,1.784,-0.2,1.688,0.1,1.64
05-01-2026-Fri 12-56-37-PM,-0.3,1.688,-0.3,1.784,-0.2,1.708,-0.3,1.508,-0.2,1.652,0.3,1.772,-0.1,1.672,0.0,1.624
05-01-2026-Fri 12-56-39-PM,-0.4,1.68,-0.5,1.776,-0.1,1.692,-0.2,1.488,0.0,1.632,-0.2,1.76,-0.1,1.664,0.0,1.608
05-01-2026-Fri 12-56-40-PM,-0.3,1.672,-0.6,1.764,0.0,1.684,-0.2,1.468,-0.1,1.616,0.1,1.752,-0.1,1.648,0.0,1.592
05-01-2026-Fri 12-56-42-PM,-0.2,1.66,-0.2,1.752,-0.1,1.664,-0.1,1.448,-0.2,1.604,-0.1,1.744,0.0,1.632,0.1,1.58
05-01-2026-Fri 12-56-43-PM,0.0,1.652,-0.4,1.744,-0.2,1.656,0.1,1.428,-0.2,1.592,-0.2,1.736,-0.1,1.624,-0.2,1.564
05-01-2026-Fri 12-56-44-PM,-0.4,1.648,-0.3,1.732,-0.3,1.644,-0.3,1.412,-0.5,1.58,0.1,1.724,0.1,1.612,-0.1,1.548
05-01-2026-Fri 12-56-46-PM,-0.3,1.636,-0.3,1.72,-0.4,1.632,-0.5,1.4,-0.4,1.568,-0.1,1.72,-0.2,1.596,-0.1,1.536
05-01-2026-Fri 12-56-47-PM,-0.5,1.628,-0.2,1.712,-0.1,1.62,-0.2,1.384,-0.2,1.552,0.2,1.712,-0.2,1.588,-0.1,1.524
05-01-2026-Fri 12-56-49-PM,0.2,1.62,-0.3,1.704,-0.2,1.608,-0.1,1.368,-0.2,1.54,0.1,1.704,-0.3,1.576,0.1,1.512
05-01-2026-Fri 12-56-50-PM,-0.1,1.612,-0.3,1.7,0.0,1.592,-0.2,1.352,0.0,1.528,-0.1,1.7,-0.3,1.568,-0.1,1.496
05-01-2026-Fri 12-56-51-PM,-0.2,1.6,-0.3,1.688,0.0,1.588,-0.2,1.34,-0.3,1.516,-0.3,1.692,-0.1,1.556,0.2,1.488
05-01-2026-Fri 12-56-53-PM,-0.3,1.592,-0.1,1.68,0.1,1.576,-0.3,1.328,-0.5,1.504,-0.1,1.684,-0.2,1.54,0.2,1.468
05-01-2026-Fri 12-56-54-PM,-0.4,1.588,-0.2,1.676,0.1,1.568,-0.2,1.316,0.0,1.496,0.0,1.68,-0.3,1.536,0.0,1.46
05-01-2026-Fri 12-56-56-PM,0.1,1.58,-0.4,1.668,0.1,1.56,0.0,1.308,-0.3,1.484,-0.1,1.672,-0.1,1.528,-0.3,1.448
05-01-2026-Fri 12-56-57-PM,-0.3,1.572,-0.3,1.66,-0.1,1.548,0.0,1.296,-0.4,1.476,-0.1,1.668,0.0,1.516,-0.3,1.436
05-01-2026-Fri 12-56-58-PM,0.2,1.568,-0.1,1.656,0.1,1.54,0.2,1.284,-0.1,1.464,0.0,1.66,-0.3,1.508,-0.1,1.428
05-01-2026-Fri 12-57-00-PM,-0.5,1.56,-0.2,1.648,-0.3,1.532,-0.4,1.272,-0.1,1.456,0.1,1.652,-0.2,1.5,-0.1,1.416
05-01-2026-Fri 12-57-01-PM,-0.1,1.556,-0.5,1.64,-0.3,1.52,-0.1,1.264,0.1,1.444,-0.2,1.648,-0.1,1.488,-0.4,1.404
05-01-2026-Fri 12-57-03-PM,-0.2,1.548,-0.4,1.636,-0.1,1.512,-0.1,1.252,-0.3,1.436,-0.1,1.64,-0.1,1.48,-0.2,1.392
05-01-2026-Fri 12-57-04-PM,0.3,1.544,-0.3,1.628,0.0,1.504,0.0,1.244,-0.3,1.424,0.1,1.636,0.0,1.472,0.1,1.384
05-01-2026-Fri 12-57-05-PM,-0.3,1.54,-0.3,1.62,-0.2,1.496,-0.1,1.236,0.1,1.416,0.0,1.632,-0.2,1.464,-0.1,1.372
05-01-2026-Fri 12-57-07-PM,-0.2,1.532,-0.3,1.616,-0.3,1.488,-0.2,1.228,-0.3,1.408,-0.1,1.628,-0.1,1.452,-0.2,1.36
05-01-2026-Fri 12-57-08-PM,0.0,1.524,-0.3,1.608,-0.2,1.48,-0.4,1.22,-0.2,1.396,-0.2,1.624,-0.1,1.444,0.0,1.352
05-01-2026-Fri 12-57-10-PM,-0.2,1.52,-0.3,1.604,-0.1,1.472,-0.3,1.208,-0.3,1.392,-0.1,1.612,-0.1,1.436,-0.2,1.34
05-01-2026-Fri 12-57-11-PM,-0.1,1.512,-0.2,1.6,-0.1,1.468,-0.4,1.204,-0.2,1.38,-0.1,1.612,-0.1,1.432,-0.2,1.328
05-01-2026-Fri 12-57-12-PM,-0.1,1.508,-0.3,1.592,-0.1,1.46,0.1,1.2,-0.1,1.368,0.3,1.604,-0.1,1.42,0.0,1.32
05-01-2026-Fri 12-57-14-PM,-0.1,1.504,-0.4,1.588,0.4,1.456,-0.4,1.188,-0.3,1.36,0.2,1.6,-0.3,1.412,-0.2,1.308
05-01-2026-Fri 12-57-15-PM,-0.2,1.5,-0.3,1.58,-0.3,1.448,-0.3,1.184,-0.2,1.352,0.1,1.596,-0.3,1.408,0.0,1.3
05-01-2026-Fri 12-57-16-PM,-0.1,1.492,-0.1,1.576,-0.1,1.44,-0.2,1.18,-0.4,1.344,-0.1,1.596,-0.3,1.4,-0.2,1.292
05-01-2026-Fri 12-57-18-PM,0.2,1.488,-0.4,1.572,-0.2,1.432,0.0,1.172,-0.2,1.332,0.3,1.588,-0.2,1.392,-0.1,1.284
05-01-2026-Fri 12-57-19-PM,-0.2,1.484,-0.1,1.568,-0.1,1.424,0.0,1.164,-0.3,1.328,0.1,1.58,-0.2,1.384,-0.3,1.272
05-01-2026-Fri 12-57-21-PM,-0.2,1.476,-0.1,1.56,-0.1,1.42,-0.1,1.156,-0.1,1.316,-0.1,1.572,-0.2,1.372,0.1,1.268
05-01-2026-Fri 12-57-22-PM,-0.5,1.472,-0.3,1.552,0.0,1.416,-0.2,1.156,-0.3,1.308,-0.2,1.572,-0.4,1.368,-0.1,1.26
05-01-2026-Fri 12-57-23-PM,-0.2,1.464,-0.3,1.552,-0.1,1.408,0.0,1.148,-0.2,1.3,-0.1,1.568,-0.1,1.36,0.1,1.248
05-01-2026-Fri 12-57-25-PM,0.1,1.46,-0.2,1.548,0.2,1.404,0.0,1.14,-0.5,1.292,-0.2,1.564,-0.1,1.352,0.0,1.244
05-01-2026-Fri 12-57-26-PM,-0.3,1.452,-0.4,1.54,-0.1,1.4,-0.3,1.136,-0.2,1.284,-0.1,1.56,-0.2,1.348,-0.1,1.232
05-01-2026-Fri 12-57-28-PM,-0.2,1.452,-0.4,1.536,0.1,1.392,-0.3,1.132,-0.4,1.276,-0.1,1.556,-0.4,1.336,-0.1,1.224
05-01-2026-Fri 12-57-29-PM,0.1,1.448,-0.1,1.528,-0.3,1.388,0.0,1.124,0.0,1.272,-0.1,1.552,-0.4,1.328,0.0,1.216
05-01-2026-Fri 12-57-30-PM,-0.3,1.44,-0.3,1.524,-0.2,1.376,-0.1,1.12,-0.1,1.26,0.1,1.544,-0.4,1.324,-0.1,1.208
05-01-2026-Fri 12-57-32-PM,0.1,1.436,-0.1,1.52,-0.1,1.372,-0.2,1.116,-0.2,1.252,0.0,1.544,-0.1,1.32,-0.1,1.2
05-01-2026-Fri 12-57-33-PM,-0.3,1.432,-0.4,1.516,0.0,1.368,-0.1,1.112,-0.5,1.244,0.0,1.532,-0.1,1.308,-0.2,1.196
05-01-2026-Fri 12-57-35-PM,-0.1,1.424,-0.4,1.508,-0.1,1.36,0.0,1.104,-0.1,1.24,0.0,1.536,0.1,1.3,0.0,1.188
05-01-2026-Fri 12-57-36-PM,-0.1,1.424,-0.3,1.508,0.1,1.36,-0.2,1.104,-0.2,1.232,-0.1,1.528,-0.3,1.296,-0.1,1.184
05-01-2026-Fri 12-57-37-PM,-0.4,1.416,-0.3,1.504,-0.1,1.352,-0.1,1.096,0.1,1.228,0.0,1.524,-0.2,1.288,-0.1,1.176
05-01-2026-Fri 12-57-39-PM,-0.2,1.412,-0.4,1.5,0.0,1.348,-0.2,1.092,-0.2,1.22,-0.3,1.52,-0.5,1.284,0.0,1.172
05-01-2026-Fri 12-57-40-PM,-0.2,1.408,-0.1,1.492,-0.3,1.344,-0.2,1.088,-0.2,1.212,-0.2,1.516,0.1,1.276,-0.1,1.164
05-01-2026-Fri 12-57-42-PM,-0.2,1.4,-0.2,1.488,0.0,1.336,-0.4,1.084,-0.4,1.204,0.0,1.512,-0.1,1.268,-0.3,1.16
05-01-2026-Fri 12-57-43-PM,-0.1,1.396,-0.3,1.48,0.0,1.332,-0.5,1.08,-0.4,1.204,-0.1,1.508,-0.3,1.264,-0.1,1.156
05-01-2026-Fri 12-57-44-PM,-0.1,1.396,-0.2,1.48,0.0,1.328,-0.1,1.076,-0.2,1.196,-0.4,1.504,-0.1,1.256,0.0,1.148
05-01-2026-Fri 12-57-46-PM,-0.3,1.388,-0.1,1.472,-0.3,1.324,0.0,1.072,-0.4,1.184,0.0,1.5,-0.2,1.244,-0.1,1.14
05-01-2026-Fri 12-57-47-PM,-0.1,1.384,-0.2,1.468,0.1,1.312,0.0,1.064,-0.4,1.18,-0.1,1.496,-0.2,1.24,0.0,1.136
05-01-2026-Fri 12-57-49-PM,-0.4,1.376,-0.4,1.464,0.0,1.312,-0.2,1.064,-0.2,1.176,0.1,1.492,-0.2,1.232,-0.2,1.132
05-01-2026-Fri 12-57-50-PM,-0.2,1.376,-0.3,1.46,-0.2,1.304,-0.4,1.056,-0.5,1.168,0.0,1.488,-0.1,1.224,0.0,1.128
05-01-2026-Fri 12-57-52-PM,-0.3,1.372,-0.2,1.456,0.0,1.304,0.1,1.056,-0.5,1.164,0.0,1.484,-0.3,1.224,-0.2,1.124
05-01-2026-Fri 12-57-53-PM,0.2,1.368,-0.2,1.452,-0.2,1.3,0.0,1.052,-0.1,1.16,-0.1,1.48,0.0,1.216,0.1,1.116
05-01-2026-Fri 12-57-54-PM,-0.2,1.36,-0.1,1.448,-0.2,1.296,-0.1,1.048,-0.3,1.152,0.1,1.472,-0.4,1.208,-0.1,1.112
05-01-2026-Fri 12-57-56-PM,-0.1,1.356,-0.1,1.444,-0.3,1.288,-0.2,1.044,-0.1,1.148,0.0,1.472,0.1,1.208,-0.1,1.108
05-01-2026-Fri 12-57-57-PM,-0.3,1.352,-0.2,1.436,0.1,1.284,-0.3,1.044,-0.5,1.14,0.0,1.468,-0.3,1.196,-0.2,1.104
05-01-2026-Fri 12-57-59-PM,-0.2,1.348,-0.1,1.436,0.0,1.28,-0.1,1.036,-0.2,1.136,-0.2,1.464,-0.2,1.192,-0.2,1.1
05-01-2026-Fri 12-58-00-PM,-0.3,1.34,-0.1,1.436,-0.1,1.272,0.0,1.032,0.1,1.132,-0.1,1.46,-0.1,1.188,0.0,1.092
05-01-2026-Fri 12-58-01-PM,-0.1,1.34,-0.2,1.432,0.0,1.268,-0.2,1.032,-0.2,1.128,-0.2,1.456,-0.2,1.184,0.0,1.088
05-01-2026-Fri 12-58-03-PM,-0.3,1.336,-0.3,1.424,0.0,1.264,0.1,1.024,0.0,1.124,0.1,1.456,0.0,1.176,-0.1,1.088
05-01-2026-Fri 12-58-04-PM,-0.2,1.332,-0.2,1.42,-0.2,1.26,0.1,1.024,-0.1,1.116,-0.2,1.448,-0.1,1.172,0.0,1.08
05-01-2026-Fri 12-58-07-PM,-0.5,1.324,-0.2,1.416,0.0,1.256,0.0,1.02,-0.1,1.112,-0.1,1.448,-0.2,1.168,0.2,1.076
05-01-2026-Fri 12-58-10-PM,-0.3,1.316,0.0,1.408,0.0,1.248,-0.1,1.012,-0.2,1.104,0.0,1.436,0.1,1.152,0.2,1.068
05-01-2026-Fri 12-58-12-PM,-0.2,1.312,0.1,1.4,0.1,1.24,-0.1,1.008,-0.5,1.096,-0.1,1.432,-0.1,1.144,-0.1,1.064
05-01-2026-Fri 12-58-13-PM,-0.1,1.304,-0.2,1.4,-0.1,1.236,-0.2,1.004,-0.2,1.092,-0.2,1.428,-0.2,1.14,-0.1,1.056
05-01-2026-Fri 12-58-15-PM,-0.1,1.304,-0.2,1.396,-0.5,1.232,0.0,1.0,-0.5,1.088,0.1,1.424,0.1,1.14,0.0,1.056
05-01-2026-Fri 12-58-16-PM,-0.1,1.3,-0.2,1.388,-0.1,1.228,-0.1,1.0,-0.5,1.08,-0.1,1.424,-0.1,1.132,0.0,1.052
05-01-2026-Fri 12-58-17-PM,-0.5,1.296,-0.6,1.388,-0.1,1.224,-0.1,0.996,-0.4,1.076,-0.1,1.416,-0.2,1.132,-0.1,1.048
05-01-2026-Fri 12-58-19-PM,-0.1,1.292,-0.4,1.38,-0.2,1.22,-0.1,0.996,-0.1,1.076,0.0,1.416,-0.4,1.124,0.0,1.044
05-01-2026-Fri 12-58-20-PM,0.0,1.288,-0.3,1.384,0.1,1.216,-0.3,0.992,-0.3,1.068,0.0,1.412,-0.2,1.12,0.0,1.04
05-01-2026-Fri 12-58-21-PM,0.0,1.284,-0.2,1.376,-0.1,1.212,0.1,0.988,-0.3,1.064,-0.1,1.408,-0.3,1.116,-0.1,1.04
05-01-2026-Fri 12-58-23-PM,-0.2,1.284,0.1,1.372,0.1,1.208,-0.1,0.988,-0.6,1.06,0.0,1.404,-0.1,1.112,-0.1,1.032
05-01-2026-Fri 12-58-24-PM,-0.2,1.28,-0.3,1.372,0.0,1.204,-0.2,0.984,-0.2,1.056,0.0,1.404,-0.1,1.108,-0.1,1.028
05-01-2026-Fri 12-58-26-PM,-0.2,1.276,-0.5,1.364,-0.1,1.2,0.0,0.98,-0.3,1.056,0.1,1.4,-0.2,1.104,-0.1,1.028
05-01-2026-Fri 12-58-27-PM,-0.1,1.272,-0.3,1.364,-0.1,1.196,-0.2,0.98,-0.3,1.052,0.1,1.4,-0.3,1.1,0.0,1.024
05-01-2026-Fri 12-58-28-PM,-0.3,1.268,-0.1,1.36,-0.3,1.196,-0.1,0.976,-0.2,1.048,-0.2,1.396,-0.2,1.092,0.0,1.02
05-01-2026-Fri 12-58-30-PM,-0.1,1.268,0.0,1.36,-0.3,1.188,0.0,0.972,-0.2,1.044,0.2,1.388,-0.2,1.088,-0.2,1.016
05-01-2026-Fri 12-58-32-PM,-0.5,1.26,0.0,1.356,0.0,1.184,-0.3,0.968,-0.3,1.044,0.0,1.388,0.0,1.084,-0.2,1.012
05-01-2026-Fri 12-58-33-PM,-0.2,1.256,-0.3,1.352,-0.1,1.18,-0.3,0.964,-0.2,1.04,0.0,1.384,-0.3,1.084,-0.1,1.012
05-01-2026-Fri 12-58-34-PM,-0.2,1.256,-0.7,1.348,-0.2,1.18,-0.3,0.964,-0.6,1.036,0.1,1.38,-0.4,1.08,0.0,1.012
05-01-2026-Fri 12-58-36-PM,-0.1,1.252,-0.4,1.344,0.1,1.176,-0.1,0.964,-0.5,1.032,-0.1,1.376,-0.1,1.076,-0.2,1.008
05-01-2026-Fri 12-58-37-PM,0.2,1.252,-0.5,1.34,0.0,1.172,-0.3,0.96,-0.5,1.028,0.0,1.372,0.1,1.072,0.0,1.004
05-01-2026-Fri 12-58-39-PM,-0.4,1.248,-0.1,1.34,0.0,1.168,0.0,0.96,-0.1,1.024,-0.1,1.372,-0.4,1.068,-0.3,1.0
05-01-2026-Fri 12-58-40-PM,-0.2,1.24,-0.4,1.336,0.0,1.164,-0.2,0.956,-0.3,1.024,-0.2,1.372,-0.2,1.068,-0.4,1.0
05-01-2026-Fri 12-58-42-PM,-0.1,1.236,-0.5,1.332,-0.2,1.164,-0.1,0.956,-0.3,1.016,0.0,1.368,-0.2,1.064,-0.1,1.0
05-01-2026-Fri 12-58-44-PM,-0.3,1.236,-0.3,1.328,0.0,1.16,-0.2,0.952,-0.3,1.02,0.1,1.364,-0.2,1.06,0.0,0.996
05-01-2026-Fri 12-58-45-PM,0.1,1.232,-0.1,1.328,0.1,1.156,0.0,0.943999,-0.5,1.016,0.1,1.364,0.0,1.06,-0.2,0.996
05-01-2026-Fri 12-58-46-PM,-0.1,1.228,-0.4,1.328,-0.3,1.152,-0.2,0.948,0.0,1.012,0.0,1.36,-0.1,1.056,-0.1,0.992
05-01-2026-Fri 12-58-48-PM,-0.3,1.228,-0.2,1.324,0.1,1.152,-0.2,0.948,-0.1,1.008,-0.1,1.356,0.0,1.052,-0.1,0.988
05-01-2026-Fri 12-58-49-PM,-0.3,1.224,-0.3,1.32,0.1,1.144,-0.3,0.943999,-0.3,1.008,0.0,1.352,-0.2,1.048,0.1,0.988
05-01-2026-Fri 12-58-51-PM,-0.2,1.22,-0.4,1.32,-0.1,1.144,0.1,0.943999,-0.5,1.004,-0.2,1.348,-0.5,1.044,0.0,0.984
05-01-2026-Fri 12-58-52-PM,-0.2,1.22,-0.4,1.316,-0.1,1.14,-0.1,0.943999,-0.2,1.0,0.2,1.348,-0.2,1.04,0.1,0.984
05-01-2026-Fri 12-58-53-PM,0.1,1.212,-0.2,1.316,-0.2,1.136,0.1,0.94,-0.3,1.0,0.1,1.344,-0.2,1.04,-0.3,0.984
05-01-2026-Fri 12-58-55-PM,-0.4,1.212,-0.3,1.312,-0.1,1.136,-0.1,0.94,-0.5,0.996,-0.3,1.34,-0.2,1.036,0.1,0.98
05-01-2026-Fri 12-58-56-PM,-0.1,1.204,0.0,1.312,-0.1,1.136,-0.3,0.936,-0.5,0.996,0.2,1.34,-0.3,1.036,-0.1,0.98
05-01-2026-Fri 12-58-58-PM,-0.1,1.208,-0.5,1.308,-0.1,1.132,-0.3,0.932,-0.6,0.996,0.2,1.336,-0.1,1.032,-0.2,0.976
05-01-2026-Fri 12-58-59-PM,-0.1,1.2,-0.3,1.304,-0.1,1.124,0.0,0.936,-0.3,0.988,-0.1,1.336,-0.2,1.028,0.0,0.972
05-01-2026-Fri 12-59-00-PM,-0.4,1.204,0.0,1.3,-0.2,1.124,0.0,0.932,-0.5,0.984,-0.1,1.336,-0.2,1.028,-0.1,0.968
05-01-2026-Fri 12-59-02-PM,-0.3,1.196,-0.4,1.3,-0.1,1.124,-0.2,0.932,-0.2,0.984,-0.2,1.332,-0.2,1.024,-0.1,0.972
05-01-2026-Fri 12-59-03-PM,-0.3,1.192,-0.3,1.296,-0.2,1.12,-0.1,0.928,-0.3,0.98,0.0,1.328,0.0,1.024,0.0,0.968
05-01-2026-Fri 12-59-05-PM,-0.4,1.192,-0.1,1.296,-0.3,1.116,-0.2,0.928,-0.3,0.98,-0.1,1.324,-0.2,1.02,-0.1,0.964
05-01-2026-Fri 12-59-06-PM,-0.3,1.188,-0.7,1.292,-0.2,1.112,-0.3,0.924,-0.2,0.976,-0.2,1.324,-0.2,1.02,-0.1,0.964
05-01-2026-Fri 12-59-07-PM,-0.2,1.184,-0.1,1.292,-0.4,1.112,-0.1,0.924,-0.6,0.976,-0.2,1.32,-0.2,1.016,-0.3,0.96
05-01-2026-Fri 12-59-09-PM,-0.2,1.184,-0.4,1.288,-0.3,1.108,-0.2,0.92,-0.2,0.972,0.2,1.316,-0.2,1.016,0.0,0.96
05-01-2026-Fri 12-59-10-PM,-0.4,1.18,-0.3,1.284,-0.1,1.108,0.1,0.916,-0.3,0.972,0.1,1.316,-0.4,1.012,0.1,0.96
05-01-2026-Fri 12-59-12-PM,-0.1,1.176,-0.2,1.284,-0.1,1.1,-0.2,0.92,-0.2,0.968,0.0,1.312,-0.3,1.008,-0.5,0.956
05-01-2026-Fri 12-59-13-PM,-0.2,1.172,-0.2,1.28,0.0,1.1,-0.1,0.92,-0.3,0.968,0.0,1.308,0.0,1.004,-0.2,0.956
05-01-2026-Fri 12-59-14-PM,-0.2,1.168,-0.2,1.28,-0.3,1.096,-0.2,0.916,-0.5,0.964,-0.2,1.308,0.0,1.004,0.1,0.952
05-01-2026-Fri 12-59-16-PM,-0.2,1.168,-0.4,1.276,-0.3,1.096,-0.1,0.912,-0.2,0.96,0.1,1.304,0.0,1.0,-0.1,0.952
05-01-2026-Fri 12-59-17-PM,-0.2,1.164,-0.3,1.272,-0.1,1.092,-0.1,0.912,-0.3,0.96,0.1,1.3,-0.1,0.996,-0.2,0.952
05-01-2026-Fri 12-59-19-PM,-0.4,1.164,-0.3,1.272,-0.3,1.092,-0.3,0.912,-0.2,0.96,0.0,1.3,-0.1,0.996,-0.2,0.948
05-01-2026-Fri 12-59-20-PM,-0.2,1.16,-0.2,1.268,-0.2,1.084,0.0,0.912,-0.5,0.96,-0.2,1.296,-0.3,0.996,0.0,0.948
05-01-2026-Fri 12-59-22-PM,-0.3,1.156,-0.1,1.268,0.0,1.088,-0.2,0.904,-0.3,0.952,-0.1,1.292,-0.1,0.992,-0.1,0.943999
05-01-2026-Fri 12-59-23-PM,-0.1,1.152,-0.2,1.268,0.1,1.084,-0.4,0.908,-0.5,0.952,-0.2,1.292,-0.1,0.992,-0.1,0.943999
05-01-2026-Fri 12-59-25-PM,-0.1,1.148,-0.4,1.264,-0.1,1.08,-0.1,0.904,-0.4,0.948,-0.1,1.288,-0.2,0.988,-0.4,0.94
05-01-2026-Fri 12-59-26-PM,-0.1,1.148,-0.2,1.26,0.0,1.076,-0.4,0.904,-0.3,0.948,0.1,1.288,0.0,0.988,-0.1,0.94
05-01-2026-Fri 12-59-28-PM,-0.2,1.148,-0.2,1.256,0.1,1.076,0.0,0.9,-0.2,0.943999,-0.3,1.284,0.0,0.98,0.1,0.94
05-01-2026-Fri 12-59-29-PM,0.1,1.14,-0.2,1.26,-0.2,1.076,0.0,0.9,-0.5,0.943999,-0.1,1.28,-0.1,0.984,-0.3,0.936
05-01-2026-Fri 12-59-30-PM,-0.1,1.14,-0.3,1.252,-0.2,1.072,0.0,0.896,-0.3,0.94,-0.3,1.276,-0.3,0.98,-0.1,0.932
05-01-2026-Fri 12-59-32-PM,0.1,1.136,-0.3,1.256,-0.1,1.072,-0.2,0.896,-0.6,0.94,0.2,1.276,-0.3,0.976,-0.2,0.936
05-01-2026-Fri 12-59-33-PM,0.0,1.132,-0.1,1.256,0.1,1.064,-0.2,0.896,-0.2,0.94,0.3,1.272,-0.4,0.976,-0.3,0.932
05-01-2026-Fri 12-59-35-PM,-0.2,1.136,-0.3,1.248,0.1,1.064,0.1,0.892,-0.1,0.936,0.1,1.272,-0.3,0.972,-0.3,0.928
05-01-2026-Fri 12-59-36-PM,-0.2,1.132,-0.1,1.248,0.0,1.064,-0.2,0.892,-0.5,0.932,0.3,1.268,-0.1,0.972,0.1,0.924
05-01-2026-Fri 12-59-37-PM,-0.1,1.128,-0.1,1.248,-0.1,1.06,-0.2,0.892,-0.2,0.932,0.1,1.264,-0.3,0.968,0.0,0.924
05-01-2026-Fri 12-59-39-PM,-0.3,1.124,-0.4,1.244,0.0,1.06,-0.1,0.888,-0.4,0.928,-0.3,1.264,-0.2,0.968,-0.1,0.924
05-01-2026-Fri 12-59-40-PM,-0.3,1.124,-0.4,1.24,-0.1,1.056,-0.1,0.892,-0.3,0.932,-0.2,1.264,0.1,0.964,-0.1,0.924
05-01-2026-Fri 12-59-42-PM,-0.4,1.12,-0.2,1.24,-0.3,1.056,-0.1,0.888,-0.2,0.928,-0.2,1.26,-0.3,0.964,0.1,0.92
05-01-2026-Fri 12-59-43-PM,0.0,1.116,-0.2,1.236,0.2,1.048,0.2,0.884,-0.5,0.924,-0.1,1.256,-0.4,0.964,-0.3,0.92
05-01-2026-Fri 12-59-44-PM,0.2,1.112,-0.3,1.236,0.0,1.048,0.1,0.884,-0.1,0.924,0.0,1.256,-0.2,0.96,0.0,0.92
05-01-2026-Fri 12-59-46-PM,0.0,1.112,-0.2,1.236,-0.1,1.048,0.1,0.884,-0.3,0.924,0.0,1.252,-0.2,0.956,-0.2,0.92
05-01-2026-Fri 12-59-47-PM,0.3,1.108,-0.4,1.232,-0.1,1.044,0.1,0.884,-0.1,0.92,0.1,1.252,0.1,0.956,0.1,0.916
05-01-2026-Fri 12-59-49-PM,-0.1,1.108,-0.5,1.228,-0.1,1.044,-0.2,0.88,-0.3,0.916,-0.2,1.248,-0.3,0.956,0.0,0.912
05-01-2026-Fri 12-59-50-PM,0.2,1.104,-0.2,1.228,-0.2,1.044,0.0,0.88,-0.3,0.916,0.1,1.244,-0.1,0.952,-0.2,0.912
05-01-2026-Fri 12-59-51-PM,0.0,1.1,-0.4,1.224,-0.1,1.04,-0.1,0.88,-0.2,0.916,0.0,1.24,-0.1,0.952,-0.2,0.908
05-01-2026-Fri 12-59-53-PM,-0.1,1.1,-0.2,1.224,-0.1,1.04,0.1,0.876,-0.5,0.916,0.0,1.24,-0.3,0.948,0.0,0.908
05-01-2026-Fri 12-59-54-PM,0.1,1.1,-0.3,1.224,-0.3,1.036,-0.1,0.876,-0.4,0.912,0.1,1.24,-0.1,0.948,0.0,0.908
05-01-2026-Fri 12-59-56-PM,-0.1,1.092,-0.1,1.216,-0.2,1.036,-0.2,0.876,-0.5,0.912,0.1,1.236,-0.3,0.948,-0.4,0.908
05-01-2026-Fri 12-59-57-PM,-0.2,1.088,-0.1,1.216,0.1,1.036,-0.1,0.876,-0.2,0.908,-0.3,1.232,-0.2,0.943999,0.0,0.908
05-01-2026-Fri 12-59-59-PM,-0.1,1.088,0.0,1.216,0.1,1.032,-0.1,0.872,-0.1,0.908,0.1,1.232,-0.3,0.943999,-0.2,0.908
05-01-2026-Fri 13-00-00-PM,-0.2,1.084,-0.4,1.216,-0.4,1.028,-0.4,0.872,-0.1,0.908,-0.2,1.228,-0.4,0.943999,-0.1,0.904
05-01-2026-Fri 13-00-01-PM,-0.1,1.08,-0.3,1.212,-0.3,1.028,0.0,0.868,-0.4,0.904,0.3,1.224,-0.4,0.936,0.0,0.904
05-01-2026-Fri 13-00-03-PM,-0.1,1.08,-0.2,1.212,-0.2,1.024,-0.3,0.868,0.1,0.904,-0.1,1.224,0.0,0.94,-0.2,0.9
05-01-2026-Fri 13-00-04-PM,0.0,1.08,-0.2,1.208,0.0,1.024,0.0,0.868,-0.6,0.9,-0.2,1.22,0.0,0.94,-0.3,0.9
05-01-2026-Fri 13-00-06-PM,-0.5,1.076,-0.2,1.208,-0.2,1.024,-0.3,0.864,0.0,0.9,0.0,1.22,0.1,0.936,-0.3,0.9
05-01-2026-Fri 13-00-07-PM,0.1,1.072,-0.1,1.208,-0.1,1.02,0.0,0.864,-0.3,0.9,0.1,1.22,-0.4,0.932,-0.1,0.9
05-01-2026-Fri 13-00-09-PM,-0.2,1.072,-0.3,1.204,-0.4,1.02,-0.1,0.864,-0.3,0.9,0.0,1.216,-0.1,0.932,-0.1,0.9
05-01-2026-Fri 13-00-10-PM,0.1,1.068,-0.3,1.204,0.1,1.016,-0.2,0.864,-0.5,0.896,0.0,1.212,-0.1,0.928,-0.2,0.896
05-01-2026-Fri 13-00-11-PM,-0.5,1.068,-0.2,1.2,-0.4,1.02,-0.6,0.86,-0.2,0.896,-0.1,1.208,0.0,0.924,-0.5,0.896
05-01-2026-Fri 13-00-13-PM,Power On
05-01-2026-Fri 13-00-14-PM,59.0,5.144,66.8,5.148,56.8,5.14,36.2,5.176,34.2,5.144,38.5,5.164,27.5,5.128,42.8,5.136
05-01-2026-Fri 13-00-16-PM,56.7,5.148,63.9,5.148,54.9,5.144,35.2,5.176,32.8,5.148,37.5,5.168,26.4,5.132,41.4,5.14
05-01-2026-Fri 13-00-17-PM,Power Off
05-01-2026-Fri 13-00-18-PM,-0.1,2.096,-0.2,2.152,-0.1,2.144,-0.1,2.112,-0.6,2.108,0.0,2.128,-0.2,2.1,-0.1,2.116
05-01-2026-Fri 13-00-20-PM,-0.2,1.976,-0.4,2.076,-0.2,2.056,-0.1,2.008,-0.4,2.0,0.0,2.028,-0.2,1.988,0.0,2.0
05-01-2026-Fri 13-00-21-PM,-0.2,1.908,-0.3,2.032,0.0,2.004,-0.2,1.94,-0.1,1.932,0.1,1.968,0.0,1.92,0.0,1.928
05-01-2026-Fri 13-00-23-PM,-0.4,1.864,-0.3,1.996,-0.1,1.96,-0.1,1.88,-0.2,1.884,-0.4,1.924,-0.3,1.868,0.2,1.876
05-01-2026-Fri 13-00-24-PM,0.2,1.828,-0.3,1.968,0.0,1.924,-0.3,1.836,-0.6,1.844,-0.1,1.892,-0.1,1.832,-0.2,1.832
05-01-2026-Fri 13-00-25-PM,-0.2,1.8,-0.1,1.94,-0.1,1.892,-0.2,1.788,-0.5,1.804,-0.2,1.864,-0.3,1.796,-0.1,1.796
05-01-2026-Fri 13-00-27-PM,-0.2,1.772,-0.5,1.92,0.0,1.864,-0.1,1.756,-0.2,1.776,0.1,1.84,-0.1,1.764,-0.1,1.764
05-01-2026-Fri 13-00-28-PM,-0.1,1.748,-0.3,1.9,0.1,1.84,-0.4,1.72,-0.2,1.752,-0.1,1.82,-0.2,1.736,-0.1,1.736
05-01-2026-Fri 13-00-30-PM,-0.3,1.728,0.0,1.872,-0.2,1.816,0.1,1.692,-0.2,1.728,-0.1,1.8,-0.1,1.716,0.0,1.708
05-01-2026-Fri 13-00-31-PM,-0.2,1.712,-0.3,1.856,0.0,1.796,-0.2,1.664,-0.3,1.7,-0.1,1.784,0.0,1.688,0.1,1.688
05-01-2026-Fri 13-00-32-PM,0.2,1.692,-0.2,1.844,-0.1,1.772,-0.3,1.636,-0.2,1.68,-0.2,1.764,-0.1,1.668,0.1,1.66
05-01-2026-Fri 13-00-34-PM,-0.2,1.676,-0.3,1.828,0.1,1.756,-0.1,1.612,0.0,1.656,-0.1,1.756,-0.2,1.652,0.0,1.64
05-01-2026-Fri 13-00-35-PM,-0.1,1.664,-0.3,1.812,-0.1,1.736,-0.4,1.588,0.0,1.64,0.0,1.736,-0.2,1.636,-0.1,1.62
05-01-2026-Fri 13-00-36-PM,Power On
05-01-2026-Fri 13-00-38-PM,55.2,5.156,61.8,5.152,53.4,5.152,34.5,5.184,32.1,5.152,36.2,5.172,25.6,5.14,40.7,5.148
05-01-2026-Fri 13-00-39-PM,53.9,5.16,61.0,5.156,51.8,5.156,34.1,5.18,31.5,5.156,36.0,5.176,24.8,5.144,39.6,5.148
05-01-2026-Fri 13-00-41-PM,Power Off
05-01-2026-Fri 13-00-42-PM,-0.1,2.188,-0.3,2.208,-0.2,2.196,-0.3,2.156,-0.4,2.172,-0.1,2.196,-0.4,2.18,-0.1,2.196
05-01-2026-Fri 13-00-44-PM,-0.4,2.076,-0.5,2.136,-0.1,2.116,-0.3,2.064,-0.6,2.076,-0.3,2.1,-0.1,2.076,-0.1,2.088
05-01-2026-Fri 13-00-45-PM,-0.4,2.012,-0.5,2.096,-0.2,2.064,0.1,2.008,-0.2,2.016,0.0,2.052,-0.3,2.012,0.1,2.024
05-01-2026-Fri 13-00-46-PM,-0.2,1.964,-0.1,2.064,-0.1,2.024,-0.1,1.964,-0.4,1.976,0.0,2.012,-0.3,1.964,0.0,1.976
05-01-2026-Fri 13-00-49-PM,0.1,1.92,-0.1,2.028,-0.4,1.988,0.0,1.916,-0.1,1.932,0.4,1.972,-0.6,1.92,-0.2,1.928
05-01-2026-Fri 13-00-52-PM,0.1,1.864,-0.5,1.984,0.0,1.936,-0.1,1.844,-0.3,1.872,0.1,1.924,-0.3,1.864,-0.3,1.872
05-01-2026-Fri 13-00-55-PM,-0.3,1.82,-0.3,1.948,0.3,1.896,-0.1,1.784,-0.4,1.832,-0.1,1.888,-0.2,1.824,-0.3,1.824
05-01-2026-Fri 13-00-57-PM,-0.2,1.788,-0.1,1.916,-0.2,1.856,-0.1,1.732,0.0,1.792,-0.2,1.86,-0.2,1.784,0.0,1.788
05-01-2026-Fri 13-00-59-PM,-0.2,1.756,-0.3,1.888,0.0,1.824,0.2,1.68,-0.1,1.756,0.1,1.828,-0.5,1.752,-0.3,1.748
05-01-2026-Fri 13-01-01-PM,0.1,1.744,-0.3,1.872,0.0,1.808,-0.2,1.664,0.0,1.74,0.0,1.816,-0.3,1.736,-0.1,1.732
05-01-2026-Fri 13-01-02-PM,-0.3,1.732,-0.3,1.86,-0.1,1.792,0.1,1.644,-0.1,1.724,0.0,1.808,0.1,1.72,-0.2,1.716
05-01-2026-Fri 13-01-04-PM,-0.2,1.72,-0.2,1.848,-0.2,1.78,-0.3,1.624,-0.1,1.712,-0.2,1.796,-0.4,1.708,-0.2,1.7
05-01-2026-Fri 13-01-05-PM,-0.4,1.708,-0.2,1.84,0.1,1.768,-0.3,1.608,-0.4,1.696,0.1,1.784,0.1,1.696,0.0,1.684
05-01-2026-Fri 13-01-07-PM,-0.1,1.696,-0.2,1.824,-0.1,1.752,-0.2,1.588,-0.1,1.676,0.1,1.772,-0.2,1.68,-0.3,1.664
05-01-2026-Fri 13-01-08-PM,-0.2,1.688,0.0,1.816,-0.1,1.736,-0.2,1.568,-0.3,1.664,0.2,1.764,-0.1,1.668,0.1,1.652
05-01-2026-Fri 13-01-10-PM,-0.3,1.676,-0.3,1.804,0.1,1.728,-0.1,1.552,-0.5,1.656,0.0,1.756,-0.1,1.652,0.1,1.64
05-01-2026-Fri 13-01-11-PM,-0.2,1.668,-0.3,1.796,-0.1,1.712,-0.3,1.536,-0.5,1.64,-0.2,1.744,-0.1,1.64,-0.1,1.624
05-01-2026-Fri 13-01-12-PM,-0.3,1.66,-0.3,1.788,-0.1,1.704,0.0,1.52,-0.6,1.628,-0.3,1.74,-0.1,1.632,-0.2,1.612
05-01-2026-Fri 13-01-14-PM,-0.2,1.652,-0.3,1.776,0.1,1.696,-0.2,1.504,-0.3,1.616,-0.1,1.732,-0.3,1.62,-0.1,1.6
05-01-2026-Fri 13-01-15-PM,-0.3,1.644,-0.2,1.772,-0.2,1.684,-0.1,1.488,-0.3,1.604,0.2,1.724,-0.2,1.612,0.1,1.588
05-01-2026-Fri 13-01-17-PM,0.0,1.632,0.0,1.764,-0.4,1.676,-0.1,1.476,0.0,1.592,0.1,1.72,-0.1,1.596,-0.2,1.576
05-01-2026-Fri 13-01-18-PM,-0.5,1.624,-0.4,1.752,0.2,1.664,-0.1,1.46,0.0,1.584,0.0,1.712,-0.3,1.588,-0.2,1.568
05-01-2026-Fri 13-01-20-PM,-0.1,1.62,-0.3,1.744,-0.3,1.656,-0.1,1.448,-0.3,1.572,-0.1,1.704,-0.2,1.576,0.0,1.56
05-01-2026-Fri 13-01-21-PM,-0.3,1.612,-0.1,1.736,0.2,1.648,0.0,1.436,-0.4,1.56,-0.1,1.696,0.0,1.568,-0.1,1.544
05-01-2026-Fri 13-01-22-PM,-0.4,1.604,-0.3,1.728,-0.1,1.636,0.1,1.424,-0.3,1.552,0.1,1.688,-0.3,1.56,-0.3,1.54
05-01-2026-Fri 13-01-24-PM,-0.3,1.592,-0.2,1.72,0.1,1.624,-0.3,1.408,-0.2,1.54,0.1,1.68,-0.1,1.544,0.2,1.524
05-01-2026-Fri 13-01-25-PM,-0.2,1.584,-0.4,1.712,0.0,1.616,-0.1,1.396,-0.2,1.532,0.2,1.676,0.1,1.54,0.1,1.512
05-01-2026-Fri 13-01-27-PM,-0.2,1.584,-0.3,1.704,0.0,1.604,0.0,1.384,-0.1,1.524,-0.2,1.668,-0.4,1.528,-0.1,1.504
05-01-2026-Fri 13-01-28-PM,-0.3,1.576,-0.4,1.7,-0.1,1.6,0.1,1.376,-0.1,1.516,0.2,1.664,-0.2,1.52,0.1,1.496
05-01-2026-Fri 13-01-29-PM,-0.1,1.568,0.0,1.692,0.0,1.592,-0.2,1.364,-0.1,1.508,-0.2,1.656,-0.2,1.512,0.0,1.488
05-01-2026-Fri 13-01-31-PM,-0.1,1.56,-0.2,1.688,-0.3,1.58,-0.1,1.356,0.0,1.5,-0.1,1.652,0.0,1.504,0.1,1.48
05-01-2026-Fri 13-01-32-PM,0.1,1.552,-0.1,1.676,-0.2,1.572,-0.5,1.344,0.0,1.488,0.0,1.644,0.0,1.5,0.0,1.472
05-01-2026-Fri 13-01-34-PM,Power On
05-01-2026-Fri 13-01-35-PM,54.3,5.156,61.2,5.156,53.2,5.156,34.1,5.184,31.4,5.156,36.1,5.172,24.8,5.14,39.5,5.148
05-01-2026-Fri 13-01-36-PM,52.3,5.164,59.2,5.16,51.2,5.16,33.5,5.188,30.6,5.164,33.6,5.18,24.0,5.148,38.5,5.152
05-01-2026-Fri 13-01-38-PM,51.4,5.164,58.8,5.164,50.1,5.164,33.2,5.188,30.3,5.164,33.4,5.18,23.8,5.148,37.7,5.156
05-01-2026-Fri 13-01-39-PM,Power Off
05-01-2026-Fri 13-01-41-PM,-0.4,2.232,-0.4,2.236,-0.1,2.212,0.1,2.168,-0.2,2.184,0.0,2.22,-0.1,2.208,-0.1,2.224
05-01-2026-Fri 13-01-42-PM,-0.1,2.12,-0.2,2.164,-0.2,2.136,0.1,2.084,-0.1,2.096,-0.3,2.132,-0.3,2.108,-0.5,2.124
05-01-2026-Fri 13-01-43-PM,-0.3,2.048,-0.3,2.12,-0.2,2.088,-0.3,2.028,-0.2,2.04,0.1,2.08,-0.2,2.044,0.2,2.056
05-01-2026-Fri 13-01-45-PM,0.1,2.004,-0.3,2.088,0.0,2.052,-0.2,1.988,-0.4,2.0,0.0,2.04,-0.2,2.0,0.3,2.012
05-01-2026-Fri 13-01-46-PM,-0.2,1.968,-0.4,2.06,-0.3,2.02,0.1,1.956,-0.3,1.964,-0.1,2.012,-0.2,1.964,-0.1,1.976
05-01-2026-Fri 13-01-48-PM,-0.2,1.94,-0.3,2.04,-0.4,1.992,-0.2,1.924,-0.1,1.932,-0.3,1.984,-0.2,1.932,-0.4,1.944
05-01-2026-Fri 13-01-49-PM,-0.2,1.912,-0.5,2.012,0.1,1.972,-0.1,1.896,-0.4,1.912,0.1,1.964,-0.3,1.908,0.0,1.916
05-01-2026-Fri 13-01-50-PM,-0.1,1.888,-0.2,1.996,-0.1,1.952,-0.3,1.868,-0.2,1.888,0.1,1.944,-0.2,1.884,0.0,1.892
05-01-2026-Fri 13-01-52-PM,0.1,1.868,-0.2,1.98,-0.2,1.932,-0.2,1.84,-0.3,1.868,0.0,1.928,-0.1,1.864,-0.1,1.872
05-01-2026-Fri 13-01-53-PM,-0.1,1.848,-0.2,1.96,-0.2,1.912,-0.2,1.812,-0.1,1.848,-0.1,1.908,-0.2,1.848,-0.1,1.852
05-01-2026-Fri 13-01-55-PM,-0.3,1.836,-0.4,1.952,-0.1,1.892,-0.2,1.788,-0.2,1.832,0.1,1.896,-0.1,1.828,0.0,1.832
05-01-2026-Fri 13-01-56-PM,-0.3,1.816,-0.3,1.936,-0.1,1.88,-0.2,1.768,-0.1,1.82,0.1,1.88,-0.2,1.816,-0.1,1.82
05-01-2026-Fri 13-01-57-PM,0.2,1.8,-0.2,1.92,0.0,1.86,-0.2,1.744,-0.4,1.8,-0.3,1.868,-0.4,1.796,-0.2,1.804
05-01-2026-Fri 13-01-59-PM,-0.2,1.792,-0.3,1.908,-0.2,1.848,0.0,1.724,-0.1,1.788,-0.1,1.856,-0.1,1.784,-0.1,1.784
05-01-2026-Fri 13-02-00-PM,-0.5,1.776,-0.4,1.896,0.0,1.836,-0.2,1.7,-0.3,1.776,-0.1,1.848,0.1,1.772,-0.1,1.772
05-01-2026-Fri 13-02-01-PM,-0.2,1.768,-0.4,1.884,-0.1,1.82,-0.1,1.684,-0.2,1.764,0.0,1.836,-0.2,1.756,-0.1,1.756
05-01-2026-Fri 13-02-03-PM,-0.2,1.752,-0.3,1.872,-0.2,1.808,-0.2,1.668,-0.3,1.748,0.2,1.828,-0.2,1.744,-0.2,1.74
05-01-2026-Fri 13-02-04-PM,-0.2,1.744,-0.5,1.86,-0.2,1.796,-0.6,1.648,-0.3,1.736,0.2,1.816,-0.3,1.732,-0.1,1.728
05-01-2026-Fri 13-02-06-PM,-0.1,1.732,-0.2,1.856,0.0,1.784,-0.1,1.632,-0.3,1.72,0.1,1.808,-0.2,1.72,0.2,1.716
05-01-2026-Fri 13-02-07-PM,-0.3,1.72,-0.3,1.844,-0.1,1.776,0.1,1.616,0.0,1.712,0.1,1.8,-0.2,1.712,-0.3,1.7
05-01-2026-Fri 13-02-08-PM,0.0,1.712,-0.3,1.836,-0.1,1.764,-0.2,1.6,-0.3,1.696,0.0,1.788,-0.1,1.7,0.2,1.692
05-01-2026-Fri 13-02-10-PM,-0.1,1.704,-0.2,1.824,0.0,1.748,-0.1,1.588,-0.2,1.688,-0.5,1.78,0.0,1.688,0.2,1.68
05-01-2026-Fri 13-02-11-PM,-0.4,1.696,-0.3,1.816,0.0,1.74,-0.2,1.572,-0.2,1.676,0.1,1.776,0.0,1.676,-0.1,1.668
05-01-2026-Fri 13-02-14-PM,-0.1,1.684,-0.2,1.804,-0.1,1.728,-0.3,1.552,-0.1,1.664,-0.2,1.768,-0.1,1.668,-0.3,1.656
05-01-2026-Fri 13-02-16-PM,0.1,1.672,-0.2,1.784,-0.1,1.708,-0.1,1.524,-0.1,1.644,0.2,1.752,-0.2,1.644,-0.1,1.632
05-01-2026-Fri 13-02-17-PM,-0.2,1.664,-0.4,1.78,-0.1,1.7,-0.2,1.508,-0.2,1.628,0.1,1.736,-0.1,1.636,0.1,1.62
05-01-2026-Fri 13-02-19-PM,-0.3,1.652,-0.3,1.772,-0.2,1.688,0.1,1.496,-0.3,1.62,0.1,1.736,-0.4,1.62,0.1,1.612
05-01-2026-Fri 13-02-20-PM,0.2,1.648,-0.3,1.764,-0.1,1.68,0.0,1.48,-0.6,1.612,-0.2,1.728,-0.3,1.616,0.0,1.6
05-01-2026-Fri 13-02-22-PM,0.2,1.64,-0.2,1.756,-0.3,1.668,-0.1,1.472,-0.4,1.596,0.0,1.724,0.0,1.604,-0.1,1.588
05-01-2026-Fri 13-02-23-PM,0.1,1.636,-0.3,1.748,0.2,1.66,-0.2,1.46,-0.1,1.588,-0.1,1.716,-0.1,1.596,0.0,1.58
05-01-2026-Fri 13-02-25-PM,-0.3,1.628,-0.5,1.74,-0.1,1.656,0.0,1.444,-0.3,1.584,-0.2,1.712,-0.3,1.588,-0.1,1.572
05-01-2026-Fri 13-02-26-PM,-0.3,1.62,-0.1,1.736,-0.1,1.644,0.0,1.436,-0.1,1.572,-0.1,1.704,0.0,1.576,-0.2,1.564
05-01-2026-Fri 13-02-27-PM,-0.4,1.616,-0.1,1.728,-0.4,1.636,-0.3,1.42,-0.2,1.564,-0.2,1.7,0.0,1.572,-0.1,1.552
05-01-2026-Fri 13-02-29-PM,-0.2,1.612,-0.3,1.724,-0.1,1.632,-0.1,1.412,0.1,1.556,-0.1,1.692,0.0,1.56,-0.2,1.548
05-01-2026-Fri 13-02-30-PM,-0.2,1.604,-0.5,1.716,-0.1,1.62,0.0,1.404,-0.6,1.548,0.0,1.692,-0.1,1.556,-0.1,1.536
05-01-2026-Fri 13-02-32-PM,-0.1,1.596,-0.4,1.708,0.4,1.616,-0.1,1.396,-0.3,1.544,0.1,1.684,-0.5,1.548,-0.1,1.528
05-01-2026-Fri 13-02-33-PM,-0.2,1.592,-0.4,1.704,0.0,1.608,-0.2,1.38,-0.2,1.532,0.1,1.68,-0.1,1.54,0.1,1.52
05-01-2026-Fri 13-02-35-PM,-0.2,1.588,-0.3,1.7,0.0,1.6,-0.1,1.372,-0.3,1.528,0.1,1.676,-0.1,1.532,-0.1,1.516
05-01-2026-Fri 13-02-36-PM,-0.2,1.58,-0.2,1.692,0.0,1.592,0.1,1.36,-0.4,1.52,-0.1,1.672,-0.2,1.528,0.0,1.508
05-01-2026-Fri 13-02-37-PM,-0.1,1.572,-0.2,1.688,-0.3,1.588,0.0,1.352,-0.3,1.516,0.0,1.66,0.1,1.52,0.1,1.5
05-01-2026-Fri 13-02-39-PM,-0.4,1.568,-0.1,1.68,0.0,1.58,0.0,1.344,-0.2,1.504,0.1,1.66,-0.3,1.512,0.0,1.488
05-01-2026-Fri 13-02-40-PM,-0.1,1.564,-0.4,1.676,0.2,1.572,-0.2,1.336,-0.3,1.5,0.1,1.656,0.1,1.504,0.1,1.484
05-01-2026-Fri 13-02-42-PM,0.0,1.56,-0.4,1.668,0.2,1.568,-0.3,1.328,-0.3,1.492,-0.3,1.652,-0.3,1.5,0.2,1.476
05-01-2026-Fri 13-02-43-PM,-0.2,1.552,-0.3,1.668,0.0,1.564,-0.2,1.324,-0.1,1.484,-0.2,1.648,-0.1,1.496,0.1,1.472
05-01-2026-Fri 13-02-44-PM,-0.1,1.548,-0.4,1.664,-0.1,1.556,0.1,1.316,-0.1,1.48,0.0,1.644,-0.1,1.488,0.2,1.46
05-01-2026-Fri 13-02-46-PM,-0.2,1.544,-0.3,1.66,0.1,1.548,-0.1,1.308,-0.4,1.476,0.1,1.64,-0.3,1.48,0.1,1.456
05-01-2026-Fri 13-02-47-PM,0.0,1.54,0.0,1.652,0.0,1.54,-0.4,1.3,-0.2,1.468,-0.1,1.632,-0.2,1.472,0.0,1.448
05-01-2026-Fri 13-02-48-PM,-0.2,1.536,-0.3,1.648,-0.2,1.54,-0.2,1.296,-0.3,1.46,-0.1,1.632,-0.1,1.468,0.0,1.444
05-01-2026-Fri 13-02-50-PM,-0.1,1.528,-0.1,1.644,-0.1,1.532,0.0,1.284,0.0,1.452,-0.2,1.628,-0.3,1.464,0.3,1.44
05-01-2026-Fri 13-02-51-PM,-0.2,1.524,-0.4,1.64,-0.2,1.528,-0.1,1.28,-0.1,1.448,0.0,1.624,-0.3,1.456,-0.1,1.432
05-01-2026-Fri 13-02-53-PM,-0.2,1.524,-0.1,1.636,0.2,1.52,0.0,1.272,-0.3,1.444,0.0,1.62,-0.3,1.452,-0.1,1.428
05-01-2026-Fri 13-02-54-PM,-0.1,1.516,-0.4,1.632,-0.1,1.516,-0.4,1.268,-0.5,1.436,0.1,1.612,-0.2,1.448,-0.1,1.42
05-01-2026-Fri 13-02-55-PM,0.0,1.508,-0.3,1.628,0.0,1.512,-0.2,1.264,-0.3,1.432,0.0,1.612,-0.3,1.44,0.1,1.412
05-01-2026-Fri 13-02-57-PM,-0.1,1.508,-0.1,1.62,0.0,1.504,-0.3,1.252,-0.5,1.424,0.2,1.608,0.2,1.432,0.0,1.408
05-01-2026-Fri 13-03-00-PM,0.1,1.504,-0.5,1.616,0.0,1.496,-0.4,1.244,0.0,1.42,-0.1,1.604,-0.2,1.432,-0.3,1.4
05-01-2026-Fri 13-03-02-PM,-0.2,1.492,-0.1,1.608,0.0,1.488,-0.4,1.232,-0.2,1.408,0.0,1.596,-0.3,1.416,0.0,1.388
05-01-2026-Fri 13-03-03-PM,-0.5,1.488,-0.2,1.604,0.0,1.484,-0.1,1.228,-0.2,1.4,0.2,1.588,0.0,1.412,-0.2,1.38
05-01-2026-Fri 13-03-04-PM,-0.2,1.484,-0.2,1.6,0.0,1.476,-0.1,1.224,-0.2,1.396,-0.3,1.588,-0.2,1.408,-0.2,1.376
05-01-2026-Fri 13-03-06-PM,-0.3,1.48,-0.2,1.596,-0.1,1.472,0.0,1.22,-0.5,1.388,-0.1,1.584,-0.2,1.4,0.0,1.368
05-01-2026-Fri 13-03-07-PM,0.2,1.476,-0.2,1.592,0.0,1.468,-0.1,1.216,-0.4,1.384,-0.2,1.58,0.0,1.392,-0.2,1.36
05-01-2026-Fri 13-03-09-PM,-0.3,1.468,-0.2,1.584,-0.1,1.464,-0.1,1.212,-0.5,1.38,-0.1,1.576,-0.1,1.392,-0.2,1.36
05-01-2026-Fri 13-03-10-PM,-0.2,1.468,-0.1,1.584,-0.2,1.456,-0.3,1.204,0.1,1.376,0.1,1.572,0.0,1.388,0.0,1.352
05-01-2026-Fri 13-03-12-PM,-0.3,1.464,-0.3,1.584,-0.1,1.452,0.0,1.196,-0.4,1.372,0.4,1.572,-0.3,1.38,0.0,1.348
05-01-2026-Fri 13-03-13-PM,-0.1,1.456,-0.3,1.576,-0.3,1.448,0.1,1.196,-0.3,1.364,0.1,1.568,0.1,1.376,-0.1,1.344
05-01-2026-Fri 13-03-14-PM,-0.1,1.456,-0.3,1.572,-0.1,1.444,-0.1,1.192,0.0,1.36,0.0,1.568,-0.2,1.372,-0.1,1.336
05-01-2026-Fri 13-03-16-PM,-0.3,1.452,-0.2,1.568,-0.1,1.44,0.0,1.188,-0.4,1.356,0.1,1.56,0.0,1.364,0.0,1.332
05-01-2026-Fri 13-03-17-PM,-0.2,1.444,-0.5,1.564,-0.2,1.44,0.0,1.184,-0.1,1.348,0.0,1.56,-0.2,1.364,-0.2,1.328
05-01-2026-Fri 13-03-19-PM,-0.2,1.444,-0.3,1.56,-0.2,1.432,-0.2,1.176,-0.2,1.344,0.0,1.552,-0.2,1.36,0.0,1.32
05-01-2026-Fri 13-03-20-PM,-0.3,1.44,-0.1,1.556,0.0,1.428,-0.1,1.176,-0.3,1.336,-0.3,1.552,-0.3,1.352,0.1,1.316
05-01-2026-Fri 13-03-21-PM,0.0,1.436,-0.2,1.556,-0.3,1.424,0.1,1.168,-0.4,1.332,0.1,1.548,-0.1,1.348,0.1,1.312
05-01-2026-Fri 13-03-23-PM,0.0,1.432,-0.3,1.552,-0.1,1.424,-0.1,1.164,0.1,1.328,-0.3,1.544,-0.1,1.34,0.0,1.308
05-01-2026-Fri 13-03-24-PM,0.2,1.424,-0.5,1.544,-0.1,1.416,0.3,1.16,-0.2,1.32,0.2,1.544,-0.3,1.336,0.1,1.3
05-01-2026-Fri 13-03-25-PM,-0.2,1.424,-0.1,1.544,0.0,1.412,0.2,1.156,-0.3,1.32,-0.1,1.54,-0.3,1.332,0.0,1.296
05-01-2026-Fri 13-03-27-PM,-0.2,1.42,-0.2,1.54,0.1,1.408,0.0,1.152,-0.3,1.316,-0.2,1.536,0.0,1.328,0.0,1.288
05-01-2026-Fri 13-03-28-PM,-0.3,1.416,-0.1,1.54,-0.1,1.404,-0.2,1.148,-0.1,1.304,0.2,1.532,-0.3,1.324,0.1,1.288
05-01-2026-Fri 13-03-30-PM,-0.2,1.408,-0.2,1.532,-0.1,1.4,-0.2,1.148,0.1,1.3,0.0,1.532,-0.2,1.32,-0.1,1.284
05-01-2026-Fri 13-03-31-PM,-0.4,1.408,-0.6,1.528,-0.1,1.396,-0.1,1.14,-0.2,1.3,-0.3,1.528,-0.1,1.316,0.0,1.276
05-01-2026-Fri 13-03-32-PM,-0.4,1.404,-0.2,1.528,0.1,1.392,-0.3,1.14,-0.2,1.296,0.0,1.524,-0.4,1.308,-0.1,1.272
05-01-2026-Fri 13-03-34-PM,-0.1,1.404,-0.4,1.52,-0.1,1.392,-0.4,1.132,-0.1,1.292,0.1,1.52,0.0,1.308,-0.1,1.268
05-01-2026-Fri 13-03-35-PM,Power On
05-01-2026-Fri 13-03-37-PM,51.4,5.16,59.3,5.164,50.8,5.16,32.8,5.188,29.8,5.164,33.3,5.176,22.7,5.148,36.9,5.156
05-01-2026-Fri 13-03-38-PM,49.4,5.164,56.9,5.164,49.1,5.168,31.9,5.192,28.9,5.168,32.2,5.18,21.8,5.156,36.1,5.16
05-01-2026-Fri 13-03-39-PM,Power Off
05-01-2026-Fri 13-03-41-PM,-0.3,2.18,-0.3,2.212,-0.3,2.196,0.1,2.168,-0.1,2.188,0.1,2.208,-0.3,2.184,0.0,2.204
05-01-2026-Fri 13-03-42-PM,-0.3,2.068,-0.2,2.14,-0.2,2.116,-0.1,2.072,-0.3,2.084,-0.2,2.108,-0.2,2.076,0.2,2.092
05-01-2026-Fri 13-03-44-PM,-0.4,2.0,-0.3,2.092,-0.2,2.068,-0.1,2.012,-0.1,2.02,-0.3,2.056,-0.1,2.012,-0.3,2.028
05-01-2026-Fri 13-03-45-PM,-0.2,1.956,-0.2,2.064,0.0,2.028,-0.2,1.968,0.0,1.976,-0.3,2.012,-0.1,1.964,-0.1,1.98
05-01-2026-Fri 13-03-46-PM,0.1,1.924,-0.2,2.04,0.0,1.996,-0.1,1.928,-0.4,1.94,0.0,1.984,-0.2,1.928,-0.1,1.944
05-01-2026-Fri 13-03-48-PM,-0.2,1.892,-0.3,2.016,-0.3,1.972,-0.1,1.896,-0.2,1.908,0.0,1.956,-0.2,1.896,0.0,1.912
05-01-2026-Fri 13-03-49-PM,-0.2,1.868,-0.1,1.996,-0.1,1.948,-0.3,1.864,-0.5,1.888,0.1,1.936,-0.1,1.868,0.0,1.884
05-01-2026-Fri 13-03-51-PM,-0.2,1.844,-0.3,1.976,0.0,1.924,0.0,1.836,-0.3,1.856,-0.2,1.916,-0.1,1.848,0.1,1.86
05-01-2026-Fri 13-03-52-PM,-0.1,1.824,-0.3,1.96,0.0,1.904,-0.1,1.808,-0.2,1.84,0.0,1.9,-0.1,1.824,0.0,1.836
05-01-2026-Fri 13-03-54-PM,-0.4,1.808,-0.3,1.944,-0.1,1.884,-0.1,1.784,-0.4,1.82,-0.2,1.884,-0.2,1.808,0.0,1.82
05-01-2026-Fri 13-03-55-PM,-0.1,1.792,-0.5,1.932,-0.1,1.872,-0.3,1.76,-0.2,1.8,0.0,1.868,-0.3,1.784,0.0,1.796
05-01-2026-Fri 13-03-56-PM,0.0,1.776,-0.2,1.912,-0.1,1.852,-0.3,1.732,-0.2,1.784,0.0,1.856,-0.2,1.768,-0.1,1.78
05-01-2026-Fri 13-03-58-PM,-0.2,1.764,-0.2,1.904,0.1,1.836,-0.1,1.716,-0.1,1.768,-0.1,1.84,-0.2,1.756,0.0,1.764
05-01-2026-Fri 13-03-59-PM,0.0,1.752,-0.2,1.888,-0.1,1.824,-0.1,1.696,-0.2,1.752,-0.1,1.828,0.0,1.736,-0.1,1.748
05-01-2026-Fri 13-04-01-PM,-0.1,1.736,-0.5,1.876,-0.4,1.808,-0.3,1.676,-0.1,1.736,0.1,1.82,0.0,1.724,0.0,1.732
05-01-2026-Fri 13-04-03-PM,0.1,1.712,-0.3,1.856,-0.3,1.784,-0.1,1.644,-0.2,1.708,-0.1,1.8,-0.1,1.696,-0.1,1.704
05-01-2026-Fri 13-04-05-PM,-0.4,1.704,-0.5,1.844,-0.3,1.772,-0.1,1.628,-0.3,1.696,-0.1,1.792,-0.1,1.684,-0.2,1.688
05-01-2026-Fri 13-04-08-PM,-0.2,1.684,-0.2,1.824,-0.2,1.748,0.1,1.6,-0.3,1.676,0.1,1.772,-0.1,1.66,0.0,1.664
05-01-2026-Fri 13-04-09-PM,-0.3,1.676,-0.3,1.808,0.0,1.732,-0.1,1.58,-0.5,1.656,-0.1,1.76,-0.2,1.644,-0.1,1.648
05-01-2026-Fri 13-04-10-PM,-0.2,1.664,-0.3,1.8,-0.2,1.72,0.0,1.564,-0.3,1.648,0.2,1.752,0.1,1.632,-0.1,1.636
05-01-2026-Fri 13-04-12-PM,-0.1,1.656,-0.3,1.792,-0.1,1.708,-0.1,1.552,-0.2,1.632,0.2,1.744,-0.2,1.628,0.0,1.624
05-01-2026-Fri 13-04-13-PM,-0.3,1.648,-0.2,1.784,0.0,1.7,0.0,1.54,-0.2,1.624,0.0,1.74,-0.1,1.612,-0.4,1.616
05-01-2026-Fri 13-04-15-PM,-0.2,1.64,-0.3,1.776,0.1,1.688,-0.1,1.528,-0.4,1.616,0.1,1.724,0.0,1.604,0.1,1.608
05-01-2026-Fri 13-04-16-PM,-0.1,1.632,-0.3,1.768,-0.1,1.684,-0.1,1.512,-0.1,1.604,-0.1,1.724,-0.1,1.592,0.1,1.596
05-01-2026-Fri 13-04-17-PM,-0.3,1.628,-0.3,1.76,0.0,1.672,-0.2,1.496,-0.3,1.596,-0.2,1.716,-0.1,1.584,-0.2,1.584
05-01-2026-Fri 13-04-19-PM,-0.4,1.624,-0.2,1.752,0.0,1.664,-0.1,1.488,-0.3,1.588,0.1,1.712,-0.1,1.576,-0.1,1.576
05-01-2026-Fri 13-04-20-PM,-0.2,1.616,-0.3,1.744,0.0,1.652,-0.2,1.476,-0.2,1.58,0.0,1.704,-0.1,1.568,-0.1,1.572
05-01-2026-Fri 13-04-22-PM,-0.1,1.608,-0.3,1.736,0.0,1.644,-0.1,1.464,-0.2,1.568,-0.2,1.7,-0.2,1.56,-0.2,1.56
05-01-2026-Fri 13-04-23-PM,-0.1,1.6,-0.2,1.728,-0.4,1.636,-0.1,1.456,-0.4,1.564,-0.2,1.692,-0.3,1.552,0.1,1.552
05-01-2026-Fri 13-04-24-PM,-0.2,1.596,-0.3,1.72,0.0,1.628,0.0,1.44,-0.3,1.556,-0.1,1.688,0.1,1.544,-0.2,1.548
05-01-2026-Fri 13-04-26-PM,0.1,1.584,-0.2,1.716,-0.1,1.62,0.0,1.432,0.0,1.548,-0.1,1.68,0.0,1.536,-0.3,1.532
05-01-2026-Fri 13-04-27-PM,-0.2,1.58,-0.3,1.708,0.1,1.612,0.0,1.42,-0.2,1.54,0.0,1.676,-0.2,1.524,0.0,1.528
05-01-2026-Fri 13-04-29-PM,-0.2,1.572,-0.3,1.7,0.0,1.604,-0.1,1.408,-0.3,1.528,-0.2,1.668,-0.2,1.52,0.1,1.52
05-01-2026-Fri 13-04-30-PM,-0.1,1.568,-0.1,1.696,-0.1,1.596,-0.3,1.4,-0.1,1.52,0.2,1.668,0.0,1.512,-0.1,1.516
05-01-2026-Fri 13-04-31-PM,-0.1,1.56,-0.5,1.692,-0.1,1.588,-0.3,1.392,-0.3,1.512,0.2,1.66,-0.2,1.508,0.0,1.508
05-01-2026-Fri 13-04-33-PM,Power On
05-01-2026-Fri 13-04-34-PM,49.2,5.172,56.1,5.168,48.8,5.168,31.8,5.192,28.5,5.168,31.1,5.188,21.7,5.156,35.4,5.16
05-01-2026-Fri 13-04-35-PM,Power Off
05-01-2026-Fri 13-04-37-PM,-0.3,2.18,-0.6,2.212,-0.4,2.192,0.0,2.152,-0.4,2.168,-0.1,2.196,0.0,2.172,-0.2,2.192
05-01-2026-Fri 13-04-38-PM,-0.3,2.068,-0.3,2.14,0.1,2.108,-0.2,2.064,-0.5,2.072,-0.2,2.104,-0.3,2.068,-0.2,2.088
05-01-2026-Fri 13-04-40-PM,-0.1,2.0,-0.4,2.1,0.0,2.064,-0.2,2.0,0.2,2.016,-0.1,2.052,-0.1,2.008,-0.3,2.024
05-01-2026-Fri 13-04-42-PM,-0.2,1.944,-0.2,2.056,0.0,2.02,-0.1,1.944,-0.1,1.964,0.1,2.004,-0.2,1.948,0.0,1.968
05-01-2026-Fri 13-04-44-PM,-0.2,1.884,-0.2,2.012,-0.1,1.964,-0.2,1.872,-0.6,1.904,0.1,1.952,0.0,1.884,-0.2,1.904
05-01-2026-Fri 13-04-45-PM,0.1,1.86,-0.2,1.996,0.1,1.944,0.0,1.84,-0.7,1.876,0.1,1.928,-0.5,1.86,-0.2,1.876
05-01-2026-Fri 13-04-47-PM,-0.3,1.84,-0.2,1.976,-0.2,1.92,0.0,1.816,-0.4,1.852,-0.1,1.912,0.1,1.836,-0.1,1.856
05-01-2026-Fri 13-04-49-PM,Power On
05-01-2026-Fri 13-04-52-PM,46.2,5.184,52.7,5.176,46.0,5.172,30.4,5.204,26.8,5.176,28.6,5.192,20.4,5.164,33.3,5.172
05-01-2026-Fri 13-04-55-PM,Power Off
05-01-2026-Fri 13-04-57-PM,-0.5,2.168,0.0,2.2,-0.2,2.176,-0.2,2.128,-0.4,2.144,-0.1,2.176,-0.3,2.16,-0.3,2.18
05-01-2026-Fri 13-04-58-PM,-0.1,2.1,-0.1,2.16,-0.1,2.128,0.0,2.076,-0.3,2.088,0.0,2.128,-0.3,2.1,-0.1,2.116
05-01-2026-Fri 13-05-00-PM,-0.1,2.052,-0.1,2.128,-0.1,2.092,-0.1,2.04,-0.5,2.052,-0.2,2.088,-0.3,2.056,-0.2,2.072
05-01-2026-Fri 13-05-01-PM,-0.2,2.016,-0.3,2.1,-0.1,2.064,-0.2,2.008,-0.2,2.016,-0.3,2.06,-0.2,2.02,0.0,2.036
05-01-2026-Fri 13-05-03-PM,-0.1,1.984,-0.5,2.076,-0.2,2.036,-0.2,1.98,-0.3,1.992,-0.1,2.032,-0.3,1.988,0.2,2.004
05-01-2026-Fri 13-05-04-PM,-0.2,1.96,-0.4,2.056,-0.3,2.016,0.0,1.956,-0.2,1.968,-0.2,2.012,-0.2,1.964,0.0,1.98
05-01-2026-Fri 13-05-05-PM,-0.3,1.932,-0.1,2.04,0.0,1.996,-0.2,1.936,-0.3,1.948,-0.1,1.992,-0.1,1.944,0.1,1.956
05-01-2026-Fri 13-05-07-PM,-0.1,1.916,-0.3,2.02,0.0,1.976,-0.3,1.912,0.1,1.924,0.1,1.972,-0.3,1.924,-0.1,1.936
05-01-2026-Fri 13-05-08-PM,Power On
05-01-2026-Fri 13-05-09-PM,45.6,5.176,52.2,5.176,45.7,5.176,30.4,5.204,27.0,5.18,29.0,5.192,20.0,5.164,33.1,5.172
05-01-2026-Fri 13-05-11-PM,44.9,5.176,51.8,5.184,44.7,5.172,30.2,5.2,26.5,5.18,28.6,5.192,19.9,5.164,32.7,5.172
05-01-2026-Fri 13-05-13-PM,44.6,5.18,51.6,5.176,44.7,5.18,29.9,5.2,26.4,5.18,28.3,5.192,19.7,5.164,32.4,5.172
05-01-2026-Fri 13-05-14-PM,Power Off
05-01-2026-Fri 13-05-15-PM,-0.3,2.304,-0.4,2.284,-0.1,2.268,0.0,2.236,-0.2,2.264,-0.1,2.296,-0.2,2.296,0.1,2.316
05-01-2026-Fri 13-05-17-PM,-0.1,2.204,0.0,2.216,-0.1,2.196,-0.1,2.152,-0.5,2.176,-0.1,2.208,0.0,2.192,-0.1,2.212
05-01-2026-Fri 13-05-18-PM,-0.4,2.136,-0.4,2.176,0.0,2.148,0.1,2.1,-0.3,2.124,-0.2,2.16,-0.4,2.132,0.2,2.148
05-01-2026-Fri 13-05-20-PM,-0.3,2.084,-0.2,2.144,0.1,2.112,-0.3,2.06,-0.3,2.084,-0.1,2.12,0.0,2.088,-0.1,2.104
05-01-2026-Fri 13-05-21-PM,-0.3,2.052,-0.3,2.108,-0.2,2.08,0.0,2.032,-0.2,2.052,-0.1,2.088,0.2,2.052,-0.1,2.068
05-01-2026-Fri 13-05-23-PM,-0.1,2.016,-0.2,2.088,0.0,2.06,-0.1,2.008,-0.3,2.024,0.1,2.06,0.1,2.024,0.0,2.04
05-01-2026-Fri 13-05-24-PM,-0.1,1.988,-0.3,2.068,-0.1,2.036,-0.1,1.984,-0.2,2.0,-0.2,2.04,-0.2,2.0,0.0,2.012
05-01-2026-Fri 13-05-25-PM,0.0,1.964,-0.4,2.052,-0.3,2.016,0.1,1.964,-0.1,1.976,-0.1,2.02,0.1,1.976,0.0,1.992
05-01-2026-Fri 13-05-27-PM,-0.3,1.944,-0.1,2.036,-0.2,2.0,0.0,1.944,-0.4,1.96,-0.3,2.004,-0.3,1.956,-0.1,1.968
05-01-2026-Fri 13-05-28-PM,-0.1,1.928,-0.2,2.016,-0.2,1.98,-0.1,1.924,-0.3,1.944,-0.1,1.988,-0.3,1.936,0.0,1.952
05-01-2026-Fri 13-05-29-PM,-0.5,1.908,-0.3,2.004,0.1,1.964,-0.1,1.908,-0.1,1.928,-0.1,1.972,-0.2,1.928,0.1,1.936
05-01-2026-Fri 13-05-31-PM,-0.1,1.892,-0.1,1.988,0.0,1.952,-0.2,1.888,-0.3,1.912,0.1,1.96,-0.3,1.908,-0.3,1.92
05-01-2026-Fri 13-05-32-PM,0.1,1.876,-0.1,1.98,-0.2,1.936,-0.1,1.876,-0.6,1.9,-0.1,1.948,-0.2,1.896,0.0,1.908
05-01-2026-Fri 13-05-34-PM,-0.4,1.864,-0.2,1.964,0.0,1.924,-0.1,1.86,-0.2,1.888,0.1,1.936,-0.1,1.88,-0.1,1.896
05-01-2026-Fri 13-05-35-PM,-0.4,1.852,-0.3,1.956,-0.3,1.912,0.0,1.848,-0.1,1.876,-0.1,1.924,-0.1,1.868,-0.1,1.884
05-01-2026-Fri 13-05-36-PM,Power On
05-01-2026-Fri 13-05-38-PM,45.4,5.18,51.8,5.18,45.5,5.176,30.2,5.204,26.6,5.18,28.7,5.192,19.9,5.168,32.7,5.176
05-01-2026-Fri 13-05-39-PM,44.2,5.184,50.9,5.18,44.3,5.176,29.8,5.204,25.9,5.18,28.1,5.196,19.5,5.168,32.2,5.172
05-01-2026-Fri 13-05-41-PM,43.5,5.18,50.8,5.184,43.8,5.176,29.6,5.2,25.7,5.18,27.8,5.196,18.8,5.164,31.6,5.176
05-01-2026-Fri 13-05-43-PM,-0.3,2.324,-0.3,2.296,-0.1,2.296,0.0,2.268,-0.3,2.308,0.1,2.336,0.0,2.332,0.0,2.348
05-01-2026-Fri 13-05-45-PM,-0.5,2.216,-0.2,2.228,0.0,2.208,-0.4,2.172,-0.2,2.204,0.1,2.228,-0.2,2.216,0.0,2.232
05-01-2026-Fri 13-05-46-PM,-0.2,2.148,-0.5,2.184,0.0,2.16,0.0,2.116,-0.2,2.144,-0.3,2.176,-0.3,2.152,-0.1,2.164
05-01-2026-Fri 13-05-48-PM,-0.1,2.088,-0.3,2.14,-0.3,2.12,-0.1,2.068,-0.3,2.092,-0.3,2.128,-0.3,2.096,-0.1,2.112
05-01-2026-Fri 13-05-49-PM,-0.1,2.052,-0.4,2.112,-0.2,2.088,-0.2,2.04,-0.2,2.064,-0.1,2.096,-0.4,2.068,0.0,2.08
05-01-2026-Fri 13-05-50-PM,0.0,2.02,-0.3,2.092,-0.1,2.06,0.2,2.012,-0.5,2.036,0.5,2.076,-0.4,2.036,0.1,2.048
05-01-2026-Fri 13-05-52-PM,-0.2,1.996,-0.4,2.068,0.1,2.044,0.1,1.988,-0.3,2.012,0.1,2.048,0.0,2.012,0.1,2.024
05-01-2026-Fri 13-05-53-PM,-0.1,1.972,-0.3,2.052,-0.1,2.02,-0.2,1.968,-0.2,1.992,0.1,2.028,-0.1,1.992,-0.1,2.0
05-01-2026-Fri 13-05-55-PM,0.0,1.948,-0.3,2.036,-0.2,2.008,-0.1,1.948,-0.2,1.976,-0.3,2.012,-0.2,1.968,-0.1,1.984
05-01-2026-Fri 13-05-56-PM,-0.1,1.932,-0.2,2.02,-0.2,1.988,-0.3,1.932,-0.2,1.956,0.0,1.996,-0.3,1.952,0.1,1.96
05-01-2026-Fri 13-05-57-PM,-0.3,1.916,-0.3,2.004,0.0,1.972,-0.3,1.912,-0.4,1.936,-0.1,1.98,0.0,1.936,-0.2,1.948
05-01-2026-Fri 13-05-59-PM,-0.1,1.9,-0.4,1.988,-0.1,1.96,-0.2,1.896,-0.3,1.924,-0.2,1.968,-0.2,1.924,-0.2,1.936
05-01-2026-Fri 13-06-00-PM,-0.1,1.884,-0.3,1.976,-0.2,1.948,-0.1,1.884,-0.4,1.912,0.0,1.96,-0.3,1.912,0.0,1.92
05-01-2026-Fri 13-06-02-PM,-0.1,1.868,-0.5,1.968,0.0,1.932,0.1,1.868,-0.7,1.9,-0.1,1.944,0.0,1.896,-0.2,1.908
05-01-2026-Fri 13-06-03-PM,-0.4,1.856,-0.4,1.956,-0.1,1.92,0.0,1.856,-0.3,1.888,0.0,1.932,0.0,1.884,0.0,1.896
05-01-2026-Fri 13-06-04-PM,-0.1,1.844,-0.3,1.94,0.2,1.908,0.0,1.844,-0.2,1.88,-0.2,1.924,-0.3,1.872,-0.1,1.884
05-01-2026-Fri 13-06-06-PM,-0.2,1.836,-0.2,1.932,-0.2,1.9,-0.1,1.832,-0.4,1.868,-0.2,1.916,-0.2,1.86,0.1,1.872
05-01-2026-Fri 13-06-07-PM,-0.2,1.824,-0.4,1.924,0.2,1.888,0.0,1.82,-0.5,1.856,-0.1,1.908,0.0,1.852,0.1,1.86
05-01-2026-Fri 13-06-08-PM,-0.5,1.816,-0.1,1.916,-0.2,1.88,-0.1,1.808,0.0,1.852,-0.1,1.896,-0.1,1.844,0.0,1.852
05-01-2026-Fri 13-06-10-PM,-0.3,1.808,-0.1,1.904,0.0,1.868,-0.1,1.792,-0.2,1.84,0.3,1.888,-0.2,1.836,-0.1,1.844
05-01-2026-Fri 13-06-11-PM,-0.2,1.796,-0.3,1.892,-0.1,1.856,0.1,1.784,-0.4,1.832,-0.2,1.88,-0.2,1.824,-0.1,1.832
05-01-2026-Fri 13-06-13-PM,-0.3,1.792,0.0,1.892,-0.1,1.848,0.0,1.772,-0.2,1.824,-0.2,1.872,0.1,1.816,0.2,1.828
05-01-2026-Fri 13-06-14-PM,-0.4,1.784,-0.5,1.88,-0.1,1.84,-0.3,1.76,-0.2,1.816,0.2,1.868,-0.2,1.808,-0.4,1.816
05-01-2026-Fri 13-06-16-PM,0.0,1.772,0.0,1.872,0.0,1.832,-0.1,1.748,-0.3,1.808,0.0,1.856,0.1,1.804,0.0,1.812
05-01-2026-Fri 13-06-17-PM,0.0,1.768,-0.2,1.86,0.1,1.824,0.0,1.74,-0.2,1.8,0.0,1.852,-0.1,1.796,-0.2,1.804
05-01-2026-Fri 13-06-18-PM,-0.2,1.76,-0.2,1.856,0.1,1.82,-0.2,1.728,-0.4,1.796,-0.3,1.844,-0.1,1.784,-0.1,1.796
05-01-2026-Fri 13-06-20-PM,-0.3,1.752,-0.3,1.848,0.1,1.812,0.1,1.72,-0.2,1.788,-0.1,1.84,-0.2,1.78,-0.1,1.788
05-01-2026-Fri 13-06-21-PM,-0.5,1.748,-0.1,1.84,-0.3,1.804,0.0,1.708,-0.3,1.78,0.1,1.836,-0.2,1.772,-0.3,1.78
05-01-2026-Fri 13-06-23-PM,0.1,1.74,-0.1,1.836,-0.2,1.792,-0.2,1.696,-0.4,1.776,0.0,1.828,0.1,1.768,0.1,1.776
05-01-2026-Fri 13-06-24-PM,0.0,1.736,-0.3,1.828,0.1,1.788,0.1,1.684,-0.2,1.768,-0.1,1.82,-0.4,1.76,0.0,1.772
05-01-2026-Fri 13-06-25-PM,-0.3,1.728,-0.2,1.82,0.0,1.78,0.1,1.68,-0.1,1.764,-0.3,1.816,0.0,1.752,-0.1,1.76
05-01-2026-Fri 13-06-27-PM,0.2,1.72,-0.3,1.816,-0.1,1.776,-0.3,1.668,-0.3,1.752,0.0,1.812,-0.2,1.748,-0.2,1.756
05-01-2026-Fri 13-06-28-PM,-0.1,1.716,-0.3,1.808,0.1,1.772,0.3,1.656,-0.2,1.752,0.1,1.804,-0.1,1.74,-0.2,1.748
05-01-2026-Fri 13-06-30-PM,0.1,1.708,-0.1,1.804,-0.2,1.76,-0.2,1.648,-0.3,1.744,-0.1,1.8,-0.3,1.732,-0.1,1.744
05-01-2026-Fri 13-06-31-PM,-0.2,1.704,-0.3,1.8,0.0,1.756,-0.3,1.636,-0.4,1.74,-0.3,1.792,-0.1,1.732,-0.1,1.736
05-01-2026-Fri 13-06-32-PM,-0.2,1.7,-0.1,1.792,-0.1,1.752,0.0,1.628,-0.2,1.732,-0.1,1.788,-0.2,1.72,-0.2,1.732
05-01-2026-Fri 13-06-34-PM,-0.1,1.696,-0.1,1.788,0.1,1.744,0.0,1.62,-0.3,1.728,0.1,1.788,-0.5,1.716,-0.3,1.724
05-01-2026-Fri 13-06-35-PM,-0.1,1.688,-0.1,1.78,-0.3,1.736,-0.1,1.608,-0.2,1.724,0.0,1.78,-0.3,1.712,-0.2,1.72
05-01-2026-Fri 13-06-36-PM,-0.3,1.684,-0.1,1.772,0.0,1.732,-0.2,1.6,-0.6,1.716,-0.1,1.776,-0.2,1.708,-0.1,1.716
05-01-2026-Fri 13-06-38-PM,-0.1,1.68,-0.2,1.768,0.0,1.728,-0.3,1.592,-0.2,1.712,0.0,1.772,-0.3,1.7,0.1,1.708
05-01-2026-Fri 13-06-39-PM,-0.3,1.672,-0.2,1.764,0.0,1.72,-0.1,1.584,-0.2,1.708,-0.2,1.768,-0.1,1.696,-0.1,1.704
05-01-2026-Fri 13-06-41-PM,-0.2,1.672,-0.4,1.756,-0.3,1.716,0.0,1.572,-0.2,1.7,0.0,1.764,0.0,1.688,0.0,1.696
05-01-2026-Fri 13-06-42-PM,0.0,1.664,-0.4,1.752,-0.1,1.708,0.1,1.568,-0.2,1.696,-0.2,1.76,-0.4,1.684,0.0,1.692
05-01-2026-Fri 13-06-44-PM,-0.3,1.66,0.1,1.748,0.1,1.704,-0.2,1.556,-0.2,1.692,-0.3,1.756,0.0,1.68,0.1,1.688
05-01-2026-Fri 13-06-45-PM,0.0,1.656,-0.5,1.744,-0.1,1.696,-0.2,1.552,-0.2,1.688,-0.1,1.748,-0.3,1.672,0.0,1.684
05-01-2026-Fri 13-06-46-PM,-0.3,1.652,0.0,1.74,0.0,1.692,-0.3,1.544,-0.2,1.684,0.1,1.748,-0.1,1.668,-0.1,1.68
05-01-2026-Fri 13-06-48-PM,-0.2,1.648,-0.5,1.736,0.0,1.688,-0.1,1.536,-0.2,1.68,-0.1,1.74,-0.3,1.664,0.1,1.672
05-01-2026-Fri 13-06-49-PM,-0.2,1.648,-0.3,1.728,0.1,1.684,-0.1,1.528,-0.2,1.672,-0.1,1.736,-0.2,1.66,0.1,1.668
05-01-2026-Fri 13-06-50-PM,-0.1,1.64,-0.3,1.728,-0.1,1.676,-0.1,1.52,-0.1,1.668,0.0,1.736,-0.3,1.656,-0.2,1.664
05-01-2026-Fri 13-06-52-PM,-0.1,1.636,-0.2,1.72,-0.1,1.672,-0.2,1.516,-0.4,1.664,-0.2,1.732,-0.2,1.652,-0.1,1.66
05-01-2026-Fri 13-06-53-PM,-0.4,1.632,-0.2,1.716,-0.3,1.668,-0.1,1.508,-0.2,1.66,-0.1,1.732,-0.3,1.644,0.0,1.656
05-01-2026-Fri 13-06-55-PM,-0.1,1.628,-0.1,1.716,-0.4,1.664,-0.3,1.5,-0.1,1.652,0.0,1.724,0.0,1.64,-0.1,1.648
05-01-2026-Fri 13-06-56-PM,-0.3,1.624,-0.3,1.708,0.0,1.656,-0.2,1.492,-0.4,1.648,-0.2,1.716,-0.3,1.636,-0.1,1.644
05-01-2026-Fri 13-06-57-PM,-0.2,1.62,-0.5,1.708,-0.1,1.652,-0.1,1.48,-0.1,1.644,-0.1,1.716,0.0,1.632,-0.1,1.64
05-01-2026-Fri 13-06-59-PM,-0.4,1.612,-0.3,1.7,-0.1,1.648,-0.2,1.476,-0.3,1.64,0.1,1.712,0.1,1.628,-0.2,1.636
05-01-2026-Fri 13-07-00-PM,-0.2,1.612,-0.1,1.696,-0.2,1.644,-0.3,1.468,-0.2,1.636,0.0,1.712,-0.2,1.624,-0.1,1.632
05-01-2026-Fri 13-07-02-PM,-0.2,1.604,-0.2,1.692,0.1,1.64,0.3,1.464,-0.1,1.632,-0.3,1.708,-0.1,1.62,0.2,1.624
05-01-2026-Fri 13-07-03-PM,-0.2,1.604,-0.1,1.688,-0.1,1.632,-0.2,1.452,-0.2,1.628,-0.1,1.7,-0.2,1.612,0.0,1.624
05-01-2026-Fri 13-07-04-PM,-0.2,1.6,-0.4,1.684,-0.3,1.628,-0.1,1.448,-0.2,1.624,-0.1,1.704,-0.5,1.608,-0.1,1.616
05-01-2026-Fri 13-07-06-PM,-0.3,1.596,-0.4,1.68,-0.1,1.628,-0.2,1.44,-0.2,1.62,0.3,1.696,-0.5,1.604,-0.1,1.612
05-01-2026-Fri 13-07-07-PM,0.0,1.592,-0.6,1.676,-0.2,1.62,-0.3,1.436,0.2,1.612,0.0,1.692,-0.3,1.596,0.1,1.608
05-01-2026-Fri 13-07-09-PM,-0.3,1.588,0.0,1.672,-0.4,1.62,-0.3,1.424,-0.1,1.612,-0.1,1.688,-0.2,1.596,-0.4,1.6
05-01-2026-Fri 13-07-10-PM,-0.2,1.588,-0.4,1.672,-0.2,1.612,0.1,1.416,-0.4,1.608,-0.2,1.688,0.0,1.592,-0.2,1.6
05-01-2026-Fri 13-07-11-PM,-0.4,1.584,-0.3,1.668,-0.3,1.608,0.1,1.412,-0.2,1.6,0.1,1.684,-0.1,1.588,0.0,1.596
05-01-2026-Fri 13-07-13-PM,-0.2,1.58,-0.2,1.664,-0.2,1.608,-0.4,1.408,-0.5,1.6,0.2,1.68,0.1,1.58,0.0,1.592
05-01-2026-Fri 13-07-14-PM,-0.1,1.576,-0.3,1.66,-0.1,1.6,0.0,1.4,-0.3,1.592,-0.2,1.68,-0.3,1.58,0.0,1.584
05-01-2026-Fri 13-07-16-PM,0.0,1.572,-0.2,1.66,0.0,1.6,-0.2,1.392,-0.3,1.588,0.1,1.676,0.1,1.572,-0.1,1.584
05-01-2026-Fri 13-07-17-PM,-0.1,1.572,-0.2,1.652,0.0,1.596,-0.5,1.388,-0.2,1.588,-0.1,1.676,-0.4,1.568,-0.1,1.58
05-01-2026-Fri 13-07-18-PM,-0.3,1.564,-0.2,1.652,0.0,1.588,-0.3,1.38,-0.1,1.58,-0.1,1.672,-0.2,1.564,-0.2,1.572
05-01-2026-Fri 13-07-20-PM,-0.3,1.564,-0.3,1.644,0.1,1.588,0.0,1.376,-0.5,1.58,-0.1,1.672,-0.3,1.56,0.2,1.568
05-01-2026-Fri 13-07-21-PM,-0.2,1.56,-0.1,1.644,-0.4,1.584,0.0,1.372,-0.1,1.58,0.0,1.664,-0.2,1.556,-0.1,1.568
05-01-2026-Fri 13-07-22-PM,-0.3,1.556,-0.2,1.64,0.1,1.58,-0.2,1.364,-0.5,1.572,0.0,1.66,-0.2,1.552,0.2,1.564
05-01-2026-Fri 13-07-24-PM,-0.2,1.552,-0.5,1.632,-0.1,1.576,0.1,1.356,-0.3,1.568,0.1,1.66,0.0,1.548,-0.4,1.56
05-01-2026-Fri 13-07-25-PM,-0.2,1.552,-0.3,1.632,0.1,1.568,-0.3,1.352,-0.3,1.564,0.0,1.656,-0.1,1.548,0.0,1.556
05-01-2026-Fri 13-07-27-PM,-0.1,1.544,-0.3,1.632,0.1,1.572,0.1,1.348,-0.1,1.556,0.1,1.656,0.0,1.54,-0.1,1.552
05-01-2026-Fri 13-07-28-PM,0.1,1.544,-0.3,1.628,-0.1,1.564,-0.2,1.34,-0.3,1.556,-0.1,1.652,-0.4,1.536,-0.1,1.548
05-01-2026-Fri 13-07-29-PM,0.1,1.54,-0.5,1.624,0.1,1.56,-0.1,1.332,-0.3,1.552,0.1,1.648,-0.3,1.532,0.4,1.544
05-01-2026-Fri 13-07-31-PM,-0.2,1.54,-0.4,1.624,-0.2,1.56,-0.1,1.328,-0.4,1.552,0.0,1.644,-0.1,1.528,0.0,1.54
05-01-2026-Fri 13-07-32-PM,-0.2,1.536,-0.4,1.62,-0.1,1.556,-0.1,1.324,-0.3,1.544,0.2,1.64,0.0,1.524,-0.2,1.536
05-01-2026-Fri 13-07-34-PM,0.0,1.532,-0.1,1.616,0.0,1.552,-0.2,1.316,-0.6,1.544,0.1,1.64,0.0,1.52,-0.1,1.536
05-01-2026-Fri 13-07-35-PM,-0.4,1.528,0.0,1.616,0.0,1.548,-0.2,1.312,-0.4,1.54,0.0,1.64,-0.2,1.516,-0.1,1.524
05-01-2026-Fri 13-07-36-PM,0.0,1.524,-0.3,1.608,-0.1,1.544,-0.2,1.304,-0.4,1.532,-0.2,1.636,-0.3,1.512,-0.2,1.524
05-01-2026-Fri 13-07-38-PM,-0.1,1.524,-0.3,1.608,0.0,1.544,-0.1,1.304,-0.3,1.528,0.1,1.636,-0.3,1.508,-0.1,1.52
05-01-2026-Fri 13-07-39-PM,-0.3,1.52,-0.3,1.604,-0.2,1.54,0.1,1.296,0.0,1.524,0.3,1.632,0.0,1.504,0.0,1.516
05-01-2026-Fri 13-07-41-PM,-0.2,1.52,-0.1,1.604,-0.1,1.536,-0.1,1.296,-0.5,1.524,0.0,1.628,0.0,1.504,-0.1,1.512
05-01-2026-Fri 13-07-43-PM,-0.4,1.512,-0.1,1.596,-0.1,1.532,-0.3,1.288,-0.2,1.52,-0.1,1.628,-0.2,1.496,-0.2,1.508
05-01-2026-Fri 13-07-46-PM,-0.3,1.508,-0.3,1.592,-0.4,1.528,0.0,1.28,-0.1,1.512,-0.1,1.624,-0.2,1.488,0.1,1.5
05-01-2026-Fri 13-07-49-PM,0.1,1.504,-0.3,1.588,0.1,1.52,0.0,1.268,-0.1,1.504,0.0,1.62,-0.1,1.484,0.1,1.496
05-01-2026-Fri 13-07-51-PM,-0.3,1.496,-0.2,1.58,0.0,1.516,0.0,1.26,-0.1,1.5,-0.1,1.616,-0.2,1.472,-0.1,1.492
05-01-2026-Fri 13-07-52-PM,-0.1,1.496,-0.5,1.58,-0.1,1.508,-0.2,1.252,-0.3,1.492,-0.1,1.608,-0.3,1.472,0.1,1.484
05-01-2026-Fri 13-07-54-PM,0.0,1.496,-0.4,1.576,-0.1,1.504,-0.3,1.252,0.0,1.492,0.1,1.608,-0.1,1.468,-0.2,1.48
05-01-2026-Fri 13-07-55-PM,-0.3,1.492,-0.4,1.576,-0.2,1.504,0.0,1.248,0.0,1.488,0.1,1.608,0.0,1.464,0.0,1.476
05-01-2026-Fri 13-07-56-PM,-0.3,1.488,-0.1,1.576,-0.1,1.5,-0.3,1.24,-0.3,1.484,-0.1,1.604,-0.1,1.464,0.1,1.476
05-01-2026-Fri 13-07-58-PM,0.0,1.488,-0.3,1.568,0.2,1.496,-0.1,1.24,-0.3,1.484,0.0,1.6,-0.4,1.456,0.0,1.468
05-01-2026-Fri 13-07-59-PM,-0.1,1.484,-0.3,1.568,-0.1,1.496,-0.3,1.236,-0.5,1.476,-0.1,1.604,-0.2,1.452,-0.1,1.468
05-01-2026-Fri 13-08-01-PM,0.2,1.48,-0.1,1.564,-0.2,1.492,-0.1,1.228,-0.3,1.476,0.1,1.596,0.0,1.448,0.1,1.464
05-01-2026-Fri 13-08-02-PM,-0.4,1.48,-0.3,1.56,-0.2,1.488,-0.2,1.224,-0.2,1.472,0.2,1.596,-0.2,1.448,-0.1,1.46
05-01-2026-Fri 13-08-03-PM,-0.2,1.476,-0.3,1.56,0.0,1.484,-0.1,1.22,-0.1,1.464,-0.1,1.596,0.2,1.44,0.0,1.456
05-01-2026-Fri 13-08-05-PM,-0.2,1.472,-0.2,1.556,-0.1,1.48,0.1,1.22,-0.1,1.464,-0.2,1.592,-0.4,1.44,0.0,1.452
05-01-2026-Fri 13-08-06-PM,-0.2,1.468,0.0,1.556,-0.3,1.48,-0.3,1.216,-0.2,1.46,0.1,1.592,-0.3,1.436,-0.1,1.448
05-01-2026-Fri 13-08-08-PM,-0.1,1.464,-0.2,1.552,0.1,1.476,-0.2,1.212,-0.3,1.456,-0.4,1.588,-0.1,1.432,0.0,1.444
05-01-2026-Fri 13-08-09-PM,-0.2,1.46,-0.2,1.552,0.0,1.476,-0.1,1.208,-0.2,1.456,0.0,1.588,-0.2,1.428,0.1,1.444
05-01-2026-Fri 13-08-10-PM,-0.2,1.464,-0.3,1.548,-0.1,1.476,-0.1,1.204,-0.3,1.452,-0.3,1.584,-0.1,1.428,0.0,1.436
05-01-2026-Fri 13-08-12-PM,-0.1,1.46,-0.3,1.548,-0.1,1.468,-0.2,1.196,-0.1,1.448,-0.2,1.58,-0.2,1.42,-0.2,1.436
05-01-2026-Fri 13-08-13-PM,-0.1,1.456,-0.4,1.544,-0.4,1.468,-0.3,1.196,-0.3,1.448,0.1,1.58,0.0,1.42,0.0,1.432
05-01-2026-Fri 13-08-15-PM,-0.2,1.456,-0.3,1.54,0.2,1.464,0.0,1.192,-0.1,1.44,0.2,1.58,-0.1,1.42,0.1,1.428
05-01-2026-Fri 13-08-16-PM,0.1,1.452,-0.1,1.54,-0.1,1.46,-0.2,1.188,-0.1,1.44,0.2,1.576,0.3,1.412,0.0,1.428
05-01-2026-Fri 13-08-18-PM,-0.4,1.452,-0.1,1.536,-0.2,1.456,-0.2,1.188,-0.5,1.436,-0.2,1.572,-0.2,1.408,-0.2,1.424
05-01-2026-Fri 13-08-19-PM,-0.1,1.448,-0.3,1.536,-0.4,1.452,0.0,1.184,-0.1,1.432,0.1,1.572,0.0,1.408,-0.1,1.416
05-01-2026-Fri 13-08-21-PM,-0.2,1.444,-0.2,1.532,0.0,1.452,-0.1,1.176,-0.4,1.432,0.1,1.568,-0.1,1.404,-0.2,1.416
05-01-2026-Fri 13-08-22-PM,0.0,1.444,-0.3,1.528,-0.2,1.448,-0.3,1.176,-0.2,1.428,-0.1,1.568,-0.4,1.396,0.0,1.412
05-01-2026-Fri 13-08-24-PM,-0.1,1.44,-0.2,1.528,-0.1,1.444,-0.2,1.168,-0.3,1.424,0.2,1.564,-0.1,1.396,-0.1,1.408
05-01-2026-Fri 13-08-25-PM,0.1,1.436,-0.3,1.524,-0.1,1.444,0.1,1.168,-0.5,1.424,0.1,1.564,-0.3,1.392,0.1,1.404
05-01-2026-Fri 13-08-26-PM,0.1,1.432,-0.1,1.52,0.1,1.444,-0.3,1.164,-0.3,1.416,-0.1,1.56,-0.2,1.392,0.1,1.4
05-01-2026-Fri 13-08-28-PM,-0.3,1.432,-0.3,1.516,-0.1,1.44,-0.3,1.164,-0.1,1.412,-0.1,1.56,-0.1,1.384,0.0,1.4
05-01-2026-Fri 13-08-29-PM,0.1,1.432,0.0,1.516,0.0,1.436,-0.2,1.16,-0.3,1.412,0.1,1.56,-0.2,1.388,-0.1,1.396
05-01-2026-Fri 13-08-31-PM,-0.2,1.428,-0.2,1.516,-0.2,1.432,0.0,1.156,-0.2,1.408,-0.1,1.556,-0.2,1.384,0.1,1.396
05-01-2026-Fri 13-08-32-PM,-0.2,1.424,-0.5,1.516,0.2,1.432,0.1,1.152,-0.3,1.404,-0.2,1.556,-0.3,1.376,-0.5,1.392
05-01-2026-Fri 13-08-33-PM,-0.3,1.42,-0.4,1.512,0.0,1.428,-0.1,1.152,-0.3,1.404,-0.1,1.552,-0.3,1.372,0.0,1.388
05-01-2026-Fri 13-08-35-PM,-0.3,1.42,-0.4,1.508,-0.2,1.424,-0.1,1.152,-0.4,1.396,-0.1,1.552,0.0,1.372,0.2,1.384
05-01-2026-Fri 13-08-37-PM,-0.3,1.42,0.0,1.508,-0.1,1.424,-0.1,1.148,-0.1,1.396,0.1,1.548,-0.4,1.372,0.0,1.384
05-01-2026-Fri 13-08-38-PM,-0.1,1.412,-0.2,1.504,-0.2,1.42,0.0,1.14,-0.3,1.392,-0.1,1.548,-0.2,1.368,-0.2,1.376
05-01-2026-Fri 13-08-40-PM,-0.2,1.416,-0.2,1.5,0.0,1.416,-0.2,1.136,-0.4,1.388,-0.1,1.548,-0.3,1.36,0.0,1.372
05-01-2026-Fri 13-08-41-PM,0.2,1.412,-0.4,1.504,0.0,1.416,-0.1,1.136,-0.3,1.388,-0.2,1.544,-0.1,1.36,-0.2,1.372
05-01-2026-Fri 13-08-43-PM,-0.5,1.412,-0.3,1.504,-0.2,1.416,-0.1,1.136,-0.2,1.384,0.2,1.544,0.0,1.356,0.0,1.368
05-01-2026-Fri 13-08-44-PM,-0.3,1.408,-0.3,1.496,0.0,1.408,-0.3,1.132,-0.5,1.384,-0.1,1.54,-0.4,1.352,0.1,1.364
05-01-2026-Fri 13-08-45-PM,-0.2,1.404,-0.5,1.496,-0.4,1.408,0.1,1.128,-0.3,1.38,-0.3,1.536,0.3,1.348,-0.1,1.364
05-01-2026-Fri 13-08-47-PM,-0.1,1.404,-0.2,1.496,-0.2,1.408,-0.1,1.124,-0.3,1.372,0.0,1.536,-0.3,1.348,-0.2,1.36
05-01-2026-Fri 13-08-48-PM,-0.3,1.4,-0.1,1.492,-0.1,1.404,-0.2,1.12,-0.2,1.372,0.1,1.536,-0.5,1.344,0.0,1.356
05-01-2026-Fri 13-08-50-PM,-0.1,1.4,-0.1,1.492,0.1,1.4,-0.2,1.12,-0.2,1.368,-0.1,1.528,-0.4,1.34,-0.1,1.352
05-01-2026-Fri 13-08-51-PM,-0.2,1.396,-0.4,1.492,0.0,1.4,-0.2,1.116,-0.3,1.368,0.1,1.532,-0.3,1.336,-0.1,1.352
05-01-2026-Fri 13-08-52-PM,-0.3,1.392,-0.4,1.484,-0.1,1.396,-0.3,1.112,-0.1,1.368,0.0,1.528,-0.2,1.336,0.2,1.348
05-01-2026-Fri 13-08-54-PM,-0.2,1.388,-0.4,1.484,0.1,1.396,-0.2,1.112,-0.2,1.364,0.0,1.532,0.0,1.336,0.1,1.348
05-01-2026-Fri 13-08-55-PM,-0.3,1.392,-0.4,1.48,0.0,1.392,-0.1,1.112,-0.1,1.36,-0.2,1.528,-0.3,1.332,-0.1,1.344
05-01-2026-Fri 13-08-56-PM,-0.4,1.388,-0.2,1.48,-0.1,1.388,0.1,1.108,-0.3,1.36,0.1,1.524,-0.3,1.328,0.0,1.336
05-01-2026-Fri 13-08-58-PM,0.0,1.388,-0.2,1.476,-0.2,1.388,0.0,1.104,-0.4,1.356,-0.2,1.52,-0.4,1.324,0.0,1.336
05-01-2026-Fri 13-08-59-PM,-0.4,1.38,-0.3,1.476,-0.1,1.388,-0.1,1.104,-0.4,1.352,-0.2,1.52,-0.1,1.32,0.0,1.336
05-01-2026-Fri 13-09-01-PM,-0.1,1.384,-0.3,1.476,-0.2,1.384,-0.1,1.1,-0.3,1.348,-0.3,1.516,-0.1,1.32,-0.1,1.328
05-01-2026-Fri 13-09-02-PM,0.0,1.376,-0.4,1.472,0.0,1.38,-0.2,1.096,-0.3,1.348,0.0,1.516,-0.2,1.312,-0.3,1.328
05-01-2026-Fri 13-09-03-PM,-0.3,1.38,-0.1,1.468,0.0,1.376,-0.1,1.096,-0.2,1.34,-0.1,1.516,-0.2,1.312,0.0,1.324
05-01-2026-Fri 13-09-05-PM,-0.1,1.372,-0.2,1.468,-0.3,1.376,-0.2,1.092,-0.1,1.34,-0.3,1.516,-0.2,1.308,0.0,1.324
05-01-2026-Fri 13-09-06-PM,0.2,1.372,-0.3,1.464,-0.3,1.372,-0.2,1.088,-0.2,1.336,0.1,1.512,-0.2,1.308,-0.1,1.32
05-01-2026-Fri 13-09-08-PM,0.1,1.372,-0.2,1.464,-0.3,1.372,-0.3,1.084,0.1,1.332,0.2,1.512,-0.2,1.3,-0.1,1.316
05-01-2026-Fri 13-09-09-PM,-0.2,1.364,-0.3,1.46,0.0,1.372,-0.1,1.088,-0.2,1.328,0.0,1.508,-0.1,1.3,-0.1,1.312
05-01-2026-Fri 13-09-11-PM,0.1,1.364,0.0,1.46,-0.2,1.368,-0.4,1.08,0.1,1.328,0.1,1.504,0.0,1.296,0.1,1.312
05-01-2026-Fri 13-09-12-PM,0.1,1.36,-0.2,1.46,0.0,1.364,-0.3,1.08,-0.2,1.328,0.1,1.508,-0.1,1.296,-0.2,1.304
05-01-2026-Fri 13-09-14-PM,-0.1,1.36,-0.2,1.46,0.0,1.364,-0.3,1.08,-0.3,1.324,0.2,1.5,-0.2,1.292,0.1,1.304
05-01-2026-Fri 13-09-15-PM,0.0,1.356,-0.1,1.452,0.0,1.36,0.0,1.072,-0.3,1.324,-0.1,1.5,-0.3,1.288,-0.1,1.304
05-01-2026-Fri 13-09-17-PM,0.0,1.356,0.0,1.452,-0.1,1.36,-0.3,1.076,-0.3,1.316,-0.3,1.5,-0.5,1.288,0.0,1.3
05-01-2026-Fri 13-09-18-PM,-0.4,1.356,-0.4,1.448,0.0,1.356,0.0,1.072,-0.1,1.316,-0.2,1.496,-0.3,1.284,-0.1,1.296
05-01-2026-Fri 13-09-19-PM,-0.2,1.352,-0.3,1.448,0.0,1.352,-0.2,1.068,-0.1,1.312,0.0,1.496,-0.2,1.28,-0.3,1.296
05-01-2026-Fri 13-09-21-PM,0.1,1.348,-0.5,1.448,0.0,1.352,-0.1,1.068,-0.5,1.312,0.2,1.496,-0.3,1.28,0.1,1.292
05-01-2026-Fri 13-09-22-PM,-0.3,1.348,-0.1,1.444,0.0,1.352,0.1,1.064,-0.3,1.308,-0.1,1.492,-0.1,1.272,-0.2,1.288
05-01-2026-Fri 13-09-24-PM,-0.3,1.344,-0.4,1.444,-0.1,1.348,-0.1,1.064,-0.3,1.304,-0.2,1.492,-0.2,1.272,0.0,1.288
05-01-2026-Fri 13-09-25-PM,-0.2,1.34,-0.3,1.44,0.0,1.348,-0.2,1.064,-0.5,1.304,0.1,1.488,-0.1,1.268,0.2,1.288
05-01-2026-Fri 13-09-26-PM,-0.2,1.344,-0.4,1.444,0.0,1.344,0.0,1.06,-0.2,1.3,-0.1,1.488,0.1,1.268,0.0,1.284
05-01-2026-Fri 13-09-28-PM,0.0,1.34,-0.3,1.436,0.0,1.34,-0.3,1.056,-0.4,1.296,0.0,1.484,-0.4,1.264,0.0,1.28
05-01-2026-Fri 13-09-29-PM,-0.2,1.332,-0.4,1.436,0.1,1.34,0.0,1.052,-0.2,1.296,0.0,1.484,-0.4,1.264,0.0,1.276
05-01-2026-Fri 13-09-31-PM,-0.1,1.336,-0.2,1.436,-0.1,1.34,-0.1,1.052,-0.6,1.292,0.0,1.484,-0.2,1.26,-0.1,1.276
05-01-2026-Fri 13-09-32-PM,0.1,1.332,-0.3,1.432,-0.2,1.336,-0.1,1.052,-0.2,1.288,-0.3,1.48,-0.3,1.256,-0.1,1.272
05-01-2026-Fri 13-09-34-PM,-0.2,1.328,-0.4,1.432,0.1,1.332,0.2,1.048,-0.2,1.288,0.0,1.48,0.1,1.252,-0.1,1.268
05-01-2026-Fri 13-09-35-PM,-0.1,1.328,-0.3,1.428,-0.2,1.336,-0.2,1.048,-0.2,1.284,0.0,1.48,0.0,1.252,-0.1,1.264
05-01-2026-Fri 13-09-36-PM,-0.5,1.328,-0.4,1.428,-0.1,1.328,-0.2,1.044,-0.2,1.28,-0.1,1.476,-0.2,1.248,-0.1,1.264
05-01-2026-Fri 13-09-38-PM,-0.2,1.324,0.1,1.424,0.1,1.332,-0.2,1.04,-0.1,1.276,0.2,1.476,-0.2,1.248,-0.3,1.264
05-01-2026-Fri 13-09-39-PM,-0.4,1.324,-0.3,1.424,-0.1,1.324,0.0,1.04,-0.3,1.272,0.1,1.472,-0.1,1.24,0.0,1.26
05-01-2026-Fri 13-09-40-PM,-0.4,1.316,-0.2,1.42,0.0,1.324,-0.1,1.036,-0.3,1.272,-0.1,1.468,-0.1,1.24,0.0,1.256
05-01-2026-Fri 13-09-42-PM,-0.5,1.316,-0.3,1.42,-0.3,1.324,-0.3,1.036,-0.3,1.272,0.0,1.468,-0.2,1.24,-0.2,1.256
05-01-2026-Fri 13-09-43-PM,Power On
05-01-2026-Fri 13-09-45-PM,44.6,5.184,50.7,5.188,44.6,5.184,29.0,5.208,25.1,5.184,26.8,5.196,18.0,5.172,31.6,5.18
05-01-2026-Fri 13-09-46-PM,42.9,5.188,48.7,5.192,43.4,5.184,27.9,5.212,24.3,5.188,25.5,5.204,17.6,5.176,30.5,5.184
05-01-2026-Fri 13-09-47-PM,41.7,5.192,47.6,5.192,42.4,5.188,27.6,5.212,23.8,5.192,25.1,5.204,17.1,5.18,30.1,5.184
05-01-2026-Fri 13-09-49-PM,41.2,5.192,46.8,5.196,41.8,5.188,27.4,5.212,23.2,5.192,24.7,5.208,17.0,5.18,29.7,5.192
05-01-2026-Fri 13-09-50-PM,Power Off
05-01-2026-Fri 13-09-52-PM,-0.3,2.244,-0.1,2.252,-0.2,2.236,-0.2,2.212,-0.1,2.224,-0.3,2.248,0.0,2.24,-0.1,2.272
05-01-2026-Fri 13-09-53-PM,-0.2,2.124,-0.1,2.18,-0.2,2.156,-0.4,2.124,-0.3,2.132,0.1,2.152,-0.2,2.132,-0.1,2.156
05-01-2026-Fri 13-09-55-PM,-0.2,2.06,-0.2,2.136,-0.1,2.112,-0.1,2.068,-0.2,2.068,0.1,2.1,-0.2,2.064,0.1,2.092
05-01-2026-Fri 13-09-56-PM,-0.2,2.008,-0.1,2.1,-0.3,2.076,0.1,2.028,-0.2,2.024,-0.1,2.06,-0.1,2.016,0.0,2.044
05-01-2026-Fri 13-09-57-PM,-0.2,1.968,-0.3,2.072,-0.1,2.04,-0.1,1.996,-0.1,1.996,-0.2,2.028,-0.2,1.984,-0.2,2.004
05-01-2026-Fri 13-09-59-PM,-0.1,1.936,-0.2,2.048,-0.3,2.016,0.0,1.968,-0.3,1.968,0.0,2.0,-0.2,1.948,0.2,1.976
05-01-2026-Fri 13-10-00-PM,-0.5,1.912,-0.3,2.032,-0.2,1.992,-0.2,1.944,-0.2,1.94,-0.1,1.976,-0.1,1.924,0.0,1.948
05-01-2026-Fri 13-10-01-PM,-0.2,1.888,-0.5,2.008,-0.1,1.968,-0.1,1.924,-0.1,1.916,-0.1,1.956,-0.2,1.9,0.1,1.928
05-01-2026-Fri 13-10-03-PM,-0.3,1.868,-0.1,1.996,0.1,1.948,-0.2,1.904,-0.1,1.9,-0.3,1.94,0.0,1.88,-0.1,1.908
05-01-2026-Fri 13-10-04-PM,-0.2,1.852,-0.2,1.976,0.0,1.928,0.1,1.88,-0.1,1.88,-0.3,1.924,-0.1,1.86,0.2,1.892
05-01-2026-Fri 13-10-06-PM,-0.3,1.832,-0.3,1.96,-0.1,1.912,-0.1,1.864,-0.2,1.868,0.3,1.908,0.1,1.844,-0.1,1.872
05-01-2026-Fri 13-10-07-PM,-0.5,1.816,-0.4,1.948,0.0,1.896,-0.1,1.844,-0.4,1.848,0.0,1.896,-0.1,1.828,0.1,1.856
05-01-2026-Fri 13-10-08-PM,-0.1,1.804,-0.1,1.932,-0.1,1.884,-0.2,1.824,-0.2,1.836,-0.1,1.884,-0.3,1.812,-0.1,1.844
05-01-2026-Fri 13-10-10-PM,-0.2,1.788,-0.4,1.92,0.1,1.864,-0.4,1.812,-0.3,1.82,0.1,1.868,-0.4,1.804,-0.2,1.828
05-01-2026-Fri 13-10-11-PM,-0.1,1.776,-0.3,1.904,0.0,1.856,-0.1,1.8,-0.2,1.812,-0.3,1.856,-0.2,1.788,0.1,1.82
05-01-2026-Fri 13-10-13-PM,-0.5,1.764,-0.4,1.896,0.0,1.844,0.0,1.78,-0.3,1.796,-0.3,1.852,-0.7,1.776,0.1,1.804
05-01-2026-Fri 13-10-14-PM,-0.3,1.756,-0.1,1.884,-0.2,1.828,0.0,1.764,-0.1,1.788,0.0,1.836,-0.2,1.764,0.0,1.792
05-01-2026-Fri 13-10-15-PM,-0.1,1.744,-0.3,1.872,0.1,1.82,0.1,1.756,-0.5,1.78,0.0,1.832,-0.3,1.748,-0.1,1.784
05-01-2026-Fri 13-10-17-PM,-0.2,1.732,-0.2,1.856,-0.2,1.804,-0.1,1.736,-0.4,1.764,0.0,1.82,0.0,1.736,0.0,1.772
05-01-2026-Fri 13-10-18-PM,-0.2,1.724,-0.5,1.848,-0.3,1.796,-0.2,1.72,-0.2,1.756,-0.2,1.812,-0.1,1.732,-0.3,1.76
05-01-2026-Fri 13-10-20-PM,-0.2,1.712,-0.3,1.836,-0.2,1.784,-0.1,1.708,-0.1,1.744,-0.1,1.804,-0.1,1.72,-0.3,1.752
05-01-2026-Fri 13-10-21-PM,-0.2,1.704,-0.1,1.828,-0.3,1.776,-0.3,1.696,-0.1,1.736,0.0,1.796,0.0,1.708,0.1,1.744
05-01-2026-Fri 13-10-22-PM,0.1,1.696,0.0,1.82,-0.1,1.764,0.0,1.68,-0.3,1.724,-0.1,1.784,-0.2,1.704,0.1,1.732
05-01-2026-Fri 13-10-24-PM,-0.3,1.688,0.2,1.812,0.0,1.76,0.0,1.676,-0.3,1.72,0.1,1.78,-0.2,1.688,0.1,1.724
05-01-2026-Fri 13-10-25-PM,-0.2,1.68,-0.2,1.8,-0.2,1.752,-0.3,1.656,-0.1,1.712,0.0,1.772,-0.3,1.684,-0.2,1.716
05-01-2026-Fri 13-10-27-PM,-0.3,1.676,-0.2,1.796,0.0,1.74,0.0,1.648,-0.1,1.704,-0.2,1.764,-0.2,1.672,0.2,1.708
05-01-2026-Fri 13-10-28-PM,-0.1,1.668,-0.4,1.788,0.3,1.732,0.0,1.636,-0.2,1.696,0.0,1.76,-0.1,1.668,-0.1,1.7
05-01-2026-Fri 13-10-29-PM,0.1,1.66,-0.2,1.776,-0.3,1.724,-0.1,1.628,-0.2,1.688,-0.2,1.752,-0.2,1.656,0.2,1.692
05-01-2026-Fri 13-10-31-PM,-0.1,1.656,-0.5,1.772,0.2,1.716,-0.1,1.616,-0.3,1.68,0.0,1.748,-0.2,1.652,0.0,1.684
05-01-2026-Fri 13-10-32-PM,-0.1,1.652,-0.1,1.764,0.0,1.708,0.0,1.604,-0.3,1.672,0.1,1.74,-0.1,1.644,-0.2,1.68
05-01-2026-Fri 13-10-35-PM,-0.5,1.644,-0.2,1.756,-0.1,1.7,-0.1,1.596,-0.4,1.66,0.1,1.736,-0.2,1.632,-0.3,1.668
05-01-2026-Fri 13-10-38-PM,-0.1,1.628,-0.2,1.74,0.1,1.684,-0.1,1.572,-0.3,1.648,0.1,1.72,-0.2,1.616,0.0,1.652
05-01-2026-Fri 13-10-40-PM,-0.2,1.616,-0.2,1.728,-0.1,1.668,-0.4,1.556,-0.2,1.636,-0.1,1.712,-0.3,1.604,-0.1,1.64
05-01-2026-Fri 13-10-42-PM,0.1,1.612,-0.3,1.72,-0.3,1.668,-0.1,1.548,-0.1,1.628,-0.1,1.704,-0.3,1.596,-0.1,1.636
05-01-2026-Fri 13-10-43-PM,-0.3,1.6,-0.3,1.712,0.3,1.656,-0.1,1.536,-0.1,1.62,0.0,1.7,-0.3,1.588,0.0,1.624
05-01-2026-Fri 13-10-45-PM,-0.2,1.6,-0.2,1.708,0.1,1.648,-0.3,1.528,-0.3,1.616,-0.1,1.696,-0.1,1.584,-0.2,1.62
05-01-2026-Fri 13-10-46-PM,-0.2,1.592,-0.2,1.7,-0.2,1.648,-0.4,1.52,-0.3,1.608,0.0,1.688,-0.2,1.576,-0.1,1.616
05-01-2026-Fri 13-10-47-PM,0.1,1.588,-0.2,1.696,0.0,1.64,-0.2,1.512,-0.2,1.604,-0.2,1.688,-0.1,1.568,-0.1,1.608
05-01-2026-Fri 13-10-49-PM,0.0,1.584,0.0,1.692,-0.1,1.632,-0.4,1.5,-0.2,1.596,-0.1,1.684,-0.2,1.564,0.0,1.604
05-01-2026-Fri 13-10-50-PM,0.3,1.58,-0.3,1.684,0.0,1.628,0.0,1.496,-0.1,1.592,0.0,1.676,-0.4,1.556,-0.1,1.596
05-01-2026-Fri 13-10-52-PM,0.0,1.576,0.0,1.68,0.1,1.624,0.1,1.484,-0.4,1.584,0.0,1.676,0.0,1.552,0.0,1.592
05-01-2026-Fri 13-10-53-PM,-0.5,1.568,-0.2,1.676,0.2,1.62,-0.1,1.476,-0.5,1.584,0.0,1.672,-0.3,1.548,-0.1,1.588
05-01-2026-Fri 13-10-55-PM,0.1,1.564,-0.4,1.672,0.2,1.612,-0.1,1.472,-0.2,1.572,0.0,1.668,-0.2,1.54,-0.1,1.58
05-01-2026-Fri 13-10-56-PM,-0.2,1.56,-0.1,1.664,0.1,1.604,-0.2,1.464,-0.1,1.568,-0.2,1.664,0.0,1.536,-0.1,1.576
05-01-2026-Fri 13-10-57-PM,0.1,1.556,-0.2,1.664,-0.3,1.6,-0.2,1.456,-0.5,1.564,0.0,1.656,0.0,1.528,-0.1,1.572
05-01-2026-Fri 13-10-59-PM,-0.3,1.548,-0.2,1.652,0.0,1.596,-0.1,1.448,-0.5,1.556,0.0,1.652,-0.4,1.528,0.0,1.564
05-01-2026-Fri 13-11-00-PM,0.1,1.548,-0.2,1.652,-0.1,1.588,-0.1,1.44,-0.3,1.552,0.1,1.648,0.0,1.52,0.0,1.56
05-01-2026-Fri 13-11-01-PM,-0.1,1.544,-0.4,1.644,0.0,1.584,-0.1,1.432,-0.4,1.548,0.1,1.644,-0.1,1.512,0.0,1.552
05-01-2026-Fri 13-11-03-PM,-0.1,1.54,-0.4,1.644,0.1,1.58,-0.3,1.42,-0.4,1.544,-0.1,1.644,-0.2,1.508,0.0,1.548
05-01-2026-Fri 13-11-05-PM,0.0,1.532,-0.3,1.64,-0.3,1.576,0.1,1.412,-0.3,1.536,-0.1,1.64,0.1,1.5,-0.3,1.548
05-01-2026-Fri 13-11-06-PM,-0.1,1.528,-0.1,1.632,-0.2,1.572,-0.2,1.412,-0.5,1.532,0.0,1.636,-0.4,1.496,-0.2,1.536
05-01-2026-Fri 13-11-08-PM,-0.4,1.524,-0.3,1.628,-0.2,1.568,0.0,1.404,-0.2,1.528,-0.2,1.632,-0.2,1.488,0.3,1.536
05-01-2026-Fri 13-11-09-PM,-0.1,1.524,-0.4,1.624,-0.2,1.56,-0.2,1.396,-0.3,1.524,-0.1,1.632,-0.1,1.488,0.1,1.528
05-01-2026-Fri 13-11-10-PM,Power On
05-01-2026-Fri 13-11-12-PM,42.1,5.188,47.7,5.192,42.5,5.184,27.9,5.212,23.5,5.192,24.8,5.204,17.2,5.172,30.3,5.184
05-01-2026-Fri 13-11-13-PM,40.8,5.192,46.1,5.192,41.2,5.192,26.9,5.212,22.7,5.192,23.9,5.204,16.7,5.176,29.1,5.184
05-01-2026-Fri 13-11-15-PM,39.7,5.196,45.2,5.196,40.1,5.192,26.8,5.212,22.4,5.192,23.5,5.204,16.6,5.18,28.9,5.192
05-01-2026-Fri 13-11-16-PM,Power Off
05-01-2026-Fri 13-11-17-PM,0.1,2.268,-0.3,2.268,0.0,2.252,0.0,2.228,-0.2,2.248,0.0,2.268,0.0,2.26,-0.2,2.288
05-01-2026-Fri 13-11-19-PM,-0.1,2.148,0.0,2.2,-0.2,2.172,0.0,2.136,-0.4,2.148,-0.2,2.172,0.0,2.148,-0.2,2.176
05-01-2026-Fri 13-11-20-PM,-0.2,2.08,-0.2,2.152,0.0,2.12,-0.1,2.08,-0.2,2.088,-0.1,2.12,0.1,2.084,-0.2,2.112
05-01-2026-Fri 13-11-21-PM,-0.3,2.032,0.0,2.12,0.0,2.088,-0.1,2.044,-0.2,2.048,0.0,2.08,-0.2,2.036,0.0,2.064
05-01-2026-Fri 13-11-23-PM,-0.2,1.988,-0.5,2.088,-0.2,2.056,-0.5,2.008,-0.5,2.012,0.0,2.044,-0.1,2.004,0.0,2.028
05-01-2026-Fri 13-11-24-PM,-0.4,1.956,-0.1,2.068,-0.1,2.032,-0.1,1.98,-0.3,1.984,-0.1,2.02,-0.1,1.972,-0.3,2.0
05-01-2026-Fri 13-11-26-PM,-0.3,1.932,-0.3,2.048,0.3,2.008,-0.1,1.96,-0.5,1.96,-0.3,1.996,-0.3,1.944,0.2,1.972
05-01-2026-Fri 13-11-27-PM,-0.1,1.908,-0.2,2.024,-0.1,1.984,-0.2,1.936,-0.2,1.94,0.0,1.976,-0.1,1.924,0.1,1.952
05-01-2026-Fri 13-11-28-PM,-0.3,1.88,-0.4,2.004,-0.1,1.96,-0.3,1.908,-0.3,1.916,-0.1,1.956,-0.1,1.896,-0.1,1.924
05-01-2026-Fri 13-11-30-PM,-0.1,1.864,-0.2,1.988,-0.2,1.944,-0.2,1.892,-0.3,1.896,0.1,1.936,-0.1,1.88,0.0,1.908
05-01-2026-Fri 13-11-33-PM,0.0,1.844,-0.1,1.968,-0.1,1.928,-0.2,1.872,-0.1,1.88,-0.1,1.928,-0.2,1.86,0.1,1.892
05-01-2026-Fri 13-11-35-PM,-0.2,1.816,-0.2,1.944,0.1,1.892,-0.3,1.844,-0.3,1.852,0.0,1.9,-0.1,1.828,-0.2,1.86
05-01-2026-Fri 13-11-37-PM,-0.2,1.792,-0.5,1.916,0.3,1.868,-0.2,1.812,-0.4,1.828,-0.1,1.876,-0.2,1.804,-0.2,1.84
05-01-2026-Fri 13-11-39-PM,-0.1,1.78,-0.3,1.904,-0.1,1.856,0.0,1.796,-0.4,1.816,0.3,1.864,0.0,1.792,0.0,1.828
05-01-2026-Fri 13-11-40-PM,-0.1,1.768,-0.2,1.892,-0.2,1.844,-0.1,1.776,-0.3,1.804,-0.1,1.856,-0.3,1.784,-0.1,1.816
05-01-2026-Fri 13-11-41-PM,-0.2,1.76,-0.4,1.884,0.0,1.832,0.0,1.764,-0.1,1.796,-0.2,1.844,-0.2,1.772,0.1,1.804
05-01-2026-Fri 13-11-43-PM,-0.1,1.748,-0.6,1.868,-0.2,1.82,-0.1,1.752,-0.1,1.784,-0.2,1.84,-0.3,1.76,0.0,1.796
05-01-2026-Fri 13-11-45-PM,-0.2,1.736,-0.3,1.86,0.2,1.808,-0.3,1.74,-0.4,1.776,0.1,1.828,0.0,1.752,0.1,1.78
05-01-2026-Fri 13-11-46-PM,-0.2,1.732,-0.3,1.852,-0.1,1.8,0.1,1.728,-0.3,1.768,0.0,1.82,-0.4,1.74,0.0,1.772
05-01-2026-Fri 13-11-47-PM,-0.2,1.716,-0.3,1.84,0.0,1.792,0.1,1.716,0.0,1.756,0.2,1.812,0.0,1.728,0.0,1.764
05-01-2026-Fri 13-11-49-PM,-0.4,1.712,-0.3,1.832,-0.3,1.78,0.0,1.704,-0.2,1.748,-0.1,1.804,-0.3,1.72,0.2,1.756
05-01-2026-Fri 13-11-50-PM,0.2,1.704,-0.1,1.824,-0.1,1.772,-0.1,1.692,-0.3,1.74,-0.1,1.8,-0.3,1.712,0.1,1.748
05-01-2026-Fri 13-11-51-PM,-0.1,1.696,-0.4,1.812,-0.1,1.764,0.1,1.68,-0.4,1.732,-0.1,1.792,-0.3,1.704,0.0,1.74
05-01-2026-Fri 13-11-53-PM,-0.3,1.688,-0.5,1.808,0.0,1.756,-0.1,1.668,-0.1,1.724,-0.1,1.784,0.0,1.696,0.0,1.732
05-01-2026-Fri 13-11-54-PM,-0.3,1.684,-0.2,1.796,-0.2,1.748,-0.1,1.66,-0.3,1.716,-0.3,1.776,-0.1,1.688,-0.2,1.72
05-01-2026-Fri 13-11-56-PM,Power On
05-01-2026-Fri 13-11-57-PM,40.6,5.192,45.9,5.196,40.9,5.192,26.7,5.212,22.5,5.196,23.1,5.208,16.4,5.18,29.2,5.188
05-01-2026-Fri 13-11-58-PM,39.3,5.196,44.4,5.2,39.4,5.192,26.7,5.216,21.8,5.196,22.6,5.208,16.1,5.184,28.5,5.192
05-01-2026-Fri 13-12-00-PM,38.7,5.2,44.5,5.196,38.9,5.192,26.0,5.22,21.4,5.196,22.4,5.208,15.4,5.184,28.0,5.192
05-01-2026-Fri 13-12-01-PM,38.0,5.196,44.2,5.2,38.8,5.192,26.1,5.216,21.3,5.2,22.3,5.212,15.5,5.184,27.5,5.192
05-01-2026-Fri 13-12-03-PM,Power Off
05-01-2026-Fri 13-12-04-PM,-0.1,2.316,-0.2,2.296,-0.3,2.28,-0.3,2.252,-0.2,2.276,-0.1,2.308,-0.2,2.308,0.0,2.344
05-01-2026-Fri 13-12-05-PM,-0.3,2.2,-0.4,2.224,-0.1,2.2,-0.2,2.164,0.1,2.184,-0.3,2.212,0.0,2.2,-0.1,2.232
05-01-2026-Fri 13-12-07-PM,-0.2,2.136,-0.1,2.18,-0.3,2.152,0.0,2.112,-0.4,2.128,-0.2,2.164,0.1,2.136,0.1,2.168
05-01-2026-Fri 13-12-08-PM,-0.3,2.088,0.0,2.152,-0.5,2.12,-0.2,2.076,-0.3,2.088,0.1,2.124,-0.3,2.092,-0.1,2.12
05-01-2026-Fri 13-12-10-PM,-0.3,2.048,-0.5,2.12,-0.1,2.092,-0.2,2.044,-0.5,2.056,0.3,2.096,-0.3,2.052,0.0,2.084
05-01-2026-Fri 13-12-11-PM,-0.2,2.012,-0.3,2.096,-0.2,2.064,-0.2,2.016,-0.2,2.028,-0.1,2.064,-0.2,2.024,-0.3,2.052
05-01-2026-Fri 13-12-12-PM,-0.4,1.988,-0.2,2.076,-0.1,2.04,0.0,1.996,-0.1,2.0,-0.2,2.044,-0.4,2.0,0.1,2.028
05-01-2026-Fri 13-12-14-PM,0.0,1.964,-0.4,2.056,0.0,2.02,0.1,1.976,-0.2,1.984,-0.2,2.024,-0.2,1.972,-0.1,2.004
05-01-2026-Fri 13-12-15-PM,0.2,1.936,-0.2,2.036,-0.1,2.0,-0.2,1.956,-0.3,1.96,-0.1,2.008,0.1,1.952,0.1,1.984
05-01-2026-Fri 13-12-16-PM,-0.2,1.92,-0.5,2.02,0.1,1.98,0.0,1.94,0.0,1.944,0.1,1.992,-0.2,1.94,-0.2,1.964
05-01-2026-Fri 13-12-18-PM,-0.3,1.9,-0.2,2.004,-0.1,1.968,-0.4,1.924,-0.2,1.932,-0.1,1.976,-0.2,1.924,-0.1,1.948
05-01-2026-Fri 13-12-19-PM,-0.2,1.884,-0.4,1.992,0.2,1.952,-0.1,1.912,-0.1,1.916,-0.1,1.96,-0.2,1.904,-0.2,1.932
05-01-2026-Fri 13-12-21-PM,-0.3,1.872,-0.3,1.976,-0.3,1.936,-0.1,1.892,-0.1,1.9,-0.1,1.944,0.0,1.892,0.1,1.92
05-01-2026-Fri 13-12-22-PM,0.1,1.856,-0.4,1.964,-0.1,1.924,0.0,1.876,-0.1,1.892,0.2,1.936,-0.4,1.88,0.1,1.908
05-01-2026-Fri 13-12-23-PM,-0.2,1.84,-0.2,1.948,-0.1,1.908,-0.1,1.868,-0.1,1.88,0.0,1.924,-0.2,1.864,0.1,1.892
05-01-2026-Fri 13-12-25-PM,-0.1,1.832,-0.3,1.936,-0.3,1.896,0.0,1.856,0.0,1.868,-0.1,1.912,0.0,1.852,-0.1,1.876
05-01-2026-Fri 13-12-26-PM,-0.3,1.816,-0.4,1.924,-0.2,1.884,0.1,1.84,-0.3,1.852,-0.2,1.904,-0.2,1.84,0.1,1.868
05-01-2026-Fri 13-12-28-PM,-0.4,1.808,-0.2,1.912,-0.4,1.872,-0.3,1.828,-0.5,1.844,-0.1,1.892,0.0,1.828,0.0,1.856
05-01-2026-Fri 13-12-29-PM,-0.3,1.796,-0.4,1.904,0.0,1.86,-0.2,1.816,-0.3,1.832,0.0,1.884,-0.5,1.82,0.1,1.844
05-01-2026-Fri 13-12-31-PM,-0.4,1.784,-0.2,1.896,-0.1,1.852,0.1,1.804,-0.2,1.828,0.1,1.872,-0.2,1.812,-0.4,1.836
05-01-2026-Fri 13-12-32-PM,-0.2,1.772,-0.2,1.884,-0.1,1.84,-0.1,1.796,-0.2,1.816,0.0,1.868,-0.3,1.8,0.4,1.828
05-01-2026-Fri 13-12-33-PM,-0.4,1.768,-0.2,1.876,-0.5,1.828,-0.3,1.784,-0.2,1.808,-0.1,1.86,-0.2,1.792,0.0,1.82
05-01-2026-Fri 13-12-35-PM,Power On
05-01-2026-Fri 13-12-36-PM,39.5,5.196,44.4,5.196,39.9,5.192,26.6,5.212,21.7,5.196,22.7,5.208,16.0,5.18,28.4,5.192
05-01-2026-Fri 13-12-37-PM,38.2,5.196,43.5,5.2,38.7,5.196,26.1,5.22,21.1,5.196,22.4,5.212,15.5,5.184,27.6,5.196
05-01-2026-Fri 13-12-39-PM,Power Off
05-01-2026-Fri 13-12-40-PM,-0.3,2.312,-0.5,2.304,0.1,2.292,-0.1,2.264,-0.3,2.292,-0.1,2.32,-0.2,2.312,0.0,2.344
05-01-2026-Fri 13-12-42-PM,-0.3,2.196,-0.3,2.224,-0.1,2.204,-0.2,2.168,-0.2,2.192,-0.1,2.216,-0.3,2.2,-0.1,2.232
05-01-2026-Fri 13-12-43-PM,-0.2,2.12,-0.1,2.168,0.1,2.148,0.0,2.104,-0.1,2.124,0.1,2.156,-0.2,2.128,0.0,2.156
05-01-2026-Fri 13-12-44-PM,-0.2,2.072,-0.3,2.14,-0.3,2.112,0.1,2.064,-0.2,2.084,0.2,2.12,-0.1,2.084,-0.2,2.112
05-01-2026-Fri 13-12-46-PM,-0.2,2.032,-0.1,2.104,-0.2,2.084,-0.3,2.036,-0.3,2.052,0.0,2.088,-0.1,2.044,-0.1,2.076
05-01-2026-Fri 13-12-47-PM,-0.4,2.0,-0.1,2.084,-0.1,2.056,-0.1,2.008,-0.2,2.024,0.0,2.06,-0.2,2.016,-0.1,2.044
05-01-2026-Fri 13-12-49-PM,-0.1,1.968,-0.3,2.06,-0.1,2.036,-0.1,1.98,-0.1,1.996,0.1,2.036,0.2,1.992,0.2,2.02
05-01-2026-Fri 13-12-50-PM,-0.5,1.944,-0.3,2.036,-0.1,2.016,-0.2,1.964,-0.2,1.98,-0.1,2.024,0.0,1.972,0.0,1.996
05-01-2026-Fri 13-12-51-PM,-0.2,1.924,-0.4,2.024,0.2,1.992,-0.3,1.948,-0.2,1.964,-0.1,2.0,0.1,1.948,0.0,1.976
05-01-2026-Fri 13-12-53-PM,-0.2,1.904,-0.2,2.004,-0.1,1.976,-0.2,1.924,-0.3,1.944,-0.1,1.984,-0.3,1.932,-0.1,1.956
05-01-2026-Fri 13-12-54-PM,-0.3,1.884,-0.5,1.988,0.0,1.96,-0.1,1.912,0.0,1.924,-0.1,1.968,-0.2,1.916,0.2,1.94
05-01-2026-Fri 13-12-56-PM,-0.2,1.872,-0.2,1.972,-0.3,1.944,-0.3,1.896,-0.3,1.912,-0.1,1.956,0.0,1.9,-0.2,1.924
05-01-2026-Fri 13-12-57-PM,-0.3,1.852,-0.7,1.964,-0.3,1.928,0.0,1.884,-0.3,1.896,0.1,1.948,-0.1,1.888,-0.1,1.912
05-01-2026-Fri 13-12-58-PM,-0.3,1.84,-0.4,1.948,0.1,1.916,-0.2,1.868,-0.1,1.888,0.0,1.936,-0.1,1.872,0.1,1.9
05-01-2026-Fri 13-13-00-PM,-0.3,1.824,-0.3,1.936,-0.1,1.904,0.2,1.856,-0.2,1.872,-0.1,1.92,-0.1,1.86,0.0,1.884
05-01-2026-Fri 13-13-01-PM,-0.4,1.812,-0.3,1.924,0.0,1.892,0.0,1.84,-0.1,1.864,0.0,1.912,0.1,1.852,0.0,1.876
05-01-2026-Fri 13-13-03-PM,0.3,1.804,-0.1,1.912,0.0,1.88,0.0,1.828,-0.3,1.852,0.1,1.9,-0.4,1.84,-0.1,1.864
05-01-2026-Fri 13-13-04-PM,-0.1,1.792,-0.1,1.9,0.1,1.868,0.1,1.816,-0.2,1.844,-0.2,1.892,-0.2,1.828,0.1,1.852
05-01-2026-Fri 13-13-05-PM,-0.4,1.78,-0.3,1.888,-0.3,1.86,-0.2,1.808,-0.2,1.832,-0.3,1.88,-0.1,1.816,-0.1,1.844
05-01-2026-Fri 13-13-07-PM,-0.3,1.772,-0.4,1.88,-0.1,1.844,-0.3,1.796,-0.5,1.824,-0.1,1.872,-0.1,1.808,-0.1,1.832
05-01-2026-Fri 13-13-08-PM,0.0,1.764,-0.3,1.868,0.1,1.836,-0.1,1.784,-0.4,1.816,-0.3,1.864,-0.1,1.8,-0.2,1.824
05-01-2026-Fri 13-13-10-PM,0.2,1.756,-0.2,1.86,-0.1,1.824,-0.2,1.772,-0.2,1.804,0.2,1.856,-0.3,1.792,-0.1,1.816
05-01-2026-Fri 13-13-11-PM,-0.2,1.748,-0.4,1.852,0.2,1.82,-0.2,1.764,-0.4,1.8,0.0,1.848,-0.3,1.78,-0.1,1.808
05-01-2026-Fri 13-13-12-PM,-0.1,1.74,-0.2,1.84,-0.2,1.808,-0.3,1.752,-0.3,1.792,0.1,1.84,-0.3,1.776,0.0,1.8
05-01-2026-Fri 13-13-14-PM,-0.1,1.732,-0.2,1.832,-0.2,1.8,-0.2,1.744,-0.5,1.788,-0.1,1.828,-0.3,1.768,0.2,1.792
05-01-2026-Fri 13-13-15-PM,-0.2,1.724,-0.3,1.824,-0.1,1.792,-0.1,1.732,-0.2,1.776,0.3,1.828,-0.2,1.76,0.1,1.784
05-01-2026-Fri 13-13-17-PM,-0.4,1.72,-0.2,1.82,0.0,1.788,-0.1,1.724,-0.5,1.772,0.0,1.824,0.0,1.756,-0.1,1.78
05-01-2026-Fri 13-13-18-PM,-0.2,1.712,-0.1,1.812,-0.2,1.78,0.0,1.716,-0.4,1.764,0.0,1.816,-0.1,1.744,0.1,1.772
05-01-2026-Fri 13-13-19-PM,-0.1,1.704,-0.4,1.808,0.2,1.772,-0.2,1.708,-0.2,1.756,0.0,1.812,-0.1,1.74,-0.1,1.764
05-01-2026-Fri 13-13-21-PM,-0.1,1.696,-0.4,1.796,0.0,1.764,-0.3,1.696,-0.1,1.752,0.2,1.804,-0.3,1.736,-0.2,1.76
05-01-2026-Fri 13-13-22-PM,-0.3,1.692,-0.4,1.792,0.2,1.756,-0.3,1.688,-0.3,1.748,0.1,1.796,-0.3,1.728,-0.1,1.752
05-01-2026-Fri 13-13-24-PM,-0.1,1.688,-0.2,1.788,-0.2,1.748,-0.1,1.68,0.0,1.74,0.0,1.796,0.1,1.72,-0.1,1.748
05-01-2026-Fri 13-13-25-PM,-0.1,1.684,-0.1,1.78,-0.1,1.744,-0.2,1.668,-0.3,1.736,0.0,1.788,-0.1,1.712,0.2,1.74
05-01-2026-Fri 13-13-26-PM,0.1,1.68,0.0,1.772,0.1,1.74,0.1,1.66,-0.3,1.728,0.2,1.784,-0.1,1.708,-0.1,1.736
05-01-2026-Fri 13-13-28-PM,-0.1,1.676,-0.3,1.764,0.1,1.732,-0.1,1.656,-0.3,1.724,0.1,1.776,-0.3,1.7,0.1,1.732
05-01-2026-Fri 13-13-29-PM,-0.1,1.668,-0.3,1.764,0.0,1.724,0.0,1.644,-0.2,1.72,-0.1,1.768,-0.2,1.696,-0.2,1.724
05-01-2026-Fri 13-13-31-PM,-0.1,1.664,0.0,1.756,-0.2,1.72,0.0,1.636,-0.2,1.712,-0.1,1.768,-0.3,1.692,-0.2,1.72
05-01-2026-Fri 13-13-32-PM,-0.3,1.656,-0.5,1.748,-0.2,1.712,-0.2,1.628,-0.1,1.708,-0.2,1.764,-0.1,1.688,-0.1,1.716
05-01-2026-Fri 13-13-33-PM,0.2,1.656,-0.2,1.744,-0.1,1.708,0.2,1.624,-0.2,1.704,0.0,1.756,-0.2,1.68,-0.2,1.708
05-01-2026-Fri 13-13-35-PM,-0.3,1.648,-0.2,1.736,-0.2,1.704,-0.2,1.612,-0.4,1.7,0.1,1.756,-0.1,1.676,0.0,1.708
05-01-2026-Fri 13-13-36-PM,-0.2,1.644,-0.4,1.732,-0.1,1.696,-0.1,1.604,-0.1,1.696,-0.1,1.752,0.1,1.672,0.0,1.7
05-01-2026-Fri 13-13-38-PM,-0.2,1.64,-0.5,1.728,0.0,1.696,0.0,1.604,-0.5,1.688,-0.3,1.744,-0.3,1.668,0.0,1.696
05-01-2026-Fri 13-13-39-PM,-0.1,1.636,0.0,1.724,0.0,1.688,0.1,1.588,-0.3,1.684,0.0,1.74,-0.1,1.66,0.0,1.692
05-01-2026-Fri 13-13-42-PM,-0.4,1.628,-0.3,1.716,0.1,1.684,0.1,1.58,-0.6,1.68,-0.2,1.736,0.1,1.656,-0.1,1.684
05-01-2026-Fri 13-13-45-PM,-0.1,1.62,-0.6,1.708,0.1,1.672,-0.3,1.568,-0.5,1.668,-0.2,1.728,0.1,1.644,0.1,1.68
05-01-2026-Fri 13-13-47-PM,-0.4,1.612,-0.2,1.7,-0.1,1.664,-0.1,1.552,-0.3,1.66,0.0,1.72,-0.2,1.636,0.0,1.668
05-01-2026-Fri 13-13-50-PM,-0.2,1.608,-0.2,1.692,-0.2,1.656,0.0,1.544,-0.1,1.652,0.1,1.712,0.0,1.628,-0.2,1.66
05-01-2026-Fri 13-13-53-PM,Power On
05-01-2026-Fri 13-13-56-PM,38.6,5.208,43.5,5.212,38.7,5.208,25.9,5.228,21.1,5.212,21.8,5.228,15.8,5.196,28.2,5.204
05-01-2026-Fri 13-13-58-PM,-0.1,2.268,-0.5,2.284,0.1,2.26,-0.3,2.22,-0.4,2.24,-0.1,2.272,-0.1,2.264,0.0,2.304
05-01-2026-Fri 13-13-59-PM,0.0,2.136,-0.3,2.192,0.0,2.16,-0.2,2.116,-0.4,2.132,0.0,2.164,-0.2,2.14,0.0,2.172
05-01-2026-Fri 13-14-01-PM,-0.4,2.068,-0.1,2.148,0.0,2.12,-0.3,2.064,-0.3,2.08,0.0,2.12,-0.2,2.076,-0.3,2.116
05-01-2026-Fri 13-14-03-PM,-0.2,2.004,-0.1,2.1,-0.2,2.076,0.0,2.02,-0.5,2.028,0.2,2.068,-0.2,2.024,-0.3,2.06
05-01-2026-Fri 13-14-04-PM,-0.2,1.964,-0.6,2.076,0.0,2.044,-0.1,1.984,-0.2,1.996,0.2,2.04,-0.1,1.988,0.0,2.024
05-01-2026-Fri 13-14-05-PM,-0.2,1.936,-0.3,2.048,-0.2,2.02,-0.3,1.964,-0.3,1.972,0.0,2.016,-0.1,1.964,-0.3,1.996
05-01-2026-Fri 13-14-07-PM,-0.1,1.912,-0.3,2.028,0.0,2.0,-0.5,1.944,-0.2,1.952,0.1,1.996,0.0,1.94,-0.2,1.972
05-01-2026-Fri 13-14-08-PM,-0.2,1.892,-0.2,2.012,0.0,1.976,-0.2,1.92,-0.3,1.932,0.0,1.976,-0.1,1.92,-0.3,1.952
05-01-2026-Fri 13-14-10-PM,-0.2,1.872,-0.5,1.992,-0.1,1.96,-0.1,1.904,-0.6,1.912,-0.2,1.96,-0.4,1.904,0.0,1.936
05-01-2026-Fri 13-14-11-PM,-0.2,1.852,-0.1,1.972,-0.1,1.94,0.0,1.884,-0.1,1.9,0.0,1.944,-0.1,1.888,0.0,1.92
05-01-2026-Fri 13-14-12-PM,-0.2,1.836,-0.4,1.96,-0.4,1.924,-0.2,1.868,-0.1,1.884,0.0,1.932,-0.2,1.872,-0.2,1.904
05-01-2026-Fri 13-14-14-PM,-0.1,1.82,-0.1,1.944,0.1,1.908,0.0,1.852,-0.3,1.872,-0.1,1.916,0.1,1.856,0.1,1.888
05-01-2026-Fri 13-14-15-PM,-0.1,1.812,-0.2,1.932,-0.1,1.896,-0.2,1.836,-0.2,1.856,0.0,1.908,-0.4,1.844,0.1,1.876
05-01-2026-Fri 13-14-17-PM,-0.2,1.792,-0.1,1.916,0.0,1.884,0.0,1.82,-0.4,1.848,-0.2,1.896,-0.3,1.832,-0.2,1.864
05-01-2026-Fri 13-14-18-PM,0.2,1.784,-0.2,1.904,0.2,1.868,0.1,1.808,-0.3,1.836,-0.2,1.884,0.1,1.816,0.3,1.852
05-01-2026-Fri 13-14-19-PM,-0.2,1.776,-0.6,1.892,-0.2,1.86,-0.3,1.796,-0.2,1.824,0.1,1.876,0.0,1.808,0.3,1.84
05-01-2026-Fri 13-14-21-PM,-0.2,1.764,-0.2,1.88,-0.2,1.844,-0.2,1.784,0.0,1.816,-0.2,1.868,-0.2,1.796,0.0,1.828
05-01-2026-Fri 13-14-22-PM,-0.3,1.752,-0.5,1.872,-0.1,1.832,0.0,1.768,-0.3,1.808,0.2,1.856,-0.1,1.788,-0.3,1.82
05-01-2026-Fri 13-14-24-PM,-0.5,1.744,-0.2,1.86,0.0,1.824,0.0,1.756,0.1,1.796,0.0,1.848,-0.2,1.776,0.0,1.812
05-01-2026-Fri 13-14-25-PM,-0.1,1.736,-0.3,1.852,-0.2,1.816,-0.2,1.748,-0.1,1.788,0.0,1.84,-0.2,1.772,-0.2,1.8
05-01-2026-Fri 13-14-26-PM,-0.2,1.728,-0.2,1.84,-0.1,1.804,-0.4,1.732,-0.2,1.78,-0.2,1.832,0.1,1.76,-0.1,1.792
05-01-2026-Fri 13-14-28-PM,0.2,1.72,-0.3,1.832,-0.2,1.796,0.0,1.724,0.0,1.772,-0.1,1.824,0.2,1.752,-0.1,1.788
05-01-2026-Fri 13-14-29-PM,-0.3,1.712,-0.2,1.82,-0.1,1.788,-0.4,1.712,-0.2,1.764,-0.1,1.816,-0.2,1.744,0.2,1.78
05-01-2026-Fri 13-14-30-PM,-0.2,1.704,0.1,1.816,0.1,1.776,-0.2,1.704,-0.2,1.756,0.0,1.812,-0.2,1.74,0.0,1.772
05-01-2026-Fri 13-14-32-PM,-0.3,1.7,-0.5,1.808,0.0,1.772,-0.1,1.692,-0.3,1.748,-0.1,1.804,-0.1,1.728,0.2,1.764
05-01-2026-Fri 13-14-34-PM,-0.2,1.692,-0.1,1.796,0.1,1.764,-0.1,1.684,0.0,1.744,0.0,1.796,-0.1,1.724,-0.1,1.756
05-01-2026-Fri 13-14-35-PM,-0.3,1.68,0.0,1.792,-0.2,1.756,-0.4,1.672,-0.4,1.74,-0.1,1.792,-0.1,1.716,0.1,1.752
05-01-2026-Fri 13-14-37-PM,-0.3,1.68,-0.2,1.784,0.0,1.748,-0.4,1.664,-0.1,1.728,0.0,1.784,0.0,1.708,0.0,1.744
05-01-2026-Fri 13-14-38-PM,0.0,1.672,-0.3,1.776,-0.1,1.74,-0.2,1.652,0.0,1.724,0.0,1.78,-0.4,1.7,-0.2,1.74
05-01-2026-Fri 13-14-40-PM,-0.1,1.664,-0.1,1.768,0.0,1.736,0.1,1.64,-0.1,1.716,0.3,1.776,-0.3,1.696,0.0,1.732
05-01-2026-Fri 13-14-41-PM,-0.3,1.66,-0.1,1.764,-0.1,1.728,-0.1,1.628,-0.1,1.708,0.1,1.764,-0.1,1.688,0.0,1.724
05-01-2026-Fri 13-14-43-PM,-0.1,1.656,-0.3,1.756,-0.4,1.72,-0.4,1.624,-0.3,1.704,0.0,1.764,0.0,1.684,-0.1,1.716
05-01-2026-Fri 13-14-44-PM,-0.3,1.648,-0.2,1.752,-0.2,1.72,-0.3,1.612,-0.2,1.7,0.1,1.76,-0.4,1.676,-0.2,1.716
05-01-2026-Fri 13-14-45-PM,-0.2,1.64,-0.2,1.748,-0.1,1.708,-0.2,1.608,-0.3,1.692,-0.1,1.756,-0.3,1.672,-0.1,1.708
05-01-2026-Fri 13-14-47-PM,-0.1,1.64,-0.3,1.74,-0.1,1.7,-0.2,1.6,-0.3,1.688,0.1,1.748,-0.4,1.668,-0.3,1.704
05-01-2026-Fri 13-14-48-PM,-0.1,1.636,-0.1,1.732,0.0,1.696,0.0,1.592,-0.3,1.684,0.0,1.744,-0.3,1.66,0.1,1.7
05-01-2026-Fri 13-14-50-PM,-0.1,1.628,-0.2,1.728,-0.1,1.692,-0.1,1.584,-0.1,1.68,0.0,1.74,-0.4,1.652,-0.1,1.696
05-01-2026-Fri 13-14-51-PM,-0.2,1.628,-0.2,1.728,0.1,1.684,0.0,1.576,-0.2,1.676,0.1,1.736,-0.4,1.648,-0.2,1.688
05-01-2026-Fri 13-14-52-PM,-0.2,1.624,-0.3,1.716,0.0,1.684,0.0,1.568,-0.1,1.672,-0.1,1.732,-0.4,1.644,-0.1,1.68
05-01-2026-Fri 13-14-54-PM,0.1,1.62,-0.4,1.716,0.2,1.676,0.0,1.564,-0.2,1.664,0.0,1.728,-0.2,1.64,-0.1,1.68
05-01-2026-Fri 13-14-55-PM,-0.1,1.616,-0.4,1.712,-0.2,1.676,0.1,1.556,-0.2,1.66,0.1,1.724,-0.1,1.636,-0.2,1.676
05-01-2026-Fri 13-14-57-PM,-0.3,1.612,-0.4,1.708,0.2,1.668,-0.1,1.548,-0.2,1.66,0.1,1.72,-0.1,1.628,0.0,1.672
05-01-2026-Fri 13-14-58-PM,-0.2,1.608,-0.3,1.704,0.1,1.66,-0.2,1.544,-0.1,1.656,0.1,1.712,-0.4,1.62,-0.2,1.664
05-01-2026-Fri 13-14-59-PM,-0.1,1.604,-0.3,1.696,-0.2,1.66,-0.2,1.536,-0.2,1.648,-0.2,1.712,-0.3,1.62,0.0,1.66
05-01-2026-Fri 13-15-01-PM,-0.1,1.6,-0.2,1.692,0.1,1.652,0.0,1.532,-0.2,1.644,0.3,1.712,0.0,1.616,0.1,1.66
05-01-2026-Fri 13-15-02-PM,-0.2,1.596,-0.1,1.688,0.2,1.652,0.0,1.528,-0.2,1.644,0.0,1.712,-0.2,1.612,0.0,1.656
05-01-2026-Fri 13-15-04-PM,0.1,1.592,-0.3,1.68,0.0,1.648,0.0,1.52,-0.1,1.64,-0.2,1.7,-0.2,1.608,-0.1,1.652
05-01-2026-Fri 13-15-05-PM,-0.3,1.588,-0.4,1.68,-0.2,1.644,-0.1,1.512,-0.5,1.632,-0.1,1.7,-0.1,1.604,-0.2,1.648
05-01-2026-Fri 13-15-06-PM,-0.2,1.584,-0.3,1.676,-0.2,1.64,0.1,1.504,-0.2,1.632,-0.1,1.7,-0.4,1.596,0.0,1.64
05-01-2026-Fri 13-15-08-PM,-0.1,1.58,-0.1,1.676,-0.3,1.636,-0.1,1.5,-0.6,1.628,-0.2,1.696,-0.3,1.596,-0.1,1.644
05-01-2026-Fri 13-15-09-PM,-0.4,1.58,-0.1,1.668,0.0,1.632,-0.1,1.496,-0.2,1.624,0.0,1.692,-0.2,1.588,-0.1,1.636
05-01-2026-Fri 13-15-11-PM,0.3,1.572,-0.2,1.668,-0.1,1.628,0.0,1.492,-0.2,1.624,-0.2,1.688,-0.1,1.588,-0.2,1.632
05-01-2026-Fri 13-15-12-PM,-0.2,1.572,-0.3,1.668,0.0,1.624,-0.2,1.484,-0.3,1.616,0.1,1.684,-0.2,1.58,-0.2,1.628
05-01-2026-Fri 13-15-13-PM,0.1,1.568,-0.4,1.66,-0.2,1.616,-0.3,1.48,0.0,1.616,-0.3,1.68,0.0,1.58,-0.1,1.628
05-01-2026-Fri 13-15-15-PM,-0.3,1.568,-0.4,1.656,-0.1,1.616,-0.2,1.472,-0.4,1.612,-0.1,1.68,-0.2,1.572,-0.1,1.624
05-01-2026-Fri 13-15-16-PM,-0.1,1.56,-0.4,1.652,0.0,1.612,-0.1,1.472,-0.5,1.608,-0.1,1.676,-0.1,1.568,0.1,1.62
05-01-2026-Fri 13-15-17-PM,-0.3,1.56,-0.2,1.652,-0.2,1.608,-0.1,1.464,-0.2,1.604,-0.1,1.676,0.0,1.564,-0.1,1.62
05-01-2026-Fri 13-15-19-PM,-0.1,1.556,-0.4,1.648,0.0,1.608,-0.1,1.46,0.0,1.6,-0.1,1.672,-0.3,1.564,0.2,1.616
05-01-2026-Fri 13-15-20-PM,-0.1,1.556,-0.2,1.644,0.0,1.604,-0.1,1.456,-0.2,1.596,0.1,1.668,-0.2,1.56,-0.1,1.612
05-01-2026-Fri 13-15-22-PM,-0.1,1.552,-0.3,1.64,-0.1,1.6,0.0,1.452,-0.2,1.592,-0.1,1.668,0.0,1.556,0.1,1.608
05-01-2026-Fri 13-15-23-PM,-0.1,1.548,-0.5,1.644,-0.1,1.6,0.0,1.444,-0.1,1.592,-0.1,1.664,-0.5,1.552,0.0,1.608
05-01-2026-Fri 13-15-25-PM,0.1,1.548,-0.4,1.636,-0.1,1.596,-0.3,1.44,-0.3,1.588,0.0,1.664,0.0,1.548,-0.2,1.604
05-01-2026-Fri 13-15-26-PM,-0.1,1.544,-0.4,1.632,0.1,1.592,0.2,1.436,-0.3,1.588,0.1,1.66,-0.2,1.544,0.1,1.596
05-01-2026-Fri 13-15-27-PM,-0.3,1.54,-0.2,1.628,-0.2,1.588,-0.4,1.432,-0.2,1.584,0.0,1.656,-0.3,1.54,-0.3,1.596
05-01-2026-Fri 13-15-29-PM,-0.2,1.536,-0.3,1.628,-0.3,1.584,0.0,1.428,0.0,1.58,-0.2,1.652,-0.1,1.54,0.2,1.592
05-01-2026-Fri 13-15-30-PM,0.1,1.536,-0.4,1.628,0.1,1.58,-0.2,1.42,-0.1,1.572,0.1,1.656,-0.1,1.536,-0.2,1.592
05-01-2026-Fri 13-15-32-PM,-0.2,1.536,-0.2,1.62,-0.3,1.58,-0.4,1.42,-0.3,1.572,0.1,1.652,-0.2,1.532,0.1,1.588
05-01-2026-Fri 13-15-33-PM,-0.3,1.532,-0.1,1.62,-0.1,1.576,-0.2,1.412,0.0,1.568,0.2,1.644,-0.2,1.528,-0.1,1.584
05-01-2026-Fri 13-15-34-PM,-0.3,1.524,-0.1,1.62,-0.1,1.576,-0.3,1.408,-0.2,1.564,-0.1,1.644,-0.2,1.524,0.0,1.58
05-01-2026-Fri 13-15-36-PM,-0.3,1.524,-0.3,1.612,-0.1,1.568,0.0,1.404,-0.1,1.564,0.3,1.64,-0.3,1.52,-0.2,1.58
05-01-2026-Fri 13-15-37-PM,-0.4,1.52,-0.4,1.608,-0.1,1.568,-0.1,1.4,-0.1,1.564,0.0,1.64,-0.3,1.516,-0.2,1.576
05-01-2026-Fri 13-15-39-PM,-0.3,1.52,-0.3,1.608,0.0,1.564,0.0,1.392,-0.2,1.56,-0.2,1.64,-0.2,1.512,-0.1,1.572
05-01-2026-Fri 13-15-40-PM,-0.2,1.516,-0.2,1.608,0.0,1.564,-0.1,1.392,-0.5,1.556,-0.1,1.636,-0.2,1.512,-0.1,1.568
05-01-2026-Fri 13-15-41-PM,0.0,1.516,-0.3,1.604,-0.1,1.56,-0.1,1.384,-0.3,1.552,-0.2,1.632,0.0,1.508,0.1,1.564
05-01-2026-Fri 13-15-43-PM,0.1,1.508,0.0,1.6,-0.1,1.556,-0.4,1.38,-0.2,1.552,-0.3,1.632,-0.1,1.508,0.4,1.56
05-01-2026-Fri 13-15-44-PM,-0.3,1.512,-0.2,1.6,0.0,1.556,-0.2,1.376,0.0,1.548,0.1,1.628,-0.2,1.5,0.2,1.56
05-01-2026-Fri 13-15-46-PM,-0.3,1.508,-0.2,1.596,-0.1,1.552,-0.1,1.372,-0.4,1.544,-0.2,1.628,-0.2,1.496,0.0,1.56
05-01-2026-Fri 13-15-47-PM,-0.2,1.508,-0.3,1.596,0.0,1.548,-0.4,1.368,-0.3,1.544,0.2,1.624,-0.1,1.492,0.0,1.556
05-01-2026-Fri 13-15-48-PM,-0.2,1.504,-0.5,1.596,-0.1,1.548,-0.2,1.364,-0.3,1.54,-0.2,1.624,-0.2,1.492,0.0,1.552
05-01-2026-Fri 13-15-50-PM,-0.2,1.504,-0.6,1.588,-0.1,1.544,-0.1,1.36,-0.1,1.536,0.3,1.624,-0.3,1.488,0.0,1.548
05-01-2026-Fri 13-15-51-PM,-0.2,1.5,-0.1,1.584,-0.2,1.544,-0.3,1.356,-0.4,1.532,-0.2,1.62,0.0,1.484,-0.2,1.544
05-01-2026-Fri 13-15-53-PM,-0.1,1.496,-0.4,1.584,0.0,1.54,-0.1,1.352,-0.5,1.532,0.0,1.62,-0.1,1.48,0.0,1.544
05-01-2026-Fri 13-15-54-PM,-0.2,1.496,-0.2,1.58,0.1,1.536,-0.1,1.348,-0.2,1.528,0.1,1.616,-0.1,1.476,-0.1,1.54
05-01-2026-Fri 13-15-55-PM,-0.2,1.492,-0.4,1.58,0.0,1.536,-0.3,1.344,-0.2,1.524,-0.2,1.616,0.1,1.476,0.0,1.536
05-01-2026-Fri 13-15-57-PM,-0.4,1.488,-0.6,1.58,-0.2,1.532,-0.1,1.336,-0.2,1.524,0.2,1.608,-0.2,1.472,0.1,1.54
05-01-2026-Fri 13-15-58-PM,-0.1,1.488,-0.3,1.576,-0.1,1.532,-0.2,1.336,-0.4,1.52,-0.4,1.608,-0.3,1.472,-0.2,1.532
05-01-2026-Fri 13-16-00-PM,-0.1,1.484,-0.5,1.572,0.0,1.524,-0.3,1.328,-0.1,1.516,-0.1,1.608,0.0,1.468,0.1,1.528
05-01-2026-Fri 13-16-01-PM,-0.1,1.484,-0.5,1.572,-0.1,1.528,0.0,1.324,-0.4,1.512,-0.1,1.608,-0.1,1.464,-0.2,1.528
05-01-2026-Fri 13-16-02-PM,-0.1,1.48,-0.4,1.568,-0.1,1.52,-0.1,1.324,-0.1,1.512,0.1,1.604,-0.2,1.46,0.2,1.524
05-01-2026-Fri 13-16-04-PM,-0.3,1.48,-0.2,1.564,0.0,1.52,-0.3,1.32,0.0,1.508,0.1,1.6,0.1,1.46,-0.2,1.52
05-01-2026-Fri 13-16-05-PM,-0.5,1.476,-0.2,1.564,-0.1,1.52,-0.2,1.316,-0.2,1.508,0.0,1.6,-0.1,1.452,0.1,1.52
05-01-2026-Fri 13-16-07-PM,-0.5,1.476,-0.3,1.56,-0.3,1.512,0.0,1.312,-0.1,1.504,0.2,1.596,-0.3,1.452,0.1,1.516
05-01-2026-Fri 13-16-08-PM,-0.1,1.472,-0.1,1.564,0.0,1.516,-0.4,1.308,-0.6,1.504,0.1,1.596,0.0,1.448,0.0,1.512
05-01-2026-Fri 13-16-09-PM,0.1,1.468,-0.3,1.556,-0.1,1.512,-0.2,1.3,-0.3,1.5,0.0,1.596,-0.4,1.448,-0.1,1.512
05-01-2026-Fri 13-16-11-PM,-0.1,1.464,-0.1,1.556,-0.1,1.508,0.0,1.3,-0.1,1.496,-0.1,1.592,0.1,1.444,0.2,1.508
05-01-2026-Fri 13-16-12-PM,-0.3,1.464,-0.2,1.556,0.1,1.508,-0.3,1.296,-0.1,1.492,-0.2,1.588,-0.2,1.44,-0.1,1.508
05-01-2026-Fri 13-16-14-PM,-0.3,1.464,0.0,1.552,0.3,1.504,-0.1,1.292,-0.1,1.492,-0.1,1.592,-0.2,1.44,0.1,1.5
05-01-2026-Fri 13-16-15-PM,-0.1,1.46,-0.2,1.552,-0.1,1.504,0.2,1.288,-0.5,1.488,-0.2,1.588,-0.1,1.436,-0.2,1.5
05-01-2026-Fri 13-16-16-PM,-0.4,1.46,-0.1,1.552,0.0,1.5,0.0,1.284,0.0,1.484,0.1,1.584,0.0,1.432,0.0,1.496
05-01-2026-Fri 13-16-18-PM,-0.1,1.456,-0.2,1.548,0.0,1.5,0.2,1.284,-0.3,1.484,0.0,1.584,-0.4,1.432,0.0,1.496
05-01-2026-Fri 13-16-19-PM,-0.4,1.456,-0.2,1.544,-0.3,1.496,-0.2,1.28,-0.3,1.484,-0.2,1.584,-0.3,1.428,0.0,1.492
05-01-2026-Fri 13-16-20-PM,-0.2,1.452,-0.4,1.54,0.2,1.492,-0.1,1.28,-0.6,1.48,0.0,1.576,-0.3,1.424,0.0,1.488
05-01-2026-Fri 13-16-22-PM,-0.1,1.452,-0.4,1.54,0.0,1.496,-0.1,1.272,-0.2,1.48,-0.1,1.58,0.0,1.424,-0.1,1.488
05-01-2026-Fri 13-16-23-PM,-0.2,1.452,0.1,1.54,0.0,1.488,-0.1,1.268,-0.3,1.472,0.0,1.576,-0.1,1.42,0.3,1.484
05-01-2026-Fri 13-16-25-PM,0.2,1.448,-0.5,1.54,0.0,1.488,-0.3,1.264,-0.2,1.472,-0.1,1.58,-0.4,1.416,0.0,1.48
05-01-2026-Fri 13-16-26-PM,-0.1,1.448,-0.3,1.536,0.1,1.484,-0.3,1.264,-0.1,1.472,-0.2,1.576,-0.1,1.412,-0.3,1.48
05-01-2026-Fri 13-16-27-PM,-0.3,1.444,-0.1,1.536,-0.3,1.48,0.0,1.26,-0.2,1.468,-0.3,1.572,-0.3,1.408,0.1,1.476
05-01-2026-Fri 13-16-29-PM,-0.3,1.444,-0.4,1.532,0.0,1.484,-0.1,1.256,-0.3,1.464,0.2,1.572,0.0,1.408,0.1,1.476
05-01-2026-Fri 13-16-30-PM,-0.2,1.44,-0.5,1.528,-0.1,1.48,-0.2,1.252,-0.1,1.46,0.0,1.572,-0.3,1.404,0.2,1.472
05-01-2026-Fri 13-16-32-PM,-0.2,1.44,-0.2,1.528,0.0,1.48,-0.1,1.248,-0.5,1.46,0.0,1.568,-0.2,1.408,-0.1,1.472
05-01-2026-Fri 13-16-33-PM,-0.3,1.436,-0.2,1.528,-0.1,1.476,-0.3,1.244,-0.2,1.456,-0.1,1.564,-0.3,1.4,-0.1,1.468
05-01-2026-Fri 13-16-34-PM,-0.5,1.436,-0.2,1.528,0.0,1.476,0.1,1.244,-0.4,1.456,0.1,1.564,-0.1,1.396,-0.2,1.468
05-01-2026-Fri 13-16-36-PM,-0.3,1.436,-0.4,1.524,-0.2,1.472,0.0,1.24,-0.1,1.452,0.1,1.564,-0.1,1.392,-0.1,1.464
05-01-2026-Fri 13-16-37-PM,-0.3,1.432,-0.2,1.52,-0.3,1.468,0.0,1.24,-0.4,1.452,-0.1,1.56,0.0,1.392,-0.1,1.464
05-01-2026-Fri 13-16-39-PM,-0.2,1.428,-0.5,1.52,-0.1,1.468,-0.1,1.232,-0.4,1.448,0.1,1.56,0.0,1.388,0.0,1.456
05-01-2026-Fri 13-16-40-PM,0.1,1.428,-0.3,1.516,0.2,1.468,-0.1,1.228,-0.3,1.448,-0.1,1.56,0.0,1.388,-0.1,1.46
05-01-2026-Fri 13-16-41-PM,-0.3,1.424,-0.4,1.516,-0.2,1.464,-0.1,1.228,0.2,1.444,0.1,1.556,0.0,1.388,0.0,1.452
05-01-2026-Fri 13-16-43-PM,-0.2,1.424,-0.1,1.512,0.0,1.464,-0.1,1.228,-0.3,1.44,0.1,1.556,-0.2,1.384,0.1,1.452
05-01-2026-Fri 13-16-44-PM,-0.5,1.42,-0.2,1.512,-0.1,1.46,0.0,1.224,-0.6,1.44,0.1,1.556,-0.3,1.38,-0.1,1.448
05-01-2026-Fri 13-16-46-PM,-0.2,1.42,0.0,1.512,-0.1,1.46,-0.2,1.22,0.0,1.44,0.0,1.552,-0.3,1.376,0.1,1.444
05-01-2026-Fri 13-16-47-PM,0.1,1.42,-0.2,1.512,-0.1,1.456,-0.3,1.216,-0.3,1.436,-0.1,1.552,-0.2,1.376,-0.3,1.444
05-01-2026-Fri 13-16-48-PM,-0.3,1.416,-0.4,1.508,-0.1,1.452,-0.1,1.216,-0.1,1.432,0.2,1.552,-0.2,1.372,0.1,1.444
05-01-2026-Fri 13-16-50-PM,-0.2,1.416,-0.3,1.504,-0.1,1.456,-0.1,1.212,-0.2,1.432,-0.1,1.548,0.0,1.372,0.0,1.44
05-01-2026-Fri 13-16-51-PM,-0.3,1.416,-0.5,1.504,0.0,1.448,-0.1,1.204,-0.2,1.424,0.1,1.548,-0.3,1.368,-0.1,1.436
05-01-2026-Fri 13-16-52-PM,-0.2,1.412,-0.4,1.504,0.0,1.448,-0.1,1.208,-0.2,1.428,0.0,1.548,-0.3,1.368,0.0,1.436
05-01-2026-Fri 13-16-54-PM,-0.2,1.408,-0.2,1.5,-0.1,1.448,-0.1,1.2,-0.5,1.424,0.0,1.544,0.0,1.364,-0.3,1.436
05-01-2026-Fri 13-16-56-PM,-0.1,1.408,-0.4,1.5,-0.2,1.448,0.1,1.2,-0.2,1.424,0.0,1.544,0.1,1.364,0.1,1.432
05-01-2026-Fri 13-16-57-PM,-0.3,1.404,-0.1,1.5,-0.3,1.44,-0.1,1.196,-0.5,1.42,-0.2,1.544,-0.1,1.36,0.0,1.432
05-01-2026-Fri 13-16-59-PM,-0.2,1.404,-0.2,1.496,-0.1,1.44,-0.1,1.192,-0.1,1.42,0.0,1.54,0.0,1.356,-0.1,1.428
05-01-2026-Fri 13-17-00-PM,-0.4,1.4,-0.2,1.496,-0.1,1.44,-0.3,1.196,-0.3,1.416,0.2,1.54,-0.2,1.356,0.2,1.42
05-01-2026-Fri 13-17-01-PM,-0.5,1.4,-0.4,1.496,-0.1,1.436,-0.2,1.188,-0.1,1.416,0.0,1.536,0.1,1.352,-0.1,1.424
05-01-2026-Fri 13-17-03-PM,0.1,1.396,-0.4,1.488,0.1,1.44,0.1,1.188,0.0,1.412,0.1,1.536,-0.1,1.352,-0.1,1.424
05-01-2026-Fri 13-17-04-PM,-0.1,1.396,-0.2,1.492,-0.3,1.436,-0.1,1.18,-0.2,1.412,0.1,1.536,0.1,1.348,0.0,1.416
05-01-2026-Fri 13-17-06-PM,-0.3,1.396,-0.2,1.492,0.1,1.432,-0.1,1.18,-0.4,1.408,-0.2,1.532,-0.4,1.348,0.1,1.416
05-01-2026-Fri 13-17-07-PM,0.1,1.396,-0.2,1.488,0.0,1.432,-0.2,1.18,-0.1,1.404,0.1,1.528,0.1,1.34,0.1,1.416
05-01-2026-Fri 13-17-08-PM,-0.2,1.396,0.0,1.484,-0.2,1.432,-0.1,1.176,-0.2,1.404,0.0,1.528,-0.2,1.34,-0.1,1.416
05-01-2026-Fri 13-17-10-PM,0.2,1.388,-0.1,1.484,-0.1,1.428,0.1,1.172,-0.2,1.4,0.1,1.528,0.0,1.34,-0.3,1.412
05-01-2026-Fri 13-17-11-PM,-0.2,1.388,-0.4,1.484,-0.2,1.428,-0.1,1.168,-0.1,1.4,0.1,1.528,-0.1,1.336,0.1,1.408
05-01-2026-Fri 13-17-12-PM,-0.3,1.384,-0.4,1.48,0.0,1.424,-0.2,1.168,-0.3,1.4,-0.1,1.528,0.0,1.336,-0.1,1.404
05-01-2026-Fri 13-17-14-PM,0.1,1.384,-0.3,1.48,-0.1,1.424,0.1,1.164,-0.3,1.396,-0.1,1.52,-0.2,1.332,-0.1,1.408
05-01-2026-Fri 13-17-15-PM,-0.3,1.384,-0.2,1.476,-0.1,1.424,-0.2,1.164,-0.2,1.392,0.2,1.524,-0.1,1.328,-0.2,1.4
05-01-2026-Fri 13-17-17-PM,-0.1,1.384,-0.2,1.476,-0.1,1.42,-0.2,1.16,-0.5,1.392,0.2,1.52,-0.3,1.328,0.2,1.4
05-01-2026-Fri 13-17-18-PM,-0.3,1.376,-0.4,1.472,0.0,1.416,-0.1,1.16,-0.5,1.392,-0.2,1.52,-0.3,1.328,-0.2,1.4
05-01-2026-Fri 13-17-20-PM,0.0,1.376,-0.2,1.472,-0.2,1.416,-0.2,1.156,-0.2,1.388,-0.1,1.52,-0.2,1.32,0.0,1.396
05-01-2026-Fri 13-17-21-PM,-0.2,1.376,-0.3,1.472,-0.1,1.42,-0.1,1.156,-0.1,1.388,0.2,1.52,-0.1,1.32,0.0,1.396
05-01-2026-Fri 13-17-22-PM,0.0,1.376,-0.2,1.476,-0.2,1.412,-0.2,1.152,-0.2,1.388,-0.1,1.52,-0.1,1.32,-0.2,1.392
05-01-2026-Fri 13-17-24-PM,-0.2,1.372,0.0,1.468,0.2,1.408,-0.4,1.148,0.1,1.384,-0.1,1.512,-0.2,1.316,0.2,1.392
05-01-2026-Fri 13-17-25-PM,0.0,1.372,-0.2,1.468,-0.2,1.408,-0.1,1.148,-0.2,1.384,-0.1,1.516,-0.3,1.316,0.1,1.388
05-01-2026-Fri 13-17-26-PM,-0.4,1.372,-0.5,1.464,-0.1,1.412,-0.3,1.144,-0.2,1.376,0.1,1.512,0.0,1.312,-0.2,1.388
05-01-2026-Fri 13-17-28-PM,-0.3,1.368,-0.4,1.464,0.0,1.408,0.0,1.144,-0.2,1.38,-0.1,1.508,0.0,1.312,0.1,1.384
05-01-2026-Fri 13-17-29-PM,-0.3,1.368,-0.3,1.464,-0.2,1.404,-0.3,1.14,-0.5,1.376,-0.1,1.512,-0.1,1.312,0.1,1.384
05-01-2026-Fri 13-17-31-PM,-0.1,1.364,-0.4,1.464,0.1,1.404,-0.1,1.14,-0.2,1.372,0.0,1.512,-0.2,1.308,0.2,1.38
05-01-2026-Fri 13-17-32-PM,0.1,1.364,-0.2,1.46,-0.2,1.4,-0.3,1.136,0.0,1.372,0.1,1.504,-0.5,1.308,0.2,1.38
05-01-2026-Fri 13-17-33-PM,-0.2,1.36,-0.4,1.46,-0.1,1.4,-0.3,1.136,-0.2,1.368,-0.3,1.504,-0.4,1.304,-0.1,1.38
05-01-2026-Fri 13-17-35-PM,-0.4,1.36,-0.2,1.46,0.1,1.396,-0.2,1.132,-0.2,1.368,-0.1,1.504,-0.1,1.3,0.1,1.376
05-01-2026-Fri 13-17-36-PM,-0.4,1.356,-0.2,1.46,0.0,1.396,0.1,1.132,-0.4,1.364,0.4,1.508,0.0,1.3,-0.2,1.376
05-01-2026-Fri 13-17-38-PM,0.2,1.356,-0.1,1.46,0.0,1.396,-0.3,1.128,-0.3,1.368,0.0,1.5,-0.2,1.296,0.1,1.372
05-01-2026-Fri 13-17-39-PM,-0.4,1.356,-0.3,1.46,0.0,1.392,0.0,1.124,-0.3,1.364,-0.2,1.504,-0.1,1.292,0.1,1.372
05-01-2026-Fri 13-17-40-PM,0.0,1.352,-0.2,1.456,-0.2,1.392,0.1,1.124,-0.1,1.364,0.2,1.5,-0.1,1.292,-0.2,1.368
05-01-2026-Fri 13-17-42-PM,-0.2,1.352,-0.5,1.448,-0.2,1.392,-0.1,1.124,-0.7,1.36,0.0,1.5,-0.1,1.292,-0.2,1.364
05-01-2026-Fri 13-17-43-PM,-0.2,1.352,-0.1,1.452,-0.1,1.392,-0.4,1.12,-0.5,1.356,0.0,1.496,-0.2,1.284,-0.1,1.364
05-01-2026-Fri 13-17-45-PM,-0.2,1.348,-0.6,1.452,-0.1,1.388,-0.2,1.12,-0.4,1.356,-0.1,1.496,-0.3,1.288,0.1,1.364
05-01-2026-Fri 13-17-46-PM,-0.2,1.348,-0.3,1.452,0.0,1.388,-0.3,1.116,-0.1,1.356,0.2,1.496,-0.3,1.284,-0.5,1.36
05-01-2026-Fri 13-17-48-PM,-0.2,1.348,-0.3,1.448,-0.3,1.384,0.2,1.112,-0.2,1.356,-0.2,1.492,-0.1,1.28,0.1,1.36
05-01-2026-Fri 13-17-49-PM,-0.2,1.344,-0.2,1.448,0.1,1.388,-0.2,1.112,-0.3,1.348,-0.2,1.492,0.2,1.28,-0.1,1.356
05-01-2026-Fri 13-17-50-PM,-0.3,1.344,-0.3,1.448,-0.1,1.38,-0.3,1.112,-0.1,1.348,0.2,1.492,0.0,1.276,0.1,1.356
05-01-2026-Fri 13-17-52-PM,0.0,1.336,-0.3,1.444,-0.4,1.384,-0.1,1.108,-0.1,1.348,-0.1,1.488,-0.1,1.276,0.1,1.352
05-01-2026-Fri 13-17-53-PM,-0.2,1.34,-0.5,1.44,0.1,1.38,-0.2,1.108,-0.3,1.348,0.0,1.488,-0.4,1.272,0.0,1.352
05-01-2026-Fri 13-17-55-PM,0.1,1.336,-0.4,1.44,0.1,1.38,0.0,1.104,-0.3,1.344,0.1,1.488,-0.2,1.272,-0.1,1.352
05-01-2026-Fri 13-17-56-PM,-0.2,1.336,-0.3,1.44,-0.1,1.376,-0.2,1.104,-0.1,1.34,-0.2,1.488,-0.4,1.272,-0.4,1.348
05-01-2026-Fri 13-17-57-PM,-0.2,1.332,-0.4,1.436,-0.3,1.372,-0.2,1.1,-0.2,1.34,-0.2,1.488,-0.3,1.264,-0.2,1.348
05-01-2026-Fri 13-17-59-PM,-0.1,1.328,-0.1,1.436,0.1,1.372,0.0,1.1,-0.1,1.344,-0.3,1.484,-0.3,1.264,0.0,1.344
05-01-2026-Fri 13-18-00-PM,-0.1,1.328,-0.3,1.432,0.2,1.372,-0.2,1.1,-0.4,1.336,-0.1,1.48,-0.4,1.26,-0.2,1.344
05-01-2026-Fri 13-18-02-PM,0.2,1.332,-0.4,1.436,-0.3,1.368,-0.1,1.096,-0.5,1.336,0.1,1.484,-0.3,1.26,-0.1,1.34
05-01-2026-Fri 13-18-03-PM,-0.2,1.328,-0.4,1.436,0.0,1.368,-0.2,1.092,-0.2,1.332,0.2,1.48,-0.2,1.26,-0.2,1.34
05-01-2026-Fri 13-18-05-PM,-0.3,1.328,-0.3,1.432,-0.1,1.364,-0.3,1.096,-0.3,1.332,0.0,1.476,0.1,1.256,0.0,1.34
05-01-2026-Fri 13-18-06-PM,-0.1,1.324,-0.2,1.432,-0.2,1.364,-0.2,1.088,-0.2,1.332,-0.1,1.476,-0.2,1.256,0.2,1.34
05-01-2026-Fri 13-18-08-PM,-0.1,1.324,-0.1,1.432,0.0,1.364,-0.1,1.088,-0.4,1.328,0.2,1.476,-0.1,1.256,0.1,1.332
05-01-2026-Fri 13-18-09-PM,-0.3,1.32,-0.2,1.428,-0.1,1.36,-0.3,1.088,-0.2,1.328,-0.1,1.476,-0.1,1.252,-0.1,1.332
05-01-2026-Fri 13-18-10-PM,-0.1,1.32,-0.2,1.428,0.0,1.36,-0.1,1.084,-0.3,1.324,-0.1,1.476,0.0,1.248,0.1,1.332
05-01-2026-Fri 13-18-12-PM,Power On
05-01-2026-Fri 13-18-13-PM,38.0,5.196,43.0,5.2,37.7,5.196,25.0,5.216,20.3,5.2,19.6,5.212,14.7,5.184,27.2,5.196
05-01-2026-Fri 13-18-15-PM,36.6,5.204,41.1,5.204,36.2,5.2,24.1,5.224,19.5,5.2,18.9,5.216,14.3,5.192,26.2,5.2
05-01-2026-Fri 13-18-16-PM,35.8,5.204,40.4,5.208,35.7,5.204,24.3,5.224,19.1,5.204,18.7,5.216,14.0,5.192,25.6,5.2
05-01-2026-Fri 13-18-17-PM,34.7,5.204,39.7,5.204,35.4,5.2,23.7,5.224,18.7,5.2,18.6,5.216,13.7,5.188,25.4,5.2
05-01-2026-Fri 13-18-19-PM,Power Off
05-01-2026-Fri 13-18-20-PM,-0.2,2.256,-0.1,2.276,-0.1,2.26,-0.1,2.232,-0.3,2.236,-0.2,2.252,-0.4,2.26,-0.1,2.304
05-01-2026-Fri 13-18-22-PM,-0.2,2.14,-0.4,2.204,-0.1,2.18,-0.1,2.14,0.0,2.14,-0.2,2.164,-0.2,2.144,-0.1,2.188
05-01-2026-Fri 13-18-23-PM,-0.3,2.068,-0.1,2.156,0.0,2.128,-0.1,2.084,-0.2,2.084,-0.2,2.108,-0.2,2.076,-0.1,2.124
05-01-2026-Fri 13-18-24-PM,-0.2,2.02,-0.3,2.12,-0.1,2.092,0.0,2.04,-0.1,2.04,0.1,2.064,0.0,2.032,-0.2,2.072
05-01-2026-Fri 13-18-26-PM,-0.1,1.98,-0.2,2.092,-0.2,2.06,0.0,2.008,-0.2,2.008,0.0,2.036,-0.4,1.996,0.0,2.036
05-01-2026-Fri 13-18-27-PM,-0.2,1.948,-0.4,2.068,-0.2,2.032,0.0,1.98,-0.5,1.98,-0.3,2.012,-0.1,1.964,-0.2,2.004
05-01-2026-Fri 13-18-30-PM,-0.2,1.9,-0.3,2.028,-0.2,1.984,0.0,1.936,-0.3,1.936,-0.1,1.968,-0.1,1.912,0.0,1.956
05-01-2026-Fri 13-18-33-PM,-0.2,1.86,-0.1,1.992,0.0,1.944,-0.3,1.896,-0.5,1.892,0.0,1.936,-0.3,1.876,0.3,1.92
05-01-2026-Fri 13-18-34-PM,-0.2,1.832,-0.1,1.972,0.2,1.92,-0.2,1.876,-0.2,1.872,-0.1,1.916,-0.1,1.852,0.2,1.896
05-01-2026-Fri 13-18-36-PM,-0.3,1.816,-0.2,1.956,0.0,1.904,0.0,1.86,-0.3,1.856,0.0,1.9,0.0,1.836,0.1,1.884
05-01-2026-Fri 13-18-37-PM,-0.2,1.804,-0.5,1.944,0.0,1.892,-0.3,1.848,-0.4,1.848,0.0,1.888,-0.2,1.824,-0.1,1.868
05-01-2026-Fri 13-18-39-PM,-0.1,1.792,-0.2,1.932,0.0,1.876,-0.3,1.832,-0.4,1.832,0.0,1.876,-0.1,1.808,0.1,1.852
05-01-2026-Fri 13-18-40-PM,-0.1,1.78,-0.3,1.912,-0.2,1.86,0.0,1.816,-0.5,1.82,-0.1,1.864,-0.2,1.796,-0.1,1.84
05-01-2026-Fri 13-18-41-PM,-0.3,1.764,-0.5,1.908,0.1,1.852,-0.2,1.8,-0.1,1.808,0.1,1.852,-0.1,1.784,0.1,1.828
05-01-2026-Fri 13-18-43-PM,-0.2,1.756,-0.2,1.896,0.0,1.84,-0.2,1.788,0.1,1.8,0.0,1.844,-0.2,1.768,-0.1,1.82
05-01-2026-Fri 13-18-45-PM,0.1,1.744,-0.3,1.88,0.1,1.824,0.0,1.776,-0.5,1.784,0.0,1.832,-0.3,1.76,-0.1,1.804
05-01-2026-Fri 13-18-46-PM,-0.1,1.732,-0.2,1.872,-0.2,1.816,-0.4,1.764,-0.1,1.776,0.1,1.824,-0.1,1.748,-0.1,1.796
05-01-2026-Fri 13-18-47-PM,0.1,1.724,-0.2,1.86,-0.2,1.804,-0.2,1.748,-0.3,1.768,0.1,1.816,-0.2,1.74,0.0,1.788
05-01-2026-Fri 13-18-49-PM,0.0,1.712,-0.3,1.848,-0.1,1.8,0.2,1.74,-0.3,1.756,0.0,1.808,0.0,1.728,0.1,1.776
05-01-2026-Fri 13-18-50-PM,-0.3,1.708,-0.4,1.84,-0.2,1.784,-0.3,1.728,-0.3,1.752,0.0,1.8,0.2,1.72,0.1,1.768
05-01-2026-Fri 13-18-52-PM,-0.1,1.7,-0.5,1.832,-0.2,1.78,0.0,1.716,-0.4,1.744,-0.1,1.792,-0.1,1.708,-0.1,1.76
05-01-2026-Fri 13-18-53-PM,-0.4,1.692,-0.2,1.82,0.2,1.768,-0.1,1.708,-0.3,1.728,0.2,1.784,-0.4,1.7,0.0,1.752
05-01-2026-Fri 13-18-55-PM,-0.2,1.684,-0.2,1.812,-0.1,1.764,-0.3,1.696,-0.5,1.728,-0.1,1.78,-0.3,1.696,-0.2,1.748
05-01-2026-Fri 13-18-56-PM,-0.4,1.676,0.0,1.804,-0.2,1.756,-0.3,1.688,-0.4,1.72,0.0,1.772,-0.1,1.688,-0.3,1.74
05-01-2026-Fri 13-18-57-PM,-0.1,1.672,-0.4,1.8,-0.3,1.748,0.0,1.676,-0.5,1.712,-0.1,1.768,-0.1,1.68,-0.4,1.732
05-01-2026-Fri 13-18-59-PM,-0.1,1.664,-0.2,1.792,-0.1,1.74,-0.1,1.668,-0.1,1.708,-0.1,1.76,-0.1,1.672,-0.1,1.724
05-01-2026-Fri 13-19-00-PM,-0.3,1.66,-0.2,1.784,0.0,1.728,0.0,1.66,-0.3,1.7,0.1,1.752,-0.4,1.668,-0.3,1.72
05-01-2026-Fri 13-19-02-PM,-0.1,1.652,-0.2,1.776,-0.3,1.724,-0.3,1.648,-0.2,1.696,0.1,1.748,0.0,1.66,-0.1,1.712
05-01-2026-Fri 13-19-03-PM,-0.4,1.648,-0.4,1.772,-0.1,1.716,-0.1,1.64,-0.5,1.688,0.1,1.74,0.1,1.652,-0.1,1.708
05-01-2026-Fri 13-19-04-PM,-0.2,1.64,-0.1,1.76,-0.1,1.712,0.0,1.632,-0.1,1.68,0.3,1.736,-0.1,1.644,0.1,1.7
05-01-2026-Fri 13-19-06-PM,-0.1,1.636,-0.1,1.756,-0.1,1.708,0.0,1.62,-0.1,1.672,0.0,1.732,-0.3,1.64,0.1,1.696
05-01-2026-Fri 13-19-07-PM,-0.1,1.632,-0.4,1.752,-0.1,1.7,-0.3,1.616,-0.3,1.668,-0.1,1.724,-0.3,1.632,0.2,1.688
05-01-2026-Fri 13-19-09-PM,-0.4,1.624,-0.3,1.744,-0.2,1.696,0.0,1.604,-0.2,1.66,0.0,1.72,-0.2,1.624,0.0,1.684
05-01-2026-Fri 13-19-10-PM,-0.1,1.616,-0.5,1.736,-0.1,1.688,-0.2,1.596,-0.2,1.66,0.2,1.716,-0.1,1.616,-0.3,1.676
05-01-2026-Fri 13-19-11-PM,-0.1,1.616,-0.1,1.732,-0.1,1.684,-0.2,1.588,-0.2,1.652,-0.1,1.712,0.0,1.612,0.1,1.672
05-01-2026-Fri 13-19-13-PM,0.0,1.608,-0.2,1.724,0.0,1.672,-0.4,1.58,-0.3,1.644,0.0,1.704,-0.2,1.604,0.0,1.668
05-01-2026-Fri 13-19-15-PM,-0.3,1.604,-0.2,1.716,-0.3,1.668,-0.3,1.568,-0.4,1.64,0.1,1.7,-0.3,1.6,0.0,1.664
05-01-2026-Fri 13-19-16-PM,-0.2,1.596,-0.1,1.708,-0.2,1.664,0.1,1.564,0.0,1.636,-0.4,1.696,-0.2,1.592,0.2,1.66
05-01-2026-Fri 13-19-17-PM,Power On
05-01-2026-Fri 13-19-19-PM,35.2,5.2,39.5,5.2,35.6,5.196,23.8,5.216,18.6,5.196,18.7,5.208,13.8,5.188,25.4,5.192
05-01-2026-Fri 13-19-20-PM,34.0,5.208,38.5,5.204,34.3,5.2,23.0,5.22,18.0,5.204,18.0,5.216,13.5,5.192,24.7,5.2
05-01-2026-Fri 13-19-22-PM,33.3,5.204,37.9,5.204,33.5,5.2,23.0,5.22,18.0,5.204,17.7,5.216,13.4,5.192,24.0,5.2
05-01-2026-Fri 13-19-23-PM,Power Off
05-01-2026-Fri 13-19-24-PM,-0.4,2.296,-0.1,2.296,0.1,2.292,0.0,2.268,0.0,2.284,-0.2,2.3,-0.3,2.3,-0.1,2.348
05-01-2026-Fri 13-19-26-PM,-0.2,2.184,-0.2,2.228,0.0,2.204,-0.3,2.172,-0.4,2.184,-0.2,2.204,0.0,2.188,0.1,2.228
05-01-2026-Fri 13-19-28-PM,-0.4,2.112,-0.3,2.18,0.2,2.156,-0.1,2.112,-0.3,2.124,0.1,2.152,-0.3,2.124,0.2,2.164
05-01-2026-Fri 13-19-29-PM,-0.1,2.064,-0.3,2.144,0.0,2.12,-0.3,2.072,-0.5,2.08,-0.1,2.108,0.0,2.076,0.0,2.116
05-01-2026-Fri 13-19-30-PM,-0.3,2.02,-0.5,2.116,-0.2,2.088,-0.1,2.04,-0.6,2.044,0.0,2.076,0.1,2.04,-0.1,2.08
05-01-2026-Fri 13-19-32-PM,-0.1,1.988,-0.3,2.088,-0.1,2.06,0.1,2.008,-0.3,2.02,-0.2,2.048,0.0,2.012,0.0,2.048
05-01-2026-Fri 13-19-33-PM,-0.3,1.96,-0.4,2.072,0.0,2.032,-0.3,1.984,-0.1,1.992,0.0,2.028,-0.5,1.98,-0.1,2.024
05-01-2026-Fri 13-19-35-PM,-0.5,1.936,-0.3,2.052,-0.1,2.012,-0.4,1.964,-0.1,1.968,-0.1,2.008,-0.1,1.96,-0.1,2.0
05-01-2026-Fri 13-19-36-PM,-0.3,1.912,-0.5,2.032,0.1,1.992,0.0,1.948,-0.1,1.952,0.1,1.992,-0.1,1.94,0.0,1.98
05-01-2026-Fri 13-19-37-PM,-0.1,1.896,-0.4,2.016,0.0,1.976,-0.2,1.928,-0.1,1.936,-0.2,1.972,-0.2,1.92,-0.2,1.96
05-01-2026-Fri 13-19-39-PM,-0.3,1.876,-0.4,1.996,0.0,1.956,-0.4,1.916,0.1,1.92,-0.3,1.96,-0.1,1.904,-0.2,1.944
05-01-2026-Fri 13-19-40-PM,-0.2,1.852,-0.3,1.984,-0.1,1.94,-0.1,1.896,-0.1,1.9,0.1,1.944,0.0,1.884,0.2,1.924
05-01-2026-Fri 13-19-41-PM,-0.2,1.844,-0.2,1.968,-0.4,1.924,-0.2,1.88,-0.6,1.888,0.1,1.928,-0.1,1.872,0.1,1.908
05-01-2026-Fri 13-19-43-PM,-0.4,1.828,-0.2,1.956,-0.1,1.912,-0.3,1.868,-0.4,1.876,-0.2,1.916,-0.3,1.86,-0.1,1.896
05-01-2026-Fri 13-19-44-PM,0.0,1.816,-0.3,1.94,-0.2,1.896,0.0,1.856,-0.3,1.864,0.0,1.908,-0.1,1.844,0.0,1.884
05-01-2026-Fri 13-19-46-PM,-0.3,1.804,-0.1,1.932,-0.2,1.884,-0.1,1.84,-0.4,1.852,0.0,1.896,0.1,1.832,0.1,1.872
05-01-2026-Fri 13-19-47-PM,-0.2,1.792,-0.4,1.92,0.3,1.876,-0.2,1.828,-0.2,1.84,0.0,1.888,-0.3,1.82,0.0,1.86
05-01-2026-Fri 13-19-48-PM,0.0,1.784,-0.3,1.908,-0.1,1.864,-0.1,1.82,-0.3,1.832,0.1,1.876,-0.3,1.808,-0.1,1.848
05-01-2026-Fri 13-19-50-PM,-0.3,1.772,-0.2,1.896,-0.3,1.852,-0.2,1.808,-0.3,1.82,-0.1,1.868,-0.3,1.8,0.0,1.84
05-01-2026-Fri 13-19-51-PM,-0.3,1.76,-0.4,1.888,-0.2,1.84,-0.1,1.796,-0.3,1.812,0.0,1.856,-0.3,1.788,0.1,1.832
05-01-2026-Fri 13-19-53-PM,-0.4,1.752,-0.2,1.88,0.2,1.832,-0.3,1.784,-0.4,1.804,0.0,1.852,0.1,1.78,0.1,1.82
05-01-2026-Fri 13-19-54-PM,-0.2,1.744,-0.3,1.868,-0.1,1.824,-0.3,1.776,-0.3,1.796,0.0,1.84,-0.1,1.768,-0.2,1.812
05-01-2026-Fri 13-19-55-PM,-0.1,1.732,-0.2,1.86,-0.2,1.816,-0.1,1.764,0.0,1.788,0.1,1.836,0.1,1.764,0.0,1.808
05-01-2026-Fri 13-19-57-PM,-0.2,1.728,-0.2,1.848,0.0,1.8,-0.1,1.752,-0.7,1.78,-0.1,1.828,-0.3,1.756,-0.2,1.792
05-01-2026-Fri 13-20-00-PM,-0.2,1.716,-0.3,1.844,0.0,1.796,0.0,1.744,-0.2,1.768,0.0,1.82,-0.2,1.744,-0.1,1.788
05-01-2026-Fri 13-20-02-PM,-0.2,2.012,-0.4,2.304,-0.2,2.56,-0.2,2.66,-0.2,2.74,0.0,2.748,-0.2,2.644,-0.3,2.664
05-01-2026-Fri 13-20-04-PM,33.7,5.204,38.2,5.204,33.6,5.2,23.2,5.22,18.1,5.204,18.1,5.216,13.4,5.192,24.4,5.2
05-01-2026-Fri 13-20-06-PM,32.7,5.204,37.3,5.204,32.8,5.204,22.9,5.232,17.9,5.22,17.4,5.228,13.0,5.204,23.7,5.212
05-01-2026-Fri 13-20-09-PM,-0.1,2.3,-0.1,2.292,0.0,2.284,0.1,2.256,-0.3,2.268,-0.1,2.3,-0.4,2.296,0.0,2.344
05-01-2026-Fri 13-20-11-PM,0.0,2.124,-0.2,2.176,-0.1,2.156,-0.2,2.108,-0.3,2.124,0.2,2.152,-0.2,2.128,-0.2,2.172
05-01-2026-Fri 13-20-13-PM,-0.1,2.056,-0.4,2.136,-0.1,2.108,-0.2,2.06,-0.3,2.076,-0.2,2.104,-0.2,2.068,0.0,2.108
05-01-2026-Fri 13-20-14-PM,0.1,2.02,-0.4,2.104,0.1,2.08,-0.1,2.028,-0.4,2.04,0.2,2.076,-0.2,2.036,-0.1,2.076
05-01-2026-Fri 13-20-15-PM,-0.1,1.984,0.0,2.08,0.2,2.052,0.0,2.004,-0.4,2.016,-0.1,2.048,-0.2,2.012,-0.2,2.048
05-01-2026-Fri 13-20-17-PM,-0.3,1.96,-0.5,2.06,-0.3,2.032,-0.4,1.98,-0.2,1.992,0.0,2.032,-0.1,1.984,0.0,2.024
05-01-2026-Fri 13-20-18-PM,-0.1,1.932,-0.3,2.044,0.0,2.012,-0.3,1.964,-0.6,1.976,0.1,2.012,0.0,1.964,-0.1,1.996
05-01-2026-Fri 13-20-20-PM,-0.3,1.912,-0.3,2.024,-0.3,1.996,-0.2,1.944,0.2,1.956,0.0,1.996,-0.1,1.94,-0.1,1.98
05-01-2026-Fri 13-20-21-PM,-0.3,1.896,-0.2,2.008,-0.3,1.976,0.0,1.928,-0.4,1.936,-0.1,1.98,-0.1,1.924,-0.1,1.96
05-01-2026-Fri 13-20-22-PM,-0.1,1.876,-0.2,1.996,-0.2,1.952,-0.1,1.908,-0.2,1.924,0.1,1.964,-0.1,1.908,0.1,1.944
05-01-2026-Fri 13-20-24-PM,-0.5,1.864,-0.4,1.976,0.1,1.944,-0.1,1.896,-0.1,1.908,0.2,1.952,-0.4,1.892,0.2,1.932
05-01-2026-Fri 13-20-25-PM,-0.2,1.844,-0.2,1.96,-0.1,1.928,-0.2,1.884,-0.5,1.896,-0.1,1.94,-0.2,1.884,-0.2,1.916
05-01-2026-Fri 13-20-27-PM,-0.2,1.832,-0.2,1.952,-0.3,1.916,-0.1,1.872,0.1,1.88,-0.2,1.924,-0.1,1.868,0.1,1.904
05-01-2026-Fri 13-20-28-PM,-0.1,1.816,-0.4,1.94,-0.2,1.904,-0.1,1.856,-0.4,1.872,-0.1,1.912,-0.1,1.852,-0.1,1.888
05-01-2026-Fri 13-20-30-PM,-0.2,1.804,-0.3,1.928,0.0,1.888,-0.3,1.844,-0.4,1.86,0.1,1.908,0.0,1.84,0.1,1.876
05-01-2026-Fri 13-20-31-PM,0.0,1.796,-0.3,1.916,-0.1,1.88,-0.1,1.836,-0.2,1.848,0.0,1.896,0.0,1.832,0.1,1.864
05-01-2026-Fri 13-20-32-PM,-0.2,1.788,-0.5,1.908,0.1,1.864,-0.1,1.82,-0.2,1.844,0.1,1.884,-0.1,1.82,-0.2,1.856
05-01-2026-Fri 13-20-34-PM,-0.3,1.78,-0.3,1.896,-0.2,1.86,-0.1,1.812,-0.3,1.832,-0.2,1.872,-0.2,1.808,0.1,1.844
05-01-2026-Fri 13-20-35-PM,-0.1,1.768,-0.5,1.884,-0.3,1.844,-0.2,1.804,-0.5,1.824,-0.3,1.868,-0.4,1.8,-0.2,1.836
05-01-2026-Fri 13-20-37-PM,-0.1,1.76,-0.1,1.876,-0.2,1.836,-0.1,1.788,0.0,1.816,0.0,1.856,-0.1,1.796,-0.3,1.828
05-01-2026-Fri 13-20-38-PM,-0.3,1.752,-0.3,1.864,-0.4,1.828,-0.3,1.78,-0.1,1.804,-0.1,1.852,0.1,1.784,-0.1,1.82
05-01-2026-Fri 13-20-39-PM,-0.1,1.74,-0.3,1.86,-0.1,1.82,0.1,1.768,-0.3,1.796,0.1,1.84,0.0,1.776,0.2,1.812
05-01-2026-Fri 13-20-41-PM,-0.4,1.736,-0.2,1.848,0.0,1.812,-0.1,1.764,0.0,1.796,0.1,1.836,0.0,1.768,0.0,1.8
05-01-2026-Fri 13-20-42-PM,-0.1,1.728,-0.2,1.84,-0.2,1.804,-0.1,1.752,-0.3,1.784,-0.3,1.832,-0.4,1.76,-0.2,1.8
05-01-2026-Fri 13-20-43-PM,-0.2,1.716,-0.1,1.832,0.0,1.796,-0.4,1.744,-0.3,1.78,-0.2,1.828,-0.2,1.752,0.0,1.792
05-01-2026-Fri 13-20-45-PM,0.1,1.716,-0.1,1.824,-0.1,1.788,-0.1,1.736,0.0,1.772,0.1,1.82,0.0,1.744,0.0,1.78
05-01-2026-Fri 13-20-46-PM,-0.5,1.708,-0.2,1.816,-0.1,1.784,0.2,1.728,-0.2,1.764,-0.2,1.812,-0.2,1.736,0.1,1.776
05-01-2026-Fri 13-20-48-PM,Power On
05-01-2026-Fri 13-20-49-PM,33.3,5.204,37.4,5.204,33.3,5.196,22.6,5.22,17.7,5.2,17.3,5.216,12.8,5.192,23.8,5.196
05-01-2026-Fri 13-20-50-PM,31.8,5.204,36.6,5.208,32.2,5.204,22.2,5.22,17.2,5.204,16.9,5.216,12.8,5.196,22.9,5.2
05-01-2026-Fri 13-20-52-PM,31.5,5.212,36.1,5.212,32.0,5.204,21.8,5.224,17.1,5.212,16.8,5.216,12.5,5.196,22.4,5.204
05-01-2026-Fri 13-20-53-PM,30.9,5.204,36.3,5.208,31.6,5.2,21.8,5.224,16.8,5.204,16.4,5.22,12.5,5.196,22.2,5.204
05-01-2026-Fri 13-20-55-PM,Power Off
05-01-2026-Fri 13-20-56-PM,0.0,2.344,-0.3,2.312,-0.3,2.308,-0.1,2.288,-0.5,2.316,0.1,2.34,-0.3,2.344,-0.1,2.384
05-01-2026-Fri 13-20-58-PM,-0.1,2.224,-0.3,2.24,0.1,2.22,0.0,2.196,-0.2,2.224,0.2,2.248,-0.2,2.24,-0.1,2.272
05-01-2026-Fri 13-20-59-PM,0.1,2.156,0.0,2.196,0.0,2.176,-0.1,2.136,-0.3,2.164,0.1,2.196,-0.2,2.172,-0.1,2.208
05-01-2026-Fri 13-21-00-PM,0.0,2.104,-0.3,2.16,-0.4,2.14,0.0,2.092,-0.2,2.128,-0.2,2.156,-0.1,2.124,0.1,2.16
05-01-2026-Fri 13-21-02-PM,-0.3,2.064,-0.6,2.132,0.0,2.112,0.2,2.064,-0.5,2.092,-0.2,2.124,-0.1,2.092,-0.1,2.12
05-01-2026-Fri 13-21-03-PM,-0.2,2.028,-0.3,2.104,-0.4,2.084,-0.1,2.036,-0.4,2.064,-0.1,2.096,-0.5,2.056,0.1,2.088
05-01-2026-Fri 13-21-05-PM,0.1,2.0,-0.4,2.08,-0.1,2.064,-0.4,2.012,-0.1,2.036,-0.2,2.072,-0.2,2.032,-0.2,2.06
05-01-2026-Fri 13-21-06-PM,-0.2,1.972,-0.2,2.064,-0.1,2.04,-0.2,1.988,-0.5,2.016,0.0,2.056,-0.4,2.012,0.2,2.04
05-01-2026-Fri 13-21-07-PM,-0.2,1.952,-0.4,2.044,-0.1,2.024,-0.3,1.972,-0.1,2.0,0.0,2.036,0.0,1.992,-0.4,2.016
05-01-2026-Fri 13-21-09-PM,-0.1,1.936,-0.3,2.028,0.0,2.008,-0.2,1.956,-0.3,1.98,0.2,2.02,-0.2,1.972,-0.1,1.996
05-01-2026-Fri 13-21-12-PM,-0.2,1.896,-0.2,2.0,0.1,1.972,-0.1,1.928,-0.3,1.952,0.0,1.992,-0.1,1.94,-0.1,1.964
05-01-2026-Fri 13-21-15-PM,-0.4,1.872,-0.3,1.972,-0.1,1.944,-0.2,1.9,-0.3,1.928,-0.1,1.964,-0.2,1.912,0.1,1.936
05-01-2026-Fri 13-21-16-PM,-0.4,1.852,-0.2,1.956,0.1,1.928,-0.3,1.888,-0.3,1.908,-0.1,1.948,0.0,1.896,-0.1,1.92
05-01-2026-Fri 13-21-18-PM,-0.3,1.84,-0.6,1.944,0.0,1.916,0.0,1.872,-0.3,1.896,-0.3,1.94,0.0,1.884,-0.1,1.904
05-01-2026-Fri 13-21-19-PM,-0.2,1.828,0.0,1.928,0.2,1.904,-0.2,1.864,-0.3,1.888,-0.2,1.928,-0.1,1.872,0.0,1.896
05-01-2026-Fri 13-21-20-PM,-0.2,1.82,-0.3,1.924,0.2,1.892,-0.2,1.852,-0.2,1.876,-0.2,1.916,-0.2,1.86,-0.1,1.888
05-01-2026-Fri 13-21-22-PM,-0.1,1.808,-0.4,1.908,0.0,1.88,0.0,1.84,-0.4,1.868,0.2,1.908,-0.2,1.852,0.0,1.876
05-01-2026-Fri 13-21-23-PM,-0.1,1.8,-0.2,1.904,0.0,1.872,-0.1,1.832,-0.3,1.864,-0.1,1.9,-0.1,1.844,0.2,1.864
05-01-2026-Fri 13-21-25-PM,-0.5,1.788,-0.6,1.888,-0.2,1.864,-0.2,1.824,-0.1,1.852,0.1,1.888,0.0,1.832,-0.3,1.856
05-01-2026-Fri 13-21-26-PM,0.1,1.784,0.0,1.884,-0.1,1.852,-0.3,1.812,-0.4,1.844,-0.2,1.884,-0.1,1.824,-0.1,1.848
05-01-2026-Fri 13-21-27-PM,-0.3,1.772,-0.5,1.872,0.0,1.844,-0.2,1.808,-0.2,1.832,-0.2,1.876,-0.2,1.816,0.0,1.84
05-01-2026-Fri 13-21-29-PM,0.1,1.764,-0.1,1.864,-0.1,1.832,0.0,1.8,-0.4,1.828,0.0,1.868,-0.3,1.804,0.0,1.832
05-01-2026-Fri 13-21-30-PM,-0.3,1.756,-0.3,1.856,0.0,1.828,-0.1,1.792,-0.1,1.816,0.0,1.86,-0.1,1.796,0.0,1.824
05-01-2026-Fri 13-21-32-PM,0.0,1.748,-0.2,1.848,-0.2,1.816,-0.4,1.78,-0.1,1.812,-0.1,1.852,-0.3,1.792,0.1,1.816
05-01-2026-Fri 13-21-33-PM,0.0,1.74,-0.5,1.84,-0.1,1.812,-0.3,1.776,-0.3,1.804,-0.2,1.848,-0.3,1.78,0.1,1.812
05-01-2026-Fri 13-21-34-PM,-0.1,1.736,-0.2,1.836,0.1,1.8,-0.3,1.764,-0.2,1.796,-0.2,1.84,-0.1,1.776,0.1,1.804
05-01-2026-Fri 13-21-36-PM,-0.2,1.728,-0.3,1.824,0.0,1.796,0.0,1.756,-0.4,1.792,0.0,1.832,-0.3,1.772,-0.1,1.796
05-01-2026-Fri 13-21-37-PM,-0.2,1.724,-0.4,1.82,-0.1,1.788,-0.1,1.752,-0.1,1.784,0.2,1.828,0.0,1.764,0.0,1.792
05-01-2026-Fri 13-21-39-PM,-0.4,1.716,-0.4,1.812,0.0,1.78,-0.1,1.744,0.0,1.78,-0.2,1.824,-0.1,1.756,0.3,1.784
05-01-2026-Fri 13-21-40-PM,0.2,1.712,-0.4,1.808,-0.3,1.776,-0.3,1.736,-0.5,1.772,0.2,1.816,-0.2,1.752,0.0,1.78
05-01-2026-Fri 13-21-41-PM,-0.3,1.704,-0.1,1.8,0.2,1.772,-0.1,1.728,-0.1,1.768,0.0,1.812,0.0,1.74,-0.1,1.772
05-01-2026-Fri 13-21-43-PM,-0.3,1.696,-0.1,1.792,0.0,1.764,-0.3,1.72,-0.1,1.76,0.0,1.804,-0.1,1.736,-0.1,1.768
05-01-2026-Fri 13-21-44-PM,-0.3,1.692,-0.3,1.788,-0.2,1.756,-0.3,1.716,-0.4,1.752,-0.2,1.8,-0.3,1.728,-0.2,1.76
05-01-2026-Fri 13-21-46-PM,-0.1,1.688,-0.2,1.78,-0.1,1.752,-0.1,1.708,-0.2,1.752,0.1,1.796,0.0,1.724,-0.1,1.756
05-01-2026-Fri 13-21-47-PM,-0.1,1.684,-0.4,1.776,-0.2,1.744,-0.3,1.7,-0.5,1.748,0.1,1.788,0.0,1.72,0.0,1.752
05-01-2026-Fri 13-21-48-PM,-0.2,1.68,0.0,1.772,0.1,1.74,-0.2,1.696,-0.3,1.74,0.2,1.784,-0.1,1.712,0.0,1.748
05-01-2026-Fri 13-21-50-PM,-0.2,1.676,-0.2,1.764,-0.1,1.736,0.1,1.688,-0.1,1.736,0.0,1.776,0.1,1.708,0.1,1.74
05-01-2026-Fri 13-21-51-PM,-0.2,1.672,-0.4,1.76,0.1,1.732,-0.1,1.68,-0.3,1.732,0.0,1.772,-0.4,1.704,-0.1,1.736
05-01-2026-Fri 13-21-53-PM,-0.2,1.668,-0.1,1.756,0.0,1.72,-0.1,1.672,-0.5,1.728,0.0,1.768,-0.2,1.696,-0.1,1.736
05-01-2026-Fri 13-21-54-PM,-0.1,1.66,-0.2,1.748,0.0,1.72,-0.3,1.664,-0.3,1.72,-0.1,1.764,-0.2,1.696,-0.2,1.724
05-01-2026-Fri 13-21-55-PM,-0.2,1.656,-0.3,1.744,-0.1,1.716,-0.1,1.66,-0.7,1.72,0.1,1.76,-0.1,1.688,0.1,1.724
05-01-2026-Fri 13-21-57-PM,0.0,1.652,-0.3,1.74,0.0,1.708,-0.1,1.652,-0.1,1.712,0.0,1.76,-0.1,1.688,-0.2,1.72
05-01-2026-Fri 13-21-58-PM,-0.2,1.648,-0.4,1.736,-0.1,1.704,-0.1,1.648,-0.4,1.708,-0.1,1.756,0.1,1.68,0.2,1.716
05-01-2026-Fri 13-21-59-PM,0.1,1.644,-0.1,1.732,-0.2,1.7,-0.3,1.64,-0.2,1.704,0.2,1.748,0.0,1.672,-0.2,1.712
05-01-2026-Fri 13-22-01-PM,-0.2,1.64,-0.1,1.728,0.0,1.696,-0.1,1.636,-0.3,1.7,-0.1,1.744,0.1,1.672,0.2,1.712
05-01-2026-Fri 13-22-02-PM,-0.3,1.636,-0.1,1.724,-0.1,1.692,-0.2,1.628,-0.2,1.696,-0.2,1.74,0.0,1.664,0.1,1.704
05-01-2026-Fri 13-22-04-PM,-0.2,1.632,-0.5,1.72,0.1,1.688,-0.1,1.624,-0.3,1.692,-0.1,1.736,-0.1,1.66,0.2,1.7
05-01-2026-Fri 13-22-05-PM,-0.3,1.624,-0.2,1.712,0.0,1.684,0.1,1.616,-0.4,1.688,0.1,1.736,0.0,1.656,0.2,1.696
05-01-2026-Fri 13-22-06-PM,-0.4,1.62,-0.2,1.708,0.0,1.68,-0.3,1.612,-0.2,1.684,0.0,1.728,-0.2,1.656,0.0,1.692
05-01-2026-Fri 13-22-08-PM,-0.2,1.62,-0.4,1.708,-0.4,1.676,-0.2,1.608,-0.3,1.68,-0.1,1.724,-0.1,1.648,0.0,1.692
05-01-2026-Fri 13-22-09-PM,-0.1,1.616,-0.4,1.7,0.0,1.668,0.0,1.6,-0.2,1.68,-0.2,1.72,-0.2,1.648,0.2,1.688
05-01-2026-Fri 13-22-11-PM,-0.3,1.616,-0.3,1.7,-0.3,1.668,-0.1,1.596,-0.1,1.676,-0.2,1.72,-0.2,1.644,-0.1,1.684
05-01-2026-Fri 13-22-12-PM,-0.1,1.612,-0.3,1.696,-0.2,1.664,0.1,1.592,-0.3,1.668,0.0,1.716,-0.1,1.636,-0.2,1.68
05-01-2026-Fri 13-22-13-PM,0.0,1.608,-0.4,1.692,0.0,1.66,0.0,1.584,-0.4,1.664,0.0,1.712,-0.1,1.636,-0.4,1.676
05-01-2026-Fri 13-22-15-PM,-0.2,1.604,-0.2,1.688,0.0,1.66,-0.2,1.58,-0.3,1.664,-0.2,1.708,-0.1,1.632,0.0,1.676
05-01-2026-Fri 13-22-16-PM,0.0,1.6,-0.2,1.68,0.1,1.652,-0.2,1.576,-0.3,1.66,0.1,1.708,-0.5,1.628,0.0,1.672
05-01-2026-Fri 13-22-18-PM,-0.1,1.596,-0.2,1.68,-0.1,1.652,-0.2,1.572,-0.1,1.66,0.1,1.704,-0.2,1.62,-0.1,1.668
05-01-2026-Fri 13-22-19-PM,-0.3,1.596,-0.1,1.676,-0.1,1.644,0.1,1.564,-0.1,1.656,-0.1,1.7,-0.1,1.62,-0.1,1.664
05-01-2026-Fri 13-22-20-PM,-0.2,1.592,-0.4,1.672,-0.1,1.64,-0.2,1.56,-0.4,1.648,-0.1,1.696,0.0,1.612,-0.1,1.664
05-01-2026-Fri 13-22-22-PM,-0.2,1.588,-0.3,1.672,0.2,1.64,-0.3,1.552,-0.1,1.644,-0.1,1.692,-0.1,1.608,0.0,1.66
05-01-2026-Fri 13-22-23-PM,0.0,1.584,-0.3,1.664,-0.2,1.636,-0.2,1.548,-0.2,1.644,0.0,1.692,-0.2,1.608,-0.1,1.652
05-01-2026-Fri 13-22-25-PM,-0.4,1.584,-0.3,1.66,0.3,1.632,0.0,1.544,-0.3,1.64,-0.1,1.688,-0.1,1.604,-0.2,1.652
05-01-2026-Fri 13-22-26-PM,-0.1,1.58,-0.1,1.656,-0.1,1.628,-0.2,1.54,-0.2,1.64,-0.2,1.688,-0.2,1.6,0.0,1.648
05-01-2026-Fri 13-22-27-PM,-0.4,1.576,-0.5,1.656,0.0,1.624,0.1,1.536,-0.2,1.636,0.1,1.684,-0.3,1.6,-0.1,1.652
05-01-2026-Fri 13-22-29-PM,-0.2,1.576,-0.3,1.652,0.0,1.62,0.1,1.528,-0.3,1.632,-0.1,1.68,0.0,1.592,0.0,1.644
05-01-2026-Fri 13-22-30-PM,-0.2,1.572,-0.2,1.652,0.1,1.62,-0.1,1.524,-0.1,1.628,-0.1,1.676,0.1,1.588,0.0,1.644
05-01-2026-Fri 13-22-31-PM,-0.2,1.568,-0.6,1.648,0.2,1.616,-0.2,1.52,-0.2,1.628,0.0,1.676,-0.2,1.584,0.2,1.64
05-01-2026-Fri 13-22-33-PM,-0.2,1.564,-0.1,1.644,0.0,1.616,-0.2,1.516,-0.1,1.624,-0.3,1.672,0.0,1.58,-0.1,1.64
05-01-2026-Fri 13-22-34-PM,0.1,1.56,-0.2,1.64,-0.2,1.612,-0.4,1.512,-0.1,1.62,-0.2,1.668,0.0,1.58,-0.2,1.636
05-01-2026-Fri 13-22-36-PM,-0.1,1.56,-0.1,1.636,-0.3,1.608,-0.2,1.508,0.0,1.616,-0.1,1.668,-0.1,1.576,-0.1,1.632
05-01-2026-Fri 13-22-38-PM,-0.1,1.556,-0.4,1.632,0.0,1.604,-0.6,1.504,-0.1,1.616,0.0,1.664,-0.2,1.572,0.3,1.632
05-01-2026-Fri 13-22-39-PM,-0.2,1.552,-0.1,1.632,0.0,1.6,-0.2,1.5,-0.1,1.612,-0.2,1.664,-0.2,1.568,0.1,1.628
05-01-2026-Fri 13-22-40-PM,-0.3,1.548,-0.4,1.628,-0.3,1.6,0.0,1.496,-0.3,1.608,0.0,1.66,-0.1,1.564,-0.2,1.624
05-01-2026-Fri 13-22-42-PM,-0.2,1.544,-0.5,1.628,-0.4,1.596,0.0,1.492,-0.2,1.608,0.0,1.66,0.0,1.56,-0.1,1.624
05-01-2026-Fri 13-22-43-PM,-0.1,1.544,-0.5,1.624,-0.1,1.592,-0.3,1.488,-0.2,1.604,0.1,1.656,-0.2,1.56,0.0,1.62
05-01-2026-Fri 13-22-45-PM,-0.3,1.544,-0.2,1.624,-0.3,1.588,-0.1,1.484,-0.3,1.6,0.1,1.652,-0.4,1.556,-0.2,1.62
05-01-2026-Fri 13-22-46-PM,-0.4,1.544,-0.3,1.62,0.0,1.588,-0.2,1.476,-0.2,1.6,-0.1,1.652,-0.1,1.556,0.0,1.616
05-01-2026-Fri 13-22-47-PM,0.0,1.54,-0.4,1.616,-0.1,1.584,-0.1,1.476,-0.3,1.596,0.0,1.648,0.1,1.548,0.1,1.616
05-01-2026-Fri 13-22-49-PM,-0.3,1.536,-0.3,1.616,0.0,1.584,-0.1,1.472,-0.1,1.596,-0.1,1.644,-0.5,1.544,-0.3,1.612
05-01-2026-Fri 13-22-50-PM,-0.4,1.532,-0.2,1.612,0.0,1.58,0.0,1.468,-0.3,1.588,0.1,1.644,-0.4,1.544,0.0,1.612
05-01-2026-Fri 13-22-51-PM,-0.2,1.532,-0.4,1.608,-0.1,1.576,-0.2,1.46,-0.1,1.588,-0.2,1.64,-0.3,1.54,0.1,1.608
05-01-2026-Fri 13-22-53-PM,Power On
05-01-2026-Fri 13-22-54-PM,32.8,5.204,36.6,5.212,33.3,5.204,22.0,5.224,17.4,5.212,17.2,5.22,12.6,5.196,22.8,5.204
05-01-2026-Fri 13-22-56-PM,31.6,5.208,35.5,5.212,32.3,5.208,21.7,5.224,16.9,5.208,16.3,5.224,12.2,5.2,22.0,5.208
05-01-2026-Fri 13-22-57-PM,30.8,5.212,34.7,5.216,31.2,5.208,21.0,5.228,16.6,5.212,16.0,5.224,11.7,5.2,21.6,5.204
05-01-2026-Fri 13-22-59-PM,30.5,5.22,34.5,5.22,30.5,5.212,21.0,5.228,16.1,5.208,15.8,5.224,11.5,5.204,21.3,5.212
05-01-2026-Fri 13-23-00-PM,Power Off
05-01-2026-Fri 13-23-02-PM,-0.1,2.324,-0.4,2.312,-0.2,2.304,-0.2,2.276,-0.2,2.3,0.0,2.328,-0.2,2.32,0.0,2.368
05-01-2026-Fri 13-23-03-PM,-0.3,2.204,-0.1,2.236,-0.1,2.22,0.1,2.18,0.1,2.204,-0.1,2.232,-0.2,2.208,-0.1,2.256
05-01-2026-Fri 13-23-04-PM,-0.1,2.132,-0.3,2.184,-0.2,2.168,-0.1,2.12,-0.4,2.148,-0.2,2.176,-0.2,2.144,0.0,2.188
05-01-2026-Fri 13-23-06-PM,-0.3,2.076,-0.1,2.148,0.0,2.132,-0.2,2.08,-0.1,2.104,-0.2,2.132,-0.6,2.096,0.0,2.136
05-01-2026-Fri 13-23-07-PM,-0.2,2.036,-0.3,2.116,-0.3,2.1,-0.4,2.044,-0.4,2.068,0.2,2.1,-0.4,2.06,-0.2,2.1
05-01-2026-Fri 13-23-09-PM,-0.4,2.0,-0.3,2.092,0.0,2.072,-0.1,2.016,-0.5,2.04,-0.1,2.076,-0.3,2.028,0.0,2.068
05-01-2026-Fri 13-23-10-PM,-0.2,1.972,-0.4,2.068,0.1,2.048,-0.2,1.988,-0.3,2.016,-0.2,2.052,0.1,2.0,0.1,2.04
05-01-2026-Fri 13-23-11-PM,-0.4,1.944,-0.1,2.048,-0.1,2.028,0.0,1.968,-0.3,1.992,0.0,2.032,-0.1,1.976,-0.1,2.012
05-01-2026-Fri 13-23-13-PM,-0.1,1.92,-0.1,2.028,0.0,2.004,-0.3,1.952,-0.6,1.976,0.0,2.012,-0.2,1.96,0.2,1.992
05-01-2026-Fri 13-23-14-PM,-0.2,1.904,-0.4,2.012,-0.1,1.984,-0.5,1.932,0.0,1.96,-0.1,1.996,-0.2,1.94,0.1,1.972
05-01-2026-Fri 13-23-15-PM,0.1,1.884,-0.3,1.992,-0.1,1.972,-0.2,1.916,-0.3,1.944,-0.2,1.98,-0.3,1.924,0.0,1.956
05-01-2026-Fri 13-23-17-PM,-0.2,1.868,-0.3,1.98,-0.2,1.948,-0.2,1.9,0.0,1.924,-0.1,1.964,-0.2,1.908,0.0,1.94
05-01-2026-Fri 13-23-18-PM,-0.4,1.856,-0.5,1.964,0.0,1.94,-0.1,1.888,-0.3,1.912,0.2,1.952,0.0,1.892,-0.1,1.924
05-01-2026-Fri 13-23-21-PM,-0.3,1.824,-0.5,1.936,-0.1,1.908,0.1,1.864,-0.3,1.888,-0.3,1.928,-0.3,1.868,0.1,1.896
05-01-2026-Fri 13-23-24-PM,-0.1,1.804,-0.4,1.912,0.0,1.884,-0.1,1.84,-0.1,1.868,0.0,1.908,-0.3,1.844,0.0,1.872
05-01-2026-Fri 13-23-25-PM,0.1,1.788,-0.2,1.896,0.1,1.868,-0.3,1.828,-0.2,1.852,-0.1,1.892,-0.1,1.828,0.0,1.86
05-01-2026-Fri 13-23-27-PM,0.1,1.776,-0.4,1.888,-0.2,1.856,-0.3,1.82,-0.1,1.84,-0.2,1.884,-0.2,1.816,0.0,1.848
05-01-2026-Fri 13-23-29-PM,-0.1,1.768,-0.3,1.876,-0.2,1.848,-0.1,1.808,-0.1,1.832,0.0,1.876,-0.2,1.812,0.2,1.84
05-01-2026-Fri 13-23-30-PM,-0.1,1.756,-0.4,1.872,0.1,1.836,-0.1,1.8,-0.4,1.828,0.1,1.864,-0.2,1.8,0.0,1.832
05-01-2026-Fri 13-23-31-PM,-0.1,1.748,-0.3,1.856,-0.3,1.828,-0.2,1.788,-0.2,1.812,-0.1,1.86,-0.1,1.792,-0.1,1.82
05-01-2026-Fri 13-23-33-PM,-0.2,1.74,-0.4,1.844,0.0,1.816,0.3,1.78,-0.2,1.804,-0.1,1.848,-0.2,1.78,0.1,1.812
05-01-2026-Fri 13-23-34-PM,-0.1,1.728,-0.3,1.836,0.2,1.808,0.0,1.772,-0.2,1.796,-0.1,1.84,0.0,1.772,0.0,1.804
05-01-2026-Fri 13-23-36-PM,-0.3,1.728,-0.3,1.832,0.0,1.8,-0.1,1.76,0.1,1.792,0.0,1.832,-0.4,1.764,0.0,1.796
05-01-2026-Fri 13-23-37-PM,-0.1,1.716,-0.2,1.82,0.0,1.792,-0.2,1.752,-0.3,1.784,0.0,1.824,-0.2,1.76,0.0,1.792
05-01-2026-Fri 13-23-38-PM,-0.2,1.712,-0.2,1.812,-0.1,1.784,-0.2,1.744,-0.2,1.776,-0.2,1.816,-0.1,1.748,0.1,1.784
05-01-2026-Fri 13-23-40-PM,0.1,1.7,-0.1,1.808,0.1,1.776,-0.3,1.736,-0.2,1.772,-0.1,1.812,-0.2,1.744,0.1,1.776
05-01-2026-Fri 13-23-41-PM,-0.2,1.696,-0.3,1.8,-0.2,1.772,0.0,1.728,-0.2,1.764,-0.2,1.804,-0.2,1.736,0.0,1.772
05-01-2026-Fri 13-23-43-PM,-0.1,1.688,-0.2,1.792,0.0,1.764,-0.3,1.72,-0.2,1.756,0.1,1.8,-0.1,1.728,0.1,1.764
05-01-2026-Fri 13-23-44-PM,0.1,1.684,-0.5,1.788,-0.2,1.756,0.1,1.716,-0.2,1.752,-0.2,1.796,-0.1,1.724,-0.1,1.76
05-01-2026-Fri 13-23-46-PM,-0.1,1.676,-0.1,1.776,-0.3,1.752,0.0,1.708,-0.2,1.744,-0.4,1.788,-0.1,1.716,-0.3,1.756
05-01-2026-Fri 13-23-47-PM,-0.2,1.672,-0.2,1.772,0.1,1.748,-0.1,1.7,-0.6,1.74,-0.2,1.78,0.0,1.712,-0.1,1.748
05-01-2026-Fri 13-23-48-PM,-0.2,1.672,-0.1,1.768,-0.1,1.74,0.0,1.696,-0.1,1.736,0.0,1.776,-0.1,1.704,0.0,1.744
05-01-2026-Fri 13-23-50-PM,-0.2,1.66,-0.2,1.76,0.0,1.732,-0.4,1.684,-0.2,1.728,0.0,1.776,0.0,1.7,0.0,1.74
05-01-2026-Fri 13-23-51-PM,-0.1,1.66,-0.1,1.752,-0.1,1.724,0.0,1.68,-0.2,1.724,0.4,1.768,0.0,1.692,-0.1,1.732
05-01-2026-Fri 13-23-52-PM,-0.1,1.652,-0.3,1.748,0.1,1.716,0.2,1.672,-0.2,1.72,0.1,1.76,-0.3,1.688,-0.1,1.728
05-01-2026-Fri 13-23-54-PM,0.1,1.648,0.0,1.736,-0.3,1.712,-0.2,1.664,-0.4,1.716,-0.2,1.756,-0.4,1.68,-0.2,1.72
05-01-2026-Fri 13-23-56-PM,0.0,1.644,-0.2,1.736,-0.1,1.704,-0.1,1.656,0.0,1.704,-0.2,1.752,-0.1,1.676,-0.1,1.716
05-01-2026-Fri 13-23-57-PM,0.1,1.64,-0.2,1.732,-0.1,1.704,-0.1,1.648,-0.1,1.7,-0.1,1.744,-0.2,1.672,-0.1,1.712
05-01-2026-Fri 13-23-59-PM,-0.1,1.636,-0.3,1.724,0.0,1.696,-0.2,1.64,-0.1,1.7,0.1,1.74,-0.2,1.664,-0.2,1.708
05-01-2026-Fri 13-24-00-PM,-0.1,1.628,-0.5,1.72,0.1,1.692,-0.2,1.636,-0.3,1.696,0.1,1.74,-0.2,1.66,0.0,1.704
05-01-2026-Fri 13-24-01-PM,-0.3,1.624,-0.3,1.712,-0.1,1.688,0.0,1.628,-0.3,1.688,0.2,1.732,-0.1,1.656,0.0,1.696
05-01-2026-Fri 13-24-03-PM,-0.1,1.62,0.0,1.708,0.2,1.68,-0.2,1.624,-0.3,1.684,0.0,1.728,-0.4,1.648,-0.2,1.696
05-01-2026-Fri 13-24-04-PM,-0.1,1.616,-0.5,1.704,0.1,1.68,0.1,1.612,-0.3,1.676,0.0,1.724,-0.2,1.648,0.1,1.692
05-01-2026-Fri 13-24-06-PM,-0.1,1.616,0.1,1.7,0.0,1.672,-0.2,1.608,-0.2,1.676,-0.1,1.72,-0.3,1.644,0.0,1.688
05-01-2026-Fri 13-24-07-PM,-0.1,1.608,-0.3,1.696,-0.2,1.672,-0.1,1.604,-0.3,1.672,-0.1,1.716,-0.1,1.636,-0.1,1.684
05-01-2026-Fri 13-24-08-PM,0.1,1.604,-0.3,1.692,-0.1,1.664,-0.1,1.6,-0.2,1.668,-0.1,1.712,-0.3,1.632,0.1,1.684
05-01-2026-Fri 13-24-10-PM,-0.1,1.6,-0.3,1.684,-0.2,1.66,-0.2,1.592,-0.2,1.664,0.2,1.708,-0.3,1.628,0.2,1.676
05-01-2026-Fri 13-24-11-PM,-0.3,1.596,-0.2,1.68,-0.1,1.656,-0.3,1.588,-0.3,1.66,-0.1,1.7,-0.2,1.628,-0.1,1.676
05-01-2026-Fri 13-24-13-PM,0.1,1.596,-0.3,1.68,-0.1,1.652,0.2,1.584,-0.1,1.656,0.0,1.7,-0.2,1.62,0.1,1.672
05-01-2026-Fri 13-24-14-PM,-0.1,1.592,-0.4,1.672,0.0,1.644,-0.1,1.576,0.2,1.652,-0.1,1.696,-0.2,1.616,0.2,1.664
05-01-2026-Fri 13-24-16-PM,-0.1,1.588,-0.3,1.668,-0.1,1.644,-0.3,1.568,-0.5,1.648,0.1,1.692,-0.2,1.612,0.0,1.664
05-01-2026-Fri 13-24-17-PM,-0.1,1.584,-0.1,1.664,0.1,1.64,-0.2,1.564,-0.5,1.648,-0.1,1.688,-0.1,1.612,0.1,1.664
05-01-2026-Fri 13-24-19-PM,-0.1,1.58,-0.3,1.664,0.0,1.636,0.1,1.556,-0.4,1.644,-0.2,1.692,-0.4,1.604,0.2,1.66
05-01-2026-Fri 13-24-20-PM,-0.1,1.576,-0.2,1.66,-0.2,1.632,-0.2,1.556,-0.1,1.64,-0.1,1.688,-0.1,1.604,-0.2,1.652
05-01-2026-Fri 13-24-21-PM,0.3,1.572,-0.3,1.656,-0.2,1.628,0.1,1.548,-0.2,1.636,-0.1,1.68,-0.1,1.596,-0.1,1.652
05-01-2026-Fri 13-24-23-PM,-0.1,1.568,-0.1,1.652,-0.1,1.628,-0.2,1.548,-0.2,1.632,0.0,1.676,-0.2,1.592,0.1,1.652
05-01-2026-Fri 13-24-24-PM,-0.2,1.564,-0.2,1.648,0.0,1.624,-0.2,1.54,-0.4,1.628,0.2,1.676,-0.1,1.588,0.0,1.644
05-01-2026-Fri 13-24-26-PM,-0.2,1.568,-0.1,1.644,0.0,1.62,-0.1,1.532,-0.3,1.624,0.1,1.672,-0.4,1.584,-0.1,1.644
05-01-2026-Fri 13-24-27-PM,-0.4,1.56,-0.5,1.64,-0.1,1.612,-0.3,1.528,-0.2,1.62,0.0,1.668,-0.2,1.584,-0.2,1.64
05-01-2026-Fri 13-24-29-PM,-0.2,1.56,-0.3,1.64,-0.3,1.612,0.2,1.52,-0.2,1.62,0.0,1.668,-0.1,1.58,0.1,1.636
05-01-2026-Fri 13-24-30-PM,-0.3,1.552,-0.4,1.636,-0.1,1.608,-0.1,1.52,0.0,1.616,-0.3,1.668,-0.5,1.576,0.0,1.636
05-01-2026-Fri 13-24-31-PM,-0.1,1.552,-0.3,1.636,0.1,1.604,-0.3,1.512,-0.4,1.612,0.0,1.66,0.1,1.572,0.3,1.632
05-01-2026-Fri 13-24-33-PM,-0.1,1.548,-0.1,1.628,0.0,1.6,-0.1,1.508,-0.3,1.612,0.0,1.66,-0.1,1.568,-0.1,1.632
05-01-2026-Fri 13-24-34-PM,-0.3,1.548,-0.4,1.628,0.2,1.6,-0.2,1.508,-0.3,1.612,-0.1,1.652,-0.3,1.564,0.0,1.628
05-01-2026-Fri 13-24-36-PM,-0.1,1.544,-0.4,1.624,-0.1,1.596,-0.3,1.504,-0.6,1.604,0.0,1.656,-0.2,1.56,0.0,1.624
05-01-2026-Fri 13-24-37-PM,0.1,1.544,-0.4,1.62,-0.3,1.592,-0.1,1.496,-0.3,1.6,0.2,1.652,-0.1,1.56,-0.1,1.62
05-01-2026-Fri 13-24-38-PM,-0.3,1.54,-0.4,1.616,0.0,1.592,-0.5,1.492,-0.2,1.6,0.1,1.644,-0.3,1.552,0.0,1.62
05-01-2026-Fri 13-24-40-PM,-0.5,1.536,-0.5,1.616,-0.1,1.584,0.0,1.488,-0.2,1.6,-0.1,1.648,-0.3,1.552,-0.1,1.62
05-01-2026-Fri 13-24-41-PM,-0.3,1.532,-0.3,1.616,0.0,1.584,-0.1,1.488,-0.3,1.592,0.0,1.644,-0.1,1.548,0.0,1.612
05-01-2026-Fri 13-24-43-PM,-0.1,1.532,-0.3,1.608,-0.1,1.58,0.2,1.48,-0.6,1.592,-0.1,1.644,0.0,1.544,0.1,1.612
05-01-2026-Fri 13-24-44-PM,-0.2,1.528,-0.2,1.608,-0.3,1.58,-0.1,1.48,0.0,1.584,0.1,1.64,0.0,1.54,-0.1,1.608
05-01-2026-Fri 13-24-45-PM,-0.2,1.528,-0.3,1.608,-0.1,1.572,-0.1,1.472,-0.1,1.588,0.1,1.636,-0.3,1.54,-0.1,1.612
05-01-2026-Fri 13-24-47-PM,0.0,1.524,-0.2,1.604,0.0,1.572,0.1,1.468,-0.2,1.58,0.1,1.632,0.0,1.536,0.0,1.604
05-01-2026-Fri 13-24-48-PM,0.0,1.524,-0.2,1.6,-0.2,1.572,-0.2,1.468,-0.2,1.58,0.1,1.632,-0.1,1.532,0.2,1.6
05-01-2026-Fri 13-24-50-PM,0.0,1.52,-0.3,1.596,-0.1,1.568,-0.1,1.46,-0.3,1.58,-0.1,1.628,-0.3,1.532,0.2,1.6
05-01-2026-Fri 13-24-51-PM,0.1,1.516,-0.4,1.592,0.0,1.568,-0.1,1.46,-0.2,1.576,0.2,1.628,-0.3,1.528,0.2,1.596
05-01-2026-Fri 13-24-52-PM,-0.2,1.516,-0.4,1.592,-0.4,1.564,-0.1,1.456,-0.5,1.572,0.0,1.624,-0.2,1.524,0.0,1.596
05-01-2026-Fri 13-24-54-PM,-0.1,1.512,-0.1,1.592,-0.2,1.56,-0.2,1.452,-0.4,1.572,-0.1,1.62,0.0,1.52,0.0,1.596
05-01-2026-Fri 13-24-55-PM,-0.4,1.512,-0.2,1.592,-0.3,1.56,0.1,1.448,-0.1,1.568,0.0,1.624,0.1,1.516,0.1,1.592
05-01-2026-Fri 13-24-57-PM,-0.1,1.508,-0.2,1.584,-0.1,1.556,-0.1,1.448,-0.2,1.564,0.1,1.62,0.2,1.516,-0.2,1.588
05-01-2026-Fri 13-24-58-PM,-0.2,1.508,-0.3,1.584,0.1,1.556,-0.3,1.44,-0.3,1.564,0.0,1.616,-0.2,1.508,-0.1,1.588
05-01-2026-Fri 13-24-59-PM,-0.1,1.504,0.0,1.58,-0.1,1.552,0.0,1.436,-0.1,1.56,0.1,1.616,-0.1,1.508,0.0,1.584
05-01-2026-Fri 13-25-01-PM,-0.2,1.504,-0.2,1.58,0.4,1.548,0.1,1.432,-0.7,1.56,-0.1,1.612,-0.1,1.504,0.1,1.584
05-01-2026-Fri 13-25-02-PM,0.1,1.5,-0.5,1.576,-0.1,1.552,-0.2,1.428,-0.5,1.56,0.2,1.608,-0.1,1.504,0.0,1.584
05-01-2026-Fri 13-25-03-PM,-0.1,1.496,-0.1,1.572,0.1,1.544,-0.1,1.424,0.0,1.556,-0.3,1.612,-0.2,1.5,0.0,1.576
05-01-2026-Fri 13-25-05-PM,-0.1,1.492,-0.2,1.572,0.1,1.54,-0.2,1.42,-0.2,1.552,-0.1,1.604,0.1,1.5,0.0,1.576
05-01-2026-Fri 13-25-06-PM,-0.2,1.492,-0.2,1.572,0.1,1.536,-0.1,1.42,0.0,1.552,0.0,1.604,0.1,1.492,-0.1,1.572
05-01-2026-Fri 13-25-08-PM,-0.3,1.492,-0.4,1.572,0.0,1.536,-0.1,1.416,-0.3,1.544,0.0,1.6,-0.2,1.488,0.0,1.572
05-01-2026-Fri 13-25-09-PM,0.2,1.492,-0.1,1.568,-0.1,1.536,-0.2,1.412,-0.5,1.548,-0.2,1.6,-0.2,1.488,-0.2,1.568
05-01-2026-Fri 13-25-10-PM,-0.2,1.488,-0.1,1.56,0.0,1.532,-0.1,1.408,-0.1,1.544,0.1,1.596,-0.3,1.484,0.0,1.568
05-01-2026-Fri 13-25-12-PM,0.1,1.484,-0.5,1.564,-0.2,1.532,0.0,1.404,-0.3,1.54,-0.2,1.6,-0.1,1.48,-0.1,1.564
05-01-2026-Fri 13-25-13-PM,-0.1,1.484,-0.3,1.56,-0.3,1.528,-0.1,1.4,-0.1,1.54,0.0,1.592,-0.3,1.48,-0.1,1.564
05-01-2026-Fri 13-25-15-PM,-0.3,1.484,-0.4,1.56,0.0,1.528,-0.2,1.4,-0.6,1.54,0.0,1.596,-0.1,1.476,-0.1,1.56
05-01-2026-Fri 13-25-16-PM,-0.2,1.48,-0.2,1.556,0.0,1.524,-0.2,1.396,-0.4,1.536,0.0,1.592,-0.6,1.472,0.0,1.556
05-01-2026-Fri 13-25-17-PM,0.1,1.476,-0.3,1.552,-0.1,1.524,-0.2,1.392,-0.5,1.532,0.0,1.592,-0.4,1.472,0.2,1.56
05-01-2026-Fri 13-25-19-PM,-0.1,1.476,-0.3,1.552,-0.1,1.52,-0.1,1.392,-0.2,1.532,0.1,1.588,-0.2,1.472,-0.2,1.552
05-01-2026-Fri 13-25-20-PM,-0.1,1.472,-0.5,1.552,0.2,1.516,-0.2,1.388,-0.1,1.528,0.0,1.588,-0.2,1.468,-0.2,1.552
05-01-2026-Fri 13-25-22-PM,0.1,1.476,-0.3,1.548,-0.1,1.516,0.1,1.384,-0.4,1.528,0.1,1.584,-0.1,1.468,0.0,1.548
05-01-2026-Fri 13-25-23-PM,-0.3,1.472,-0.3,1.548,-0.2,1.516,-0.1,1.38,0.0,1.524,0.2,1.584,-0.2,1.46,0.0,1.548
05-01-2026-Fri 13-25-24-PM,-0.2,1.468,-0.7,1.548,0.0,1.516,-0.2,1.376,-0.4,1.524,0.0,1.58,-0.2,1.46,0.2,1.544
05-01-2026-Fri 13-25-26-PM,-0.1,1.464,-0.4,1.544,-0.2,1.512,-0.3,1.372,-0.3,1.52,0.1,1.58,-0.3,1.46,-0.1,1.544
05-01-2026-Fri 13-25-27-PM,-0.3,1.468,-0.1,1.54,-0.2,1.512,-0.1,1.372,-0.1,1.52,-0.1,1.58,0.1,1.456,0.1,1.54
05-01-2026-Fri 13-25-28-PM,-0.1,1.464,-0.3,1.54,-0.2,1.508,0.0,1.368,-0.3,1.516,0.0,1.576,-0.2,1.452,-0.1,1.536
05-01-2026-Fri 13-25-30-PM,0.0,1.46,-0.4,1.536,0.1,1.504,-0.2,1.36,-0.2,1.516,-0.3,1.572,-0.1,1.448,0.2,1.536
05-01-2026-Fri 13-25-32-PM,-0.3,1.46,-0.4,1.536,-0.2,1.5,0.0,1.36,-0.2,1.516,-0.1,1.572,0.2,1.448,-0.2,1.532
05-01-2026-Fri 13-25-33-PM,-0.1,1.456,-0.4,1.536,-0.3,1.504,-0.4,1.356,-0.4,1.508,0.2,1.572,-0.2,1.444,0.0,1.532
05-01-2026-Fri 13-25-35-PM,-0.2,1.452,-0.2,1.532,-0.3,1.5,0.0,1.352,0.0,1.508,0.0,1.568,-0.2,1.44,0.1,1.528
05-01-2026-Fri 13-25-36-PM,-0.1,1.452,-0.5,1.528,-0.3,1.5,-0.1,1.352,-0.1,1.508,0.1,1.568,-0.1,1.44,-0.1,1.528
05-01-2026-Fri 13-25-37-PM,-0.3,1.452,-0.2,1.528,0.1,1.496,-0.2,1.348,-0.3,1.504,-0.3,1.568,-0.3,1.436,-0.1,1.524
05-01-2026-Fri 13-25-39-PM,-0.3,1.448,-0.1,1.528,-0.3,1.496,-0.2,1.348,-0.2,1.504,0.0,1.564,0.0,1.436,0.0,1.524
05-01-2026-Fri 13-25-40-PM,-0.1,1.448,-0.2,1.528,-0.1,1.492,-0.2,1.34,-0.3,1.5,-0.2,1.564,-0.1,1.432,0.0,1.52
05-01-2026-Fri 13-25-42-PM,-0.1,1.448,-0.1,1.524,-0.2,1.488,-0.2,1.336,-0.2,1.496,-0.2,1.564,-0.1,1.432,0.2,1.52
05-01-2026-Fri 13-25-43-PM,-0.2,1.444,-0.5,1.524,0.1,1.488,0.0,1.336,-0.3,1.496,0.0,1.564,-0.1,1.428,-0.2,1.516
05-01-2026-Fri 13-25-44-PM,-0.2,1.444,-0.2,1.52,-0.1,1.488,0.0,1.332,-0.3,1.496,0.3,1.556,-0.1,1.428,-0.4,1.512
05-01-2026-Fri 13-25-46-PM,-0.2,1.444,-0.1,1.516,-0.1,1.488,0.0,1.328,0.0,1.492,0.2,1.556,-0.2,1.42,-0.1,1.512
05-01-2026-Fri 13-25-47-PM,-0.3,1.44,-0.3,1.516,0.0,1.484,0.0,1.328,-0.2,1.492,-0.1,1.552,0.0,1.42,0.0,1.512
05-01-2026-Fri 13-25-49-PM,-0.1,1.44,-0.1,1.516,-0.1,1.484,0.1,1.328,-0.2,1.488,-0.2,1.556,-0.3,1.42,0.1,1.508
05-01-2026-Fri 13-25-50-PM,-0.1,1.436,0.1,1.512,-0.1,1.48,0.0,1.32,-0.4,1.484,-0.3,1.552,-0.1,1.416,-0.1,1.508
05-01-2026-Fri 13-25-52-PM,-0.5,1.44,-0.4,1.512,0.1,1.48,-0.1,1.32,-0.1,1.484,0.1,1.552,-0.1,1.412,-0.1,1.504
05-01-2026-Fri 13-25-53-PM,0.0,1.436,-0.5,1.512,0.0,1.476,0.2,1.316,-0.5,1.48,-0.2,1.548,-0.2,1.412,0.1,1.504
05-01-2026-Fri 13-25-54-PM,-0.3,1.432,-0.3,1.512,-0.1,1.476,0.0,1.312,-0.4,1.48,0.2,1.548,0.0,1.408,-0.2,1.5
05-01-2026-Fri 13-25-56-PM,0.2,1.432,-0.6,1.504,-0.4,1.472,0.0,1.312,-0.4,1.48,-0.1,1.548,-0.3,1.408,0.0,1.5
05-01-2026-Fri 13-25-57-PM,-0.2,1.428,-0.2,1.504,-0.2,1.472,-0.2,1.308,-0.2,1.476,-0.3,1.544,-0.6,1.404,-0.2,1.496
05-01-2026-Fri 13-25-59-PM,-0.2,1.428,-0.2,1.504,0.0,1.468,-0.1,1.304,-0.3,1.476,-0.2,1.544,-0.4,1.404,0.0,1.496
05-01-2026-Fri 13-26-00-PM,-0.4,1.428,-0.3,1.504,-0.1,1.472,-0.3,1.304,-0.2,1.472,-0.3,1.544,-0.1,1.404,-0.1,1.496
05-01-2026-Fri 13-26-01-PM,-0.3,1.424,-0.2,1.504,0.0,1.468,0.2,1.3,-0.2,1.472,0.0,1.54,-0.1,1.396,-0.2,1.488
05-01-2026-Fri 13-26-03-PM,0.1,1.42,-0.2,1.5,-0.1,1.468,-0.2,1.296,-0.3,1.468,0.1,1.54,-0.2,1.396,0.0,1.488
05-01-2026-Fri 13-26-04-PM,0.1,1.42,-0.1,1.5,-0.1,1.464,-0.1,1.292,-0.2,1.468,0.1,1.54,-0.2,1.396,-0.1,1.488
05-01-2026-Fri 13-26-06-PM,-0.1,1.42,-0.2,1.5,0.1,1.464,-0.2,1.292,-0.3,1.468,0.1,1.536,-0.1,1.392,-0.2,1.484
05-01-2026-Fri 13-26-07-PM,0.0,1.42,-0.2,1.496,0.2,1.464,0.0,1.288,-0.6,1.464,-0.1,1.536,0.0,1.392,-0.1,1.484
05-01-2026-Fri 13-26-08-PM,-0.2,1.42,-0.3,1.492,-0.1,1.46,-0.2,1.284,-0.5,1.464,0.0,1.532,0.0,1.388,-0.1,1.48
05-01-2026-Fri 13-26-10-PM,-0.3,1.412,-0.2,1.492,-0.1,1.46,-0.1,1.28,-0.2,1.46,-0.3,1.536,-0.1,1.384,-0.2,1.48
05-01-2026-Fri 13-26-11-PM,0.1,1.416,-0.3,1.492,-0.3,1.456,-0.1,1.28,-0.3,1.456,-0.2,1.532,-0.1,1.384,-0.1,1.48
05-01-2026-Fri 13-26-12-PM,-0.2,1.412,-0.4,1.492,-0.2,1.452,-0.2,1.276,-0.1,1.452,-0.1,1.528,-0.1,1.38,-0.2,1.48
05-01-2026-Fri 13-26-14-PM,0.1,1.408,-0.3,1.488,-0.2,1.456,-0.2,1.276,-0.1,1.456,0.0,1.532,-0.1,1.38,-0.1,1.476
05-01-2026-Fri 13-26-15-PM,-0.3,1.408,-0.2,1.488,-0.1,1.456,-0.3,1.272,-0.3,1.456,0.0,1.528,-0.1,1.376,-0.2,1.476
05-01-2026-Fri 13-26-17-PM,-0.3,1.408,-0.3,1.488,0.1,1.452,-0.2,1.272,-0.2,1.452,-0.1,1.528,-0.2,1.376,0.0,1.476
05-01-2026-Fri 13-26-18-PM,-0.2,1.408,-0.1,1.484,-0.1,1.452,-0.2,1.268,-0.2,1.448,0.0,1.524,-0.1,1.372,0.1,1.472
05-01-2026-Fri 13-26-19-PM,-0.2,1.404,-0.2,1.484,0.1,1.448,-0.4,1.264,-0.1,1.448,-0.1,1.528,-0.1,1.372,0.0,1.464
05-01-2026-Fri 13-26-21-PM,-0.2,1.404,-0.3,1.48,-0.1,1.448,-0.1,1.26,-0.4,1.448,-0.1,1.524,-0.4,1.372,-0.2,1.464
05-01-2026-Fri 13-26-22-PM,-0.2,1.4,-0.2,1.48,-0.1,1.444,-0.1,1.26,-0.3,1.448,-0.1,1.52,-0.2,1.368,-0.1,1.468
05-01-2026-Fri 13-26-24-PM,-0.3,1.4,-0.3,1.48,-0.2,1.444,-0.2,1.256,-0.3,1.444,0.1,1.52,-0.1,1.368,-0.2,1.46
05-01-2026-Fri 13-26-25-PM,-0.1,1.4,-0.5,1.48,-0.1,1.44,0.1,1.256,-0.6,1.44,-0.1,1.52,-0.2,1.364,-0.1,1.464
05-01-2026-Fri 13-26-27-PM,-0.1,1.396,-0.3,1.48,0.0,1.444,-0.1,1.252,-0.3,1.44,-0.1,1.52,-0.2,1.36,-0.3,1.46
05-01-2026-Fri 13-26-28-PM,-0.4,1.392,-0.4,1.476,-0.1,1.44,-0.2,1.252,-0.1,1.436,0.1,1.52,-0.2,1.36,0.0,1.456
05-01-2026-Fri 13-26-29-PM,-0.3,1.396,-0.5,1.476,-0.1,1.44,-0.3,1.248,-0.2,1.436,-0.2,1.516,0.1,1.356,-0.1,1.456
05-01-2026-Fri 13-26-31-PM,0.1,1.396,-0.4,1.476,0.1,1.436,-0.1,1.244,-0.2,1.436,-0.1,1.512,-0.1,1.356,0.2,1.456
05-01-2026-Fri 13-26-32-PM,-0.2,1.392,-0.3,1.472,-0.3,1.436,-0.1,1.244,-0.4,1.432,-0.3,1.516,-0.2,1.356,-0.3,1.452
05-01-2026-Fri 13-26-34-PM,-0.4,1.392,-0.3,1.472,-0.1,1.432,0.0,1.24,-0.3,1.432,0.0,1.512,-0.1,1.352,0.1,1.452
05-01-2026-Fri 13-26-35-PM,-0.2,1.388,0.0,1.468,0.1,1.428,0.0,1.236,-0.4,1.432,0.0,1.512,-0.1,1.348,-0.2,1.448
05-01-2026-Fri 13-26-36-PM,0.1,1.388,-0.3,1.468,0.0,1.428,-0.3,1.236,-0.3,1.428,-0.2,1.512,-0.1,1.348,-0.1,1.448
05-01-2026-Fri 13-26-38-PM,-0.2,1.384,-0.3,1.468,0.0,1.432,-0.3,1.232,-0.2,1.428,-0.1,1.508,-0.1,1.344,-0.1,1.444
05-01-2026-Fri 13-26-39-PM,-0.2,1.384,-0.1,1.468,-0.2,1.428,0.0,1.232,0.0,1.424,-0.2,1.508,-0.2,1.34,0.0,1.444
05-01-2026-Fri 13-26-41-PM,0.0,1.384,-0.2,1.468,-0.1,1.424,-0.4,1.228,-0.3,1.424,0.1,1.508,-0.3,1.34,-0.2,1.444
05-01-2026-Fri 13-26-42-PM,0.1,1.384,-0.2,1.464,-0.2,1.424,0.0,1.224,-0.3,1.42,-0.2,1.508,0.0,1.336,-0.3,1.44
05-01-2026-Fri 13-26-43-PM,-0.1,1.38,-0.3,1.46,-0.1,1.428,0.1,1.228,-0.5,1.42,-0.1,1.504,0.0,1.336,0.0,1.44
05-01-2026-Fri 13-26-45-PM,-0.1,1.38,-0.2,1.464,-0.3,1.424,-0.2,1.22,-0.1,1.416,0.0,1.504,-0.1,1.332,-0.1,1.44
05-01-2026-Fri 13-26-46-PM,-0.3,1.376,-0.2,1.46,0.0,1.424,0.0,1.22,0.0,1.416,0.0,1.504,-0.1,1.332,-0.2,1.44
05-01-2026-Fri 13-26-47-PM,-0.1,1.376,-0.3,1.46,0.0,1.424,-0.1,1.216,-0.2,1.416,-0.1,1.5,0.1,1.332,-0.2,1.436
05-01-2026-Fri 13-26-49-PM,-0.1,1.376,-0.2,1.46,-0.2,1.42,0.0,1.212,-0.3,1.412,-0.1,1.5,-0.2,1.332,0.3,1.432
05-01-2026-Fri 13-26-50-PM,-0.1,1.376,-0.3,1.46,0.0,1.42,-0.1,1.212,-0.1,1.412,-0.1,1.5,-0.3,1.328,0.0,1.432
05-01-2026-Fri 13-26-52-PM,-0.1,1.376,-0.2,1.456,-0.2,1.42,-0.2,1.212,-0.2,1.412,0.1,1.5,-0.4,1.328,-0.2,1.428
05-01-2026-Fri 13-26-53-PM,-0.1,1.372,-0.3,1.456,-0.1,1.416,-0.1,1.208,-0.5,1.408,-0.1,1.496,-0.2,1.324,-0.2,1.428
05-01-2026-Fri 13-26-55-PM,-0.3,1.368,-0.6,1.452,0.0,1.416,-0.2,1.204,-0.1,1.408,0.0,1.492,-0.1,1.324,-0.3,1.428
05-01-2026-Fri 13-26-56-PM,0.1,1.368,-0.3,1.452,-0.1,1.416,0.0,1.2,0.0,1.404,-0.1,1.492,-0.2,1.32,0.0,1.428
05-01-2026-Fri 13-26-58-PM,-0.3,1.368,-0.3,1.452,0.2,1.412,-0.1,1.2,-0.2,1.404,0.0,1.492,0.1,1.32,-0.1,1.424
05-01-2026-Fri 13-26-59-PM,-0.2,1.364,-0.5,1.452,-0.1,1.412,-0.2,1.196,-0.2,1.404,-0.2,1.488,-0.1,1.316,-0.3,1.424
05-01-2026-Fri 13-27-00-PM,-0.1,1.364,-0.3,1.452,0.0,1.408,-0.4,1.196,0.1,1.404,0.1,1.492,-0.1,1.316,0.0,1.42
05-01-2026-Fri 13-27-02-PM,-0.3,1.364,-0.3,1.448,-0.1,1.412,0.1,1.192,-0.2,1.4,-0.2,1.492,-0.2,1.316,0.2,1.42
05-01-2026-Fri 13-27-03-PM,-0.1,1.36,-0.2,1.448,0.1,1.408,0.0,1.192,-0.3,1.396,0.2,1.492,-0.2,1.312,-0.3,1.42
05-01-2026-Fri 13-27-05-PM,0.1,1.36,-0.4,1.444,0.0,1.408,-0.3,1.192,-0.1,1.396,0.0,1.488,0.0,1.312,0.1,1.412
05-01-2026-Fri 13-27-06-PM,-0.1,1.36,-0.3,1.444,-0.1,1.404,0.0,1.192,-0.2,1.396,0.2,1.488,-0.2,1.312,0.1,1.416
05-01-2026-Fri 13-27-07-PM,-0.2,1.356,-0.3,1.444,-0.3,1.404,0.0,1.188,-0.1,1.396,0.3,1.488,-0.3,1.308,-0.1,1.416
05-01-2026-Fri 13-27-09-PM,-0.5,1.356,-0.2,1.444,-0.2,1.4,-0.2,1.188,-0.3,1.392,0.1,1.488,-0.2,1.304,-0.1,1.412
05-01-2026-Fri 13-27-10-PM,-0.2,1.356,-0.2,1.444,-0.3,1.4,0.1,1.18,-0.4,1.396,-0.1,1.484,-0.1,1.3,-0.1,1.408
05-01-2026-Fri 13-27-12-PM,-0.1,1.352,-0.2,1.44,0.0,1.4,-0.1,1.18,-0.2,1.392,0.2,1.48,-0.2,1.3,0.0,1.412
05-01-2026-Fri 13-27-13-PM,-0.2,1.352,-0.5,1.44,-0.4,1.4,0.0,1.18,-0.3,1.388,0.1,1.484,-0.2,1.3,-0.1,1.408
05-01-2026-Fri 13-27-14-PM,-0.4,1.352,-0.1,1.44,-0.1,1.4,-0.1,1.18,-0.1,1.388,0.1,1.484,-0.1,1.3,-0.1,1.408
05-01-2026-Fri 13-27-16-PM,-0.1,1.348,-0.2,1.44,0.0,1.396,-0.3,1.172,-0.3,1.384,-0.1,1.476,-0.1,1.296,-0.2,1.404
05-01-2026-Fri 13-27-17-PM,-0.3,1.348,-0.4,1.44,-0.2,1.4,-0.3,1.172,-0.1,1.384,0.1,1.48,-0.3,1.296,-0.1,1.404
05-01-2026-Fri 13-27-19-PM,-0.3,1.344,-0.2,1.436,-0.2,1.396,-0.3,1.172,-0.5,1.384,0.0,1.48,-0.1,1.288,0.1,1.404
05-01-2026-Fri 13-27-20-PM,-0.2,1.344,-0.5,1.436,0.0,1.392,-0.2,1.168,-0.1,1.38,-0.1,1.48,-0.3,1.288,-0.3,1.4
05-01-2026-Fri 13-27-21-PM,-0.2,1.344,-0.2,1.432,0.1,1.392,-0.2,1.168,-0.2,1.38,0.3,1.476,-0.2,1.288,0.0,1.4
05-01-2026-Fri 13-27-23-PM,-0.1,1.344,-0.4,1.436,0.1,1.392,0.0,1.164,-0.3,1.376,0.0,1.472,-0.2,1.284,-0.1,1.396
05-01-2026-Fri 13-27-24-PM,-0.1,1.34,0.1,1.428,0.0,1.392,-0.1,1.164,-0.2,1.376,0.0,1.472,-0.1,1.284,-0.1,1.396
05-01-2026-Fri 13-27-25-PM,0.0,1.34,-0.2,1.432,-0.4,1.388,0.0,1.16,-0.2,1.376,-0.1,1.472,0.1,1.284,0.1,1.392
05-01-2026-Fri 13-27-27-PM,-0.2,1.34,-0.4,1.428,0.0,1.388,-0.3,1.156,-0.4,1.376,0.0,1.472,-0.1,1.28,0.1,1.396
05-01-2026-Fri 13-27-28-PM,-0.2,1.336,-0.3,1.428,-0.1,1.388,-0.1,1.156,-0.5,1.372,0.1,1.472,0.0,1.28,-0.2,1.392
05-01-2026-Fri 13-27-30-PM,0.0,1.336,-0.2,1.428,0.0,1.388,-0.1,1.156,-0.1,1.372,-0.2,1.468,0.2,1.276,0.0,1.388
05-01-2026-Fri 13-27-31-PM,-0.1,1.336,-0.3,1.428,0.1,1.388,0.0,1.156,-0.1,1.372,0.0,1.468,0.0,1.276,-0.1,1.388
05-01-2026-Fri 13-27-33-PM,-0.4,1.332,-0.2,1.424,-0.1,1.384,-0.2,1.152,-0.1,1.368,-0.2,1.468,-0.3,1.276,0.0,1.388
05-01-2026-Fri 13-27-34-PM,-0.1,1.332,-0.3,1.428,-0.2,1.384,0.0,1.152,-0.3,1.368,0.0,1.468,-0.2,1.272,0.1,1.384
05-01-2026-Fri 13-27-36-PM,-0.2,1.332,-0.5,1.424,0.1,1.38,-0.2,1.148,-0.4,1.364,-0.1,1.468,-0.2,1.268,-0.1,1.384
05-01-2026-Fri 13-27-37-PM,-0.1,1.328,-0.6,1.424,0.1,1.38,0.0,1.144,-0.3,1.364,-0.1,1.464,-0.2,1.268,-0.3,1.384
05-01-2026-Fri 13-27-38-PM,-0.2,1.328,-0.2,1.424,0.2,1.38,-0.2,1.148,-0.1,1.364,0.0,1.464,-0.5,1.268,-0.1,1.384
05-01-2026-Fri 13-27-40-PM,-0.2,1.328,0.1,1.424,-0.4,1.38,0.1,1.144,-0.4,1.364,0.1,1.464,-0.3,1.268,-0.3,1.38
05-01-2026-Fri 13-27-41-PM,-0.2,1.328,-0.3,1.42,-0.2,1.38,-0.2,1.14,-0.3,1.36,-0.2,1.464,-0.4,1.264,-0.5,1.38
05-01-2026-Fri 13-27-43-PM,-0.3,1.324,-0.3,1.424,0.1,1.376,-0.3,1.14,-0.3,1.356,-0.4,1.464,-0.3,1.26,-0.3,1.376
05-01-2026-Fri 13-27-44-PM,-0.2,1.324,0.1,1.416,-0.2,1.376,0.0,1.14,-0.3,1.356,-0.1,1.456,-0.2,1.26,-0.2,1.376
05-01-2026-Fri 13-27-45-PM,-0.2,1.324,-0.5,1.42,0.0,1.372,0.1,1.136,-0.3,1.352,0.1,1.456,-0.2,1.26,0.1,1.376
05-01-2026-Fri 13-27-47-PM,-0.3,1.32,-0.3,1.42,-0.2,1.372,0.0,1.136,-0.5,1.352,-0.2,1.456,-0.2,1.26,0.1,1.376
05-01-2026-Fri 13-27-48-PM,-0.2,1.32,-0.1,1.416,0.0,1.372,-0.1,1.132,-0.2,1.356,-0.2,1.456,-0.2,1.256,-0.1,1.372
05-01-2026-Fri 13-27-49-PM,Power On
05-01-2026-Fri 13-27-51-PM,30.8,5.212,34.6,5.216,31.8,5.208,20.1,5.228,16.5,5.212,15.0,5.224,11.2,5.204,21.2,5.212
05-01-2026-Fri 13-27-52-PM,29.4,5.216,33.1,5.22,30.1,5.212,20.0,5.232,15.8,5.22,14.8,5.228,10.7,5.208,20.3,5.216
05-01-2026-Fri 13-27-54-PM,28.9,5.224,32.5,5.22,29.5,5.216,19.4,5.236,15.4,5.22,14.2,5.228,10.7,5.208,19.7,5.22
05-01-2026-Fri 13-27-55-PM,28.3,5.22,31.7,5.224,29.2,5.216,19.1,5.236,15.3,5.224,14.1,5.232,10.5,5.204,19.6,5.216
05-01-2026-Fri 13-27-56-PM,Power Off
05-01-2026-Fri 13-27-58-PM,-0.3,2.228,-0.1,2.272,-0.1,2.252,-0.4,2.22,-0.2,2.212,-0.1,2.228,0.0,2.216,0.0,2.28
05-01-2026-Fri 13-27-59-PM,0.0,2.116,-0.2,2.196,-0.2,2.176,0.0,2.124,-0.1,2.128,-0.1,2.14,-0.4,2.112,0.1,2.172
05-01-2026-Fri 13-28-01-PM,-0.3,2.048,-0.5,2.152,-0.1,2.128,-0.3,2.064,-0.2,2.068,0.0,2.088,-0.1,2.044,-0.2,2.104
05-01-2026-Fri 13-28-03-PM,-0.3,1.984,-0.1,2.108,-0.5,2.08,-0.1,2.012,-0.2,2.016,0.0,2.04,-0.3,1.988,-0.3,2.048
05-01-2026-Fri 13-28-06-PM,-0.3,1.916,-0.3,2.056,-0.3,2.016,-0.1,1.952,-0.2,1.956,0.3,1.98,0.0,1.928,0.3,1.976
05-01-2026-Fri 13-28-08-PM,-0.2,1.864,-0.2,2.004,0.2,1.968,0.0,1.908,-0.5,1.916,0.0,1.944,-0.1,1.876,0.0,1.928
05-01-2026-Fri 13-28-10-PM,-0.4,1.844,-0.4,1.988,0.0,1.948,-0.1,1.888,-0.3,1.9,-0.1,1.924,0.0,1.856,0.1,1.908
05-01-2026-Fri 13-28-11-PM,-0.2,1.82,-0.3,1.968,-0.1,1.928,-0.1,1.872,-0.3,1.88,0.0,1.908,0.1,1.836,-0.3,1.888
05-01-2026-Fri 13-28-12-PM,0.1,1.804,-0.2,1.952,0.1,1.908,-0.2,1.856,-0.2,1.864,0.1,1.892,-0.1,1.816,0.1,1.872
05-01-2026-Fri 13-28-14-PM,0.0,1.792,-0.2,1.936,-0.3,1.892,-0.1,1.84,-0.3,1.848,0.0,1.88,-0.1,1.804,0.2,1.856
05-01-2026-Fri 13-28-15-PM,-0.1,1.772,-0.2,1.92,-0.2,1.876,-0.1,1.824,-0.2,1.836,0.1,1.864,-0.2,1.792,0.1,1.844
05-01-2026-Fri 13-28-17-PM,-0.2,1.76,-0.2,1.908,-0.1,1.864,0.1,1.812,-0.2,1.824,-0.1,1.856,-0.3,1.776,-0.2,1.828
05-01-2026-Fri 13-28-18-PM,-0.1,1.744,-0.1,1.892,0.0,1.848,-0.2,1.8,-0.2,1.812,0.0,1.844,-0.3,1.768,0.1,1.82
05-01-2026-Fri 13-28-19-PM,-0.1,1.736,-0.3,1.88,-0.1,1.836,-0.3,1.788,-0.1,1.8,-0.1,1.832,-0.2,1.752,-0.2,1.804
05-01-2026-Fri 13-28-21-PM,-0.3,1.724,-0.2,1.868,-0.1,1.828,-0.1,1.78,-0.3,1.792,0.2,1.82,0.1,1.74,0.0,1.796
05-01-2026-Fri 13-28-22-PM,-0.2,1.712,-0.4,1.856,-0.1,1.816,-0.1,1.772,-0.1,1.78,-0.2,1.812,-0.1,1.736,0.0,1.788
05-01-2026-Fri 13-28-23-PM,-0.1,1.704,-0.3,1.852,-0.5,1.804,0.0,1.76,-0.3,1.772,0.2,1.8,-0.4,1.724,0.2,1.776
05-01-2026-Fri 13-28-25-PM,-0.3,1.696,-0.3,1.836,0.0,1.796,0.0,1.748,-0.1,1.764,0.0,1.796,-0.1,1.712,-0.1,1.768
05-01-2026-Fri 13-28-26-PM,-0.1,1.688,-0.5,1.828,0.0,1.784,-0.3,1.74,-0.3,1.756,-0.3,1.784,-0.3,1.708,0.0,1.76
05-01-2026-Fri 13-28-28-PM,-0.2,1.68,-0.3,1.82,0.0,1.776,-0.2,1.732,-0.2,1.744,0.1,1.78,-0.2,1.696,0.0,1.752
05-01-2026-Fri 13-28-29-PM,-0.1,1.676,-0.5,1.808,0.0,1.764,-0.2,1.716,-0.1,1.736,0.3,1.772,0.0,1.688,0.0,1.744
05-01-2026-Fri 13-28-30-PM,-0.2,1.664,-0.5,1.8,-0.2,1.756,0.0,1.712,-0.6,1.732,0.1,1.764,0.0,1.684,0.1,1.736
05-01-2026-Fri 13-28-32-PM,-0.1,1.66,-0.2,1.792,-0.1,1.748,-0.3,1.7,-0.3,1.724,0.2,1.756,-0.2,1.676,0.0,1.728
05-01-2026-Fri 13-28-33-PM,-0.4,1.648,-0.5,1.784,-0.1,1.744,-0.3,1.688,-0.2,1.716,0.0,1.748,0.0,1.664,-0.2,1.724
05-01-2026-Fri 13-28-35-PM,0.0,1.644,-0.3,1.776,-0.2,1.732,-0.2,1.684,-0.5,1.704,0.0,1.744,-0.4,1.66,0.1,1.712
05-01-2026-Fri 13-28-36-PM,-0.5,1.636,-0.3,1.768,-0.3,1.728,-0.2,1.676,-0.2,1.7,-0.2,1.736,-0.3,1.648,0.0,1.712
05-01-2026-Fri 13-28-37-PM,0.2,1.632,-0.2,1.76,-0.1,1.72,0.0,1.668,-0.2,1.692,0.0,1.732,-0.2,1.648,0.0,1.704
05-01-2026-Fri 13-28-39-PM,-0.1,1.624,-0.3,1.756,-0.1,1.712,-0.2,1.66,-0.1,1.688,-0.1,1.724,-0.3,1.64,0.0,1.7
05-01-2026-Fri 13-28-40-PM,0.1,1.62,-0.2,1.748,0.0,1.708,0.0,1.648,-0.3,1.684,-0.2,1.72,0.0,1.632,0.1,1.692
05-01-2026-Fri 13-28-41-PM,-0.1,1.616,-0.2,1.744,-0.1,1.696,-0.3,1.64,-0.1,1.676,-0.2,1.712,-0.4,1.624,-0.2,1.692
05-01-2026-Fri 13-28-43-PM,-0.3,1.612,-0.3,1.736,0.0,1.688,-0.1,1.636,-0.3,1.668,0.0,1.704,-0.2,1.616,0.1,1.684
05-01-2026-Fri 13-28-45-PM,-0.4,1.604,-0.1,1.724,0.2,1.684,0.0,1.628,0.0,1.664,0.1,1.704,-0.3,1.612,0.0,1.68
05-01-2026-Fri 13-28-46-PM,0.0,1.6,-0.4,1.724,-0.1,1.68,0.0,1.62,-0.3,1.66,-0.2,1.7,-0.1,1.608,-0.2,1.672
05-01-2026-Fri 13-28-48-PM,-0.2,1.6,-0.2,1.716,0.0,1.676,0.0,1.612,-0.1,1.652,0.0,1.696,-0.1,1.6,0.0,1.672
05-01-2026-Fri 13-28-49-PM,-0.1,1.592,-0.2,1.712,-0.1,1.668,0.1,1.608,-0.3,1.648,0.1,1.688,0.0,1.596,-0.1,1.668
05-01-2026-Fri 13-28-50-PM,-0.2,1.588,-0.1,1.704,0.0,1.664,-0.1,1.596,-0.2,1.644,0.0,1.684,0.1,1.588,0.0,1.664
05-01-2026-Fri 13-28-52-PM,-0.1,1.584,-0.3,1.7,-0.1,1.66,-0.2,1.592,-0.3,1.644,-0.1,1.68,0.0,1.588,-0.1,1.66
05-01-2026-Fri 13-28-53-PM,-0.3,1.58,-0.2,1.696,-0.3,1.656,-0.2,1.584,-0.1,1.632,-0.1,1.676,-0.1,1.584,0.0,1.656
05-01-2026-Fri 13-28-55-PM,-0.1,1.576,-0.7,1.688,-0.2,1.652,-0.1,1.584,-0.3,1.628,0.1,1.672,-0.1,1.576,-0.2,1.652
05-01-2026-Fri 13-28-56-PM,-0.4,1.572,-0.2,1.684,-0.1,1.648,-0.2,1.572,-0.2,1.624,-0.1,1.668,-0.4,1.572,-0.2,1.648
05-01-2026-Fri 13-28-58-PM,-0.1,1.564,-0.4,1.68,0.0,1.64,0.1,1.568,-0.2,1.62,0.0,1.668,-0.2,1.568,0.0,1.644
05-01-2026-Fri 13-28-59-PM,-0.3,1.564,-0.3,1.672,0.3,1.632,-0.2,1.56,-0.2,1.616,-0.1,1.66,-0.2,1.56,0.1,1.64
05-01-2026-Fri 13-29-01-PM,-0.1,1.56,-0.2,1.668,0.0,1.628,-0.2,1.552,-0.4,1.612,0.0,1.656,-0.3,1.556,0.3,1.636
05-01-2026-Fri 13-29-02-PM,-0.1,1.556,-0.2,1.664,-0.3,1.628,0.0,1.548,-0.3,1.608,0.0,1.652,-0.1,1.552,0.1,1.632
05-01-2026-Fri 13-29-03-PM,-0.1,1.552,-0.3,1.66,-0.2,1.624,-0.2,1.548,-0.1,1.604,-0.2,1.648,-0.3,1.548,-0.1,1.632
05-01-2026-Fri 13-29-05-PM,0.2,1.552,-0.4,1.66,-0.3,1.616,-0.2,1.536,-0.3,1.596,-0.1,1.648,-0.2,1.54,-0.3,1.628
05-01-2026-Fri 13-29-06-PM,-0.3,1.544,-0.4,1.656,0.0,1.612,0.0,1.532,-0.3,1.596,0.2,1.644,-0.4,1.536,0.0,1.62
05-01-2026-Fri 13-29-07-PM,0.0,1.54,-0.1,1.652,0.0,1.612,0.0,1.524,-0.2,1.592,0.0,1.636,-0.1,1.532,0.3,1.616
05-01-2026-Fri 13-29-09-PM,-0.1,1.54,-0.4,1.644,-0.2,1.608,-0.4,1.52,-0.2,1.588,0.0,1.636,-0.1,1.524,0.0,1.616
05-01-2026-Fri 13-29-10-PM,-0.1,1.536,-0.3,1.644,-0.2,1.6,-0.2,1.516,-0.3,1.588,0.0,1.636,-0.2,1.524,-0.1,1.616
05-01-2026-Fri 13-29-12-PM,-0.4,1.532,-0.1,1.64,0.0,1.596,-0.3,1.508,-0.3,1.584,0.0,1.632,-0.2,1.52,0.2,1.612
05-01-2026-Fri 13-29-13-PM,-0.2,1.528,-0.1,1.632,-0.2,1.596,-0.3,1.5,-0.3,1.576,0.0,1.628,-0.4,1.516,0.2,1.608
05-01-2026-Fri 13-29-14-PM,-0.1,1.524,-0.4,1.632,-0.1,1.592,-0.2,1.5,-0.2,1.576,0.2,1.624,-0.1,1.508,-0.1,1.604
05-01-2026-Fri 13-29-16-PM,-0.1,1.52,-0.3,1.628,0.1,1.592,0.0,1.496,-0.2,1.568,0.0,1.62,0.0,1.512,-0.3,1.6
05-01-2026-Fri 13-29-17-PM,-0.3,1.52,-0.2,1.624,-0.3,1.588,-0.1,1.488,-0.2,1.568,-0.1,1.62,-0.2,1.504,-0.4,1.6
05-01-2026-Fri 13-29-19-PM,0.0,1.516,-0.8,1.62,0.0,1.584,0.0,1.484,-0.3,1.568,0.0,1.616,0.1,1.496,-0.2,1.596
05-01-2026-Fri 13-29-20-PM,0.1,1.512,-0.2,1.616,-0.1,1.576,-0.1,1.48,-0.3,1.56,0.1,1.616,-0.2,1.496,-0.2,1.592
05-01-2026-Fri 13-29-21-PM,-0.1,1.508,-0.4,1.616,-0.1,1.572,-0.2,1.472,-0.3,1.556,0.3,1.612,-0.2,1.492,0.0,1.588
05-01-2026-Fri 13-29-23-PM,-0.4,1.504,0.1,1.612,-0.1,1.568,0.0,1.472,-0.5,1.556,-0.1,1.608,-0.1,1.488,0.0,1.588
05-01-2026-Fri 13-29-24-PM,-0.4,1.504,-0.2,1.612,0.0,1.568,0.0,1.468,-0.2,1.552,0.1,1.604,-0.1,1.484,-0.1,1.584
05-01-2026-Fri 13-29-26-PM,0.2,1.504,-0.3,1.608,-0.1,1.564,-0.2,1.464,-0.3,1.548,-0.2,1.604,-0.2,1.484,0.1,1.584
05-01-2026-Fri 13-29-27-PM,0.0,1.5,-0.2,1.604,0.0,1.564,-0.1,1.456,-0.1,1.544,0.0,1.6,-0.3,1.48,-0.1,1.58
05-01-2026-Fri 13-29-28-PM,-0.3,1.496,-0.2,1.6,-0.2,1.56,-0.1,1.456,-0.1,1.54,-0.1,1.596,-0.2,1.472,-0.1,1.576
05-01-2026-Fri 13-29-30-PM,-0.2,1.496,-0.3,1.6,0.0,1.556,-0.1,1.448,-0.3,1.54,0.1,1.596,-0.3,1.472,-0.2,1.576
05-01-2026-Fri 13-29-31-PM,-0.1,1.492,-0.2,1.592,0.1,1.556,-0.1,1.448,-0.2,1.54,-0.2,1.596,-0.4,1.468,-0.2,1.572
05-01-2026-Fri 13-29-33-PM,0.1,1.488,-0.1,1.592,0.2,1.552,-0.1,1.444,-0.2,1.536,-0.2,1.592,-0.2,1.468,-0.2,1.568
05-01-2026-Fri 13-29-34-PM,-0.3,1.484,-0.3,1.588,0.3,1.548,-0.2,1.44,-0.4,1.536,-0.2,1.588,-0.4,1.456,0.0,1.564
05-01-2026-Fri 13-29-36-PM,-0.2,1.484,-0.1,1.588,-0.1,1.548,0.2,1.436,-0.3,1.528,-0.2,1.588,-0.2,1.46,0.0,1.564
05-01-2026-Fri 13-29-37-PM,0.1,1.48,-0.3,1.584,-0.2,1.54,0.0,1.432,-0.1,1.528,-0.1,1.58,-0.2,1.452,0.1,1.56
05-01-2026-Fri 13-29-39-PM,-0.2,1.476,-0.3,1.58,-0.1,1.54,-0.2,1.428,-0.2,1.524,-0.1,1.584,-0.1,1.452,0.0,1.56
05-01-2026-Fri 13-29-40-PM,-0.1,1.476,-0.3,1.576,-0.2,1.54,-0.2,1.424,-0.4,1.52,-0.1,1.58,0.0,1.444,-0.2,1.556
05-01-2026-Fri 13-29-41-PM,-0.1,1.472,-0.4,1.576,0.1,1.536,0.2,1.416,-0.1,1.52,-0.1,1.576,-0.2,1.444,-0.1,1.552
05-01-2026-Fri 13-29-43-PM,-0.3,1.468,-0.2,1.576,-0.1,1.532,-0.2,1.412,-0.4,1.516,0.2,1.576,-0.2,1.44,-0.1,1.552
05-01-2026-Fri 13-29-44-PM,-0.1,1.472,-0.2,1.572,-0.2,1.528,0.0,1.412,-0.2,1.512,0.2,1.572,-0.1,1.436,0.2,1.548
05-01-2026-Fri 13-29-46-PM,-0.3,1.468,-0.4,1.572,-0.2,1.528,0.0,1.408,-0.2,1.512,0.3,1.568,-0.1,1.432,-0.3,1.544
05-01-2026-Fri 13-29-47-PM,-0.3,1.46,-0.2,1.564,-0.2,1.524,-0.2,1.404,-0.4,1.508,-0.1,1.568,-0.1,1.428,0.2,1.536
05-01-2026-Fri 13-29-49-PM,-0.3,1.46,-0.5,1.564,0.1,1.52,0.3,1.4,-0.2,1.504,0.1,1.564,-0.2,1.428,0.1,1.54
05-01-2026-Fri 13-29-50-PM,-0.2,1.46,0.0,1.564,0.0,1.52,-0.1,1.392,-0.3,1.5,0.0,1.564,-0.3,1.424,0.1,1.532
05-01-2026-Fri 13-29-52-PM,-0.3,1.456,-0.1,1.556,-0.1,1.516,-0.1,1.392,-0.3,1.5,-0.1,1.56,-0.2,1.42,0.0,1.536
05-01-2026-Fri 13-29-53-PM,0.1,1.456,-0.4,1.556,-0.2,1.512,-0.2,1.384,-0.1,1.492,0.0,1.56,-0.2,1.416,-0.2,1.528
05-01-2026-Fri 13-29-54-PM,-0.1,1.452,-0.1,1.556,0.0,1.512,-0.2,1.384,-0.1,1.492,-0.2,1.556,-0.2,1.412,-0.1,1.524
05-01-2026-Fri 13-29-56-PM,-0.2,1.452,-0.4,1.552,-0.2,1.512,-0.3,1.376,-0.3,1.492,-0.1,1.552,-0.1,1.412,-0.1,1.524
05-01-2026-Fri 13-29-57-PM,-0.2,1.448,-0.3,1.548,0.2,1.504,0.0,1.376,-0.2,1.488,-0.1,1.556,-0.4,1.412,-0.1,1.524
05-01-2026-Fri 13-29-59-PM,-0.3,1.444,-0.4,1.548,0.1,1.508,0.1,1.372,-0.3,1.484,-0.2,1.552,0.0,1.408,-0.1,1.52
05-01-2026-Fri 13-30-00-PM,-0.1,1.444,-0.2,1.544,-0.1,1.504,-0.2,1.372,-0.4,1.484,-0.2,1.548,-0.2,1.404,-0.1,1.52
05-01-2026-Fri 13-30-02-PM,-0.2,1.44,-0.5,1.544,-0.2,1.5,-0.1,1.368,-0.5,1.48,0.0,1.548,-0.1,1.404,0.0,1.52
05-01-2026-Fri 13-30-03-PM,-0.2,1.44,-0.2,1.544,0.0,1.5,-0.3,1.36,-0.1,1.476,-0.1,1.548,0.0,1.4,0.0,1.516
05-01-2026-Fri 13-30-04-PM,-0.2,1.436,-0.1,1.544,0.0,1.496,-0.3,1.36,-0.2,1.48,-0.2,1.544,-0.3,1.396,-0.2,1.512
05-01-2026-Fri 13-30-06-PM,-0.2,1.432,-0.3,1.54,-0.1,1.496,-0.1,1.36,-0.3,1.476,-0.2,1.544,0.0,1.392,0.2,1.508
05-01-2026-Fri 13-30-07-PM,-0.3,1.432,-0.4,1.54,0.0,1.492,-0.1,1.352,-0.4,1.476,0.1,1.54,-0.3,1.392,0.0,1.508
05-01-2026-Fri 13-30-09-PM,-0.2,1.428,-0.4,1.536,0.1,1.488,-0.3,1.352,-0.2,1.472,0.2,1.544,0.0,1.388,-0.2,1.508
05-01-2026-Fri 13-30-10-PM,-0.1,1.428,-0.2,1.536,0.0,1.488,-0.2,1.348,-0.3,1.468,0.0,1.536,0.0,1.384,0.2,1.504
05-01-2026-Fri 13-30-11-PM,-0.4,1.424,-0.3,1.528,-0.2,1.484,-0.2,1.344,-0.5,1.468,-0.2,1.54,0.0,1.38,-0.2,1.5
05-01-2026-Fri 13-30-13-PM,0.1,1.424,-0.1,1.528,-0.1,1.484,0.0,1.34,-0.3,1.464,-0.1,1.536,-0.1,1.38,-0.1,1.5
05-01-2026-Fri 13-30-14-PM,-0.2,1.42,-0.1,1.528,0.0,1.484,-0.1,1.34,-0.3,1.46,-0.1,1.532,0.0,1.38,-0.2,1.496
05-01-2026-Fri 13-30-16-PM,-0.3,1.42,-0.3,1.524,-0.1,1.48,0.0,1.332,-0.1,1.46,0.0,1.532,-0.2,1.376,-0.2,1.496
05-01-2026-Fri 13-30-17-PM,0.1,1.416,-0.4,1.524,0.2,1.476,-0.3,1.328,-0.4,1.456,0.0,1.528,-0.2,1.372,-0.3,1.496
05-01-2026-Fri 13-30-18-PM,-0.3,1.416,-0.1,1.52,0.1,1.476,-0.1,1.328,-0.1,1.452,-0.1,1.524,-0.1,1.372,0.2,1.492
05-01-2026-Fri 13-30-20-PM,-0.2,1.416,-0.3,1.52,-0.1,1.476,0.1,1.324,-0.2,1.452,-0.2,1.528,-0.1,1.372,0.0,1.488
05-01-2026-Fri 13-30-21-PM,-0.2,1.412,-0.2,1.52,-0.1,1.472,-0.4,1.32,-0.3,1.452,0.0,1.524,-0.1,1.368,-0.2,1.488
05-01-2026-Fri 13-30-22-PM,0.1,1.412,-0.7,1.516,-0.2,1.472,-0.3,1.32,-0.2,1.448,-0.1,1.524,-0.2,1.364,0.0,1.488
05-01-2026-Fri 13-30-24-PM,-0.2,1.412,-0.3,1.516,0.0,1.468,-0.1,1.32,-0.2,1.448,0.1,1.52,-0.1,1.364,-0.1,1.484
05-01-2026-Fri 13-30-25-PM,0.2,1.408,-0.1,1.512,-0.2,1.464,-0.4,1.316,-0.3,1.444,-0.1,1.52,-0.1,1.356,0.0,1.48
05-01-2026-Fri 13-30-27-PM,0.1,1.404,0.1,1.512,-0.1,1.468,-0.1,1.312,-0.2,1.444,-0.2,1.52,-0.3,1.356,0.0,1.48
05-01-2026-Fri 13-30-28-PM,-0.1,1.404,-0.2,1.512,-0.4,1.468,0.0,1.304,-0.4,1.44,0.0,1.516,-0.2,1.352,-0.1,1.476
05-01-2026-Fri 13-30-30-PM,-0.1,1.404,-0.4,1.508,0.1,1.464,-0.1,1.304,-0.2,1.436,-0.1,1.512,0.1,1.352,-0.2,1.472
05-01-2026-Fri 13-30-31-PM,-0.3,1.4,-0.3,1.508,-0.4,1.46,-0.1,1.304,-0.3,1.436,0.0,1.516,-0.4,1.352,0.2,1.472
05-01-2026-Fri 13-30-32-PM,-0.2,1.4,-0.1,1.504,0.0,1.456,-0.2,1.296,-0.3,1.44,-0.2,1.512,-0.1,1.352,-0.1,1.472
05-01-2026-Fri 13-30-34-PM,-0.4,1.396,-0.1,1.504,0.2,1.456,0.0,1.296,-0.3,1.436,-0.1,1.512,-0.1,1.344,-0.2,1.468
05-01-2026-Fri 13-30-35-PM,-0.1,1.392,-0.1,1.5,0.1,1.456,-0.3,1.292,-0.6,1.432,-0.2,1.512,0.0,1.344,-0.1,1.468
05-01-2026-Fri 13-30-36-PM,-0.2,1.396,-0.1,1.5,-0.3,1.452,-0.2,1.292,-0.4,1.428,0.0,1.508,-0.2,1.344,-0.1,1.464
05-01-2026-Fri 13-30-38-PM,-0.1,1.392,-0.5,1.5,-0.1,1.452,-0.1,1.288,-0.3,1.428,-0.1,1.508,-0.2,1.34,-0.1,1.464
05-01-2026-Fri 13-30-39-PM,-0.1,1.392,-0.3,1.5,-0.1,1.448,-0.2,1.284,-0.2,1.424,0.0,1.504,-0.2,1.336,-0.1,1.464
05-01-2026-Fri 13-30-41-PM,-0.2,1.388,-0.2,1.496,0.0,1.448,0.1,1.284,-0.1,1.424,0.0,1.504,0.0,1.336,0.1,1.46
05-01-2026-Fri 13-30-42-PM,-0.3,1.384,-0.2,1.496,0.0,1.444,-0.1,1.28,-0.5,1.424,-0.3,1.5,-0.1,1.332,-0.3,1.456
05-01-2026-Fri 13-30-43-PM,-0.3,1.384,-0.4,1.492,0.0,1.444,-0.1,1.276,-0.1,1.424,-0.2,1.504,0.1,1.328,0.1,1.456
05-01-2026-Fri 13-30-45-PM,-0.5,1.38,-0.3,1.492,0.1,1.44,-0.2,1.276,0.1,1.42,0.0,1.5,-0.1,1.328,-0.2,1.452
05-01-2026-Fri 13-30-46-PM,0.0,1.38,-0.2,1.492,-0.4,1.44,0.0,1.272,-0.3,1.42,0.0,1.5,-0.2,1.324,-0.1,1.448
05-01-2026-Fri 13-30-48-PM,0.1,1.38,-0.2,1.488,0.0,1.44,-0.2,1.268,-0.4,1.416,0.0,1.496,-0.2,1.324,-0.1,1.448
05-01-2026-Fri 13-30-49-PM,-0.2,1.38,-0.3,1.484,-0.2,1.44,0.1,1.264,-0.2,1.412,-0.2,1.5,0.0,1.32,0.2,1.448
05-01-2026-Fri 13-30-50-PM,-0.1,1.376,-0.2,1.488,0.2,1.436,-0.1,1.264,-0.6,1.412,0.0,1.496,-0.5,1.32,0.1,1.448
05-01-2026-Fri 13-30-52-PM,-0.1,1.376,-0.2,1.484,-0.3,1.436,-0.3,1.26,-0.1,1.412,0.0,1.496,-0.2,1.316,0.0,1.444
05-01-2026-Fri 13-30-53-PM,0.1,1.376,-0.1,1.484,-0.3,1.432,-0.3,1.26,-0.3,1.408,-0.1,1.492,-0.1,1.316,-0.1,1.444
05-01-2026-Fri 13-30-55-PM,-0.1,1.372,-0.1,1.484,-0.2,1.432,-0.1,1.252,-0.2,1.404,-0.1,1.492,-0.2,1.312,0.0,1.44
05-01-2026-Fri 13-30-56-PM,-0.1,1.368,-0.4,1.48,-0.1,1.432,-0.1,1.256,-0.2,1.404,-0.1,1.492,-0.2,1.312,0.0,1.44
05-01-2026-Fri 13-30-57-PM,-0.1,1.368,-0.1,1.48,-0.1,1.432,0.0,1.256,-0.2,1.404,0.1,1.492,-0.3,1.312,-0.2,1.436
05-01-2026-Fri 13-30-59-PM,-0.3,1.368,-0.4,1.476,-0.3,1.428,0.1,1.252,-0.2,1.4,0.1,1.488,0.0,1.304,0.1,1.436
05-01-2026-Fri 13-31-00-PM,-0.3,1.364,-0.3,1.476,-0.1,1.428,-0.2,1.248,-0.1,1.4,0.0,1.484,-0.3,1.304,0.0,1.436
05-01-2026-Fri 13-31-02-PM,0.0,1.36,-0.2,1.472,0.1,1.428,-0.1,1.244,-0.3,1.396,0.0,1.484,-0.2,1.304,0.1,1.432
05-01-2026-Fri 13-31-03-PM,-0.1,1.36,-0.4,1.472,-0.3,1.428,0.1,1.244,-0.1,1.396,0.0,1.484,-0.2,1.3,-0.1,1.428
05-01-2026-Fri 13-31-04-PM,-0.1,1.36,-0.5,1.472,0.0,1.42,-0.2,1.24,-0.2,1.396,0.1,1.484,-0.2,1.3,0.0,1.428
05-01-2026-Fri 13-31-06-PM,-0.1,1.356,-0.4,1.472,-0.2,1.42,-0.2,1.24,-0.4,1.396,-0.1,1.48,0.0,1.296,-0.1,1.428
05-01-2026-Fri 13-31-07-PM,-0.3,1.36,-0.1,1.472,-0.1,1.42,-0.1,1.236,-0.3,1.388,-0.2,1.48,-0.2,1.296,-0.1,1.424
05-01-2026-Fri 13-31-09-PM,-0.1,1.352,-0.2,1.468,-0.3,1.42,-0.2,1.232,-0.3,1.392,-0.1,1.48,-0.2,1.292,-0.1,1.424
05-01-2026-Fri 13-31-10-PM,-0.1,1.356,-0.3,1.468,0.0,1.412,-0.4,1.232,-0.1,1.388,-0.1,1.476,-0.2,1.292,0.1,1.424
05-01-2026-Fri 13-31-11-PM,-0.2,1.352,-0.2,1.464,-0.1,1.416,-0.2,1.228,-0.2,1.388,-0.2,1.476,0.0,1.288,0.1,1.424
05-01-2026-Fri 13-31-13-PM,-0.2,1.352,-0.4,1.464,-0.2,1.416,-0.1,1.228,-0.5,1.388,-0.1,1.476,-0.1,1.288,-0.2,1.42
05-01-2026-Fri 13-31-14-PM,-0.2,1.352,-0.3,1.464,-0.4,1.416,-0.1,1.224,-0.3,1.384,-0.1,1.472,-0.2,1.284,-0.3,1.42
05-01-2026-Fri 13-31-15-PM,-0.3,1.348,-0.3,1.46,-0.1,1.412,0.0,1.22,-0.1,1.38,0.0,1.472,-0.3,1.28,0.1,1.416
05-01-2026-Fri 13-31-17-PM,-0.1,1.348,-0.5,1.464,-0.2,1.412,-0.2,1.22,-0.1,1.38,0.0,1.472,-0.2,1.28,-0.2,1.416
05-01-2026-Fri 13-31-18-PM,-0.4,1.344,-0.1,1.456,0.1,1.408,-0.1,1.216,-0.4,1.38,-0.1,1.472,0.1,1.276,0.0,1.416
05-01-2026-Fri 13-31-20-PM,-0.2,1.344,-0.5,1.46,-0.1,1.408,-0.3,1.216,0.1,1.376,0.1,1.468,-0.1,1.28,-0.3,1.412
05-01-2026-Fri 13-31-21-PM,0.1,1.344,-0.3,1.456,-0.3,1.408,-0.4,1.212,-0.3,1.376,-0.1,1.468,-0.1,1.276,0.0,1.412
05-01-2026-Fri 13-31-23-PM,-0.2,1.344,-0.2,1.456,0.0,1.404,-0.3,1.208,-0.4,1.376,0.0,1.464,-0.4,1.272,-0.1,1.412
05-01-2026-Fri 13-31-24-PM,-0.2,1.34,-0.2,1.456,0.0,1.404,-0.2,1.212,-0.4,1.376,0.0,1.464,-0.1,1.276,-0.1,1.412
05-01-2026-Fri 13-31-25-PM,-0.3,1.34,-0.5,1.456,-0.1,1.408,-0.1,1.208,-0.3,1.372,0.1,1.464,-0.2,1.268,0.0,1.408
05-01-2026-Fri 13-31-27-PM,0.1,1.336,-0.4,1.452,0.1,1.404,-0.3,1.208,-0.3,1.372,-0.1,1.464,-0.1,1.268,0.1,1.404
05-01-2026-Fri 13-31-28-PM,-0.3,1.336,-0.6,1.448,0.0,1.4,-0.1,1.204,-0.2,1.368,-0.1,1.464,-0.2,1.268,-0.1,1.404
05-01-2026-Fri 13-31-30-PM,-0.2,1.332,-0.3,1.452,-0.1,1.4,-0.4,1.2,-0.4,1.368,0.0,1.464,0.0,1.268,-0.2,1.404
05-01-2026-Fri 13-31-31-PM,-0.3,1.332,-0.1,1.448,-0.3,1.4,-0.1,1.196,-0.3,1.368,-0.3,1.464,0.3,1.264,0.1,1.404
05-01-2026-Fri 13-31-32-PM,-0.1,1.332,-0.4,1.448,-0.1,1.396,0.0,1.196,-0.1,1.364,0.0,1.46,0.0,1.26,-0.1,1.4
05-01-2026-Fri 13-31-34-PM,-0.3,1.332,-0.2,1.444,-0.2,1.392,-0.2,1.192,-0.2,1.368,0.0,1.46,0.0,1.26,-0.1,1.4
05-01-2026-Fri 13-31-35-PM,Power On
05-01-2026-Fri 13-31-37-PM,26.1,5.228,30.0,5.228,27.7,5.224,18.0,5.244,13.8,5.232,13.0,5.24,9.7,5.22,17.5,5.228
05-01-2026-Fri 13-31-38-PM,25.3,5.232,28.6,5.232,26.4,5.228,17.3,5.244,13.5,5.228,12.4,5.24,9.1,5.22,16.9,5.232
05-01-2026-Fri 13-31-39-PM,24.5,5.232,27.9,5.236,25.6,5.228,16.9,5.244,13.2,5.232,12.1,5.24,8.7,5.22,16.3,5.232
05-01-2026-Fri 13-31-41-PM,23.8,5.232,27.6,5.236,25.0,5.232,16.6,5.248,12.9,5.236,11.9,5.24,8.4,5.22,16.2,5.228
05-01-2026-Fri 13-31-42-PM,Power Off
05-01-2026-Fri 13-31-44-PM,-0.2,2.252,-0.5,2.296,0.1,2.276,-0.2,2.244,-0.5,2.232,0.0,2.24,-0.1,2.228,0.0,2.312
05-01-2026-Fri 13-31-45-PM,-0.1,2.132,-0.4,2.22,0.0,2.192,-0.2,2.144,-0.1,2.14,0.0,2.148,-0.1,2.116,-0.1,2.192
05-01-2026-Fri 13-31-46-PM,-0.1,2.06,-0.2,2.168,0.0,2.144,-0.2,2.08,-0.1,2.084,0.0,2.092,-0.1,2.052,-0.1,2.124
05-01-2026-Fri 13-31-48-PM,-0.1,2.008,-0.3,2.132,-0.1,2.108,0.0,2.032,-0.1,2.04,-0.1,2.056,-0.1,2.004,-0.2,2.072
05-01-2026-Fri 13-31-49-PM,-0.2,1.968,-0.4,2.108,-0.2,2.076,0.0,1.992,-0.3,2.008,0.1,2.024,0.0,1.964,-0.1,2.032
05-01-2026-Fri 13-31-51-PM,-0.1,1.936,-0.3,2.08,-0.3,2.048,0.2,1.964,-0.2,1.98,-0.1,2.0,-0.1,1.936,-0.2,2.0
05-01-2026-Fri 13-31-52-PM,-0.2,1.908,-0.2,2.06,-0.1,2.02,-0.3,1.94,-0.5,1.956,-0.2,1.976,-0.2,1.908,0.0,1.976
05-01-2026-Fri 13-31-53-PM,-0.2,1.888,0.0,2.04,-0.4,1.996,0.0,1.92,-0.2,1.932,0.0,1.956,-0.1,1.884,0.0,1.952
05-01-2026-Fri 13-31-56-PM,-0.1,1.86,-0.3,2.016,-0.1,1.972,0.1,1.892,-0.2,1.912,0.0,1.932,-0.1,1.86,-0.1,1.928
05-01-2026-Fri 13-31-59-PM,-0.2,1.82,-0.4,1.984,-0.3,1.932,-0.2,1.86,-0.4,1.88,0.1,1.904,-0.2,1.82,-0.2,1.888
05-01-2026-Fri 13-32-01-PM,-0.1,1.784,-0.4,1.956,0.1,1.904,-0.4,1.836,-0.5,1.852,-0.1,1.88,-0.2,1.796,0.2,1.86
05-01-2026-Fri 13-32-02-PM,0.2,1.78,-0.1,1.944,0.0,1.892,-0.3,1.824,-0.5,1.836,0.0,1.868,-0.2,1.78,0.1,1.844
05-01-2026-Fri 13-32-04-PM,-0.3,1.76,-0.2,1.932,-0.1,1.876,0.1,1.812,-0.2,1.828,-0.2,1.86,-0.1,1.768,0.0,1.832
05-01-2026-Fri 13-32-05-PM,Power On
05-01-2026-Fri 13-32-07-PM,23.0,5.232,26.7,5.232,24.3,5.228,16.3,5.244,12.6,5.232,11.6,5.24,8.2,5.22,15.6,5.232
05-01-2026-Fri 13-32-08-PM,22.4,5.236,26.2,5.236,23.6,5.228,15.9,5.248,12.2,5.232,11.2,5.244,8.3,5.22,15.0,5.232
05-01-2026-Fri 13-32-09-PM,22.0,5.236,26.2,5.236,23.4,5.228,15.7,5.244,12.2,5.232,11.1,5.244,8.2,5.224,14.9,5.236
05-01-2026-Fri 13-32-11-PM,Power Off
05-01-2026-Fri 13-32-12-PM,-0.3,2.324,-0.4,2.328,-0.2,2.316,0.1,2.308,-0.4,2.324,0.2,2.332,-0.3,2.32,-0.3,2.392
05-01-2026-Fri 13-32-14-PM,0.0,2.208,-0.2,2.244,0.0,2.224,0.2,2.204,-0.2,2.22,-0.1,2.228,-0.2,2.208,-0.1,2.272
05-01-2026-Fri 13-32-15-PM,-0.1,2.136,-0.3,2.196,-0.2,2.176,-0.2,2.136,-0.2,2.16,-0.1,2.172,-0.3,2.14,-0.1,2.204
05-01-2026-Fri 13-32-17-PM,0.0,2.08,-0.2,2.156,-0.2,2.14,0.1,2.088,-0.2,2.116,0.0,2.128,0.0,2.096,0.0,2.148
05-01-2026-Fri 13-32-18-PM,-0.2,2.044,-0.5,2.132,-0.2,2.108,-0.1,2.048,-0.3,2.084,-0.1,2.1,-0.3,2.06,-0.1,2.108
05-01-2026-Fri 13-32-19-PM,-0.2,2.008,-0.2,2.104,-0.1,2.084,-0.2,2.02,-0.3,2.056,-0.1,2.072,-0.1,2.028,-0.3,2.08
05-01-2026-Fri 13-32-21-PM,0.1,1.984,-0.3,2.084,-0.1,2.064,-0.2,1.992,-0.5,2.032,0.0,2.052,-0.3,2.0,0.0,2.052
05-01-2026-Fri 13-32-22-PM,-0.3,1.956,-0.3,2.064,0.0,2.04,-0.1,1.972,-0.2,2.008,-0.2,2.032,-0.3,1.972,0.1,2.028
05-01-2026-Fri 13-32-23-PM,-0.2,1.936,-0.4,2.052,-0.3,2.02,-0.3,1.952,-0.4,1.984,0.2,2.012,-0.2,1.952,-0.2,2.004
05-01-2026-Fri 13-32-25-PM,-0.2,1.916,-0.2,2.032,-0.2,2.0,-0.4,1.936,-0.1,1.972,0.3,1.996,-0.4,1.932,0.1,1.984
05-01-2026-Fri 13-32-26-PM,-0.3,1.896,-0.3,2.024,-0.1,1.984,-0.3,1.916,-0.4,1.956,0.0,1.984,-0.1,1.916,0.1,1.964
05-01-2026-Fri 13-32-28-PM,-0.3,1.88,-0.4,2.004,-0.2,1.968,-0.2,1.904,-0.3,1.94,-0.1,1.968,0.1,1.9,0.1,1.948
05-01-2026-Fri 13-32-29-PM,0.1,1.864,-0.3,1.996,-0.2,1.952,0.0,1.892,-0.5,1.928,0.1,1.956,-0.3,1.888,0.1,1.936
05-01-2026-Fri 13-32-30-PM,-0.3,1.848,-0.4,1.98,0.0,1.94,-0.2,1.88,-0.3,1.912,-0.1,1.944,-0.1,1.872,0.1,1.92
05-01-2026-Fri 13-32-32-PM,-0.2,1.84,0.0,1.972,-0.2,1.932,-0.3,1.868,-0.2,1.9,-0.1,1.936,-0.1,1.86,0.1,1.908
05-01-2026-Fri 13-32-33-PM,-0.1,1.828,-0.3,1.96,-0.2,1.916,-0.1,1.856,-0.1,1.888,0.1,1.92,-0.3,1.848,0.1,1.892
05-01-2026-Fri 13-32-35-PM,0.1,1.816,-0.4,1.952,-0.1,1.904,-0.1,1.848,-0.3,1.876,0.1,1.912,0.0,1.832,-0.2,1.884
05-01-2026-Fri 13-32-36-PM,-0.3,1.804,-0.3,1.944,-0.4,1.892,-0.1,1.836,-0.3,1.872,0.0,1.9,-0.2,1.824,-0.1,1.872
05-01-2026-Fri 13-32-37-PM,-0.3,1.792,-0.4,1.932,-0.1,1.884,-0.2,1.832,-0.3,1.86,-0.1,1.892,0.2,1.812,-0.3,1.86
05-01-2026-Fri 13-32-39-PM,0.0,1.784,-0.3,1.928,0.1,1.872,-0.1,1.82,-0.3,1.848,-0.4,1.88,-0.1,1.804,-0.1,1.852
05-01-2026-Fri 13-32-40-PM,-0.1,1.776,-0.5,1.916,-0.1,1.864,0.0,1.816,-0.2,1.836,-0.1,1.872,-0.1,1.792,0.1,1.844
05-01-2026-Fri 13-32-42-PM,-0.2,1.768,-0.2,1.908,-0.3,1.856,0.0,1.804,-0.2,1.832,-0.1,1.868,-0.2,1.784,0.0,1.836
05-01-2026-Fri 13-32-43-PM,-0.1,1.756,-0.3,1.9,-0.3,1.848,-0.1,1.796,0.1,1.82,0.0,1.86,0.0,1.772,0.2,1.828
05-01-2026-Fri 13-32-44-PM,-0.2,1.752,-0.2,1.896,0.0,1.84,-0.2,1.792,-0.2,1.812,0.2,1.848,-0.4,1.768,-0.1,1.82
05-01-2026-Fri 13-32-46-PM,-0.1,1.74,-0.3,1.884,-0.1,1.828,-0.2,1.784,-0.5,1.804,-0.1,1.844,-0.1,1.76,-0.2,1.812
05-01-2026-Fri 13-32-47-PM,-0.2,1.736,-0.5,1.88,0.0,1.82,-0.1,1.776,-0.2,1.8,-0.2,1.832,-0.2,1.752,-0.1,1.804
05-01-2026-Fri 13-32-49-PM,-0.4,1.728,-0.4,1.872,0.0,1.812,-0.3,1.768,-0.3,1.788,-0.1,1.828,0.0,1.744,-0.1,1.796
05-01-2026-Fri 13-32-50-PM,0.2,1.72,-0.5,1.86,-0.2,1.808,-0.1,1.768,-0.2,1.78,-0.1,1.82,-0.1,1.736,0.2,1.792
05-01-2026-Fri 13-32-51-PM,-0.1,1.716,-0.3,1.856,-0.1,1.804,-0.1,1.756,0.0,1.78,-0.2,1.816,-0.3,1.728,0.2,1.784
05-01-2026-Fri 13-32-53-PM,-0.2,1.708,-0.3,1.852,-0.1,1.792,-0.2,1.756,-0.3,1.772,-0.1,1.808,-0.3,1.724,0.2,1.78
05-01-2026-Fri 13-32-54-PM,-0.5,1.704,-0.3,1.844,-0.1,1.788,-0.3,1.748,-0.6,1.764,0.0,1.8,-0.1,1.72,-0.3,1.772
05-01-2026-Fri 13-32-56-PM,0.0,1.7,-0.3,1.84,-0.2,1.78,-0.2,1.74,-0.2,1.756,0.2,1.796,-0.1,1.712,0.0,1.764
05-01-2026-Fri 13-32-57-PM,-0.2,1.692,-0.2,1.832,-0.2,1.776,0.0,1.736,0.0,1.756,0.0,1.788,-0.5,1.708,-0.1,1.76
05-01-2026-Fri 13-32-58-PM,0.1,1.688,-0.1,1.824,-0.2,1.768,-0.1,1.728,-0.1,1.744,-0.1,1.784,-0.4,1.704,-0.1,1.756
05-01-2026-Fri 13-33-00-PM,-0.3,1.68,-0.5,1.824,0.1,1.76,0.1,1.724,-0.2,1.74,0.0,1.78,-0.2,1.696,-0.1,1.752
05-01-2026-Fri 13-33-01-PM,-0.1,1.676,-0.3,1.816,-0.1,1.756,-0.3,1.72,-0.2,1.732,0.0,1.772,-0.1,1.688,-0.1,1.744
05-01-2026-Fri 13-33-02-PM,-0.4,1.672,-0.5,1.812,-0.1,1.752,0.0,1.716,-0.3,1.728,-0.1,1.768,0.0,1.684,0.0,1.74
05-01-2026-Fri 13-33-04-PM,-0.1,1.668,-0.2,1.808,-0.2,1.744,-0.1,1.708,-0.5,1.724,0.0,1.764,-0.1,1.68,0.1,1.736
05-01-2026-Fri 13-33-05-PM,-0.2,1.66,0.0,1.8,-0.1,1.74,0.1,1.704,-0.5,1.716,-0.2,1.756,-0.3,1.672,0.0,1.732
05-01-2026-Fri 13-33-07-PM,-0.1,1.656,0.0,1.792,0.0,1.736,0.0,1.7,-0.4,1.712,-0.2,1.752,0.0,1.668,-0.1,1.728
05-01-2026-Fri 13-33-08-PM,-0.2,1.656,-0.1,1.788,-0.1,1.732,0.0,1.692,-0.3,1.708,-0.3,1.748,-0.1,1.664,0.0,1.724
05-01-2026-Fri 13-33-09-PM,-0.1,1.648,-0.1,1.784,0.1,1.724,0.2,1.684,-0.2,1.7,-0.1,1.744,-0.1,1.66,0.1,1.72
05-01-2026-Fri 13-33-11-PM,-0.2,1.644,-0.3,1.78,0.0,1.72,-0.2,1.68,-0.1,1.696,0.1,1.736,-0.4,1.656,-0.2,1.716
05-01-2026-Fri 13-33-12-PM,-0.1,1.64,-0.2,1.776,-0.2,1.716,-0.2,1.676,-0.1,1.696,0.0,1.736,-0.3,1.652,-0.1,1.712
05-01-2026-Fri 13-33-14-PM,-0.2,1.636,-0.3,1.768,0.1,1.708,0.0,1.676,-0.4,1.692,0.1,1.732,-0.5,1.648,-0.2,1.708
05-01-2026-Fri 13-33-15-PM,-0.2,1.632,-0.5,1.764,-0.1,1.704,-0.3,1.668,-0.1,1.684,0.1,1.728,-0.1,1.644,-0.1,1.7
05-01-2026-Fri 13-33-17-PM,0.1,1.628,-0.3,1.76,0.0,1.7,0.0,1.664,-0.5,1.684,0.1,1.724,-0.4,1.64,0.1,1.696
05-01-2026-Fri 13-33-18-PM,-0.1,1.624,-0.2,1.756,-0.2,1.696,-0.1,1.66,-0.1,1.676,0.0,1.72,-0.5,1.636,0.1,1.692
05-01-2026-Fri 13-33-19-PM,-0.2,1.624,-0.2,1.752,-0.1,1.688,-0.1,1.656,-0.3,1.672,-0.4,1.716,-0.4,1.632,0.0,1.692
05-01-2026-Fri 13-33-21-PM,-0.3,1.62,-0.2,1.748,0.0,1.688,-0.2,1.652,-0.2,1.672,-0.2,1.712,-0.4,1.628,0.0,1.688
05-01-2026-Fri 13-33-22-PM,-0.3,1.616,-0.2,1.744,-0.2,1.684,0.0,1.648,-0.5,1.668,-0.2,1.708,-0.2,1.62,0.0,1.684
05-01-2026-Fri 13-33-24-PM,-0.1,1.608,0.0,1.74,0.0,1.68,0.0,1.644,-0.2,1.664,0.0,1.7,-0.1,1.62,-0.2,1.68
05-01-2026-Fri 13-33-25-PM,-0.3,1.608,-0.4,1.736,0.3,1.676,-0.1,1.64,-0.1,1.66,0.0,1.7,-0.3,1.616,0.1,1.676
05-01-2026-Fri 13-33-26-PM,0.1,1.604,-0.4,1.732,0.0,1.672,0.2,1.636,-0.1,1.656,-0.2,1.696,-0.2,1.616,-0.1,1.676
05-01-2026-Fri 13-33-28-PM,-0.2,1.604,-0.3,1.728,-0.2,1.668,-0.3,1.632,-0.3,1.652,0.2,1.692,-0.1,1.612,-0.1,1.672
05-01-2026-Fri 13-33-29-PM,-0.1,1.6,-0.1,1.724,-0.2,1.664,-0.4,1.624,-0.3,1.648,-0.2,1.688,-0.3,1.608,0.1,1.668
05-01-2026-Fri 13-33-31-PM,Power On
05-01-2026-Fri 13-33-32-PM,21.6,5.236,25.2,5.24,22.9,5.236,15.4,5.248,11.4,5.24,10.7,5.248,7.7,5.228,14.3,5.236
05-01-2026-Fri 13-33-34-PM,20.6,5.24,24.2,5.24,21.9,5.236,15.0,5.252,11.0,5.24,10.4,5.248,7.5,5.232,13.7,5.244
05-01-2026-Fri 13-33-35-PM,20.2,5.244,23.7,5.248,21.9,5.24,14.9,5.252,10.8,5.24,9.9,5.252,7.4,5.228,13.5,5.24
05-01-2026-Fri 13-33-36-PM,Power Off
05-01-2026-Fri 13-33-38-PM,-0.2,2.316,-0.4,2.328,-0.1,2.32,0.0,2.316,-0.6,2.328,0.1,2.332,-0.1,2.312,0.1,2.396
05-01-2026-Fri 13-33-39-PM,-0.3,2.2,-0.3,2.244,0.0,2.224,-0.1,2.208,-0.1,2.212,-0.1,2.224,-0.4,2.2,0.1,2.268
05-01-2026-Fri 13-33-41-PM,0.2,2.128,-0.2,2.192,0.0,2.168,-0.2,2.14,-0.3,2.152,-0.1,2.164,-0.3,2.136,0.0,2.196
05-01-2026-Fri 13-33-42-PM,-0.3,2.076,-0.4,2.156,0.1,2.132,-0.3,2.088,-0.5,2.112,-0.1,2.124,-0.2,2.084,-0.1,2.14
05-01-2026-Fri 13-33-43-PM,-0.1,2.028,-0.1,2.124,0.0,2.1,-0.1,2.052,-0.5,2.072,-0.1,2.092,-0.3,2.048,-0.1,2.1
05-01-2026-Fri 13-33-45-PM,0.2,1.996,-0.2,2.1,-0.2,2.072,-0.3,2.016,-0.4,2.044,0.0,2.064,0.0,2.016,0.1,2.064
05-01-2026-Fri 13-33-46-PM,-0.5,1.964,-0.2,2.08,-0.1,2.052,-0.1,1.988,0.0,2.02,0.1,2.04,-0.1,1.988,0.0,2.04
05-01-2026-Fri 13-33-47-PM,-0.1,1.94,-0.3,2.056,-0.1,2.032,-0.3,1.964,0.0,2.0,0.0,2.02,0.1,1.964,0.1,2.012
05-01-2026-Fri 13-33-49-PM,-0.2,1.92,0.0,2.04,-0.2,2.008,-0.3,1.948,-0.2,1.98,0.1,2.004,-0.2,1.944,-0.2,1.992
05-01-2026-Fri 13-33-50-PM,-0.3,1.9,-0.1,2.024,0.1,1.992,0.0,1.928,-0.3,1.964,0.1,1.988,0.1,1.924,-0.2,1.972
05-01-2026-Fri 13-33-52-PM,-0.2,1.884,-0.1,2.012,-0.2,1.976,-0.2,1.912,-0.5,1.948,0.0,1.972,-0.3,1.908,0.0,1.952
05-01-2026-Fri 13-33-53-PM,-0.2,1.868,-0.2,1.996,-0.2,1.96,-0.3,1.9,-0.4,1.932,0.2,1.956,-0.3,1.892,-0.2,1.94
05-01-2026-Fri 13-33-55-PM,-0.1,1.852,-0.2,1.984,-0.1,1.944,-0.2,1.888,-0.2,1.92,0.2,1.944,-0.1,1.876,0.0,1.928
05-01-2026-Fri 13-33-56-PM,-0.1,1.84,-0.4,1.976,-0.1,1.932,0.2,1.876,-0.3,1.904,0.0,1.932,-0.1,1.86,0.2,1.912
05-01-2026-Fri 13-33-57-PM,-0.3,1.828,-0.3,1.964,-0.2,1.92,0.1,1.864,-0.3,1.892,-0.1,1.916,-0.2,1.852,0.0,1.9
05-01-2026-Fri 13-33-59-PM,-0.1,1.816,-0.4,1.956,0.1,1.912,-0.2,1.852,-0.2,1.88,-0.3,1.908,-0.2,1.836,0.0,1.888
05-01-2026-Fri 13-34-00-PM,0.0,1.804,-0.4,1.944,0.1,1.896,0.0,1.844,-0.4,1.872,-0.1,1.896,-0.3,1.824,-0.3,1.88
05-01-2026-Fri 13-34-02-PM,0.0,1.796,-0.3,1.936,-0.1,1.888,0.0,1.836,-0.3,1.86,0.0,1.888,-0.5,1.812,0.0,1.868
05-01-2026-Fri 13-34-03-PM,-0.2,1.788,-0.3,1.924,-0.1,1.876,0.1,1.824,-0.3,1.852,0.1,1.88,-0.2,1.8,-0.1,1.856
05-01-2026-Fri 13-34-04-PM,0.3,1.776,-0.3,1.92,0.0,1.868,-0.2,1.816,-0.2,1.84,0.0,1.868,-0.3,1.796,-0.1,1.852
05-01-2026-Fri 13-34-06-PM,-0.4,1.768,-0.4,1.912,0.2,1.856,0.0,1.808,-0.3,1.832,-0.3,1.86,-0.3,1.784,-0.1,1.84
05-01-2026-Fri 13-34-07-PM,-0.3,1.76,-0.2,1.904,-0.1,1.848,-0.3,1.804,-0.2,1.82,0.1,1.856,-0.1,1.776,0.0,1.832
05-01-2026-Fri 13-34-09-PM,-0.2,1.752,-0.3,1.892,-0.1,1.836,-0.2,1.796,-0.2,1.812,-0.2,1.844,-0.2,1.768,-0.2,1.824
05-01-2026-Fri 13-34-10-PM,0.1,1.744,0.0,1.888,0.0,1.832,-0.2,1.788,-0.2,1.808,-0.2,1.836,0.0,1.76,-0.1,1.82
05-01-2026-Fri 13-34-11-PM,-0.2,1.74,-0.3,1.88,0.0,1.82,0.2,1.78,-0.7,1.796,-0.1,1.828,-0.4,1.752,0.0,1.808
05-01-2026-Fri 13-34-13-PM,-0.1,1.728,-0.1,1.868,0.1,1.816,0.0,1.772,-0.3,1.788,-0.1,1.82,-0.3,1.744,-0.2,1.804
05-01-2026-Fri 13-34-14-PM,-0.2,1.72,-0.4,1.864,-0.4,1.808,-0.3,1.764,-0.6,1.78,0.1,1.812,-0.1,1.736,-0.1,1.792
05-01-2026-Fri 13-34-16-PM,-0.4,1.716,-0.2,1.86,0.1,1.796,0.0,1.76,-0.4,1.776,0.0,1.812,-0.3,1.732,0.0,1.788
05-01-2026-Fri 13-34-17-PM,-0.2,1.712,-0.5,1.852,-0.1,1.792,-0.1,1.756,-0.3,1.768,0.0,1.8,-0.3,1.724,-0.2,1.78
05-01-2026-Fri 13-34-18-PM,-0.1,1.704,-0.2,1.844,-0.2,1.784,0.0,1.744,0.0,1.76,0.1,1.796,-0.4,1.716,0.1,1.776
05-01-2026-Fri 13-34-20-PM,-0.2,1.7,-0.4,1.836,0.0,1.78,0.1,1.74,-0.5,1.756,0.1,1.788,-0.2,1.712,0.0,1.768
05-01-2026-Fri 13-34-21-PM,-0.1,1.692,-0.5,1.828,-0.2,1.768,0.0,1.732,-0.5,1.748,0.0,1.784,0.0,1.704,-0.1,1.764
05-01-2026-Fri 13-34-24-PM,-0.1,1.684,-0.2,1.824,-0.2,1.764,-0.1,1.728,-0.3,1.74,0.1,1.772,-0.1,1.7,0.1,1.756
05-01-2026-Fri 13-34-27-PM,-0.3,1.676,-0.3,1.812,-0.1,1.752,-0.1,1.716,-0.1,1.732,0.0,1.768,-0.1,1.688,0.0,1.744
05-01-2026-Fri 13-34-30-PM,0.0,1.668,-0.3,1.804,-0.1,1.736,0.2,1.708,-0.3,1.72,0.0,1.756,-0.2,1.676,-0.1,1.736
05-01-2026-Fri 13-34-32-PM,-0.3,1.656,-0.1,1.792,-0.1,1.728,-0.1,1.696,-0.2,1.708,-0.3,1.748,-0.6,1.668,0.1,1.728
05-01-2026-Fri 13-34-34-PM,-0.2,1.648,-0.4,1.78,-0.2,1.72,-0.3,1.688,0.1,1.704,0.2,1.736,-0.3,1.66,0.0,1.72
05-01-2026-Fri 13-34-36-PM,-0.3,1.644,-0.3,1.776,-0.2,1.716,-0.2,1.684,-0.2,1.7,-0.1,1.732,-0.1,1.656,0.0,1.712
05-01-2026-Fri 13-34-37-PM,-0.1,1.64,-0.3,1.772,-0.2,1.712,-0.1,1.684,-0.1,1.692,0.0,1.732,-0.1,1.652,-0.1,1.712
05-01-2026-Fri 13-34-39-PM,-0.3,1.636,-0.3,1.764,-0.4,1.704,-0.1,1.68,-0.1,1.688,0.1,1.724,-0.1,1.648,0.0,1.704
05-01-2026-Fri 13-34-40-PM,-0.1,1.636,-0.4,1.76,0.2,1.7,-0.3,1.672,-0.2,1.684,0.1,1.72,-0.2,1.64,-0.1,1.704
05-01-2026-Fri 13-34-41-PM,0.0,1.628,-0.4,1.76,0.0,1.7,0.0,1.668,-0.2,1.68,0.1,1.716,-0.2,1.636,-0.2,1.696
05-01-2026-Fri 13-34-43-PM,0.1,1.624,-0.3,1.752,-0.2,1.696,-0.1,1.664,-0.3,1.676,0.1,1.716,-0.1,1.632,-0.1,1.696
05-01-2026-Fri 13-34-44-PM,-0.1,1.624,-0.4,1.752,0.0,1.688,0.1,1.66,-0.3,1.676,0.2,1.708,-0.3,1.628,-0.1,1.692
05-01-2026-Fri 13-34-46-PM,-0.2,1.62,-0.3,1.744,0.0,1.684,-0.1,1.656,-0.5,1.668,0.1,1.704,-0.3,1.628,-0.3,1.688
05-01-2026-Fri 13-34-47-PM,0.1,1.616,0.0,1.74,-0.3,1.68,-0.1,1.648,-0.3,1.664,-0.1,1.704,-0.1,1.62,0.0,1.684
05-01-2026-Fri 13-34-48-PM,-0.4,1.612,0.1,1.736,-0.1,1.68,-0.3,1.648,-0.1,1.664,0.1,1.696,-0.3,1.624,0.1,1.684
05-01-2026-Fri 13-34-50-PM,-0.2,1.608,-0.2,1.732,-0.2,1.672,-0.2,1.644,-0.2,1.66,-0.2,1.696,0.1,1.616,0.2,1.68
05-01-2026-Fri 13-34-51-PM,-0.4,1.6,-0.3,1.728,0.0,1.668,0.0,1.636,-0.4,1.66,-0.1,1.692,-0.1,1.612,-0.3,1.672
05-01-2026-Fri 13-34-53-PM,-0.4,1.604,-0.4,1.724,-0.2,1.664,0.0,1.636,-0.3,1.652,-0.1,1.692,-0.2,1.612,-0.1,1.672
05-01-2026-Fri 13-34-54-PM,-0.2,1.596,-0.3,1.72,-0.1,1.66,-0.2,1.632,-0.2,1.648,-0.1,1.684,-0.5,1.604,-0.2,1.668
05-01-2026-Fri 13-34-55-PM,-0.1,1.6,0.0,1.716,-0.1,1.656,-0.2,1.628,-0.1,1.648,-0.1,1.684,-0.2,1.604,0.1,1.664
05-01-2026-Fri 13-34-57-PM,-0.1,1.592,-0.1,1.712,0.0,1.652,0.0,1.624,-0.3,1.644,0.1,1.68,0.0,1.6,-0.1,1.664
05-01-2026-Fri 13-34-58-PM,-0.3,1.588,-0.2,1.708,-0.1,1.648,-0.3,1.62,-0.3,1.64,0.0,1.676,0.0,1.596,0.1,1.66
05-01-2026-Fri 13-35-00-PM,-0.2,1.588,-0.4,1.704,0.0,1.648,-0.2,1.616,-0.3,1.636,0.1,1.672,-0.3,1.592,0.1,1.66
05-01-2026-Fri 13-35-01-PM,-0.3,1.58,-0.4,1.704,-0.4,1.644,-0.2,1.612,-0.4,1.636,0.0,1.668,0.0,1.592,-0.1,1.656
05-01-2026-Fri 13-35-03-PM,-0.2,1.58,-0.4,1.7,0.2,1.64,-0.1,1.608,-0.2,1.632,0.1,1.668,0.0,1.588,-0.1,1.652
05-01-2026-Fri 13-35-04-PM,-0.2,1.58,0.0,1.696,0.0,1.636,-0.1,1.608,-0.9,1.624,0.0,1.668,0.0,1.584,0.0,1.652
05-01-2026-Fri 13-35-06-PM,0.1,1.576,0.0,1.692,-0.3,1.632,0.0,1.604,-0.1,1.624,-0.1,1.66,0.0,1.584,0.0,1.648
05-01-2026-Fri 13-35-07-PM,0.1,1.572,-0.1,1.688,-0.2,1.632,-0.1,1.6,-0.1,1.62,-0.1,1.66,0.0,1.576,0.0,1.644
05-01-2026-Fri 13-35-09-PM,-0.2,1.568,-0.3,1.684,-0.2,1.628,-0.1,1.596,-0.2,1.62,-0.1,1.652,-0.3,1.576,0.0,1.644
05-01-2026-Fri 13-35-10-PM,-0.1,1.568,-0.3,1.68,-0.4,1.624,-0.1,1.592,-0.3,1.616,-0.2,1.656,-0.3,1.572,0.0,1.64
05-01-2026-Fri 13-35-12-PM,-0.2,1.564,-0.2,1.676,-0.2,1.62,-0.2,1.584,-0.4,1.612,0.0,1.652,-0.1,1.568,-0.2,1.64
05-01-2026-Fri 13-35-13-PM,-0.1,1.56,-0.5,1.676,0.1,1.616,0.0,1.584,-0.1,1.612,-0.1,1.648,-0.3,1.568,0.0,1.636
05-01-2026-Fri 13-35-14-PM,-0.2,1.556,-0.2,1.676,0.2,1.608,-0.4,1.584,-0.2,1.608,0.2,1.648,-0.1,1.564,-0.1,1.636
05-01-2026-Fri 13-35-16-PM,-0.1,1.556,-0.2,1.672,0.0,1.612,-0.2,1.58,-0.2,1.608,0.1,1.644,-0.1,1.56,0.0,1.632
05-01-2026-Fri 13-35-17-PM,-0.2,1.556,0.0,1.668,-0.2,1.608,-0.1,1.572,-0.2,1.604,-0.2,1.644,-0.1,1.56,0.0,1.628
05-01-2026-Fri 13-35-19-PM,0.1,1.552,-0.3,1.664,-0.1,1.604,-0.5,1.572,-0.1,1.604,0.0,1.64,-0.1,1.556,-0.1,1.632
05-01-2026-Fri 13-35-20-PM,0.0,1.548,-0.5,1.664,0.0,1.6,0.0,1.568,-0.1,1.596,0.1,1.636,0.0,1.556,0.0,1.624
05-01-2026-Fri 13-35-21-PM,-0.1,1.548,-0.5,1.66,-0.1,1.6,0.0,1.564,-0.3,1.596,0.0,1.636,-0.3,1.552,0.2,1.624
05-01-2026-Fri 13-35-23-PM,Power On
05-01-2026-Fri 13-35-24-PM,19.8,5.236,22.8,5.236,21.2,5.232,14.0,5.248,10.4,5.236,9.7,5.244,7.0,5.224,12.8,5.236
05-01-2026-Fri 13-35-26-PM,18.6,5.236,22.3,5.24,20.5,5.232,13.6,5.248,9.9,5.236,9.5,5.248,6.9,5.228,11.9,5.236
05-01-2026-Fri 13-35-27-PM,18.3,5.24,22.0,5.24,19.9,5.232,13.5,5.252,9.5,5.24,8.9,5.248,6.6,5.228,12.2,5.236
05-01-2026-Fri 13-35-28-PM,17.9,5.24,21.4,5.24,19.3,5.236,13.0,5.252,9.5,5.24,8.8,5.248,6.2,5.228,11.7,5.24
05-01-2026-Fri 13-35-30-PM,Power Off
05-01-2026-Fri 13-35-31-PM,-0.1,2.336,0.0,2.34,0.0,2.328,-0.1,2.312,-0.4,2.304,-0.1,2.332,0.0,2.312,0.1,2.408
05-01-2026-Fri 13-35-33-PM,-0.1,2.216,-0.4,2.252,0.0,2.228,-0.3,2.208,0.0,2.208,0.1,2.228,0.0,2.204,-0.2,2.28
05-01-2026-Fri 13-35-34-PM,-0.1,2.14,-0.3,2.204,0.2,2.176,-0.1,2.148,-0.3,2.148,-0.3,2.168,-0.3,2.14,-0.1,2.208
05-01-2026-Fri 13-35-35-PM,-0.1,2.084,-0.5,2.16,-0.2,2.136,0.2,2.096,0.0,2.108,0.1,2.128,-0.3,2.088,-0.2,2.148
05-01-2026-Fri 13-35-37-PM,-0.3,2.04,-0.1,2.132,-0.1,2.104,-0.2,2.06,0.0,2.072,0.1,2.092,-0.2,2.056,-0.1,2.108
05-01-2026-Fri 13-35-38-PM,-0.2,2.004,-0.3,2.108,0.0,2.08,-0.1,2.024,-0.5,2.044,0.1,2.064,0.0,2.028,-0.2,2.076
05-01-2026-Fri 13-35-40-PM,-0.1,1.976,-0.3,2.088,0.0,2.056,0.0,2.004,-0.5,2.024,0.1,2.048,0.1,2.0,0.1,2.052
05-01-2026-Fri 13-35-41-PM,-0.4,1.952,-0.4,2.068,-0.5,2.036,0.1,1.98,-0.2,2.0,-0.1,2.024,0.0,1.972,-0.2,2.024
05-01-2026-Fri 13-35-42-PM,-0.2,1.932,-0.3,2.052,-0.1,2.016,0.0,1.96,-0.1,1.984,-0.2,2.004,-0.3,1.952,0.0,2.0
05-01-2026-Fri 13-35-44-PM,-0.1,1.908,-0.2,2.036,-0.1,2.0,-0.2,1.94,-0.3,1.964,0.1,1.988,-0.1,1.932,-0.1,1.98
05-01-2026-Fri 13-35-45-PM,0.0,1.892,-0.2,2.02,-0.3,1.98,0.0,1.924,-0.2,1.948,0.2,1.972,0.0,1.912,-0.2,1.964
05-01-2026-Fri 13-35-46-PM,-0.3,1.876,-0.2,2.008,-0.2,1.968,0.0,1.908,-0.2,1.932,0.0,1.956,-0.1,1.896,-0.1,1.948
05-01-2026-Fri 13-35-48-PM,-0.3,1.864,-0.4,1.996,-0.2,1.952,-0.1,1.892,-0.4,1.92,0.0,1.944,-0.2,1.88,0.0,1.932
05-01-2026-Fri 13-35-49-PM,-0.2,1.844,-0.2,1.984,-0.2,1.944,-0.2,1.884,-0.1,1.904,-0.2,1.928,-0.3,1.868,-0.2,1.916
05-01-2026-Fri 13-35-51-PM,-0.2,1.836,-0.1,1.972,-0.1,1.924,-0.1,1.868,-0.3,1.896,0.2,1.912,-0.1,1.856,-0.1,1.908
05-01-2026-Fri 13-35-52-PM,-0.1,1.824,-0.2,1.96,-0.2,1.916,-0.2,1.86,-0.1,1.88,0.0,1.908,-0.2,1.84,0.1,1.896
05-01-2026-Fri 13-35-53-PM,-0.1,1.816,-0.4,1.948,-0.2,1.904,0.1,1.848,-0.4,1.872,0.0,1.896,0.0,1.828,0.1,1.884
05-01-2026-Fri 13-35-55-PM,-0.2,1.804,-0.1,1.94,-0.1,1.892,-0.1,1.836,-0.5,1.86,-0.3,1.888,0.0,1.816,0.1,1.876
05-01-2026-Fri 13-35-56-PM,-0.4,1.792,-0.4,1.932,0.1,1.884,-0.1,1.828,-0.5,1.852,-0.3,1.88,-0.1,1.808,0.1,1.864
05-01-2026-Fri 13-35-58-PM,Power On
05-01-2026-Fri 13-36-01-PM,17.2,5.24,21.1,5.244,19.2,5.24,12.9,5.248,9.2,5.244,8.7,5.248,6.2,5.232,11.2,5.244
05-01-2026-Fri 13-36-03-PM,-0.3,2.344,-0.3,2.348,0.1,2.344,-0.1,2.328,-0.2,2.352,-0.1,2.368,-0.3,2.34,0.0,2.42
05-01-2026-Fri 13-36-06-PM,-0.3,2.144,-0.2,2.2,0.0,2.176,-0.2,2.14,-0.3,2.168,0.1,2.184,0.0,2.156,-0.3,2.212
05-01-2026-Fri 13-36-09-PM,Power On
05-01-2026-Fri 13-36-12-PM,16.8,5.24,20.4,5.244,18.5,5.236,12.4,5.248,9.1,5.244,8.5,5.244,5.9,5.228,11.0,5.24
05-01-2026-Fri 13-36-13-PM,16.9,5.24,20.3,5.248,18.2,5.236,12.5,5.248,9.1,5.244,8.2,5.248,5.6,5.236,11.2,5.244
05-01-2026-Fri 13-36-15-PM,16.8,5.244,20.3,5.248,18.1,5.24,12.6,5.252,9.1,5.24,8.3,5.248,5.8,5.232,11.1,5.244
05-01-2026-Fri 13-36-16-PM,Power Off
05-01-2026-Fri 13-36-18-PM,-0.3,2.412,-0.4,2.376,0.0,2.38,-0.3,2.356,-0.2,2.38,-0.1,2.408,-0.4,2.404,-0.1,2.476
05-01-2026-Fri 13-36-19-PM,-0.3,2.288,-0.3,2.288,0.0,2.276,0.1,2.248,-0.5,2.28,-0.2,2.296,-0.1,2.296,0.0,2.348
05-01-2026-Fri 13-36-20-PM,-0.3,2.212,-0.4,2.236,0.0,2.216,-0.3,2.184,-0.3,2.216,0.0,2.232,0.0,2.228,-0.1,2.272
05-01-2026-Fri 13-36-22-PM,-0.3,2.156,-0.2,2.192,-0.2,2.176,-0.3,2.136,-0.5,2.176,0.0,2.188,-0.3,2.18,0.0,2.216
05-01-2026-Fri 13-36-23-PM,-0.2,2.112,-0.4,2.164,-0.2,2.144,-0.1,2.104,-0.1,2.14,-0.1,2.156,-0.4,2.144,-0.2,2.176
05-01-2026-Fri 13-36-25-PM,-0.2,2.076,-0.5,2.136,0.0,2.116,-0.2,2.072,-0.4,2.112,-0.2,2.128,-0.2,2.116,-0.1,2.14
05-01-2026-Fri 13-36-26-PM,-0.1,2.048,-0.3,2.116,-0.1,2.092,-0.1,2.044,-0.3,2.088,-0.1,2.104,-0.1,2.088,0.0,2.112
05-01-2026-Fri 13-36-27-PM,-0.1,2.02,-0.4,2.096,0.0,2.076,-0.2,2.028,-0.3,2.068,-0.1,2.08,-0.1,2.064,0.1,2.088
05-01-2026-Fri 13-36-29-PM,-0.3,2.0,-0.2,2.08,-0.1,2.06,-0.3,2.004,-0.3,2.052,-0.1,2.064,-0.1,2.04,0.0,2.064
05-01-2026-Fri 13-36-30-PM,-0.4,1.98,-0.3,2.064,-0.1,2.044,-0.2,1.992,-0.3,2.032,-0.2,2.044,-0.3,2.024,0.1,2.048
05-01-2026-Fri 13-36-32-PM,0.2,1.96,-0.1,2.052,0.1,2.032,0.0,1.972,-0.1,2.016,0.0,2.032,0.0,2.008,-0.1,2.028
05-01-2026-Fri 13-36-33-PM,-0.6,1.948,-0.3,2.044,0.1,2.016,-0.2,1.96,-0.2,2.004,-0.2,2.02,-0.1,1.992,-0.1,2.012
05-01-2026-Fri 13-36-34-PM,-0.1,1.932,-0.4,2.028,-0.3,2.0,-0.4,1.944,-0.2,1.988,-0.1,2.004,-0.4,1.972,0.0,1.996
05-01-2026-Fri 13-36-36-PM,-0.1,1.916,-0.4,2.016,-0.1,1.992,-0.3,1.932,-0.3,1.976,0.0,1.992,-0.2,1.96,0.1,1.984
05-01-2026-Fri 13-36-37-PM,0.2,1.904,-0.3,2.008,0.3,1.98,-0.2,1.92,-0.1,1.964,-0.2,1.984,0.1,1.944,0.1,1.972
05-01-2026-Fri 13-36-38-PM,0.0,1.892,0.0,2.0,-0.1,1.972,-0.2,1.916,-0.3,1.952,0.1,1.972,0.0,1.932,-0.2,1.96
05-01-2026-Fri 13-36-40-PM,-0.3,1.884,-0.4,1.988,0.2,1.96,-0.2,1.9,-0.2,1.94,0.1,1.96,-0.4,1.92,0.2,1.948
05-01-2026-Fri 13-36-41-PM,-0.3,1.868,-0.2,1.98,-0.4,1.948,-0.2,1.892,-0.1,1.932,-0.2,1.952,-0.2,1.912,-0.1,1.94
05-01-2026-Fri 13-36-43-PM,-0.2,1.864,-0.3,1.972,0.0,1.944,-0.3,1.884,-0.3,1.928,0.2,1.94,-0.3,1.896,0.0,1.928
05-01-2026-Fri 13-36-44-PM,-0.1,1.852,-0.3,1.964,0.2,1.932,-0.1,1.872,-0.4,1.912,-0.1,1.932,-0.2,1.884,0.0,1.916
05-01-2026-Fri 13-36-46-PM,-0.2,1.844,-0.2,1.952,0.0,1.924,-0.2,1.868,-0.2,1.904,0.0,1.924,-0.1,1.876,0.1,1.912
05-01-2026-Fri 13-36-47-PM,-0.2,1.836,-0.4,1.948,-0.2,1.916,-0.2,1.856,-0.2,1.896,-0.2,1.916,0.0,1.868,-0.1,1.904
05-01-2026-Fri 13-36-48-PM,-0.4,1.828,-0.3,1.94,-0.2,1.904,-0.2,1.852,-0.3,1.888,0.2,1.912,-0.3,1.856,0.0,1.892
05-01-2026-Fri 13-36-50-PM,-0.3,1.82,-0.3,1.932,-0.1,1.9,-0.3,1.844,-0.2,1.88,0.1,1.9,-0.3,1.848,0.1,1.884
05-01-2026-Fri 13-36-51-PM,-0.2,1.816,-0.4,1.928,-0.4,1.892,-0.2,1.836,-0.5,1.872,0.0,1.896,0.0,1.84,0.0,1.876
05-01-2026-Fri 13-36-53-PM,-0.4,1.808,-0.2,1.92,0.0,1.888,0.1,1.828,-0.3,1.864,-0.1,1.888,-0.1,1.832,-0.2,1.872
05-01-2026-Fri 13-36-54-PM,-0.1,1.8,-0.2,1.916,-0.2,1.876,-0.2,1.82,-0.3,1.86,0.0,1.884,0.0,1.824,0.0,1.864
05-01-2026-Fri 13-36-57-PM,-0.3,1.784,-0.3,1.904,0.0,1.864,-0.2,1.812,-0.5,1.844,0.1,1.868,0.0,1.808,0.0,1.852
05-01-2026-Fri 13-36-58-PM,0.1,1.78,-0.1,1.896,-0.2,1.856,-0.2,1.8,-0.3,1.836,0.0,1.86,-0.1,1.796,-0.1,1.84
05-01-2026-Fri 13-37-00-PM,-0.2,1.772,-0.1,1.888,0.0,1.848,-0.1,1.8,-0.3,1.828,-0.1,1.856,-0.1,1.792,0.0,1.84
05-01-2026-Fri 13-37-01-PM,-0.2,1.768,-0.2,1.884,-0.2,1.84,0.0,1.792,-0.2,1.824,-0.1,1.848,-0.1,1.788,-0.1,1.832
05-01-2026-Fri 13-37-03-PM,-0.1,1.76,-0.4,1.88,-0.1,1.836,-0.3,1.788,-0.2,1.816,-0.1,1.844,-0.2,1.78,0.1,1.828
05-01-2026-Fri 13-37-04-PM,-0.3,1.756,-0.2,1.872,0.0,1.828,-0.1,1.784,0.0,1.812,-0.2,1.836,-0.2,1.776,-0.2,1.82
05-01-2026-Fri 13-37-06-PM,-0.4,1.752,-0.2,1.868,-0.2,1.824,-0.1,1.776,-0.1,1.808,0.1,1.832,-0.2,1.768,-0.2,1.816
05-01-2026-Fri 13-37-07-PM,0.0,1.744,-0.5,1.864,-0.1,1.82,-0.2,1.772,-0.3,1.804,0.0,1.828,-0.1,1.76,-0.1,1.808
05-01-2026-Fri 13-37-08-PM,0.1,1.74,-0.3,1.852,-0.1,1.816,0.0,1.772,-0.6,1.796,0.0,1.824,-0.1,1.756,-0.1,1.808
05-01-2026-Fri 13-37-10-PM,-0.3,1.732,-0.2,1.852,-0.1,1.808,0.0,1.764,-0.3,1.792,0.1,1.82,-0.2,1.752,0.1,1.8
05-01-2026-Fri 13-37-11-PM,-0.4,1.728,-0.1,1.844,-0.1,1.804,0.1,1.756,-0.3,1.788,0.1,1.812,-0.1,1.748,0.0,1.796
05-01-2026-Fri 13-37-13-PM,-0.1,1.724,-0.2,1.84,0.1,1.796,-0.3,1.756,-0.2,1.78,-0.1,1.812,-0.1,1.736,0.0,1.792
05-01-2026-Fri 13-37-14-PM,-0.1,1.724,-0.4,1.836,-0.1,1.788,-0.1,1.752,-0.2,1.776,-0.2,1.804,-0.2,1.736,0.1,1.788
05-01-2026-Fri 13-37-15-PM,-0.1,1.716,-0.1,1.832,-0.1,1.788,0.2,1.744,-0.2,1.772,0.1,1.8,-0.3,1.732,0.0,1.784
05-01-2026-Fri 13-37-17-PM,-0.3,1.712,-0.4,1.824,-0.1,1.784,-0.4,1.74,-0.3,1.768,0.1,1.796,-0.2,1.728,0.1,1.776
05-01-2026-Fri 13-37-18-PM,-0.3,1.708,-0.2,1.82,-0.1,1.776,-0.2,1.736,0.0,1.76,-0.4,1.792,-0.3,1.72,0.1,1.772
05-01-2026-Fri 13-37-20-PM,-0.4,1.7,-0.4,1.816,-0.1,1.768,-0.1,1.728,-0.3,1.756,-0.1,1.784,-0.3,1.716,-0.2,1.768
05-01-2026-Fri 13-37-21-PM,-0.1,1.696,-0.2,1.812,-0.2,1.768,-0.1,1.724,-0.4,1.752,-0.1,1.784,-0.1,1.712,0.0,1.768
05-01-2026-Fri 13-37-23-PM,-0.2,1.692,-0.3,1.808,-0.1,1.76,0.0,1.72,-0.2,1.748,-0.2,1.776,-0.1,1.704,-0.2,1.76
05-01-2026-Fri 13-37-24-PM,-0.1,1.688,-0.1,1.8,0.2,1.756,0.0,1.716,-0.3,1.744,-0.1,1.772,-0.1,1.704,0.0,1.752
05-01-2026-Fri 13-37-25-PM,-0.2,1.688,-0.2,1.796,-0.1,1.752,0.0,1.716,-0.1,1.74,0.2,1.772,-0.3,1.7,-0.1,1.752
05-01-2026-Fri 13-37-27-PM,-0.2,1.684,-0.2,1.792,-0.1,1.748,-0.2,1.712,-0.2,1.736,-0.1,1.768,-0.3,1.692,-0.1,1.748
05-01-2026-Fri 13-37-28-PM,0.0,1.68,-0.3,1.788,0.0,1.744,-0.2,1.708,-0.2,1.732,-0.1,1.76,-0.1,1.692,0.0,1.744
05-01-2026-Fri 13-37-30-PM,-0.1,1.676,-0.3,1.784,0.0,1.74,-0.1,1.704,-0.3,1.728,-0.1,1.76,-0.3,1.688,-0.2,1.74
05-01-2026-Fri 13-37-31-PM,-0.3,1.672,-0.3,1.776,-0.1,1.736,-0.2,1.696,-0.4,1.724,-0.1,1.756,-0.3,1.68,0.0,1.74
05-01-2026-Fri 13-37-32-PM,-0.4,1.672,0.0,1.776,0.0,1.728,0.0,1.696,-0.3,1.72,-0.1,1.752,-0.3,1.68,0.0,1.732
05-01-2026-Fri 13-37-34-PM,-0.5,1.668,-0.4,1.772,0.1,1.724,-0.1,1.692,-0.3,1.716,-0.2,1.748,-0.3,1.68,-0.2,1.732
05-01-2026-Fri 13-37-35-PM,-0.4,1.66,-0.2,1.768,0.0,1.724,-0.3,1.688,-0.1,1.712,0.3,1.748,0.1,1.672,0.0,1.724
05-01-2026-Fri 13-37-37-PM,-0.4,1.66,-0.5,1.764,0.0,1.72,-0.1,1.684,-0.3,1.712,0.0,1.74,-0.2,1.668,0.0,1.72
05-01-2026-Fri 13-37-38-PM,-0.2,1.652,-0.5,1.76,-0.1,1.716,-0.1,1.68,-0.4,1.704,0.0,1.736,-0.3,1.664,0.0,1.72
05-01-2026-Fri 13-37-39-PM,-0.1,1.652,-0.4,1.756,0.0,1.712,-0.1,1.68,0.0,1.704,0.0,1.732,-0.2,1.664,0.1,1.72
05-01-2026-Fri 13-37-41-PM,-0.3,1.648,-0.1,1.752,0.0,1.708,-0.2,1.676,0.0,1.7,0.1,1.732,-0.3,1.656,-0.1,1.712
05-01-2026-Fri 13-37-42-PM,-0.3,1.644,-0.4,1.748,0.3,1.704,-0.2,1.672,-0.3,1.696,0.0,1.728,-0.2,1.656,0.1,1.712
05-01-2026-Fri 13-37-44-PM,-0.3,1.644,-0.2,1.744,0.1,1.7,-0.1,1.668,-0.1,1.696,0.0,1.724,-0.3,1.652,0.0,1.712
05-01-2026-Fri 13-37-45-PM,0.1,1.636,-0.3,1.74,0.1,1.696,0.0,1.668,-0.1,1.692,0.0,1.72,-0.3,1.652,0.1,1.708
05-01-2026-Fri 13-37-46-PM,0.1,1.64,-0.3,1.736,-0.2,1.692,-0.2,1.664,-0.2,1.688,0.0,1.72,-0.2,1.648,-0.3,1.7
05-01-2026-Fri 13-37-48-PM,-0.1,1.636,-0.2,1.732,0.0,1.688,0.1,1.66,-0.3,1.684,-0.1,1.716,0.0,1.64,-0.1,1.696
05-01-2026-Fri 13-37-50-PM,-0.2,1.628,-0.2,1.732,-0.1,1.688,-0.1,1.652,-0.2,1.68,0.0,1.712,-0.2,1.64,-0.2,1.696
05-01-2026-Fri 13-37-51-PM,-0.2,1.624,-0.2,1.728,-0.1,1.68,-0.1,1.656,-0.1,1.676,0.1,1.708,-0.2,1.636,0.0,1.692
05-01-2026-Fri 13-37-53-PM,-0.4,1.62,-0.2,1.724,-0.2,1.676,-0.3,1.652,-0.2,1.676,-0.3,1.704,0.0,1.636,-0.2,1.688
05-01-2026-Fri 13-37-54-PM,0.1,1.62,-0.3,1.72,-0.2,1.676,-0.1,1.644,0.0,1.672,-0.3,1.708,-0.1,1.632,-0.1,1.688
05-01-2026-Fri 13-37-56-PM,-0.1,1.62,-0.4,1.716,-0.3,1.672,-0.2,1.644,-0.3,1.668,-0.3,1.704,-0.1,1.628,0.1,1.68
05-01-2026-Fri 13-37-57-PM,-0.2,1.616,0.0,1.716,0.0,1.672,-0.2,1.64,-0.1,1.668,0.1,1.7,-0.1,1.624,-0.1,1.68
05-01-2026-Fri 13-37-58-PM,-0.4,1.612,-0.2,1.712,0.0,1.668,-0.5,1.64,0.1,1.664,0.3,1.696,-0.1,1.624,-0.1,1.68
05-01-2026-Fri 13-38-00-PM,-0.2,1.612,-0.1,1.708,-0.1,1.664,-0.2,1.636,-0.3,1.66,0.1,1.692,-0.1,1.62,0.0,1.68
05-01-2026-Fri 13-38-01-PM,-0.4,1.612,-0.4,1.708,-0.2,1.66,0.1,1.632,-0.1,1.656,0.0,1.692,0.1,1.616,0.1,1.676
05-01-2026-Fri 13-38-03-PM,-0.2,1.604,-0.1,1.704,-0.1,1.656,0.2,1.628,-0.1,1.656,0.1,1.688,-0.2,1.616,-0.5,1.672
05-01-2026-Fri 13-38-04-PM,-0.3,1.604,-0.3,1.7,-0.4,1.652,-0.2,1.628,-0.5,1.652,-0.1,1.688,-0.4,1.612,0.1,1.668
05-01-2026-Fri 13-38-05-PM,-0.1,1.6,-0.2,1.696,-0.1,1.648,-0.2,1.628,-0.6,1.652,-0.1,1.684,-0.3,1.608,-0.2,1.668
05-01-2026-Fri 13-38-07-PM,-0.2,1.6,-0.4,1.696,-0.1,1.648,-0.1,1.624,-0.3,1.652,-0.1,1.68,-0.1,1.608,0.1,1.664
05-01-2026-Fri 13-38-08-PM,-0.1,1.596,-0.3,1.692,-0.3,1.644,0.0,1.616,-0.2,1.648,-0.2,1.676,-0.2,1.604,0.0,1.66
05-01-2026-Fri 13-38-10-PM,0.1,1.592,-0.2,1.688,-0.2,1.644,0.2,1.616,-0.1,1.64,0.1,1.676,0.0,1.604,-0.2,1.66
05-01-2026-Fri 13-38-11-PM,0.0,1.588,-0.3,1.684,0.0,1.64,-0.1,1.612,-0.1,1.64,-0.2,1.676,-0.2,1.6,0.0,1.66
05-01-2026-Fri 13-38-12-PM,-0.1,1.588,-0.3,1.684,-0.4,1.636,0.0,1.612,-0.3,1.64,-0.2,1.672,-0.1,1.6,-0.1,1.656
05-01-2026-Fri 13-38-14-PM,0.2,1.588,-0.5,1.684,0.2,1.632,-0.3,1.608,-0.1,1.636,0.4,1.668,-0.2,1.592,-0.1,1.652
05-01-2026-Fri 13-38-15-PM,-0.2,1.588,-0.2,1.68,-0.1,1.628,-0.1,1.604,-0.1,1.636,0.0,1.668,-0.2,1.592,0.1,1.652
05-01-2026-Fri 13-38-17-PM,-0.5,1.58,-0.4,1.676,-0.1,1.628,-0.4,1.608,-0.5,1.632,0.1,1.664,-0.3,1.592,0.0,1.652
05-01-2026-Fri 13-38-18-PM,-0.2,1.576,-0.1,1.672,0.1,1.624,-0.1,1.604,-0.2,1.628,0.0,1.66,-0.1,1.588,0.0,1.648
05-01-2026-Fri 13-38-19-PM,-0.5,1.58,-0.1,1.676,0.0,1.624,0.0,1.596,-0.3,1.628,-0.2,1.66,-0.2,1.588,0.1,1.644
05-01-2026-Fri 13-38-21-PM,-0.2,1.576,-0.1,1.668,0.1,1.62,-0.1,1.596,-0.4,1.628,-0.2,1.66,-0.3,1.584,0.0,1.64
05-01-2026-Fri 13-38-22-PM,-0.1,1.572,-0.3,1.668,-0.3,1.62,0.1,1.592,-0.2,1.624,-0.1,1.656,0.0,1.58,0.0,1.64
05-01-2026-Fri 13-38-24-PM,-0.4,1.572,-0.1,1.668,-0.1,1.616,-0.2,1.592,-0.1,1.62,-0.2,1.652,-0.1,1.58,0.0,1.636
05-01-2026-Fri 13-38-25-PM,-0.3,1.568,-0.3,1.664,-0.2,1.616,0.0,1.588,-0.4,1.62,0.0,1.652,0.3,1.576,-0.2,1.636
05-01-2026-Fri 13-38-26-PM,-0.2,1.564,-0.2,1.664,-0.1,1.612,-0.1,1.584,-0.2,1.616,-0.1,1.652,-0.1,1.576,-0.1,1.632
05-01-2026-Fri 13-38-28-PM,-0.1,1.568,-0.3,1.656,-0.2,1.608,-0.1,1.584,-0.3,1.616,0.0,1.648,-0.1,1.572,0.0,1.636
05-01-2026-Fri 13-38-29-PM,-0.4,1.564,-0.1,1.656,0.0,1.604,-0.1,1.584,-0.1,1.612,0.0,1.644,-0.2,1.572,0.0,1.632
05-01-2026-Fri 13-38-31-PM,0.1,1.56,-0.2,1.652,-0.1,1.608,0.0,1.584,-0.3,1.612,-0.2,1.644,-0.2,1.572,0.1,1.632
05-01-2026-Fri 13-38-32-PM,-0.3,1.56,-0.1,1.648,0.0,1.6,-0.5,1.58,-0.3,1.608,0.0,1.644,0.1,1.568,0.0,1.628
05-01-2026-Fri 13-38-33-PM,0.0,1.56,-0.3,1.648,0.0,1.596,-0.1,1.576,0.0,1.608,-0.1,1.64,-0.3,1.568,-0.1,1.624
05-01-2026-Fri 13-38-35-PM,-0.2,1.556,-0.2,1.648,0.0,1.596,-0.3,1.572,-0.3,1.608,0.0,1.636,0.1,1.564,0.0,1.624
05-01-2026-Fri 13-38-36-PM,-0.2,1.552,-0.3,1.644,-0.2,1.596,-0.4,1.572,-0.3,1.604,0.1,1.636,-0.3,1.564,-0.4,1.624
05-01-2026-Fri 13-38-38-PM,-0.5,1.556,0.0,1.644,-0.3,1.596,0.0,1.568,-0.2,1.6,0.1,1.636,-0.2,1.56,0.0,1.62
05-01-2026-Fri 13-38-39-PM,-0.2,1.552,-0.3,1.644,-0.5,1.592,-0.1,1.568,-0.2,1.6,0.2,1.632,-0.4,1.56,0.0,1.62
05-01-2026-Fri 13-38-41-PM,-0.2,1.544,-0.4,1.64,-0.1,1.588,-0.1,1.564,-0.2,1.596,0.0,1.632,-0.4,1.556,0.0,1.62
05-01-2026-Fri 13-38-42-PM,-0.2,1.548,-0.3,1.64,-0.2,1.584,0.0,1.564,-0.5,1.592,-0.2,1.628,-0.2,1.556,-0.1,1.616
05-01-2026-Fri 13-38-44-PM,-0.3,1.544,-0.2,1.636,0.0,1.588,0.0,1.564,-0.3,1.596,-0.1,1.628,0.1,1.552,-0.2,1.612
05-01-2026-Fri 13-38-45-PM,-0.1,1.544,-0.2,1.636,-0.1,1.58,-0.2,1.56,-0.5,1.592,-0.4,1.628,-0.1,1.552,-0.1,1.612
05-01-2026-Fri 13-38-46-PM,0.2,1.54,-0.3,1.632,-0.3,1.584,-0.1,1.556,-0.2,1.592,0.0,1.624,-0.1,1.548,-0.1,1.612
05-01-2026-Fri 13-38-48-PM,-0.3,1.54,-0.1,1.628,0.0,1.576,0.0,1.556,-0.3,1.588,-0.1,1.62,-0.1,1.552,-0.1,1.612
05-01-2026-Fri 13-38-49-PM,0.0,1.54,-0.3,1.632,-0.1,1.576,0.1,1.552,-0.1,1.588,0.1,1.624,-0.1,1.544,0.1,1.612
05-01-2026-Fri 13-38-51-PM,-0.3,1.536,-0.4,1.624,-0.2,1.576,0.1,1.552,0.0,1.584,-0.1,1.62,-0.2,1.544,-0.1,1.608
05-01-2026-Fri 13-38-52-PM,-0.3,1.536,-0.4,1.624,0.0,1.572,0.0,1.548,-0.3,1.584,0.0,1.62,0.0,1.54,-0.3,1.604
05-01-2026-Fri 13-38-53-PM,0.1,1.532,-0.3,1.624,0.0,1.568,-0.1,1.544,-0.3,1.584,-0.2,1.616,-0.2,1.54,0.0,1.604
05-01-2026-Fri 13-38-55-PM,0.1,1.532,-0.1,1.62,0.0,1.568,-0.1,1.548,-0.3,1.58,0.1,1.612,-0.1,1.54,-0.1,1.604
05-01-2026-Fri 13-38-56-PM,-0.3,1.532,-0.2,1.62,0.1,1.568,-0.2,1.54,0.0,1.576,0.0,1.612,-0.2,1.536,0.0,1.604
05-01-2026-Fri 13-38-58-PM,-0.2,1.528,-0.2,1.616,-0.1,1.564,-0.2,1.536,-0.1,1.58,-0.2,1.608,-0.2,1.536,-0.3,1.6
05-01-2026-Fri 13-38-59-PM,-0.2,1.524,-0.6,1.616,0.3,1.564,0.0,1.54,-0.1,1.576,0.0,1.608,-0.3,1.532,-0.2,1.6
05-01-2026-Fri 13-39-00-PM,-0.2,1.524,-0.2,1.612,-0.2,1.564,-0.2,1.54,0.0,1.572,-0.1,1.604,-0.2,1.532,-0.3,1.596
05-01-2026-Fri 13-39-02-PM,-0.1,1.524,-0.2,1.612,0.0,1.56,-0.1,1.536,-0.5,1.572,0.0,1.604,-0.3,1.532,-0.1,1.596
05-01-2026-Fri 13-39-03-PM,-0.3,1.524,-0.4,1.612,0.2,1.556,0.1,1.528,-0.3,1.572,0.0,1.604,-0.3,1.528,-0.2,1.596
05-01-2026-Fri 13-39-05-PM,-0.1,1.52,-0.2,1.612,-0.2,1.556,-0.1,1.528,-0.4,1.568,-0.3,1.604,-0.1,1.528,0.0,1.592
05-01-2026-Fri 13-39-06-PM,-0.1,1.52,-0.4,1.604,-0.1,1.556,-0.3,1.528,-0.2,1.568,0.0,1.6,-0.1,1.524,-0.1,1.592
05-01-2026-Fri 13-39-07-PM,Power On
05-01-2026-Fri 13-39-09-PM,15.8,5.248,19.3,5.252,18.0,5.244,11.5,5.256,7.8,5.248,8.1,5.256,5.6,5.24,10.0,5.248
05-01-2026-Fri 13-39-10-PM,15.2,5.252,18.4,5.256,17.1,5.248,11.5,5.264,7.7,5.252,7.7,5.256,5.3,5.24,9.7,5.252
05-01-2026-Fri 13-39-12-PM,14.9,5.252,18.0,5.252,16.9,5.244,11.0,5.26,7.4,5.248,7.6,5.256,5.2,5.24,9.4,5.248
05-01-2026-Fri 13-39-13-PM,14.6,5.248,17.7,5.252,16.2,5.248,10.8,5.26,7.5,5.252,7.5,5.256,5.0,5.244,9.4,5.252
05-01-2026-Fri 13-39-14-PM,14.5,5.252,17.5,5.252,16.0,5.248,10.7,5.264,7.2,5.256,7.1,5.26,5.0,5.244,9.3,5.252
05-01-2026-Fri 13-39-16-PM,Power Off
05-01-2026-Fri 13-39-17-PM,-0.2,2.352,-0.4,2.352,0.1,2.348,-0.2,2.324,-0.2,2.316,0.0,2.352,0.0,2.316,0.1,2.428
05-01-2026-Fri 13-39-19-PM,-0.2,2.232,-0.2,2.272,-0.1,2.248,0.0,2.224,-0.3,2.216,0.0,2.248,-0.2,2.212,-0.1,2.3
05-01-2026-Fri 13-39-20-PM,-0.3,2.16,-0.2,2.22,-0.1,2.188,-0.1,2.16,-0.5,2.16,0.2,2.188,-0.4,2.152,-0.4,2.224
05-01-2026-Fri 13-39-22-PM,-0.3,2.1,-0.1,2.18,-0.1,2.148,-0.1,2.116,-0.2,2.116,0.0,2.14,-0.4,2.1,-0.1,2.168
05-01-2026-Fri 13-39-23-PM,-0.1,2.056,-0.4,2.148,0.1,2.12,0.0,2.08,-0.1,2.084,-0.1,2.104,-0.2,2.068,-0.1,2.128
05-01-2026-Fri 13-39-25-PM,-0.2,2.024,-0.3,2.124,-0.2,2.092,0.0,2.048,-0.3,2.06,-0.1,2.08,-0.2,2.036,0.1,2.092
05-01-2026-Fri 13-39-26-PM,-0.3,1.988,-0.3,2.104,-0.2,2.072,-0.2,2.024,-0.1,2.032,0.2,2.056,-0.2,2.008,-0.3,2.064
05-01-2026-Fri 13-39-27-PM,-0.1,1.968,-0.4,2.084,0.0,2.052,-0.3,2.0,-0.3,2.012,0.1,2.032,0.0,1.988,0.1,2.04
05-01-2026-Fri 13-39-29-PM,-0.1,1.948,-0.1,2.068,-0.1,2.032,-0.4,1.98,-0.5,1.992,-0.2,2.016,-0.1,1.964,-0.2,2.02
05-01-2026-Fri 13-39-30-PM,-0.1,1.924,-0.4,2.056,-0.2,2.02,0.1,1.964,-0.2,1.98,-0.1,2.0,-0.2,1.944,-0.1,2.0
05-01-2026-Fri 13-39-31-PM,Power On
05-01-2026-Fri 13-39-33-PM,14.1,5.248,17.1,5.252,15.9,5.248,10.6,5.256,7.1,5.248,7.3,5.26,4.9,5.24,9.1,5.252
05-01-2026-Fri 13-39-34-PM,13.7,5.248,17.1,5.256,15.5,5.244,10.4,5.26,7.1,5.248,6.9,5.26,4.3,5.24,8.7,5.252
05-01-2026-Fri 13-39-36-PM,13.5,5.252,16.9,5.256,15.4,5.244,10.3,5.26,7.3,5.252,6.8,5.26,4.6,5.24,8.8,5.252
05-01-2026-Fri 13-39-37-PM,Power Off
05-01-2026-Fri 13-39-38-PM,-0.2,2.416,-0.1,2.388,0.0,2.396,-0.4,2.364,-0.1,2.38,-0.1,2.416,-0.2,2.392,-0.1,2.488
05-01-2026-Fri 13-39-40-PM,-0.3,2.288,-0.4,2.304,-0.1,2.284,0.0,2.252,-0.1,2.272,0.1,2.3,0.0,2.28,-0.2,2.352
05-01-2026-Fri 13-39-41-PM,
05-01-2026-Fri 13-39-43-PM,-0.3,2.136,-0.3,2.196,-0.4,2.168,-0.1,2.128,-0.3,2.152,0.0,2.176,-0.2,2.156,0.1,2.208
05-01-2026-Fri 13-39-44-PM,-0.6,2.096,-0.2,2.164,0.1,2.136,-0.3,2.092,-0.4,2.12,-0.2,2.14,-0.3,2.116,0.1,2.164
05-01-2026-Fri 13-39-45-PM,-0.3,2.06,-0.6,2.14,0.0,2.108,-0.2,2.064,-0.3,2.092,0.1,2.112,-0.1,2.088,0.1,2.132
05-01-2026-Fri 13-39-47-PM,-0.1,2.028,-0.4,2.12,-0.3,2.088,-0.3,2.04,-0.3,2.072,-0.1,2.088,0.0,2.064,0.2,2.1
05-01-2026-Fri 13-39-48-PM,-0.4,2.004,-0.4,2.096,0.1,2.064,0.0,2.02,-0.3,2.048,0.1,2.068,-0.3,2.04,0.1,2.08
05-01-2026-Fri 13-39-50-PM,-0.2,1.984,-0.2,2.08,-0.3,2.052,-0.1,2.0,-0.1,2.032,-0.1,2.048,-0.1,2.02,-0.2,2.056
05-01-2026-Fri 13-39-51-PM,-0.1,1.964,-0.3,2.068,-0.1,2.032,0.0,1.98,-0.2,2.016,-0.1,2.032,-0.3,2.0,-0.1,2.036
05-01-2026-Fri 13-39-52-PM,-0.2,1.944,-0.3,2.056,-0.3,2.02,-0.3,1.972,-0.1,2.0,0.1,2.012,-0.2,1.984,-0.2,2.02
05-01-2026-Fri 13-39-54-PM,-0.2,1.932,-0.3,2.04,-0.1,2.008,-0.1,1.956,-0.3,1.988,-0.2,2.0,-0.1,1.968,0.1,2.004
05-01-2026-Fri 13-39-55-PM,-0.2,1.92,-0.2,2.032,-0.2,1.996,0.1,1.944,-0.3,1.976,-0.1,1.988,0.0,1.952,-0.2,1.992
05-01-2026-Fri 13-39-57-PM,0.1,1.904,-0.2,2.02,0.0,1.984,0.0,1.928,-0.3,1.96,0.0,1.976,-0.1,1.94,-0.1,1.98
05-01-2026-Fri 13-39-58-PM,-0.3,1.892,-0.2,2.012,-0.3,1.976,-0.4,1.92,-0.1,1.952,-0.2,1.968,-0.2,1.924,0.2,1.968
05-01-2026-Fri 13-39-59-PM,-0.2,1.884,-0.4,2.0,-0.3,1.968,-0.1,1.912,-0.2,1.94,0.3,1.956,-0.1,1.912,-0.2,1.956
05-01-2026-Fri 13-40-01-PM,-0.4,1.868,-0.1,1.996,-0.3,1.956,0.1,1.9,-0.3,1.932,0.1,1.948,-0.3,1.9,-0.2,1.944
05-01-2026-Fri 13-40-02-PM,-0.3,1.86,-0.1,1.984,-0.3,1.948,-0.1,1.888,0.0,1.924,0.1,1.936,0.0,1.892,-0.2,1.932
05-01-2026-Fri 13-40-04-PM,-0.2,1.852,-0.5,1.98,0.1,1.94,-0.2,1.884,-0.3,1.912,0.3,1.932,-0.2,1.88,-0.1,1.928
05-01-2026-Fri 13-40-05-PM,-0.1,1.844,-0.4,1.968,0.0,1.932,0.0,1.876,-0.2,1.904,0.2,1.92,-0.1,1.868,-0.1,1.92
05-01-2026-Fri 13-40-06-PM,-0.3,1.836,-0.5,1.96,-0.1,1.924,-0.2,1.868,-0.6,1.896,0.0,1.912,0.0,1.856,-0.1,1.912
05-01-2026-Fri 13-40-08-PM,-0.1,1.828,-0.3,1.956,0.2,1.916,-0.2,1.86,-0.3,1.892,0.0,1.908,-0.4,1.852,-0.2,1.904
05-01-2026-Fri 13-40-09-PM,-0.3,1.82,-0.2,1.952,-0.1,1.908,0.1,1.848,-0.3,1.88,-0.1,1.9,-0.4,1.84,0.0,1.892
05-01-2026-Fri 13-40-10-PM,0.1,1.808,-0.3,1.944,-0.1,1.904,-0.3,1.844,-0.2,1.876,-0.2,1.892,-0.2,1.836,-0.2,1.888
05-01-2026-Fri 13-40-12-PM,0.0,1.808,-0.2,1.936,0.0,1.896,0.0,1.836,-0.3,1.864,0.0,1.888,-0.1,1.824,-0.2,1.876
05-01-2026-Fri 13-40-13-PM,0.1,1.8,-0.1,1.932,0.0,1.888,-0.2,1.832,-0.4,1.86,0.1,1.88,0.0,1.82,-0.1,1.876
05-01-2026-Fri 13-40-15-PM,-0.3,1.796,-0.2,1.924,-0.3,1.884,0.0,1.828,0.0,1.852,0.0,1.872,-0.2,1.808,0.0,1.868
05-01-2026-Fri 13-40-16-PM,-0.3,1.788,-0.1,1.916,0.0,1.876,0.0,1.82,-0.2,1.848,0.1,1.868,-0.3,1.804,-0.1,1.86
05-01-2026-Fri 13-40-18-PM,-0.3,1.78,-0.2,1.916,-0.1,1.872,0.0,1.812,0.0,1.84,-0.1,1.86,0.0,1.796,-0.2,1.852
05-01-2026-Fri 13-40-19-PM,-0.3,1.776,0.0,1.908,-0.1,1.864,0.1,1.808,-0.2,1.836,-0.2,1.856,0.1,1.792,0.2,1.848
05-01-2026-Fri 13-40-21-PM,-0.1,1.772,-0.3,1.904,-0.4,1.86,-0.3,1.804,-0.1,1.832,-0.1,1.852,-0.5,1.784,0.2,1.84
05-01-2026-Fri 13-40-22-PM,-0.3,1.764,-0.1,1.896,0.0,1.852,0.1,1.796,-0.3,1.82,0.0,1.844,0.1,1.772,-0.2,1.836
05-01-2026-Fri 13-40-23-PM,-0.3,1.76,-0.4,1.892,0.3,1.848,-0.2,1.792,-0.3,1.816,0.3,1.836,-0.1,1.772,-0.2,1.828
05-01-2026-Fri 13-40-25-PM,-0.2,1.752,-0.3,1.884,-0.1,1.84,-0.1,1.784,-0.2,1.812,0.0,1.832,0.2,1.764,-0.1,1.824
05-01-2026-Fri 13-40-26-PM,-0.1,1.752,-0.2,1.884,0.0,1.832,-0.1,1.78,-0.5,1.808,0.2,1.828,-0.1,1.76,0.1,1.82
05-01-2026-Fri 13-40-27-PM,-0.3,1.744,-0.4,1.876,0.1,1.828,-0.2,1.776,-0.1,1.8,0.0,1.824,-0.2,1.748,0.1,1.816
05-01-2026-Fri 13-40-29-PM,-0.1,1.74,-0.1,1.872,0.1,1.824,-0.2,1.772,-0.3,1.792,0.2,1.816,-0.3,1.744,-0.1,1.808
05-01-2026-Fri 13-40-30-PM,-0.2,1.736,-0.3,1.864,0.1,1.82,-0.2,1.764,-0.3,1.788,0.1,1.812,-0.1,1.74,0.0,1.804
05-01-2026-Fri 13-40-32-PM,-0.3,1.732,0.0,1.864,0.0,1.816,-0.1,1.76,-0.3,1.784,-0.2,1.812,0.0,1.736,-0.1,1.8
05-01-2026-Fri 13-40-33-PM,-0.4,1.728,-0.1,1.86,-0.4,1.808,-0.4,1.756,-0.1,1.78,-0.3,1.804,0.0,1.728,0.0,1.792
05-01-2026-Fri 13-40-35-PM,-0.1,1.72,-0.3,1.852,0.0,1.804,-0.1,1.756,-0.4,1.772,0.2,1.8,-0.2,1.72,-0.1,1.792
05-01-2026-Fri 13-40-36-PM,-0.3,1.72,-0.3,1.848,0.0,1.8,-0.3,1.752,-0.1,1.772,-0.5,1.796,0.0,1.72,-0.2,1.784
05-01-2026-Fri 13-40-37-PM,-0.2,1.712,-0.1,1.844,-0.1,1.796,-0.1,1.744,-0.3,1.764,-0.1,1.796,-0.2,1.716,-0.2,1.784
05-01-2026-Fri 13-40-39-PM,-0.3,1.708,-0.4,1.84,-0.3,1.788,-0.1,1.74,-0.1,1.764,-0.1,1.788,-0.1,1.712,-0.1,1.776
05-01-2026-Fri 13-40-40-PM,-0.2,1.704,-0.2,1.836,-0.1,1.788,-0.4,1.74,0.0,1.76,0.2,1.784,-0.1,1.708,-0.2,1.772
05-01-2026-Fri 13-40-42-PM,-0.3,1.704,0.0,1.832,0.1,1.78,-0.1,1.728,-0.1,1.756,-0.1,1.78,-0.2,1.704,0.0,1.768
05-01-2026-Fri 13-40-43-PM,-0.2,1.7,-0.1,1.824,-0.1,1.78,-0.2,1.728,-0.5,1.748,0.1,1.776,-0.1,1.7,-0.1,1.764
05-01-2026-Fri 13-40-44-PM,-0.1,1.696,-0.4,1.82,0.1,1.776,0.0,1.724,-0.3,1.744,0.0,1.776,-0.2,1.696,0.0,1.764
05-01-2026-Fri 13-40-46-PM,0.0,1.692,-0.1,1.82,0.3,1.768,0.1,1.72,-0.2,1.744,-0.1,1.768,-0.2,1.692,0.1,1.756
05-01-2026-Fri 13-40-47-PM,-0.2,1.688,-0.1,1.816,-0.2,1.764,0.1,1.712,-0.2,1.74,0.0,1.764,-0.1,1.688,-0.1,1.756
05-01-2026-Fri 13-40-48-PM,-0.3,1.688,-0.1,1.812,0.0,1.76,0.0,1.712,-0.3,1.732,-0.1,1.76,-0.1,1.684,-0.2,1.752
05-01-2026-Fri 13-40-50-PM,-0.3,1.68,-0.2,1.808,0.0,1.756,-0.1,1.708,-0.2,1.736,0.0,1.76,-0.1,1.684,-0.2,1.748
05-01-2026-Fri 13-40-51-PM,-0.1,1.676,-0.3,1.804,-0.2,1.748,0.0,1.704,-0.4,1.728,0.1,1.756,-0.2,1.676,0.0,1.74
05-01-2026-Fri 13-40-53-PM,0.1,1.672,-0.4,1.796,-0.1,1.748,-0.1,1.704,-0.3,1.724,0.0,1.752,-0.4,1.672,0.1,1.74
05-01-2026-Fri 13-40-54-PM,-0.2,1.668,-0.3,1.796,0.0,1.744,0.1,1.696,-0.2,1.72,0.1,1.752,-0.1,1.668,0.1,1.736
05-01-2026-Fri 13-40-55-PM,0.2,1.668,-0.1,1.792,0.1,1.74,-0.3,1.696,-0.5,1.716,0.0,1.748,-0.1,1.668,-0.3,1.732
05-01-2026-Fri 13-40-57-PM,-0.1,1.664,-0.2,1.788,0.3,1.736,0.2,1.692,-0.2,1.716,0.1,1.744,-0.1,1.664,-0.2,1.728
05-01-2026-Fri 13-41-00-PM,-0.1,1.66,-0.4,1.788,0.1,1.732,-0.1,1.692,-0.4,1.712,-0.2,1.736,-0.1,1.66,-0.1,1.724
05-01-2026-Fri 13-41-02-PM,-0.2,1.656,-0.3,1.78,-0.2,1.72,-0.2,1.68,-0.1,1.704,-0.2,1.732,-0.1,1.652,0.0,1.72
05-01-2026-Fri 13-41-05-PM,-0.1,1.648,0.0,1.768,-0.1,1.716,-0.1,1.676,-0.1,1.7,0.1,1.724,-0.4,1.648,-0.1,1.712
05-01-2026-Fri 13-41-06-PM,-0.5,1.644,-0.2,1.768,0.0,1.712,-0.3,1.676,-0.1,1.696,0.0,1.72,-0.1,1.644,0.3,1.712
05-01-2026-Fri 13-41-08-PM,0.2,1.64,-0.3,1.76,-0.3,1.708,-0.2,1.672,-0.1,1.692,0.0,1.72,-0.2,1.64,-0.3,1.704
05-01-2026-Fri 13-41-09-PM,-0.2,1.636,-0.4,1.76,0.0,1.708,-0.1,1.668,-0.5,1.688,-0.1,1.716,0.0,1.64,0.0,1.704
05-01-2026-Fri 13-41-11-PM,-0.2,1.636,-0.3,1.756,-0.4,1.704,-0.1,1.664,-0.3,1.684,-0.1,1.712,-0.4,1.636,0.0,1.704
05-01-2026-Fri 13-41-12-PM,-0.3,1.632,-0.2,1.752,0.0,1.696,-0.1,1.66,-0.2,1.68,-0.3,1.712,0.0,1.632,-0.4,1.7
05-01-2026-Fri 13-41-13-PM,-0.1,1.632,-0.1,1.752,0.1,1.696,0.2,1.656,-0.4,1.68,-0.3,1.704,-0.1,1.628,-0.3,1.696
05-01-2026-Fri 13-41-15-PM,-0.2,1.628,-0.1,1.748,-0.1,1.692,0.2,1.652,0.0,1.676,-0.2,1.708,0.0,1.624,-0.2,1.692
05-01-2026-Fri 13-41-16-PM,-0.2,1.624,-0.3,1.744,0.1,1.688,0.0,1.652,-0.2,1.672,-0.1,1.7,-0.1,1.624,0.2,1.692
05-01-2026-Fri 13-41-18-PM,-0.2,1.624,-0.3,1.74,0.0,1.688,-0.2,1.648,-0.4,1.668,0.1,1.7,0.1,1.624,0.1,1.688
05-01-2026-Fri 13-41-19-PM,-0.4,1.62,-0.3,1.736,0.0,1.684,-0.2,1.648,-0.2,1.668,0.2,1.7,-0.2,1.62,-0.1,1.688
05-01-2026-Fri 13-41-20-PM,-0.1,1.62,-0.1,1.736,-0.2,1.68,0.0,1.644,-0.4,1.668,-0.1,1.696,-0.2,1.616,0.2,1.684
05-01-2026-Fri 13-41-22-PM,
05-01-2026-Fri 13-41-23-PM,0.0,1.612,-0.1,1.728,0.0,1.672,-0.2,1.644,0.1,1.66,0.0,1.692,-0.3,1.612,-0.2,1.68
05-01-2026-Fri 13-41-25-PM,
05-01-2026-Fri 13-41-26-PM,0.1,1.608,-0.2,1.724,-0.1,1.668,-0.2,1.632,-0.2,1.656,0.1,1.684,0.1,1.608,0.1,1.672
05-01-2026-Fri 13-41-27-PM,-0.3,1.608,-0.5,1.716,-0.3,1.664,-0.1,1.632,-0.3,1.656,-0.3,1.684,-0.3,1.604,-0.1,1.672
05-01-2026-Fri 13-41-29-PM,-0.2,1.604,-0.3,1.716,0.1,1.664,0.1,1.628,-0.3,1.656,-0.1,1.68,-0.1,1.604,-0.1,1.668
05-01-2026-Fri 13-41-30-PM,-0.2,1.6,-0.3,1.712,-0.3,1.66,-0.3,1.624,-0.3,1.648,-0.1,1.676,0.0,1.6,-0.3,1.664
05-01-2026-Fri 13-41-32-PM,-0.2,1.6,-0.3,1.712,-0.1,1.656,0.1,1.624,-0.2,1.648,0.0,1.68,-0.1,1.6,0.0,1.664
05-01-2026-Fri 13-41-33-PM,-0.2,1.596,-0.1,1.708,0.1,1.652,-0.4,1.62,-0.4,1.644,-0.2,1.676,-0.1,1.596,0.0,1.664
05-01-2026-Fri 13-41-34-PM,0.1,1.596,-0.3,1.704,0.0,1.652,-0.2,1.62,-0.3,1.644,0.1,1.672,0.0,1.592,0.0,1.66
05-01-2026-Fri 13-41-36-PM,-0.1,1.596,-0.1,1.704,0.1,1.648,-0.1,1.616,-0.1,1.64,0.0,1.668,-0.1,1.592,0.2,1.66
05-01-2026-Fri 13-41-37-PM,-0.4,1.592,-0.4,1.7,-0.1,1.648,-0.3,1.616,-0.5,1.636,-0.2,1.668,-0.1,1.588,0.0,1.652
05-01-2026-Fri 13-41-38-PM,-0.4,1.588,-0.3,1.696,0.0,1.64,-0.2,1.612,-0.2,1.636,0.1,1.668,-0.1,1.584,0.3,1.652
05-01-2026-Fri 13-41-40-PM,-0.1,1.584,-0.3,1.696,0.0,1.64,-0.2,1.608,-0.4,1.632,-0.1,1.66,-0.3,1.588,-0.3,1.656
05-01-2026-Fri 13-41-41-PM,-0.2,1.584,-0.2,1.688,-0.2,1.636,-0.4,1.612,-0.1,1.632,0.0,1.66,0.0,1.58,-0.3,1.648
05-01-2026-Fri 13-41-43-PM,-0.2,1.58,-0.4,1.692,0.0,1.636,-0.1,1.608,-0.3,1.628,-0.1,1.66,-0.1,1.58,0.1,1.648
05-01-2026-Fri 13-41-44-PM,0.1,1.576,-0.3,1.684,-0.2,1.636,0.1,1.604,-0.2,1.628,0.0,1.656,-0.2,1.576,0.1,1.644
05-01-2026-Fri 13-41-45-PM,0.0,1.576,-0.3,1.684,-0.2,1.632,-0.1,1.6,-0.5,1.624,0.1,1.656,-0.1,1.576,-0.1,1.64
05-01-2026-Fri 13-41-47-PM,-0.1,1.576,-0.3,1.68,-0.2,1.628,0.0,1.6,-0.3,1.624,0.2,1.656,-0.1,1.572,-0.2,1.64
05-01-2026-Fri 13-41-50-PM,0.1,1.572,-0.3,1.676,-0.1,1.624,-0.1,1.592,-0.2,1.62,-0.1,1.648,-0.3,1.572,-0.3,1.64
05-01-2026-Fri 13-41-52-PM,0.1,1.564,-0.4,1.672,0.0,1.62,-0.4,1.592,-0.2,1.616,0.0,1.648,-0.2,1.568,-0.3,1.632
05-01-2026-Fri 13-41-54-PM,-0.3,1.564,-0.1,1.668,-0.3,1.612,0.0,1.588,-0.4,1.616,0.0,1.644,-0.2,1.564,-0.1,1.632
05-01-2026-Fri 13-41-55-PM,-0.2,1.56,-0.3,1.672,0.1,1.612,-0.3,1.584,-0.3,1.612,0.0,1.64,0.0,1.564,-0.2,1.628
05-01-2026-Fri 13-41-56-PM,-0.2,1.564,-0.1,1.664,-0.1,1.612,-0.1,1.584,-0.3,1.608,-0.1,1.636,-0.2,1.564,0.1,1.628
05-01-2026-Fri 13-41-58-PM,-0.2,1.56,-0.3,1.664,0.0,1.608,0.0,1.58,-0.3,1.608,-0.1,1.636,-0.1,1.556,0.2,1.624
05-01-2026-Fri 13-41-59-PM,0.0,1.556,-0.4,1.66,0.0,1.604,-0.1,1.58,-0.3,1.604,-0.1,1.632,-0.2,1.56,0.1,1.628
05-01-2026-Fri 13-42-01-PM,-0.2,1.556,-0.2,1.66,-0.2,1.604,0.0,1.58,-0.2,1.604,0.1,1.632,-0.4,1.556,0.1,1.628
05-01-2026-Fri 13-42-02-PM,-0.1,1.552,-0.1,1.656,-0.3,1.604,-0.1,1.576,-0.1,1.604,0.2,1.628,-0.6,1.552,-0.1,1.624
05-01-2026-Fri 13-42-03-PM,0.1,1.552,-0.3,1.652,-0.1,1.6,-0.1,1.572,-0.2,1.6,0.1,1.628,-0.4,1.556,-0.1,1.62
05-01-2026-Fri 13-42-05-PM,-0.3,1.552,-0.2,1.652,0.0,1.596,0.0,1.572,-0.2,1.6,-0.1,1.628,-0.2,1.548,0.0,1.616
05-01-2026-Fri 13-42-06-PM,0.0,1.548,-0.3,1.648,-0.2,1.596,-0.1,1.564,-0.3,1.596,0.1,1.624,0.0,1.552,0.0,1.612
05-01-2026-Fri 13-42-07-PM,-0.1,1.548,-0.4,1.648,0.0,1.588,0.0,1.568,-0.5,1.596,-0.1,1.62,-0.3,1.548,0.1,1.616
05-01-2026-Fri 13-42-09-PM,-0.1,1.544,-0.5,1.644,-0.1,1.592,0.0,1.568,-0.3,1.596,0.0,1.624,-0.3,1.544,-0.2,1.612
05-01-2026-Fri 13-42-10-PM,-0.2,1.544,-0.3,1.644,0.1,1.588,-0.2,1.56,-0.2,1.592,-0.1,1.624,0.0,1.54,-0.1,1.612
05-01-2026-Fri 13-42-12-PM,0.2,1.544,-0.4,1.64,-0.1,1.588,0.2,1.564,-0.4,1.588,-0.1,1.62,-0.2,1.54,0.0,1.612
05-01-2026-Fri 13-42-13-PM,0.1,1.54,-0.2,1.636,-0.3,1.58,-0.1,1.556,-0.1,1.588,0.1,1.62,-0.2,1.54,0.1,1.608
05-01-2026-Fri 13-42-14-PM,-0.5,1.54,-0.2,1.636,-0.1,1.58,-0.1,1.556,-0.4,1.588,0.0,1.616,-0.3,1.536,0.2,1.604
05-01-2026-Fri 13-42-16-PM,-0.3,1.536,-0.1,1.636,0.2,1.576,-0.1,1.556,-0.1,1.584,0.0,1.612,0.0,1.536,0.1,1.604
05-01-2026-Fri 13-42-17-PM,0.2,1.536,-0.2,1.632,0.0,1.576,-0.1,1.556,-0.3,1.584,0.0,1.612,-0.2,1.54,0.0,1.604
05-01-2026-Fri 13-42-19-PM,-0.3,1.532,-0.4,1.632,-0.2,1.576,-0.1,1.552,-0.1,1.58,-0.1,1.608,-0.1,1.536,0.1,1.604
05-01-2026-Fri 13-42-20-PM,-0.3,1.532,-0.1,1.632,0.4,1.572,-0.1,1.548,-0.2,1.58,-0.1,1.608,-0.3,1.536,-0.1,1.6
05-01-2026-Fri 13-42-21-PM,-0.3,1.528,0.1,1.628,0.0,1.572,-0.3,1.552,-0.7,1.58,-0.1,1.604,-0.3,1.532,-0.2,1.6
05-01-2026-Fri 13-42-23-PM,-0.4,1.528,-0.4,1.628,0.0,1.572,0.0,1.548,-0.5,1.58,-0.2,1.604,-0.3,1.532,0.2,1.6
05-01-2026-Fri 13-42-24-PM,Power On
05-01-2026-Fri 13-42-25-PM,12.9,5.252,15.7,5.256,14.5,5.244,9.5,5.26,6.4,5.252,6.4,5.256,4.3,5.24,8.1,5.252
05-01-2026-Fri 13-42-27-PM,12.4,5.252,15.1,5.256,13.9,5.248,9.2,5.26,6.2,5.252,6.1,5.256,4.2,5.24,7.7,5.252
05-01-2026-Fri 13-42-28-PM,12.0,5.252,14.6,5.256,13.4,5.248,9.0,5.26,5.8,5.252,6.0,5.256,3.9,5.24,7.6,5.256
05-01-2026-Fri 13-42-29-PM,Power Off
05-01-2026-Fri 13-42-31-PM,-0.4,2.34,-0.4,2.36,0.0,2.352,-0.3,2.324,-0.2,2.308,0.0,2.336,-0.1,2.268,-0.2,2.412
05-01-2026-Fri 13-42-32-PM,-0.5,2.204,-0.6,2.264,-0.4,2.24,0.2,2.204,0.0,2.192,-0.1,2.216,-0.1,2.152,-0.1,2.272
05-01-2026-Fri 13-42-34-PM,-0.2,2.12,-0.3,2.208,0.0,2.18,-0.1,2.136,-0.1,2.128,-0.1,2.148,-0.1,2.088,-0.2,2.188
05-01-2026-Fri 13-42-35-PM,-0.6,2.06,-0.1,2.164,-0.1,2.132,-0.1,2.088,-0.2,2.08,0.0,2.1,0.0,2.04,-0.2,2.132
05-01-2026-Fri 13-42-37-PM,-0.3,2.016,-0.2,2.136,0.1,2.1,-0.3,2.048,-0.3,2.048,-0.2,2.064,-0.1,2.0,-0.3,2.092
05-01-2026-Fri 13-42-38-PM,-0.3,1.98,-0.1,2.108,0.1,2.068,0.0,2.02,-0.4,2.016,-0.2,2.036,-0.3,1.968,-0.1,2.056
05-01-2026-Fri 13-42-39-PM,-0.1,1.952,-0.1,2.084,-0.1,2.048,0.1,1.992,-0.1,1.992,-0.1,2.012,-0.2,1.944,0.1,2.028
05-01-2026-Fri 13-42-41-PM,0.1,1.928,-0.4,2.068,-0.2,2.024,0.0,1.972,-0.5,1.968,-0.1,1.988,-0.2,1.92,0.0,2.004
05-01-2026-Fri 13-42-42-PM,-0.1,1.908,-0.3,2.048,-0.3,2.004,-0.1,1.952,-0.3,1.956,-0.3,1.972,-0.2,1.896,0.1,1.98
05-01-2026-Fri 13-42-43-PM,-0.5,1.888,0.0,2.036,0.0,1.988,-0.1,1.936,-0.1,1.936,0.3,1.956,-0.1,1.88,0.0,1.964
05-01-2026-Fri 13-42-45-PM,-0.2,1.872,-0.3,2.02,-0.3,1.976,-0.1,1.916,-0.1,1.92,0.0,1.944,-0.3,1.864,0.1,1.952
05-01-2026-Fri 13-42-46-PM,-0.1,1.856,-0.3,2.008,-0.1,1.956,0.0,1.904,-0.3,1.908,-0.1,1.928,0.0,1.848,0.1,1.932
05-01-2026-Fri 13-42-48-PM,-0.3,1.84,-0.5,1.996,-0.1,1.948,0.0,1.888,-0.1,1.896,0.0,1.912,0.0,1.832,0.0,1.92
05-01-2026-Fri 13-42-49-PM,-0.3,1.832,-0.4,1.984,-0.3,1.936,-0.2,1.876,-0.2,1.884,0.2,1.904,0.0,1.82,0.1,1.908
05-01-2026-Fri 13-42-50-PM,-0.5,1.82,-0.3,1.976,0.0,1.924,-0.1,1.864,-0.1,1.868,0.0,1.892,-0.4,1.812,0.1,1.896
05-01-2026-Fri 13-42-52-PM,0.0,1.808,-0.1,1.964,0.0,1.912,-0.1,1.856,-0.2,1.86,0.0,1.88,-0.2,1.796,-0.3,1.884
05-01-2026-Fri 13-42-53-PM,-0.4,1.796,-0.4,1.956,-0.1,1.904,0.0,1.844,-0.2,1.852,0.0,1.872,-0.2,1.788,0.1,1.872
05-01-2026-Fri 13-42-55-PM,0.0,1.788,-0.1,1.948,0.1,1.892,-0.4,1.836,-0.4,1.844,-0.1,1.864,0.0,1.776,-0.1,1.864
05-01-2026-Fri 13-42-56-PM,-0.2,1.78,-0.3,1.94,-0.1,1.884,-0.3,1.824,-0.6,1.832,0.2,1.852,-0.3,1.768,0.1,1.856
05-01-2026-Fri 13-42-57-PM,-0.4,1.772,-0.1,1.932,0.0,1.876,-0.1,1.816,-0.3,1.828,0.2,1.848,-0.1,1.756,0.1,1.848
05-01-2026-Fri 13-42-59-PM,-0.1,1.764,-0.4,1.928,-0.1,1.868,-0.1,1.812,-0.2,1.82,0.0,1.84,-0.2,1.752,-0.1,1.84
05-01-2026-Fri 13-43-00-PM,-0.4,1.756,-0.2,1.92,0.1,1.86,-0.1,1.804,-0.3,1.812,0.1,1.832,-0.2,1.744,-0.1,1.832
05-01-2026-Fri 13-43-02-PM,-0.1,1.752,-0.2,1.912,-0.1,1.852,-0.1,1.796,-0.5,1.8,0.0,1.824,-0.4,1.736,0.0,1.828
05-01-2026-Fri 13-43-03-PM,-0.2,1.74,-0.4,1.904,-0.1,1.844,-0.4,1.788,-0.3,1.796,0.1,1.82,-0.4,1.728,0.2,1.82
05-01-2026-Fri 13-43-04-PM,-0.1,1.74,-0.2,1.9,0.1,1.836,-0.2,1.78,-0.4,1.788,0.0,1.812,-0.3,1.72,-0.2,1.808
05-01-2026-Fri 13-43-06-PM,-0.3,1.728,-0.1,1.896,-0.1,1.832,-0.1,1.776,-0.2,1.784,0.1,1.804,-0.3,1.716,-0.2,1.804
05-01-2026-Fri 13-43-07-PM,-0.1,1.724,-0.4,1.888,-0.4,1.82,-0.1,1.768,0.1,1.78,-0.2,1.804,-0.1,1.708,-0.2,1.8
05-01-2026-Fri 13-43-09-PM,0.1,1.716,-0.2,1.88,0.0,1.82,-0.2,1.76,-0.2,1.768,-0.2,1.796,0.1,1.704,-0.1,1.792
05-01-2026-Fri 13-43-10-PM,0.1,1.716,-0.2,1.876,0.2,1.808,-0.2,1.756,-0.3,1.764,-0.1,1.788,0.0,1.696,-0.1,1.788
05-01-2026-Fri 13-43-11-PM,-0.3,1.708,-0.2,1.868,-0.2,1.808,0.0,1.752,-0.2,1.76,-0.1,1.78,-0.1,1.692,-0.3,1.78
05-01-2026-Fri 13-43-13-PM,-0.3,1.7,-0.4,1.864,-0.1,1.8,-0.4,1.748,-0.1,1.752,-0.1,1.78,-0.3,1.684,0.1,1.776
05-01-2026-Fri 13-43-14-PM,-0.3,1.696,-0.4,1.86,0.0,1.792,-0.1,1.74,-0.2,1.748,-0.2,1.772,-0.2,1.68,0.0,1.768
05-01-2026-Fri 13-43-16-PM,-0.2,1.692,-0.2,1.856,0.1,1.788,0.0,1.736,-0.3,1.744,-0.1,1.768,-0.2,1.676,0.1,1.764
05-01-2026-Fri 13-43-17-PM,0.0,1.688,-0.2,1.848,0.0,1.78,0.1,1.728,-0.3,1.74,-0.2,1.764,-0.1,1.672,0.0,1.76
05-01-2026-Fri 13-43-18-PM,-0.3,1.684,-0.3,1.844,-0.2,1.776,0.1,1.728,-0.3,1.732,0.0,1.752,-0.3,1.664,-0.2,1.756
05-01-2026-Fri 13-43-20-PM,0.0,1.676,-0.4,1.84,-0.1,1.772,-0.2,1.72,-0.8,1.728,0.0,1.756,-0.2,1.664,-0.1,1.748
05-01-2026-Fri 13-43-21-PM,-0.2,1.672,-0.1,1.836,0.0,1.764,-0.3,1.712,-0.1,1.72,0.3,1.748,-0.2,1.66,0.0,1.744
05-01-2026-Fri 13-43-23-PM,-0.5,1.672,-0.3,1.828,-0.1,1.76,0.1,1.708,-0.3,1.72,0.2,1.744,-0.4,1.656,0.0,1.744
05-01-2026-Fri 13-43-24-PM,0.0,1.664,-0.1,1.824,0.1,1.752,0.0,1.708,-0.3,1.716,0.1,1.74,-0.3,1.652,0.0,1.736
05-01-2026-Fri 13-43-25-PM,-0.3,1.66,-0.3,1.82,-0.3,1.752,-0.1,1.704,0.2,1.712,-0.1,1.736,-0.2,1.648,-0.1,1.732
05-01-2026-Fri 13-43-27-PM,-0.2,1.656,-0.5,1.816,-0.2,1.748,0.0,1.7,-0.2,1.704,-0.1,1.732,-0.3,1.64,0.0,1.728
05-01-2026-Fri 13-43-28-PM,-0.3,1.652,-0.1,1.812,0.1,1.74,-0.2,1.688,-0.2,1.7,0.0,1.728,-0.3,1.636,0.1,1.724
05-01-2026-Fri 13-43-30-PM,0.2,1.648,0.0,1.808,-0.1,1.736,-0.1,1.692,-0.4,1.696,-0.1,1.724,0.1,1.632,-0.2,1.72
05-01-2026-Fri 13-43-31-PM,-0.1,1.644,-0.3,1.8,0.2,1.732,-0.1,1.684,0.0,1.696,-0.2,1.72,-0.2,1.632,-0.1,1.716
05-01-2026-Fri 13-43-32-PM,-0.4,1.64,-0.1,1.796,-0.1,1.728,0.1,1.68,-0.2,1.688,0.1,1.716,-0.2,1.628,-0.2,1.712
05-01-2026-Fri 13-43-34-PM,-0.4,1.636,-0.1,1.792,0.2,1.724,0.1,1.676,-0.1,1.688,0.0,1.712,-0.3,1.62,-0.1,1.708
05-01-2026-Fri 13-43-35-PM,Power On
05-01-2026-Fri 13-43-37-PM,11.7,5.252,14.1,5.256,13.4,5.248,8.4,5.26,5.8,5.256,6.0,5.26,4.1,5.244,7.5,5.256
05-01-2026-Fri 13-43-38-PM,11.3,5.252,13.4,5.256,12.8,5.248,8.3,5.264,5.7,5.256,5.6,5.256,3.8,5.244,6.9,5.252
05-01-2026-Fri 13-43-41-PM,10.8,5.256,13.5,5.256,12.5,5.248,8.2,5.264,5.1,5.256,5.1,5.26,3.7,5.244,7.0,5.256
05-01-2026-Fri 13-43-43-PM,10.6,5.256,13.4,5.256,12.1,5.252,8.0,5.26,5.2,5.256,5.3,5.26,3.4,5.244,6.8,5.256
05-01-2026-Fri 13-43-45-PM,Power Off
05-01-2026-Fri 13-43-48-PM,-0.3,2.424,-0.5,2.396,-0.1,2.4,-0.1,2.364,0.0,2.36,-0.1,2.404,-0.2,2.372,-0.1,2.492
05-01-2026-Fri 13-43-50-PM,-0.1,2.224,-0.1,2.26,-0.1,2.24,-0.1,2.196,-0.3,2.208,-0.1,2.236,-0.1,2.204,-0.3,2.284
05-01-2026-Fri 13-43-52-PM,-0.4,2.124,-0.4,2.192,-0.1,2.16,-0.1,2.112,-0.1,2.128,0.1,2.152,-0.3,2.12,0.1,2.188
05-01-2026-Fri 13-43-54-PM,-0.4,2.088,-0.2,2.164,-0.4,2.128,-0.1,2.08,-0.4,2.1,0.0,2.12,-0.3,2.088,0.0,2.152
05-01-2026-Fri 13-43-55-PM,0.0,2.056,-0.3,2.14,0.1,2.108,-0.3,2.056,-0.3,2.072,0.0,2.096,-0.2,2.06,0.0,2.12
05-01-2026-Fri 13-43-57-PM,-0.3,2.028,-0.4,2.12,0.0,2.092,-0.2,2.032,-0.1,2.052,-0.3,2.072,0.2,2.036,0.1,2.096
05-01-2026-Fri 13-43-58-PM,-0.4,2.004,-0.2,2.1,0.1,2.068,-0.6,2.012,-0.3,2.036,0.0,2.056,-0.1,2.016,-0.1,2.072
05-01-2026-Fri 13-43-59-PM,-0.4,1.98,-0.2,2.084,0.0,2.052,-0.1,1.996,-0.2,2.02,0.2,2.04,-0.2,2.0,-0.2,2.052
05-01-2026-Fri 13-44-01-PM,0.1,1.964,-0.2,2.072,0.0,2.04,0.2,1.98,-0.2,2.004,-0.1,2.024,-0.3,1.98,0.2,2.036
05-01-2026-Fri 13-44-02-PM,-0.3,1.944,-0.4,2.06,-0.2,2.024,0.0,1.964,-0.4,1.984,0.1,2.008,-0.2,1.964,-0.1,2.02
05-01-2026-Fri 13-44-04-PM,-0.2,1.928,-0.3,2.048,0.2,2.008,-0.3,1.952,-0.3,1.976,-0.1,1.992,-0.1,1.948,-0.1,2.004
05-01-2026-Fri 13-44-05-PM,-0.2,1.916,-0.5,2.036,0.0,1.992,-0.2,1.94,-0.3,1.964,-0.2,1.98,0.0,1.932,0.3,1.988
05-01-2026-Fri 13-44-06-PM,-0.2,1.9,-0.2,2.024,-0.1,1.984,0.1,1.928,0.0,1.952,-0.1,1.968,-0.2,1.92,-0.3,1.976
05-01-2026-Fri 13-44-08-PM,-0.2,1.884,-0.4,2.012,-0.2,1.972,0.0,1.916,-0.1,1.94,-0.2,1.956,-0.2,1.908,-0.2,1.96
05-01-2026-Fri 13-44-09-PM,-0.1,1.876,-0.4,2.004,0.0,1.964,0.0,1.904,-0.3,1.932,-0.2,1.944,-0.2,1.896,-0.1,1.948
05-01-2026-Fri 13-44-11-PM,0.1,1.864,-0.4,1.996,-0.1,1.952,0.0,1.896,-0.2,1.92,-0.4,1.936,-0.1,1.88,-0.2,1.94
05-01-2026-Fri 13-44-12-PM,-0.4,1.86,-0.4,1.984,-0.1,1.94,-0.2,1.888,0.0,1.912,0.2,1.928,-0.4,1.872,-0.1,1.928
05-01-2026-Fri 13-44-13-PM,-0.2,1.844,-0.1,1.98,-0.2,1.932,-0.3,1.876,-0.3,1.9,0.1,1.916,-0.4,1.86,-0.2,1.92
05-01-2026-Fri 13-44-15-PM,-0.3,1.836,-0.3,1.968,-0.2,1.924,-0.3,1.868,-0.4,1.892,0.0,1.908,-0.4,1.848,-0.2,1.912
05-01-2026-Fri 13-44-16-PM,0.1,1.832,-0.3,1.96,-0.1,1.912,-0.2,1.86,-0.1,1.884,-0.3,1.9,-0.2,1.84,-0.1,1.904
05-01-2026-Fri 13-44-18-PM,Power On
05-01-2026-Fri 13-44-19-PM,10.7,5.26,13.4,5.26,12.2,5.256,8.0,5.264,5.3,5.26,5.2,5.26,3.4,5.248,6.9,5.26
05-01-2026-Fri 13-44-20-PM,10.4,5.256,12.9,5.264,11.6,5.252,7.6,5.268,4.9,5.26,5.1,5.264,3.3,5.248,6.7,5.26
05-01-2026-Fri 13-44-22-PM,10.2,5.26,13.0,5.264,11.7,5.256,7.8,5.268,5.2,5.26,5.3,5.264,3.3,5.252,6.7,5.26
05-01-2026-Fri 13-44-23-PM,10.4,5.26,13.0,5.26,11.8,5.256,7.8,5.264,5.0,5.26,5.0,5.264,3.5,5.248,6.6,5.26
05-01-2026-Fri 13-44-24-PM,Power Off
05-01-2026-Fri 13-44-26-PM,-0.1,2.456,-0.5,2.412,-0.3,2.42,-0.3,2.38,-0.3,2.38,-0.2,2.424,-0.3,2.392,-0.1,2.508
05-01-2026-Fri 13-44-27-PM,-0.4,2.328,-0.3,2.324,-0.1,2.316,-0.5,2.272,-0.3,2.284,0.0,2.312,-0.1,2.288,-0.1,2.384
05-01-2026-Fri 13-44-29-PM,-0.3,2.244,-0.5,2.268,-0.2,2.248,-0.1,2.204,-0.3,2.22,-0.1,2.248,0.1,2.224,-0.2,2.304
05-01-2026-Fri 13-44-30-PM,-0.2,2.192,-0.3,2.224,-0.1,2.2,-0.1,2.156,0.0,2.176,0.1,2.2,-0.2,2.176,0.1,2.248
05-01-2026-Fri 13-44-31-PM,0.1,2.144,-0.1,2.192,-0.1,2.168,-0.1,2.116,-0.1,2.14,-0.1,2.164,-0.1,2.136,-0.1,2.204
05-01-2026-Fri 13-44-33-PM,-0.3,2.104,-0.4,2.168,-0.2,2.132,0.1,2.088,-0.1,2.112,0.0,2.136,-0.2,2.108,0.0,2.168
05-01-2026-Fri 13-44-34-PM,-0.3,2.072,-0.3,2.144,-0.3,2.112,-0.2,2.06,-0.3,2.088,-0.1,2.108,0.2,2.08,-0.1,2.136
05-01-2026-Fri 13-44-36-PM,-0.2,2.04,-0.4,2.12,0.1,2.088,-0.3,2.036,-0.5,2.068,-0.3,2.084,-0.3,2.056,-0.4,2.112
05-01-2026-Fri 13-44-37-PM,-0.2,2.016,-0.2,2.104,-0.2,2.064,-0.2,2.02,-0.6,2.048,-0.1,2.064,-0.2,2.036,-0.1,2.088
05-01-2026-Fri 13-44-39-PM,-0.2,1.996,0.0,2.088,-0.2,2.052,-0.2,2.004,-0.5,2.032,0.0,2.048,-0.1,2.016,0.0,2.068
05-01-2026-Fri 13-44-40-PM,-0.3,1.976,-0.2,2.076,-0.3,2.036,0.1,1.98,-0.2,2.02,-0.1,2.028,0.0,2.0,-0.1,2.048
05-01-2026-Fri 13-44-41-PM,-0.3,1.96,-0.4,2.06,0.0,2.024,-0.2,1.972,-0.2,2.004,0.1,2.016,0.0,1.984,0.0,2.032
05-01-2026-Fri 13-44-43-PM,-0.1,1.94,-0.1,2.048,0.1,2.008,0.0,1.956,0.0,1.992,0.2,2.004,-0.4,1.968,0.2,2.012
05-01-2026-Fri 13-44-44-PM,0.0,1.928,-0.5,2.036,-0.2,2.0,-0.2,1.948,-0.4,1.98,0.1,1.988,-0.3,1.952,-0.2,2.004
05-01-2026-Fri 13-44-46-PM,-0.2,1.916,-0.2,2.028,-0.1,1.988,0.0,1.936,-0.1,1.968,-0.1,1.976,-0.1,1.94,-0.3,1.988
05-01-2026-Fri 13-44-47-PM,-0.3,1.904,-0.2,2.016,-0.1,1.972,-0.3,1.92,-0.1,1.96,-0.2,1.968,-0.2,1.928,0.1,1.976
05-01-2026-Fri 13-44-49-PM,-0.1,1.896,-0.2,2.004,0.1,1.968,0.1,1.912,-0.3,1.948,0.1,1.956,0.1,1.916,-0.2,1.964
05-01-2026-Fri 13-44-50-PM,-0.3,1.884,-0.2,1.996,0.0,1.956,-0.1,1.904,-0.2,1.936,-0.2,1.948,-0.3,1.904,0.0,1.952
05-01-2026-Fri 13-44-51-PM,-0.2,1.872,-0.2,1.988,-0.1,1.948,-0.1,1.896,-0.2,1.928,0.0,1.936,-0.2,1.892,-0.1,1.948
05-01-2026-Fri 13-44-53-PM,-0.2,1.86,-0.2,1.984,-0.1,1.936,-0.1,1.888,-0.3,1.92,-0.3,1.928,-0.1,1.88,0.0,1.936
05-01-2026-Fri 13-44-54-PM,-0.5,1.852,-0.4,1.972,0.0,1.928,0.0,1.876,-0.3,1.912,0.1,1.924,-0.3,1.872,0.0,1.924
05-01-2026-Fri 13-44-55-PM,-0.2,1.844,-0.4,1.964,-0.1,1.92,0.0,1.868,-0.3,1.904,-0.1,1.912,-0.2,1.86,-0.2,1.92
05-01-2026-Fri 13-44-57-PM,-0.3,1.84,-0.2,1.96,0.0,1.916,-0.2,1.86,-0.3,1.896,0.0,1.908,-0.1,1.852,-0.3,1.908
05-01-2026-Fri 13-44-58-PM,-0.3,1.832,-0.2,1.956,0.0,1.912,0.0,1.856,-0.3,1.884,-0.2,1.904,-0.1,1.848,-0.1,1.9
05-01-2026-Fri 13-45-00-PM,-0.4,1.824,-0.4,1.948,0.0,1.904,0.0,1.852,-0.1,1.884,0.0,1.896,-0.2,1.836,-0.2,1.896
05-01-2026-Fri 13-45-01-PM,-0.4,1.816,-0.4,1.944,0.0,1.896,-0.1,1.84,-0.3,1.876,-0.2,1.884,-0.4,1.832,0.0,1.888
05-01-2026-Fri 13-45-02-PM,-0.3,1.812,-0.3,1.936,0.0,1.892,-0.3,1.836,-0.4,1.868,-0.2,1.88,-0.1,1.82,-0.3,1.88
05-01-2026-Fri 13-45-04-PM,-0.2,1.808,-0.5,1.928,-0.1,1.884,-0.3,1.832,-0.2,1.86,-0.1,1.876,-0.2,1.816,-0.2,1.876
05-01-2026-Fri 13-45-05-PM,0.0,1.8,-0.3,1.924,0.0,1.876,0.3,1.824,-0.3,1.856,-0.1,1.872,-0.2,1.808,-0.1,1.872
05-01-2026-Fri 13-45-07-PM,0.2,1.796,0.0,1.92,-0.2,1.872,0.0,1.82,-0.1,1.852,-0.2,1.864,0.0,1.8,0.2,1.864
05-01-2026-Fri 13-45-08-PM,-0.3,1.788,-0.2,1.912,-0.2,1.868,-0.4,1.816,-0.4,1.844,0.2,1.86,-0.1,1.796,-0.1,1.856
05-01-2026-Fri 13-45-09-PM,-0.4,1.784,-0.2,1.912,-0.3,1.864,-0.1,1.808,-0.4,1.836,-0.2,1.852,-0.3,1.792,0.0,1.852
05-01-2026-Fri 13-45-11-PM,-0.3,1.776,-0.1,1.904,0.0,1.856,-0.2,1.804,-0.3,1.832,0.1,1.848,-0.2,1.784,-0.4,1.844
05-01-2026-Fri 13-45-12-PM,-0.1,1.772,-0.3,1.904,0.1,1.852,0.1,1.796,-0.3,1.828,-0.1,1.844,-0.2,1.776,0.2,1.84
05-01-2026-Fri 13-45-14-PM,0.2,1.768,-0.5,1.892,-0.2,1.848,-0.1,1.796,-0.3,1.82,-0.1,1.836,-0.3,1.768,0.1,1.832
05-01-2026-Fri 13-45-15-PM,0.1,1.764,-0.2,1.888,-0.3,1.84,-0.2,1.788,-0.1,1.82,0.1,1.836,-0.2,1.768,0.0,1.832
05-01-2026-Fri 13-45-16-PM,-0.2,1.76,-0.2,1.884,0.0,1.836,0.1,1.784,-0.2,1.812,0.2,1.828,0.1,1.76,0.1,1.828
05-01-2026-Fri 13-45-18-PM,-0.3,1.756,-0.2,1.88,-0.2,1.832,0.0,1.776,-0.5,1.804,-0.1,1.824,-0.2,1.756,-0.1,1.82
05-01-2026-Fri 13-45-19-PM,-0.1,1.748,-0.5,1.872,-0.2,1.828,-0.2,1.772,-0.3,1.804,0.0,1.82,0.0,1.748,-0.1,1.816
05-01-2026-Fri 13-45-21-PM,-0.3,1.748,-0.2,1.872,-0.1,1.824,-0.1,1.768,-0.3,1.796,0.0,1.816,-0.2,1.748,0.0,1.812
05-01-2026-Fri 13-45-22-PM,0.1,1.74,-0.2,1.868,0.0,1.82,-0.3,1.764,-0.2,1.792,-0.1,1.816,-0.1,1.736,0.3,1.808
05-01-2026-Fri 13-45-23-PM,-0.2,1.74,0.0,1.864,0.2,1.812,-0.3,1.76,0.0,1.792,-0.1,1.808,-0.1,1.732,0.1,1.804
05-01-2026-Fri 13-45-25-PM,0.1,1.732,-0.1,1.86,0.0,1.808,-0.1,1.756,-0.2,1.784,0.2,1.804,-0.3,1.728,-0.1,1.8
05-01-2026-Fri 13-45-26-PM,-0.2,1.732,-0.2,1.852,-0.1,1.804,0.0,1.756,-0.2,1.784,-0.2,1.8,-0.3,1.724,0.1,1.796
05-01-2026-Fri 13-45-28-PM,-0.3,1.728,-0.2,1.848,-0.1,1.804,0.0,1.748,-0.2,1.776,0.0,1.8,0.0,1.72,-0.3,1.792
05-01-2026-Fri 13-45-29-PM,-0.4,1.72,-0.1,1.844,0.0,1.796,-0.1,1.744,0.0,1.776,0.0,1.792,0.0,1.716,-0.1,1.784
05-01-2026-Fri 13-45-30-PM,-0.1,1.716,-0.1,1.844,0.0,1.792,0.2,1.744,-0.3,1.768,-0.2,1.788,-0.2,1.712,-0.2,1.784
05-01-2026-Fri 13-45-32-PM,-0.3,1.716,-0.3,1.836,-0.2,1.788,0.0,1.736,-0.2,1.764,0.1,1.788,-0.2,1.704,-0.3,1.78
05-01-2026-Fri 13-45-33-PM,-0.1,1.712,-0.3,1.832,-0.3,1.784,-0.2,1.728,-0.3,1.76,0.1,1.78,-0.1,1.704,0.1,1.776
05-01-2026-Fri 13-45-35-PM,-0.2,1.708,-0.3,1.828,0.0,1.784,-0.1,1.732,-0.3,1.756,-0.1,1.78,0.0,1.7,-0.2,1.768
05-01-2026-Fri 13-45-36-PM,-0.1,1.708,-0.2,1.828,0.0,1.78,-0.1,1.724,-0.3,1.756,0.0,1.776,-0.1,1.696,0.0,1.768
05-01-2026-Fri 13-45-37-PM,-0.2,1.704,-0.2,1.82,-0.1,1.768,-0.2,1.72,-0.2,1.748,-0.3,1.772,-0.2,1.692,0.2,1.764
05-01-2026-Fri 13-45-39-PM,-0.1,1.704,-0.5,1.82,-0.1,1.768,-0.2,1.72,-0.3,1.748,-0.3,1.764,0.0,1.688,0.1,1.76
05-01-2026-Fri 13-45-40-PM,-0.2,1.696,-0.2,1.816,-0.1,1.764,-0.1,1.716,-0.3,1.744,0.2,1.764,-0.2,1.688,-0.1,1.756
05-01-2026-Fri 13-45-41-PM,-0.3,1.692,-0.3,1.812,0.0,1.76,-0.1,1.708,-0.2,1.74,-0.1,1.764,-0.1,1.684,0.2,1.752
05-01-2026-Fri 13-45-43-PM,-0.1,1.692,-0.1,1.808,-0.2,1.76,-0.1,1.708,0.1,1.736,-0.1,1.76,-0.4,1.68,0.1,1.752
05-01-2026-Fri 13-45-46-PM,-0.1,1.688,-0.2,1.808,0.0,1.752,-0.2,1.708,-0.2,1.736,0.0,1.756,-0.1,1.676,-0.1,1.744
05-01-2026-Fri 13-45-48-PM,-0.5,1.68,-0.2,1.8,-0.2,1.744,0.0,1.7,-0.3,1.728,0.1,1.752,0.0,1.668,0.2,1.736
05-01-2026-Fri 13-45-50-PM,0.0,1.676,-0.4,1.792,-0.1,1.736,-0.2,1.692,0.0,1.72,-0.1,1.744,-0.2,1.664,0.1,1.736
05-01-2026-Fri 13-45-52-PM,0.0,1.672,-0.1,1.788,0.0,1.736,0.1,1.688,-0.4,1.72,0.0,1.74,-0.2,1.66,0.2,1.732
05-01-2026-Fri 13-45-53-PM,0.0,1.668,-0.2,1.784,0.0,1.732,0.1,1.688,-0.2,1.716,0.1,1.736,-0.2,1.656,-0.1,1.728
05-01-2026-Fri 13-45-55-PM,-0.5,1.664,-0.5,1.784,-0.4,1.728,-0.1,1.684,-0.1,1.712,0.1,1.736,0.1,1.652,0.0,1.724
05-01-2026-Fri 13-45-56-PM,-0.2,1.664,-0.2,1.78,0.0,1.728,0.0,1.68,-0.2,1.708,-0.2,1.732,-0.1,1.652,-0.1,1.72
05-01-2026-Fri 13-45-58-PM,-0.1,1.66,-0.3,1.776,-0.1,1.724,0.1,1.676,-0.2,1.704,0.0,1.732,-0.3,1.648,0.0,1.72
05-01-2026-Fri 13-45-59-PM,-0.1,1.656,-0.3,1.772,-0.1,1.72,-0.4,1.676,-0.3,1.7,0.0,1.728,-0.2,1.644,0.1,1.716
05-01-2026-Fri 13-46-00-PM,-0.1,1.652,-0.3,1.772,-0.1,1.716,-0.1,1.672,-0.3,1.7,0.0,1.72,-0.1,1.64,0.0,1.712
05-01-2026-Fri 13-46-02-PM,-0.3,1.652,-0.5,1.772,-0.3,1.712,-0.3,1.668,-0.4,1.7,0.2,1.72,-0.3,1.636,-0.1,1.712
05-01-2026-Fri 13-46-03-PM,-0.2,1.648,-0.5,1.764,0.2,1.712,-0.1,1.664,-0.3,1.696,-0.2,1.72,-0.3,1.636,-0.1,1.708
05-01-2026-Fri 13-46-05-PM,-0.3,1.648,-0.3,1.764,0.3,1.708,-0.1,1.664,0.0,1.692,-0.1,1.716,0.0,1.632,0.1,1.704
05-01-2026-Fri 13-46-06-PM,-0.3,1.644,-0.4,1.756,-0.1,1.704,-0.4,1.664,-0.4,1.688,-0.1,1.716,0.0,1.636,0.2,1.7
05-01-2026-Fri 13-46-07-PM,-0.4,1.64,-0.4,1.756,-0.2,1.7,-0.1,1.66,-0.3,1.688,-0.1,1.712,-0.1,1.628,0.1,1.7
05-01-2026-Fri 13-46-09-PM,0.2,1.64,-0.5,1.752,0.1,1.7,-0.1,1.656,-0.4,1.684,0.2,1.708,-0.1,1.624,0.1,1.696
05-01-2026-Fri 13-46-10-PM,-0.3,1.636,-0.1,1.752,0.1,1.696,0.0,1.656,-0.4,1.68,-0.1,1.708,-0.3,1.624,-0.1,1.692
05-01-2026-Fri 13-46-12-PM,-0.5,1.636,-0.2,1.752,-0.3,1.692,0.0,1.652,-0.2,1.68,0.1,1.704,-0.1,1.624,0.1,1.692
05-01-2026-Fri 13-46-13-PM,-0.3,1.632,-0.4,1.748,-0.3,1.692,-0.3,1.648,-0.6,1.676,-0.2,1.7,0.0,1.62,-0.1,1.688
05-01-2026-Fri 13-46-14-PM,-0.3,1.632,-0.2,1.744,-0.2,1.688,-0.2,1.648,-0.3,1.676,0.1,1.7,-0.4,1.616,0.0,1.688
05-01-2026-Fri 13-46-16-PM,0.0,1.624,-0.4,1.74,0.3,1.688,0.0,1.648,-0.2,1.676,-0.1,1.696,-0.2,1.616,0.1,1.684
05-01-2026-Fri 13-46-17-PM,0.1,1.628,-0.3,1.736,-0.1,1.684,-0.1,1.644,-0.5,1.672,-0.1,1.692,-0.1,1.612,-0.2,1.684
05-01-2026-Fri 13-46-18-PM,Power On
05-01-2026-Fri 13-46-20-PM,10.3,5.26,12.3,5.264,11.4,5.252,7.5,5.264,5.0,5.256,5.1,5.264,3.6,5.248,6.5,5.26
05-01-2026-Fri 13-46-21-PM,9.7,5.256,11.8,5.264,11.2,5.256,7.3,5.26,5.0,5.26,5.0,5.264,3.5,5.248,6.2,5.26
05-01-2026-Fri 13-46-23-PM,9.5,5.26,11.6,5.264,10.7,5.252,7.2,5.268,4.7,5.26,4.7,5.264,3.4,5.248,6.1,5.264
05-01-2026-Fri 13-46-24-PM,9.3,5.26,11.5,5.264,10.9,5.256,7.1,5.264,4.6,5.256,4.7,5.264,3.0,5.252,5.8,5.26
05-01-2026-Fri 13-46-26-PM,Power Off
05-01-2026-Fri 13-46-28-PM,-0.1,2.292,-0.4,2.312,-0.1,2.296,0.0,2.256,-0.3,2.248,-0.3,2.284,-0.1,2.232,-0.1,2.348
05-01-2026-Fri 13-46-31-PM,-0.2,2.152,-0.2,2.212,-0.1,2.184,-0.3,2.136,-0.4,2.14,0.0,2.172,-0.5,2.116,0.1,2.212
05-01-2026-Fri 13-46-32-PM,-0.2,2.104,-0.2,2.18,-0.2,2.144,-0.3,2.092,-0.3,2.1,0.0,2.128,-0.2,2.076,0.1,2.164
05-01-2026-Fri 13-46-34-PM,-0.2,2.064,-0.2,2.152,0.0,2.112,-0.2,2.064,-0.2,2.072,-0.2,2.1,-0.3,2.044,-0.1,2.128
05-01-2026-Fri 13-46-36-PM,0.2,2.036,-0.1,2.128,-0.1,2.088,-0.2,2.036,-0.2,2.048,0.0,2.076,0.0,2.02,-0.4,2.1
05-01-2026-Fri 13-46-37-PM,-0.1,1.996,-0.1,2.104,-0.2,2.056,-0.1,2.008,-0.3,2.02,-0.1,2.044,-0.1,1.988,-0.1,2.064
05-01-2026-Fri 13-46-38-PM,-0.2,1.976,-0.4,2.084,-0.1,2.044,-0.1,1.992,-0.1,2.0,0.1,2.024,-0.4,1.968,0.0,2.044
05-01-2026-Fri 13-46-40-PM,-0.5,1.952,-0.3,2.072,0.0,2.024,0.0,1.972,-0.1,1.988,0.0,2.008,0.1,1.948,-0.1,2.024
05-01-2026-Fri 13-46-41-PM,-0.1,1.936,-0.5,2.056,0.0,2.008,-0.1,1.956,-0.2,1.972,-0.2,1.992,0.0,1.932,-0.1,2.008
05-01-2026-Fri 13-46-43-PM,Power On
05-01-2026-Fri 13-46-44-PM,9.2,5.26,11.5,5.26,10.5,5.256,7.0,5.268,4.4,5.26,4.9,5.264,3.2,5.248,5.8,5.26
05-01-2026-Fri 13-46-45-PM,9.2,5.26,11.1,5.26,10.2,5.256,7.0,5.264,4.4,5.26,4.6,5.264,3.2,5.248,5.5,5.256
05-01-2026-Fri 13-46-47-PM,9.1,5.256,11.5,5.264,10.3,5.256,6.9,5.264,4.3,5.26,4.4,5.268,3.0,5.248,5.8,5.26
05-01-2026-Fri 13-46-48-PM,Power Off
05-01-2026-Fri 13-46-49-PM,0.1,2.46,-0.5,2.42,-0.2,2.44,-0.1,2.4,-0.1,2.4,-0.3,2.444,-0.3,2.396,0.1,2.532
05-01-2026-Fri 13-46-51-PM,-0.3,2.336,-0.3,2.332,0.0,2.324,-0.1,2.288,-0.3,2.292,-0.3,2.324,0.0,2.288,0.0,2.396
05-01-2026-Fri 13-46-52-PM,-0.1,2.256,-0.5,2.276,-0.1,2.256,-0.1,2.216,-0.1,2.224,0.1,2.26,-0.1,2.22,-0.1,2.32
05-01-2026-Fri 13-46-53-PM,-0.2,2.204,-0.3,2.236,-0.2,2.208,0.0,2.168,-0.2,2.184,-0.2,2.212,-0.2,2.176,-0.1,2.26
05-01-2026-Fri 13-46-55-PM,-0.2,2.156,-0.4,2.204,-0.1,2.176,-0.1,2.132,-0.2,2.148,0.4,2.172,0.0,2.136,0.0,2.216
05-01-2026-Fri 13-46-56-PM,-0.3,2.116,-0.4,2.18,0.1,2.14,-0.1,2.1,-0.5,2.12,-0.1,2.144,0.0,2.108,-0.3,2.18
05-01-2026-Fri 13-46-58-PM,-0.4,2.08,-0.2,2.156,-0.3,2.116,-0.1,2.068,-0.2,2.096,0.0,2.12,-0.2,2.08,0.0,2.152
05-01-2026-Fri 13-46-59-PM,-0.4,2.056,-0.6,2.136,0.1,2.096,-0.1,2.044,-0.4,2.076,0.1,2.096,0.0,2.056,0.1,2.124
05-01-2026-Fri 13-47-00-PM,-0.4,2.028,-0.2,2.116,0.0,2.076,0.0,2.028,-0.1,2.056,0.0,2.076,-0.1,2.032,0.1,2.104
05-01-2026-Fri 13-47-02-PM,-0.1,2.008,-0.5,2.1,-0.4,2.06,-0.2,2.012,-0.3,2.04,0.0,2.056,-0.1,2.016,-0.2,2.08
05-01-2026-Fri 13-47-03-PM,-0.1,1.988,-0.3,2.088,0.0,2.044,-0.1,1.996,-0.3,2.024,-0.1,2.04,-0.1,2.0,0.0,2.06
05-01-2026-Fri 13-47-05-PM,-0.4,1.972,-0.2,2.076,0.0,2.028,-0.2,1.98,-0.1,2.012,0.1,2.024,-0.1,1.98,0.0,2.044
05-01-2026-Fri 13-47-06-PM,-0.1,1.948,-0.2,2.06,0.2,2.016,-0.1,1.964,-0.3,1.996,0.0,2.012,0.0,1.964,-0.4,2.028
05-01-2026-Fri 13-47-08-PM,-0.3,1.936,-0.3,2.044,-0.1,2.0,-0.1,1.952,-0.1,1.98,-0.1,1.992,-0.2,1.948,-0.1,2.012
05-01-2026-Fri 13-47-09-PM,-0.2,1.924,-0.2,2.036,-0.2,1.988,-0.2,1.94,-0.6,1.972,-0.2,1.984,-0.1,1.936,0.0,1.996
05-01-2026-Fri 13-47-10-PM,0.1,1.912,-0.3,2.028,-0.2,1.976,-0.2,1.932,-0.2,1.96,-0.3,1.972,0.0,1.924,0.0,1.988
05-01-2026-Fri 13-47-12-PM,-0.1,1.9,-0.5,2.02,0.0,1.968,-0.1,1.92,-0.2,1.952,-0.1,1.964,-0.4,1.912,0.0,1.976
05-01-2026-Fri 13-47-13-PM,-0.3,1.892,-0.2,2.008,0.0,1.96,-0.2,1.912,-0.3,1.94,0.0,1.952,-0.3,1.9,-0.2,1.964
05-01-2026-Fri 13-47-15-PM,-0.3,1.88,-0.1,2.004,-0.3,1.952,-0.2,1.904,-0.3,1.932,0.0,1.948,-0.2,1.888,-0.3,1.956
05-01-2026-Fri 13-47-16-PM,-0.1,1.872,-0.1,1.992,0.0,1.944,-0.2,1.896,-0.3,1.924,-0.2,1.936,-0.3,1.88,0.0,1.948
05-01-2026-Fri 13-47-18-PM,-0.1,1.864,-0.3,1.988,0.0,1.936,-0.2,1.884,0.2,1.912,0.2,1.928,-0.3,1.872,-0.4,1.936
05-01-2026-Fri 13-47-19-PM,-0.2,1.856,-0.1,1.98,-0.1,1.928,0.0,1.876,-0.3,1.908,-0.2,1.924,-0.3,1.864,-0.1,1.928
05-01-2026-Fri 13-47-20-PM,-0.2,1.844,-0.1,1.972,0.0,1.916,0.2,1.872,-0.1,1.9,-0.1,1.916,-0.1,1.852,0.1,1.92
05-01-2026-Fri 13-47-22-PM,-0.4,1.84,-0.5,1.964,-0.2,1.912,-0.3,1.864,-0.3,1.888,0.1,1.908,-0.3,1.844,0.1,1.912
05-01-2026-Fri 13-47-23-PM,0.1,1.832,-0.2,1.964,-0.1,1.912,0.1,1.86,-0.1,1.888,-0.1,1.9,-0.2,1.836,0.2,1.904
05-01-2026-Fri 13-47-25-PM,-0.3,1.828,-0.5,1.956,0.0,1.9,-0.1,1.848,-0.3,1.88,-0.2,1.896,-0.3,1.832,-0.1,1.9
05-01-2026-Fri 13-47-26-PM,-0.4,1.82,-0.1,1.948,0.1,1.896,-0.1,1.844,-0.3,1.876,-0.1,1.888,-0.3,1.824,0.0,1.892
05-01-2026-Fri 13-47-27-PM,-0.2,1.816,-0.3,1.944,-0.1,1.892,-0.1,1.836,-0.6,1.864,-0.1,1.88,-0.1,1.816,0.0,1.884
05-01-2026-Fri 13-47-29-PM,-0.1,1.808,-0.4,1.94,-0.1,1.884,0.0,1.832,-0.1,1.86,0.0,1.88,0.0,1.808,-0.1,1.88
05-01-2026-Fri 13-47-30-PM,-0.1,1.804,-0.2,1.932,0.0,1.88,-0.3,1.824,-0.4,1.856,0.1,1.872,-0.2,1.804,0.0,1.876
05-01-2026-Fri 13-47-32-PM,-0.4,1.796,-0.3,1.932,-0.1,1.872,0.1,1.824,-0.1,1.848,0.1,1.864,-0.1,1.792,0.0,1.868
05-01-2026-Fri 13-47-33-PM,0.1,1.796,-0.4,1.924,0.0,1.868,0.1,1.816,-0.5,1.844,-0.1,1.864,0.0,1.788,0.2,1.864
05-01-2026-Fri 13-47-34-PM,0.0,1.792,-0.2,1.916,0.0,1.864,-0.1,1.812,-0.3,1.84,-0.2,1.856,0.0,1.78,-0.1,1.856
05-01-2026-Fri 13-47-36-PM,-0.3,1.78,-0.2,1.916,-0.1,1.86,-0.4,1.808,-0.2,1.832,-0.1,1.852,0.0,1.78,-0.2,1.852
05-01-2026-Fri 13-47-37-PM,-0.4,1.78,-0.3,1.908,0.1,1.852,0.0,1.8,-0.2,1.828,-0.1,1.844,-0.3,1.772,-0.1,1.848
05-01-2026-Fri 13-47-39-PM,-0.1,1.776,-0.3,1.904,-0.1,1.848,-0.2,1.792,-0.6,1.82,-0.1,1.844,-0.1,1.764,-0.1,1.84
05-01-2026-Fri 13-47-40-PM,-0.1,1.772,-0.2,1.904,-0.1,1.844,0.0,1.788,-0.2,1.816,-0.2,1.836,0.0,1.764,-0.1,1.84
05-01-2026-Fri 13-47-41-PM,-0.2,1.768,-0.2,1.9,-0.1,1.84,-0.1,1.788,-0.1,1.812,-0.3,1.836,-0.3,1.76,0.0,1.836
05-01-2026-Fri 13-47-43-PM,-0.3,1.764,-0.2,1.892,0.0,1.836,-0.1,1.78,-0.2,1.808,0.1,1.828,-0.1,1.748,-0.2,1.832
05-01-2026-Fri 13-47-44-PM,-0.3,1.76,-0.2,1.888,-0.1,1.832,0.0,1.776,0.2,1.804,-0.1,1.824,-0.1,1.744,0.1,1.824
05-01-2026-Fri 13-47-46-PM,-0.3,1.752,-0.2,1.884,-0.2,1.824,-0.2,1.772,-0.3,1.8,-0.1,1.824,-0.2,1.748,0.0,1.82
05-01-2026-Fri 13-47-47-PM,0.1,1.748,-0.1,1.88,-0.1,1.824,0.0,1.768,-0.4,1.796,-0.1,1.816,0.1,1.736,0.2,1.816
05-01-2026-Fri 13-47-48-PM,-0.1,1.744,-0.4,1.876,-0.2,1.82,0.0,1.764,-0.3,1.792,0.1,1.816,-0.1,1.732,0.0,1.812
05-01-2026-Fri 13-47-50-PM,0.0,1.744,-0.4,1.872,0.2,1.816,-0.1,1.764,-0.2,1.792,-0.1,1.808,-0.3,1.732,-0.2,1.812
05-01-2026-Fri 13-47-51-PM,-0.2,1.74,-0.3,1.868,0.0,1.812,-0.1,1.756,-0.4,1.788,0.1,1.804,-0.2,1.724,-0.1,1.804
05-01-2026-Fri 13-47-53-PM,-0.1,1.732,0.0,1.868,0.2,1.804,-0.1,1.752,-0.2,1.78,-0.2,1.804,-0.2,1.72,-0.2,1.8
05-01-2026-Fri 13-47-54-PM,-0.1,1.732,-0.2,1.86,0.0,1.804,-0.3,1.748,-0.5,1.776,0.1,1.8,-0.2,1.716,0.1,1.796
05-01-2026-Fri 13-47-55-PM,-0.2,1.724,-0.1,1.86,-0.1,1.8,0.0,1.748,0.0,1.776,-0.1,1.796,0.0,1.712,0.0,1.792
05-01-2026-Fri 13-47-57-PM,-0.3,1.724,0.1,1.856,-0.1,1.792,-0.2,1.74,-0.1,1.772,-0.1,1.792,0.1,1.708,-0.1,1.788
05-01-2026-Fri 13-47-58-PM,-0.2,1.72,-0.2,1.852,-0.2,1.792,0.1,1.74,-0.5,1.764,0.1,1.788,-0.4,1.704,-0.1,1.784
05-01-2026-Fri 13-47-59-PM,-0.1,1.716,-0.3,1.848,0.0,1.788,-0.1,1.732,0.0,1.76,0.2,1.784,-0.1,1.7,-0.1,1.78
05-01-2026-Fri 13-48-01-PM,-0.2,1.716,-0.3,1.844,0.2,1.784,0.0,1.732,-0.3,1.76,-0.1,1.78,-0.1,1.696,0.0,1.776
05-01-2026-Fri 13-48-02-PM,-0.3,1.708,-0.2,1.84,-0.2,1.78,-0.1,1.728,-0.2,1.756,-0.1,1.78,-0.1,1.696,-0.1,1.772
05-01-2026-Fri 13-48-04-PM,-0.2,1.708,-0.2,1.84,-0.2,1.776,-0.4,1.724,-0.3,1.752,0.0,1.776,-0.3,1.688,0.3,1.772
05-01-2026-Fri 13-48-05-PM,-0.3,1.704,-0.3,1.836,-0.1,1.772,-0.3,1.72,-0.5,1.748,-0.3,1.776,-0.1,1.688,0.2,1.768
05-01-2026-Fri 13-48-06-PM,0.1,1.704,-0.5,1.832,0.0,1.768,-0.1,1.72,-0.1,1.744,0.1,1.768,0.0,1.684,-0.1,1.76
05-01-2026-Fri 13-48-08-PM,0.2,1.696,-0.2,1.828,0.0,1.764,0.0,1.716,-0.3,1.74,-0.2,1.764,0.1,1.684,0.0,1.76
05-01-2026-Fri 13-48-09-PM,-0.2,1.696,-0.5,1.828,-0.2,1.768,-0.1,1.712,-0.4,1.74,-0.1,1.764,-0.2,1.68,0.0,1.756
05-01-2026-Fri 13-48-11-PM,-0.3,1.696,-0.2,1.82,0.0,1.76,0.0,1.704,-0.2,1.736,-0.1,1.76,-0.3,1.672,-0.1,1.752
05-01-2026-Fri 13-48-12-PM,-0.3,1.688,-0.4,1.816,0.0,1.756,-0.3,1.704,-0.2,1.732,-0.2,1.76,0.0,1.672,0.1,1.752
05-01-2026-Fri 13-48-14-PM,-0.3,1.688,-0.4,1.816,0.0,1.752,-0.2,1.7,-0.2,1.732,-0.1,1.756,-0.2,1.668,0.0,1.748
05-01-2026-Fri 13-48-17-PM,-0.2,1.68,-0.3,1.812,-0.2,1.744,-0.3,1.692,-0.3,1.724,0.0,1.748,-0.1,1.66,-0.2,1.74
05-01-2026-Fri 13-48-19-PM,-0.1,1.676,-0.4,1.804,-0.3,1.736,-0.3,1.692,-0.3,1.72,-0.2,1.744,-0.3,1.656,0.2,1.732
05-01-2026-Fri 13-48-21-PM,-0.4,1.672,-0.2,1.804,-0.2,1.732,0.0,1.688,-0.1,1.716,0.0,1.74,-0.2,1.652,-0.1,1.728
05-01-2026-Fri 13-48-22-PM,-0.3,1.668,-0.3,1.796,-0.2,1.732,0.0,1.684,-0.3,1.712,-0.1,1.736,-0.3,1.648,0.1,1.732
05-01-2026-Fri 13-48-24-PM,-0.1,1.668,-0.1,1.796,-0.1,1.724,-0.1,1.676,-0.1,1.712,-0.2,1.732,-0.2,1.644,0.1,1.724
05-01-2026-Fri 13-48-25-PM,-0.5,1.664,-0.1,1.792,-0.1,1.728,0.1,1.68,-0.2,1.704,-0.2,1.732,0.2,1.644,-0.2,1.724
05-01-2026-Fri 13-48-26-PM,-0.4,1.656,-0.1,1.788,-0.4,1.72,0.0,1.676,-0.4,1.704,0.0,1.728,-0.3,1.64,-0.2,1.72
05-01-2026-Fri 13-48-28-PM,-0.1,1.66,-0.1,1.784,0.0,1.72,-0.2,1.672,-0.2,1.7,0.2,1.728,-0.4,1.64,0.1,1.716
05-01-2026-Fri 13-48-29-PM,-0.1,1.656,-0.2,1.78,-0.1,1.716,-0.1,1.668,-0.1,1.7,0.1,1.728,0.0,1.632,-0.2,1.712
05-01-2026-Fri 13-48-31-PM,-0.3,1.656,-0.1,1.78,0.0,1.716,-0.1,1.668,-0.3,1.7,0.1,1.724,0.0,1.632,0.0,1.712
05-01-2026-Fri 13-48-32-PM,-0.3,1.648,-0.1,1.776,0.2,1.708,-0.2,1.664,-0.4,1.696,0.0,1.716,-0.2,1.632,0.3,1.708
05-01-2026-Fri 13-48-34-PM,-0.2,1.648,-0.2,1.772,-0.1,1.708,-0.2,1.66,-0.5,1.692,-0.1,1.716,-0.1,1.628,-0.3,1.708
05-01-2026-Fri 13-48-35-PM,-0.2,1.644,-0.2,1.768,-0.2,1.708,-0.1,1.66,0.0,1.688,0.0,1.712,-0.3,1.624,0.1,1.704
05-01-2026-Fri 13-48-37-PM,-0.3,1.644,-0.3,1.768,0.2,1.7,0.0,1.656,-0.2,1.688,0.1,1.712,-0.2,1.62,0.1,1.7
05-01-2026-Fri 13-48-38-PM,-0.2,1.64,-0.4,1.764,0.1,1.7,-0.2,1.656,-0.3,1.684,0.0,1.704,-0.3,1.616,0.0,1.7
05-01-2026-Fri 13-48-39-PM,-0.3,1.64,-0.4,1.764,-0.2,1.696,-0.1,1.652,-0.7,1.68,0.1,1.704,-0.1,1.616,-0.1,1.696
05-01-2026-Fri 13-48-41-PM,-0.2,1.636,-0.3,1.76,-0.1,1.696,-0.3,1.648,-0.2,1.684,-0.1,1.704,-0.2,1.616,0.1,1.696
05-01-2026-Fri 13-48-42-PM,-0.1,1.632,-0.4,1.756,-0.1,1.684,0.0,1.648,-0.2,1.68,-0.2,1.704,-0.3,1.612,0.0,1.688
05-01-2026-Fri 13-48-43-PM,-0.1,1.632,-0.4,1.756,0.0,1.684,-0.1,1.644,-0.1,1.676,-0.1,1.7,-0.4,1.612,-0.1,1.688
05-01-2026-Fri 13-48-45-PM,-0.2,1.628,-0.4,1.752,0.0,1.684,-0.1,1.644,-0.2,1.672,-0.2,1.696,-0.1,1.608,-0.5,1.688
05-01-2026-Fri 13-48-46-PM,-0.1,1.628,-0.3,1.752,-0.2,1.684,0.3,1.64,-0.3,1.672,-0.2,1.696,-0.1,1.608,0.0,1.684
05-01-2026-Fri 13-48-48-PM,-0.5,1.628,-0.5,1.748,-0.2,1.68,-0.2,1.64,-0.2,1.668,-0.4,1.696,-0.4,1.608,0.0,1.68
05-01-2026-Fri 13-48-49-PM,0.1,1.62,-0.1,1.744,0.0,1.676,-0.3,1.636,-0.4,1.668,-0.3,1.692,-0.1,1.604,-0.2,1.68
05-01-2026-Fri 13-48-51-PM,-0.2,1.62,-0.1,1.74,0.0,1.676,0.0,1.632,-0.4,1.668,-0.3,1.692,-0.2,1.6,0.0,1.676
05-01-2026-Fri 13-48-52-PM,-0.3,1.616,-0.2,1.736,-0.1,1.668,-0.1,1.632,-0.2,1.664,0.1,1.684,-0.3,1.596,0.0,1.676
05-01-2026-Fri 13-48-54-PM,-0.3,1.616,0.1,1.736,0.0,1.668,-0.4,1.628,-0.3,1.656,-0.1,1.68,-0.1,1.596,0.2,1.672
05-01-2026-Fri 13-48-56-PM,-0.3,1.616,-0.3,1.732,-0.1,1.668,-0.3,1.624,-0.1,1.656,0.1,1.68,0.2,1.596,-0.2,1.668
05-01-2026-Fri 13-48-57-PM,-0.1,1.612,-0.3,1.732,-0.1,1.664,-0.1,1.624,-0.2,1.656,0.0,1.68,-0.2,1.592,-0.2,1.668
05-01-2026-Fri 13-48-58-PM,-0.1,1.608,-0.4,1.728,0.1,1.664,-0.1,1.624,-0.2,1.656,-0.1,1.676,-0.1,1.588,-0.1,1.664
05-01-2026-Fri 13-49-00-PM,-0.1,1.608,-0.2,1.728,-0.2,1.66,-0.3,1.62,-0.2,1.652,-0.1,1.676,0.1,1.584,0.0,1.664
05-01-2026-Fri 13-49-01-PM,-0.3,1.608,-0.4,1.724,-0.2,1.656,0.2,1.616,-0.4,1.648,0.0,1.676,0.1,1.584,0.2,1.664
05-01-2026-Fri 13-49-03-PM,0.2,1.604,-0.4,1.72,-0.2,1.656,-0.2,1.616,-0.3,1.648,0.1,1.672,-0.1,1.584,0.1,1.66
05-01-2026-Fri 13-49-04-PM,-0.2,1.6,-0.4,1.72,-0.2,1.652,-0.2,1.612,-0.3,1.648,-0.2,1.672,-0.1,1.584,0.0,1.66
05-01-2026-Fri 13-49-05-PM,-0.3,1.6,-0.2,1.716,-0.2,1.652,0.1,1.612,-0.2,1.644,-0.2,1.664,-0.1,1.58,0.0,1.656
05-01-2026-Fri 13-49-07-PM,0.0,1.6,-0.1,1.716,-0.1,1.648,0.1,1.612,-0.3,1.644,0.0,1.664,-0.2,1.576,-0.2,1.656
05-01-2026-Fri 13-49-08-PM,-0.2,1.6,-0.3,1.716,0.0,1.648,-0.1,1.604,-0.1,1.64,-0.1,1.668,-0.2,1.576,-0.1,1.652
05-01-2026-Fri 13-49-10-PM,-0.2,1.596,-0.2,1.712,0.0,1.644,-0.4,1.608,-0.2,1.636,-0.1,1.66,-0.2,1.576,-0.3,1.652
05-01-2026-Fri 13-49-11-PM,0.1,1.592,-0.3,1.708,-0.3,1.64,0.0,1.604,-0.3,1.636,0.0,1.66,-0.3,1.572,0.0,1.648
05-01-2026-Fri 13-49-13-PM,-0.3,1.592,-0.3,1.708,0.0,1.64,-0.2,1.604,-0.2,1.636,-0.2,1.656,-0.1,1.572,-0.3,1.648
05-01-2026-Fri 13-49-14-PM,-0.5,1.588,-0.3,1.704,-0.2,1.636,0.0,1.596,-0.2,1.632,-0.1,1.656,-0.1,1.568,0.0,1.644
05-01-2026-Fri 13-49-15-PM,-0.3,1.588,0.0,1.7,-0.1,1.636,-0.1,1.6,-0.6,1.628,-0.2,1.656,-0.1,1.568,-0.2,1.644
05-01-2026-Fri 13-49-17-PM,-0.1,1.588,-0.2,1.7,-0.2,1.632,-0.2,1.592,0.0,1.628,0.0,1.652,-0.3,1.564,0.0,1.644
05-01-2026-Fri 13-49-18-PM,-0.1,1.584,-0.4,1.7,0.0,1.632,0.0,1.592,0.1,1.628,-0.1,1.652,-0.3,1.568,-0.1,1.64
05-01-2026-Fri 13-49-19-PM,-0.1,1.584,-0.3,1.696,-0.2,1.628,-0.1,1.592,-0.2,1.624,0.1,1.648,-0.3,1.564,0.0,1.64
05-01-2026-Fri 13-49-21-PM,Power On
05-01-2026-Fri 13-49-22-PM,8.6,5.264,10.2,5.264,9.9,5.26,6.1,5.268,4.2,5.264,4.6,5.268,3.1,5.256,5.4,5.268
05-01-2026-Fri 13-49-24-PM,8.3,5.264,9.8,5.268,9.2,5.26,5.9,5.272,4.2,5.264,4.3,5.268,2.8,5.256,5.0,5.264
05-01-2026-Fri 13-49-25-PM,7.9,5.264,9.8,5.268,8.9,5.26,5.9,5.268,3.8,5.264,4.2,5.264,2.8,5.256,5.2,5.264
05-01-2026-Fri 13-49-26-PM,7.9,5.264,9.6,5.268,9.2,5.26,5.7,5.272,4.2,5.264,4.1,5.268,2.6,5.256,5.0,5.268
05-01-2026-Fri 13-49-28-PM,Power Off
05-01-2026-Fri 13-49-29-PM,-0.1,2.432,-0.3,2.412,0.0,2.424,-0.2,2.384,-0.4,2.36,-0.1,2.408,-0.3,2.332,0.0,2.5
05-01-2026-Fri 13-49-30-PM,0.1,2.296,-0.2,2.32,-0.1,2.304,-0.6,2.264,-0.2,2.244,-0.1,2.288,-0.2,2.216,-0.1,2.356
05-01-2026-Fri 13-49-32-PM,-0.3,2.208,-0.1,2.256,0.1,2.228,0.0,2.184,-0.1,2.172,0.1,2.204,-0.2,2.14,0.0,2.264
05-01-2026-Fri 13-49-33-PM,-0.2,2.148,-0.2,2.216,-0.2,2.176,-0.4,2.136,-0.2,2.128,-0.2,2.156,-0.2,2.088,0.0,2.208
05-01-2026-Fri 13-49-35-PM,-0.6,2.104,-0.4,2.188,-0.1,2.148,0.1,2.096,-0.4,2.092,-0.2,2.12,-0.2,2.052,-0.1,2.16
05-01-2026-Fri 13-49-36-PM,-0.1,2.064,-0.5,2.16,-0.3,2.116,0.0,2.068,-0.3,2.064,-0.1,2.092,-0.1,2.024,0.0,2.128
05-01-2026-Fri 13-49-37-PM,-0.2,2.032,-0.4,2.14,-0.3,2.092,-0.2,2.04,-0.2,2.04,0.1,2.068,0.0,1.996,0.1,2.1
05-01-2026-Fri 13-49-39-PM,-0.2,2.008,-0.3,2.12,0.1,2.068,-0.2,2.016,0.0,2.02,0.1,2.044,-0.3,1.976,-0.1,2.072
05-01-2026-Fri 13-49-40-PM,-0.3,1.98,-0.4,2.104,-0.1,2.048,-0.2,1.992,-0.4,2.0,-0.1,2.028,-0.1,1.952,-0.1,2.052
05-01-2026-Fri 13-49-42-PM,-0.3,1.96,-0.2,2.088,-0.3,2.032,-0.3,1.98,0.1,1.984,-0.1,2.008,-0.4,1.932,-0.1,2.032
05-01-2026-Fri 13-49-43-PM,-0.3,1.944,-0.6,2.072,-0.2,2.016,0.0,1.964,0.2,1.968,-0.1,1.992,-0.2,1.912,-0.1,2.012
05-01-2026-Fri 13-49-44-PM,-0.2,1.924,-0.2,2.06,0.0,1.996,-0.1,1.948,-0.5,1.952,-0.1,1.976,-0.1,1.9,0.1,1.996
05-01-2026-Fri 13-49-46-PM,-0.2,1.908,-0.4,2.044,0.1,1.988,-0.3,1.932,-0.1,1.944,0.3,1.964,-0.3,1.888,-0.3,1.98
05-01-2026-Fri 13-49-47-PM,-0.2,1.896,-0.6,2.036,0.0,1.972,-0.3,1.924,-0.3,1.928,0.2,1.952,-0.1,1.872,-0.1,1.968
05-01-2026-Fri 13-49-49-PM,0.2,1.88,-0.4,2.024,-0.3,1.96,0.0,1.908,-0.2,1.916,0.1,1.94,-0.2,1.86,0.0,1.956
05-01-2026-Fri 13-49-50-PM,-0.2,1.872,-0.3,2.012,-0.2,1.952,-0.1,1.9,-0.3,1.908,-0.4,1.928,-0.1,1.848,-0.3,1.944
05-01-2026-Fri 13-49-51-PM,0.0,1.86,-0.3,2.004,-0.5,1.944,0.1,1.888,-0.2,1.896,-0.1,1.92,-0.3,1.84,-0.1,1.932
05-01-2026-Fri 13-49-53-PM,-0.2,1.848,-0.3,1.996,0.0,1.928,-0.1,1.88,-0.3,1.892,-0.1,1.912,-0.2,1.828,0.1,1.92
05-01-2026-Fri 13-49-54-PM,-0.4,1.84,-0.3,1.988,-0.1,1.92,-0.2,1.872,-0.4,1.88,-0.2,1.9,-0.3,1.816,0.1,1.912
05-01-2026-Fri 13-49-56-PM,-0.2,1.832,-0.2,1.98,0.0,1.912,-0.2,1.86,-0.5,1.868,0.1,1.892,-0.1,1.808,0.1,1.904
05-01-2026-Fri 13-49-57-PM,-0.3,1.82,0.0,1.972,-0.1,1.904,0.0,1.852,-0.1,1.864,-0.1,1.884,-0.3,1.8,-0.1,1.892
05-01-2026-Fri 13-49-58-PM,0.0,1.816,-0.2,1.964,-0.1,1.896,-0.1,1.844,0.0,1.856,-0.2,1.876,-0.1,1.792,0.2,1.888
05-01-2026-Fri 13-50-00-PM,-0.4,1.808,-0.3,1.96,0.0,1.892,-0.1,1.836,-0.4,1.848,-0.1,1.872,0.0,1.784,0.0,1.88
05-01-2026-Fri 13-50-01-PM,0.1,1.8,-0.3,1.952,-0.2,1.88,-0.1,1.832,-0.5,1.844,-0.1,1.864,-0.2,1.776,-0.1,1.868
05-01-2026-Fri 13-50-03-PM,-0.1,1.792,-0.3,1.944,-0.2,1.876,-0.2,1.824,0.1,1.836,0.1,1.856,-0.1,1.768,0.0,1.864
05-01-2026-Fri 13-50-04-PM,0.2,1.788,-0.1,1.94,-0.1,1.868,-0.2,1.816,-0.3,1.828,-0.1,1.848,-0.4,1.764,0.1,1.856
05-01-2026-Fri 13-50-05-PM,-0.1,1.784,-0.1,1.932,-0.2,1.864,0.2,1.808,-0.3,1.82,0.1,1.844,0.0,1.756,0.0,1.848
05-01-2026-Fri 13-50-07-PM,-0.1,1.776,-0.6,1.928,-0.1,1.856,-0.1,1.804,-0.3,1.816,-0.3,1.84,-0.2,1.748,-0.2,1.844
05-01-2026-Fri 13-50-08-PM,-0.2,1.768,-0.1,1.92,0.1,1.848,-0.2,1.796,0.0,1.812,0.0,1.832,-0.1,1.744,0.1,1.84
05-01-2026-Fri 13-50-10-PM,-0.2,1.764,-0.4,1.916,0.0,1.844,-0.3,1.788,-0.1,1.804,0.1,1.828,-0.3,1.736,-0.3,1.832
05-01-2026-Fri 13-50-11-PM,-0.1,1.76,-0.1,1.908,0.0,1.836,-0.2,1.784,-0.5,1.8,-0.1,1.82,-0.2,1.732,0.1,1.828
05-01-2026-Fri 13-50-12-PM,-0.2,1.752,-0.3,1.904,-0.1,1.832,0.2,1.776,-0.3,1.796,-0.1,1.816,0.1,1.724,-0.2,1.824
05-01-2026-Fri 13-50-14-PM,-0.1,1.748,-0.3,1.904,0.1,1.828,0.2,1.772,0.1,1.792,-0.2,1.812,-0.1,1.72,-0.1,1.816
05-01-2026-Fri 13-50-15-PM,0.0,1.744,-0.3,1.896,0.1,1.824,-0.1,1.768,-0.3,1.788,-0.2,1.808,-0.1,1.712,-0.1,1.812
05-01-2026-Fri 13-50-18-PM,-0.2,1.736,-0.1,1.892,-0.2,1.82,-0.1,1.76,-0.3,1.776,0.0,1.8,0.1,1.708,0.1,1.808
05-01-2026-Fri 13-50-21-PM,-0.2,1.728,-0.3,1.88,-0.1,1.808,-0.1,1.752,-0.3,1.768,-0.2,1.792,0.1,1.696,-0.1,1.796
05-01-2026-Fri 13-50-22-PM,-0.3,1.728,-0.3,1.876,0.1,1.8,-0.3,1.744,-0.3,1.764,-0.1,1.788,-0.1,1.692,-0.2,1.792
05-01-2026-Fri 13-50-23-PM,-0.2,1.72,-0.3,1.872,0.0,1.796,-0.3,1.744,-0.2,1.76,-0.2,1.784,-0.3,1.688,0.0,1.784
05-01-2026-Fri 13-50-25-PM,-0.1,1.716,-0.4,1.868,-0.1,1.788,0.0,1.736,-0.2,1.756,-0.2,1.776,-0.2,1.684,-0.1,1.78
05-01-2026-Fri 13-50-26-PM,0.0,1.712,-0.3,1.86,0.1,1.788,-0.3,1.732,-0.4,1.752,0.1,1.776,-0.1,1.676,0.0,1.776
05-01-2026-Fri 13-50-28-PM,-0.2,1.704,-0.1,1.86,-0.2,1.78,-0.1,1.728,-0.2,1.744,-0.1,1.772,-0.2,1.672,-0.4,1.772
05-01-2026-Fri 13-50-29-PM,-0.4,1.704,-0.4,1.856,0.0,1.78,0.1,1.72,-0.5,1.744,0.1,1.764,-0.2,1.668,-0.2,1.768
05-01-2026-Fri 13-50-30-PM,-0.3,1.732,-0.2,1.936,-0.1,2.26,-0.2,2.36,0.0,2.424,0.0,2.408,0.0,2.288,-0.1,2.304
05-01-2026-Fri 13-50-32-PM,Power On
05-01-2026-Fri 13-50-33-PM,7.8,5.264,9.4,5.272,8.6,5.264,5.7,5.272,3.6,5.268,4.0,5.272,2.8,5.256,5.0,5.268
05-01-2026-Fri 13-50-34-PM,7.4,5.268,9.1,5.268,8.7,5.264,5.5,5.272,3.6,5.268,3.9,5.272,2.5,5.26,4.5,5.268
05-01-2026-Fri 13-50-36-PM,7.3,5.268,8.8,5.276,8.5,5.268,5.7,5.276,3.8,5.268,3.9,5.272,2.6,5.26,4.4,5.272
05-01-2026-Fri 13-50-37-PM,7.1,5.272,9.0,5.272,8.3,5.264,5.7,5.276,3.8,5.272,4.0,5.272,2.5,5.26,4.5,5.276
05-01-2026-Fri 13-50-38-PM,7.2,5.276,8.7,5.276,8.2,5.268,5.6,5.28,3.7,5.272,3.7,5.28,2.5,5.264,4.5,5.276
05-01-2026-Fri 13-50-40-PM,Power Off
05-01-2026-Fri 13-50-41-PM,-0.1,2.488,-0.2,2.44,0.0,2.456,-0.2,2.416,-0.1,2.4,-0.2,2.452,-0.2,2.388,-0.1,2.544
05-01-2026-Fri 13-50-43-PM,-0.1,2.356,-0.3,2.352,0.0,2.34,-0.1,2.304,-0.4,2.292,-0.1,2.332,0.0,2.28,0.0,2.412
05-01-2026-Fri 13-50-44-PM,-0.3,2.276,-0.2,2.296,-0.1,2.276,-0.2,2.236,-0.4,2.228,-0.3,2.268,-0.3,2.212,0.0,2.332
05-01-2026-Fri 13-50-45-PM,-0.2,2.22,-0.3,2.256,-0.2,2.224,-0.2,2.184,-0.2,2.184,-0.2,2.216,-0.1,2.164,-0.1,2.276
05-01-2026-Fri 13-50-47-PM,-0.4,2.172,-0.2,2.224,-0.1,2.184,-0.2,2.144,-0.3,2.144,-0.2,2.176,-0.3,2.124,0.1,2.224
05-01-2026-Fri 13-50-48-PM,-0.2,2.132,-0.4,2.196,0.0,2.152,-0.2,2.108,-0.1,2.12,0.0,2.148,-0.2,2.092,0.1,2.196
05-01-2026-Fri 13-50-50-PM,-0.3,2.1,-0.1,2.172,-0.1,2.128,0.0,2.084,0.1,2.092,-0.2,2.124,-0.3,2.068,0.0,2.16
05-01-2026-Fri 13-50-51-PM,-0.1,2.068,-0.3,2.156,0.0,2.104,0.0,2.06,0.0,2.076,0.0,2.1,-0.2,2.044,-0.1,2.136
05-01-2026-Fri 13-50-53-PM,-0.4,2.044,-0.2,2.136,-0.1,2.084,0.2,2.04,-0.4,2.056,-0.1,2.08,-0.2,2.02,-0.1,2.108
05-01-2026-Fri 13-50-54-PM,-0.1,2.024,-0.1,2.12,-0.2,2.068,0.1,2.02,-0.3,2.036,0.0,2.06,-0.4,2.004,0.1,2.088
05-01-2026-Fri 13-50-55-PM,-0.2,2.004,0.0,2.104,-0.2,2.052,-0.1,2.004,-0.1,2.02,-0.1,2.044,0.0,1.984,0.1,2.072
05-01-2026-Fri 13-50-57-PM,-0.2,1.984,-0.3,2.092,-0.1,2.036,0.1,1.988,-0.2,2.004,0.2,2.028,-0.3,1.968,0.0,2.052
05-01-2026-Fri 13-50-58-PM,-0.4,1.968,-0.2,2.08,-0.3,2.02,-0.1,1.972,-0.2,1.992,-0.2,2.012,-0.2,1.952,0.0,2.036
05-01-2026-Fri 13-51-00-PM,-0.1,1.952,-0.1,2.064,-0.1,2.008,0.0,1.96,-0.3,1.984,0.2,2.004,-0.3,1.936,-0.1,2.02
05-01-2026-Fri 13-51-01-PM,-0.3,1.94,-0.2,2.056,-0.1,2.0,0.1,1.948,-0.3,1.968,0.1,1.988,-0.3,1.924,-0.1,2.008
05-01-2026-Fri 13-51-02-PM,0.0,1.924,-0.2,2.044,-0.1,1.984,-0.2,1.936,-0.1,1.956,-0.1,1.976,-0.1,1.912,-0.1,1.992
05-01-2026-Fri 13-51-04-PM,-0.4,1.912,-0.1,2.036,0.0,1.972,0.0,1.924,-0.2,1.948,-0.4,1.964,-0.1,1.9,0.0,1.984
05-01-2026-Fri 13-51-05-PM,-0.1,1.9,-0.3,2.024,-0.1,1.964,-0.1,1.916,-0.1,1.94,0.2,1.956,-0.1,1.892,0.4,1.972
05-01-2026-Fri 13-51-07-PM,-0.2,1.888,-0.1,2.02,-0.2,1.956,-0.3,1.908,-0.2,1.932,-0.1,1.948,-0.2,1.88,-0.1,1.964
05-01-2026-Fri 13-51-08-PM,-0.3,1.88,-0.2,2.008,-0.1,1.948,-0.2,1.9,-0.5,1.92,0.0,1.936,-0.3,1.872,0.2,1.952
05-01-2026-Fri 13-51-09-PM,-0.1,1.872,-0.5,2.0,-0.1,1.936,0.0,1.892,-0.2,1.912,-0.1,1.928,-0.1,1.86,-0.2,1.944
05-01-2026-Fri 13-51-11-PM,-0.3,1.86,-0.4,1.992,0.0,1.928,-0.2,1.884,-0.3,1.904,-0.1,1.924,-0.3,1.848,-0.1,1.932
05-01-2026-Fri 13-51-12-PM,-0.3,1.852,-0.2,1.984,-0.2,1.92,-0.2,1.872,-0.5,1.896,0.0,1.912,-0.2,1.836,-0.1,1.924
05-01-2026-Fri 13-51-14-PM,-0.2,1.844,-0.3,1.976,-0.1,1.916,-0.1,1.864,0.0,1.884,-0.2,1.908,-0.2,1.832,0.0,1.912
05-01-2026-Fri 13-51-17-PM,-0.2,1.828,-0.2,1.964,0.0,1.9,-0.1,1.852,-0.3,1.876,-0.1,1.888,-0.2,1.816,0.2,1.9
05-01-2026-Fri 13-51-20-PM,-0.2,1.816,-0.4,1.952,-0.1,1.884,-0.5,1.836,0.1,1.86,0.0,1.88,-0.2,1.804,-0.4,1.884
05-01-2026-Fri 13-51-21-PM,0.1,1.808,-0.2,1.948,-0.3,1.88,0.0,1.832,-0.3,1.856,-0.3,1.868,0.1,1.796,0.1,1.88
05-01-2026-Fri 13-51-22-PM,-0.3,1.804,-0.3,1.944,0.2,1.872,-0.2,1.824,0.0,1.848,0.1,1.864,0.0,1.788,-0.1,1.876
05-01-2026-Fri 13-51-24-PM,-0.2,1.8,-0.2,1.936,-0.3,1.868,-0.1,1.82,-0.4,1.84,0.0,1.86,-0.1,1.78,-0.1,1.868
05-01-2026-Fri 13-51-25-PM,0.0,1.792,-0.5,1.932,-0.1,1.864,0.0,1.816,-0.3,1.836,-0.1,1.852,-0.2,1.776,-0.1,1.86
05-01-2026-Fri 13-51-27-PM,-0.2,1.788,-0.3,1.924,-0.1,1.86,0.0,1.812,-0.2,1.832,0.0,1.848,-0.3,1.768,-0.2,1.852
05-01-2026-Fri 13-51-28-PM,-0.3,1.78,-0.3,1.92,0.1,1.848,-0.1,1.804,-0.1,1.828,0.2,1.84,0.0,1.76,-0.1,1.852
05-01-2026-Fri 13-51-30-PM,-0.2,1.776,-0.5,1.912,0.0,1.844,-0.2,1.792,-0.2,1.82,0.3,1.836,-0.4,1.752,0.2,1.836
05-01-2026-Fri 13-51-32-PM,-0.1,1.768,-0.4,1.904,-0.1,1.836,-0.2,1.784,-0.2,1.812,0.1,1.828,-0.3,1.744,0.0,1.832
05-01-2026-Fri 13-51-33-PM,-0.1,1.764,-0.2,1.904,-0.2,1.828,-0.1,1.78,-0.3,1.804,-0.2,1.82,-0.1,1.74,0.0,1.828
05-01-2026-Fri 13-51-35-PM,-0.2,1.756,-0.2,1.896,-0.1,1.828,-0.1,1.776,-0.1,1.8,0.1,1.816,-0.3,1.736,-0.1,1.82
05-01-2026-Fri 13-51-36-PM,-0.1,1.752,-0.3,1.896,0.1,1.82,-0.1,1.772,-0.1,1.796,0.2,1.816,-0.2,1.732,0.0,1.82
05-01-2026-Fri 13-51-37-PM,-0.3,1.748,-0.1,1.888,-0.2,1.82,0.0,1.768,-0.3,1.792,0.0,1.812,-0.1,1.724,-0.1,1.816
05-01-2026-Fri 13-51-39-PM,-0.2,1.748,-0.3,1.888,-0.2,1.812,-0.2,1.76,-0.1,1.788,-0.1,1.808,-0.2,1.724,-0.2,1.808
05-01-2026-Fri 13-51-40-PM,-0.3,1.74,-0.2,1.88,0.2,1.808,0.0,1.756,0.0,1.784,0.2,1.804,-0.1,1.716,-0.1,1.808
05-01-2026-Fri 13-51-42-PM,-0.3,1.74,-0.1,1.88,-0.2,1.804,0.2,1.752,-0.3,1.78,0.0,1.8,0.0,1.712,0.0,1.804
05-01-2026-Fri 13-51-43-PM,-0.3,1.732,-0.3,1.876,0.1,1.8,-0.1,1.748,-0.3,1.776,-0.2,1.796,-0.2,1.708,0.0,1.796
05-01-2026-Fri 13-51-45-PM,0.1,1.728,-0.3,1.868,-0.2,1.796,0.1,1.744,-0.3,1.772,0.0,1.796,-0.4,1.704,-0.1,1.792
05-01-2026-Fri 13-51-46-PM,-0.2,1.728,-0.3,1.868,0.1,1.792,-0.2,1.74,-0.3,1.768,0.0,1.788,-0.2,1.7,0.1,1.792
05-01-2026-Fri 13-51-47-PM,0.1,1.724,-0.1,1.864,0.0,1.792,-0.1,1.74,-0.4,1.768,-0.3,1.784,-0.4,1.696,-0.1,1.784
05-01-2026-Fri 13-51-49-PM,0.1,1.72,-0.4,1.86,-0.2,1.784,-0.1,1.732,0.1,1.76,0.0,1.78,-0.2,1.692,0.0,1.78
05-01-2026-Fri 13-51-50-PM,0.1,1.716,-0.4,1.852,0.1,1.78,-0.2,1.732,-0.3,1.756,0.3,1.776,-0.2,1.688,0.1,1.78
05-01-2026-Fri 13-51-52-PM,-0.3,1.708,-0.3,1.852,0.1,1.78,-0.2,1.728,-0.1,1.752,0.0,1.772,0.0,1.688,-0.1,1.772
05-01-2026-Fri 13-51-53-PM,-0.3,1.712,-0.2,1.848,0.2,1.776,-0.3,1.72,-0.3,1.748,-0.4,1.772,0.0,1.68,-0.2,1.772
05-01-2026-Fri 13-51-54-PM,-0.3,1.704,0.0,1.848,0.0,1.772,-0.2,1.716,-0.3,1.748,-0.1,1.768,-0.3,1.676,-0.2,1.764
05-01-2026-Fri 13-51-56-PM,-0.3,1.704,-0.2,1.844,0.0,1.768,-0.2,1.716,-0.2,1.744,0.1,1.764,0.2,1.672,0.1,1.764
05-01-2026-Fri 13-51-57-PM,-0.1,1.7,-0.6,1.836,-0.1,1.764,0.0,1.712,-0.1,1.74,0.3,1.76,-0.2,1.672,-0.3,1.76
05-01-2026-Fri 13-51-59-PM,-0.1,1.696,-0.2,1.832,-0.2,1.76,-0.3,1.708,-0.4,1.74,-0.2,1.756,-0.2,1.664,-0.2,1.756
05-01-2026-Fri 13-52-00-PM,-0.2,1.696,-0.2,1.832,-0.1,1.756,-0.1,1.708,-0.3,1.732,-0.2,1.756,-0.2,1.66,-0.2,1.752
05-01-2026-Fri 13-52-01-PM,-0.3,1.688,-0.6,1.828,0.3,1.752,-0.2,1.7,-0.3,1.732,0.1,1.752,-0.2,1.664,-0.2,1.748
05-01-2026-Fri 13-52-03-PM,-0.2,1.684,0.0,1.824,0.1,1.748,-0.1,1.7,-0.1,1.724,-0.1,1.748,-0.1,1.656,-0.2,1.744
05-01-2026-Fri 13-52-04-PM,-0.1,1.684,-0.3,1.82,-0.1,1.744,0.0,1.696,-0.1,1.724,-0.2,1.748,-0.3,1.652,0.0,1.744
05-01-2026-Fri 13-52-06-PM,-0.2,1.68,-0.2,1.82,-0.1,1.74,0.0,1.688,-0.3,1.72,0.2,1.744,-0.2,1.648,0.2,1.74
05-01-2026-Fri 13-52-08-PM,-0.1,1.68,-0.4,1.816,-0.1,1.74,-0.1,1.688,-0.2,1.716,0.1,1.736,-0.1,1.644,-0.3,1.736
05-01-2026-Fri 13-52-09-PM,-0.3,1.68,-0.2,1.812,-0.1,1.736,-0.1,1.684,-0.4,1.716,-0.2,1.736,-0.3,1.644,0.0,1.732
05-01-2026-Fri 13-52-10-PM,-0.2,1.676,-0.5,1.808,-0.1,1.732,-0.1,1.684,-0.3,1.716,0.0,1.732,-0.1,1.64,0.1,1.728
05-01-2026-Fri 13-52-12-PM,-0.2,1.672,-0.5,1.808,0.2,1.732,-0.4,1.68,-0.4,1.708,-0.3,1.732,0.1,1.636,0.0,1.728
05-01-2026-Fri 13-52-13-PM,-0.1,1.668,-0.3,1.804,-0.1,1.724,-0.1,1.676,-0.4,1.708,-0.1,1.728,-0.2,1.636,-0.1,1.72
05-01-2026-Fri 13-52-14-PM,-0.1,1.668,-0.5,1.8,-0.1,1.724,-0.2,1.672,-0.3,1.704,-0.1,1.728,-0.1,1.632,-0.2,1.72
05-01-2026-Fri 13-52-16-PM,-0.2,1.664,-0.3,1.796,0.2,1.72,-0.2,1.672,-0.2,1.7,0.2,1.724,-0.1,1.628,0.1,1.72
05-01-2026-Fri 13-52-17-PM,-0.4,1.664,-0.1,1.796,0.0,1.716,-0.1,1.668,-0.2,1.7,0.0,1.72,0.0,1.624,0.1,1.716
05-01-2026-Fri 13-52-19-PM,0.1,1.656,-0.4,1.792,0.0,1.712,0.0,1.668,-0.3,1.696,-0.1,1.716,-0.2,1.62,-0.1,1.712
05-01-2026-Fri 13-52-20-PM,-0.5,1.656,-0.3,1.788,-0.2,1.712,0.2,1.664,-0.1,1.696,-0.1,1.716,0.1,1.62,-0.1,1.712
05-01-2026-Fri 13-52-21-PM,0.1,1.652,-0.2,1.788,-0.1,1.708,0.0,1.66,-0.2,1.692,-0.2,1.716,-0.3,1.616,0.0,1.708
05-01-2026-Fri 13-52-23-PM,-0.2,1.652,-0.2,1.788,0.4,1.708,-0.2,1.66,-0.3,1.692,0.2,1.712,-0.2,1.616,-0.1,1.704
05-01-2026-Fri 13-52-24-PM,-0.1,1.648,-0.5,1.784,-0.1,1.704,0.0,1.656,-0.2,1.688,-0.2,1.708,-0.1,1.616,0.0,1.7
05-01-2026-Fri 13-52-26-PM,-0.3,1.644,-0.4,1.78,-0.1,1.7,-0.1,1.652,-0.5,1.688,0.2,1.708,-0.2,1.612,0.0,1.696
05-01-2026-Fri 13-52-27-PM,0.1,1.644,-0.2,1.776,-0.1,1.696,-0.3,1.652,-0.3,1.68,-0.2,1.704,-0.3,1.608,0.0,1.696
05-01-2026-Fri 13-52-28-PM,-0.1,1.64,-0.2,1.776,-0.2,1.692,-0.2,1.648,-0.3,1.68,-0.1,1.7,-0.2,1.608,-0.1,1.692
05-01-2026-Fri 13-52-30-PM,-0.3,1.64,-0.3,1.772,0.0,1.692,-0.1,1.644,-0.3,1.68,-0.3,1.7,-0.1,1.604,0.1,1.692
05-01-2026-Fri 13-52-31-PM,-0.4,1.636,-0.4,1.768,-0.1,1.692,-0.2,1.644,-0.5,1.672,0.0,1.7,-0.1,1.6,-0.2,1.692
05-01-2026-Fri 13-52-33-PM,-0.2,1.632,-0.2,1.768,0.2,1.688,0.0,1.64,-0.1,1.676,0.0,1.696,-0.4,1.6,0.0,1.684
05-01-2026-Fri 13-52-34-PM,-0.2,1.632,-0.2,1.768,0.0,1.684,-0.3,1.64,-0.2,1.672,-0.1,1.692,0.0,1.596,-0.2,1.684
05-01-2026-Fri 13-52-35-PM,-0.3,1.628,-0.3,1.764,0.0,1.684,-0.1,1.636,-0.3,1.668,0.0,1.692,0.0,1.596,-0.2,1.684
05-01-2026-Fri 13-52-37-PM,-0.2,1.628,-0.2,1.76,-0.2,1.676,0.0,1.636,-0.2,1.668,-0.1,1.688,-0.6,1.592,0.0,1.68
05-01-2026-Fri 13-52-38-PM,-0.1,1.624,-0.3,1.756,-0.2,1.676,-0.1,1.636,-0.3,1.664,-0.4,1.684,-0.1,1.588,-0.3,1.68
05-01-2026-Fri 13-52-40-PM,0.0,1.624,-0.2,1.756,0.0,1.672,-0.1,1.628,0.0,1.66,0.0,1.684,-0.1,1.588,0.1,1.676
05-01-2026-Fri 13-52-41-PM,-0.2,1.62,-0.3,1.752,0.0,1.672,0.0,1.628,-0.3,1.66,0.1,1.684,0.0,1.588,0.2,1.672
05-01-2026-Fri 13-52-42-PM,0.2,1.62,-0.1,1.752,-0.1,1.672,0.0,1.624,-0.4,1.656,0.0,1.68,-0.1,1.58,-0.3,1.672
05-01-2026-Fri 13-52-44-PM,Power On
05-01-2026-Fri 13-52-45-PM,6.8,5.264,8.3,5.268,8.2,5.26,4.9,5.272,3.4,5.264,3.5,5.268,2.3,5.256,4.3,5.264
05-01-2026-Fri 13-52-46-PM,6.6,5.264,8.0,5.268,7.9,5.264,5.0,5.268,3.5,5.264,3.5,5.268,2.4,5.256,4.1,5.268
05-01-2026-Fri 13-52-48-PM,6.6,5.264,7.9,5.268,7.5,5.264,4.9,5.272,3.1,5.268,3.5,5.268,2.3,5.256,3.7,5.268
05-01-2026-Fri 13-52-49-PM,6.4,5.268,7.8,5.276,7.4,5.264,5.2,5.276,2.8,5.268,3.2,5.272,2.1,5.256,3.9,5.268
05-01-2026-Fri 13-52-50-PM,Power Off
05-01-2026-Fri 13-52-52-PM,-0.2,2.484,-0.5,2.44,-0.3,2.456,-0.1,2.42,-0.3,2.384,-0.1,2.436,-0.2,2.344,-0.1,2.532
05-01-2026-Fri 13-52-53-PM,-0.6,2.344,-0.3,2.348,-0.1,2.332,0.0,2.296,-0.1,2.268,-0.1,2.312,-0.3,2.232,-0.3,2.392
05-01-2026-Fri 13-52-55-PM,-0.1,2.26,-0.4,2.292,0.0,2.26,-0.3,2.224,-0.2,2.2,0.0,2.24,-0.3,2.16,0.1,2.304
05-01-2026-Fri 13-52-57-PM,-0.3,2.188,-0.3,2.244,-0.2,2.204,-0.4,2.164,-0.3,2.148,0.1,2.184,-0.3,2.104,-0.2,2.24
05-01-2026-Fri 13-53-00-PM,-0.1,2.104,-0.4,2.184,-0.2,2.136,-0.2,2.088,-0.1,2.084,0.0,2.116,-0.4,2.036,-0.2,2.16
05-01-2026-Fri 13-53-02-PM,-0.2,2.044,-0.3,2.144,0.1,2.084,0.0,2.036,-0.2,2.036,-0.2,2.068,-0.2,1.988,0.1,2.104
05-01-2026-Fri 13-53-03-PM,0.0,2.02,-0.4,2.124,-0.3,2.068,-0.3,2.016,0.0,2.016,-0.1,2.048,-0.1,1.968,0.1,2.08
05-01-2026-Fri 13-53-05-PM,-0.1,2.0,-0.4,2.112,0.0,2.048,-0.1,2.0,-0.2,2.004,-0.2,2.028,-0.3,1.948,-0.1,2.06
05-01-2026-Fri 13-53-06-PM,-0.3,1.98,-0.2,2.092,0.0,2.032,-0.1,1.984,-0.4,1.988,0.0,2.016,0.1,1.932,-0.2,2.044
05-01-2026-Fri 13-53-08-PM,-0.3,1.964,-0.3,2.084,0.2,2.02,0.1,1.968,-0.2,1.972,-0.1,2.0,0.0,1.916,-0.3,2.028
05-01-2026-Fri 13-53-10-PM,-0.2,1.94,-0.3,2.068,0.0,2.0,-0.2,1.948,-0.3,1.956,-0.3,1.98,-0.2,1.896,-0.2,2.008
05-01-2026-Fri 13-53-11-PM,-0.3,1.928,-0.2,2.056,-0.3,1.988,0.0,1.94,-0.2,1.948,-0.1,1.968,-0.2,1.888,0.0,1.992
05-01-2026-Fri 13-53-12-PM,-0.3,1.916,-0.3,2.044,-0.2,1.976,-0.3,1.928,-0.5,1.936,0.0,1.956,-0.3,1.872,0.2,1.98
05-01-2026-Fri 13-53-14-PM,-0.2,1.9,-0.4,2.04,-0.2,1.964,0.1,1.916,-0.2,1.924,0.0,1.948,-0.1,1.864,-0.3,1.968
05-01-2026-Fri 13-53-15-PM,-0.4,1.892,-0.3,2.028,-0.2,1.956,-0.3,1.908,0.0,1.912,-0.1,1.936,-0.4,1.852,-0.2,1.96
05-01-2026-Fri 13-53-16-PM,-0.2,1.876,-0.4,2.016,-0.2,1.948,-0.4,1.896,-0.3,1.904,0.1,1.928,-0.2,1.84,0.2,1.948
05-01-2026-Fri 13-53-18-PM,-0.3,1.872,-0.4,2.008,-0.2,1.932,-0.1,1.888,-0.2,1.896,0.0,1.92,-0.2,1.832,0.0,1.936
05-01-2026-Fri 13-53-20-PM,-0.1,1.86,-0.3,2.0,-0.2,1.924,0.0,1.876,-0.2,1.892,0.0,1.912,-0.2,1.824,-0.2,1.928
05-01-2026-Fri 13-53-21-PM,-0.4,1.848,-0.2,1.992,0.1,1.912,-0.1,1.868,-0.4,1.876,0.0,1.9,-0.2,1.808,-0.1,1.916
05-01-2026-Fri 13-53-22-PM,0.2,1.84,-0.1,1.984,-0.3,1.904,-0.1,1.856,-0.2,1.868,0.1,1.892,-0.2,1.8,-0.2,1.908
05-01-2026-Fri 13-53-24-PM,0.0,1.828,-0.3,1.976,0.0,1.9,0.1,1.848,-0.4,1.86,0.2,1.884,-0.4,1.796,-0.1,1.896
05-01-2026-Fri 13-53-25-PM,-0.3,1.82,-0.3,1.972,-0.1,1.892,-0.3,1.844,-0.4,1.852,0.1,1.876,-0.3,1.788,0.2,1.892
05-01-2026-Fri 13-53-27-PM,-0.1,1.816,0.0,1.964,-0.1,1.884,0.0,1.836,-0.2,1.848,0.0,1.868,-0.1,1.78,0.0,1.88
05-01-2026-Fri 13-53-28-PM,-0.3,1.808,-0.1,1.956,-0.2,1.884,-0.2,1.828,-0.3,1.844,0.0,1.86,0.0,1.772,-0.1,1.876
05-01-2026-Fri 13-53-29-PM,-0.3,1.804,-0.1,1.952,-0.3,1.872,-0.1,1.824,-0.3,1.836,0.1,1.856,-0.1,1.76,-0.1,1.868
05-01-2026-Fri 13-53-31-PM,-0.4,1.796,-0.4,1.948,0.0,1.868,-0.1,1.816,-0.2,1.828,0.0,1.852,-0.2,1.76,-0.1,1.864
05-01-2026-Fri 13-53-32-PM,-0.2,1.788,-0.2,1.94,-0.1,1.86,-0.3,1.812,-0.1,1.824,-0.2,1.844,-0.2,1.752,0.3,1.856
05-01-2026-Fri 13-53-34-PM,0.0,1.784,-0.3,1.936,-0.1,1.856,-0.2,1.808,-0.1,1.82,0.0,1.84,-0.3,1.748,-0.1,1.848
05-01-2026-Fri 13-53-35-PM,-0.1,1.78,-0.3,1.932,0.1,1.848,0.1,1.796,-0.2,1.812,0.1,1.836,-0.3,1.74,-0.1,1.844
05-01-2026-Fri 13-53-36-PM,-0.3,1.776,-0.2,1.928,0.0,1.844,0.0,1.792,-0.2,1.808,-0.2,1.828,-0.2,1.736,0.1,1.84
05-01-2026-Fri 13-53-38-PM,0.2,1.768,-0.1,1.92,-0.2,1.84,-0.2,1.784,-0.4,1.804,0.0,1.82,-0.3,1.728,0.0,1.832
05-01-2026-Fri 13-53-39-PM,-0.2,1.768,-0.3,1.916,-0.2,1.836,-0.3,1.784,-0.2,1.8,-0.2,1.816,-0.1,1.724,0.0,1.828
05-01-2026-Fri 13-53-41-PM,-0.1,1.764,-0.3,1.912,0.0,1.828,-0.3,1.776,-0.2,1.792,-0.1,1.816,0.2,1.716,-0.3,1.824
05-01-2026-Fri 13-53-42-PM,-0.2,1.756,-0.3,1.908,0.1,1.824,-0.1,1.772,-0.5,1.788,0.0,1.808,-0.3,1.712,-0.2,1.82
05-01-2026-Fri 13-53-44-PM,-0.2,1.752,-0.1,1.904,-0.1,1.82,0.0,1.764,-0.4,1.784,-0.1,1.804,0.0,1.708,-0.1,1.812
05-01-2026-Fri 13-53-45-PM,0.2,1.748,-0.5,1.9,-0.2,1.816,-0.2,1.76,-0.3,1.776,-0.1,1.8,-0.3,1.7,-0.1,1.804
05-01-2026-Fri 13-53-47-PM,0.1,1.744,-0.4,1.892,0.0,1.808,-0.1,1.752,-0.1,1.776,0.0,1.796,-0.2,1.7,0.0,1.804
05-01-2026-Fri 13-53-48-PM,-0.1,1.74,-0.3,1.892,-0.3,1.804,-0.3,1.756,-0.4,1.772,-0.1,1.792,-0.1,1.696,0.2,1.8
05-01-2026-Fri 13-53-49-PM,-0.2,1.736,-0.4,1.888,0.0,1.8,-0.2,1.748,-0.1,1.768,0.1,1.788,-0.2,1.692,0.1,1.796
05-01-2026-Fri 13-53-51-PM,-0.1,1.732,-0.1,1.884,0.0,1.796,-0.2,1.744,-0.2,1.764,0.1,1.784,-0.2,1.684,0.1,1.792
05-01-2026-Fri 13-53-52-PM,-0.3,1.728,-0.2,1.884,0.1,1.792,-0.1,1.736,-0.3,1.76,-0.1,1.78,-0.1,1.68,0.1,1.784
05-01-2026-Fri 13-53-54-PM,0.2,1.724,-0.2,1.876,-0.2,1.788,-0.3,1.736,-0.3,1.752,-0.1,1.776,-0.3,1.676,0.0,1.784
05-01-2026-Fri 13-53-55-PM,0.1,1.72,-0.5,1.872,0.0,1.788,0.2,1.728,-0.6,1.748,0.1,1.772,0.0,1.672,-0.1,1.784
05-01-2026-Fri 13-53-56-PM,0.0,1.716,0.0,1.864,-0.2,1.784,-0.1,1.724,-0.3,1.748,-0.2,1.768,-0.3,1.668,0.0,1.776
05-01-2026-Fri 13-53-58-PM,-0.1,1.712,-0.3,1.864,-0.1,1.78,0.0,1.724,-0.3,1.744,-0.1,1.768,-0.2,1.668,-0.1,1.772
05-01-2026-Fri 13-53-59-PM,-0.2,1.708,-0.3,1.86,0.1,1.772,-0.3,1.716,0.2,1.74,0.2,1.764,-0.1,1.664,-0.2,1.768
05-01-2026-Fri 13-54-01-PM,-0.2,1.704,-0.2,1.856,0.0,1.768,-0.2,1.72,-0.2,1.736,0.1,1.76,0.2,1.66,-0.2,1.764
05-01-2026-Fri 13-54-02-PM,-0.1,1.7,-0.2,1.852,-0.2,1.764,-0.3,1.712,-0.1,1.736,-0.1,1.756,-0.5,1.656,-0.2,1.76
05-01-2026-Fri 13-54-03-PM,-0.1,1.7,-0.2,1.852,0.2,1.76,0.0,1.708,-0.1,1.732,-0.2,1.756,-0.1,1.652,0.2,1.756
05-01-2026-Fri 13-54-05-PM,-0.1,1.696,-0.4,1.848,0.0,1.76,-0.2,1.704,-0.3,1.724,-0.2,1.752,-0.1,1.648,0.1,1.752
05-01-2026-Fri 13-54-06-PM,0.1,1.692,-0.2,1.844,0.0,1.756,-0.2,1.704,-0.3,1.724,0.0,1.748,-0.1,1.644,0.0,1.748
05-01-2026-Fri 13-54-08-PM,-0.2,1.688,-0.2,1.84,0.1,1.752,-0.1,1.696,-0.2,1.724,-0.3,1.744,-0.2,1.644,-0.1,1.748
05-01-2026-Fri 13-54-09-PM,-0.4,1.688,-0.2,1.84,0.0,1.748,-0.1,1.696,-0.4,1.72,-0.1,1.74,0.1,1.636,-0.1,1.74
05-01-2026-Fri 13-54-10-PM,-0.2,1.684,-0.1,1.836,-0.1,1.744,-0.1,1.692,-0.2,1.716,0.0,1.736,-0.4,1.636,-0.1,1.74
05-01-2026-Fri 13-54-12-PM,-0.3,1.684,-0.3,1.832,-0.1,1.74,-0.1,1.688,-0.1,1.712,-0.1,1.736,-0.3,1.632,0.0,1.736
05-01-2026-Fri 13-54-13-PM,-0.3,1.68,-0.3,1.828,-0.3,1.74,-0.3,1.684,-0.3,1.708,0.0,1.732,-0.1,1.628,-0.1,1.732
05-01-2026-Fri 13-54-15-PM,-0.3,1.68,-0.2,1.828,-0.3,1.736,0.0,1.68,0.0,1.708,-0.3,1.732,-0.3,1.628,-0.2,1.728
05-01-2026-Fri 13-54-16-PM,-0.1,1.676,-0.1,1.824,-0.1,1.732,-0.1,1.68,-0.4,1.704,-0.1,1.728,0.1,1.624,0.3,1.724
05-01-2026-Fri 13-54-17-PM,-0.2,1.668,-0.2,1.82,-0.1,1.728,-0.1,1.676,-0.3,1.7,0.0,1.728,-0.3,1.62,-0.1,1.724
05-01-2026-Fri 13-54-19-PM,0.1,1.668,-0.2,1.82,-0.1,1.724,-0.2,1.672,-0.5,1.7,0.0,1.72,-0.2,1.62,0.0,1.72
05-01-2026-Fri 13-54-20-PM,-0.3,1.668,-0.2,1.816,-0.2,1.72,0.1,1.668,-0.4,1.696,-0.3,1.72,-0.4,1.616,0.1,1.716
05-01-2026-Fri 13-54-22-PM,0.0,1.66,-0.3,1.812,0.1,1.72,0.1,1.668,-0.2,1.692,0.1,1.716,-0.3,1.612,-0.1,1.716
05-01-2026-Fri 13-54-23-PM,-0.2,1.66,-0.1,1.812,-0.2,1.716,-0.2,1.664,-0.3,1.692,0.1,1.712,-0.1,1.612,-0.1,1.712
05-01-2026-Fri 13-54-24-PM,-0.2,1.66,-0.2,1.808,0.0,1.712,-0.2,1.66,-0.2,1.688,0.0,1.708,-0.2,1.608,0.0,1.708
05-01-2026-Fri 13-54-26-PM,-0.4,1.652,-0.2,1.804,0.1,1.708,-0.1,1.66,-0.5,1.688,-0.2,1.712,-0.1,1.604,-0.2,1.704
05-01-2026-Fri 13-54-27-PM,-0.2,1.652,0.1,1.804,-0.1,1.704,-0.2,1.656,-0.3,1.684,0.0,1.704,0.0,1.604,-0.1,1.704
05-01-2026-Fri 13-54-29-PM,-0.3,1.652,-0.5,1.8,0.0,1.704,-0.2,1.652,-0.3,1.68,0.1,1.704,0.1,1.6,0.0,1.7
05-01-2026-Fri 13-54-30-PM,-0.3,1.648,-0.3,1.796,0.0,1.7,0.0,1.648,-0.3,1.676,-0.1,1.7,-0.2,1.596,0.0,1.7
05-01-2026-Fri 13-54-31-PM,-0.3,1.644,-0.5,1.796,-0.1,1.7,0.0,1.652,-0.2,1.672,-0.2,1.7,-0.1,1.592,-0.1,1.696
05-01-2026-Fri 13-54-33-PM,-0.2,1.644,-0.3,1.792,-0.1,1.692,0.0,1.648,-0.3,1.676,0.3,1.696,0.1,1.592,0.1,1.692
05-01-2026-Fri 13-54-34-PM,-0.1,1.64,-0.2,1.792,0.0,1.692,0.1,1.64,-0.3,1.672,0.1,1.692,0.1,1.588,-0.1,1.688
05-01-2026-Fri 13-54-35-PM,-0.3,1.64,-0.5,1.788,-0.2,1.688,-0.1,1.64,-0.3,1.668,-0.2,1.688,-0.3,1.588,0.0,1.684
05-01-2026-Fri 13-54-37-PM,0.1,1.636,-0.1,1.784,-0.2,1.684,-0.5,1.64,-0.3,1.664,-0.1,1.688,0.0,1.588,0.0,1.684
05-01-2026-Fri 13-54-38-PM,Power On
05-01-2026-Fri 13-54-40-PM,6.3,5.268,7.3,5.268,7.0,5.264,4.7,5.272,3.2,5.268,3.1,5.268,2.1,5.26,3.7,5.268
05-01-2026-Fri 13-54-41-PM,6.0,5.264,7.1,5.268,6.7,5.264,4.4,5.272,2.6,5.268,3.1,5.272,2.0,5.256,3.7,5.272
05-01-2026-Fri 13-54-42-PM,5.6,5.264,6.8,5.272,6.7,5.264,4.4,5.268,2.8,5.268,3.0,5.272,1.8,5.256,3.5,5.268
05-01-2026-Fri 13-54-44-PM,5.7,5.268,6.8,5.272,6.4,5.264,4.0,5.272,2.7,5.268,2.6,5.272,2.0,5.26,3.5,5.268
05-01-2026-Fri 13-54-45-PM,Power Off
05-01-2026-Fri 13-54-46-PM,-0.1,2.508,-0.2,2.46,-0.1,2.476,-0.1,2.436,-0.3,2.396,-0.1,2.448,-0.3,2.352,-0.3,2.548
05-01-2026-Fri 13-54-48-PM,-0.2,2.364,-0.3,2.364,0.0,2.348,0.1,2.316,-0.7,2.28,0.0,2.324,-0.3,2.236,0.1,2.412
05-01-2026-Fri 13-54-49-PM,-0.3,2.272,-0.1,2.308,-0.1,2.276,0.1,2.244,-0.4,2.212,-0.4,2.256,-0.1,2.168,-0.2,2.324
05-01-2026-Fri 13-54-51-PM,-0.3,2.216,-0.3,2.264,-0.1,2.224,-0.2,2.188,-0.2,2.168,0.0,2.204,0.3,2.116,-0.2,2.268
05-01-2026-Fri 13-54-52-PM,-0.2,2.16,-0.6,2.228,0.0,2.18,-0.1,2.14,-0.5,2.12,-0.2,2.156,-0.1,2.072,0.0,2.212
05-01-2026-Fri 13-54-54-PM,-0.3,2.124,-0.3,2.2,0.1,2.148,-0.4,2.104,-0.3,2.092,-0.1,2.128,-0.3,2.04,0.0,2.176
05-01-2026-Fri 13-54-55-PM,-0.2,2.096,-0.4,2.18,0.1,2.124,-0.1,2.076,-0.5,2.068,-0.1,2.104,-0.2,2.016,0.2,2.144
05-01-2026-Fri 13-54-56-PM,-0.2,2.068,0.0,2.16,0.0,2.096,-0.3,2.056,-0.1,2.044,-0.1,2.08,0.1,1.992,-0.1,2.12
05-01-2026-Fri 13-54-58-PM,0.1,2.044,-0.1,2.14,-0.1,2.08,0.1,2.036,-0.4,2.024,-0.1,2.056,-0.1,1.968,-0.2,2.092
05-01-2026-Fri 13-54-59-PM,-0.2,2.016,-0.3,2.128,-0.3,2.06,-0.1,2.016,-0.2,2.008,0.1,2.04,-0.1,1.952,-0.1,2.072
05-01-2026-Fri 13-55-00-PM,Power On
05-01-2026-Fri 13-55-02-PM,5.4,5.264,6.6,5.264,6.6,5.26,4.3,5.268,2.6,5.268,2.9,5.268,1.5,5.256,3.4,5.264
05-01-2026-Fri 13-55-03-PM,5.6,5.264,6.7,5.268,6.5,5.26,4.2,5.268,2.6,5.264,2.9,5.264,1.7,5.252,3.4,5.268
05-01-2026-Fri 13-55-04-PM,5.5,5.26,6.4,5.268,6.0,5.256,4.2,5.268,2.6,5.26,2.8,5.264,1.8,5.252,3.0,5.264
05-01-2026-Fri 13-55-06-PM,5.4,5.264,6.3,5.272,6.2,5.26,3.8,5.268,2.3,5.264,2.5,5.264,1.9,5.252,3.0,5.264
05-01-2026-Fri 13-55-07-PM,5.4,5.264,6.4,5.268,6.2,5.264,4.0,5.268,2.6,5.264,2.5,5.268,1.7,5.256,3.3,5.264
05-01-2026-Fri 13-55-08-PM,5.3,5.264,6.5,5.272,6.2,5.26,4.1,5.268,2.8,5.264,2.8,5.268,1.9,5.256,3.3,5.268
05-01-2026-Fri 13-55-11-PM,Power Off
05-01-2026-Fri 13-55-14-PM,-0.6,2.44,-0.3,2.404,-0.3,2.404,-0.3,2.372,-0.3,2.356,-0.1,2.404,-0.3,2.34,0.0,2.492
05-01-2026-Fri 13-55-17-PM,-0.5,2.3,-0.2,2.308,0.1,2.28,-0.2,2.252,-0.3,2.24,-0.3,2.28,-0.2,2.228,0.0,2.348
05-01-2026-Fri 13-55-20-PM,-0.1,2.224,-0.1,2.252,0.0,2.208,0.0,2.172,-0.1,2.18,0.0,2.208,-0.2,2.16,-0.1,2.268
05-01-2026-Fri 13-55-22-PM,-0.2,2.164,-0.2,2.208,-0.3,2.16,-0.1,2.12,-0.3,2.132,0.0,2.16,-0.4,2.112,0.1,2.212
05-01-2026-Fri 13-55-23-PM,-0.4,2.136,-0.5,2.192,-0.3,2.14,0.0,2.1,-0.3,2.112,-0.2,2.14,-0.3,2.088,-0.1,2.188
05-01-2026-Fri 13-55-24-PM,-0.3,2.112,-0.5,2.176,-0.3,2.12,-0.3,2.076,-0.2,2.096,0.2,2.116,-0.3,2.076,-0.3,2.164
05-01-2026-Fri 13-55-26-PM,-0.3,2.092,-0.4,2.16,-0.1,2.104,-0.1,2.06,-0.2,2.08,-0.3,2.108,0.0,2.056,0.0,2.14
05-01-2026-Fri 13-55-27-PM,-0.4,2.076,-0.4,2.148,-0.1,2.088,0.0,2.04,-0.5,2.068,-0.1,2.088,-0.1,2.04,-0.1,2.128
05-01-2026-Fri 13-55-28-PM,-0.2,2.056,-0.5,2.132,-0.3,2.076,-0.2,2.028,-0.1,2.056,0.0,2.076,0.0,2.02,0.0,2.108
05-01-2026-Fri 13-55-30-PM,-0.3,2.04,-0.4,2.124,-0.1,2.064,-0.2,2.016,-0.5,2.044,0.0,2.06,-0.2,2.008,0.1,2.096
05-01-2026-Fri 13-55-31-PM,0.1,2.024,-0.1,2.112,0.0,2.052,0.0,2.0,-0.4,2.024,0.1,2.048,0.0,1.996,0.1,2.08
05-01-2026-Fri 13-55-33-PM,0.0,2.012,-0.3,2.1,-0.3,2.04,-0.2,1.992,-0.2,2.024,0.1,2.036,-0.4,1.984,0.2,2.064
05-01-2026-Fri 13-55-34-PM,-0.3,1.996,-0.4,2.092,0.1,2.028,-0.4,1.98,-0.3,2.012,0.0,2.028,-0.2,1.968,0.1,2.056
05-01-2026-Fri 13-55-36-PM,-0.2,1.984,0.0,2.084,-0.1,2.016,-0.2,1.968,-0.2,2.0,0.0,2.016,0.0,1.96,0.1,2.044
05-01-2026-Fri 13-55-37-PM,-0.5,1.972,-0.4,2.076,-0.1,2.008,-0.1,1.96,-0.1,1.992,0.0,2.004,-0.4,1.948,0.1,2.032
05-01-2026-Fri 13-55-39-PM,0.2,1.956,-0.1,2.068,-0.3,1.996,0.0,1.948,-0.1,1.98,0.2,1.996,-0.3,1.936,0.0,2.02
05-01-2026-Fri 13-55-40-PM,-0.1,1.948,-0.3,2.056,-0.2,1.984,-0.1,1.936,-0.1,1.968,0.0,1.984,-0.1,1.924,0.0,2.004
05-01-2026-Fri 13-55-42-PM,-0.3,1.936,-0.3,2.052,-0.1,1.976,-0.2,1.928,-0.4,1.964,-0.1,1.976,-0.2,1.912,0.1,2.0
05-01-2026-Fri 13-55-43-PM,-0.4,1.928,-0.4,2.04,-0.2,1.968,-0.1,1.92,-0.4,1.956,0.3,1.964,-0.2,1.904,0.0,1.984
05-01-2026-Fri 13-55-44-PM,-0.2,1.916,-0.2,2.036,0.0,1.96,0.0,1.912,-0.2,1.948,0.1,1.96,-0.5,1.896,0.2,1.98
05-01-2026-Fri 13-55-46-PM,-0.1,1.912,-0.2,2.028,0.0,1.952,0.1,1.908,-0.3,1.94,-0.3,1.952,-0.2,1.888,0.1,1.972
05-01-2026-Fri 13-55-47-PM,-0.1,1.9,-0.2,2.02,-0.2,1.948,-0.2,1.9,-0.2,1.928,0.0,1.944,-0.3,1.88,0.1,1.964
05-01-2026-Fri 13-55-49-PM,-0.4,1.892,-0.2,2.012,0.1,1.944,0.0,1.892,-0.1,1.928,0.1,1.94,-0.2,1.868,-0.1,1.956
05-01-2026-Fri 13-55-50-PM,-0.2,1.884,-0.2,2.012,-0.1,1.936,-0.2,1.888,-0.3,1.92,-0.1,1.932,0.0,1.864,0.1,1.948
05-01-2026-Fri 13-55-51-PM,-0.2,1.88,-0.3,2.0,-0.1,1.932,0.0,1.876,-0.3,1.912,0.1,1.924,-0.2,1.856,-0.2,1.94
05-01-2026-Fri 13-55-53-PM,-0.2,1.872,-0.1,2.0,-0.2,1.924,-0.1,1.872,-0.5,1.904,0.2,1.916,-0.2,1.848,0.0,1.936
05-01-2026-Fri 13-55-54-PM,-0.4,1.864,-0.1,1.996,-0.1,1.912,0.0,1.868,-0.3,1.904,0.0,1.912,-0.2,1.84,-0.2,1.928
05-01-2026-Fri 13-55-55-PM,-0.2,1.86,-0.2,1.988,-0.1,1.912,-0.1,1.86,-0.2,1.892,-0.3,1.908,-0.2,1.836,0.0,1.92
05-01-2026-Fri 13-55-57-PM,-0.2,1.852,-0.1,1.984,-0.1,1.908,-0.3,1.852,-0.3,1.888,-0.2,1.9,-0.2,1.828,0.2,1.912
05-01-2026-Fri 13-55-58-PM,-0.2,1.848,-0.1,1.98,-0.2,1.9,0.0,1.844,-0.4,1.884,-0.1,1.896,-0.2,1.82,-0.1,1.904
05-01-2026-Fri 13-56-00-PM,-0.4,1.84,-0.5,1.972,-0.3,1.892,-0.1,1.844,-0.3,1.876,0.0,1.888,-0.2,1.816,-0.2,1.9
05-01-2026-Fri 13-56-02-PM,-0.3,1.832,-0.2,1.968,-0.1,1.892,0.2,1.836,-0.1,1.876,0.1,1.884,-0.4,1.808,-0.3,1.896
05-01-2026-Fri 13-56-03-PM,-0.1,1.828,-0.4,1.96,0.1,1.884,-0.2,1.832,-0.3,1.868,-0.1,1.88,0.0,1.8,0.0,1.888
05-01-2026-Fri 13-56-04-PM,Power On
05-01-2026-Fri 13-56-06-PM,5.5,5.268,6.3,5.276,6.0,5.264,4.0,5.268,2.3,5.268,3.1,5.272,2.0,5.26,3.0,5.268
05-01-2026-Fri 13-56-07-PM,5.0,5.268,6.2,5.272,6.0,5.268,4.2,5.272,2.6,5.268,2.6,5.272,1.6,5.26,3.1,5.268
05-01-2026-Fri 13-56-08-PM,4.7,5.268,6.2,5.268,5.8,5.264,4.1,5.276,2.5,5.268,2.7,5.272,1.5,5.26,2.8,5.272
05-01-2026-Fri 13-56-10-PM,4.9,5.268,6.0,5.272,5.7,5.268,3.7,5.272,2.5,5.272,2.8,5.272,1.9,5.26,3.1,5.272
05-01-2026-Fri 13-56-11-PM,Power Off
05-01-2026-Fri 13-56-12-PM,-0.3,2.572,-0.2,2.496,-0.3,2.528,-0.2,2.484,-0.3,2.456,-0.1,2.516,-0.1,2.42,-0.1,2.612
05-01-2026-Fri 13-56-14-PM,-0.2,2.428,-0.5,2.396,0.0,2.4,0.0,2.368,-0.2,2.34,-0.1,2.392,-0.2,2.316,0.0,2.472
05-01-2026-Fri 13-56-15-PM,-0.2,2.348,-0.3,2.344,-0.3,2.324,-0.2,2.3,-0.2,2.272,0.0,2.316,-0.1,2.244,-0.2,2.392
05-01-2026-Fri 13-56-17-PM,-0.2,2.288,-0.2,2.3,0.1,2.272,-0.3,2.244,-0.3,2.224,0.1,2.264,-0.4,2.2,-0.3,2.336
05-01-2026-Fri 13-56-18-PM,-0.2,2.24,-0.2,2.268,0.0,2.228,-0.2,2.2,-0.3,2.192,-0.1,2.224,-0.1,2.164,0.0,2.292
05-01-2026-Fri 13-56-19-PM,-0.1,2.208,-0.1,2.24,-0.1,2.196,0.2,2.168,-0.3,2.164,-0.1,2.196,-0.2,2.132,-0.1,2.252
05-01-2026-Fri 13-56-21-PM,-0.4,2.176,-0.5,2.216,-0.5,2.168,0.0,2.136,-0.4,2.136,0.2,2.168,-0.3,2.108,-0.2,2.22
05-01-2026-Fri 13-56-22-PM,-0.2,2.152,-0.1,2.196,-0.3,2.148,-0.1,2.112,-0.2,2.12,-0.4,2.144,-0.3,2.084,0.0,2.196
05-01-2026-Fri 13-56-24-PM,-0.2,2.124,-0.1,2.18,0.1,2.124,0.0,2.088,-0.3,2.096,-0.1,2.12,0.2,2.068,-0.1,2.172
05-01-2026-Fri 13-56-25-PM,-0.1,2.1,-0.3,2.168,-0.3,2.108,-0.4,2.072,0.0,2.08,-0.1,2.104,-0.3,2.044,-0.1,2.148
05-01-2026-Fri 13-56-26-PM,-0.2,2.08,-0.3,2.148,0.0,2.088,-0.1,2.052,-0.3,2.064,0.0,2.088,-0.1,2.024,0.0,2.128
05-01-2026-Fri 13-56-28-PM,-0.1,2.064,-0.2,2.14,0.0,2.072,0.0,2.032,-0.1,2.052,-0.1,2.072,0.0,2.008,-0.3,2.112
05-01-2026-Fri 13-56-29-PM,-0.2,2.044,-0.1,2.124,-0.3,2.06,-0.2,2.02,-0.2,2.036,-0.1,2.056,-0.4,1.996,-0.1,2.096
05-01-2026-Fri 13-56-31-PM,-0.4,2.028,-0.4,2.116,0.0,2.048,-0.4,2.004,-0.4,2.028,-0.1,2.044,-0.1,1.984,-0.1,2.08
05-01-2026-Fri 13-56-32-PM,0.0,2.012,-0.5,2.1,0.0,2.032,-0.2,1.992,-0.4,2.016,-0.1,2.032,-0.2,1.968,0.0,2.068
05-01-2026-Fri 13-56-33-PM,0.1,1.996,-0.3,2.092,-0.2,2.02,0.0,1.98,-0.5,2.0,0.0,2.02,-0.1,1.956,0.0,2.052
05-01-2026-Fri 13-56-35-PM,-0.4,1.984,-0.1,2.08,0.1,2.008,-0.1,1.968,-0.5,1.992,-0.1,2.008,0.1,1.944,0.1,2.04
05-01-2026-Fri 13-56-36-PM,-0.3,1.972,-0.3,2.072,-0.1,1.996,0.0,1.956,-0.4,1.984,-0.1,1.996,0.0,1.932,-0.1,2.028
05-01-2026-Fri 13-56-37-PM,0.0,1.96,-0.1,2.064,0.0,1.988,0.0,1.948,-0.3,1.972,0.0,1.988,0.1,1.924,-0.1,2.016
05-01-2026-Fri 13-56-39-PM,-0.4,1.948,-0.2,2.056,0.0,1.976,-0.2,1.936,-0.2,1.964,-0.2,1.98,-0.1,1.912,-0.1,2.008
05-01-2026-Fri 13-56-40-PM,-0.2,1.94,-0.2,2.048,-0.2,1.968,0.0,1.928,-0.3,1.956,-0.1,1.972,0.1,1.904,-0.1,1.996
05-01-2026-Fri 13-56-42-PM,-0.3,1.928,-0.4,2.044,-0.3,1.96,-0.3,1.92,-0.2,1.952,0.0,1.964,-0.3,1.896,-0.1,1.988
05-01-2026-Fri 13-56-43-PM,-0.2,1.92,-0.2,2.036,0.0,1.956,-0.1,1.912,-0.1,1.94,0.1,1.952,-0.3,1.884,-0.2,1.976
05-01-2026-Fri 13-56-45-PM,-0.5,1.912,-0.1,2.024,0.1,1.948,-0.4,1.908,-0.1,1.932,0.1,1.948,-0.3,1.876,0.0,1.968
05-01-2026-Fri 13-56-46-PM,-0.2,1.9,-0.3,2.016,0.1,1.936,-0.1,1.896,-0.3,1.924,0.0,1.94,-0.3,1.868,0.0,1.96
05-01-2026-Fri 13-56-47-PM,-0.2,1.892,-0.3,2.012,0.1,1.932,0.0,1.888,-0.2,1.92,0.2,1.932,-0.4,1.86,-0.1,1.952
05-01-2026-Fri 13-56-49-PM,-0.1,1.884,-0.3,2.008,-0.1,1.924,-0.2,1.884,-0.3,1.912,-0.1,1.924,0.0,1.852,0.2,1.948
05-01-2026-Fri 13-56-50-PM,-0.1,1.88,-0.2,2.0,-0.3,1.916,-0.1,1.876,-0.5,1.908,-0.2,1.916,-0.1,1.844,-0.1,1.936
05-01-2026-Fri 13-56-52-PM,-0.2,1.872,-0.2,1.996,0.1,1.912,-0.4,1.868,-0.2,1.9,-0.1,1.912,-0.3,1.836,0.0,1.932
05-01-2026-Fri 13-56-53-PM,-0.6,1.864,-0.1,1.992,-0.2,1.908,-0.1,1.86,-0.2,1.892,0.2,1.908,-0.3,1.832,-0.1,1.924
05-01-2026-Fri 13-56-54-PM,0.1,1.86,-0.5,1.984,-0.2,1.904,-0.2,1.856,-0.4,1.892,0.0,1.9,-0.2,1.82,0.0,1.92
05-01-2026-Fri 13-56-56-PM,-0.3,1.852,-0.5,1.98,-0.1,1.896,0.1,1.852,-0.2,1.88,0.0,1.896,-0.4,1.816,-0.1,1.912
05-01-2026-Fri 13-56-57-PM,-0.3,1.848,-0.6,1.976,-0.1,1.892,0.0,1.844,-0.4,1.876,0.0,1.888,-0.1,1.812,-0.2,1.908
05-01-2026-Fri 13-56-59-PM,-0.1,1.84,-0.5,1.972,-0.2,1.884,-0.3,1.84,-0.3,1.872,0.0,1.884,-0.2,1.804,-0.1,1.904
05-01-2026-Fri 13-57-00-PM,-0.3,1.832,0.0,1.96,-0.1,1.88,-0.2,1.832,-0.1,1.868,-0.1,1.876,0.2,1.8,0.1,1.896
05-01-2026-Fri 13-57-02-PM,-0.1,1.828,-0.3,1.96,-0.1,1.876,0.0,1.828,-0.2,1.86,0.2,1.872,-0.1,1.796,0.1,1.884
05-01-2026-Fri 13-57-03-PM,-0.1,1.824,-0.3,1.956,0.3,1.872,-0.3,1.824,-0.3,1.852,-0.1,1.868,-0.1,1.788,0.0,1.876
05-01-2026-Fri 13-57-04-PM,-0.3,1.82,-0.2,1.948,0.0,1.868,-0.2,1.816,-0.1,1.852,0.1,1.86,-0.2,1.784,-0.2,1.876
05-01-2026-Fri 13-57-06-PM,0.0,1.816,-0.3,1.948,0.0,1.864,-0.1,1.816,-0.3,1.844,-0.1,1.86,-0.3,1.776,0.1,1.872
05-01-2026-Fri 13-57-07-PM,-0.3,1.808,-0.2,1.944,-0.1,1.856,-0.2,1.812,-0.3,1.844,-0.3,1.852,-0.3,1.772,0.0,1.872
05-01-2026-Fri 13-57-09-PM,-0.5,1.804,-0.4,1.94,0.0,1.856,-0.1,1.808,-0.1,1.836,-0.2,1.852,0.0,1.768,0.1,1.864
05-01-2026-Fri 13-57-10-PM,-0.3,1.8,0.0,1.936,-0.1,1.848,0.0,1.8,-0.5,1.832,0.1,1.844,0.2,1.76,-0.4,1.86
05-01-2026-Fri 13-57-12-PM,-0.2,1.796,-0.2,1.932,0.0,1.848,0.0,1.8,-0.5,1.828,-0.2,1.84,0.1,1.76,0.2,1.852
05-01-2026-Fri 13-57-13-PM,-0.1,1.796,-0.3,1.928,-0.2,1.844,0.0,1.792,-0.3,1.824,-0.3,1.84,-0.4,1.756,-0.1,1.852
05-01-2026-Fri 13-57-14-PM,-0.1,1.788,-0.2,1.928,-0.2,1.84,-0.1,1.784,-0.3,1.824,-0.4,1.832,-0.2,1.748,-0.2,1.844
05-01-2026-Fri 13-57-16-PM,-0.2,1.788,-0.5,1.92,-0.1,1.832,-0.2,1.784,-0.1,1.816,-0.3,1.828,-0.2,1.744,0.0,1.84
05-01-2026-Fri 13-57-17-PM,0.0,1.784,-0.4,1.92,-0.1,1.832,0.1,1.78,-0.2,1.816,0.1,1.824,-0.1,1.744,0.1,1.836
05-01-2026-Fri 13-57-18-PM,-0.3,1.776,-0.3,1.912,-0.1,1.828,0.1,1.776,-0.5,1.808,-0.2,1.82,-0.1,1.74,-0.1,1.832
05-01-2026-Fri 13-57-20-PM,-0.2,1.776,-0.5,1.908,-0.1,1.828,-0.3,1.772,-0.2,1.808,0.0,1.82,-0.1,1.732,-0.2,1.828
05-01-2026-Fri 13-57-21-PM,0.2,1.772,-0.6,1.908,0.0,1.82,-0.3,1.768,-0.2,1.804,0.1,1.812,-0.1,1.732,0.1,1.824
05-01-2026-Fri 13-57-23-PM,-0.2,1.768,-0.5,1.904,-0.1,1.82,-0.3,1.764,-0.2,1.8,-0.1,1.808,-0.1,1.724,0.0,1.824
05-01-2026-Fri 13-57-24-PM,-0.1,1.764,-0.2,1.904,-0.3,1.816,0.0,1.76,-0.4,1.792,0.1,1.808,0.0,1.724,-0.1,1.816
05-01-2026-Fri 13-57-25-PM,-0.2,1.76,-0.3,1.9,-0.2,1.812,0.1,1.756,-0.1,1.792,-0.2,1.804,0.1,1.716,-0.2,1.812
05-01-2026-Fri 13-57-27-PM,-0.3,1.76,-0.4,1.896,0.2,1.808,0.0,1.756,-0.5,1.788,-0.1,1.8,-0.3,1.712,0.2,1.812
05-01-2026-Fri 13-57-28-PM,-0.1,1.756,-0.2,1.892,0.1,1.804,-0.2,1.752,-0.3,1.784,0.0,1.8,-0.3,1.708,0.1,1.808
05-01-2026-Fri 13-57-30-PM,-0.1,1.752,-0.4,1.888,0.0,1.8,-0.2,1.748,0.0,1.78,-0.1,1.796,-0.5,1.704,0.0,1.804
05-01-2026-Fri 13-57-31-PM,-0.2,1.752,0.0,1.884,0.0,1.796,-0.2,1.744,0.2,1.78,-0.1,1.788,0.1,1.7,0.1,1.8
05-01-2026-Fri 13-57-33-PM,-0.1,1.744,-0.2,1.884,-0.1,1.796,-0.2,1.74,-0.3,1.776,0.0,1.792,0.0,1.7,0.1,1.796
05-01-2026-Fri 13-57-35-PM,-0.3,1.744,-0.3,1.876,-0.1,1.792,-0.4,1.736,0.0,1.772,-0.1,1.78,-0.2,1.692,-0.1,1.792
05-01-2026-Fri 13-57-38-PM,0.2,1.736,-0.1,1.876,-0.1,1.78,-0.3,1.732,-0.4,1.764,-0.3,1.78,-0.3,1.688,-0.1,1.784
05-01-2026-Fri 13-57-41-PM,5.1,5.272,6.0,5.276,6.1,5.268,3.9,5.276,2.2,5.272,2.8,5.276,1.7,5.264,3.3,5.276
05-01-2026-Fri 13-57-42-PM,4.6,5.276,5.6,5.276,5.1,5.268,3.6,5.276,2.4,5.272,2.5,5.276,1.7,5.26,3.0,5.272
05-01-2026-Fri 13-57-44-PM,4.6,5.276,5.5,5.272,5.3,5.272,3.6,5.276,2.3,5.272,2.6,5.276,1.5,5.268,2.8,5.272
05-01-2026-Fri 13-57-45-PM,4.5,5.276,5.3,5.276,5.2,5.268,3.6,5.276,2.1,5.276,2.5,5.276,1.6,5.26,2.7,5.272
05-01-2026-Fri 13-57-47-PM,4.7,5.272,5.3,5.276,5.2,5.272,3.6,5.276,2.2,5.272,2.2,5.272,1.4,5.26,2.7,5.272
05-01-2026-Fri 13-57-48-PM,4.5,5.272,5.4,5.276,5.2,5.272,3.7,5.276,2.3,5.276,2.0,5.276,1.5,5.264,2.5,5.276
05-01-2026-Fri 13-57-49-PM,4.5,5.272,5.6,5.276,5.2,5.268,3.6,5.276,1.7,5.272,2.4,5.276,1.4,5.268,2.4,5.276
05-01-2026-Fri 13-57-51-PM,4.5,5.276,5.4,5.276,5.4,5.272,3.6,5.276,2.3,5.272,2.6,5.272,1.6,5.264,2.6,5.272
05-01-2026-Fri 13-57-52-PM,4.3,5.272,5.5,5.276,5.3,5.268,3.6,5.276,2.3,5.276,2.7,5.272,1.7,5.264,2.5,5.276
05-01-2026-Fri 13-57-53-PM,4.3,5.272,5.4,5.276,5.0,5.272,3.8,5.276,2.2,5.272,2.7,5.276,1.5,5.264,2.5,5.276
05-01-2026-Fri 13-57-55-PM,4.4,5.276,5.6,5.28,5.1,5.268,3.8,5.28,2.1,5.272,2.0,5.276,1.6,5.264,2.6,5.28
05-01-2026-Fri 13-57-56-PM,4.5,5.272,5.1,5.276,5.0,5.272,3.6,5.28,2.2,5.276,2.6,5.276,1.6,5.264,2.5,5.276
05-01-2026-Fri 13-57-57-PM,Power Off
05-01-2026-Fri 13-57-59-PM,-0.3,2.62,-0.4,2.528,0.2,2.572,-0.3,2.52,-0.3,2.508,0.0,2.568,-0.1,2.484,0.3,2.66
05-01-2026-Fri 13-58-00-PM,-0.2,2.488,-0.5,2.432,0.2,2.448,-0.1,2.416,-0.3,2.396,0.1,2.448,-0.3,2.38,-0.1,2.532
05-01-2026-Fri 13-58-02-PM,-0.3,2.404,-0.4,2.376,0.0,2.368,-0.2,2.344,-0.2,2.328,0.2,2.372,-0.1,2.32,0.2,2.452
05-01-2026-Fri 13-58-03-PM,-0.4,2.348,-0.1,2.336,-0.1,2.316,-0.3,2.296,-0.1,2.284,-0.2,2.32,-0.1,2.268,0.3,2.392
05-01-2026-Fri 13-58-04-PM,Power On
05-01-2026-Fri 13-58-06-PM,4.4,5.276,5.4,5.28,5.1,5.272,3.5,5.28,2.4,5.276,2.5,5.276,1.4,5.264,2.7,5.276
05-01-2026-Fri 13-58-07-PM,4.6,5.276,5.5,5.276,5.0,5.272,3.2,5.28,2.5,5.276,2.3,5.276,1.5,5.264,2.6,5.276
05-01-2026-Fri 13-58-08-PM,4.4,5.276,5.3,5.28,5.2,5.268,3.6,5.284,2.3,5.276,2.4,5.28,1.5,5.268,2.9,5.276
05-01-2026-Fri 13-58-10-PM,4.5,5.28,5.6,5.284,5.0,5.272,3.4,5.28,2.0,5.276,2.4,5.28,1.5,5.268,2.7,5.276
05-01-2026-Fri 13-58-11-PM,4.3,5.276,5.2,5.28,5.0,5.272,3.6,5.28,2.3,5.276,2.3,5.276,1.4,5.264,2.8,5.276
05-01-2026-Fri 13-58-12-PM,4.3,5.272,5.3,5.276,4.9,5.272,3.3,5.28,2.1,5.276,2.4,5.28,1.5,5.264,2.6,5.28
05-01-2026-Fri 13-58-14-PM,4.3,5.276,5.4,5.28,4.9,5.272,3.6,5.28,2.2,5.276,2.3,5.276,1.4,5.268,2.6,5.276
05-01-2026-Fri 13-58-15-PM,4.5,5.276,5.2,5.28,5.1,5.272,3.6,5.276,2.1,5.272,2.4,5.28,1.5,5.264,2.6,5.276
05-01-2026-Fri 13-58-16-PM,4.1,5.276,5.1,5.28,5.0,5.272,3.8,5.276,2.0,5.276,2.3,5.28,1.5,5.264,2.7,5.276
05-01-2026-Fri 13-58-18-PM,4.3,5.272,5.0,5.28,4.9,5.272,3.2,5.28,2.3,5.276,2.3,5.276,1.5,5.264,2.7,5.28
05-01-2026-Fri 13-58-19-PM,4.0,5.276,5.4,5.28,4.8,5.272,3.2,5.28,2.4,5.276,2.3,5.276,1.2,5.264,2.5,5.28
05-01-2026-Fri 13-58-20-PM,4.1,5.28,5.1,5.284,5.0,5.272,3.6,5.28,2.1,5.276,2.3,5.276,1.5,5.268,2.5,5.28
05-01-2026-Fri 13-58-22-PM,4.5,5.272,5.2,5.28,5.0,5.272,3.4,5.28,2.1,5.272,2.5,5.276,1.6,5.264,2.5,5.276
05-01-2026-Fri 13-58-23-PM,4.2,5.272,5.3,5.28,5.0,5.272,3.2,5.28,2.2,5.272,2.1,5.276,1.6,5.268,2.5,5.272
05-01-2026-Fri 13-58-24-PM,4.3,5.276,5.1,5.28,5.0,5.272,3.4,5.284,2.0,5.276,2.4,5.276,1.6,5.264,2.7,5.276
05-01-2026-Fri 13-58-26-PM,4.3,5.276,5.1,5.276,4.7,5.272,3.4,5.276,2.0,5.276,2.3,5.276,1.7,5.264,2.5,5.28
05-01-2026-Fri 13-58-27-PM,4.5,5.276,5.0,5.28,4.7,5.272,3.4,5.276,2.1,5.272,2.4,5.276,1.3,5.264,2.7,5.28
05-01-2026-Fri 13-58-29-PM,4.4,5.272,5.0,5.28,4.8,5.272,3.5,5.276,2.1,5.276,2.0,5.276,1.5,5.264,2.6,5.28
05-01-2026-Fri 13-58-30-PM,4.2,5.276,4.8,5.276,4.7,5.268,3.4,5.28,2.1,5.276,2.6,5.28,1.5,5.264,2.6,5.276
05-01-2026-Fri 13-58-31-PM,4.2,5.276,5.3,5.276,4.8,5.272,3.5,5.28,2.2,5.276,2.4,5.276,1.5,5.268,2.6,5.276
05-01-2026-Fri 13-58-33-PM,4.3,5.276,4.9,5.28,4.9,5.272,3.2,5.28,2.1,5.276,2.3,5.276,1.4,5.264,2.8,5.276
05-01-2026-Fri 13-58-34-PM,4.4,5.276,4.9,5.28,4.8,5.272,3.3,5.28,2.0,5.276,2.2,5.276,1.4,5.26,2.5,5.276
05-01-2026-Fri 13-58-35-PM,4.2,5.276,4.9,5.28,4.9,5.272,3.2,5.28,1.7,5.276,2.4,5.276,1.3,5.268,2.7,5.276
05-01-2026-Fri 13-58-37-PM,4.1,5.276,4.9,5.276,4.6,5.272,3.6,5.28,2.3,5.276,2.4,5.276,1.6,5.264,2.4,5.276
05-01-2026-Fri 13-58-38-PM,4.1,5.276,4.9,5.276,4.8,5.268,3.5,5.28,2.0,5.276,2.2,5.276,1.5,5.268,2.5,5.28
05-01-2026-Fri 13-58-39-PM,4.2,5.276,4.8,5.276,4.6,5.272,3.4,5.28,2.0,5.276,2.0,5.276,1.3,5.268,2.7,5.276
05-01-2026-Fri 13-58-41-PM,4.1,5.276,5.0,5.28,4.9,5.272,3.5,5.276,1.9,5.276,2.2,5.276,1.6,5.268,2.5,5.276
05-01-2026-Fri 13-58-42-PM,4.1,5.276,5.0,5.28,4.6,5.272,3.4,5.28,2.1,5.276,2.4,5.276,1.3,5.268,2.7,5.276
05-01-2026-Fri 13-58-43-PM,4.3,5.276,4.7,5.28,4.7,5.272,3.1,5.28,2.1,5.276,2.4,5.276,1.3,5.264,2.5,5.276
05-01-2026-Fri 13-58-45-PM,Power Off
05-01-2026-Fri 13-58-46-PM,-0.2,2.628,-0.1,2.524,-0.2,2.58,0.0,2.524,-0.1,2.52,0.1,2.584,-0.3,2.504,0.1,2.668
05-01-2026-Fri 13-58-47-PM,-0.2,2.52,-0.1,2.444,-0.2,2.472,-0.3,2.432,-0.5,2.424,-0.2,2.472,-0.2,2.42,0.0,2.556
05-01-2026-Fri 13-58-49-PM,0.0,2.452,-0.2,2.392,0.0,2.404,-0.3,2.376,-0.4,2.368,-0.2,2.408,-0.3,2.364,0.1,2.488
05-01-2026-Fri 13-58-50-PM,-0.1,2.4,-0.5,2.352,-0.1,2.356,-0.3,2.332,-0.5,2.328,0.1,2.36,-0.4,2.324,0.0,2.44
05-01-2026-Fri 13-58-52-PM,-0.1,2.36,-0.2,2.32,-0.2,2.32,-0.2,2.3,-0.3,2.296,-0.1,2.324,-0.4,2.296,-0.1,2.392
05-01-2026-Fri 13-58-53-PM,Power On
05-01-2026-Fri 13-58-54-PM,4.2,5.28,5.1,5.28,4.6,5.268,3.2,5.28,2.1,5.276,2.5,5.276,1.3,5.264,2.7,5.276
05-01-2026-Fri 13-58-56-PM,4.1,5.276,4.9,5.28,4.6,5.272,3.4,5.28,1.9,5.272,2.4,5.28,1.1,5.264,2.6,5.276
05-01-2026-Fri 13-58-57-PM,4.2,5.276,4.8,5.28,4.8,5.272,3.4,5.276,2.0,5.276,2.1,5.28,1.4,5.264,2.4,5.28
05-01-2026-Fri 13-58-58-PM,4.1,5.276,5.0,5.28,4.4,5.272,3.3,5.28,1.8,5.276,2.3,5.276,1.6,5.268,2.6,5.276
05-01-2026-Fri 13-59-00-PM,4.0,5.276,5.0,5.284,4.5,5.272,3.1,5.28,2.0,5.28,2.2,5.284,1.5,5.268,2.7,5.28
05-01-2026-Fri 13-59-01-PM,4.0,5.276,4.9,5.28,4.6,5.272,3.5,5.28,2.2,5.272,2.2,5.276,1.8,5.264,2.6,5.28
05-01-2026-Fri 13-59-02-PM,4.2,5.276,5.1,5.28,4.4,5.272,3.2,5.28,2.0,5.276,2.0,5.276,1.5,5.268,2.3,5.276
05-01-2026-Fri 13-59-04-PM,Power Off
05-01-2026-Fri 13-59-05-PM,0.1,2.64,-0.2,2.54,-0.3,2.6,0.1,2.536,-0.1,2.528,-0.2,2.592,-0.4,2.512,0.0,2.676
05-01-2026-Fri 13-59-07-PM,0.1,2.516,-0.2,2.444,-0.3,2.472,-0.3,2.436,-0.5,2.428,-0.3,2.476,0.1,2.42,0.0,2.56
05-01-2026-Fri 13-59-08-PM,-0.3,2.444,-0.3,2.384,-0.2,2.404,-0.1,2.376,-0.3,2.364,-0.1,2.404,-0.2,2.364,-0.1,2.484
05-01-2026-Fri 13-59-10-PM,-0.3,2.392,-0.5,2.352,-0.1,2.352,-0.3,2.332,-0.2,2.328,0.2,2.356,-0.2,2.324,0.0,2.432
05-01-2026-Fri 13-59-11-PM,-0.1,2.356,-0.4,2.32,0.0,2.312,-0.3,2.3,-0.2,2.292,-0.1,2.32,-0.2,2.296,-0.3,2.392
05-01-2026-Fri 13-59-12-PM,-0.2,2.324,-0.3,2.296,-0.4,2.284,0.1,2.264,-0.1,2.272,-0.2,2.288,0.0,2.268,-0.2,2.36
05-01-2026-Fri 13-59-14-PM,-0.1,2.296,-0.6,2.272,-0.4,2.256,-0.2,2.24,0.0,2.248,-0.3,2.264,-0.4,2.248,0.1,2.332
05-01-2026-Fri 13-59-15-PM,0.0,2.272,-0.3,2.256,-0.2,2.236,-0.1,2.224,-0.3,2.232,0.0,2.244,-0.2,2.228,-0.2,2.304
05-01-2026-Fri 13-59-17-PM,-0.2,2.252,-0.1,2.24,-0.2,2.22,0.3,2.204,-0.2,2.216,-0.2,2.228,-0.1,2.208,0.1,2.288
05-01-2026-Fri 13-59-18-PM,-0.5,2.232,-0.3,2.228,0.0,2.204,-0.1,2.184,-0.2,2.204,-0.1,2.212,-0.1,2.192,0.0,2.268
05-01-2026-Fri 13-59-19-PM,-0.4,2.216,-0.2,2.216,0.1,2.188,-0.4,2.168,-0.4,2.188,0.0,2.2,-0.2,2.176,0.0,2.252
05-01-2026-Fri 13-59-21-PM,0.0,2.204,-0.2,2.204,0.0,2.176,-0.4,2.152,-0.3,2.176,0.0,2.188,-0.2,2.168,0.0,2.236
05-01-2026-Fri 13-59-22-PM,-0.1,2.188,-0.6,2.192,-0.3,2.164,0.0,2.136,-0.3,2.16,-0.1,2.176,-0.1,2.152,0.0,2.22
05-01-2026-Fri 13-59-23-PM,-0.1,2.176,-0.5,2.184,0.1,2.156,-0.2,2.128,-0.6,2.152,0.1,2.164,-0.4,2.144,-0.1,2.208
05-01-2026-Fri 13-59-25-PM,-0.1,2.164,-0.2,2.176,0.0,2.144,0.0,2.112,-0.3,2.144,0.0,2.148,-0.2,2.132,0.0,2.192
05-01-2026-Fri 13-59-26-PM,-0.4,2.148,-0.2,2.164,-0.1,2.132,0.0,2.1,0.1,2.128,-0.2,2.144,0.0,2.116,-0.1,2.18
05-01-2026-Fri 13-59-28-PM,-0.2,2.136,-0.3,2.156,0.0,2.12,-0.1,2.088,-0.3,2.12,-0.2,2.128,-0.1,2.112,-0.1,2.168
05-01-2026-Fri 13-59-29-PM,-0.2,2.128,-0.3,2.148,0.0,2.112,-0.2,2.076,-0.2,2.112,0.0,2.12,-0.3,2.1,-0.2,2.16
05-01-2026-Fri 13-59-31-PM,-0.2,2.116,-0.4,2.14,-0.1,2.104,-0.2,2.068,-0.1,2.104,0.1,2.112,-0.3,2.088,-0.1,2.148
05-01-2026-Fri 13-59-32-PM,-0.2,2.108,-0.1,2.132,0.0,2.096,-0.3,2.06,-0.4,2.096,-0.1,2.104,-0.2,2.084,0.1,2.14
05-01-2026-Fri 13-59-33-PM,-0.3,2.1,-0.3,2.124,-0.1,2.092,0.0,2.048,-0.3,2.092,-0.2,2.096,0.0,2.076,-0.1,2.128
05-01-2026-Fri 13-59-35-PM,-0.2,2.092,0.0,2.116,0.1,2.084,-0.3,2.04,-0.4,2.084,0.0,2.088,-0.5,2.068,0.1,2.12
05-01-2026-Fri 13-59-36-PM,-0.4,2.08,-0.5,2.112,-0.4,2.076,0.0,2.032,-0.2,2.076,-0.1,2.084,-0.4,2.06,0.0,2.112
05-01-2026-Fri 13-59-37-PM,0.1,2.072,-0.2,2.104,-0.3,2.068,-0.2,2.02,-0.3,2.068,0.0,2.076,-0.4,2.052,-0.1,2.1
05-01-2026-Fri 13-59-39-PM,-0.2,2.064,-0.4,2.1,0.0,2.064,-0.1,2.012,-0.1,2.06,0.1,2.068,-0.4,2.048,0.0,2.092
05-01-2026-Fri 13-59-40-PM,-0.4,2.06,-0.2,2.092,0.0,2.056,-0.1,2.008,-0.3,2.056,0.2,2.064,-0.1,2.036,0.1,2.088
05-01-2026-Fri 13-59-42-PM,0.1,2.052,0.0,2.088,-0.1,2.052,-0.1,2.0,-0.6,2.052,-0.1,2.06,0.0,2.032,0.2,2.08
05-01-2026-Fri 13-59-43-PM,-0.2,2.04,-0.3,2.084,0.1,2.044,-0.2,1.992,-0.2,2.044,0.2,2.048,-0.2,2.028,0.0,2.072
05-01-2026-Fri 13-59-44-PM,-0.2,2.032,-0.2,2.076,-0.1,2.04,-0.1,1.984,-0.3,2.04,0.1,2.044,-0.2,2.016,-0.1,2.064
05-01-2026-Fri 13-59-46-PM,-0.5,2.028,0.0,2.072,-0.1,2.032,-0.2,1.976,-0.4,2.036,0.0,2.04,-0.3,2.016,-0.2,2.06
05-01-2026-Fri 13-59-47-PM,-0.4,2.02,-0.5,2.064,0.0,2.028,0.0,1.972,-0.2,2.028,-0.1,2.036,-0.1,2.008,-0.2,2.052
05-01-2026-Fri 13-59-49-PM,-0.1,2.016,-0.4,2.06,0.0,2.024,0.0,1.968,-0.1,2.024,0.0,2.028,-0.3,2.0,-0.2,2.044
05-01-2026-Fri 13-59-50-PM,-0.5,2.008,-0.2,2.056,-0.1,2.016,-0.2,1.96,0.0,2.02,0.1,2.02,-0.4,1.996,-0.2,2.04
05-01-2026-Fri 13-59-51-PM,-0.2,2.0,0.1,2.056,0.0,2.012,-0.2,1.952,-0.1,2.012,-0.2,2.016,-0.2,1.992,-0.2,2.032
05-01-2026-Fri 13-59-53-PM,-0.4,1.992,-0.3,2.048,-0.1,2.008,0.1,1.948,-0.2,2.008,-0.1,2.012,-0.4,1.988,0.0,2.028
05-01-2026-Fri 13-59-54-PM,-0.4,1.988,-0.3,2.044,0.0,2.0,-0.2,1.94,-0.3,2.004,-0.2,2.004,-0.2,1.98,0.0,2.02
05-01-2026-Fri 13-59-56-PM,-0.3,1.98,-0.3,2.036,0.0,1.996,0.0,1.94,-0.7,2.0,0.0,2.0,-0.2,1.98,0.0,2.012
05-01-2026-Fri 13-59-57-PM,-0.3,1.976,-0.4,2.032,-0.1,1.992,0.0,1.932,-0.2,1.996,-0.1,1.996,-0.3,1.976,-0.3,2.008
05-01-2026-Fri 13-59-58-PM,-0.3,1.972,-0.2,2.032,-0.2,1.988,0.0,1.928,-0.5,1.988,-0.1,1.988,-0.3,1.968,0.2,2.0
05-01-2026-Fri 14-00-00-PM,-0.5,1.964,-0.2,2.024,-0.3,1.98,0.0,1.924,-0.3,1.984,-0.1,1.988,-0.3,1.96,0.1,1.996
05-01-2026-Fri 14-00-03-PM,-0.5,1.96,-0.1,2.02,0.0,1.976,0.2,1.916,-0.4,1.984,0.0,1.98,-0.2,1.956,0.0,1.988
05-01-2026-Fri 14-00-05-PM,-0.1,1.948,-0.3,2.012,-0.2,1.968,0.0,1.908,-0.3,1.972,0.1,1.972,-0.4,1.944,0.0,1.976
05-01-2026-Fri 14-00-08-PM,-0.2,1.94,-0.3,2.004,-0.4,1.964,-0.1,1.896,0.1,1.96,0.0,1.964,0.0,1.936,-0.1,1.968
05-01-2026-Fri 14-00-11-PM,-0.2,1.928,-0.4,2.0,-0.2,1.952,0.0,1.892,-0.5,1.956,-0.1,1.952,-0.1,1.928,0.0,1.956
05-01-2026-Fri 14-00-14-PM,-0.1,1.92,-0.5,1.988,0.0,1.948,-0.2,1.88,-0.1,1.948,-0.2,1.944,-0.2,1.924,0.1,1.948
05-01-2026-Fri 14-00-16-PM,Power On
05-01-2026-Fri 14-00-18-PM,4.1,5.276,4.4,5.28,4.3,5.272,3.1,5.276,1.9,5.276,2.4,5.276,1.3,5.264,2.5,5.276
05-01-2026-Fri 14-00-20-PM,4.3,5.276,4.6,5.28,4.2,5.272,3.0,5.276,2.0,5.272,2.4,5.276,1.1,5.264,2.7,5.28
05-01-2026-Fri 14-00-22-PM,4.0,5.276,4.5,5.28,4.3,5.272,3.2,5.28,2.0,5.276,2.1,5.28,1.2,5.268,2.4,5.276
05-01-2026-Fri 14-00-24-PM,-0.2,2.596,-0.2,2.504,0.0,2.56,-0.2,2.508,-0.5,2.472,0.0,2.54,-0.1,2.428,-0.1,2.62
05-01-2026-Fri 14-00-26-PM,-0.2,2.46,-0.2,2.412,0.0,2.432,-0.4,2.396,-0.1,2.364,0.1,2.416,0.0,2.324,-0.2,2.488
05-01-2026-Fri 14-00-27-PM,-0.1,2.384,-0.3,2.36,-0.1,2.356,-0.2,2.332,-0.3,2.3,0.2,2.344,-0.1,2.272,-0.2,2.412
05-01-2026-Fri 14-00-28-PM,-0.2,2.328,0.0,2.316,-0.1,2.304,-0.1,2.28,-0.4,2.26,-0.1,2.296,0.0,2.228,0.0,2.356
05-01-2026-Fri 14-00-30-PM,0.1,2.288,-0.3,2.288,-0.1,2.264,0.0,2.24,-0.2,2.224,0.2,2.256,-0.1,2.2,-0.3,2.312
05-01-2026-Fri 14-00-31-PM,-0.3,2.252,-0.2,2.26,0.0,2.228,0.0,2.208,-0.4,2.204,-0.1,2.228,-0.2,2.172,0.1,2.28
05-01-2026-Fri 14-00-32-PM,-0.2,2.228,-0.2,2.236,-0.1,2.204,-0.1,2.176,-0.2,2.18,-0.1,2.2,-0.1,2.148,-0.1,2.248
05-01-2026-Fri 14-00-34-PM,-0.3,2.204,-0.3,2.216,-0.1,2.18,0.1,2.156,-0.4,2.16,0.0,2.176,-0.3,2.132,0.1,2.228
05-01-2026-Fri 14-00-35-PM,-0.2,2.18,-0.2,2.204,0.0,2.16,-0.1,2.128,-0.3,2.14,-0.1,2.16,-0.4,2.116,-0.1,2.208
05-01-2026-Fri 14-00-37-PM,-0.3,2.16,-0.3,2.188,-0.1,2.144,0.0,2.108,-0.2,2.128,0.1,2.144,-0.2,2.1,0.1,2.184
05-01-2026-Fri 14-00-38-PM,-0.2,2.144,-0.3,2.172,-0.1,2.124,-0.1,2.092,-0.1,2.116,-0.1,2.128,-0.5,2.088,0.0,2.168
05-01-2026-Fri 14-00-39-PM,-0.1,2.124,-0.2,2.16,-0.1,2.108,-0.1,2.076,-0.3,2.1,0.1,2.112,-0.1,2.072,0.0,2.148
05-01-2026-Fri 14-00-41-PM,0.0,2.108,-0.1,2.144,-0.1,2.096,-0.2,2.06,-0.2,2.088,-0.1,2.1,-0.4,2.06,0.0,2.136
05-01-2026-Fri 14-00-42-PM,-0.4,2.092,-0.4,2.136,0.0,2.084,-0.3,2.048,-0.1,2.08,0.0,2.088,-0.3,2.048,0.0,2.124
05-01-2026-Fri 14-00-44-PM,0.0,2.08,-0.1,2.124,0.0,2.072,0.0,2.032,-0.3,2.068,-0.1,2.076,-0.4,2.036,-0.1,2.104
05-01-2026-Fri 14-00-45-PM,-0.1,2.068,-0.4,2.116,-0.2,2.06,-0.1,2.02,-0.3,2.056,-0.1,2.068,-0.1,2.028,-0.1,2.092
05-01-2026-Fri 14-00-46-PM,0.0,2.056,-0.1,2.108,-0.1,2.048,-0.1,2.012,-0.2,2.048,-0.1,2.056,-0.4,2.02,-0.2,2.084
05-01-2026-Fri 14-00-48-PM,-0.2,2.044,-0.3,2.096,-0.4,2.036,-0.2,2.0,-0.3,2.04,-0.1,2.052,-0.2,2.012,0.1,2.072
05-01-2026-Fri 14-00-49-PM,-0.3,2.036,0.0,2.088,-0.2,2.032,-0.2,1.988,-0.1,2.032,0.1,2.036,-0.1,2.0,-0.2,2.06
05-01-2026-Fri 14-00-51-PM,-0.3,2.02,-0.4,2.084,-0.3,2.024,-0.1,1.976,-0.3,2.024,-0.1,2.032,-0.4,1.992,-0.1,2.052
05-01-2026-Fri 14-00-52-PM,-0.2,2.012,-0.3,2.076,-0.1,2.016,-0.2,1.968,0.0,2.016,0.2,2.024,-0.2,1.984,-0.1,2.044
05-01-2026-Fri 14-00-54-PM,-0.1,2.008,-0.4,2.072,-0.3,2.008,0.0,1.96,-0.2,2.012,0.0,2.012,-0.3,1.976,-0.1,2.032
05-01-2026-Fri 14-00-55-PM,-0.3,1.996,-0.2,2.064,0.0,2.0,-0.4,1.952,-0.5,2.0,0.1,2.004,0.2,1.968,0.0,2.024
05-01-2026-Fri 14-00-56-PM,-0.4,1.988,-0.5,2.056,-0.1,1.992,-0.2,1.948,-0.3,1.996,0.0,2.0,-0.2,1.964,-0.1,2.016
05-01-2026-Fri 14-00-58-PM,-0.1,1.98,-0.5,2.052,0.1,1.984,-0.3,1.94,-0.5,1.992,0.2,1.992,-0.1,1.956,0.0,2.008
05-01-2026-Fri 14-00-59-PM,0.1,1.972,-0.4,2.04,0.0,1.976,0.0,1.932,0.0,1.984,-0.2,1.984,-0.2,1.952,0.1,2.0
05-01-2026-Fri 14-01-01-PM,-0.2,1.964,-0.2,2.036,-0.2,1.972,0.1,1.924,-0.2,1.976,0.2,1.976,-0.2,1.944,0.2,1.996
05-01-2026-Fri 14-01-02-PM,-0.4,1.956,-0.3,2.036,0.0,1.968,-0.1,1.92,-0.3,1.972,0.0,1.972,0.2,1.936,0.3,1.988
05-01-2026-Fri 14-01-03-PM,-0.1,1.948,-0.2,2.028,0.0,1.96,-0.1,1.912,-0.3,1.968,0.1,1.968,-0.2,1.932,-0.5,1.98
05-01-2026-Fri 14-01-05-PM,0.1,1.944,-0.2,2.024,-0.2,1.956,-0.2,1.904,-0.3,1.964,0.0,1.964,-0.4,1.924,0.2,1.972
05-01-2026-Fri 14-01-06-PM,-0.2,1.936,-0.4,2.016,0.0,1.952,-0.1,1.9,-0.3,1.96,0.0,1.956,-0.3,1.924,0.0,1.964
05-01-2026-Fri 14-01-08-PM,0.1,1.932,-0.3,2.012,0.1,1.944,0.2,1.892,-0.2,1.952,0.0,1.952,-0.2,1.916,-0.1,1.964
05-01-2026-Fri 14-01-09-PM,-0.2,1.92,0.0,2.008,0.2,1.94,-0.1,1.888,-0.4,1.948,0.1,1.948,-0.2,1.912,-0.3,1.956
05-01-2026-Fri 14-01-10-PM,-0.2,1.92,-0.4,2.004,-0.2,1.936,-0.1,1.888,-0.3,1.944,0.4,1.94,-0.1,1.908,-0.2,1.948
05-01-2026-Fri 14-01-12-PM,-0.2,1.912,-0.3,2.0,0.0,1.932,-0.2,1.88,-0.2,1.94,0.0,1.936,-0.2,1.9,0.0,1.948
05-01-2026-Fri 14-01-13-PM,-0.2,1.908,-0.1,1.992,0.3,1.928,-0.1,1.876,-0.3,1.94,-0.3,1.932,0.1,1.9,0.1,1.936
05-01-2026-Fri 14-01-15-PM,-0.2,1.9,-0.5,1.992,0.0,1.92,-0.2,1.872,-0.3,1.932,0.2,1.928,-0.1,1.892,0.0,1.932
05-01-2026-Fri 14-01-16-PM,-0.1,1.9,-0.1,1.988,-0.2,1.916,-0.3,1.868,-0.3,1.928,-0.2,1.924,-0.2,1.888,-0.2,1.928
05-01-2026-Fri 14-01-17-PM,0.2,1.892,-0.4,1.98,0.0,1.916,-0.1,1.864,-0.2,1.924,0.0,1.92,-0.3,1.884,0.1,1.924
05-01-2026-Fri 14-01-19-PM,-0.2,1.888,-0.6,1.98,0.0,1.912,0.0,1.856,-0.3,1.92,-0.3,1.912,-0.1,1.88,0.1,1.92
05-01-2026-Fri 14-01-20-PM,0.1,1.884,-0.3,1.976,0.2,1.908,-0.1,1.852,-0.3,1.916,-0.1,1.908,0.1,1.876,0.1,1.916
05-01-2026-Fri 14-01-21-PM,-0.3,1.88,-0.1,1.972,-0.3,1.9,-0.2,1.848,-0.2,1.912,-0.1,1.908,-0.3,1.872,0.1,1.908
05-01-2026-Fri 14-01-23-PM,-0.1,1.872,-0.2,1.968,0.1,1.9,-0.2,1.844,-0.5,1.908,0.0,1.9,-0.1,1.872,-0.1,1.904
05-01-2026-Fri 14-01-24-PM,-0.2,1.868,-0.2,1.96,-0.1,1.896,-0.3,1.84,-0.2,1.908,-0.1,1.896,0.3,1.864,0.0,1.9
05-01-2026-Fri 14-01-26-PM,-0.2,1.868,-0.4,1.96,-0.2,1.892,0.0,1.836,-0.2,1.904,0.3,1.896,-0.3,1.864,0.0,1.896
05-01-2026-Fri 14-01-27-PM,Power On
05-01-2026-Fri 14-01-28-PM,4.1,5.272,4.6,5.276,4.3,5.268,3.1,5.276,2.3,5.272,2.3,5.276,1.5,5.26,2.7,5.276
05-01-2026-Fri 14-01-30-PM,3.7,5.276,4.3,5.28,4.2,5.272,3.1,5.28,1.9,5.272,2.1,5.276,1.1,5.264,2.4,5.28
05-01-2026-Fri 14-01-31-PM,3.8,5.272,4.3,5.276,3.9,5.272,3.1,5.276,1.7,5.272,2.2,5.276,1.4,5.26,2.6,5.276
05-01-2026-Fri 14-01-32-PM,3.5,5.272,3.9,5.276,4.0,5.272,2.7,5.28,1.8,5.272,2.0,5.276,1.2,5.264,2.4,5.276
05-01-2026-Fri 14-01-34-PM,Power Off
05-01-2026-Fri 14-01-35-PM,-0.2,2.6,-0.3,2.512,-0.2,2.56,-0.4,2.512,-0.4,2.468,-0.1,2.528,-0.5,2.412,-0.2,2.616
05-01-2026-Fri 14-01-37-PM,0.0,2.464,-0.5,2.42,0.0,2.432,0.1,2.396,-0.3,2.352,-0.1,2.412,-0.1,2.308,-0.4,2.484
05-01-2026-Fri 14-01-38-PM,-0.4,2.38,-0.4,2.36,-0.1,2.356,-0.1,2.324,0.0,2.288,0.0,2.336,-0.2,2.248,0.2,2.4
05-01-2026-Fri 14-01-39-PM,-0.2,2.324,-0.2,2.316,-0.1,2.3,-0.3,2.276,-0.3,2.244,-0.2,2.284,0.0,2.204,-0.2,2.344
05-01-2026-Fri 14-01-41-PM,-0.2,2.28,-0.5,2.284,0.1,2.252,-0.2,2.232,-0.1,2.212,-0.1,2.244,-0.3,2.172,-0.2,2.304
05-01-2026-Fri 14-01-42-PM,-0.2,2.24,-0.4,2.252,0.0,2.224,-0.3,2.2,-0.2,2.184,-0.1,2.216,-0.1,2.144,0.0,2.264
05-01-2026-Fri 14-01-44-PM,-0.5,2.216,-0.1,2.236,-0.2,2.192,-0.1,2.168,-0.1,2.16,0.0,2.188,-0.2,2.124,-0.3,2.236
05-01-2026-Fri 14-01-45-PM,-0.1,2.192,-0.2,2.212,0.1,2.168,-0.2,2.144,-0.2,2.14,-0.2,2.164,0.0,2.1,0.1,2.212
05-01-2026-Fri 14-01-46-PM,-0.1,2.164,-0.2,2.196,-0.1,2.144,0.0,2.12,-0.6,2.124,-0.1,2.144,0.1,2.088,-0.2,2.184
05-01-2026-Fri 14-01-48-PM,-0.4,2.144,-0.3,2.184,0.0,2.128,-0.1,2.096,-0.1,2.108,-0.2,2.128,-0.1,2.072,0.0,2.168
05-01-2026-Fri 14-01-49-PM,-0.2,2.124,-0.3,2.164,-0.3,2.112,-0.1,2.08,-0.3,2.092,0.0,2.108,-0.1,2.052,0.1,2.152
05-01-2026-Fri 14-01-50-PM,-0.3,2.112,-0.3,2.152,-0.1,2.096,-0.2,2.064,-0.3,2.08,0.2,2.096,-0.4,2.04,0.0,2.132
05-01-2026-Fri 14-01-52-PM,-0.1,2.092,-0.5,2.14,0.0,2.08,-0.1,2.048,-0.4,2.068,0.3,2.084,-0.1,2.032,0.0,2.116
05-01-2026-Fri 14-01-53-PM,-0.4,2.08,-0.3,2.128,-0.1,2.064,-0.3,2.032,-0.2,2.06,0.0,2.072,-0.1,2.016,-0.1,2.104
05-01-2026-Fri 14-01-55-PM,0.0,2.064,-0.2,2.12,-0.3,2.052,0.0,2.02,-0.5,2.048,-0.3,2.06,-0.2,2.008,0.1,2.088
05-01-2026-Fri 14-01-56-PM,-0.2,2.052,-0.5,2.104,0.1,2.04,-0.1,2.004,-0.5,2.032,-0.1,2.044,-0.1,1.992,0.0,2.072
05-01-2026-Fri 14-01-57-PM,-0.3,2.036,-0.2,2.096,-0.4,2.028,-0.1,1.992,-0.3,2.024,-0.2,2.032,-0.1,1.984,-0.2,2.064
05-01-2026-Fri 14-01-59-PM,-0.1,2.024,-0.4,2.088,0.0,2.02,-0.2,1.984,-0.2,2.016,0.0,2.024,-0.1,1.976,0.2,2.052
05-01-2026-Fri 14-02-01-PM,-0.3,2.012,-0.2,2.08,-0.2,2.008,-0.1,1.972,-0.2,2.008,0.2,2.016,0.0,1.968,-0.1,2.04
05-01-2026-Fri 14-02-02-PM,-0.2,2.0,-0.2,2.072,0.0,2.0,-0.2,1.964,-0.2,2.0,0.0,2.008,0.0,1.956,-0.1,2.028
05-01-2026-Fri 14-02-03-PM,-0.1,1.992,0.0,2.068,-0.1,1.992,-0.1,1.952,-0.3,1.992,-0.1,2.0,-0.1,1.948,-0.2,2.02
05-01-2026-Fri 14-02-05-PM,-0.3,1.98,-0.5,2.06,0.0,1.984,-0.2,1.944,-0.2,1.988,-0.1,1.992,0.1,1.94,0.1,2.012
05-01-2026-Fri 14-02-06-PM,0.1,1.972,-0.2,2.052,-0.1,1.976,-0.2,1.94,-0.2,1.98,-0.2,1.98,-0.2,1.936,0.0,2.004
05-01-2026-Fri 14-02-08-PM,-0.2,1.96,-0.1,2.048,-0.1,1.968,0.2,1.928,-0.1,1.972,0.2,1.976,-0.2,1.928,0.2,1.996
05-01-2026-Fri 14-02-09-PM,-0.2,1.952,-0.4,2.04,0.0,1.96,0.0,1.92,-0.3,1.964,0.1,1.972,-0.3,1.92,0.1,1.988
05-01-2026-Fri 14-02-10-PM,-0.2,1.948,-0.3,2.032,0.2,1.952,-0.4,1.916,-0.1,1.96,0.1,1.964,-0.4,1.916,-0.1,1.98
05-01-2026-Fri 14-02-12-PM,-0.2,1.94,-0.3,2.028,0.2,1.948,-0.1,1.908,-0.4,1.956,0.0,1.956,-0.2,1.904,-0.3,1.972
05-01-2026-Fri 14-02-13-PM,0.0,1.932,-0.1,2.02,-0.1,1.944,-0.1,1.904,-0.2,1.948,-0.2,1.948,-0.1,1.9,-0.1,1.964
05-01-2026-Fri 14-02-14-PM,-0.2,1.92,-0.3,2.016,0.0,1.936,-0.2,1.896,-0.5,1.944,0.0,1.944,-0.3,1.896,0.0,1.96
05-01-2026-Fri 14-02-16-PM,-0.3,1.92,-0.4,2.012,0.0,1.932,-0.2,1.888,-0.5,1.936,0.0,1.94,-0.1,1.888,0.0,1.952
05-01-2026-Fri 14-02-17-PM,0.0,1.912,-0.2,2.008,-0.2,1.928,-0.1,1.884,-0.3,1.932,-0.1,1.932,-0.2,1.884,-0.2,1.944
05-01-2026-Fri 14-02-19-PM,-0.2,1.904,-0.3,2.0,-0.2,1.916,-0.2,1.88,-0.4,1.928,-0.1,1.928,-0.1,1.876,0.3,1.944
05-01-2026-Fri 14-02-20-PM,-0.1,1.9,-0.2,2.0,-0.1,1.916,0.0,1.872,-0.5,1.92,0.0,1.92,-0.1,1.872,0.0,1.932
05-01-2026-Fri 14-02-21-PM,-0.1,1.892,-0.2,1.992,-0.1,1.912,0.0,1.868,-0.3,1.916,0.0,1.916,-0.2,1.864,-0.2,1.928
05-01-2026-Fri 14-02-23-PM,-0.4,1.888,-0.4,1.988,-0.1,1.908,0.1,1.86,-0.2,1.916,-0.2,1.912,-0.1,1.86,-0.1,1.924
05-01-2026-Fri 14-02-24-PM,-0.6,1.884,0.1,1.984,-0.1,1.9,0.2,1.86,-0.2,1.908,0.1,1.908,-0.1,1.86,0.1,1.92
05-01-2026-Fri 14-02-26-PM,-0.2,1.88,-0.2,1.976,-0.1,1.896,-0.2,1.852,-0.2,1.908,0.0,1.9,-0.1,1.856,0.2,1.912
05-01-2026-Fri 14-02-27-PM,-0.6,1.872,-0.5,1.972,0.0,1.892,0.2,1.848,-0.3,1.9,-0.1,1.896,-0.2,1.848,0.0,1.904
05-01-2026-Fri 14-02-29-PM,-0.2,1.868,-0.4,1.968,-0.2,1.888,-0.2,1.84,-0.3,1.896,-0.1,1.892,-0.1,1.844,0.0,1.904
05-01-2026-Fri 14-02-30-PM,0.1,1.86,-0.3,1.964,-0.1,1.88,-0.1,1.84,-0.3,1.892,0.1,1.892,-0.5,1.836,-0.2,1.896
05-01-2026-Fri 14-02-32-PM,-0.1,1.856,-0.2,1.964,-0.2,1.88,-0.1,1.832,-0.4,1.888,-0.1,1.884,-0.3,1.832,-0.1,1.892
05-01-2026-Fri 14-02-33-PM,-0.3,1.856,-0.2,1.96,-0.2,1.876,-0.2,1.832,-0.1,1.884,0.0,1.88,0.0,1.832,-0.1,1.888
05-01-2026-Fri 14-02-34-PM,-0.3,1.848,-0.4,1.956,0.0,1.872,-0.2,1.828,-0.3,1.88,-0.1,1.876,-0.1,1.828,0.1,1.884
05-01-2026-Fri 14-02-36-PM,0.1,1.844,0.1,1.952,-0.1,1.868,0.0,1.82,-0.1,1.88,0.1,1.872,-0.2,1.824,-0.2,1.88
05-01-2026-Fri 14-02-37-PM,-0.2,1.836,-0.5,1.944,0.0,1.864,-0.2,1.816,-0.3,1.876,0.2,1.868,-0.4,1.82,-0.2,1.88
05-01-2026-Fri 14-02-39-PM,-0.1,1.836,-0.3,1.948,0.2,1.86,-0.2,1.812,-0.4,1.872,0.0,1.864,-0.1,1.816,-0.1,1.872
05-01-2026-Fri 14-02-40-PM,-0.4,1.836,-0.3,1.94,-0.3,1.86,-0.2,1.812,-0.3,1.868,0.1,1.86,-0.3,1.812,-0.1,1.868
05-01-2026-Fri 14-02-41-PM,-0.3,1.828,-0.3,1.936,0.0,1.856,-0.2,1.808,-0.5,1.868,-0.1,1.856,-0.6,1.812,-0.1,1.864
05-01-2026-Fri 14-02-43-PM,-0.3,1.828,-0.5,1.936,-0.2,1.852,-0.3,1.804,-0.5,1.86,0.0,1.852,-0.3,1.804,0.0,1.86
05-01-2026-Fri 14-02-44-PM,-0.1,1.824,-0.4,1.932,0.2,1.852,-0.1,1.8,0.0,1.86,0.1,1.852,-0.2,1.8,-0.2,1.852
05-01-2026-Fri 14-02-46-PM,-0.4,1.82,-0.4,1.928,-0.1,1.844,-0.2,1.796,-0.1,1.856,0.0,1.848,-0.4,1.796,0.1,1.856
05-01-2026-Fri 14-02-47-PM,-0.2,1.816,-0.1,1.924,0.2,1.844,-0.2,1.796,-0.4,1.852,-0.1,1.848,-0.2,1.792,-0.1,1.848
05-01-2026-Fri 14-02-48-PM,-0.1,1.812,-0.2,1.924,0.0,1.84,-0.1,1.792,-0.3,1.852,0.1,1.844,-0.2,1.788,-0.1,1.848
05-01-2026-Fri 14-02-50-PM,-0.3,1.812,-0.1,1.92,0.0,1.84,-0.2,1.784,-0.1,1.852,-0.1,1.84,0.0,1.788,0.1,1.844
05-01-2026-Fri 14-02-53-PM,-0.3,1.804,-0.1,1.916,-0.2,1.832,-0.4,1.78,-0.2,1.844,-0.2,1.832,-0.1,1.78,0.1,1.836
05-01-2026-Fri 14-02-56-PM,0.1,1.796,-0.3,1.908,0.0,1.824,0.0,1.776,-0.5,1.836,0.2,1.828,-0.2,1.772,-0.2,1.828
05-01-2026-Fri 14-02-57-PM,-0.3,1.796,-0.1,1.904,-0.1,1.828,0.1,1.772,-0.3,1.832,0.2,1.824,-0.2,1.768,0.0,1.828
05-01-2026-Fri 14-02-58-PM,0.1,1.792,-0.4,1.904,0.1,1.824,-0.3,1.768,-0.5,1.828,0.3,1.824,-0.3,1.768,0.0,1.824
05-01-2026-Fri 14-03-00-PM,-0.1,1.788,-0.4,1.904,-0.2,1.816,-0.1,1.768,-0.5,1.828,0.3,1.82,-0.4,1.768,0.1,1.82
05-01-2026-Fri 14-03-01-PM,-0.3,1.788,0.0,1.9,0.1,1.816,-0.2,1.764,-0.3,1.824,0.2,1.816,0.1,1.76,0.0,1.82
05-01-2026-Fri 14-03-03-PM,0.2,1.784,-0.2,1.896,-0.3,1.816,0.1,1.76,-0.3,1.824,-0.1,1.812,-0.2,1.756,0.1,1.812
05-01-2026-Fri 14-03-04-PM,Power On
05-01-2026-Fri 14-03-05-PM,4.1,5.272,3.9,5.276,4.1,5.268,3.0,5.276,2.0,5.272,2.1,5.272,1.5,5.26,2.5,5.272
05-01-2026-Fri 14-03-07-PM,3.9,5.272,4.1,5.276,3.9,5.272,2.8,5.276,1.6,5.272,2.1,5.272,1.4,5.264,2.3,5.272
05-01-2026-Fri 14-03-08-PM,3.5,5.272,3.7,5.276,3.7,5.268,2.9,5.276,1.8,5.272,1.9,5.276,1.4,5.26,2.4,5.276
05-01-2026-Fri 14-03-09-PM,3.4,5.272,3.6,5.276,3.8,5.268,2.9,5.276,1.7,5.268,1.9,5.272,1.0,5.264,2.3,5.272
05-01-2026-Fri 14-03-11-PM,Power Off
05-01-2026-Fri 14-03-12-PM,-0.4,2.58,-0.3,2.508,-0.3,2.564,0.0,2.504,-0.2,2.46,-0.2,2.52,0.0,2.396,0.2,2.6
05-01-2026-Fri 14-03-13-PM,-0.3,2.448,0.0,2.416,0.0,2.428,-0.2,2.392,-0.2,2.34,-0.1,2.392,-0.2,2.284,0.0,2.472
05-01-2026-Fri 14-03-15-PM,0.2,2.368,-0.4,2.356,-0.2,2.352,-0.2,2.316,-0.5,2.268,-0.1,2.32,-0.2,2.22,0.1,2.384
05-01-2026-Fri 14-03-16-PM,-0.2,2.304,-0.2,2.312,-0.3,2.288,-0.1,2.26,-0.2,2.22,0.0,2.264,-0.2,2.172,0.0,2.324
05-01-2026-Fri 14-03-18-PM,-0.1,2.26,-0.3,2.276,-0.1,2.244,-0.3,2.22,-0.1,2.188,0.1,2.228,0.0,2.136,-0.3,2.28
05-01-2026-Fri 14-03-19-PM,0.1,2.22,-0.5,2.248,-0.3,2.208,-0.3,2.184,-0.4,2.16,-0.2,2.192,-0.1,2.108,-0.2,2.24
05-01-2026-Fri 14-03-20-PM,-0.1,2.192,-0.3,2.224,-0.1,2.18,-0.1,2.156,-0.4,2.136,-0.2,2.164,0.1,2.084,0.0,2.212
05-01-2026-Fri 14-03-22-PM,-0.3,2.168,-0.4,2.204,-0.2,2.152,-0.1,2.128,-0.4,2.112,0.0,2.144,-0.1,2.064,0.1,2.188
05-01-2026-Fri 14-03-23-PM,-0.2,2.144,-0.3,2.188,-0.2,2.128,0.1,2.104,-0.3,2.096,0.0,2.124,-0.2,2.044,0.1,2.164
05-01-2026-Fri 14-03-25-PM,-0.2,2.124,-0.1,2.172,0.0,2.108,-0.2,2.084,-0.3,2.08,0.1,2.104,-0.1,2.032,0.1,2.144
05-01-2026-Fri 14-03-26-PM,-0.2,2.1,-0.3,2.16,-0.1,2.092,-0.4,2.064,-0.1,2.064,-0.2,2.088,-0.1,2.016,-0.1,2.124
05-01-2026-Fri 14-03-27-PM,-0.3,2.088,-0.4,2.144,-0.1,2.076,-0.1,2.048,-0.4,2.052,-0.2,2.072,-0.2,1.996,-0.1,2.108
05-01-2026-Fri 14-03-29-PM,-0.4,2.072,-0.4,2.132,0.0,2.06,-0.1,2.032,-0.1,2.04,-0.2,2.056,0.3,1.988,-0.1,2.092
05-01-2026-Fri 14-03-30-PM,-0.2,2.056,-0.5,2.116,0.1,2.048,-0.3,2.016,-0.1,2.028,0.1,2.048,-0.1,1.972,-0.3,2.076
05-01-2026-Fri 14-03-32-PM,-0.1,2.036,-0.2,2.108,-0.3,2.032,-0.2,2.004,-0.5,2.016,0.0,2.032,-0.3,1.96,-0.1,2.064
05-01-2026-Fri 14-03-33-PM,-0.1,2.024,-0.4,2.096,-0.2,2.024,-0.2,1.988,-0.2,2.008,0.0,2.024,-0.1,1.952,0.1,2.052
05-01-2026-Fri 14-03-34-PM,-0.2,2.012,-0.3,2.088,-0.3,2.012,-0.3,1.98,-0.3,1.996,-0.1,2.012,-0.3,1.94,-0.1,2.04
05-01-2026-Fri 14-03-36-PM,-0.3,2.004,-0.4,2.08,0.2,2.0,-0.1,1.964,-0.4,1.988,-0.1,2.004,0.0,1.932,-0.2,2.032
05-01-2026-Fri 14-03-37-PM,-0.1,1.992,-0.3,2.072,-0.1,1.992,0.1,1.956,-0.4,1.98,0.0,1.992,-0.2,1.924,-0.1,2.016
05-01-2026-Fri 14-03-39-PM,-0.2,1.976,-0.3,2.064,-0.2,1.98,-0.1,1.952,-0.5,1.972,0.0,1.984,-0.2,1.912,-0.1,2.008
05-01-2026-Fri 14-03-40-PM,-0.1,1.968,-0.2,2.056,0.2,1.972,-0.1,1.94,-0.1,1.964,-0.1,1.976,-0.4,1.904,0.2,1.996
05-01-2026-Fri 14-03-41-PM,-0.1,1.956,-0.7,2.048,0.1,1.964,0.0,1.932,-0.2,1.956,0.1,1.964,-0.1,1.892,0.1,1.988
05-01-2026-Fri 14-03-43-PM,-0.3,1.948,-0.2,2.044,-0.3,1.956,-0.2,1.92,-0.5,1.944,0.1,1.96,-0.5,1.888,-0.2,1.976
05-01-2026-Fri 14-03-44-PM,-0.3,1.936,-0.3,2.04,-0.1,1.944,0.0,1.916,-0.2,1.944,-0.1,1.952,-0.1,1.88,-0.3,1.968
05-01-2026-Fri 14-03-46-PM,-0.3,1.928,-0.3,2.028,-0.3,1.936,-0.2,1.908,-0.2,1.932,0.0,1.944,-0.1,1.872,0.1,1.964
05-01-2026-Fri 14-03-47-PM,-0.1,1.924,-0.3,2.02,0.1,1.932,-0.2,1.896,-0.1,1.932,0.0,1.936,0.0,1.864,0.1,1.956
05-01-2026-Fri 14-03-48-PM,-0.3,1.912,-0.3,2.016,0.0,1.924,0.0,1.888,-0.3,1.92,0.0,1.928,-0.1,1.856,0.1,1.948
05-01-2026-Fri 14-03-50-PM,-0.1,1.908,-0.2,2.008,-0.1,1.92,-0.2,1.88,-0.3,1.916,0.1,1.924,-0.1,1.852,0.1,1.94
05-01-2026-Fri 14-03-51-PM,-0.2,1.896,-0.4,2.004,0.0,1.912,0.0,1.88,-0.3,1.908,-0.1,1.916,0.1,1.844,0.0,1.936
05-01-2026-Fri 14-03-53-PM,-0.3,1.888,-0.3,2.0,0.2,1.904,-0.3,1.868,-0.5,1.904,0.1,1.912,-0.2,1.84,-0.3,1.928
05-01-2026-Fri 14-03-54-PM,-0.4,1.888,-0.3,1.992,-0.1,1.9,-0.2,1.864,-0.3,1.896,0.1,1.908,-0.2,1.832,0.0,1.92
05-01-2026-Fri 14-03-57-PM,-0.2,1.876,-0.2,1.988,-0.3,1.892,-0.2,1.856,-0.4,1.892,-0.2,1.896,0.0,1.824,-0.1,1.912
05-01-2026-Fri 14-04-00-PM,0.1,1.868,-0.4,1.976,0.0,1.884,-0.2,1.848,-0.2,1.88,0.0,1.888,-0.3,1.816,0.0,1.9
05-01-2026-Fri 14-04-01-PM,-0.2,1.852,-0.1,1.968,0.1,1.876,-0.1,1.836,-0.2,1.872,-0.3,1.876,0.0,1.804,0.0,1.892
05-01-2026-Fri 14-04-03-PM,-0.1,1.848,-0.3,1.964,-0.3,1.868,0.0,1.832,-0.4,1.868,-0.2,1.872,-0.1,1.8,-0.1,1.884
05-01-2026-Fri 14-04-04-PM,Power On
05-01-2026-Fri 14-04-05-PM,3.7,5.276,4.1,5.276,3.7,5.268,2.6,5.28,1.9,5.272,2.0,5.272,1.3,5.264,2.6,5.272
05-01-2026-Fri 14-04-07-PM,3.5,5.276,4.1,5.276,3.6,5.268,3.0,5.276,1.7,5.272,1.7,5.272,1.4,5.264,2.4,5.276
05-01-2026-Fri 14-04-08-PM,3.2,5.272,3.5,5.276,3.3,5.272,2.7,5.276,1.8,5.272,1.8,5.272,1.0,5.264,2.4,5.276
05-01-2026-Fri 14-04-09-PM,3.5,5.276,3.7,5.276,3.4,5.268,2.6,5.276,1.7,5.276,1.8,5.276,1.1,5.264,2.2,5.276
05-01-2026-Fri 14-04-11-PM,Power Off
05-01-2026-Fri 14-04-13-PM,-0.3,2.604,-0.1,2.516,-0.2,2.568,-0.1,2.516,-0.2,2.468,-0.1,2.532,-0.2,2.404,0.1,2.616
05-01-2026-Fri 14-04-14-PM,-0.2,2.472,-0.1,2.424,-0.4,2.436,0.0,2.404,-0.1,2.352,0.2,2.412,-0.1,2.296,0.1,2.488
05-01-2026-Fri 14-04-15-PM,-0.1,2.384,-0.2,2.364,-0.3,2.36,-0.1,2.336,-0.5,2.28,0.0,2.336,-0.1,2.232,-0.2,2.404
05-01-2026-Fri 14-04-17-PM,-0.3,2.328,-0.2,2.32,0.2,2.308,-0.4,2.28,-0.4,2.236,0.0,2.284,-0.5,2.188,0.0,2.344
05-01-2026-Fri 14-04-18-PM,0.0,2.28,-0.3,2.288,-0.1,2.256,-0.1,2.24,-0.4,2.204,0.0,2.24,-0.1,2.152,-0.1,2.3
05-01-2026-Fri 14-04-20-PM,-0.2,2.244,0.0,2.264,-0.1,2.22,0.0,2.204,-0.2,2.172,-0.2,2.212,0.0,2.124,0.0,2.264
05-01-2026-Fri 14-04-21-PM,-0.4,2.208,-0.2,2.236,0.0,2.192,0.0,2.172,-0.5,2.152,-0.3,2.184,-0.2,2.1,-0.1,2.232
05-01-2026-Fri 14-04-22-PM,-0.1,2.188,-0.2,2.216,-0.2,2.164,-0.4,2.148,-0.3,2.132,0.1,2.16,-0.3,2.076,-0.3,2.208
05-01-2026-Fri 14-04-24-PM,-0.2,2.164,-0.2,2.2,0.0,2.144,-0.1,2.124,-0.1,2.108,0.1,2.144,-0.1,2.06,0.3,2.184
05-01-2026-Fri 14-04-25-PM,-0.1,2.144,-0.3,2.18,-0.4,2.12,0.0,2.1,-0.4,2.092,-0.2,2.12,-0.1,2.04,0.0,2.164
05-01-2026-Fri 14-04-27-PM,-0.3,2.12,-0.4,2.168,0.1,2.104,-0.2,2.08,-0.3,2.08,0.1,2.104,-0.1,2.024,0.1,2.14
05-01-2026-Fri 14-04-30-PM,-0.3,2.088,0.0,2.14,-0.1,2.072,0.1,2.044,-0.4,2.052,-0.2,2.072,-0.1,1.996,0.1,2.108
05-01-2026-Fri 14-04-33-PM,-0.3,2.056,-0.3,2.12,0.1,2.044,-0.3,2.016,-0.2,2.028,-0.1,2.048,-0.1,1.972,0.1,2.08
05-01-2026-Fri 14-04-34-PM,-0.2,2.036,-0.2,2.104,0.0,2.028,-0.1,2.0,-0.6,2.012,0.1,2.032,-0.2,1.956,0.1,2.06
05-01-2026-Fri 14-04-35-PM,-0.2,2.024,-0.3,2.096,0.0,2.016,-0.1,1.988,0.0,2.004,-0.3,2.02,-0.4,1.944,0.0,2.048
05-01-2026-Fri 14-04-37-PM,-0.2,2.012,-0.3,2.088,0.1,2.004,-0.1,1.98,0.0,1.992,-0.1,2.012,-0.2,1.936,-0.2,2.04
05-01-2026-Fri 14-04-38-PM,0.1,2.0,0.0,2.08,-0.3,1.996,-0.2,1.968,-0.4,1.988,-0.1,2.0,0.2,1.924,0.0,2.032
05-01-2026-Fri 14-04-39-PM,Power On
05-01-2026-Fri 14-04-41-PM,3.5,5.28,3.6,5.28,3.8,5.272,2.5,5.284,1.5,5.276,1.8,5.276,1.4,5.264,2.6,5.276
05-01-2026-Fri 14-04-42-PM,3.3,5.28,3.6,5.28,3.4,5.272,2.6,5.284,1.8,5.276,1.7,5.276,1.1,5.264,2.3,5.28
05-01-2026-Fri 14-04-43-PM,3.4,5.276,3.7,5.284,3.4,5.272,2.6,5.28,1.6,5.276,1.9,5.28,1.3,5.268,2.3,5.28
05-01-2026-Fri 14-04-45-PM,Power Off
05-01-2026-Fri 14-04-46-PM,-0.1,2.628,-0.3,2.532,0.0,2.592,-0.2,2.536,-0.5,2.488,-0.2,2.556,-0.1,2.432,-0.1,2.64
05-01-2026-Fri 14-04-47-PM,-0.3,2.492,-0.1,2.432,0.1,2.452,-0.1,2.42,-0.1,2.372,-0.2,2.432,-0.2,2.316,0.0,2.508
05-01-2026-Fri 14-04-49-PM,-0.3,2.404,0.0,2.376,0.1,2.376,-0.1,2.348,-0.4,2.3,0.0,2.352,-0.1,2.248,-0.2,2.424
05-01-2026-Fri 14-04-50-PM,-0.2,2.348,-0.4,2.332,-0.2,2.32,-0.1,2.296,-0.5,2.252,-0.1,2.3,-0.2,2.208,0.1,2.368
05-01-2026-Fri 14-04-52-PM,-0.1,2.304,-0.4,2.296,0.0,2.272,-0.2,2.252,-0.4,2.22,0.2,2.26,-0.3,2.168,-0.4,2.32
05-01-2026-Fri 14-04-55-PM,-0.5,2.232,-0.2,2.248,0.0,2.208,0.0,2.188,-0.2,2.164,0.0,2.196,-0.3,2.116,0.2,2.256
05-01-2026-Fri 14-04-58-PM,-0.3,2.184,0.0,2.208,-0.1,2.156,-0.1,2.14,-0.3,2.128,0.0,2.156,-0.4,2.08,0.0,2.204
05-01-2026-Fri 14-04-59-PM,-0.2,2.152,-0.2,2.184,-0.3,2.128,-0.2,2.108,-0.3,2.104,-0.2,2.128,0.1,2.056,-0.3,2.176
05-01-2026-Fri 14-05-00-PM,Power On
05-01-2026-Fri 14-05-02-PM,3.7,5.276,3.9,5.284,3.4,5.276,2.6,5.28,1.8,5.276,1.9,5.272,1.1,5.268,2.1,5.28
05-01-2026-Fri 14-05-03-PM,3.3,5.276,3.7,5.28,3.5,5.272,2.7,5.28,1.6,5.276,1.8,5.276,1.1,5.264,2.0,5.28
05-01-2026-Fri 14-05-05-PM,3.0,5.276,3.6,5.276,3.3,5.268,2.6,5.28,1.7,5.276,1.5,5.276,1.2,5.268,2.1,5.276
05-01-2026-Fri 14-05-06-PM,3.3,5.276,3.4,5.28,3.2,5.272,2.5,5.28,1.6,5.276,1.5,5.28,1.0,5.268,2.0,5.276
05-01-2026-Fri 14-05-07-PM,Power Off
05-01-2026-Fri 14-05-09-PM,0.0,2.648,-0.3,2.544,-0.3,2.604,0.2,2.548,-0.2,2.52,-0.1,2.584,0.0,2.468,0.1,2.668
05-01-2026-Fri 14-05-10-PM,-0.2,2.528,-0.3,2.452,-0.1,2.48,-0.1,2.444,-0.6,2.404,-0.1,2.464,0.1,2.36,-0.3,2.544
05-01-2026-Fri 14-05-11-PM,-0.6,2.444,-0.3,2.4,-0.2,2.404,-0.3,2.376,-0.1,2.336,-0.2,2.392,-0.2,2.3,0.0,2.464
05-01-2026-Fri 14-05-13-PM,-0.2,2.38,-0.3,2.348,0.1,2.34,-0.2,2.32,-0.1,2.288,-0.2,2.332,-0.3,2.248,0.1,2.4
05-01-2026-Fri 14-05-14-PM,-0.1,2.336,-0.2,2.316,-0.2,2.296,-0.1,2.28,-0.2,2.252,0.2,2.292,-0.3,2.216,-0.1,2.356
05-01-2026-Fri 14-05-16-PM,-0.1,2.3,-0.3,2.288,-0.1,2.256,-0.2,2.244,-0.2,2.224,-0.2,2.26,0.0,2.188,0.1,2.32
05-01-2026-Fri 14-05-17-PM,-0.2,2.268,-0.3,2.268,-0.3,2.228,0.0,2.212,-0.4,2.2,0.0,2.228,-0.1,2.164,0.0,2.288
05-01-2026-Fri 14-05-18-PM,-0.3,2.244,-0.4,2.244,-0.1,2.204,-0.1,2.184,-0.2,2.176,-0.3,2.204,0.0,2.14,0.0,2.264
05-01-2026-Fri 14-05-20-PM,-0.4,2.216,-0.4,2.228,-0.2,2.18,0.0,2.164,-0.5,2.16,0.0,2.184,0.0,2.124,0.1,2.24
05-01-2026-Fri 14-05-21-PM,-0.3,2.192,-0.4,2.212,-0.2,2.16,0.0,2.144,-0.1,2.144,-0.2,2.168,-0.2,2.104,-0.1,2.22
05-01-2026-Fri 14-05-23-PM,0.1,2.176,-0.2,2.196,0.0,2.144,-0.2,2.12,-0.6,2.128,0.0,2.152,0.1,2.088,-0.1,2.2
05-01-2026-Fri 14-05-24-PM,-0.3,2.156,-0.3,2.184,0.0,2.128,0.0,2.104,-0.2,2.112,0.0,2.136,-0.2,2.076,0.0,2.184
05-01-2026-Fri 14-05-25-PM,-0.1,2.144,-0.3,2.172,-0.3,2.112,-0.3,2.084,-0.4,2.1,0.0,2.12,-0.2,2.064,0.1,2.164
05-01-2026-Fri 14-05-27-PM,-0.2,2.128,-0.2,2.16,0.1,2.096,0.0,2.072,-0.4,2.092,-0.3,2.112,-0.1,2.052,0.0,2.152
05-01-2026-Fri 14-05-28-PM,-0.5,2.112,0.0,2.152,-0.1,2.084,-0.2,2.06,-0.1,2.08,-0.3,2.096,-0.4,2.036,-0.2,2.136
05-01-2026-Fri 14-05-29-PM,-0.2,2.1,-0.1,2.14,-0.1,2.072,-0.1,2.044,-0.2,2.072,0.2,2.084,-0.3,2.028,-0.1,2.124
05-01-2026-Fri 14-05-31-PM,-0.3,2.088,-0.1,2.128,0.0,2.06,0.0,2.028,-0.2,2.06,-0.2,2.076,0.0,2.02,-0.2,2.108
05-01-2026-Fri 14-05-32-PM,-0.1,2.072,-0.4,2.124,-0.1,2.052,-0.2,2.02,-0.6,2.052,-0.1,2.064,-0.2,2.008,-0.1,2.1
05-01-2026-Fri 14-05-34-PM,-0.2,2.06,-0.5,2.112,0.0,2.036,0.0,2.008,-0.6,2.048,0.0,2.052,0.0,2.0,0.0,2.084
05-01-2026-Fri 14-05-35-PM,-0.2,2.048,0.0,2.1,-0.1,2.028,0.0,2.0,-0.3,2.032,0.1,2.044,-0.1,1.984,-0.1,2.076
05-01-2026-Fri 14-05-36-PM,-0.3,2.036,-0.4,2.092,0.0,2.016,-0.1,1.988,0.1,2.024,0.0,2.036,-0.2,1.976,0.0,2.068
05-01-2026-Fri 14-05-38-PM,-0.4,2.028,-0.1,2.088,0.0,2.008,-0.1,1.98,0.0,2.016,0.1,2.024,0.0,1.968,0.1,2.056
05-01-2026-Fri 14-05-39-PM,-0.4,2.02,-0.4,2.08,-0.3,2.0,-0.2,1.972,-0.3,2.012,0.0,2.016,-0.3,1.964,0.0,2.044
05-01-2026-Fri 14-05-41-PM,-0.2,2.008,-0.2,2.072,0.2,1.992,-0.1,1.96,-0.3,2.004,0.0,2.008,-0.2,1.952,0.0,2.036
05-01-2026-Fri 14-05-42-PM,-0.3,2.0,-0.2,2.068,0.0,1.988,0.1,1.952,-0.2,1.996,0.0,2.004,-0.1,1.944,0.0,2.028
05-01-2026-Fri 14-05-44-PM,-0.3,1.992,-0.3,2.06,-0.1,1.976,-0.2,1.944,-0.5,1.988,0.1,1.996,-0.2,1.936,-0.1,2.024
05-01-2026-Fri 14-05-45-PM,-0.2,1.98,-0.6,2.056,0.2,1.972,-0.1,1.936,-0.1,1.984,-0.2,1.988,-0.1,1.932,0.1,2.012
05-01-2026-Fri 14-05-46-PM,-0.3,1.976,-0.2,2.048,0.0,1.964,-0.1,1.932,0.0,1.976,0.0,1.984,-0.3,1.92,0.0,2.004
05-01-2026-Fri 14-05-48-PM,-0.3,1.968,-0.2,2.044,0.0,1.956,-0.1,1.924,-0.1,1.968,-0.2,1.976,-0.1,1.916,0.2,1.996
05-01-2026-Fri 14-05-49-PM,-0.1,1.96,-0.1,2.036,0.1,1.952,-0.2,1.92,-0.3,1.968,-0.1,1.968,-0.1,1.908,-0.1,1.988
05-01-2026-Fri 14-05-51-PM,-0.1,1.948,-0.4,2.032,0.2,1.94,0.0,1.912,-0.1,1.956,-0.3,1.964,-0.1,1.9,-0.3,1.984
05-01-2026-Fri 14-05-52-PM,-0.2,1.94,-0.4,2.024,-0.1,1.94,-0.2,1.904,-0.2,1.952,-0.1,1.956,-0.1,1.896,0.1,1.976
05-01-2026-Fri 14-05-53-PM,0.0,1.936,-0.3,2.02,-0.3,1.936,-0.1,1.896,-0.3,1.948,0.0,1.952,-0.2,1.888,-0.1,1.968
05-01-2026-Fri 14-05-55-PM,-0.1,1.932,-0.5,2.016,0.1,1.928,-0.1,1.892,-0.5,1.944,-0.1,1.944,-0.4,1.884,0.0,1.964
05-01-2026-Fri 14-05-56-PM,-0.2,1.924,-0.5,2.008,-0.1,1.92,-0.1,1.888,-0.1,1.936,-0.2,1.94,-0.1,1.876,0.1,1.96
05-01-2026-Fri 14-05-57-PM,-0.2,1.92,-0.1,2.008,-0.1,1.916,-0.2,1.88,-0.3,1.932,-0.2,1.932,0.1,1.872,-0.3,1.952
05-01-2026-Fri 14-05-59-PM,-0.5,1.912,-0.2,2.0,0.2,1.912,0.0,1.876,-0.3,1.928,0.0,1.928,0.0,1.864,0.1,1.948
05-01-2026-Fri 14-06-00-PM,-0.1,1.908,-0.2,1.996,-0.2,1.908,-0.1,1.868,-0.2,1.924,0.1,1.924,-0.2,1.86,-0.1,1.94
05-01-2026-Fri 14-06-02-PM,-0.1,1.9,-0.1,1.992,0.0,1.904,-0.1,1.864,-0.1,1.92,-0.3,1.92,-0.2,1.852,-0.3,1.936
05-01-2026-Fri 14-06-03-PM,0.0,1.896,-0.2,1.992,-0.3,1.896,0.1,1.86,-0.3,1.916,0.1,1.916,-0.2,1.848,0.0,1.932
05-01-2026-Fri 14-06-04-PM,-0.3,1.892,-0.4,1.984,-0.3,1.892,-0.2,1.856,-0.2,1.912,0.0,1.908,-0.2,1.848,-0.1,1.924
05-01-2026-Fri 14-06-06-PM,0.0,1.884,-0.2,1.98,-0.2,1.892,-0.1,1.848,-0.2,1.908,-0.1,1.904,-0.2,1.84,-0.2,1.92
05-01-2026-Fri 14-06-07-PM,-0.1,1.88,-0.4,1.976,-0.2,1.884,-0.2,1.848,-0.1,1.904,0.0,1.9,-0.4,1.836,-0.1,1.912
05-01-2026-Fri 14-06-09-PM,-0.3,1.876,-0.2,1.972,0.0,1.88,-0.2,1.84,-0.4,1.9,0.0,1.896,-0.2,1.828,0.0,1.912
05-01-2026-Fri 14-06-10-PM,-0.2,1.872,0.0,1.968,0.1,1.88,-0.2,1.836,-0.1,1.892,0.1,1.888,-0.4,1.824,0.1,1.908
05-01-2026-Fri 14-06-11-PM,-0.2,1.864,-0.4,1.968,-0.1,1.872,-0.2,1.836,-0.5,1.892,-0.1,1.888,-0.2,1.82,0.2,1.9
05-01-2026-Fri 14-06-13-PM,-0.4,1.864,-0.4,1.96,-0.2,1.864,-0.2,1.832,0.0,1.884,-0.1,1.884,-0.1,1.816,-0.1,1.896
05-01-2026-Fri 14-06-14-PM,-0.2,1.856,-0.2,1.96,-0.1,1.868,-0.1,1.828,-0.4,1.88,-0.1,1.88,0.0,1.804,0.0,1.892
05-01-2026-Fri 14-06-16-PM,-0.3,1.852,-0.1,1.952,0.0,1.864,-0.2,1.82,-0.2,1.876,-0.1,1.876,-0.1,1.804,0.0,1.888
05-01-2026-Fri 14-06-18-PM,-0.1,1.848,-0.4,1.952,0.2,1.86,-0.1,1.816,-0.2,1.876,0.1,1.872,-0.4,1.8,-0.1,1.884
05-01-2026-Fri 14-06-20-PM,3.0,5.28,3.6,5.28,3.5,5.272,2.8,5.284,1.8,5.276,1.8,5.276,1.4,5.268,2.2,5.28
05-01-2026-Fri 14-06-21-PM,3.2,5.28,3.2,5.28,3.3,5.272,2.4,5.28,1.2,5.28,1.7,5.28,1.3,5.268,2.0,5.28
05-01-2026-Fri 14-06-22-PM,3.0,5.28,3.2,5.28,3.0,5.272,2.0,5.28,1.7,5.276,1.6,5.28,0.9,5.268,1.9,5.28
05-01-2026-Fri 14-06-24-PM,Power Off
05-01-2026-Fri 14-06-25-PM,-0.3,2.596,-0.3,2.52,-0.3,2.576,-0.2,2.516,-0.1,2.464,-0.2,2.524,-0.1,2.392,0.0,2.608
05-01-2026-Fri 14-06-27-PM,-0.3,2.464,-0.6,2.428,-0.3,2.444,-0.4,2.4,-0.1,2.34,-0.3,2.408,0.0,2.276,-0.2,2.476
05-01-2026-Fri 14-06-28-PM,-0.2,2.384,-0.3,2.368,-0.1,2.364,-0.1,2.332,-0.4,2.276,-0.1,2.332,0.1,2.212,-0.2,2.396
05-01-2026-Fri 14-06-29-PM,-0.1,2.328,-0.3,2.324,0.1,2.308,-0.2,2.276,-0.2,2.228,-0.1,2.276,-0.2,2.168,-0.2,2.34
05-01-2026-Fri 14-06-31-PM,-0.2,2.284,-0.2,2.292,-0.1,2.26,-0.4,2.232,-0.5,2.192,0.0,2.236,0.0,2.132,-0.1,2.296
05-01-2026-Fri 14-06-32-PM,-0.4,2.244,-0.3,2.264,0.0,2.224,-0.1,2.2,-0.4,2.168,-0.1,2.204,-0.2,2.1,-0.1,2.256
05-01-2026-Fri 14-06-34-PM,-0.1,2.212,-0.4,2.236,0.1,2.196,0.1,2.168,-0.5,2.144,0.0,2.176,-0.1,2.076,0.0,2.228
05-01-2026-Fri 14-06-35-PM,-0.3,2.188,-0.4,2.216,0.0,2.168,-0.1,2.144,-0.2,2.12,-0.1,2.152,-0.2,2.06,0.0,2.204
05-01-2026-Fri 14-06-36-PM,-0.1,2.164,0.0,2.2,-0.2,2.144,-0.2,2.12,-0.2,2.1,0.0,2.132,-0.2,2.04,-0.1,2.176
05-01-2026-Fri 14-06-38-PM,-0.3,2.144,-0.2,2.184,-0.1,2.124,-0.1,2.096,0.1,2.084,-0.3,2.116,-0.3,2.024,-0.2,2.156
05-01-2026-Fri 14-06-39-PM,-0.3,2.124,-0.4,2.168,0.0,2.104,0.0,2.08,-0.3,2.072,-0.1,2.096,-0.1,2.012,0.0,2.14
05-01-2026-Fri 14-06-40-PM,-0.1,2.108,-0.3,2.156,0.2,2.088,0.0,2.064,-0.1,2.056,-0.2,2.084,-0.4,1.996,-0.2,2.124
05-01-2026-Fri 14-06-42-PM,-0.4,2.088,-0.1,2.148,0.2,2.076,-0.2,2.044,-0.2,2.048,0.0,2.072,-0.1,1.98,0.1,2.108
05-01-2026-Fri 14-06-45-PM,-0.3,2.072,-0.3,2.132,0.0,2.056,0.0,2.028,-0.1,2.036,0.1,2.056,0.0,1.964,-0.3,2.092
05-01-2026-Fri 14-06-47-PM,-0.3,2.044,-0.4,2.108,0.0,2.028,-0.2,2.0,-0.2,2.012,0.2,2.028,-0.3,1.94,0.1,2.064
05-01-2026-Fri 14-06-50-PM,-0.3,2.02,-0.2,2.088,0.0,2.008,-0.3,1.976,-0.2,1.992,-0.2,2.012,-0.1,1.924,-0.4,2.04
05-01-2026-Fri 14-06-52-PM,0.2,2.0,0.0,2.076,-0.2,1.988,-0.3,1.956,-0.5,1.976,-0.2,1.992,-0.1,1.904,-0.1,2.02
05-01-2026-Fri 14-06-53-PM,Power On
05-01-2026-Fri 14-06-55-PM,3.5,5.276,3.2,5.28,3.1,5.272,2.7,5.284,1.7,5.276,1.7,5.28,1.4,5.272,2.2,5.28
05-01-2026-Fri 14-06-56-PM,3.2,5.276,3.1,5.28,3.1,5.272,2.3,5.28,1.6,5.28,1.8,5.276,1.3,5.268,1.8,5.28
05-01-2026-Fri 14-06-58-PM,2.8,5.28,3.0,5.28,3.1,5.276,2.3,5.284,1.7,5.276,1.7,5.28,1.3,5.268,2.0,5.28
05-01-2026-Fri 14-06-59-PM,2.9,5.276,3.0,5.284,2.7,5.272,2.0,5.28,1.1,5.276,1.7,5.276,0.9,5.268,1.8,5.28
05-01-2026-Fri 14-07-00-PM,Power Off
05-01-2026-Fri 14-07-02-PM,-0.3,2.652,-0.3,2.548,0.2,2.608,-0.2,2.556,-0.3,2.512,0.2,2.58,-0.1,2.448,0.0,2.66
05-01-2026-Fri 14-07-03-PM,-0.1,2.508,-0.4,2.444,0.1,2.472,-0.1,2.436,-0.4,2.384,-0.1,2.448,-0.1,2.324,0.1,2.524
05-01-2026-Fri 14-07-05-PM,-0.5,2.436,-0.3,2.388,-0.1,2.396,0.1,2.368,-0.2,2.32,0.2,2.376,-0.2,2.264,-0.2,2.448
05-01-2026-Fri 14-07-06-PM,-0.4,2.376,-0.4,2.348,0.1,2.34,0.0,2.316,-0.2,2.272,-0.1,2.324,-0.2,2.224,0.0,2.392
05-01-2026-Fri 14-07-07-PM,-0.3,2.324,-0.1,2.308,-0.3,2.288,0.1,2.268,-0.3,2.228,0.0,2.276,-0.1,2.18,-0.1,2.34
05-01-2026-Fri 14-07-09-PM,-0.2,2.288,-0.4,2.284,-0.2,2.252,-0.1,2.232,-0.5,2.2,0.0,2.244,-0.1,2.152,-0.2,2.304
05-01-2026-Fri 14-07-10-PM,-0.3,2.256,-0.3,2.26,0.0,2.22,-0.1,2.2,-0.2,2.18,-0.1,2.216,-0.3,2.124,0.0,2.272
05-01-2026-Fri 14-07-12-PM,-0.1,2.228,-0.1,2.24,0.1,2.192,0.0,2.176,-0.4,2.16,0.2,2.188,-0.2,2.108,-0.2,2.244
05-01-2026-Fri 14-07-14-PM,0.2,2.2,-0.2,2.216,-0.1,2.164,-0.3,2.148,-0.2,2.136,0.1,2.168,-0.4,2.08,0.1,2.22
05-01-2026-Fri 14-07-17-PM,-0.3,2.156,-0.3,2.184,0.2,2.128,-0.2,2.104,-0.1,2.104,0.0,2.132,-0.1,2.052,-0.1,2.176
05-01-2026-Fri 14-07-19-PM,-0.2,2.14,-0.2,2.168,-0.1,2.108,-0.2,2.084,0.0,2.088,-0.2,2.112,0.0,2.036,0.1,2.156
05-01-2026-Fri 14-07-20-PM,-0.1,2.124,-0.3,2.164,-0.2,2.092,-0.3,2.068,-0.4,2.076,-0.1,2.1,-0.2,2.024,0.2,2.144
05-01-2026-Fri 14-07-21-PM,-0.3,2.108,-0.3,2.152,-0.2,2.08,-0.3,2.056,-0.3,2.064,0.0,2.088,-0.3,2.008,0.0,2.128
05-01-2026-Fri 14-07-23-PM,-0.3,2.096,-0.4,2.14,0.1,2.064,-0.1,2.04,-0.6,2.052,-0.1,2.072,-0.2,2.0,-0.1,2.116
05-01-2026-Fri 14-07-24-PM,-0.1,2.08,-0.3,2.128,-0.3,2.052,-0.3,2.028,-0.3,2.044,0.0,2.064,-0.2,1.992,0.0,2.104
05-01-2026-Fri 14-07-26-PM,-0.2,2.068,-0.2,2.12,-0.1,2.04,0.0,2.016,-0.5,2.032,-0.1,2.052,-0.3,1.976,0.1,2.088
05-01-2026-Fri 14-07-27-PM,-0.2,2.056,-0.4,2.108,-0.2,2.028,-0.2,2.004,-0.3,2.024,-0.1,2.044,-0.4,1.968,-0.2,2.076
05-01-2026-Fri 14-07-28-PM,-0.4,2.044,-0.1,2.104,0.0,2.02,-0.2,1.996,0.0,2.02,0.1,2.032,-0.1,1.956,-0.2,2.068
05-01-2026-Fri 14-07-30-PM,-0.3,2.036,-0.2,2.092,-0.2,2.012,-0.1,1.984,0.0,2.012,-0.2,2.024,-0.2,1.948,-0.2,2.056
05-01-2026-Fri 14-07-31-PM,-0.4,2.024,-0.1,2.088,-0.4,2.004,-0.3,1.976,0.0,2.0,-0.2,2.016,-0.1,1.94,0.1,2.044
05-01-2026-Fri 14-07-33-PM,-0.2,2.012,-0.1,2.076,0.1,1.992,-0.2,1.964,-0.1,1.996,0.2,2.004,-0.1,1.932,0.3,2.036
05-01-2026-Fri 14-07-34-PM,-0.3,2.004,-0.2,2.076,-0.1,1.984,0.1,1.956,-0.2,1.984,0.0,1.996,-0.2,1.924,-0.1,2.028
05-01-2026-Fri 14-07-35-PM,-0.2,1.996,-0.4,2.064,-0.1,1.976,-0.1,1.948,-0.1,1.984,-0.1,1.992,-0.2,1.916,-0.3,2.02
05-01-2026-Fri 14-07-37-PM,-0.1,1.988,-0.3,2.056,-0.1,1.968,-0.1,1.94,-0.3,1.968,0.0,1.984,-0.3,1.908,-0.3,2.012
05-01-2026-Fri 14-07-38-PM,-0.4,1.976,-0.2,2.052,-0.2,1.96,-0.3,1.932,-0.4,1.968,-0.3,1.976,0.0,1.9,0.0,2.0
05-01-2026-Fri 14-07-40-PM,-0.3,1.968,-0.6,2.048,0.1,1.952,0.0,1.924,-0.5,1.96,0.2,1.976,-0.3,1.892,-0.1,1.996
05-01-2026-Fri 14-07-41-PM,-0.4,1.964,-0.3,2.04,0.0,1.948,0.0,1.92,-0.3,1.952,0.1,1.964,-0.2,1.888,-0.1,1.988
05-01-2026-Fri 14-07-42-PM,-0.4,1.952,0.0,2.036,-0.1,1.94,0.0,1.912,-0.3,1.948,0.0,1.952,-0.3,1.876,0.0,1.98
05-01-2026-Fri 14-07-44-PM,-0.1,1.944,-0.2,2.028,-0.1,1.932,-0.2,1.904,-0.3,1.94,-0.3,1.948,0.0,1.872,-0.1,1.976
05-01-2026-Fri 14-07-45-PM,-0.2,1.94,-0.1,2.024,-0.1,1.928,-0.1,1.896,-0.5,1.94,-0.3,1.944,0.1,1.864,-0.2,1.968
05-01-2026-Fri 14-07-47-PM,-0.2,1.932,-0.3,2.024,0.2,1.924,0.0,1.892,-0.1,1.932,-0.2,1.94,-0.1,1.86,0.1,1.96
05-01-2026-Fri 14-07-48-PM,-0.2,1.928,-0.1,2.012,-0.2,1.916,-0.1,1.888,-0.2,1.928,0.1,1.936,-0.3,1.852,-0.2,1.952
05-01-2026-Fri 14-07-49-PM,0.2,1.92,-0.2,2.008,-0.1,1.908,-0.2,1.88,-0.2,1.92,0.0,1.932,-0.2,1.844,0.0,1.948
05-01-2026-Fri 14-07-51-PM,-0.2,1.912,-0.4,2.004,0.0,1.904,-0.3,1.876,-0.3,1.916,0.0,1.924,0.0,1.84,-0.1,1.944
05-01-2026-Fri 14-07-52-PM,-0.3,1.908,-0.3,2.0,-0.1,1.9,-0.3,1.868,-0.2,1.916,-0.3,1.916,-0.1,1.836,0.2,1.936
05-01-2026-Fri 14-07-54-PM,-0.1,1.9,-0.4,1.996,-0.1,1.896,-0.2,1.864,-0.4,1.908,0.1,1.912,-0.2,1.828,0.0,1.932
05-01-2026-Fri 14-07-56-PM,-0.3,1.892,-0.3,1.984,-0.1,1.888,-0.2,1.852,-0.3,1.892,-0.1,1.9,-0.1,1.82,0.1,1.924
05-01-2026-Fri 14-07-57-PM,-0.2,1.888,-0.2,1.984,-0.1,1.88,-0.3,1.848,-0.3,1.892,0.1,1.9,-0.2,1.812,-0.3,1.916
05-01-2026-Fri 14-07-59-PM,-0.2,1.88,-0.5,1.976,0.0,1.876,-0.2,1.844,-0.1,1.888,0.0,1.896,-0.3,1.808,0.0,1.912
05-01-2026-Fri 14-08-00-PM,0.0,1.876,-0.4,1.972,-0.4,1.872,0.0,1.836,-0.3,1.884,-0.2,1.892,-0.3,1.804,-0.1,1.908
05-01-2026-Fri 14-08-02-PM,-0.2,1.872,-0.3,1.968,0.0,1.868,-0.1,1.836,-0.3,1.88,-0.2,1.884,-0.1,1.8,-0.1,1.9
05-01-2026-Fri 14-08-03-PM,-0.3,1.864,-0.5,1.968,-0.1,1.86,-0.2,1.828,-0.2,1.876,0.1,1.876,0.1,1.796,0.0,1.896
05-01-2026-Fri 14-08-04-PM,-0.2,1.86,-0.2,1.96,0.2,1.864,-0.1,1.824,-0.4,1.872,-0.1,1.876,-0.1,1.792,0.2,1.892
05-01-2026-Fri 14-08-06-PM,0.2,1.856,-0.4,1.956,0.1,1.856,-0.1,1.824,-0.1,1.864,0.1,1.872,0.0,1.788,0.0,1.888
05-01-2026-Fri 14-08-07-PM,-0.1,1.848,-0.3,1.956,0.0,1.848,0.2,1.816,-0.1,1.864,0.0,1.868,-0.1,1.78,-0.3,1.88
05-01-2026-Fri 14-08-09-PM,-0.2,1.844,-0.3,1.952,0.0,1.848,0.1,1.812,-0.5,1.86,0.0,1.864,-0.1,1.776,-0.1,1.876
05-01-2026-Fri 14-08-10-PM,-0.1,1.844,-0.5,1.944,-0.1,1.848,-0.2,1.808,-0.3,1.856,-0.1,1.86,-0.3,1.776,0.0,1.872
05-01-2026-Fri 14-08-11-PM,-0.1,1.836,-0.1,1.944,0.0,1.844,-0.2,1.804,-0.2,1.852,0.3,1.856,-0.1,1.768,0.0,1.872
05-01-2026-Fri 14-08-13-PM,-0.3,1.836,-0.5,1.94,0.0,1.84,0.1,1.8,-0.3,1.852,0.1,1.852,-0.4,1.768,0.1,1.864
05-01-2026-Fri 14-08-14-PM,-0.2,1.832,-0.3,1.936,0.0,1.836,0.0,1.796,-0.2,1.844,0.2,1.848,-0.1,1.76,-0.2,1.864
05-01-2026-Fri 14-08-16-PM,-0.2,1.828,-0.3,1.932,0.0,1.832,-0.2,1.796,-0.2,1.84,-0.1,1.844,-0.2,1.76,0.1,1.856
05-01-2026-Fri 14-08-17-PM,-0.3,1.824,-0.1,1.932,-0.2,1.832,-0.2,1.788,-0.2,1.836,0.0,1.84,-0.2,1.756,0.0,1.852
05-01-2026-Fri 14-08-18-PM,-0.2,1.82,-0.1,1.928,0.1,1.82,0.1,1.788,-0.1,1.836,-0.1,1.836,-0.1,1.752,-0.1,1.852
05-01-2026-Fri 14-08-20-PM,-0.3,1.816,-0.1,1.924,0.0,1.82,0.1,1.784,-0.3,1.832,0.0,1.832,-0.2,1.748,0.1,1.848
05-01-2026-Fri 14-08-21-PM,-0.2,1.812,-0.2,1.92,0.1,1.82,0.0,1.78,-0.1,1.832,-0.1,1.832,-0.2,1.748,-0.3,1.844
05-01-2026-Fri 14-08-23-PM,-0.4,1.808,-0.4,1.916,-0.1,1.816,0.1,1.78,-0.3,1.828,0.0,1.824,-0.4,1.744,-0.1,1.84
05-01-2026-Fri 14-08-24-PM,0.1,1.808,0.0,1.916,-0.2,1.816,-0.2,1.776,-0.3,1.824,-0.2,1.824,0.0,1.74,0.1,1.836
05-01-2026-Fri 14-08-25-PM,-0.1,1.804,-0.3,1.912,-0.1,1.812,-0.2,1.772,-0.2,1.82,-0.2,1.82,-0.2,1.736,0.0,1.836
05-01-2026-Fri 14-08-27-PM,-0.5,1.8,-0.5,1.908,-0.4,1.808,-0.2,1.768,-0.2,1.82,0.2,1.82,0.0,1.736,-0.1,1.832
05-01-2026-Fri 14-08-28-PM,-0.1,1.796,-0.5,1.904,-0.1,1.808,0.0,1.764,-0.1,1.816,0.2,1.812,-0.2,1.728,0.0,1.82
05-01-2026-Fri 14-08-30-PM,-0.1,1.796,-0.2,1.904,-0.1,1.804,-0.2,1.76,-0.2,1.812,0.0,1.816,-0.2,1.724,0.0,1.82
05-01-2026-Fri 14-08-31-PM,0.0,1.788,-0.1,1.9,-0.2,1.8,-0.3,1.76,-0.5,1.808,0.0,1.808,-0.1,1.724,0.0,1.82
05-01-2026-Fri 14-08-32-PM,-0.1,1.788,-0.2,1.9,0.0,1.8,0.3,1.756,-0.4,1.804,0.0,1.804,-0.1,1.72,0.1,1.816
05-01-2026-Fri 14-08-34-PM,-0.3,1.788,-0.3,1.896,-0.2,1.796,-0.2,1.752,-0.5,1.804,0.0,1.804,-0.1,1.716,-0.2,1.812
05-01-2026-Fri 14-08-35-PM,0.1,1.784,-0.2,1.892,0.0,1.796,-0.1,1.752,-0.3,1.8,0.0,1.8,-0.1,1.712,-0.1,1.812
05-01-2026-Fri 14-08-36-PM,-0.4,1.78,-0.4,1.892,0.2,1.792,-0.1,1.748,-0.1,1.796,0.1,1.8,-0.1,1.708,0.1,1.808
05-01-2026-Fri 14-08-38-PM,-0.3,1.78,-0.7,1.888,-0.1,1.788,-0.2,1.744,-0.2,1.792,0.0,1.796,-0.3,1.708,-0.1,1.804
05-01-2026-Fri 14-08-39-PM,-0.3,1.776,-0.3,1.884,0.1,1.788,-0.1,1.744,-0.3,1.792,0.3,1.792,-0.1,1.704,-0.1,1.804
05-01-2026-Fri 14-08-41-PM,-0.2,1.772,-0.4,1.884,-0.1,1.784,0.0,1.736,-0.1,1.788,0.0,1.792,-0.3,1.704,-0.2,1.8
05-01-2026-Fri 14-08-42-PM,0.0,1.772,-0.5,1.884,0.0,1.784,-0.1,1.736,-0.4,1.788,-0.1,1.788,-0.4,1.696,0.1,1.796
05-01-2026-Fri 14-08-44-PM,-0.2,1.768,-0.3,1.88,-0.1,1.78,0.2,1.732,-0.5,1.784,0.0,1.788,0.1,1.696,0.0,1.796
05-01-2026-Fri 14-08-45-PM,-0.2,1.768,-0.2,1.876,-0.3,1.776,-0.1,1.732,-0.3,1.78,-0.1,1.78,-0.1,1.692,-0.1,1.792
05-01-2026-Fri 14-08-46-PM,-0.2,1.764,-0.3,1.876,0.0,1.776,0.1,1.724,-0.3,1.78,-0.3,1.78,-0.1,1.692,-0.3,1.788
05-01-2026-Fri 14-08-48-PM,-0.2,1.764,-0.3,1.872,-0.1,1.772,-0.1,1.728,-0.3,1.78,0.1,1.776,-0.3,1.692,0.0,1.784
05-01-2026-Fri 14-08-49-PM,-0.1,1.76,0.0,1.872,-0.1,1.772,-0.2,1.724,-0.3,1.776,0.1,1.776,-0.2,1.688,0.0,1.788
05-01-2026-Fri 14-08-50-PM,-0.2,1.76,-0.2,1.872,-0.1,1.768,-0.2,1.72,0.0,1.768,-0.2,1.776,-0.2,1.684,0.3,1.78
05-01-2026-Fri 14-08-52-PM,-0.3,1.756,-0.4,1.868,0.1,1.768,-0.1,1.72,-0.3,1.772,0.3,1.772,-0.5,1.68,-0.1,1.78
05-01-2026-Fri 14-08-54-PM,-0.4,1.752,-0.2,1.864,-0.3,1.768,0.2,1.716,-0.3,1.768,-0.1,1.768,-0.1,1.68,0.0,1.78
05-01-2026-Fri 14-08-55-PM,-0.3,1.752,0.0,1.864,0.1,1.76,-0.3,1.712,-0.4,1.764,-0.1,1.764,-0.1,1.676,0.0,1.772
05-01-2026-Fri 14-08-57-PM,-0.3,1.748,-0.1,1.86,0.0,1.76,-0.2,1.708,-0.4,1.764,-0.2,1.764,-0.1,1.676,-0.2,1.772
05-01-2026-Fri 14-08-58-PM,0.1,1.748,-0.3,1.86,0.0,1.756,0.1,1.704,-0.2,1.76,0.1,1.76,0.0,1.672,0.1,1.768
05-01-2026-Fri 14-08-59-PM,-0.4,1.744,-0.3,1.852,-0.1,1.756,-0.1,1.704,0.0,1.76,0.0,1.76,-0.2,1.668,-0.1,1.768
05-01-2026-Fri 14-09-01-PM,-0.2,1.744,-0.4,1.852,-0.1,1.752,-0.3,1.7,-0.5,1.756,-0.1,1.756,-0.2,1.668,-0.1,1.764
05-01-2026-Fri 14-09-02-PM,-0.2,1.74,-0.5,1.852,0.1,1.748,-0.1,1.7,-0.3,1.756,0.0,1.756,-0.1,1.664,0.3,1.76
05-01-2026-Fri 14-09-03-PM,-0.1,1.74,-0.3,1.848,-0.2,1.752,0.1,1.696,-0.6,1.752,0.0,1.752,0.1,1.664,-0.1,1.76
05-01-2026-Fri 14-09-05-PM,Power On
05-01-2026-Fri 14-09-06-PM,3.1,5.28,3.0,5.28,3.2,5.276,2.2,5.28,1.4,5.276,1.4,5.276,1.1,5.268,2.0,5.276
05-01-2026-Fri 14-09-07-PM,2.9,5.28,2.8,5.284,2.8,5.276,2.1,5.288,1.5,5.276,1.5,5.276,0.8,5.268,1.9,5.28
05-01-2026-Fri 14-09-09-PM,2.9,5.276,2.8,5.284,2.8,5.272,2.0,5.284,1.5,5.28,1.5,5.276,0.9,5.268,1.7,5.284
05-01-2026-Fri 14-09-10-PM,Power Off
05-01-2026-Fri 14-09-11-PM,-0.2,2.552,-0.3,2.504,-0.1,2.536,-0.3,2.484,-0.5,2.424,-0.2,2.468,-0.2,2.316,0.1,2.544
05-01-2026-Fri 14-09-13-PM,-0.2,2.42,-0.5,2.408,0.1,2.412,0.0,2.36,-0.5,2.3,0.0,2.34,-0.6,2.2,-0.1,2.404
05-01-2026-Fri 14-09-14-PM,-0.1,2.336,-0.3,2.34,0.1,2.328,-0.3,2.284,-0.3,2.228,-0.2,2.268,0.0,2.132,-0.1,2.324
05-01-2026-Fri 14-09-16-PM,-0.1,2.276,-0.3,2.3,-0.4,2.272,-0.3,2.232,-0.2,2.176,0.0,2.216,-0.2,2.084,-0.1,2.264
05-01-2026-Fri 14-09-17-PM,-0.2,2.228,-0.4,2.268,0.0,2.228,-0.2,2.192,-0.1,2.136,0.0,2.18,-0.3,2.048,0.2,2.22
05-01-2026-Fri 14-09-18-PM,-0.2,2.192,-0.5,2.236,-0.3,2.188,-0.1,2.152,0.0,2.112,-0.3,2.14,-0.2,2.016,0.0,2.184
05-01-2026-Fri 14-09-20-PM,-0.1,2.164,-0.4,2.208,0.0,2.156,0.1,2.124,-0.3,2.088,0.0,2.112,-0.1,1.992,0.1,2.156
05-01-2026-Fri 14-09-21-PM,-0.4,2.136,-0.6,2.192,0.0,2.128,-0.2,2.096,-0.3,2.064,0.0,2.092,-0.1,1.968,0.0,2.132
05-01-2026-Fri 14-09-23-PM,-0.2,2.116,-0.2,2.172,0.0,2.108,0.0,2.072,-0.4,2.044,0.0,2.072,-0.1,1.952,0.0,2.104
05-01-2026-Fri 14-09-24-PM,0.3,2.092,-0.3,2.156,0.0,2.088,-0.2,2.056,-0.3,2.028,0.1,2.056,-0.2,1.936,-0.1,2.088
05-01-2026-Fri 14-09-25-PM,-0.1,2.076,-0.4,2.14,-0.5,2.068,-0.3,2.036,-0.5,2.012,0.0,2.04,-0.1,1.92,0.0,2.072
05-01-2026-Fri 14-09-27-PM,-0.3,2.056,-0.2,2.124,-0.1,2.048,-0.2,2.02,-0.6,2.0,-0.2,2.024,0.0,1.908,-0.1,2.052
05-01-2026-Fri 14-09-28-PM,0.0,2.04,-0.1,2.112,0.0,2.036,-0.2,2.0,-0.3,1.984,0.1,2.008,-0.5,1.892,0.1,2.036
05-01-2026-Fri 14-09-30-PM,-0.1,2.024,-0.1,2.104,0.0,2.02,-0.2,1.988,-0.5,1.976,0.3,1.996,0.0,1.884,-0.2,2.028
05-01-2026-Fri 14-09-31-PM,0.1,2.012,-0.4,2.092,-0.3,2.008,-0.2,1.976,-0.4,1.968,0.2,1.984,-0.4,1.868,0.1,2.012
05-01-2026-Fri 14-09-32-PM,-0.4,2.0,-0.6,2.084,-0.2,1.992,-0.2,1.964,-0.1,1.952,-0.1,1.972,-0.3,1.86,-0.1,2.0
05-01-2026-Fri 14-09-34-PM,-0.3,1.988,-0.3,2.072,0.0,1.98,0.0,1.952,-0.2,1.94,0.0,1.964,-0.2,1.848,0.1,1.988
05-01-2026-Fri 14-09-35-PM,-0.1,1.976,-0.3,2.064,-0.1,1.972,-0.1,1.94,-0.2,1.932,-0.2,1.952,0.0,1.84,0.1,1.98
05-01-2026-Fri 14-09-37-PM,-0.3,1.964,-0.2,2.052,0.2,1.956,0.0,1.928,-0.4,1.928,-0.1,1.944,-0.1,1.832,0.1,1.968
05-01-2026-Fri 14-09-38-PM,-0.2,1.952,0.0,2.044,-0.1,1.948,0.1,1.92,-0.3,1.92,-0.1,1.936,-0.3,1.828,-0.2,1.956
05-01-2026-Fri 14-09-40-PM,-0.3,1.944,-0.2,2.04,-0.1,1.94,-0.1,1.912,-0.2,1.908,0.0,1.928,0.0,1.816,-0.1,1.952
05-01-2026-Fri 14-09-41-PM,-0.2,1.936,-0.3,2.028,0.2,1.932,-0.1,1.904,-0.4,1.904,-0.2,1.92,-0.1,1.808,0.0,1.944
05-01-2026-Fri 14-09-43-PM,-0.4,1.924,-0.3,2.024,-0.1,1.924,-0.2,1.892,0.0,1.896,0.0,1.912,-0.4,1.804,0.2,1.932
05-01-2026-Fri 14-09-46-PM,2.7,5.276,2.4,5.28,2.8,5.276,2.2,5.284,1.2,5.276,1.5,5.276,1.3,5.268,1.8,5.28
05-01-2026-Fri 14-09-48-PM,2.5,5.28,2.8,5.284,2.4,5.276,2.0,5.284,1.2,5.28,1.5,5.28,1.0,5.268,1.8,5.28
05-01-2026-Fri 14-09-51-PM,-0.4,2.628,-0.6,2.544,-0.3,2.588,-0.2,2.536,-0.3,2.48,-0.4,2.536,-0.2,2.384,-0.2,2.62
05-01-2026-Fri 14-09-54-PM,-0.3,2.416,-0.2,2.384,-0.3,2.384,-0.2,2.348,-0.3,2.284,-0.2,2.34,-0.1,2.2,-0.1,2.408
05-01-2026-Fri 14-09-57-PM,2.7,5.28,2.4,5.288,2.4,5.276,1.7,5.284,1.0,5.28,1.5,5.28,0.5,5.272,1.6,5.28
05-01-2026-Fri 14-09-58-PM,2.4,5.284,2.4,5.288,2.6,5.28,2.0,5.28,0.9,5.284,1.4,5.284,0.8,5.272,1.4,5.284
05-01-2026-Fri 14-09-59-PM,Power Off
05-01-2026-Fri 14-10-01-PM,-0.1,2.672,-0.2,2.564,-0.1,2.624,-0.3,2.576,-0.3,2.528,-0.1,2.596,-0.1,2.452,0.1,2.676
05-01-2026-Fri 14-10-02-PM,-0.3,2.548,-0.3,2.472,-0.1,2.5,-0.1,2.468,-0.2,2.408,-0.3,2.476,-0.2,2.34,-0.1,2.556
05-01-2026-Fri 14-10-04-PM,-0.3,2.464,-0.3,2.416,-0.1,2.424,-0.3,2.4,-0.5,2.34,0.1,2.396,-0.4,2.272,0.0,2.472
05-01-2026-Fri 14-10-05-PM,-0.3,2.408,-0.3,2.372,-0.2,2.364,-0.3,2.344,-0.1,2.288,-0.1,2.344,0.1,2.224,0.0,2.416
05-01-2026-Fri 14-10-06-PM,-0.2,2.364,-0.3,2.336,-0.3,2.316,-0.4,2.304,0.1,2.248,0.1,2.296,-0.4,2.184,0.1,2.368
05-01-2026-Fri 14-10-08-PM,-0.1,2.324,-0.4,2.308,-0.4,2.28,-0.4,2.268,0.0,2.216,-0.1,2.264,0.0,2.156,-0.2,2.328
05-01-2026-Fri 14-10-09-PM,-0.4,2.292,-0.2,2.284,0.0,2.252,-0.2,2.236,-0.3,2.192,-0.1,2.232,-0.2,2.132,0.0,2.3
05-01-2026-Fri 14-10-10-PM,Power On
05-01-2026-Fri 14-10-12-PM,2.4,5.28,2.5,5.284,2.6,5.276,2.2,5.284,1.2,5.28,1.3,5.276,1.1,5.268,2.0,5.28
05-01-2026-Fri 14-10-13-PM,2.5,5.276,2.6,5.284,2.3,5.276,2.0,5.28,1.2,5.276,1.4,5.276,0.6,5.268,1.5,5.284
05-01-2026-Fri 14-10-15-PM,2.4,5.28,2.5,5.284,2.4,5.272,2.1,5.284,1.0,5.28,1.3,5.28,0.9,5.268,1.4,5.28
05-01-2026-Fri 14-10-16-PM,2.3,5.28,2.6,5.284,2.1,5.28,2.1,5.284,1.1,5.28,1.6,5.28,0.8,5.272,1.6,5.284
05-01-2026-Fri 14-10-17-PM,2.4,5.28,2.8,5.284,2.4,5.276,2.1,5.284,1.1,5.276,1.3,5.284,0.9,5.272,1.3,5.28
05-01-2026-Fri 14-10-19-PM,Power Off
05-01-2026-Fri 14-10-20-PM,-0.4,2.708,-0.4,2.584,-0.3,2.644,-0.1,2.588,-0.1,2.556,0.2,2.624,-0.2,2.492,-0.1,2.708
05-01-2026-Fri 14-10-21-PM,-0.5,2.588,-0.3,2.492,0.0,2.532,-0.2,2.488,-0.3,2.44,0.0,2.508,-0.3,2.384,0.0,2.592
05-01-2026-Fri 14-10-23-PM,-0.1,2.512,-0.2,2.432,-0.3,2.452,0.1,2.416,-0.1,2.368,-0.3,2.432,-0.1,2.32,0.3,2.516
05-01-2026-Fri 14-10-24-PM,0.3,2.444,-0.4,2.392,0.0,2.392,0.0,2.364,-0.4,2.32,0.1,2.376,-0.2,2.268,0.0,2.456
05-01-2026-Fri 14-10-26-PM,-0.4,2.4,0.0,2.36,-0.2,2.344,-0.2,2.324,-0.1,2.28,-0.1,2.332,-0.2,2.232,0.1,2.408
05-01-2026-Fri 14-10-27-PM,-0.3,2.364,-0.2,2.328,0.1,2.308,-0.3,2.292,-0.5,2.252,-0.2,2.296,-0.2,2.2,-0.1,2.368
05-01-2026-Fri 14-10-28-PM,-0.2,2.328,-0.5,2.304,0.0,2.276,0.0,2.256,-0.2,2.224,-0.3,2.264,-0.3,2.172,-0.1,2.336
05-01-2026-Fri 14-10-30-PM,-0.1,2.292,-0.6,2.276,-0.1,2.244,0.0,2.228,-0.2,2.196,-0.2,2.236,-0.4,2.148,-0.1,2.304
05-01-2026-Fri 14-10-31-PM,-0.2,2.268,-0.2,2.26,-0.1,2.216,-0.1,2.196,-0.3,2.176,0.0,2.212,-0.1,2.128,0.0,2.276
05-01-2026-Fri 14-10-33-PM,-0.3,2.244,-0.2,2.24,0.0,2.196,-0.2,2.176,-0.3,2.16,-0.3,2.196,-0.2,2.112,0.1,2.256
05-01-2026-Fri 14-10-34-PM,0.0,2.224,-0.2,2.228,-0.1,2.176,0.1,2.156,-0.1,2.144,0.0,2.176,-0.2,2.096,-0.1,2.236
05-01-2026-Fri 14-10-35-PM,-0.4,2.208,-0.2,2.216,0.0,2.156,-0.3,2.136,-0.3,2.128,0.0,2.16,-0.1,2.08,0.0,2.22
05-01-2026-Fri 14-10-37-PM,-0.3,2.192,-0.5,2.204,-0.1,2.14,0.0,2.124,-0.5,2.116,0.0,2.148,-0.1,2.068,0.0,2.2
05-01-2026-Fri 14-10-38-PM,-0.1,2.172,-0.4,2.188,-0.1,2.128,0.0,2.108,-0.5,2.104,-0.3,2.128,-0.3,2.056,0.1,2.184
05-01-2026-Fri 14-10-40-PM,-0.1,2.16,-0.3,2.176,0.1,2.108,-0.1,2.092,0.0,2.096,0.0,2.116,-0.4,2.044,0.0,2.168
05-01-2026-Fri 14-10-41-PM,-0.2,2.148,-0.7,2.168,-0.2,2.1,0.0,2.076,-0.2,2.084,0.0,2.104,-0.2,2.032,0.0,2.156
05-01-2026-Fri 14-10-42-PM,-0.3,2.132,-0.4,2.156,-0.2,2.084,-0.3,2.064,0.0,2.076,-0.1,2.092,0.0,2.024,-0.1,2.144
05-01-2026-Fri 14-10-44-PM,0.1,2.12,-0.2,2.152,0.1,2.076,-0.1,2.048,-0.2,2.064,-0.2,2.084,-0.1,2.012,0.1,2.128
05-01-2026-Fri 14-10-45-PM,-0.4,2.112,-0.4,2.136,0.1,2.064,0.0,2.036,0.0,2.052,-0.2,2.072,-0.1,2.004,-0.1,2.12
05-01-2026-Fri 14-10-47-PM,-0.2,2.1,-0.1,2.132,-0.1,2.052,-0.2,2.024,0.0,2.048,-0.1,2.064,-0.1,1.988,-0.2,2.108
05-01-2026-Fri 14-10-48-PM,-0.3,2.088,-0.4,2.124,-0.2,2.044,-0.2,2.016,-0.2,2.036,-0.3,2.056,-0.3,1.984,0.0,2.1
05-01-2026-Fri 14-10-49-PM,-0.2,2.08,-0.5,2.116,0.0,2.032,-0.2,2.008,-0.4,2.028,-0.2,2.044,-0.1,1.972,-0.1,2.088
05-01-2026-Fri 14-10-51-PM,-0.3,2.064,-0.2,2.108,-0.2,2.024,-0.2,1.996,-0.5,2.024,0.0,2.036,-0.2,1.964,-0.3,2.076
05-01-2026-Fri 14-10-52-PM,-0.2,2.056,-0.3,2.1,-0.1,2.012,-0.2,1.984,-0.2,2.016,0.1,2.028,-0.1,1.956,-0.1,2.064
05-01-2026-Fri 14-10-54-PM,-0.1,2.048,-0.3,2.092,-0.1,2.004,-0.4,1.976,-0.2,2.008,-0.3,2.02,-0.2,1.948,0.0,2.06
05-01-2026-Fri 14-10-55-PM,-0.3,2.04,-0.4,2.084,-0.1,1.996,-0.2,1.968,-0.5,2.0,-0.2,2.008,-0.2,1.94,0.0,2.048
05-01-2026-Fri 14-10-56-PM,-0.1,2.028,-0.2,2.08,0.1,1.988,0.0,1.96,-0.2,1.992,0.0,2.004,-0.1,1.932,-0.1,2.04
05-01-2026-Fri 14-10-58-PM,-0.2,2.024,0.0,2.072,0.0,1.98,-0.2,1.952,-0.3,1.984,-0.1,1.996,-0.2,1.928,0.0,2.036
05-01-2026-Fri 14-10-59-PM,-0.2,2.012,-0.2,2.068,-0.1,1.972,0.1,1.948,0.0,1.984,-0.3,1.988,-0.2,1.92,-0.2,2.024
05-01-2026-Fri 14-11-01-PM,0.0,2.004,-0.4,2.06,-0.1,1.968,-0.2,1.94,-0.6,1.972,-0.2,1.984,-0.2,1.908,-0.1,2.016
05-01-2026-Fri 14-11-02-PM,-0.3,2.0,-0.2,2.056,0.0,1.96,-0.2,1.928,-0.5,1.968,-0.1,1.976,0.0,1.9,0.0,2.008
05-01-2026-Fri 14-11-03-PM,-0.1,1.988,-0.3,2.048,-0.1,1.956,-0.1,1.924,-0.2,1.964,-0.1,1.972,-0.2,1.896,0.0,2.0
05-01-2026-Fri 14-11-05-PM,-0.1,1.98,-0.2,2.048,-0.2,1.944,0.0,1.916,-0.3,1.956,0.0,1.964,-0.2,1.888,0.0,1.992
05-01-2026-Fri 14-11-06-PM,-0.2,1.976,-0.3,2.04,0.1,1.94,-0.1,1.908,-0.3,1.952,0.1,1.956,0.1,1.884,0.0,1.988
05-01-2026-Fri 14-11-08-PM,-0.4,1.968,-0.3,2.036,-0.1,1.932,0.0,1.908,-0.5,1.944,0.1,1.952,-0.2,1.876,-0.3,1.98
05-01-2026-Fri 14-11-09-PM,Power On
05-01-2026-Fri 14-11-10-PM,2.4,5.28,2.3,5.284,2.5,5.276,2.0,5.28,1.5,5.28,1.6,5.28,1.0,5.272,1.6,5.28
05-01-2026-Fri 14-11-12-PM,2.4,5.28,2.2,5.284,2.5,5.272,1.8,5.284,1.0,5.28,1.1,5.28,0.7,5.272,1.6,5.28
05-01-2026-Fri 14-11-13-PM,2.3,5.28,2.1,5.28,2.2,5.276,1.8,5.284,1.1,5.28,1.4,5.284,0.6,5.268,1.5,5.284
05-01-2026-Fri 14-11-14-PM,Power Off
05-01-2026-Fri 14-11-16-PM,-0.1,2.664,-0.2,2.56,-0.1,2.616,0.0,2.56,-0.3,2.504,0.0,2.568,-0.3,2.42,0.1,2.648
05-01-2026-Fri 14-11-17-PM,-0.3,2.536,-0.2,2.464,0.0,2.488,-0.2,2.444,-0.5,2.384,0.0,2.452,-0.1,2.304,0.1,2.528
05-01-2026-Fri 14-11-18-PM,-0.4,2.452,-0.3,2.404,-0.1,2.412,-0.1,2.376,-0.4,2.316,-0.1,2.376,-0.1,2.24,-0.2,2.448
05-01-2026-Fri 14-11-20-PM,-0.4,2.392,-0.3,2.364,0.0,2.352,-0.3,2.324,-0.3,2.264,-0.1,2.324,-0.3,2.196,0.0,2.392
05-01-2026-Fri 14-11-21-PM,-0.2,2.348,-0.3,2.328,-0.1,2.304,-0.2,2.284,-0.2,2.228,-0.2,2.28,-0.2,2.164,0.1,2.344
05-01-2026-Fri 14-11-23-PM,-0.1,2.312,-0.3,2.3,0.1,2.268,-0.2,2.248,-0.1,2.196,-0.1,2.244,-0.4,2.132,0.0,2.304
05-01-2026-Fri 14-11-24-PM,-0.2,2.28,-0.5,2.276,0.1,2.236,-0.2,2.216,-0.2,2.172,-0.2,2.216,-0.1,2.104,0.0,2.272
05-01-2026-Fri 14-11-25-PM,0.1,2.252,-0.3,2.252,0.1,2.212,-0.2,2.188,-0.3,2.156,0.0,2.192,-0.1,2.088,-0.1,2.248
05-01-2026-Fri 14-11-27-PM,-0.4,2.228,-0.2,2.236,-0.3,2.188,-0.3,2.164,-0.2,2.136,0.0,2.172,-0.2,2.068,0.2,2.224
05-01-2026-Fri 14-11-28-PM,-0.4,2.208,-0.5,2.22,0.1,2.164,-0.1,2.14,-0.4,2.116,-0.2,2.152,-0.3,2.052,-0.2,2.204
05-01-2026-Fri 14-11-30-PM,-0.1,2.188,-0.4,2.204,0.0,2.144,-0.2,2.12,-0.1,2.1,-0.1,2.136,-0.1,2.036,-0.1,2.184
05-01-2026-Fri 14-11-31-PM,-0.4,2.164,-0.2,2.192,0.1,2.128,-0.4,2.104,-0.5,2.088,0.1,2.12,0.0,2.02,0.0,2.168
05-01-2026-Fri 14-11-32-PM,-0.3,2.148,-0.2,2.176,-0.1,2.108,-0.4,2.088,-0.2,2.076,0.0,2.104,-0.2,2.008,0.1,2.152
05-01-2026-Fri 14-11-34-PM,0.1,2.136,-0.2,2.168,-0.1,2.092,0.0,2.072,-0.6,2.064,0.1,2.092,-0.1,1.992,-0.2,2.136
05-01-2026-Fri 14-11-35-PM,Power On
05-01-2026-Fri 14-11-36-PM,2.4,5.28,2.3,5.284,2.4,5.276,2.2,5.288,1.2,5.28,1.4,5.28,0.5,5.268,1.6,5.28
05-01-2026-Fri 14-11-38-PM,2.4,5.28,2.0,5.288,2.2,5.276,1.5,5.284,1.2,5.28,1.5,5.28,0.5,5.272,1.3,5.28
05-01-2026-Fri 14-11-39-PM,2.1,5.28,2.2,5.284,2.1,5.276,1.6,5.284,1.2,5.28,1.3,5.276,0.4,5.272,1.5,5.28
05-01-2026-Fri 14-11-41-PM,Power Off
05-01-2026-Fri 14-11-42-PM,-0.3,2.688,-0.3,2.568,-0.1,2.632,-0.3,2.572,-0.2,2.524,-0.1,2.6,-0.1,2.448,-0.2,2.684
05-01-2026-Fri 14-11-44-PM,-0.1,2.568,-0.3,2.48,-0.1,2.508,-0.3,2.472,-0.2,2.412,-0.1,2.484,-0.3,2.336,0.1,2.564
05-01-2026-Fri 14-11-47-PM,-0.3,2.42,-0.2,2.372,0.0,2.364,0.0,2.344,-0.1,2.284,-0.1,2.34,-0.5,2.216,0.1,2.416
05-01-2026-Fri 14-11-48-PM,-0.1,2.376,-0.4,2.336,0.0,2.324,-0.1,2.304,-0.2,2.248,-0.2,2.3,-0.1,2.184,0.0,2.372
05-01-2026-Fri 14-11-49-PM,-0.1,2.336,-0.1,2.312,-0.3,2.288,0.1,2.268,-0.2,2.216,-0.1,2.268,-0.3,2.16,-0.2,2.336
05-01-2026-Fri 14-11-51-PM,-0.3,2.308,-0.3,2.292,-0.1,2.256,0.0,2.24,-0.3,2.192,-0.1,2.24,-0.1,2.132,-0.2,2.308
05-01-2026-Fri 14-11-52-PM,-0.3,2.28,-0.5,2.272,-0.3,2.228,-0.2,2.212,-0.5,2.176,-0.2,2.216,0.0,2.112,0.2,2.276
05-01-2026-Fri 14-11-54-PM,-0.2,2.256,-0.5,2.252,-0.4,2.204,-0.1,2.188,-0.1,2.16,-0.2,2.196,-0.2,2.1,0.1,2.256
05-01-2026-Fri 14-11-55-PM,-0.3,2.232,-0.5,2.236,-0.2,2.184,-0.2,2.164,-0.1,2.14,0.1,2.176,-0.4,2.08,0.1,2.232
05-01-2026-Fri 14-11-56-PM,-0.2,2.212,-0.3,2.216,-0.1,2.164,-0.3,2.148,-0.5,2.124,0.0,2.16,-0.1,2.06,0.0,2.212
05-01-2026-Fri 14-11-58-PM,-0.2,2.196,-0.3,2.2,-0.3,2.144,-0.3,2.124,-0.2,2.108,0.0,2.14,-0.2,2.048,-0.2,2.192
05-01-2026-Fri 14-11-59-PM,-0.2,2.176,-0.1,2.192,-0.1,2.124,0.0,2.104,-0.6,2.096,0.2,2.124,0.0,2.036,-0.3,2.18
05-01-2026-Fri 14-12-01-PM,0.1,2.164,-0.3,2.18,-0.1,2.112,0.1,2.092,0.0,2.084,-0.4,2.108,-0.1,2.024,-0.3,2.164
05-01-2026-Fri 14-12-02-PM,-0.3,2.144,-0.3,2.168,-0.2,2.1,-0.1,2.076,-0.3,2.072,0.0,2.096,-0.1,2.012,-0.2,2.152
05-01-2026-Fri 14-12-04-PM,-0.3,2.136,-0.3,2.16,0.0,2.084,-0.1,2.06,-0.2,2.064,0.0,2.084,-0.3,2.0,-0.3,2.136
05-01-2026-Fri 14-12-05-PM,0.1,2.12,-0.3,2.148,-0.1,2.072,0.0,2.048,-0.5,2.052,0.0,2.072,0.1,1.988,-0.3,2.12
05-01-2026-Fri 14-12-06-PM,Power On
05-01-2026-Fri 14-12-08-PM,2.6,5.28,2.0,5.28,1.9,5.276,1.5,5.284,1.2,5.284,1.4,5.284,0.8,5.272,1.5,5.284
05-01-2026-Fri 14-12-09-PM,2.1,5.284,1.9,5.284,2.0,5.28,1.5,5.28,1.0,5.284,1.4,5.284,0.8,5.272,1.4,5.284
05-01-2026-Fri 14-12-10-PM,1.9,5.28,2.1,5.288,2.2,5.276,1.7,5.284,1.0,5.28,1.3,5.284,0.7,5.272,1.1,5.284
05-01-2026-Fri 14-12-12-PM,2.2,5.284,2.0,5.288,2.0,5.276,1.7,5.284,1.2,5.284,1.1,5.284,0.9,5.272,1.3,5.284
05-01-2026-Fri 14-12-13-PM,Power Off
05-01-2026-Fri 14-12-14-PM,-0.5,2.704,-0.1,2.584,0.0,2.652,-0.1,2.592,-0.4,2.548,0.1,2.62,0.0,2.472,-0.1,2.7
05-01-2026-Fri 14-12-16-PM,0.1,2.588,-0.4,2.496,0.0,2.532,-0.1,2.488,-0.3,2.432,-0.2,2.504,-0.3,2.36,-0.1,2.58
05-01-2026-Fri 14-12-17-PM,0.1,2.508,-0.1,2.432,0.0,2.456,-0.4,2.42,-0.1,2.36,-0.1,2.428,-0.2,2.296,-0.1,2.508
05-01-2026-Fri 14-12-19-PM,-0.1,2.452,-0.6,2.396,-0.3,2.4,-0.3,2.368,-0.3,2.312,-0.2,2.372,0.0,2.248,0.0,2.444
05-01-2026-Fri 14-12-20-PM,-0.3,2.408,-0.3,2.36,0.0,2.348,-0.1,2.324,0.0,2.272,-0.2,2.328,-0.1,2.208,-0.1,2.4
05-01-2026-Fri 14-12-21-PM,-0.4,2.364,-0.3,2.332,-0.1,2.312,-0.3,2.288,-0.5,2.24,-0.2,2.292,-0.2,2.184,0.0,2.36
05-01-2026-Fri 14-12-23-PM,-0.1,2.336,-0.2,2.308,0.0,2.28,0.0,2.26,-0.2,2.216,-0.3,2.268,0.0,2.16,-0.1,2.328
05-01-2026-Fri 14-12-24-PM,0.0,2.304,-0.4,2.284,-0.2,2.248,0.0,2.232,0.0,2.192,-0.3,2.24,-0.4,2.136,0.2,2.3
05-01-2026-Fri 14-12-26-PM,-0.2,2.28,-0.1,2.264,-0.2,2.224,-0.2,2.208,-0.1,2.172,0.1,2.212,-0.3,2.116,-0.1,2.28
05-01-2026-Fri 14-12-27-PM,-0.2,2.256,-0.4,2.248,0.1,2.2,-0.4,2.184,-0.1,2.156,-0.1,2.192,0.3,2.096,-0.1,2.256
05-01-2026-Fri 14-12-28-PM,-0.2,2.232,-0.1,2.232,-0.1,2.18,0.1,2.16,-0.3,2.14,0.2,2.176,0.0,2.08,-0.1,2.232
05-01-2026-Fri 14-12-30-PM,-0.1,2.216,-0.6,2.22,0.1,2.16,-0.1,2.144,-0.3,2.128,-0.1,2.16,-0.2,2.068,-0.2,2.216
05-01-2026-Fri 14-12-31-PM,-0.4,2.196,-0.2,2.204,0.0,2.144,-0.3,2.12,-0.2,2.112,-0.3,2.144,-0.3,2.052,-0.1,2.196
05-01-2026-Fri 14-12-33-PM,-0.1,2.184,-0.3,2.192,0.0,2.128,-0.3,2.108,-0.5,2.096,0.1,2.128,-0.2,2.04,0.0,2.184
05-01-2026-Fri 14-12-34-PM,-0.3,2.164,-0.1,2.176,-0.1,2.112,-0.2,2.092,-0.3,2.088,0.0,2.116,-0.2,2.032,-0.3,2.168
05-01-2026-Fri 14-12-35-PM,-0.2,2.152,-0.2,2.168,-0.3,2.096,0.0,2.08,-0.1,2.076,0.1,2.104,-0.2,2.016,-0.1,2.152
05-01-2026-Fri 14-12-37-PM,-0.3,2.136,-0.3,2.16,-0.2,2.088,-0.1,2.064,-0.3,2.072,0.0,2.092,-0.2,2.008,-0.3,2.144
05-01-2026-Fri 14-12-38-PM,-0.2,2.124,-0.2,2.148,-0.1,2.076,-0.2,2.052,-0.3,2.06,-0.2,2.08,-0.2,2.0,-0.2,2.128
05-01-2026-Fri 14-12-39-PM,-0.4,2.116,-0.4,2.14,0.2,2.064,-0.1,2.036,-0.2,2.048,0.0,2.068,-0.3,1.988,-0.2,2.116
05-01-2026-Fri 14-12-41-PM,-0.1,2.104,-0.3,2.132,0.0,2.048,0.0,2.028,-0.2,2.04,0.0,2.06,-0.1,1.976,0.1,2.104
05-01-2026-Fri 14-12-42-PM,-0.1,2.092,-0.2,2.124,0.2,2.04,0.0,2.012,-0.2,2.032,0.2,2.048,-0.3,1.968,0.1,2.096
05-01-2026-Fri 14-12-44-PM,-0.1,2.08,0.1,2.112,0.1,2.032,-0.2,2.0,-0.4,2.024,-0.1,2.04,0.0,1.96,0.0,2.084
05-01-2026-Fri 14-12-45-PM,-0.1,2.072,-0.3,2.104,0.0,2.02,-0.1,1.996,-0.2,2.012,-0.1,2.028,-0.2,1.952,0.1,2.072
05-01-2026-Fri 14-12-46-PM,-0.4,2.064,-0.4,2.1,-0.1,2.012,-0.1,1.984,-0.3,2.008,0.0,2.024,-0.2,1.94,-0.1,2.064
05-01-2026-Fri 14-12-48-PM,-0.3,2.056,-0.3,2.092,0.0,2.004,0.0,1.976,-0.5,2.0,0.1,2.012,-0.2,1.936,0.0,2.06
05-01-2026-Fri 14-12-49-PM,0.1,2.048,-0.3,2.084,0.0,1.992,0.1,1.968,-0.4,1.992,-0.1,2.008,-0.3,1.928,-0.2,2.048
05-01-2026-Fri 14-12-51-PM,-0.2,2.036,-0.2,2.08,0.1,1.988,0.1,1.956,-0.3,1.988,-0.2,2.0,0.1,1.92,-0.1,2.04
05-01-2026-Fri 14-12-52-PM,-0.3,2.028,-0.2,2.076,0.1,1.98,-0.1,1.948,-0.3,1.984,-0.3,1.992,-0.1,1.912,0.1,2.032
05-01-2026-Fri 14-12-53-PM,-0.3,2.02,-0.2,2.064,-0.1,1.972,-0.2,1.94,-0.2,1.976,-0.1,1.984,-0.1,1.904,-0.2,2.024
05-01-2026-Fri 14-12-55-PM,-0.2,2.012,-0.2,2.056,-0.2,1.964,-0.2,1.932,-0.2,1.972,-0.1,1.976,-0.2,1.9,0.1,2.012
05-01-2026-Fri 14-12-56-PM,-0.1,2.004,-0.5,2.056,0.0,1.96,-0.1,1.928,0.0,1.96,0.0,1.972,-0.2,1.892,-0.1,2.008
05-01-2026-Fri 14-12-58-PM,0.2,1.996,-0.4,2.052,-0.2,1.952,-0.1,1.92,-0.2,1.956,-0.3,1.964,-0.1,1.884,-0.2,2.0
05-01-2026-Fri 14-12-59-PM,-0.4,1.992,0.0,2.044,0.2,1.944,-0.2,1.912,-0.1,1.952,0.0,1.96,0.1,1.88,-0.1,1.992
05-01-2026-Fri 14-13-01-PM,-0.4,1.984,-0.1,2.04,-0.3,1.936,-0.3,1.904,-0.3,1.948,-0.2,1.952,-0.1,1.876,0.0,1.988
05-01-2026-Fri 14-13-02-PM,-0.1,1.976,-0.6,2.032,-0.1,1.932,0.0,1.904,-0.2,1.944,0.0,1.948,-0.2,1.872,0.0,1.984
05-01-2026-Fri 14-13-03-PM,-0.2,1.972,-0.2,2.028,-0.1,1.928,-0.2,1.896,-0.3,1.936,0.2,1.94,-0.2,1.864,-0.1,1.972
05-01-2026-Fri 14-13-05-PM,-0.1,1.964,-0.3,2.024,0.2,1.92,0.0,1.892,-0.1,1.932,0.0,1.936,-0.3,1.856,0.0,1.968
05-01-2026-Fri 14-13-06-PM,-0.2,1.956,-0.2,2.016,-0.3,1.912,-0.1,1.884,0.0,1.928,-0.1,1.932,-0.2,1.848,-0.1,1.96
05-01-2026-Fri 14-13-08-PM,-0.1,1.948,-0.3,2.012,-0.2,1.912,0.1,1.876,-0.1,1.924,0.1,1.924,0.0,1.848,0.0,1.956
05-01-2026-Fri 14-13-09-PM,-0.2,1.944,-0.2,2.012,0.0,1.904,0.1,1.872,-0.3,1.916,0.1,1.92,0.0,1.836,0.0,1.952
05-01-2026-Fri 14-13-10-PM,-0.1,1.94,-0.3,2.004,0.0,1.9,-0.2,1.868,0.0,1.912,-0.2,1.916,0.1,1.832,-0.1,1.94
05-01-2026-Fri 14-13-12-PM,-0.1,1.936,-0.3,2.0,0.0,1.892,-0.2,1.86,-0.1,1.908,0.1,1.908,-0.3,1.828,-0.1,1.936
05-01-2026-Fri 14-13-13-PM,-0.2,1.932,-0.5,1.996,-0.2,1.892,-0.2,1.856,-0.3,1.9,-0.3,1.904,-0.2,1.82,-0.2,1.932
05-01-2026-Fri 14-13-14-PM,0.1,1.924,-0.4,1.992,-0.4,1.884,-0.1,1.856,-0.3,1.9,0.0,1.9,0.1,1.816,-0.1,1.928
05-01-2026-Fri 14-13-16-PM,-0.1,1.916,-0.2,1.984,-0.3,1.88,0.3,1.848,-0.3,1.892,0.0,1.896,-0.4,1.808,0.0,1.92
05-01-2026-Fri 14-13-17-PM,-0.3,1.912,-0.2,1.984,0.0,1.876,-0.3,1.84,-0.2,1.892,0.0,1.888,-0.1,1.804,0.0,1.916
05-01-2026-Fri 14-13-19-PM,-0.4,1.908,-0.2,1.98,-0.2,1.868,-0.1,1.836,-0.2,1.892,0.0,1.884,-0.1,1.8,0.1,1.912
05-01-2026-Fri 14-13-20-PM,0.1,1.904,-0.4,1.972,-0.5,1.868,0.0,1.832,-0.2,1.884,-0.1,1.884,-0.1,1.796,0.0,1.908
05-01-2026-Fri 14-13-21-PM,-0.2,1.896,-0.3,1.968,0.0,1.864,-0.3,1.828,-0.3,1.876,-0.1,1.876,-0.2,1.792,-0.1,1.9
05-01-2026-Fri 14-13-23-PM,-0.1,1.888,-0.4,1.964,-0.1,1.856,-0.1,1.824,-0.4,1.872,0.1,1.872,-0.1,1.784,-0.1,1.892
05-01-2026-Fri 14-13-24-PM,-0.2,1.888,-0.2,1.964,0.1,1.852,0.0,1.816,-0.5,1.872,-0.1,1.868,0.0,1.78,0.0,1.888
05-01-2026-Fri 14-13-26-PM,-0.1,1.88,-0.2,1.96,0.0,1.848,-0.2,1.812,-0.2,1.864,-0.2,1.864,-0.1,1.776,0.1,1.884
05-01-2026-Fri 14-13-27-PM,-0.3,1.872,-0.2,1.952,-0.1,1.844,0.1,1.808,-0.1,1.86,-0.1,1.86,-0.1,1.768,-0.2,1.88
05-01-2026-Fri 14-13-28-PM,Power On
05-01-2026-Fri 14-13-30-PM,2.2,5.284,2.1,5.288,2.0,5.276,1.7,5.284,0.9,5.284,1.3,5.284,0.7,5.272,1.2,5.284
05-01-2026-Fri 14-13-31-PM,1.6,5.284,1.8,5.288,1.8,5.28,1.4,5.288,1.1,5.284,1.2,5.288,0.7,5.272,1.3,5.288
05-01-2026-Fri 14-13-33-PM,1.9,5.284,1.7,5.288,2.1,5.28,1.6,5.288,0.5,5.284,1.1,5.284,0.8,5.276,1.4,5.284
05-01-2026-Fri 14-13-34-PM,Power Off
05-01-2026-Fri 14-13-35-PM,0.1,2.64,-0.3,2.544,0.1,2.596,-0.3,2.536,-0.2,2.476,-0.1,2.536,-0.2,2.368,0.0,2.608
05-01-2026-Fri 14-13-37-PM,-0.1,2.516,-0.2,2.448,0.0,2.468,0.0,2.424,-0.2,2.352,0.0,2.412,0.1,2.252,0.0,2.48
05-01-2026-Fri 14-13-38-PM,-0.4,2.416,-0.3,2.38,-0.2,2.376,-0.1,2.336,-0.4,2.264,0.0,2.324,-0.2,2.168,-0.1,2.384
05-01-2026-Fri 14-13-40-PM,-0.3,2.356,-0.2,2.34,-0.2,2.32,-0.2,2.284,-0.2,2.22,0.1,2.272,-0.1,2.124,0.2,2.328
05-01-2026-Fri 14-13-41-PM,Power On
05-01-2026-Fri 14-13-42-PM,1.7,5.28,1.8,5.284,1.9,5.276,1.4,5.284,0.9,5.284,1.2,5.28,0.7,5.272,1.2,5.28
05-01-2026-Fri 14-13-44-PM,1.9,5.28,1.6,5.284,1.8,5.276,1.4,5.284,1.0,5.28,1.3,5.284,0.6,5.268,1.1,5.284
05-01-2026-Fri 14-13-46-PM,1.9,5.28,1.7,5.284,1.9,5.28,1.4,5.284,1.0,5.284,1.3,5.284,0.3,5.272,1.1,5.284
05-01-2026-Fri 14-13-49-PM,1.5,5.28,1.8,5.284,1.9,5.276,1.6,5.284,0.8,5.28,1.1,5.28,0.8,5.268,1.1,5.28
05-01-2026-Fri 14-13-52-PM,-0.3,2.732,-0.2,2.608,0.1,2.668,-0.2,2.608,-0.2,2.564,0.0,2.64,0.1,2.476,0.0,2.716
05-01-2026-Fri 14-13-55-PM,-0.5,2.536,-0.3,2.456,0.0,2.48,0.1,2.44,-0.5,2.376,-0.1,2.448,-0.3,2.3,0.2,2.528
05-01-2026-Fri 14-13-57-PM,-0.2,2.436,-0.3,2.376,0.0,2.376,0.1,2.344,-0.5,2.288,-0.2,2.348,-0.1,2.212,-0.2,2.42
05-01-2026-Fri 14-14-00-PM,1.9,5.28,1.9,5.284,1.9,5.276,1.6,5.284,0.8,5.28,1.1,5.28,0.7,5.268,1.4,5.28
05-01-2026-Fri 14-14-03-PM,1.6,5.28,1.6,5.288,1.6,5.276,1.4,5.28,0.6,5.284,1.0,5.28,0.8,5.268,0.9,5.28
05-01-2026-Fri 14-14-05-PM,Power Off
05-01-2026-Fri 14-14-08-PM,-0.3,2.608,-0.5,2.5,-0.2,2.54,0.0,2.492,-0.4,2.44,0.1,2.516,0.0,2.368,0.0,2.596
05-01-2026-Fri 14-14-11-PM,-0.4,2.484,-0.3,2.404,-0.1,2.42,-0.1,2.384,-0.5,2.324,-0.2,2.392,-0.3,2.264,-0.1,2.468
05-01-2026-Fri 14-14-14-PM,-0.3,2.404,-0.4,2.352,-0.2,2.348,-0.2,2.344,-0.4,2.3,-0.2,2.352,-0.1,2.228,0.0,2.408
05-01-2026-Fri 14-14-16-PM,1.6,5.28,1.5,5.284,1.7,5.276,1.4,5.28,0.7,5.28,1.0,5.28,0.6,5.272,1.1,5.284
05-01-2026-Fri 14-14-18-PM,1.8,5.28,1.6,5.288,1.7,5.276,1.6,5.28,1.0,5.284,0.9,5.276,0.8,5.272,0.9,5.28
05-01-2026-Fri 14-14-19-PM,
05-01-2026-Fri 14-14-21-PM,1.8,5.28,1.2,5.284,1.5,5.28,1.4,5.288,0.8,5.28,1.1,5.284,0.5,5.272,0.7,5.28
05-01-2026-Fri 14-14-23-PM,0.1,2.752,-0.1,2.612,-0.1,2.68,-0.1,2.608,-0.5,2.572,0.0,2.648,-0.1,2.488,0.1,2.728
05-01-2026-Fri 14-14-26-PM,1.4,5.28,1.7,5.284,1.5,5.276,1.6,5.28,0.9,5.276,0.9,5.284,0.7,5.268,1.0,5.28
05-01-2026-Fri 14-14-29-PM,1.7,5.28,1.6,5.284,1.6,5.276,1.4,5.284,0.7,5.276,1.1,5.276,0.6,5.268,1.1,5.28
05-01-2026-Fri 14-14-31-PM,Power Off
05-01-2026-Fri 14-14-34-PM,-0.5,2.644,-0.3,2.532,0.1,2.58,-0.5,2.52,-0.4,2.48,0.1,2.552,0.1,2.408,0.0,2.632
05-01-2026-Fri 14-14-37-PM,Power On
05-01-2026-Fri 14-14-39-PM,Power Off
05-01-2026-Fri 14-14-42-PM,-0.2,2.624,-0.1,2.52,-0.1,2.556,0.0,2.504,-0.2,2.452,0.0,2.528,-0.1,2.38,-0.3,2.608
05-01-2026-Fri 14-14-44-PM,0.1,2.492,-0.2,2.416,-0.1,2.428,-0.1,2.396,-0.5,2.34,0.0,2.4,-0.3,2.276,-0.3,2.48
05-01-2026-Fri 14-14-46-PM,-0.2,2.448,-0.1,2.384,0.0,2.384,-0.2,2.356,-0.6,2.3,0.1,2.36,-0.4,2.24,-0.2,2.436
05-01-2026-Fri 14-14-48-PM,-0.3,2.408,-0.2,2.352,-0.2,2.344,-0.2,2.32,-0.4,2.268,0.0,2.32,-0.3,2.212,-0.3,2.396
05-01-2026-Fri 14-14-49-PM,-0.2,2.38,-0.4,2.336,0.0,2.316,-0.2,2.292,-0.2,2.244,-0.1,2.296,-0.1,2.192,-0.1,2.372
05-01-2026-Fri 14-14-50-PM,-0.2,2.352,-0.4,2.312,0.2,2.288,-0.1,2.264,-0.4,2.224,-0.1,2.272,-0.3,2.172,-0.1,2.34
05-01-2026-Fri 14-14-52-PM,-0.4,2.332,-0.2,2.292,0.0,2.26,-0.1,2.24,-0.4,2.204,0.0,2.248,-0.2,2.152,-0.1,2.32
05-01-2026-Fri 14-14-53-PM,-0.5,2.312,-0.3,2.276,-0.3,2.244,-0.3,2.224,-0.4,2.188,-0.1,2.228,-0.4,2.14,-0.1,2.3
05-01-2026-Fri 14-14-54-PM,-0.1,2.292,-0.2,2.264,0.0,2.224,0.1,2.2,-0.2,2.172,-0.1,2.212,-0.2,2.124,-0.3,2.28
05-01-2026-Fri 14-14-56-PM,-0.2,2.276,-0.2,2.248,0.1,2.204,-0.2,2.184,-0.2,2.16,0.2,2.196,-0.2,2.108,-0.1,2.26
05-01-2026-Fri 14-14-57-PM,-0.3,2.256,-0.2,2.236,-0.2,2.188,-0.3,2.164,0.0,2.152,-0.2,2.18,0.1,2.096,-0.1,2.244
05-01-2026-Fri 14-14-59-PM,Power On
05-01-2026-Fri 14-15-00-PM,1.7,5.28,1.5,5.284,1.8,5.272,1.5,5.28,0.5,5.276,1.2,5.28,0.4,5.268,1.2,5.28
05-01-2026-Fri 14-15-01-PM,1.4,5.28,1.7,5.28,1.6,5.272,1.2,5.28,0.5,5.28,1.2,5.28,0.5,5.264,1.0,5.28
05-01-2026-Fri 14-15-03-PM,1.5,5.28,1.6,5.284,1.3,5.276,1.3,5.28,0.8,5.28,0.9,5.28,0.5,5.268,1.0,5.28
05-01-2026-Fri 14-15-05-PM,Power Off
05-01-2026-Fri 14-15-07-PM,-0.3,2.748,-0.5,2.612,0.1,2.672,-0.2,2.612,-0.2,2.576,0.0,2.652,-0.1,2.488,-0.1,2.728
05-01-2026-Fri 14-15-10-PM,-0.3,2.556,-0.2,2.464,-0.2,2.488,-0.2,2.448,-0.3,2.392,-0.1,2.46,-0.2,2.316,0.0,2.54
05-01-2026-Fri 14-15-11-PM,-0.2,2.476,-0.3,2.408,0.0,2.412,-0.3,2.388,-0.5,2.324,-0.3,2.392,0.0,2.256,-0.1,2.46
05-01-2026-Fri 14-15-13-PM,-0.1,2.44,-0.5,2.376,0.0,2.372,-0.1,2.344,-0.1,2.288,-0.1,2.344,-0.2,2.22,0.0,2.42
05-01-2026-Fri 14-15-14-PM,Power On
05-01-2026-Fri 14-15-15-PM,1.5,5.28,1.3,5.28,1.6,5.276,1.4,5.284,0.8,5.28,1.2,5.28,0.3,5.272,1.3,5.28
05-01-2026-Fri 14-15-17-PM,1.6,5.28,1.5,5.284,1.1,5.28,1.2,5.288,0.8,5.28,1.0,5.28,0.5,5.272,0.7,5.284
05-01-2026-Fri 14-15-18-PM,1.4,5.28,1.3,5.288,1.4,5.276,1.4,5.284,0.7,5.284,1.0,5.28,0.5,5.268,0.9,5.284
05-01-2026-Fri 14-15-20-PM,1.5,5.28,1.7,5.284,1.4,5.28,1.3,5.28,0.4,5.284,0.8,5.28,0.5,5.272,1.0,5.28
05-01-2026-Fri 14-15-21-PM,Power Off
05-01-2026-Fri 14-15-22-PM,-0.1,2.764,-0.3,2.62,-0.1,2.688,-0.1,2.62,-0.2,2.588,0.0,2.668,-0.1,2.5,0.1,2.736
05-01-2026-Fri 14-15-24-PM,0.1,2.652,-0.1,2.532,-0.1,2.572,-0.1,2.524,-0.4,2.476,0.0,2.548,-0.2,2.396,0.0,2.628
05-01-2026-Fri 14-15-25-PM,-0.2,2.572,-0.3,2.472,-0.1,2.5,-0.1,2.46,-0.3,2.408,-0.1,2.476,-0.1,2.328,0.2,2.556
05-01-2026-Fri 14-15-27-PM,-0.3,2.52,-0.4,2.432,-0.2,2.444,0.0,2.408,-0.5,2.352,-0.1,2.42,-0.3,2.284,0.0,2.5
05-01-2026-Fri 14-15-30-PM,0.2,2.432,-0.2,2.368,-0.1,2.36,-0.2,2.336,-0.3,2.28,-0.1,2.34,-0.2,2.22,-0.1,2.412
05-01-2026-Fri 14-15-31-PM,-0.4,2.392,-0.4,2.336,-0.2,2.32,-0.1,2.296,-0.2,2.248,0.0,2.3,-0.2,2.192,0.1,2.372
05-01-2026-Fri 14-15-32-PM,-0.4,2.364,-0.4,2.316,0.0,2.292,-0.1,2.272,-0.4,2.228,-0.1,2.28,-0.3,2.168,-0.1,2.344
05-01-2026-Fri 14-15-34-PM,-0.3,2.34,-0.3,2.296,-0.1,2.268,-0.1,2.248,-0.2,2.208,0.0,2.248,-0.2,2.148,-0.1,2.32
05-01-2026-Fri 14-15-35-PM,-0.3,2.316,-0.3,2.28,-0.2,2.248,-0.1,2.224,-0.3,2.188,0.1,2.232,0.0,2.136,0.0,2.296
05-01-2026-Fri 14-15-36-PM,-0.1,2.296,-0.3,2.264,0.0,2.224,0.0,2.208,-0.2,2.176,0.0,2.212,-0.2,2.124,-0.1,2.28
05-01-2026-Fri 14-15-38-PM,-0.2,2.276,-0.4,2.252,-0.3,2.208,0.0,2.184,-0.1,2.164,0.0,2.196,0.0,2.104,0.2,2.264
05-01-2026-Fri 14-15-39-PM,-0.3,2.26,-0.5,2.232,0.0,2.192,0.0,2.168,-0.3,2.148,-0.2,2.18,-0.3,2.092,0.0,2.244
05-01-2026-Fri 14-15-41-PM,-0.4,2.248,0.0,2.224,-0.2,2.172,-0.1,2.152,-0.3,2.136,-0.1,2.164,-0.2,2.076,0.0,2.228
05-01-2026-Fri 14-15-42-PM,-0.4,2.232,-0.3,2.208,0.0,2.16,-0.2,2.136,-0.2,2.128,-0.1,2.152,0.1,2.068,-0.1,2.212
05-01-2026-Fri 14-15-44-PM,-0.3,2.216,-0.2,2.2,0.2,2.14,-0.2,2.12,-0.1,2.112,-0.2,2.14,-0.1,2.06,0.0,2.2
05-01-2026-Fri 14-15-46-PM,-0.1,2.192,-0.1,2.18,-0.3,2.12,0.1,2.096,-0.3,2.096,-0.1,2.116,-0.3,2.04,-0.2,2.172
05-01-2026-Fri 14-15-48-PM,-0.2,2.176,-0.7,2.168,0.1,2.1,-0.1,2.076,-0.3,2.084,0.0,2.1,-0.2,2.028,-0.1,2.156
05-01-2026-Fri 14-15-49-PM,-0.2,2.168,-0.4,2.156,0.0,2.092,-0.1,2.064,-0.5,2.076,-0.3,2.092,-0.2,2.02,0.1,2.148
05-01-2026-Fri 14-15-51-PM,-0.1,2.156,-0.2,2.148,0.0,2.08,-0.1,2.056,-0.2,2.068,-0.1,2.084,-0.1,2.012,-0.2,2.136
05-01-2026-Fri 14-15-52-PM,-0.3,2.144,-0.1,2.14,-0.2,2.072,-0.3,2.044,-0.2,2.056,-0.1,2.076,-0.2,2.004,0.0,2.128
05-01-2026-Fri 14-15-53-PM,-0.3,2.136,-0.2,2.136,0.0,2.064,0.0,2.032,-0.1,2.052,-0.2,2.064,-0.2,1.992,-0.1,2.12
05-01-2026-Fri 14-15-55-PM,-0.2,2.128,-0.2,2.128,-0.1,2.056,0.0,2.028,0.0,2.044,-0.3,2.056,0.0,1.984,0.1,2.108
05-01-2026-Fri 14-15-56-PM,-0.2,2.12,0.0,2.124,0.0,2.044,-0.1,2.016,-0.3,2.036,-0.1,2.048,-0.2,1.98,0.0,2.096
05-01-2026-Fri 14-15-58-PM,-0.1,2.108,-0.4,2.112,0.2,2.036,-0.2,2.004,-0.2,2.032,0.2,2.04,0.0,1.972,-0.1,2.088
05-01-2026-Fri 14-15-59-PM,-0.2,2.1,-0.3,2.108,0.0,2.028,0.0,1.992,-0.4,2.028,-0.1,2.032,0.0,1.964,-0.2,2.08
05-01-2026-Fri 14-16-00-PM,-0.1,2.096,-0.4,2.104,-0.1,2.02,-0.1,1.988,-0.4,2.02,0.1,2.028,-0.4,1.96,0.0,2.072
05-01-2026-Fri 14-16-02-PM,-0.2,2.084,-0.2,2.092,-0.2,2.016,-0.1,1.98,-0.2,2.012,0.0,2.02,0.2,1.952,-0.2,2.064
05-01-2026-Fri 14-16-03-PM,-0.3,2.08,-0.2,2.088,-0.2,2.008,0.0,1.972,-0.2,2.008,0.0,2.012,-0.1,1.944,-0.1,2.06
05-01-2026-Fri 14-16-05-PM,-0.1,2.072,-0.2,2.08,-0.1,2.0,-0.3,1.96,-0.1,2.0,0.2,2.008,-0.1,1.94,-0.1,2.048
05-01-2026-Fri 14-16-06-PM,Power On
05-01-2026-Fri 14-16-07-PM,1.4,5.28,1.5,5.284,1.6,5.276,1.4,5.28,0.7,5.28,0.8,5.276,0.7,5.272,0.9,5.284
05-01-2026-Fri 14-16-09-PM,1.5,5.28,1.5,5.288,1.4,5.276,1.2,5.28,0.9,5.28,1.1,5.284,0.6,5.272,0.8,5.284
05-01-2026-Fri 14-16-10-PM,1.5,5.28,1.3,5.284,1.4,5.276,0.9,5.284,0.6,5.284,0.9,5.284,0.3,5.272,0.8,5.284
05-01-2026-Fri 14-16-11-PM,1.6,5.284,1.4,5.284,1.3,5.28,1.3,5.284,0.8,5.284,1.0,5.284,0.5,5.276,0.8,5.284
05-01-2026-Fri 14-16-13-PM,Power Off
05-01-2026-Fri 14-16-14-PM,-0.2,2.684,-0.2,2.56,-0.2,2.612,-0.2,2.556,-0.5,2.5,-0.1,2.572,-0.4,2.392,-0.1,2.644
05-01-2026-Fri 14-16-15-PM,-0.2,2.58,-0.5,2.48,-0.1,2.508,-0.1,2.46,-0.2,2.396,-0.1,2.468,-0.3,2.292,-0.2,2.536
05-01-2026-Fri 14-16-17-PM,0.0,2.504,-0.1,2.428,-0.2,2.436,-0.4,2.396,-0.3,2.332,0.2,2.4,-0.3,2.24,0.1,2.468
05-01-2026-Fri 14-16-18-PM,-0.5,2.452,-0.1,2.384,-0.2,2.384,-0.1,2.352,-0.2,2.284,0.1,2.348,0.1,2.196,0.0,2.416
05-01-2026-Fri 14-16-20-PM,0.0,2.408,-0.3,2.352,-0.2,2.344,-0.1,2.316,-0.6,2.248,-0.2,2.308,-0.3,2.164,-0.1,2.372
05-01-2026-Fri 14-16-21-PM,-0.4,2.372,-0.3,2.328,-0.2,2.312,-0.2,2.28,-0.3,2.224,-0.2,2.276,-0.4,2.136,0.0,2.34
05-01-2026-Fri 14-16-22-PM,-0.4,2.34,-0.2,2.304,-0.2,2.28,0.0,2.252,-0.2,2.196,-0.3,2.248,-0.3,2.112,-0.1,2.308
05-01-2026-Fri 14-16-24-PM,-0.1,2.32,-0.4,2.284,-0.1,2.248,-0.1,2.224,-0.4,2.176,-0.1,2.224,-0.3,2.092,-0.2,2.284
05-01-2026-Fri 14-16-25-PM,-0.2,2.292,-0.4,2.264,-0.1,2.224,-0.2,2.2,-0.3,2.156,-0.1,2.2,0.1,2.076,0.0,2.256
05-01-2026-Fri 14-16-27-PM,-0.3,2.272,-0.3,2.244,-0.2,2.204,-0.1,2.18,-0.5,2.14,0.2,2.184,-0.1,2.064,0.2,2.236
05-01-2026-Fri 14-16-28-PM,-0.1,2.252,-0.3,2.232,-0.2,2.184,0.0,2.16,-0.3,2.124,-0.1,2.16,-0.2,2.048,-0.1,2.216
05-01-2026-Fri 14-16-29-PM,-0.3,2.236,-0.1,2.216,0.0,2.168,-0.2,2.14,-0.2,2.112,-0.1,2.144,-0.1,2.032,-0.1,2.2
05-01-2026-Fri 14-16-31-PM,0.0,2.216,-0.3,2.204,0.1,2.148,0.0,2.12,-0.1,2.1,0.1,2.128,-0.2,2.024,-0.2,2.184
05-01-2026-Fri 14-16-32-PM,-0.2,2.2,-0.3,2.192,-0.3,2.132,0.2,2.104,-0.4,2.084,-0.1,2.116,0.1,2.012,0.0,2.172
05-01-2026-Fri 14-16-34-PM,-0.3,2.188,-0.1,2.18,-0.1,2.12,0.0,2.092,-0.2,2.076,-0.3,2.104,-0.2,2.0,-0.4,2.152
05-01-2026-Fri 14-16-35-PM,0.1,2.172,-0.2,2.168,-0.3,2.104,-0.1,2.076,-0.4,2.068,-0.1,2.092,-0.1,1.992,0.0,2.14
05-01-2026-Fri 14-16-36-PM,0.0,2.16,-0.4,2.16,-0.1,2.088,-0.3,2.064,-0.4,2.056,0.2,2.08,-0.1,1.984,-0.1,2.128
05-01-2026-Fri 14-16-38-PM,-0.1,2.148,-0.3,2.148,-0.1,2.08,-0.1,2.052,-0.4,2.048,-0.1,2.068,-0.1,1.972,-0.1,2.116
05-01-2026-Fri 14-16-39-PM,0.1,2.136,-0.3,2.136,-0.2,2.064,-0.1,2.032,-0.1,2.04,-0.2,2.06,0.0,1.96,0.1,2.104
05-01-2026-Fri 14-16-41-PM,-0.3,2.124,-0.5,2.128,-0.2,2.056,-0.2,2.024,-0.5,2.028,0.0,2.048,-0.3,1.956,-0.4,2.092
05-01-2026-Fri 14-16-42-PM,-0.2,2.112,-0.3,2.12,0.0,2.044,-0.3,2.016,-0.6,2.024,-0.1,2.04,0.0,1.944,-0.1,2.084
05-01-2026-Fri 14-16-43-PM,-0.1,2.108,-0.1,2.116,-0.1,2.036,0.1,2.004,-0.3,2.012,0.0,2.032,0.0,1.94,-0.2,2.072
05-01-2026-Fri 14-16-45-PM,-0.3,2.096,-0.5,2.104,-0.2,2.028,-0.3,1.992,-0.2,2.008,-0.1,2.02,-0.1,1.932,-0.3,2.06
05-01-2026-Fri 14-16-46-PM,-0.3,2.088,-0.4,2.1,0.1,2.016,0.0,1.98,-0.2,2.0,-0.1,2.012,-0.1,1.928,0.1,2.056
05-01-2026-Fri 14-16-48-PM,-0.1,2.08,-0.2,2.092,0.0,2.008,0.0,1.972,-0.2,1.996,-0.1,2.004,-0.1,1.92,0.2,2.048
05-01-2026-Fri 14-16-49-PM,-0.3,2.068,-0.4,2.084,-0.1,1.996,0.1,1.96,0.0,1.988,0.1,2.0,0.0,1.912,-0.1,2.04
05-01-2026-Fri 14-16-50-PM,-0.1,2.064,-0.2,2.076,0.1,1.992,-0.1,1.96,0.0,1.98,0.1,1.992,-0.2,1.908,0.1,2.032
05-01-2026-Fri 14-16-52-PM,-0.2,2.056,-0.2,2.072,-0.1,1.984,-0.3,1.944,-0.2,1.972,0.1,1.984,0.1,1.9,-0.2,2.024
05-01-2026-Fri 14-16-53-PM,0.2,2.044,-0.4,2.064,0.0,1.976,-0.3,1.936,-0.1,1.972,-0.2,1.976,0.0,1.896,-0.1,2.012
05-01-2026-Fri 14-16-55-PM,-0.1,2.04,-0.6,2.06,-0.1,1.972,-0.2,1.932,-0.2,1.964,0.0,1.972,-0.1,1.888,0.3,2.008
05-01-2026-Fri 14-16-56-PM,-0.1,2.036,-0.4,2.052,0.0,1.964,-0.3,1.924,-0.1,1.96,-0.1,1.964,-0.3,1.884,0.1,2.004
05-01-2026-Fri 14-16-57-PM,-0.2,2.024,0.0,2.052,-0.2,1.956,-0.3,1.916,-0.2,1.956,0.1,1.96,-0.1,1.88,0.0,1.996
05-01-2026-Fri 14-16-59-PM,-0.2,2.02,-0.4,2.04,-0.2,1.948,0.0,1.912,-0.3,1.948,0.0,1.952,-0.1,1.872,0.0,1.988
05-01-2026-Fri 14-17-00-PM,-0.2,2.012,-0.2,2.036,-0.5,1.944,-0.2,1.908,-0.3,1.944,0.0,1.948,-0.3,1.868,-0.1,1.98
05-01-2026-Fri 14-17-01-PM,0.0,2.008,-0.1,2.032,-0.1,1.94,-0.1,1.896,-0.3,1.94,-0.1,1.944,-0.1,1.86,0.0,1.972
05-01-2026-Fri 14-17-03-PM,0.0,2.0,-0.4,2.028,-0.2,1.932,-0.2,1.892,-0.3,1.932,-0.1,1.936,-0.3,1.86,-0.1,1.968
05-01-2026-Fri 14-17-04-PM,-0.2,2.0,-0.3,2.02,0.0,1.928,-0.2,1.884,0.1,1.928,0.0,1.928,-0.1,1.852,0.0,1.964
05-01-2026-Fri 14-17-06-PM,0.1,1.988,-0.4,2.016,-0.2,1.924,-0.2,1.88,-0.1,1.924,-0.2,1.924,-0.3,1.848,0.1,1.956
05-01-2026-Fri 14-17-07-PM,-0.3,1.988,-0.1,2.012,-0.3,1.916,0.1,1.876,-0.1,1.916,0.2,1.92,-0.1,1.844,0.1,1.952
05-01-2026-Fri 14-17-08-PM,-0.2,1.98,-0.3,2.008,0.0,1.912,-0.2,1.872,-0.3,1.916,0.1,1.916,0.1,1.84,-0.2,1.944
05-01-2026-Fri 14-17-10-PM,-0.5,1.972,-0.2,2.004,-0.2,1.908,-0.2,1.86,-0.3,1.912,-0.1,1.912,-0.4,1.836,0.0,1.94
05-01-2026-Fri 14-17-11-PM,-0.1,1.968,-0.4,1.996,-0.2,1.9,-0.1,1.856,-0.3,1.908,-0.1,1.908,-0.1,1.832,0.1,1.932
05-01-2026-Fri 14-17-13-PM,-0.3,1.964,-0.2,1.992,-0.1,1.896,-0.2,1.848,-0.3,1.904,-0.1,1.9,-0.1,1.828,0.0,1.932
05-01-2026-Fri 14-17-14-PM,-0.1,1.956,-0.2,1.988,-0.1,1.892,-0.1,1.848,-0.5,1.9,0.2,1.896,-0.1,1.82,-0.1,1.92
05-01-2026-Fri 14-17-15-PM,0.1,1.952,-0.2,1.984,-0.1,1.884,0.0,1.844,-0.5,1.892,0.0,1.892,-0.4,1.816,0.3,1.916
05-01-2026-Fri 14-17-17-PM,-0.5,1.944,-0.6,1.984,-0.2,1.88,-0.1,1.836,-0.1,1.892,0.3,1.888,-0.2,1.812,-0.2,1.912
05-01-2026-Fri 14-17-20-PM,Power On
05-01-2026-Fri 14-17-21-PM,1.4,5.28,1.1,5.284,1.3,5.276,1.0,5.284,0.7,5.28,1.0,5.28,0.8,5.272,1.0,5.28
05-01-2026-Fri 14-17-22-PM,1.2,5.28,0.9,5.288,1.2,5.28,1.3,5.284,0.7,5.284,0.9,5.284,0.5,5.272,1.1,5.284
05-01-2026-Fri 14-17-24-PM,1.4,5.284,1.0,5.284,1.5,5.276,1.2,5.284,0.5,5.284,0.9,5.284,0.3,5.272,0.8,5.284
05-01-2026-Fri 14-17-25-PM,1.1,5.284,1.1,5.284,1.0,5.276,0.9,5.28,0.6,5.28,0.9,5.28,0.4,5.268,0.6,5.28
05-01-2026-Fri 14-17-26-PM,Power Off
05-01-2026-Fri 14-17-28-PM,-0.1,2.712,-0.4,2.588,-0.2,2.644,-0.1,2.576,-0.4,2.516,-0.3,2.592,-0.2,2.392,-0.2,2.652
05-01-2026-Fri 14-17-29-PM,-0.1,2.588,-0.3,2.492,0.1,2.528,0.0,2.472,-0.2,2.4,-0.5,2.472,-0.2,2.28,-0.1,2.536
05-01-2026-Fri 14-17-30-PM,-0.3,2.504,-0.3,2.432,-0.3,2.448,0.1,2.404,-0.3,2.328,-0.3,2.396,-0.3,2.212,-0.1,2.456
05-01-2026-Fri 14-17-32-PM,-0.1,2.452,-0.1,2.388,0.0,2.392,-0.2,2.352,-0.4,2.272,0.0,2.34,0.1,2.16,0.0,2.396
05-01-2026-Fri 14-17-33-PM,-0.3,2.404,-0.3,2.352,-0.3,2.348,-0.1,2.308,-0.5,2.232,-0.2,2.296,-0.2,2.124,-0.1,2.348
05-01-2026-Fri 14-17-35-PM,-0.4,2.364,-0.2,2.324,0.1,2.308,-0.3,2.272,-0.2,2.2,-0.2,2.26,-0.5,2.096,0.0,2.312
05-01-2026-Fri 14-17-36-PM,0.0,2.332,-0.2,2.296,-0.1,2.272,-0.1,2.24,-0.1,2.172,0.0,2.228,-0.2,2.072,-0.2,2.28
05-01-2026-Fri 14-17-37-PM,-0.3,2.304,-0.1,2.276,-0.3,2.244,-0.2,2.212,-0.3,2.152,-0.2,2.204,-0.4,2.052,0.1,2.252
05-01-2026-Fri 14-17-39-PM,-0.1,2.272,-0.2,2.256,-0.1,2.22,-0.2,2.188,-0.5,2.132,-0.1,2.18,0.2,2.032,-0.1,2.224
05-01-2026-Fri 14-17-40-PM,-0.1,2.256,-0.2,2.236,0.0,2.192,-0.1,2.164,-0.1,2.112,0.0,2.156,-0.3,2.016,0.3,2.204
05-01-2026-Fri 14-17-42-PM,-0.2,2.232,-0.4,2.22,-0.2,2.176,0.0,2.148,-0.5,2.096,-0.1,2.136,-0.2,2.0,0.0,2.184
05-01-2026-Fri 14-17-43-PM,Power On
05-01-2026-Fri 14-17-44-PM,1.5,5.276,1.3,5.288,1.5,5.276,1.1,5.284,0.4,5.28,0.9,5.28,0.4,5.268,1.0,5.28
05-01-2026-Fri 14-17-46-PM,1.2,5.28,1.1,5.28,1.1,5.276,1.0,5.28,0.5,5.276,0.6,5.28,0.5,5.272,0.7,5.28
05-01-2026-Fri 14-17-47-PM,1.2,5.28,1.2,5.284,1.1,5.276,0.9,5.28,0.3,5.28,0.8,5.28,0.1,5.272,0.7,5.28
05-01-2026-Fri 14-17-48-PM,1.2,5.28,1.1,5.284,1.1,5.28,1.2,5.284,0.6,5.28,1.1,5.28,0.4,5.272,0.5,5.28
05-01-2026-Fri 14-17-50-PM,Power Off
05-01-2026-Fri 14-17-51-PM,-0.1,2.736,-0.3,2.6,0.1,2.656,-0.1,2.596,-0.1,2.532,0.4,2.608,-0.3,2.404,-0.1,2.676
05-01-2026-Fri 14-17-52-PM,-0.2,2.624,-0.2,2.508,0.1,2.548,-0.2,2.492,-0.2,2.42,-0.1,2.5,-0.3,2.304,0.1,2.564
05-01-2026-Fri 14-17-54-PM,0.1,2.544,-0.2,2.448,-0.2,2.472,-0.1,2.436,-0.2,2.352,0.1,2.428,0.0,2.236,-0.4,2.492
05-01-2026-Fri 14-17-55-PM,-0.3,2.488,-0.2,2.404,-0.1,2.416,-0.3,2.38,-0.3,2.304,-0.1,2.372,-0.2,2.192,-0.1,2.436
05-01-2026-Fri 14-17-57-PM,-0.4,2.44,-0.4,2.372,-0.4,2.372,-0.2,2.34,-0.2,2.26,-0.3,2.332,-0.3,2.156,-0.1,2.392
05-01-2026-Fri 14-17-58-PM,0.0,2.404,-0.1,2.344,-0.1,2.336,-0.3,2.308,-0.3,2.232,0.0,2.296,0.0,2.128,0.0,2.352
05-01-2026-Fri 14-18-00-PM,-0.2,2.368,-0.3,2.32,-0.1,2.3,-0.1,2.272,-0.3,2.2,0.1,2.264,-0.2,2.104,-0.2,2.324
05-01-2026-Fri 14-18-01-PM,0.0,2.34,-0.3,2.296,-0.2,2.272,-0.4,2.248,-0.2,2.18,0.0,2.236,-0.1,2.08,-0.2,2.292
05-01-2026-Fri 14-18-03-PM,-0.1,2.316,-0.2,2.276,-0.4,2.244,-0.1,2.224,-0.1,2.16,-0.4,2.212,-0.2,2.064,0.0,2.264
05-01-2026-Fri 14-18-04-PM,-0.1,2.292,-0.2,2.256,-0.1,2.224,-0.2,2.2,-0.3,2.14,0.1,2.188,0.2,2.044,-0.2,2.244
05-01-2026-Fri 14-18-05-PM,-0.3,2.272,-0.4,2.24,-0.1,2.2,-0.3,2.176,-0.2,2.124,0.1,2.168,-0.4,2.032,-0.2,2.224
05-01-2026-Fri 14-18-07-PM,-0.1,2.252,-0.1,2.224,-0.2,2.18,-0.3,2.16,-0.7,2.108,0.3,2.152,-0.2,2.02,0.2,2.204
05-01-2026-Fri 14-18-08-PM,-0.3,2.232,-0.5,2.212,-0.2,2.16,0.1,2.14,-0.5,2.096,-0.1,2.136,-0.1,2.0,0.0,2.188
05-01-2026-Fri 14-18-10-PM,-0.1,2.216,-0.4,2.196,0.1,2.144,0.0,2.124,-0.2,2.084,0.2,2.12,-0.2,1.988,-0.1,2.168
05-01-2026-Fri 14-18-11-PM,-0.3,2.196,-0.3,2.18,0.0,2.12,-0.1,2.1,-0.6,2.068,-0.1,2.104,0.0,1.976,-0.1,2.152
05-01-2026-Fri 14-18-12-PM,-0.1,2.18,-0.2,2.168,-0.3,2.108,-0.2,2.084,-0.2,2.056,0.1,2.088,-0.4,1.968,0.2,2.136
05-01-2026-Fri 14-18-14-PM,-0.3,2.164,-0.2,2.156,0.1,2.092,0.0,2.068,-0.2,2.048,0.2,2.076,-0.2,1.956,-0.1,2.12
05-01-2026-Fri 14-18-15-PM,-0.1,2.156,-0.3,2.148,-0.2,2.08,-0.1,2.056,-0.7,2.036,-0.1,2.064,-0.4,1.944,-0.1,2.112
05-01-2026-Fri 14-18-16-PM,-0.3,2.144,-0.1,2.14,-0.3,2.068,-0.1,2.04,-0.1,2.028,-0.3,2.052,-0.4,1.936,-0.1,2.096
05-01-2026-Fri 14-18-18-PM,-0.3,2.132,-0.2,2.128,0.1,2.06,-0.2,2.032,-0.3,2.02,-0.2,2.044,-0.3,1.924,0.1,2.084
05-01-2026-Fri 14-18-19-PM,-0.3,2.12,-0.4,2.12,0.1,2.044,-0.1,2.02,-0.2,2.012,0.1,2.028,-0.2,1.92,0.1,2.076
05-01-2026-Fri 14-18-21-PM,-0.2,2.108,-0.4,2.112,0.1,2.036,-0.1,2.008,-0.3,2.004,-0.3,2.02,-0.4,1.912,0.0,2.064
05-01-2026-Fri 14-18-22-PM,-0.4,2.1,-0.5,2.1,-0.1,2.024,0.1,1.996,0.0,1.996,-0.1,2.016,-0.2,1.908,0.1,2.056
05-01-2026-Fri 14-18-24-PM,0.1,2.092,-0.6,2.096,-0.2,2.012,-0.3,1.984,-0.2,1.984,0.1,2.004,0.0,1.896,0.0,2.044
05-01-2026-Fri 14-18-25-PM,-0.4,2.08,-0.4,2.084,0.2,2.004,0.0,1.972,-0.3,1.98,0.2,1.996,0.0,1.892,-0.2,2.036
05-01-2026-Fri 14-18-26-PM,-0.1,2.072,-0.1,2.08,0.2,2.0,-0.4,1.964,-0.2,1.972,0.0,1.988,-0.2,1.888,0.0,2.028
05-01-2026-Fri 14-18-28-PM,-0.2,2.064,-0.3,2.076,-0.1,1.988,-0.1,1.956,0.0,1.964,-0.2,1.98,-0.1,1.88,-0.1,2.02
05-01-2026-Fri 14-18-29-PM,-0.3,2.052,-0.4,2.064,0.0,1.98,0.1,1.948,-0.2,1.96,0.2,1.972,-0.7,1.868,0.1,2.012
05-01-2026-Fri 14-18-31-PM,-0.2,2.044,-0.5,2.056,0.0,1.972,-0.4,1.936,-0.2,1.952,0.0,1.964,0.0,1.864,-0.2,2.004
05-01-2026-Fri 14-18-32-PM,-0.3,2.04,-0.4,2.052,-0.2,1.964,-0.2,1.928,-0.3,1.948,0.0,1.956,-0.1,1.86,-0.3,1.996
05-01-2026-Fri 14-18-33-PM,-0.2,2.032,-0.3,2.048,-0.1,1.956,-0.1,1.92,-0.1,1.94,0.0,1.952,-0.3,1.852,-0.2,1.992
05-01-2026-Fri 14-18-35-PM,-0.2,2.024,-0.3,2.04,0.0,1.948,0.0,1.916,-0.3,1.936,0.0,1.948,-0.2,1.848,-0.1,1.98
05-01-2026-Fri 14-18-36-PM,-0.2,2.016,-0.5,2.036,0.0,1.944,-0.3,1.908,-0.4,1.928,-0.1,1.944,-0.3,1.84,0.0,1.972
05-01-2026-Fri 14-18-38-PM,-0.1,2.008,-0.4,2.028,-0.4,1.936,0.0,1.9,-0.4,1.928,-0.3,1.932,-0.2,1.836,-0.2,1.968
05-01-2026-Fri 14-18-39-PM,-0.2,2.004,-0.3,2.024,0.0,1.928,-0.2,1.896,-0.2,1.92,-0.2,1.928,-0.3,1.836,0.0,1.96
05-01-2026-Fri 14-18-40-PM,-0.3,1.996,-0.2,2.016,-0.4,1.92,-0.3,1.888,-0.5,1.916,0.0,1.916,-0.3,1.828,-0.2,1.952
05-01-2026-Fri 14-18-42-PM,-0.3,1.992,-0.4,2.012,0.0,1.916,-0.1,1.88,-0.1,1.912,0.0,1.912,-0.2,1.82,0.2,1.948
05-01-2026-Fri 14-18-43-PM,-0.2,1.984,-0.4,2.012,0.0,1.908,-0.3,1.872,0.0,1.904,-0.1,1.908,-0.1,1.816,-0.1,1.944
05-01-2026-Fri 14-18-45-PM,-0.2,1.98,-0.3,2.004,-0.1,1.904,0.0,1.868,-0.3,1.9,-0.1,1.904,-0.1,1.812,-0.1,1.932
05-01-2026-Fri 14-18-46-PM,0.1,1.972,-0.2,1.996,-0.2,1.9,-0.2,1.86,-0.2,1.896,0.0,1.896,0.0,1.808,-0.1,1.932
05-01-2026-Fri 14-18-47-PM,-0.3,1.968,-0.3,1.992,-0.2,1.892,-0.1,1.856,-0.3,1.892,-0.1,1.892,-0.5,1.8,0.1,1.924
05-01-2026-Fri 14-18-49-PM,-0.3,1.96,-0.3,1.988,-0.1,1.888,-0.2,1.848,-0.6,1.888,-0.1,1.884,-0.3,1.796,-0.1,1.92
05-01-2026-Fri 14-18-51-PM,-0.3,1.956,-0.2,1.984,0.1,1.88,0.1,1.844,-0.1,1.88,0.1,1.88,-0.1,1.792,-0.1,1.908
05-01-2026-Fri 14-18-54-PM,-0.3,1.944,-0.3,1.972,-0.1,1.872,0.0,1.832,-0.3,1.872,-0.2,1.872,-0.3,1.784,0.0,1.904
05-01-2026-Fri 14-18-56-PM,0.0,1.932,-0.3,1.968,-0.4,1.86,0.1,1.82,-0.2,1.868,0.1,1.864,-0.1,1.772,0.0,1.892
05-01-2026-Fri 14-18-57-PM,0.1,1.928,-0.1,1.964,-0.1,1.856,0.0,1.816,-0.2,1.864,-0.1,1.856,-0.1,1.768,0.0,1.888
05-01-2026-Fri 14-18-59-PM,-0.2,1.924,0.0,1.956,0.1,1.852,-0.1,1.812,-0.1,1.864,0.0,1.856,-0.2,1.768,0.1,1.88
05-01-2026-Fri 14-19-00-PM,-0.1,1.92,-0.3,1.956,0.0,1.848,-0.3,1.808,-0.3,1.856,-0.1,1.852,-0.2,1.76,0.0,1.876
05-01-2026-Fri 14-19-02-PM,-0.5,1.912,-0.3,1.952,0.0,1.844,-0.3,1.804,-0.1,1.852,-0.1,1.848,-0.2,1.764,-0.1,1.872
05-01-2026-Fri 14-19-03-PM,-0.1,1.908,0.0,1.944,0.0,1.836,0.0,1.796,-0.4,1.848,0.0,1.84,-0.1,1.756,-0.2,1.868
05-01-2026-Fri 14-19-05-PM,-0.3,1.908,-0.1,1.94,0.0,1.836,-0.1,1.796,-0.2,1.848,-0.1,1.84,-0.1,1.748,-0.1,1.864
05-01-2026-Fri 14-19-06-PM,-0.3,1.904,-0.2,1.936,-0.1,1.832,0.0,1.788,-0.4,1.84,-0.1,1.832,-0.2,1.744,0.0,1.86
05-01-2026-Fri 14-19-07-PM,-0.4,1.896,0.0,1.936,0.0,1.828,0.0,1.784,-0.2,1.832,0.0,1.828,0.0,1.744,-0.2,1.852
05-01-2026-Fri 14-19-09-PM,0.1,1.892,-0.2,1.928,-0.5,1.824,-0.3,1.78,-0.1,1.832,-0.1,1.828,-0.3,1.74,0.0,1.848
05-01-2026-Fri 14-19-10-PM,-0.1,1.888,-0.2,1.928,-0.2,1.82,0.0,1.78,-0.1,1.832,-0.1,1.82,-0.5,1.736,0.0,1.844
05-01-2026-Fri 14-19-12-PM,-0.4,1.884,-0.2,1.924,-0.1,1.816,0.0,1.772,-0.3,1.828,0.0,1.816,-0.2,1.732,0.1,1.844
05-01-2026-Fri 14-19-13-PM,-0.3,1.88,-0.2,1.92,-0.1,1.816,0.0,1.768,-0.5,1.824,-0.1,1.816,-0.5,1.728,-0.3,1.84
05-01-2026-Fri 14-19-14-PM,-0.1,1.876,-0.2,1.912,-0.1,1.808,0.2,1.764,-0.2,1.824,0.0,1.812,-0.3,1.728,0.1,1.832
05-01-2026-Fri 14-19-16-PM,Power On
05-01-2026-Fri 14-19-17-PM,1.1,5.284,1.2,5.288,1.1,5.276,1.0,5.284,0.7,5.284,0.6,5.284,0.4,5.276,0.9,5.284
05-01-2026-Fri 14-19-18-PM,1.3,5.28,0.9,5.288,1.4,5.28,1.2,5.284,0.4,5.284,0.8,5.284,0.6,5.272,0.6,5.284
05-01-2026-Fri 14-19-20-PM,1.1,5.28,0.8,5.288,1.0,5.28,1.1,5.288,0.3,5.284,0.5,5.284,0.4,5.272,0.6,5.284
05-01-2026-Fri 14-19-21-PM,Power Off
05-01-2026-Fri 14-19-23-PM,-0.1,2.604,-0.4,2.52,-0.1,2.548,-0.1,2.492,-0.3,2.412,0.0,2.456,-0.4,2.252,-0.3,2.516
05-01-2026-Fri 14-19-24-PM,-0.2,2.472,-0.1,2.42,0.0,2.416,0.0,2.364,-0.2,2.292,0.0,2.332,0.0,2.136,-0.1,2.384
05-01-2026-Fri 14-19-26-PM,-0.1,2.392,-0.4,2.36,-0.1,2.34,-0.1,2.292,-0.6,2.216,-0.2,2.264,-0.3,2.072,-0.1,2.312
05-01-2026-Fri 14-19-27-PM,-0.1,2.336,-0.3,2.312,0.0,2.288,-0.4,2.24,-0.5,2.168,0.0,2.212,-0.2,2.028,0.0,2.256
05-01-2026-Fri 14-19-28-PM,-0.4,2.296,0.0,2.28,0.0,2.248,-0.2,2.196,-0.5,2.128,-0.1,2.172,-0.3,1.996,-0.2,2.212
05-01-2026-Fri 14-19-30-PM,-0.4,2.26,-0.3,2.252,-0.2,2.208,0.0,2.168,-0.3,2.096,0.1,2.14,-0.2,1.968,0.1,2.18
05-01-2026-Fri 14-19-31-PM,-0.3,2.224,-0.2,2.224,-0.1,2.18,0.0,2.136,-0.3,2.076,0.3,2.112,-0.3,1.948,0.1,2.152
05-01-2026-Fri 14-19-33-PM,-0.2,2.2,-0.5,2.204,0.0,2.152,-0.4,2.108,-0.2,2.048,-0.1,2.092,-0.1,1.928,0.0,2.124
05-01-2026-Fri 14-19-34-PM,-0.3,2.176,-0.3,2.184,-0.3,2.128,-0.1,2.088,-0.3,2.032,-0.1,2.068,-0.1,1.912,0.0,2.104
05-01-2026-Fri 14-19-35-PM,-0.3,2.156,-0.3,2.172,0.0,2.108,-0.1,2.064,-0.1,2.02,-0.1,2.048,-0.1,1.892,0.1,2.084
05-01-2026-Fri 14-19-37-PM,-0.4,2.136,-0.2,2.152,0.1,2.088,-0.1,2.048,0.1,2.004,-0.3,2.04,-0.2,1.884,0.1,2.068
05-01-2026-Fri 14-19-38-PM,-0.2,2.124,-0.2,2.136,-0.2,2.068,-0.2,2.024,-0.3,1.988,-0.2,2.02,-0.2,1.872,-0.1,2.048
05-01-2026-Fri 14-19-40-PM,-0.1,2.108,-0.3,2.124,0.1,2.052,-0.1,2.012,-0.1,1.98,-0.2,2.004,-0.2,1.856,-0.1,2.036
05-01-2026-Fri 14-19-41-PM,-0.2,2.092,-0.1,2.112,-0.3,2.04,-0.1,1.996,-0.4,1.968,0.0,1.992,-0.5,1.848,0.2,2.02
05-01-2026-Fri 14-19-42-PM,-0.2,2.076,-0.4,2.1,-0.1,2.024,-0.1,1.98,-0.3,1.956,0.1,1.984,-0.1,1.84,-0.1,2.008
05-01-2026-Fri 14-19-44-PM,-0.3,2.064,-0.3,2.092,-0.3,2.012,0.0,1.968,-0.4,1.948,-0.2,1.972,-0.1,1.828,-0.2,1.996
05-01-2026-Fri 14-19-45-PM,-0.2,2.056,-0.5,2.08,-0.1,2.0,-0.2,1.956,-0.2,1.94,0.0,1.956,0.1,1.82,-0.3,1.984
05-01-2026-Fri 14-19-47-PM,-0.3,2.048,-0.2,2.072,0.1,1.988,-0.1,1.944,-0.3,1.928,0.2,1.948,-0.3,1.812,-0.1,1.972
05-01-2026-Fri 14-19-48-PM,-0.2,2.036,0.0,2.06,-0.2,1.976,-0.2,1.936,-0.1,1.92,0.1,1.936,-0.2,1.8,0.0,1.964
05-01-2026-Fri 14-19-49-PM,-0.1,2.024,-0.4,2.052,-0.3,1.964,-0.1,1.924,-0.3,1.912,0.0,1.928,-0.2,1.796,0.2,1.952
05-01-2026-Fri 14-19-51-PM,0.0,2.012,-0.2,2.048,-0.1,1.952,0.0,1.912,-0.3,1.908,0.0,1.92,-0.3,1.788,-0.2,1.944
05-01-2026-Fri 14-19-54-PM,-0.2,1.996,-0.2,2.028,0.0,1.936,-0.2,1.892,-0.3,1.892,-0.1,1.904,-0.4,1.776,-0.3,1.928
05-01-2026-Fri 14-19-56-PM,0.1,1.984,-0.3,2.016,-0.1,1.916,-0.3,1.876,-0.3,1.88,-0.1,1.892,-0.2,1.764,0.2,1.912
05-01-2026-Fri 14-19-59-PM,-0.3,1.964,-0.4,2.0,-0.1,1.9,0.2,1.856,-0.5,1.864,-0.1,1.876,-0.3,1.752,-0.1,1.896
05-01-2026-Fri 14-20-01-PM,
05-01-2026-Fri 14-20-03-PM,-0.2,1.944,-0.1,1.984,-0.2,1.876,-0.2,1.836,0.0,1.848,0.3,1.86,-0.2,1.736,-0.2,1.88
05-01-2026-Fri 14-20-06-PM,Power On
05-01-2026-Fri 14-20-09-PM,1.2,5.284,0.8,5.288,1.0,5.28,0.8,5.284,0.5,5.288,1.0,5.284,0.3,5.276,0.9,5.284
05-01-2026-Fri 14-20-10-PM,1.0,5.284,1.1,5.288,1.0,5.28,0.9,5.288,0.3,5.284,0.6,5.284,0.3,5.276,0.8,5.284
05-01-2026-Fri 14-20-12-PM,1.2,5.284,1.0,5.288,0.9,5.28,0.9,5.284,0.6,5.28,0.7,5.284,0.1,5.272,0.9,5.284
05-01-2026-Fri 14-20-13-PM,Power Off
05-01-2026-Fri 14-20-14-PM,-0.3,2.672,-0.5,2.564,-0.2,2.608,0.1,2.548,-0.2,2.46,-0.3,2.524,-0.4,2.3,0.0,2.584
05-01-2026-Fri 14-20-16-PM,-0.1,2.552,-0.4,2.464,-0.2,2.488,-0.3,2.436,-0.2,2.344,0.0,2.408,-0.1,2.188,-0.1,2.464
05-01-2026-Fri 14-20-17-PM,-0.2,2.476,0.0,2.404,-0.2,2.412,-0.1,2.368,-0.3,2.268,-0.1,2.328,-0.3,2.12,-0.1,2.388
05-01-2026-Fri 14-20-19-PM,-0.3,2.416,-0.3,2.36,0.0,2.356,-0.4,2.32,-0.3,2.216,0.1,2.28,0.0,2.076,-0.3,2.336
05-01-2026-Fri 14-20-20-PM,-0.3,2.368,-0.4,2.328,0.1,2.312,-0.4,2.272,-0.5,2.176,-0.1,2.24,-0.1,2.036,0.0,2.284
05-01-2026-Fri 14-20-22-PM,-0.2,2.332,-0.3,2.3,0.0,2.272,-0.3,2.236,-0.3,2.144,-0.1,2.204,0.0,2.008,-0.2,2.248
05-01-2026-Fri 14-20-24-PM,1.0,5.284,0.9,5.288,1.1,5.276,0.8,5.284,0.4,5.284,0.7,5.28,0.4,5.272,0.8,5.288
05-01-2026-Fri 14-20-26-PM,1.1,5.284,1.0,5.288,1.1,5.276,1.2,5.288,0.3,5.28,0.5,5.28,0.4,5.268,0.5,5.284
05-01-2026-Fri 14-20-27-PM,1.4,5.284,1.0,5.288,1.2,5.28,0.7,5.288,0.6,5.284,0.6,5.284,0.2,5.272,0.6,5.284
05-01-2026-Fri 14-20-30-PM,Power Off
05-01-2026-Fri 14-20-33-PM,-0.3,2.612,-0.2,2.5,0.0,2.544,-0.3,2.492,-0.3,2.404,-0.1,2.48,0.0,2.264,-0.3,2.544
05-01-2026-Fri 14-20-34-PM,-0.1,2.516,-0.3,2.424,-0.2,2.448,-0.4,2.408,-0.3,2.312,0.1,2.384,-0.3,2.176,-0.2,2.444
05-01-2026-Fri 14-20-35-PM,-0.5,2.464,-0.3,2.384,-0.1,2.396,-0.1,2.36,-0.2,2.264,-0.1,2.336,-0.2,2.132,0.2,2.396
05-01-2026-Fri 14-20-37-PM,-0.1,2.42,-0.2,2.352,-0.2,2.348,-0.1,2.32,-0.3,2.224,-0.1,2.292,-0.4,2.096,0.2,2.348
05-01-2026-Fri 14-20-38-PM,Power On
05-01-2026-Fri 14-20-40-PM,1.2,5.284,1.2,5.284,0.9,5.276,0.7,5.284,0.4,5.28,0.8,5.28,0.3,5.268,0.9,5.284
05-01-2026-Fri 14-20-41-PM,1.2,5.284,0.7,5.284,1.2,5.276,0.8,5.284,0.4,5.28,0.7,5.28,0.4,5.272,0.7,5.284
05-01-2026-Fri 14-20-42-PM,1.3,5.276,0.9,5.284,0.9,5.276,0.8,5.284,0.5,5.28,0.8,5.284,0.3,5.272,0.6,5.28
05-01-2026-Fri 14-20-44-PM,1.2,5.28,0.8,5.284,0.9,5.28,0.9,5.284,0.3,5.28,0.6,5.284,0.3,5.272,0.6,5.284
05-01-2026-Fri 14-20-45-PM,Power Off
05-01-2026-Fri 14-20-46-PM,-0.4,2.748,-0.3,2.616,-0.1,2.672,-0.2,2.604,-0.3,2.54,0.2,2.62,-0.3,2.4,0.0,2.684
05-01-2026-Fri 14-20-48-PM,0.1,2.636,-0.1,2.516,-0.2,2.556,-0.2,2.508,-0.1,2.432,-0.1,2.512,-0.1,2.296,0.0,2.572
05-01-2026-Fri 14-20-49-PM,-0.1,2.564,-0.7,2.46,0.1,2.484,0.1,2.44,-0.2,2.36,0.1,2.436,0.0,2.228,0.0,2.5
05-01-2026-Fri 14-20-50-PM,-0.4,2.5,-0.2,2.416,-0.1,2.432,-0.1,2.392,-0.3,2.308,0.0,2.38,-0.5,2.184,-0.3,2.44
05-01-2026-Fri 14-20-52-PM,-0.3,2.46,-0.2,2.38,-0.3,2.384,0.0,2.352,-0.1,2.268,-0.2,2.336,-0.3,2.144,0.1,2.4
05-01-2026-Fri 14-20-53-PM,-0.1,2.42,-0.4,2.348,0.0,2.348,-0.1,2.32,-0.1,2.228,0.2,2.3,-0.2,2.116,0.0,2.364
05-01-2026-Fri 14-20-55-PM,-0.2,2.388,-0.2,2.324,0.0,2.312,-0.5,2.288,-0.2,2.2,0.1,2.268,-0.2,2.088,-0.4,2.328
05-01-2026-Fri 14-20-56-PM,-0.3,2.356,-0.3,2.304,-0.2,2.284,-0.2,2.26,-0.5,2.176,0.1,2.236,-0.2,2.064,0.1,2.3
05-01-2026-Fri 14-20-57-PM,-0.3,2.332,-0.3,2.284,-0.1,2.256,-0.2,2.232,-0.3,2.156,-0.3,2.216,0.2,2.048,-0.1,2.268
05-01-2026-Fri 14-20-59-PM,-0.1,2.308,-0.2,2.26,-0.1,2.236,-0.3,2.212,-0.2,2.136,-0.2,2.192,-0.2,2.028,0.1,2.248
05-01-2026-Fri 14-21-00-PM,-0.3,2.284,-0.3,2.244,-0.1,2.212,-0.3,2.188,-0.1,2.12,0.2,2.172,-0.1,2.012,0.1,2.228
05-01-2026-Fri 14-21-02-PM,-0.3,2.268,-0.1,2.232,-0.2,2.188,0.1,2.172,-0.2,2.104,-0.2,2.156,0.0,1.996,0.1,2.208
05-01-2026-Fri 14-21-03-PM,-0.4,2.248,-0.2,2.216,0.0,2.172,-0.2,2.148,-0.4,2.092,-0.2,2.132,-0.4,1.98,-0.1,2.188
05-01-2026-Fri 14-21-04-PM,-0.2,2.228,-0.4,2.2,0.1,2.152,0.0,2.132,-0.3,2.076,0.0,2.12,-0.1,1.968,-0.2,2.168
05-01-2026-Fri 14-21-06-PM,-0.2,2.212,-0.4,2.192,-0.2,2.136,-0.2,2.116,-0.3,2.064,0.2,2.104,-0.2,1.96,-0.2,2.156
05-01-2026-Fri 14-21-07-PM,-0.2,2.196,-0.4,2.176,0.1,2.116,0.0,2.1,-0.2,2.052,-0.2,2.092,0.1,1.944,-0.1,2.14
05-01-2026-Fri 14-21-09-PM,-0.3,2.184,-0.4,2.164,0.1,2.104,-0.4,2.088,-0.2,2.044,0.1,2.08,-0.1,1.936,0.0,2.124
05-01-2026-Fri 14-21-10-PM,-0.3,2.172,-0.2,2.152,-0.2,2.088,-0.3,2.068,-0.1,2.032,-0.1,2.064,-0.2,1.924,-0.3,2.108
05-01-2026-Fri 14-21-11-PM,-0.2,2.16,-0.4,2.14,0.0,2.076,-0.2,2.056,0.1,2.02,-0.2,2.048,-0.1,1.916,-0.1,2.096
05-01-2026-Fri 14-21-13-PM,-0.1,2.144,-0.2,2.136,-0.4,2.064,0.0,2.044,-0.2,2.012,0.0,2.036,-0.4,1.904,-0.1,2.084
05-01-2026-Fri 14-21-14-PM,-0.4,2.132,-0.3,2.124,0.0,2.048,-0.5,2.032,-0.5,2.004,0.3,2.028,-0.1,1.896,-0.3,2.076
05-01-2026-Fri 14-21-16-PM,-0.4,2.124,-0.3,2.112,0.0,2.044,0.0,2.016,-0.3,1.992,0.0,2.02,-0.1,1.884,-0.1,2.064
05-01-2026-Fri 14-21-17-PM,Power On
05-01-2026-Fri 14-21-18-PM,1.1,5.28,1.0,5.284,0.9,5.276,1.0,5.28,0.6,5.28,0.8,5.284,0.4,5.272,0.7,5.28
05-01-2026-Fri 14-21-20-PM,1.3,5.28,1.0,5.284,1.2,5.276,0.8,5.284,0.5,5.284,0.8,5.284,0.4,5.268,0.7,5.284
05-01-2026-Fri 14-21-21-PM,1.0,5.284,1.0,5.288,0.8,5.276,0.6,5.284,0.5,5.28,0.6,5.284,0.1,5.272,0.6,5.284
05-01-2026-Fri 14-21-22-PM,0.8,5.28,0.8,5.288,1.0,5.276,0.8,5.284,0.5,5.284,0.4,5.28,0.3,5.272,0.7,5.284
05-01-2026-Fri 14-21-24-PM,1.0,5.28,0.9,5.284,0.9,5.276,0.7,5.28,0.2,5.28,0.5,5.28,0.3,5.272,0.6,5.28
05-01-2026-Fri 14-21-25-PM,0.6,5.284,0.6,5.284,1.1,5.272,0.6,5.284,0.2,5.28,0.7,5.28,0.4,5.268,0.8,5.284
05-01-2026-Fri 14-21-27-PM,Power Off
05-01-2026-Fri 14-21-28-PM,-0.2,2.748,-0.2,2.604,0.0,2.652,0.0,2.592,-0.4,2.524,-0.3,2.6,-0.2,2.384,-0.1,2.664
05-01-2026-Fri 14-21-29-PM,-0.3,2.624,-0.2,2.504,-0.1,2.544,-0.1,2.492,-0.1,2.412,0.1,2.492,-0.2,2.276,-0.1,2.556
05-01-2026-Fri 14-21-31-PM,-0.2,2.552,0.0,2.444,-0.2,2.472,-0.1,2.428,-0.2,2.344,0.0,2.416,0.1,2.212,-0.2,2.48
05-01-2026-Fri 14-21-32-PM,-0.3,2.496,-0.4,2.408,0.0,2.42,0.0,2.376,-0.2,2.292,-0.2,2.364,-0.2,2.16,0.3,2.428
05-01-2026-Fri 14-21-33-PM,-0.2,2.452,-0.4,2.368,0.0,2.372,-0.4,2.34,-0.2,2.252,-0.4,2.32,-0.2,2.128,-0.1,2.38
05-01-2026-Fri 14-21-35-PM,-0.2,2.412,-0.3,2.336,0.1,2.336,-0.4,2.304,-0.3,2.22,-0.3,2.284,-0.4,2.096,0.0,2.34
05-01-2026-Fri 14-21-36-PM,-0.1,2.38,-0.1,2.312,-0.1,2.304,0.0,2.276,-0.2,2.188,-0.2,2.252,0.0,2.072,0.2,2.308
05-01-2026-Fri 14-21-38-PM,-0.2,2.352,-0.4,2.292,0.0,2.272,-0.2,2.248,-0.2,2.164,0.0,2.224,-0.3,2.052,-0.1,2.28
05-01-2026-Fri 14-21-39-PM,-0.3,2.328,-0.1,2.272,0.0,2.248,0.1,2.22,-0.4,2.14,-0.2,2.2,-0.4,2.032,0.0,2.256
05-01-2026-Fri 14-21-40-PM,0.0,2.3,-0.4,2.252,0.1,2.22,-0.2,2.2,-0.5,2.124,-0.2,2.176,-0.4,2.012,-0.1,2.232
05-01-2026-Fri 14-21-42-PM,-0.2,2.28,-0.3,2.24,-0.2,2.204,-0.2,2.18,-0.3,2.108,-0.3,2.156,-0.2,1.996,-0.1,2.212
05-01-2026-Fri 14-21-43-PM,-0.1,2.26,-0.5,2.22,-0.4,2.18,-0.1,2.16,0.0,2.088,-0.2,2.14,-0.3,1.984,0.0,2.192
05-01-2026-Fri 14-21-45-PM,-0.2,2.24,-0.3,2.208,-0.1,2.16,0.0,2.136,-0.1,2.072,0.1,2.124,-0.1,1.968,0.1,2.172
05-01-2026-Fri 14-21-46-PM,-0.2,2.22,-0.4,2.192,0.0,2.14,-0.1,2.12,-0.3,2.064,-0.3,2.104,-0.2,1.952,-0.1,2.156
05-01-2026-Fri 14-21-47-PM,-0.1,2.204,-0.4,2.176,0.0,2.124,0.0,2.1,-0.2,2.052,0.0,2.088,-0.1,1.944,-0.1,2.14
05-01-2026-Fri 14-21-49-PM,-0.1,2.192,-0.2,2.168,-0.3,2.108,0.0,2.084,-0.2,2.036,-0.1,2.076,-0.1,1.928,-0.1,2.124
05-01-2026-Fri 14-21-50-PM,-0.4,2.176,-0.3,2.152,-0.3,2.096,-0.1,2.072,-0.4,2.028,-0.1,2.06,-0.2,1.92,-0.2,2.108
05-01-2026-Fri 14-21-52-PM,-0.1,2.16,-0.1,2.14,-0.3,2.076,0.0,2.056,0.0,2.016,-0.2,2.048,-0.2,1.912,-0.1,2.092
05-01-2026-Fri 14-21-54-PM,-0.1,2.144,-0.3,2.128,-0.1,2.064,0.1,2.04,-0.1,2.004,-0.1,2.032,-0.3,1.896,-0.2,2.08
05-01-2026-Fri 14-21-57-PM,-0.2,2.124,-0.3,2.108,-0.1,2.04,-0.1,2.016,-0.3,1.988,0.0,2.016,0.0,1.88,-0.1,2.06
05-01-2026-Fri 14-22-00-PM,-0.2,2.1,-0.1,2.092,-0.2,2.016,-0.3,1.992,-0.3,1.972,-0.2,1.992,-0.2,1.864,-0.1,2.036
05-01-2026-Fri 14-22-03-PM,0.1,2.08,-0.2,2.076,0.0,1.996,-0.2,1.968,-0.2,1.956,0.0,1.976,-0.3,1.848,-0.1,2.02
05-01-2026-Fri 14-22-05-PM,-0.3,2.064,-0.3,2.06,0.0,1.98,0.0,1.948,-0.6,1.944,-0.2,1.956,-0.1,1.832,0.0,2.0
05-01-2026-Fri 14-22-06-PM,-0.1,2.056,-0.1,2.052,0.0,1.972,0.0,1.94,-0.6,1.936,-0.1,1.952,-0.5,1.828,-0.2,1.988
05-01-2026-Fri 14-22-08-PM,-0.2,2.048,-0.2,2.048,0.1,1.956,0.0,1.928,-0.3,1.928,0.0,1.944,-0.1,1.824,-0.1,1.984
05-01-2026-Fri 14-22-09-PM,0.1,2.04,-0.3,2.04,0.1,1.948,-0.2,1.924,-0.3,1.924,-0.2,1.936,0.0,1.816,-0.2,1.972
05-01-2026-Fri 14-22-10-PM,-0.4,2.032,-0.4,2.032,0.1,1.94,0.2,1.912,-0.5,1.912,-0.4,1.928,-0.4,1.808,-0.2,1.964
05-01-2026-Fri 14-22-12-PM,0.0,2.024,-0.2,2.028,-0.3,1.936,-0.2,1.9,-0.3,1.908,0.1,1.92,-0.1,1.804,0.0,1.956
05-01-2026-Fri 14-22-14-PM,-0.5,2.02,-0.4,2.02,-0.1,1.924,-0.1,1.896,-0.2,1.904,-0.1,1.916,-0.2,1.796,0.1,1.952
05-01-2026-Fri 14-22-15-PM,0.1,2.008,-0.3,2.016,-0.1,1.92,0.1,1.888,-0.3,1.896,0.1,1.908,-0.1,1.788,-0.1,1.944
05-01-2026-Fri 14-22-17-PM,-0.3,2.004,-0.3,2.012,-0.2,1.912,-0.2,1.88,-0.1,1.892,-0.1,1.9,-0.2,1.784,-0.1,1.936
05-01-2026-Fri 14-22-18-PM,-0.2,1.996,-0.3,2.004,-0.1,1.904,-0.1,1.872,-0.3,1.888,-0.1,1.892,-0.3,1.78,-0.2,1.928
05-01-2026-Fri 14-22-19-PM,0.1,1.984,-0.2,1.996,0.0,1.9,-0.2,1.864,-0.3,1.88,0.2,1.884,-0.2,1.772,-0.1,1.924
05-01-2026-Fri 14-22-21-PM,-0.3,1.98,-0.3,1.992,0.0,1.892,0.2,1.86,-0.5,1.872,0.1,1.88,-0.2,1.768,0.1,1.916
05-01-2026-Fri 14-22-22-PM,-0.3,1.972,-0.2,1.988,-0.2,1.888,-0.1,1.852,-0.1,1.868,0.0,1.876,0.1,1.764,0.2,1.912
05-01-2026-Fri 14-22-24-PM,0.1,1.968,-0.4,1.98,-0.2,1.876,-0.1,1.844,0.0,1.864,0.2,1.872,-0.1,1.76,-0.1,1.904
05-01-2026-Fri 14-22-25-PM,-0.2,1.964,-0.3,1.976,0.0,1.876,0.0,1.836,-0.2,1.86,0.0,1.868,-0.1,1.752,0.0,1.896
05-01-2026-Fri 14-22-26-PM,0.1,1.956,-0.1,1.968,0.1,1.868,0.0,1.832,-0.3,1.852,0.0,1.86,0.0,1.748,0.1,1.892
05-01-2026-Fri 14-22-28-PM,-0.2,1.952,-0.3,1.964,0.1,1.86,-0.2,1.828,-0.2,1.848,0.2,1.852,-0.1,1.744,0.0,1.884
05-01-2026-Fri 14-22-29-PM,-0.2,1.944,-0.2,1.96,0.0,1.856,-0.1,1.824,-0.5,1.848,-0.1,1.848,-0.2,1.74,-0.1,1.876
05-01-2026-Fri 14-22-31-PM,-0.1,1.94,-0.3,1.956,-0.1,1.852,-0.1,1.816,-0.3,1.84,0.1,1.84,-0.2,1.736,0.1,1.872
05-01-2026-Fri 14-22-32-PM,-0.1,1.936,-0.2,1.952,-0.1,1.848,-0.2,1.812,-0.2,1.836,0.0,1.836,0.1,1.728,0.0,1.864
05-01-2026-Fri 14-22-33-PM,-0.2,1.928,-0.4,1.948,-0.2,1.84,-0.3,1.804,-0.3,1.832,0.0,1.832,-0.1,1.72,-0.1,1.864
05-01-2026-Fri 14-22-35-PM,-0.4,1.928,-0.2,1.94,0.0,1.832,-0.1,1.8,-0.3,1.832,-0.2,1.828,-0.3,1.72,-0.3,1.856
05-01-2026-Fri 14-22-36-PM,-0.1,1.92,-0.2,1.936,0.0,1.828,-0.2,1.792,-0.1,1.824,0.1,1.824,-0.1,1.716,-0.1,1.852
05-01-2026-Fri 14-22-37-PM,Power On
05-01-2026-Fri 14-22-39-PM,1.1,5.28,0.9,5.284,1.1,5.276,0.7,5.284,0.5,5.284,0.8,5.28,0.3,5.272,0.8,5.284
05-01-2026-Fri 14-22-40-PM,0.9,5.28,0.8,5.284,0.9,5.276,0.7,5.284,0.5,5.28,0.7,5.284,0.4,5.272,0.6,5.284
05-01-2026-Fri 14-22-42-PM,0.9,5.28,0.7,5.284,0.9,5.276,0.8,5.284,0.3,5.28,0.6,5.28,0.1,5.272,0.8,5.284
05-01-2026-Fri 14-22-43-PM,1.0,5.276,0.8,5.284,0.9,5.276,0.8,5.284,0.5,5.28,0.6,5.28,0.1,5.272,0.7,5.284
05-01-2026-Fri 14-22-44-PM,Power Off
05-01-2026-Fri 14-22-46-PM,-0.2,2.652,-0.5,2.544,-0.4,2.564,0.0,2.52,-0.4,2.432,0.1,2.48,-0.2,2.252,0.1,2.54
05-01-2026-Fri 14-22-47-PM,-0.5,2.528,-0.3,2.448,0.0,2.452,0.0,2.404,-0.6,2.316,-0.1,2.368,-0.1,2.144,0.1,2.424
05-01-2026-Fri 14-22-49-PM,-0.1,2.436,-0.2,2.376,-0.1,2.364,-0.2,2.324,-0.2,2.232,-0.4,2.288,0.0,2.068,-0.1,2.34
05-01-2026-Fri 14-22-50-PM,-0.2,2.384,-0.4,2.332,0.0,2.312,-0.1,2.272,-0.1,2.18,-0.1,2.236,-0.4,2.02,0.1,2.284
05-01-2026-Fri 14-22-51-PM,-0.2,2.34,-0.4,2.3,0.0,2.268,0.0,2.228,-0.3,2.14,-0.2,2.196,-0.3,1.988,0.0,2.24
05-01-2026-Fri 14-22-53-PM,-0.2,2.304,-0.1,2.272,0.0,2.236,-0.4,2.2,-0.3,2.108,-0.1,2.16,0.1,1.96,-0.1,2.2
05-01-2026-Fri 14-22-54-PM,0.1,2.272,-0.1,2.244,-0.1,2.204,0.1,2.164,-0.6,2.08,-0.2,2.136,-0.4,1.936,-0.2,2.172
05-01-2026-Fri 14-22-56-PM,-0.2,2.244,-0.3,2.224,0.0,2.176,-0.1,2.14,-0.4,2.06,-0.1,2.108,-0.3,1.916,0.0,2.144
05-01-2026-Fri 14-22-57-PM,-0.2,2.22,-0.2,2.204,-0.2,2.152,0.0,2.116,-0.1,2.044,-0.2,2.084,-0.3,1.9,0.0,2.12
05-01-2026-Fri 14-22-58-PM,-0.2,2.196,-0.3,2.18,-0.1,2.128,-0.2,2.092,-0.4,2.02,0.0,2.064,-0.3,1.88,0.0,2.1
05-01-2026-Fri 14-23-00-PM,-0.6,2.176,-0.1,2.168,-0.2,2.108,-0.2,2.072,-0.2,2.008,-0.3,2.048,-0.1,1.868,-0.3,2.08
05-01-2026-Fri 14-23-01-PM,-0.6,2.16,-0.4,2.152,0.1,2.088,-0.2,2.052,-0.1,1.992,0.0,2.032,-0.1,1.856,-0.1,2.064
05-01-2026-Fri 14-23-03-PM,-0.4,2.144,-0.2,2.14,-0.1,2.072,-0.1,2.04,0.0,1.976,0.0,2.016,-0.3,1.84,0.1,2.044
05-01-2026-Fri 14-23-04-PM,0.0,2.124,-0.4,2.124,-0.2,2.052,0.1,2.02,-0.2,1.964,-0.2,2.0,0.0,1.828,-0.1,2.032
05-01-2026-Fri 14-23-06-PM,-0.1,2.108,-0.2,2.112,0.0,2.04,-0.3,2.0,-0.2,1.952,-0.1,1.984,-0.3,1.816,0.0,2.02
05-01-2026-Fri 14-23-07-PM,-0.4,2.1,-0.2,2.1,-0.1,2.028,-0.3,1.988,-0.3,1.944,0.0,1.972,-0.1,1.812,0.2,2.004
05-01-2026-Fri 14-23-08-PM,-0.4,2.08,-0.1,2.088,-0.2,2.008,0.1,1.976,-0.2,1.932,0.0,1.96,-0.2,1.8,-0.1,1.992
05-01-2026-Fri 14-23-10-PM,-0.2,2.072,-0.5,2.08,-0.1,2.0,0.0,1.964,-0.2,1.92,-0.1,1.952,-0.1,1.788,0.0,1.98
05-01-2026-Fri 14-23-11-PM,-0.1,2.06,-0.4,2.064,-0.2,1.984,-0.1,1.948,-0.2,1.912,0.1,1.944,0.1,1.78,0.0,1.968
05-01-2026-Fri 14-23-13-PM,-0.4,2.052,-0.2,2.06,-0.1,1.976,-0.1,1.936,-0.1,1.904,-0.3,1.932,-0.2,1.772,0.1,1.956
05-01-2026-Fri 14-23-14-PM,-0.4,2.04,-0.3,2.048,-0.2,1.964,0.1,1.928,-0.5,1.896,-0.3,1.92,-0.1,1.768,0.1,1.948
05-01-2026-Fri 14-23-15-PM,-0.3,2.032,-0.6,2.04,0.2,1.952,0.0,1.916,-0.3,1.888,0.0,1.912,-0.4,1.756,-0.1,1.936
05-01-2026-Fri 14-23-17-PM,-0.2,2.024,-0.3,2.032,-0.4,1.944,0.0,1.908,-0.1,1.88,0.2,1.904,-0.3,1.752,-0.1,1.928
05-01-2026-Fri 14-23-18-PM,-0.4,2.008,-0.5,2.024,-0.3,1.932,-0.1,1.896,-0.3,1.872,0.1,1.892,-0.2,1.744,0.1,1.92
05-01-2026-Fri 14-23-20-PM,-0.1,2.004,-0.4,2.016,0.0,1.924,-0.3,1.884,-0.3,1.868,0.0,1.888,-0.2,1.736,0.2,1.912
05-01-2026-Fri 14-23-21-PM,-0.4,1.992,-0.3,2.012,-0.3,1.916,-0.3,1.88,-0.2,1.856,0.2,1.88,-0.1,1.732,0.1,1.904
05-01-2026-Fri 14-23-22-PM,-0.1,1.984,-0.1,2.0,-0.1,1.908,-0.1,1.864,-0.1,1.856,-0.2,1.872,-0.2,1.728,-0.4,1.896
05-01-2026-Fri 14-23-24-PM,-0.3,1.976,-0.3,1.996,-0.2,1.896,-0.2,1.856,-0.3,1.848,0.1,1.864,-0.1,1.72,0.1,1.892
05-01-2026-Fri 14-23-25-PM,-0.3,1.968,-0.1,1.988,-0.1,1.892,-0.3,1.852,-0.3,1.84,-0.1,1.856,0.1,1.712,0.1,1.88
05-01-2026-Fri 14-23-27-PM,-0.1,1.964,-0.3,1.98,0.0,1.88,0.0,1.844,-0.2,1.836,0.1,1.852,-0.1,1.708,0.1,1.872
05-01-2026-Fri 14-23-28-PM,-0.1,1.956,0.0,1.976,-0.4,1.872,-0.2,1.832,0.0,1.832,0.0,1.844,-0.2,1.704,-0.1,1.868
05-01-2026-Fri 14-23-29-PM,0.0,1.948,-0.2,1.968,-0.1,1.868,0.1,1.828,-0.2,1.828,-0.1,1.84,-0.3,1.696,-0.2,1.86
05-01-2026-Fri 14-23-31-PM,-0.1,1.944,-0.5,1.96,0.0,1.86,-0.2,1.824,-0.1,1.82,0.0,1.832,-0.3,1.692,-0.2,1.856
05-01-2026-Fri 14-23-32-PM,-0.2,1.936,-0.4,1.96,-0.1,1.856,-0.1,1.816,-0.3,1.816,-0.1,1.824,-0.2,1.688,0.1,1.848
05-01-2026-Fri 14-23-34-PM,-0.2,1.932,-0.1,1.952,0.0,1.848,-0.3,1.808,-0.2,1.812,-0.1,1.816,-0.2,1.68,0.0,1.84
05-01-2026-Fri 14-23-35-PM,-0.5,1.928,-0.2,1.952,-0.2,1.844,-0.2,1.8,-0.2,1.804,-0.1,1.816,-0.2,1.676,-0.1,1.836
05-01-2026-Fri 14-23-36-PM,-0.3,1.916,-0.4,1.94,0.0,1.836,0.1,1.792,-0.3,1.8,0.0,1.808,-0.2,1.672,-0.2,1.828
05-01-2026-Fri 14-23-38-PM,-0.3,1.912,-0.4,1.94,0.1,1.828,0.0,1.788,-0.5,1.8,-0.1,1.804,0.0,1.672,0.1,1.824
05-01-2026-Fri 14-23-39-PM,0.1,1.908,-0.4,1.932,-0.3,1.824,-0.1,1.78,-0.3,1.796,0.0,1.8,-0.2,1.664,-0.1,1.82
05-01-2026-Fri 14-23-41-PM,0.1,1.9,-0.2,1.928,-0.2,1.816,0.2,1.776,-0.3,1.788,0.0,1.792,-0.1,1.66,0.1,1.816
05-01-2026-Fri 14-23-42-PM,-0.3,1.896,-0.4,1.924,0.1,1.816,0.0,1.772,-0.1,1.788,0.0,1.788,-0.3,1.656,-0.2,1.812
05-01-2026-Fri 14-23-43-PM,-0.3,1.888,-0.5,1.92,-0.3,1.808,0.1,1.764,-0.2,1.78,-0.1,1.78,-0.3,1.652,0.0,1.804
05-01-2026-Fri 14-23-45-PM,-0.1,1.884,-0.3,1.908,0.1,1.8,0.3,1.76,-0.3,1.776,-0.1,1.78,0.0,1.648,-0.1,1.796
05-01-2026-Fri 14-23-46-PM,-0.1,1.876,-0.5,1.908,-0.1,1.796,0.1,1.756,-0.2,1.776,0.0,1.772,0.1,1.644,-0.1,1.796
05-01-2026-Fri 14-23-47-PM,0.1,1.876,-0.4,1.904,-0.1,1.788,-0.1,1.748,-0.3,1.768,0.2,1.772,-0.5,1.64,-0.1,1.792
05-01-2026-Fri 14-23-49-PM,-0.4,1.872,-0.2,1.9,-0.2,1.788,-0.4,1.744,-0.2,1.768,0.0,1.768,-0.4,1.636,-0.1,1.784
05-01-2026-Fri 14-23-50-PM,-0.4,1.868,-0.2,1.896,-0.1,1.78,-0.1,1.74,-0.5,1.76,0.1,1.76,-0.4,1.632,0.1,1.78
05-01-2026-Fri 14-23-52-PM,-0.3,1.86,-0.1,1.892,0.0,1.776,0.1,1.736,-0.1,1.76,-0.1,1.756,-0.2,1.628,-0.1,1.776
05-01-2026-Fri 14-23-53-PM,-0.1,1.856,-0.4,1.884,-0.4,1.772,-0.1,1.732,-0.2,1.756,-0.5,1.756,-0.1,1.628,0.1,1.772
05-01-2026-Fri 14-23-54-PM,-0.4,1.852,-0.2,1.884,-0.1,1.768,-0.1,1.724,-0.2,1.752,0.1,1.748,0.0,1.624,-0.1,1.768
05-01-2026-Fri 14-23-56-PM,-0.3,1.848,-0.2,1.88,0.2,1.764,-0.2,1.724,-0.4,1.748,0.0,1.748,0.0,1.616,0.0,1.764
05-01-2026-Fri 14-23-57-PM,-0.1,1.844,-0.2,1.876,0.0,1.756,-0.3,1.716,-0.5,1.744,-0.1,1.74,-0.1,1.616,-0.1,1.76
05-01-2026-Fri 14-23-59-PM,-0.1,1.836,-0.5,1.872,-0.3,1.756,0.0,1.716,-0.5,1.74,0.4,1.74,0.0,1.612,0.0,1.752
05-01-2026-Fri 14-24-00-PM,-0.3,1.836,-0.3,1.868,0.1,1.748,-0.4,1.712,-0.1,1.74,0.0,1.736,-0.3,1.608,0.2,1.752
05-01-2026-Fri 14-24-01-PM,-0.4,1.832,-0.2,1.864,0.1,1.748,-0.2,1.708,-0.2,1.736,-0.1,1.728,0.0,1.604,0.0,1.744
05-01-2026-Fri 14-24-03-PM,-0.4,1.828,-0.3,1.86,-0.3,1.74,0.0,1.7,-0.5,1.732,0.0,1.728,-0.2,1.6,0.2,1.744
05-01-2026-Fri 14-24-04-PM,-0.2,1.824,-0.4,1.856,0.1,1.74,0.0,1.7,-0.2,1.728,-0.1,1.724,-0.5,1.596,-0.2,1.74
05-01-2026-Fri 14-24-06-PM,-0.1,1.82,-0.3,1.852,-0.1,1.736,-0.1,1.696,-0.5,1.728,0.1,1.72,-0.3,1.596,0.0,1.736
05-01-2026-Fri 14-24-07-PM,-0.2,1.816,-0.1,1.848,-0.3,1.732,0.1,1.688,-0.2,1.724,-0.1,1.716,0.0,1.592,-0.2,1.732
05-01-2026-Fri 14-24-08-PM,0.0,1.812,-0.2,1.844,-0.2,1.728,-0.5,1.684,-0.2,1.72,-0.1,1.712,-0.4,1.584,0.1,1.728
05-01-2026-Fri 14-24-10-PM,-0.3,1.804,-0.4,1.84,-0.1,1.724,0.0,1.684,-0.3,1.716,0.1,1.708,-0.2,1.588,-0.1,1.728
05-01-2026-Fri 14-24-11-PM,-0.2,1.804,-0.1,1.84,0.0,1.72,-0.2,1.68,-0.4,1.716,-0.2,1.704,-0.1,1.584,0.0,1.724
05-01-2026-Fri 14-24-13-PM,-0.1,1.804,-0.3,1.836,-0.1,1.716,-0.5,1.676,-0.3,1.712,0.2,1.704,-0.4,1.576,-0.2,1.72
05-01-2026-Fri 14-24-14-PM,-0.2,1.8,-0.2,1.832,-0.1,1.712,-0.1,1.676,0.0,1.712,0.0,1.7,-0.2,1.576,-0.2,1.716
05-01-2026-Fri 14-24-15-PM,-0.4,1.792,-0.4,1.828,-0.1,1.708,0.0,1.668,-0.3,1.708,-0.3,1.7,0.0,1.576,0.1,1.708
05-01-2026-Fri 14-24-17-PM,-0.3,1.788,-0.1,1.828,0.1,1.704,-0.3,1.664,-0.2,1.704,-0.1,1.692,-0.3,1.572,-0.1,1.708
05-01-2026-Fri 14-24-18-PM,-0.1,1.788,-0.4,1.82,-0.2,1.708,-0.1,1.664,-0.4,1.704,0.1,1.692,-0.2,1.568,-0.1,1.704
05-01-2026-Fri 14-24-20-PM,-0.3,1.784,-0.4,1.82,-0.1,1.704,-0.2,1.66,-0.2,1.696,0.0,1.688,-0.1,1.564,0.0,1.704
05-01-2026-Fri 14-24-21-PM,-0.4,1.78,-0.4,1.816,-0.1,1.696,-0.1,1.656,-0.5,1.696,0.0,1.688,-0.2,1.56,-0.1,1.7
05-01-2026-Fri 14-24-22-PM,-0.4,1.776,-0.2,1.812,0.1,1.696,0.0,1.652,-0.3,1.692,0.0,1.68,-0.1,1.556,-0.3,1.696
05-01-2026-Fri 14-24-24-PM,-0.3,1.776,-0.4,1.812,0.2,1.692,0.0,1.648,-0.3,1.692,-0.2,1.68,-0.3,1.556,-0.1,1.692
05-01-2026-Fri 14-24-25-PM,-0.1,1.772,-0.1,1.808,-0.2,1.688,-0.1,1.648,-0.3,1.688,-0.1,1.68,0.0,1.552,-0.1,1.692
05-01-2026-Fri 14-24-27-PM,-0.3,1.764,-0.2,1.804,0.0,1.688,-0.2,1.644,-0.2,1.688,-0.1,1.676,0.0,1.552,0.1,1.692
05-01-2026-Fri 14-24-28-PM,-0.4,1.764,-0.3,1.804,-0.2,1.68,-0.1,1.64,-0.2,1.684,0.1,1.672,0.1,1.548,0.0,1.688
05-01-2026-Fri 14-24-29-PM,-0.1,1.764,-0.4,1.8,-0.2,1.68,0.0,1.64,-0.3,1.684,-0.2,1.672,-0.3,1.548,0.1,1.68
05-01-2026-Fri 14-24-31-PM,-0.4,1.756,-0.5,1.796,0.0,1.676,0.0,1.636,-0.1,1.68,0.1,1.664,-0.3,1.544,-0.1,1.68
05-01-2026-Fri 14-24-32-PM,-0.2,1.756,0.0,1.796,0.3,1.676,-0.3,1.632,-0.5,1.676,-0.1,1.664,-0.2,1.54,-0.3,1.68
05-01-2026-Fri 14-24-33-PM,-0.4,1.752,-0.3,1.792,-0.1,1.672,-0.1,1.624,-0.4,1.676,0.1,1.664,-0.4,1.54,0.0,1.672
05-01-2026-Fri 14-24-35-PM,-0.1,1.752,-0.3,1.792,-0.2,1.668,0.0,1.628,-0.3,1.672,0.1,1.66,-0.2,1.536,0.1,1.672
05-01-2026-Fri 14-24-36-PM,0.0,1.748,-0.4,1.784,0.0,1.668,0.0,1.62,-0.1,1.668,-0.4,1.656,0.0,1.532,0.1,1.672
05-01-2026-Fri 14-24-38-PM,-0.2,1.744,-0.3,1.784,0.1,1.664,-0.1,1.62,-0.4,1.664,-0.1,1.652,-0.3,1.532,-0.1,1.664
05-01-2026-Fri 14-24-39-PM,-0.2,1.744,-0.4,1.78,-0.1,1.664,0.0,1.62,-0.2,1.664,0.1,1.652,-0.2,1.532,0.2,1.664
05-01-2026-Fri 14-24-41-PM,-0.2,1.74,-0.3,1.776,0.0,1.66,0.1,1.616,-0.2,1.664,-0.2,1.648,-0.1,1.528,0.1,1.66
05-01-2026-Fri 14-24-42-PM,-0.5,1.736,-0.4,1.776,0.0,1.656,0.2,1.612,-0.1,1.66,-0.1,1.648,-0.2,1.52,-0.4,1.66
05-01-2026-Fri 14-24-43-PM,-0.4,1.732,-0.2,1.772,0.0,1.652,-0.4,1.612,-0.2,1.66,-0.1,1.644,-0.2,1.52,-0.1,1.656
05-01-2026-Fri 14-24-45-PM,-0.1,1.732,-0.4,1.768,0.1,1.652,-0.2,1.604,-0.2,1.656,0.1,1.64,-0.6,1.516,0.1,1.652
05-01-2026-Fri 14-24-46-PM,-0.2,1.728,-0.4,1.768,0.0,1.652,-0.2,1.604,-0.3,1.656,0.1,1.64,-0.4,1.516,-0.1,1.652
05-01-2026-Fri 14-24-47-PM,-0.3,1.724,-0.3,1.764,0.1,1.648,-0.1,1.6,-0.2,1.652,-0.2,1.636,-0.3,1.512,0.2,1.648
05-01-2026-Fri 14-24-49-PM,-0.2,1.724,-0.3,1.768,0.0,1.644,-0.1,1.6,-0.3,1.652,0.0,1.636,-0.1,1.512,0.0,1.648
05-01-2026-Fri 14-24-50-PM,-0.3,1.724,0.0,1.76,0.0,1.644,-0.2,1.596,0.2,1.648,0.0,1.632,-0.1,1.508,0.0,1.644
05-01-2026-Fri 14-24-52-PM,-0.3,1.724,-0.3,1.76,-0.2,1.64,0.0,1.596,-0.4,1.648,-0.1,1.632,-0.2,1.504,-0.1,1.644
05-01-2026-Fri 14-24-53-PM,0.0,1.716,-0.5,1.756,0.0,1.636,-0.4,1.592,-0.2,1.644,-0.1,1.632,-0.2,1.504,-0.2,1.64
05-01-2026-Fri 14-24-54-PM,0.1,1.712,-0.3,1.752,-0.3,1.636,0.1,1.584,-0.2,1.644,-0.4,1.624,-0.3,1.5,0.1,1.636
05-01-2026-Fri 14-24-56-PM,-0.1,1.712,-0.4,1.752,-0.2,1.632,-0.2,1.584,-0.3,1.64,-0.1,1.624,-0.3,1.5,-0.3,1.636
05-01-2026-Fri 14-24-57-PM,-0.2,1.708,-0.3,1.748,-0.3,1.632,-0.1,1.584,-0.4,1.64,0.0,1.624,-0.1,1.496,-0.1,1.632
05-01-2026-Fri 14-24-59-PM,0.1,1.708,-0.2,1.748,-0.1,1.628,-0.3,1.58,-0.4,1.636,0.0,1.62,-0.2,1.492,-0.1,1.632
05-01-2026-Fri 14-25-00-PM,-0.2,1.7,-0.3,1.744,-0.3,1.628,-0.1,1.58,-0.3,1.636,-0.1,1.62,-0.2,1.492,0.2,1.628
05-01-2026-Fri 14-25-01-PM,-0.2,1.704,-0.5,1.744,-0.1,1.628,-0.2,1.576,-0.3,1.632,0.1,1.62,-0.3,1.488,-0.1,1.624
05-01-2026-Fri 14-25-03-PM,0.0,1.704,-0.1,1.74,-0.3,1.624,-0.2,1.576,-0.3,1.632,-0.1,1.616,-0.2,1.488,0.0,1.624
05-01-2026-Fri 14-25-04-PM,Power On
05-01-2026-Fri 14-25-06-PM,1.1,5.28,0.6,5.288,0.7,5.276,0.5,5.284,0.5,5.28,0.4,5.284,0.6,5.268,0.7,5.284
05-01-2026-Fri 14-25-07-PM,0.7,5.28,0.8,5.288,0.8,5.276,0.7,5.28,0.2,5.28,0.6,5.28,0.3,5.272,0.6,5.28
05-01-2026-Fri 14-25-08-PM,0.9,5.276,0.9,5.284,0.7,5.276,0.6,5.284,0.2,5.284,0.5,5.28,0.2,5.268,0.5,5.284
05-01-2026-Fri 14-25-10-PM,0.7,5.284,0.4,5.288,0.6,5.276,0.5,5.284,0.3,5.28,0.7,5.28,0.4,5.268,0.6,5.284
05-01-2026-Fri 14-25-11-PM,0.7,5.28,0.9,5.284,0.4,5.28,0.6,5.284,0.4,5.284,0.7,5.28,0.1,5.272,0.6,5.28
05-01-2026-Fri 14-25-12-PM,0.8,5.28,0.6,5.288,0.9,5.28,0.6,5.288,0.2,5.28,0.6,5.28,0.2,5.272,0.6,5.284
05-01-2026-Fri 14-25-14-PM,0.8,5.28,0.4,5.284,0.7,5.28,0.8,5.28,0.3,5.28,0.7,5.284,0.4,5.272,0.4,5.284
05-01-2026-Fri 14-25-15-PM,Power Off
05-01-2026-Fri 14-25-17-PM,0.0,2.62,-0.3,2.516,0.1,2.528,-0.3,2.468,-0.3,2.376,0.1,2.416,-0.3,2.152,0.0,2.456
05-01-2026-Fri 14-25-18-PM,-0.3,2.488,-0.4,2.412,0.0,2.412,-0.2,2.352,-0.2,2.264,-0.3,2.304,-0.3,2.048,-0.1,2.34
05-01-2026-Fri 14-25-19-PM,-0.3,2.408,-0.1,2.348,-0.1,2.34,0.0,2.276,-0.2,2.188,-0.1,2.228,-0.1,1.98,-0.1,2.264
05-01-2026-Fri 14-25-21-PM,-0.4,2.352,-0.1,2.3,-0.2,2.284,-0.1,2.22,-0.3,2.128,0.0,2.172,-0.4,1.928,0.1,2.204
05-01-2026-Fri 14-25-22-PM,-0.2,2.3,-0.2,2.264,-0.1,2.232,-0.1,2.176,-0.2,2.084,-0.3,2.132,0.0,1.888,-0.1,2.156
05-01-2026-Fri 14-25-23-PM,-0.4,2.26,-0.2,2.236,-0.4,2.2,-0.2,2.14,-0.1,2.052,-0.2,2.092,-0.1,1.856,0.0,2.112
05-01-2026-Fri 14-25-25-PM,-0.2,2.22,-0.2,2.2,-0.1,2.156,-0.3,2.1,-0.3,2.012,0.2,2.056,-0.3,1.824,0.1,2.076
05-01-2026-Fri 14-25-26-PM,Power On
05-01-2026-Fri 14-25-28-PM,0.7,5.284,0.7,5.284,0.6,5.276,0.5,5.284,0.4,5.284,0.5,5.28,0.3,5.272,0.4,5.284
05-01-2026-Fri 14-25-29-PM,0.7,5.284,0.3,5.288,0.5,5.28,0.6,5.284,0.3,5.284,0.4,5.284,0.2,5.272,0.5,5.288
05-01-2026-Fri 14-25-30-PM,0.6,5.284,0.6,5.284,0.8,5.276,0.5,5.284,0.1,5.284,0.5,5.284,0.5,5.272,0.4,5.284
05-01-2026-Fri 14-25-32-PM,0.5,5.284,0.6,5.288,0.4,5.276,0.7,5.288,0.2,5.28,0.4,5.284,0.2,5.272,0.6,5.284
05-01-2026-Fri 14-25-33-PM,Power Off
05-01-2026-Fri 14-25-34-PM,-0.2,2.676,-0.1,2.548,-0.3,2.584,-0.2,2.52,-0.3,2.416,-0.2,2.484,-0.1,2.204,-0.1,2.524
05-01-2026-Fri 14-25-36-PM,0.0,2.556,-0.3,2.456,0.1,2.476,-0.1,2.42,-0.2,2.308,0.1,2.372,-0.1,2.1,0.2,2.412
05-01-2026-Fri 14-25-37-PM,-0.2,2.476,0.0,2.392,-0.2,2.4,-0.1,2.348,-0.3,2.232,-0.1,2.3,-0.1,2.036,-0.2,2.34
05-01-2026-Fri 14-25-39-PM,-0.2,2.42,-0.3,2.344,0.2,2.344,-0.2,2.296,-0.1,2.18,-0.1,2.244,0.0,1.984,-0.1,2.28
05-01-2026-Fri 14-25-40-PM,-0.1,2.372,-0.2,2.308,-0.1,2.3,-0.3,2.252,-0.2,2.132,0.3,2.2,-0.1,1.948,0.0,2.232
05-01-2026-Fri 14-25-41-PM,-0.2,2.332,-0.2,2.28,-0.2,2.264,-0.1,2.216,-0.2,2.1,0.0,2.164,-0.2,1.916,0.1,2.196
05-01-2026-Fri 14-25-43-PM,-0.1,2.3,-0.6,2.252,0.1,2.228,0.1,2.184,-0.2,2.068,-0.1,2.132,-0.2,1.892,0.0,2.16
05-01-2026-Fri 14-25-44-PM,-0.3,2.268,-0.2,2.228,-0.1,2.2,-0.5,2.156,0.1,2.044,0.1,2.104,-0.5,1.868,0.1,2.132
05-01-2026-Fri 14-25-46-PM,0.1,2.24,-0.4,2.208,-0.2,2.176,0.1,2.128,-0.3,2.024,0.0,2.08,0.0,1.848,-0.1,2.104
05-01-2026-Fri 14-25-47-PM,-0.4,2.216,-0.3,2.192,0.1,2.148,-0.1,2.104,-0.1,2.0,-0.2,2.056,-0.3,1.828,-0.1,2.08
05-01-2026-Fri 14-25-48-PM,0.1,2.196,-0.3,2.172,-0.1,2.128,-0.2,2.084,-0.1,1.984,-0.2,2.036,-0.2,1.816,-0.1,2.06
05-01-2026-Fri 14-25-50-PM,-0.2,2.172,-0.3,2.152,-0.1,2.108,-0.1,2.068,-0.1,1.964,0.0,2.016,-0.2,1.8,-0.1,2.044
05-01-2026-Fri 14-25-51-PM,-0.5,2.16,-0.2,2.136,-0.2,2.084,-0.2,2.048,-0.2,1.952,-0.3,2.004,-0.3,1.788,0.1,2.024
05-01-2026-Fri 14-25-52-PM,-0.1,2.14,-0.1,2.124,-0.1,2.072,0.1,2.032,-0.3,1.936,-0.4,1.988,-0.1,1.772,0.3,2.008
05-01-2026-Fri 14-25-54-PM,0.2,2.124,-0.3,2.112,0.0,2.052,-0.2,2.008,-0.3,1.928,0.0,1.972,0.0,1.76,-0.1,1.992
05-01-2026-Fri 14-25-55-PM,0.0,2.104,0.0,2.096,0.1,2.036,-0.1,1.992,-0.5,1.916,-0.2,1.956,0.1,1.752,0.0,1.976
05-01-2026-Fri 14-25-57-PM,-0.3,2.092,-0.3,2.084,0.0,2.024,0.0,1.98,-0.3,1.9,-0.3,1.944,-0.2,1.736,-0.1,1.96
05-01-2026-Fri 14-26-00-PM,-0.2,2.076,-0.2,2.068,-0.2,2.0,0.1,1.96,-0.5,1.888,-0.2,1.928,-0.3,1.732,0.0,1.948
05-01-2026-Fri 14-26-02-PM,-0.2,2.052,-0.3,2.052,0.3,1.972,0.0,1.932,-0.3,1.868,-0.1,1.904,0.0,1.708,-0.1,1.924
05-01-2026-Fri 14-26-05-PM,0.1,2.028,-0.2,2.028,0.0,1.952,-0.1,1.912,-0.3,1.852,-0.3,1.888,0.0,1.688,0.2,1.9
05-01-2026-Fri 14-26-08-PM,Power On
05-01-2026-Fri 14-26-10-PM,0.8,5.284,0.4,5.288,0.8,5.276,0.5,5.284,0.1,5.284,0.3,5.28,0.5,5.272,0.6,5.284
05-01-2026-Fri 14-26-13-PM,0.7,5.28,0.5,5.284,0.8,5.28,0.4,5.284,0.2,5.284,0.2,5.28,0.1,5.272,0.5,5.284
05-01-2026-Fri 14-26-16-PM,-0.1,2.644,-0.3,2.528,-0.4,2.544,-0.3,2.492,-0.2,2.372,-0.2,2.436,-0.3,2.152,-0.1,2.48
05-01-2026-Fri 14-26-19-PM,-0.1,2.452,-0.4,2.368,0.0,2.364,-0.2,2.316,0.0,2.196,0.1,2.26,-0.1,1.992,-0.1,2.296
05-01-2026-Fri 14-26-21-PM,-0.2,2.344,-0.3,2.292,-0.1,2.264,0.0,2.224,-0.4,2.1,0.1,2.164,-0.1,1.904,-0.1,2.2
05-01-2026-Fri 14-26-22-PM,-0.1,2.308,-0.2,2.26,-0.2,2.224,-0.1,2.188,-0.3,2.068,-0.2,2.128,-0.2,1.88,0.0,2.164
05-01-2026-Fri 14-26-23-PM,-0.3,2.272,-0.1,2.232,-0.3,2.196,-0.1,2.156,-0.5,2.04,0.0,2.1,-0.1,1.852,0.1,2.128
05-01-2026-Fri 14-26-25-PM,0.0,2.244,-0.2,2.212,-0.2,2.168,0.0,2.132,-0.4,2.012,-0.1,2.072,-0.3,1.832,-0.1,2.104
05-01-2026-Fri 14-26-26-PM,-0.4,2.22,-0.3,2.192,-0.1,2.144,0.0,2.104,-0.4,1.992,-0.1,2.052,0.0,1.816,-0.1,2.08
05-01-2026-Fri 14-26-28-PM,-0.4,2.196,-0.4,2.172,-0.1,2.12,-0.1,2.084,-0.2,1.976,0.1,2.032,-0.2,1.8,0.2,2.056
05-01-2026-Fri 14-26-29-PM,-0.3,2.176,-0.3,2.156,-0.3,2.1,-0.1,2.064,-0.2,1.96,0.0,2.008,-0.2,1.784,0.0,2.04
05-01-2026-Fri 14-26-30-PM,-0.1,2.16,-0.2,2.14,-0.2,2.08,-0.1,2.04,-0.2,1.944,0.0,1.996,-0.4,1.768,0.1,2.02
05-01-2026-Fri 14-26-32-PM,-0.2,2.14,0.0,2.124,-0.1,2.064,-0.2,2.028,-0.2,1.928,-0.2,1.98,0.2,1.756,0.0,2.004
05-01-2026-Fri 14-26-33-PM,-0.2,2.12,-0.4,2.108,-0.1,2.044,-0.2,2.012,-0.2,1.916,-0.1,1.964,-0.1,1.744,-0.3,1.988
05-01-2026-Fri 14-26-35-PM,-0.1,2.104,-0.3,2.096,-0.1,2.032,-0.1,1.992,-0.2,1.9,0.1,1.952,-0.2,1.736,-0.1,1.972
05-01-2026-Fri 14-26-36-PM,-0.1,2.096,-0.2,2.084,-0.3,2.016,-0.3,1.976,-0.4,1.896,0.1,1.936,-0.2,1.728,-0.1,1.96
05-01-2026-Fri 14-26-37-PM,-0.2,2.08,-0.1,2.072,-0.1,2.0,0.0,1.964,-0.3,1.88,0.1,1.924,-0.1,1.716,0.1,1.944
05-01-2026-Fri 14-26-39-PM,-0.1,2.068,-0.2,2.064,0.0,1.984,-0.3,1.952,0.1,1.876,-0.1,1.912,0.0,1.708,-0.3,1.936
05-01-2026-Fri 14-26-40-PM,-0.1,2.056,-0.2,2.052,0.0,1.976,0.1,1.936,-0.1,1.864,-0.1,1.904,-0.2,1.7,-0.1,1.924
05-01-2026-Fri 14-26-41-PM,-0.3,2.044,-0.2,2.04,-0.1,1.96,-0.2,1.924,-0.2,1.856,-0.3,1.892,-0.2,1.688,-0.2,1.916
05-01-2026-Fri 14-26-43-PM,-0.2,2.032,-0.3,2.032,0.2,1.948,-0.1,1.916,-0.3,1.844,-0.2,1.88,0.0,1.68,0.0,1.904
05-01-2026-Fri 14-26-44-PM,-0.3,2.024,-0.3,2.02,-0.3,1.936,-0.2,1.904,-0.2,1.836,-0.1,1.872,-0.3,1.676,-0.1,1.892
05-01-2026-Fri 14-26-46-PM,-0.2,2.012,-0.3,2.012,-0.2,1.928,-0.1,1.888,-0.3,1.828,0.1,1.864,0.0,1.668,-0.2,1.884
05-01-2026-Fri 14-26-47-PM,-0.1,2.0,-0.3,2.008,0.0,1.916,-0.1,1.884,-0.3,1.824,-0.1,1.856,0.0,1.664,-0.1,1.872
05-01-2026-Fri 14-26-48-PM,-0.2,1.992,-0.1,1.996,-0.2,1.908,-0.4,1.868,0.1,1.816,0.1,1.848,-0.1,1.652,-0.2,1.864
05-01-2026-Fri 14-26-50-PM,-0.1,1.984,-0.1,1.988,0.3,1.9,-0.2,1.86,0.0,1.812,0.0,1.836,-0.3,1.648,-0.2,1.856
05-01-2026-Fri 14-26-51-PM,-0.4,1.972,-0.2,1.984,-0.3,1.892,-0.3,1.848,-0.6,1.8,-0.1,1.832,0.0,1.64,0.1,1.852
05-01-2026-Fri 14-26-53-PM,-0.2,1.968,-0.3,1.976,-0.1,1.88,-0.2,1.84,-0.4,1.796,-0.2,1.82,-0.1,1.636,0.0,1.84
05-01-2026-Fri 14-26-54-PM,0.1,1.956,-0.2,1.968,-0.1,1.872,-0.3,1.836,-0.4,1.784,-0.1,1.816,-0.3,1.632,-0.1,1.832
05-01-2026-Fri 14-26-56-PM,-0.2,1.948,-0.2,1.96,-0.1,1.864,-0.1,1.824,-0.3,1.784,0.0,1.808,-0.1,1.62,-0.2,1.828
05-01-2026-Fri 14-26-57-PM,0.1,1.944,-0.3,1.952,-0.1,1.856,0.0,1.816,-0.3,1.776,0.1,1.8,-0.3,1.616,-0.1,1.82
05-01-2026-Fri 14-26-59-PM,-0.3,1.94,-0.2,1.948,0.0,1.848,-0.1,1.808,-0.3,1.772,0.0,1.796,0.0,1.612,-0.1,1.816
05-01-2026-Fri 14-27-00-PM,-0.3,1.928,-0.3,1.94,0.1,1.84,-0.2,1.8,-0.2,1.768,-0.2,1.788,-0.1,1.608,-0.1,1.808
05-01-2026-Fri 14-27-01-PM,-0.2,1.924,-0.4,1.932,-0.1,1.832,-0.1,1.792,-0.3,1.76,-0.2,1.784,-0.2,1.6,0.3,1.8
05-01-2026-Fri 14-27-03-PM,-0.1,1.916,0.0,1.928,-0.1,1.824,0.0,1.788,-0.1,1.756,0.1,1.78,-0.3,1.596,0.0,1.796
05-01-2026-Fri 14-27-04-PM,-0.3,1.908,-0.3,1.92,-0.2,1.816,-0.3,1.78,-0.2,1.748,-0.1,1.772,-0.1,1.592,0.1,1.792
05-01-2026-Fri 14-27-06-PM,-0.2,1.904,-0.3,1.916,0.1,1.812,0.2,1.772,-0.3,1.744,0.0,1.768,-0.2,1.584,0.0,1.784
05-01-2026-Fri 14-27-07-PM,-0.1,1.896,-0.5,1.912,0.3,1.804,-0.2,1.764,-0.1,1.74,0.0,1.756,-0.3,1.58,-0.2,1.776
05-01-2026-Fri 14-27-08-PM,-0.2,1.892,-0.4,1.904,-0.1,1.796,0.0,1.76,-0.1,1.736,-0.1,1.756,0.1,1.576,-0.2,1.772
05-01-2026-Fri 14-27-10-PM,-0.1,1.884,-0.2,1.9,-0.1,1.792,0.0,1.756,-0.2,1.732,-0.3,1.744,-0.3,1.572,-0.2,1.768
05-01-2026-Fri 14-27-11-PM,-0.2,1.88,-0.2,1.892,-0.1,1.788,0.2,1.748,-0.1,1.728,0.2,1.744,0.0,1.568,-0.2,1.764
05-01-2026-Fri 14-27-13-PM,-0.3,1.872,-0.1,1.888,-0.2,1.78,-0.1,1.744,-0.4,1.72,-0.4,1.736,-0.4,1.564,0.0,1.756
05-01-2026-Fri 14-27-14-PM,-0.1,1.864,-0.2,1.884,-0.3,1.772,-0.1,1.736,-0.2,1.72,0.2,1.732,-0.3,1.556,0.0,1.748
05-01-2026-Fri 14-27-16-PM,-0.1,1.86,-0.1,1.88,-0.3,1.768,0.0,1.728,-0.4,1.716,0.2,1.728,-0.1,1.552,-0.1,1.748
05-01-2026-Fri 14-27-17-PM,-0.2,1.856,-0.4,1.872,0.1,1.76,0.0,1.72,-0.3,1.708,-0.3,1.72,-0.3,1.552,0.0,1.74
05-01-2026-Fri 14-27-18-PM,-0.3,1.852,-0.2,1.868,-0.1,1.752,-0.2,1.72,0.0,1.708,0.1,1.716,-0.1,1.544,0.0,1.732
05-01-2026-Fri 14-27-20-PM,-0.1,1.844,-0.2,1.86,0.1,1.752,-0.1,1.712,-0.2,1.7,0.2,1.712,-0.3,1.54,0.2,1.728
05-01-2026-Fri 14-27-21-PM,0.1,1.836,-0.2,1.856,-0.1,1.748,-0.3,1.704,-0.1,1.7,-0.2,1.704,-0.3,1.54,-0.1,1.724
05-01-2026-Fri 14-27-23-PM,-0.2,1.832,0.0,1.852,-0.2,1.74,0.1,1.7,-0.2,1.696,0.0,1.704,0.0,1.536,-0.2,1.72
05-01-2026-Fri 14-27-24-PM,-0.4,1.828,-0.2,1.848,-0.1,1.732,0.1,1.696,-0.2,1.688,-0.2,1.696,-0.2,1.528,-0.1,1.716
05-01-2026-Fri 14-27-25-PM,0.0,1.824,-0.2,1.848,-0.2,1.728,0.0,1.692,-0.1,1.688,-0.1,1.692,-0.2,1.528,0.0,1.712
05-01-2026-Fri 14-27-27-PM,0.1,1.816,-0.3,1.844,-0.1,1.724,-0.3,1.684,-0.5,1.684,0.3,1.688,-0.1,1.52,-0.1,1.708
05-01-2026-Fri 14-27-29-PM,0.0,1.816,-0.3,1.836,0.0,1.72,-0.2,1.684,-0.3,1.68,0.0,1.688,-0.1,1.52,0.0,1.7
05-01-2026-Fri 14-27-30-PM,-0.2,1.808,-0.4,1.832,0.1,1.716,-0.1,1.676,-0.6,1.68,-0.2,1.68,0.0,1.516,0.0,1.7
05-01-2026-Fri 14-27-31-PM,-0.1,1.804,-0.4,1.828,-0.1,1.712,-0.2,1.672,-0.5,1.672,0.0,1.676,-0.1,1.508,0.1,1.692
05-01-2026-Fri 14-27-33-PM,-0.2,1.804,-0.3,1.824,-0.2,1.708,-0.2,1.668,-0.3,1.668,0.0,1.668,0.0,1.508,0.2,1.688
05-01-2026-Fri 14-27-34-PM,0.0,1.796,-0.1,1.82,0.1,1.7,-0.6,1.664,-0.3,1.664,-0.1,1.668,0.0,1.508,-0.2,1.688
05-01-2026-Fri 14-27-36-PM,-0.2,1.792,-0.3,1.816,0.0,1.696,-0.2,1.656,-0.1,1.664,-0.1,1.664,-0.3,1.5,0.2,1.684
05-01-2026-Fri 14-27-37-PM,-0.3,1.788,-0.4,1.812,0.0,1.692,-0.3,1.652,-0.3,1.656,0.1,1.664,0.0,1.5,0.1,1.68
05-01-2026-Fri 14-27-38-PM,-0.1,1.78,-0.3,1.808,-0.2,1.688,0.3,1.652,-0.3,1.656,0.1,1.66,0.0,1.496,0.2,1.676
05-01-2026-Fri 14-27-40-PM,-0.4,1.78,-0.4,1.804,-0.3,1.684,0.1,1.644,-0.2,1.656,0.1,1.656,-0.2,1.492,0.2,1.672
05-01-2026-Fri 14-27-41-PM,-0.3,1.776,-0.2,1.8,0.1,1.68,-0.1,1.644,-0.1,1.648,0.0,1.652,-0.1,1.492,0.0,1.672
05-01-2026-Fri 14-27-43-PM,-0.2,1.772,-0.2,1.796,-0.1,1.676,0.0,1.64,-0.2,1.648,-0.1,1.644,-0.3,1.488,0.1,1.664
05-01-2026-Fri 14-27-44-PM,-0.2,1.768,-0.2,1.792,0.2,1.672,-0.2,1.636,-0.2,1.644,-0.2,1.644,-0.1,1.484,-0.1,1.66
05-01-2026-Fri 14-27-45-PM,-0.2,1.764,-0.3,1.788,-0.1,1.668,-0.2,1.628,0.1,1.64,-0.3,1.644,-0.3,1.48,0.0,1.656
05-01-2026-Fri 14-27-47-PM,0.0,1.76,-0.3,1.788,-0.1,1.668,-0.3,1.628,-0.2,1.64,0.0,1.636,-0.1,1.48,-0.1,1.652
05-01-2026-Fri 14-27-48-PM,-0.2,1.756,-0.4,1.78,0.0,1.66,-0.3,1.62,-0.1,1.632,0.2,1.632,-0.2,1.472,0.1,1.648
05-01-2026-Fri 14-27-50-PM,0.2,1.752,-0.3,1.776,-0.1,1.656,0.0,1.62,-0.5,1.628,0.0,1.628,-0.3,1.468,0.0,1.644
05-01-2026-Fri 14-27-51-PM,-0.2,1.748,-0.4,1.776,0.1,1.652,-0.1,1.616,-0.1,1.628,0.2,1.628,-0.1,1.468,-0.2,1.64
05-01-2026-Fri 14-27-52-PM,-0.3,1.744,-0.2,1.768,-0.3,1.648,-0.4,1.612,-0.3,1.624,0.0,1.624,-0.1,1.464,0.2,1.636
05-01-2026-Fri 14-27-54-PM,-0.2,1.736,0.0,1.768,-0.1,1.644,-0.3,1.608,-0.3,1.62,-0.1,1.616,-0.3,1.46,0.1,1.632
05-01-2026-Fri 14-27-55-PM,-0.4,1.736,-0.4,1.764,0.1,1.64,-0.3,1.6,-0.3,1.616,0.1,1.616,-0.3,1.456,-0.1,1.632
05-01-2026-Fri 14-27-56-PM,0.1,1.732,-0.3,1.76,-0.1,1.636,-0.2,1.6,-0.3,1.616,-0.1,1.616,-0.3,1.452,0.0,1.624
05-01-2026-Fri 14-27-58-PM,-0.3,1.728,-0.2,1.756,-0.3,1.636,0.0,1.596,-0.2,1.608,-0.1,1.608,-0.2,1.452,0.0,1.624
05-01-2026-Fri 14-28-00-PM,-0.2,1.72,-0.2,1.752,-0.2,1.632,-0.3,1.596,-0.3,1.612,-0.2,1.604,-0.4,1.448,-0.2,1.62
05-01-2026-Fri 14-28-01-PM,0.1,1.72,-0.4,1.748,-0.1,1.628,0.0,1.588,-0.1,1.608,-0.1,1.604,-0.2,1.444,-0.2,1.616
05-01-2026-Fri 14-28-02-PM,-0.2,1.72,-0.4,1.744,-0.1,1.624,-0.1,1.584,-0.2,1.6,-0.1,1.6,-0.4,1.444,0.0,1.612
05-01-2026-Fri 14-28-04-PM,-0.1,1.716,-0.2,1.744,-0.2,1.62,0.0,1.584,-0.4,1.6,0.1,1.596,-0.6,1.44,0.0,1.608
05-01-2026-Fri 14-28-05-PM,-0.1,1.712,-0.2,1.74,-0.1,1.62,-0.1,1.58,-0.5,1.596,-0.1,1.592,-0.2,1.436,-0.1,1.604
05-01-2026-Fri 14-28-07-PM,Power On
05-01-2026-Fri 14-28-08-PM,0.6,5.28,0.5,5.284,0.4,5.28,0.7,5.28,0.2,5.276,0.4,5.28,0.2,5.272,0.3,5.284
05-01-2026-Fri 14-28-09-PM,0.8,5.276,0.7,5.28,0.7,5.276,0.3,5.284,0.1,5.28,0.5,5.28,0.3,5.268,0.5,5.284
05-01-2026-Fri 14-28-11-PM,0.8,5.28,0.5,5.288,0.6,5.276,0.5,5.284,0.3,5.28,0.5,5.284,-0.2,5.272,0.3,5.276
05-01-2026-Fri 14-28-12-PM,0.4,5.28,0.3,5.284,0.7,5.276,0.6,5.28,0.3,5.28,0.6,5.28,0.2,5.268,0.3,5.284
05-01-2026-Fri 14-28-15-PM,-0.2,2.448,-0.4,2.38,0.0,2.344,0.1,2.32,-0.2,2.2,0.0,2.212,-0.2,1.932,0.0,2.256
05-01-2026-Fri 14-28-16-PM,-0.4,2.324,-0.2,2.288,0.0,2.228,-0.1,2.188,0.0,2.084,0.0,2.104,0.0,1.828,0.0,2.14
05-01-2026-Fri 14-28-17-PM,-0.2,2.248,-0.4,2.22,0.0,2.152,-0.2,2.108,-0.2,2.016,-0.2,2.032,-0.1,1.768,-0.1,2.064
05-01-2026-Fri 14-28-19-PM,0.1,2.188,-0.5,2.176,-0.3,2.1,-0.1,2.056,-0.3,1.968,0.0,1.988,-0.4,1.728,0.0,2.012
05-01-2026-Fri 14-28-20-PM,-0.3,2.148,-0.4,2.14,0.1,2.06,0.0,2.012,-0.3,1.924,0.0,1.948,-0.1,1.692,0.0,1.976
05-01-2026-Fri 14-28-22-PM,-0.3,2.108,-0.1,2.112,-0.4,2.024,-0.1,1.972,-0.3,1.896,0.0,1.916,0.0,1.672,-0.1,1.936
05-01-2026-Fri 14-28-23-PM,-0.2,2.08,-0.4,2.084,-0.1,2.0,-0.1,1.944,-0.2,1.868,0.1,1.896,0.0,1.648,0.2,1.912
05-01-2026-Fri 14-28-25-PM,-0.3,2.052,-0.6,2.06,-0.1,1.972,-0.3,1.924,-0.3,1.848,-0.1,1.872,0.0,1.628,0.0,1.884
05-01-2026-Fri 14-28-27-PM,Power On
05-01-2026-Fri 14-28-30-PM,0.9,5.28,0.4,5.284,0.5,5.276,0.4,5.28,0.1,5.276,0.5,5.28,0.4,5.268,0.1,5.28
05-01-2026-Fri 14-28-32-PM,0.4,5.276,0.2,5.284,0.5,5.276,0.4,5.28,0.1,5.28,0.4,5.284,0.0,5.272,0.2,5.28
05-01-2026-Fri 14-28-33-PM,0.7,5.276,0.0,5.284,0.8,5.276,0.4,5.284,0.1,5.276,0.5,5.28,0.2,5.272,0.5,5.28
05-01-2026-Fri 14-28-34-PM,Power Off
05-01-2026-Fri 14-28-36-PM,-0.3,2.604,-0.1,2.488,-0.2,2.496,-0.2,2.452,-0.1,2.316,0.0,2.364,-0.3,2.052,-0.2,2.404
05-01-2026-Fri 14-28-37-PM,-0.2,2.484,0.0,2.392,-0.1,2.388,0.0,2.336,-0.2,2.204,-0.2,2.256,-0.2,1.956,-0.1,2.292
05-01-2026-Fri 14-28-38-PM,0.1,2.408,-0.3,2.336,-0.1,2.316,-0.2,2.268,-0.3,2.132,-0.3,2.184,0.0,1.892,0.1,2.22
05-01-2026-Fri 14-28-40-PM,-0.1,2.348,0.0,2.288,0.1,2.26,-0.1,2.216,-0.1,2.08,0.1,2.128,0.0,1.848,0.2,2.164
05-01-2026-Fri 14-28-41-PM,-0.3,2.3,-0.3,2.248,-0.1,2.22,0.0,2.168,-0.4,2.04,0.1,2.088,-0.1,1.808,0.0,2.116
05-01-2026-Fri 14-28-43-PM,0.1,2.264,-0.4,2.22,-0.3,2.18,-0.2,2.132,-0.2,2.004,-0.2,2.056,-0.3,1.776,-0.2,2.076
05-01-2026-Fri 14-28-44-PM,-0.3,2.228,-0.2,2.192,0.0,2.148,0.0,2.104,-0.3,1.976,0.2,2.024,-0.3,1.756,0.0,2.044
05-01-2026-Fri 14-28-45-PM,-0.2,2.2,-0.4,2.168,0.1,2.12,-0.5,2.076,-0.1,1.948,0.0,2.004,0.0,1.732,-0.1,2.02
05-01-2026-Fri 14-28-47-PM,-0.2,2.172,-0.2,2.148,-0.2,2.092,-0.2,2.048,-0.2,1.928,0.1,1.972,-0.3,1.712,-0.2,1.996
05-01-2026-Fri 14-28-48-PM,-0.2,2.152,-0.4,2.128,0.0,2.072,0.1,2.024,-0.5,1.908,0.0,1.956,0.0,1.696,0.0,1.972
05-01-2026-Fri 14-28-50-PM,-0.1,2.128,-0.5,2.112,0.0,2.052,0.0,2.008,-0.5,1.888,0.1,1.936,-0.1,1.68,-0.2,1.952
05-01-2026-Fri 14-28-51-PM,-0.5,2.108,-0.1,2.092,0.0,2.028,-0.4,1.984,-0.6,1.872,0.0,1.916,-0.2,1.668,-0.1,1.932
05-01-2026-Fri 14-28-52-PM,-0.4,2.092,-0.3,2.08,0.0,2.012,-0.3,1.968,-0.2,1.856,0.0,1.904,-0.3,1.652,0.0,1.916
05-01-2026-Fri 14-28-54-PM,0.1,2.076,-0.1,2.064,-0.2,1.992,0.0,1.948,0.0,1.84,0.1,1.888,-0.3,1.644,0.1,1.9
05-01-2026-Fri 14-28-55-PM,-0.4,2.056,-0.4,2.048,-0.1,1.976,-0.2,1.932,-0.1,1.832,0.0,1.872,0.0,1.632,0.0,1.884
05-01-2026-Fri 14-28-57-PM,0.0,2.04,-0.2,2.036,-0.2,1.96,-0.3,1.916,-0.2,1.816,0.0,1.86,-0.2,1.62,0.0,1.872
05-01-2026-Fri 14-28-58-PM,-0.3,2.028,-0.3,2.024,-0.2,1.944,-0.1,1.904,-0.6,1.804,0.0,1.844,-0.1,1.612,0.0,1.856
05-01-2026-Fri 14-28-59-PM,-0.2,2.012,-0.1,2.012,-0.1,1.936,-0.1,1.892,-0.5,1.8,0.0,1.836,-0.4,1.6,0.0,1.844
05-01-2026-Fri 14-29-01-PM,-0.2,2.0,-0.6,2.004,-0.1,1.92,-0.2,1.876,-0.3,1.788,-0.1,1.824,-0.3,1.592,-0.2,1.832
05-01-2026-Fri 14-29-02-PM,0.1,1.988,-0.3,1.992,-0.1,1.904,-0.2,1.86,-0.3,1.776,-0.2,1.816,-0.3,1.58,-0.1,1.824
05-01-2026-Fri 14-29-04-PM,-0.3,1.976,-0.3,1.98,-0.4,1.896,0.0,1.852,-0.2,1.768,-0.1,1.804,-0.2,1.572,0.0,1.808
05-01-2026-Fri 14-29-05-PM,-0.4,1.964,-0.2,1.968,-0.2,1.884,-0.3,1.84,-0.2,1.76,-0.1,1.792,-0.3,1.564,-0.2,1.8
05-01-2026-Fri 14-29-06-PM,-0.1,1.956,-0.1,1.964,-0.2,1.872,-0.3,1.828,-0.1,1.748,0.0,1.784,0.0,1.56,-0.1,1.792
05-01-2026-Fri 14-29-08-PM,-0.4,1.944,-0.4,1.952,0.0,1.86,-0.1,1.816,-0.4,1.74,0.1,1.772,-0.3,1.552,-0.2,1.78
05-01-2026-Fri 14-29-09-PM,-0.2,1.936,-0.2,1.94,-0.1,1.848,-0.2,1.808,-0.2,1.732,0.0,1.764,-0.3,1.544,-0.1,1.776
05-01-2026-Fri 14-29-11-PM,-0.5,1.928,-0.3,1.936,0.1,1.84,0.0,1.8,0.0,1.728,-0.1,1.756,-0.5,1.54,0.0,1.768
05-01-2026-Fri 14-29-12-PM,-0.1,1.916,-0.4,1.928,-0.1,1.832,-0.3,1.788,-0.5,1.72,0.1,1.748,0.1,1.532,0.0,1.756
05-01-2026-Fri 14-29-13-PM,-0.1,1.912,-0.2,1.92,-0.3,1.824,-0.1,1.776,-0.3,1.716,-0.1,1.74,-0.2,1.524,0.0,1.748
05-01-2026-Fri 14-29-15-PM,0.0,1.9,-0.3,1.912,-0.2,1.816,-0.3,1.772,-0.2,1.704,-0.2,1.736,-0.1,1.52,-0.2,1.74
05-01-2026-Fri 14-29-16-PM,-0.1,1.892,0.1,1.9,-0.1,1.804,0.0,1.764,0.0,1.7,0.0,1.728,-0.2,1.516,-0.1,1.732
05-01-2026-Fri 14-29-18-PM,-0.1,1.888,-0.3,1.896,0.2,1.796,-0.2,1.756,-0.3,1.692,0.1,1.716,0.1,1.508,0.0,1.724
05-01-2026-Fri 14-29-19-PM,-0.3,1.876,-0.4,1.888,-0.1,1.788,-0.1,1.748,-0.5,1.688,-0.1,1.712,-0.1,1.504,0.0,1.72
05-01-2026-Fri 14-29-20-PM,-0.1,1.872,-0.5,1.884,-0.2,1.784,-0.1,1.74,-0.2,1.684,0.0,1.704,-0.3,1.496,-0.1,1.712
05-01-2026-Fri 14-29-22-PM,-0.3,1.864,-0.3,1.876,-0.2,1.772,-0.2,1.732,-0.2,1.676,0.1,1.7,-0.3,1.492,-0.2,1.704
05-01-2026-Fri 14-29-23-PM,0.2,1.852,-0.2,1.868,0.0,1.764,-0.2,1.72,-0.2,1.668,0.1,1.692,-0.1,1.488,-0.1,1.7
05-01-2026-Fri 14-29-25-PM,-0.2,1.844,-0.3,1.86,-0.1,1.756,-0.2,1.716,-0.4,1.664,-0.1,1.684,-0.1,1.48,0.0,1.688
05-01-2026-Fri 14-29-26-PM,-0.3,1.84,-0.4,1.856,0.2,1.752,0.1,1.708,-0.3,1.656,-0.2,1.68,0.0,1.476,0.0,1.684
05-01-2026-Fri 14-29-27-PM,Power On
05-01-2026-Fri 14-29-29-PM,0.7,5.28,0.3,5.284,0.7,5.276,0.6,5.284,0.2,5.28,0.3,5.28,0.4,5.272,0.5,5.28
05-01-2026-Fri 14-29-30-PM,0.5,5.28,0.3,5.284,0.4,5.276,0.3,5.284,0.2,5.28,0.6,5.28,0.0,5.268,0.5,5.284
05-01-2026-Fri 14-29-31-PM,0.8,5.276,0.4,5.28,0.7,5.276,0.7,5.28,0.4,5.28,0.4,5.276,-0.1,5.272,0.3,5.28
05-01-2026-Fri 14-29-33-PM,0.7,5.276,0.3,5.28,0.1,5.272,0.0,5.28,0.1,5.276,0.6,5.276,0.2,5.268,0.5,5.276
05-01-2026-Fri 14-29-34-PM,0.5,5.276,0.1,5.28,0.5,5.272,0.3,5.28,0.3,5.272,0.4,5.276,0.1,5.264,0.6,5.276
05-01-2026-Fri 14-29-35-PM,Power Off
05-01-2026-Fri 14-29-37-PM,-0.1,2.552,-0.5,2.444,-0.2,2.432,-0.2,2.396,-0.3,2.244,-0.1,2.288,-0.1,1.968,-0.3,2.324
05-01-2026-Fri 14-29-38-PM,-0.2,2.436,-0.5,2.348,-0.2,2.32,-0.2,2.284,-0.2,2.14,0.0,2.184,0.0,1.876,-0.3,2.216
05-01-2026-Fri 14-29-40-PM,-0.1,2.356,-0.4,2.292,-0.1,2.256,-0.2,2.212,-0.4,2.072,-0.1,2.116,-0.1,1.816,0.2,2.148
05-01-2026-Fri 14-29-41-PM,-0.4,2.3,-0.3,2.248,-0.1,2.2,-0.1,2.16,-0.1,2.02,-0.2,2.068,-0.4,1.768,-0.3,2.092
05-01-2026-Fri 14-29-42-PM,0.1,2.256,-0.4,2.208,-0.1,2.16,-0.1,2.116,-0.2,1.98,0.1,2.028,-0.4,1.74,0.0,2.048
05-01-2026-Fri 14-29-44-PM,-0.1,2.216,-0.4,2.184,0.0,2.124,0.1,2.08,-0.4,1.944,-0.1,1.992,0.0,1.712,-0.2,2.012
05-01-2026-Fri 14-29-45-PM,-0.3,2.184,-0.3,2.156,0.0,2.092,-0.1,2.052,-0.2,1.916,0.0,1.968,-0.3,1.684,-0.1,1.984
05-01-2026-Fri 14-29-47-PM,-0.4,2.156,-0.3,2.132,-0.2,2.068,0.0,2.024,-0.4,1.892,0.0,1.944,0.0,1.664,0.0,1.956
05-01-2026-Fri 14-29-48-PM,-0.1,2.128,-0.2,2.108,0.0,2.04,-0.2,2.0,-0.3,1.872,-0.1,1.92,0.0,1.648,-0.2,1.936
05-01-2026-Fri 14-29-49-PM,-0.2,2.108,-0.4,2.092,0.1,2.016,0.0,1.976,-0.1,1.856,-0.2,1.9,0.0,1.632,-0.1,1.912
05-01-2026-Fri 14-29-51-PM,-0.3,2.088,-0.1,2.072,-0.1,2.0,-0.2,1.956,-0.4,1.84,0.0,1.88,0.0,1.62,0.0,1.892
05-01-2026-Fri 14-29-52-PM,-0.1,2.068,-0.2,2.056,-0.1,1.98,0.0,1.94,-0.5,1.82,0.2,1.864,-0.3,1.604,-0.1,1.872
05-01-2026-Fri 14-29-54-PM,-0.2,2.052,-0.2,2.04,-0.5,1.964,-0.1,1.92,-0.4,1.808,0.3,1.852,-0.2,1.592,0.0,1.86
05-01-2026-Fri 14-29-55-PM,-0.1,2.036,-0.3,2.024,0.1,1.948,-0.1,1.908,-0.2,1.796,0.2,1.836,0.0,1.584,-0.2,1.844
05-01-2026-Fri 14-29-57-PM,-0.3,2.02,-0.2,2.012,-0.1,1.928,-0.1,1.888,-0.1,1.78,-0.1,1.824,-0.2,1.572,-0.3,1.828
05-01-2026-Fri 14-29-58-PM,-0.3,2.004,-0.6,2.0,-0.3,1.916,-0.1,1.872,-0.4,1.768,0.0,1.812,0.0,1.56,0.0,1.82
05-01-2026-Fri 14-29-59-PM,-0.3,1.992,-0.5,1.988,0.0,1.904,-0.1,1.86,-0.3,1.76,-0.1,1.8,-0.3,1.552,0.2,1.804
05-01-2026-Fri 14-30-01-PM,-0.3,1.976,-0.3,1.976,0.0,1.892,0.0,1.848,-0.2,1.752,0.0,1.788,-0.1,1.548,0.0,1.796
05-01-2026-Fri 14-30-02-PM,-0.2,1.968,-0.2,1.968,0.1,1.88,-0.1,1.836,0.0,1.744,0.1,1.776,-0.4,1.54,0.0,1.784
05-01-2026-Fri 14-30-03-PM,-0.1,1.952,-0.3,1.956,-0.2,1.864,-0.2,1.824,-0.3,1.732,-0.1,1.764,-0.1,1.528,-0.4,1.772
05-01-2026-Fri 14-30-05-PM,-0.3,1.944,-0.3,1.948,0.0,1.856,-0.1,1.812,-0.2,1.724,0.0,1.76,0.1,1.524,0.0,1.76
05-01-2026-Fri 14-30-06-PM,0.1,1.936,-0.1,1.94,0.0,1.844,-0.4,1.804,-0.1,1.716,-0.1,1.748,0.0,1.516,-0.1,1.752
05-01-2026-Fri 14-30-08-PM,0.0,1.924,-0.4,1.928,0.2,1.832,-0.2,1.792,0.0,1.712,0.1,1.74,-0.1,1.508,-0.2,1.744
05-01-2026-Fri 14-30-09-PM,-0.2,1.916,-0.4,1.92,-0.2,1.824,-0.1,1.78,-0.5,1.7,-0.3,1.732,-0.2,1.504,0.0,1.736
05-01-2026-Fri 14-30-10-PM,-0.2,1.904,-0.4,1.912,-0.1,1.816,-0.1,1.772,-0.3,1.692,-0.2,1.724,0.0,1.496,0.1,1.728
05-01-2026-Fri 14-30-12-PM,0.0,1.892,-0.2,1.9,-0.1,1.804,-0.3,1.756,0.0,1.684,0.1,1.712,0.1,1.488,-0.1,1.72
05-01-2026-Fri 14-30-13-PM,-0.2,1.888,-0.3,1.892,0.0,1.792,-0.1,1.752,-0.6,1.68,0.1,1.708,0.3,1.484,0.1,1.708
05-01-2026-Fri 14-30-15-PM,-0.1,1.88,-0.3,1.884,0.1,1.788,-0.1,1.74,-0.3,1.672,-0.1,1.7,-0.5,1.48,-0.1,1.7
05-01-2026-Fri 14-30-16-PM,-0.1,1.868,-0.3,1.88,-0.1,1.776,0.2,1.736,-0.3,1.664,0.1,1.692,-0.3,1.472,-0.1,1.696
05-01-2026-Fri 14-30-18-PM,0.0,1.864,-0.1,1.872,-0.3,1.768,-0.1,1.724,-0.2,1.656,-0.1,1.684,0.1,1.464,-0.1,1.688
05-01-2026-Fri 14-30-19-PM,-0.2,1.852,-0.5,1.864,0.0,1.76,-0.2,1.716,-0.2,1.652,0.0,1.676,0.0,1.46,0.2,1.684
05-01-2026-Fri 14-30-21-PM,Power On
05-01-2026-Fri 14-30-22-PM,0.5,5.284,0.6,5.284,0.2,5.276,0.4,5.28,0.1,5.276,0.4,5.28,0.5,5.268,0.2,5.28
05-01-2026-Fri 14-30-23-PM,0.3,5.276,0.1,5.284,0.3,5.276,0.5,5.28,0.4,5.276,0.4,5.276,0.2,5.268,0.2,5.28
05-01-2026-Fri 14-30-25-PM,0.5,5.284,0.2,5.28,0.7,5.276,0.4,5.28,0.0,5.28,0.5,5.28,0.1,5.264,0.4,5.28
05-01-2026-Fri 14-30-26-PM,0.5,5.28,-0.1,5.28,0.5,5.272,0.5,5.28,0.2,5.28,0.2,5.28,0.2,5.268,0.5,5.28
05-01-2026-Fri 14-30-27-PM,0.5,5.28,0.4,5.284,0.3,5.276,0.3,5.28,0.3,5.28,0.6,5.276,0.2,5.268,0.4,5.28
05-01-2026-Fri 14-30-29-PM,0.6,5.276,0.3,5.284,0.2,5.28,0.7,5.28,0.1,5.28,0.1,5.276,0.2,5.268,0.4,5.28
05-01-2026-Fri 14-30-30-PM,0.4,5.28,0.1,5.284,0.5,5.276,0.4,5.284,0.2,5.28,0.2,5.28,0.1,5.268,0.6,5.28
05-01-2026-Fri 14-30-31-PM,Power Off
05-01-2026-Fri 14-30-33-PM,-0.2,2.588,-0.3,2.468,0.1,2.472,-0.3,2.424,-0.1,2.276,-0.3,2.332,-0.3,1.988,0.0,2.356
05-01-2026-Fri 14-30-34-PM,-0.3,2.476,-0.1,2.372,-0.1,2.364,-0.2,2.32,-0.2,2.172,0.0,2.224,0.0,1.896,0.0,2.256
05-01-2026-Fri 14-30-36-PM,-0.2,2.396,-0.5,2.316,-0.1,2.296,0.1,2.252,-0.3,2.1,-0.3,2.152,-0.2,1.836,0.0,2.184
05-01-2026-Fri 14-30-37-PM,-0.1,2.344,-0.2,2.272,0.0,2.244,-0.2,2.196,-0.3,2.048,-0.2,2.104,0.0,1.792,0.0,2.128
05-01-2026-Fri 14-30-39-PM,-0.1,2.296,-0.3,2.232,0.0,2.2,-0.1,2.156,-0.3,2.008,-0.2,2.064,-0.5,1.756,-0.2,2.084
05-01-2026-Fri 14-30-40-PM,-0.2,2.252,-0.4,2.204,0.1,2.16,0.1,2.116,-0.2,1.972,0.0,2.032,0.1,1.724,0.1,2.048
05-01-2026-Fri 14-30-41-PM,-0.3,2.224,-0.5,2.176,-0.3,2.132,-0.3,2.088,-0.3,1.944,0.0,2.0,-0.3,1.704,-0.2,2.012
05-01-2026-Fri 14-30-43-PM,-0.1,2.192,-0.3,2.156,-0.1,2.104,-0.2,2.06,0.0,1.916,0.0,1.972,0.0,1.684,0.0,1.988
05-01-2026-Fri 14-30-46-PM,-0.3,2.14,-0.2,2.108,-0.1,2.056,-0.3,2.012,-0.4,1.876,0.1,1.932,-0.2,1.648,0.0,1.94
05-01-2026-Fri 14-30-48-PM,-0.5,2.1,-0.3,2.076,-0.2,2.012,-0.2,1.972,-0.2,1.844,-0.1,1.896,0.0,1.616,-0.3,1.9
05-01-2026-Fri 14-30-50-PM,-0.2,2.08,-0.3,2.056,-0.2,1.988,-0.1,1.948,-0.6,1.824,-0.1,1.872,-0.2,1.6,-0.1,1.88
05-01-2026-Fri 14-30-51-PM,-0.3,2.06,-0.4,2.04,-0.1,1.972,-0.2,1.932,-0.2,1.808,0.0,1.856,-0.2,1.588,0.0,1.864
05-01-2026-Fri 14-30-53-PM,0.1,2.044,-0.3,2.028,-0.2,1.956,-0.1,1.912,-0.2,1.792,0.0,1.84,-0.3,1.576,-0.1,1.844
05-01-2026-Fri 14-30-54-PM,-0.4,2.028,-0.5,2.012,-0.1,1.94,-0.1,1.9,-0.5,1.784,-0.1,1.828,-0.1,1.564,0.2,1.836
05-01-2026-Fri 14-30-55-PM,-0.2,2.016,-0.2,2.004,0.0,1.924,-0.1,1.884,-0.4,1.772,-0.1,1.816,-0.3,1.556,0.0,1.82
05-01-2026-Fri 14-30-57-PM,-0.3,2.0,-0.1,1.988,-0.1,1.908,-0.1,1.868,-0.2,1.76,0.2,1.804,-0.1,1.548,0.1,1.808
05-01-2026-Fri 14-30-58-PM,-0.3,1.988,-0.4,1.976,-0.1,1.9,-0.2,1.86,-0.1,1.748,0.0,1.796,-0.2,1.54,0.0,1.796
05-01-2026-Fri 14-31-00-PM,-0.1,1.976,-0.1,1.968,0.0,1.884,-0.1,1.848,-0.3,1.744,0.1,1.784,0.0,1.532,-0.2,1.788
05-01-2026-Fri 14-31-02-PM,-0.1,1.964,-0.2,1.956,-0.2,1.872,-0.2,1.832,-0.4,1.732,0.1,1.772,-0.3,1.524,0.1,1.776
05-01-2026-Fri 14-31-04-PM,-0.1,1.944,-0.4,1.936,-0.1,1.848,0.0,1.808,-0.3,1.712,0.1,1.752,-0.2,1.512,-0.1,1.756
05-01-2026-Fri 14-31-06-PM,-0.1,1.932,0.0,1.928,0.0,1.84,-0.3,1.796,-0.5,1.708,0.1,1.74,-0.1,1.5,0.2,1.752
05-01-2026-Fri 14-31-07-PM,-0.1,1.924,-0.4,1.92,0.0,1.832,-0.1,1.788,-0.4,1.696,-0.1,1.736,-0.3,1.496,-0.2,1.736
05-01-2026-Fri 14-31-09-PM,-0.2,1.908,-0.5,1.908,0.0,1.82,-0.1,1.776,-0.2,1.692,-0.1,1.724,-0.3,1.488,-0.1,1.728
05-01-2026-Fri 14-31-10-PM,-0.2,1.9,-0.2,1.9,-0.4,1.808,0.0,1.768,0.0,1.684,-0.2,1.712,-0.4,1.48,0.1,1.72
05-01-2026-Fri 14-31-12-PM,-0.1,1.892,-0.2,1.892,0.0,1.8,-0.1,1.76,-0.2,1.676,-0.1,1.712,-0.1,1.476,0.0,1.712
05-01-2026-Fri 14-31-13-PM,0.1,1.884,-0.5,1.884,0.0,1.788,0.0,1.748,-0.3,1.668,0.0,1.7,-0.3,1.472,0.0,1.704
05-01-2026-Fri 14-31-14-PM,-0.3,1.876,-0.2,1.876,-0.3,1.78,0.0,1.74,0.0,1.66,-0.2,1.692,-0.2,1.464,-0.4,1.696
05-01-2026-Fri 14-31-16-PM,-0.2,1.868,-0.5,1.868,0.2,1.772,0.0,1.732,-0.2,1.66,-0.3,1.688,-0.3,1.46,0.0,1.688
05-01-2026-Fri 14-31-17-PM,-0.1,1.86,-0.2,1.86,-0.2,1.768,-0.2,1.72,-0.5,1.648,-0.1,1.676,-0.2,1.456,0.1,1.684
05-01-2026-Fri 14-31-19-PM,-0.3,1.852,0.0,1.856,-0.3,1.756,-0.3,1.712,-0.3,1.644,-0.1,1.672,-0.3,1.448,0.0,1.676
05-01-2026-Fri 14-31-20-PM,-0.2,1.844,-0.3,1.848,-0.1,1.748,0.1,1.708,-0.4,1.64,-0.1,1.664,-0.4,1.444,0.1,1.668
05-01-2026-Fri 14-31-22-PM,-0.2,1.84,-0.2,1.84,-0.3,1.74,-0.3,1.7,-0.1,1.632,0.0,1.66,-0.2,1.436,0.0,1.664
05-01-2026-Fri 14-31-25-PM,-0.1,1.824,-0.4,1.828,-0.2,1.724,0.0,1.684,-0.3,1.624,0.1,1.648,0.0,1.432,0.0,1.652
05-01-2026-Fri 14-31-28-PM,-0.2,1.812,-0.4,1.816,-0.2,1.712,-0.2,1.676,-0.2,1.612,-0.1,1.636,-0.4,1.42,0.1,1.64
05-01-2026-Fri 14-31-29-PM,-0.1,1.8,-0.3,1.808,0.1,1.7,0.0,1.664,-0.2,1.604,-0.1,1.628,-0.1,1.416,-0.4,1.632
05-01-2026-Fri 14-31-30-PM,-0.2,1.796,-0.3,1.8,-0.1,1.696,-0.1,1.656,-0.1,1.6,0.0,1.62,-0.2,1.412,-0.2,1.624
05-01-2026-Fri 14-31-32-PM,-0.1,1.788,-0.1,1.796,-0.2,1.688,-0.4,1.652,-0.3,1.592,-0.1,1.616,-0.2,1.408,0.3,1.62
05-01-2026-Fri 14-31-33-PM,-0.4,1.784,-0.2,1.792,-0.2,1.684,0.0,1.64,-0.2,1.592,0.2,1.612,-0.3,1.404,-0.1,1.616
05-01-2026-Fri 14-31-35-PM,-0.2,1.78,-0.3,1.784,-0.1,1.676,0.1,1.636,-0.2,1.588,0.1,1.604,-0.1,1.396,-0.1,1.612
05-01-2026-Fri 14-31-36-PM,-0.3,1.772,-0.2,1.784,0.2,1.672,0.0,1.632,-0.4,1.58,-0.2,1.604,-0.4,1.396,0.0,1.608
05-01-2026-Fri 14-31-37-PM,0.0,1.768,-0.5,1.776,-0.3,1.668,0.1,1.628,-0.4,1.58,0.1,1.596,-0.3,1.392,-0.2,1.6
05-01-2026-Fri 14-31-39-PM,-0.1,1.764,-0.1,1.772,-0.1,1.664,-0.2,1.624,-0.2,1.58,0.1,1.596,0.0,1.388,0.0,1.6
05-01-2026-Fri 14-31-40-PM,0.4,1.76,-0.3,1.768,0.1,1.656,-0.1,1.616,-0.3,1.572,-0.1,1.588,0.3,1.388,-0.1,1.592
05-01-2026-Fri 14-31-42-PM,-0.4,1.752,-0.3,1.764,0.1,1.652,-0.1,1.612,-0.3,1.568,0.0,1.58,-0.1,1.384,-0.3,1.588
05-01-2026-Fri 14-31-43-PM,-0.4,1.748,-0.2,1.756,0.3,1.644,0.1,1.612,-0.5,1.564,0.0,1.58,-0.3,1.38,0.0,1.584
05-01-2026-Fri 14-31-44-PM,-0.1,1.744,-0.3,1.752,-0.3,1.644,-0.1,1.6,-0.2,1.56,-0.1,1.576,0.0,1.38,-0.2,1.58
05-01-2026-Fri 14-31-46-PM,-0.2,1.74,-0.3,1.748,-0.2,1.632,-0.1,1.6,-0.2,1.556,-0.2,1.572,0.0,1.372,0.0,1.58
05-01-2026-Fri 14-31-47-PM,-0.1,1.732,-0.3,1.744,-0.2,1.632,-0.3,1.592,-0.1,1.556,-0.1,1.568,0.1,1.372,-0.1,1.572
05-01-2026-Fri 14-31-49-PM,-0.2,1.728,-0.4,1.74,0.0,1.628,-0.2,1.588,-0.3,1.552,0.3,1.568,0.1,1.372,0.1,1.568
05-01-2026-Fri 14-31-50-PM,-0.3,1.724,-0.2,1.736,0.0,1.62,-0.1,1.584,-0.3,1.548,-0.2,1.56,-0.5,1.368,-0.1,1.564
05-01-2026-Fri 14-31-51-PM,-0.1,1.72,-0.2,1.728,0.0,1.616,0.1,1.58,0.1,1.544,0.0,1.552,0.2,1.364,-0.2,1.56
05-01-2026-Fri 14-31-53-PM,-0.1,1.716,-0.2,1.728,0.0,1.612,-0.1,1.576,-0.4,1.54,0.0,1.552,-0.6,1.364,0.0,1.556
05-01-2026-Fri 14-31-54-PM,0.1,1.712,-0.4,1.724,0.1,1.608,0.3,1.572,-0.6,1.54,0.0,1.548,-0.3,1.356,0.0,1.552
05-01-2026-Fri 14-31-56-PM,-0.3,1.704,-0.2,1.72,0.0,1.604,-0.5,1.564,-0.1,1.532,-0.1,1.548,-0.2,1.356,0.0,1.552
05-01-2026-Fri 14-31-57-PM,-0.1,1.7,-0.3,1.716,-0.1,1.604,-0.1,1.564,-0.4,1.532,-0.1,1.544,-0.3,1.352,0.0,1.544
05-01-2026-Fri 14-31-58-PM,-0.3,1.696,-0.2,1.712,0.1,1.596,-0.2,1.56,-0.4,1.528,0.0,1.54,0.1,1.352,0.1,1.544
05-01-2026-Fri 14-32-00-PM,-0.2,1.696,-0.2,1.708,-0.3,1.592,0.1,1.552,-0.3,1.524,0.0,1.54,-0.2,1.344,-0.2,1.54
05-01-2026-Fri 14-32-01-PM,-0.3,1.692,-0.4,1.704,-0.1,1.588,-0.2,1.548,-0.1,1.52,0.0,1.532,-0.2,1.344,0.1,1.536
05-01-2026-Fri 14-32-03-PM,-0.5,1.684,-0.3,1.7,-0.1,1.584,0.0,1.548,-0.3,1.52,-0.1,1.532,-0.2,1.34,-0.2,1.536
05-01-2026-Fri 14-32-04-PM,0.0,1.684,-0.3,1.696,-0.2,1.58,-0.2,1.54,-0.1,1.516,0.1,1.524,-0.1,1.34,-0.1,1.532
05-01-2026-Fri 14-32-05-PM,-0.2,1.676,-0.2,1.692,0.0,1.572,-0.2,1.544,-0.2,1.516,0.0,1.524,-0.2,1.34,-0.1,1.528
05-01-2026-Fri 14-32-07-PM,Power On
05-01-2026-Fri 14-32-08-PM,0.4,5.28,0.1,5.284,0.4,5.276,0.3,5.284,0.3,5.28,0.4,5.28,0.2,5.268,0.6,5.28
05-01-2026-Fri 14-32-11-PM,0.6,5.28,0.2,5.284,0.3,5.276,0.4,5.28,0.1,5.28,0.6,5.28,0.3,5.268,0.2,5.28
05-01-2026-Fri 14-32-12-PM,0.4,5.28,0.2,5.284,0.2,5.276,0.4,5.28,0.0,5.28,0.2,5.276,0.0,5.268,0.4,5.28
05-01-2026-Fri 14-32-14-PM,Power Off
05-01-2026-Fri 14-32-15-PM,-0.2,2.364,-0.4,2.288,0.3,2.236,0.0,2.216,-0.3,2.056,0.2,2.076,-0.5,1.744,-0.3,2.096
05-01-2026-Fri 14-32-17-PM,-0.2,2.248,-0.3,2.2,-0.1,2.128,0.1,2.088,-0.3,1.956,0.1,1.976,-0.1,1.656,0.0,1.996
05-01-2026-Fri 14-32-18-PM,-0.2,2.172,-0.1,2.14,-0.4,2.056,-0.2,2.016,-0.3,1.892,-0.3,1.916,0.0,1.608,-0.1,1.928
05-01-2026-Fri 14-32-19-PM,-0.3,2.116,-0.3,2.1,-0.2,2.008,-0.1,1.964,0.0,1.844,0.0,1.872,0.0,1.568,-0.2,1.884
05-01-2026-Fri 14-32-21-PM,-0.3,2.072,-0.3,2.064,0.0,1.968,-0.2,1.92,-0.2,1.808,0.0,1.832,-0.3,1.54,-0.1,1.844
05-01-2026-Fri 14-32-22-PM,-0.2,2.036,-0.5,2.032,0.0,1.936,-0.3,1.888,-0.2,1.78,-0.1,1.808,-0.2,1.52,-0.2,1.816
05-01-2026-Fri 14-32-24-PM,0.2,2.008,-0.1,2.0,-0.2,1.908,-0.1,1.86,-0.2,1.752,0.0,1.78,-0.3,1.504,-0.3,1.788
05-01-2026-Fri 14-32-25-PM,-0.3,1.98,-0.1,1.98,0.0,1.88,-0.2,1.836,-0.4,1.732,0.0,1.76,-0.5,1.488,-0.3,1.768
05-01-2026-Fri 14-32-26-PM,-0.4,1.952,-0.2,1.956,-0.3,1.86,-0.1,1.808,0.2,1.708,-0.2,1.736,-0.3,1.468,-0.1,1.74
05-01-2026-Fri 14-32-28-PM,-0.5,1.932,-0.3,1.94,0.0,1.836,-0.3,1.792,-0.3,1.692,0.0,1.716,-0.1,1.456,-0.2,1.724
05-01-2026-Fri 14-32-29-PM,-0.2,1.92,-0.3,1.92,0.2,1.82,0.0,1.776,-0.2,1.684,-0.3,1.704,-0.3,1.448,0.2,1.712
05-01-2026-Fri 14-32-31-PM,-0.3,1.904,-0.2,1.908,-0.3,1.808,0.0,1.76,-0.4,1.664,0.2,1.692,0.1,1.44,0.1,1.696
05-01-2026-Fri 14-32-32-PM,-0.2,1.888,-0.3,1.892,-0.2,1.792,-0.1,1.744,-0.3,1.656,0.0,1.68,0.0,1.432,0.1,1.684
05-01-2026-Fri 14-32-33-PM,-0.1,1.876,-0.1,1.884,0.2,1.78,-0.1,1.732,-0.2,1.644,0.2,1.668,-0.3,1.42,0.0,1.672
05-01-2026-Fri 14-32-35-PM,-0.2,1.86,-0.3,1.872,-0.1,1.768,0.1,1.72,0.1,1.632,0.2,1.66,-0.2,1.416,-0.1,1.664
05-01-2026-Fri 14-32-36-PM,-0.4,1.848,-0.2,1.856,-0.1,1.756,-0.1,1.708,-0.4,1.624,-0.2,1.648,-0.2,1.408,-0.3,1.652
05-01-2026-Fri 14-32-38-PM,-0.3,1.84,-0.1,1.848,0.0,1.744,-0.2,1.696,-0.5,1.616,0.0,1.64,-0.1,1.4,0.0,1.644
05-01-2026-Fri 14-32-39-PM,-0.2,1.832,-0.2,1.84,0.0,1.732,-0.2,1.688,-0.4,1.608,-0.5,1.632,0.0,1.396,0.0,1.632
05-01-2026-Fri 14-32-40-PM,-0.1,1.82,-0.5,1.828,-0.2,1.724,0.0,1.672,-0.4,1.6,0.1,1.624,-0.2,1.388,0.0,1.624
05-01-2026-Fri 14-32-42-PM,-0.2,1.808,-0.4,1.82,-0.1,1.712,-0.1,1.668,0.0,1.592,-0.1,1.612,-0.2,1.384,0.0,1.612
05-01-2026-Fri 14-32-43-PM,Power On
05-01-2026-Fri 14-32-44-PM,0.5,5.276,0.2,5.284,0.3,5.272,0.3,5.28,0.2,5.28,0.3,5.28,0.2,5.272,0.4,5.28
05-01-2026-Fri 14-32-46-PM,0.3,5.28,0.2,5.284,0.3,5.276,0.4,5.28,0.4,5.28,0.3,5.276,0.1,5.268,0.2,5.28
05-01-2026-Fri 14-32-47-PM,0.2,5.28,0.6,5.28,0.4,5.276,0.5,5.284,0.2,5.276,0.4,5.276,-0.1,5.268,0.2,5.284
05-01-2026-Fri 14-32-49-PM,0.5,5.28,-0.1,5.284,0.2,5.272,0.2,5.284,0.0,5.28,0.5,5.276,0.0,5.268,0.1,5.28
05-01-2026-Fri 14-32-51-PM,0.5,5.276,0.4,5.284,0.5,5.272,0.1,5.28,0.1,5.276,0.4,5.28,0.0,5.268,0.2,5.28
05-01-2026-Fri 14-32-53-PM,Power Off
05-01-2026-Fri 14-32-55-PM,-0.2,2.492,-0.3,2.392,-0.1,2.364,-0.3,2.332,-0.4,2.156,0.0,2.196,-0.2,1.836,-0.1,2.22
05-01-2026-Fri 14-32-58-PM,-0.3,2.3,0.0,2.236,0.0,2.192,-0.1,2.144,-0.5,1.984,0.0,2.028,-0.2,1.692,-0.1,2.052
05-01-2026-Fri 14-33-00-PM,-0.3,2.204,-0.3,2.156,-0.2,2.1,0.0,2.048,-0.4,1.9,-0.1,1.94,-0.4,1.62,-0.2,1.956
05-01-2026-Fri 14-33-01-PM,-0.4,2.164,-0.5,2.128,-0.2,2.064,0.0,2.016,-0.1,1.868,-0.1,1.908,-0.3,1.596,0.0,1.924
05-01-2026-Fri 14-33-03-PM,-0.1,2.128,-0.4,2.1,0.0,2.028,-0.2,1.988,-0.1,1.84,0.0,1.88,-0.1,1.576,0.0,1.896
05-01-2026-Fri 14-33-04-PM,-0.3,2.1,-0.3,2.076,-0.2,2.008,-0.3,1.96,0.1,1.816,-0.1,1.856,-0.2,1.556,0.0,1.868
05-01-2026-Fri 14-33-06-PM,-0.5,2.072,-0.3,2.048,-0.2,1.976,0.0,1.924,-0.4,1.788,0.1,1.832,0.0,1.536,0.0,1.84
05-01-2026-Fri 14-33-07-PM,-0.4,2.048,-0.5,2.028,-0.3,1.956,-0.2,1.908,-0.4,1.772,-0.1,1.812,0.1,1.52,0.1,1.82
05-01-2026-Fri 14-33-09-PM,-0.1,2.024,-0.4,2.012,-0.2,1.936,0.0,1.888,-0.3,1.756,0.1,1.796,0.0,1.508,0.1,1.8
05-01-2026-Fri 14-33-10-PM,-0.2,2.008,-0.2,1.996,-0.1,1.916,-0.1,1.868,-0.5,1.74,-0.1,1.776,-0.3,1.5,-0.2,1.788
05-01-2026-Fri 14-33-12-PM,-0.3,1.988,-0.2,1.976,0.1,1.896,-0.3,1.848,-0.3,1.72,-0.1,1.76,-0.3,1.48,0.0,1.764
05-01-2026-Fri 14-33-13-PM,-0.3,1.968,-0.4,1.96,0.0,1.88,-0.2,1.832,-0.2,1.708,0.0,1.748,-0.2,1.476,0.1,1.752
05-01-2026-Fri 14-33-15-PM,-0.2,1.956,-0.4,1.948,0.1,1.864,-0.3,1.82,-0.3,1.7,0.1,1.736,-0.3,1.464,0.3,1.74
05-01-2026-Fri 14-33-16-PM,-0.5,1.94,-0.3,1.936,-0.3,1.852,0.2,1.804,-0.4,1.684,-0.2,1.724,-0.3,1.456,-0.1,1.728
05-01-2026-Fri 14-33-18-PM,-0.5,1.928,-0.3,1.924,0.0,1.836,-0.2,1.792,-0.4,1.672,0.0,1.712,-0.2,1.444,0.2,1.716
05-01-2026-Fri 14-33-19-PM,-0.2,1.912,-0.2,1.912,0.0,1.824,-0.1,1.776,-0.5,1.668,-0.1,1.696,0.0,1.44,0.1,1.7
05-01-2026-Fri 14-33-20-PM,-0.3,1.904,-0.2,1.896,0.1,1.812,-0.3,1.764,0.0,1.656,0.0,1.688,-0.2,1.432,0.0,1.692
05-01-2026-Fri 14-33-22-PM,-0.3,1.896,-0.5,1.888,-0.1,1.8,-0.4,1.752,-0.1,1.644,0.0,1.68,-0.3,1.424,0.0,1.68
05-01-2026-Fri 14-33-23-PM,-0.1,1.88,-0.1,1.876,-0.2,1.788,-0.2,1.74,-0.5,1.64,0.2,1.668,-0.3,1.42,-0.2,1.676
05-01-2026-Fri 14-33-24-PM,-0.3,1.872,-0.3,1.868,-0.1,1.776,-0.3,1.732,-0.6,1.632,0.0,1.66,-0.1,1.412,-0.1,1.664
05-01-2026-Fri 14-33-26-PM,-0.2,1.86,-0.2,1.86,0.1,1.764,0.0,1.724,-0.2,1.624,-0.1,1.652,-0.1,1.408,-0.2,1.656
05-01-2026-Fri 14-33-27-PM,0.0,1.852,-0.4,1.852,-0.1,1.756,-0.3,1.708,-0.1,1.616,0.1,1.648,0.0,1.404,0.0,1.648
05-01-2026-Fri 14-33-29-PM,0.0,1.844,-0.3,1.844,-0.1,1.748,-0.2,1.7,-0.1,1.608,0.0,1.636,-0.2,1.4,0.0,1.644
05-01-2026-Fri 14-33-30-PM,-0.2,1.832,-0.3,1.836,-0.1,1.74,-0.2,1.696,-0.2,1.6,0.0,1.632,-0.3,1.392,0.0,1.636
05-01-2026-Fri 14-33-31-PM,-0.3,1.828,-0.3,1.828,-0.2,1.728,0.0,1.688,-0.3,1.596,-0.3,1.624,-0.3,1.388,-0.1,1.628
05-01-2026-Fri 14-33-33-PM,0.1,1.816,-0.4,1.82,0.0,1.72,0.1,1.676,-0.3,1.588,-0.1,1.62,-0.2,1.384,-0.1,1.62
05-01-2026-Fri 14-33-35-PM,-0.2,1.808,-0.4,1.808,-0.1,1.712,-0.1,1.664,-0.2,1.584,-0.1,1.604,0.0,1.376,-0.1,1.616
05-01-2026-Fri 14-33-36-PM,-0.3,1.8,-0.1,1.8,-0.3,1.704,0.1,1.66,-0.5,1.576,0.0,1.6,0.2,1.372,0.0,1.608
05-01-2026-Fri 14-33-37-PM,-0.3,1.796,-0.2,1.796,-0.2,1.696,0.0,1.652,-0.1,1.572,0.0,1.596,-0.1,1.372,-0.1,1.6
05-01-2026-Fri 14-33-39-PM,-0.1,1.788,-0.5,1.792,-0.2,1.688,0.1,1.644,-0.3,1.568,-0.2,1.592,-0.2,1.364,0.0,1.596
05-01-2026-Fri 14-33-40-PM,0.1,1.78,-0.3,1.784,0.0,1.68,-0.3,1.64,-0.5,1.56,-0.1,1.58,0.0,1.364,0.0,1.588
05-01-2026-Fri 14-33-42-PM,0.2,1.776,-0.2,1.776,-0.1,1.676,-0.1,1.628,0.2,1.556,0.1,1.58,-0.1,1.356,-0.3,1.584
05-01-2026-Fri 14-33-43-PM,-0.1,1.768,-0.3,1.772,-0.2,1.664,-0.1,1.624,-0.1,1.552,0.1,1.572,-0.3,1.352,0.2,1.58
05-01-2026-Fri 14-33-44-PM,-0.2,1.76,-0.2,1.764,-0.1,1.664,-0.1,1.62,-0.1,1.544,-0.2,1.568,-0.2,1.352,-0.1,1.572
05-01-2026-Fri 14-33-46-PM,Power On
05-01-2026-Fri 14-33-47-PM,0.4,5.28,0.1,5.284,0.5,5.272,0.4,5.28,0.1,5.28,0.1,5.276,0.2,5.268,0.3,5.28
05-01-2026-Fri 14-33-48-PM,0.4,5.28,0.3,5.28,0.5,5.276,0.3,5.28,-0.2,5.28,0.4,5.28,0.0,5.268,0.1,5.276
05-01-2026-Fri 14-33-50-PM,Power Off
05-01-2026-Fri 14-33-51-PM,-0.3,2.252,-0.2,2.18,-0.1,2.116,-0.5,2.092,-0.2,1.92,-0.1,1.944,0.0,1.616,0.0,1.952
05-01-2026-Fri 14-33-52-PM,-0.2,2.136,-0.2,2.096,-0.1,2.016,-0.1,1.976,-0.4,1.828,-0.1,1.852,-0.1,1.544,-0.3,1.868
05-01-2026-Fri 14-33-54-PM,-0.3,2.072,-0.3,2.048,0.0,1.956,-0.1,1.912,-0.4,1.776,-0.4,1.804,-0.1,1.508,-0.2,1.812
05-01-2026-Fri 14-33-55-PM,-0.3,2.02,-0.2,2.012,0.1,1.916,-0.1,1.872,0.0,1.74,0.0,1.764,-0.1,1.48,0.0,1.78
05-01-2026-Fri 14-33-57-PM,-0.2,1.988,-0.5,1.976,0.0,1.88,-0.2,1.832,-0.6,1.712,-0.1,1.74,-0.1,1.46,-0.2,1.752
05-01-2026-Fri 14-33-58-PM,0.1,1.964,-0.3,1.948,-0.2,1.852,0.0,1.808,0.0,1.692,-0.1,1.72,0.0,1.444,-0.1,1.724
05-01-2026-Fri 14-33-59-PM,0.1,1.936,-0.6,1.928,0.0,1.832,-0.2,1.784,-0.1,1.672,0.1,1.7,-0.2,1.428,-0.1,1.708
05-01-2026-Fri 14-34-01-PM,-0.2,1.916,-0.2,1.908,0.0,1.812,0.0,1.768,-0.3,1.656,0.2,1.684,0.1,1.416,0.0,1.692
05-01-2026-Fri 14-34-02-PM,-0.1,1.896,-0.2,1.896,-0.3,1.792,0.1,1.748,-0.4,1.644,0.1,1.668,0.0,1.408,0.0,1.672
05-01-2026-Fri 14-34-04-PM,-0.2,1.88,-0.3,1.88,-0.1,1.776,-0.1,1.732,-0.3,1.624,-0.3,1.656,-0.3,1.4,0.0,1.66
05-01-2026-Fri 14-34-05-PM,-0.1,1.864,-0.3,1.864,-0.1,1.764,0.1,1.716,-0.2,1.612,0.0,1.644,-0.2,1.392,0.0,1.648
05-01-2026-Fri 14-34-06-PM,-0.1,1.852,-0.2,1.852,0.1,1.752,-0.2,1.704,-0.2,1.608,-0.2,1.628,0.0,1.384,0.0,1.636
05-01-2026-Fri 14-34-08-PM,-0.1,1.84,-0.4,1.836,-0.1,1.736,0.1,1.692,-0.5,1.596,0.0,1.62,-0.3,1.38,-0.1,1.628
05-01-2026-Fri 14-34-09-PM,0.1,1.828,-0.2,1.828,0.0,1.728,0.0,1.68,-0.3,1.588,-0.1,1.608,0.0,1.376,0.0,1.62
05-01-2026-Fri 14-34-11-PM,-0.1,1.816,-0.5,1.816,-0.3,1.716,0.0,1.672,-0.2,1.58,-0.3,1.6,-0.2,1.368,0.2,1.612
05-01-2026-Fri 14-34-12-PM,-0.2,1.808,-0.4,1.808,0.0,1.704,-0.2,1.656,-0.3,1.572,0.0,1.592,-0.1,1.36,-0.2,1.6
05-01-2026-Fri 14-34-13-PM,0.0,1.796,-0.4,1.796,-0.2,1.696,0.0,1.648,-0.3,1.564,0.0,1.584,-0.2,1.36,0.2,1.592
05-01-2026-Fri 14-34-15-PM,-0.3,1.788,-0.3,1.788,-0.1,1.684,-0.1,1.64,-0.5,1.556,0.2,1.58,-0.2,1.352,-0.3,1.584
05-01-2026-Fri 14-34-16-PM,-0.2,1.776,-0.2,1.784,0.0,1.68,-0.1,1.632,-0.2,1.552,0.2,1.572,-0.2,1.348,-0.3,1.58
05-01-2026-Fri 14-34-18-PM,-0.3,1.768,-0.4,1.776,0.1,1.668,-0.3,1.624,-0.2,1.548,-0.2,1.56,-0.2,1.344,-0.1,1.572
05-01-2026-Fri 14-34-19-PM,-0.2,1.76,-0.2,1.764,0.1,1.66,-0.1,1.616,-0.2,1.54,-0.2,1.56,0.0,1.336,-0.1,1.568
05-01-2026-Fri 14-34-20-PM,-0.1,1.752,-0.4,1.756,0.0,1.652,-0.2,1.608,0.1,1.536,0.0,1.552,0.0,1.336,0.2,1.56
05-01-2026-Fri 14-34-22-PM,-0.2,1.748,-0.4,1.752,-0.1,1.644,-0.4,1.6,-0.3,1.528,-0.3,1.548,-0.2,1.332,-0.2,1.556
05-01-2026-Fri 14-34-23-PM,-0.2,1.74,-0.2,1.744,0.0,1.636,-0.1,1.596,-0.3,1.528,-0.1,1.54,-0.1,1.328,0.1,1.548
05-01-2026-Fri 14-34-25-PM,0.1,1.732,-0.3,1.736,-0.1,1.632,0.0,1.588,-0.5,1.52,0.0,1.536,-0.1,1.328,0.1,1.544
05-01-2026-Fri 14-34-26-PM,-0.4,1.728,-0.3,1.732,-0.2,1.628,0.2,1.584,-0.4,1.512,-0.2,1.532,-0.2,1.32,-0.1,1.54
05-01-2026-Fri 14-34-27-PM,-0.1,1.72,-0.2,1.724,-0.3,1.616,0.1,1.576,-0.1,1.512,-0.3,1.524,-0.2,1.32,-0.2,1.536
05-01-2026-Fri 14-34-29-PM,-0.2,1.716,-0.4,1.724,-0.1,1.612,0.0,1.572,-0.1,1.508,0.0,1.52,0.1,1.316,-0.2,1.528
05-01-2026-Fri 14-34-30-PM,-0.4,1.708,-0.2,1.716,0.0,1.604,-0.2,1.564,-0.2,1.504,0.1,1.516,-0.1,1.312,-0.1,1.524
05-01-2026-Fri 14-34-32-PM,-0.1,1.704,-0.1,1.708,0.0,1.6,-0.2,1.556,0.0,1.5,-0.2,1.516,-0.1,1.308,0.0,1.524
05-01-2026-Fri 14-34-33-PM,-0.2,1.7,-0.5,1.7,0.1,1.596,-0.2,1.552,-0.2,1.496,-0.2,1.512,-0.1,1.308,-0.1,1.52
05-01-2026-Fri 14-34-35-PM,-0.3,1.696,-0.4,1.7,0.0,1.592,-0.2,1.548,-0.1,1.492,-0.1,1.504,0.0,1.304,-0.1,1.512
05-01-2026-Fri 14-34-36-PM,-0.3,1.692,-0.4,1.696,0.1,1.584,-0.3,1.544,-0.3,1.488,0.1,1.5,-0.2,1.3,0.0,1.508
05-01-2026-Fri 14-34-37-PM,0.0,1.684,-0.3,1.688,-0.2,1.576,0.1,1.54,-0.2,1.484,-0.2,1.496,-0.1,1.3,-0.1,1.504
05-01-2026-Fri 14-34-39-PM,-0.4,1.68,-0.1,1.684,-0.1,1.572,0.1,1.532,-0.3,1.484,0.0,1.492,-0.4,1.3,-0.2,1.5
05-01-2026-Fri 14-34-40-PM,-0.2,1.676,-0.2,1.684,-0.2,1.572,-0.2,1.532,-0.3,1.476,-0.1,1.492,-0.3,1.3,-0.1,1.496
05-01-2026-Fri 14-34-42-PM,-0.3,1.668,-0.3,1.676,-0.2,1.564,-0.1,1.528,-0.3,1.476,0.0,1.488,-0.5,1.292,-0.3,1.496
05-01-2026-Fri 14-34-43-PM,-0.3,1.664,-0.1,1.672,0.1,1.56,-0.1,1.524,-0.5,1.468,-0.1,1.484,-0.1,1.292,-0.1,1.492
05-01-2026-Fri 14-34-44-PM,-0.5,1.66,-0.3,1.668,0.2,1.556,-0.1,1.516,-0.5,1.472,0.1,1.48,-0.1,1.288,-0.1,1.488
05-01-2026-Fri 14-34-46-PM,-0.2,1.656,0.1,1.664,-0.1,1.552,0.0,1.512,-0.3,1.468,0.1,1.476,-0.4,1.288,0.0,1.488
05-01-2026-Fri 14-34-47-PM,-0.2,1.652,-0.2,1.66,-0.1,1.548,-0.2,1.508,-0.1,1.464,0.2,1.472,-0.2,1.288,0.0,1.48
05-01-2026-Fri 14-34-49-PM,0.1,1.648,-0.3,1.656,-0.1,1.544,0.1,1.504,0.0,1.46,-0.3,1.468,-0.1,1.28,0.0,1.48
05-01-2026-Fri 14-34-50-PM,0.0,1.644,-0.1,1.652,-0.2,1.54,0.0,1.504,-0.4,1.456,-0.1,1.468,-0.2,1.284,-0.1,1.476
05-01-2026-Fri 14-34-52-PM,0.0,1.64,-0.3,1.648,-0.2,1.536,-0.1,1.5,-0.6,1.456,0.0,1.464,-0.2,1.284,0.0,1.472
05-01-2026-Fri 14-34-53-PM,0.0,1.636,-0.4,1.644,-0.1,1.532,-0.2,1.492,-0.4,1.452,0.0,1.46,0.0,1.28,-0.1,1.472
05-01-2026-Fri 14-34-54-PM,-0.1,1.632,0.0,1.64,0.0,1.524,-0.1,1.488,-0.2,1.452,-0.1,1.46,0.0,1.276,-0.2,1.464
05-01-2026-Fri 14-34-56-PM,-0.3,1.624,-0.1,1.636,-0.1,1.524,-0.1,1.484,-0.3,1.448,0.3,1.456,-0.3,1.276,-0.2,1.464
05-01-2026-Fri 14-34-57-PM,-0.3,1.62,-0.1,1.636,-0.1,1.524,-0.1,1.484,-0.7,1.448,0.0,1.452,-0.3,1.276,0.1,1.464
05-01-2026-Fri 14-34-59-PM,-0.1,1.62,-0.3,1.628,0.0,1.516,0.0,1.48,-0.5,1.444,0.0,1.452,-0.4,1.272,0.1,1.464
05-01-2026-Fri 14-35-00-PM,-0.1,1.616,-0.5,1.624,0.1,1.512,-0.3,1.476,-0.2,1.44,-0.1,1.448,0.1,1.272,-0.2,1.46
05-01-2026-Fri 14-35-01-PM,0.0,1.612,-0.2,1.624,0.1,1.508,0.0,1.472,-0.3,1.44,-0.1,1.448,-0.3,1.268,0.0,1.456
05-01-2026-Fri 14-35-03-PM,-0.1,1.612,-0.2,1.62,-0.3,1.508,0.0,1.468,0.0,1.44,0.1,1.444,-0.2,1.268,-0.1,1.452
05-01-2026-Fri 14-35-04-PM,-0.4,1.608,-0.4,1.616,-0.1,1.504,-0.3,1.464,-0.2,1.436,0.1,1.44,-0.4,1.264,-0.2,1.452
05-01-2026-Fri 14-35-06-PM,-0.3,1.604,-0.5,1.612,-0.2,1.5,-0.1,1.464,-0.5,1.432,-0.1,1.44,-0.3,1.264,0.1,1.448
05-01-2026-Fri 14-35-07-PM,-0.1,1.6,-0.2,1.608,-0.2,1.496,-0.1,1.456,-0.3,1.432,0.1,1.436,-0.3,1.264,0.0,1.444
05-01-2026-Fri 14-35-08-PM,-0.1,1.596,-0.1,1.608,0.0,1.492,0.0,1.456,-0.3,1.428,-0.1,1.432,-0.4,1.264,0.2,1.444
05-01-2026-Fri 14-35-10-PM,0.1,1.592,-0.1,1.604,0.0,1.488,-0.2,1.452,-0.2,1.428,0.0,1.432,-0.1,1.264,-0.1,1.444
05-01-2026-Fri 14-35-11-PM,-0.3,1.592,-0.4,1.6,-0.1,1.488,0.1,1.448,-0.2,1.424,0.0,1.432,-0.1,1.26,0.1,1.44
05-01-2026-Fri 14-35-13-PM,-0.1,1.588,-0.5,1.596,-0.1,1.488,-0.1,1.448,0.0,1.424,-0.3,1.428,-0.2,1.26,0.0,1.436
05-01-2026-Fri 14-35-14-PM,0.0,1.584,-0.3,1.596,-0.2,1.48,0.1,1.444,-0.7,1.424,-0.1,1.424,-0.1,1.256,-0.1,1.44
05-01-2026-Fri 14-35-15-PM,-0.3,1.58,-0.3,1.592,-0.2,1.48,-0.3,1.44,-0.3,1.42,-0.1,1.424,-0.2,1.256,0.0,1.436
05-01-2026-Fri 14-35-17-PM,-0.2,1.58,-0.2,1.588,0.0,1.476,-0.2,1.44,-0.2,1.416,-0.2,1.424,-0.1,1.256,-0.3,1.428
05-01-2026-Fri 14-35-18-PM,0.2,1.576,-0.3,1.584,-0.2,1.472,-0.2,1.436,-0.2,1.416,-0.3,1.416,0.1,1.252,-0.1,1.432
05-01-2026-Fri 14-35-20-PM,-0.1,1.572,-0.2,1.584,-0.2,1.472,-0.1,1.432,-0.2,1.412,-0.1,1.416,-0.2,1.256,0.2,1.428
05-01-2026-Fri 14-35-21-PM,-0.2,1.568,0.0,1.584,-0.2,1.468,-0.1,1.432,-0.1,1.412,0.0,1.416,-0.2,1.248,-0.1,1.424
05-01-2026-Fri 14-35-22-PM,0.0,1.568,-0.3,1.58,0.3,1.464,0.0,1.428,-0.4,1.412,0.0,1.412,-0.2,1.248,0.0,1.424
05-01-2026-Fri 14-35-24-PM,Power On
05-01-2026-Fri 14-35-25-PM,0.4,5.28,0.2,5.28,0.6,5.276,0.3,5.28,0.4,5.276,0.2,5.28,0.1,5.268,0.5,5.28
05-01-2026-Fri 14-35-26-PM,0.3,5.28,-0.2,5.28,0.2,5.276,0.1,5.28,0.0,5.28,0.3,5.276,0.1,5.268,0.4,5.28
05-01-2026-Fri 14-35-28-PM,0.3,5.284,-0.1,5.284,0.4,5.276,0.1,5.28,0.2,5.28,0.2,5.28,0.0,5.268,0.4,5.284
05-01-2026-Fri 14-35-29-PM,0.3,5.276,0.1,5.284,0.3,5.272,0.3,5.28,-0.2,5.28,0.5,5.28,0.2,5.268,0.3,5.28
05-01-2026-Fri 14-35-30-PM,0.4,5.284,0.1,5.284,0.5,5.276,0.3,5.28,-0.1,5.28,0.2,5.28,-0.1,5.268,0.5,5.28
05-01-2026-Fri 14-35-32-PM,0.5,5.276,0.2,5.284,0.7,5.276,0.0,5.284,0.1,5.276,0.4,5.276,0.1,5.268,0.1,5.28
05-01-2026-Fri 14-35-33-PM,Power Off
05-01-2026-Fri 14-35-35-PM,-0.4,2.296,-0.2,2.212,0.0,2.148,-0.1,2.124,-0.1,1.96,0.1,1.968,-0.2,1.632,0.1,2.0
05-01-2026-Fri 14-35-36-PM,-0.2,2.18,-0.2,2.124,-0.1,2.04,-0.3,2.004,-0.3,1.864,-0.1,1.872,-0.1,1.556,0.2,1.9
05-01-2026-Fri 14-35-37-PM,-0.2,2.104,-0.4,2.064,-0.1,1.972,0.2,1.932,-0.2,1.8,-0.1,1.812,-0.3,1.512,0.0,1.84
05-01-2026-Fri 14-35-39-PM,0.2,2.048,-0.1,2.02,-0.1,1.92,-0.1,1.88,-0.2,1.756,0.0,1.768,0.0,1.476,0.0,1.792
05-01-2026-Fri 14-35-40-PM,-0.6,2.004,-0.5,1.98,-0.2,1.884,-0.2,1.832,-0.1,1.72,0.0,1.736,-0.1,1.452,-0.2,1.76
05-01-2026-Fri 14-35-41-PM,-0.1,1.972,-0.4,1.952,-0.1,1.852,0.1,1.804,-0.2,1.692,0.1,1.708,-0.7,1.432,0.0,1.728
05-01-2026-Fri 14-35-43-PM,-0.3,1.94,-0.2,1.928,0.0,1.824,0.1,1.776,-0.4,1.668,0.0,1.684,0.0,1.412,0.0,1.704
05-01-2026-Fri 14-35-44-PM,-0.1,1.912,0.0,1.904,-0.3,1.804,0.0,1.752,-0.2,1.648,0.0,1.664,-0.1,1.404,-0.3,1.68
05-01-2026-Fri 14-35-46-PM,-0.2,1.892,-0.2,1.884,0.1,1.78,-0.2,1.732,-0.3,1.628,0.0,1.648,-0.1,1.388,-0.1,1.66
05-01-2026-Fri 14-35-47-PM,-0.1,1.868,-0.2,1.864,0.0,1.76,-0.2,1.712,-0.2,1.612,-0.1,1.632,-0.4,1.38,0.0,1.648
05-01-2026-Fri 14-35-48-PM,-0.1,1.852,-0.3,1.848,-0.1,1.744,-0.4,1.692,-0.3,1.6,0.1,1.616,-0.2,1.368,-0.1,1.632
05-01-2026-Fri 14-35-50-PM,-0.4,1.836,-0.2,1.832,-0.1,1.728,0.1,1.68,-0.2,1.588,0.2,1.6,-0.3,1.36,-0.1,1.62
05-01-2026-Fri 14-35-52-PM,-0.4,1.824,-0.4,1.82,-0.1,1.712,0.0,1.664,-0.3,1.572,0.0,1.588,-0.2,1.352,-0.1,1.608
05-01-2026-Fri 14-35-53-PM,-0.1,1.808,-0.3,1.804,-0.1,1.7,0.0,1.648,-0.4,1.568,-0.1,1.58,0.0,1.344,0.0,1.592
05-01-2026-Fri 14-35-55-PM,-0.2,1.796,-0.2,1.792,-0.3,1.684,0.2,1.644,-0.2,1.556,-0.3,1.572,-0.1,1.34,0.1,1.584
05-01-2026-Fri 14-35-57-PM,-0.2,1.776,-0.3,1.772,-0.3,1.664,0.0,1.62,-0.2,1.54,0.0,1.552,-0.1,1.328,0.1,1.564
05-01-2026-Fri 14-36-00-PM,-0.3,1.752,-0.1,1.752,0.0,1.644,-0.1,1.6,-0.2,1.524,0.1,1.536,-0.3,1.316,0.1,1.548
05-01-2026-Fri 14-36-03-PM,-0.2,1.732,-0.3,1.732,-0.3,1.628,-0.1,1.584,-0.3,1.508,-0.1,1.52,-0.1,1.312,-0.1,1.532
05-01-2026-Fri 14-36-06-PM,0.3,1.716,-0.3,1.72,0.0,1.612,-0.2,1.564,-0.6,1.5,-0.4,1.508,-0.2,1.3,-0.1,1.524
05-01-2026-Fri 14-36-07-PM,-0.1,1.704,0.0,1.704,0.0,1.6,-0.2,1.556,-0.1,1.488,-0.1,1.5,-0.1,1.296,0.0,1.516
05-01-2026-Fri 14-36-08-PM,-0.2,1.696,-0.2,1.7,-0.2,1.592,-0.1,1.548,-0.3,1.484,0.0,1.496,-0.2,1.292,-0.1,1.508
05-01-2026-Fri 14-36-10-PM,-0.3,1.692,-0.3,1.692,-0.1,1.588,0.0,1.544,-0.1,1.48,0.1,1.488,-0.3,1.292,0.1,1.504
05-01-2026-Fri 14-36-11-PM,-0.3,1.684,-0.5,1.688,-0.1,1.58,-0.2,1.536,-0.3,1.476,0.0,1.484,-0.1,1.288,0.0,1.5
05-01-2026-Fri 14-36-13-PM,-0.2,1.676,-0.5,1.68,-0.1,1.572,-0.1,1.528,-0.3,1.468,-0.1,1.476,-0.1,1.284,-0.1,1.492
05-01-2026-Fri 14-36-14-PM,0.1,1.668,-0.3,1.676,0.0,1.568,0.0,1.52,-0.2,1.468,0.0,1.472,-0.2,1.284,-0.1,1.488
05-01-2026-Fri 14-36-16-PM,-0.2,1.664,-0.1,1.668,-0.3,1.56,-0.3,1.52,-0.5,1.46,-0.2,1.468,-0.2,1.28,-0.1,1.484
05-01-2026-Fri 14-36-17-PM,-0.6,1.66,0.0,1.664,0.0,1.556,-0.1,1.512,-0.3,1.456,0.1,1.464,-0.2,1.276,0.0,1.48
05-01-2026-Fri 14-36-18-PM,-0.3,1.652,-0.3,1.656,-0.3,1.552,-0.5,1.508,-0.2,1.452,0.1,1.46,-0.2,1.272,0.1,1.476
05-01-2026-Fri 14-36-20-PM,-0.4,1.648,-0.2,1.648,-0.2,1.544,-0.2,1.5,-0.2,1.448,0.1,1.456,0.0,1.272,-0.1,1.472
05-01-2026-Fri 14-36-22-PM,-0.3,1.64,-0.2,1.644,0.1,1.536,-0.1,1.492,-0.3,1.444,-0.1,1.448,-0.2,1.268,0.0,1.464
05-01-2026-Fri 14-36-23-PM,0.1,1.632,-0.3,1.636,-0.3,1.528,-0.1,1.488,-0.5,1.44,-0.1,1.444,0.0,1.264,-0.2,1.46
05-01-2026-Fri 14-36-24-PM,-0.3,1.628,-0.2,1.632,0.0,1.524,0.1,1.48,-0.3,1.436,-0.1,1.444,0.0,1.264,0.0,1.46
05-01-2026-Fri 14-36-26-PM,-0.1,1.624,0.1,1.628,0.1,1.52,-0.4,1.476,-0.5,1.432,0.0,1.44,-0.1,1.26,0.1,1.456
05-01-2026-Fri 14-36-27-PM,-0.1,1.624,-0.3,1.624,-0.4,1.516,-0.2,1.476,-0.2,1.432,-0.2,1.436,0.1,1.26,0.0,1.452
05-01-2026-Fri 14-36-29-PM,-0.3,1.616,-0.2,1.616,0.0,1.516,-0.1,1.468,-0.5,1.428,-0.2,1.432,-0.2,1.26,-0.1,1.448
05-01-2026-Fri 14-36-30-PM,0.0,1.608,-0.2,1.616,0.0,1.508,-0.3,1.468,-0.3,1.424,0.0,1.432,-0.1,1.256,0.0,1.444
05-01-2026-Fri 14-36-31-PM,-0.1,1.608,-0.2,1.612,-0.2,1.504,0.0,1.46,-0.1,1.424,-0.2,1.428,-0.1,1.256,0.0,1.44
05-01-2026-Fri 14-36-33-PM,-0.2,1.604,-0.1,1.608,0.2,1.5,-0.2,1.46,-0.3,1.42,-0.2,1.424,-0.1,1.256,0.0,1.44
05-01-2026-Fri 14-36-34-PM,-0.2,1.6,-0.1,1.6,-0.1,1.496,-0.1,1.452,-0.1,1.416,0.1,1.424,-0.3,1.248,0.0,1.436
05-01-2026-Fri 14-36-36-PM,0.1,1.592,-0.1,1.596,0.2,1.492,-0.1,1.448,-0.3,1.416,-0.1,1.416,0.0,1.252,-0.1,1.432
05-01-2026-Fri 14-36-37-PM,-0.2,1.592,0.1,1.592,-0.1,1.488,-0.1,1.444,-0.2,1.412,0.0,1.416,-0.1,1.248,0.0,1.436
05-01-2026-Fri 14-36-38-PM,0.0,1.588,-0.1,1.592,0.0,1.484,0.2,1.444,0.1,1.408,-0.1,1.412,-0.2,1.248,0.0,1.428
05-01-2026-Fri 14-36-40-PM,Power On
05-01-2026-Fri 14-36-41-PM,0.5,5.28,0.2,5.284,0.1,5.276,0.3,5.28,0.0,5.28,0.4,5.28,0.1,5.268,0.2,5.28
05-01-2026-Fri 14-36-42-PM,0.1,5.28,0.2,5.284,0.2,5.276,-0.1,5.284,0.0,5.28,0.5,5.28,0.1,5.268,0.3,5.28
05-01-2026-Fri 14-36-44-PM,0.4,5.28,0.3,5.284,0.3,5.276,0.4,5.28,-0.1,5.276,0.1,5.28,0.1,5.268,0.3,5.28
05-01-2026-Fri 14-36-45-PM,0.4,5.276,0.2,5.284,0.4,5.276,0.1,5.28,0.1,5.28,0.3,5.28,0.3,5.272,0.2,5.28
05-01-2026-Fri 14-36-46-PM,-0.1,5.28,0.1,5.284,0.5,5.272,0.3,5.28,-0.1,5.276,0.4,5.28,0.1,5.272,0.3,5.28
05-01-2026-Fri 14-36-48-PM,Power Off
05-01-2026-Fri 14-36-49-PM,0.3,2.264,-0.5,2.164,0.0,2.096,-0.3,2.072,0.0,1.908,0.3,1.912,-0.1,1.584,0.0,1.948
05-01-2026-Fri 14-36-51-PM,-0.1,2.148,-0.2,2.076,-0.3,1.992,-0.3,1.956,-0.3,1.812,-0.2,1.82,0.0,1.516,-0.2,1.852
05-01-2026-Fri 14-36-52-PM,-0.4,2.072,-0.1,2.02,0.0,1.928,-0.2,1.884,-0.3,1.752,-0.1,1.768,-0.2,1.472,-0.3,1.796
05-01-2026-Fri 14-36-53-PM,-0.4,2.016,-0.3,1.98,0.1,1.88,-0.1,1.836,-0.4,1.708,-0.1,1.72,-0.3,1.444,-0.1,1.752
05-01-2026-Fri 14-36-55-PM,-0.3,1.968,-0.4,1.944,-0.2,1.844,-0.2,1.796,0.1,1.676,-0.1,1.688,-0.1,1.416,-0.1,1.716
05-01-2026-Fri 14-36-56-PM,-0.4,1.936,-0.2,1.916,-0.1,1.808,-0.1,1.764,-0.2,1.652,-0.3,1.664,-0.1,1.396,0.0,1.688
05-01-2026-Fri 14-36-57-PM,-0.1,1.912,-0.4,1.888,0.0,1.784,0.0,1.736,-0.1,1.628,-0.1,1.64,0.0,1.384,0.1,1.668
05-01-2026-Fri 14-36-59-PM,-0.1,1.88,-0.3,1.868,-0.2,1.764,-0.2,1.712,-0.1,1.608,-0.1,1.62,0.0,1.372,-0.1,1.644
05-01-2026-Fri 14-37-00-PM,-0.1,1.86,-0.3,1.848,-0.1,1.744,-0.3,1.696,-0.1,1.588,-0.1,1.608,-0.3,1.36,-0.2,1.632
05-01-2026-Fri 14-37-02-PM,0.1,1.844,-0.3,1.828,-0.1,1.724,-0.2,1.68,-0.4,1.58,0.1,1.592,0.0,1.348,0.0,1.616
05-01-2026-Fri 14-37-03-PM,-0.3,1.824,-0.3,1.812,0.0,1.712,-0.2,1.664,-0.4,1.568,0.1,1.58,-0.2,1.34,0.1,1.6
05-01-2026-Fri 14-37-04-PM,-0.2,1.808,-0.2,1.796,0.0,1.692,-0.3,1.644,-0.3,1.552,-0.2,1.564,-0.2,1.336,0.0,1.584
05-01-2026-Fri 14-37-06-PM,-0.1,1.792,-0.2,1.784,-0.2,1.68,-0.2,1.632,-0.1,1.54,0.2,1.556,-0.2,1.328,0.1,1.572
05-01-2026-Fri 14-37-07-PM,0.1,1.784,-0.1,1.772,-0.2,1.668,-0.2,1.62,-0.3,1.532,-0.1,1.544,-0.1,1.32,-0.1,1.564
05-01-2026-Fri 14-37-10-PM,-0.1,1.768,-0.4,1.756,0.2,1.652,-0.1,1.608,-0.2,1.516,-0.1,1.532,-0.1,1.316,0.3,1.552
05-01-2026-Fri 14-37-13-PM,-0.2,1.744,-0.4,1.736,-0.2,1.632,-0.2,1.588,-0.3,1.504,0.0,1.516,0.0,1.304,-0.2,1.536
05-01-2026-Fri 14-37-15-PM,-0.4,1.724,-0.4,1.716,-0.2,1.616,0.0,1.568,-0.1,1.492,-0.1,1.504,-0.2,1.296,0.0,1.52
05-01-2026-Fri 14-37-16-PM,-0.3,1.712,-0.2,1.708,-0.2,1.604,0.0,1.556,-0.1,1.484,-0.1,1.492,-0.2,1.292,0.0,1.516
05-01-2026-Fri 14-37-17-PM,0.0,1.708,-0.2,1.7,-0.1,1.6,-0.1,1.552,-0.2,1.476,0.0,1.488,0.0,1.288,0.0,1.508
05-01-2026-Fri 14-37-19-PM,-0.2,1.7,-0.1,1.692,0.0,1.588,0.1,1.544,-0.1,1.476,0.0,1.48,-0.1,1.284,0.0,1.504
05-01-2026-Fri 14-37-20-PM,-0.1,1.692,-0.5,1.684,-0.1,1.584,-0.3,1.536,-0.4,1.468,0.0,1.476,-0.1,1.28,0.0,1.496
05-01-2026-Fri 14-37-22-PM,0.0,1.688,-0.5,1.676,-0.2,1.572,0.0,1.532,-0.3,1.46,-0.1,1.472,0.0,1.28,-0.1,1.488
05-01-2026-Fri 14-37-23-PM,-0.2,1.676,-0.1,1.672,0.1,1.568,0.0,1.524,-0.1,1.456,0.0,1.464,-0.2,1.272,0.1,1.484
05-01-2026-Fri 14-37-24-PM,-0.5,1.668,0.0,1.664,-0.1,1.56,0.0,1.516,-0.1,1.452,-0.2,1.46,-0.3,1.272,-0.1,1.484
05-01-2026-Fri 14-37-26-PM,-0.3,1.664,-0.5,1.66,0.1,1.552,-0.2,1.512,-0.1,1.448,0.0,1.456,-0.3,1.268,-0.1,1.476
05-01-2026-Fri 14-37-27-PM,-0.1,1.66,-0.2,1.648,0.0,1.548,0.0,1.508,-0.4,1.444,-0.1,1.452,0.0,1.264,-0.1,1.468
05-01-2026-Fri 14-37-29-PM,0.1,1.656,-0.1,1.648,-0.1,1.54,0.0,1.496,-0.5,1.444,-0.1,1.448,0.0,1.264,-0.1,1.464
05-01-2026-Fri 14-37-30-PM,-0.1,1.644,-0.3,1.644,0.0,1.532,0.0,1.492,-0.3,1.436,0.0,1.444,-0.1,1.26,-0.4,1.46
05-01-2026-Fri 14-37-31-PM,-0.1,1.64,-0.3,1.636,0.2,1.532,-0.1,1.488,-0.2,1.432,0.0,1.44,-0.1,1.26,0.0,1.46
05-01-2026-Fri 14-37-33-PM,-0.1,1.636,-0.1,1.632,0.2,1.524,-0.3,1.484,-0.3,1.428,-0.1,1.436,-0.2,1.26,0.1,1.456
05-01-2026-Fri 14-37-34-PM,-0.3,1.628,-0.2,1.624,0.0,1.52,-0.2,1.48,-0.2,1.424,-0.1,1.432,-0.1,1.252,-0.4,1.448
05-01-2026-Fri 14-37-36-PM,0.0,1.624,-0.3,1.62,-0.3,1.512,-0.2,1.472,-0.3,1.424,0.0,1.432,-0.1,1.252,0.1,1.448
05-01-2026-Fri 14-37-37-PM,0.2,1.62,-0.3,1.616,-0.4,1.508,-0.5,1.468,-0.5,1.42,-0.1,1.424,-0.1,1.252,-0.1,1.444
05-01-2026-Fri 14-37-38-PM,-0.2,1.612,-0.4,1.612,-0.1,1.504,-0.1,1.468,-0.3,1.416,0.2,1.42,0.0,1.248,-0.2,1.44
05-01-2026-Fri 14-37-40-PM,-0.3,1.608,-0.3,1.604,0.1,1.5,0.0,1.46,-0.2,1.412,-0.1,1.42,-0.1,1.248,-0.1,1.44
05-01-2026-Fri 14-37-41-PM,-0.3,1.608,-0.4,1.6,-0.2,1.496,0.1,1.452,-0.3,1.412,0.0,1.416,-0.1,1.248,0.0,1.436
05-01-2026-Fri 14-37-43-PM,0.1,1.6,-0.4,1.596,-0.1,1.492,-0.1,1.448,-0.2,1.408,0.1,1.412,-0.2,1.244,-0.1,1.436
05-01-2026-Fri 14-37-44-PM,-0.1,1.596,-0.3,1.592,0.0,1.488,-0.2,1.448,-0.1,1.404,0.1,1.408,-0.4,1.24,0.1,1.428
05-01-2026-Fri 14-37-46-PM,-0.2,1.588,-0.2,1.592,-0.1,1.484,-0.1,1.444,-0.2,1.4,-0.3,1.408,-0.3,1.24,0.0,1.424
05-01-2026-Fri 14-37-47-PM,-0.4,1.584,-0.2,1.584,0.0,1.48,0.1,1.44,-0.1,1.4,-0.4,1.404,-0.1,1.24,-0.1,1.424
05-01-2026-Fri 14-37-48-PM,-0.3,1.584,-0.1,1.58,-0.2,1.476,0.1,1.44,-0.1,1.396,-0.2,1.4,-0.1,1.24,0.2,1.42
05-01-2026-Fri 14-37-50-PM,0.2,1.58,-0.1,1.576,0.0,1.468,-0.2,1.432,-0.2,1.396,0.1,1.396,-0.1,1.236,-0.1,1.416
05-01-2026-Fri 14-37-51-PM,-0.1,1.572,-0.4,1.568,-0.2,1.468,-0.2,1.432,-0.2,1.392,0.1,1.396,-0.1,1.232,-0.1,1.416
05-01-2026-Fri 14-37-53-PM,-0.3,1.568,-0.1,1.568,-0.4,1.464,-0.3,1.428,-0.1,1.392,0.1,1.392,0.0,1.236,-0.2,1.412
05-01-2026-Fri 14-37-54-PM,-0.3,1.564,-0.2,1.564,-0.1,1.46,0.0,1.42,-0.2,1.388,-0.2,1.388,0.0,1.228,-0.2,1.408
05-01-2026-Fri 14-37-55-PM,0.1,1.564,-0.2,1.56,0.2,1.456,-0.4,1.42,-0.1,1.384,0.1,1.388,-0.5,1.228,0.0,1.408
05-01-2026-Fri 14-37-57-PM,-0.1,1.56,-0.5,1.56,-0.1,1.452,-0.2,1.416,-0.3,1.384,-0.3,1.388,-0.4,1.228,0.0,1.404
05-01-2026-Fri 14-37-58-PM,-0.1,1.556,0.0,1.552,-0.1,1.452,-0.2,1.412,-0.2,1.38,-0.1,1.388,-0.2,1.228,0.1,1.404
05-01-2026-Fri 14-38-00-PM,-0.1,1.552,-0.2,1.552,-0.1,1.448,-0.3,1.412,-0.3,1.376,0.4,1.384,-0.3,1.228,-0.1,1.4
05-01-2026-Fri 14-38-01-PM,-0.2,1.548,-0.2,1.548,0.0,1.44,-0.2,1.408,-0.5,1.376,0.0,1.38,-0.1,1.228,-0.1,1.4
05-01-2026-Fri 14-38-02-PM,-0.3,1.544,-0.1,1.544,-0.2,1.44,0.1,1.404,-0.2,1.372,0.0,1.376,-0.1,1.224,0.1,1.396
05-01-2026-Fri 14-38-04-PM,-0.3,1.544,-0.1,1.544,0.0,1.436,-0.1,1.404,-0.3,1.372,-0.2,1.376,-0.1,1.224,0.0,1.392
05-01-2026-Fri 14-38-05-PM,-0.3,1.54,-0.4,1.54,-0.1,1.432,0.0,1.396,-0.3,1.372,0.0,1.372,-0.2,1.224,-0.1,1.392
05-01-2026-Fri 14-38-07-PM,-0.1,1.54,-0.2,1.54,-0.2,1.432,-0.3,1.396,-0.3,1.372,-0.1,1.372,0.0,1.22,-0.1,1.392
05-01-2026-Fri 14-38-08-PM,-0.2,1.536,-0.2,1.536,-0.1,1.424,0.0,1.392,-0.4,1.368,-0.1,1.372,-0.3,1.22,-0.1,1.388
05-01-2026-Fri 14-38-09-PM,-0.3,1.532,-0.3,1.532,-0.2,1.428,0.1,1.392,-0.1,1.368,0.0,1.368,0.0,1.216,0.2,1.384
05-01-2026-Fri 14-38-11-PM,-0.4,1.528,-0.5,1.528,-0.1,1.424,-0.2,1.388,-0.5,1.364,-0.1,1.368,-0.3,1.22,-0.2,1.384
05-01-2026-Fri 14-38-12-PM,-0.3,1.524,-0.2,1.524,-0.1,1.424,0.1,1.384,-0.3,1.364,0.0,1.364,-0.2,1.216,-0.3,1.384
05-01-2026-Fri 14-38-13-PM,-0.2,1.524,-0.5,1.524,0.0,1.42,0.0,1.384,-0.1,1.364,-0.2,1.364,-0.3,1.216,0.0,1.38
05-01-2026-Fri 14-38-15-PM,-0.2,1.524,-0.4,1.524,-0.2,1.416,-0.3,1.376,-0.4,1.36,-0.2,1.36,-0.1,1.216,0.1,1.38
05-01-2026-Fri 14-38-16-PM,-0.1,1.52,-0.5,1.52,-0.1,1.412,-0.3,1.38,-0.2,1.36,0.2,1.36,-0.3,1.212,0.1,1.376
05-01-2026-Fri 14-38-18-PM,-0.1,1.516,-0.2,1.516,0.0,1.412,0.0,1.376,-0.4,1.36,-0.1,1.36,0.0,1.212,0.3,1.376
05-01-2026-Fri 14-38-19-PM,-0.1,1.512,-0.1,1.516,0.0,1.408,-0.1,1.376,0.0,1.352,-0.1,1.356,-0.4,1.212,0.2,1.372
05-01-2026-Fri 14-38-20-PM,-0.3,1.512,-0.2,1.512,0.1,1.408,-0.1,1.372,-0.2,1.352,0.0,1.356,-0.2,1.212,0.1,1.372
05-01-2026-Fri 14-38-22-PM,-0.2,1.508,-0.2,1.512,-0.1,1.404,-0.3,1.372,-0.1,1.352,-0.1,1.352,-0.1,1.208,-0.2,1.368
05-01-2026-Fri 14-38-23-PM,-0.4,1.508,-0.2,1.512,-0.1,1.404,-0.1,1.372,-0.2,1.348,0.0,1.352,-0.1,1.208,-0.1,1.368
05-01-2026-Fri 14-38-25-PM,-0.2,1.504,-0.3,1.504,0.0,1.4,-0.2,1.364,-0.3,1.348,-0.2,1.352,0.1,1.208,0.0,1.368
05-01-2026-Fri 14-38-26-PM,-0.2,1.504,-0.3,1.504,-0.2,1.396,-0.1,1.364,-0.1,1.348,-0.1,1.348,0.0,1.204,0.0,1.368
05-01-2026-Fri 14-38-28-PM,0.1,1.5,-0.1,1.5,0.2,1.396,-0.3,1.36,-0.3,1.344,-0.3,1.348,-0.3,1.204,0.4,1.36
05-01-2026-Fri 14-38-29-PM,-0.4,1.496,-0.3,1.496,0.1,1.392,-0.4,1.36,-0.2,1.34,0.0,1.34,-0.2,1.204,0.1,1.356
05-01-2026-Fri 14-38-31-PM,-0.3,1.488,-0.2,1.492,-0.2,1.392,-0.3,1.36,-0.2,1.34,0.1,1.34,-0.3,1.2,0.0,1.356
05-01-2026-Fri 14-38-32-PM,-0.1,1.492,-0.4,1.492,-0.1,1.388,-0.1,1.352,-0.3,1.336,0.1,1.336,-0.3,1.2,0.2,1.356
05-01-2026-Fri 14-38-33-PM,0.1,1.488,-0.3,1.488,0.0,1.384,-0.3,1.352,-0.1,1.336,-0.3,1.336,0.0,1.2,0.0,1.348
05-01-2026-Fri 14-38-35-PM,-0.3,1.484,-0.2,1.484,-0.2,1.384,0.1,1.348,-0.3,1.336,0.0,1.336,-0.1,1.196,0.0,1.348
05-01-2026-Fri 14-38-36-PM,-0.1,1.48,-0.4,1.484,-0.4,1.38,-0.3,1.348,-0.1,1.332,0.0,1.332,-0.4,1.192,0.0,1.344
05-01-2026-Fri 14-38-38-PM,-0.2,1.476,-0.3,1.48,-0.2,1.38,-0.2,1.34,-0.1,1.332,-0.2,1.328,-0.2,1.192,0.0,1.344
05-01-2026-Fri 14-38-39-PM,-0.3,1.476,-0.2,1.48,-0.1,1.376,0.1,1.34,-0.3,1.332,0.0,1.328,-0.2,1.192,-0.1,1.34
05-01-2026-Fri 14-38-40-PM,-0.3,1.476,-0.2,1.476,-0.1,1.376,-0.1,1.344,-0.3,1.328,-0.1,1.324,0.2,1.192,0.1,1.34
05-01-2026-Fri 14-38-42-PM,0.1,1.468,-0.1,1.476,-0.1,1.372,0.0,1.34,-0.5,1.324,-0.1,1.328,-0.3,1.188,0.2,1.34
05-01-2026-Fri 14-38-43-PM,-0.4,1.468,-0.3,1.472,-0.2,1.368,0.0,1.336,-0.2,1.328,0.1,1.324,0.0,1.192,-0.3,1.336
05-01-2026-Fri 14-38-45-PM,-0.5,1.468,-0.1,1.472,-0.3,1.364,-0.2,1.332,-0.2,1.324,-0.2,1.324,-0.1,1.188,-0.2,1.332
05-01-2026-Fri 14-38-46-PM,-0.3,1.464,-0.5,1.468,-0.2,1.364,-0.1,1.328,-0.5,1.32,-0.3,1.32,0.0,1.184,0.1,1.332
05-01-2026-Fri 14-38-47-PM,0.0,1.46,0.0,1.464,0.2,1.364,-0.1,1.328,-0.6,1.32,-0.1,1.32,-0.1,1.188,0.1,1.332
05-01-2026-Fri 14-38-49-PM,-0.2,1.46,-0.4,1.464,0.1,1.36,-0.3,1.328,-0.3,1.316,0.0,1.32,-0.2,1.188,-0.1,1.328
05-01-2026-Fri 14-38-50-PM,-0.4,1.46,-0.2,1.46,-0.1,1.36,-0.3,1.324,-0.5,1.316,-0.1,1.312,0.0,1.184,0.0,1.328
05-01-2026-Fri 14-38-52-PM,-0.2,1.452,-0.2,1.456,-0.1,1.36,-0.1,1.324,-0.1,1.316,-0.2,1.316,-0.1,1.18,-0.2,1.324
05-01-2026-Fri 14-38-53-PM,-0.3,1.452,-0.2,1.456,-0.2,1.356,-0.5,1.324,-0.3,1.312,-0.1,1.312,0.1,1.18,0.1,1.324
05-01-2026-Fri 14-38-54-PM,-0.4,1.452,-0.2,1.452,0.0,1.352,0.0,1.32,-0.6,1.316,0.0,1.312,-0.1,1.184,-0.2,1.324
05-01-2026-Fri 14-38-56-PM,-0.3,1.444,-0.5,1.452,-0.2,1.348,-0.1,1.316,-0.3,1.312,-0.1,1.312,-0.1,1.176,0.0,1.32
05-01-2026-Fri 14-38-57-PM,0.1,1.448,-0.2,1.448,0.1,1.348,-0.3,1.316,-0.3,1.312,0.1,1.308,-0.3,1.176,0.0,1.32
05-01-2026-Fri 14-38-59-PM,-0.1,1.44,-0.5,1.448,-0.2,1.348,0.0,1.316,0.0,1.308,-0.2,1.308,-0.2,1.18,0.0,1.312
05-01-2026-Fri 14-39-00-PM,-0.3,1.44,-0.1,1.444,-0.1,1.344,0.0,1.312,-0.2,1.304,0.2,1.308,-0.2,1.176,-0.1,1.316
05-01-2026-Fri 14-39-01-PM,-0.2,1.44,-0.2,1.444,-0.4,1.344,-0.1,1.312,-0.5,1.308,0.1,1.308,0.0,1.18,0.0,1.312
05-01-2026-Fri 14-39-03-PM,-0.1,1.436,-0.2,1.44,-0.1,1.34,-0.3,1.308,-0.3,1.304,0.2,1.304,-0.2,1.176,-0.3,1.312
05-01-2026-Fri 14-39-04-PM,-0.2,1.432,0.1,1.44,-0.1,1.34,-0.2,1.308,-0.1,1.3,0.0,1.3,-0.2,1.172,-0.3,1.308
05-01-2026-Fri 14-39-05-PM,Power On
05-01-2026-Fri 14-39-07-PM,0.4,5.276,0.2,5.28,0.4,5.276,0.2,5.28,-0.1,5.276,0.2,5.276,0.1,5.268,0.5,5.28
05-01-2026-Fri 14-39-08-PM,0.5,5.276,0.1,5.28,0.4,5.276,0.3,5.28,0.0,5.276,0.1,5.276,0.0,5.268,0.4,5.28
05-01-2026-Fri 14-39-09-PM,0.5,5.28,0.1,5.284,0.3,5.272,0.2,5.28,0.1,5.276,0.4,5.276,-0.1,5.268,0.4,5.28
05-01-2026-Fri 14-39-11-PM,0.3,5.276,0.2,5.28,0.2,5.272,0.3,5.28,0.1,5.276,0.4,5.276,-0.1,5.268,0.3,5.276
05-01-2026-Fri 14-39-13-PM,Power Off
05-01-2026-Fri 14-39-14-PM,-0.3,2.04,0.0,1.94,0.0,1.848,-0.3,1.836,-0.3,1.704,0.0,1.696,0.0,1.424,0.0,1.72
05-01-2026-Fri 14-39-15-PM,-0.1,1.92,-0.3,1.86,-0.2,1.752,-0.2,1.724,-0.5,1.612,0.0,1.612,-0.1,1.364,0.0,1.64
05-01-2026-Fri 14-39-17-PM,-0.2,1.852,-0.2,1.808,-0.3,1.692,-0.1,1.664,-0.2,1.564,-0.2,1.564,-0.1,1.328,-0.1,1.588
05-01-2026-Fri 14-39-18-PM,-0.3,1.8,-0.2,1.764,-0.1,1.652,0.0,1.616,-0.2,1.528,0.0,1.524,-0.3,1.304,0.2,1.556
05-01-2026-Fri 14-39-19-PM,-0.1,1.76,-0.2,1.732,0.2,1.62,0.0,1.584,-0.2,1.5,0.1,1.504,0.0,1.288,0.2,1.524
05-01-2026-Fri 14-39-21-PM,0.1,1.728,-0.1,1.704,0.1,1.596,0.1,1.56,-0.3,1.48,-0.1,1.484,-0.3,1.28,-0.1,1.508
05-01-2026-Fri 14-39-22-PM,0.1,1.704,-0.4,1.684,0.1,1.568,-0.3,1.54,-0.2,1.46,-0.1,1.464,-0.3,1.268,-0.1,1.488
05-01-2026-Fri 14-39-24-PM,-0.3,1.684,-0.3,1.664,-0.1,1.556,-0.1,1.52,-0.2,1.452,0.0,1.448,0.0,1.26,-0.1,1.472
05-01-2026-Fri 14-39-25-PM,-0.1,1.664,-0.2,1.648,0.0,1.54,-0.2,1.504,0.0,1.436,-0.2,1.436,-0.2,1.252,-0.1,1.46
05-01-2026-Fri 14-39-26-PM,-0.4,1.648,-0.2,1.632,0.1,1.524,-0.3,1.488,-0.1,1.424,0.0,1.428,0.1,1.244,-0.1,1.448
05-01-2026-Fri 14-39-28-PM,-0.2,1.636,-0.2,1.62,0.1,1.512,-0.1,1.48,-0.5,1.412,-0.1,1.42,-0.2,1.24,-0.2,1.436
05-01-2026-Fri 14-39-29-PM,-0.2,1.62,-0.3,1.608,0.0,1.5,-0.1,1.468,-0.1,1.408,0.0,1.408,0.0,1.232,0.1,1.424
05-01-2026-Fri 14-39-31-PM,-0.4,1.608,-0.4,1.596,-0.1,1.492,-0.1,1.456,-0.3,1.396,0.2,1.4,0.1,1.228,0.3,1.416
05-01-2026-Fri 14-39-32-PM,0.1,1.6,-0.3,1.584,-0.1,1.484,-0.1,1.448,-0.2,1.392,0.0,1.392,-0.2,1.224,-0.1,1.408
05-01-2026-Fri 14-39-33-PM,-0.2,1.588,-0.1,1.58,-0.2,1.476,-0.4,1.44,-0.3,1.384,0.0,1.384,-0.3,1.22,0.1,1.4
05-01-2026-Fri 14-39-35-PM,-0.2,1.576,-0.1,1.568,-0.3,1.464,0.2,1.428,-0.3,1.376,0.0,1.38,-0.1,1.216,0.0,1.392
05-01-2026-Fri 14-39-36-PM,-0.4,1.568,-0.1,1.56,-0.1,1.456,0.0,1.424,-0.5,1.372,0.0,1.372,-0.2,1.212,-0.1,1.388
05-01-2026-Fri 14-39-38-PM,0.1,1.56,0.0,1.552,-0.2,1.452,-0.1,1.412,-0.5,1.368,-0.1,1.368,0.1,1.208,0.0,1.38
05-01-2026-Fri 14-39-39-PM,0.0,1.552,-0.1,1.544,-0.1,1.44,-0.2,1.408,-0.2,1.364,-0.2,1.36,-0.2,1.208,-0.2,1.376
05-01-2026-Fri 14-39-40-PM,-0.2,1.544,-0.4,1.536,0.0,1.436,-0.2,1.4,-0.5,1.36,-0.1,1.356,-0.3,1.204,0.2,1.368
05-01-2026-Fri 14-39-42-PM,-0.3,1.54,-0.4,1.532,-0.2,1.432,-0.3,1.396,-0.4,1.352,0.0,1.352,0.0,1.2,-0.1,1.364
05-01-2026-Fri 14-39-43-PM,-0.5,1.532,-0.2,1.52,-0.1,1.424,-0.1,1.392,-0.1,1.352,0.0,1.352,-0.1,1.2,-0.2,1.36
05-01-2026-Fri 14-39-45-PM,-0.2,1.524,-0.2,1.516,-0.2,1.42,0.0,1.384,-0.3,1.34,-0.4,1.348,-0.2,1.196,0.0,1.36
05-01-2026-Fri 14-39-46-PM,0.1,1.516,-0.2,1.512,-0.2,1.416,-0.1,1.38,-0.2,1.336,-0.2,1.34,-0.1,1.192,0.0,1.352
05-01-2026-Fri 14-39-47-PM,-0.2,1.512,-0.3,1.508,-0.2,1.408,-0.2,1.376,-0.2,1.34,0.1,1.336,-0.1,1.188,0.0,1.344
05-01-2026-Fri 14-39-49-PM,0.0,1.504,-0.2,1.504,0.0,1.404,-0.1,1.368,-0.1,1.332,-0.1,1.332,-0.3,1.188,0.0,1.344
05-01-2026-Fri 14-39-50-PM,-0.3,1.5,-0.3,1.492,0.0,1.4,-0.3,1.364,-0.4,1.328,0.0,1.328,0.0,1.188,-0.1,1.34
05-01-2026-Fri 14-39-52-PM,-0.1,1.496,-0.2,1.492,0.1,1.392,0.0,1.36,-0.4,1.324,-0.1,1.328,-0.1,1.184,0.0,1.336
05-01-2026-Fri 14-39-53-PM,0.1,1.488,-0.1,1.484,-0.2,1.388,0.0,1.356,-0.2,1.324,0.0,1.32,-0.2,1.184,0.1,1.328
05-01-2026-Fri 14-39-55-PM,Power On
05-01-2026-Fri 14-39-56-PM,0.2,5.28,0.0,5.288,0.2,5.276,0.3,5.284,0.1,5.284,0.2,5.28,0.0,5.268,0.2,5.28
05-01-2026-Fri 14-39-57-PM,0.4,5.28,0.2,5.284,0.2,5.276,0.3,5.284,0.1,5.276,0.2,5.276,0.0,5.272,0.2,5.284
05-01-2026-Fri 14-39-59-PM,0.3,5.28,0.3,5.284,0.2,5.272,0.2,5.284,0.1,5.284,0.2,5.276,0.2,5.268,0.2,5.28
05-01-2026-Fri 14-40-00-PM,0.3,5.28,0.1,5.284,0.4,5.272,0.2,5.284,0.1,5.28,0.2,5.28,0.0,5.272,-0.1,5.284
05-01-2026-Fri 14-40-01-PM,0.2,5.276,0.0,5.28,0.8,5.276,0.2,5.28,0.0,5.28,0.1,5.28,0.0,5.272,0.4,5.28
05-01-2026-Fri 14-40-03-PM,0.1,5.28,0.1,5.284,0.2,5.272,0.1,5.28,0.0,5.276,0.1,5.276,-0.1,5.268,0.2,5.28
05-01-2026-Fri 14-40-04-PM,Power Off
05-01-2026-Fri 14-40-05-PM,0.3,2.132,-0.3,2.024,-0.2,1.952,-0.2,1.932,-0.4,1.764,0.2,1.756,-0.1,1.452,-0.1,1.788
05-01-2026-Fri 14-40-07-PM,-0.2,2.02,-0.4,1.944,0.1,1.856,-0.2,1.82,-0.3,1.676,0.1,1.672,-0.1,1.392,0.0,1.704
05-01-2026-Fri 14-40-08-PM,0.1,1.944,-0.3,1.892,-0.2,1.792,0.0,1.752,-0.3,1.624,-0.1,1.62,0.1,1.356,0.2,1.652
05-01-2026-Fri 14-40-10-PM,-0.2,1.888,-0.1,1.848,-0.1,1.748,0.2,1.704,-0.1,1.584,-0.4,1.58,-0.2,1.328,0.0,1.608
05-01-2026-Fri 14-40-11-PM,-0.4,1.848,-0.3,1.812,-0.1,1.712,0.1,1.672,-0.2,1.556,-0.1,1.556,-0.1,1.312,-0.1,1.576
05-01-2026-Fri 14-40-12-PM,-0.3,1.816,-0.2,1.784,-0.1,1.68,-0.3,1.64,-0.5,1.528,-0.1,1.528,-0.2,1.296,0.2,1.556
05-01-2026-Fri 14-40-14-PM,-0.3,1.788,-0.5,1.76,0.0,1.656,-0.2,1.612,-0.1,1.504,-0.1,1.512,-0.2,1.284,-0.2,1.528
05-01-2026-Fri 14-40-15-PM,0.0,1.764,-0.1,1.736,0.1,1.636,-0.1,1.592,-0.3,1.488,0.1,1.492,-0.1,1.276,0.0,1.512
05-01-2026-Fri 14-40-17-PM,0.3,1.74,-0.6,1.72,-0.1,1.616,-0.1,1.572,-0.1,1.476,0.0,1.476,-0.1,1.268,0.0,1.496
05-01-2026-Fri 14-40-18-PM,-0.4,1.724,0.0,1.704,0.0,1.6,-0.2,1.556,-0.2,1.46,-0.2,1.464,0.0,1.26,0.2,1.476
05-01-2026-Fri 14-40-19-PM,-0.1,1.7,-0.3,1.684,-0.1,1.584,0.0,1.544,-0.3,1.448,-0.1,1.452,-0.3,1.252,-0.2,1.468
05-01-2026-Fri 14-40-21-PM,0.1,1.688,-0.4,1.672,-0.1,1.568,-0.1,1.528,0.0,1.436,0.0,1.44,-0.1,1.244,0.0,1.46
05-01-2026-Fri 14-40-22-PM,-0.2,1.676,-0.1,1.66,-0.3,1.556,-0.1,1.516,-0.3,1.432,-0.3,1.432,0.0,1.244,0.0,1.448
05-01-2026-Fri 14-40-24-PM,0.2,1.66,-0.4,1.648,0.0,1.544,-0.4,1.508,-0.1,1.42,0.1,1.42,0.1,1.236,-0.2,1.436
05-01-2026-Fri 14-40-25-PM,-0.4,1.648,-0.3,1.636,-0.1,1.532,-0.2,1.5,-0.2,1.412,-0.1,1.416,-0.3,1.228,-0.2,1.428
05-01-2026-Fri 14-40-26-PM,-0.3,1.636,-0.4,1.624,0.0,1.52,-0.2,1.488,-0.5,1.404,0.0,1.408,0.0,1.228,0.0,1.42
05-01-2026-Fri 14-40-28-PM,0.0,1.624,-0.3,1.612,-0.1,1.512,0.0,1.476,-0.1,1.396,-0.3,1.404,-0.1,1.22,-0.1,1.412
05-01-2026-Fri 14-40-29-PM,-0.3,1.616,-0.2,1.604,0.1,1.504,0.1,1.468,-0.1,1.388,0.0,1.392,-0.5,1.22,-0.2,1.404
05-01-2026-Fri 14-40-31-PM,-0.2,1.604,-0.4,1.592,0.1,1.496,-0.2,1.46,-0.2,1.384,0.1,1.388,-0.3,1.22,0.1,1.4
05-01-2026-Fri 14-40-32-PM,-0.2,1.596,-0.3,1.584,-0.2,1.488,0.0,1.448,-0.4,1.376,-0.2,1.38,-0.3,1.212,-0.1,1.388
05-01-2026-Fri 14-40-33-PM,0.2,1.584,-0.1,1.576,-0.1,1.48,0.0,1.44,-0.1,1.372,0.0,1.376,0.0,1.204,-0.1,1.388
05-01-2026-Fri 14-40-35-PM,-0.2,1.576,-0.1,1.572,0.0,1.472,0.1,1.436,-0.3,1.368,-0.3,1.372,0.0,1.204,-0.1,1.376
05-01-2026-Fri 14-40-36-PM,-0.1,1.572,0.0,1.556,-0.1,1.464,-0.1,1.428,-0.2,1.36,0.0,1.364,0.0,1.204,0.0,1.372
05-01-2026-Fri 14-40-38-PM,-0.3,1.564,-0.5,1.552,-0.1,1.456,0.0,1.42,-0.2,1.356,0.0,1.356,-0.3,1.2,-0.1,1.368
05-01-2026-Fri 14-40-39-PM,0.2,1.556,-0.2,1.544,0.0,1.452,-0.1,1.412,-0.2,1.352,0.0,1.352,-0.1,1.196,0.1,1.36
05-01-2026-Fri 14-40-40-PM,-0.2,1.548,-0.2,1.536,0.1,1.444,0.1,1.408,-0.3,1.348,-0.2,1.348,-0.3,1.192,-0.3,1.356
05-01-2026-Fri 14-40-42-PM,-0.4,1.54,-0.2,1.536,-0.2,1.44,-0.1,1.404,-0.2,1.344,-0.1,1.344,-0.2,1.192,0.0,1.352
05-01-2026-Fri 14-40-43-PM,-0.3,1.532,-0.2,1.528,0.0,1.432,-0.1,1.396,-0.2,1.34,0.1,1.34,-0.1,1.188,-0.2,1.348
05-01-2026-Fri 14-40-45-PM,-0.2,1.528,-0.2,1.524,-0.2,1.428,-0.1,1.392,-0.4,1.336,0.0,1.336,-0.2,1.184,-0.2,1.344
05-01-2026-Fri 14-40-46-PM,-0.4,1.524,-0.2,1.512,0.0,1.424,-0.1,1.388,-0.3,1.328,-0.2,1.332,-0.5,1.184,0.1,1.34
05-01-2026-Fri 14-40-48-PM,-0.2,1.516,-0.2,1.512,-0.1,1.416,-0.1,1.38,-0.5,1.328,0.0,1.328,-0.2,1.18,0.0,1.336
05-01-2026-Fri 14-40-49-PM,Power On
05-01-2026-Fri 14-40-50-PM,0.1,5.276,0.0,5.284,0.2,5.276,0.0,5.28,0.0,5.28,0.6,5.28,0.5,5.272,0.3,5.28
05-01-2026-Fri 14-40-52-PM,0.4,5.276,0.2,5.28,0.4,5.276,0.4,5.276,0.1,5.276,0.1,5.276,-0.2,5.268,0.3,5.276
05-01-2026-Fri 14-40-53-PM,0.4,5.28,0.0,5.28,0.4,5.276,0.4,5.28,-0.2,5.28,0.3,5.276,-0.1,5.268,0.3,5.28
05-01-2026-Fri 14-40-54-PM,0.1,5.276,0.2,5.284,0.3,5.272,0.1,5.28,0.3,5.276,0.1,5.276,0.2,5.268,0.1,5.28
05-01-2026-Fri 14-40-56-PM,Power Off
05-01-2026-Fri 14-40-57-PM,-0.3,2.048,-0.2,1.948,0.1,1.876,-0.1,1.852,-0.1,1.68,0.0,1.672,-0.1,1.388,0.2,1.696
05-01-2026-Fri 14-40-58-PM,-0.3,1.952,-0.3,1.876,0.0,1.788,-0.2,1.752,-0.2,1.604,0.1,1.6,-0.2,1.332,0.1,1.62
05-01-2026-Fri 14-41-00-PM,-0.2,1.88,-0.3,1.824,-0.1,1.732,-0.1,1.692,0.0,1.556,-0.1,1.556,-0.2,1.304,-0.1,1.576
05-01-2026-Fri 14-41-01-PM,-0.2,1.832,-0.1,1.788,0.2,1.688,0.0,1.648,-0.4,1.524,-0.1,1.524,-0.1,1.288,-0.1,1.54
05-01-2026-Fri 14-41-03-PM,-0.3,1.792,-0.3,1.756,-0.2,1.656,-0.2,1.616,-0.6,1.496,-0.1,1.5,-0.4,1.272,-0.2,1.512
05-01-2026-Fri 14-41-04-PM,-0.1,1.764,-0.3,1.728,-0.2,1.632,0.1,1.588,-0.3,1.476,0.0,1.476,-0.3,1.26,0.0,1.492
05-01-2026-Fri 14-41-06-PM,-0.1,1.736,-0.2,1.708,0.1,1.608,-0.3,1.568,-0.1,1.456,0.2,1.46,0.0,1.248,-0.2,1.476
05-01-2026-Fri 14-41-07-PM,-0.5,1.716,-0.5,1.688,-0.1,1.592,-0.3,1.548,-0.2,1.44,0.0,1.448,0.0,1.244,0.0,1.46
05-01-2026-Fri 14-41-08-PM,-0.3,1.696,-0.1,1.672,0.0,1.572,-0.3,1.532,-0.2,1.428,-0.2,1.432,-0.1,1.236,-0.1,1.444
05-01-2026-Fri 14-41-10-PM,0.2,1.676,-0.2,1.656,-0.2,1.556,0.0,1.516,-0.2,1.416,-0.1,1.42,-0.1,1.228,-0.2,1.436
05-01-2026-Fri 14-41-11-PM,-0.3,1.66,-0.2,1.64,-0.1,1.54,-0.1,1.504,-0.4,1.412,-0.1,1.412,-0.1,1.224,0.1,1.424
05-01-2026-Fri 14-41-13-PM,-0.1,1.644,-0.6,1.628,0.1,1.536,0.1,1.488,-0.4,1.396,-0.2,1.4,-0.2,1.22,-0.2,1.416
05-01-2026-Fri 14-41-14-PM,-0.1,1.636,-0.2,1.612,0.1,1.52,-0.2,1.48,-0.4,1.392,-0.2,1.396,-0.1,1.216,-0.1,1.404
05-01-2026-Fri 14-41-15-PM,0.1,1.62,-0.4,1.604,-0.2,1.512,0.0,1.468,-0.3,1.38,0.2,1.384,-0.3,1.212,-0.3,1.4
05-01-2026-Fri 14-41-17-PM,-0.3,1.608,-0.2,1.592,-0.1,1.5,-0.1,1.46,-0.5,1.376,-0.1,1.376,-0.1,1.208,0.1,1.388
05-01-2026-Fri 14-41-18-PM,-0.3,1.6,-0.2,1.584,-0.2,1.492,-0.1,1.448,-0.6,1.368,-0.3,1.368,-0.1,1.204,0.1,1.38
05-01-2026-Fri 14-41-20-PM,-0.1,1.588,-0.1,1.576,-0.1,1.484,0.0,1.444,-0.3,1.36,0.0,1.368,-0.2,1.2,-0.1,1.376
05-01-2026-Fri 14-41-21-PM,-0.3,1.58,-0.4,1.564,0.1,1.472,0.1,1.432,-0.3,1.356,-0.2,1.356,-0.3,1.196,-0.4,1.368
05-01-2026-Fri 14-41-22-PM,-0.3,1.572,-0.3,1.552,0.0,1.468,-0.1,1.424,-0.4,1.348,0.1,1.352,-0.2,1.192,-0.3,1.36
05-01-2026-Fri 14-41-24-PM,-0.2,1.56,-0.2,1.548,-0.1,1.456,-0.1,1.42,-0.3,1.348,-0.2,1.348,-0.3,1.188,0.1,1.352
05-01-2026-Fri 14-41-25-PM,-0.2,1.556,-0.1,1.544,-0.3,1.448,0.0,1.412,-0.6,1.34,-0.3,1.344,-0.2,1.184,0.0,1.352
05-01-2026-Fri 14-41-27-PM,-0.4,1.544,-0.2,1.536,-0.1,1.444,0.1,1.408,-0.3,1.336,-0.1,1.34,-0.4,1.184,0.1,1.344
05-01-2026-Fri 14-41-28-PM,-0.1,1.54,0.1,1.524,-0.2,1.436,-0.2,1.4,-0.2,1.332,-0.1,1.332,-0.1,1.18,-0.1,1.34
05-01-2026-Fri 14-41-29-PM,-0.3,1.528,-0.3,1.52,-0.1,1.432,-0.2,1.392,-0.2,1.332,0.1,1.328,0.0,1.18,0.0,1.336
05-01-2026-Fri 14-41-31-PM,-0.2,1.528,-0.3,1.516,-0.2,1.424,-0.1,1.388,-0.2,1.32,-0.1,1.328,-0.1,1.18,0.1,1.332
05-01-2026-Fri 14-41-32-PM,Power On
05-01-2026-Fri 14-41-34-PM,0.3,5.28,0.0,5.28,0.3,5.272,0.4,5.28,0.0,5.276,0.3,5.276,0.0,5.264,-0.1,5.28
05-01-2026-Fri 14-41-35-PM,0.2,5.28,0.1,5.28,0.4,5.272,0.4,5.28,-0.1,5.276,0.0,5.276,0.0,5.272,0.2,5.276
05-01-2026-Fri 14-41-36-PM,0.2,5.28,0.1,5.284,0.4,5.272,0.1,5.28,0.1,5.276,0.1,5.276,0.1,5.268,0.3,5.28
05-01-2026-Fri 14-41-38-PM,-0.1,5.276,0.3,5.28,0.3,5.272,0.2,5.28,-0.1,5.276,0.1,5.276,-0.1,5.264,0.0,5.28
05-01-2026-Fri 14-41-39-PM,Power Off
05-01-2026-Fri 14-41-41-PM,-0.2,2.044,-0.2,1.952,0.0,1.876,-0.1,1.852,-0.3,1.672,-0.1,1.668,-0.3,1.372,-0.2,1.684
05-01-2026-Fri 14-41-42-PM,-0.1,1.944,-0.5,1.872,-0.1,1.788,-0.1,1.752,-0.2,1.592,0.0,1.588,0.0,1.32,0.1,1.612
05-01-2026-Fri 14-41-44-PM,-0.1,1.876,-0.3,1.82,-0.1,1.728,0.0,1.692,0.0,1.548,0.0,1.548,-0.3,1.296,0.0,1.564
05-01-2026-Fri 14-41-45-PM,-0.3,1.824,-0.2,1.78,0.1,1.688,0.2,1.648,-0.3,1.512,-0.1,1.516,-0.5,1.276,0.1,1.528
05-01-2026-Fri 14-41-46-PM,-0.1,1.792,-0.2,1.752,-0.1,1.656,-0.2,1.612,-0.3,1.488,0.1,1.488,-0.6,1.26,-0.1,1.504
05-01-2026-Fri 14-41-48-PM,-0.3,1.752,-0.3,1.724,0.0,1.624,0.0,1.584,-0.4,1.464,0.1,1.464,0.1,1.248,-0.1,1.48
05-01-2026-Fri 14-41-49-PM,-0.3,1.728,-0.5,1.7,0.0,1.608,-0.1,1.564,-0.5,1.444,-0.3,1.448,0.0,1.24,0.1,1.46
05-01-2026-Fri 14-41-51-PM,0.1,1.708,-0.2,1.68,0.1,1.592,-0.1,1.544,-0.3,1.432,-0.1,1.436,-0.5,1.232,0.0,1.452
05-01-2026-Fri 14-41-52-PM,0.1,1.688,-0.2,1.664,0.0,1.572,0.0,1.528,0.0,1.42,-0.1,1.424,-0.2,1.228,-0.1,1.432
05-01-2026-Fri 14-41-53-PM,-0.1,1.668,-0.3,1.648,-0.1,1.556,-0.1,1.512,-0.1,1.408,0.0,1.412,0.2,1.22,-0.1,1.424
05-01-2026-Fri 14-41-55-PM,0.1,1.656,-0.2,1.636,-0.2,1.54,0.2,1.5,-0.3,1.392,-0.1,1.404,-0.1,1.216,0.2,1.412
05-01-2026-Fri 14-41-56-PM,-0.4,1.64,-0.3,1.62,-0.1,1.528,-0.1,1.488,-0.5,1.388,0.0,1.392,-0.2,1.208,-0.1,1.404
05-01-2026-Fri 14-41-58-PM,-0.3,1.628,-0.5,1.604,0.1,1.52,0.0,1.476,-0.2,1.38,0.1,1.38,-0.2,1.204,0.1,1.392
05-01-2026-Fri 14-41-59-PM,Power On
05-01-2026-Fri 14-42-00-PM,0.5,5.28,0.1,5.284,0.4,5.276,0.0,5.284,0.1,5.28,0.3,5.284,-0.1,5.268,0.0,5.284
05-01-2026-Fri 14-42-02-PM,0.1,5.28,0.0,5.284,0.1,5.276,0.3,5.284,0.0,5.28,0.4,5.28,0.1,5.268,0.3,5.284
05-01-2026-Fri 14-42-03-PM,0.2,5.28,-0.1,5.284,0.3,5.28,0.3,5.284,0.1,5.28,0.2,5.28,0.3,5.268,0.4,5.284
05-01-2026-Fri 14-42-05-PM,Power Off
05-01-2026-Fri 14-42-06-PM,-0.2,2.052,-0.2,1.952,-0.1,1.884,-0.1,1.86,-0.2,1.668,-0.3,1.664,-0.2,1.364,0.1,1.68
05-01-2026-Fri 14-42-07-PM,-0.1,1.952,-0.1,1.884,-0.3,1.8,-0.5,1.76,-0.5,1.588,-0.3,1.592,-0.1,1.316,-0.2,1.612
05-01-2026-Fri 14-42-09-PM,-0.3,1.88,-0.4,1.828,0.0,1.74,-0.1,1.7,-0.2,1.548,-0.1,1.544,-0.2,1.288,-0.1,1.564
05-01-2026-Fri 14-42-10-PM,0.0,1.836,-0.3,1.796,-0.2,1.704,-0.1,1.66,-0.3,1.512,-0.1,1.516,-0.1,1.276,0.2,1.536
05-01-2026-Fri 14-42-11-PM,-0.1,1.8,-0.2,1.764,0.2,1.672,-0.1,1.628,0.2,1.488,-0.2,1.492,-0.4,1.26,0.0,1.508
05-01-2026-Fri 14-42-13-PM,-0.1,1.772,-0.5,1.74,-0.1,1.648,-0.1,1.6,-0.2,1.468,0.1,1.472,-0.3,1.252,-0.4,1.488
05-01-2026-Fri 14-42-14-PM,-0.1,1.748,-0.6,1.716,0.0,1.624,-0.2,1.58,-0.1,1.452,-0.2,1.456,-0.2,1.244,0.1,1.468
05-01-2026-Fri 14-42-16-PM,-0.3,1.724,-0.3,1.696,-0.3,1.608,0.0,1.56,-0.3,1.44,-0.3,1.44,0.1,1.232,0.1,1.456
05-01-2026-Fri 14-42-17-PM,-0.1,1.704,-0.1,1.68,0.0,1.588,-0.5,1.544,-0.4,1.424,-0.2,1.428,-0.1,1.224,0.1,1.44
05-01-2026-Fri 14-42-18-PM,-0.1,1.688,-0.2,1.664,0.0,1.572,-0.2,1.528,-0.3,1.412,-0.3,1.416,-0.1,1.224,0.0,1.432
05-01-2026-Fri 14-42-20-PM,-0.2,1.672,-0.4,1.648,0.0,1.56,-0.2,1.516,-0.1,1.404,-0.1,1.408,-0.1,1.216,-0.1,1.42
05-01-2026-Fri 14-42-21-PM,-0.2,1.66,-0.4,1.636,-0.3,1.544,0.0,1.5,-0.3,1.396,0.0,1.396,-0.1,1.212,0.0,1.412
05-01-2026-Fri 14-42-23-PM,-0.2,1.644,-0.2,1.624,-0.3,1.536,-0.2,1.492,-0.3,1.388,-0.1,1.392,-0.1,1.204,0.0,1.4
05-01-2026-Fri 14-42-24-PM,-0.1,1.632,-0.2,1.616,-0.1,1.524,0.0,1.484,-0.3,1.376,-0.1,1.384,-0.1,1.204,-0.2,1.396
05-01-2026-Fri 14-42-25-PM,-0.4,1.62,-0.2,1.604,-0.2,1.516,0.0,1.476,-0.4,1.372,-0.1,1.376,-0.4,1.2,-0.3,1.384
05-01-2026-Fri 14-42-27-PM,0.1,1.612,0.0,1.592,0.2,1.504,0.1,1.46,-0.2,1.364,-0.2,1.368,-0.2,1.196,0.0,1.376
05-01-2026-Fri 14-42-28-PM,0.0,1.596,-0.3,1.58,-0.1,1.496,0.1,1.452,-0.3,1.36,-0.2,1.36,-0.2,1.192,0.0,1.368
05-01-2026-Fri 14-42-30-PM,-0.3,1.588,-0.2,1.576,-0.1,1.488,-0.1,1.444,-0.1,1.352,0.0,1.356,-0.1,1.192,0.0,1.364
05-01-2026-Fri 14-42-31-PM,-0.3,1.58,-0.3,1.564,-0.4,1.48,-0.2,1.436,0.0,1.344,0.1,1.348,-0.1,1.184,-0.2,1.356
05-01-2026-Fri 14-42-32-PM,0.1,1.568,-0.2,1.556,-0.2,1.468,-0.4,1.432,0.0,1.34,0.0,1.34,-0.3,1.18,-0.1,1.348
05-01-2026-Fri 14-42-34-PM,-0.2,1.56,-0.4,1.548,0.1,1.46,-0.1,1.424,0.0,1.332,0.1,1.336,-0.2,1.18,-0.1,1.34
05-01-2026-Fri 14-42-35-PM,-0.1,1.552,-0.4,1.536,0.0,1.456,-0.1,1.416,-0.5,1.324,-0.1,1.332,0.1,1.176,-0.2,1.336
05-01-2026-Fri 14-42-37-PM,-0.1,1.544,-0.2,1.532,-0.1,1.444,-0.1,1.404,-0.2,1.324,-0.1,1.324,0.0,1.172,-0.1,1.332
05-01-2026-Fri 14-42-38-PM,-0.2,1.532,-0.5,1.52,0.2,1.44,0.1,1.4,-0.2,1.316,-0.1,1.32,-0.1,1.172,0.2,1.324
05-01-2026-Fri 14-42-39-PM,-0.1,1.528,-0.6,1.52,0.0,1.432,-0.2,1.396,-0.1,1.316,-0.3,1.316,-0.1,1.168,-0.1,1.324
05-01-2026-Fri 14-42-41-PM,-0.3,1.52,-0.1,1.508,-0.1,1.428,-0.2,1.384,-0.3,1.308,-0.2,1.308,-0.2,1.164,0.1,1.312
05-01-2026-Fri 14-42-42-PM,0.0,1.512,-0.1,1.5,-0.1,1.42,0.0,1.38,-0.2,1.304,-0.1,1.304,0.1,1.16,0.2,1.312
05-01-2026-Fri 14-42-43-PM,0.1,1.504,-0.5,1.496,-0.4,1.412,-0.2,1.376,-0.1,1.304,0.0,1.304,-0.3,1.16,-0.3,1.304
05-01-2026-Fri 14-42-45-PM,-0.5,1.5,-0.1,1.488,-0.4,1.408,-0.3,1.372,-0.3,1.3,-0.3,1.3,-0.1,1.156,-0.1,1.304
05-01-2026-Fri 14-42-46-PM,-0.2,1.492,-0.5,1.484,0.0,1.4,0.0,1.364,-0.3,1.292,0.0,1.296,-0.2,1.156,0.1,1.296
05-01-2026-Fri 14-42-48-PM,0.1,1.488,-0.4,1.48,0.1,1.396,0.1,1.36,-0.4,1.292,0.1,1.292,-0.1,1.152,0.1,1.296
05-01-2026-Fri 14-42-49-PM,-0.2,1.484,-0.2,1.472,-0.2,1.392,-0.4,1.356,-0.3,1.288,0.0,1.288,-0.1,1.152,-0.1,1.292
05-01-2026-Fri 14-42-50-PM,-0.3,1.476,-0.2,1.464,-0.1,1.384,-0.2,1.348,-0.3,1.288,0.0,1.288,0.0,1.148,-0.3,1.288
05-01-2026-Fri 14-42-52-PM,-0.2,1.472,-0.4,1.464,0.1,1.38,-0.2,1.344,-0.4,1.284,-0.1,1.284,-0.2,1.148,-0.1,1.284
05-01-2026-Fri 14-42-53-PM,-0.2,1.464,-0.2,1.456,-0.1,1.38,0.0,1.344,-0.3,1.276,0.0,1.276,-0.3,1.144,0.0,1.28
05-01-2026-Fri 14-42-55-PM,-0.2,1.46,-0.3,1.452,0.0,1.372,0.0,1.336,-0.1,1.276,-0.3,1.28,-0.4,1.148,0.0,1.28
05-01-2026-Fri 14-42-56-PM,-0.4,1.456,-0.4,1.448,0.0,1.364,0.0,1.332,-0.4,1.28,0.1,1.276,-0.2,1.144,-0.1,1.272
05-01-2026-Fri 14-42-57-PM,-0.1,1.448,-0.2,1.444,0.0,1.364,-0.3,1.328,-0.2,1.276,-0.1,1.276,-0.2,1.144,-0.1,1.272
05-01-2026-Fri 14-42-59-PM,0.3,1.444,-0.3,1.44,-0.1,1.36,-0.2,1.324,0.2,1.272,0.1,1.272,-0.1,1.14,-0.1,1.272
05-01-2026-Fri 14-43-00-PM,0.2,1.436,-0.2,1.436,0.0,1.356,-0.2,1.32,-0.2,1.268,-0.1,1.264,0.0,1.136,0.1,1.264
05-01-2026-Fri 14-43-02-PM,-0.4,1.436,-0.2,1.428,-0.2,1.348,0.0,1.316,-0.2,1.264,-0.1,1.264,-0.2,1.136,-0.1,1.26
05-01-2026-Fri 14-43-03-PM,-0.1,1.428,-0.2,1.424,0.1,1.348,0.0,1.312,-0.3,1.264,0.0,1.26,0.1,1.136,-0.1,1.26
05-01-2026-Fri 14-43-04-PM,-0.3,1.428,-0.2,1.42,-0.1,1.34,0.0,1.308,-0.4,1.26,0.1,1.256,-0.3,1.132,0.0,1.26
05-01-2026-Fri 14-43-06-PM,-0.4,1.424,-0.1,1.416,-0.3,1.336,-0.1,1.308,-0.2,1.26,-0.1,1.256,-0.4,1.136,0.1,1.256
05-01-2026-Fri 14-43-07-PM,0.1,1.416,0.0,1.412,0.1,1.336,-0.3,1.3,-0.3,1.256,-0.2,1.256,-0.1,1.132,0.0,1.252
05-01-2026-Fri 14-43-09-PM,-0.4,1.416,-0.3,1.408,-0.1,1.332,0.0,1.3,-0.3,1.256,-0.2,1.252,-0.4,1.132,-0.1,1.252
05-01-2026-Fri 14-43-10-PM,-0.3,1.412,-0.2,1.404,0.0,1.328,-0.4,1.296,-0.4,1.256,0.0,1.248,-0.3,1.132,-0.1,1.248
05-01-2026-Fri 14-43-12-PM,0.1,1.404,-0.2,1.404,-0.1,1.324,-0.2,1.296,-0.1,1.252,0.0,1.252,0.0,1.128,0.2,1.248
05-01-2026-Fri 14-43-13-PM,0.0,1.4,-0.4,1.396,-0.2,1.32,0.0,1.288,-0.1,1.248,0.0,1.248,-0.2,1.128,-0.2,1.244
05-01-2026-Fri 14-43-15-PM,-0.4,1.396,-0.1,1.396,-0.1,1.32,0.0,1.288,-0.5,1.248,-0.3,1.244,-0.3,1.128,-0.2,1.244
05-01-2026-Fri 14-43-16-PM,-0.2,1.392,-0.3,1.392,0.1,1.316,-0.2,1.284,-0.3,1.244,-0.1,1.244,-0.1,1.12,0.2,1.24
05-01-2026-Fri 14-43-19-PM,0.1,5.28,0.2,5.284,0.3,5.276,0.2,5.284,0.2,5.28,0.1,5.276,-0.1,5.268,0.2,5.28
05-01-2026-Fri 14-43-22-PM,0.2,5.276,-0.1,5.284,0.3,5.276,0.1,5.28,-0.1,5.276,0.0,5.28,0.0,5.268,0.2,5.28
05-01-2026-Fri 14-43-24-PM,Power Off
05-01-2026-Fri 14-43-26-PM,-0.3,1.884,-0.2,1.792,-0.3,1.712,-0.2,1.7,-0.3,1.532,-0.3,1.524,-0.1,1.268,0.0,1.52
05-01-2026-Fri 14-43-27-PM,-0.1,1.784,-0.3,1.716,0.0,1.632,-0.2,1.604,-0.2,1.46,0.3,1.46,-0.2,1.236,-0.1,1.456
05-01-2026-Fri 14-43-28-PM,-0.4,1.716,-0.5,1.672,0.0,1.584,-0.2,1.548,-0.4,1.424,-0.2,1.42,0.0,1.216,0.0,1.42
05-01-2026-Fri 14-43-30-PM,-0.1,1.664,-0.2,1.628,0.3,1.54,0.1,1.5,-0.1,1.388,0.0,1.384,-0.1,1.2,0.0,1.388
05-01-2026-Fri 14-43-31-PM,-0.2,1.636,-0.2,1.6,-0.2,1.516,-0.2,1.48,-0.5,1.368,-0.2,1.368,-0.1,1.188,0.1,1.368
05-01-2026-Fri 14-43-33-PM,-0.3,1.608,-0.1,1.58,-0.2,1.492,-0.1,1.452,-0.1,1.352,0.3,1.352,-0.3,1.18,0.0,1.348
05-01-2026-Fri 14-43-34-PM,-0.2,1.58,-0.3,1.556,-0.1,1.468,-0.1,1.436,-0.3,1.336,0.0,1.336,-0.2,1.172,-0.1,1.336
05-01-2026-Fri 14-43-35-PM,-0.2,1.56,-0.2,1.544,-0.1,1.456,-0.1,1.42,-0.1,1.324,-0.1,1.324,-0.2,1.168,0.1,1.32
05-01-2026-Fri 14-43-37-PM,0.2,1.544,-0.3,1.528,0.0,1.444,-0.2,1.404,-0.3,1.316,0.0,1.316,0.1,1.16,-0.1,1.316
05-01-2026-Fri 14-43-38-PM,-0.4,1.532,-0.3,1.516,-0.1,1.432,-0.2,1.396,-0.3,1.308,0.1,1.308,-0.1,1.156,0.3,1.304
05-01-2026-Fri 14-43-40-PM,-0.3,1.516,-0.1,1.504,-0.1,1.42,-0.3,1.384,-0.3,1.304,-0.1,1.304,0.0,1.152,-0.4,1.296
05-01-2026-Fri 14-43-41-PM,-0.3,1.508,-0.4,1.492,-0.1,1.408,-0.1,1.372,-0.1,1.296,0.0,1.292,-0.1,1.148,0.0,1.292
05-01-2026-Fri 14-43-42-PM,-0.1,1.492,-0.2,1.484,-0.2,1.4,-0.1,1.364,-0.4,1.288,-0.2,1.288,0.0,1.144,-0.1,1.284
05-01-2026-Fri 14-43-44-PM,-0.1,1.484,-0.2,1.472,-0.1,1.392,-0.1,1.36,-0.2,1.284,0.0,1.28,-0.1,1.144,-0.1,1.28
05-01-2026-Fri 14-43-45-PM,-0.1,1.472,-0.3,1.464,0.0,1.38,0.0,1.352,-0.4,1.28,0.0,1.276,-0.1,1.14,-0.2,1.276
05-01-2026-Fri 14-43-47-PM,-0.5,1.464,-0.3,1.456,-0.2,1.372,-0.3,1.344,-0.3,1.272,0.0,1.272,-0.1,1.14,-0.3,1.268
05-01-2026-Fri 14-43-49-PM,-0.3,1.46,-0.1,1.448,-0.1,1.368,-0.1,1.336,-0.3,1.268,0.0,1.268,-0.3,1.136,0.1,1.264
05-01-2026-Fri 14-43-52-PM,-0.2,1.44,-0.2,1.432,-0.2,1.356,0.0,1.324,-0.2,1.26,-0.1,1.26,-0.2,1.128,0.0,1.256
05-01-2026-Fri 14-43-55-PM,0.0,1.428,-0.3,1.42,0.4,1.344,-0.2,1.312,-0.3,1.256,-0.1,1.252,-0.1,1.128,-0.1,1.252
05-01-2026-Fri 14-43-58-PM,Power On
05-01-2026-Fri 14-44-00-PM,0.2,5.28,0.1,5.28,0.1,5.276,0.0,5.28,0.1,5.28,0.2,5.28,-0.1,5.272,0.2,5.276
05-01-2026-Fri 14-44-03-PM,Power Off
05-01-2026-Fri 14-44-06-PM,-0.2,1.716,-0.3,1.664,0.1,1.58,-0.2,1.552,-0.2,1.416,-0.1,1.412,-0.3,1.204,-0.1,1.4
05-01-2026-Fri 14-44-07-PM,-0.4,1.62,-0.2,1.588,-0.1,1.504,-0.1,1.472,-0.3,1.352,0.0,1.352,-0.1,1.176,-0.1,1.348
05-01-2026-Fri 14-44-10-PM,-0.1,1.588,-0.5,1.564,-0.3,1.48,0.0,1.444,-0.2,1.332,-0.1,1.336,-0.1,1.168,0.0,1.332
05-01-2026-Fri 14-44-13-PM,0.0,1.544,-0.5,1.524,-0.2,1.444,0.1,1.408,-0.3,1.312,0.0,1.308,-0.3,1.152,-0.1,1.304
05-01-2026-Fri 14-44-15-PM,-0.2,1.508,-0.4,1.496,-0.1,1.416,-0.1,1.38,-0.3,1.292,0.0,1.292,-0.1,1.148,0.1,1.288
05-01-2026-Fri 14-44-18-PM,-0.3,1.484,-0.3,1.468,0.1,1.392,0.1,1.36,-0.3,1.28,0.0,1.276,-0.2,1.136,-0.1,1.272
05-01-2026-Fri 14-44-20-PM,-0.2,1.46,-0.2,1.452,-0.1,1.372,-0.2,1.34,-0.2,1.268,-0.3,1.268,-0.2,1.132,0.1,1.264
05-01-2026-Fri 14-44-21-PM,0.1,1.452,0.0,1.444,-0.1,1.368,-0.1,1.332,0.0,1.264,0.0,1.26,-0.2,1.132,-0.1,1.256
05-01-2026-Fri 14-44-23-PM,Power On
05-01-2026-Fri 14-44-24-PM,0.1,5.276,0.2,5.284,0.3,5.276,0.2,5.28,-0.1,5.28,0.3,5.28,-0.1,5.268,0.1,5.28
05-01-2026-Fri 14-44-26-PM,0.4,5.28,0.0,5.284,0.3,5.28,0.2,5.284,0.0,5.28,0.3,5.284,-0.3,5.268,0.2,5.28
05-01-2026-Fri 14-44-27-PM,0.2,5.28,0.1,5.288,0.0,5.276,0.2,5.284,-0.3,5.28,0.0,5.28,0.0,5.268,0.2,5.28
05-01-2026-Fri 14-44-28-PM,0.1,5.276,0.0,5.28,0.2,5.276,0.1,5.284,0.3,5.284,0.3,5.28,0.0,5.272,0.3,5.28
05-01-2026-Fri 14-44-30-PM,Power Off
05-01-2026-Fri 14-44-31-PM,-0.2,1.844,-0.3,1.764,0.0,1.692,-0.1,1.672,-0.4,1.492,-0.1,1.484,-0.1,1.236,0.0,1.476
05-01-2026-Fri 14-44-33-PM,0.1,1.76,-0.4,1.7,0.0,1.624,-0.2,1.588,-0.3,1.432,-0.3,1.428,-0.3,1.208,-0.2,1.42
05-01-2026-Fri 14-44-34-PM,-0.1,1.704,-0.3,1.66,-0.1,1.576,-0.3,1.54,-0.4,1.396,-0.2,1.396,-0.1,1.192,0.2,1.384
05-01-2026-Fri 14-44-35-PM,-0.1,1.66,-0.3,1.628,-0.2,1.544,-0.2,1.504,-0.3,1.372,-0.2,1.372,-0.1,1.184,0.0,1.36
05-01-2026-Fri 14-44-37-PM,0.1,1.624,-0.3,1.6,0.0,1.516,-0.1,1.476,0.0,1.352,0.0,1.352,-0.2,1.172,-0.1,1.34
05-01-2026-Fri 14-44-38-PM,0.0,1.6,0.0,1.576,0.0,1.496,-0.2,1.456,-0.1,1.34,-0.1,1.336,-0.1,1.164,-0.2,1.324
05-01-2026-Fri 14-44-40-PM,-0.2,1.572,-0.1,1.556,-0.1,1.476,0.0,1.436,-0.1,1.324,0.0,1.32,-0.3,1.156,-0.1,1.316
05-01-2026-Fri 14-44-41-PM,-0.1,1.552,-0.2,1.54,-0.4,1.456,-0.3,1.416,-0.4,1.312,0.0,1.308,0.0,1.152,-0.3,1.304
05-01-2026-Fri 14-44-42-PM,0.0,1.536,0.0,1.524,-0.1,1.444,-0.1,1.408,-0.2,1.304,0.0,1.304,0.0,1.148,0.0,1.296
05-01-2026-Fri 14-44-44-PM,-0.1,1.516,-0.2,1.508,-0.1,1.428,-0.2,1.392,-0.4,1.296,0.1,1.296,-0.1,1.144,-0.1,1.284
05-01-2026-Fri 14-44-45-PM,-0.1,1.504,-0.5,1.496,0.2,1.412,-0.2,1.376,-0.3,1.288,0.0,1.284,-0.2,1.14,0.0,1.28
05-01-2026-Fri 14-44-47-PM,-0.2,1.492,-0.1,1.484,-0.2,1.404,0.1,1.368,-0.3,1.28,0.1,1.28,-0.1,1.136,0.0,1.272
05-01-2026-Fri 14-44-48-PM,-0.2,1.48,-0.5,1.476,-0.2,1.392,-0.1,1.36,-0.2,1.276,-0.1,1.272,-0.3,1.136,0.0,1.264
05-01-2026-Fri 14-44-49-PM,-0.3,1.468,0.0,1.464,-0.1,1.388,-0.1,1.348,-0.3,1.272,-0.2,1.268,-0.2,1.132,0.2,1.256
05-01-2026-Fri 14-44-51-PM,0.1,1.46,-0.1,1.452,-0.2,1.376,-0.2,1.34,-0.5,1.264,-0.2,1.264,-0.1,1.132,0.1,1.256
05-01-2026-Fri 14-44-52-PM,-0.3,1.452,-0.2,1.444,-0.2,1.372,-0.1,1.332,-0.5,1.26,-0.1,1.26,-0.3,1.128,-0.1,1.252
05-01-2026-Fri 14-44-54-PM,-0.4,1.444,-0.3,1.436,0.0,1.364,-0.1,1.328,-0.2,1.256,-0.1,1.252,-0.3,1.124,0.0,1.244
05-01-2026-Fri 14-44-55-PM,-0.2,1.432,-0.1,1.432,0.1,1.356,0.0,1.324,-0.4,1.252,0.0,1.248,-0.3,1.12,-0.1,1.244
05-01-2026-Fri 14-44-56-PM,-0.1,1.428,-0.3,1.42,-0.2,1.352,-0.2,1.316,-0.1,1.248,-0.1,1.244,-0.1,1.12,0.0,1.236
05-01-2026-Fri 14-44-58-PM,-0.1,1.42,0.0,1.416,0.0,1.344,-0.1,1.312,-0.3,1.244,0.1,1.244,-0.2,1.116,0.2,1.232
05-01-2026-Fri 14-44-59-PM,-0.2,1.412,-0.2,1.408,-0.1,1.336,-0.2,1.304,-0.4,1.24,0.0,1.24,-0.3,1.112,0.3,1.228
05-01-2026-Fri 14-45-01-PM,-0.2,1.404,-0.4,1.4,0.0,1.332,-0.2,1.3,-0.3,1.236,-0.3,1.236,0.0,1.112,0.0,1.228
05-01-2026-Fri 14-45-02-PM,-0.1,1.396,-0.3,1.396,-0.1,1.324,0.1,1.292,-0.5,1.232,0.0,1.232,-0.2,1.108,0.1,1.224
05-01-2026-Fri 14-45-03-PM,-0.1,1.388,-0.1,1.388,-0.1,1.32,0.1,1.284,-0.3,1.232,0.0,1.228,0.2,1.104,0.0,1.224
05-01-2026-Fri 14-45-05-PM,-0.5,1.388,-0.1,1.384,0.0,1.316,0.2,1.284,-0.5,1.232,0.1,1.224,-0.2,1.104,-0.2,1.22
05-01-2026-Fri 14-45-06-PM,-0.2,1.38,-0.4,1.376,-0.2,1.312,-0.2,1.284,-0.3,1.228,0.1,1.22,0.2,1.1,0.1,1.216
05-01-2026-Fri 14-45-08-PM,-0.4,1.376,-0.2,1.376,-0.1,1.304,-0.1,1.276,-0.2,1.224,0.0,1.22,-0.2,1.1,0.0,1.212
05-01-2026-Fri 14-45-09-PM,-0.1,1.364,-0.2,1.368,-0.2,1.304,0.0,1.272,-0.1,1.22,-0.2,1.22,-0.3,1.1,0.0,1.212
05-01-2026-Fri 14-45-11-PM,0.2,1.364,-0.2,1.364,0.0,1.3,-0.2,1.272,0.0,1.22,-0.1,1.216,-0.2,1.096,-0.1,1.208
05-01-2026-Fri 14-45-12-PM,0.0,1.356,-0.2,1.36,-0.1,1.292,-0.3,1.264,-0.3,1.216,0.0,1.216,-0.3,1.092,-0.1,1.208
05-01-2026-Fri 14-45-13-PM,Power On
05-01-2026-Fri 14-45-15-PM,0.2,5.276,0.2,5.28,0.4,5.272,0.1,5.28,0.0,5.276,-0.1,5.276,0.1,5.264,0.0,5.28
05-01-2026-Fri 14-45-16-PM,0.3,5.276,0.2,5.28,-0.1,5.272,0.2,5.28,0.1,5.276,0.2,5.276,0.0,5.268,0.1,5.28
05-01-2026-Fri 14-45-17-PM,0.4,5.276,-0.2,5.276,0.4,5.272,0.0,5.28,0.1,5.276,0.4,5.276,0.0,5.268,0.2,5.276
05-01-2026-Fri 14-45-19-PM,0.1,5.276,0.1,5.28,0.1,5.272,0.0,5.276,0.1,5.276,0.1,5.276,0.1,5.268,0.3,5.28
05-01-2026-Fri 14-45-20-PM,0.3,5.28,0.2,5.28,0.0,5.272,0.0,5.28,0.0,5.28,0.1,5.276,0.1,5.268,0.3,5.28
05-01-2026-Fri 14-45-21-PM,Power Off
05-01-2026-Fri 14-45-23-PM,-0.1,1.792,-0.2,1.716,-0.3,1.648,-0.1,1.628,-0.2,1.456,0.2,1.444,-0.2,1.208,-0.2,1.424
05-01-2026-Fri 14-45-24-PM,-0.1,1.704,-0.5,1.652,0.0,1.58,-0.1,1.548,-0.2,1.396,-0.2,1.392,-0.2,1.184,-0.1,1.372
05-01-2026-Fri 14-45-26-PM,-0.4,1.648,-0.3,1.608,-0.1,1.532,-0.2,1.5,-0.1,1.36,-0.1,1.356,-0.2,1.168,0.2,1.34
05-01-2026-Fri 14-45-27-PM,-0.2,1.604,-0.3,1.576,0.0,1.496,-0.2,1.464,-0.1,1.336,-0.1,1.332,-0.2,1.156,0.0,1.32
05-01-2026-Fri 14-45-28-PM,-0.3,1.572,-0.5,1.552,0.2,1.472,0.0,1.436,-0.2,1.316,-0.2,1.316,-0.4,1.148,-0.2,1.304
05-01-2026-Fri 14-45-30-PM,-0.3,1.548,-0.2,1.532,-0.3,1.448,-0.1,1.416,-0.1,1.304,-0.1,1.3,0.0,1.144,-0.1,1.288
05-01-2026-Fri 14-45-31-PM,-0.2,1.524,-0.5,1.512,0.0,1.432,-0.3,1.396,-0.1,1.292,0.0,1.292,-0.2,1.14,0.1,1.28
05-01-2026-Fri 14-45-33-PM,-0.2,1.508,0.1,1.492,-0.1,1.42,-0.1,1.38,-0.5,1.284,0.1,1.28,-0.1,1.132,0.1,1.268
05-01-2026-Fri 14-45-34-PM,0.0,1.488,-0.5,1.476,0.1,1.404,-0.1,1.368,-0.2,1.276,-0.1,1.272,-0.2,1.128,-0.2,1.264
05-01-2026-Fri 14-45-36-PM,-0.2,1.476,-0.1,1.468,0.0,1.392,-0.3,1.356,-0.1,1.268,-0.2,1.264,-0.1,1.124,-0.2,1.256
05-01-2026-Fri 14-45-37-PM,-0.2,1.46,-0.2,1.452,-0.1,1.38,-0.3,1.344,-0.2,1.264,0.0,1.256,0.1,1.12,0.4,1.248
05-01-2026-Fri 14-45-38-PM,-0.3,1.448,-0.4,1.444,0.0,1.372,-0.1,1.336,-0.4,1.256,-0.2,1.252,-0.1,1.116,0.0,1.244
05-01-2026-Fri 14-45-40-PM,-0.1,1.436,-0.2,1.436,0.0,1.36,0.0,1.328,-0.2,1.252,-0.1,1.248,-0.1,1.116,-0.1,1.236
05-01-2026-Fri 14-45-42-PM,-0.3,1.428,-0.2,1.424,-0.3,1.352,0.1,1.316,-0.2,1.248,0.0,1.244,-0.2,1.112,0.1,1.236
05-01-2026-Fri 14-45-44-PM,-0.1,1.408,-0.2,1.404,-0.4,1.336,-0.1,1.304,-0.1,1.236,-0.2,1.236,-0.4,1.108,0.2,1.224
05-01-2026-Fri 14-45-47-PM,-0.2,1.392,0.1,1.392,0.1,1.324,-0.1,1.296,-0.1,1.232,0.1,1.228,-0.2,1.104,0.0,1.22
05-01-2026-Fri 14-45-50-PM,-0.4,1.38,-0.2,1.38,-0.1,1.312,0.0,1.284,-0.4,1.224,-0.1,1.22,-0.2,1.1,0.1,1.212
05-01-2026-Fri 14-45-53-PM,-0.3,1.364,-0.4,1.368,-0.3,1.3,-0.3,1.28,-0.2,1.212,0.1,1.216,-0.3,1.092,0.0,1.204
05-01-2026-Fri 14-45-54-PM,-0.2,1.36,-0.3,1.36,0.3,1.296,-0.1,1.268,-0.2,1.216,0.2,1.216,-0.2,1.088,-0.1,1.2
05-01-2026-Fri 14-45-55-PM,-0.2,1.352,-0.3,1.356,0.0,1.292,-0.3,1.264,0.0,1.212,0.1,1.208,-0.2,1.084,-0.1,1.2
05-01-2026-Fri 14-45-57-PM,-0.3,1.352,-0.4,1.352,-0.2,1.288,0.1,1.26,-0.6,1.212,0.0,1.204,0.0,1.084,-0.1,1.2
05-01-2026-Fri 14-45-58-PM,-0.1,1.34,-0.4,1.344,-0.1,1.28,0.0,1.256,0.0,1.208,-0.3,1.204,-0.1,1.084,-0.1,1.196
05-01-2026-Fri 14-46-00-PM,Power On
05-01-2026-Fri 14-46-01-PM,0.1,5.276,0.1,5.28,0.1,5.272,0.0,5.28,-0.2,5.276,0.2,5.276,0.1,5.268,0.0,5.276
05-01-2026-Fri 14-46-02-PM,0.4,5.272,-0.1,5.28,0.2,5.272,0.3,5.276,-0.1,5.276,0.1,5.276,0.0,5.264,0.0,5.276
05-01-2026-Fri 14-46-04-PM,0.4,5.276,0.0,5.276,0.1,5.272,0.2,5.276,0.0,5.276,0.1,5.276,-0.1,5.268,0.3,5.276
05-01-2026-Fri 14-46-05-PM,Power Off
05-01-2026-Fri 14-46-06-PM,-0.3,1.66,-0.2,1.596,-0.4,1.532,0.0,1.512,-0.4,1.364,-0.1,1.356,0.1,1.164,0.0,1.332
05-01-2026-Fri 14-46-08-PM,0.2,1.58,-0.1,1.54,-0.1,1.472,-0.1,1.448,-0.3,1.32,0.0,1.312,0.1,1.148,-0.1,1.3
05-01-2026-Fri 14-46-09-PM,-0.3,1.536,-0.3,1.504,0.2,1.436,-0.1,1.404,-0.3,1.292,0.0,1.292,-0.3,1.136,-0.1,1.276
05-01-2026-Fri 14-46-11-PM,-0.1,1.5,-0.4,1.48,-0.1,1.412,-0.5,1.376,0.0,1.28,0.1,1.272,-0.1,1.128,-0.1,1.26
05-01-2026-Fri 14-46-12-PM,-0.2,1.48,-0.3,1.46,0.1,1.392,-0.1,1.36,-0.3,1.264,0.1,1.26,-0.3,1.12,-0.1,1.252
05-01-2026-Fri 14-46-13-PM,-0.4,1.456,-0.1,1.444,0.1,1.372,-0.1,1.344,0.1,1.26,0.1,1.252,-0.3,1.116,-0.1,1.244
05-01-2026-Fri 14-46-15-PM,-0.3,1.44,-0.6,1.428,-0.1,1.36,0.1,1.332,-0.4,1.248,0.0,1.244,-0.2,1.112,0.0,1.236
05-01-2026-Fri 14-46-16-PM,0.1,1.424,0.0,1.416,0.2,1.348,-0.3,1.316,-0.1,1.244,0.0,1.24,-0.3,1.108,0.1,1.228
05-01-2026-Fri 14-46-17-PM,-0.2,1.412,-0.5,1.404,-0.1,1.34,0.0,1.304,-0.1,1.236,0.1,1.232,-0.1,1.104,0.0,1.22
05-01-2026-Fri 14-46-19-PM,-0.1,1.4,-0.2,1.396,-0.2,1.332,-0.4,1.296,-0.3,1.232,0.0,1.228,-0.3,1.1,0.0,1.22
05-01-2026-Fri 14-46-20-PM,0.0,1.392,-0.2,1.384,0.0,1.32,-0.1,1.288,-0.2,1.228,0.0,1.22,-0.3,1.096,-0.2,1.212
05-01-2026-Fri 14-46-22-PM,0.3,1.384,-0.1,1.376,-0.2,1.316,-0.1,1.284,-0.3,1.224,0.1,1.22,-0.4,1.096,0.3,1.208
05-01-2026-Fri 14-46-23-PM,-0.1,1.372,-0.4,1.368,-0.2,1.308,0.1,1.28,-0.2,1.22,-0.1,1.216,-0.3,1.092,0.0,1.204
05-01-2026-Fri 14-46-24-PM,0.0,1.364,-0.3,1.36,-0.1,1.3,-0.1,1.272,-0.2,1.216,-0.2,1.212,-0.3,1.088,-0.1,1.2
05-01-2026-Fri 14-46-26-PM,-0.1,1.356,-0.4,1.356,-0.1,1.292,-0.1,1.264,-0.5,1.208,-0.1,1.204,-0.2,1.084,0.1,1.196
05-01-2026-Fri 14-46-27-PM,-0.2,1.348,-0.3,1.348,-0.1,1.288,-0.3,1.256,-0.6,1.208,-0.1,1.204,-0.2,1.084,-0.2,1.196
05-01-2026-Fri 14-46-29-PM,-0.2,1.344,-0.3,1.34,-0.3,1.288,-0.1,1.252,-0.2,1.2,-0.1,1.204,-0.4,1.084,-0.2,1.192
05-01-2026-Fri 14-46-30-PM,-0.2,1.336,-0.1,1.336,0.3,1.276,0.0,1.252,-0.2,1.2,0.1,1.196,0.0,1.076,-0.1,1.188
05-01-2026-Fri 14-46-31-PM,0.3,1.328,-0.2,1.332,-0.1,1.272,-0.2,1.248,-0.2,1.2,0.0,1.192,-0.2,1.076,0.0,1.188
05-01-2026-Fri 14-46-33-PM,0.0,1.328,-0.2,1.328,-0.3,1.272,0.1,1.244,-0.1,1.196,0.0,1.192,-0.1,1.076,-0.2,1.18
05-01-2026-Fri 14-46-34-PM,0.1,1.32,-0.4,1.32,0.1,1.268,0.1,1.24,-0.3,1.192,-0.1,1.192,-0.3,1.072,-0.1,1.18
05-01-2026-Fri 14-46-36-PM,-0.1,1.316,-0.3,1.316,-0.1,1.26,-0.1,1.236,-0.3,1.192,-0.2,1.192,-0.2,1.072,-0.2,1.176
05-01-2026-Fri 14-46-37-PM,-0.1,1.312,0.1,1.312,-0.1,1.26,0.1,1.236,-0.3,1.188,-0.1,1.188,-0.2,1.072,0.0,1.18
05-01-2026-Fri 14-46-39-PM,-0.3,1.308,-0.5,1.308,-0.3,1.256,-0.4,1.232,-0.3,1.188,-0.1,1.184,0.0,1.064,-0.1,1.176
05-01-2026-Fri 14-46-40-PM,0.1,1.304,-0.3,1.308,0.0,1.256,0.0,1.232,-0.1,1.188,-0.2,1.184,0.1,1.068,-0.1,1.172
05-01-2026-Fri 14-46-42-PM,-0.1,1.304,-0.1,1.304,0.1,1.252,-0.3,1.228,-0.2,1.184,-0.1,1.18,-0.2,1.064,-0.1,1.172
05-01-2026-Fri 14-46-43-PM,-0.2,1.296,-0.1,1.3,0.1,1.248,-0.1,1.224,-0.4,1.184,-0.1,1.18,-0.5,1.064,-0.2,1.172
05-01-2026-Fri 14-46-44-PM,-0.2,1.292,-0.4,1.296,-0.2,1.244,-0.2,1.22,-0.2,1.18,0.1,1.176,-0.1,1.06,-0.1,1.168
05-01-2026-Fri 14-46-46-PM,-0.1,1.292,-0.3,1.292,-0.1,1.244,-0.1,1.216,-0.4,1.18,0.0,1.176,-0.4,1.06,0.3,1.168
05-01-2026-Fri 14-46-47-PM,-0.2,1.288,-0.1,1.292,0.2,1.24,-0.1,1.216,0.1,1.18,0.0,1.176,0.0,1.056,-0.1,1.168
05-01-2026-Fri 14-46-49-PM,Power On
05-01-2026-Fri 14-46-50-PM,0.2,5.276,0.0,5.28,0.1,5.272,0.0,5.276,0.0,5.276,0.4,5.272,-0.1,5.264,0.3,5.276
05-01-2026-Fri 14-46-51-PM,-0.1,5.276,0.2,5.28,0.3,5.272,0.2,5.28,-0.1,5.276,0.1,5.276,-0.1,5.268,0.5,5.28
05-01-2026-Fri 14-46-53-PM,0.3,5.276,-0.1,5.28,0.0,5.272,0.1,5.276,-0.1,5.276,0.0,5.276,0.1,5.264,0.2,5.276
05-01-2026-Fri 14-46-54-PM,0.3,5.272,-0.1,5.28,0.4,5.272,0.1,5.28,0.0,5.272,0.2,5.276,0.1,5.264,0.1,5.276
05-01-2026-Fri 14-46-55-PM,0.1,5.276,0.0,5.28,0.3,5.268,0.2,5.28,0.1,5.276,0.3,5.276,0.1,5.268,0.0,5.28
05-01-2026-Fri 14-46-57-PM,Power Off
05-01-2026-Fri 14-46-58-PM,0.1,1.656,-0.2,1.588,-0.1,1.532,-0.2,1.516,-0.3,1.368,-0.1,1.352,-0.2,1.16,-0.3,1.328
05-01-2026-Fri 14-47-00-PM,-0.4,1.58,-0.6,1.532,-0.1,1.464,-0.1,1.44,-0.3,1.316,0.2,1.308,-0.5,1.136,0.0,1.288
05-01-2026-Fri 14-47-01-PM,-0.2,1.532,-0.2,1.496,0.1,1.428,0.0,1.4,-0.3,1.288,0.2,1.284,-0.1,1.128,0.0,1.268
05-01-2026-Fri 14-47-02-PM,-0.1,1.496,-0.2,1.464,-0.2,1.404,-0.1,1.372,-0.4,1.272,-0.2,1.268,0.0,1.116,0.1,1.256
05-01-2026-Fri 14-47-04-PM,-0.2,1.468,-0.3,1.444,-0.2,1.38,-0.3,1.348,0.0,1.26,-0.2,1.252,-0.2,1.116,-0.1,1.244
05-01-2026-Fri 14-47-05-PM,0.0,1.444,-0.2,1.428,-0.1,1.36,-0.2,1.332,-0.1,1.248,-0.1,1.244,-0.3,1.108,0.0,1.232
05-01-2026-Fri 14-47-07-PM,-0.2,1.424,-0.1,1.412,-0.4,1.348,-0.3,1.316,-0.1,1.24,0.1,1.236,-0.1,1.104,0.2,1.224
05-01-2026-Fri 14-47-08-PM,-0.1,1.412,-0.2,1.4,-0.3,1.332,-0.1,1.304,-0.3,1.232,-0.1,1.228,0.0,1.1,-0.1,1.22
05-01-2026-Fri 14-47-09-PM,-0.2,1.396,-0.1,1.388,0.0,1.324,-0.2,1.296,-0.3,1.228,-0.1,1.22,0.2,1.092,-0.2,1.212
05-01-2026-Fri 14-47-11-PM,-0.1,1.384,-0.1,1.38,0.0,1.316,0.0,1.284,-0.3,1.22,0.0,1.216,-0.2,1.088,0.1,1.208
05-01-2026-Fri 14-47-12-PM,-0.3,1.372,-0.1,1.368,-0.1,1.308,-0.3,1.28,-0.4,1.216,0.2,1.212,-0.2,1.088,-0.3,1.204
05-01-2026-Fri 14-47-13-PM,-0.3,1.364,-0.2,1.36,0.3,1.3,0.0,1.272,-0.4,1.212,-0.1,1.208,0.0,1.084,-0.1,1.2
05-01-2026-Fri 14-47-15-PM,-0.2,1.352,-0.4,1.352,0.0,1.292,-0.2,1.264,0.0,1.208,0.0,1.204,0.2,1.08,0.0,1.196
05-01-2026-Fri 14-47-16-PM,0.0,1.348,-0.2,1.34,0.2,1.288,-0.3,1.256,-0.2,1.204,0.0,1.2,-0.1,1.076,-0.1,1.196
05-01-2026-Fri 14-47-18-PM,-0.3,1.34,-0.2,1.336,-0.1,1.28,0.0,1.252,-0.3,1.2,-0.2,1.196,-0.1,1.076,-0.1,1.188
05-01-2026-Fri 14-47-19-PM,0.2,1.332,-0.1,1.328,0.0,1.276,-0.1,1.248,-0.5,1.2,0.0,1.188,-0.3,1.072,0.0,1.184
05-01-2026-Fri 14-47-20-PM,-0.1,1.324,-0.4,1.324,0.1,1.272,-0.2,1.24,-0.2,1.192,0.2,1.188,-0.3,1.068,0.0,1.184
05-01-2026-Fri 14-47-22-PM,-0.1,1.316,0.0,1.32,-0.1,1.264,-0.1,1.24,-0.1,1.192,0.2,1.188,-0.2,1.068,0.0,1.18
05-01-2026-Fri 14-47-24-PM,-0.1,1.316,-0.2,1.316,-0.2,1.26,-0.2,1.236,-0.3,1.188,-0.1,1.184,-0.2,1.064,-0.4,1.176
05-01-2026-Fri 14-47-27-PM,-0.1,1.304,-0.1,1.304,0.0,1.256,-0.3,1.228,-0.2,1.184,-0.1,1.176,-0.2,1.06,0.0,1.172
05-01-2026-Fri 14-47-29-PM,-0.2,1.296,-0.5,1.296,0.0,1.248,-0.2,1.224,-0.1,1.18,0.0,1.176,-0.1,1.06,-0.2,1.168
05-01-2026-Fri 14-47-32-PM,-0.3,1.288,-0.3,1.288,0.1,1.24,-0.2,1.212,-0.1,1.176,-0.1,1.172,-0.1,1.056,-0.1,1.164
05-01-2026-Fri 14-47-34-PM,Power On
05-01-2026-Fri 14-47-35-PM,0.2,5.276,-0.1,5.284,0.1,5.272,0.2,5.28,-0.3,5.28,0.1,5.276,-0.1,5.268,0.0,5.28
05-01-2026-Fri 14-47-37-PM,-0.1,5.28,0.1,5.28,0.1,5.276,0.0,5.28,-0.1,5.28,0.0,5.276,-0.1,5.268,0.0,5.28
05-01-2026-Fri 14-47-38-PM,-0.2,5.28,-0.2,5.28,0.2,5.272,0.2,5.28,-0.1,5.28,0.0,5.276,-0.1,5.268,-0.1,5.28
05-01-2026-Fri 14-47-39-PM,-0.1,5.276,-0.2,5.28,0.0,5.276,0.2,5.28,-0.1,5.284,0.2,5.276,-0.1,5.268,0.0,5.28
05-01-2026-Fri 14-47-41-PM,Power Off
05-01-2026-Fri 14-47-42-PM,0.0,1.6,-0.3,1.528,0.0,1.476,0.0,1.46,-0.3,1.324,-0.1,1.312,-0.2,1.14,-0.1,1.292
05-01-2026-Fri 14-47-43-PM,-0.1,1.524,-0.3,1.48,0.1,1.42,-0.3,1.396,-0.5,1.284,-0.1,1.276,0.1,1.124,0.0,1.26
05-01-2026-Fri 14-47-45-PM,-0.1,1.48,-0.3,1.444,-0.1,1.384,-0.3,1.356,-0.3,1.26,-0.1,1.256,-0.1,1.112,0.1,1.244
05-01-2026-Fri 14-47-46-PM,0.1,1.444,-0.2,1.42,-0.2,1.364,-0.3,1.328,-0.5,1.248,0.2,1.24,-0.3,1.104,0.0,1.232
05-01-2026-Fri 14-47-48-PM,-0.1,1.42,-0.2,1.4,-0.1,1.344,-0.1,1.316,-0.4,1.236,-0.1,1.228,0.0,1.096,-0.1,1.22
05-01-2026-Fri 14-47-49-PM,-0.2,1.4,-0.4,1.384,-0.3,1.324,-0.1,1.3,-0.4,1.228,-0.3,1.22,-0.2,1.092,0.4,1.212
05-01-2026-Fri 14-47-50-PM,-0.2,1.384,-0.1,1.372,-0.3,1.312,-0.2,1.284,-0.1,1.22,-0.1,1.212,-0.3,1.084,0.0,1.204
05-01-2026-Fri 14-47-52-PM,-0.3,1.372,0.0,1.36,0.0,1.304,0.1,1.276,-0.2,1.212,0.1,1.208,-0.2,1.08,-0.1,1.2
05-01-2026-Fri 14-47-53-PM,-0.2,1.36,-0.3,1.348,-0.2,1.296,0.1,1.268,-0.5,1.208,0.1,1.2,-0.1,1.076,0.0,1.196
05-01-2026-Fri 14-47-55-PM,-0.3,1.348,-0.3,1.34,-0.2,1.288,-0.4,1.26,-0.2,1.204,0.3,1.2,-0.2,1.072,0.0,1.188
05-01-2026-Fri 14-47-56-PM,-0.3,1.336,-0.2,1.332,0.3,1.28,-0.1,1.252,-0.2,1.196,-0.3,1.196,-0.2,1.072,-0.1,1.184
05-01-2026-Fri 14-47-58-PM,-0.2,1.328,-0.1,1.328,-0.1,1.272,-0.2,1.244,-0.2,1.192,-0.2,1.188,0.1,1.068,-0.2,1.184
05-01-2026-Fri 14-47-59-PM,-0.3,1.32,-0.3,1.316,0.0,1.268,0.1,1.24,-0.5,1.192,0.0,1.188,-0.2,1.064,-0.1,1.18
05-01-2026-Fri 14-48-02-PM,-0.7,1.312,-0.1,1.308,-0.1,1.26,-0.2,1.232,-0.2,1.184,-0.3,1.18,-0.2,1.064,0.1,1.176
05-01-2026-Fri 14-48-05-PM,-0.2,1.3,-0.4,1.3,-0.1,1.252,-0.3,1.228,-0.2,1.18,-0.2,1.176,-0.4,1.06,0.0,1.168
05-01-2026-Fri 14-48-07-PM,-0.1,1.292,-0.2,1.292,-0.2,1.24,0.0,1.22,-0.3,1.176,0.1,1.172,-0.1,1.052,0.2,1.164
05-01-2026-Fri 14-48-09-PM,0.0,1.284,-0.3,1.284,-0.2,1.24,-0.2,1.216,-0.4,1.172,0.1,1.168,-0.3,1.052,-0.2,1.16
05-01-2026-Fri 14-48-10-PM,-0.3,1.28,-0.4,1.284,-0.3,1.232,-0.1,1.212,-0.4,1.172,0.0,1.164,0.0,1.048,0.0,1.16
05-01-2026-Fri 14-48-12-PM,-0.3,1.276,-0.4,1.276,0.1,1.228,0.0,1.204,0.0,1.168,0.1,1.164,0.0,1.048,-0.1,1.16
05-01-2026-Fri 14-48-13-PM,0.1,1.272,-0.4,1.272,-0.1,1.228,0.0,1.204,-0.1,1.168,0.0,1.164,-0.1,1.048,0.0,1.156
05-01-2026-Fri 14-48-14-PM,-0.1,1.272,-0.2,1.272,-0.1,1.228,-0.1,1.2,-0.5,1.164,0.0,1.16,-0.3,1.044,-0.2,1.156
05-01-2026-Fri 14-48-16-PM,-0.4,1.268,-0.1,1.264,-0.2,1.224,-0.1,1.2,-0.2,1.164,0.0,1.16,0.0,1.044,0.0,1.152
05-01-2026-Fri 14-48-18-PM,-0.2,1.264,-0.5,1.264,-0.1,1.22,-0.1,1.196,-0.1,1.164,0.2,1.156,-0.1,1.044,-0.1,1.152
05-01-2026-Fri 14-48-19-PM,-0.1,1.26,-0.2,1.264,-0.1,1.212,0.2,1.192,-0.4,1.16,0.0,1.156,-0.1,1.04,0.0,1.148
05-01-2026-Fri 14-48-20-PM,-0.1,1.256,-0.4,1.256,0.1,1.212,0.1,1.192,0.0,1.16,-0.2,1.156,-0.1,1.04,0.0,1.148
05-01-2026-Fri 14-48-22-PM,0.1,1.252,-0.2,1.252,-0.3,1.212,-0.1,1.188,-0.5,1.16,0.0,1.148,-0.2,1.04,-0.2,1.148
05-01-2026-Fri 14-48-23-PM,-0.2,1.252,0.0,1.252,-0.1,1.212,-0.1,1.188,-0.3,1.156,0.0,1.152,-0.2,1.036,0.0,1.144
05-01-2026-Fri 14-48-25-PM,0.1,1.248,-0.1,1.248,0.0,1.204,0.0,1.184,-0.4,1.152,0.1,1.148,-0.1,1.036,-0.1,1.144
05-01-2026-Fri 14-48-26-PM,-0.3,1.244,-0.3,1.248,0.0,1.208,-0.1,1.184,-0.3,1.152,0.0,1.148,-0.3,1.036,-0.1,1.144
05-01-2026-Fri 14-48-28-PM,0.1,1.244,-0.2,1.248,0.0,1.204,-0.3,1.18,-0.3,1.152,0.0,1.152,-0.1,1.032,-0.2,1.144
05-01-2026-Fri 14-48-29-PM,-0.2,1.244,-0.2,1.244,-0.2,1.2,-0.3,1.18,-0.2,1.148,-0.1,1.144,0.0,1.032,-0.1,1.136
05-01-2026-Fri 14-48-31-PM,-0.2,1.24,-0.4,1.244,0.1,1.2,-0.5,1.176,-0.6,1.152,0.0,1.144,-0.3,1.028,-0.2,1.14
05-01-2026-Fri 14-48-32-PM,-0.2,1.24,-0.2,1.24,-0.2,1.196,0.1,1.176,-0.3,1.148,0.0,1.144,-0.1,1.032,-0.1,1.136
05-01-2026-Fri 14-48-33-PM,Power On
05-01-2026-Fri 14-48-35-PM,0.3,5.28,-0.2,5.28,0.2,5.276,0.0,5.28,0.2,5.276,0.1,5.276,0.1,5.272,0.1,5.28
05-01-2026-Fri 14-48-36-PM,-0.1,5.276,0.1,5.284,0.1,5.276,0.1,5.28,0.0,5.28,0.4,5.28,0.0,5.268,0.1,5.28
05-01-2026-Fri 14-48-37-PM,-0.2,5.28,0.2,5.28,0.2,5.276,0.6,5.28,0.2,5.276,0.1,5.284,0.0,5.268,0.2,5.28
05-01-2026-Fri 14-48-39-PM,0.0,5.28,0.0,5.284,0.2,5.272,0.3,5.28,-0.2,5.276,0.0,5.276,0.0,5.268,0.1,5.28
05-01-2026-Fri 14-48-40-PM,0.1,5.276,0.0,5.284,0.3,5.272,0.0,5.28,-0.1,5.276,0.0,5.276,0.1,5.268,0.0,5.28
05-01-2026-Fri 14-48-42-PM,0.2,5.28,-0.2,5.284,0.2,5.276,0.1,5.284,-0.1,5.28,0.0,5.28,-0.1,5.272,0.2,5.28
05-01-2026-Fri 14-48-43-PM,Power Off
05-01-2026-Fri 14-48-44-PM,-0.2,1.584,-0.3,1.512,-0.3,1.464,-0.1,1.444,-0.1,1.316,0.0,1.296,0.1,1.132,0.3,1.28
