Timestamp,T1 - COM14,T2 - COM4,T3 - COM6,T4 - COM18,T5 - COM16,T6 - COM16,T7 - COM14,T8 - COM14
05-01-2026-Fri 12-38-33-PM,23.5701,23.7394,23.5701,26.4455,24.3144,24.653,
05-01-2026-Fri 12-38-35-PM,23.5701,23.7394,23.5032,26.4455,24.3482,24.6192,
05-01-2026-Fri 12-38-36-PM,23.5701,23.7394,23.5032,26.4125,24.3144,24.6192,
05-01-2026-Fri 12-38-37-PM,23.6048,23.7394,23.5701,26.4455,24.3144,24.653,
05-01-2026-Fri 12-38-39-PM,23.6048,23.7394,23.5701,26.4125,24.3144,24.653,
05-01-2026-Fri 12-38-40-PM,23.5701,23.7394,23.5371,26.3778,24.3144,24.653,
05-01-2026-Fri 12-38-42-PM,23.6048,23.7394,23.5371,26.4125,24.3482,24.653,
05-01-2026-Fri 12-38-43-PM,23.6048,23.7394,23.5032,26.4455,24.3482,24.6192,
05-01-2026-Fri 12-38-44-PM,23.5701,23.7733,23.5701,26.3778,24.3144,24.6192,
05-01-2026-Fri 12-38-46-PM,23.6048,23.7394,23.6387,26.4125,24.3482,24.6192,
05-01-2026-Fri 12-38-47-PM,23.6048,23.7394,23.5701,26.4455,24.3144,24.6192,
05-01-2026-Fri 12-38-49-PM,23.6048,23.7394,23.5701,26.4125,24.3144,24.653,
05-01-2026-Fri 12-38-50-PM,23.5701,23.7394,23.5371,26.4125,24.3144,24.6192,
05-01-2026-Fri 12-38-51-PM,23.5701,23.7394,23.5371,26.4125,24.3144,24.653,
05-01-2026-Fri 12-38-53-PM,23.5701,23.7394,23.5371,26.4125,24.2805,24.6192,
05-01-2026-Fri 12-38-54-PM,23.5701,23.7394,23.5032,26.3778,24.3144,24.6192,
05-01-2026-Fri 12-38-56-PM,23.5701,23.7394,23.5371,26.3447,24.3144,24.6192,
05-01-2026-Fri 12-38-57-PM,23.5701,23.7394,23.5032,26.4125,24.3144,24.653,
05-01-2026-Fri 12-38-58-PM,23.6048,23.7394,23.6048,26.3778,24.2805,24.6192,
05-01-2026-Fri 12-39-00-PM,23.5701,23.7394,23.5032,26.4125,24.3144,24.6192,
05-01-2026-Fri 12-39-01-PM,23.6048,23.7394,23.5371,26.4125,24.3144,24.6192,
05-01-2026-Fri 12-39-03-PM,23.6048,23.7064,23.5701,26.3778,24.3144,24.653,
05-01-2026-Fri 12-39-04-PM,23.5701,23.7064,23.5371,26.4125,24.3144,24.6192,
05-01-2026-Fri 12-39-05-PM,23.6048,23.7064,23.5701,26.4455,24.3144,24.6192,
05-01-2026-Fri 12-39-07-PM,23.5701,23.7394,23.5371,26.4125,24.3144,24.6192,
05-01-2026-Fri 12-39-08-PM,23.5701,23.7394,23.5371,26.3778,24.3144,24.6192,
05-01-2026-Fri 12-39-10-PM,23.5701,23.7394,23.5371,26.3778,24.3144,24.6192,
05-01-2026-Fri 12-39-11-PM,23.5701,23.7394,23.5371,26.3778,24.3144,24.6192,
05-01-2026-Fri 12-39-12-PM,23.5701,23.7394,23.5032,26.3778,24.2805,24.5853,
05-01-2026-Fri 12-39-14-PM,23.5701,23.7394,23.5371,26.4125,24.3144,24.6192,
05-01-2026-Fri 12-39-15-PM,23.5701,23.7064,23.5032,26.4125,24.3144,24.6192,
05-01-2026-Fri 12-39-17-PM,23.5701,23.7064,23.5371,26.4455,24.2805,24.5853,
05-01-2026-Fri 12-39-18-PM,23.5701,23.7394,23.5701,26.3778,24.3144,24.5853,
05-01-2026-Fri 12-39-19-PM,23.5701,23.7064,23.5701,26.3778,24.3144,24.5853,
05-01-2026-Fri 12-39-21-PM,23.5701,23.7064,23.5371,26.4125,24.3144,24.5853,
05-01-2026-Fri 12-39-22-PM,23.5371,23.7394,23.5032,26.3778,24.3144,24.5853,
05-01-2026-Fri 12-39-24-PM,23.5371,23.7064,23.5032,26.4455,24.3144,24.5853,
05-01-2026-Fri 12-39-25-PM,23.6048,23.7064,23.5371,26.4125,24.2805,24.6192,
05-01-2026-Fri 12-39-27-PM,23.5701,23.7064,23.5371,26.4125,24.2805,24.5853,
05-01-2026-Fri 12-39-28-PM,23.6048,23.7064,23.5032,26.4125,24.3144,24.5853,
05-01-2026-Fri 12-39-30-PM,23.5371,23.7064,23.5371,26.3778,24.2805,24.5853,
05-01-2026-Fri 12-39-31-PM,23.5701,23.7064,23.5371,26.3778,24.3144,24.5853,
05-01-2026-Fri 12-39-32-PM,23.5701,23.7064,23.5701,26.4125,24.2805,24.5853,
05-01-2026-Fri 12-39-34-PM,23.5701,23.7064,23.5032,26.3778,24.3144,24.5853,
05-01-2026-Fri 12-39-35-PM,23.5701,23.7064,23.5032,26.4125,24.2805,24.5853,
05-01-2026-Fri 12-39-37-PM,23.5701,23.7064,23.5371,26.4125,24.2805,24.5853,
05-01-2026-Fri 12-39-38-PM,23.5701,23.7064,23.4693,26.3778,24.2805,24.5514,
05-01-2026-Fri 12-39-39-PM,23.5371,23.6717,23.5371,26.4455,24.2805,24.5853,
05-01-2026-Fri 12-39-41-PM,23.5371,23.7064,23.5032,26.4125,24.2805,24.5853,
05-01-2026-Fri 12-39-43-PM,23.5701,23.7064,23.5032,26.3778,24.2805,24.5853,
05-01-2026-Fri 12-39-44-PM,23.5701,23.6717,23.5371,26.4125,24.2805,24.5853,
05-01-2026-Fri 12-39-45-PM,23.5371,23.6717,23.5371,26.4125,24.2805,24.5853,
05-01-2026-Fri 12-39-47-PM,23.5371,23.7064,23.4693,26.4125,24.2805,24.5853,
05-01-2026-Fri 12-39-48-PM,23.5701,23.7064,23.5371,26.3778,24.2805,24.5514,
05-01-2026-Fri 12-39-50-PM,23.5371,23.7064,23.5032,26.3778,24.2466,24.5853,
05-01-2026-Fri 12-39-51-PM,23.5701,23.7064,23.5032,26.4125,24.2805,24.5853,
05-01-2026-Fri 12-39-52-PM,23.5371,23.6717,23.5371,26.4125,24.2805,24.5514,
05-01-2026-Fri 12-39-54-PM,23.5371,23.7064,23.5032,26.3778,24.2805,24.5514,
05-01-2026-Fri 12-39-55-PM,23.5701,23.6717,23.5371,26.3778,24.2805,24.5853,
05-01-2026-Fri 12-39-57-PM,23.5371,23.7064,23.5032,26.3778,24.2805,24.5514,
05-01-2026-Fri 12-39-58-PM,23.5371,23.7064,23.5371,26.3447,24.2805,24.5514,
05-01-2026-Fri 12-39-59-PM,23.5371,23.7064,23.5032,26.4125,24.2805,24.5514,
05-01-2026-Fri 12-40-01-PM,23.5371,23.7064,23.5032,26.3778,24.2805,24.5514,
05-01-2026-Fri 12-40-02-PM,23.5371,23.7064,23.5032,26.3447,24.2805,24.5514,
05-01-2026-Fri 12-40-04-PM,23.5701,23.7064,23.4693,26.3778,24.2805,24.5514,
05-01-2026-Fri 12-40-05-PM,23.5701,23.7064,23.5032,26.4125,24.2805,24.5514,
05-01-2026-Fri 12-40-06-PM,23.5701,23.7064,23.5032,26.3109,24.2466,24.5514,
05-01-2026-Fri 12-40-08-PM,23.5701,23.7064,23.5371,26.3447,24.2805,24.5514,
05-01-2026-Fri 12-40-10-PM,23.5701,23.6717,23.5032,26.2762,24.2805,24.5514,
05-01-2026-Fri 12-40-11-PM,23.5701,23.6717,23.5032,26.3447,24.2466,24.5514,
05-01-2026-Fri 12-40-12-PM,23.5701,23.6717,23.5371,26.3447,24.2466,24.5514,
05-01-2026-Fri 12-40-14-PM,23.7064,23.9426,23.5371,26.3109,24.2805,24.6192,
05-01-2026-Fri 12-40-15-PM,23.6048,23.6387,23.4693,26.3778,24.2128,24.5176,
05-01-2026-Fri 12-40-17-PM,23.5032,23.9426,23.5371,26.3447,24.2805,24.4837,
05-01-2026-Fri 12-40-18-PM,23.7394,23.7394,23.5032,26.4125,24.2466,24.5853,
05-01-2026-Fri 12-40-19-PM,23.6048,23.8072,23.5032,26.3447,24.3144,24.6192,
05-01-2026-Fri 12-40-21-PM,23.6387,23.841,23.5371,26.3109,24.2805,24.5853,
05-01-2026-Fri 12-40-22-PM,23.5701,23.7064,23.5032,26.3778,24.2805,24.5853,
05-01-2026-Fri 12-40-24-PM,23.5701,23.7064,23.5371,26.3778,24.2805,24.5853,
05-01-2026-Fri 12-40-25-PM,23.5701,23.7064,23.5371,26.3447,24.2466,24.5514,
05-01-2026-Fri 12-40-26-PM,23.6048,23.7064,23.5701,26.3447,24.2466,24.5853,
05-01-2026-Fri 12-40-28-PM,23.5701,23.7064,23.5701,26.3778,24.2805,24.5853,
05-01-2026-Fri 12-40-30-PM,23.6048,23.6717,23.5371,26.3778,24.2466,24.5853,
05-01-2026-Fri 12-40-31-PM,23.6048,23.6717,23.5701,26.3109,24.2805,24.5853,
05-01-2026-Fri 12-40-32-PM,23.5701,23.7064,23.5701,26.3778,24.2805,24.5853,
05-01-2026-Fri 12-40-34-PM,23.6048,23.7064,23.6048,26.3447,24.2805,24.5514,
05-01-2026-Fri 12-40-35-PM,23.6048,23.7064,23.5701,26.3778,24.2466,24.5514,
05-01-2026-Fri 12-40-37-PM,23.5701,23.7064,23.5701,26.3778,24.2466,24.5514,
05-01-2026-Fri 12-40-38-PM,23.5701,23.6717,23.5701,26.3447,24.2466,24.5514,
05-01-2026-Fri 12-40-39-PM,23.5701,23.7064,23.5371,26.3778,24.2805,24.5853,
05-01-2026-Fri 12-40-41-PM,23.6048,23.7064,23.5701,26.3778,24.2466,24.5514,
05-01-2026-Fri 12-40-42-PM,23.5701,23.7064,23.5701,26.3778,24.2805,24.5514,
05-01-2026-Fri 12-40-43-PM,23.5701,23.6717,23.5701,26.4125,24.2805,24.5514,
05-01-2026-Fri 12-40-45-PM,23.5701,23.6717,23.5371,26.3778,24.2805,24.5514,
05-01-2026-Fri 12-40-46-PM,23.5701,23.7064,23.5371,26.3778,24.2805,24.5514,
05-01-2026-Fri 12-40-48-PM,23.5701,23.7064,23.5701,26.3447,24.2805,24.5514,
05-01-2026-Fri 12-40-49-PM,23.5701,23.6717,23.5701,26.3447,24.2805,24.5514,
05-01-2026-Fri 12-40-50-PM,23.5701,23.6717,23.5371,26.3447,24.2805,24.5514,
05-01-2026-Fri 12-40-52-PM,23.5701,23.6717,23.5371,26.3778,24.2466,24.5514,
05-01-2026-Fri 12-40-53-PM,23.5701,23.6717,23.5371,26.3778,24.2466,24.5176,
05-01-2026-Fri 12-40-55-PM,23.5371,23.6717,23.5701,26.3778,24.2805,24.5176,
05-01-2026-Fri 12-40-56-PM,23.5701,23.7064,23.5371,26.3778,24.2466,24.5514,
05-01-2026-Fri 12-40-57-PM,23.5701,23.7064,23.5701,26.3109,24.3144,24.5176,
05-01-2026-Fri 12-40-59-PM,23.5701,23.6717,23.5371,26.3109,24.2466,24.5514,
05-01-2026-Fri 12-41-00-PM,23.6048,23.6717,23.5371,26.3447,24.2466,24.5514,
05-01-2026-Fri 12-41-02-PM,23.5701,23.7064,23.5701,26.3447,24.2466,24.5176,
05-01-2026-Fri 12-41-03-PM,23.5371,23.6717,23.5371,26.3109,24.2466,24.5176,
05-01-2026-Fri 12-41-04-PM,23.5701,23.6717,23.5032,26.3447,24.2466,24.5176,
05-01-2026-Fri 12-41-06-PM,23.5701,23.6717,23.5371,26.3447,24.2466,24.5176,
05-01-2026-Fri 12-41-07-PM,23.5371,23.6717,23.5371,26.3447,24.2466,24.5176,
05-01-2026-Fri 12-41-09-PM,23.5701,23.6717,23.5032,26.3447,24.2466,24.5176,
05-01-2026-Fri 12-41-10-PM,23.5371,23.6717,23.5371,26.3447,24.2466,24.5514,
05-01-2026-Fri 12-41-11-PM,23.5701,23.6717,23.5032,26.3109,24.2466,24.5176,
05-01-2026-Fri 12-41-13-PM,23.5701,23.6387,23.4693,26.3109,24.2466,24.5176,
05-01-2026-Fri 12-41-14-PM,23.5701,23.6717,23.5032,26.3447,24.2466,24.5176,
05-01-2026-Fri 12-41-16-PM,23.5701,23.6717,23.4693,26.3778,24.2466,24.5176,
05-01-2026-Fri 12-41-17-PM,23.5701,23.6717,23.5032,26.3778,24.2466,24.5514,
05-01-2026-Fri 12-41-18-PM,23.5701,23.6717,23.5701,26.2762,24.2466,24.4837,
05-01-2026-Fri 12-41-20-PM,23.5371,23.6717,23.5371,26.3447,24.2466,24.5176,
05-01-2026-Fri 12-41-21-PM,23.5371,23.6387,23.5701,26.3778,24.2466,24.5176,
05-01-2026-Fri 12-41-23-PM,23.5701,23.6717,23.5701,26.3109,24.2805,24.5176,
05-01-2026-Fri 12-41-24-PM,23.5371,23.6717,23.5371,26.3447,24.2466,24.5176,
05-01-2026-Fri 12-41-25-PM,23.5371,23.6717,23.5371,26.3447,24.2466,24.5176,
05-01-2026-Fri 12-41-27-PM,23.5701,23.6717,23.5371,26.3109,24.2466,24.5176,
05-01-2026-Fri 12-41-28-PM,23.5371,23.6387,23.5032,26.2762,24.2466,24.5176,
05-01-2026-Fri 12-41-29-PM,23.5371,23.6717,23.5701,26.2762,24.2466,24.5176,
05-01-2026-Fri 12-41-31-PM,23.5701,23.6387,23.5032,26.3447,24.2128,24.4837,
05-01-2026-Fri 12-41-32-PM,23.5371,23.6717,23.5371,26.3447,24.2466,24.5176,
05-01-2026-Fri 12-41-34-PM,23.5701,23.6387,23.5701,26.3109,24.2466,24.4837,
05-01-2026-Fri 12-41-35-PM,23.5701,23.6717,23.5371,26.3447,24.2466,24.5176,
05-01-2026-Fri 12-41-36-PM,23.5371,23.6717,23.5371,26.3447,24.2466,24.4837,
05-01-2026-Fri 12-41-38-PM,23.5371,23.6387,23.5371,26.3109,24.2466,24.4837,
05-01-2026-Fri 12-41-39-PM,23.5701,23.6387,23.5371,26.3447,24.2466,24.5176,
05-01-2026-Fri 12-41-41-PM,23.5701,23.6387,23.5371,26.3109,24.2466,24.4837,
05-01-2026-Fri 12-41-42-PM,23.5371,23.6387,23.5371,26.3109,24.2466,24.4837,
05-01-2026-Fri 12-41-43-PM,23.5701,23.6717,23.5032,26.3109,24.2466,24.4837,
05-01-2026-Fri 12-41-45-PM,23.5371,23.6717,23.5032,26.3447,24.2466,24.4837,
05-01-2026-Fri 12-41-46-PM,23.5371,23.6387,23.5371,26.2762,24.2466,24.4837,
05-01-2026-Fri 12-41-49-PM,23.5701,23.6717,23.4693,26.3109,24.2466,24.5176,
05-01-2026-Fri 12-41-52-PM,23.5371,23.6717,23.5371,26.3447,24.2466,24.4837,
05-01-2026-Fri 12-41-54-PM,23.5701,23.6387,23.5371,26.3447,24.2466,24.4837,
05-01-2026-Fri 12-41-55-PM,23.5701,23.6717,23.4355,26.3109,24.2128,24.5176,
05-01-2026-Fri 12-41-57-PM,23.5371,23.6717,23.5032,26.3109,24.2128,24.4837,
05-01-2026-Fri 12-41-58-PM,23.5701,23.6387,23.5701,26.3447,24.2466,24.4837,
05-01-2026-Fri 12-41-59-PM,23.5701,23.6387,23.5371,26.3109,24.2128,24.4837,
05-01-2026-Fri 12-42-01-PM,23.5371,23.6387,23.5032,26.2762,24.2466,24.4837,
05-01-2026-Fri 12-42-02-PM,23.5371,23.6387,23.5032,26.3109,24.2128,24.4837,
05-01-2026-Fri 12-42-04-PM,23.5371,23.6387,23.5032,26.3109,24.2128,24.4837,
05-01-2026-Fri 12-42-05-PM,23.5032,23.6387,23.4693,26.3109,24.2466,24.4837,
05-01-2026-Fri 12-42-06-PM,23.5371,23.6387,23.5032,26.2762,24.2128,24.4498,
05-01-2026-Fri 12-42-08-PM,23.5701,23.6048,23.4693,26.2762,24.2466,24.4837,
05-01-2026-Fri 12-42-10-PM,23.5371,23.6387,23.5032,26.3109,24.2128,24.4837,
05-01-2026-Fri 12-42-11-PM,23.5371,23.6387,23.5371,26.3447,24.2128,24.4498,
05-01-2026-Fri 12-42-12-PM,23.5371,23.6717,23.4693,26.3447,24.2128,24.4837,
05-01-2026-Fri 12-42-14-PM,23.5701,23.6387,23.5371,26.3109,24.2128,24.4498,
05-01-2026-Fri 12-42-15-PM,23.5371,23.6387,23.5371,26.3447,24.2466,24.4498,
05-01-2026-Fri 12-42-17-PM,23.5371,23.6387,23.5371,26.3447,24.2128,24.4837,
05-01-2026-Fri 12-42-18-PM,23.5371,23.6387,23.5371,26.3109,24.2128,24.4498,
05-01-2026-Fri 12-42-19-PM,23.5371,23.6387,23.5032,26.3109,24.2128,24.4837,
05-01-2026-Fri 12-42-21-PM,23.5371,23.6387,23.5032,26.2762,24.2128,24.4498,
05-01-2026-Fri 12-42-22-PM,23.5371,23.6387,23.5032,26.3109,24.2466,24.4837,
05-01-2026-Fri 12-42-24-PM,23.5371,23.6717,23.4693,26.2431,24.2466,24.4837,
05-01-2026-Fri 12-42-25-PM,23.5371,23.6387,23.5032,26.3109,24.2128,24.4498,
05-01-2026-Fri 12-42-26-PM,23.5371,23.6387,23.5371,26.3778,24.2466,24.4498,
05-01-2026-Fri 12-42-28-PM,23.5371,23.6387,23.5032,26.3109,24.2128,24.4498,
05-01-2026-Fri 12-42-29-PM,23.5371,23.6048,23.5032,26.2762,24.2128,24.4498,
05-01-2026-Fri 12-42-30-PM,23.5371,23.6387,23.5032,26.3447,24.2466,24.4498,
05-01-2026-Fri 12-42-32-PM,23.5371,23.6387,23.5032,26.2762,24.2128,24.4498,
05-01-2026-Fri 12-42-33-PM,23.5701,23.6387,23.5371,26.3447,24.2128,24.4498,
05-01-2026-Fri 12-42-35-PM,23.5371,23.6387,23.5701,26.3109,24.2128,24.4498,
05-01-2026-Fri 12-42-36-PM,23.5371,23.6048,23.5371,26.2762,24.2128,24.4498,
05-01-2026-Fri 12-42-37-PM,23.5371,23.6387,23.5371,26.3109,24.2128,24.4498,
05-01-2026-Fri 12-42-39-PM,23.5371,23.6387,23.5032,26.3109,24.2128,24.4837,
05-01-2026-Fri 12-42-40-PM,23.5371,23.6717,23.5371,26.3447,24.2128,24.4498,
05-01-2026-Fri 12-42-42-PM,23.5371,23.6387,23.4693,26.3447,24.2128,24.4837,
05-01-2026-Fri 12-42-43-PM,23.5032,23.6387,23.4693,26.3109,24.2128,24.4498,
05-01-2026-Fri 12-42-44-PM,23.5371,23.6387,23.5032,26.3109,24.2466,24.4498,
05-01-2026-Fri 12-42-46-PM,23.5371,23.6387,23.5032,26.3109,24.2128,24.4498,
05-01-2026-Fri 12-42-47-PM,23.5371,23.6387,23.4693,26.3109,24.2128,24.4498,
05-01-2026-Fri 12-42-49-PM,23.5371,23.6387,23.4693,26.3109,24.2128,24.416,
05-01-2026-Fri 12-42-50-PM,23.5032,23.6387,23.4693,26.3109,24.2128,24.4498,
05-01-2026-Fri 12-42-51-PM,23.5371,23.6387,23.5032,26.3109,24.1789,24.4498,
05-01-2026-Fri 12-42-53-PM,23.5701,23.6048,23.5371,26.3109,24.1789,24.4498,
05-01-2026-Fri 12-42-54-PM,23.5371,23.6387,23.5032,26.3109,24.2128,24.4498,
05-01-2026-Fri 12-42-56-PM,23.5371,23.6387,23.4355,26.3109,24.2466,24.416,
05-01-2026-Fri 12-42-57-PM,23.5032,23.6387,23.5371,26.2431,24.2128,24.416,
05-01-2026-Fri 12-42-58-PM,23.5371,23.6387,23.5032,26.2762,24.2128,24.4498,
05-01-2026-Fri 12-43-00-PM,23.5371,23.6387,23.5032,26.2762,24.2128,24.4498,
05-01-2026-Fri 12-43-01-PM,23.5371,23.6048,23.4355,26.3109,24.2128,24.4498,
05-01-2026-Fri 12-43-03-PM,23.5371,23.6387,23.5032,26.2431,24.2128,24.4498,
05-01-2026-Fri 12-43-04-PM,23.5371,23.6387,23.5371,26.3447,24.2128,24.4498,
05-01-2026-Fri 12-43-06-PM,23.5032,23.6048,23.4693,26.3109,24.2128,24.416,
05-01-2026-Fri 12-43-07-PM,23.5371,23.6387,23.5032,26.2762,24.2128,24.416,
05-01-2026-Fri 12-43-09-PM,23.5032,23.6048,23.5371,26.2762,24.2128,24.4498,
05-01-2026-Fri 12-43-10-PM,23.5371,23.6387,23.4693,26.2762,24.2128,24.4498,
05-01-2026-Fri 12-43-11-PM,23.5371,23.6387,23.4693,26.3109,24.2128,24.416,
05-01-2026-Fri 12-43-13-PM,23.5032,23.6387,23.4693,26.3109,24.1789,24.4498,
05-01-2026-Fri 12-43-14-PM,23.5371,23.7394,23.5701,26.3109,24.2466,24.4837,
05-01-2026-Fri 12-43-16-PM,23.6387,23.8749,23.4355,26.3109,24.2466,24.4837,
05-01-2026-Fri 12-43-17-PM,23.7733,23.6717,23.5371,26.2762,24.1789,24.416,
05-01-2026-Fri 12-43-18-PM,23.3677,23.6048,23.5032,26.2762,24.2805,24.4498,
05-01-2026-Fri 12-43-20-PM,23.6387,23.6387,23.4693,26.2762,24.2128,24.416,
05-01-2026-Fri 12-43-21-PM,23.5371,23.6387,23.5032,26.3109,24.2128,24.416,
05-01-2026-Fri 12-43-23-PM,23.5032,23.6387,23.5032,26.2762,24.1789,24.4498,
05-01-2026-Fri 12-43-24-PM,23.5701,23.6387,23.5032,26.2762,24.2128,24.4498,
05-01-2026-Fri 12-43-25-PM,23.5371,23.6387,23.5371,26.2762,24.1789,24.4498,
05-01-2026-Fri 12-43-27-PM,23.5371,23.6048,23.5371,26.2762,24.2128,24.4498,
05-01-2026-Fri 12-43-28-PM,23.5371,23.6387,23.4693,26.2762,24.2128,24.4498,
05-01-2026-Fri 12-43-30-PM,23.5371,23.6387,23.4693,26.2762,24.1789,24.4498,
05-01-2026-Fri 12-43-31-PM,23.5371,23.6387,23.4693,26.3109,24.2128,24.4498,
05-01-2026-Fri 12-43-33-PM,23.5371,23.6048,23.5371,26.3109,24.1789,24.4498,
05-01-2026-Fri 12-43-34-PM,23.5371,23.6387,23.5371,26.2431,24.1789,24.4498,
05-01-2026-Fri 12-43-36-PM,23.5371,23.6387,23.5032,26.2431,24.2128,24.4498,
05-01-2026-Fri 12-43-37-PM,23.5371,23.6048,23.4693,26.2093,24.2128,24.4498,
05-01-2026-Fri 12-43-38-PM,23.5032,23.6048,23.5371,26.2093,24.2128,24.416,
05-01-2026-Fri 12-43-40-PM,23.5371,23.6048,23.5032,26.2431,24.2128,24.4498,
05-01-2026-Fri 12-43-41-PM,23.5371,23.6048,23.5032,26.2093,24.1789,24.416,
05-01-2026-Fri 12-43-43-PM,23.5032,23.5701,23.4693,26.1415,24.2128,24.4498,
05-01-2026-Fri 12-43-44-PM,23.5371,23.5701,23.4693,26.1754,24.1789,24.416,
05-01-2026-Fri 12-43-45-PM,23.5032,23.5701,23.4693,26.1754,24.1789,24.416,
05-01-2026-Fri 12-43-47-PM,23.5371,23.5701,23.4693,26.1415,24.1789,24.3821,
05-01-2026-Fri 12-43-48-PM,23.5032,23.5371,23.4693,26.1415,24.1789,24.3821,
05-01-2026-Fri 12-43-50-PM,23.5371,23.5701,23.4693,26.1077,24.1789,24.416,
05-01-2026-Fri 12-43-51-PM,23.5032,23.5032,23.4693,26.1415,24.1458,24.416,
05-01-2026-Fri 12-43-52-PM,23.5032,23.5371,23.4693,26.0738,24.1458,24.3821,
05-01-2026-Fri 12-43-54-PM,23.5032,23.5371,23.4693,26.0738,24.1458,24.3821,
05-01-2026-Fri 12-43-55-PM,23.4693,23.5032,23.4016,26.0738,24.1789,24.3821,
05-01-2026-Fri 12-43-56-PM,23.4693,23.4693,23.4355,26.0738,24.1458,24.3821,
05-01-2026-Fri 12-43-58-PM,23.4693,23.5032,23.4355,26.0399,24.112,24.3821,
05-01-2026-Fri 12-43-59-PM,23.4355,23.4693,23.4355,26.0399,24.1458,24.3482,
05-01-2026-Fri 12-44-01-PM,23.4355,23.4693,23.3677,26.0399,24.112,24.3482,
05-01-2026-Fri 12-44-02-PM,23.4355,23.4355,23.4016,26.0061,24.112,24.3144,
05-01-2026-Fri 12-44-03-PM,23.4355,23.4016,23.3339,25.9045,24.0781,24.3482,
05-01-2026-Fri 12-44-05-PM,23.4016,23.3677,23.3677,25.9045,24.0781,24.3144,
05-01-2026-Fri 12-44-06-PM,23.4016,23.3677,23.3339,25.9045,24.0442,24.2805,
05-01-2026-Fri 12-44-08-PM,23.3677,23.3339,23.3339,25.8367,24.0442,24.2805,
05-01-2026-Fri 12-44-09-PM,23.3677,23.3339,23.3677,25.8029,24.0104,24.2805,
05-01-2026-Fri 12-44-10-PM,23.3339,23.3,23.3,25.769,24.0104,24.2805,
05-01-2026-Fri 12-44-12-PM,23.3,23.2661,23.3,25.7351,23.9765,24.2805,
05-01-2026-Fri 12-44-13-PM,23.2661,23.2323,23.3,25.7351,23.9765,24.2128,
05-01-2026-Fri 12-44-15-PM,23.2661,23.2323,23.2661,25.6674,23.9426,24.2128,
05-01-2026-Fri 12-44-16-PM,23.2661,23.1992,23.2661,25.5658,23.9088,24.2128,
05-01-2026-Fri 12-44-17-PM,23.1992,23.1645,23.1992,25.5319,23.8749,24.1789,
05-01-2026-Fri 12-44-19-PM,23.1992,23.1315,23.1992,25.5319,23.8749,24.1789,
05-01-2026-Fri 12-44-20-PM,23.1645,23.0629,23.1645,25.4989,23.841,24.1458,
05-01-2026-Fri 12-44-22-PM,23.1315,23.0299,23.1645,25.3973,23.7733,24.1458,
05-01-2026-Fri 12-44-23-PM,23.0629,22.996,23.1315,25.2957,23.8072,24.112,
05-01-2026-Fri 12-44-24-PM,23.0299,22.9621,23.1315,25.2618,23.7394,24.0781,
05-01-2026-Fri 12-44-26-PM,22.996,22.8944,23.0976,25.1602,23.7064,24.0781,
05-01-2026-Fri 12-44-27-PM,22.9621,22.8605,23.0299,25.0925,23.7064,24.0781,
05-01-2026-Fri 12-44-29-PM,22.9283,22.8267,23.0629,24.9909,23.6387,24.0104,
05-01-2026-Fri 12-44-30-PM,22.8605,22.7597,23.0299,24.8893,23.6048,23.9765,
05-01-2026-Fri 12-44-31-PM,22.7928,22.692,22.996,24.8893,23.5371,23.9426,
05-01-2026-Fri 12-44-33-PM,22.7251,22.6243,22.9621,24.7546,23.5032,23.9426,
05-01-2026-Fri 12-44-34-PM,22.692,22.5904,22.9283,24.653,23.4693,23.9088,
05-01-2026-Fri 12-44-36-PM,22.6581,22.5227,22.8605,24.5176,23.4355,23.8749,
05-01-2026-Fri 12-44-37-PM,22.5904,22.4211,22.8267,24.3821,23.3677,23.841,
05-01-2026-Fri 12-44-38-PM,22.5227,22.3872,22.7928,24.3144,23.3,23.8072,
05-01-2026-Fri 12-44-40-PM,22.4549,22.2864,22.7597,24.2128,23.2661,23.8072,
05-01-2026-Fri 12-44-41-PM,22.3872,22.2187,22.7597,24.0781,23.1992,23.7394,
05-01-2026-Fri 12-44-42-PM,22.3195,22.151,22.6243,23.9088,23.1315,23.7064,
05-01-2026-Fri 12-44-44-PM,22.2526,22.0832,22.6581,23.7733,23.0976,23.6717,
05-01-2026-Fri 12-44-45-PM,22.1848,22.0155,22.5904,23.6387,22.996,23.6387,
05-01-2026-Fri 12-44-47-PM,22.1171,21.9478,22.5904,23.5032,22.9283,23.6048,
05-01-2026-Fri 12-44-48-PM,22.0155,21.847,22.5227,23.3339,22.8605,23.5371,
05-01-2026-Fri 12-44-49-PM,21.9816,21.7792,22.5227,23.1645,22.8267,23.5032,
05-01-2026-Fri 12-44-51-PM,21.9139,21.6776,22.3872,23.0299,22.7597,23.4693,
05-01-2026-Fri 12-44-52-PM,21.847,21.6438,22.3872,22.8944,22.692,23.4016,
05-01-2026-Fri 12-44-54-PM,21.7454,21.576,22.2864,22.7597,22.6581,23.3677,
05-01-2026-Fri 12-44-55-PM,21.7115,21.4752,22.2526,22.692,22.5904,23.3,
05-01-2026-Fri 12-44-56-PM,21.6107,21.4075,22.2187,22.5227,22.4888,23.2661,
05-01-2026-Fri 12-44-58-PM,21.543,21.3398,22.1848,22.4549,22.4211,23.1992,
05-01-2026-Fri 12-44-59-PM,21.4752,21.272,22.151,22.2864,22.3872,23.1645,
05-01-2026-Fri 12-45-01-PM,21.4075,21.1704,22.0494,22.151,22.2864,23.0976,
05-01-2026-Fri 12-45-02-PM,21.3059,21.1035,21.9816,22.0494,22.2187,23.0629,
05-01-2026-Fri 12-45-03-PM,21.2382,21.0358,21.9478,21.9139,22.151,22.996,
05-01-2026-Fri 12-45-05-PM,21.1704,20.9342,21.9478,21.8123,22.0832,22.9283,
05-01-2026-Fri 12-45-06-PM,21.0697,20.8665,21.847,21.6438,22.0155,22.8605,
05-01-2026-Fri 12-45-08-PM,21.0019,20.7995,21.847,21.543,21.9478,22.7928,
05-01-2026-Fri 12-45-09-PM,20.9342,20.7657,21.8123,21.4075,21.847,22.7597,
05-01-2026-Fri 12-45-10-PM,20.8326,20.6641,21.7115,21.3059,21.8123,22.7251,
05-01-2026-Fri 12-45-12-PM,20.7995,20.5625,21.6776,21.1704,21.7454,22.6581,
05-01-2026-Fri 12-45-13-PM,20.7318,20.4955,21.6438,21.0697,21.6776,22.5904,
05-01-2026-Fri 12-45-15-PM,20.6302,20.4617,21.576,21.0019,21.576,22.5565,
05-01-2026-Fri 12-45-16-PM,20.5625,20.3601,21.4752,20.8665,21.5091,22.4888,
05-01-2026-Fri 12-45-17-PM,20.4955,20.2923,21.4414,20.7657,21.4414,22.4549,
05-01-2026-Fri 12-45-19-PM,20.4278,20.1916,21.3736,20.6302,21.3736,22.3872,
05-01-2026-Fri 12-45-20-PM,20.3262,20.1577,21.3398,20.5286,21.3398,22.3542,
05-01-2026-Fri 12-45-22-PM,20.2923,20.0561,21.2382,20.4617,21.2382,22.2864,
05-01-2026-Fri 12-45-23-PM,20.1916,19.9884,21.2382,20.2923,21.1704,22.2187,
05-01-2026-Fri 12-45-24-PM,20.1238,19.9206,21.1374,20.2246,21.1035,22.151,
05-01-2026-Fri 12-45-26-PM,20.0222,19.8198,21.0697,20.09,21.0358,22.1171,
05-01-2026-Fri 12-45-27-PM,19.9884,19.786,21.0019,19.9884,20.9681,22.0494,
05-01-2026-Fri 12-45-29-PM,20.0561,19.7521,20.9681,19.9206,20.9681,21.9816,
05-01-2026-Fri 12-45-30-PM,19.9545,19.9206,20.9342,19.8198,20.8665,21.9139,
05-01-2026-Fri 12-45-31-PM,19.9545,19.6505,20.8665,19.6844,20.7318,21.88,
05-01-2026-Fri 12-45-33-PM,19.7182,19.5158,20.8326,19.5836,20.6979,21.88,
05-01-2026-Fri 12-45-35-PM,19.6505,19.4481,20.7995,19.5158,20.6302,21.7454,
05-01-2026-Fri 12-45-36-PM,19.5836,19.3804,20.6302,19.3465,20.5625,21.7115,
05-01-2026-Fri 12-45-37-PM,19.5158,19.2796,20.5963,19.2457,20.4617,21.6438,
05-01-2026-Fri 12-45-39-PM,19.4142,19.2119,20.4955,19.1441,20.4278,21.576,
05-01-2026-Fri 12-45-40-PM,19.3465,19.1441,20.4617,18.9756,20.3601,21.4752,
05-01-2026-Fri 12-45-42-PM,19.3126,19.0764,20.4278,18.874,20.2923,21.4414,
05-01-2026-Fri 12-45-43-PM,19.2457,19.0095,20.3939,18.7724,20.1916,21.3736,
05-01-2026-Fri 12-45-44-PM,19.178,18.9756,20.2923,18.6039,20.1577,21.3059,
05-01-2026-Fri 12-45-46-PM,19.1103,18.9079,20.1916,18.4684,20.09,21.2382,
05-01-2026-Fri 12-45-47-PM,19.0433,18.8401,20.1916,18.3676,20.0222,21.2051,
05-01-2026-Fri 12-45-48-PM,18.9756,18.7393,20.1238,18.3337,19.9545,21.1704,
05-01-2026-Fri 12-45-50-PM,18.9079,18.7055,20.0561,18.1991,19.8876,21.0697,
05-01-2026-Fri 12-45-51-PM,18.8401,18.6039,20.0222,18.1314,19.8537,21.0358,
05-01-2026-Fri 12-45-53-PM,18.7724,18.5361,19.9206,18.0298,19.786,20.9681,
05-01-2026-Fri 12-45-54-PM,18.7055,18.5031,19.8876,17.8951,19.7521,20.9003,
05-01-2026-Fri 12-45-55-PM,18.6377,18.4353,19.8198,17.7604,19.6505,20.8665,
05-01-2026-Fri 12-45-57-PM,18.6039,18.3676,19.7182,17.7266,19.5836,20.7995,
05-01-2026-Fri 12-46-00-PM,18.5031,18.266,19.6844,17.558,19.5497,20.7318,
05-01-2026-Fri 12-46-02-PM,18.4015,18.1652,19.5158,17.321,19.4142,20.5963,
05-01-2026-Fri 12-46-05-PM,18.266,18.0644,19.4142,17.1525,19.3126,20.4955,
05-01-2026-Fri 12-46-08-PM,18.1314,17.8951,19.2796,16.9839,19.1441,20.3601,
05-01-2026-Fri 12-46-10-PM,17.9967,17.7604,19.1103,16.7477,19.0433,20.2593,
05-01-2026-Fri 12-46-11-PM,17.929,17.6927,19.0764,16.6799,18.9417,20.1916,
05-01-2026-Fri 12-46-13-PM,17.8612,17.625,19.0433,16.5453,18.874,20.09,
05-01-2026-Fri 12-46-14-PM,17.7935,17.558,18.9417,16.4437,18.874,20.0561,
05-01-2026-Fri 12-46-15-PM,17.7604,17.5234,18.8401,16.4106,18.7724,19.9884,
05-01-2026-Fri 12-46-17-PM,17.6588,17.4565,18.8071,16.2752,18.7055,19.9545,
05-01-2026-Fri 12-46-18-PM,17.5911,17.3887,18.7393,16.2082,18.6716,19.8876,
05-01-2026-Fri 12-46-20-PM,17.558,17.3549,18.6716,16.1066,18.6039,19.8198,
05-01-2026-Fri 12-46-21-PM,17.4903,17.2871,18.6039,15.9712,18.5361,19.7521,
05-01-2026-Fri 12-46-22-PM,17.4226,17.2202,18.5361,15.8704,18.5031,19.6844,
05-01-2026-Fri 12-46-24-PM,17.4226,17.1525,18.5031,15.8365,18.4353,19.6166,
05-01-2026-Fri 12-46-25-PM,17.3549,17.0847,18.4015,15.8026,18.3676,19.5497,
05-01-2026-Fri 12-46-27-PM,17.2871,17.017,18.3676,15.668,18.2999,19.5158,
05-01-2026-Fri 12-46-28-PM,17.1863,16.9501,18.266,15.6003,18.233,19.4481,
05-01-2026-Fri 12-46-29-PM,17.1525,16.9162,18.1991,15.4995,18.1652,19.3804,
05-01-2026-Fri 12-46-31-PM,17.1186,16.8823,18.1652,15.4317,18.1314,19.3465,
05-01-2026-Fri 12-46-32-PM,17.0517,16.8154,18.0975,15.3648,18.0644,19.2457,
05-01-2026-Fri 12-46-34-PM,16.9839,16.7477,18.0298,15.2632,18.0298,19.178,
05-01-2026-Fri 12-46-35-PM,16.9501,16.6799,17.9967,15.2293,17.9628,19.1103,
05-01-2026-Fri 12-46-36-PM,16.8823,16.6461,17.8612,15.0947,17.929,19.0764,
05-01-2026-Fri 12-46-38-PM,16.8154,16.5791,17.7935,15.0269,17.8274,19.0095,
05-01-2026-Fri 12-46-39-PM,16.7815,16.5114,17.7604,14.8923,17.8274,18.9756,
05-01-2026-Fri 12-46-41-PM,16.7477,16.4437,17.7266,14.8584,17.7266,18.9079,
05-01-2026-Fri 12-46-42-PM,16.6799,16.376,17.6588,14.8584,17.6927,18.8401,
05-01-2026-Fri 12-46-43-PM,16.6461,16.5791,17.5911,14.7238,17.6588,18.8071,
05-01-2026-Fri 12-46-45-PM,16.7477,16.5114,17.5234,14.656,17.5911,18.7055,
05-01-2026-Fri 12-46-46-PM,16.613,16.4776,17.4903,14.5883,17.558,18.7724,
05-01-2026-Fri 12-46-48-PM,16.5791,16.4776,17.4226,14.4536,17.4903,18.6716,
05-01-2026-Fri 12-46-49-PM,16.5453,16.2752,17.3887,14.4206,17.4226,18.6377,
05-01-2026-Fri 12-46-50-PM,16.4106,16.1066,17.321,14.3528,17.3887,18.5361,
05-01-2026-Fri 12-46-52-PM,16.376,16.0058,17.2202,14.2512,17.321,18.4684,
05-01-2026-Fri 12-46-53-PM,16.309,15.9381,17.1863,14.1843,17.2871,18.4015,
05-01-2026-Fri 12-46-54-PM,16.2752,15.9042,17.0847,14.1505,17.2202,18.3337,
05-01-2026-Fri 12-46-56-PM,16.2082,15.8365,17.017,14.1166,17.1525,18.2999,
05-01-2026-Fri 12-46-57-PM,16.1736,15.8026,16.9839,14.0158,17.1186,18.233,
05-01-2026-Fri 12-46-59-PM,16.1405,15.7357,16.9501,13.9819,17.0517,18.1991,
05-01-2026-Fri 12-47-00-PM,16.0728,15.668,16.8823,13.8473,16.9839,18.0975,
05-01-2026-Fri 12-47-01-PM,16.0389,15.6341,16.8154,13.7457,16.9839,18.0644,
05-01-2026-Fri 12-47-03-PM,15.9712,15.5672,16.7138,13.6779,16.9162,17.9967,
05-01-2026-Fri 12-47-04-PM,15.9042,15.5333,16.7138,13.6449,16.8823,17.9628,
05-01-2026-Fri 12-47-06-PM,15.8704,15.4656,16.6461,13.5771,16.8154,17.8612,
05-01-2026-Fri 12-47-07-PM,15.8365,15.7019,16.613,13.5433,16.8493,17.8612,
05-01-2026-Fri 12-47-08-PM,15.8704,15.4317,16.5114,13.4756,16.7815,17.7604,
05-01-2026-Fri 12-47-10-PM,15.8704,15.3979,16.4776,13.4086,16.6461,17.6927,
05-01-2026-Fri 12-47-11-PM,15.668,15.2293,16.4106,13.3409,16.6461,17.625,
05-01-2026-Fri 12-47-13-PM,15.6341,15.1955,16.3429,13.2401,16.613,17.5911,
05-01-2026-Fri 12-47-14-PM,15.6003,15.1624,16.2752,13.2401,16.5453,17.5234,
05-01-2026-Fri 12-47-15-PM,15.5333,15.0947,16.1736,13.1393,16.4776,17.4903,
05-01-2026-Fri 12-47-17-PM,15.4656,15.0269,16.2082,13.1054,16.4437,17.3887,
05-01-2026-Fri 12-47-18-PM,15.4317,14.96,16.1066,13.0716,16.4106,17.3549,
05-01-2026-Fri 12-47-20-PM,15.3979,14.9262,16.0389,13.0038,16.3429,17.2871,
05-01-2026-Fri 12-47-21-PM,15.2971,14.8923,16.0058,12.903,16.2752,17.2202,
05-01-2026-Fri 12-47-22-PM,15.2632,14.8246,15.9042,12.8692,16.2413,17.1863,
05-01-2026-Fri 12-47-24-PM,15.1955,14.7907,15.9381,12.8023,16.2082,17.1525,
05-01-2026-Fri 12-47-25-PM,15.1285,15.2293,15.8365,12.7345,16.2082,17.1863,
05-01-2026-Fri 12-47-26-PM,15.1624,14.8246,15.7688,12.7007,16.0389,17.0517,
05-01-2026-Fri 12-47-28-PM,15.3309,14.7238,15.7019,12.5999,16.0389,16.9839,
05-01-2026-Fri 12-47-29-PM,15.0269,14.5883,15.668,12.4983,16.1066,16.8823,
05-01-2026-Fri 12-47-31-PM,14.96,14.5552,15.6341,12.4652,15.9712,16.8493,
05-01-2026-Fri 12-47-32-PM,14.8923,14.5214,15.5672,12.3975,15.9042,16.8154,
05-01-2026-Fri 12-47-33-PM,14.8923,14.4536,15.5333,12.2967,15.8704,16.7477,
05-01-2026-Fri 12-47-35-PM,14.7907,14.4206,15.4656,12.2967,15.8026,16.6799,
05-01-2026-Fri 12-47-36-PM,14.7907,14.3528,15.3979,12.229,15.7688,16.613,
05-01-2026-Fri 12-47-38-PM,14.7238,14.2851,15.3648,12.162,15.7357,16.5453,
05-01-2026-Fri 12-47-39-PM,14.656,14.2512,15.2971,12.0604,15.7019,16.5114,
05-01-2026-Fri 12-47-40-PM,14.6222,14.2182,15.2632,12.0274,15.6341,16.4776,
05-01-2026-Fri 12-47-42-PM,14.5883,14.1843,15.1624,11.9935,15.5672,16.4106,
05-01-2026-Fri 12-47-43-PM,14.5214,14.1166,15.1285,11.9258,15.5333,16.3429,
05-01-2026-Fri 12-47-45-PM,14.4875,14.0827,15.0947,11.8588,15.4995,16.309,
05-01-2026-Fri 12-47-46-PM,14.4206,14.0158,15.0269,11.8588,15.4317,16.2413,
05-01-2026-Fri 12-47-48-PM,14.3867,13.9819,14.96,11.7572,15.3979,16.1736,
05-01-2026-Fri 12-47-49-PM,14.319,13.9481,14.96,11.6895,15.3648,16.1066,
05-01-2026-Fri 12-47-50-PM,14.2851,13.8803,14.8584,11.6895,15.3309,16.0728,
05-01-2026-Fri 12-47-52-PM,14.319,14.0497,14.8584,11.6564,15.2971,16.0728,
05-01-2026-Fri 12-47-53-PM,14.4536,13.9819,14.7907,11.5548,15.2293,15.9381,
05-01-2026-Fri 12-47-55-PM,14.319,14.0158,14.6899,11.5218,15.1285,15.9712,
05-01-2026-Fri 12-47-56-PM,14.1843,13.9142,14.6899,11.4541,15.1285,15.8704,
05-01-2026-Fri 12-47-57-PM,14.0827,13.7126,14.6222,11.4541,15.0947,15.8365,
05-01-2026-Fri 12-47-59-PM,14.0497,13.6449,14.5214,11.3863,15.0269,15.7688,
05-01-2026-Fri 12-48-00-PM,13.9819,13.6449,14.5214,11.3863,14.96,15.7019,
05-01-2026-Fri 12-48-02-PM,13.9481,13.5771,14.4875,11.2855,14.96,15.668,
05-01-2026-Fri 12-48-03-PM,13.9142,13.5433,14.3867,11.2517,14.8923,15.6341,
05-01-2026-Fri 12-48-04-PM,13.8803,13.4756,14.3528,11.2186,14.8584,15.5333,
05-01-2026-Fri 12-48-06-PM,13.8134,13.4425,14.2851,11.1509,14.8246,15.4995,
05-01-2026-Fri 12-48-07-PM,13.7795,13.4086,14.2512,11.1847,14.7907,15.4317,
05-01-2026-Fri 12-48-09-PM,13.7457,13.3748,14.2182,11.117,14.7238,15.3648,
05-01-2026-Fri 12-48-10-PM,13.7457,13.3078,14.1505,11.0831,14.6899,15.3648,
05-01-2026-Fri 12-48-11-PM,13.6779,13.274,14.0827,11.0501,14.656,15.2632,
05-01-2026-Fri 12-48-13-PM,13.611,13.2401,14.0497,11.0162,14.5883,15.2293,
05-01-2026-Fri 12-48-14-PM,13.5771,13.2062,13.9819,11.0162,14.5552,15.1624,
05-01-2026-Fri 12-48-16-PM,13.5433,13.1732,14.0158,10.9823,14.5214,15.1285,
05-01-2026-Fri 12-48-17-PM,13.5102,13.1054,13.9142,10.9823,14.4875,15.0947,
05-01-2026-Fri 12-48-18-PM,13.4425,13.1054,13.8473,10.9485,14.4536,15.0269,
05-01-2026-Fri 12-48-20-PM,13.4086,13.0038,13.7795,10.9154,14.3867,14.9931,
05-01-2026-Fri 12-48-21-PM,13.3748,12.9708,13.7795,10.9154,14.319,14.8923,
05-01-2026-Fri 12-48-24-PM,13.3409,12.9369,13.6779,10.8477,14.319,14.8584,
05-01-2026-Fri 12-48-27-PM,13.274,12.8353,13.6449,10.7808,14.2512,14.7907,
05-01-2026-Fri 12-48-29-PM,13.1732,12.8023,13.5771,10.713,14.1505,14.656,
05-01-2026-Fri 12-48-32-PM,13.1054,12.7684,13.4425,10.6453,14.0827,14.5883,
05-01-2026-Fri 12-48-35-PM,13.0038,12.6676,13.3409,10.5445,13.9819,14.4875,
05-01-2026-Fri 12-48-38-PM,13.0377,12.7345,13.2062,10.4437,13.9819,14.3867,
05-01-2026-Fri 12-48-41-PM,12.8353,12.5321,13.2062,10.376,13.8134,14.2851,
05-01-2026-Fri 12-48-44-PM,12.8023,12.4652,13.0377,10.2752,13.7457,14.1843,
05-01-2026-Fri 12-48-45-PM,12.7345,12.4313,13.0038,10.2413,13.6779,14.0827,
05-01-2026-Fri 12-48-48-PM,12.7684,12.6329,12.9369,10.2075,13.6449,14.1166,
05-01-2026-Fri 12-48-51-PM,12.8023,12.4313,12.8353,10.1067,13.611,13.9819,
05-01-2026-Fri 12-48-54-PM,12.5321,12.2967,12.7684,10.0389,13.4756,13.8803,
05-01-2026-Fri 12-48-56-PM,12.4313,12.1951,12.6329,9.972,13.4086,13.7457,
05-01-2026-Fri 12-48-58-PM,12.3297,12.162,12.5999,9.90427,13.3409,13.6779,
05-01-2026-Fri 12-49-00-PM,12.2967,12.0943,12.5321,9.87121,13.274,13.611,
05-01-2026-Fri 12-49-01-PM,12.2628,12.0604,12.5321,9.83735,13.2401,13.5771,
05-01-2026-Fri 12-49-03-PM,12.229,12.0604,12.4313,9.77042,13.2401,13.5102,
05-01-2026-Fri 12-49-04-PM,12.1951,11.9935,12.3975,9.77042,13.1732,13.4756,
05-01-2026-Fri 12-49-05-PM,12.1282,11.9596,12.2967,9.73574,13.1393,13.4086,
05-01-2026-Fri 12-49-07-PM,12.1282,11.9596,12.3297,9.70269,13.1054,13.3748,
05-01-2026-Fri 12-49-08-PM,12.0604,11.8919,12.229,9.63495,13.0377,13.3409,
05-01-2026-Fri 12-49-09-PM,12.0274,11.8588,12.1951,9.60189,13.0038,13.274,
05-01-2026-Fri 12-49-11-PM,11.9935,11.825,12.162,9.56803,12.9708,13.2401,
05-01-2026-Fri 12-49-12-PM,11.8919,11.825,12.0943,9.50029,12.9369,13.2062,
05-01-2026-Fri 12-49-14-PM,11.8919,11.7572,12.0943,9.53416,12.903,13.1732,
05-01-2026-Fri 12-49-15-PM,11.8588,11.7242,11.9935,9.50029,12.903,13.1054,
05-01-2026-Fri 12-49-16-PM,11.825,11.7242,11.9935,9.46724,12.8353,13.0716,
05-01-2026-Fri 12-49-18-PM,11.7911,11.6895,11.9596,9.46724,12.8023,13.0377,
05-01-2026-Fri 12-49-19-PM,11.7572,11.6226,11.8588,9.43337,12.7684,13.0038,
05-01-2026-Fri 12-49-21-PM,11.7242,11.5887,11.8588,9.3995,12.7684,12.9369,
05-01-2026-Fri 12-49-22-PM,11.6895,11.5548,11.825,9.33258,12.7007,12.903,
05-01-2026-Fri 12-49-23-PM,11.6226,11.5548,11.7572,9.33258,12.6329,12.8692,
05-01-2026-Fri 12-49-25-PM,11.5887,11.5218,11.6895,9.26484,12.6329,12.8023,
05-01-2026-Fri 12-49-26-PM,11.5887,11.4879,11.6226,9.26484,12.5999,12.7684,
05-01-2026-Fri 12-49-28-PM,11.5548,11.4541,11.6226,9.29871,12.5999,12.7345,
05-01-2026-Fri 12-49-29-PM,11.4879,11.4202,11.5548,9.23178,12.5321,12.6329,
05-01-2026-Fri 12-49-31-PM,11.4541,11.3533,11.5548,9.19711,12.4983,12.6329,
05-01-2026-Fri 12-49-32-PM,11.4202,11.3533,11.5218,9.19711,12.4313,12.5999,
05-01-2026-Fri 12-49-34-PM,11.3533,11.3194,11.4541,9.13018,12.4313,12.5321,
05-01-2026-Fri 12-49-35-PM,11.3533,11.2855,11.3863,9.16405,12.3975,12.4983,
05-01-2026-Fri 12-49-36-PM,11.3194,11.2855,11.3863,9.09632,12.3636,12.4983,
05-01-2026-Fri 12-49-38-PM,11.2855,11.2186,11.3863,9.02939,12.3297,12.4313,
05-01-2026-Fri 12-49-39-PM,11.2517,11.2186,11.2517,8.99553,12.2967,12.3975,
05-01-2026-Fri 12-49-41-PM,11.2186,11.1847,11.2517,8.96166,12.229,12.3297,
05-01-2026-Fri 12-49-42-PM,11.1847,11.1509,11.2186,8.9286,12.1951,12.2967,
05-01-2026-Fri 12-49-43-PM,11.1509,11.1509,11.1509,8.89473,12.162,12.2628,
05-01-2026-Fri 12-49-45-PM,11.0831,11.117,11.1509,8.89473,12.1282,12.1951,
05-01-2026-Fri 12-49-46-PM,11.117,11.0501,11.0831,8.827,12.0943,12.162,
05-01-2026-Fri 12-49-48-PM,11.0501,11.0501,11.0501,8.86087,12.0604,12.0943,
05-01-2026-Fri 12-49-49-PM,11.0501,11.0162,11.0162,8.79313,12.0604,12.0604,
05-01-2026-Fri 12-49-50-PM,10.9823,10.9485,10.9823,8.76007,12.0274,12.0604,
05-01-2026-Fri 12-49-52-PM,10.9823,10.9485,10.9154,8.69234,11.9935,11.9935,
05-01-2026-Fri 12-49-53-PM,10.9485,10.9485,10.8816,8.69234,11.9258,11.9596,
05-01-2026-Fri 12-49-55-PM,10.9154,10.8816,10.8477,8.65928,11.9258,11.9258,
05-01-2026-Fri 12-49-56-PM,10.8816,10.9154,10.8477,8.65928,11.8588,11.8919,
05-01-2026-Fri 12-49-57-PM,10.8477,10.8477,10.7469,8.65928,11.8588,11.825,
05-01-2026-Fri 12-49-59-PM,10.8477,10.8138,10.7469,8.59155,11.7911,11.825,
05-01-2026-Fri 12-50-00-PM,10.7469,10.7808,10.6792,8.55768,11.7572,11.7572,
05-01-2026-Fri 12-50-02-PM,10.7469,10.7808,10.6122,8.55768,11.7572,11.7242,
05-01-2026-Fri 12-50-04-PM,10.713,10.713,10.6453,8.49076,11.7242,11.6895,
05-01-2026-Fri 12-50-05-PM,10.6792,10.6792,10.5784,8.49076,11.6564,11.6226,
05-01-2026-Fri 12-50-06-PM,10.6453,10.6792,10.5445,8.45689,11.6226,11.5887,
05-01-2026-Fri 12-50-08-PM,10.713,10.6453,10.5106,8.45689,11.6564,11.5548,
05-01-2026-Fri 12-50-09-PM,10.713,10.8138,10.4776,8.42302,11.5548,11.5548,
05-01-2026-Fri 12-50-10-PM,10.5784,10.7808,10.4098,8.38997,11.6226,11.5887,
05-01-2026-Fri 12-50-12-PM,10.6453,10.6122,10.376,8.3561,11.5218,11.4541,
05-01-2026-Fri 12-50-13-PM,10.6122,10.8477,10.376,8.3561,11.5218,11.4879,
05-01-2026-Fri 12-50-15-PM,10.713,10.6453,10.3421,8.3561,11.4541,11.4879,
05-01-2026-Fri 12-50-16-PM,10.4437,10.5445,10.2752,8.28917,11.4202,11.3533,
05-01-2026-Fri 12-50-17-PM,10.4098,10.5106,10.2752,8.28917,11.3863,11.3194,
05-01-2026-Fri 12-50-19-PM,10.376,10.4776,10.1744,8.25531,11.3533,11.2517,
05-01-2026-Fri 12-50-20-PM,10.3421,10.4437,10.1744,8.25531,11.2855,11.2517,
05-01-2026-Fri 12-50-22-PM,10.3091,10.4098,10.1405,8.22144,11.2855,11.1847,
05-01-2026-Fri 12-50-23-PM,10.2752,10.4098,10.1067,8.18757,11.2517,11.1509,
05-01-2026-Fri 12-50-24-PM,10.2413,10.376,10.0389,8.18757,11.2517,11.0831,
05-01-2026-Fri 12-50-26-PM,10.1744,10.3421,10.0389,8.12065,11.1847,11.0831,
05-01-2026-Fri 12-50-27-PM,10.1744,10.3091,10.0389,8.08678,11.1509,11.0162,
05-01-2026-Fri 12-50-29-PM,10.1405,10.2752,9.93814,8.08678,11.117,10.9823,
05-01-2026-Fri 12-50-30-PM,10.1067,10.2413,9.93814,8.05291,11.117,10.9823,
05-01-2026-Fri 12-50-32-PM,10.0736,10.2413,9.90427,7.98599,11.0831,10.9154,
05-01-2026-Fri 12-50-33-PM,10.0389,10.2075,9.83735,7.98599,11.0501,10.8816,
05-01-2026-Fri 12-50-34-PM,10.0059,10.1744,9.83735,7.98599,10.9823,10.8477,
05-01-2026-Fri 12-50-36-PM,9.972,10.1405,9.77042,7.95212,10.9823,10.7808,
05-01-2026-Fri 12-50-37-PM,9.93814,10.1067,9.77042,7.95212,10.9485,10.7469,
05-01-2026-Fri 12-50-39-PM,9.90427,10.1067,9.73574,7.8852,10.9154,10.713,
05-01-2026-Fri 12-50-40-PM,9.90427,10.0736,9.66882,7.91826,10.8816,10.6792,
05-01-2026-Fri 12-50-41-PM,9.87121,10.0736,9.66882,7.85133,10.8477,10.6453,
05-01-2026-Fri 12-50-43-PM,9.83735,10.0059,9.63495,7.85133,10.8138,10.5784,
05-01-2026-Fri 12-50-44-PM,9.80348,10.0059,9.60189,7.7836,10.7469,10.5784,
05-01-2026-Fri 12-50-46-PM,9.77042,9.972,9.53416,7.74973,10.7808,10.5445,
05-01-2026-Fri 12-50-49-PM,9.77042,9.972,9.53416,7.74973,10.713,10.4776,
05-01-2026-Fri 12-50-51-PM,9.66882,9.90427,9.46724,7.71667,10.6792,10.4098,
05-01-2026-Fri 12-50-54-PM,9.87121,10.0059,9.33258,7.68281,10.6122,10.3421,
05-01-2026-Fri 12-50-57-PM,9.56803,9.83735,9.33258,7.61588,10.5445,10.2752,
05-01-2026-Fri 12-50-58-PM,9.53416,9.77042,9.29871,7.58201,10.5106,10.1744,
05-01-2026-Fri 12-51-00-PM,9.50029,9.77042,9.29871,7.54815,10.4437,10.1744,
05-01-2026-Fri 12-51-01-PM,9.50029,9.70269,9.19711,7.54815,10.4437,10.1067,
05-01-2026-Fri 12-51-02-PM,9.43337,9.70269,9.16405,7.51428,10.4098,10.0736,
05-01-2026-Fri 12-51-04-PM,9.46724,9.66882,9.13018,7.51428,10.3421,10.0736,
05-01-2026-Fri 12-51-05-PM,9.3995,9.63495,9.09632,7.51428,10.3421,10.0389,
05-01-2026-Fri 12-51-07-PM,9.3995,9.60189,9.06326,7.44735,10.3091,9.972,
05-01-2026-Fri 12-51-08-PM,9.33258,9.60189,9.02939,7.48122,10.2752,9.93814,
05-01-2026-Fri 12-51-09-PM,9.33258,9.56803,8.96166,7.44735,10.2413,9.90427,
05-01-2026-Fri 12-51-11-PM,9.29871,9.53416,8.96166,7.38043,10.2075,9.90427,
05-01-2026-Fri 12-51-12-PM,9.29871,9.53416,8.9286,7.38043,10.2075,9.83735,
05-01-2026-Fri 12-51-14-PM,9.23178,9.46724,8.89473,7.34656,10.1405,9.80348,
05-01-2026-Fri 12-51-15-PM,9.19711,9.46724,8.827,7.31269,10.1405,9.77042,
05-01-2026-Fri 12-51-16-PM,9.19711,9.43337,8.86087,7.31269,10.1067,9.73574,
05-01-2026-Fri 12-51-18-PM,9.16405,9.3995,8.827,7.2119,10.0736,9.70269,
05-01-2026-Fri 12-51-19-PM,9.13018,9.36563,8.72621,7.27883,10.0389,9.66882,
05-01-2026-Fri 12-51-20-PM,9.13018,9.33258,8.76007,7.2119,10.0059,9.63495,
05-01-2026-Fri 12-51-22-PM,9.09632,9.29871,8.69234,7.2119,10.0059,9.60189,
05-01-2026-Fri 12-51-23-PM,9.06326,9.29871,8.65928,7.2119,9.972,9.56803,
05-01-2026-Fri 12-51-25-PM,9.02939,9.26484,8.62542,7.2119,9.93814,9.53416,
05-01-2026-Fri 12-51-26-PM,8.99553,9.26484,8.59155,7.14498,9.90427,9.50029,
05-01-2026-Fri 12-51-27-PM,8.96166,9.19711,8.59155,7.14498,9.87121,9.46724,
05-01-2026-Fri 12-51-29-PM,8.96166,9.19711,8.55768,7.11111,9.83735,9.43337,
05-01-2026-Fri 12-51-30-PM,8.89473,9.16405,8.52462,7.11111,9.83735,9.3995,
05-01-2026-Fri 12-51-32-PM,8.89473,9.09632,8.49076,7.04338,9.80348,9.36563,
05-01-2026-Fri 12-51-33-PM,8.86087,9.09632,8.45689,7.11111,9.77042,9.29871,
05-01-2026-Fri 12-51-35-PM,8.827,9.06326,8.38997,7.04338,9.77042,9.29871,
05-01-2026-Fri 12-51-36-PM,8.79313,9.06326,8.38997,7.04338,9.70269,9.23178,
05-01-2026-Fri 12-51-37-PM,8.76007,9.06326,8.3561,7.04338,9.66882,9.19711,
05-01-2026-Fri 12-51-39-PM,8.76007,9.02939,8.32223,6.97645,9.66882,9.19711,
05-01-2026-Fri 12-51-40-PM,8.69234,9.02939,8.28917,6.97645,9.63495,9.16405,
05-01-2026-Fri 12-51-42-PM,8.69234,8.99553,8.25531,6.97645,9.60189,9.13018,
05-01-2026-Fri 12-51-43-PM,8.65928,8.96166,8.22144,6.94258,9.60189,9.09632,
05-01-2026-Fri 12-51-45-PM,8.59155,8.9286,8.22144,6.94258,9.56803,9.06326,
05-01-2026-Fri 12-51-46-PM,8.55768,8.89473,8.22144,6.90872,9.50029,9.02939,
05-01-2026-Fri 12-51-47-PM,8.55768,8.86087,8.15371,6.87566,9.50029,8.99553,
05-01-2026-Fri 12-51-49-PM,8.52462,8.89473,8.08678,6.87566,9.46724,8.96166,
05-01-2026-Fri 12-51-51-PM,8.52462,8.827,8.05291,6.87566,9.46724,8.9286,
05-01-2026-Fri 12-51-52-PM,8.49076,8.79313,8.05291,6.80793,9.43337,8.89473,
05-01-2026-Fri 12-51-53-PM,8.45689,8.827,8.01986,6.80793,9.3995,8.86087,
05-01-2026-Fri 12-51-55-PM,8.42302,8.79313,7.95212,6.77406,9.36563,8.86087,
05-01-2026-Fri 12-51-56-PM,8.42302,8.76007,7.91826,6.741,9.33258,8.79313,
05-01-2026-Fri 12-51-58-PM,8.38997,8.76007,7.8852,6.70713,9.29871,8.76007,
05-01-2026-Fri 12-51-59-PM,8.32223,8.72621,7.81746,6.70713,9.29871,8.72621,
05-01-2026-Fri 12-52-00-PM,8.32223,8.69234,7.85133,6.67327,9.26484,8.69234,
05-01-2026-Fri 12-52-02-PM,8.32223,8.69234,7.85133,6.741,9.26484,8.69234,
05-01-2026-Fri 12-52-03-PM,8.25531,8.65928,7.7836,6.67327,9.23178,8.62542,
05-01-2026-Fri 12-52-05-PM,8.25531,8.62542,7.7836,6.60634,9.16405,8.62542,
05-01-2026-Fri 12-52-06-PM,8.22144,8.62542,7.7836,6.57248,9.16405,8.62542,
05-01-2026-Fri 12-52-07-PM,8.18757,8.59155,7.71667,6.60634,9.13018,8.55768,
05-01-2026-Fri 12-52-09-PM,8.18757,8.55768,7.64894,6.60634,9.13018,8.55768,
05-01-2026-Fri 12-52-10-PM,8.15371,8.55768,7.64894,6.64021,9.09632,8.52462,
05-01-2026-Fri 12-52-11-PM,8.12065,8.55768,7.58201,6.53942,9.06326,8.49076,
05-01-2026-Fri 12-52-13-PM,8.08678,8.52462,7.61588,6.50474,9.02939,8.45689,
05-01-2026-Fri 12-52-14-PM,8.08678,8.49076,7.58201,6.53942,9.02939,8.42302,
05-01-2026-Fri 12-52-16-PM,8.05291,8.49076,7.54815,6.53942,8.99553,8.42302,
05-01-2026-Fri 12-52-17-PM,8.01986,8.45689,7.54815,6.50474,8.99553,8.38997,
05-01-2026-Fri 12-52-18-PM,7.98599,8.42302,7.48122,6.40395,8.96166,8.32223,
05-01-2026-Fri 12-52-20-PM,8.01986,8.42302,7.51428,6.47168,8.9286,8.32223,
05-01-2026-Fri 12-52-21-PM,7.95212,8.38997,7.44735,6.40395,8.9286,8.28917,
05-01-2026-Fri 12-52-23-PM,7.91826,8.38997,7.44735,6.37089,8.89473,8.25531,
05-01-2026-Fri 12-52-24-PM,7.91826,8.32223,7.41349,6.40395,8.86087,8.22144,
05-01-2026-Fri 12-52-25-PM,7.91826,8.32223,7.34656,6.37089,8.827,8.18757,
05-01-2026-Fri 12-52-27-PM,7.8852,8.28917,7.34656,6.37089,8.79313,8.15371,
05-01-2026-Fri 12-52-28-PM,7.85133,8.28917,7.31269,6.33702,8.79313,8.12065,
05-01-2026-Fri 12-52-30-PM,7.81746,8.25531,7.27883,6.33702,8.76007,8.12065,
05-01-2026-Fri 12-52-31-PM,7.81746,8.25531,7.24496,6.2701,8.72621,8.08678,
05-01-2026-Fri 12-52-32-PM,7.7836,8.22144,7.27883,6.30316,8.72621,8.05291,
05-01-2026-Fri 12-52-34-PM,7.7836,8.18757,7.2119,6.30316,8.69234,8.05291,
05-01-2026-Fri 12-52-35-PM,7.74973,8.18757,7.2119,6.2701,8.65928,7.98599,
05-01-2026-Fri 12-52-37-PM,7.74973,8.15371,7.17804,6.2701,8.62542,7.98599,
05-01-2026-Fri 12-52-38-PM,7.71667,8.15371,7.11111,6.23623,8.59155,7.95212,
05-01-2026-Fri 12-52-39-PM,7.68281,8.12065,7.14498,6.23623,8.59155,7.91826,
05-01-2026-Fri 12-52-41-PM,7.68281,8.08678,7.11111,6.2701,8.55768,7.8852,
05-01-2026-Fri 12-52-42-PM,7.64894,8.08678,7.00951,6.23623,8.55768,7.85133,
05-01-2026-Fri 12-52-44-PM,7.61588,8.08678,7.00951,6.23623,8.52462,7.81746,
05-01-2026-Fri 12-52-45-PM,7.61588,8.05291,7.00951,6.23623,8.49076,7.85133,
05-01-2026-Fri 12-52-46-PM,7.58201,8.01986,7.00951,6.20237,8.45689,7.7836,
05-01-2026-Fri 12-52-48-PM,7.58201,8.01986,6.97645,6.1685,8.45689,7.74973,
05-01-2026-Fri 12-52-49-PM,7.54815,7.98599,6.94258,6.13544,8.42302,7.74973,
05-01-2026-Fri 12-52-51-PM,7.51428,7.95212,6.90872,6.10157,8.42302,7.71667,
05-01-2026-Fri 12-52-52-PM,7.48122,7.95212,6.87566,6.13544,8.38997,7.68281,
05-01-2026-Fri 12-52-53-PM,7.48122,7.91826,6.84179,6.13544,8.38997,7.64894,
05-01-2026-Fri 12-52-55-PM,7.48122,7.91826,6.87566,6.06771,8.3561,7.64894,
05-01-2026-Fri 12-52-56-PM,7.44735,7.8852,6.80793,6.10157,8.32223,7.58201,
05-01-2026-Fri 12-52-58-PM,7.41349,7.8852,6.80793,6.06771,8.28917,7.58201,
05-01-2026-Fri 12-52-59-PM,7.41349,7.85133,6.741,6.03465,8.28917,7.54815,
05-01-2026-Fri 12-53-00-PM,7.38043,7.81746,6.741,5.96691,8.25531,7.54815,
05-01-2026-Fri 12-53-02-PM,7.34656,7.7836,6.70713,6.03465,8.22144,7.51428,
05-01-2026-Fri 12-53-03-PM,7.31269,7.81746,6.67327,6.00078,8.22144,7.48122,
05-01-2026-Fri 12-53-05-PM,7.31269,7.7836,6.67327,6.00078,8.18757,7.48122,
05-01-2026-Fri 12-53-07-PM,7.27883,7.74973,6.64021,5.89999,8.15371,7.41349,
05-01-2026-Fri 12-53-08-PM,7.24496,7.71667,6.57248,5.89999,8.15371,7.41349,
05-01-2026-Fri 12-53-09-PM,7.24496,7.68281,6.57248,5.93386,8.12065,7.38043,
05-01-2026-Fri 12-53-11-PM,7.2119,7.68281,6.57248,5.93386,8.08678,7.34656,
05-01-2026-Fri 12-53-12-PM,7.17804,7.64894,6.50474,5.89999,8.05291,7.34656,
05-01-2026-Fri 12-53-14-PM,7.14498,7.61588,6.50474,5.89999,8.05291,7.27883,
05-01-2026-Fri 12-53-15-PM,7.11111,7.61588,6.43782,5.86612,8.01986,7.27883,
05-01-2026-Fri 12-53-17-PM,7.11111,7.58201,6.47168,5.86612,8.01986,7.24496,
05-01-2026-Fri 12-53-18-PM,7.07724,7.58201,6.43782,5.89999,7.98599,7.24496,
05-01-2026-Fri 12-53-20-PM,7.07724,7.54815,6.37089,5.83226,7.95212,7.2119,
05-01-2026-Fri 12-53-21-PM,7.00951,7.54815,6.33702,5.7992,7.91826,7.17804,
05-01-2026-Fri 12-53-23-PM,7.00951,7.51428,6.33702,5.76533,7.91826,7.14498,
05-01-2026-Fri 12-53-24-PM,6.94258,7.51428,6.30316,5.76533,7.8852,7.14498,
05-01-2026-Fri 12-53-26-PM,7.00951,7.48122,6.33702,5.76533,7.85133,7.07724,
05-01-2026-Fri 12-53-27-PM,6.94258,7.48122,6.2701,5.76533,7.81746,7.07724,
05-01-2026-Fri 12-53-29-PM,6.94258,7.41349,6.30316,5.73146,7.7836,7.07724,
05-01-2026-Fri 12-53-30-PM,6.90872,7.41349,6.23623,5.73146,7.7836,7.00951,
05-01-2026-Fri 12-53-32-PM,6.97645,7.44735,6.23623,5.6984,7.74973,6.97645,
05-01-2026-Fri 12-53-33-PM,6.97645,7.51428,6.20237,5.6984,7.7836,7.00951,
05-01-2026-Fri 12-53-34-PM,6.67327,7.34656,6.20237,5.6984,7.7836,7.07724,
05-01-2026-Fri 12-53-36-PM,6.84179,7.34656,6.13544,5.66454,7.68281,6.97645,
05-01-2026-Fri 12-53-37-PM,6.80793,7.34656,6.13544,5.6984,7.68281,6.94258,
05-01-2026-Fri 12-53-39-PM,6.80793,7.31269,6.10157,5.66454,7.68281,6.94258,
05-01-2026-Fri 12-53-40-PM,6.77406,7.27883,6.13544,5.63067,7.61588,6.87566,
05-01-2026-Fri 12-53-41-PM,6.741,7.27883,6.13544,5.66454,7.61588,6.87566,
05-01-2026-Fri 12-53-43-PM,6.741,7.27883,6.10157,5.59761,7.58201,6.84179,
05-01-2026-Fri 12-53-44-PM,6.70713,7.24496,6.06771,5.63067,7.58201,6.80793,
05-01-2026-Fri 12-53-46-PM,6.70713,7.2119,6.03465,5.56374,7.54815,6.80793,
05-01-2026-Fri 12-53-47-PM,6.67327,7.2119,6.00078,5.59761,7.54815,6.77406,
05-01-2026-Fri 12-53-48-PM,6.64021,7.14498,5.96691,5.56374,7.51428,6.741,
05-01-2026-Fri 12-53-50-PM,6.60634,7.17804,5.93386,5.59761,7.48122,6.741,
05-01-2026-Fri 12-53-51-PM,6.60634,7.14498,5.96691,5.52988,7.44735,6.741,
05-01-2026-Fri 12-53-53-PM,6.60634,7.11111,5.89999,5.49601,7.44735,6.70713,
05-01-2026-Fri 12-53-54-PM,6.57248,7.11111,5.86612,5.49601,7.41349,6.67327,
05-01-2026-Fri 12-53-56-PM,6.53942,7.07724,5.86612,5.52988,7.41349,6.67327,
05-01-2026-Fri 12-53-57-PM,6.50474,7.04338,5.83226,5.49601,7.41349,6.64021,
05-01-2026-Fri 12-53-58-PM,6.53942,7.04338,5.86612,5.46214,7.38043,6.60634,
05-01-2026-Fri 12-54-00-PM,6.47168,7.04338,5.76533,5.46214,7.34656,6.57248,
05-01-2026-Fri 12-54-01-PM,6.47168,7.04338,5.76533,5.46214,7.31269,6.57248,
05-01-2026-Fri 12-54-02-PM,6.43782,7.04338,5.76533,5.49601,7.31269,6.57248,
05-01-2026-Fri 12-54-04-PM,6.40395,7.00951,5.76533,5.42908,7.27883,6.50474,
05-01-2026-Fri 12-54-05-PM,6.40395,6.97645,5.6984,5.42908,7.24496,6.50474,
05-01-2026-Fri 12-54-07-PM,6.37089,6.94258,5.66454,5.39522,7.2119,6.50474,
05-01-2026-Fri 12-54-08-PM,6.37089,6.90872,5.6984,5.42908,7.24496,6.47168,
05-01-2026-Fri 12-54-09-PM,6.33702,6.90872,5.66454,5.39522,7.2119,6.47168,
05-01-2026-Fri 12-54-11-PM,6.33702,6.90872,5.63067,5.39522,7.17804,6.43782,
05-01-2026-Fri 12-54-12-PM,6.33702,6.84179,5.63067,5.39522,7.17804,6.43782,
05-01-2026-Fri 12-54-14-PM,6.30316,6.84179,5.59761,5.36135,7.14498,6.37089,
05-01-2026-Fri 12-54-15-PM,6.23623,6.84179,5.56374,5.39522,7.14498,6.37089,
05-01-2026-Fri 12-54-16-PM,6.2701,6.84179,5.49601,5.32829,7.11111,6.37089,
05-01-2026-Fri 12-54-18-PM,6.2701,6.80793,5.52988,5.32829,7.07724,6.37089,
05-01-2026-Fri 12-54-19-PM,6.23623,6.77406,5.52988,5.36135,7.07724,6.33702,
05-01-2026-Fri 12-54-22-PM,6.23623,6.77406,5.46214,5.29443,7.07724,6.30316,
05-01-2026-Fri 12-54-25-PM,6.1685,6.70713,5.46214,5.26056,7.04338,6.2701,
05-01-2026-Fri 12-54-27-PM,6.23623,7.04338,5.42908,5.29443,6.94258,6.30316,
05-01-2026-Fri 12-54-30-PM,6.43782,6.77406,5.39522,5.26056,6.94258,6.20237,
05-01-2026-Fri 12-54-32-PM,6.06771,6.64021,5.32829,5.2275,6.94258,6.13544,
05-01-2026-Fri 12-54-34-PM,6.10157,6.64021,5.36135,5.2275,6.87566,6.13544,
05-01-2026-Fri 12-54-35-PM,6.06771,6.60634,5.29443,5.2275,6.87566,6.10157,
05-01-2026-Fri 12-54-37-PM,6.00078,6.60634,5.29443,5.2275,6.84179,6.06771,
05-01-2026-Fri 12-54-38-PM,6.00078,6.57248,5.29443,5.2275,6.80793,6.06771,
05-01-2026-Fri 12-54-39-PM,6.00078,6.53942,5.2275,5.2275,6.80793,6.03465,
05-01-2026-Fri 12-54-41-PM,5.96691,6.53942,5.26056,5.2275,6.80793,6.00078,
05-01-2026-Fri 12-54-42-PM,6.00078,6.50474,5.2275,5.15977,6.77406,6.03465,
05-01-2026-Fri 12-54-44-PM,5.96691,6.50474,5.19363,5.19363,6.77406,5.96691,
05-01-2026-Fri 12-54-45-PM,5.93386,6.50474,5.1259,5.19363,6.70713,5.96691,
05-01-2026-Fri 12-54-46-PM,5.93386,6.47168,5.19363,5.15977,6.70713,5.93386,
05-01-2026-Fri 12-54-48-PM,5.93386,6.43782,5.1259,5.1259,6.741,5.89999,
05-01-2026-Fri 12-54-49-PM,5.89999,6.43782,5.1259,5.1259,6.67327,5.89999,
05-01-2026-Fri 12-54-51-PM,5.86612,6.40395,5.1259,5.1259,6.67327,5.89999,
05-01-2026-Fri 12-54-52-PM,5.86612,6.40395,5.09284,5.09284,6.64021,5.86612,
05-01-2026-Fri 12-54-54-PM,5.83226,6.37089,5.05898,5.09284,6.60634,5.83226,
05-01-2026-Fri 12-54-55-PM,5.83226,6.37089,5.05898,5.05898,6.60634,5.83226,
05-01-2026-Fri 12-54-56-PM,5.7992,6.37089,5.02511,5.02511,6.60634,5.7992,
05-01-2026-Fri 12-54-58-PM,5.76533,6.37089,4.99205,5.09284,6.57248,5.7992,
05-01-2026-Fri 12-54-59-PM,5.76533,6.33702,4.99205,5.02511,6.53942,5.76533,
05-01-2026-Fri 12-55-01-PM,5.73146,6.30316,4.99205,4.99205,6.53942,5.76533,
05-01-2026-Fri 12-55-02-PM,5.6984,6.30316,4.92432,5.02511,6.50474,5.73146,
05-01-2026-Fri 12-55-03-PM,5.6984,6.30316,4.92432,5.02511,6.50474,5.6984,
05-01-2026-Fri 12-55-05-PM,5.6984,6.23623,4.92432,4.95818,6.47168,5.6984,
05-01-2026-Fri 12-55-06-PM,5.66454,6.2701,4.92432,5.05898,6.47168,5.66454,
05-01-2026-Fri 12-55-08-PM,5.63067,6.2701,4.85739,4.95818,6.43782,5.66454,
05-01-2026-Fri 12-55-09-PM,5.66454,6.23623,4.85739,5.02511,6.43782,5.63067,
05-01-2026-Fri 12-55-10-PM,5.59761,6.23623,4.85739,4.95818,6.40395,5.63067,
05-01-2026-Fri 12-55-12-PM,5.59761,6.20237,4.82352,4.99205,6.40395,5.59761,
05-01-2026-Fri 12-55-13-PM,5.59761,6.20237,4.79046,4.99205,6.37089,5.59761,
05-01-2026-Fri 12-55-15-PM,5.56374,6.1685,4.7566,4.95818,6.37089,5.56374,
05-01-2026-Fri 12-55-16-PM,5.56374,6.1685,4.7566,4.92432,6.33702,5.56374,
05-01-2026-Fri 12-55-18-PM,5.49601,6.1685,4.7566,4.92432,6.30316,5.52988,
05-01-2026-Fri 12-55-19-PM,5.83226,6.2701,4.72273,4.92432,6.30316,5.52988,
05-01-2026-Fri 12-55-20-PM,5.59761,6.1685,4.7566,4.92432,6.30316,5.56374,
05-01-2026-Fri 12-55-22-PM,5.59761,6.30316,4.68887,4.89126,6.37089,5.42908,
05-01-2026-Fri 12-55-23-PM,5.36135,6.40395,4.68887,4.89126,6.30316,5.52988,
05-01-2026-Fri 12-55-25-PM,5.46214,6.10157,4.65581,4.92432,6.2701,5.46214,
05-01-2026-Fri 12-55-26-PM,5.42908,6.10157,4.62194,4.89126,6.23623,5.42908,
05-01-2026-Fri 12-55-27-PM,5.42908,6.06771,4.58807,4.89126,6.20237,5.39522,
05-01-2026-Fri 12-55-29-PM,5.39522,6.06771,4.58807,4.82352,6.20237,5.39522,
05-01-2026-Fri 12-55-30-PM,5.39522,6.03465,4.62194,4.82352,6.1685,5.36135,
05-01-2026-Fri 12-55-32-PM,5.36135,6.00078,4.58807,4.85739,6.1685,5.36135,
05-01-2026-Fri 12-55-33-PM,5.36135,6.00078,4.58807,4.79046,6.1685,5.36135,
05-01-2026-Fri 12-55-35-PM,5.32829,6.00078,4.52115,4.85739,6.13544,5.29443,
05-01-2026-Fri 12-55-36-PM,5.32829,6.00078,4.58807,4.82352,6.10157,5.29443,
05-01-2026-Fri 12-55-37-PM,5.32829,5.96691,4.52115,4.79046,6.10157,5.29443,
05-01-2026-Fri 12-55-39-PM,5.29443,5.96691,4.52115,4.82352,6.06771,5.26056,
05-01-2026-Fri 12-55-40-PM,5.29443,5.93386,4.52115,4.79046,6.03465,5.2275,
05-01-2026-Fri 12-55-42-PM,5.29443,5.93386,4.52115,4.82352,6.03465,5.2275,
05-01-2026-Fri 12-55-43-PM,5.2275,5.89999,4.42035,4.79046,6.03465,5.2275,
05-01-2026-Fri 12-55-46-PM,5.2275,5.89999,4.42035,4.79046,6.00078,5.19363,
05-01-2026-Fri 12-55-49-PM,5.19363,5.86612,4.45422,4.7566,5.96691,5.15977,
05-01-2026-Fri 12-55-51-PM,5.15977,5.83226,4.31956,4.7566,5.93386,5.1259,
05-01-2026-Fri 12-55-52-PM,5.1259,5.83226,4.38649,4.7566,5.93386,5.09284,
05-01-2026-Fri 12-55-53-PM,5.1259,5.83226,4.38649,4.79046,5.89999,5.09284,
05-01-2026-Fri 12-55-55-PM,5.09284,5.76533,4.31956,4.7566,5.89999,5.09284,
05-01-2026-Fri 12-55-56-PM,5.09284,5.7992,4.31956,4.68887,5.86612,5.05898,
05-01-2026-Fri 12-55-58-PM,5.05898,5.73146,4.25264,4.72273,5.86612,5.02511,
05-01-2026-Fri 12-56-00-PM,5.05898,5.73146,4.21796,4.68887,5.83226,4.99205,
05-01-2026-Fri 12-56-01-PM,5.02511,5.6984,4.21796,4.72273,5.83226,4.99205,
05-01-2026-Fri 12-56-03-PM,4.99205,5.6984,4.21796,4.72273,5.7992,4.99205,
05-01-2026-Fri 12-56-04-PM,4.99205,5.66454,4.1849,4.68887,5.7992,4.95818,
05-01-2026-Fri 12-56-05-PM,4.95818,5.6984,4.21796,4.72273,5.76533,4.95818,
05-01-2026-Fri 12-56-07-PM,5.05898,5.6984,4.1849,4.68887,5.7992,4.92432,
05-01-2026-Fri 12-56-08-PM,5.2275,5.7992,4.15104,4.7566,5.73146,4.89126,
05-01-2026-Fri 12-56-10-PM,5.15977,5.83226,4.11717,4.68887,5.76533,4.89126,
05-01-2026-Fri 12-56-11-PM,5.1259,5.86612,4.11717,4.68887,5.73146,4.92432,
05-01-2026-Fri 12-56-12-PM,4.95818,5.63067,4.15104,4.68887,5.6984,4.89126,
05-01-2026-Fri 12-56-14-PM,4.92432,5.63067,4.11717,4.68887,5.6984,4.89126,
05-01-2026-Fri 12-56-15-PM,4.89126,5.59761,4.15104,4.68887,5.66454,4.85739,
05-01-2026-Fri 12-56-17-PM,4.85739,5.59761,4.01638,4.68887,5.6984,4.82352,
05-01-2026-Fri 12-56-18-PM,4.85739,5.56374,4.05025,4.62194,5.63067,4.82352,
05-01-2026-Fri 12-56-19-PM,4.85739,5.56374,4.08411,4.65581,5.66454,4.79046,
05-01-2026-Fri 12-56-21-PM,4.85739,5.56374,4.05025,4.65581,5.63067,4.79046,
05-01-2026-Fri 12-56-22-PM,4.82352,5.52988,4.05025,4.62194,5.63067,4.7566,
05-01-2026-Fri 12-56-23-PM,4.82352,5.49601,4.01638,4.58807,5.59761,4.7566,
05-01-2026-Fri 12-56-25-PM,4.82352,5.52988,3.98332,4.62194,5.59761,4.7566,
05-01-2026-Fri 12-56-26-PM,4.79046,5.49601,4.01638,4.62194,5.59761,4.72273,
05-01-2026-Fri 12-56-28-PM,4.79046,5.49601,3.98332,4.62194,5.56374,4.72273,
05-01-2026-Fri 12-56-29-PM,4.72273,5.49601,3.94945,4.58807,5.52988,4.72273,
05-01-2026-Fri 12-56-30-PM,4.7566,5.42908,3.91559,4.58807,5.52988,4.68887,
05-01-2026-Fri 12-56-32-PM,4.7566,5.42908,3.91559,4.58807,5.49601,4.68887,
05-01-2026-Fri 12-56-33-PM,4.72273,5.42908,3.84866,4.58807,5.52988,4.68887,
05-01-2026-Fri 12-56-35-PM,4.72273,5.42908,3.88253,4.55501,5.49601,4.65581,
05-01-2026-Fri 12-56-36-PM,4.68887,5.39522,3.88253,4.55501,5.49601,4.62194,
05-01-2026-Fri 12-56-37-PM,4.68887,5.39522,3.88253,4.55501,5.46214,4.62194,
05-01-2026-Fri 12-56-39-PM,4.65581,5.36135,3.88253,4.55501,5.42908,4.58807,
05-01-2026-Fri 12-56-40-PM,4.65581,5.39522,3.81479,4.55501,5.42908,4.58807,
05-01-2026-Fri 12-56-42-PM,4.62194,5.36135,3.84866,4.55501,5.39522,4.58807,
05-01-2026-Fri 12-56-43-PM,4.62194,5.36135,3.81479,4.52115,5.39522,4.55501,
05-01-2026-Fri 12-56-44-PM,4.62194,5.36135,3.74787,4.55501,5.39522,4.55501,
05-01-2026-Fri 12-56-46-PM,4.58807,5.32829,3.78173,4.55501,5.36135,4.55501,
05-01-2026-Fri 12-56-47-PM,4.55501,5.36135,3.74787,4.52115,5.39522,4.52115,
05-01-2026-Fri 12-56-49-PM,4.55501,5.32829,3.74787,4.52115,5.36135,4.52115,
05-01-2026-Fri 12-56-50-PM,4.52115,5.29443,3.78173,4.52115,5.36135,4.52115,
05-01-2026-Fri 12-56-51-PM,4.52115,5.29443,3.74787,4.48728,5.32829,4.48728,
05-01-2026-Fri 12-56-53-PM,4.48728,5.29443,3.714,4.55501,5.32829,4.48728,
05-01-2026-Fri 12-56-54-PM,4.45422,5.26056,3.714,4.48728,5.26056,4.48728,
05-01-2026-Fri 12-56-56-PM,4.45422,5.26056,3.74787,4.52115,5.29443,4.45422,
05-01-2026-Fri 12-56-57-PM,4.48728,5.2275,3.714,4.45422,5.26056,4.45422,
05-01-2026-Fri 12-56-58-PM,4.42035,5.2275,3.68094,4.48728,5.26056,4.45422,
05-01-2026-Fri 12-57-00-PM,4.42035,5.2275,3.64707,4.45422,5.26056,4.42035,
05-01-2026-Fri 12-57-01-PM,4.42035,5.2275,3.64707,4.48728,5.26056,4.38649,
05-01-2026-Fri 12-57-03-PM,4.42035,5.2275,3.61321,4.45422,5.2275,4.35343,
05-01-2026-Fri 12-57-04-PM,4.38649,5.19363,3.61321,4.42035,5.19363,4.38649,
05-01-2026-Fri 12-57-05-PM,4.35343,5.15977,3.61321,4.45422,5.2275,4.35343,
05-01-2026-Fri 12-57-07-PM,4.35343,5.15977,3.61321,4.45422,5.19363,4.35343,
05-01-2026-Fri 12-57-08-PM,4.35343,5.15977,3.54628,4.45422,5.19363,4.35343,
05-01-2026-Fri 12-57-10-PM,4.31956,5.15977,3.57934,4.42035,5.15977,4.35343,
05-01-2026-Fri 12-57-11-PM,4.2857,5.15977,3.54628,4.45422,5.1259,4.31956,
05-01-2026-Fri 12-57-12-PM,4.31956,5.1259,3.57934,4.45422,5.15977,4.31956,
05-01-2026-Fri 12-57-14-PM,4.2857,5.1259,3.51242,4.42035,5.1259,4.2857,
05-01-2026-Fri 12-57-15-PM,4.25264,5.1259,3.51242,4.38649,5.1259,4.25264,
05-01-2026-Fri 12-57-16-PM,4.2857,5.09284,3.47855,4.38649,5.09284,4.2857,
05-01-2026-Fri 12-57-18-PM,4.2857,5.09284,3.51242,4.42035,5.09284,4.2857,
05-01-2026-Fri 12-57-19-PM,4.25264,5.05898,3.47855,4.42035,5.05898,4.25264,
05-01-2026-Fri 12-57-21-PM,4.25264,5.05898,3.51242,4.42035,5.05898,4.25264,
05-01-2026-Fri 12-57-22-PM,4.21796,5.05898,3.41162,4.35343,5.02511,4.21796,
05-01-2026-Fri 12-57-23-PM,4.21796,5.05898,3.47855,4.38649,5.02511,4.21796,
05-01-2026-Fri 12-57-25-PM,4.21796,5.02511,3.37776,4.35343,4.99205,4.1849,
05-01-2026-Fri 12-57-26-PM,4.21796,5.02511,3.41162,4.38649,4.99205,4.1849,
05-01-2026-Fri 12-57-28-PM,4.1849,4.99205,3.44549,4.38649,4.99205,4.1849,
05-01-2026-Fri 12-57-29-PM,4.15104,4.99205,3.41162,4.31956,4.99205,4.1849,
05-01-2026-Fri 12-57-30-PM,4.15104,4.99205,3.37776,4.35343,4.95818,4.15104,
05-01-2026-Fri 12-57-32-PM,4.1849,4.95818,3.41162,4.31956,4.95818,4.15104,
05-01-2026-Fri 12-57-33-PM,4.15104,4.95818,3.3447,4.31956,4.92432,4.11717,
05-01-2026-Fri 12-57-35-PM,4.11717,4.95818,3.31083,4.35343,4.92432,4.11717,
05-01-2026-Fri 12-57-36-PM,4.11717,4.92432,3.41162,4.31956,4.92432,4.11717,
05-01-2026-Fri 12-57-37-PM,4.11717,4.95818,3.31083,4.31956,4.92432,4.08411,
05-01-2026-Fri 12-57-39-PM,4.08411,4.92432,3.24391,4.31956,4.89126,4.05025,
05-01-2026-Fri 12-57-40-PM,4.08411,4.92432,3.3447,4.31956,4.89126,4.08411,
05-01-2026-Fri 12-57-42-PM,4.08411,4.89126,3.27697,4.2857,4.89126,4.05025,
05-01-2026-Fri 12-57-43-PM,4.05025,4.89126,3.24391,4.31956,4.85739,4.05025,
05-01-2026-Fri 12-57-44-PM,4.05025,4.89126,3.24391,4.35343,4.85739,4.05025,
05-01-2026-Fri 12-57-46-PM,4.05025,4.85739,3.27697,4.31956,4.85739,4.01638,
05-01-2026-Fri 12-57-47-PM,4.01638,4.85739,3.24391,4.2857,4.82352,3.98332,
05-01-2026-Fri 12-57-49-PM,3.98332,4.85739,3.24391,4.2857,4.82352,4.01638,
05-01-2026-Fri 12-57-50-PM,3.98332,4.82352,3.21004,4.25264,4.79046,3.94945,
05-01-2026-Fri 12-57-52-PM,3.98332,4.82352,3.21004,4.2857,4.7566,3.98332,
05-01-2026-Fri 12-57-53-PM,3.98332,4.79046,3.17617,4.25264,4.7566,3.94945,
05-01-2026-Fri 12-57-54-PM,3.94945,4.82352,3.17617,4.25264,4.79046,3.94945,
05-01-2026-Fri 12-57-56-PM,3.98332,4.79046,3.14311,4.2857,4.72273,3.91559,
05-01-2026-Fri 12-57-57-PM,3.91559,4.79046,3.17617,4.25264,4.7566,3.91559,
05-01-2026-Fri 12-57-59-PM,3.91559,4.79046,3.10925,4.25264,4.72273,3.91559,
05-01-2026-Fri 12-58-00-PM,3.91559,4.7566,3.07538,4.21796,4.68887,3.91559,
05-01-2026-Fri 12-58-01-PM,3.91559,4.7566,3.10925,4.21796,4.68887,3.88253,
05-01-2026-Fri 12-58-03-PM,3.88253,4.72273,3.10925,4.25264,4.68887,3.84866,
05-01-2026-Fri 12-58-04-PM,3.91559,4.72273,3.10925,4.21796,4.65581,3.84866,
05-01-2026-Fri 12-58-07-PM,3.88253,4.72273,3.07538,4.21796,4.65581,3.84866,
05-01-2026-Fri 12-58-10-PM,3.88253,4.68887,3.04232,4.1849,4.62194,3.84866,
05-01-2026-Fri 12-58-12-PM,3.84866,4.65581,3.04232,4.15104,4.62194,3.81479,
05-01-2026-Fri 12-58-13-PM,3.81479,4.65581,3.00845,4.1849,4.62194,3.81479,
05-01-2026-Fri 12-58-15-PM,3.81479,4.65581,3.00845,4.15104,4.58807,3.78173,
05-01-2026-Fri 12-58-16-PM,3.78173,4.62194,3.07538,4.15104,4.58807,3.78173,
05-01-2026-Fri 12-58-17-PM,3.78173,4.62194,2.94153,4.15104,4.58807,3.74787,
05-01-2026-Fri 12-58-19-PM,3.78173,4.62194,3.00845,4.15104,4.55501,3.74787,
05-01-2026-Fri 12-58-20-PM,3.78173,4.62194,2.97459,4.11717,4.55501,3.714,
05-01-2026-Fri 12-58-21-PM,3.78173,4.58807,2.94153,4.15104,4.52115,3.714,
05-01-2026-Fri 12-58-23-PM,3.74787,4.58807,2.97459,4.11717,4.52115,3.714,
05-01-2026-Fri 12-58-24-PM,3.74787,4.58807,2.90766,4.15104,4.55501,3.714,
05-01-2026-Fri 12-58-26-PM,3.714,4.58807,2.90766,4.11717,4.52115,3.68094,
05-01-2026-Fri 12-58-27-PM,3.714,4.55501,2.97459,4.11717,4.48728,3.64707,
05-01-2026-Fri 12-58-28-PM,3.68094,4.55501,2.90766,4.08411,4.48728,3.68094,
05-01-2026-Fri 12-58-30-PM,3.68094,4.52115,2.94153,4.11717,4.45422,3.64707,
05-01-2026-Fri 12-58-32-PM,3.68094,4.55501,2.84073,4.11717,4.45422,3.64707,
05-01-2026-Fri 12-58-33-PM,3.68094,4.52115,2.87379,4.15104,4.48728,3.64707,
05-01-2026-Fri 12-58-34-PM,3.68094,4.52115,2.84073,4.1849,4.42035,3.64707,
05-01-2026-Fri 12-58-36-PM,3.68094,4.52115,2.90766,4.15104,4.45422,3.61321,
05-01-2026-Fri 12-58-37-PM,3.64707,4.52115,2.80687,4.21796,4.42035,3.61321,
05-01-2026-Fri 12-58-39-PM,3.64707,4.52115,2.80687,4.1849,4.42035,3.61321,
05-01-2026-Fri 12-58-40-PM,3.61321,4.52115,2.80687,4.1849,4.42035,3.57934,
05-01-2026-Fri 12-58-42-PM,3.61321,4.52115,2.80687,4.21796,4.38649,3.57934,
05-01-2026-Fri 12-58-44-PM,3.64707,4.48728,2.84073,4.1849,4.38649,3.57934,
05-01-2026-Fri 12-58-45-PM,3.61321,4.48728,2.80687,4.1849,4.38649,3.57934,
05-01-2026-Fri 12-58-46-PM,3.57934,4.48728,2.80687,4.11717,4.38649,3.54628,
05-01-2026-Fri 12-58-48-PM,3.57934,4.45422,2.773,4.11717,4.35343,3.54628,
05-01-2026-Fri 12-58-49-PM,3.57934,4.42035,2.80687,4.08411,4.31956,3.54628,
05-01-2026-Fri 12-58-51-PM,3.54628,4.42035,2.73994,4.05025,4.31956,3.51242,
05-01-2026-Fri 12-58-52-PM,3.51242,4.38649,2.73994,3.94945,4.31956,3.51242,
05-01-2026-Fri 12-58-53-PM,3.51242,4.35343,2.67221,3.88253,4.2857,3.47855,
05-01-2026-Fri 12-58-55-PM,3.47855,4.2857,2.73994,3.81479,4.25264,3.44549,
05-01-2026-Fri 12-58-56-PM,3.41162,4.2857,2.67221,3.68094,4.21796,3.44549,
05-01-2026-Fri 12-58-58-PM,3.41162,4.21796,2.73994,3.54628,4.1849,3.44549,
05-01-2026-Fri 12-58-59-PM,3.3447,4.1849,2.63915,3.44549,4.15104,3.41162,
05-01-2026-Fri 12-59-00-PM,3.31083,4.11717,2.63915,3.3447,4.11717,3.37776,
05-01-2026-Fri 12-59-02-PM,3.27697,4.08411,2.57142,3.21004,4.08411,3.3447,
05-01-2026-Fri 12-59-03-PM,3.21004,4.05025,2.57142,3.07538,4.05025,3.3447,
05-01-2026-Fri 12-59-05-PM,3.14311,3.98332,2.57142,3.04232,3.98332,3.31083,
05-01-2026-Fri 12-59-06-PM,3.10925,3.94945,2.53755,2.90766,3.94945,3.31083,
05-01-2026-Fri 12-59-07-PM,3.07538,3.88253,2.47062,2.84073,3.91559,3.27697,
05-01-2026-Fri 12-59-09-PM,2.97459,3.84866,2.47062,2.73994,3.88253,3.24391,
05-01-2026-Fri 12-59-10-PM,2.97459,3.81479,2.43676,2.63915,3.84866,3.24391,
05-01-2026-Fri 12-59-12-PM,2.94153,3.78173,2.4037,2.60528,3.81479,3.21004,
05-01-2026-Fri 12-59-13-PM,2.87379,3.714,2.33597,2.53755,3.78173,3.21004,
05-01-2026-Fri 12-59-14-PM,2.84073,3.68094,2.33597,2.43676,3.714,3.14311,
05-01-2026-Fri 12-59-16-PM,2.80687,3.61321,2.33597,2.36983,3.64707,3.14311,
05-01-2026-Fri 12-59-17-PM,2.773,3.57934,2.26904,2.30291,3.61321,3.10925,
05-01-2026-Fri 12-59-19-PM,2.70608,3.54628,2.26904,2.23517,3.57934,3.07538,
05-01-2026-Fri 12-59-20-PM,2.67221,3.51242,2.23517,2.20211,3.54628,3.07538,
05-01-2026-Fri 12-59-22-PM,2.63915,3.44549,2.16825,2.13438,3.51242,3.07538,
05-01-2026-Fri 12-59-23-PM,2.57142,3.37776,2.13438,2.03359,3.47855,3.00845,
05-01-2026-Fri 12-59-25-PM,2.53755,3.3447,2.10132,1.89974,3.41162,2.97459,
05-01-2026-Fri 12-59-26-PM,2.50449,3.27697,2.10132,1.832,3.3447,2.94153,
05-01-2026-Fri 12-59-28-PM,2.47062,3.21004,2.03359,1.69815,3.3447,2.87379,
05-01-2026-Fri 12-59-29-PM,2.43676,3.17617,2.03359,1.69815,3.27697,2.87379,
05-01-2026-Fri 12-59-30-PM,2.36983,3.14311,1.96666,1.59817,3.21004,2.84073,
05-01-2026-Fri 12-59-32-PM,2.33597,3.07538,1.96666,1.59817,3.17617,2.80687,
05-01-2026-Fri 12-59-33-PM,2.30291,3.04232,1.9328,1.49657,3.14311,2.773,
05-01-2026-Fri 12-59-35-PM,2.23517,3.00845,1.89974,1.42883,3.10925,2.73994,
05-01-2026-Fri 12-59-36-PM,2.23517,2.94153,1.832,1.36271,3.07538,2.73994,
05-01-2026-Fri 12-59-37-PM,2.20211,2.90766,1.832,1.32885,3.04232,2.70608,
05-01-2026-Fri 12-59-39-PM,2.13438,2.87379,1.73202,1.26112,2.97459,2.67221,
05-01-2026-Fri 12-59-40-PM,2.10132,2.80687,1.69815,1.195,2.94153,2.60528,
05-01-2026-Fri 12-59-42-PM,2.06746,2.73994,1.66429,1.12726,2.90766,2.60528,
05-01-2026-Fri 12-59-43-PM,2.00053,2.73994,1.63042,1.05953,2.87379,2.53755,
05-01-2026-Fri 12-59-44-PM,1.96666,2.67221,1.59817,1.02566,2.84073,2.50449,
05-01-2026-Fri 12-59-46-PM,1.96666,2.63915,1.5643,0.959544,2.773,2.47062,
05-01-2026-Fri 12-59-47-PM,1.89974,2.57142,1.63042,0.925678,2.73994,2.47062,
05-01-2026-Fri 12-59-49-PM,1.86587,2.57142,1.53043,0.824079,2.70608,2.4037,
05-01-2026-Fri 12-59-50-PM,1.79894,2.50449,1.4627,0.824079,2.63915,2.36983,
05-01-2026-Fri 12-59-51-PM,1.76588,2.43676,1.42883,0.757959,2.63915,2.33597,
05-01-2026-Fri 12-59-53-PM,1.73202,2.4037,1.42883,0.724093,2.57142,2.30291,
05-01-2026-Fri 12-59-54-PM,1.69815,2.36983,1.36271,0.690227,2.50449,2.23517,
05-01-2026-Fri 12-59-56-PM,1.66429,2.30291,1.32885,0.590241,2.50449,2.23517,
05-01-2026-Fri 12-59-57-PM,1.59817,2.26904,1.29498,0.556374,2.43676,2.20211,
05-01-2026-Fri 12-59-59-PM,1.5643,2.23517,1.29498,0.490255,2.4037,2.16825,
05-01-2026-Fri 13-00-00-PM,1.5643,2.16825,1.26112,0.456388,2.36983,2.13438,
05-01-2026-Fri 13-00-01-PM,1.49657,2.13438,1.16113,0.422522,2.33597,2.06746,
05-01-2026-Fri 13-00-03-PM,1.42883,2.10132,1.0934,0.388656,2.26904,2.06746,
05-01-2026-Fri 13-00-04-PM,1.42883,2.03359,1.16113,0.320923,2.23517,2.03359,
05-01-2026-Fri 13-00-06-PM,1.36271,2.00053,1.0934,0.254803,2.20211,1.96666,
05-01-2026-Fri 13-00-07-PM,1.36271,1.9328,1.02566,0.187071,2.16825,1.9328,
05-01-2026-Fri 13-00-09-PM,1.29498,1.89974,0.993411,0.187071,2.13438,1.89974,
05-01-2026-Fri 13-00-10-PM,1.29498,1.86587,0.959544,0.153205,2.10132,1.832,
05-01-2026-Fri 13-00-11-PM,1.26112,1.832,0.891812,0.0532184,2.03359,1.832,
05-01-2026-Fri 13-00-13-PM,1.42883,1.79894,0.891812,-0.0166559,2.03359,1.832,
05-01-2026-Fri 13-00-14-PM,1.195,2.00053,0.857945,-0.0166559,1.96666,1.79894,
05-01-2026-Fri 13-00-16-PM,1.22725,2.03359,0.857945,-0.0166559,1.96666,1.79894,
05-01-2026-Fri 13-00-17-PM,1.16113,1.86587,0.757959,-0.0503058,2.00053,1.76588,
05-01-2026-Fri 13-00-18-PM,1.0934,1.63042,0.791826,-0.117473,1.86587,1.66429,
05-01-2026-Fri 13-00-20-PM,1.02566,1.5643,0.724093,-0.218214,1.832,1.63042,
05-01-2026-Fri 13-00-21-PM,1.02566,1.53043,0.690227,-0.251791,1.76588,1.5643,
05-01-2026-Fri 13-00-23-PM,0.993411,1.4627,0.656361,-0.31895,1.76588,1.53043,
05-01-2026-Fri 13-00-24-PM,0.959544,1.4627,0.622494,-0.285374,1.73202,1.49657,
05-01-2026-Fri 13-00-25-PM,0.925678,1.42883,0.522508,-0.3524,1.66429,1.4627,
05-01-2026-Fri 13-00-27-PM,0.891812,1.36271,0.556374,-0.386048,1.66429,1.42883,
05-01-2026-Fri 13-00-28-PM,0.824079,1.36271,0.522508,-0.45321,1.59817,1.39658,
05-01-2026-Fri 13-00-30-PM,0.824079,1.29498,0.490255,-0.45321,1.5643,1.32885,
05-01-2026-Fri 13-00-31-PM,0.791826,1.26112,0.422522,-0.520283,1.53043,1.32885,
05-01-2026-Fri 13-00-32-PM,0.757959,1.195,0.388656,-0.553934,1.53043,1.29498,
05-01-2026-Fri 13-00-34-PM,0.724093,1.195,0.388656,-0.58752,1.4627,1.22725,
05-01-2026-Fri 13-00-35-PM,0.690227,1.12726,0.354789,-0.621094,1.42883,1.195,
05-01-2026-Fri 13-00-36-PM,0.791826,1.195,0.320923,-0.688109,1.39658,1.195,
05-01-2026-Fri 13-00-38-PM,0.656361,1.195,0.254803,-0.688109,1.42883,1.16113,
05-01-2026-Fri 13-00-39-PM,0.656361,1.02566,0.187071,-0.75533,1.32885,1.16113,
05-01-2026-Fri 13-00-41-PM,0.857945,1.12726,0.220937,-0.75533,1.36271,0.993411,
05-01-2026-Fri 13-00-42-PM,0.590241,0.959544,0.220937,-0.822482,1.26112,1.02566,
05-01-2026-Fri 13-00-44-PM,0.556374,0.925678,0.153205,-0.855981,1.26112,0.993411,
05-01-2026-Fri 13-00-45-PM,0.522508,0.891812,0.120951,-0.88963,1.22725,0.959544,
05-01-2026-Fri 13-00-46-PM,0.490255,0.891812,0.0870847,-0.923207,1.16113,0.925678,
05-01-2026-Fri 13-00-49-PM,0.456388,0.824079,0.0193522,-0.956779,1.12726,0.891812,
05-01-2026-Fri 13-00-52-PM,0.388656,0.757959,-0.0166559,-0.990355,1.05953,0.824079,
05-01-2026-Fri 13-00-55-PM,0.320923,0.690227,-0.117473,-1.12458,0.993411,0.724093,
05-01-2026-Fri 13-00-57-PM,0.254803,0.622494,-0.184562,-1.15815,0.925678,0.656361,
05-01-2026-Fri 13-00-59-PM,0.220937,0.556374,-0.218214,-1.22529,0.857945,0.590241,
05-01-2026-Fri 13-01-01-PM,0.153205,0.522508,-0.285374,-1.29243,0.824079,0.490255,
05-01-2026-Fri 13-01-02-PM,0.153205,0.490255,-0.31895,-1.326,0.791826,0.522508,
05-01-2026-Fri 13-01-04-PM,0.0870847,0.456388,-0.386048,-1.326,0.757959,0.456388,
05-01-2026-Fri 13-01-05-PM,0.0532184,0.422522,-0.386048,-1.39308,0.724093,0.422522,
05-01-2026-Fri 13-01-07-PM,0.0532184,0.388656,-0.3524,-1.35944,0.690227,0.388656,
05-01-2026-Fri 13-01-08-PM,0.0193522,0.354789,-0.520283,-1.42664,0.656361,0.354789,
05-01-2026-Fri 13-01-10-PM,-0.0166559,0.320923,-0.486782,-1.49378,0.622494,0.320923,
05-01-2026-Fri 13-01-11-PM,-0.0166559,0.320923,-0.520283,-1.49378,0.590241,0.28867,
05-01-2026-Fri 13-01-12-PM,-0.0503058,0.28867,-0.621094,-1.56092,0.556374,0.254803,
05-01-2026-Fri 13-01-14-PM,-0.0838943,0.220937,-0.621094,-1.56092,0.522508,0.220937,
05-01-2026-Fri 13-01-15-PM,-0.117473,0.220937,-0.621094,-1.62804,0.522508,0.153205,
05-01-2026-Fri 13-01-17-PM,-0.151053,0.153205,-0.688109,-1.66161,0.490255,0.153205,
05-01-2026-Fri 13-01-18-PM,-0.184562,0.120951,-0.721756,-1.66161,0.456388,0.0870847,
05-01-2026-Fri 13-01-20-PM,-0.218214,0.120951,-0.721756,-1.69504,0.388656,0.0532184,
05-01-2026-Fri 13-01-21-PM,-0.218214,0.0870847,-0.788907,-1.76225,0.388656,0.0193522,
05-01-2026-Fri 13-01-22-PM,-0.285374,0.0193522,-0.855981,-1.76225,0.354789,-0.0166559,
05-01-2026-Fri 13-01-24-PM,-0.285374,0.0193522,-0.88963,-1.76225,0.320923,-0.0503058,
05-01-2026-Fri 13-01-25-PM,-0.31895,-0.0166559,-0.923207,-1.82937,0.28867,-0.117473,
05-01-2026-Fri 13-01-27-PM,-0.31895,-0.0503058,-0.923207,-1.86287,0.28867,-0.117473,
05-01-2026-Fri 13-01-28-PM,-0.386048,-0.0838943,-0.923207,-1.86287,0.254803,-0.151053,
05-01-2026-Fri 13-01-29-PM,-0.386048,-0.117473,-0.923207,-1.93007,0.187071,-0.218214,
05-01-2026-Fri 13-01-31-PM,-0.419626,-0.151053,-0.990355,-1.93007,0.187071,-0.218214,
05-01-2026-Fri 13-01-32-PM,-0.419626,-0.184562,-1.02379,-1.96363,0.120951,-0.251791,
05-01-2026-Fri 13-01-34-PM,-0.486782,-0.184562,-1.12458,-1.96363,0.120951,-0.285374,
05-01-2026-Fri 13-01-35-PM,-0.285374,0.187071,-1.12458,-2.03062,0.153205,-0.31895,
05-01-2026-Fri 13-01-36-PM,-0.419626,-0.0838943,-1.12458,-2.06425,0.153205,-0.285374,
05-01-2026-Fri 13-01-38-PM,-0.486782,-0.251791,-1.15815,-2.09782,0.0193522,-0.419626,
05-01-2026-Fri 13-01-39-PM,-0.58752,-0.285374,-1.19165,-2.09782,0.0193522,-0.419626,
05-01-2026-Fri 13-01-41-PM,-0.621094,-0.31895,-1.22529,-2.13138,0.0193522,-0.45321,
05-01-2026-Fri 13-01-42-PM,-0.621094,-0.3524,-1.25886,-2.16494,-0.0838943,-0.486782,
05-01-2026-Fri 13-01-43-PM,-0.654667,-0.3524,-1.25886,-2.16494,-0.0838943,-0.520283,
05-01-2026-Fri 13-01-45-PM,-0.688109,-0.386048,-1.29243,-2.19843,-0.117473,-0.553934,
05-01-2026-Fri 13-01-46-PM,-0.688109,-0.419626,-1.35944,-2.23206,-0.117473,-0.58752,
05-01-2026-Fri 13-01-48-PM,-0.721756,-0.45321,-1.35944,-2.29918,-0.151053,-0.621094,
05-01-2026-Fri 13-01-49-PM,-0.75533,-0.486782,-1.39308,-2.29918,-0.184562,-0.654667,
05-01-2026-Fri 13-01-50-PM,-0.788907,-0.520283,-1.42664,-2.29918,-0.218214,-0.721756,
05-01-2026-Fri 13-01-52-PM,-0.788907,-0.520283,-1.49378,-2.36616,-0.251791,-0.721756,
05-01-2026-Fri 13-01-53-PM,-0.822482,-0.58752,-1.49378,-2.39979,-0.285374,-0.788907,
05-01-2026-Fri 13-01-55-PM,-0.855981,-0.58752,-1.49378,-2.39979,-0.285374,-0.822482,
05-01-2026-Fri 13-01-56-PM,-0.88963,-0.621094,-1.52728,-2.43336,-0.3524,-0.822482,
05-01-2026-Fri 13-01-57-PM,-0.88963,-0.621094,-1.59448,-2.50047,-0.386048,-0.855981,
05-01-2026-Fri 13-01-59-PM,-0.956779,-0.654667,-1.62804,-2.46691,-0.419626,-0.923207,
05-01-2026-Fri 13-02-00-PM,-0.956779,-0.688109,-1.66161,-2.50047,-0.419626,-0.956779,
05-01-2026-Fri 13-02-01-PM,-0.990355,-0.721756,-1.69504,-2.53395,-0.419626,-0.956779,
05-01-2026-Fri 13-02-03-PM,-0.990355,-0.721756,-1.69504,-2.53395,-0.486782,-1.02379,
05-01-2026-Fri 13-02-04-PM,-1.02379,-0.75533,-1.72868,-2.56758,-0.486782,-1.05743,
05-01-2026-Fri 13-02-06-PM,-1.02379,-0.75533,-1.76225,-2.60114,-0.553934,-1.09101,
05-01-2026-Fri 13-02-07-PM,-1.05743,-0.822482,-1.86287,-2.6347,-0.553934,-1.12458,
05-01-2026-Fri 13-02-08-PM,-1.09101,-0.855981,-1.82937,-2.66825,-0.621094,-1.15815,
05-01-2026-Fri 13-02-10-PM,-1.12458,-0.855981,-1.82937,-2.7353,-0.621094,-1.15815,
05-01-2026-Fri 13-02-11-PM,-1.15815,-0.88963,-1.93007,-2.76885,-0.654667,-1.22529,
05-01-2026-Fri 13-02-14-PM,-1.19165,-0.88963,-1.93007,-2.76885,-0.654667,-1.22529,
05-01-2026-Fri 13-02-16-PM,-1.22529,-0.956779,-2.03062,-2.83597,-0.721756,-1.326,
05-01-2026-Fri 13-02-17-PM,-1.25886,-0.990355,-2.06425,-2.83597,-0.75533,-1.35944,
05-01-2026-Fri 13-02-19-PM,-1.29243,-1.02379,-2.06425,-2.86945,-0.788907,-1.39308,
05-01-2026-Fri 13-02-20-PM,-1.326,-1.02379,-2.09782,-2.90308,-0.822482,-1.46021,
05-01-2026-Fri 13-02-22-PM,-1.35944,-1.05743,-2.13138,-2.86945,-0.855981,-1.46021,
05-01-2026-Fri 13-02-23-PM,-1.39308,-1.05743,-2.16494,-2.90308,-0.855981,-1.52728,
05-01-2026-Fri 13-02-25-PM,-1.42664,-1.09101,-2.16494,-2.93663,-0.923207,-1.52728,
05-01-2026-Fri 13-02-26-PM,-1.42664,-1.12458,-2.19843,-2.93663,-0.923207,-1.56092,
05-01-2026-Fri 13-02-27-PM,-1.42664,-1.12458,-2.29918,-3.00373,-0.956779,-1.59448,
05-01-2026-Fri 13-02-29-PM,-1.46021,-1.15815,-2.26561,-3.03716,-0.990355,-1.62804,
05-01-2026-Fri 13-02-30-PM,-1.52728,-1.15815,-2.29918,-3.03716,-1.02379,-1.66161,
05-01-2026-Fri 13-02-32-PM,-1.52728,-1.19165,-2.33274,-3.10433,-1.05743,-1.69504,
05-01-2026-Fri 13-02-33-PM,-1.56092,-1.19165,-2.36616,-3.10433,-1.05743,-1.69504,
05-01-2026-Fri 13-02-35-PM,-1.59448,-1.22529,-2.33274,-3.13788,-1.09101,-1.76225,
05-01-2026-Fri 13-02-36-PM,-1.62804,-1.25886,-2.39979,-3.13788,-1.12458,-1.79581,
05-01-2026-Fri 13-02-37-PM,-1.62804,-1.29243,-2.43336,-3.13788,-1.19165,-1.82937,
05-01-2026-Fri 13-02-39-PM,-1.66161,-1.29243,-2.50047,-3.17143,-1.19165,-1.82937,
05-01-2026-Fri 13-02-40-PM,-1.69504,-1.326,-2.50047,-3.23853,-1.22529,-1.86287,
05-01-2026-Fri 13-02-42-PM,-1.72868,-1.35944,-2.50047,-3.20491,-1.22529,-1.93007,
05-01-2026-Fri 13-02-43-PM,-1.76225,-1.39308,-2.53395,-3.20491,-1.29243,-1.96363,
05-01-2026-Fri 13-02-44-PM,-1.79581,-1.39308,-2.60114,-3.27208,-1.29243,-1.93007,
05-01-2026-Fri 13-02-46-PM,-1.82937,-1.42664,-2.56758,-3.27208,-1.326,-1.99719,
05-01-2026-Fri 13-02-47-PM,-1.82937,-1.46021,-2.6347,-3.37259,-1.35944,-2.06425,
05-01-2026-Fri 13-02-48-PM,-1.89651,-1.52728,-2.60114,-3.40621,-1.39308,-2.06425,
05-01-2026-Fri 13-02-50-PM,-1.89651,-1.56092,-2.66825,-3.47332,-1.42664,-2.09782,
05-01-2026-Fri 13-02-51-PM,-1.96363,-1.59448,-2.7353,-3.54034,-1.42664,-2.13138,
05-01-2026-Fri 13-02-53-PM,-1.99719,-1.62804,-2.76885,-3.64105,-1.46021,-2.16494,
05-01-2026-Fri 13-02-54-PM,-2.06425,-1.66161,-2.76885,-3.6746,-1.49378,-2.19843,
05-01-2026-Fri 13-02-55-PM,-2.06425,-1.69504,-2.86945,-3.74163,-1.56092,-2.19843,
05-01-2026-Fri 13-02-57-PM,-2.13138,-1.72868,-2.83597,-3.80872,-1.59448,-2.26561,
05-01-2026-Fri 13-03-00-PM,-2.16494,-1.79581,-2.90308,-3.90935,-1.59448,-2.29918,
05-01-2026-Fri 13-03-02-PM,-2.23206,-1.86287,-2.93663,-4.04345,-1.69504,-2.36616,
05-01-2026-Fri 13-03-03-PM,-2.29918,-1.89651,-3.03716,-4.07706,-1.76225,-2.39979,
05-01-2026-Fri 13-03-04-PM,-2.33274,-1.89651,-3.10433,-4.11053,-1.82937,-2.46691,
05-01-2026-Fri 13-03-06-PM,-2.36616,-1.99719,-3.10433,-4.17762,-1.82937,-2.46691,
05-01-2026-Fri 13-03-07-PM,-2.43336,-1.99719,-3.13788,-4.21109,-1.89651,-2.50047,
05-01-2026-Fri 13-03-09-PM,-2.43336,-2.06425,-3.17143,-4.31178,-1.93007,-2.53395,
05-01-2026-Fri 13-03-10-PM,-2.50047,-2.09782,-3.20491,-4.37878,-1.96363,-2.56758,
05-01-2026-Fri 13-03-12-PM,-2.53395,-2.13138,-3.23853,-4.4124,-1.99719,-2.6347,
05-01-2026-Fri 13-03-13-PM,-2.56758,-2.16494,-3.27208,-4.44587,-2.03062,-2.66825,
05-01-2026-Fri 13-03-14-PM,-2.60114,-2.19843,-3.30563,-4.51295,-2.09782,-2.70167,
05-01-2026-Fri 13-03-16-PM,-2.6347,-2.23206,-3.37259,-4.54642,-2.13138,-2.7353,
05-01-2026-Fri 13-03-17-PM,-2.6347,-2.29918,-3.40621,-4.61356,-2.13138,-2.76885,
05-01-2026-Fri 13-03-19-PM,-2.70167,-2.29918,-3.43976,-4.6471,-2.16494,-2.80241,
05-01-2026-Fri 13-03-20-PM,-2.7353,-2.36616,-3.50686,-4.68063,-2.19843,-2.83597,
05-01-2026-Fri 13-03-21-PM,-2.76885,-2.39979,-3.50686,-4.74771,-2.23206,-2.86945,
05-01-2026-Fri 13-03-23-PM,-2.80241,-2.43336,-3.57395,-4.78117,-2.29918,-2.93663,
05-01-2026-Fri 13-03-24-PM,-2.83597,-2.50047,-3.54034,-4.81471,-2.33274,-2.93663,
05-01-2026-Fri 13-03-25-PM,-2.86945,-2.50047,-3.64105,-4.8817,-2.36616,-3.00373,
05-01-2026-Fri 13-03-27-PM,-2.90308,-2.56758,-3.6075,-4.91531,-2.39979,-3.03716,
05-01-2026-Fri 13-03-28-PM,-2.90308,-2.60114,-3.64105,-4.94884,-2.43336,-3.07077,
05-01-2026-Fri 13-03-30-PM,-2.97018,-2.6347,-3.6746,-4.98237,-2.46691,-3.10433,
05-01-2026-Fri 13-03-31-PM,-2.97018,-2.66825,-3.74163,-5.04937,-2.50047,-3.13788,
05-01-2026-Fri 13-03-32-PM,-3.03716,-2.70167,-3.80872,-5.11645,-2.53395,-3.17143,
05-01-2026-Fri 13-03-34-PM,-3.07077,-2.7353,-3.80872,-5.14997,-2.60114,-3.23853,
05-01-2026-Fri 13-03-35-PM,-3.00373,-2.50047,-3.84226,-5.1835,-2.6347,-3.20491,
05-01-2026-Fri 13-03-37-PM,-3.17143,-2.46691,-3.90935,-5.21696,-2.6347,-3.30563,
05-01-2026-Fri 13-03-38-PM,-2.80241,-2.86945,-3.87573,-5.21696,-2.66825,-3.30563,
05-01-2026-Fri 13-03-39-PM,-3.23853,-2.66825,-3.94289,-5.2841,-2.66825,-3.37259,
05-01-2026-Fri 13-03-41-PM,-3.20491,-2.86945,-3.97644,-5.31763,-2.76885,-3.43976,
05-01-2026-Fri 13-03-42-PM,-3.27208,-2.93663,-4.04345,-5.35116,-2.76885,-3.43976,
05-01-2026-Fri 13-03-44-PM,-3.30563,-2.97018,-4.07706,-5.35116,-2.83597,-3.50686,
05-01-2026-Fri 13-03-45-PM,-3.33918,-3.00373,-4.04345,-5.45168,-2.86945,-3.54034,
05-01-2026-Fri 13-03-46-PM,-3.37259,-3.03716,-4.07706,-5.48521,-2.86945,-3.57395,
05-01-2026-Fri 13-03-48-PM,-3.37259,-3.07077,-4.14408,-5.48521,-2.93663,-3.64105,
05-01-2026-Fri 13-03-49-PM,-3.43976,-3.07077,-4.21109,-5.51873,-2.97018,-3.64105,
05-01-2026-Fri 13-03-51-PM,-3.47332,-3.13788,-4.24471,-5.58579,-3.00373,-3.70801,
05-01-2026-Fri 13-03-52-PM,-3.47332,-3.17143,-4.31178,-5.61931,-3.03716,-3.70801,
05-01-2026-Fri 13-03-54-PM,-3.54034,-3.20491,-4.27824,-5.61931,-3.07077,-3.77517,
05-01-2026-Fri 13-03-55-PM,-3.54034,-3.20491,-4.31178,-5.65284,-3.10433,-3.80872,
05-01-2026-Fri 13-03-56-PM,-3.6075,-3.23853,-4.37878,-5.68636,-3.13788,-3.84226,
05-01-2026-Fri 13-03-58-PM,-3.64105,-3.27208,-4.4124,-5.75342,-3.17143,-3.90935,
05-01-2026-Fri 13-03-59-PM,-3.6746,-3.30563,-4.47942,-5.78695,-3.20491,-3.90935,
05-01-2026-Fri 13-04-01-PM,-3.70801,-3.33918,-4.44587,-5.8204,-3.23853,-3.94289,
05-01-2026-Fri 13-04-03-PM,-3.74163,-3.40621,-4.51295,-5.8204,-3.27208,-4.00997,
05-01-2026-Fri 13-04-05-PM,-3.80872,-3.43976,-4.58002,-5.88738,-3.30563,-4.04345,
05-01-2026-Fri 13-04-08-PM,-3.84226,-3.47332,-4.61356,-5.92098,-3.37259,-4.11053,
05-01-2026-Fri 13-04-09-PM,-3.90935,-3.54034,-4.68063,-5.92098,-3.40621,-4.17762,
05-01-2026-Fri 13-04-10-PM,-3.94289,-3.54034,-4.7141,-6.02154,-3.43976,-4.21109,
05-01-2026-Fri 13-04-12-PM,-3.97644,-3.57395,-4.7141,-5.9545,-3.47332,-4.24471,
05-01-2026-Fri 13-04-13-PM,-3.97644,-3.64105,-4.78117,-6.02154,-3.54034,-4.27824,
05-01-2026-Fri 13-04-15-PM,-3.97644,-3.64105,-4.81471,-6.055,-3.57395,-4.34532,
05-01-2026-Fri 13-04-16-PM,-4.04345,-3.6746,-4.84824,-6.08859,-3.57395,-4.37878,
05-01-2026-Fri 13-04-17-PM,-4.07706,-3.6746,-4.8817,-6.12211,-3.6075,-4.4124,
05-01-2026-Fri 13-04-19-PM,-4.11053,-3.74163,-4.91531,-6.18908,-3.6075,-4.4124,
05-01-2026-Fri 13-04-20-PM,-4.14408,-3.77517,-4.91531,-6.18908,-3.6746,-4.47942,
05-01-2026-Fri 13-04-22-PM,-4.14408,-3.80872,-4.98237,-6.22253,-3.70801,-4.51295,
05-01-2026-Fri 13-04-23-PM,-4.21109,-3.80872,-4.98237,-6.25613,-3.74163,-4.54642,
05-01-2026-Fri 13-04-24-PM,-4.21109,-3.80872,-5.04937,-6.28965,-3.74163,-4.54642,
05-01-2026-Fri 13-04-26-PM,-4.24471,-3.87573,-5.08298,-6.35669,-3.80872,-4.58002,
05-01-2026-Fri 13-04-27-PM,-4.24471,-3.90935,-5.11645,-6.28965,-3.84226,-4.6471,
05-01-2026-Fri 13-04-29-PM,-4.24471,-3.90935,-5.14997,-6.39014,-3.84226,-4.68063,
05-01-2026-Fri 13-04-30-PM,-4.27824,-3.90935,-5.1835,-6.32317,-3.87573,-4.7141,
05-01-2026-Fri 13-04-31-PM,-4.34532,-3.97644,-5.14997,-6.39014,-3.90935,-4.74771,
05-01-2026-Fri 13-04-33-PM,-3.97644,-3.70801,-5.21696,-6.42372,-3.90935,-4.74771,
05-01-2026-Fri 13-04-34-PM,-4.24471,-3.87573,-5.2841,-6.39014,-3.84226,-4.7141,
05-01-2026-Fri 13-04-35-PM,-4.51295,-3.77517,-5.25057,-6.45724,-3.97644,-4.84824,
05-01-2026-Fri 13-04-37-PM,-4.44587,-4.07706,-5.31763,-6.4907,-4.04345,-4.84824,
05-01-2026-Fri 13-04-38-PM,-4.44587,-4.07706,-5.31763,-6.52422,-4.04345,-4.8817,
05-01-2026-Fri 13-04-40-PM,-4.47942,-4.11053,-5.35116,-6.52422,-4.07706,-4.91531,
05-01-2026-Fri 13-04-42-PM,-4.51295,-4.14408,-5.41822,-6.55766,-4.11053,-4.94884,
05-01-2026-Fri 13-04-44-PM,-4.58002,-4.21109,-5.45168,-6.62477,-4.17762,-5.04937,
05-01-2026-Fri 13-04-45-PM,-4.58002,-4.21109,-5.51873,-6.65828,-4.21109,-5.04937,
05-01-2026-Fri 13-04-47-PM,-4.61356,-4.24471,-5.51873,-6.65828,-4.21109,-5.08298,
05-01-2026-Fri 13-04-49-PM,-4.6471,-4.27824,-5.55219,-6.65828,-4.24471,-5.11645,
05-01-2026-Fri 13-04-52-PM,-4.7141,-4.27824,-5.61931,-6.69181,-4.24471,-5.25057,
05-01-2026-Fri 13-04-55-PM,-4.6471,-4.34532,-5.68636,-6.75883,-4.37878,-5.25057,
05-01-2026-Fri 13-04-57-PM,-4.84824,-4.44587,-5.75342,-6.8258,-4.44587,-5.31763,
05-01-2026-Fri 13-04-58-PM,-4.8817,-4.44587,-5.71983,-6.85931,-4.47942,-5.35116,
05-01-2026-Fri 13-05-00-PM,-4.8817,-4.47942,-5.8204,-6.89275,-4.47942,-5.38461,
05-01-2026-Fri 13-05-01-PM,-4.94884,-4.51295,-5.8204,-6.89275,-4.51295,-5.41822,
05-01-2026-Fri 13-05-03-PM,-4.94884,-4.54642,-5.85393,-6.89275,-4.54642,-5.41822,
05-01-2026-Fri 13-05-04-PM,-5.01591,-4.58002,-5.8204,-6.89275,-4.58002,-5.48521,
05-01-2026-Fri 13-05-05-PM,-5.01591,-4.54642,-5.88738,-6.92633,-4.61356,-5.51873,
05-01-2026-Fri 13-05-07-PM,-5.04937,-4.58002,-5.92098,-6.99336,-4.6471,-5.55219,
05-01-2026-Fri 13-05-08-PM,-5.08298,-4.6471,-6.02154,-7.02687,-4.6471,-5.55219,
05-01-2026-Fri 13-05-09-PM,-4.94884,-4.6471,-6.02154,-7.02687,-4.68063,-5.61931,
05-01-2026-Fri 13-05-11-PM,-5.11645,-4.44587,-5.98803,-7.02687,-4.68063,-5.55219,
05-01-2026-Fri 13-05-13-PM,-5.08298,-4.58002,-6.02154,-7.02687,-4.7141,-5.61931,
05-01-2026-Fri 13-05-14-PM,-5.21696,-4.74771,-6.08859,-7.06032,-4.78117,-5.68636,
05-01-2026-Fri 13-05-15-PM,-5.25057,-4.74771,-6.12211,-7.0939,-4.81471,-5.71983,
05-01-2026-Fri 13-05-17-PM,-5.25057,-4.78117,-6.15557,-7.12741,-4.81471,-5.75342,
05-01-2026-Fri 13-05-18-PM,-5.2841,-4.81471,-6.15557,-7.12741,-4.84824,-5.78695,
05-01-2026-Fri 13-05-20-PM,-5.31763,-4.81471,-6.15557,-7.16086,-4.8817,-5.8204,
05-01-2026-Fri 13-05-21-PM,-5.31763,-4.84824,-6.22253,-7.16086,-4.91531,-5.85393,
05-01-2026-Fri 13-05-23-PM,-5.35116,-4.8817,-6.25613,-7.22781,-4.94884,-5.88738,
05-01-2026-Fri 13-05-24-PM,-5.38461,-4.8817,-6.25613,-7.26139,-4.94884,-5.88738,
05-01-2026-Fri 13-05-25-PM,-5.41822,-4.91531,-6.25613,-7.22781,-4.98237,-5.92098,
05-01-2026-Fri 13-05-27-PM,-5.45168,-4.94884,-6.32317,-7.2949,-5.01591,-5.9545,
05-01-2026-Fri 13-05-28-PM,-5.45168,-4.98237,-6.32317,-7.32841,-5.04937,-5.98803,
05-01-2026-Fri 13-05-29-PM,-5.48521,-4.98237,-6.39014,-7.2949,-5.04937,-5.98803,
05-01-2026-Fri 13-05-31-PM,-5.51873,-5.01591,-6.42372,-7.32841,-5.08298,-6.02154,
05-01-2026-Fri 13-05-32-PM,-5.51873,-5.04937,-6.4907,-7.36192,-5.11645,-6.08859,
05-01-2026-Fri 13-05-34-PM,-5.55219,-5.08298,-6.45724,-7.36192,-5.14997,-6.12211,
05-01-2026-Fri 13-05-35-PM,-5.58579,-5.08298,-6.4907,-7.36192,-5.1835,-6.15557,
05-01-2026-Fri 13-05-36-PM,-5.71983,-4.91531,-6.4907,-7.36192,-5.1835,-6.15557,
05-01-2026-Fri 13-05-38-PM,-5.61931,-5.08298,-6.52422,-7.39536,-5.21696,-6.22253,
05-01-2026-Fri 13-05-39-PM,-5.48521,-4.81471,-6.59125,-7.42894,-5.21696,-6.18908,
05-01-2026-Fri 13-05-41-PM,-5.51873,-5.08298,-6.59125,-7.49595,-5.25057,-6.15557,
05-01-2026-Fri 13-05-43-PM,-5.41822,-5.11645,-6.62477,-7.49595,-5.21696,-6.28965,
05-01-2026-Fri 13-05-45-PM,-5.71983,-5.25057,-6.65828,-7.52939,-5.35116,-6.32317,
05-01-2026-Fri 13-05-46-PM,-5.71983,-5.25057,-6.72524,-7.52939,-5.35116,-6.32317,
05-01-2026-Fri 13-05-48-PM,-5.71983,-5.2841,-6.72524,-7.52939,-5.38461,-6.39014,
05-01-2026-Fri 13-05-49-PM,-5.71983,-5.2841,-6.72524,-7.56284,-5.41822,-6.39014,
05-01-2026-Fri 13-05-50-PM,-5.78695,-5.31763,-6.75883,-7.52939,-5.41822,-6.42372,
05-01-2026-Fri 13-05-52-PM,-5.78695,-5.31763,-6.79234,-7.62991,-5.45168,-6.42372,
05-01-2026-Fri 13-05-53-PM,-5.8204,-5.31763,-6.79234,-7.59641,-5.48521,-6.45724,
05-01-2026-Fri 13-05-55-PM,-5.85393,-5.38461,-6.89275,-7.62991,-5.48521,-6.52422,
05-01-2026-Fri 13-05-56-PM,-5.85393,-5.41822,-6.92633,-7.62991,-5.51873,-6.52422,
05-01-2026-Fri 13-05-57-PM,-5.88738,-5.45168,-6.92633,-7.62991,-5.51873,-6.55766,
05-01-2026-Fri 13-05-59-PM,-5.92098,-5.41822,-6.95985,-7.69693,-5.55219,-6.55766,
05-01-2026-Fri 13-06-00-PM,-5.92098,-5.45168,-6.95985,-7.66343,-5.58579,-6.62477,
05-01-2026-Fri 13-06-02-PM,-5.9545,-5.48521,-6.99336,-7.73036,-5.61931,-6.62477,
05-01-2026-Fri 13-06-03-PM,-5.9545,-5.48521,-7.02687,-7.73036,-5.65284,-6.65828,
05-01-2026-Fri 13-06-04-PM,-6.02154,-5.51873,-7.02687,-7.76394,-5.68636,-6.65828,
05-01-2026-Fri 13-06-06-PM,-6.02154,-5.51873,-7.06032,-7.76394,-5.65284,-6.69181,
05-01-2026-Fri 13-06-07-PM,-6.055,-5.55219,-7.16086,-7.79744,-5.68636,-6.72524,
05-01-2026-Fri 13-06-08-PM,-6.055,-5.58579,-7.12741,-7.76394,-5.71983,-6.75883,
05-01-2026-Fri 13-06-10-PM,-6.08859,-5.58579,-7.12741,-7.83094,-5.75342,-6.79234,
05-01-2026-Fri 13-06-11-PM,-6.12211,-5.61931,-7.16086,-7.83094,-5.78695,-6.8258,
05-01-2026-Fri 13-06-13-PM,-6.15557,-5.61931,-7.19437,-7.83094,-5.78695,-6.85931,
05-01-2026-Fri 13-06-14-PM,-6.15557,-5.68636,-7.22781,-7.83094,-5.8204,-6.89275,
05-01-2026-Fri 13-06-16-PM,-6.22253,-5.68636,-7.2949,-7.86439,-5.85393,-6.92633,
05-01-2026-Fri 13-06-17-PM,-6.22253,-5.71983,-7.2949,-7.89782,-5.88738,-6.89275,
05-01-2026-Fri 13-06-18-PM,-6.22253,-5.71983,-7.2949,-7.9314,-5.88738,-6.95985,
05-01-2026-Fri 13-06-20-PM,-6.25613,-5.75342,-7.36192,-7.9649,-5.92098,-6.95985,
05-01-2026-Fri 13-06-21-PM,-6.25613,-5.78695,-7.36192,-7.89782,-5.92098,-7.02687,
05-01-2026-Fri 13-06-23-PM,-6.32317,-5.78695,-7.36192,-7.9649,-5.9545,-7.02687,
05-01-2026-Fri 13-06-24-PM,-6.32317,-5.8204,-7.42894,-7.9649,-5.98803,-7.06032,
05-01-2026-Fri 13-06-25-PM,-6.35669,-5.85393,-7.46244,-7.9649,-5.98803,-7.06032,
05-01-2026-Fri 13-06-27-PM,-6.39014,-5.85393,-7.49595,-7.9984,-5.98803,-7.0939,
05-01-2026-Fri 13-06-28-PM,-6.39014,-5.92098,-7.46244,-8.03191,-6.055,-7.12741,
05-01-2026-Fri 13-06-30-PM,-6.42372,-5.88738,-7.52939,-8.03191,-6.055,-7.16086,
05-01-2026-Fri 13-06-31-PM,-6.45724,-5.92098,-7.52939,-8.03191,-6.055,-7.19437,
05-01-2026-Fri 13-06-32-PM,-6.4907,-5.9545,-7.56284,-8.0989,-6.12211,-7.19437,
05-01-2026-Fri 13-06-34-PM,-6.4907,-5.9545,-7.56284,-8.0989,-6.12211,-7.22781,
05-01-2026-Fri 13-06-35-PM,-6.52422,-5.98803,-7.59641,-8.0989,-6.15557,-7.22781,
05-01-2026-Fri 13-06-36-PM,-6.52422,-5.98803,-7.62991,-8.0989,-6.15557,-7.26139,
05-01-2026-Fri 13-06-38-PM,-6.55766,-6.02154,-7.69693,-8.1324,-6.18908,-7.26139,
05-01-2026-Fri 13-06-39-PM,-6.55766,-6.055,-7.66343,-8.16591,-6.22253,-7.2949,
05-01-2026-Fri 13-06-41-PM,-6.62477,-6.055,-7.66343,-8.16591,-6.22253,-7.32841,
05-01-2026-Fri 13-06-42-PM,-6.62477,-6.08859,-7.69693,-8.1324,-6.25613,-7.36192,
05-01-2026-Fri 13-06-44-PM,-6.65828,-6.08859,-7.76394,-8.19934,-6.28965,-7.39536,
05-01-2026-Fri 13-06-45-PM,-6.69181,-6.12211,-7.79744,-8.19934,-6.28965,-7.39536,
05-01-2026-Fri 13-06-46-PM,-6.65828,-6.12211,-7.79744,-8.19934,-6.28965,-7.39536,
05-01-2026-Fri 13-06-48-PM,-6.72524,-6.15557,-7.76394,-8.19934,-6.35669,-7.46244,
05-01-2026-Fri 13-06-49-PM,-6.72524,-6.15557,-7.86439,-8.23278,-6.35669,-7.46244,
05-01-2026-Fri 13-06-50-PM,-6.72524,-6.22253,-7.83094,-8.19934,-6.39014,-7.49595,
05-01-2026-Fri 13-06-52-PM,-6.75883,-6.18908,-7.86439,-8.23278,-6.42372,-7.52939,
05-01-2026-Fri 13-06-53-PM,-6.75883,-6.22253,-7.89782,-8.23278,-6.42372,-7.52939,
05-01-2026-Fri 13-06-55-PM,-6.79234,-6.25613,-7.89782,-8.26635,-6.45724,-7.56284,
05-01-2026-Fri 13-06-56-PM,-6.8258,-6.25613,-7.9314,-8.33334,-6.45724,-7.59641,
05-01-2026-Fri 13-06-57-PM,-6.8258,-6.25613,-7.9649,-8.29984,-6.45724,-7.62991,
05-01-2026-Fri 13-06-59-PM,-6.85931,-6.32317,-7.9649,-8.33334,-6.4907,-7.62991,
05-01-2026-Fri 13-07-00-PM,-6.85931,-6.32317,-8.06533,-8.33334,-6.52422,-7.66343,
05-01-2026-Fri 13-07-02-PM,-6.89275,-6.28965,-7.9984,-8.36685,-6.52422,-7.69693,
05-01-2026-Fri 13-07-03-PM,-6.92633,-6.35669,-8.06533,-8.36685,-6.55766,-7.69693,
05-01-2026-Fri 13-07-04-PM,-6.95985,-6.35669,-8.0989,-8.36685,-6.59125,-7.73036,
05-01-2026-Fri 13-07-06-PM,-6.95985,-6.39014,-8.1324,-8.29984,-6.62477,-7.73036,
05-01-2026-Fri 13-07-07-PM,-6.99336,-6.39014,-8.16591,-8.43383,-6.62477,-7.76394,
05-01-2026-Fri 13-07-09-PM,-6.95985,-6.39014,-8.1324,-8.40027,-6.62477,-7.79744,
05-01-2026-Fri 13-07-10-PM,-7.02687,-6.39014,-8.16591,-8.40027,-6.65828,-7.83094,
05-01-2026-Fri 13-07-11-PM,-7.06032,-6.42372,-8.23278,-8.43383,-6.69181,-7.86439,
05-01-2026-Fri 13-07-13-PM,-7.06032,-6.45724,-8.23278,-8.43383,-6.69181,-7.86439,
05-01-2026-Fri 13-07-14-PM,-7.0939,-6.45724,-8.19934,-8.46734,-6.72524,-7.89782,
05-01-2026-Fri 13-07-16-PM,-7.0939,-6.52422,-8.19934,-8.43383,-6.75883,-7.9314,
05-01-2026-Fri 13-07-17-PM,-7.12741,-6.52422,-8.23278,-8.50084,-6.75883,-7.9314,
05-01-2026-Fri 13-07-18-PM,-7.16086,-6.52422,-8.26635,-8.50084,-6.79234,-7.9649,
05-01-2026-Fri 13-07-20-PM,-7.19437,-6.55766,-8.29984,-8.50084,-6.79234,-7.9649,
05-01-2026-Fri 13-07-21-PM,-7.19437,-6.55766,-8.29984,-8.53427,-6.8258,-7.9984,
05-01-2026-Fri 13-07-22-PM,-7.22781,-6.55766,-8.36685,-8.50084,-6.85931,-8.03191,
05-01-2026-Fri 13-07-24-PM,-7.22781,-6.62477,-8.36685,-8.53427,-6.85931,-8.06533,
05-01-2026-Fri 13-07-25-PM,-7.26139,-6.62477,-8.40027,-8.5677,-6.89275,-8.06533,
05-01-2026-Fri 13-07-27-PM,-7.2949,-6.62477,-8.40027,-8.5677,-6.92633,-8.0989,
05-01-2026-Fri 13-07-28-PM,-7.2949,-6.65828,-8.43383,-8.5677,-6.92633,-8.0989,
05-01-2026-Fri 13-07-29-PM,-7.32841,-6.65828,-8.43383,-8.5677,-6.95985,-8.1324,
05-01-2026-Fri 13-07-31-PM,-7.36192,-6.65828,-8.46734,-8.5677,-6.99336,-8.16591,
05-01-2026-Fri 13-07-32-PM,-7.39536,-6.69181,-8.43383,-8.63476,-6.99336,-8.16591,
05-01-2026-Fri 13-07-34-PM,-7.39536,-6.72524,-8.5677,-8.60126,-6.99336,-8.16591,
05-01-2026-Fri 13-07-35-PM,-7.42894,-6.72524,-8.50084,-8.66825,-7.02687,-8.19934,
05-01-2026-Fri 13-07-36-PM,-7.46244,-6.72524,-8.5677,-8.63476,-7.06032,-8.19934,
05-01-2026-Fri 13-07-38-PM,-7.49595,-6.75883,-8.5677,-8.66825,-7.06032,-8.23278,
05-01-2026-Fri 13-07-39-PM,-7.49595,-6.75883,-8.53427,-8.70175,-7.06032,-8.26635,
05-01-2026-Fri 13-07-41-PM,-7.52939,-6.79234,-8.60126,-8.66825,-7.0939,-8.26635,
05-01-2026-Fri 13-07-43-PM,-7.56284,-6.79234,-8.63476,-8.70175,-7.0939,-8.29984,
05-01-2026-Fri 13-07-46-PM,-7.59641,-6.8258,-8.63476,-8.76874,-7.16086,-8.33334,
05-01-2026-Fri 13-07-49-PM,-7.62991,-6.89275,-8.70175,-8.76874,-7.22781,-8.40027,
05-01-2026-Fri 13-07-51-PM,-7.66343,-6.92633,-8.76874,-8.80223,-7.22781,-8.40027,
05-01-2026-Fri 13-07-52-PM,-7.69693,-6.92633,-8.73517,-8.80223,-7.2949,-8.43383,
05-01-2026-Fri 13-07-54-PM,-7.69693,-6.95985,-8.80223,-8.80223,-7.2949,-8.46734,
05-01-2026-Fri 13-07-55-PM,-7.73036,-6.95985,-8.86915,-8.83572,-7.2949,-8.46734,
05-01-2026-Fri 13-07-56-PM,-7.73036,-6.99336,-8.86915,-8.83572,-7.36192,-8.50084,
05-01-2026-Fri 13-07-58-PM,-7.76394,-7.02687,-8.90258,-8.86915,-7.32841,-8.50084,
05-01-2026-Fri 13-07-59-PM,-7.76394,-7.02687,-8.90258,-8.86915,-7.39536,-8.53427,
05-01-2026-Fri 13-08-01-PM,-7.79744,-7.02687,-8.86915,-8.86915,-7.39536,-8.5677,
05-01-2026-Fri 13-08-02-PM,-7.79744,-7.06032,-8.90258,-8.80223,-7.39536,-8.60126,
05-01-2026-Fri 13-08-03-PM,-7.79744,-7.06032,-8.96964,-8.93615,-7.42894,-8.60126,
05-01-2026-Fri 13-08-05-PM,-7.83094,-7.06032,-8.96964,-8.90258,-7.42894,-8.63476,
05-01-2026-Fri 13-08-06-PM,-7.79744,-7.0939,-8.96964,-8.93615,-7.46244,-8.63476,
05-01-2026-Fri 13-08-08-PM,-7.86439,-7.12741,-9.00314,-8.93615,-7.49595,-8.63476,
05-01-2026-Fri 13-08-09-PM,-7.86439,-7.12741,-9.00314,-8.96964,-7.49595,-8.66825,
05-01-2026-Fri 13-08-10-PM,-7.89782,-7.16086,-9.03663,-8.90258,-7.49595,-8.70175,
05-01-2026-Fri 13-08-12-PM,-7.89782,-7.16086,-9.03663,-8.96964,-7.52939,-8.70175,
05-01-2026-Fri 13-08-13-PM,-7.9314,-7.19437,-9.03663,-8.93615,-7.52939,-8.73517,
05-01-2026-Fri 13-08-15-PM,-7.9314,-7.19437,-9.03663,-8.96964,-7.56284,-8.73517,
05-01-2026-Fri 13-08-16-PM,-7.9649,-7.19437,-9.10361,-9.00314,-7.56284,-8.76874,
05-01-2026-Fri 13-08-18-PM,-7.9649,-7.19437,-9.1371,-9.00314,-7.59641,-8.80223,
05-01-2026-Fri 13-08-19-PM,-7.9649,-7.22781,-9.1371,-9.00314,-7.59641,-8.80223,
05-01-2026-Fri 13-08-21-PM,-7.9984,-7.22781,-9.17059,-9.00314,-7.59641,-8.80223,
05-01-2026-Fri 13-08-22-PM,-7.9984,-7.26139,-9.1371,-9.00314,-7.66343,-8.86915,
05-01-2026-Fri 13-08-24-PM,-8.03191,-7.26139,-9.20401,-9.03663,-7.66343,-8.86915,
05-01-2026-Fri 13-08-25-PM,-8.03191,-7.2949,-9.1371,-9.10361,-7.66343,-8.86915,
05-01-2026-Fri 13-08-26-PM,-8.06533,-7.2949,-9.20401,-9.07004,-7.73036,-8.86915,
05-01-2026-Fri 13-08-28-PM,-8.06533,-7.2949,-9.23743,-9.10361,-7.69693,-8.93615,
05-01-2026-Fri 13-08-29-PM,-8.0989,-7.36192,-9.27099,-9.07004,-7.73036,-8.90258,
05-01-2026-Fri 13-08-31-PM,-8.1324,-7.36192,-9.30449,-9.07004,-7.76394,-8.96964,
05-01-2026-Fri 13-08-32-PM,-8.1324,-7.36192,-9.30449,-9.10361,-7.76394,-8.96964,
05-01-2026-Fri 13-08-33-PM,-8.1324,-7.39536,-9.30449,-9.1371,-7.79744,-8.96964,
05-01-2026-Fri 13-08-35-PM,-8.16591,-7.39536,-9.30449,-9.20401,-7.83094,-9.00314,
05-01-2026-Fri 13-08-37-PM,-8.16591,-7.39536,-9.37146,-9.1371,-7.83094,-9.03663,
05-01-2026-Fri 13-08-38-PM,-8.23278,-7.42894,-9.40487,-9.1371,-7.86439,-9.07004,
05-01-2026-Fri 13-08-40-PM,-8.23278,-7.42894,-9.37146,-9.1371,-7.86439,-9.07004,
05-01-2026-Fri 13-08-41-PM,-8.26635,-7.46244,-9.40487,-9.17059,-7.89782,-9.07004,
05-01-2026-Fri 13-08-43-PM,-8.23278,-7.46244,-9.43843,-9.17059,-7.9314,-9.10361,
05-01-2026-Fri 13-08-44-PM,-8.26635,-7.49595,-9.37146,-9.20401,-7.9314,-9.1371,
05-01-2026-Fri 13-08-45-PM,-8.29984,-7.49595,-9.43843,-9.23743,-7.9649,-9.10361,
05-01-2026-Fri 13-08-47-PM,-8.33334,-7.52939,-9.43843,-9.23743,-7.9649,-9.1371,
05-01-2026-Fri 13-08-48-PM,-8.33334,-7.56284,-9.50541,-9.17059,-7.9984,-9.17059,
05-01-2026-Fri 13-08-50-PM,-8.33334,-7.52939,-9.50541,-9.20401,-7.9984,-9.17059,
05-01-2026-Fri 13-08-51-PM,-8.36685,-7.56284,-9.5389,-9.23743,-7.9984,-9.20401,
05-01-2026-Fri 13-08-52-PM,-8.40027,-7.59641,-9.50541,-9.23743,-7.9984,-9.23743,
05-01-2026-Fri 13-08-54-PM,-8.40027,-7.59641,-9.5389,-9.23743,-8.06533,-9.23743,
05-01-2026-Fri 13-08-55-PM,-8.46734,-7.59641,-9.57225,-9.27099,-8.06533,-9.27099,
05-01-2026-Fri 13-08-56-PM,-8.43383,-7.62991,-9.5389,-9.27099,-8.06533,-9.23743,
05-01-2026-Fri 13-08-58-PM,-8.43383,-7.62991,-9.60581,-9.33797,-8.0989,-9.27099,
05-01-2026-Fri 13-08-59-PM,-8.46734,-7.66343,-9.57225,-9.30449,-8.0989,-9.27099,
05-01-2026-Fri 13-09-01-PM,-8.50084,-7.69693,-9.60581,-9.30449,-8.0989,-9.33797,
05-01-2026-Fri 13-09-02-PM,-8.50084,-7.69693,-9.6393,-9.33797,-8.1324,-9.30449,
05-01-2026-Fri 13-09-03-PM,-8.53427,-7.69693,-9.6393,-9.30449,-8.1324,-9.33797,
05-01-2026-Fri 13-09-05-PM,-8.5677,-7.73036,-9.67278,-9.37146,-8.19934,-9.37146,
05-01-2026-Fri 13-09-06-PM,-8.5677,-7.76394,-9.70626,-9.30449,-8.19934,-9.37146,
05-01-2026-Fri 13-09-08-PM,-8.5677,-7.76394,-9.6393,-9.33797,-8.19934,-9.37146,
05-01-2026-Fri 13-09-09-PM,-8.60126,-7.76394,-9.77323,-9.37146,-8.23278,-9.40487,
05-01-2026-Fri 13-09-11-PM,-8.63476,-7.79744,-9.77323,-9.40487,-8.23278,-9.40487,
05-01-2026-Fri 13-09-12-PM,-8.63476,-7.79744,-9.80672,-9.40487,-8.26635,-9.43843,
05-01-2026-Fri 13-09-14-PM,-8.66825,-7.83094,-9.84021,-9.37146,-8.26635,-9.43843,
05-01-2026-Fri 13-09-15-PM,-8.66825,-7.83094,-9.80672,-9.43843,-8.29984,-9.47193,
05-01-2026-Fri 13-09-17-PM,-8.70175,-7.83094,-9.84021,-9.40487,-8.29984,-9.47193,
05-01-2026-Fri 13-09-18-PM,-8.73517,-7.86439,-9.84021,-9.40487,-8.33334,-9.47193,
05-01-2026-Fri 13-09-19-PM,-8.66825,-7.86439,-9.84021,-9.43843,-8.33334,-9.50541,
05-01-2026-Fri 13-09-21-PM,-8.73517,-7.86439,-9.84021,-9.43843,-8.36685,-9.50541,
05-01-2026-Fri 13-09-22-PM,-8.70175,-7.89782,-9.87369,-9.47193,-8.40027,-9.5389,
05-01-2026-Fri 13-09-24-PM,-8.76874,-7.89782,-9.87369,-9.43843,-8.40027,-9.57225,
05-01-2026-Fri 13-09-25-PM,-8.80223,-7.9314,-9.90704,-9.50541,-8.43383,-9.57225,
05-01-2026-Fri 13-09-26-PM,-8.76874,-7.9649,-9.87369,-9.47193,-8.40027,-9.57225,
05-01-2026-Fri 13-09-28-PM,-8.76874,-7.9649,-9.90704,-9.47193,-8.43383,-9.60581,
05-01-2026-Fri 13-09-29-PM,-8.83572,-7.9649,-9.97408,-9.43843,-8.43383,-9.57225,
05-01-2026-Fri 13-09-31-PM,-8.83572,-7.9649,-9.94059,-9.47193,-8.46734,-9.60581,
05-01-2026-Fri 13-09-32-PM,-8.83572,-7.9984,-9.97408,-9.50541,-8.46734,-9.6393,
05-01-2026-Fri 13-09-34-PM,-8.83572,-7.9984,-9.97408,-9.47193,-8.50084,-9.67278,
05-01-2026-Fri 13-09-35-PM,-8.86915,-8.03191,-9.97408,-9.5389,-8.50084,-9.67278,
05-01-2026-Fri 13-09-36-PM,-8.90258,-8.03191,-10.0076,-9.5389,-8.50084,-9.67278,
05-01-2026-Fri 13-09-38-PM,-8.90258,-8.03191,-10.041,-9.50541,-8.53427,-9.70626,
05-01-2026-Fri 13-09-39-PM,-8.90258,-8.03191,-10.0076,-9.5389,-8.53427,-9.70626,
05-01-2026-Fri 13-09-40-PM,-8.93615,-8.06533,-10.108,-9.5389,-8.5677,-9.73967,
05-01-2026-Fri 13-09-42-PM,-8.93615,-8.0989,-10.108,-9.57225,-8.5677,-9.73967,
05-01-2026-Fri 13-09-43-PM,-8.93615,-8.1324,-10.108,-9.5389,-8.60126,-9.77323,
05-01-2026-Fri 13-09-45-PM,-8.96964,-7.9314,-10.1415,-9.57225,-8.63476,-9.70626,
05-01-2026-Fri 13-09-46-PM,-8.86915,-7.89782,-10.0745,-9.50541,-8.53427,-9.73967,
05-01-2026-Fri 13-09-47-PM,-8.90258,-8.06533,-10.108,-9.60581,-8.60126,-9.70626,
05-01-2026-Fri 13-09-49-PM,-9.03663,-7.83094,-10.108,-9.6393,-8.63476,-9.77323,
05-01-2026-Fri 13-09-50-PM,-8.93615,-8.0989,-10.108,-9.60581,-8.63476,-9.80672,
05-01-2026-Fri 13-09-52-PM,-9.03663,-8.19934,-10.1415,-9.60581,-8.66825,-9.80672,
05-01-2026-Fri 13-09-53-PM,-9.03663,-8.19934,-10.175,-9.6393,-8.70175,-9.84021,
05-01-2026-Fri 13-09-55-PM,-9.03663,-8.19934,-10.175,-9.60581,-8.70175,-9.87369,
05-01-2026-Fri 13-09-56-PM,-9.07004,-8.23278,-10.2085,-9.6393,-8.70175,-9.87369,
05-01-2026-Fri 13-09-57-PM,-9.03663,-8.19934,-10.175,-9.6393,-8.73517,-9.84021,
05-01-2026-Fri 13-09-59-PM,-9.10361,-8.23278,-10.2418,-9.67278,-8.76874,-9.90704,
05-01-2026-Fri 13-10-00-PM,-9.10361,-8.26635,-10.2418,-9.6393,-8.76874,-9.90704,
05-01-2026-Fri 13-10-01-PM,-9.10361,-8.26635,-10.2418,-9.67278,-8.76874,-9.90704,
05-01-2026-Fri 13-10-03-PM,-9.1371,-8.26635,-10.2418,-9.67278,-8.80223,-9.90704,
05-01-2026-Fri 13-10-04-PM,-9.1371,-8.29984,-10.2753,-9.67278,-8.80223,-9.94059,
05-01-2026-Fri 13-10-06-PM,-9.17059,-8.33334,-10.3088,-9.70626,-8.83572,-9.97408,
05-01-2026-Fri 13-10-07-PM,-9.17059,-8.33334,-10.2753,-9.70626,-8.83572,-9.97408,
05-01-2026-Fri 13-10-08-PM,-9.20401,-8.33334,-10.3088,-9.70626,-8.83572,-9.97408,
05-01-2026-Fri 13-10-10-PM,-9.20401,-8.33334,-10.3758,-9.67278,-8.86915,-10.0076,
05-01-2026-Fri 13-10-11-PM,-9.20401,-8.36685,-10.3423,-9.73967,-8.90258,-10.0076,
05-01-2026-Fri 13-10-13-PM,-9.20401,-8.36685,-10.3758,-9.70626,-8.86915,-10.0076,
05-01-2026-Fri 13-10-14-PM,-9.23743,-8.40027,-10.3758,-9.73967,-8.90258,-10.0076,
05-01-2026-Fri 13-10-15-PM,-9.27099,-8.40027,-10.4427,-9.73967,-8.90258,-10.0076,
05-01-2026-Fri 13-10-17-PM,-9.27099,-8.40027,-10.4092,-9.73967,-8.93615,-10.041,
05-01-2026-Fri 13-10-18-PM,-9.27099,-8.43383,-10.4427,-9.73967,-8.96964,-10.0745,
05-01-2026-Fri 13-10-20-PM,-9.30449,-8.43383,-10.4427,-9.80672,-8.96964,-10.0745,
05-01-2026-Fri 13-10-21-PM,-9.33797,-8.43383,-10.4427,-9.77323,-8.96964,-10.0745,
05-01-2026-Fri 13-10-22-PM,-9.30449,-8.46734,-10.4427,-9.77323,-8.96964,-10.0745,
05-01-2026-Fri 13-10-24-PM,-9.33797,-8.43383,-10.5097,-9.80672,-9.00314,-10.108,
05-01-2026-Fri 13-10-25-PM,-9.37146,-8.50084,-10.4762,-9.80672,-9.03663,-10.108,
05-01-2026-Fri 13-10-27-PM,-9.37146,-8.50084,-10.4762,-9.80672,-9.03663,-10.108,
05-01-2026-Fri 13-10-28-PM,-9.37146,-8.53427,-10.5432,-9.80672,-9.03663,-10.108,
05-01-2026-Fri 13-10-29-PM,-9.40487,-8.53427,-10.5097,-9.84021,-9.03663,-10.175,
05-01-2026-Fri 13-10-31-PM,-9.40487,-8.53427,-10.5097,-9.84021,-9.03663,-10.1415,
05-01-2026-Fri 13-10-32-PM,-9.40487,-8.5677,-10.5432,-9.84021,-9.07004,-10.175,
05-01-2026-Fri 13-10-35-PM,-9.43843,-8.53427,-10.5432,-9.80672,-9.10361,-10.175,
05-01-2026-Fri 13-10-38-PM,-9.47193,-8.60126,-10.6101,-9.84021,-9.10361,-10.2085,
05-01-2026-Fri 13-10-40-PM,-9.50541,-8.63476,-10.6435,-9.84021,-9.1371,-10.2418,
05-01-2026-Fri 13-10-42-PM,-9.5389,-8.63476,-10.7105,-9.87369,-9.17059,-10.2418,
05-01-2026-Fri 13-10-43-PM,-9.5389,-8.66825,-10.677,-9.87369,-9.20401,-10.2418,
05-01-2026-Fri 13-10-45-PM,-9.5389,-8.66825,-10.7105,-9.90704,-9.20401,-10.2753,
05-01-2026-Fri 13-10-46-PM,-9.57225,-8.70175,-10.677,-9.87369,-9.20401,-10.2753,
05-01-2026-Fri 13-10-47-PM,-9.60581,-8.70175,-10.7105,-9.90704,-9.23743,-10.3088,
05-01-2026-Fri 13-10-49-PM,-9.60581,-8.70175,-10.7105,-9.90704,-9.23743,-10.3088,
05-01-2026-Fri 13-10-50-PM,-9.60581,-8.70175,-10.7439,-9.90704,-9.27099,-10.3088,
05-01-2026-Fri 13-10-52-PM,-9.60581,-8.73517,-10.7105,-9.94059,-9.23743,-10.3423,
05-01-2026-Fri 13-10-53-PM,-9.6393,-8.73517,-10.7439,-9.94059,-9.27099,-10.3423,
05-01-2026-Fri 13-10-55-PM,-9.6393,-8.76874,-10.7105,-9.94059,-9.27099,-10.3423,
05-01-2026-Fri 13-10-56-PM,-9.67278,-8.76874,-10.7774,-9.97408,-9.30449,-10.3758,
05-01-2026-Fri 13-10-57-PM,-9.70626,-8.76874,-10.7439,-9.94059,-9.30449,-10.3758,
05-01-2026-Fri 13-10-59-PM,-9.67278,-8.76874,-10.7774,-9.94059,-9.33797,-10.3758,
05-01-2026-Fri 13-11-00-PM,-9.70626,-8.80223,-10.8444,-9.97408,-9.33797,-10.3758,
05-01-2026-Fri 13-11-01-PM,-9.70626,-8.80223,-10.7774,-9.87369,-9.33797,-10.4092,
05-01-2026-Fri 13-11-03-PM,-9.70626,-8.83572,-10.8109,-9.97408,-9.37146,-10.3758,
05-01-2026-Fri 13-11-05-PM,-9.70626,-8.83572,-10.8444,-9.97408,-9.33797,-10.4092,
05-01-2026-Fri 13-11-06-PM,-9.77323,-8.83572,-10.8778,-9.94059,-9.40487,-10.4427,
05-01-2026-Fri 13-11-08-PM,-9.77323,-8.83572,-10.8444,-10.0076,-9.40487,-10.4427,
05-01-2026-Fri 13-11-09-PM,-9.77323,-8.90258,-10.9112,-9.97408,-9.40487,-10.4762,
05-01-2026-Fri 13-11-10-PM,-9.80672,-8.90258,-10.8444,-10.0076,-9.40487,-10.4762,
05-01-2026-Fri 13-11-12-PM,-9.73967,-8.60126,-10.9112,-10.041,-9.50541,-10.4427,
05-01-2026-Fri 13-11-13-PM,-9.73967,-8.83572,-10.8778,-10.0076,-9.40487,-10.4427,
05-01-2026-Fri 13-11-15-PM,-9.5389,-8.90258,-10.8778,-10.041,-9.43843,-10.4427,
05-01-2026-Fri 13-11-16-PM,-9.77323,-8.66825,-10.9447,-10.041,-9.43843,-10.4427,
05-01-2026-Fri 13-11-17-PM,-9.84021,-8.93615,-10.9782,-10.0745,-9.50541,-10.5097,
05-01-2026-Fri 13-11-19-PM,-9.84021,-8.96964,-10.8778,-10.041,-9.47193,-10.5097,
05-01-2026-Fri 13-11-20-PM,-9.87369,-8.93615,-10.9447,-10.0745,-9.50541,-10.5432,
05-01-2026-Fri 13-11-21-PM,-9.87369,-8.96964,-10.9782,-10.041,-9.50541,-10.5432,
05-01-2026-Fri 13-11-23-PM,-9.90704,-8.96964,-10.9782,-10.0745,-9.50541,-10.5765,
05-01-2026-Fri 13-11-24-PM,-9.94059,-9.00314,-11.0117,-10.108,-9.5389,-10.5765,
05-01-2026-Fri 13-11-26-PM,-9.90704,-9.03663,-10.9782,-10.0745,-9.5389,-10.5432,
05-01-2026-Fri 13-11-27-PM,-9.90704,-9.03663,-11.0452,-10.0745,-9.57225,-10.5765,
05-01-2026-Fri 13-11-28-PM,-9.94059,-9.03663,-11.0452,-10.0745,-9.57225,-10.5765,
05-01-2026-Fri 13-11-30-PM,-9.97408,-9.03663,-11.0452,-10.041,-9.57225,-10.6101,
05-01-2026-Fri 13-11-33-PM,-9.97408,-9.07004,-11.0785,-10.108,-9.57225,-10.6101,
05-01-2026-Fri 13-11-35-PM,-10.0076,-9.07004,-11.0452,-10.175,-9.60581,-10.6101,
05-01-2026-Fri 13-11-37-PM,-10.0076,-9.10361,-11.1456,-10.108,-9.6393,-10.677,
05-01-2026-Fri 13-11-39-PM,-10.0076,-9.10361,-11.1121,-10.1415,-9.67278,-10.677,
05-01-2026-Fri 13-11-40-PM,-10.041,-9.1371,-11.1456,-10.108,-9.67278,-10.677,
05-01-2026-Fri 13-11-41-PM,-10.041,-9.17059,-11.1121,-10.175,-9.67278,-10.677,
05-01-2026-Fri 13-11-43-PM,-10.0745,-9.17059,-11.1456,-10.1415,-9.67278,-10.677,
05-01-2026-Fri 13-11-45-PM,-10.041,-9.17059,-11.179,-10.175,-9.70626,-10.7105,
05-01-2026-Fri 13-11-46-PM,-10.0745,-9.17059,-11.179,-10.108,-9.70626,-10.7105,
05-01-2026-Fri 13-11-47-PM,-10.108,-9.20401,-11.179,-10.1415,-9.73967,-10.7439,
05-01-2026-Fri 13-11-49-PM,-10.108,-9.20401,-11.2125,-10.175,-9.73967,-10.7439,
05-01-2026-Fri 13-11-50-PM,-10.108,-9.23743,-11.179,-10.175,-9.73967,-10.7439,
05-01-2026-Fri 13-11-51-PM,-10.108,-9.23743,-11.179,-10.2085,-9.73967,-10.7439,
05-01-2026-Fri 13-11-53-PM,-10.1415,-9.20401,-11.2794,-10.2085,-9.77323,-10.7439,
05-01-2026-Fri 13-11-54-PM,-10.1415,-9.23743,-11.179,-10.175,-9.77323,-10.7439,
05-01-2026-Fri 13-11-56-PM,-10.175,-9.27099,-11.2458,-10.2085,-9.77323,-10.7774,
05-01-2026-Fri 13-11-57-PM,-9.87369,-9.17059,-11.2125,-10.175,-9.84021,-10.677,
05-01-2026-Fri 13-11-58-PM,-10.108,-9.23743,-11.2794,-10.2085,-9.73967,-10.7774,
05-01-2026-Fri 13-12-00-PM,-9.94059,-9.17059,-11.2458,-10.2085,-9.84021,-10.7439,
05-01-2026-Fri 13-12-01-PM,-10.2418,-9.17059,-11.2794,-10.2085,-9.80672,-10.7774,
05-01-2026-Fri 13-12-03-PM,-10.2085,-9.30449,-11.2458,-10.1415,-9.84021,-10.8109,
05-01-2026-Fri 13-12-04-PM,-10.2085,-9.33797,-11.2794,-10.2418,-9.84021,-10.8109,
05-01-2026-Fri 13-12-05-PM,-10.2418,-9.33797,-11.2794,-10.2418,-9.84021,-10.8444,
05-01-2026-Fri 13-12-07-PM,-10.2418,-9.33797,-11.3463,-10.2418,-9.87369,-10.8444,
05-01-2026-Fri 13-12-08-PM,-10.2418,-9.33797,-11.3129,-10.2085,-9.90704,-10.8444,
05-01-2026-Fri 13-12-10-PM,-10.2418,-9.33797,-11.3129,-10.2753,-9.90704,-10.8444,
05-01-2026-Fri 13-12-11-PM,-10.2753,-9.33797,-11.4132,-10.2085,-9.90704,-10.8778,
05-01-2026-Fri 13-12-12-PM,-10.3088,-9.37146,-11.3463,-10.2085,-9.90704,-10.8778,
05-01-2026-Fri 13-12-14-PM,-10.3088,-9.37146,-11.3798,-10.2753,-9.90704,-10.8778,
05-01-2026-Fri 13-12-15-PM,-10.3088,-9.40487,-11.3463,-10.2418,-9.94059,-10.9112,
05-01-2026-Fri 13-12-16-PM,-10.3088,-9.37146,-11.3463,-10.2418,-9.97408,-10.8778,
05-01-2026-Fri 13-12-18-PM,-10.3088,-9.40487,-11.3798,-10.2753,-9.94059,-10.9112,
05-01-2026-Fri 13-12-19-PM,-10.3423,-9.43843,-11.3798,-10.2753,-9.97408,-10.9447,
05-01-2026-Fri 13-12-21-PM,-10.3758,-9.43843,-11.3798,-10.2753,-9.97408,-10.9782,
05-01-2026-Fri 13-12-22-PM,-10.3758,-9.43843,-11.4132,-10.3088,-9.97408,-10.9782,
05-01-2026-Fri 13-12-23-PM,-10.3758,-9.47193,-11.4132,-10.2753,-10.0076,-10.9447,
05-01-2026-Fri 13-12-25-PM,-10.3758,-9.43843,-11.4467,-10.3088,-10.0076,-10.9447,
05-01-2026-Fri 13-12-26-PM,-10.4092,-9.47193,-11.4467,-10.3423,-10.0076,-10.9782,
05-01-2026-Fri 13-12-28-PM,-10.4092,-9.50541,-11.3798,-10.3088,-10.0076,-10.9782,
05-01-2026-Fri 13-12-29-PM,-10.4427,-9.47193,-11.4132,-10.3423,-10.041,-10.9782,
05-01-2026-Fri 13-12-31-PM,-10.4092,-9.50541,-11.4802,-10.3423,-10.0745,-11.0117,
05-01-2026-Fri 13-12-32-PM,-10.4427,-9.50541,-11.4132,-10.3423,-10.041,-11.0117,
05-01-2026-Fri 13-12-33-PM,-10.4427,-9.50541,-11.5137,-10.3423,-10.0745,-11.0117,
05-01-2026-Fri 13-12-35-PM,-10.4762,-9.5389,-11.5137,-10.3758,-10.0745,-11.0117,
05-01-2026-Fri 13-12-36-PM,-10.4092,-9.37146,-11.4802,-10.3423,-10.108,-10.9447,
05-01-2026-Fri 13-12-37-PM,-10.2085,-9.47193,-11.5471,-10.3423,-10.041,-10.9447,
05-01-2026-Fri 13-12-39-PM,-10.3758,-9.30449,-11.4802,-10.3088,-10.0745,-10.9782,
05-01-2026-Fri 13-12-40-PM,-10.4427,-9.5389,-11.5137,-10.3088,-10.1415,-11.0117,
05-01-2026-Fri 13-12-42-PM,-10.5432,-9.57225,-11.5471,-10.3758,-10.1415,-11.0452,
05-01-2026-Fri 13-12-43-PM,-10.5097,-9.57225,-11.5471,-10.3423,-10.108,-11.0785,
05-01-2026-Fri 13-12-44-PM,-10.5432,-9.60581,-11.5471,-10.3758,-10.1415,-11.0785,
05-01-2026-Fri 13-12-46-PM,-10.5432,-9.57225,-11.5805,-10.3758,-10.175,-11.0785,
05-01-2026-Fri 13-12-47-PM,-10.5765,-9.60581,-11.5805,-10.3758,-10.175,-11.0785,
05-01-2026-Fri 13-12-49-PM,-10.5765,-9.60581,-11.5471,-10.3423,-10.2085,-11.0785,
05-01-2026-Fri 13-12-50-PM,-10.5765,-9.60581,-11.5805,-10.3423,-10.2085,-11.1456,
05-01-2026-Fri 13-12-51-PM,-10.5765,-9.67278,-11.614,-10.4092,-10.175,-11.1456,
05-01-2026-Fri 13-12-53-PM,-10.5765,-9.67278,-11.614,-10.4092,-10.2085,-11.1121,
05-01-2026-Fri 13-12-54-PM,-10.6101,-9.67278,-11.614,-10.4092,-10.2418,-11.1121,
05-01-2026-Fri 13-12-56-PM,-10.6101,-9.6393,-11.6475,-10.3758,-10.2085,-11.1121,
05-01-2026-Fri 13-12-57-PM,-10.6101,-9.70626,-11.6475,-10.3758,-10.2418,-11.1456,
05-01-2026-Fri 13-12-58-PM,-10.6435,-9.70626,-11.6809,-10.4427,-10.2418,-11.179,
05-01-2026-Fri 13-13-00-PM,-10.6435,-9.70626,-11.6809,-10.3758,-10.2753,-11.179,
05-01-2026-Fri 13-13-01-PM,-10.677,-9.70626,-11.6809,-10.4092,-10.2753,-11.179,
05-01-2026-Fri 13-13-03-PM,-10.7105,-9.73967,-11.6475,-10.3758,-10.2753,-11.179,
05-01-2026-Fri 13-13-04-PM,-10.7105,-9.70626,-11.7144,-10.4092,-10.3088,-11.179,
05-01-2026-Fri 13-13-05-PM,-10.7105,-9.73967,-11.7144,-10.4092,-10.2753,-11.2125,
05-01-2026-Fri 13-13-07-PM,-10.7105,-9.73967,-11.7144,-10.4092,-10.2753,-11.2125,
05-01-2026-Fri 13-13-08-PM,-10.7105,-9.73967,-11.6809,-10.4427,-10.3088,-11.2125,
05-01-2026-Fri 13-13-10-PM,-10.7105,-9.77323,-11.6809,-10.4427,-10.3088,-11.2125,
05-01-2026-Fri 13-13-11-PM,-10.7439,-9.77323,-11.7144,-10.4427,-10.3088,-11.2458,
05-01-2026-Fri 13-13-12-PM,-10.7439,-9.77323,-11.7478,-10.4427,-10.3423,-11.2458,
05-01-2026-Fri 13-13-14-PM,-10.7439,-9.77323,-11.7478,-10.4762,-10.3423,-11.2458,
05-01-2026-Fri 13-13-15-PM,-10.7439,-9.80672,-11.7813,-10.4427,-10.3758,-11.2794,
05-01-2026-Fri 13-13-17-PM,-10.7774,-9.77323,-11.7813,-10.4762,-10.3758,-11.2794,
05-01-2026-Fri 13-13-18-PM,-10.8109,-9.80672,-11.7478,-10.4762,-10.3758,-11.2794,
05-01-2026-Fri 13-13-19-PM,-10.8109,-9.80672,-11.7813,-10.4762,-10.3758,-11.3129,
05-01-2026-Fri 13-13-21-PM,-10.8109,-9.84021,-11.8148,-10.4762,-10.4092,-11.2794,
05-01-2026-Fri 13-13-22-PM,-10.8109,-9.80672,-11.7813,-10.4427,-10.4092,-11.3129,
05-01-2026-Fri 13-13-24-PM,-10.8444,-9.84021,-11.7813,-10.4427,-10.4092,-11.3129,
05-01-2026-Fri 13-13-25-PM,-10.8109,-9.87369,-11.8148,-10.4762,-10.4427,-11.3129,
05-01-2026-Fri 13-13-26-PM,-10.8444,-9.87369,-11.8482,-10.4762,-10.4427,-11.3129,
05-01-2026-Fri 13-13-28-PM,-10.8778,-9.87369,-11.8482,-10.4762,-10.4092,-11.3129,
05-01-2026-Fri 13-13-29-PM,-10.8778,-9.87369,-11.8482,-10.5097,-10.4427,-11.3463,
05-01-2026-Fri 13-13-31-PM,-10.8778,-9.90704,-11.8482,-10.4762,-10.4762,-11.3463,
05-01-2026-Fri 13-13-32-PM,-10.8778,-9.87369,-11.8148,-10.5097,-10.4427,-11.3798,
05-01-2026-Fri 13-13-33-PM,-10.8778,-9.90704,-11.8148,-10.4762,-10.4762,-11.3798,
05-01-2026-Fri 13-13-35-PM,-10.9112,-9.94059,-11.8817,-10.5097,-10.4762,-11.3798,
05-01-2026-Fri 13-13-36-PM,-10.9112,-9.90704,-11.8817,-10.5097,-10.5097,-11.3798,
05-01-2026-Fri 13-13-38-PM,-10.9112,-9.94059,-11.8817,-10.5097,-10.5097,-11.3798,
05-01-2026-Fri 13-13-39-PM,-10.9112,-9.94059,-11.8482,-10.5432,-10.5097,-11.4132,
05-01-2026-Fri 13-13-42-PM,-10.9447,-9.94059,-11.8817,-10.5097,-10.5432,-11.4132,
05-01-2026-Fri 13-13-45-PM,-10.9447,-9.97408,-11.8817,-10.5432,-10.5432,-11.4132,
05-01-2026-Fri 13-13-47-PM,-10.9782,-10.0076,-11.9486,-10.5432,-10.5765,-11.4132,
05-01-2026-Fri 13-13-50-PM,-10.9782,-10.0076,-11.9486,-10.5432,-10.5765,-11.4467,
05-01-2026-Fri 13-13-53-PM,-11.0452,-10.0076,-11.9486,-10.6101,-10.6101,-11.4802,
05-01-2026-Fri 13-13-56-PM,-10.7774,-9.94059,-12.0155,-10.6101,-10.6435,-11.4802,
05-01-2026-Fri 13-13-58-PM,-11.0452,-10.0745,-11.982,-10.5765,-10.677,-11.4802,
05-01-2026-Fri 13-13-59-PM,-11.0452,-10.041,-11.982,-10.5765,-10.6435,-11.5137,
05-01-2026-Fri 13-14-01-PM,-11.0452,-10.0745,-11.982,-10.6101,-10.6435,-11.5137,
05-01-2026-Fri 13-14-03-PM,-11.0785,-10.0745,-12.0155,-10.5765,-10.6435,-11.5137,
05-01-2026-Fri 13-14-04-PM,-11.0785,-10.108,-12.0155,-10.6101,-10.677,-11.5471,
05-01-2026-Fri 13-14-05-PM,-11.1121,-10.108,-12.0155,-10.5765,-10.677,-11.5471,
05-01-2026-Fri 13-14-07-PM,-11.1121,-10.108,-12.049,-10.6101,-10.7105,-11.5471,
05-01-2026-Fri 13-14-08-PM,-11.1121,-10.1415,-12.049,-10.6435,-10.677,-11.5471,
05-01-2026-Fri 13-14-10-PM,-11.1121,-10.108,-12.049,-10.6101,-10.7105,-11.5805,
05-01-2026-Fri 13-14-11-PM,-11.1121,-10.1415,-12.049,-10.6435,-10.7105,-11.5805,
05-01-2026-Fri 13-14-12-PM,-11.1121,-10.1415,-12.049,-10.6101,-10.7105,-11.5471,
05-01-2026-Fri 13-14-14-PM,-11.1121,-10.1415,-12.049,-10.6435,-10.7439,-11.5805,
05-01-2026-Fri 13-14-15-PM,-11.1456,-10.175,-12.1159,-10.677,-10.7439,-11.5805,
05-01-2026-Fri 13-14-17-PM,-11.1121,-10.1415,-12.1159,-10.677,-10.7439,-11.5805,
05-01-2026-Fri 13-14-18-PM,-11.1456,-10.175,-12.0823,-10.6435,-10.7774,-11.5805,
05-01-2026-Fri 13-14-19-PM,-11.179,-10.175,-12.0823,-10.6435,-10.7439,-11.5805,
05-01-2026-Fri 13-14-21-PM,-11.179,-10.175,-12.049,-10.5765,-10.7774,-11.614,
05-01-2026-Fri 13-14-22-PM,-11.179,-10.2085,-12.1159,-10.6435,-10.7774,-11.614,
05-01-2026-Fri 13-14-24-PM,-11.2125,-10.2085,-12.1159,-10.7105,-10.7774,-11.614,
05-01-2026-Fri 13-14-25-PM,-11.2125,-10.2085,-12.1493,-10.6435,-10.8109,-11.6475,
05-01-2026-Fri 13-14-26-PM,-11.2125,-10.2085,-12.1493,-10.6435,-10.8109,-11.614,
05-01-2026-Fri 13-14-28-PM,-11.2125,-10.2418,-12.1493,-10.677,-10.8109,-11.6475,
05-01-2026-Fri 13-14-29-PM,-11.2125,-10.2753,-12.1493,-10.677,-10.8444,-11.6475,
05-01-2026-Fri 13-14-30-PM,-11.2458,-10.2418,-12.1828,-10.7105,-10.8444,-11.6475,
05-01-2026-Fri 13-14-32-PM,-11.2794,-10.3088,-12.1828,-10.7774,-10.8444,-11.6809,
05-01-2026-Fri 13-14-34-PM,-11.2794,-10.3088,-12.1828,-10.8109,-10.8778,-11.6809,
05-01-2026-Fri 13-14-35-PM,-11.3129,-10.3423,-12.2163,-10.8778,-10.8778,-11.6809,
05-01-2026-Fri 13-14-37-PM,-11.3463,-10.3423,-12.2496,-10.9112,-10.9112,-11.6809,
05-01-2026-Fri 13-14-38-PM,-11.3798,-10.4092,-12.2496,-11.0117,-10.9447,-11.7144,
05-01-2026-Fri 13-14-40-PM,-11.3798,-10.4092,-12.2831,-11.0785,-10.9447,-11.7144,
05-01-2026-Fri 13-14-41-PM,-11.4132,-10.4762,-12.2831,-11.1456,-11.0117,-11.7478,
05-01-2026-Fri 13-14-43-PM,-11.4132,-10.5097,-12.3166,-11.2458,-10.9782,-11.7478,
05-01-2026-Fri 13-14-44-PM,-11.4802,-10.5432,-12.35,-11.3129,-11.0452,-11.7478,
05-01-2026-Fri 13-14-45-PM,-11.5137,-10.5765,-12.3166,-11.3129,-11.0452,-11.8148,
05-01-2026-Fri 13-14-47-PM,-11.5137,-10.6101,-12.35,-11.4132,-11.1121,-11.8148,
05-01-2026-Fri 13-14-48-PM,-11.5805,-10.6435,-12.3166,-11.4802,-11.1121,-11.8148,
05-01-2026-Fri 13-14-50-PM,-11.5805,-10.677,-12.3835,-11.4802,-11.1456,-11.8148,
05-01-2026-Fri 13-14-51-PM,-11.614,-10.677,-12.4169,-11.5805,-11.1456,-11.8482,
05-01-2026-Fri 13-14-52-PM,-11.614,-10.7439,-12.4169,-11.5805,-11.2125,-11.8817,
05-01-2026-Fri 13-14-54-PM,-11.6475,-10.7439,-12.4504,-11.614,-11.2125,-11.8817,
05-01-2026-Fri 13-14-55-PM,-11.6809,-10.7439,-12.4839,-11.6809,-11.2458,-11.8817,
05-01-2026-Fri 13-14-57-PM,-11.7144,-10.7774,-12.5173,-11.6809,-11.2458,-11.915,
05-01-2026-Fri 13-14-58-PM,-11.7478,-10.8444,-12.4839,-11.6809,-11.3129,-11.9486,
05-01-2026-Fri 13-14-59-PM,-11.7478,-10.8109,-12.5173,-11.8148,-11.3129,-11.9486,
05-01-2026-Fri 13-15-01-PM,-11.7813,-10.8444,-12.5508,-11.8148,-11.3798,-11.9486,
05-01-2026-Fri 13-15-02-PM,-11.7813,-10.8778,-12.5841,-11.8482,-11.3463,-11.9486,
05-01-2026-Fri 13-15-04-PM,-11.8148,-10.9447,-12.6176,-11.915,-11.3798,-12.0155,
05-01-2026-Fri 13-15-05-PM,-11.8482,-10.9447,-12.6511,-11.9486,-11.4132,-11.982,
05-01-2026-Fri 13-15-06-PM,-11.8482,-10.9782,-12.6511,-11.982,-11.4467,-12.0155,
05-01-2026-Fri 13-15-08-PM,-11.915,-10.9782,-12.5841,-12.0155,-11.4802,-12.049,
05-01-2026-Fri 13-15-09-PM,-11.915,-11.0452,-12.6176,-12.049,-11.5137,-12.0155,
05-01-2026-Fri 13-15-11-PM,-11.9486,-11.0785,-12.718,-12.1159,-11.5137,-12.0823,
05-01-2026-Fri 13-15-12-PM,-11.9486,-11.1121,-12.718,-12.1493,-11.5471,-12.0823,
05-01-2026-Fri 13-15-13-PM,-11.982,-11.1456,-12.718,-12.1493,-11.5471,-12.1159,
05-01-2026-Fri 13-15-15-PM,-12.0155,-11.1456,-12.7849,-12.1828,-11.614,-12.1159,
05-01-2026-Fri 13-15-16-PM,-12.0155,-11.179,-12.7849,-12.2831,-11.6475,-12.1159,
05-01-2026-Fri 13-15-17-PM,-12.049,-11.2125,-12.7849,-12.2831,-11.6475,-12.1493,
05-01-2026-Fri 13-15-19-PM,-12.0823,-11.2125,-12.8518,-12.2831,-11.6809,-12.1493,
05-01-2026-Fri 13-15-20-PM,-12.1159,-11.2458,-12.8518,-12.2496,-11.7144,-12.1828,
05-01-2026-Fri 13-15-22-PM,-12.1159,-11.2794,-12.8853,-12.35,-11.7144,-12.2163,
05-01-2026-Fri 13-15-23-PM,-12.1493,-11.3129,-12.8853,-12.4169,-11.7478,-12.2163,
05-01-2026-Fri 13-15-25-PM,-12.1493,-11.3463,-12.9186,-12.3835,-11.7813,-12.2831,
05-01-2026-Fri 13-15-26-PM,-12.1828,-11.3463,-12.9855,-12.4504,-11.7813,-12.2496,
05-01-2026-Fri 13-15-27-PM,-12.2163,-11.3798,-12.9522,-12.4839,-11.8148,-12.2831,
05-01-2026-Fri 13-15-29-PM,-12.2496,-11.4132,-12.9855,-12.4839,-11.8482,-12.2831,
05-01-2026-Fri 13-15-30-PM,-12.2496,-11.4467,-12.9855,-12.5173,-11.8482,-12.3166,
05-01-2026-Fri 13-15-32-PM,-12.2831,-11.4467,-13.019,-12.4839,-11.915,-12.3166,
05-01-2026-Fri 13-15-33-PM,-12.2831,-11.4802,-13.019,-12.5841,-11.915,-12.3166,
05-01-2026-Fri 13-15-34-PM,-12.3166,-11.5137,-13.019,-12.5508,-11.9486,-12.35,
05-01-2026-Fri 13-15-36-PM,-12.3166,-11.5471,-13.0858,-12.6176,-11.982,-12.3835,
05-01-2026-Fri 13-15-37-PM,-12.35,-11.5471,-13.1194,-12.6176,-11.982,-12.4169,
05-01-2026-Fri 13-15-39-PM,-12.35,-11.5805,-13.0858,-12.6511,-12.0155,-12.4504,
05-01-2026-Fri 13-15-40-PM,-12.3835,-11.5805,-13.1194,-12.6511,-12.049,-12.4504,
05-01-2026-Fri 13-15-41-PM,-12.4169,-11.614,-13.1528,-12.6845,-12.049,-12.4839,
05-01-2026-Fri 13-15-43-PM,-12.4504,-11.6475,-13.1863,-12.718,-12.0823,-12.4839,
05-01-2026-Fri 13-15-44-PM,-12.4839,-11.6809,-13.2197,-12.7514,-12.1159,-12.5173,
05-01-2026-Fri 13-15-46-PM,-12.4504,-11.6809,-13.2197,-12.7514,-12.1159,-12.5173,
05-01-2026-Fri 13-15-47-PM,-12.4839,-11.7478,-13.2531,-12.8184,-12.1493,-12.5173,
05-01-2026-Fri 13-15-48-PM,-12.4839,-11.7478,-13.2197,-12.7849,-12.1828,-12.5508,
05-01-2026-Fri 13-15-50-PM,-12.5173,-11.7478,-13.32,-12.8184,-12.1828,-12.5841,
05-01-2026-Fri 13-15-51-PM,-12.5173,-11.7813,-13.2866,-12.8518,-12.2163,-12.5841,
05-01-2026-Fri 13-15-53-PM,-12.5508,-11.8148,-13.32,-12.8853,-12.2496,-12.6176,
05-01-2026-Fri 13-15-54-PM,-12.5841,-11.8148,-13.32,-12.9186,-12.2496,-12.6511,
05-01-2026-Fri 13-15-55-PM,-12.6176,-11.8817,-13.3869,-12.9186,-12.2496,-12.6511,
05-01-2026-Fri 13-15-57-PM,-12.6176,-11.8817,-13.4203,-12.9522,-12.3166,-12.6845,
05-01-2026-Fri 13-15-58-PM,-12.6176,-11.915,-13.4538,-12.9186,-12.3166,-12.718,
05-01-2026-Fri 13-16-00-PM,-12.6511,-11.915,-13.4538,-12.9855,-12.35,-12.718,
05-01-2026-Fri 13-16-01-PM,-12.6845,-11.9486,-13.4538,-12.9855,-12.35,-12.718,
05-01-2026-Fri 13-16-02-PM,-12.6845,-11.982,-13.4538,-12.9855,-12.3835,-12.7849,
05-01-2026-Fri 13-16-04-PM,-12.6845,-12.0155,-13.4872,-13.019,-12.4169,-12.7849,
05-01-2026-Fri 13-16-05-PM,-12.718,-12.0155,-13.5207,-13.0858,-12.4169,-12.8184,
05-01-2026-Fri 13-16-07-PM,-12.7514,-12.0155,-13.5541,-13.0525,-12.4504,-12.8184,
05-01-2026-Fri 13-16-08-PM,-12.7514,-12.049,-13.5541,-13.0858,-12.4839,-12.8184,
05-01-2026-Fri 13-16-09-PM,-12.7849,-12.0823,-13.5541,-13.0858,-12.4839,-12.8853,
05-01-2026-Fri 13-16-11-PM,-12.7849,-12.0823,-13.621,-13.0858,-12.5173,-12.8853,
05-01-2026-Fri 13-16-12-PM,-12.8184,-12.0823,-13.5875,-13.0858,-12.5508,-12.9186,
05-01-2026-Fri 13-16-14-PM,-12.8518,-12.1159,-13.621,-13.1528,-12.5508,-12.9522,
05-01-2026-Fri 13-16-15-PM,-12.8518,-12.1493,-13.621,-13.1528,-12.5841,-12.9522,
05-01-2026-Fri 13-16-16-PM,-12.8518,-12.1828,-13.6544,-13.1863,-12.5841,-12.9522,
05-01-2026-Fri 13-16-18-PM,-12.8853,-12.1828,-13.6878,-13.2197,-12.6176,-12.9855,
05-01-2026-Fri 13-16-19-PM,-12.8853,-12.1828,-13.6544,-13.1528,-12.6176,-12.9855,
05-01-2026-Fri 13-16-20-PM,-12.9186,-12.2163,-13.7882,-13.2531,-12.6511,-13.019,
05-01-2026-Fri 13-16-22-PM,-12.9522,-12.2496,-13.7213,-13.2531,-12.6511,-13.019,
05-01-2026-Fri 13-16-23-PM,-12.9522,-12.2831,-13.7547,-13.2531,-12.6845,-13.0525,
05-01-2026-Fri 13-16-25-PM,-12.9522,-12.2831,-13.8216,-13.2866,-12.718,-13.0858,
05-01-2026-Fri 13-16-26-PM,-12.9855,-12.3166,-13.8216,-13.32,-12.7514,-13.1528,
05-01-2026-Fri 13-16-27-PM,-13.019,-12.35,-13.7882,-13.32,-12.7514,-13.1194,
05-01-2026-Fri 13-16-29-PM,-12.9855,-12.35,-13.8216,-13.32,-12.7514,-13.1528,
05-01-2026-Fri 13-16-30-PM,-13.019,-12.3835,-13.855,-13.3534,-12.8184,-13.1528,
05-01-2026-Fri 13-16-32-PM,-13.0525,-12.3835,-13.8885,-13.3869,-12.8184,-13.1528,
05-01-2026-Fri 13-16-33-PM,-13.0525,-12.3835,-13.855,-13.3534,-12.8184,-13.2197,
05-01-2026-Fri 13-16-34-PM,-13.0525,-12.4504,-13.9219,-13.3534,-12.8518,-13.2197,
05-01-2026-Fri 13-16-36-PM,-13.1194,-12.4169,-13.9219,-13.3869,-12.8518,-13.2531,
05-01-2026-Fri 13-16-37-PM,-13.1194,-12.4839,-13.9219,-13.4203,-12.8853,-13.2866,
05-01-2026-Fri 13-16-39-PM,-13.1194,-12.4839,-13.9219,-13.4203,-12.9186,-13.2866,
05-01-2026-Fri 13-16-40-PM,-13.1528,-12.5173,-13.9888,-13.4872,-12.9186,-13.2866,
05-01-2026-Fri 13-16-41-PM,-13.1863,-12.4839,-14.0222,-13.4538,-12.9186,-13.32,
05-01-2026-Fri 13-16-43-PM,-13.1863,-12.5173,-14.0222,-13.4203,-12.9522,-13.32,
05-01-2026-Fri 13-16-44-PM,-13.1863,-12.5508,-14.0222,-13.4538,-12.9855,-13.3534,
05-01-2026-Fri 13-16-46-PM,-13.2197,-12.5508,-14.0556,-13.4872,-13.019,-13.3869,
05-01-2026-Fri 13-16-47-PM,-13.2531,-12.5508,-14.0222,-13.4872,-13.019,-13.4203,
05-01-2026-Fri 13-16-48-PM,-13.2531,-12.5841,-14.0556,-13.4872,-13.019,-13.4203,
05-01-2026-Fri 13-16-50-PM,-13.2531,-12.5841,-14.1225,-13.5541,-13.019,-13.4203,
05-01-2026-Fri 13-16-51-PM,-13.2866,-12.6176,-14.156,-13.5541,-13.0525,-13.4538,
05-01-2026-Fri 13-16-52-PM,-13.2866,-12.6176,-14.1225,-13.5875,-13.0858,-13.4872,
05-01-2026-Fri 13-16-54-PM,-13.32,-12.6511,-14.156,-13.621,-13.0858,-13.4872,
05-01-2026-Fri 13-16-56-PM,-13.32,-12.6845,-14.1894,-13.5875,-13.1194,-13.5207,
05-01-2026-Fri 13-16-57-PM,-13.3534,-12.718,-14.2897,-13.621,-13.1194,-13.5207,
05-01-2026-Fri 13-16-59-PM,-13.3534,-12.718,-14.2228,-13.621,-13.1863,-13.5541,
05-01-2026-Fri 13-17-00-PM,-13.3869,-12.7514,-14.2562,-13.5875,-13.1863,-13.5875,
05-01-2026-Fri 13-17-01-PM,-13.3869,-12.7514,-14.2562,-13.621,-13.1863,-13.5875,
05-01-2026-Fri 13-17-03-PM,-13.4203,-12.7514,-14.2562,-13.621,-13.2197,-13.5875,
05-01-2026-Fri 13-17-04-PM,-13.4538,-12.7849,-14.2897,-13.621,-13.2197,-13.6544,
05-01-2026-Fri 13-17-06-PM,-13.4538,-12.8184,-14.2897,-13.6878,-13.2531,-13.6544,
05-01-2026-Fri 13-17-07-PM,-13.4538,-12.8184,-14.2897,-13.6878,-13.2531,-13.6878,
05-01-2026-Fri 13-17-08-PM,-13.4538,-12.8184,-14.3231,-13.6544,-13.2866,-13.6878,
05-01-2026-Fri 13-17-10-PM,-13.4872,-12.8184,-14.3565,-13.7213,-13.32,-13.7213,
05-01-2026-Fri 13-17-11-PM,-13.5207,-12.8518,-14.39,-13.6878,-13.32,-13.7213,
05-01-2026-Fri 13-17-12-PM,-13.5207,-12.8853,-14.4233,-13.6878,-13.32,-13.7547,
05-01-2026-Fri 13-17-14-PM,-13.5207,-12.8853,-14.4233,-13.6878,-13.32,-13.7547,
05-01-2026-Fri 13-17-15-PM,-13.5541,-12.9186,-14.4233,-13.7213,-13.3534,-13.7882,
05-01-2026-Fri 13-17-17-PM,-13.5875,-12.9186,-14.4233,-13.7547,-13.3869,-13.8216,
05-01-2026-Fri 13-17-18-PM,-13.5875,-12.9522,-14.4568,-13.7547,-13.3869,-13.8216,
05-01-2026-Fri 13-17-20-PM,-13.5875,-12.9522,-14.5237,-13.7547,-13.4203,-13.855,
05-01-2026-Fri 13-17-21-PM,-13.621,-12.9522,-14.5237,-13.7882,-13.4203,-13.855,
05-01-2026-Fri 13-17-22-PM,-13.6544,-12.9855,-14.4903,-13.7882,-13.4203,-13.8885,
05-01-2026-Fri 13-17-24-PM,-13.6544,-12.9855,-14.5572,-13.8216,-13.4203,-13.855,
05-01-2026-Fri 13-17-25-PM,-13.6544,-12.9855,-14.5905,-13.7882,-13.4538,-13.8885,
05-01-2026-Fri 13-17-26-PM,-13.6878,-13.019,-14.624,-13.7882,-13.4538,-13.9219,
05-01-2026-Fri 13-17-28-PM,-13.7213,-13.019,-14.5905,-13.8216,-13.5207,-13.9219,
05-01-2026-Fri 13-17-29-PM,-13.6878,-13.0525,-14.5572,-13.7882,-13.4872,-13.9554,
05-01-2026-Fri 13-17-31-PM,-13.7213,-13.0525,-14.624,-13.8216,-13.5207,-13.9554,
05-01-2026-Fri 13-17-32-PM,-13.7213,-13.0858,-14.5905,-13.855,-13.5541,-13.9888,
05-01-2026-Fri 13-17-33-PM,-13.7547,-13.1194,-14.5905,-13.855,-13.5207,-14.0222,
05-01-2026-Fri 13-17-35-PM,-13.7547,-13.1194,-14.6908,-13.8885,-13.5541,-14.0222,
05-01-2026-Fri 13-17-36-PM,-13.8216,-13.1528,-14.6908,-13.9219,-13.5875,-14.0222,
05-01-2026-Fri 13-17-38-PM,-13.7882,-13.1528,-14.6908,-13.8885,-13.5875,-14.0222,
05-01-2026-Fri 13-17-39-PM,-13.8216,-13.1194,-14.7243,-13.855,-13.621,-14.089,
05-01-2026-Fri 13-17-40-PM,-13.8216,-13.1528,-14.7243,-13.8885,-13.621,-14.089,
05-01-2026-Fri 13-17-42-PM,-13.8216,-13.1863,-14.7576,-13.855,-13.621,-14.089,
05-01-2026-Fri 13-17-43-PM,-13.855,-13.2197,-14.7243,-13.8885,-13.6544,-14.1225,
05-01-2026-Fri 13-17-45-PM,-13.8885,-13.2197,-14.7576,-13.9219,-13.6544,-14.156,
05-01-2026-Fri 13-17-46-PM,-13.8885,-13.2197,-14.8246,-13.8885,-13.6878,-14.156,
05-01-2026-Fri 13-17-48-PM,-13.8885,-13.2197,-14.7911,-13.9554,-13.6878,-14.1894,
05-01-2026-Fri 13-17-49-PM,-13.9219,-13.2531,-14.7911,-13.9219,-13.6878,-14.2228,
05-01-2026-Fri 13-17-50-PM,-13.9554,-13.2866,-14.858,-13.9554,-13.7213,-14.2228,
05-01-2026-Fri 13-17-52-PM,-13.9554,-13.2866,-14.858,-13.9219,-13.7547,-14.2228,
05-01-2026-Fri 13-17-53-PM,-13.9554,-13.2866,-14.8246,-13.9554,-13.7547,-14.2562,
05-01-2026-Fri 13-17-55-PM,-13.9888,-13.2866,-14.858,-13.9888,-13.7882,-14.2562,
05-01-2026-Fri 13-17-56-PM,-13.9888,-13.32,-14.9248,-13.9554,-13.7882,-14.2562,
05-01-2026-Fri 13-17-57-PM,-14.0222,-13.3534,-14.8914,-13.9554,-13.7882,-14.2897,
05-01-2026-Fri 13-17-59-PM,-14.0222,-13.3534,-14.858,-13.9554,-13.7882,-14.2897,
05-01-2026-Fri 13-18-00-PM,-14.0222,-13.3869,-14.9248,-13.9888,-13.8216,-14.3231,
05-01-2026-Fri 13-18-02-PM,-14.0556,-13.3869,-14.9583,-13.9888,-13.855,-14.3231,
05-01-2026-Fri 13-18-03-PM,-14.0556,-13.3869,-14.9248,-14.0222,-13.855,-14.3565,
05-01-2026-Fri 13-18-05-PM,-14.0556,-13.4203,-14.9583,-13.9888,-13.855,-14.3565,
05-01-2026-Fri 13-18-06-PM,-14.089,-13.4538,-14.9917,-14.0222,-13.8885,-14.39,
05-01-2026-Fri 13-18-08-PM,-14.089,-13.4203,-15.0251,-13.9888,-13.8885,-14.39,
05-01-2026-Fri 13-18-09-PM,-14.089,-13.4538,-15.0919,-13.9888,-13.8885,-14.4568,
05-01-2026-Fri 13-18-10-PM,-14.1225,-13.4538,-14.9917,-14.0556,-13.9219,-14.4568,
05-01-2026-Fri 13-18-12-PM,-14.156,-13.4872,-15.0919,-14.0556,-13.9554,-14.4233,
05-01-2026-Fri 13-18-13-PM,-14.1225,-13.3869,-15.0251,-14.0222,-13.9554,-14.4233,
05-01-2026-Fri 13-18-15-PM,-14.0222,-13.2866,-15.0585,-14.0222,-13.9219,-14.4903,
05-01-2026-Fri 13-18-16-PM,-14.089,-13.3534,-15.1254,-14.0556,-14.0222,-14.4233,
05-01-2026-Fri 13-18-17-PM,-14.0222,-13.2531,-15.1254,-14.0556,-14.0222,-14.4903,
05-01-2026-Fri 13-18-19-PM,-14.2228,-13.5207,-15.1588,-14.0556,-14.0222,-14.5237,
05-01-2026-Fri 13-18-20-PM,-14.2228,-13.5541,-15.1254,-14.089,-14.0222,-14.5572,
05-01-2026-Fri 13-18-22-PM,-14.2562,-13.5541,-15.1588,-14.0556,-14.0222,-14.5237,
05-01-2026-Fri 13-18-23-PM,-14.2562,-13.5541,-15.1588,-14.0556,-14.0556,-14.5572,
05-01-2026-Fri 13-18-24-PM,-14.2562,-13.5875,-15.1254,-14.0556,-14.0556,-14.5572,
05-01-2026-Fri 13-18-26-PM,-14.2562,-13.5875,-15.1922,-14.1225,-14.0556,-14.5905,
05-01-2026-Fri 13-18-27-PM,-14.2897,-13.621,-15.1922,-14.0556,-14.0556,-14.5905,
05-01-2026-Fri 13-18-30-PM,-14.3231,-13.621,-15.1922,-14.1225,-14.089,-14.5905,
05-01-2026-Fri 13-18-33-PM,-14.3231,-13.6544,-15.2257,-14.0556,-14.156,-14.6574,
05-01-2026-Fri 13-18-34-PM,-14.3231,-13.6544,-15.326,-14.1225,-14.156,-14.6908,
05-01-2026-Fri 13-18-36-PM,-14.3565,-13.6878,-15.259,-14.089,-14.156,-14.6908,
05-01-2026-Fri 13-18-37-PM,-14.39,-13.6878,-15.259,-14.1225,-14.156,-14.6908,
05-01-2026-Fri 13-18-39-PM,-14.39,-13.7213,-15.2925,-14.1225,-14.1894,-14.6908,
05-01-2026-Fri 13-18-40-PM,-14.4233,-13.7213,-15.326,-14.1225,-14.1894,-14.6908,
05-01-2026-Fri 13-18-41-PM,-14.4233,-13.7213,-15.3593,-14.1894,-14.1894,-14.7243,
05-01-2026-Fri 13-18-43-PM,-14.39,-13.7213,-15.326,-14.156,-14.2228,-14.7243,
05-01-2026-Fri 13-18-45-PM,-14.4568,-13.7547,-15.3593,-14.1225,-14.2562,-14.7576,
05-01-2026-Fri 13-18-46-PM,-14.4568,-13.7547,-15.3593,-14.1894,-14.2562,-14.7576,
05-01-2026-Fri 13-18-47-PM,-14.4903,-13.7882,-15.3593,-14.1225,-14.2562,-14.7911,
05-01-2026-Fri 13-18-49-PM,-14.4903,-13.7882,-15.3928,-14.156,-14.2562,-14.7911,
05-01-2026-Fri 13-18-50-PM,-14.5237,-13.8216,-15.3593,-14.156,-14.2562,-14.8246,
05-01-2026-Fri 13-18-52-PM,-14.5237,-13.8216,-15.4596,-14.156,-14.2897,-14.8246,
05-01-2026-Fri 13-18-53-PM,-14.5237,-13.8216,-15.3928,-14.156,-14.3231,-14.858,
05-01-2026-Fri 13-18-55-PM,-14.5237,-13.8216,-15.4596,-14.1894,-14.3231,-14.8246,
05-01-2026-Fri 13-18-56-PM,-14.5572,-13.855,-15.4596,-14.156,-14.3565,-14.858,
05-01-2026-Fri 13-18-57-PM,-14.5905,-13.855,-15.5265,-14.156,-14.3565,-14.8914,
05-01-2026-Fri 13-18-59-PM,-14.5572,-13.855,-15.493,-14.2562,-14.3565,-14.8914,
05-01-2026-Fri 13-19-00-PM,-14.5905,-13.8885,-15.4596,-14.1894,-14.39,-14.8914,
05-01-2026-Fri 13-19-02-PM,-14.5905,-13.8885,-15.493,-14.1894,-14.39,-14.9248,
05-01-2026-Fri 13-19-03-PM,-14.624,-13.8885,-15.5265,-14.156,-14.39,-14.8914,
05-01-2026-Fri 13-19-04-PM,-14.624,-13.9219,-15.493,-14.2228,-14.39,-14.9248,
05-01-2026-Fri 13-19-06-PM,-14.624,-13.8885,-15.5265,-14.2228,-14.4233,-14.9583,
05-01-2026-Fri 13-19-07-PM,-14.6574,-13.9219,-15.5265,-14.156,-14.4233,-14.9583,
05-01-2026-Fri 13-19-09-PM,-14.6908,-13.9554,-15.5599,-14.2228,-14.4233,-14.9583,
05-01-2026-Fri 13-19-10-PM,-14.6908,-13.9554,-15.5932,-14.1894,-14.4568,-14.9917,
05-01-2026-Fri 13-19-11-PM,-14.6908,-13.9554,-15.5599,-14.1894,-14.4568,-14.9917,
05-01-2026-Fri 13-19-13-PM,-14.7243,-13.9888,-15.6602,-14.1894,-14.4903,-14.9917,
05-01-2026-Fri 13-19-15-PM,-14.7243,-13.9888,-15.6267,-14.2562,-14.5237,-15.0251,
05-01-2026-Fri 13-19-16-PM,-14.7243,-14.0222,-15.6602,-14.2228,-14.4903,-15.0251,
05-01-2026-Fri 13-19-17-PM,-14.7576,-14.0222,-15.6602,-14.2228,-14.5237,-15.0585,
05-01-2026-Fri 13-19-19-PM,-14.6574,-13.7547,-15.6602,-14.2228,-14.5572,-15.0585,
05-01-2026-Fri 13-19-20-PM,-14.6908,-13.9219,-15.6602,-14.2228,-14.5572,-15.0919,
05-01-2026-Fri 13-19-22-PM,-14.6908,-13.9888,-15.6267,-14.2228,-14.5572,-15.0919,
05-01-2026-Fri 13-19-23-PM,-14.5237,-14.0222,-15.6935,-14.2228,-14.5905,-15.0919,
05-01-2026-Fri 13-19-24-PM,-14.7911,-14.0556,-15.6602,-14.2228,-14.5905,-15.0919,
05-01-2026-Fri 13-19-26-PM,-14.7911,-14.089,-15.6935,-14.2562,-14.624,-15.0919,
05-01-2026-Fri 13-19-28-PM,-14.8246,-14.089,-15.6935,-14.2562,-14.5905,-15.1254,
05-01-2026-Fri 13-19-29-PM,-14.8246,-14.089,-15.7269,-14.2897,-14.624,-15.1254,
05-01-2026-Fri 13-19-30-PM,-14.858,-14.089,-15.6935,-14.2897,-14.624,-15.1588,
05-01-2026-Fri 13-19-32-PM,-14.858,-14.089,-15.7603,-14.2897,-14.624,-15.1588,
05-01-2026-Fri 13-19-33-PM,-14.8914,-14.1225,-15.7603,-14.2562,-14.6574,-15.1588,
05-01-2026-Fri 13-19-35-PM,-14.8914,-14.1225,-15.7603,-14.2897,-14.6574,-15.1922,
05-01-2026-Fri 13-19-36-PM,-14.8914,-14.156,-15.7938,-14.2562,-14.6908,-15.1922,
05-01-2026-Fri 13-19-37-PM,-14.9248,-14.156,-15.7603,-14.2897,-14.6574,-15.2257,
05-01-2026-Fri 13-19-39-PM,-14.9248,-14.156,-15.7603,-14.2562,-14.6908,-15.2257,
05-01-2026-Fri 13-19-40-PM,-14.9248,-14.1894,-15.7938,-14.2897,-14.7243,-15.2257,
05-01-2026-Fri 13-19-41-PM,-14.9248,-14.1894,-15.7938,-14.2562,-14.6908,-15.2257,
05-01-2026-Fri 13-19-43-PM,-14.9583,-14.1894,-15.7938,-14.2562,-14.7576,-15.2925,
05-01-2026-Fri 13-19-44-PM,-14.9583,-14.1894,-15.7603,-14.2562,-14.7243,-15.2925,
05-01-2026-Fri 13-19-46-PM,-14.9917,-14.2228,-15.7938,-14.3231,-14.7576,-15.2925,
05-01-2026-Fri 13-19-47-PM,-14.9917,-14.2228,-15.8272,-14.2897,-14.7576,-15.2925,
05-01-2026-Fri 13-19-48-PM,-14.9917,-14.2228,-15.8606,-14.2897,-14.7576,-15.326,
05-01-2026-Fri 13-19-50-PM,-15.0251,-14.2228,-15.7603,-14.2897,-14.7911,-15.326,
05-01-2026-Fri 13-19-51-PM,-15.0251,-14.2228,-15.7938,-14.2897,-14.7911,-15.326,
05-01-2026-Fri 13-19-53-PM,-15.0251,-14.2562,-15.8272,-14.3231,-14.8246,-15.326,
05-01-2026-Fri 13-19-54-PM,-15.0585,-14.2562,-15.8272,-14.3231,-14.8246,-15.3593,
05-01-2026-Fri 13-19-55-PM,-15.0251,-14.2562,-15.7938,-14.3231,-14.8246,-15.3593,
05-01-2026-Fri 13-19-57-PM,-15.0585,-14.3231,-15.8606,-14.2897,-14.8246,-15.3928,
05-01-2026-Fri 13-20-00-PM,-15.0585,-14.2897,-15.8606,-14.3231,-14.858,-15.3928,
05-01-2026-Fri 13-20-02-PM,-15.1254,-14.3231,-15.8606,-14.3565,-14.858,-15.3928,
05-01-2026-Fri 13-20-04-PM,-14.9917,-14.1894,-15.9274,-14.2897,-14.8914,-15.4261,
05-01-2026-Fri 13-20-06-PM,-15.0919,-14.2562,-15.8941,-14.3231,-14.9248,-15.4261,
05-01-2026-Fri 13-20-09-PM,-15.1588,-14.3565,-15.9609,-14.3565,-14.8914,-15.4596,
05-01-2026-Fri 13-20-11-PM,-15.1588,-14.39,-15.9274,-14.3565,-14.9583,-15.4596,
05-01-2026-Fri 13-20-13-PM,-15.1588,-14.39,-15.9274,-14.3231,-14.9583,-15.493,
05-01-2026-Fri 13-20-14-PM,-15.1922,-14.4233,-15.9274,-14.2897,-14.9583,-15.493,
05-01-2026-Fri 13-20-15-PM,-15.1922,-14.4233,-15.9274,-14.3231,-14.9583,-15.5265,
05-01-2026-Fri 13-20-17-PM,-15.1922,-14.39,-15.9609,-14.3231,-14.9917,-15.5265,
05-01-2026-Fri 13-20-18-PM,-15.2257,-14.4233,-15.9274,-14.3565,-14.9917,-15.5599,
05-01-2026-Fri 13-20-20-PM,-15.1922,-14.4233,-15.9274,-14.3565,-15.0251,-15.5599,
05-01-2026-Fri 13-20-21-PM,-15.2257,-14.4233,-15.9274,-14.3565,-15.0251,-15.5599,
05-01-2026-Fri 13-20-22-PM,-15.2257,-14.4568,-15.9609,-14.3231,-15.0251,-15.5932,
05-01-2026-Fri 13-20-24-PM,-15.2257,-14.4568,-15.9609,-14.3565,-15.0585,-15.5599,
05-01-2026-Fri 13-20-25-PM,-15.259,-14.4568,-15.9274,-14.39,-15.0585,-15.5932,
05-01-2026-Fri 13-20-27-PM,-15.259,-14.4568,-15.9274,-14.3231,-15.0585,-15.5932,
05-01-2026-Fri 13-20-28-PM,-15.2925,-14.4903,-16.0277,-14.39,-15.0919,-15.5932,
05-01-2026-Fri 13-20-30-PM,-15.2925,-14.4903,-15.9943,-14.3565,-15.0919,-15.6267,
05-01-2026-Fri 13-20-31-PM,-15.2925,-14.5237,-15.9609,-14.3565,-15.0919,-15.6267,
05-01-2026-Fri 13-20-32-PM,-15.2925,-14.5237,-16.0277,-14.39,-15.0919,-15.6602,
05-01-2026-Fri 13-20-34-PM,-15.2925,-14.4903,-15.9609,-14.3565,-15.0919,-15.6602,
05-01-2026-Fri 13-20-35-PM,-15.326,-14.5237,-15.9943,-14.39,-15.1254,-15.6935,
05-01-2026-Fri 13-20-37-PM,-15.326,-14.5572,-15.9609,-14.39,-15.1254,-15.6935,
05-01-2026-Fri 13-20-38-PM,-15.326,-14.5572,-15.9274,-14.39,-15.1588,-15.7269,
05-01-2026-Fri 13-20-39-PM,-15.326,-14.5572,-16.0277,-14.39,-15.1588,-15.6935,
05-01-2026-Fri 13-20-41-PM,-15.326,-14.5572,-15.9609,-14.39,-15.1588,-15.6935,
05-01-2026-Fri 13-20-42-PM,-15.3593,-14.5572,-15.9609,-14.3231,-15.1922,-15.7269,
05-01-2026-Fri 13-20-43-PM,-15.3593,-14.5905,-15.9943,-14.39,-15.1922,-15.7603,
05-01-2026-Fri 13-20-45-PM,-15.3928,-14.5905,-15.9609,-14.39,-15.1922,-15.7603,
05-01-2026-Fri 13-20-46-PM,-15.3928,-14.5905,-15.9943,-14.39,-15.1922,-15.7603,
05-01-2026-Fri 13-20-48-PM,-15.259,-14.4568,-15.9943,-14.39,-15.2257,-15.7938,
05-01-2026-Fri 13-20-49-PM,-15.3928,-14.5237,-15.9943,-14.4233,-15.2257,-15.7938,
05-01-2026-Fri 13-20-50-PM,-15.259,-14.5237,-16.0277,-14.39,-15.259,-15.7938,
05-01-2026-Fri 13-20-52-PM,-15.3593,-14.4903,-15.9609,-14.39,-15.259,-15.7938,
05-01-2026-Fri 13-20-53-PM,-15.326,-14.5905,-15.9943,-14.39,-15.259,-15.7938,
05-01-2026-Fri 13-20-55-PM,-15.3593,-14.624,-15.9609,-14.39,-15.259,-15.8272,
05-01-2026-Fri 13-20-56-PM,-15.3928,-14.6574,-15.9609,-14.3565,-15.259,-15.8272,
05-01-2026-Fri 13-20-58-PM,-15.3928,-14.6574,-16.0277,-14.39,-15.2925,-15.7938,
05-01-2026-Fri 13-20-59-PM,-15.3928,-14.6574,-15.9943,-14.4568,-15.2925,-15.8272,
05-01-2026-Fri 13-21-00-PM,-15.4261,-14.6908,-15.9609,-14.4233,-15.2925,-15.8606,
05-01-2026-Fri 13-21-02-PM,-15.4261,-14.6908,-16.0277,-14.39,-15.2925,-15.8606,
05-01-2026-Fri 13-21-03-PM,-15.4261,-14.6574,-15.9943,-14.4233,-15.2925,-15.8941,
05-01-2026-Fri 13-21-05-PM,-15.4261,-14.6574,-15.9609,-14.4233,-15.326,-15.8606,
05-01-2026-Fri 13-21-06-PM,-15.4596,-14.6908,-15.9274,-14.4568,-15.3593,-15.8941,
05-01-2026-Fri 13-21-07-PM,-15.4261,-14.6908,-15.9943,-14.4233,-15.3593,-15.8941,
05-01-2026-Fri 13-21-09-PM,-15.4596,-14.6908,-16.0277,-14.39,-15.3593,-15.9274,
05-01-2026-Fri 13-21-12-PM,-15.4596,-14.6908,-15.9943,-14.4233,-15.3593,-15.8941,
05-01-2026-Fri 13-21-15-PM,-15.493,-14.7243,-15.9274,-14.4233,-15.3928,-15.9274,
05-01-2026-Fri 13-21-16-PM,-15.493,-14.7243,-15.9943,-14.4233,-15.3928,-15.9609,
05-01-2026-Fri 13-21-18-PM,-15.493,-14.7576,-15.9609,-14.4568,-15.3928,-15.9609,
05-01-2026-Fri 13-21-19-PM,-15.493,-14.7576,-15.9609,-14.4568,-15.4261,-15.9943,
05-01-2026-Fri 13-21-20-PM,-15.5265,-14.7576,-15.9943,-14.4568,-15.4261,-15.9609,
05-01-2026-Fri 13-21-22-PM,-15.5265,-14.7576,-15.9609,-14.4568,-15.4596,-15.9943,
05-01-2026-Fri 13-21-23-PM,-15.493,-14.7576,-15.9943,-14.4568,-15.4261,-16.0277,
05-01-2026-Fri 13-21-25-PM,-15.5265,-14.7911,-15.9609,-14.4568,-15.4596,-16.0277,
05-01-2026-Fri 13-21-26-PM,-15.5265,-14.7911,-15.9609,-14.4568,-15.4596,-16.0277,
05-01-2026-Fri 13-21-27-PM,-15.5599,-14.7911,-15.9609,-14.4233,-15.4596,-16.0611,
05-01-2026-Fri 13-21-29-PM,-15.5265,-14.7911,-15.9274,-14.4233,-15.493,-16.0611,
05-01-2026-Fri 13-21-30-PM,-15.5265,-14.8246,-15.9943,-14.4568,-15.493,-16.0611,
05-01-2026-Fri 13-21-32-PM,-15.5599,-14.8246,-15.9609,-14.4568,-15.493,-16.0611,
05-01-2026-Fri 13-21-33-PM,-15.5599,-14.7911,-15.9943,-14.4568,-15.493,-16.0611,
05-01-2026-Fri 13-21-34-PM,-15.5599,-14.8246,-15.9609,-14.4903,-15.493,-16.0945,
05-01-2026-Fri 13-21-36-PM,-15.5932,-14.8246,-15.9274,-14.4568,-15.5265,-16.0945,
05-01-2026-Fri 13-21-37-PM,-15.5599,-14.8246,-15.9274,-14.4568,-15.5265,-16.0945,
05-01-2026-Fri 13-21-39-PM,-15.5932,-14.8246,-15.9609,-14.4568,-15.5265,-16.1279,
05-01-2026-Fri 13-21-40-PM,-15.5932,-14.8246,-15.9609,-14.4903,-15.5599,-16.1279,
05-01-2026-Fri 13-21-41-PM,-15.5599,-14.8246,-15.9943,-14.4568,-15.5599,-16.1279,
05-01-2026-Fri 13-21-43-PM,-15.5932,-14.858,-15.8941,-14.4568,-15.5265,-16.1279,
05-01-2026-Fri 13-21-44-PM,-15.6267,-14.8246,-15.9943,-14.4568,-15.5599,-16.1614,
05-01-2026-Fri 13-21-46-PM,-15.6267,-14.858,-15.9609,-14.4233,-15.5932,-16.1614,
05-01-2026-Fri 13-21-47-PM,-15.5932,-14.858,-15.9274,-14.4568,-15.5932,-16.1614,
05-01-2026-Fri 13-21-48-PM,-15.6267,-14.858,-15.9609,-14.4903,-15.5932,-16.1614,
05-01-2026-Fri 13-21-50-PM,-15.6267,-14.8914,-15.9274,-14.4903,-15.5932,-16.1948,
05-01-2026-Fri 13-21-51-PM,-15.6267,-14.858,-15.9274,-14.4903,-15.5932,-16.1948,
05-01-2026-Fri 13-21-53-PM,-15.6267,-14.858,-15.9609,-14.5237,-15.6267,-16.2282,
05-01-2026-Fri 13-21-54-PM,-15.6267,-14.858,-15.9274,-14.4568,-15.6267,-16.2282,
05-01-2026-Fri 13-21-55-PM,-15.6602,-14.8914,-15.9609,-14.4903,-15.6602,-16.2282,
05-01-2026-Fri 13-21-57-PM,-15.6602,-14.8914,-15.9609,-14.4903,-15.6602,-16.2282,
05-01-2026-Fri 13-21-58-PM,-15.6602,-14.8914,-15.9274,-14.5572,-15.6602,-16.2615,
05-01-2026-Fri 13-21-59-PM,-15.6602,-14.8914,-15.9943,-14.4568,-15.6602,-16.2615,
05-01-2026-Fri 13-22-01-PM,-15.6602,-14.8914,-15.9274,-14.5237,-15.6602,-16.2615,
05-01-2026-Fri 13-22-02-PM,-15.6602,-14.9248,-15.9274,-14.4903,-15.6935,-16.2615,
05-01-2026-Fri 13-22-04-PM,-15.6602,-14.8914,-15.9274,-14.4903,-15.6935,-16.295,
05-01-2026-Fri 13-22-05-PM,-15.6935,-14.8914,-15.8941,-14.5237,-15.6935,-16.3285,
05-01-2026-Fri 13-22-06-PM,-15.6935,-14.8914,-15.9609,-14.4568,-15.6935,-16.295,
05-01-2026-Fri 13-22-08-PM,-15.6935,-14.9248,-15.9609,-14.5237,-15.7269,-16.295,
05-01-2026-Fri 13-22-09-PM,-15.6935,-14.8914,-15.9609,-14.5572,-15.6935,-16.3285,
05-01-2026-Fri 13-22-11-PM,-15.6935,-14.9248,-15.9274,-14.4903,-15.7269,-16.3285,
05-01-2026-Fri 13-22-12-PM,-15.7269,-14.8914,-15.9274,-14.4903,-15.7269,-16.3285,
05-01-2026-Fri 13-22-13-PM,-15.7269,-14.9248,-15.9274,-14.4903,-15.7603,-16.3618,
05-01-2026-Fri 13-22-15-PM,-15.7269,-14.9248,-15.9609,-14.4903,-15.7269,-16.3285,
05-01-2026-Fri 13-22-16-PM,-15.6935,-14.9248,-15.9609,-14.4903,-15.7603,-16.3618,
05-01-2026-Fri 13-22-18-PM,-15.7269,-14.9583,-15.9609,-14.4903,-15.7603,-16.3618,
05-01-2026-Fri 13-22-19-PM,-15.7269,-14.9248,-15.9274,-14.5237,-15.7603,-16.3952,
05-01-2026-Fri 13-22-20-PM,-15.7269,-14.9248,-15.9274,-14.5572,-15.7603,-16.3952,
05-01-2026-Fri 13-22-22-PM,-15.7269,-14.9248,-15.9274,-14.5237,-15.7938,-16.3952,
05-01-2026-Fri 13-22-23-PM,-15.7603,-14.9583,-15.9609,-14.5237,-15.7938,-16.4286,
05-01-2026-Fri 13-22-25-PM,-15.7603,-14.9583,-15.9274,-14.5237,-15.8272,-16.4286,
05-01-2026-Fri 13-22-26-PM,-15.7269,-14.9583,-15.9274,-14.5572,-15.8272,-16.4286,
05-01-2026-Fri 13-22-27-PM,-15.7269,-14.9583,-15.9609,-14.5572,-15.8272,-16.3952,
05-01-2026-Fri 13-22-29-PM,-15.7603,-14.9583,-15.9609,-14.5237,-15.8272,-16.4286,
05-01-2026-Fri 13-22-30-PM,-15.7603,-14.9583,-15.9609,-14.5237,-15.8272,-16.4621,
05-01-2026-Fri 13-22-31-PM,-15.7938,-14.9917,-15.9609,-14.5905,-15.8606,-16.4286,
05-01-2026-Fri 13-22-33-PM,-15.7603,-14.9583,-15.9609,-14.5237,-15.8606,-16.4621,
05-01-2026-Fri 13-22-34-PM,-15.7603,-14.9583,-15.9274,-14.5572,-15.8606,-16.4621,
05-01-2026-Fri 13-22-36-PM,-15.7938,-14.9917,-15.9609,-14.5572,-15.8606,-16.4955,
05-01-2026-Fri 13-22-38-PM,-15.7938,-14.9583,-15.9274,-14.5572,-15.8606,-16.4955,
05-01-2026-Fri 13-22-39-PM,-15.7603,-14.9917,-15.9274,-14.5572,-15.8941,-16.4955,
05-01-2026-Fri 13-22-40-PM,-15.7938,-14.9917,-15.9609,-14.5237,-15.8941,-16.4955,
05-01-2026-Fri 13-22-42-PM,-15.7938,-14.9917,-15.9609,-14.5237,-15.8941,-16.4955,
05-01-2026-Fri 13-22-43-PM,-15.7938,-15.0251,-15.9943,-14.5572,-15.8941,-16.4955,
05-01-2026-Fri 13-22-45-PM,-15.7938,-14.9917,-15.9943,-14.5237,-15.8941,-16.5289,
05-01-2026-Fri 13-22-46-PM,-15.7938,-14.9917,-15.9274,-14.5572,-15.9274,-16.5289,
05-01-2026-Fri 13-22-47-PM,-15.8272,-14.9917,-15.9943,-14.5905,-15.9274,-16.5289,
05-01-2026-Fri 13-22-49-PM,-15.8272,-15.0251,-15.9609,-14.5905,-15.9274,-16.5623,
05-01-2026-Fri 13-22-50-PM,-15.8272,-14.9917,-15.9609,-14.5905,-15.9274,-16.5623,
05-01-2026-Fri 13-22-51-PM,-15.8272,-14.9917,-15.9609,-14.5237,-15.9274,-16.5623,
05-01-2026-Fri 13-22-53-PM,-15.5599,-14.858,-15.9609,-14.5905,-15.9274,-16.5289,
05-01-2026-Fri 13-22-54-PM,-15.8941,-15.0251,-15.9609,-14.5237,-15.9609,-16.5623,
05-01-2026-Fri 13-22-56-PM,-15.6602,-14.8246,-15.9943,-14.5572,-15.9609,-16.5956,
05-01-2026-Fri 13-22-57-PM,-15.6935,-14.8246,-15.9609,-14.5237,-15.9274,-16.5956,
05-01-2026-Fri 13-22-59-PM,-15.6935,-14.9248,-15.9609,-14.5572,-15.9943,-16.5956,
05-01-2026-Fri 13-23-00-PM,-15.8272,-15.0251,-15.9274,-14.5905,-15.9609,-16.5623,
05-01-2026-Fri 13-23-02-PM,-15.8272,-15.0251,-15.9274,-14.5905,-15.9943,-16.5956,
05-01-2026-Fri 13-23-03-PM,-15.8606,-15.0251,-15.9274,-14.5905,-15.9943,-16.5956,
05-01-2026-Fri 13-23-04-PM,-15.8606,-15.0585,-15.9943,-14.5905,-16.0277,-16.6291,
05-01-2026-Fri 13-23-06-PM,-15.8606,-15.0585,-15.9609,-14.5905,-16.0277,-16.6291,
05-01-2026-Fri 13-23-07-PM,-15.8941,-15.0251,-15.9943,-14.5905,-16.0277,-16.6291,
05-01-2026-Fri 13-23-09-PM,-15.8606,-15.0251,-15.9943,-14.5905,-16.0277,-16.6291,
05-01-2026-Fri 13-23-10-PM,-15.8941,-15.0585,-15.9943,-14.5905,-16.0277,-16.6291,
05-01-2026-Fri 13-23-11-PM,-15.8941,-15.0585,-15.9609,-14.5905,-16.0277,-16.6625,
05-01-2026-Fri 13-23-13-PM,-15.8606,-15.0251,-16.0277,-14.5905,-16.0611,-16.6625,
05-01-2026-Fri 13-23-14-PM,-15.8606,-15.0585,-15.9943,-14.5572,-16.0611,-16.6625,
05-01-2026-Fri 13-23-15-PM,-15.8941,-15.0585,-16.0277,-14.5905,-16.0611,-16.6625,
05-01-2026-Fri 13-23-17-PM,-15.8941,-15.0585,-15.9609,-14.5905,-16.0611,-16.6625,
05-01-2026-Fri 13-23-18-PM,-15.8941,-15.0585,-16.0277,-14.5905,-16.0611,-16.696,
05-01-2026-Fri 13-23-21-PM,-15.8941,-15.0585,-16.0277,-14.6574,-16.0945,-16.696,
05-01-2026-Fri 13-23-24-PM,-15.8941,-15.0919,-16.0277,-14.5905,-16.0945,-16.7293,
05-01-2026-Fri 13-23-25-PM,-15.9274,-15.0585,-16.0277,-14.624,-16.1279,-16.7293,
05-01-2026-Fri 13-23-27-PM,-15.9274,-15.0585,-16.0611,-14.6574,-16.1279,-16.7293,
05-01-2026-Fri 13-23-29-PM,-15.8941,-15.0919,-16.0611,-14.624,-16.1279,-16.7293,
05-01-2026-Fri 13-23-30-PM,-15.9274,-15.0585,-16.0277,-14.624,-16.1279,-16.7293,
05-01-2026-Fri 13-23-31-PM,-15.8941,-15.0585,-16.0611,-14.624,-16.1279,-16.7293,
05-01-2026-Fri 13-23-33-PM,-15.9274,-15.0585,-16.0945,-14.624,-16.1279,-16.7627,
05-01-2026-Fri 13-23-34-PM,-15.9274,-15.0919,-16.0277,-14.5905,-16.1614,-16.7293,
05-01-2026-Fri 13-23-36-PM,-15.9274,-15.0585,-15.9943,-14.624,-16.1614,-16.7627,
05-01-2026-Fri 13-23-37-PM,-15.9609,-15.0919,-16.0277,-14.6574,-16.1614,-16.7293,
05-01-2026-Fri 13-23-38-PM,-15.9274,-15.0919,-16.0611,-14.624,-16.1614,-16.7627,
05-01-2026-Fri 13-23-40-PM,-15.9274,-15.0919,-16.0945,-14.624,-16.1948,-16.7961,
05-01-2026-Fri 13-23-41-PM,-15.9609,-15.0919,-16.0277,-14.5905,-16.1948,-16.7627,
05-01-2026-Fri 13-23-43-PM,-15.9609,-15.0919,-16.0611,-14.6574,-16.2282,-16.7961,
05-01-2026-Fri 13-23-44-PM,-15.9609,-15.0919,-16.0277,-14.624,-16.1948,-16.7627,
05-01-2026-Fri 13-23-46-PM,-15.9274,-15.0919,-16.0945,-14.6574,-16.2282,-16.7961,
05-01-2026-Fri 13-23-47-PM,-15.9609,-15.0919,-16.0945,-14.6574,-16.1948,-16.7961,
05-01-2026-Fri 13-23-48-PM,-15.9609,-15.1254,-16.0611,-14.6574,-16.2282,-16.7961,
05-01-2026-Fri 13-23-50-PM,-15.9609,-15.0919,-16.0611,-14.624,-16.2282,-16.8296,
05-01-2026-Fri 13-23-51-PM,-15.9609,-15.0585,-16.0945,-14.6574,-16.1948,-16.8296,
05-01-2026-Fri 13-23-52-PM,-15.9609,-15.0919,-16.0945,-14.624,-16.2282,-16.8296,
05-01-2026-Fri 13-23-54-PM,-15.9609,-15.0585,-16.0277,-14.6574,-16.2282,-16.863,
05-01-2026-Fri 13-23-56-PM,-15.9609,-15.0919,-16.0611,-14.6574,-16.2615,-16.8296,
05-01-2026-Fri 13-23-57-PM,-15.9609,-15.0919,-16.0945,-14.624,-16.2615,-16.8296,
05-01-2026-Fri 13-23-59-PM,-15.9609,-15.0919,-16.0611,-14.6574,-16.2282,-16.863,
05-01-2026-Fri 13-24-00-PM,-15.9943,-15.0919,-16.0611,-14.6574,-16.2615,-16.863,
05-01-2026-Fri 13-24-01-PM,-15.9609,-15.0919,-16.0277,-14.624,-16.2615,-16.8964,
05-01-2026-Fri 13-24-03-PM,-15.9943,-15.1254,-16.0945,-14.624,-16.295,-16.863,
05-01-2026-Fri 13-24-04-PM,-15.9943,-15.0919,-16.0945,-14.7243,-16.295,-16.8964,
05-01-2026-Fri 13-24-06-PM,-15.9943,-15.1254,-16.1279,-14.624,-16.295,-16.8964,
05-01-2026-Fri 13-24-07-PM,-15.9609,-15.1254,-16.0611,-14.6908,-16.3285,-16.8964,
05-01-2026-Fri 13-24-08-PM,-15.9943,-15.0585,-16.0945,-14.6574,-16.3285,-16.8964,
05-01-2026-Fri 13-24-10-PM,-15.9943,-15.0919,-16.1279,-14.6574,-16.3285,-16.863,
05-01-2026-Fri 13-24-11-PM,-15.9943,-15.0919,-16.1279,-14.7243,-16.295,-16.9297,
05-01-2026-Fri 13-24-13-PM,-15.9609,-15.0919,-16.1279,-14.6574,-16.3285,-16.9297,
05-01-2026-Fri 13-24-14-PM,-15.9609,-15.1254,-16.1279,-14.6908,-16.3285,-16.9297,
05-01-2026-Fri 13-24-16-PM,-15.9943,-15.1254,-16.0945,-14.6908,-16.3285,-16.9297,
05-01-2026-Fri 13-24-17-PM,-15.9943,-15.0919,-16.1279,-14.6908,-16.3618,-16.8964,
05-01-2026-Fri 13-24-19-PM,-15.9943,-15.0919,-16.1279,-14.6574,-16.3618,-16.9297,
05-01-2026-Fri 13-24-20-PM,-15.9943,-15.1254,-16.0945,-14.7243,-16.3618,-16.9297,
05-01-2026-Fri 13-24-21-PM,-15.9943,-15.1254,-16.0945,-14.6908,-16.3952,-16.9297,
05-01-2026-Fri 13-24-23-PM,-16.0277,-15.1254,-16.1614,-14.6908,-16.3618,-16.9632,
05-01-2026-Fri 13-24-24-PM,-16.0277,-15.1254,-16.1948,-14.6908,-16.3952,-16.9966,
05-01-2026-Fri 13-24-26-PM,-15.9943,-15.1254,-16.1614,-14.6908,-16.3952,-16.9297,
05-01-2026-Fri 13-24-27-PM,-15.9943,-15.0919,-16.1279,-14.6908,-16.3952,-16.9966,
05-01-2026-Fri 13-24-29-PM,-15.9943,-15.0919,-16.1614,-14.6908,-16.3952,-16.9966,
05-01-2026-Fri 13-24-30-PM,-16.0277,-15.0919,-16.1614,-14.6574,-16.4286,-16.9966,
05-01-2026-Fri 13-24-31-PM,-15.9943,-15.0919,-16.1614,-14.6908,-16.3952,-16.9966,
05-01-2026-Fri 13-24-33-PM,-16.0277,-15.1254,-16.1614,-14.6908,-16.3952,-17.03,
05-01-2026-Fri 13-24-34-PM,-16.0277,-15.0919,-16.1614,-14.7243,-16.4286,-17.03,
05-01-2026-Fri 13-24-36-PM,-16.0277,-15.1254,-16.1614,-14.7243,-16.4286,-16.9966,
05-01-2026-Fri 13-24-37-PM,-16.0611,-15.1254,-16.2282,-14.7243,-16.4286,-16.9966,
05-01-2026-Fri 13-24-38-PM,-16.0611,-15.0919,-16.1614,-14.7243,-16.4621,-16.9966,
05-01-2026-Fri 13-24-40-PM,-16.0277,-15.0919,-16.1948,-14.6908,-16.4621,-17.03,
05-01-2026-Fri 13-24-41-PM,-16.0277,-15.0919,-16.1948,-14.7243,-16.4955,-16.9966,
05-01-2026-Fri 13-24-43-PM,-16.0277,-15.0919,-16.2282,-14.7243,-16.4621,-17.03,
05-01-2026-Fri 13-24-44-PM,-16.0277,-15.0919,-16.1614,-14.6908,-16.4621,-17.0634,
05-01-2026-Fri 13-24-45-PM,-16.0611,-15.1254,-16.1948,-14.7243,-16.4955,-17.03,
05-01-2026-Fri 13-24-47-PM,-16.0277,-15.0919,-16.1614,-14.7243,-16.4955,-17.0634,
05-01-2026-Fri 13-24-48-PM,-16.0611,-15.1254,-16.1948,-14.7243,-16.4955,-17.0634,
05-01-2026-Fri 13-24-50-PM,-16.0611,-15.1254,-16.2615,-14.7576,-16.5289,-17.0634,
05-01-2026-Fri 13-24-51-PM,-16.0611,-15.1254,-16.1948,-14.7243,-16.5289,-17.0634,
05-01-2026-Fri 13-24-52-PM,-16.0611,-15.1254,-16.1614,-14.7243,-16.4955,-17.0634,
05-01-2026-Fri 13-24-54-PM,-16.0277,-15.1254,-16.1948,-14.7243,-16.5289,-17.0967,
05-01-2026-Fri 13-24-55-PM,-16.0611,-15.1254,-16.1948,-14.7576,-16.5289,-17.0967,
05-01-2026-Fri 13-24-57-PM,-16.0611,-15.0919,-16.2615,-14.7576,-16.5289,-17.0967,
05-01-2026-Fri 13-24-58-PM,-16.0611,-15.0919,-16.1948,-14.7243,-16.5623,-17.0967,
05-01-2026-Fri 13-24-59-PM,-16.0945,-15.1254,-16.2282,-14.7243,-16.5289,-17.0967,
05-01-2026-Fri 13-25-01-PM,-16.0277,-15.1254,-16.295,-14.7576,-16.5289,-17.1302,
05-01-2026-Fri 13-25-02-PM,-16.0611,-15.0919,-16.1948,-14.7576,-16.5956,-17.1302,
05-01-2026-Fri 13-25-03-PM,-16.0945,-15.0919,-16.1948,-14.7911,-16.5623,-17.0967,
05-01-2026-Fri 13-25-05-PM,-16.0277,-15.1254,-16.2282,-14.7576,-16.5623,-17.0967,
05-01-2026-Fri 13-25-06-PM,-16.0611,-15.1254,-16.2615,-14.7576,-16.5956,-17.0967,
05-01-2026-Fri 13-25-08-PM,-16.0611,-15.1254,-16.2282,-14.7576,-16.5623,-17.0967,
05-01-2026-Fri 13-25-09-PM,-16.0611,-15.0919,-16.2615,-14.7243,-16.5956,-17.1302,
05-01-2026-Fri 13-25-10-PM,-16.0611,-15.0919,-16.2615,-14.7243,-16.5956,-17.1302,
05-01-2026-Fri 13-25-12-PM,-16.0945,-15.0919,-16.2282,-14.7576,-16.5623,-17.1636,
05-01-2026-Fri 13-25-13-PM,-16.0611,-15.0919,-16.2282,-14.7576,-16.5956,-17.1302,
05-01-2026-Fri 13-25-15-PM,-16.0611,-15.0919,-16.2615,-14.7243,-16.5956,-17.1302,
05-01-2026-Fri 13-25-16-PM,-16.0611,-15.1254,-16.2282,-14.7911,-16.5956,-17.1636,
05-01-2026-Fri 13-25-17-PM,-16.0611,-15.0919,-16.2615,-14.7243,-16.5956,-17.1636,
05-01-2026-Fri 13-25-19-PM,-16.0611,-15.0919,-16.3618,-14.7576,-16.6291,-17.1636,
05-01-2026-Fri 13-25-20-PM,-16.0611,-15.1254,-16.295,-14.8246,-16.6291,-17.1636,
05-01-2026-Fri 13-25-22-PM,-16.0611,-15.0919,-16.3285,-14.7911,-16.6291,-17.1636,
05-01-2026-Fri 13-25-23-PM,-16.0945,-15.0919,-16.2615,-14.7911,-16.6291,-17.1636,
05-01-2026-Fri 13-25-24-PM,-16.0611,-15.1254,-16.295,-14.8246,-16.6291,-17.197,
05-01-2026-Fri 13-25-26-PM,-16.0945,-15.0919,-16.295,-14.7576,-16.6625,-17.197,
05-01-2026-Fri 13-25-27-PM,-16.0945,-15.0919,-16.3285,-14.7576,-16.6625,-17.197,
05-01-2026-Fri 13-25-28-PM,-16.0945,-15.0919,-16.295,-14.7911,-16.6291,-17.1636,
05-01-2026-Fri 13-25-30-PM,-16.0945,-15.1254,-16.295,-14.7911,-16.6625,-17.197,
05-01-2026-Fri 13-25-32-PM,-16.0945,-15.1254,-16.3285,-14.8246,-16.6625,-17.197,
05-01-2026-Fri 13-25-33-PM,-16.0945,-15.1254,-16.295,-14.7911,-16.696,-17.197,
05-01-2026-Fri 13-25-35-PM,-16.0945,-15.1254,-16.295,-14.7911,-16.696,-17.197,
05-01-2026-Fri 13-25-36-PM,-16.0945,-15.0919,-16.3285,-14.8246,-16.696,-17.197,
05-01-2026-Fri 13-25-37-PM,-16.0945,-15.1254,-16.3285,-14.7576,-16.696,-17.2304,
05-01-2026-Fri 13-25-39-PM,-16.0945,-15.0919,-16.3285,-14.7911,-16.696,-17.1636,
05-01-2026-Fri 13-25-40-PM,-16.0945,-15.0919,-16.295,-14.7911,-16.7293,-17.2304,
05-01-2026-Fri 13-25-42-PM,-16.0945,-15.0919,-16.295,-14.7911,-16.7293,-17.2304,
05-01-2026-Fri 13-25-43-PM,-16.0945,-15.0919,-16.3285,-14.7911,-16.7293,-17.197,
05-01-2026-Fri 13-25-44-PM,-16.0945,-15.1254,-16.3285,-14.8246,-16.7293,-17.2304,
05-01-2026-Fri 13-25-46-PM,-16.0945,-15.1254,-16.3618,-14.7911,-16.7293,-17.197,
05-01-2026-Fri 13-25-47-PM,-16.0945,-15.1254,-16.3618,-14.7911,-16.7627,-17.2304,
05-01-2026-Fri 13-25-49-PM,-16.0945,-15.1254,-16.3618,-14.8246,-16.7293,-17.2304,
05-01-2026-Fri 13-25-50-PM,-16.0945,-15.1254,-16.3618,-14.8246,-16.7627,-17.2304,
05-01-2026-Fri 13-25-52-PM,-16.0945,-15.1254,-16.3618,-14.7911,-16.7627,-17.2304,
05-01-2026-Fri 13-25-53-PM,-16.0945,-15.1254,-16.3618,-14.8246,-16.7627,-17.2304,
05-01-2026-Fri 13-25-54-PM,-16.0945,-15.1254,-16.3952,-14.858,-16.7293,-17.2637,
05-01-2026-Fri 13-25-56-PM,-16.0945,-15.1254,-16.3618,-14.8246,-16.7627,-17.2637,
05-01-2026-Fri 13-25-57-PM,-16.1279,-15.1254,-16.3952,-14.7911,-16.7627,-17.2637,
05-01-2026-Fri 13-25-59-PM,-16.0945,-15.1254,-16.3285,-14.858,-16.7961,-17.2637,
05-01-2026-Fri 13-26-00-PM,-16.1279,-15.1254,-16.3952,-14.858,-16.7961,-17.2637,
05-01-2026-Fri 13-26-01-PM,-16.1279,-15.1254,-16.3618,-14.8246,-16.7961,-17.2637,
05-01-2026-Fri 13-26-03-PM,-16.0945,-15.1254,-16.4286,-14.858,-16.7961,-17.2637,
05-01-2026-Fri 13-26-04-PM,-16.1279,-15.1254,-16.3952,-14.8246,-16.7961,-17.2972,
05-01-2026-Fri 13-26-06-PM,-16.0945,-15.1254,-16.3952,-14.858,-16.7961,-17.2637,
05-01-2026-Fri 13-26-07-PM,-16.1279,-15.1254,-16.3952,-14.8246,-16.7961,-17.2637,
05-01-2026-Fri 13-26-08-PM,-16.0945,-15.1254,-16.3952,-14.858,-16.8296,-17.2637,
05-01-2026-Fri 13-26-10-PM,-16.1279,-15.1254,-16.4286,-14.8246,-16.8296,-17.2637,
05-01-2026-Fri 13-26-11-PM,-16.1279,-15.1254,-16.3952,-14.8246,-16.863,-17.2637,
05-01-2026-Fri 13-26-12-PM,-16.0945,-15.1254,-16.4286,-14.858,-16.7961,-17.2637,
05-01-2026-Fri 13-26-14-PM,-16.1279,-15.1588,-16.4286,-14.858,-16.863,-17.2637,
05-01-2026-Fri 13-26-15-PM,-16.1279,-15.1254,-16.3952,-14.858,-16.863,-17.2637,
05-01-2026-Fri 13-26-17-PM,-16.1279,-15.1254,-16.3952,-14.858,-16.8296,-17.2637,
05-01-2026-Fri 13-26-18-PM,-16.0945,-15.1588,-16.4286,-14.858,-16.863,-17.2972,
05-01-2026-Fri 13-26-19-PM,-16.1279,-15.1254,-16.4621,-14.858,-16.863,-17.3306,
05-01-2026-Fri 13-26-21-PM,-16.1279,-15.1254,-16.3952,-14.858,-16.863,-17.2972,
05-01-2026-Fri 13-26-22-PM,-16.1279,-15.1254,-16.3952,-14.8914,-16.863,-17.2972,
05-01-2026-Fri 13-26-24-PM,-16.1279,-15.1254,-16.4286,-14.858,-16.863,-17.2972,
05-01-2026-Fri 13-26-25-PM,-16.1614,-15.1588,-16.4621,-14.858,-16.863,-17.2972,
05-01-2026-Fri 13-26-27-PM,-16.1279,-15.1254,-16.4621,-14.858,-16.8964,-17.2972,
05-01-2026-Fri 13-26-28-PM,-16.1614,-15.1588,-16.4621,-14.8914,-16.8964,-17.2972,
05-01-2026-Fri 13-26-29-PM,-16.1279,-15.1588,-16.4955,-14.8914,-16.863,-17.2972,
05-01-2026-Fri 13-26-31-PM,-16.1279,-15.1588,-16.4621,-14.858,-16.8964,-17.2972,
05-01-2026-Fri 13-26-32-PM,-16.1279,-15.1588,-16.4621,-14.8914,-16.9297,-17.2972,
05-01-2026-Fri 13-26-34-PM,-16.1614,-15.1588,-16.4621,-14.858,-16.9297,-17.2972,
05-01-2026-Fri 13-26-35-PM,-16.1614,-15.1588,-16.4286,-14.9248,-16.9297,-17.3306,
05-01-2026-Fri 13-26-36-PM,-16.1279,-15.1588,-16.4286,-14.858,-16.9297,-17.3306,
05-01-2026-Fri 13-26-38-PM,-16.1614,-15.1254,-16.4621,-14.8914,-16.9297,-17.3306,
05-01-2026-Fri 13-26-39-PM,-16.1614,-15.1588,-16.4621,-14.8914,-16.9297,-17.2972,
05-01-2026-Fri 13-26-41-PM,-16.1614,-15.1588,-16.4621,-14.9248,-16.9297,-17.3306,
05-01-2026-Fri 13-26-42-PM,-16.1614,-15.1588,-16.4955,-14.9248,-16.9297,-17.3306,
05-01-2026-Fri 13-26-43-PM,-16.1614,-15.1588,-16.4621,-14.9248,-16.9632,-17.3306,
05-01-2026-Fri 13-26-45-PM,-16.1614,-15.1922,-16.5289,-14.9583,-16.9632,-17.3306,
05-01-2026-Fri 13-26-46-PM,-16.1614,-15.1588,-16.4621,-14.9248,-16.9632,-17.2972,
05-01-2026-Fri 13-26-47-PM,-16.1614,-15.1588,-16.4955,-14.858,-16.9632,-17.3306,
05-01-2026-Fri 13-26-49-PM,-16.1279,-15.1588,-16.4955,-14.9248,-16.9632,-17.3306,
05-01-2026-Fri 13-26-50-PM,-16.1614,-15.1922,-16.5289,-14.8914,-16.9632,-17.3306,
05-01-2026-Fri 13-26-52-PM,-16.1614,-15.1588,-16.5289,-14.8914,-16.9632,-17.3306,
05-01-2026-Fri 13-26-53-PM,-16.1614,-15.1922,-16.5289,-14.8914,-16.9966,-17.3306,
05-01-2026-Fri 13-26-55-PM,-16.1614,-15.1922,-16.5289,-14.858,-16.9632,-17.3306,
05-01-2026-Fri 13-26-56-PM,-16.1614,-15.1922,-16.4955,-14.9248,-16.9966,-17.3306,
05-01-2026-Fri 13-26-58-PM,-16.1948,-15.1588,-16.5289,-14.8914,-16.9966,-17.364,
05-01-2026-Fri 13-26-59-PM,-16.1614,-15.1922,-16.4955,-14.9248,-16.9966,-17.3306,
05-01-2026-Fri 13-27-00-PM,-16.1614,-15.1922,-16.5623,-14.9248,-16.9966,-17.3306,
05-01-2026-Fri 13-27-02-PM,-16.1614,-15.1588,-16.5623,-14.9248,-17.03,-17.364,
05-01-2026-Fri 13-27-03-PM,-16.1614,-15.1588,-16.5623,-14.9248,-16.9966,-17.364,
05-01-2026-Fri 13-27-05-PM,-16.1614,-15.1922,-16.5289,-14.9248,-16.9966,-17.364,
05-01-2026-Fri 13-27-06-PM,-16.1614,-15.1922,-16.5956,-14.9248,-17.0634,-17.364,
05-01-2026-Fri 13-27-07-PM,-16.1614,-15.1922,-16.5623,-14.9248,-17.03,-17.3306,
05-01-2026-Fri 13-27-09-PM,-16.1614,-15.1922,-16.5289,-14.9248,-17.0634,-17.364,
05-01-2026-Fri 13-27-10-PM,-16.1948,-15.1922,-16.5623,-14.9248,-17.03,-17.3306,
05-01-2026-Fri 13-27-12-PM,-16.1614,-15.1922,-16.5289,-14.9583,-17.0634,-17.364,
05-01-2026-Fri 13-27-13-PM,-16.1948,-15.1922,-16.5289,-14.8914,-17.0634,-17.364,
05-01-2026-Fri 13-27-14-PM,-16.1948,-15.1922,-16.5956,-14.9583,-17.03,-17.364,
05-01-2026-Fri 13-27-16-PM,-16.1948,-15.1922,-16.5956,-14.9583,-17.0634,-17.364,
05-01-2026-Fri 13-27-17-PM,-16.1948,-15.1922,-16.5956,-14.9583,-17.0634,-17.364,
05-01-2026-Fri 13-27-19-PM,-16.1948,-15.1922,-16.5956,-14.9583,-17.0634,-17.364,
05-01-2026-Fri 13-27-20-PM,-16.1948,-15.2257,-16.6291,-14.9583,-17.0634,-17.364,
05-01-2026-Fri 13-27-21-PM,-16.1614,-15.1922,-16.5623,-14.9583,-17.0967,-17.364,
05-01-2026-Fri 13-27-23-PM,-16.1948,-15.1922,-16.5956,-14.9917,-17.0634,-17.364,
05-01-2026-Fri 13-27-24-PM,-16.1948,-15.2257,-16.5956,-14.9583,-17.0967,-17.364,
05-01-2026-Fri 13-27-25-PM,-16.1614,-15.1922,-16.6291,-14.9248,-17.0967,-17.3974,
05-01-2026-Fri 13-27-27-PM,-16.2282,-15.2257,-16.5956,-14.9917,-17.0967,-17.3974,
05-01-2026-Fri 13-27-28-PM,-16.1948,-15.2257,-16.5956,-14.9583,-17.0967,-17.364,
05-01-2026-Fri 13-27-30-PM,-16.1948,-15.2257,-16.6291,-14.9917,-17.0967,-17.3974,
05-01-2026-Fri 13-27-31-PM,-16.1948,-15.2257,-16.6291,-14.9583,-17.1302,-17.364,
05-01-2026-Fri 13-27-33-PM,-16.2282,-15.2257,-16.5956,-14.9917,-17.0967,-17.3974,
05-01-2026-Fri 13-27-34-PM,-16.1948,-15.259,-16.6625,-14.9583,-17.0967,-17.3974,
05-01-2026-Fri 13-27-36-PM,-16.1948,-15.1922,-16.6291,-14.9583,-17.0967,-17.3974,
05-01-2026-Fri 13-27-37-PM,-16.1948,-15.2257,-16.6291,-14.9917,-17.1302,-17.364,
05-01-2026-Fri 13-27-38-PM,-16.1948,-15.2257,-16.6625,-14.9917,-17.1302,-17.364,
05-01-2026-Fri 13-27-40-PM,-16.1948,-15.259,-16.5956,-14.9583,-17.1302,-17.364,
05-01-2026-Fri 13-27-41-PM,-16.1948,-15.2257,-16.6625,-14.9248,-17.1636,-17.364,
05-01-2026-Fri 13-27-43-PM,-16.2282,-15.259,-16.6291,-14.9583,-17.1302,-17.3974,
05-01-2026-Fri 13-27-44-PM,-16.2282,-15.2257,-16.6625,-14.9917,-17.1636,-17.3974,
05-01-2026-Fri 13-27-45-PM,-16.2282,-15.259,-16.6625,-14.9583,-17.1636,-17.3974,
05-01-2026-Fri 13-27-47-PM,-16.1948,-15.259,-16.6625,-15.0251,-17.1636,-17.364,
05-01-2026-Fri 13-27-48-PM,-16.1948,-15.259,-16.696,-15.0251,-17.1636,-17.3974,
05-01-2026-Fri 13-27-49-PM,-16.1614,-15.1922,-16.6625,-14.9583,-17.1636,-17.3974,
05-01-2026-Fri 13-27-51-PM,-16.1948,-15.1254,-16.696,-14.9917,-17.197,-17.3974,
05-01-2026-Fri 13-27-52-PM,-15.9609,-15.0251,-16.6291,-15.0251,-17.1636,-17.3974,
05-01-2026-Fri 13-27-54-PM,-16.1614,-15.1254,-16.6291,-14.9917,-17.197,-17.3974,
05-01-2026-Fri 13-27-55-PM,-16.1614,-15.259,-16.696,-14.9917,-17.197,-17.3974,
05-01-2026-Fri 13-27-56-PM,-16.1948,-15.259,-16.6291,-15.0251,-17.1636,-17.3974,
05-01-2026-Fri 13-27-58-PM,-16.2282,-15.2925,-16.696,-14.9917,-17.197,-17.3974,
05-01-2026-Fri 13-27-59-PM,-16.2282,-15.259,-16.696,-14.9917,-17.197,-17.3974,
05-01-2026-Fri 13-28-01-PM,-16.2282,-15.2925,-16.6625,-14.9917,-17.197,-17.364,
05-01-2026-Fri 13-28-03-PM,-16.2282,-15.259,-16.696,-15.0251,-17.197,-17.364,
05-01-2026-Fri 13-28-06-PM,-16.1948,-15.259,-16.696,-15.0251,-17.2304,-17.3974,
05-01-2026-Fri 13-28-08-PM,-16.2615,-15.259,-16.696,-14.9917,-17.197,-17.3974,
05-01-2026-Fri 13-28-10-PM,-16.2615,-15.259,-16.7293,-14.9917,-17.197,-17.3974,
05-01-2026-Fri 13-28-11-PM,-16.2282,-15.259,-16.696,-15.0251,-17.2304,-17.3974,
05-01-2026-Fri 13-28-12-PM,-16.2615,-15.259,-16.6625,-15.0585,-17.2304,-17.3974,
05-01-2026-Fri 13-28-14-PM,-16.2282,-15.2925,-16.7293,-15.0251,-17.2304,-17.4307,
05-01-2026-Fri 13-28-15-PM,-16.2615,-15.2925,-16.6625,-15.0251,-17.2304,-17.3974,
05-01-2026-Fri 13-28-17-PM,-16.2282,-15.259,-16.696,-15.0251,-17.2637,-17.3974,
05-01-2026-Fri 13-28-18-PM,-16.2282,-15.2925,-16.7627,-15.0251,-17.2304,-17.3974,
05-01-2026-Fri 13-28-19-PM,-16.2615,-15.2925,-16.7293,-15.0585,-17.2637,-17.3974,
05-01-2026-Fri 13-28-21-PM,-16.2282,-15.2925,-16.7293,-15.0585,-17.2637,-17.3974,
05-01-2026-Fri 13-28-22-PM,-16.2615,-15.2925,-16.696,-15.0585,-17.2304,-17.3974,
05-01-2026-Fri 13-28-23-PM,-16.2615,-15.2925,-16.7627,-15.0585,-17.2304,-17.3974,
05-01-2026-Fri 13-28-25-PM,-16.2615,-15.2925,-16.7293,-15.0251,-17.2304,-17.3974,
05-01-2026-Fri 13-28-26-PM,-16.2615,-15.326,-16.7627,-15.0251,-17.2637,-17.3974,
05-01-2026-Fri 13-28-28-PM,-16.2615,-15.2925,-16.7293,-15.0585,-17.2637,-17.3974,
05-01-2026-Fri 13-28-29-PM,-16.2615,-15.2925,-16.7627,-15.0585,-17.2637,-17.4307,
05-01-2026-Fri 13-28-30-PM,-16.2615,-15.326,-16.7627,-15.0585,-17.2637,-17.3974,
05-01-2026-Fri 13-28-32-PM,-16.2282,-15.2925,-16.7293,-14.9917,-17.2637,-17.3974,
05-01-2026-Fri 13-28-33-PM,-16.2282,-15.326,-16.7627,-15.0585,-17.2637,-17.3974,
05-01-2026-Fri 13-28-35-PM,-16.2282,-15.326,-16.7627,-15.0585,-17.2637,-17.3974,
05-01-2026-Fri 13-28-36-PM,-16.295,-15.2925,-16.7293,-15.0585,-17.2637,-17.3974,
05-01-2026-Fri 13-28-37-PM,-16.2615,-15.326,-16.7627,-15.0585,-17.2972,-17.3974,
05-01-2026-Fri 13-28-39-PM,-16.2615,-15.326,-16.8296,-15.0919,-17.2972,-17.3974,
05-01-2026-Fri 13-28-40-PM,-16.295,-15.326,-16.7961,-15.0585,-17.2637,-17.4307,
05-01-2026-Fri 13-28-41-PM,-16.295,-15.326,-16.7961,-15.0919,-17.2972,-17.3974,
05-01-2026-Fri 13-28-43-PM,-16.2615,-15.3593,-16.7961,-15.0251,-17.2972,-17.4307,
05-01-2026-Fri 13-28-45-PM,-16.295,-15.326,-16.7961,-15.0919,-17.2972,-17.3974,
05-01-2026-Fri 13-28-46-PM,-16.295,-15.326,-16.7961,-15.0251,-17.2972,-17.3974,
05-01-2026-Fri 13-28-48-PM,-16.295,-15.326,-16.7627,-15.0585,-17.2972,-17.4307,
05-01-2026-Fri 13-28-49-PM,-16.295,-15.3593,-16.7961,-15.0919,-17.2972,-17.4307,
05-01-2026-Fri 13-28-50-PM,-16.295,-15.3593,-16.8296,-15.1588,-17.2972,-17.3974,
05-01-2026-Fri 13-28-52-PM,-16.3285,-15.3928,-16.8296,-15.1922,-17.2972,-17.4307,
05-01-2026-Fri 13-28-53-PM,-16.3285,-15.3928,-16.7961,-15.1922,-17.3306,-17.4307,
05-01-2026-Fri 13-28-55-PM,-16.3618,-15.3928,-16.7961,-15.259,-17.3306,-17.3974,
05-01-2026-Fri 13-28-56-PM,-16.3618,-15.4261,-16.863,-15.259,-17.364,-17.4307,
05-01-2026-Fri 13-28-58-PM,-16.3285,-15.4596,-16.863,-15.3593,-17.364,-17.4307,
05-01-2026-Fri 13-28-59-PM,-16.3618,-15.4596,-16.863,-15.3928,-17.4307,-17.4307,
05-01-2026-Fri 13-29-01-PM,-16.3952,-15.493,-16.8296,-15.4261,-17.3974,-17.4307,
05-01-2026-Fri 13-29-02-PM,-16.3952,-15.5265,-16.9297,-15.493,-17.3974,-17.4307,
05-01-2026-Fri 13-29-03-PM,-16.4286,-15.5265,-16.8964,-15.5265,-17.4307,-17.4642,
05-01-2026-Fri 13-29-05-PM,-16.4286,-15.5599,-16.9297,-15.6267,-17.4642,-17.4642,
05-01-2026-Fri 13-29-06-PM,-16.4955,-15.5932,-16.9297,-15.6267,-17.4642,-17.4976,
05-01-2026-Fri 13-29-07-PM,-16.4621,-15.5599,-16.9632,-15.6602,-17.4976,-17.4642,
05-01-2026-Fri 13-29-09-PM,-16.4955,-15.5932,-16.9297,-15.6935,-17.531,-17.4642,
05-01-2026-Fri 13-29-10-PM,-16.5289,-15.6267,-16.9632,-15.7603,-17.531,-17.4642,
05-01-2026-Fri 13-29-12-PM,-16.4955,-15.6602,-16.9632,-15.7603,-17.531,-17.4642,
05-01-2026-Fri 13-29-13-PM,-16.4955,-15.6602,-16.9632,-15.8272,-17.5644,-17.4976,
05-01-2026-Fri 13-29-14-PM,-16.5623,-15.6935,-16.9966,-15.7938,-17.5977,-17.4976,
05-01-2026-Fri 13-29-16-PM,-16.5623,-15.6602,-17.03,-15.8606,-17.5977,-17.531,
05-01-2026-Fri 13-29-17-PM,-16.5623,-15.6935,-17.0634,-15.8941,-17.5977,-17.531,
05-01-2026-Fri 13-29-19-PM,-16.5623,-15.6935,-17.0634,-15.8606,-17.6312,-17.531,
05-01-2026-Fri 13-29-20-PM,-16.5956,-15.7269,-17.03,-15.9274,-17.6312,-17.531,
05-01-2026-Fri 13-29-21-PM,-16.5956,-15.7603,-17.03,-16.0277,-17.6646,-17.5644,
05-01-2026-Fri 13-29-23-PM,-16.6291,-15.7603,-17.03,-16.0277,-17.698,-17.531,
05-01-2026-Fri 13-29-24-PM,-16.6625,-15.7938,-17.0967,-16.0611,-17.698,-17.5644,
05-01-2026-Fri 13-29-26-PM,-16.696,-15.8272,-17.0967,-16.1614,-17.7314,-17.5977,
05-01-2026-Fri 13-29-27-PM,-16.696,-15.8606,-17.0967,-16.2615,-17.7647,-17.5977,
05-01-2026-Fri 13-29-28-PM,-16.7293,-15.8941,-17.1302,-16.3618,-17.7647,-17.5977,
05-01-2026-Fri 13-29-30-PM,-16.7627,-15.9274,-17.1302,-16.3952,-17.7982,-17.5977,
05-01-2026-Fri 13-29-31-PM,-16.7627,-15.9943,-17.1636,-16.4955,-17.8316,-17.6312,
05-01-2026-Fri 13-29-33-PM,-16.7961,-15.9943,-17.2304,-16.5956,-17.865,-17.6312,
05-01-2026-Fri 13-29-34-PM,-16.863,-16.0277,-17.2304,-16.6291,-17.8984,-17.6646,
05-01-2026-Fri 13-29-36-PM,-16.863,-16.0611,-17.2637,-16.7961,-17.9317,-17.6646,
05-01-2026-Fri 13-29-37-PM,-16.8964,-16.1279,-17.2637,-16.7961,-17.9652,-17.6646,
05-01-2026-Fri 13-29-39-PM,-16.8964,-16.1279,-17.2304,-16.8964,-17.9652,-17.698,
05-01-2026-Fri 13-29-40-PM,-16.9297,-16.1948,-17.2972,-16.9632,-18.032,-17.7314,
05-01-2026-Fri 13-29-41-PM,-16.9632,-16.2282,-17.3306,-17.0634,-18.0653,-17.698,
05-01-2026-Fri 13-29-43-PM,-16.9966,-16.2615,-17.3306,-17.0967,-18.0653,-17.7647,
05-01-2026-Fri 13-29-44-PM,-17.03,-16.295,-17.364,-17.1302,-18.1321,-17.7647,
05-01-2026-Fri 13-29-46-PM,-17.03,-16.3285,-17.3974,-17.197,-18.1655,-17.7647,
05-01-2026-Fri 13-29-47-PM,-17.0634,-16.3618,-17.3974,-17.2304,-18.1989,-17.7647,
05-01-2026-Fri 13-29-49-PM,-17.0967,-16.3618,-17.4307,-17.3306,-18.2323,-17.8316,
05-01-2026-Fri 13-29-50-PM,-17.0967,-16.3952,-17.4642,-17.3974,-18.2656,-17.865,
05-01-2026-Fri 13-29-52-PM,-17.1636,-16.4621,-17.4642,-17.4642,-18.2991,-17.865,
05-01-2026-Fri 13-29-53-PM,-17.1636,-16.4955,-17.531,-17.4976,-18.2991,-17.865,
05-01-2026-Fri 13-29-54-PM,-17.197,-16.4955,-17.531,-17.531,-18.3325,-17.865,
05-01-2026-Fri 13-29-56-PM,-17.2304,-16.4955,-17.531,-17.6312,-18.3659,-17.8984,
05-01-2026-Fri 13-29-57-PM,-17.2637,-16.5623,-17.5644,-17.698,-18.3993,-17.9317,
05-01-2026-Fri 13-29-59-PM,-17.2637,-16.5956,-17.5977,-17.7314,-18.4326,-17.8984,
05-01-2026-Fri 13-30-00-PM,-17.2972,-16.6291,-17.6646,-17.7982,-18.466,-17.9652,
05-01-2026-Fri 13-30-02-PM,-17.3306,-16.6291,-17.6312,-17.8316,-18.4994,-17.9652,
05-01-2026-Fri 13-30-03-PM,-17.3306,-16.696,-17.698,-17.8984,-18.4994,-17.9652,
05-01-2026-Fri 13-30-04-PM,-17.3974,-16.696,-17.698,-17.8984,-18.5662,-17.9986,
05-01-2026-Fri 13-30-06-PM,-17.3974,-16.7293,-17.698,-17.9986,-18.5995,-18.032,
05-01-2026-Fri 13-30-07-PM,-17.3974,-16.7293,-17.7647,-18.032,-18.633,-18.0653,
05-01-2026-Fri 13-30-09-PM,-17.4642,-16.7961,-17.7647,-18.0653,-18.633,-18.0653,
05-01-2026-Fri 13-30-10-PM,-17.4642,-16.7961,-17.7314,-18.1321,-18.6664,-18.0986,
05-01-2026-Fri 13-30-11-PM,-17.4976,-16.8296,-17.7982,-18.0653,-18.6998,-18.0986,
05-01-2026-Fri 13-30-13-PM,-17.531,-16.863,-17.865,-18.1989,-18.7332,-18.0986,
05-01-2026-Fri 13-30-14-PM,-17.531,-16.8964,-17.8316,-18.1989,-18.7664,-18.1321,
05-01-2026-Fri 13-30-16-PM,-17.5644,-16.8964,-17.865,-18.2656,-18.7664,-18.1321,
05-01-2026-Fri 13-30-17-PM,-17.5977,-16.9632,-17.8984,-18.2991,-18.8333,-18.1655,
05-01-2026-Fri 13-30-18-PM,-17.5977,-16.9632,-17.9317,-18.2991,-18.8333,-18.1989,
05-01-2026-Fri 13-30-20-PM,-17.6312,-16.9966,-17.9317,-18.3993,-18.8667,-18.1989,
05-01-2026-Fri 13-30-21-PM,-17.6312,-17.03,-17.9652,-18.3993,-18.9001,-18.2323,
05-01-2026-Fri 13-30-22-PM,-17.6646,-17.03,-18.0653,-18.466,-18.9334,-18.2323,
05-01-2026-Fri 13-30-24-PM,-17.6646,-17.0634,-18.0653,-18.466,-18.9334,-18.2656,
05-01-2026-Fri 13-30-25-PM,-17.698,-17.0967,-18.0653,-18.5995,-18.9669,-18.2656,
05-01-2026-Fri 13-30-27-PM,-17.7314,-17.1302,-18.0653,-18.5995,-19.0003,-18.2991,
05-01-2026-Fri 13-30-28-PM,-17.7647,-17.1636,-18.032,-18.633,-19.0336,-18.3325,
05-01-2026-Fri 13-30-30-PM,-17.7647,-17.1636,-18.1321,-18.633,-19.067,-18.2991,
05-01-2026-Fri 13-30-31-PM,-17.7982,-17.197,-18.0986,-18.6664,-19.1003,-18.3659,
05-01-2026-Fri 13-30-32-PM,-17.7982,-17.2304,-18.1989,-18.7332,-19.1003,-18.3659,
05-01-2026-Fri 13-30-34-PM,-17.7982,-17.2637,-18.1321,-18.7332,-19.1003,-18.3659,
05-01-2026-Fri 13-30-35-PM,-17.865,-17.2637,-18.1655,-18.7999,-19.1337,-18.4326,
05-01-2026-Fri 13-30-36-PM,-17.8984,-17.2637,-18.1655,-18.7999,-19.2005,-18.4326,
05-01-2026-Fri 13-30-38-PM,-17.8984,-17.2972,-18.2323,-18.9001,-19.2005,-18.4326,
05-01-2026-Fri 13-30-39-PM,-17.8984,-17.3306,-18.2323,-18.8667,-19.2005,-18.466,
05-01-2026-Fri 13-30-41-PM,-17.9317,-17.3306,-18.2656,-18.9001,-19.2672,-18.4994,
05-01-2026-Fri 13-30-42-PM,-17.9317,-17.364,-18.2991,-18.9334,-19.2672,-18.4994,
05-01-2026-Fri 13-30-43-PM,-17.9652,-17.364,-18.3325,-19.0336,-19.3007,-18.5328,
05-01-2026-Fri 13-30-45-PM,-17.9986,-17.3974,-18.3325,-19.0003,-19.3007,-18.5328,
05-01-2026-Fri 13-30-46-PM,-17.9986,-17.4307,-18.3325,-19.067,-19.3341,-18.5328,
05-01-2026-Fri 13-30-48-PM,-18.032,-17.4307,-18.3659,-19.067,-19.3675,-18.5662,
05-01-2026-Fri 13-30-49-PM,-18.032,-17.4642,-18.3659,-19.067,-19.3675,-18.5995,
05-01-2026-Fri 13-30-50-PM,-18.0653,-17.4976,-18.3993,-19.1671,-19.4008,-18.633,
05-01-2026-Fri 13-30-52-PM,-18.0653,-17.4976,-18.4326,-19.1671,-19.4341,-18.633,
05-01-2026-Fri 13-30-53-PM,-18.0653,-17.4976,-18.3659,-19.1671,-19.4341,-18.633,
05-01-2026-Fri 13-30-55-PM,-18.0986,-17.531,-18.4326,-19.2672,-19.4675,-18.6664,
05-01-2026-Fri 13-30-56-PM,-18.1321,-17.5644,-18.4326,-19.3007,-19.5009,-18.6664,
05-01-2026-Fri 13-30-57-PM,-18.1321,-17.5644,-18.466,-19.2672,-19.5343,-18.6998,
05-01-2026-Fri 13-30-59-PM,-18.1655,-17.5644,-18.4994,-19.2672,-19.5343,-18.6998,
05-01-2026-Fri 13-31-00-PM,-18.1989,-17.5977,-18.5328,-19.3007,-19.5677,-18.7332,
05-01-2026-Fri 13-31-02-PM,-18.1989,-17.6312,-18.5328,-19.3675,-19.601,-18.7332,
05-01-2026-Fri 13-31-03-PM,-18.2323,-17.6312,-18.4994,-19.4008,-19.601,-18.7332,
05-01-2026-Fri 13-31-04-PM,-18.2323,-17.698,-18.5662,-19.4008,-19.6345,-18.7999,
05-01-2026-Fri 13-31-06-PM,-18.2323,-17.698,-18.4994,-19.4341,-19.6345,-18.7999,
05-01-2026-Fri 13-31-07-PM,-18.2991,-17.7314,-18.5662,-19.4675,-19.6679,-18.7999,
05-01-2026-Fri 13-31-09-PM,-18.2991,-17.7314,-18.633,-19.5009,-19.7012,-18.8333,
05-01-2026-Fri 13-31-10-PM,-18.2991,-17.7314,-18.5995,-19.5343,-19.6679,-18.8333,
05-01-2026-Fri 13-31-11-PM,-18.3325,-17.7647,-18.633,-19.5343,-19.7012,-18.8667,
05-01-2026-Fri 13-31-13-PM,-18.3659,-17.7982,-18.633,-19.5343,-19.7346,-18.9001,
05-01-2026-Fri 13-31-14-PM,-18.3325,-17.7982,-18.6998,-19.601,-19.7679,-18.9001,
05-01-2026-Fri 13-31-15-PM,-18.3659,-17.8316,-18.6998,-19.5677,-19.7679,-18.9001,
05-01-2026-Fri 13-31-17-PM,-18.3993,-17.865,-18.6998,-19.6345,-19.8013,-18.9001,
05-01-2026-Fri 13-31-18-PM,-18.3993,-17.8316,-18.7332,-19.6679,-19.8347,-18.9334,
05-01-2026-Fri 13-31-20-PM,-18.3993,-17.865,-18.7999,-19.6679,-19.8347,-18.9334,
05-01-2026-Fri 13-31-21-PM,-18.466,-17.865,-18.7664,-19.7346,-19.8681,-18.9669,
05-01-2026-Fri 13-31-23-PM,-18.466,-17.8984,-18.7664,-19.7679,-19.9015,-18.9669,
05-01-2026-Fri 13-31-24-PM,-18.4994,-17.9317,-18.7999,-19.8013,-19.9015,-18.9669,
05-01-2026-Fri 13-31-25-PM,-18.4994,-17.9317,-18.8333,-19.8013,-19.9348,-19.0003,
05-01-2026-Fri 13-31-27-PM,-18.4994,-17.9652,-18.8333,-19.8347,-19.9348,-19.0003,
05-01-2026-Fri 13-31-28-PM,-18.5328,-17.9652,-18.9001,-19.8347,-19.9348,-19.067,
05-01-2026-Fri 13-31-30-PM,-18.5328,-17.9986,-18.8667,-19.8681,-19.9682,-19.067,
05-01-2026-Fri 13-31-31-PM,-18.5328,-17.9986,-18.9001,-19.9348,-19.9682,-19.067,
05-01-2026-Fri 13-31-32-PM,-18.5662,-18.032,-18.9334,-19.9015,-20.0016,-19.067,
05-01-2026-Fri 13-31-34-PM,-18.5662,-18.032,-18.9334,-19.9015,-20.0016,-19.1003,
05-01-2026-Fri 13-31-35-PM,-18.5995,-18.0653,-18.9334,-19.9682,-20.035,-19.1337,
05-01-2026-Fri 13-31-37-PM,-18.633,-17.9652,-18.9669,-20.0016,-20.0684,-19.1337,
05-01-2026-Fri 13-31-38-PM,-18.466,-17.8984,-18.9669,-20.0016,-20.0684,-19.1671,
05-01-2026-Fri 13-31-39-PM,-18.3993,-17.9986,-19.0003,-19.9682,-20.0684,-19.1671,
05-01-2026-Fri 13-31-41-PM,-18.6664,-17.9652,-18.9669,-20.0684,-20.1016,-19.1671,
05-01-2026-Fri 13-31-42-PM,-18.6664,-18.1655,-19.0003,-20.035,-20.135,-19.1671,
05-01-2026-Fri 13-31-44-PM,-18.6664,-18.1655,-19.067,-20.0684,-20.135,-19.2005,
05-01-2026-Fri 13-31-45-PM,-18.6998,-18.1655,-19.067,-20.1016,-20.1684,-19.2005,
05-01-2026-Fri 13-31-46-PM,-18.6998,-18.1655,-19.1003,-20.1016,-20.1684,-19.2005,
05-01-2026-Fri 13-31-48-PM,-18.6998,-18.1989,-19.1003,-20.1684,-20.1684,-19.2339,
05-01-2026-Fri 13-31-49-PM,-18.7332,-18.1989,-19.1337,-20.1684,-20.2018,-19.2672,
05-01-2026-Fri 13-31-51-PM,-18.7664,-18.2323,-19.1337,-20.135,-20.2018,-19.2672,
05-01-2026-Fri 13-31-52-PM,-18.7664,-18.2323,-19.2005,-20.1684,-20.2352,-19.2339,
05-01-2026-Fri 13-31-53-PM,-18.7664,-18.2323,-19.1671,-20.2685,-20.2352,-19.3007,
05-01-2026-Fri 13-31-56-PM,-18.7999,-18.2656,-19.2672,-20.2018,-20.2685,-19.3007,
05-01-2026-Fri 13-31-59-PM,-18.7999,-18.2991,-19.2672,-20.2685,-20.3019,-19.3341,
05-01-2026-Fri 13-32-01-PM,-18.8333,-18.3325,-19.3675,-20.3019,-20.3019,-19.3675,
05-01-2026-Fri 13-32-02-PM,-18.8333,-18.3325,-19.3007,-20.3353,-20.3687,-19.3675,
05-01-2026-Fri 13-32-04-PM,-18.8333,-18.3659,-19.3341,-20.3687,-20.3353,-19.3675,
05-01-2026-Fri 13-32-05-PM,-18.8667,-18.3659,-19.3341,-20.3687,-20.3687,-19.3675,
05-01-2026-Fri 13-32-07-PM,-18.9001,-18.3993,-19.3675,-20.4021,-20.3687,-19.4008,
05-01-2026-Fri 13-32-08-PM,-18.9001,-18.3993,-19.3675,-20.4353,-20.3687,-19.4008,
05-01-2026-Fri 13-32-09-PM,-18.9334,-18.4326,-19.4008,-20.4353,-20.4021,-19.4008,
05-01-2026-Fri 13-32-11-PM,-18.9001,-18.4326,-19.4341,-20.4353,-20.4021,-19.4008,
05-01-2026-Fri 13-32-12-PM,-18.9001,-18.4326,-19.4341,-20.4688,-20.4353,-19.4341,
05-01-2026-Fri 13-32-14-PM,-18.9669,-18.466,-19.4675,-20.4688,-20.4353,-19.4341,
05-01-2026-Fri 13-32-15-PM,-18.9669,-18.466,-19.5009,-20.4688,-20.4688,-19.4341,
05-01-2026-Fri 13-32-17-PM,-19.0003,-18.4994,-19.5343,-20.4688,-20.4688,-19.4341,
05-01-2026-Fri 13-32-18-PM,-19.0003,-18.466,-19.5009,-20.5355,-20.4688,-19.4675,
05-01-2026-Fri 13-32-19-PM,-19.0003,-18.4994,-19.5009,-20.5689,-20.4688,-19.4675,
05-01-2026-Fri 13-32-21-PM,-19.0336,-18.5328,-19.5343,-20.5689,-20.5021,-19.5009,
05-01-2026-Fri 13-32-22-PM,-19.0336,-18.5328,-19.5677,-20.6022,-20.5355,-19.5009,
05-01-2026-Fri 13-32-23-PM,-19.0336,-18.5328,-19.601,-20.6356,-20.5021,-19.5343,
05-01-2026-Fri 13-32-25-PM,-19.067,-18.5662,-19.601,-20.6022,-20.5355,-19.5343,
05-01-2026-Fri 13-32-26-PM,-19.0336,-18.5995,-19.5343,-20.6022,-20.5355,-19.5343,
05-01-2026-Fri 13-32-28-PM,-19.1003,-18.5662,-19.6679,-20.669,-20.5689,-19.5343,
05-01-2026-Fri 13-32-29-PM,-19.1003,-18.5995,-19.6679,-20.669,-20.5689,-19.5343,
05-01-2026-Fri 13-32-30-PM,-19.1003,-18.5995,-19.6679,-20.7024,-20.5689,-19.5677,
05-01-2026-Fri 13-32-32-PM,-19.1337,-18.633,-19.7346,-20.669,-20.5689,-19.5677,
05-01-2026-Fri 13-32-33-PM,-19.1337,-18.633,-19.6679,-20.6356,-20.6022,-19.5677,
05-01-2026-Fri 13-32-35-PM,-19.1337,-18.633,-19.7679,-20.7357,-20.6022,-19.601,
05-01-2026-Fri 13-32-36-PM,-19.1671,-18.6664,-19.7012,-20.7357,-20.6022,-19.601,
05-01-2026-Fri 13-32-37-PM,-19.1337,-18.6664,-19.7679,-20.7357,-20.6356,-19.601,
05-01-2026-Fri 13-32-39-PM,-19.1671,-18.6998,-19.8347,-20.7357,-20.669,-19.601,
05-01-2026-Fri 13-32-40-PM,-19.1671,-18.6998,-19.8347,-20.769,-20.669,-19.6345,
05-01-2026-Fri 13-32-42-PM,-19.2005,-18.6998,-19.8347,-20.769,-20.669,-19.6345,
05-01-2026-Fri 13-32-43-PM,-19.2339,-18.7332,-19.8681,-20.8358,-20.669,-19.6345,
05-01-2026-Fri 13-32-44-PM,-19.2005,-18.7332,-19.8347,-20.8358,-20.7024,-19.6345,
05-01-2026-Fri 13-32-46-PM,-19.2005,-18.7332,-19.8681,-20.8358,-20.7024,-19.6679,
05-01-2026-Fri 13-32-47-PM,-19.2339,-18.7664,-19.9348,-20.8358,-20.7024,-19.6345,
05-01-2026-Fri 13-32-49-PM,-19.2672,-18.7999,-19.9015,-20.8358,-20.7024,-19.6679,
05-01-2026-Fri 13-32-50-PM,-19.2672,-18.7664,-19.9348,-20.9025,-20.7357,-19.6679,
05-01-2026-Fri 13-32-51-PM,-19.2672,-18.7999,-20.0016,-20.9025,-20.769,-19.6679,
05-01-2026-Fri 13-32-53-PM,-19.2672,-18.8333,-19.9682,-20.9358,-20.7357,-19.7012,
05-01-2026-Fri 13-32-54-PM,-19.2672,-18.8333,-20.035,-20.9025,-20.769,-19.7012,
05-01-2026-Fri 13-32-56-PM,-19.3007,-18.8333,-20.0016,-20.9358,-20.769,-19.7012,
05-01-2026-Fri 13-32-57-PM,-19.3007,-18.8333,-20.0684,-20.9358,-20.769,-19.7012,
05-01-2026-Fri 13-32-58-PM,-19.3007,-18.8667,-20.0684,-20.9693,-20.8024,-19.7012,
05-01-2026-Fri 13-33-00-PM,-19.3341,-18.8667,-20.035,-21.0026,-20.8024,-19.7346,
05-01-2026-Fri 13-33-01-PM,-19.3341,-18.9001,-20.1016,-21.0026,-20.8024,-19.7012,
05-01-2026-Fri 13-33-02-PM,-19.3341,-18.9001,-20.0684,-21.0026,-20.8024,-19.7012,
05-01-2026-Fri 13-33-04-PM,-19.3341,-18.9001,-20.135,-21.0026,-20.8358,-19.7012,
05-01-2026-Fri 13-33-05-PM,-19.3675,-18.9334,-20.1684,-21.0026,-20.8358,-19.7346,
05-01-2026-Fri 13-33-07-PM,-19.3675,-18.9334,-20.135,-21.0026,-20.8358,-19.7012,
05-01-2026-Fri 13-33-08-PM,-19.4008,-18.9334,-20.2018,-21.036,-20.8358,-19.7346,
05-01-2026-Fri 13-33-09-PM,-19.4008,-18.9334,-20.135,-21.1026,-20.8358,-19.7346,
05-01-2026-Fri 13-33-11-PM,-19.4008,-18.9669,-20.1684,-21.0694,-20.8692,-19.7346,
05-01-2026-Fri 13-33-12-PM,-19.4341,-18.9669,-20.2352,-21.0694,-20.8692,-19.7346,
05-01-2026-Fri 13-33-14-PM,-19.4341,-19.0003,-20.2352,-21.1026,-20.9025,-19.7346,
05-01-2026-Fri 13-33-15-PM,-19.4341,-19.0003,-20.2352,-21.1026,-20.9025,-19.7679,
05-01-2026-Fri 13-33-17-PM,-19.4675,-19.0336,-20.3019,-21.136,-20.9358,-19.7679,
05-01-2026-Fri 13-33-18-PM,-19.4675,-19.0336,-20.3019,-21.1694,-20.9358,-19.7346,
05-01-2026-Fri 13-33-19-PM,-19.4675,-19.067,-20.3353,-21.1694,-20.9358,-19.7346,
05-01-2026-Fri 13-33-21-PM,-19.4675,-19.0336,-20.3353,-21.1694,-20.9358,-19.7346,
05-01-2026-Fri 13-33-22-PM,-19.4675,-19.0336,-20.3687,-21.1694,-20.9358,-19.7679,
05-01-2026-Fri 13-33-24-PM,-19.5009,-19.067,-20.3687,-21.2028,-20.9693,-19.7679,
05-01-2026-Fri 13-33-25-PM,-19.5009,-19.067,-20.4021,-21.2028,-20.9358,-19.7679,
05-01-2026-Fri 13-33-26-PM,-19.5009,-19.067,-20.4353,-21.2028,-20.9693,-19.7679,
05-01-2026-Fri 13-33-28-PM,-19.5009,-19.1003,-20.4353,-21.1694,-20.9693,-19.7679,
05-01-2026-Fri 13-33-29-PM,-19.5343,-19.1003,-20.4021,-21.2361,-21.0026,-19.7679,
05-01-2026-Fri 13-33-31-PM,-19.5343,-19.1337,-20.4688,-21.2361,-20.9693,-19.7679,
05-01-2026-Fri 13-33-32-PM,-19.4008,-18.9001,-20.4688,-21.3029,-21.0026,-19.7679,
05-01-2026-Fri 13-33-34-PM,-19.5677,-18.9669,-20.5355,-21.2694,-21.0026,-19.7679,
05-01-2026-Fri 13-33-35-PM,-19.3675,-19.2005,-20.5021,-21.2694,-20.9693,-19.7679,
05-01-2026-Fri 13-33-36-PM,-19.4341,-18.9669,-20.5355,-21.3363,-21.0026,-19.7679,
05-01-2026-Fri 13-33-38-PM,-19.5677,-19.1671,-20.5021,-21.2694,-21.0026,-19.8013,
05-01-2026-Fri 13-33-39-PM,-19.5677,-19.1671,-20.5355,-21.3029,-21.0026,-19.7679,
05-01-2026-Fri 13-33-41-PM,-19.601,-19.2005,-20.5021,-21.3029,-21.036,-19.8013,
05-01-2026-Fri 13-33-42-PM,-19.601,-19.2005,-20.5689,-21.3363,-21.0026,-19.7679,
05-01-2026-Fri 13-33-43-PM,-19.601,-19.2005,-20.6356,-21.3696,-21.036,-19.7679,
05-01-2026-Fri 13-33-45-PM,-19.6345,-19.2339,-20.6356,-21.3363,-21.036,-19.8013,
05-01-2026-Fri 13-33-46-PM,-19.6345,-19.2339,-20.669,-21.3696,-21.036,-19.8013,
05-01-2026-Fri 13-33-47-PM,-19.6345,-19.2005,-20.669,-21.3363,-21.036,-19.8013,
05-01-2026-Fri 13-33-49-PM,-19.6679,-19.2339,-20.6356,-21.3363,-21.036,-19.7679,
05-01-2026-Fri 13-33-50-PM,-19.6679,-19.2339,-20.669,-21.403,-21.0694,-19.8347,
05-01-2026-Fri 13-33-52-PM,-19.6345,-19.2672,-20.769,-21.4362,-21.036,-19.8013,
05-01-2026-Fri 13-33-53-PM,-19.6679,-19.2672,-20.669,-21.3696,-21.0694,-19.8013,
05-01-2026-Fri 13-33-55-PM,-19.7012,-19.2672,-20.7024,-21.4362,-21.0694,-19.8347,
05-01-2026-Fri 13-33-56-PM,-19.7012,-19.3007,-20.7024,-21.4362,-21.036,-19.8013,
05-01-2026-Fri 13-33-57-PM,-19.7012,-19.3007,-20.7357,-21.4697,-21.0694,-19.8347,
05-01-2026-Fri 13-33-59-PM,-19.7012,-19.3007,-20.8024,-21.4697,-21.036,-19.8347,
05-01-2026-Fri 13-34-00-PM,-19.7346,-19.3341,-20.8024,-21.4697,-21.1026,-19.8347,
05-01-2026-Fri 13-34-02-PM,-19.7346,-19.3341,-20.8024,-21.4697,-21.1026,-19.8013,
05-01-2026-Fri 13-34-03-PM,-19.7346,-19.3341,-20.8024,-21.4697,-21.1026,-19.8347,
05-01-2026-Fri 13-34-04-PM,-19.7346,-19.3675,-20.8358,-21.503,-21.1026,-19.8347,
05-01-2026-Fri 13-34-06-PM,-19.7679,-19.3675,-20.8692,-21.4697,-21.1026,-19.8681,
05-01-2026-Fri 13-34-07-PM,-19.7679,-19.4008,-20.8692,-21.503,-21.1026,-19.8347,
05-01-2026-Fri 13-34-09-PM,-19.7679,-19.4008,-20.9358,-21.503,-21.1026,-19.8681,
05-01-2026-Fri 13-34-10-PM,-19.8013,-19.4008,-20.9025,-21.5697,-21.1026,-19.8681,
05-01-2026-Fri 13-34-11-PM,-19.7679,-19.4008,-20.9025,-21.5364,-21.1026,-19.8681,
05-01-2026-Fri 13-34-13-PM,-19.7679,-19.4008,-20.9358,-21.5364,-21.1026,-19.8681,
05-01-2026-Fri 13-34-14-PM,-19.8013,-19.4008,-20.9693,-21.5697,-21.136,-19.8681,
05-01-2026-Fri 13-34-16-PM,-19.8347,-19.4675,-21.0026,-21.5697,-21.136,-19.8347,
05-01-2026-Fri 13-34-17-PM,-19.8013,-19.4341,-21.036,-21.5697,-21.136,-19.8681,
05-01-2026-Fri 13-34-18-PM,-19.8013,-19.4341,-21.0026,-21.5697,-21.136,-19.8681,
05-01-2026-Fri 13-34-20-PM,-19.8347,-19.4675,-21.0026,-21.603,-21.136,-19.9015,
05-01-2026-Fri 13-34-21-PM,-19.8681,-19.5009,-21.036,-21.603,-21.136,-19.9015,
05-01-2026-Fri 13-34-24-PM,-19.8347,-19.5009,-21.036,-21.603,-21.136,-19.9015,
05-01-2026-Fri 13-34-27-PM,-19.8681,-19.5009,-21.0694,-21.603,-21.136,-19.9348,
05-01-2026-Fri 13-34-30-PM,-19.9015,-19.5343,-21.1026,-21.6365,-21.1694,-19.9348,
05-01-2026-Fri 13-34-32-PM,-19.9015,-19.5677,-21.136,-21.6698,-21.1694,-19.9348,
05-01-2026-Fri 13-34-34-PM,-19.9348,-19.601,-21.1694,-21.6698,-21.2028,-19.9348,
05-01-2026-Fri 13-34-36-PM,-19.9682,-19.601,-21.2361,-21.6698,-21.2028,-19.9348,
05-01-2026-Fri 13-34-37-PM,-19.9348,-19.601,-21.2361,-21.7365,-21.2028,-19.9348,
05-01-2026-Fri 13-34-39-PM,-19.9348,-19.601,-21.2361,-21.7365,-21.2028,-19.9682,
05-01-2026-Fri 13-34-40-PM,-19.9682,-19.6345,-21.2694,-21.7365,-21.2028,-20.0016,
05-01-2026-Fri 13-34-41-PM,-19.9682,-19.6345,-21.2694,-21.7032,-21.2028,-19.9682,
05-01-2026-Fri 13-34-43-PM,-19.9348,-19.6345,-21.2694,-21.7365,-21.2028,-19.9682,
05-01-2026-Fri 13-34-44-PM,-20.0016,-19.6345,-21.3363,-21.7365,-21.2028,-20.0016,
05-01-2026-Fri 13-34-46-PM,-19.9682,-19.6679,-21.3029,-21.7365,-21.2028,-20.0016,
05-01-2026-Fri 13-34-47-PM,-20.0016,-19.6679,-21.3029,-21.7698,-21.2361,-19.9682,
05-01-2026-Fri 13-34-48-PM,-20.0016,-19.6679,-21.3696,-21.7698,-21.2361,-20.0016,
05-01-2026-Fri 13-34-50-PM,-20.035,-19.6679,-21.403,-21.8032,-21.2361,-20.0016,
05-01-2026-Fri 13-34-51-PM,-20.0016,-19.7012,-21.3363,-21.8032,-21.2361,-20.0016,
05-01-2026-Fri 13-34-53-PM,-20.035,-19.6679,-21.3363,-21.8032,-21.2694,-20.035,
05-01-2026-Fri 13-34-54-PM,-20.035,-19.7012,-21.403,-21.8366,-21.2361,-20.035,
05-01-2026-Fri 13-34-55-PM,-20.035,-19.7012,-21.403,-21.8032,-21.2361,-20.035,
05-01-2026-Fri 13-34-57-PM,-20.035,-19.7346,-21.4697,-21.8366,-21.2361,-20.035,
05-01-2026-Fri 13-34-58-PM,-20.0684,-19.7346,-21.4362,-21.8699,-21.2694,-20.0684,
05-01-2026-Fri 13-35-00-PM,-20.0684,-19.7346,-21.4697,-21.8366,-21.2694,-20.0684,
05-01-2026-Fri 13-35-01-PM,-20.0684,-19.7679,-21.5364,-21.8699,-21.2694,-20.035,
05-01-2026-Fri 13-35-03-PM,-20.1016,-19.7346,-21.4697,-21.8366,-21.2694,-20.035,
05-01-2026-Fri 13-35-04-PM,-20.0684,-19.7346,-21.5364,-21.8366,-21.2694,-20.035,
05-01-2026-Fri 13-35-06-PM,-20.1016,-19.7679,-21.603,-21.8699,-21.2694,-20.0684,
05-01-2026-Fri 13-35-07-PM,-20.1016,-19.7679,-21.603,-21.9033,-21.3029,-20.0684,
05-01-2026-Fri 13-35-09-PM,-20.1016,-19.8013,-21.603,-21.8699,-21.3029,-20.0684,
05-01-2026-Fri 13-35-10-PM,-20.135,-19.8013,-21.6365,-21.8699,-21.3029,-20.1016,
05-01-2026-Fri 13-35-12-PM,-20.135,-19.8347,-21.6365,-21.9033,-21.3029,-20.1016,
05-01-2026-Fri 13-35-13-PM,-20.135,-19.8013,-21.6365,-21.9366,-21.3029,-20.135,
05-01-2026-Fri 13-35-14-PM,-20.1684,-19.8347,-21.6698,-21.9366,-21.3363,-20.1016,
05-01-2026-Fri 13-35-16-PM,-20.1684,-19.8347,-21.6698,-21.8699,-21.3029,-20.135,
05-01-2026-Fri 13-35-17-PM,-20.1684,-19.8681,-21.6698,-21.9033,-21.3029,-20.135,
05-01-2026-Fri 13-35-19-PM,-20.1684,-19.8681,-21.7365,-21.97,-21.3029,-20.135,
05-01-2026-Fri 13-35-20-PM,-20.1684,-19.8681,-21.6698,-21.9366,-21.3363,-20.1684,
05-01-2026-Fri 13-35-21-PM,-20.1684,-19.8681,-21.7365,-21.9366,-21.3363,-20.135,
05-01-2026-Fri 13-35-23-PM,-20.2018,-19.8347,-21.7698,-21.97,-21.3363,-20.135,
05-01-2026-Fri 13-35-24-PM,-20.2018,-19.8681,-21.7032,-22.0034,-21.3363,-20.1684,
05-01-2026-Fri 13-35-26-PM,-20.2018,-19.8681,-21.7698,-21.97,-21.3363,-20.2018,
05-01-2026-Fri 13-35-27-PM,-20.2018,-19.9015,-21.7698,-22.0034,-21.3363,-20.1684,
05-01-2026-Fri 13-35-28-PM,-20.2352,-19.9015,-21.8366,-22.0367,-21.3696,-20.1684,
05-01-2026-Fri 13-35-30-PM,-20.2352,-19.9348,-21.8366,-22.0034,-21.3363,-20.1684,
05-01-2026-Fri 13-35-31-PM,-20.2352,-19.9348,-21.8699,-22.0367,-21.3696,-20.2352,
05-01-2026-Fri 13-35-33-PM,-20.2685,-19.9348,-21.8699,-22.0367,-21.403,-20.2018,
05-01-2026-Fri 13-35-34-PM,-20.3019,-19.9682,-21.8699,-22.0367,-21.3696,-20.2352,
05-01-2026-Fri 13-35-35-PM,-20.2685,-19.9682,-21.8699,-22.0367,-21.3696,-20.2352,
05-01-2026-Fri 13-35-37-PM,-20.3019,-19.9682,-21.9033,-22.0701,-21.403,-20.2352,
05-01-2026-Fri 13-35-38-PM,-20.2685,-19.9682,-21.9033,-22.0034,-21.403,-20.2685,
05-01-2026-Fri 13-35-40-PM,-20.3019,-19.9682,-21.9366,-22.0701,-21.403,-20.2352,
05-01-2026-Fri 13-35-41-PM,-20.3019,-19.9682,-21.9366,-22.1034,-21.403,-20.2685,
05-01-2026-Fri 13-35-42-PM,-20.3019,-20.0016,-21.97,-22.0701,-21.403,-20.2352,
05-01-2026-Fri 13-35-44-PM,-20.3019,-20.035,-21.97,-22.0701,-21.403,-20.2685,
05-01-2026-Fri 13-35-45-PM,-20.3019,-20.035,-22.0701,-22.1034,-21.4362,-20.2685,
05-01-2026-Fri 13-35-46-PM,-20.3687,-20.0016,-22.0034,-22.0701,-21.4362,-20.3019,
05-01-2026-Fri 13-35-48-PM,-20.3687,-20.035,-22.0701,-22.1034,-21.4362,-20.3019,
05-01-2026-Fri 13-35-49-PM,-20.3687,-20.0684,-22.0034,-22.1034,-21.403,-20.3019,
05-01-2026-Fri 13-35-51-PM,-20.3687,-20.035,-22.0367,-22.1368,-21.4362,-20.3019,
05-01-2026-Fri 13-35-52-PM,-20.4021,-20.0684,-22.1034,-22.1368,-21.4362,-20.3019,
05-01-2026-Fri 13-35-53-PM,-20.4021,-20.0684,-22.0701,-22.1034,-21.4362,-20.3019,
05-01-2026-Fri 13-35-55-PM,-20.4021,-20.0684,-22.0701,-22.1368,-21.4697,-20.3353,
05-01-2026-Fri 13-35-56-PM,-20.4021,-20.1016,-22.1368,-22.1368,-21.4697,-20.3353,
05-01-2026-Fri 13-35-58-PM,-20.4021,-20.1016,-22.1034,-22.2034,-21.4362,-20.3687,
05-01-2026-Fri 13-36-01-PM,-20.4353,-20.1016,-22.1368,-22.1701,-21.4697,-20.3687,
05-01-2026-Fri 13-36-03-PM,-20.4021,-20.1016,-22.2034,-22.2034,-21.4697,-20.3687,
05-01-2026-Fri 13-36-06-PM,-20.4688,-20.135,-22.2034,-22.1701,-21.4697,-20.4021,
05-01-2026-Fri 13-36-09-PM,-20.4688,-20.135,-22.2701,-22.2034,-21.503,-20.4021,
05-01-2026-Fri 13-36-12-PM,-20.5021,-20.1684,-22.2034,-22.2368,-21.503,-20.4021,
05-01-2026-Fri 13-36-13-PM,-20.5021,-20.2018,-22.2701,-22.2368,-21.5364,-20.4353,
05-01-2026-Fri 13-36-15-PM,-20.5355,-20.2018,-22.3369,-22.2701,-21.503,-20.4353,
05-01-2026-Fri 13-36-16-PM,-20.5355,-20.2352,-22.3035,-22.2701,-21.5364,-20.4688,
05-01-2026-Fri 13-36-18-PM,-20.5355,-20.2018,-22.3369,-22.2368,-21.5364,-20.4353,
05-01-2026-Fri 13-36-19-PM,-20.5355,-20.2018,-22.3035,-22.2701,-21.5364,-20.4688,
05-01-2026-Fri 13-36-20-PM,-20.5689,-20.2352,-22.3035,-22.3035,-21.5697,-20.4353,
05-01-2026-Fri 13-36-22-PM,-20.5689,-20.2352,-22.3702,-22.3035,-21.5364,-20.4688,
05-01-2026-Fri 13-36-23-PM,-20.5355,-20.2352,-22.3702,-22.3035,-21.5697,-20.4688,
05-01-2026-Fri 13-36-25-PM,-20.5689,-20.2685,-22.4036,-22.3369,-21.5697,-20.5021,
05-01-2026-Fri 13-36-26-PM,-20.5689,-20.2685,-22.4369,-22.3369,-21.5697,-20.5021,
05-01-2026-Fri 13-36-27-PM,-20.6022,-20.2685,-22.4036,-22.3369,-21.5697,-20.5021,
05-01-2026-Fri 13-36-29-PM,-20.6022,-20.3019,-22.4369,-22.3369,-21.5697,-20.5021,
05-01-2026-Fri 13-36-30-PM,-20.6356,-20.3019,-22.4703,-22.3035,-21.5697,-20.5355,
05-01-2026-Fri 13-36-32-PM,-20.6022,-20.2685,-22.4703,-22.3035,-21.603,-20.5355,
05-01-2026-Fri 13-36-33-PM,-20.6356,-20.3019,-22.4703,-22.3035,-21.603,-20.5355,
05-01-2026-Fri 13-36-34-PM,-20.6356,-20.3019,-22.5036,-22.3369,-21.603,-20.5355,
05-01-2026-Fri 13-36-36-PM,-20.6356,-20.3019,-22.5036,-22.3369,-21.603,-20.5689,
05-01-2026-Fri 13-36-37-PM,-20.669,-20.3019,-22.5369,-22.3369,-21.603,-20.5689,
05-01-2026-Fri 13-36-38-PM,-20.7024,-20.3353,-22.5369,-22.4036,-21.6365,-20.5689,
05-01-2026-Fri 13-36-40-PM,-20.669,-20.3353,-22.5369,-22.4036,-21.6365,-20.6022,
05-01-2026-Fri 13-36-41-PM,-20.669,-20.3687,-22.6036,-22.3702,-21.6365,-20.6022,
05-01-2026-Fri 13-36-43-PM,-20.669,-20.3687,-22.6036,-22.3369,-21.6698,-20.6356,
05-01-2026-Fri 13-36-44-PM,-20.7024,-20.3687,-22.6036,-22.4036,-21.6365,-20.6356,
05-01-2026-Fri 13-36-46-PM,-20.7357,-20.3353,-22.6036,-22.3702,-21.6698,-20.6356,
05-01-2026-Fri 13-36-47-PM,-20.7024,-20.3687,-22.637,-22.4036,-21.6698,-20.6022,
05-01-2026-Fri 13-36-48-PM,-20.7024,-20.3687,-22.6036,-22.4369,-21.6365,-20.6356,
05-01-2026-Fri 13-36-50-PM,-20.7357,-20.4021,-22.637,-22.4703,-21.6698,-20.6356,
05-01-2026-Fri 13-36-51-PM,-20.769,-20.4021,-22.637,-22.4369,-21.7032,-20.669,
05-01-2026-Fri 13-36-53-PM,-20.769,-20.4021,-22.6703,-22.4036,-21.7032,-20.669,
05-01-2026-Fri 13-36-54-PM,-20.769,-20.4353,-22.6703,-22.4369,-21.7365,-20.669,
05-01-2026-Fri 13-36-57-PM,-20.769,-20.4353,-22.737,-22.4369,-21.7032,-20.669,
05-01-2026-Fri 13-36-58-PM,-20.8024,-20.4353,-22.7703,-22.4369,-21.7365,-20.7024,
05-01-2026-Fri 13-37-00-PM,-20.8024,-20.4353,-22.7703,-22.5036,-21.7365,-20.7024,
05-01-2026-Fri 13-37-01-PM,-20.8024,-20.4688,-22.7703,-22.4703,-21.7365,-20.7357,
05-01-2026-Fri 13-37-03-PM,-20.8024,-20.4688,-22.8037,-22.5369,-21.7365,-20.7357,
05-01-2026-Fri 13-37-04-PM,-20.8358,-20.4688,-22.8037,-22.5036,-21.7698,-20.7357,
05-01-2026-Fri 13-37-06-PM,-20.8692,-20.5021,-22.8037,-22.5369,-21.7698,-20.769,
05-01-2026-Fri 13-37-07-PM,-20.8358,-20.5021,-22.837,-22.5036,-21.7698,-20.769,
05-01-2026-Fri 13-37-08-PM,-20.8692,-20.5021,-22.8704,-22.5369,-21.7698,-20.769,
05-01-2026-Fri 13-37-10-PM,-20.8692,-20.5021,-22.837,-22.5703,-21.7698,-20.8024,
05-01-2026-Fri 13-37-11-PM,-20.8692,-20.5355,-22.8704,-22.5369,-21.8032,-20.8024,
05-01-2026-Fri 13-37-13-PM,-20.9025,-20.5021,-22.937,-22.5703,-21.8032,-20.8024,
05-01-2026-Fri 13-37-14-PM,-20.8692,-20.5021,-22.9037,-22.5703,-21.7698,-20.8024,
05-01-2026-Fri 13-37-15-PM,-20.9025,-20.5355,-22.9037,-22.5703,-21.8032,-20.8024,
05-01-2026-Fri 13-37-17-PM,-20.9025,-20.5689,-22.9037,-22.5703,-21.8032,-20.8358,
05-01-2026-Fri 13-37-18-PM,-20.9358,-20.5689,-22.937,-22.5703,-21.8366,-20.8358,
05-01-2026-Fri 13-37-20-PM,-20.9358,-20.5689,-22.937,-22.6036,-21.8366,-20.8358,
05-01-2026-Fri 13-37-21-PM,-20.9358,-20.6022,-22.9704,-22.5703,-21.8366,-20.8692,
05-01-2026-Fri 13-37-23-PM,-20.9358,-20.6022,-23.0371,-22.6036,-21.8366,-20.8358,
05-01-2026-Fri 13-37-24-PM,-20.9358,-20.5689,-23.0038,-22.6036,-21.8366,-20.9025,
05-01-2026-Fri 13-37-25-PM,-20.9693,-20.6022,-23.0371,-22.5703,-21.8366,-20.8692,
05-01-2026-Fri 13-37-27-PM,-20.9693,-20.6022,-23.0038,-22.637,-21.8699,-20.8692,
05-01-2026-Fri 13-37-28-PM,-21.0026,-20.6022,-23.0371,-22.6703,-21.8699,-20.9025,
05-01-2026-Fri 13-37-30-PM,-21.0026,-20.6022,-23.0371,-22.637,-21.8366,-20.9358,
05-01-2026-Fri 13-37-31-PM,-21.0026,-20.6356,-23.0371,-22.637,-21.8699,-20.9025,
05-01-2026-Fri 13-37-32-PM,-21.0026,-20.6356,-23.0705,-22.637,-21.8699,-20.9025,
05-01-2026-Fri 13-37-34-PM,-21.036,-20.6356,-23.1372,-22.637,-21.9033,-20.9693,
05-01-2026-Fri 13-37-35-PM,-21.036,-20.669,-23.1372,-22.637,-21.9366,-20.9358,
05-01-2026-Fri 13-37-37-PM,-21.036,-20.669,-23.1038,-22.7037,-21.9033,-20.9358,
05-01-2026-Fri 13-37-38-PM,-21.0694,-20.669,-23.1038,-22.6703,-21.9033,-20.9693,
05-01-2026-Fri 13-37-39-PM,-21.0694,-20.669,-23.1704,-22.6703,-21.9033,-20.9693,
05-01-2026-Fri 13-37-41-PM,-21.0694,-20.7024,-23.1704,-22.6703,-21.9366,-21.0026,
05-01-2026-Fri 13-37-42-PM,-21.0694,-20.7024,-23.2371,-22.7037,-21.9366,-21.0026,
05-01-2026-Fri 13-37-44-PM,-21.0694,-20.7024,-23.2038,-22.6703,-21.9366,-21.0026,
05-01-2026-Fri 13-37-45-PM,-21.0694,-20.7024,-23.2038,-22.737,-21.97,-21.0026,
05-01-2026-Fri 13-37-46-PM,-21.1026,-20.7024,-23.2371,-22.7703,-21.9366,-21.036,
05-01-2026-Fri 13-37-48-PM,-21.1026,-20.769,-23.2038,-22.8037,-21.9366,-21.0026,
05-01-2026-Fri 13-37-50-PM,-21.136,-20.769,-23.2371,-22.837,-21.97,-21.0694,
05-01-2026-Fri 13-37-51-PM,-21.1694,-20.769,-23.3372,-22.937,-22.0034,-21.0694,
05-01-2026-Fri 13-37-53-PM,-21.1694,-20.8358,-23.3372,-23.0038,-22.0367,-21.0694,
05-01-2026-Fri 13-37-54-PM,-21.2028,-20.8358,-23.3705,-23.0371,-22.0367,-21.0694,
05-01-2026-Fri 13-37-56-PM,-21.2361,-20.8692,-23.3705,-23.1704,-22.0367,-21.1026,
05-01-2026-Fri 13-37-57-PM,-21.2694,-20.9358,-23.3705,-23.2371,-22.0701,-21.1026,
05-01-2026-Fri 13-37-58-PM,-21.2694,-20.9358,-23.4371,-23.3038,-22.0701,-21.1694,
05-01-2026-Fri 13-38-00-PM,-21.3029,-20.9693,-23.4371,-23.3705,-22.1368,-21.136,
05-01-2026-Fri 13-38-01-PM,-21.3363,-20.9693,-23.4706,-23.4371,-22.1368,-21.1694,
05-01-2026-Fri 13-38-03-PM,-21.3696,-21.036,-23.5038,-23.5038,-22.1701,-21.2028,
05-01-2026-Fri 13-38-04-PM,-21.3696,-21.036,-23.5038,-23.5372,-22.2034,-21.2028,
05-01-2026-Fri 13-38-05-PM,-21.403,-21.1026,-23.5705,-23.6038,-22.2034,-21.2028,
05-01-2026-Fri 13-38-07-PM,-21.4362,-21.1026,-23.5705,-23.6705,-22.2368,-21.2361,
05-01-2026-Fri 13-38-08-PM,-21.4362,-21.136,-23.6038,-23.7039,-22.3035,-21.2361,
05-01-2026-Fri 13-38-10-PM,-21.503,-21.1694,-23.6038,-23.7705,-22.3035,-21.2694,
05-01-2026-Fri 13-38-11-PM,-21.4697,-21.1694,-23.6372,-23.7705,-22.3035,-21.2694,
05-01-2026-Fri 13-38-12-PM,-21.5364,-21.2028,-23.6705,-23.8372,-22.3369,-21.2694,
05-01-2026-Fri 13-38-14-PM,-21.5364,-21.2361,-23.7039,-23.8372,-22.3702,-21.3029,
05-01-2026-Fri 13-38-15-PM,-21.5697,-21.2361,-23.6705,-23.9039,-22.3702,-21.3363,
05-01-2026-Fri 13-38-17-PM,-21.603,-21.2694,-23.7372,-23.9705,-22.4369,-21.3363,
05-01-2026-Fri 13-38-18-PM,-21.6365,-21.3029,-23.7705,-23.9705,-22.4369,-21.3696,
05-01-2026-Fri 13-38-19-PM,-21.6365,-21.3029,-23.7705,-24.0372,-22.4369,-21.3696,
05-01-2026-Fri 13-38-21-PM,-21.6365,-21.3363,-23.8039,-24.0705,-22.5036,-21.403,
05-01-2026-Fri 13-38-22-PM,-21.6698,-21.3696,-23.8372,-24.1038,-22.5036,-21.403,
05-01-2026-Fri 13-38-24-PM,-21.7032,-21.403,-23.8705,-24.1705,-22.5369,-21.403,
05-01-2026-Fri 13-38-25-PM,-21.7365,-21.4362,-23.8705,-24.1705,-22.5369,-21.4362,
05-01-2026-Fri 13-38-26-PM,-21.7365,-21.4362,-23.9705,-24.2704,-22.5703,-21.4697,
05-01-2026-Fri 13-38-28-PM,-21.7698,-21.4362,-23.9705,-24.3038,-22.5703,-21.4697,
05-01-2026-Fri 13-38-29-PM,-21.8032,-21.4697,-24.0039,-24.3372,-22.6036,-21.503,
05-01-2026-Fri 13-38-31-PM,-21.8366,-21.503,-24.0039,-24.3705,-22.637,-21.503,
05-01-2026-Fri 13-38-32-PM,-21.8699,-21.5364,-24.0372,-24.4038,-22.6703,-21.5364,
05-01-2026-Fri 13-38-33-PM,-21.8366,-21.5364,-24.0372,-24.4371,-22.6703,-21.5364,
05-01-2026-Fri 13-38-35-PM,-21.8699,-21.5697,-24.0705,-24.4705,-22.737,-21.5697,
05-01-2026-Fri 13-38-36-PM,-21.9033,-21.603,-24.0705,-24.4705,-22.737,-21.5697,
05-01-2026-Fri 13-38-38-PM,-21.9033,-21.603,-24.1038,-24.5038,-22.7703,-21.603,
05-01-2026-Fri 13-38-39-PM,-21.9366,-21.603,-24.1038,-24.5371,-22.7703,-21.603,
05-01-2026-Fri 13-38-41-PM,-21.97,-21.6365,-24.1705,-24.6037,-22.8037,-21.6365,
05-01-2026-Fri 13-38-42-PM,-22.0034,-21.6698,-24.2038,-24.6704,-22.837,-21.6698,
05-01-2026-Fri 13-38-44-PM,-22.0034,-21.7032,-24.2038,-24.7038,-22.837,-21.6698,
05-01-2026-Fri 13-38-45-PM,-22.0367,-21.7365,-24.2704,-24.6704,-22.8704,-21.7032,
05-01-2026-Fri 13-38-46-PM,-22.0701,-21.7698,-24.3372,-24.7703,-22.9037,-21.7032,
05-01-2026-Fri 13-38-48-PM,-22.0701,-21.7698,-24.3038,-24.7371,-22.9037,-21.7032,
05-01-2026-Fri 13-38-49-PM,-22.1034,-21.7698,-24.3705,-24.7703,-22.937,-21.7365,
05-01-2026-Fri 13-38-51-PM,-22.1034,-21.8032,-24.3705,-24.8037,-22.9704,-21.7365,
05-01-2026-Fri 13-38-52-PM,-22.1368,-21.8366,-24.4371,-24.8371,-22.9704,-21.7698,
05-01-2026-Fri 13-38-53-PM,-22.1368,-21.8366,-24.3705,-24.8703,-23.0038,-21.7698,
05-01-2026-Fri 13-38-55-PM,-22.1701,-21.8699,-24.3705,-24.8703,-23.0371,-21.8032,
05-01-2026-Fri 13-38-56-PM,-22.2034,-21.8699,-24.4705,-24.9703,-23.0371,-21.8032,
05-01-2026-Fri 13-38-58-PM,-22.1701,-21.9366,-24.5371,-24.9703,-23.0371,-21.8366,
05-01-2026-Fri 13-38-59-PM,-22.2034,-21.9366,-24.4705,-24.9703,-23.0705,-21.8366,
05-01-2026-Fri 13-39-00-PM,-22.2368,-21.9366,-24.5038,-24.9703,-23.1038,-21.8366,
05-01-2026-Fri 13-39-02-PM,-22.2701,-21.97,-24.5371,-25.037,-23.1372,-21.9033,
05-01-2026-Fri 13-39-03-PM,-22.2701,-21.97,-24.6037,-25.037,-23.1372,-21.9033,
05-01-2026-Fri 13-39-05-PM,-22.3035,-22.0367,-24.5704,-25.037,-23.1704,-21.9366,
05-01-2026-Fri 13-39-06-PM,-22.3035,-22.0367,-24.6037,-25.1036,-23.1704,-21.97,
05-01-2026-Fri 13-39-07-PM,-22.3035,-22.0367,-24.6371,-25.137,-23.2371,-21.9366,
05-01-2026-Fri 13-39-09-PM,-22.3369,-22.0701,-24.6371,-25.137,-23.2371,-21.97,
05-01-2026-Fri 13-39-10-PM,-22.3702,-22.1034,-24.7371,-25.1703,-23.2704,-22.0034,
05-01-2026-Fri 13-39-12-PM,-22.3702,-22.1034,-24.7371,-25.1703,-23.2704,-22.0034,
05-01-2026-Fri 13-39-13-PM,-22.3702,-22.1368,-24.7703,-25.1703,-23.3038,-22.0034,
05-01-2026-Fri 13-39-14-PM,-22.4036,-22.1701,-24.7703,-25.2369,-23.3038,-22.0034,
05-01-2026-Fri 13-39-16-PM,-22.4369,-22.1701,-24.7703,-25.2701,-23.3038,-22.0367,
05-01-2026-Fri 13-39-17-PM,-22.4703,-22.2034,-24.8037,-25.2369,-23.3372,-22.0701,
05-01-2026-Fri 13-39-19-PM,-22.4369,-22.2034,-24.8371,-25.3368,-23.3372,-22.1034,
05-01-2026-Fri 13-39-20-PM,-22.4703,-22.2368,-24.8371,-25.3368,-23.3372,-22.1034,
05-01-2026-Fri 13-39-22-PM,-22.5036,-22.2368,-24.8703,-25.4035,-23.4039,-22.1368,
05-01-2026-Fri 13-39-23-PM,-22.5036,-22.2701,-24.9037,-25.4035,-23.4039,-22.1368,
05-01-2026-Fri 13-39-25-PM,-22.5369,-22.2701,-24.9037,-25.4035,-23.4371,-22.1701,
05-01-2026-Fri 13-39-26-PM,-22.5036,-22.3035,-25.0037,-25.4035,-23.4371,-22.1701,
05-01-2026-Fri 13-39-27-PM,-22.5703,-22.3035,-24.9703,-25.4367,-23.4706,-22.2034,
05-01-2026-Fri 13-39-29-PM,-22.5703,-22.3369,-25.0037,-25.4701,-23.5038,-22.2034,
05-01-2026-Fri 13-39-30-PM,-22.5703,-22.3369,-25.0037,-25.4367,-23.5038,-22.2034,
05-01-2026-Fri 13-39-31-PM,-22.637,-22.3702,-25.037,-25.5035,-23.5038,-22.2368,
05-01-2026-Fri 13-39-33-PM,-22.6036,-22.3702,-25.0703,-25.5035,-23.5372,-22.2701,
05-01-2026-Fri 13-39-34-PM,-22.6703,-22.4036,-25.037,-25.5035,-23.5372,-22.2368,
05-01-2026-Fri 13-39-36-PM,-22.6703,-22.4036,-25.137,-25.5368,-23.5705,-22.2701,
05-01-2026-Fri 13-39-37-PM,-22.7037,-22.4369,-25.137,-25.5368,-23.5705,-22.3035,
05-01-2026-Fri 13-39-38-PM,-22.6703,-22.4369,-25.137,-25.5368,-23.6038,-22.3035,
05-01-2026-Fri 13-39-40-PM,-22.7037,-22.4703,-25.1703,-25.57,-23.6038,-22.3369,
05-01-2026-Fri 13-39-41-PM,-22.737,-22.4703,-25.2035,-25.6033,-23.6372,-22.3369,
05-01-2026-Fri 13-39-43-PM,-22.737,-22.4703,-25.2369,-25.6367,-23.6372,-22.3369,
05-01-2026-Fri 13-39-44-PM,-22.7703,-22.5369,-25.2369,-25.67,-23.6705,-22.3702,
05-01-2026-Fri 13-39-45-PM,-22.8037,-22.5369,-25.3035,-25.67,-23.6705,-22.4036,
05-01-2026-Fri 13-39-47-PM,-22.8037,-22.5369,-25.3035,-25.67,-23.7039,-22.4036,
05-01-2026-Fri 13-39-48-PM,-22.8037,-22.5703,-25.3368,-25.7033,-23.7039,-22.4703,
05-01-2026-Fri 13-39-50-PM,-22.837,-22.5703,-25.4035,-25.7366,-23.7039,-22.4369,
05-01-2026-Fri 13-39-51-PM,-22.837,-22.6036,-25.3702,-25.7366,-23.7372,-22.4703,
05-01-2026-Fri 13-39-52-PM,-22.8704,-22.6036,-25.4367,-25.7366,-23.7705,-22.5036,
05-01-2026-Fri 13-39-54-PM,-22.8704,-22.6036,-25.4367,-25.7699,-23.7705,-22.5036,
05-01-2026-Fri 13-39-55-PM,-22.8704,-22.637,-25.4367,-25.8033,-23.8039,-22.5036,
05-01-2026-Fri 13-39-57-PM,-22.937,-22.6703,-25.4367,-25.8366,-23.8039,-22.5036,
05-01-2026-Fri 13-39-58-PM,-22.937,-22.6703,-25.4367,-25.8366,-23.8039,-22.5369,
05-01-2026-Fri 13-39-59-PM,-22.937,-22.6703,-25.4367,-25.8366,-23.8372,-22.5369,
05-01-2026-Fri 13-40-01-PM,-22.937,-22.6703,-25.5368,-25.8699,-23.8705,-22.6036,
05-01-2026-Fri 13-40-02-PM,-22.9704,-22.7037,-25.5035,-25.8366,-23.8705,-22.5703,
05-01-2026-Fri 13-40-04-PM,-22.9704,-22.737,-25.6033,-25.8699,-23.9039,-22.6036,
05-01-2026-Fri 13-40-05-PM,-23.0038,-22.7703,-25.6033,-25.9364,-23.9039,-22.637,
05-01-2026-Fri 13-40-06-PM,-23.0371,-22.7703,-25.6033,-25.9364,-23.9039,-22.637,
05-01-2026-Fri 13-40-08-PM,-23.0371,-22.7703,-25.6367,-25.9698,-23.9371,-22.6703,
05-01-2026-Fri 13-40-09-PM,-23.0038,-22.8037,-25.67,-25.9698,-23.9371,-22.6703,
05-01-2026-Fri 13-40-10-PM,-23.0705,-22.837,-25.67,-25.9364,-23.9371,-22.6703,
05-01-2026-Fri 13-40-12-PM,-23.0705,-22.837,-25.7033,-26.0031,-24.0039,-22.7037,
05-01-2026-Fri 13-40-13-PM,-23.1038,-22.837,-25.7366,-26.0031,-23.9705,-22.737,
05-01-2026-Fri 13-40-15-PM,-23.1038,-22.8704,-25.7366,-26.0364,-24.0372,-22.737,
05-01-2026-Fri 13-40-16-PM,-23.1372,-22.8704,-25.7699,-26.0697,-24.0372,-22.737,
05-01-2026-Fri 13-40-18-PM,-23.1372,-22.9037,-25.7699,-26.0364,-24.0705,-22.7703,
05-01-2026-Fri 13-40-19-PM,-23.1372,-22.937,-25.7699,-26.103,-24.0705,-22.7703,
05-01-2026-Fri 13-40-21-PM,-23.1704,-22.9037,-25.8033,-26.0697,-24.1038,-22.8037,
05-01-2026-Fri 13-40-22-PM,-23.1704,-22.937,-25.8366,-26.103,-24.0705,-22.837,
05-01-2026-Fri 13-40-23-PM,-23.1704,-22.937,-25.8699,-26.1364,-24.1038,-22.8037,
05-01-2026-Fri 13-40-25-PM,-23.2038,-22.9704,-25.9032,-26.1364,-24.1038,-22.837,
05-01-2026-Fri 13-40-26-PM,-23.2038,-23.0038,-25.9032,-26.1697,-24.1038,-22.837,
05-01-2026-Fri 13-40-27-PM,-23.2038,-23.0038,-25.9032,-26.203,-24.1705,-22.9037,
05-01-2026-Fri 13-40-29-PM,-23.1704,-23.0371,-25.9698,-26.203,-24.1372,-22.8704,
05-01-2026-Fri 13-40-30-PM,-23.1704,-23.0371,-26.0031,-26.203,-24.1705,-22.9037,
05-01-2026-Fri 13-40-32-PM,-23.2038,-23.0371,-26.0031,-26.203,-24.2038,-22.937,
05-01-2026-Fri 13-40-33-PM,-23.2038,-23.0705,-26.0031,-26.203,-24.2372,-22.937,
05-01-2026-Fri 13-40-35-PM,-23.1704,-23.0705,-26.0364,-26.2363,-24.2038,-22.9704,
05-01-2026-Fri 13-40-36-PM,-23.2038,-23.1038,-26.0364,-26.2695,-24.2372,-23.0038,
05-01-2026-Fri 13-40-37-PM,-23.1704,-23.1038,-26.103,-26.2695,-24.2372,-23.0038,
05-01-2026-Fri 13-40-39-PM,-23.2038,-23.1372,-26.1697,-26.2695,-24.2704,-23.0038,
05-01-2026-Fri 13-40-40-PM,-23.2371,-23.1372,-26.103,-26.3029,-24.2704,-23.0038,
05-01-2026-Fri 13-40-42-PM,-23.2371,-23.1372,-26.1697,-26.3029,-24.2704,-23.0371,
05-01-2026-Fri 13-40-43-PM,-23.2704,-23.1704,-26.1364,-26.3029,-24.2704,-23.0371,
05-01-2026-Fri 13-40-44-PM,-23.2704,-23.1704,-26.203,-26.3362,-24.3038,-23.0371,
05-01-2026-Fri 13-40-46-PM,-23.3038,-23.2038,-26.2363,-26.3362,-24.3038,-23.0705,
05-01-2026-Fri 13-40-47-PM,-23.3038,-23.2371,-26.2363,-26.4028,-24.3372,-23.1038,
05-01-2026-Fri 13-40-48-PM,-23.3372,-23.2038,-26.203,-26.3695,-24.3372,-23.1038,
05-01-2026-Fri 13-40-50-PM,-23.3372,-23.2038,-26.2695,-26.4028,-24.3705,-23.1372,
05-01-2026-Fri 13-40-51-PM,-23.3705,-23.2371,-26.3362,-26.4028,-24.3705,-23.1372,
05-01-2026-Fri 13-40-53-PM,-23.3705,-23.2704,-26.3362,-26.3695,-24.3705,-23.1372,
05-01-2026-Fri 13-40-54-PM,-23.4371,-23.2704,-26.3362,-26.4361,-24.4038,-23.1704,
05-01-2026-Fri 13-40-55-PM,-23.4371,-23.2704,-26.3695,-26.4361,-24.4038,-23.1704,
05-01-2026-Fri 13-40-57-PM,-23.4371,-23.3038,-26.3695,-26.4695,-24.4038,-23.2038,
05-01-2026-Fri 13-41-00-PM,-23.4371,-23.3372,-26.4028,-26.5028,-24.4038,-23.2038,
05-01-2026-Fri 13-41-02-PM,-23.4706,-23.3372,-26.4028,-26.4695,-24.4705,-23.2371,
05-01-2026-Fri 13-41-05-PM,-23.5038,-23.4039,-26.4695,-26.4695,-24.4705,-23.2704,
05-01-2026-Fri 13-41-06-PM,-23.5372,-23.4371,-26.4695,-26.5693,-24.5038,-23.3038,
05-01-2026-Fri 13-41-08-PM,-23.5705,-23.4371,-26.5361,-26.6359,-24.5371,-23.3038,
05-01-2026-Fri 13-41-09-PM,-23.5705,-23.4371,-26.5693,-26.5361,-24.5704,-23.3372,
05-01-2026-Fri 13-41-11-PM,-23.6372,-23.4371,-26.5693,-26.6026,-24.5371,-23.3372,
05-01-2026-Fri 13-41-12-PM,-23.6372,-23.4706,-26.6026,-26.5693,-24.5704,-23.3705,
05-01-2026-Fri 13-41-13-PM,-23.6372,-23.4706,-26.6026,-26.6359,-24.5704,-23.4039,
05-01-2026-Fri 13-41-15-PM,-23.6372,-23.4706,-26.6359,-26.6359,-24.5704,-23.4039,
05-01-2026-Fri 13-41-16-PM,-23.6705,-23.5038,-26.7026,-26.6359,-24.5704,-23.4371,
05-01-2026-Fri 13-41-18-PM,-23.7039,-23.5372,-26.6359,-26.6359,-24.6037,-23.4371,
05-01-2026-Fri 13-41-19-PM,-23.7039,-23.5372,-26.7026,-26.6359,-24.6371,-23.4371,
05-01-2026-Fri 13-41-20-PM,-23.7039,-23.5372,-26.7026,-26.6693,-24.6371,-23.4706,
05-01-2026-Fri 13-41-22-PM,-23.7372,-23.5372,-26.7359,-26.6693,-24.6371,-23.4706,
05-01-2026-Fri 13-41-23-PM,-23.7705,-23.5705,-26.7359,-26.7026,-24.6371,-23.4706,
05-01-2026-Fri 13-41-25-PM,-23.7705,-23.6038,-26.7691,-26.7359,-24.6704,-23.5038,
05-01-2026-Fri 13-41-26-PM,-23.7705,-23.6038,-26.7691,-26.7359,-24.7038,-23.5038,
05-01-2026-Fri 13-41-27-PM,-23.8372,-23.6038,-26.7691,-26.7026,-24.7038,-23.5372,
05-01-2026-Fri 13-41-29-PM,-23.8039,-23.6372,-26.8358,-26.7691,-24.7038,-23.5705,
05-01-2026-Fri 13-41-30-PM,-23.8039,-23.6372,-26.8358,-26.7691,-24.7371,-23.5705,
05-01-2026-Fri 13-41-32-PM,-23.8705,-23.6705,-26.8358,-26.8025,-24.7371,-23.6038,
05-01-2026-Fri 13-41-33-PM,-23.8705,-23.6705,-26.9023,-26.7691,-24.7371,-23.6372,
05-01-2026-Fri 13-41-34-PM,-23.9039,-23.6705,-26.9023,-26.7691,-24.7703,-23.6038,
05-01-2026-Fri 13-41-36-PM,-23.9039,-23.6705,-26.969,-26.8358,-24.7703,-23.6038,
05-01-2026-Fri 13-41-37-PM,-23.9039,-23.7039,-26.969,-26.8025,-24.8037,-23.6372,
05-01-2026-Fri 13-41-38-PM,-23.9039,-23.7372,-27.0356,-26.8025,-24.8037,-23.6372,
05-01-2026-Fri 13-41-40-PM,-23.9371,-23.7372,-27.0023,-26.8358,-24.8037,-23.6705,
05-01-2026-Fri 13-41-41-PM,-23.9371,-23.7372,-27.0023,-26.8358,-24.8371,-23.6705,
05-01-2026-Fri 13-41-43-PM,-23.9705,-23.7372,-27.0023,-26.8691,-24.8037,-23.7039,
05-01-2026-Fri 13-41-44-PM,-23.9705,-23.8039,-27.0356,-26.9023,-24.8371,-23.7039,
05-01-2026-Fri 13-41-45-PM,-24.0039,-23.7705,-27.0689,-26.9023,-24.8371,-23.7039,
05-01-2026-Fri 13-41-47-PM,-24.0372,-23.8039,-27.0023,-26.9023,-24.8703,-23.7372,
05-01-2026-Fri 13-41-50-PM,-24.0372,-23.8039,-27.1355,-26.8358,-24.8703,-23.7372,
05-01-2026-Fri 13-41-52-PM,-24.1038,-23.8372,-27.1688,-26.9356,-24.9037,-23.7705,
05-01-2026-Fri 13-41-54-PM,-24.1038,-23.8705,-27.1688,-26.9356,-24.9369,-23.8372,
05-01-2026-Fri 13-41-55-PM,-24.1038,-23.8705,-27.1688,-26.969,-24.9369,-23.8372,
05-01-2026-Fri 13-41-56-PM,-24.1372,-23.9039,-27.2021,-27.0023,-24.9369,-23.8372,
05-01-2026-Fri 13-41-58-PM,-24.1705,-23.9039,-27.2353,-27.0023,-24.9369,-23.8372,
05-01-2026-Fri 13-41-59-PM,-24.1705,-23.9039,-27.2353,-27.0023,-24.9703,-23.9039,
05-01-2026-Fri 13-42-01-PM,-24.2038,-23.9371,-27.3019,-26.969,-25.0037,-23.9039,
05-01-2026-Fri 13-42-02-PM,-24.2038,-23.9371,-27.2686,-27.0023,-24.9703,-23.9039,
05-01-2026-Fri 13-42-03-PM,-24.2038,-23.9705,-27.3019,-27.0023,-25.0037,-23.9039,
05-01-2026-Fri 13-42-05-PM,-24.2372,-23.9705,-27.3019,-27.0023,-25.0037,-23.9039,
05-01-2026-Fri 13-42-06-PM,-24.2704,-24.0039,-27.3352,-27.0356,-25.0037,-23.9705,
05-01-2026-Fri 13-42-07-PM,-24.2704,-24.0039,-27.3685,-27.0689,-25.0703,-23.9705,
05-01-2026-Fri 13-42-09-PM,-24.3038,-24.0039,-27.3685,-27.0689,-25.037,-23.9705,
05-01-2026-Fri 13-42-10-PM,-24.3038,-24.0372,-27.4018,-27.1021,-25.0703,-24.0039,
05-01-2026-Fri 13-42-12-PM,-24.3038,-24.0372,-27.3685,-27.0689,-25.0703,-24.0372,
05-01-2026-Fri 13-42-13-PM,-24.3372,-24.0372,-27.4018,-27.0689,-25.1036,-24.0372,
05-01-2026-Fri 13-42-14-PM,-24.3372,-24.0705,-27.4018,-27.1021,-25.137,-24.0705,
05-01-2026-Fri 13-42-16-PM,-24.3705,-24.0705,-27.5018,-27.1021,-25.1036,-24.0039,
05-01-2026-Fri 13-42-17-PM,-24.3705,-24.1038,-27.5018,-27.1021,-25.1036,-24.0705,
05-01-2026-Fri 13-42-19-PM,-24.4038,-24.1038,-27.4684,-27.1355,-25.137,-24.0705,
05-01-2026-Fri 13-42-20-PM,-24.4038,-24.1038,-27.5018,-27.1355,-25.1703,-24.1038,
05-01-2026-Fri 13-42-21-PM,-24.4371,-24.1372,-27.535,-27.1355,-25.1703,-24.1372,
05-01-2026-Fri 13-42-23-PM,-24.4371,-24.1705,-27.5683,-27.1688,-25.1703,-24.1038,
05-01-2026-Fri 13-42-24-PM,-24.4371,-24.1372,-27.535,-27.1688,-25.1703,-24.1372,
05-01-2026-Fri 13-42-25-PM,-24.4705,-24.1705,-27.535,-27.1688,-25.2035,-24.1372,
05-01-2026-Fri 13-42-27-PM,-24.5038,-24.2038,-27.6349,-27.2021,-25.2035,-24.1705,
05-01-2026-Fri 13-42-28-PM,-24.5038,-24.1705,-27.6015,-27.2021,-25.2369,-24.2038,
05-01-2026-Fri 13-42-29-PM,-24.5038,-24.2038,-27.6682,-27.2353,-25.2369,-24.2038,
05-01-2026-Fri 13-42-31-PM,-24.5038,-24.2038,-27.6015,-27.2021,-25.2369,-24.2038,
05-01-2026-Fri 13-42-32-PM,-24.5371,-24.2372,-27.6682,-27.2021,-25.2701,-24.2038,
05-01-2026-Fri 13-42-34-PM,-24.5704,-24.2038,-27.6682,-27.2353,-25.2701,-24.2372,
05-01-2026-Fri 13-42-35-PM,-24.5704,-24.2372,-27.6682,-27.2353,-25.2701,-24.2704,
05-01-2026-Fri 13-42-37-PM,-24.6037,-24.2704,-27.7015,-27.2353,-25.3035,-24.2704,
05-01-2026-Fri 13-42-38-PM,-24.6037,-24.2372,-27.768,-27.2686,-25.3035,-24.2704,
05-01-2026-Fri 13-42-39-PM,-24.6371,-24.3038,-27.7348,-27.3019,-25.3035,-24.3038,
05-01-2026-Fri 13-42-41-PM,-24.6371,-24.3038,-27.8014,-27.2686,-25.3368,-24.3372,
05-01-2026-Fri 13-42-42-PM,-24.6704,-24.3372,-27.768,-27.3019,-25.3702,-24.3372,
05-01-2026-Fri 13-42-43-PM,-24.6704,-24.3372,-27.8014,-27.3019,-25.3368,-24.3372,
05-01-2026-Fri 13-42-45-PM,-24.7038,-24.3372,-27.8014,-27.3352,-25.3702,-24.3705,
05-01-2026-Fri 13-42-46-PM,-24.7038,-24.3372,-27.868,-27.3019,-25.3702,-24.3705,
05-01-2026-Fri 13-42-48-PM,-24.7038,-24.3705,-27.9013,-27.3685,-25.4035,-24.4038,
05-01-2026-Fri 13-42-49-PM,-24.7371,-24.3705,-27.8347,-27.3352,-25.3702,-24.4038,
05-01-2026-Fri 13-42-50-PM,-24.7371,-24.4038,-27.9013,-27.3352,-25.4035,-24.4371,
05-01-2026-Fri 13-42-52-PM,-24.7703,-24.4038,-27.9678,-27.3685,-25.4035,-24.4038,
05-01-2026-Fri 13-42-53-PM,-24.7703,-24.4371,-27.9013,-27.3685,-25.4035,-24.4371,
05-01-2026-Fri 13-42-55-PM,-24.7703,-24.4038,-27.9344,-27.3352,-25.4367,-24.5038,
05-01-2026-Fri 13-42-56-PM,-24.8037,-24.4038,-27.9678,-27.4018,-25.4701,-24.4705,
05-01-2026-Fri 13-42-57-PM,-24.8371,-24.4371,-27.9678,-27.3685,-25.4367,-24.5038,
05-01-2026-Fri 13-42-59-PM,-24.8371,-24.4705,-27.9678,-27.4018,-25.4701,-24.5038,
05-01-2026-Fri 13-43-00-PM,-24.8703,-24.4705,-28.0344,-27.4018,-25.4701,-24.5371,
05-01-2026-Fri 13-43-02-PM,-24.8703,-24.5038,-28.0344,-27.4684,-25.4701,-24.5371,
05-01-2026-Fri 13-43-03-PM,-24.8703,-24.5038,-28.0344,-27.4351,-25.4701,-24.5704,
05-01-2026-Fri 13-43-04-PM,-24.9037,-24.5371,-28.0344,-27.5018,-25.5035,-24.5704,
05-01-2026-Fri 13-43-06-PM,-24.9037,-24.5371,-28.0677,-27.535,-25.5368,-24.5704,
05-01-2026-Fri 13-43-07-PM,-24.9369,-24.5371,-28.1009,-27.4684,-25.5368,-24.6037,
05-01-2026-Fri 13-43-09-PM,-24.9369,-24.5704,-28.1009,-27.5018,-25.5368,-24.6037,
05-01-2026-Fri 13-43-10-PM,-24.9703,-24.5704,-28.1009,-27.5018,-25.5368,-24.6037,
05-01-2026-Fri 13-43-11-PM,-24.9703,-24.5704,-28.1676,-27.4684,-25.57,-24.6371,
05-01-2026-Fri 13-43-13-PM,-25.0037,-24.6037,-28.1343,-27.5018,-25.57,-24.6704,
05-01-2026-Fri 13-43-14-PM,-25.0037,-24.6037,-28.2008,-27.5018,-25.57,-24.6704,
05-01-2026-Fri 13-43-16-PM,-25.037,-24.6371,-28.1676,-27.5018,-25.6033,-24.7038,
05-01-2026-Fri 13-43-17-PM,-25.037,-24.6371,-28.2341,-27.535,-25.6367,-24.7038,
05-01-2026-Fri 13-43-18-PM,-25.037,-24.6371,-28.2341,-27.535,-25.6033,-24.7371,
05-01-2026-Fri 13-43-20-PM,-25.0703,-24.6704,-28.2341,-27.535,-25.6367,-24.7371,
05-01-2026-Fri 13-43-21-PM,-25.0703,-24.6371,-28.2341,-27.535,-25.6367,-24.7703,
05-01-2026-Fri 13-43-23-PM,-25.1036,-24.6704,-28.2673,-27.6015,-25.67,-24.7703,
05-01-2026-Fri 13-43-24-PM,-25.1036,-24.6704,-28.3007,-27.5683,-25.67,-24.7703,
05-01-2026-Fri 13-43-25-PM,-25.137,-24.7038,-28.2673,-27.5683,-25.67,-24.7703,
05-01-2026-Fri 13-43-27-PM,-25.1703,-24.7371,-28.334,-27.5683,-25.7033,-24.8037,
05-01-2026-Fri 13-43-28-PM,-25.1703,-24.7371,-28.3672,-27.6015,-25.7033,-24.8037,
05-01-2026-Fri 13-43-30-PM,-25.1703,-24.7038,-28.4005,-27.6015,-25.7033,-24.8371,
05-01-2026-Fri 13-43-31-PM,-25.2035,-24.7371,-28.3672,-27.6682,-25.7366,-24.8371,
05-01-2026-Fri 13-43-32-PM,-25.2035,-24.7703,-28.3672,-27.6349,-25.7366,-24.8371,
05-01-2026-Fri 13-43-34-PM,-25.2369,-24.7703,-28.3672,-27.6349,-25.7366,-24.9037,
05-01-2026-Fri 13-43-35-PM,-25.2035,-24.7703,-28.4338,-27.6682,-25.7699,-24.8703,
05-01-2026-Fri 13-43-37-PM,-25.2369,-24.8037,-28.4338,-27.6682,-25.7699,-24.9369,
05-01-2026-Fri 13-43-38-PM,-25.2701,-24.8037,-28.4338,-27.6682,-25.7699,-24.9369,
05-01-2026-Fri 13-43-41-PM,-25.2701,-24.8037,-28.4671,-27.6682,-25.8033,-24.9369,
05-01-2026-Fri 13-43-43-PM,-25.3035,-24.8371,-28.4671,-27.6682,-25.8366,-24.9703,
05-01-2026-Fri 13-43-45-PM,-25.3368,-24.8703,-28.5004,-27.7348,-25.8366,-25.0037,
05-01-2026-Fri 13-43-48-PM,-25.3368,-24.8703,-28.5004,-27.768,-25.8366,-25.037,
05-01-2026-Fri 13-43-50-PM,-25.4035,-24.9037,-28.5337,-27.7348,-25.8699,-25.037,
05-01-2026-Fri 13-43-52-PM,-25.4035,-24.9369,-28.6001,-27.8014,-25.8699,-25.1036,
05-01-2026-Fri 13-43-54-PM,-25.4367,-24.9369,-28.6668,-27.768,-25.9032,-25.0703,
05-01-2026-Fri 13-43-55-PM,-25.4367,-24.9369,-28.6335,-27.8347,-25.9364,-25.1036,
05-01-2026-Fri 13-43-57-PM,-25.4701,-24.9703,-28.6335,-27.8014,-25.9032,-25.1036,
05-01-2026-Fri 13-43-58-PM,-25.5035,-24.9703,-28.6335,-27.768,-25.9364,-25.137,
05-01-2026-Fri 13-43-59-PM,-25.4701,-25.0037,-28.7334,-27.8347,-25.9364,-25.137,
05-01-2026-Fri 13-44-01-PM,-25.5368,-25.0037,-28.6668,-27.868,-25.9698,-25.137,
05-01-2026-Fri 13-44-02-PM,-25.5368,-25.037,-28.7334,-27.8014,-25.9698,-25.1703,
05-01-2026-Fri 13-44-04-PM,-25.5368,-25.037,-28.7666,-27.8347,-25.9698,-25.1703,
05-01-2026-Fri 13-44-05-PM,-25.5035,-25.0703,-28.7666,-27.8347,-26.0364,-25.2369,
05-01-2026-Fri 13-44-06-PM,-25.57,-25.0703,-28.7334,-27.8347,-26.0031,-25.2369,
05-01-2026-Fri 13-44-08-PM,-25.57,-25.0703,-28.7999,-27.868,-26.0364,-25.2701,
05-01-2026-Fri 13-44-09-PM,-25.6367,-25.1036,-28.7334,-27.9013,-26.0031,-25.2701,
05-01-2026-Fri 13-44-11-PM,-25.6033,-25.1036,-28.8332,-27.8347,-26.0364,-25.2701,
05-01-2026-Fri 13-44-12-PM,-25.67,-25.1036,-28.7666,-27.9344,-26.0364,-25.2701,
05-01-2026-Fri 13-44-13-PM,-25.6367,-25.1036,-28.7999,-27.868,-26.0697,-25.3035,
05-01-2026-Fri 13-44-15-PM,-25.67,-25.137,-28.8332,-27.868,-26.0697,-25.3035,
05-01-2026-Fri 13-44-16-PM,-25.67,-25.1703,-28.8998,-27.9344,-26.103,-25.3035,
05-01-2026-Fri 13-44-18-PM,-25.7033,-25.137,-28.8665,-27.9344,-26.103,-25.3368,
05-01-2026-Fri 13-44-19-PM,-25.7033,-25.2035,-28.8665,-27.9344,-26.1364,-25.3702,
05-01-2026-Fri 13-44-20-PM,-25.7366,-25.2035,-28.8665,-27.9344,-26.1364,-25.4035,
05-01-2026-Fri 13-44-22-PM,-25.7366,-25.2035,-28.933,-27.9344,-26.103,-25.3702,
05-01-2026-Fri 13-44-23-PM,-25.7366,-25.2035,-28.8998,-27.9678,-26.1364,-25.4035,
05-01-2026-Fri 13-44-24-PM,-25.7699,-25.2369,-28.933,-28.0011,-26.1697,-25.4367,
05-01-2026-Fri 13-44-26-PM,-25.7699,-25.2035,-28.9663,-27.9678,-26.1697,-25.4367,
05-01-2026-Fri 13-44-27-PM,-25.8033,-25.2369,-29.0329,-28.0011,-26.1697,-25.4367,
05-01-2026-Fri 13-44-29-PM,-25.8033,-25.2701,-28.9663,-28.0011,-26.203,-25.4701,
05-01-2026-Fri 13-44-30-PM,-25.8366,-25.2701,-28.9996,-28.0344,-26.203,-25.5035,
05-01-2026-Fri 13-44-31-PM,-25.8366,-25.3035,-28.9996,-28.0344,-26.203,-25.4701,
05-01-2026-Fri 13-44-33-PM,-25.8699,-25.2701,-29.0329,-28.0011,-26.2363,-25.5035,
05-01-2026-Fri 13-44-34-PM,-25.8699,-25.3368,-29.0662,-28.0344,-26.2363,-25.5368,
05-01-2026-Fri 13-44-36-PM,-25.8699,-25.3368,-29.0662,-28.0677,-26.2363,-25.5368,
05-01-2026-Fri 13-44-37-PM,-25.8699,-25.3368,-29.0994,-28.1009,-26.2695,-25.57,
05-01-2026-Fri 13-44-39-PM,-25.9364,-25.3368,-29.0662,-28.1009,-26.2695,-25.57,
05-01-2026-Fri 13-44-40-PM,-25.9032,-25.3368,-29.1327,-28.0677,-26.3029,-25.57,
05-01-2026-Fri 13-44-41-PM,-25.9364,-25.3702,-29.1327,-28.0677,-26.3029,-25.6033,
05-01-2026-Fri 13-44-43-PM,-25.9698,-25.3702,-29.166,-28.1009,-26.3029,-25.6367,
05-01-2026-Fri 13-44-44-PM,-25.9698,-25.3702,-29.166,-28.0677,-26.3029,-25.6367,
05-01-2026-Fri 13-44-46-PM,-26.0031,-25.4035,-29.166,-28.1009,-26.3362,-25.67,
05-01-2026-Fri 13-44-47-PM,-26.0031,-25.4035,-29.1993,-28.1343,-26.3362,-25.67,
05-01-2026-Fri 13-44-49-PM,-26.0697,-25.4035,-29.1993,-28.1343,-26.3362,-25.6367,
05-01-2026-Fri 13-44-50-PM,-26.0364,-25.4367,-29.2326,-28.1343,-26.3695,-25.67,
05-01-2026-Fri 13-44-51-PM,-26.0364,-25.4701,-29.1993,-28.1343,-26.4028,-25.7366,
05-01-2026-Fri 13-44-53-PM,-26.0697,-25.4701,-29.1993,-28.1343,-26.4028,-25.7366,
05-01-2026-Fri 13-44-54-PM,-26.0697,-25.4701,-29.2657,-28.1676,-26.4028,-25.7366,
05-01-2026-Fri 13-44-55-PM,-26.103,-25.4701,-29.2657,-28.2008,-26.4028,-25.7366,
05-01-2026-Fri 13-44-57-PM,-26.103,-25.5035,-29.2326,-28.1676,-26.4028,-25.7366,
05-01-2026-Fri 13-44-58-PM,-26.1364,-25.4701,-29.2991,-28.1676,-26.4695,-25.8033,
05-01-2026-Fri 13-45-00-PM,-26.1364,-25.5368,-29.2991,-28.2008,-26.4361,-25.8033,
05-01-2026-Fri 13-45-01-PM,-26.1697,-25.5368,-29.3656,-28.2008,-26.4361,-25.8033,
05-01-2026-Fri 13-45-02-PM,-26.1697,-25.5368,-29.3989,-28.2341,-26.4361,-25.8366,
05-01-2026-Fri 13-45-04-PM,-26.203,-25.57,-29.2991,-28.2341,-26.4695,-25.8699,
05-01-2026-Fri 13-45-05-PM,-26.203,-25.5368,-29.3656,-28.2008,-26.4695,-25.8699,
05-01-2026-Fri 13-45-07-PM,-26.203,-25.6033,-29.3989,-28.2341,-26.5028,-25.8699,
05-01-2026-Fri 13-45-08-PM,-26.2363,-25.6033,-29.3989,-28.2008,-26.5028,-25.8699,
05-01-2026-Fri 13-45-09-PM,-26.2695,-25.6033,-29.3656,-28.2673,-26.5028,-25.9032,
05-01-2026-Fri 13-45-11-PM,-26.2695,-25.6367,-29.3989,-28.2673,-26.5361,-25.9032,
05-01-2026-Fri 13-45-12-PM,-26.2695,-25.6367,-29.3989,-28.2673,-26.5361,-25.9364,
05-01-2026-Fri 13-45-14-PM,-26.3029,-25.6367,-29.4655,-28.2341,-26.5361,-25.9364,
05-01-2026-Fri 13-45-15-PM,-26.2695,-25.6367,-29.4988,-28.2341,-26.5693,-25.9698,
05-01-2026-Fri 13-45-16-PM,-26.3362,-25.67,-29.4655,-28.3007,-26.6026,-25.9698,
05-01-2026-Fri 13-45-18-PM,-26.3362,-25.7033,-29.4655,-28.3007,-26.5693,-25.9698,
05-01-2026-Fri 13-45-19-PM,-26.3362,-25.7033,-29.532,-28.2673,-26.5693,-26.0031,
05-01-2026-Fri 13-45-21-PM,-26.3695,-25.7033,-29.532,-28.334,-26.6026,-26.0031,
05-01-2026-Fri 13-45-22-PM,-26.3695,-25.7033,-29.4988,-28.2673,-26.6026,-26.0031,
05-01-2026-Fri 13-45-23-PM,-26.4028,-25.7366,-29.532,-28.334,-26.6026,-26.0364,
05-01-2026-Fri 13-45-25-PM,-26.4028,-25.7366,-29.4988,-28.3672,-26.6359,-26.0364,
05-01-2026-Fri 13-45-26-PM,-26.4028,-25.7699,-29.532,-28.334,-26.6359,-26.0697,
05-01-2026-Fri 13-45-28-PM,-26.4361,-25.7699,-29.532,-28.334,-26.6359,-26.103,
05-01-2026-Fri 13-45-29-PM,-26.4695,-25.8033,-29.5653,-28.3672,-26.6693,-26.0697,
05-01-2026-Fri 13-45-30-PM,-26.4695,-25.8033,-29.5985,-28.3672,-26.6693,-26.103,
05-01-2026-Fri 13-45-32-PM,-26.5028,-25.8033,-29.5653,-28.4005,-26.7026,-26.103,
05-01-2026-Fri 13-45-33-PM,-26.4695,-25.8366,-29.6318,-28.4005,-26.6693,-26.1364,
05-01-2026-Fri 13-45-35-PM,-26.5028,-25.8033,-29.6651,-28.4005,-26.7026,-26.1364,
05-01-2026-Fri 13-45-36-PM,-26.5361,-25.8366,-29.6651,-28.4338,-26.7359,-26.1697,
05-01-2026-Fri 13-45-37-PM,-26.5361,-25.8366,-29.6984,-28.4338,-26.7359,-26.203,
05-01-2026-Fri 13-45-39-PM,-26.5361,-25.8699,-29.6318,-28.4005,-26.7359,-26.2363,
05-01-2026-Fri 13-45-40-PM,-26.6026,-25.8699,-29.6651,-28.4338,-26.7359,-26.203,
05-01-2026-Fri 13-45-41-PM,-26.5693,-25.8699,-29.6651,-28.4338,-26.7691,-26.2363,
05-01-2026-Fri 13-45-43-PM,-26.6026,-25.9032,-29.6651,-28.4338,-26.7691,-26.2363,
05-01-2026-Fri 13-45-46-PM,-26.6026,-25.9032,-29.6984,-28.4671,-26.7691,-26.2363,
05-01-2026-Fri 13-45-48-PM,-26.6359,-25.9364,-29.7982,-28.4671,-26.7691,-26.2695,
05-01-2026-Fri 13-45-50-PM,-26.6693,-25.9698,-29.8315,-28.4671,-26.8358,-26.3029,
05-01-2026-Fri 13-45-52-PM,-26.7026,-25.9698,-29.7316,-28.5337,-26.8358,-26.3362,
05-01-2026-Fri 13-45-53-PM,-26.7359,-26.0364,-29.7982,-28.567,-26.8691,-26.3695,
05-01-2026-Fri 13-45-55-PM,-26.7359,-26.0364,-29.8647,-28.6335,-26.8691,-26.3695,
05-01-2026-Fri 13-45-56-PM,-26.7359,-26.0697,-29.8315,-28.7001,-26.9023,-26.4028,
05-01-2026-Fri 13-45-58-PM,-26.8358,-26.103,-29.898,-28.8332,-26.9356,-26.4361,
05-01-2026-Fri 13-45-59-PM,-26.8358,-26.1364,-29.8647,-28.8665,-26.969,-26.4361,
05-01-2026-Fri 13-46-00-PM,-26.8691,-26.1697,-29.9645,-28.933,-27.0023,-26.4361,
05-01-2026-Fri 13-46-02-PM,-26.8691,-26.203,-29.9312,-28.9996,-27.0023,-26.4695,
05-01-2026-Fri 13-46-03-PM,-26.9356,-26.2695,-29.9312,-29.0662,-27.0689,-26.5028,
05-01-2026-Fri 13-46-05-PM,-26.9356,-26.3029,-29.9645,-29.0994,-27.1021,-26.5361,
05-01-2026-Fri 13-46-06-PM,-26.969,-26.3029,-29.9645,-29.1993,-27.1021,-26.5361,
05-01-2026-Fri 13-46-07-PM,-27.0356,-26.3362,-30.0311,-29.1993,-27.1688,-26.5693,
05-01-2026-Fri 13-46-09-PM,-27.0356,-26.3695,-30.0311,-29.2657,-27.1688,-26.5693,
05-01-2026-Fri 13-46-10-PM,-27.1021,-26.3695,-30.0975,-29.2991,-27.1688,-26.6026,
05-01-2026-Fri 13-46-12-PM,-27.0689,-26.4028,-30.0975,-29.3324,-27.2353,-26.6359,
05-01-2026-Fri 13-46-13-PM,-27.1021,-26.4361,-30.0975,-29.3989,-27.2686,-26.6693,
05-01-2026-Fri 13-46-14-PM,-27.1355,-26.4695,-30.1641,-29.4321,-27.2686,-26.7026,
05-01-2026-Fri 13-46-16-PM,-27.1355,-26.4695,-30.1974,-29.4655,-27.3352,-26.7026,
05-01-2026-Fri 13-46-17-PM,-27.2021,-26.5028,-30.1309,-29.532,-27.3352,-26.7026,
05-01-2026-Fri 13-46-18-PM,-27.2021,-26.5361,-30.1974,-29.532,-27.3685,-26.7359,
05-01-2026-Fri 13-46-20-PM,-27.2686,-26.5693,-30.1974,-29.5653,-27.4018,-26.7691,
05-01-2026-Fri 13-46-21-PM,-27.2353,-26.6026,-30.2638,-29.5985,-27.4018,-26.7691,
05-01-2026-Fri 13-46-23-PM,-27.3019,-26.6026,-30.2307,-29.6318,-27.4351,-26.7691,
05-01-2026-Fri 13-46-24-PM,-27.2686,-26.6359,-30.2972,-29.6984,-27.4684,-26.8025,
05-01-2026-Fri 13-46-26-PM,-27.3352,-26.6359,-30.2972,-29.6651,-27.4684,-26.8358,
05-01-2026-Fri 13-46-28-PM,-27.3685,-26.7026,-30.3637,-29.7648,-27.5018,-26.8691,
05-01-2026-Fri 13-46-31-PM,-27.4018,-26.7359,-30.397,-29.898,-27.5683,-26.9023,
05-01-2026-Fri 13-46-32-PM,-27.4684,-26.8025,-30.4302,-29.9645,-27.6015,-26.9356,
05-01-2026-Fri 13-46-34-PM,-27.5018,-26.8358,-30.4635,-29.9978,-27.7015,-26.969,
05-01-2026-Fri 13-46-36-PM,-27.5018,-26.8691,-30.4968,-29.9978,-27.6682,-27.0023,
05-01-2026-Fri 13-46-37-PM,-27.535,-26.9023,-30.4968,-30.0311,-27.7015,-27.0023,
05-01-2026-Fri 13-46-38-PM,-27.5683,-26.9023,-30.4968,-30.0975,-27.7348,-27.0356,
05-01-2026-Fri 13-46-40-PM,-27.6015,-26.9356,-30.5633,-30.0975,-27.8014,-27.0689,
05-01-2026-Fri 13-46-41-PM,-27.6349,-26.969,-30.5965,-30.1309,-27.8347,-27.0689,
05-01-2026-Fri 13-46-43-PM,-27.6682,-26.9356,-30.5965,-30.1641,-27.8014,-27.1021,
05-01-2026-Fri 13-46-44-PM,-27.7015,-27.0023,-30.6298,-30.1974,-27.8347,-27.1355,
05-01-2026-Fri 13-46-45-PM,-27.7015,-27.0023,-30.6298,-30.2638,-27.9013,-27.1688,
05-01-2026-Fri 13-46-47-PM,-27.7015,-27.0356,-30.663,-30.1974,-27.9013,-27.2021,
05-01-2026-Fri 13-46-48-PM,-27.7348,-27.0689,-30.6298,-30.2638,-27.9013,-27.2021,
05-01-2026-Fri 13-46-49-PM,-27.7348,-27.0689,-30.6963,-30.2638,-27.9678,-27.2353,
05-01-2026-Fri 13-46-51-PM,-27.768,-27.1021,-30.6963,-30.3304,-27.9678,-27.2353,
05-01-2026-Fri 13-46-52-PM,-27.8014,-27.1688,-30.7628,-30.3637,-28.0011,-27.2353,
05-01-2026-Fri 13-46-53-PM,-27.868,-27.1688,-30.7628,-30.397,-28.0344,-27.3019,
05-01-2026-Fri 13-46-55-PM,-27.868,-27.2021,-30.7961,-30.3637,-28.0344,-27.3019,
05-01-2026-Fri 13-46-56-PM,-27.868,-27.2353,-30.8294,-30.397,-28.0677,-27.3352,
05-01-2026-Fri 13-46-58-PM,-27.9344,-27.2353,-30.8294,-30.5301,-28.0677,-27.3685,
05-01-2026-Fri 13-46-59-PM,-27.9344,-27.2686,-30.8626,-30.4968,-28.1343,-27.4018,
05-01-2026-Fri 13-47-00-PM,-27.9344,-27.2686,-30.8626,-30.5301,-28.1343,-27.4018,
05-01-2026-Fri 13-47-02-PM,-27.9678,-27.3019,-30.8626,-30.5301,-28.1343,-27.4351,
05-01-2026-Fri 13-47-03-PM,-27.9678,-27.3352,-30.929,-30.5965,-28.2008,-27.4684,
05-01-2026-Fri 13-47-05-PM,-28.0344,-27.3352,-30.9624,-30.6298,-28.2008,-27.4351,
05-01-2026-Fri 13-47-06-PM,-28.0344,-27.4018,-30.9624,-30.5965,-28.2341,-27.5018,
05-01-2026-Fri 13-47-08-PM,-28.0344,-27.4018,-30.9624,-30.6298,-28.2673,-27.5018,
05-01-2026-Fri 13-47-09-PM,-28.0677,-27.4351,-31.0289,-30.663,-28.3007,-27.535,
05-01-2026-Fri 13-47-10-PM,-28.0677,-27.4351,-31.0622,-30.7296,-28.334,-27.5683,
05-01-2026-Fri 13-47-12-PM,-28.1343,-27.4684,-31.0289,-30.6963,-28.334,-27.5683,
05-01-2026-Fri 13-47-13-PM,-28.1676,-27.5018,-31.0622,-30.7296,-28.334,-27.6015,
05-01-2026-Fri 13-47-15-PM,-28.2008,-27.535,-31.1287,-30.7296,-28.334,-27.6349,
05-01-2026-Fri 13-47-16-PM,-28.2008,-27.535,-31.162,-30.7961,-28.4005,-27.6349,
05-01-2026-Fri 13-47-18-PM,-28.2341,-27.5683,-31.1952,-30.7961,-28.4338,-27.6682,
05-01-2026-Fri 13-47-19-PM,-28.2341,-27.6015,-31.2285,-30.8626,-28.4338,-27.7015,
05-01-2026-Fri 13-47-20-PM,-28.3007,-27.6015,-31.1952,-30.8294,-28.4671,-27.7348,
05-01-2026-Fri 13-47-22-PM,-28.3007,-27.6015,-31.2285,-30.8959,-28.5004,-27.768,
05-01-2026-Fri 13-47-23-PM,-28.334,-27.6682,-31.2285,-30.8959,-28.5337,-27.768,
05-01-2026-Fri 13-47-25-PM,-28.334,-27.7015,-31.295,-30.9956,-28.567,-27.768,
05-01-2026-Fri 13-47-26-PM,-28.3672,-27.7015,-31.295,-30.929,-28.5337,-27.8014,
05-01-2026-Fri 13-47-27-PM,-28.4005,-27.7015,-31.3282,-30.9956,-28.6001,-27.8347,
05-01-2026-Fri 13-47-29-PM,-28.4005,-27.7348,-31.3282,-30.9624,-28.6001,-27.8347,
05-01-2026-Fri 13-47-30-PM,-28.4338,-27.768,-31.3947,-31.0289,-28.6001,-27.9013,
05-01-2026-Fri 13-47-32-PM,-28.4338,-27.8014,-31.3614,-31.0289,-28.6335,-27.9013,
05-01-2026-Fri 13-47-33-PM,-28.4338,-27.8014,-31.4279,-31.0622,-28.7001,-27.9013,
05-01-2026-Fri 13-47-34-PM,-28.5004,-27.8014,-31.4279,-31.0954,-28.7001,-27.9344,
05-01-2026-Fri 13-47-36-PM,-28.5004,-27.8347,-31.4612,-31.0954,-28.7001,-27.9344,
05-01-2026-Fri 13-47-37-PM,-28.5337,-27.868,-31.4945,-31.0954,-28.7334,-28.0011,
05-01-2026-Fri 13-47-39-PM,-28.567,-27.868,-31.4945,-31.162,-28.7334,-28.0011,
05-01-2026-Fri 13-47-40-PM,-28.6001,-27.9013,-31.561,-31.1952,-28.7666,-28.0011,
05-01-2026-Fri 13-47-41-PM,-28.6001,-27.9344,-31.5277,-31.162,-28.7999,-28.0344,
05-01-2026-Fri 13-47-43-PM,-28.6001,-28.0011,-31.5277,-31.1952,-28.7999,-28.0677,
05-01-2026-Fri 13-47-44-PM,-28.6335,-27.9678,-31.6275,-31.2285,-28.8332,-28.1009,
05-01-2026-Fri 13-47-46-PM,-28.6668,-27.9678,-31.6275,-31.2617,-28.8332,-28.1009,
05-01-2026-Fri 13-47-47-PM,-28.7001,-28.0344,-31.5942,-31.295,-28.8998,-28.1009,
05-01-2026-Fri 13-47-48-PM,-28.7001,-28.0344,-31.6275,-31.295,-28.933,-28.1676,
05-01-2026-Fri 13-47-50-PM,-28.7334,-28.0344,-31.6607,-31.3614,-28.933,-28.1676,
05-01-2026-Fri 13-47-51-PM,-28.7666,-28.0677,-31.6607,-31.3282,-28.9663,-28.2008,
05-01-2026-Fri 13-47-53-PM,-28.7666,-28.1009,-31.7272,-31.295,-28.9663,-28.2008,
05-01-2026-Fri 13-47-54-PM,-28.7999,-28.1009,-31.7272,-31.3614,-28.9663,-28.2341,
05-01-2026-Fri 13-47-55-PM,-28.8332,-28.1676,-31.7937,-31.3947,-28.9663,-28.2341,
05-01-2026-Fri 13-47-57-PM,-28.8332,-28.1676,-31.7937,-31.3947,-29.0329,-28.3007,
05-01-2026-Fri 13-47-58-PM,-28.8998,-28.1676,-31.7937,-31.4612,-29.0329,-28.3007,
05-01-2026-Fri 13-47-59-PM,-28.8665,-28.2008,-31.827,-31.4945,-29.0662,-28.334,
05-01-2026-Fri 13-48-01-PM,-28.8665,-28.2008,-31.8602,-31.4612,-29.0994,-28.3672,
05-01-2026-Fri 13-48-02-PM,-28.933,-28.2341,-31.827,-31.4945,-29.0994,-28.3672,
05-01-2026-Fri 13-48-04-PM,-28.933,-28.2673,-31.8602,-31.5277,-29.0994,-28.4005,
05-01-2026-Fri 13-48-05-PM,-28.9663,-28.3007,-31.8935,-31.4945,-29.1327,-28.4338,
05-01-2026-Fri 13-48-06-PM,-28.9996,-28.3007,-31.8602,-31.561,-29.1327,-28.4338,
05-01-2026-Fri 13-48-08-PM,-28.9996,-28.3007,-31.9267,-31.5277,-29.1993,-28.4671,
05-01-2026-Fri 13-48-09-PM,-29.0329,-28.334,-31.96,-31.561,-29.1993,-28.4671,
05-01-2026-Fri 13-48-11-PM,-29.0329,-28.3672,-31.9932,-31.561,-29.1993,-28.5004,
05-01-2026-Fri 13-48-12-PM,-29.0662,-28.3672,-32.0264,-31.5277,-29.2326,-28.5337,
05-01-2026-Fri 13-48-14-PM,-29.0994,-28.4005,-32.0264,-31.6607,-29.2657,-28.5337,
05-01-2026-Fri 13-48-17-PM,-29.0994,-28.4005,-32.0597,-31.6607,-29.2991,-28.567,
05-01-2026-Fri 13-48-19-PM,-29.166,-28.4671,-32.0929,-31.6607,-29.3324,-28.6001,
05-01-2026-Fri 13-48-21-PM,-29.1993,-28.5004,-32.1262,-31.6939,-29.3656,-28.6668,
05-01-2026-Fri 13-48-22-PM,-29.2326,-28.5337,-32.1262,-31.7604,-29.3656,-28.6668,
05-01-2026-Fri 13-48-24-PM,-29.2326,-28.5337,-32.2259,-31.7937,-29.3989,-28.7001,
05-01-2026-Fri 13-48-25-PM,-29.2326,-28.567,-32.1927,-31.7272,-29.4321,-28.7001,
05-01-2026-Fri 13-48-26-PM,-29.2991,-28.567,-32.2259,-31.7937,-29.4321,-28.7666,
05-01-2026-Fri 13-48-28-PM,-29.2991,-28.567,-32.2591,-31.7937,-29.4655,-28.7334,
05-01-2026-Fri 13-48-29-PM,-29.3324,-28.6001,-32.2259,-31.7604,-29.4655,-28.7666,
05-01-2026-Fri 13-48-31-PM,-29.3324,-28.6335,-32.2259,-31.8602,-29.4988,-28.8332,
05-01-2026-Fri 13-48-32-PM,-29.3656,-28.6335,-32.3256,-31.8602,-29.532,-28.8332,
05-01-2026-Fri 13-48-34-PM,-29.3989,-28.6668,-32.2924,-31.8602,-29.5653,-28.8665,
05-01-2026-Fri 13-48-35-PM,-29.3989,-28.7001,-32.3256,-31.8602,-29.532,-28.8665,
05-01-2026-Fri 13-48-37-PM,-29.4321,-28.7001,-32.3921,-31.8602,-29.5653,-28.8665,
05-01-2026-Fri 13-48-38-PM,-29.4655,-28.7001,-32.3589,-31.9267,-29.5985,-28.933,
05-01-2026-Fri 13-48-39-PM,-29.4988,-28.7334,-32.3921,-31.9267,-29.5985,-28.8998,
05-01-2026-Fri 13-48-41-PM,-29.4988,-28.7666,-32.4253,-31.9267,-29.6318,-28.9663,
05-01-2026-Fri 13-48-42-PM,-29.4988,-28.7666,-32.4586,-31.96,-29.6318,-28.9663,
05-01-2026-Fri 13-48-43-PM,-29.532,-28.7666,-32.4919,-31.9932,-29.6651,-28.9996,
05-01-2026-Fri 13-48-45-PM,-29.5653,-28.7999,-32.4919,-31.96,-29.6651,-28.9996,
05-01-2026-Fri 13-48-46-PM,-29.5653,-28.8332,-32.4919,-31.9932,-29.6984,-29.0329,
05-01-2026-Fri 13-48-48-PM,-29.5985,-28.8332,-32.4586,-31.9932,-29.7316,-29.0662,
05-01-2026-Fri 13-48-49-PM,-29.6318,-28.8998,-32.5251,-31.9932,-29.7316,-29.0662,
05-01-2026-Fri 13-48-51-PM,-29.6318,-28.8665,-32.5915,-32.0597,-29.7648,-29.0994,
05-01-2026-Fri 13-48-52-PM,-29.6651,-28.8998,-32.5583,-32.0597,-29.7648,-29.1327,
05-01-2026-Fri 13-48-54-PM,-29.6984,-28.933,-32.5915,-32.0929,-29.7982,-29.0994,
05-01-2026-Fri 13-48-56-PM,-29.6984,-28.933,-32.658,-32.0929,-29.8315,-29.166,
05-01-2026-Fri 13-48-57-PM,-29.7316,-28.9663,-32.658,-32.0597,-29.8315,-29.1993,
05-01-2026-Fri 13-48-58-PM,-29.7316,-28.9996,-32.658,-32.1262,-29.8647,-29.1993,
05-01-2026-Fri 13-49-00-PM,-29.7316,-28.9996,-32.7245,-32.0929,-29.8647,-29.2326,
05-01-2026-Fri 13-49-01-PM,-29.7648,-28.9996,-32.6913,-32.1594,-29.898,-29.2657,
05-01-2026-Fri 13-49-03-PM,-29.7982,-29.0329,-32.7245,-32.1927,-29.898,-29.2991,
05-01-2026-Fri 13-49-04-PM,-29.8315,-29.0329,-32.7245,-32.1594,-29.9312,-29.2991,
05-01-2026-Fri 13-49-05-PM,-29.8315,-29.0662,-32.791,-32.2259,-29.9312,-29.2991,
05-01-2026-Fri 13-49-07-PM,-29.8647,-29.0994,-32.7577,-32.1927,-29.9312,-29.3656,
05-01-2026-Fri 13-49-08-PM,-29.898,-29.0994,-32.791,-32.2259,-29.9645,-29.3324,
05-01-2026-Fri 13-49-10-PM,-29.8647,-29.1327,-32.8242,-32.2259,-29.9645,-29.3656,
05-01-2026-Fri 13-49-11-PM,-29.9645,-29.1327,-32.8242,-32.2259,-29.9978,-29.3989,
05-01-2026-Fri 13-49-13-PM,-29.9645,-29.166,-32.8575,-32.2924,-29.9978,-29.3989,
05-01-2026-Fri 13-49-14-PM,-29.9645,-29.166,-32.8575,-32.2924,-30.0311,-29.4321,
05-01-2026-Fri 13-49-15-PM,-29.9645,-29.1993,-32.8907,-32.2924,-30.0643,-29.4321,
05-01-2026-Fri 13-49-17-PM,-29.9978,-29.1993,-32.9572,-32.2924,-30.0643,-29.4655,
05-01-2026-Fri 13-49-18-PM,-30.0311,-29.2326,-32.8575,-32.3256,-30.0975,-29.4988,
05-01-2026-Fri 13-49-19-PM,-30.0311,-29.2326,-32.8907,-32.3589,-30.0975,-29.4988,
05-01-2026-Fri 13-49-21-PM,-30.0643,-29.2657,-32.9904,-32.2924,-30.1309,-29.5653,
05-01-2026-Fri 13-49-22-PM,-30.0643,-29.2657,-32.9904,-32.3589,-30.1641,-29.532,
05-01-2026-Fri 13-49-24-PM,-30.1309,-29.2991,-32.9572,-32.3921,-30.1309,-29.5653,
05-01-2026-Fri 13-49-25-PM,-30.0975,-29.2991,-32.9572,-32.3589,-30.1974,-29.5985,
05-01-2026-Fri 13-49-26-PM,-30.1309,-29.2991,-33.0236,-32.4586,-30.1974,-29.5985,
05-01-2026-Fri 13-49-28-PM,-30.1641,-29.3324,-33.0236,-32.3921,-30.1974,-29.5985,
05-01-2026-Fri 13-49-29-PM,-30.1641,-29.3656,-33.0569,-32.4253,-30.1974,-29.6984,
05-01-2026-Fri 13-49-30-PM,-30.1641,-29.3324,-33.0569,-32.4586,-30.2307,-29.6651,
05-01-2026-Fri 13-49-32-PM,-30.1641,-29.3656,-33.09,-32.4586,-30.2638,-29.6651,
05-01-2026-Fri 13-49-33-PM,-30.2307,-29.3989,-33.1233,-32.4919,-30.2638,-29.7316,
05-01-2026-Fri 13-49-35-PM,-30.2307,-29.4321,-33.1566,-32.4586,-30.2972,-29.7316,
05-01-2026-Fri 13-49-36-PM,-30.2638,-29.4655,-33.09,-32.4919,-30.2972,-29.7648,
05-01-2026-Fri 13-49-37-PM,-30.2972,-29.4655,-33.1233,-32.5251,-30.3304,-29.7648,
05-01-2026-Fri 13-49-39-PM,-30.2972,-29.4988,-33.1566,-32.5251,-30.3304,-29.7982,
05-01-2026-Fri 13-49-40-PM,-30.3304,-29.4988,-33.2231,-32.5251,-30.3304,-29.8315,
05-01-2026-Fri 13-49-42-PM,-30.3637,-29.532,-33.1898,-32.5583,-30.3637,-29.8315,
05-01-2026-Fri 13-49-43-PM,-30.3637,-29.532,-33.2231,-32.5583,-30.397,-29.8315,
05-01-2026-Fri 13-49-44-PM,-30.397,-29.4988,-33.2562,-32.5251,-30.397,-29.8647,
05-01-2026-Fri 13-49-46-PM,-30.397,-29.532,-33.2896,-32.5583,-30.397,-29.898,
05-01-2026-Fri 13-49-47-PM,-30.4302,-29.5985,-33.2896,-32.6248,-30.4302,-29.898,
05-01-2026-Fri 13-49-49-PM,-30.397,-29.5985,-33.3228,-32.5915,-30.4302,-29.9312,
05-01-2026-Fri 13-49-50-PM,-30.4635,-29.6318,-33.356,-32.6248,-30.4635,-29.9645,
05-01-2026-Fri 13-49-51-PM,-30.4635,-29.5985,-33.3228,-32.5915,-30.4635,-29.9645,
05-01-2026-Fri 13-49-53-PM,-30.4968,-29.6318,-33.356,-32.6248,-30.4968,-29.9645,
05-01-2026-Fri 13-49-54-PM,-30.5301,-29.6651,-33.356,-32.658,-30.5301,-29.9978,
05-01-2026-Fri 13-49-56-PM,-30.5301,-29.6651,-33.3892,-32.658,-30.4968,-30.0311,
05-01-2026-Fri 13-49-57-PM,-30.5633,-29.6651,-33.3892,-32.6913,-30.5301,-30.0311,
05-01-2026-Fri 13-49-58-PM,-30.5633,-29.6984,-33.3892,-32.6913,-30.5633,-30.0643,
05-01-2026-Fri 13-50-00-PM,-30.5965,-29.6984,-33.4557,-32.6913,-30.5965,-30.0975,
05-01-2026-Fri 13-50-01-PM,-30.6298,-29.7316,-33.4889,-32.6913,-30.5965,-30.0975,
05-01-2026-Fri 13-50-03-PM,-30.6298,-29.7648,-33.4557,-32.7245,-30.5965,-30.1309,
05-01-2026-Fri 13-50-04-PM,-30.5965,-29.7648,-33.4889,-32.7245,-30.6298,-30.1309,
05-01-2026-Fri 13-50-05-PM,-30.663,-29.7982,-33.5221,-32.7577,-30.6298,-30.1641,
05-01-2026-Fri 13-50-07-PM,-30.6963,-29.7982,-33.5221,-32.7577,-30.663,-30.1974,
05-01-2026-Fri 13-50-08-PM,-30.6963,-29.7982,-33.5554,-32.7577,-30.663,-30.1974,
05-01-2026-Fri 13-50-10-PM,-30.6963,-29.8315,-33.5554,-32.8242,-30.6963,-30.2307,
05-01-2026-Fri 13-50-11-PM,-30.7628,-29.8647,-33.5554,-32.791,-30.6963,-30.2638,
05-01-2026-Fri 13-50-12-PM,-30.7296,-29.8647,-33.5886,-32.791,-30.6963,-30.2307,
05-01-2026-Fri 13-50-14-PM,-30.7628,-29.898,-33.6218,-32.791,-30.7296,-30.2638,
05-01-2026-Fri 13-50-15-PM,-30.7961,-29.898,-33.6551,-32.8575,-30.7628,-30.2972,
05-01-2026-Fri 13-50-18-PM,-30.8294,-29.898,-33.6883,-32.8242,-30.7628,-30.2972,
05-01-2026-Fri 13-50-21-PM,-30.8626,-29.9645,-33.6883,-32.9239,-30.7961,-30.3304,
05-01-2026-Fri 13-50-22-PM,-30.8959,-29.9645,-33.7215,-32.9239,-30.8294,-30.397,
05-01-2026-Fri 13-50-23-PM,-30.8959,-29.9978,-33.7215,-32.9239,-30.8294,-30.4302,
05-01-2026-Fri 13-50-25-PM,-30.929,-29.9978,-33.7546,-32.8907,-30.8626,-30.4302,
05-01-2026-Fri 13-50-26-PM,-30.8959,-29.9978,-33.788,-32.9239,-30.8959,-30.4635,
05-01-2026-Fri 13-50-28-PM,-30.9624,-30.0311,-33.7546,-32.9239,-30.8959,-30.4635,
05-01-2026-Fri 13-50-29-PM,-30.9624,-30.0311,-33.7546,-32.9239,-30.8959,-30.4968,
05-01-2026-Fri 13-50-30-PM,-30.9956,-30.0643,-33.7546,-32.9239,-30.929,-30.4968,
05-01-2026-Fri 13-50-32-PM,-30.9956,-30.0643,-33.788,-32.9239,-30.929,-30.5301,
05-01-2026-Fri 13-50-33-PM,-30.9956,-30.0975,-33.8212,-32.9572,-30.9624,-30.5633,
05-01-2026-Fri 13-50-34-PM,-30.9956,-30.0975,-33.8876,-32.9904,-30.9624,-30.5633,
05-01-2026-Fri 13-50-36-PM,-31.0622,-30.0975,-33.8544,-32.9904,-30.9624,-30.5965,
05-01-2026-Fri 13-50-37-PM,-31.0622,-30.1309,-33.8876,-32.9904,-30.9956,-30.5965,
05-01-2026-Fri 13-50-38-PM,-31.0954,-30.1641,-33.8876,-33.0236,-30.9956,-30.5965,
05-01-2026-Fri 13-50-40-PM,-31.1287,-30.1641,-33.8876,-32.9904,-31.0289,-30.6298,
05-01-2026-Fri 13-50-41-PM,-31.1287,-30.1974,-33.9208,-33.0569,-31.0622,-30.663,
05-01-2026-Fri 13-50-43-PM,-31.162,-30.1641,-33.9541,-33.0236,-31.0289,-30.663,
05-01-2026-Fri 13-50-44-PM,-31.162,-30.1974,-33.9874,-33.0569,-31.0622,-30.6963,
05-01-2026-Fri 13-50-45-PM,-31.1952,-30.2307,-33.9541,-33.0569,-31.0622,-30.6963,
05-01-2026-Fri 13-50-47-PM,-31.1952,-30.2307,-34.0205,-33.09,-31.1287,-30.6963,
05-01-2026-Fri 13-50-48-PM,-31.2285,-30.2638,-33.9874,-33.1233,-31.1287,-30.7961,
05-01-2026-Fri 13-50-50-PM,-31.2285,-30.2638,-34.0205,-33.0236,-31.1287,-30.7628,
05-01-2026-Fri 13-50-51-PM,-31.2617,-30.2972,-34.0205,-33.1233,-31.162,-30.7961,
05-01-2026-Fri 13-50-53-PM,-31.2617,-30.2972,-34.0205,-33.1233,-31.162,-30.7961,
05-01-2026-Fri 13-50-54-PM,-31.295,-30.2972,-34.0205,-33.1566,-31.1952,-30.8294,
05-01-2026-Fri 13-50-55-PM,-31.295,-30.3304,-34.1202,-33.1233,-31.1952,-30.8626,
05-01-2026-Fri 13-50-57-PM,-31.3614,-30.3637,-34.0869,-33.1566,-31.2285,-30.8959,
05-01-2026-Fri 13-50-58-PM,-31.3282,-30.3637,-34.1202,-33.1566,-31.2285,-30.8959,
05-01-2026-Fri 13-51-00-PM,-31.3614,-30.397,-34.0869,-33.1898,-31.2617,-30.8959,
05-01-2026-Fri 13-51-01-PM,-31.3614,-30.4302,-34.1534,-33.1566,-31.2617,-30.8959,
05-01-2026-Fri 13-51-02-PM,-31.3947,-30.397,-34.1534,-33.2231,-31.2617,-30.9624,
05-01-2026-Fri 13-51-04-PM,-31.3947,-30.4302,-34.1534,-33.1898,-31.2617,-30.9624,
05-01-2026-Fri 13-51-05-PM,-31.4279,-30.4302,-34.1534,-33.2562,-31.295,-30.9956,
05-01-2026-Fri 13-51-07-PM,-31.4279,-30.4635,-34.2199,-33.1898,-31.295,-30.9956,
05-01-2026-Fri 13-51-08-PM,-31.4612,-30.4635,-34.2199,-33.2231,-31.3282,-30.9956,
05-01-2026-Fri 13-51-09-PM,-31.4945,-30.4968,-34.1867,-33.1898,-31.3614,-31.0289,
05-01-2026-Fri 13-51-11-PM,-31.4945,-30.4968,-34.253,-33.2896,-31.3614,-31.0622,
05-01-2026-Fri 13-51-12-PM,-31.5277,-30.4968,-34.253,-33.2562,-31.3614,-31.0622,
05-01-2026-Fri 13-51-14-PM,-31.561,-30.5301,-34.3196,-33.2562,-31.3947,-31.0954,
05-01-2026-Fri 13-51-17-PM,-31.561,-30.5301,-34.253,-33.2562,-31.4279,-31.1287,
05-01-2026-Fri 13-51-20-PM,-31.561,-30.5965,-34.3527,-33.2896,-31.4279,-31.1287,
05-01-2026-Fri 13-51-21-PM,-31.6275,-30.5965,-34.386,-33.3228,-31.4612,-31.1952,
05-01-2026-Fri 13-51-22-PM,-31.6275,-30.6298,-34.386,-33.3228,-31.4612,-31.2285,
05-01-2026-Fri 13-51-24-PM,-31.6607,-30.663,-34.4191,-33.3228,-31.4945,-31.2285,
05-01-2026-Fri 13-51-25-PM,-31.6939,-30.663,-34.3527,-33.3892,-31.4945,-31.2285,
05-01-2026-Fri 13-51-27-PM,-31.6939,-30.6963,-34.4191,-33.3892,-31.5277,-31.2285,
05-01-2026-Fri 13-51-28-PM,-31.7272,-30.6963,-34.386,-33.3228,-31.5277,-31.295,
05-01-2026-Fri 13-51-30-PM,-31.7604,-30.6963,-34.386,-33.356,-31.561,-31.295,
05-01-2026-Fri 13-51-32-PM,-31.7604,-30.6963,-34.4191,-33.356,-31.5942,-31.3282,
05-01-2026-Fri 13-51-33-PM,-31.7604,-30.7296,-34.4856,-33.3892,-31.5942,-31.3614,
05-01-2026-Fri 13-51-35-PM,-31.7937,-30.7296,-34.4856,-33.356,-31.5942,-31.3614,
05-01-2026-Fri 13-51-36-PM,-31.827,-30.7628,-34.4856,-33.3892,-31.6607,-31.3614,
05-01-2026-Fri 13-51-37-PM,-31.827,-30.7628,-34.5521,-33.3892,-31.6275,-31.3947,
05-01-2026-Fri 13-51-39-PM,-31.8602,-30.7961,-34.5189,-33.4224,-31.6607,-31.4279,
05-01-2026-Fri 13-51-40-PM,-31.8602,-30.7961,-34.5189,-33.4224,-31.6607,-31.4612,
05-01-2026-Fri 13-51-42-PM,-31.8602,-30.8294,-34.5521,-33.4224,-31.6607,-31.4612,
05-01-2026-Fri 13-51-43-PM,-31.8935,-30.8294,-34.5521,-33.4889,-31.6939,-31.4612,
05-01-2026-Fri 13-51-45-PM,-31.8935,-30.8294,-34.5189,-33.4557,-31.6939,-31.4945,
05-01-2026-Fri 13-51-46-PM,-31.9267,-30.8959,-34.6185,-33.4889,-31.7272,-31.4945,
05-01-2026-Fri 13-51-47-PM,-31.9267,-30.8626,-34.6185,-33.4557,-31.7272,-31.5277,
05-01-2026-Fri 13-51-49-PM,-31.96,-30.8959,-34.6185,-33.5221,-31.7604,-31.5277,
05-01-2026-Fri 13-51-50-PM,-31.96,-30.929,-34.6185,-33.5221,-31.7604,-31.561,
05-01-2026-Fri 13-51-52-PM,-32.0264,-30.929,-34.685,-33.5221,-31.7937,-31.6275,
05-01-2026-Fri 13-51-53-PM,-32.0264,-30.929,-34.7181,-33.5554,-31.7937,-31.6275,
05-01-2026-Fri 13-51-54-PM,-32.0264,-30.9624,-34.6185,-33.5221,-31.827,-31.6275,
05-01-2026-Fri 13-51-56-PM,-32.0597,-30.9624,-34.7181,-33.5554,-31.827,-31.6275,
05-01-2026-Fri 13-51-57-PM,-32.0597,-30.9624,-34.7181,-33.5554,-31.827,-31.6607,
05-01-2026-Fri 13-51-59-PM,-32.0597,-30.9956,-34.7181,-33.5886,-31.8602,-31.6607,
05-01-2026-Fri 13-52-00-PM,-32.0929,-30.9956,-34.685,-33.5886,-31.8935,-31.6939,
05-01-2026-Fri 13-52-01-PM,-32.0929,-31.0289,-34.7513,-33.5554,-31.8935,-31.6939,
05-01-2026-Fri 13-52-03-PM,-32.1262,-31.0289,-34.7846,-33.6218,-31.8935,-31.7272,
05-01-2026-Fri 13-52-04-PM,-32.1262,-31.0622,-34.7513,-33.5886,-31.9267,-31.7604,
05-01-2026-Fri 13-52-06-PM,-32.1594,-31.0622,-34.8178,-33.5886,-31.9267,-31.7604,
05-01-2026-Fri 13-52-08-PM,-32.1594,-31.0622,-34.851,-33.6218,-31.96,-31.7937,
05-01-2026-Fri 13-52-09-PM,-32.1927,-31.0622,-34.7846,-33.6218,-31.96,-31.7937,
05-01-2026-Fri 13-52-10-PM,-32.2259,-31.0954,-34.8178,-33.6218,-31.9932,-31.827,
05-01-2026-Fri 13-52-12-PM,-32.2259,-31.1287,-34.8842,-33.6883,-31.9932,-31.8602,
05-01-2026-Fri 13-52-13-PM,-32.2591,-31.162,-34.851,-33.7546,-31.9932,-31.827,
05-01-2026-Fri 13-52-14-PM,-32.2924,-31.1952,-34.8842,-33.7546,-32.0264,-31.8602,
05-01-2026-Fri 13-52-16-PM,-32.2924,-31.1952,-34.9174,-33.8212,-32.0597,-31.9267,
05-01-2026-Fri 13-52-17-PM,-32.3256,-31.2617,-34.9507,-33.9208,-32.0929,-31.9267,
05-01-2026-Fri 13-52-19-PM,-32.3589,-31.295,-34.9507,-33.9874,-32.1262,-31.9267,
05-01-2026-Fri 13-52-20-PM,-32.4253,-31.3282,-34.9507,-34.0537,-32.1262,-31.96,
05-01-2026-Fri 13-52-21-PM,-32.4253,-31.3614,-35.0503,-34.2199,-32.1927,-31.9932,
05-01-2026-Fri 13-52-23-PM,-32.4919,-31.3947,-34.9839,-34.253,-32.2259,-32.0597,
05-01-2026-Fri 13-52-24-PM,-32.4919,-31.4612,-35.0503,-34.3527,-32.2924,-32.0929,
05-01-2026-Fri 13-52-26-PM,-32.5251,-31.4612,-35.0503,-34.3527,-32.2924,-32.0929,
05-01-2026-Fri 13-52-27-PM,-32.5915,-31.5277,-35.1167,-34.4524,-32.3589,-32.1262,
05-01-2026-Fri 13-52-28-PM,-32.6248,-31.561,-35.0834,-34.5189,-32.3589,-32.1594,
05-01-2026-Fri 13-52-30-PM,-32.658,-31.5942,-35.1499,-34.5521,-32.4253,-32.1594,
05-01-2026-Fri 13-52-31-PM,-32.6913,-31.6275,-35.2164,-34.6185,-32.4586,-32.1927,
05-01-2026-Fri 13-52-33-PM,-32.6913,-31.6607,-35.2164,-34.685,-32.4919,-32.2259,
05-01-2026-Fri 13-52-34-PM,-32.7245,-31.6607,-35.2495,-34.685,-32.5251,-32.2259,
05-01-2026-Fri 13-52-35-PM,-32.7577,-31.6939,-35.2828,-34.7846,-32.5583,-32.2259,
05-01-2026-Fri 13-52-37-PM,-32.791,-31.7272,-35.316,-34.7846,-32.5915,-32.3256,
05-01-2026-Fri 13-52-38-PM,-32.791,-31.7272,-35.316,-34.8178,-32.6248,-32.3256,
05-01-2026-Fri 13-52-40-PM,-32.8242,-31.7937,-35.3492,-34.9174,-32.658,-32.3256,
05-01-2026-Fri 13-52-41-PM,-32.8907,-31.827,-35.3824,-34.9507,-32.6913,-32.3921,
05-01-2026-Fri 13-52-42-PM,-32.8907,-31.8602,-35.3492,-35.0171,-32.6913,-32.3921,
05-01-2026-Fri 13-52-44-PM,-32.9572,-31.8935,-35.4155,-35.0171,-32.7245,-32.4253,
05-01-2026-Fri 13-52-45-PM,-32.9904,-31.9267,-35.4488,-35.0503,-32.791,-32.4586,
05-01-2026-Fri 13-52-46-PM,-33.0236,-31.96,-35.5153,-35.1167,-32.8242,-32.4919,
05-01-2026-Fri 13-52-48-PM,-33.0236,-31.9932,-35.4488,-35.1832,-32.8907,-32.5251,
05-01-2026-Fri 13-52-49-PM,-33.0569,-31.9932,-35.5153,-35.2164,-32.8907,-32.5251,
05-01-2026-Fri 13-52-50-PM,-33.09,-32.0264,-35.5485,-35.2164,-32.8907,-32.5583,
05-01-2026-Fri 13-52-52-PM,-33.1233,-32.0929,-35.5816,-35.316,-32.9572,-32.5583,
05-01-2026-Fri 13-52-53-PM,-33.1233,-32.0597,-35.6149,-35.316,-32.9904,-32.6248,
05-01-2026-Fri 13-52-55-PM,-33.1566,-32.1262,-35.6481,-35.3824,-32.9904,-32.6248,
05-01-2026-Fri 13-52-57-PM,-33.1898,-32.1262,-35.6813,-35.4155,-33.0236,-32.6248,
05-01-2026-Fri 13-53-00-PM,-33.2562,-32.2259,-35.6481,-35.5153,-33.09,-32.7245,
05-01-2026-Fri 13-53-02-PM,-33.2896,-32.2591,-35.7145,-35.5485,-33.1566,-32.7577,
05-01-2026-Fri 13-53-03-PM,-33.356,-32.2924,-35.8473,-35.5485,-33.1898,-32.791,
05-01-2026-Fri 13-53-05-PM,-33.356,-32.3256,-35.8141,-35.5816,-33.2562,-32.8242,
05-01-2026-Fri 13-53-06-PM,-33.3892,-32.3589,-35.8141,-35.6481,-33.2896,-32.8575,
05-01-2026-Fri 13-53-08-PM,-33.3892,-32.3589,-35.8473,-35.6481,-33.3228,-32.8907,
05-01-2026-Fri 13-53-10-PM,-33.4224,-32.3921,-35.9137,-35.6481,-33.356,-32.9239,
05-01-2026-Fri 13-53-11-PM,-33.4557,-32.4586,-35.9137,-35.7476,-33.3892,-32.9572,
05-01-2026-Fri 13-53-12-PM,-33.4889,-32.4586,-35.9801,-35.7809,-33.3892,-32.9904,
05-01-2026-Fri 13-53-14-PM,-33.5554,-32.4919,-35.9801,-35.8141,-33.4557,-32.9904,
05-01-2026-Fri 13-53-15-PM,-33.5554,-32.5251,-35.9801,-35.8473,-33.4557,-33.0236,
05-01-2026-Fri 13-53-16-PM,-33.5886,-32.5583,-36.0134,-35.8141,-33.4889,-33.0569,
05-01-2026-Fri 13-53-18-PM,-33.6218,-32.5583,-36.0134,-35.8805,-33.5221,-33.09,
05-01-2026-Fri 13-53-20-PM,-33.6218,-32.5915,-36.1129,-35.9137,-33.5554,-33.1233,
05-01-2026-Fri 13-53-21-PM,-33.6883,-32.658,-36.1129,-35.9469,-33.5886,-33.1566,
05-01-2026-Fri 13-53-22-PM,-33.6883,-32.6248,-36.1129,-35.9469,-33.6218,-33.1898,
05-01-2026-Fri 13-53-24-PM,-33.7215,-32.6913,-36.1793,-35.9801,-33.6218,-33.2231,
05-01-2026-Fri 13-53-25-PM,-33.7546,-32.6913,-36.2125,-36.0134,-33.6883,-33.2231,
05-01-2026-Fri 13-53-27-PM,-33.788,-32.7577,-36.2125,-36.0465,-33.7215,-33.2562,
05-01-2026-Fri 13-53-28-PM,-33.788,-32.7577,-36.1793,-36.0465,-33.7546,-33.2562,
05-01-2026-Fri 13-53-29-PM,-33.8212,-32.7577,-36.2457,-36.1129,-33.7546,-33.3228,
05-01-2026-Fri 13-53-31-PM,-33.8544,-32.8242,-36.3122,-36.1461,-33.788,-33.3228,
05-01-2026-Fri 13-53-32-PM,-33.8544,-32.8242,-36.3122,-36.1461,-33.8212,-33.3892,
05-01-2026-Fri 13-53-34-PM,-33.9208,-32.8575,-36.3454,-36.1793,-33.8544,-33.4224,
05-01-2026-Fri 13-53-35-PM,-33.9208,-32.8907,-36.3122,-36.1793,-33.8544,-33.4224,
05-01-2026-Fri 13-53-36-PM,-33.9541,-32.8907,-36.3454,-36.2125,-33.9208,-33.4557,
05-01-2026-Fri 13-53-38-PM,-33.9874,-32.9239,-36.4116,-36.2125,-33.9208,-33.4557,
05-01-2026-Fri 13-53-39-PM,-34.0205,-32.9572,-36.4781,-36.2457,-33.9541,-33.4889,
05-01-2026-Fri 13-53-41-PM,-34.0205,-32.9904,-36.4781,-36.2789,-33.9874,-33.5221,
05-01-2026-Fri 13-53-42-PM,-34.0537,-33.0236,-36.4449,-36.2789,-33.9874,-33.5554,
05-01-2026-Fri 13-53-44-PM,-34.0537,-33.0236,-36.5113,-36.3785,-34.0205,-33.5554,
05-01-2026-Fri 13-53-45-PM,-34.0869,-33.0569,-36.5445,-36.3454,-34.0537,-33.6218,
05-01-2026-Fri 13-53-47-PM,-34.1202,-33.0569,-36.5445,-36.3785,-34.0869,-33.6218,
05-01-2026-Fri 13-53-48-PM,-34.1534,-33.09,-36.5445,-36.3785,-34.1202,-33.6551,
05-01-2026-Fri 13-53-49-PM,-34.1534,-33.1233,-36.6441,-36.4116,-34.1534,-33.6883,
05-01-2026-Fri 13-53-51-PM,-34.2199,-33.1233,-36.6109,-36.4781,-34.1534,-33.6883,
05-01-2026-Fri 13-53-52-PM,-34.2199,-33.1566,-36.6773,-36.4449,-34.1867,-33.7546,
05-01-2026-Fri 13-53-54-PM,-34.253,-33.1898,-36.6441,-36.4781,-34.1867,-33.7546,
05-01-2026-Fri 13-53-55-PM,-34.2863,-33.2231,-36.7105,-36.5113,-34.253,-33.788,
05-01-2026-Fri 13-53-56-PM,-34.2863,-33.2231,-36.7105,-36.5445,-34.253,-33.8212,
05-01-2026-Fri 13-53-58-PM,-34.3196,-33.2562,-36.7769,-36.5445,-34.2863,-33.8212,
05-01-2026-Fri 13-53-59-PM,-34.3527,-33.2896,-36.7769,-36.5776,-34.3196,-33.8876,
05-01-2026-Fri 13-54-01-PM,-34.386,-33.2896,-36.81,-36.5776,-34.3196,-33.8876,
05-01-2026-Fri 13-54-02-PM,-34.386,-33.356,-36.8432,-36.6109,-34.3527,-33.9208,
05-01-2026-Fri 13-54-03-PM,-34.4191,-33.3228,-36.81,-36.6109,-34.386,-33.9541,
05-01-2026-Fri 13-54-05-PM,-34.4524,-33.3892,-36.8432,-36.6441,-34.386,-33.9874,
05-01-2026-Fri 13-54-06-PM,-34.4524,-33.3892,-36.8432,-36.6773,-34.4191,-33.9874,
05-01-2026-Fri 13-54-08-PM,-34.4856,-33.4224,-36.8764,-36.6773,-34.4524,-33.9874,
05-01-2026-Fri 13-54-09-PM,-34.5189,-33.4557,-36.9428,-36.7105,-34.4856,-34.0205,
05-01-2026-Fri 13-54-10-PM,-34.5521,-33.4557,-36.9428,-36.7436,-34.4856,-34.0537,
05-01-2026-Fri 13-54-12-PM,-34.5521,-33.4889,-36.9428,-36.7769,-34.5189,-34.0869,
05-01-2026-Fri 13-54-13-PM,-34.6185,-33.5221,-36.976,-36.7769,-34.5521,-34.1202,
05-01-2026-Fri 13-54-15-PM,-34.6185,-33.5221,-36.976,-36.81,-34.5852,-34.1534,
05-01-2026-Fri 13-54-16-PM,-34.6185,-33.5554,-37.0424,-36.81,-34.5852,-34.1534,
05-01-2026-Fri 13-54-17-PM,-34.6517,-33.5886,-37.0092,-36.8432,-34.6185,-34.1867,
05-01-2026-Fri 13-54-19-PM,-34.6517,-33.5886,-37.0755,-36.8432,-34.6517,-34.2199,
05-01-2026-Fri 13-54-20-PM,-34.7181,-33.6218,-37.1088,-36.8764,-34.685,-34.253,
05-01-2026-Fri 13-54-22-PM,-34.7181,-33.6218,-37.0755,-36.8432,-34.685,-34.253,
05-01-2026-Fri 13-54-23-PM,-34.7513,-33.6551,-37.1752,-36.8764,-34.685,-34.2863,
05-01-2026-Fri 13-54-24-PM,-34.7513,-33.6883,-37.1752,-36.8764,-34.7513,-34.3196,
05-01-2026-Fri 13-54-26-PM,-34.7846,-33.6883,-37.1752,-36.9428,-34.7846,-34.3527,
05-01-2026-Fri 13-54-27-PM,-34.7846,-33.7215,-37.2415,-37.0092,-34.7846,-34.3527,
05-01-2026-Fri 13-54-29-PM,-34.851,-33.7546,-37.2084,-36.976,-34.8178,-34.4191,
05-01-2026-Fri 13-54-30-PM,-34.851,-33.7546,-37.2415,-36.976,-34.8178,-34.4191,
05-01-2026-Fri 13-54-31-PM,-34.8842,-33.788,-37.2747,-36.976,-34.851,-34.4191,
05-01-2026-Fri 13-54-33-PM,-34.8842,-33.8212,-37.3411,-37.0424,-34.8842,-34.4524,
05-01-2026-Fri 13-54-34-PM,-34.9174,-33.8212,-37.3411,-37.0424,-34.8842,-34.4856,
05-01-2026-Fri 13-54-35-PM,-34.9507,-33.8544,-37.3411,-37.0424,-34.9174,-34.4856,
05-01-2026-Fri 13-54-37-PM,-34.9174,-33.8876,-37.3743,-37.0424,-34.9507,-34.5521,
05-01-2026-Fri 13-54-38-PM,-35.0171,-33.8876,-37.3411,-37.0755,-34.9507,-34.5521,
05-01-2026-Fri 13-54-40-PM,-35.0171,-33.9208,-37.4074,-37.0755,-34.9839,-34.5852,
05-01-2026-Fri 13-54-41-PM,-35.0503,-33.9541,-37.3743,-37.142,-34.9839,-34.6185,
05-01-2026-Fri 13-54-42-PM,-35.0834,-33.9208,-37.4074,-37.1088,-35.0171,-34.6517,
05-01-2026-Fri 13-54-44-PM,-35.0503,-33.9541,-37.4407,-37.142,-35.0503,-34.6517,
05-01-2026-Fri 13-54-45-PM,-35.1167,-33.9874,-37.507,-37.142,-35.0503,-34.685,
05-01-2026-Fri 13-54-46-PM,-35.1167,-33.9874,-37.507,-37.2415,-35.0503,-34.7181,
05-01-2026-Fri 13-54-48-PM,-35.1499,-34.0537,-37.507,-37.2084,-35.0834,-34.7181,
05-01-2026-Fri 13-54-49-PM,-35.1499,-34.0537,-37.5733,-37.2415,-35.1167,-34.7181,
05-01-2026-Fri 13-54-51-PM,-35.2164,-34.0869,-37.5733,-37.2415,-35.1499,-34.7846,
05-01-2026-Fri 13-54-52-PM,-35.2164,-34.0869,-37.6066,-37.2415,-35.1832,-34.7846,
05-01-2026-Fri 13-54-54-PM,-35.2495,-34.1202,-37.6398,-37.3079,-35.1832,-34.8178,
05-01-2026-Fri 13-54-55-PM,-35.2495,-34.1534,-37.673,-37.2747,-35.2164,-34.8178,
05-01-2026-Fri 13-54-56-PM,-35.2828,-34.1534,-37.673,-37.3079,-35.2164,-34.8842,
05-01-2026-Fri 13-54-58-PM,-35.316,-34.1534,-37.673,-37.3411,-35.2164,-34.8842,
05-01-2026-Fri 13-54-59-PM,-35.2828,-34.1534,-37.7392,-37.3743,-35.2828,-34.9174,
05-01-2026-Fri 13-55-00-PM,-35.3492,-34.1867,-37.7392,-37.3411,-35.2828,-34.9507,
05-01-2026-Fri 13-55-02-PM,-35.3492,-34.1867,-37.7392,-37.3411,-35.316,-34.9839,
05-01-2026-Fri 13-55-03-PM,-35.3824,-34.253,-37.7392,-37.3743,-35.316,-34.9839,
05-01-2026-Fri 13-55-04-PM,-35.3824,-34.253,-37.7392,-37.4074,-35.3492,-34.9839,
05-01-2026-Fri 13-55-06-PM,-35.4155,-34.2863,-37.8389,-37.4738,-35.3492,-35.0503,
05-01-2026-Fri 13-55-07-PM,-35.4488,-34.2863,-37.8057,-37.4074,-35.3824,-35.0503,
05-01-2026-Fri 13-55-08-PM,-35.482,-34.3196,-37.8721,-37.4407,-35.4155,-35.0834,
05-01-2026-Fri 13-55-11-PM,-35.482,-34.3527,-37.8721,-37.4738,-35.4488,-35.0834,
05-01-2026-Fri 13-55-14-PM,-35.5153,-34.3527,-37.9052,-37.4074,-35.4488,-35.1499,
05-01-2026-Fri 13-55-17-PM,-35.5485,-34.4191,-37.9384,-37.507,-35.482,-35.1832,
05-01-2026-Fri 13-55-20-PM,-35.6149,-34.4524,-37.9384,-37.507,-35.5485,-35.2495,
05-01-2026-Fri 13-55-22-PM,-35.6813,-34.4856,-38.0048,-37.5733,-35.5816,-35.2828,
05-01-2026-Fri 13-55-23-PM,-35.6813,-34.5189,-38.071,-37.5733,-35.6149,-35.316,
05-01-2026-Fri 13-55-24-PM,-35.7145,-34.5189,-38.1043,-37.6066,-35.6481,-35.3492,
05-01-2026-Fri 13-55-26-PM,-35.7145,-34.5521,-38.071,-37.6398,-35.6481,-35.3492,
05-01-2026-Fri 13-55-27-PM,-35.7145,-34.5521,-38.1043,-37.6398,-35.6813,-35.3824,
05-01-2026-Fri 13-55-28-PM,-35.7809,-34.5852,-38.1375,-37.6398,-35.6813,-35.4155,
05-01-2026-Fri 13-55-30-PM,-35.7809,-34.5852,-38.1707,-37.673,-35.6813,-35.4155,
05-01-2026-Fri 13-55-31-PM,-35.7809,-34.6185,-38.1375,-37.6066,-35.7145,-35.4488,
05-01-2026-Fri 13-55-33-PM,-35.8141,-34.6517,-38.1707,-37.7062,-35.7476,-35.4488,
05-01-2026-Fri 13-55-34-PM,-35.8473,-34.6517,-38.1707,-37.7062,-35.7809,-35.5153,
05-01-2026-Fri 13-55-36-PM,-35.8805,-34.685,-38.237,-37.7062,-35.7809,-35.482,
05-01-2026-Fri 13-55-37-PM,-35.8805,-34.685,-38.2702,-37.7392,-35.8141,-35.5485,
05-01-2026-Fri 13-55-39-PM,-35.9137,-34.685,-38.3034,-37.7725,-35.8141,-35.5485,
05-01-2026-Fri 13-55-40-PM,-35.9469,-34.7513,-38.2702,-37.7392,-35.8473,-35.5816,
05-01-2026-Fri 13-55-42-PM,-35.9469,-34.7513,-38.2702,-37.7725,-35.8805,-35.6149,
05-01-2026-Fri 13-55-43-PM,-35.9801,-34.7513,-38.3034,-37.7392,-35.8805,-35.6481,
05-01-2026-Fri 13-55-44-PM,-35.9801,-34.7846,-38.3698,-37.7725,-35.9137,-35.6813,
05-01-2026-Fri 13-55-46-PM,-35.9801,-34.8178,-38.3698,-37.7725,-35.9137,-35.6813,
05-01-2026-Fri 13-55-47-PM,-36.0465,-34.8178,-38.3698,-37.8389,-35.9469,-35.7145,
05-01-2026-Fri 13-55-49-PM,-36.0465,-34.851,-38.4028,-37.8057,-35.9469,-35.7476,
05-01-2026-Fri 13-55-50-PM,-36.0465,-34.851,-38.4028,-37.8389,-35.9801,-35.7476,
05-01-2026-Fri 13-55-51-PM,-36.0796,-34.851,-38.4693,-37.8721,-35.9801,-35.7809,
05-01-2026-Fri 13-55-53-PM,-36.1129,-34.8842,-38.4028,-37.8721,-36.0134,-35.7809,
05-01-2026-Fri 13-55-54-PM,-36.1461,-34.9174,-38.4693,-37.8721,-36.0465,-35.8141,
05-01-2026-Fri 13-55-55-PM,-36.1793,-34.9174,-38.5356,-37.8721,-36.0796,-35.8473,
05-01-2026-Fri 13-55-57-PM,-36.1793,-34.9174,-38.5024,-37.8721,-36.0796,-35.8473,
05-01-2026-Fri 13-55-58-PM,-36.2125,-34.9507,-38.5356,-37.9384,-36.0796,-35.8805,
05-01-2026-Fri 13-56-00-PM,-36.2125,-34.9839,-38.5024,-37.8389,-36.1129,-35.9137,
05-01-2026-Fri 13-56-02-PM,-36.2457,-35.0171,-38.602,-37.9384,-36.1129,-35.9469,
05-01-2026-Fri 13-56-03-PM,-36.2457,-35.0171,-38.6352,-37.9384,-36.1461,-35.9469,
05-01-2026-Fri 13-56-04-PM,-36.2789,-35.0503,-38.6352,-37.9384,-36.1793,-35.9801,
05-01-2026-Fri 13-56-06-PM,-36.3122,-35.0834,-38.6352,-37.9716,-36.1793,-36.0134,
05-01-2026-Fri 13-56-07-PM,-36.3454,-35.0503,-38.6352,-37.9716,-36.2125,-35.9801,
05-01-2026-Fri 13-56-08-PM,-36.3454,-35.0834,-38.6352,-38.0048,-36.2125,-36.0465,
05-01-2026-Fri 13-56-10-PM,-36.3454,-35.0834,-38.7015,-38.0048,-36.2457,-36.0465,
05-01-2026-Fri 13-56-11-PM,-36.3785,-35.1167,-38.6683,-38.0048,-36.2789,-36.0796,
05-01-2026-Fri 13-56-12-PM,-36.4116,-35.1499,-38.7015,-37.9716,-36.2789,-36.1129,
05-01-2026-Fri 13-56-14-PM,-36.4116,-35.1499,-38.7678,-38.038,-36.3122,-36.1129,
05-01-2026-Fri 13-56-15-PM,-36.4116,-35.1499,-38.7678,-38.038,-36.3122,-36.1461,
05-01-2026-Fri 13-56-17-PM,-36.4449,-35.1832,-38.801,-38.038,-36.3454,-36.1461,
05-01-2026-Fri 13-56-18-PM,-36.4449,-35.1832,-38.801,-38.071,-36.3454,-36.1793,
05-01-2026-Fri 13-56-19-PM,-36.5113,-35.2164,-38.8342,-38.071,-36.3785,-36.2457,
05-01-2026-Fri 13-56-21-PM,-36.5113,-35.2495,-38.801,-38.1043,-36.3785,-36.2457,
05-01-2026-Fri 13-56-22-PM,-36.5113,-35.2495,-38.8673,-38.071,-36.3785,-36.2457,
05-01-2026-Fri 13-56-24-PM,-36.5445,-35.2828,-38.8342,-38.1043,-36.4116,-36.2789,
05-01-2026-Fri 13-56-25-PM,-36.5776,-35.316,-38.8673,-38.1043,-36.4116,-36.3122,
05-01-2026-Fri 13-56-26-PM,-36.6109,-35.2828,-38.9005,-38.1043,-36.4781,-36.3122,
05-01-2026-Fri 13-56-28-PM,-36.6109,-35.316,-38.9669,-38.1043,-36.4781,-36.3454,
05-01-2026-Fri 13-56-29-PM,-36.6109,-35.316,-38.9337,-38.1707,-36.5113,-36.3454,
05-01-2026-Fri 13-56-31-PM,-36.6441,-35.3492,-38.9005,-38.1375,-36.5113,-36.4116,
05-01-2026-Fri 13-56-32-PM,-36.6441,-35.3824,-39.0,-38.1375,-36.5113,-36.4116,
05-01-2026-Fri 13-56-33-PM,-36.6773,-35.4155,-39.0332,-38.1375,-36.5445,-36.4449,
05-01-2026-Fri 13-56-35-PM,-36.6773,-35.4155,-39.0332,-38.237,-36.5776,-36.4449,
05-01-2026-Fri 13-56-36-PM,-36.7105,-35.4155,-39.0332,-38.237,-36.5776,-36.4449,
05-01-2026-Fri 13-56-37-PM,-36.7105,-35.4488,-39.0663,-38.2039,-36.6109,-36.4781,
05-01-2026-Fri 13-56-39-PM,-36.7769,-35.4488,-39.0995,-38.2039,-36.6441,-36.5113,
05-01-2026-Fri 13-56-40-PM,-36.7769,-35.482,-39.0332,-38.237,-36.6109,-36.5445,
05-01-2026-Fri 13-56-42-PM,-36.81,-35.482,-39.0332,-38.237,-36.6441,-36.5445,
05-01-2026-Fri 13-56-43-PM,-36.81,-35.482,-39.0995,-38.2702,-36.6773,-36.6109,
05-01-2026-Fri 13-56-45-PM,-36.8432,-35.5153,-39.0995,-38.2702,-36.6773,-36.5776,
05-01-2026-Fri 13-56-46-PM,-36.8432,-35.5485,-39.0995,-38.3034,-36.7105,-36.6109,
05-01-2026-Fri 13-56-47-PM,-36.8764,-35.5485,-39.1658,-38.237,-36.7105,-36.6441,
05-01-2026-Fri 13-56-49-PM,-36.9096,-35.5816,-39.199,-38.3034,-36.7436,-36.6441,
05-01-2026-Fri 13-56-50-PM,-36.9096,-35.6149,-39.199,-38.3034,-36.7436,-36.6773,
05-01-2026-Fri 13-56-52-PM,-36.9428,-35.5816,-39.199,-38.3034,-36.7769,-36.7105,
05-01-2026-Fri 13-56-53-PM,-36.976,-35.6481,-39.199,-38.3366,-36.81,-36.7105,
05-01-2026-Fri 13-56-54-PM,-36.976,-35.6481,-39.2654,-38.3034,-36.7769,-36.7105,
05-01-2026-Fri 13-56-56-PM,-36.976,-35.6481,-39.2321,-38.3034,-36.8432,-36.7769,
05-01-2026-Fri 13-56-57-PM,-36.976,-35.6481,-39.199,-38.3698,-36.8432,-36.81,
05-01-2026-Fri 13-56-59-PM,-37.0424,-35.6813,-39.2986,-38.3698,-36.8764,-36.7769,
05-01-2026-Fri 13-57-00-PM,-37.0424,-35.7145,-39.2986,-38.4028,-36.8432,-36.8432,
05-01-2026-Fri 13-57-02-PM,-37.0424,-35.7145,-39.2986,-38.4028,-36.8764,-36.8432,
05-01-2026-Fri 13-57-03-PM,-37.0755,-35.7145,-39.3649,-38.4028,-36.9096,-36.8432,
05-01-2026-Fri 13-57-04-PM,-37.0755,-35.7476,-39.3649,-38.4028,-36.9428,-36.8764,
05-01-2026-Fri 13-57-06-PM,-37.1088,-35.7476,-39.3649,-38.4028,-36.976,-36.9096,
05-01-2026-Fri 13-57-07-PM,-37.142,-35.7809,-39.3979,-38.4361,-36.9428,-36.9096,
05-01-2026-Fri 13-57-09-PM,-37.1752,-35.8141,-39.3979,-38.4028,-36.976,-36.976,
05-01-2026-Fri 13-57-10-PM,-37.1752,-35.8141,-39.3979,-38.4693,-37.0092,-36.976,
05-01-2026-Fri 13-57-12-PM,-37.1752,-35.8473,-39.4643,-38.4693,-37.0092,-37.0092,
05-01-2026-Fri 13-57-13-PM,-37.2084,-35.8473,-39.4312,-38.4693,-37.0092,-37.0092,
05-01-2026-Fri 13-57-14-PM,-37.2415,-35.8473,-39.5307,-38.4693,-37.0424,-37.0424,
05-01-2026-Fri 13-57-16-PM,-37.2415,-35.8805,-39.4643,-38.5024,-37.0755,-37.0424,
05-01-2026-Fri 13-57-17-PM,-37.2415,-35.9137,-39.4643,-38.5356,-37.0755,-37.0755,
05-01-2026-Fri 13-57-18-PM,-37.3079,-35.9137,-39.4643,-38.5024,-37.1088,-37.1088,
05-01-2026-Fri 13-57-20-PM,-37.3079,-35.9469,-39.5307,-38.4693,-37.1088,-37.1088,
05-01-2026-Fri 13-57-21-PM,-37.3079,-35.9469,-39.5307,-38.5356,-37.142,-37.142,
05-01-2026-Fri 13-57-23-PM,-37.3079,-35.9469,-39.5638,-38.5687,-37.142,-37.142,
05-01-2026-Fri 13-57-24-PM,-37.3743,-35.9801,-39.597,-38.5356,-37.1752,-37.142,
05-01-2026-Fri 13-57-25-PM,-37.3743,-35.9801,-39.5307,-38.602,-37.1752,-37.2084,
05-01-2026-Fri 13-57-27-PM,-37.3743,-36.0134,-39.597,-38.5356,-37.1752,-37.2084,
05-01-2026-Fri 13-57-28-PM,-37.4074,-36.0134,-39.597,-38.5687,-37.2084,-37.2084,
05-01-2026-Fri 13-57-30-PM,-37.4074,-36.0465,-39.597,-38.602,-37.2084,-37.2415,
05-01-2026-Fri 13-57-31-PM,-37.4407,-36.0465,-39.6634,-38.5687,-37.2415,-37.2747,
05-01-2026-Fri 13-57-33-PM,-37.4738,-36.0465,-39.6965,-38.602,-37.2747,-37.2747,
05-01-2026-Fri 13-57-35-PM,-37.4738,-36.0796,-39.6634,-38.6352,-37.2747,-37.3079,
05-01-2026-Fri 13-57-38-PM,-37.507,-36.1129,-39.7295,-38.602,-37.3079,-37.3411,
05-01-2026-Fri 13-57-41-PM,-37.5402,-36.1461,-39.7295,-38.7015,-37.3411,-37.4074,
05-01-2026-Fri 13-57-42-PM,-37.5733,-36.1793,-39.7628,-38.7346,-37.3411,-37.4407,
05-01-2026-Fri 13-57-44-PM,-37.6066,-36.2125,-39.7628,-38.7015,-37.4074,-37.4407,
05-01-2026-Fri 13-57-45-PM,-37.6066,-36.2125,-39.796,-38.6352,-37.4074,-37.4738,
05-01-2026-Fri 13-57-47-PM,-37.6398,-36.1793,-39.8291,-38.7015,-37.4074,-37.507,
05-01-2026-Fri 13-57-48-PM,-37.6398,-36.2125,-39.8623,-38.7015,-37.4407,-37.4738,
05-01-2026-Fri 13-57-49-PM,-37.673,-36.2457,-39.8291,-38.7015,-37.4738,-37.5402,
05-01-2026-Fri 13-57-51-PM,-37.673,-36.2457,-39.8291,-38.6683,-37.4738,-37.5402,
05-01-2026-Fri 13-57-52-PM,-37.7062,-36.2789,-39.8954,-38.7346,-37.4738,-37.5402,
05-01-2026-Fri 13-57-53-PM,-37.7392,-36.2457,-39.8291,-38.7015,-37.507,-37.5733,
05-01-2026-Fri 13-57-55-PM,-37.7392,-36.3122,-39.8954,-38.7346,-37.507,-37.5733,
05-01-2026-Fri 13-57-56-PM,-37.7392,-36.3122,-39.8954,-38.7346,-37.507,-37.6398,
05-01-2026-Fri 13-57-57-PM,-37.7725,-36.3122,-39.9949,-38.7678,-37.5402,-37.6398,
05-01-2026-Fri 13-57-59-PM,-37.7725,-36.3454,-39.9618,-38.7678,-37.5402,-37.6398,
05-01-2026-Fri 13-58-00-PM,-37.8057,-36.3454,-39.9286,-38.7678,-37.5733,-37.673,
05-01-2026-Fri 13-58-02-PM,-37.8389,-36.3454,-39.9618,-38.7678,-37.6066,-37.673,
05-01-2026-Fri 13-58-03-PM,-37.8389,-36.3785,-39.9949,-38.801,-37.6066,-37.7062,
05-01-2026-Fri 13-58-04-PM,-37.8057,-36.3785,-39.9618,-38.801,-37.6066,-37.7062,
05-01-2026-Fri 13-58-06-PM,-37.8721,-36.4116,-40.0281,-38.8342,-37.6398,-37.7392,
05-01-2026-Fri 13-58-07-PM,-37.8721,-36.4116,-40.0611,-38.801,-37.6398,-37.7392,
05-01-2026-Fri 13-58-08-PM,-37.8721,-36.4449,-39.9949,-38.8342,-37.6398,-37.7725,
05-01-2026-Fri 13-58-10-PM,-37.9052,-36.4781,-40.0611,-38.801,-37.673,-37.8057,
05-01-2026-Fri 13-58-11-PM,-37.9052,-36.4781,-40.0611,-38.8342,-37.673,-37.8057,
05-01-2026-Fri 13-58-12-PM,-37.9384,-36.4781,-40.0944,-38.8342,-37.7062,-37.8389,
05-01-2026-Fri 13-58-14-PM,-37.9384,-36.4781,-40.0944,-38.8342,-37.7392,-37.8389,
05-01-2026-Fri 13-58-15-PM,-37.9716,-36.4781,-40.0611,-38.8342,-37.7392,-37.8389,
05-01-2026-Fri 13-58-16-PM,-38.0048,-36.5113,-40.0944,-38.8673,-37.7392,-37.8721,
05-01-2026-Fri 13-58-18-PM,-38.0048,-36.5445,-40.1275,-38.8673,-37.7725,-37.9052,
05-01-2026-Fri 13-58-19-PM,-38.038,-36.5113,-40.1275,-38.8673,-37.7392,-37.9052,
05-01-2026-Fri 13-58-20-PM,-38.0048,-36.5445,-40.1275,-38.9005,-37.8057,-37.9052,
05-01-2026-Fri 13-58-22-PM,-38.038,-36.5776,-40.1607,-38.8673,-37.7725,-37.9384,
05-01-2026-Fri 13-58-23-PM,-38.038,-36.6109,-40.1607,-38.9005,-37.8389,-37.9384,
05-01-2026-Fri 13-58-24-PM,-38.071,-36.6109,-40.1607,-38.9005,-37.8057,-37.9384,
05-01-2026-Fri 13-58-26-PM,-38.071,-36.6109,-40.1939,-38.9337,-37.8389,-38.0048,
05-01-2026-Fri 13-58-27-PM,-38.071,-36.6441,-40.227,-38.9337,-37.8721,-38.0048,
05-01-2026-Fri 13-58-29-PM,-38.1375,-36.6441,-40.2602,-38.9005,-37.8721,-38.0048,
05-01-2026-Fri 13-58-30-PM,-38.1375,-36.6773,-40.2602,-39.0,-37.9052,-38.038,
05-01-2026-Fri 13-58-31-PM,-38.1375,-36.6773,-40.2602,-38.9337,-37.9052,-38.038,
05-01-2026-Fri 13-58-33-PM,-38.1707,-36.7105,-40.2602,-38.9337,-37.9052,-38.1043,
05-01-2026-Fri 13-58-34-PM,-38.1707,-36.6773,-40.2602,-38.9005,-37.9384,-38.1043,
05-01-2026-Fri 13-58-35-PM,-38.1707,-36.6773,-40.2602,-38.9669,-37.9716,-38.1043,
05-01-2026-Fri 13-58-37-PM,-38.2039,-36.7436,-40.2602,-38.9669,-37.9716,-38.1043,
05-01-2026-Fri 13-58-38-PM,-38.237,-36.7436,-40.3265,-38.9669,-38.0048,-38.1043,
05-01-2026-Fri 13-58-39-PM,-38.237,-36.7436,-40.3265,-39.0,-37.9716,-38.1707,
05-01-2026-Fri 13-58-41-PM,-38.237,-36.7769,-40.2934,-39.0,-37.9716,-38.2039,
05-01-2026-Fri 13-58-42-PM,-38.2702,-36.7769,-40.3265,-39.0,-38.038,-38.2039,
05-01-2026-Fri 13-58-43-PM,-38.3034,-36.81,-40.3927,-39.0,-38.038,-38.2039,
05-01-2026-Fri 13-58-45-PM,-38.3034,-36.81,-40.3597,-38.9669,-38.038,-38.1707,
05-01-2026-Fri 13-58-46-PM,-38.3034,-36.81,-40.3597,-39.0332,-38.071,-38.237,
05-01-2026-Fri 13-58-47-PM,-38.3366,-36.8432,-40.3597,-39.0332,-38.1043,-38.237,
05-01-2026-Fri 13-58-49-PM,-38.3366,-36.8432,-40.3927,-39.0995,-38.071,-38.2702,
05-01-2026-Fri 13-58-50-PM,-38.3366,-36.8764,-40.426,-39.0663,-38.1043,-38.2702,
05-01-2026-Fri 13-58-52-PM,-38.3698,-36.8764,-40.3927,-39.0332,-38.1043,-38.3366,
05-01-2026-Fri 13-58-53-PM,-38.3698,-36.8764,-40.426,-39.0663,-38.1375,-38.3366,
05-01-2026-Fri 13-58-54-PM,-38.4028,-36.9096,-40.4591,-39.0995,-38.1375,-38.3366,
05-01-2026-Fri 13-58-56-PM,-38.4361,-36.9428,-40.4923,-39.0663,-38.1707,-38.3698,
05-01-2026-Fri 13-58-57-PM,-38.4361,-36.9428,-40.4923,-39.0663,-38.1707,-38.3698,
05-01-2026-Fri 13-58-58-PM,-38.4361,-36.9428,-40.4923,-39.0663,-38.2039,-38.3698,
05-01-2026-Fri 13-59-00-PM,-38.4361,-36.976,-40.5254,-39.0663,-38.2039,-38.4028,
05-01-2026-Fri 13-59-01-PM,-38.4693,-36.976,-40.4923,-39.0663,-38.2039,-38.4361,
05-01-2026-Fri 13-59-02-PM,-38.5024,-36.976,-40.5585,-39.1327,-38.237,-38.4693,
05-01-2026-Fri 13-59-04-PM,-38.5024,-37.0092,-40.5585,-39.0995,-38.2039,-38.4693,
05-01-2026-Fri 13-59-05-PM,-38.5024,-37.0092,-40.5254,-39.1327,-38.2702,-38.4693,
05-01-2026-Fri 13-59-07-PM,-38.5356,-37.0092,-40.5585,-39.1327,-38.3034,-38.5024,
05-01-2026-Fri 13-59-08-PM,-38.5356,-37.0424,-40.5585,-39.1658,-38.3034,-38.5024,
05-01-2026-Fri 13-59-10-PM,-38.5687,-37.0755,-40.5917,-39.199,-38.3034,-38.5356,
05-01-2026-Fri 13-59-11-PM,-38.5687,-37.0424,-40.5585,-39.1327,-38.3034,-38.5356,
05-01-2026-Fri 13-59-12-PM,-38.602,-37.0755,-40.6249,-39.1658,-38.3366,-38.5687,
05-01-2026-Fri 13-59-14-PM,-38.602,-37.0755,-40.5917,-39.1658,-38.3366,-38.602,
05-01-2026-Fri 13-59-15-PM,-38.6352,-37.1088,-40.5917,-39.1658,-38.3366,-38.602,
05-01-2026-Fri 13-59-17-PM,-38.6352,-37.142,-40.6249,-39.1658,-38.4028,-38.6352,
05-01-2026-Fri 13-59-18-PM,-38.6683,-37.142,-40.6249,-39.2321,-38.4028,-38.6352,
05-01-2026-Fri 13-59-19-PM,-38.6683,-37.142,-40.658,-39.1658,-38.4028,-38.6683,
05-01-2026-Fri 13-59-21-PM,-38.6683,-37.2084,-40.658,-39.2321,-38.4028,-38.6683,
05-01-2026-Fri 13-59-22-PM,-38.7015,-37.1752,-40.658,-39.2321,-38.4361,-38.6683,
05-01-2026-Fri 13-59-23-PM,-38.7015,-37.1752,-40.6912,-39.2321,-38.4361,-38.6683,
05-01-2026-Fri 13-59-25-PM,-38.7346,-37.2084,-40.6912,-39.2654,-38.4693,-38.7346,
05-01-2026-Fri 13-59-26-PM,-38.7678,-37.2084,-40.658,-39.2321,-38.4693,-38.7346,
05-01-2026-Fri 13-59-28-PM,-38.7346,-37.2415,-40.7575,-39.2654,-38.5024,-38.7346,
05-01-2026-Fri 13-59-29-PM,-38.7678,-37.2415,-40.7575,-39.2654,-38.5024,-38.7346,
05-01-2026-Fri 13-59-31-PM,-38.7678,-37.2747,-40.7243,-39.2986,-38.5356,-38.801,
05-01-2026-Fri 13-59-32-PM,-38.801,-37.2747,-40.7243,-39.2654,-38.5356,-38.801,
05-01-2026-Fri 13-59-33-PM,-38.801,-37.2747,-40.7906,-39.3317,-38.5356,-38.801,
05-01-2026-Fri 13-59-35-PM,-38.8673,-37.3079,-40.7906,-39.2654,-38.5687,-38.8342,
05-01-2026-Fri 13-59-36-PM,-38.8342,-37.3411,-40.7906,-39.2986,-38.5687,-38.8342,
05-01-2026-Fri 13-59-37-PM,-38.8673,-37.3411,-40.8237,-39.2654,-38.5687,-38.8673,
05-01-2026-Fri 13-59-39-PM,-38.8673,-37.3411,-40.8237,-39.2654,-38.5687,-38.8673,
05-01-2026-Fri 13-59-40-PM,-38.9005,-37.3411,-40.8569,-39.3317,-38.602,-38.9005,
05-01-2026-Fri 13-59-42-PM,-38.9005,-37.3743,-40.8237,-39.3317,-38.602,-38.9005,
05-01-2026-Fri 13-59-43-PM,-38.9337,-37.4074,-40.7906,-39.2986,-38.6683,-38.9005,
05-01-2026-Fri 13-59-44-PM,-38.9337,-37.4074,-40.89,-39.3317,-38.6352,-38.9337,
05-01-2026-Fri 13-59-46-PM,-38.9337,-37.4074,-40.89,-39.3649,-38.6683,-38.9337,
05-01-2026-Fri 13-59-47-PM,-38.9337,-37.4074,-40.9232,-39.3317,-38.6683,-38.9669,
05-01-2026-Fri 13-59-49-PM,-38.9669,-37.4074,-40.8569,-39.2986,-38.7015,-39.0,
05-01-2026-Fri 13-59-50-PM,-39.0,-37.4407,-40.8569,-39.3317,-38.7015,-39.0,
05-01-2026-Fri 13-59-51-PM,-39.0,-37.4738,-40.9232,-39.3649,-38.7346,-39.0332,
05-01-2026-Fri 13-59-53-PM,-39.0332,-37.4407,-40.9564,-39.3649,-38.7678,-39.0332,
05-01-2026-Fri 13-59-54-PM,-39.0,-37.4738,-40.9564,-39.3649,-38.7346,-39.0332,
05-01-2026-Fri 13-59-56-PM,-39.0332,-37.507,-40.9564,-39.3979,-38.7346,-39.0332,
05-01-2026-Fri 13-59-57-PM,-39.0663,-37.507,-40.9564,-39.4312,-38.7678,-39.0663,
05-01-2026-Fri 13-59-58-PM,-39.0663,-37.507,-40.9564,-39.3979,-38.801,-39.0995,
05-01-2026-Fri 14-00-00-PM,-39.0995,-37.5402,-40.9564,-39.3649,-38.7678,-39.0995,
05-01-2026-Fri 14-00-03-PM,-39.0995,-37.5402,-40.9564,-39.3979,-38.8342,-39.0995,
05-01-2026-Fri 14-00-05-PM,-39.0995,-37.5733,-41.0227,-39.4312,-38.8342,-39.1327,
05-01-2026-Fri 14-00-08-PM,-39.1658,-37.6066,-41.0227,-39.3979,-38.9005,-39.1658,
05-01-2026-Fri 14-00-11-PM,-39.199,-37.6398,-41.089,-39.4312,-38.9005,-39.199,
05-01-2026-Fri 14-00-14-PM,-39.2321,-37.6398,-41.0558,-39.4643,-38.9005,-39.2321,
05-01-2026-Fri 14-00-16-PM,-39.2321,-37.7062,-41.1221,-39.4975,-38.9669,-39.2654,
05-01-2026-Fri 14-00-18-PM,-39.2321,-37.7062,-41.089,-39.5307,-38.9669,-39.2986,
05-01-2026-Fri 14-00-20-PM,-39.2654,-37.7392,-41.0558,-39.4975,-39.0,-39.3317,
05-01-2026-Fri 14-00-22-PM,-39.2654,-37.7392,-41.1552,-39.5307,-39.0,-39.2986,
05-01-2026-Fri 14-00-24-PM,-39.2986,-37.7392,-41.1552,-39.4975,-39.0332,-39.3649,
05-01-2026-Fri 14-00-26-PM,-39.3317,-37.7725,-41.1552,-39.5638,-39.0663,-39.3649,
05-01-2026-Fri 14-00-27-PM,-39.3317,-37.8057,-41.1884,-39.5307,-39.0663,-39.3649,
05-01-2026-Fri 14-00-28-PM,-39.3649,-37.7725,-41.1884,-39.5307,-39.0995,-39.4312,
05-01-2026-Fri 14-00-30-PM,-39.3649,-37.8057,-41.1884,-39.5307,-39.0995,-39.4312,
05-01-2026-Fri 14-00-31-PM,-39.3979,-37.8057,-41.2214,-39.5638,-39.0995,-39.3979,
05-01-2026-Fri 14-00-32-PM,-39.3979,-37.8057,-41.2214,-39.5638,-39.1327,-39.4312,
05-01-2026-Fri 14-00-34-PM,-39.3979,-37.8057,-41.2547,-39.5638,-39.1327,-39.4975,
05-01-2026-Fri 14-00-35-PM,-39.4312,-37.8389,-41.2214,-39.5638,-39.1327,-39.4643,
05-01-2026-Fri 14-00-37-PM,-39.4312,-37.8389,-41.2547,-39.5638,-39.1327,-39.4643,
05-01-2026-Fri 14-00-38-PM,-39.4643,-37.8721,-41.2878,-39.5638,-39.1327,-39.4975,
05-01-2026-Fri 14-00-39-PM,-39.4312,-37.8721,-41.2547,-39.597,-39.1658,-39.5307,
05-01-2026-Fri 14-00-41-PM,-39.4975,-37.9384,-41.2878,-39.597,-39.1658,-39.5307,
05-01-2026-Fri 14-00-42-PM,-39.4975,-37.9384,-41.2547,-39.597,-39.199,-39.5307,
05-01-2026-Fri 14-00-44-PM,-39.4975,-37.9384,-41.2878,-39.597,-39.199,-39.5638,
05-01-2026-Fri 14-00-45-PM,-39.4975,-37.9052,-41.2878,-39.597,-39.199,-39.5638,
05-01-2026-Fri 14-00-46-PM,-39.4975,-37.9716,-41.321,-39.6302,-39.2321,-39.5638,
05-01-2026-Fri 14-00-48-PM,-39.5307,-37.9716,-41.3541,-39.6302,-39.2654,-39.597,
05-01-2026-Fri 14-00-49-PM,-39.5307,-37.9716,-41.3541,-39.6302,-39.2321,-39.6302,
05-01-2026-Fri 14-00-51-PM,-39.5638,-38.0048,-41.3541,-39.5638,-39.2986,-39.6302,
05-01-2026-Fri 14-00-52-PM,-39.5638,-38.0048,-41.321,-39.597,-39.2986,-39.6302,
05-01-2026-Fri 14-00-54-PM,-39.597,-38.0048,-41.3541,-39.6965,-39.2986,-39.6634,
05-01-2026-Fri 14-00-55-PM,-39.597,-38.0048,-41.3541,-39.597,-39.2986,-39.6634,
05-01-2026-Fri 14-00-56-PM,-39.597,-38.038,-41.3541,-39.6302,-39.3317,-39.6634,
05-01-2026-Fri 14-00-58-PM,-39.597,-38.071,-41.3872,-39.6634,-39.3317,-39.6634,
05-01-2026-Fri 14-00-59-PM,-39.6302,-38.071,-41.3541,-39.6965,-39.3317,-39.6965,
05-01-2026-Fri 14-01-01-PM,-39.6302,-38.071,-41.3872,-39.6965,-39.3649,-39.7295,
05-01-2026-Fri 14-01-02-PM,-39.6634,-38.071,-41.4204,-39.6634,-39.3649,-39.7295,
05-01-2026-Fri 14-01-03-PM,-39.6965,-38.071,-41.4204,-39.6965,-39.3649,-39.7295,
05-01-2026-Fri 14-01-05-PM,-39.6634,-38.1043,-41.4204,-39.6634,-39.3979,-39.7628,
05-01-2026-Fri 14-01-06-PM,-39.6965,-38.1043,-41.4866,-39.6634,-39.3979,-39.7628,
05-01-2026-Fri 14-01-08-PM,-39.6965,-38.1375,-41.4535,-39.6965,-39.4312,-39.796,
05-01-2026-Fri 14-01-09-PM,-39.7295,-38.1707,-41.4866,-39.7295,-39.3979,-39.796,
05-01-2026-Fri 14-01-10-PM,-39.7295,-38.1707,-41.4866,-39.7295,-39.4312,-39.8291,
05-01-2026-Fri 14-01-12-PM,-39.7295,-38.1707,-41.4866,-39.7628,-39.4643,-39.8291,
05-01-2026-Fri 14-01-13-PM,-39.7295,-38.1707,-41.4535,-39.7295,-39.4643,-39.8623,
05-01-2026-Fri 14-01-15-PM,-39.7628,-38.2039,-41.4866,-39.7628,-39.4643,-39.8623,
05-01-2026-Fri 14-01-16-PM,-39.796,-38.237,-41.4866,-39.7295,-39.4975,-39.8623,
05-01-2026-Fri 14-01-17-PM,-39.796,-38.2039,-41.4866,-39.6965,-39.4975,-39.8623,
05-01-2026-Fri 14-01-19-PM,-39.796,-38.237,-41.4866,-39.7628,-39.5307,-39.8954,
05-01-2026-Fri 14-01-20-PM,-39.796,-38.237,-41.5529,-39.7628,-39.5307,-39.9286,
05-01-2026-Fri 14-01-21-PM,-39.8291,-38.2702,-41.5198,-39.7628,-39.5307,-39.9286,
05-01-2026-Fri 14-01-23-PM,-39.8291,-38.237,-41.5198,-39.7628,-39.5638,-39.9286,
05-01-2026-Fri 14-01-24-PM,-39.8291,-38.2702,-41.5861,-39.7628,-39.5638,-39.9286,
05-01-2026-Fri 14-01-26-PM,-39.8623,-38.3034,-41.5861,-39.7628,-39.597,-39.9949,
05-01-2026-Fri 14-01-27-PM,-39.8623,-38.3034,-41.5861,-39.796,-39.597,-39.9949,
05-01-2026-Fri 14-01-28-PM,-39.8623,-38.3034,-41.6192,-39.8623,-39.597,-39.9618,
05-01-2026-Fri 14-01-30-PM,-39.8954,-38.3034,-41.5861,-39.796,-39.6302,-39.9949,
05-01-2026-Fri 14-01-31-PM,-39.9286,-38.3034,-41.5861,-39.8291,-39.597,-40.0281,
05-01-2026-Fri 14-01-32-PM,-39.8954,-38.3698,-41.6192,-39.8291,-39.597,-40.0281,
05-01-2026-Fri 14-01-34-PM,-39.9286,-38.3366,-41.5861,-39.8623,-39.6302,-40.0281,
05-01-2026-Fri 14-01-35-PM,-39.9286,-38.4028,-41.6524,-39.796,-39.6302,-40.0281,
05-01-2026-Fri 14-01-37-PM,-39.9286,-38.3698,-41.5861,-39.8291,-39.6965,-40.0611,
05-01-2026-Fri 14-01-38-PM,-39.9949,-38.3698,-41.6855,-39.8623,-39.6634,-40.0944,
05-01-2026-Fri 14-01-39-PM,-39.9949,-38.4028,-41.6192,-39.8623,-39.6965,-40.0944,
05-01-2026-Fri 14-01-41-PM,-39.9949,-38.4361,-41.6524,-39.8623,-39.6965,-40.0944,
05-01-2026-Fri 14-01-42-PM,-39.9949,-38.4361,-41.6524,-39.8623,-39.7295,-40.0944,
05-01-2026-Fri 14-01-44-PM,-39.9949,-38.4361,-41.6855,-39.8623,-39.7295,-40.1275,
05-01-2026-Fri 14-01-45-PM,-40.0281,-38.4361,-41.7186,-39.8623,-39.7295,-40.0944,
05-01-2026-Fri 14-01-46-PM,-40.0281,-38.4361,-41.6855,-39.8954,-39.7295,-40.1607,
05-01-2026-Fri 14-01-48-PM,-40.0611,-38.4361,-41.7186,-39.8623,-39.7628,-40.1607,
05-01-2026-Fri 14-01-49-PM,-40.0611,-38.5024,-41.7186,-39.9286,-39.7628,-40.1607,
05-01-2026-Fri 14-01-50-PM,-40.0611,-38.4693,-41.6524,-39.8954,-39.796,-40.1939,
05-01-2026-Fri 14-01-52-PM,-40.0611,-38.5024,-41.7186,-39.8954,-39.796,-40.227,
05-01-2026-Fri 14-01-53-PM,-40.0944,-38.5024,-41.7518,-39.9286,-39.796,-40.1939,
05-01-2026-Fri 14-01-55-PM,-40.1275,-38.5024,-41.7518,-39.8291,-39.796,-40.227,
05-01-2026-Fri 14-01-56-PM,-40.1275,-38.5024,-41.7186,-39.9286,-39.8291,-40.227,
05-01-2026-Fri 14-01-57-PM,-40.0944,-38.5687,-41.7186,-39.9286,-39.8291,-40.227,
05-01-2026-Fri 14-01-59-PM,-40.1607,-38.5687,-41.7518,-39.9286,-39.8623,-40.2602,
05-01-2026-Fri 14-02-01-PM,-40.1607,-38.5687,-41.785,-39.9286,-39.8623,-40.2602,
05-01-2026-Fri 14-02-02-PM,-40.1939,-38.5687,-41.7518,-39.9286,-39.8623,-40.2602,
05-01-2026-Fri 14-02-03-PM,-40.1607,-38.602,-41.7518,-39.9286,-39.8954,-40.2934,
05-01-2026-Fri 14-02-05-PM,-40.1607,-38.602,-41.818,-39.9618,-39.9286,-40.2934,
05-01-2026-Fri 14-02-06-PM,-40.1939,-38.602,-41.785,-39.9286,-39.9286,-40.3265,
05-01-2026-Fri 14-02-08-PM,-40.1939,-38.602,-41.818,-39.9618,-39.9286,-40.3265,
05-01-2026-Fri 14-02-09-PM,-40.1939,-38.6352,-41.818,-39.9949,-39.9286,-40.3265,
05-01-2026-Fri 14-02-10-PM,-40.227,-38.6352,-41.818,-39.9949,-39.9286,-40.3597,
05-01-2026-Fri 14-02-12-PM,-40.227,-38.6352,-41.8512,-39.9618,-39.9286,-40.3927,
05-01-2026-Fri 14-02-13-PM,-40.227,-38.6683,-41.785,-39.9618,-39.9949,-40.3927,
05-01-2026-Fri 14-02-14-PM,-40.227,-38.6683,-41.8512,-39.9949,-39.9618,-40.3597,
05-01-2026-Fri 14-02-16-PM,-40.2602,-38.7015,-41.8512,-39.9949,-39.9949,-40.3927,
05-01-2026-Fri 14-02-17-PM,-40.2934,-38.7015,-41.8842,-39.9618,-39.9949,-40.426,
05-01-2026-Fri 14-02-19-PM,-40.2934,-38.7015,-41.8512,-39.9618,-39.9949,-40.426,
05-01-2026-Fri 14-02-20-PM,-40.2602,-38.7015,-41.8512,-39.9949,-40.0281,-40.426,
05-01-2026-Fri 14-02-21-PM,-40.2934,-38.7346,-41.8512,-40.0281,-40.0281,-40.3927,
05-01-2026-Fri 14-02-23-PM,-40.3265,-38.7346,-41.9174,-39.9949,-40.0611,-40.426,
05-01-2026-Fri 14-02-24-PM,-40.3265,-38.7346,-41.9174,-40.0281,-40.0611,-40.4923,
05-01-2026-Fri 14-02-26-PM,-40.3597,-38.7346,-41.9174,-40.0611,-40.0611,-40.4591,
05-01-2026-Fri 14-02-27-PM,-40.3597,-38.7678,-41.8842,-39.9949,-40.0611,-40.4923,
05-01-2026-Fri 14-02-29-PM,-40.3597,-38.801,-41.9174,-39.9949,-40.0944,-40.5254,
05-01-2026-Fri 14-02-30-PM,-40.3597,-38.801,-41.9174,-39.9949,-40.0944,-40.5254,
05-01-2026-Fri 14-02-32-PM,-40.3927,-38.8342,-41.9174,-39.9949,-40.1275,-40.4923,
05-01-2026-Fri 14-02-33-PM,-40.3927,-38.8342,-41.9174,-40.0281,-40.1275,-40.5254,
05-01-2026-Fri 14-02-34-PM,-40.3927,-38.8342,-41.9174,-40.0281,-40.0944,-40.5585,
05-01-2026-Fri 14-02-36-PM,-40.3927,-38.8342,-41.9506,-40.0611,-40.1275,-40.5585,
05-01-2026-Fri 14-02-37-PM,-40.426,-38.8673,-41.9837,-40.0281,-40.1607,-40.5585,
05-01-2026-Fri 14-02-39-PM,-40.426,-38.8673,-41.9506,-40.0611,-40.1607,-40.5917,
05-01-2026-Fri 14-02-40-PM,-40.4591,-38.8673,-41.9506,-40.0281,-40.1939,-40.5917,
05-01-2026-Fri 14-02-41-PM,-40.4591,-38.9005,-41.9837,-40.0611,-40.1939,-40.6249,
05-01-2026-Fri 14-02-43-PM,-40.4591,-38.9005,-41.9837,-40.0611,-40.1939,-40.6249,
05-01-2026-Fri 14-02-44-PM,-40.4923,-38.9337,-42.0169,-40.0944,-40.1939,-40.6249,
05-01-2026-Fri 14-02-46-PM,-40.4591,-38.8673,-42.05,-40.0944,-40.227,-40.6249,
05-01-2026-Fri 14-02-47-PM,-40.4923,-38.9337,-41.9837,-40.0611,-40.227,-40.6249,
05-01-2026-Fri 14-02-48-PM,-40.4923,-38.9005,-42.0169,-40.1275,-40.227,-40.658,
05-01-2026-Fri 14-02-50-PM,-40.4923,-38.9337,-42.0169,-40.0944,-40.2602,-40.6912,
05-01-2026-Fri 14-02-53-PM,-40.5254,-38.9669,-41.9837,-40.1275,-40.227,-40.6912,
05-01-2026-Fri 14-02-56-PM,-40.5585,-39.0,-42.0169,-40.0944,-40.2934,-40.6912,
05-01-2026-Fri 14-02-57-PM,-40.5585,-39.0,-42.0832,-40.1275,-40.2934,-40.7243,
05-01-2026-Fri 14-02-58-PM,-40.5585,-39.0,-42.05,-40.0944,-40.3265,-40.7243,
05-01-2026-Fri 14-03-00-PM,-40.5917,-39.0332,-42.05,-40.1607,-40.2934,-40.7575,
05-01-2026-Fri 14-03-01-PM,-40.5917,-39.0332,-42.0832,-40.0944,-40.2934,-40.7575,
05-01-2026-Fri 14-03-03-PM,-40.6249,-39.0332,-42.05,-40.1607,-40.3265,-40.7575,
05-01-2026-Fri 14-03-04-PM,-40.6249,-39.0332,-42.0832,-40.1275,-40.3597,-40.7575,
05-01-2026-Fri 14-03-05-PM,-40.658,-39.0663,-42.0832,-40.1607,-40.3597,-40.7906,
05-01-2026-Fri 14-03-07-PM,-40.6249,-39.0663,-42.1163,-40.1607,-40.3597,-40.7906,
05-01-2026-Fri 14-03-08-PM,-40.658,-39.0663,-42.1163,-40.1275,-40.3597,-40.8237,
05-01-2026-Fri 14-03-09-PM,-40.658,-39.0663,-42.1163,-40.1275,-40.3927,-40.7906,
05-01-2026-Fri 14-03-11-PM,-40.6912,-39.0995,-42.1494,-40.1939,-40.426,-40.8237,
05-01-2026-Fri 14-03-12-PM,-40.6912,-39.0995,-42.1494,-40.1275,-40.3927,-40.8237,
05-01-2026-Fri 14-03-13-PM,-40.6912,-39.1327,-42.1494,-40.1939,-40.426,-40.8237,
05-01-2026-Fri 14-03-15-PM,-40.6912,-39.1327,-42.1494,-40.227,-40.426,-40.8569,
05-01-2026-Fri 14-03-16-PM,-40.6912,-39.1327,-42.1494,-40.1607,-40.426,-40.89,
05-01-2026-Fri 14-03-18-PM,-40.7243,-39.1327,-42.1825,-40.1607,-40.426,-40.8569,
05-01-2026-Fri 14-03-19-PM,-40.7243,-39.1327,-42.1825,-40.227,-40.4591,-40.89,
05-01-2026-Fri 14-03-20-PM,-40.7575,-39.1658,-42.1494,-40.1939,-40.4591,-40.89,
05-01-2026-Fri 14-03-22-PM,-40.7575,-39.1658,-42.1494,-40.1939,-40.4591,-40.89,
05-01-2026-Fri 14-03-23-PM,-40.7575,-39.1658,-42.1825,-40.1939,-40.4591,-40.9232,
05-01-2026-Fri 14-03-25-PM,-40.7575,-39.199,-42.2156,-40.227,-40.4923,-40.9232,
05-01-2026-Fri 14-03-26-PM,-40.7906,-39.199,-42.2156,-40.227,-40.5254,-40.9564,
05-01-2026-Fri 14-03-27-PM,-40.7906,-39.199,-42.2156,-40.227,-40.5254,-40.9564,
05-01-2026-Fri 14-03-29-PM,-40.7906,-39.2321,-42.2488,-40.227,-40.5254,-40.9232,
05-01-2026-Fri 14-03-30-PM,-40.7906,-39.2321,-42.2488,-40.227,-40.5254,-40.9564,
05-01-2026-Fri 14-03-32-PM,-40.8237,-39.2321,-42.2156,-40.227,-40.5585,-40.9895,
05-01-2026-Fri 14-03-33-PM,-40.8237,-39.2321,-42.2488,-40.227,-40.5254,-40.9895,
05-01-2026-Fri 14-03-34-PM,-40.8237,-39.2321,-42.2488,-40.2602,-40.5585,-40.9895,
05-01-2026-Fri 14-03-36-PM,-40.8569,-39.2654,-42.2156,-40.2602,-40.5585,-41.0227,
05-01-2026-Fri 14-03-37-PM,-40.8569,-39.2654,-42.2156,-40.2602,-40.5917,-41.0227,
05-01-2026-Fri 14-03-39-PM,-40.8569,-39.2654,-42.2819,-40.2602,-40.5917,-41.0227,
05-01-2026-Fri 14-03-40-PM,-40.8569,-39.2986,-42.2488,-40.2934,-40.5917,-41.0558,
05-01-2026-Fri 14-03-41-PM,-40.8569,-39.2986,-42.2488,-40.2602,-40.6249,-41.0558,
05-01-2026-Fri 14-03-43-PM,-40.89,-39.2986,-42.2819,-40.2934,-40.6249,-41.0558,
05-01-2026-Fri 14-03-44-PM,-40.9232,-39.3317,-42.2819,-40.2602,-40.6249,-41.0558,
05-01-2026-Fri 14-03-46-PM,-40.89,-39.3317,-42.2819,-40.3265,-40.6249,-41.0558,
05-01-2026-Fri 14-03-47-PM,-40.89,-39.3317,-42.2488,-40.2934,-40.6249,-41.089,
05-01-2026-Fri 14-03-48-PM,-40.9232,-39.3649,-42.2819,-40.2934,-40.658,-41.089,
05-01-2026-Fri 14-03-50-PM,-40.9564,-39.3649,-42.3151,-40.2602,-40.658,-41.089,
05-01-2026-Fri 14-03-51-PM,-40.9232,-39.3649,-42.2819,-40.2602,-40.658,-41.1221,
05-01-2026-Fri 14-03-53-PM,-40.9564,-39.3649,-42.3151,-40.2934,-40.6912,-41.1221,
05-01-2026-Fri 14-03-54-PM,-40.9564,-39.3979,-42.2819,-40.2934,-40.658,-41.1552,
05-01-2026-Fri 14-03-57-PM,-40.9564,-39.4312,-42.3151,-40.3265,-40.6912,-41.1221,
05-01-2026-Fri 14-04-00-PM,-40.9895,-39.3979,-42.3813,-40.3265,-40.7243,-41.1221,
05-01-2026-Fri 14-04-01-PM,-41.0227,-39.4643,-42.3151,-40.3927,-40.7243,-41.1552,
05-01-2026-Fri 14-04-03-PM,-41.0227,-39.4312,-42.3813,-40.3265,-40.7575,-41.1884,
05-01-2026-Fri 14-04-04-PM,-41.0227,-39.4312,-42.3151,-40.3597,-40.7906,-41.1884,
05-01-2026-Fri 14-04-05-PM,-41.0227,-39.4643,-42.3482,-40.3597,-40.7575,-41.1884,
05-01-2026-Fri 14-04-07-PM,-41.0227,-39.4643,-42.3482,-40.3597,-40.7575,-41.1884,
05-01-2026-Fri 14-04-08-PM,-41.0558,-39.4975,-42.3482,-40.3265,-40.7906,-41.2214,
05-01-2026-Fri 14-04-09-PM,-41.0558,-39.4975,-42.3813,-40.3927,-40.7906,-41.2547,
05-01-2026-Fri 14-04-11-PM,-41.0558,-39.4975,-42.3482,-40.3927,-40.7906,-41.2214,
05-01-2026-Fri 14-04-13-PM,-41.089,-39.4975,-42.4145,-40.3265,-40.8237,-41.2214,
05-01-2026-Fri 14-04-14-PM,-41.089,-39.5307,-42.4145,-40.3597,-40.8237,-41.2547,
05-01-2026-Fri 14-04-15-PM,-41.089,-39.5307,-42.4476,-40.3597,-40.8237,-41.2547,
05-01-2026-Fri 14-04-17-PM,-41.1221,-39.5307,-42.3813,-40.3927,-40.8237,-41.2878,
05-01-2026-Fri 14-04-18-PM,-41.089,-39.5638,-42.3813,-40.3927,-40.8237,-41.2878,
05-01-2026-Fri 14-04-20-PM,-41.1221,-39.5638,-42.4145,-40.3927,-40.8569,-41.2878,
05-01-2026-Fri 14-04-21-PM,-41.089,-39.5638,-42.3813,-40.3927,-40.8569,-41.321,
05-01-2026-Fri 14-04-22-PM,-41.1552,-39.5638,-42.4476,-40.3597,-40.8569,-41.321,
05-01-2026-Fri 14-04-24-PM,-41.1552,-39.597,-42.4476,-40.3597,-40.89,-41.321,
05-01-2026-Fri 14-04-25-PM,-41.1552,-39.597,-42.3813,-40.426,-40.89,-41.321,
05-01-2026-Fri 14-04-27-PM,-41.1552,-39.597,-42.4145,-40.426,-40.89,-41.321,
05-01-2026-Fri 14-04-30-PM,-41.1884,-39.6302,-42.4476,-40.426,-40.9232,-41.3541,
05-01-2026-Fri 14-04-33-PM,-41.1884,-39.6634,-42.4145,-40.3927,-40.9232,-41.3541,
05-01-2026-Fri 14-04-34-PM,-41.1884,-39.6634,-42.4807,-40.4591,-40.9232,-41.3872,
05-01-2026-Fri 14-04-35-PM,-41.2214,-39.6302,-42.4807,-40.426,-40.9564,-41.3872,
05-01-2026-Fri 14-04-37-PM,-41.2547,-39.6634,-42.4807,-40.426,-40.9564,-41.3872,
05-01-2026-Fri 14-04-38-PM,-41.2214,-39.6634,-42.4476,-40.426,-40.9895,-41.4204,
05-01-2026-Fri 14-04-39-PM,-41.2214,-39.6634,-42.4807,-40.4923,-40.9564,-41.4204,
05-01-2026-Fri 14-04-41-PM,-41.2547,-39.7295,-42.4807,-40.4923,-40.9895,-41.4204,
05-01-2026-Fri 14-04-42-PM,-41.2214,-39.6965,-42.5139,-40.4923,-41.0227,-41.4535,
05-01-2026-Fri 14-04-43-PM,-41.2547,-39.7628,-42.4807,-40.5254,-40.9895,-41.4535,
05-01-2026-Fri 14-04-45-PM,-41.2878,-39.7628,-42.5469,-40.5917,-41.0227,-41.4535,
05-01-2026-Fri 14-04-46-PM,-41.321,-39.796,-42.5469,-40.6912,-41.0558,-41.4535,
05-01-2026-Fri 14-04-47-PM,-41.321,-39.8291,-42.5469,-40.7575,-41.089,-41.4866,
05-01-2026-Fri 14-04-49-PM,-41.3541,-39.8623,-42.6133,-40.7906,-41.089,-41.4866,
05-01-2026-Fri 14-04-50-PM,-41.3541,-39.8954,-42.6133,-40.89,-41.1552,-41.5198,
05-01-2026-Fri 14-04-52-PM,-41.3541,-39.9286,-42.6464,-40.9564,-41.1552,-41.5198,
05-01-2026-Fri 14-04-55-PM,-41.4535,-39.9618,-42.6133,-41.0227,-41.1884,-41.5529,
05-01-2026-Fri 14-04-58-PM,-41.5198,-40.0281,-42.7126,-41.1884,-41.2547,-41.5529,
05-01-2026-Fri 14-04-59-PM,-41.5529,-40.0944,-42.7126,-41.2878,-41.321,-41.6192,
05-01-2026-Fri 14-05-00-PM,-41.5861,-40.1275,-42.7126,-41.3541,-41.3541,-41.6524,
05-01-2026-Fri 14-05-02-PM,-41.6192,-40.1607,-42.812,-41.3872,-41.3872,-41.6524,
05-01-2026-Fri 14-05-03-PM,-41.6192,-40.1607,-42.7789,-41.3872,-41.4204,-41.6855,
05-01-2026-Fri 14-05-05-PM,-41.6524,-40.1939,-42.7789,-41.4866,-41.4535,-41.6855,
05-01-2026-Fri 14-05-06-PM,-41.6855,-40.227,-42.7789,-41.4866,-41.4535,-41.6855,
05-01-2026-Fri 14-05-07-PM,-41.6855,-40.227,-42.8451,-41.5198,-41.5198,-41.7186,
05-01-2026-Fri 14-05-09-PM,-41.6855,-40.2602,-42.812,-41.5529,-41.5529,-41.7518,
05-01-2026-Fri 14-05-10-PM,-41.7518,-40.2602,-42.812,-41.5861,-41.5861,-41.7518,
05-01-2026-Fri 14-05-11-PM,-41.7518,-40.2602,-42.8451,-41.5861,-41.5861,-41.785,
05-01-2026-Fri 14-05-13-PM,-41.785,-40.3265,-42.8782,-41.5861,-41.6192,-41.785,
05-01-2026-Fri 14-05-14-PM,-41.785,-40.3265,-42.8782,-41.6524,-41.6192,-41.785,
05-01-2026-Fri 14-05-16-PM,-41.818,-40.3265,-42.8782,-41.6524,-41.6192,-41.818,
05-01-2026-Fri 14-05-17-PM,-41.8512,-40.3597,-42.9114,-41.6855,-41.6855,-41.8512,
05-01-2026-Fri 14-05-18-PM,-41.818,-40.426,-42.9445,-41.7518,-41.7186,-41.8512,
05-01-2026-Fri 14-05-20-PM,-41.8842,-40.426,-42.9776,-41.818,-41.7186,-41.8842,
05-01-2026-Fri 14-05-21-PM,-41.8842,-40.4923,-42.9776,-41.8512,-41.7518,-41.8842,
05-01-2026-Fri 14-05-23-PM,-41.9174,-40.4923,-42.9776,-41.8512,-41.785,-41.8842,
05-01-2026-Fri 14-05-24-PM,-41.9506,-40.5254,-42.9445,-41.9174,-41.785,-41.9174,
05-01-2026-Fri 14-05-25-PM,-41.9506,-40.5254,-43.0438,-41.9174,-41.818,-41.9506,
05-01-2026-Fri 14-05-27-PM,-41.9506,-40.5254,-43.077,-41.9837,-41.8512,-41.9506,
05-01-2026-Fri 14-05-28-PM,-41.9837,-40.5585,-42.9776,-41.9837,-41.8842,-41.9837,
05-01-2026-Fri 14-05-29-PM,-42.0169,-40.5917,-43.077,-42.05,-41.9174,-41.9837,
05-01-2026-Fri 14-05-31-PM,-42.0169,-40.6249,-43.077,-42.05,-41.9506,-42.0169,
05-01-2026-Fri 14-05-32-PM,-42.05,-40.6249,-43.1102,-42.1494,-41.9506,-42.05,
05-01-2026-Fri 14-05-34-PM,-42.0832,-40.658,-43.1432,-42.1163,-41.9837,-42.05,
05-01-2026-Fri 14-05-35-PM,-42.1163,-40.658,-43.1764,-42.1494,-42.0169,-42.0832,
05-01-2026-Fri 14-05-36-PM,-42.1163,-40.6912,-43.1764,-42.1494,-42.0169,-42.0832,
05-01-2026-Fri 14-05-38-PM,-42.1494,-40.7243,-43.1764,-42.2156,-42.05,-42.1163,
05-01-2026-Fri 14-05-39-PM,-42.1825,-40.7243,-43.2094,-42.2156,-42.0832,-42.1494,
05-01-2026-Fri 14-05-41-PM,-42.1825,-40.7575,-43.2094,-42.2156,-42.1163,-42.1825,
05-01-2026-Fri 14-05-42-PM,-42.1494,-40.7906,-43.2426,-42.2488,-42.1494,-42.1825,
05-01-2026-Fri 14-05-44-PM,-42.2156,-40.7906,-43.2426,-42.2819,-42.1163,-42.1825,
05-01-2026-Fri 14-05-45-PM,-42.2488,-40.8569,-43.2757,-42.3151,-42.1494,-42.2156,
05-01-2026-Fri 14-05-46-PM,-42.2488,-40.8569,-43.2757,-42.3151,-42.2156,-42.2156,
05-01-2026-Fri 14-05-48-PM,-42.2819,-40.89,-43.3089,-42.3151,-42.2156,-42.2488,
05-01-2026-Fri 14-05-49-PM,-42.2819,-40.89,-43.3089,-42.3813,-42.2488,-42.2488,
05-01-2026-Fri 14-05-51-PM,-42.3151,-40.89,-43.375,-42.4145,-42.2488,-42.2819,
05-01-2026-Fri 14-05-52-PM,-42.3151,-40.9232,-43.342,-42.4476,-42.2819,-42.3151,
05-01-2026-Fri 14-05-53-PM,-42.3151,-40.9564,-43.375,-42.4476,-42.3151,-42.3151,
05-01-2026-Fri 14-05-55-PM,-42.3813,-40.9895,-43.342,-42.4807,-42.3151,-42.3151,
05-01-2026-Fri 14-05-56-PM,-42.3813,-40.9895,-43.4082,-42.5139,-42.3482,-42.3482,
05-01-2026-Fri 14-05-57-PM,-42.3813,-41.0227,-43.375,-42.5139,-42.3813,-42.3813,
05-01-2026-Fri 14-05-59-PM,-42.4145,-41.0227,-43.4745,-42.5469,-42.4145,-42.3813,
05-01-2026-Fri 14-06-00-PM,-42.4145,-41.0558,-43.4414,-42.5139,-42.4145,-42.3813,
05-01-2026-Fri 14-06-02-PM,-42.4476,-41.089,-43.4745,-42.5801,-42.4476,-42.4145,
05-01-2026-Fri 14-06-03-PM,-42.4807,-41.1221,-43.4414,-42.5801,-42.4476,-42.4145,
05-01-2026-Fri 14-06-04-PM,-42.4807,-41.1221,-43.5076,-42.6133,-42.4807,-42.4807,
05-01-2026-Fri 14-06-06-PM,-42.5139,-41.1221,-43.5076,-42.6133,-42.5139,-42.4476,
05-01-2026-Fri 14-06-07-PM,-42.4807,-41.1552,-43.5738,-42.6795,-42.5139,-42.4807,
05-01-2026-Fri 14-06-09-PM,-42.5469,-41.1552,-43.6069,-42.6464,-42.5469,-42.5139,
05-01-2026-Fri 14-06-10-PM,-42.5139,-41.1884,-43.5738,-42.6795,-42.5469,-42.5139,
05-01-2026-Fri 14-06-11-PM,-42.5801,-41.2214,-43.6069,-42.7126,-42.5801,-42.5469,
05-01-2026-Fri 14-06-13-PM,-42.5801,-41.2214,-43.6069,-42.7789,-42.5801,-42.5469,
05-01-2026-Fri 14-06-14-PM,-42.6133,-41.2214,-43.5738,-42.7789,-42.6133,-42.5469,
05-01-2026-Fri 14-06-16-PM,-42.6133,-41.2547,-43.5738,-42.7458,-42.6464,-42.5801,
05-01-2026-Fri 14-06-18-PM,-42.6464,-41.2547,-43.7062,-42.7789,-42.6795,-42.6133,
05-01-2026-Fri 14-06-20-PM,-42.6795,-41.321,-43.6732,-42.812,-42.6795,-42.6464,
05-01-2026-Fri 14-06-21-PM,-42.7126,-41.321,-43.7062,-42.8782,-42.7126,-42.6795,
05-01-2026-Fri 14-06-22-PM,-42.7126,-41.321,-43.7725,-42.8451,-42.7458,-42.6795,
05-01-2026-Fri 14-06-24-PM,-42.7126,-41.3872,-43.7394,-42.9114,-42.7789,-42.6795,
05-01-2026-Fri 14-06-25-PM,-42.7126,-41.3872,-43.7394,-42.9114,-42.7789,-42.7126,
05-01-2026-Fri 14-06-27-PM,-42.7458,-41.4204,-43.7394,-42.9114,-42.7789,-42.7458,
05-01-2026-Fri 14-06-28-PM,-42.7789,-41.4204,-43.8057,-42.8782,-42.812,-42.7458,
05-01-2026-Fri 14-06-29-PM,-42.7789,-41.4535,-43.8057,-42.9776,-42.812,-42.7789,
05-01-2026-Fri 14-06-31-PM,-42.812,-41.4535,-43.7725,-42.9776,-42.8451,-42.7789,
05-01-2026-Fri 14-06-32-PM,-42.812,-41.4535,-43.8387,-42.9776,-42.8782,-42.812,
05-01-2026-Fri 14-06-34-PM,-42.8451,-41.4866,-43.8057,-43.0108,-42.8782,-42.812,
05-01-2026-Fri 14-06-35-PM,-42.8782,-41.5198,-43.8387,-43.0438,-42.9114,-42.812,
05-01-2026-Fri 14-06-36-PM,-42.8782,-41.5198,-43.8718,-43.0438,-42.9445,-42.812,
05-01-2026-Fri 14-06-38-PM,-42.8782,-41.5529,-43.9381,-43.0108,-42.9445,-42.8451,
05-01-2026-Fri 14-06-39-PM,-42.9114,-41.5529,-43.905,-43.1102,-42.9445,-42.8782,
05-01-2026-Fri 14-06-40-PM,-42.9445,-41.5861,-43.8718,-43.077,-42.9776,-42.8782,
05-01-2026-Fri 14-06-42-PM,-42.9445,-41.5861,-43.9381,-43.1102,-43.0108,-42.9114,
05-01-2026-Fri 14-06-45-PM,-42.9776,-41.6192,-43.9381,-43.1102,-43.0108,-42.9114,
05-01-2026-Fri 14-06-47-PM,-43.0108,-41.6524,-44.0374,-43.1432,-43.0438,-42.9776,
05-01-2026-Fri 14-06-50-PM,-43.0108,-41.6855,-44.0374,-43.2426,-43.077,-42.9776,
05-01-2026-Fri 14-06-52-PM,-43.077,-41.7186,-44.0374,-43.2426,-43.1102,-43.0438,
05-01-2026-Fri 14-06-53-PM,-43.077,-41.7186,-44.0374,-43.2426,-43.1432,-43.0438,
05-01-2026-Fri 14-06-55-PM,-43.077,-41.7518,-44.1037,-43.2094,-43.1764,-43.0438,
05-01-2026-Fri 14-06-56-PM,-43.1102,-41.785,-44.0706,-43.2426,-43.1764,-43.077,
05-01-2026-Fri 14-06-58-PM,-43.1432,-41.785,-44.1368,-43.2426,-43.1764,-43.1102,
05-01-2026-Fri 14-06-59-PM,-43.1432,-41.785,-44.1037,-43.2757,-43.2094,-43.1102,
05-01-2026-Fri 14-07-00-PM,-43.1432,-41.818,-44.1037,-43.2757,-43.2426,-43.1432,
05-01-2026-Fri 14-07-02-PM,-43.1764,-41.8512,-44.1698,-43.3089,-43.2426,-43.1432,
05-01-2026-Fri 14-07-03-PM,-43.1764,-41.8512,-44.2029,-43.342,-43.2757,-43.1764,
05-01-2026-Fri 14-07-05-PM,-43.2094,-41.8512,-44.2029,-43.342,-43.2757,-43.1764,
05-01-2026-Fri 14-07-06-PM,-43.2426,-41.8842,-44.2361,-43.342,-43.3089,-43.1764,
05-01-2026-Fri 14-07-07-PM,-43.2426,-41.8842,-44.2029,-43.375,-43.3089,-43.2094,
05-01-2026-Fri 14-07-09-PM,-43.2426,-41.9174,-44.2361,-43.375,-43.3089,-43.2426,
05-01-2026-Fri 14-07-10-PM,-43.2757,-41.9174,-44.2692,-43.375,-43.342,-43.2426,
05-01-2026-Fri 14-07-12-PM,-43.2757,-41.9174,-44.2361,-43.4082,-43.375,-43.2757,
05-01-2026-Fri 14-07-14-PM,-43.3089,-41.9506,-44.3023,-43.4082,-43.375,-43.3089,
05-01-2026-Fri 14-07-17-PM,-43.342,-41.9837,-44.3354,-43.4082,-43.4082,-43.342,
05-01-2026-Fri 14-07-19-PM,-43.375,-42.0169,-44.3685,-43.4745,-43.4414,-43.342,
05-01-2026-Fri 14-07-20-PM,-43.375,-42.0169,-44.3685,-43.4414,-43.4745,-43.342,
05-01-2026-Fri 14-07-21-PM,-43.375,-42.0169,-44.3685,-43.4745,-43.5076,-43.375,
05-01-2026-Fri 14-07-23-PM,-43.4082,-42.0832,-44.3685,-43.5406,-43.4745,-43.375,
05-01-2026-Fri 14-07-24-PM,-43.4082,-42.0832,-44.4017,-43.4745,-43.5406,-43.4082,
05-01-2026-Fri 14-07-26-PM,-43.4414,-42.0832,-44.4679,-43.5076,-43.5076,-43.4082,
05-01-2026-Fri 14-07-27-PM,-43.4414,-42.1163,-44.4348,-43.5738,-43.5406,-43.4414,
05-01-2026-Fri 14-07-28-PM,-43.4745,-42.1163,-44.4348,-43.5738,-43.5406,-43.4745,
05-01-2026-Fri 14-07-30-PM,-43.5076,-42.1494,-44.4348,-43.6069,-43.5738,-43.4414,
05-01-2026-Fri 14-07-31-PM,-43.5076,-42.1494,-44.5009,-43.5738,-43.6069,-43.4745,
05-01-2026-Fri 14-07-33-PM,-43.5076,-42.1825,-44.4679,-43.5406,-43.6069,-43.5076,
05-01-2026-Fri 14-07-34-PM,-43.5406,-42.1825,-44.5009,-43.64,-43.6069,-43.5406,
05-01-2026-Fri 14-07-35-PM,-43.5406,-42.1825,-44.5672,-43.6069,-43.64,-43.5406,
05-01-2026-Fri 14-07-37-PM,-43.5406,-42.2156,-44.5009,-43.6069,-43.64,-43.5406,
05-01-2026-Fri 14-07-38-PM,-43.5738,-42.2156,-44.5672,-43.5738,-43.6732,-43.5738,
05-01-2026-Fri 14-07-40-PM,-43.6069,-42.2488,-44.6003,-43.6732,-43.6732,-43.6069,
05-01-2026-Fri 14-07-41-PM,-43.64,-42.2488,-44.6003,-43.7062,-43.7062,-43.5738,
05-01-2026-Fri 14-07-42-PM,-43.64,-42.2819,-44.6003,-43.64,-43.7062,-43.5738,
05-01-2026-Fri 14-07-44-PM,-43.64,-42.3151,-44.6003,-43.7062,-43.7394,-43.64,
05-01-2026-Fri 14-07-45-PM,-43.6732,-42.2819,-44.6665,-43.6732,-43.7725,-43.64,
05-01-2026-Fri 14-07-47-PM,-43.64,-42.3151,-44.6334,-43.64,-43.7394,-43.64,
05-01-2026-Fri 14-07-48-PM,-43.6732,-42.3482,-44.6665,-43.6732,-43.7725,-43.6732,
05-01-2026-Fri 14-07-49-PM,-43.6732,-42.3482,-44.7327,-43.7062,-43.7725,-43.6732,
05-01-2026-Fri 14-07-51-PM,-43.7062,-42.3482,-44.6995,-43.7062,-43.8057,-43.6732,
05-01-2026-Fri 14-07-52-PM,-43.7394,-42.3813,-44.7327,-43.7394,-43.8057,-43.7394,
05-01-2026-Fri 14-07-54-PM,-43.7725,-42.4145,-44.7327,-43.7725,-43.8387,-43.7394,
05-01-2026-Fri 14-07-56-PM,-43.7725,-42.4145,-44.7327,-43.7394,-43.8387,-43.7725,
05-01-2026-Fri 14-07-57-PM,-43.8057,-42.4145,-44.7658,-43.8057,-43.8718,-43.7725,
05-01-2026-Fri 14-07-59-PM,-43.8057,-42.4476,-44.7989,-43.8057,-43.8718,-43.8057,
05-01-2026-Fri 14-08-00-PM,-43.8057,-42.4476,-44.7989,-43.7725,-43.905,-43.8387,
05-01-2026-Fri 14-08-02-PM,-43.8387,-42.4807,-44.832,-43.8387,-43.905,-43.8387,
05-01-2026-Fri 14-08-03-PM,-43.8718,-42.5139,-44.832,-43.8057,-43.905,-43.8387,
05-01-2026-Fri 14-08-04-PM,-43.8718,-42.5139,-44.7989,-43.8387,-43.9381,-43.8718,
05-01-2026-Fri 14-08-06-PM,-43.8718,-42.5139,-44.865,-43.8387,-43.9381,-43.8718,
05-01-2026-Fri 14-08-07-PM,-43.905,-42.5139,-44.865,-43.8718,-43.9712,-43.8718,
05-01-2026-Fri 14-08-09-PM,-43.905,-42.5469,-44.9313,-43.8718,-43.9712,-43.905,
05-01-2026-Fri 14-08-10-PM,-43.9381,-42.5469,-44.865,-43.8718,-44.0043,-43.905,
05-01-2026-Fri 14-08-11-PM,-43.9381,-42.5469,-44.8982,-43.8718,-44.0043,-43.9381,
05-01-2026-Fri 14-08-13-PM,-43.9712,-42.5801,-44.9313,-43.8718,-44.0374,-43.9381,
05-01-2026-Fri 14-08-14-PM,-43.9381,-42.5801,-44.9313,-43.9381,-44.0374,-43.9712,
05-01-2026-Fri 14-08-16-PM,-43.9712,-42.6133,-44.8982,-43.9381,-44.0706,-44.0043,
05-01-2026-Fri 14-08-17-PM,-43.9712,-42.6133,-44.9644,-43.9381,-44.0706,-43.9712,
05-01-2026-Fri 14-08-18-PM,-44.0043,-42.6464,-44.9975,-43.9381,-44.0706,-44.0043,
05-01-2026-Fri 14-08-20-PM,-44.0043,-42.6464,-44.9644,-43.9381,-44.1037,-44.0043,
05-01-2026-Fri 14-08-21-PM,-44.0374,-42.6464,-44.9975,-44.0043,-44.1037,-44.0374,
05-01-2026-Fri 14-08-23-PM,-44.0706,-42.6795,-45.0306,-44.0043,-44.1368,-44.0706,
05-01-2026-Fri 14-08-24-PM,-44.0706,-42.7126,-45.0306,-44.0043,-44.1368,-44.0706,
05-01-2026-Fri 14-08-25-PM,-44.0706,-42.7126,-45.0306,-44.0374,-44.1698,-44.0706,
05-01-2026-Fri 14-08-27-PM,-44.1037,-42.7126,-45.0637,-44.0043,-44.1698,-44.1037,
05-01-2026-Fri 14-08-28-PM,-44.1037,-42.7458,-45.0637,-44.0706,-44.2029,-44.1037,
05-01-2026-Fri 14-08-30-PM,-44.1368,-42.7458,-45.0969,-44.0374,-44.2029,-44.1037,
05-01-2026-Fri 14-08-31-PM,-44.1368,-42.7789,-45.13,-44.0706,-44.2029,-44.1368,
05-01-2026-Fri 14-08-32-PM,-44.1698,-42.7789,-45.13,-44.0374,-44.2029,-44.1368,
05-01-2026-Fri 14-08-34-PM,-44.1698,-42.7789,-45.0969,-44.1037,-44.2361,-44.1698,
05-01-2026-Fri 14-08-35-PM,-44.2029,-42.812,-45.0969,-44.1037,-44.2361,-44.2029,
05-01-2026-Fri 14-08-36-PM,-44.2029,-42.812,-45.163,-44.0706,-44.2692,-44.2029,
05-01-2026-Fri 14-08-38-PM,-44.2029,-42.812,-45.196,-44.0706,-44.2692,-44.2029,
05-01-2026-Fri 14-08-39-PM,-44.2361,-42.8451,-45.13,-44.1698,-44.2692,-44.2361,
05-01-2026-Fri 14-08-41-PM,-44.2361,-42.8451,-45.196,-44.1037,-44.3023,-44.2361,
05-01-2026-Fri 14-08-42-PM,-44.2692,-42.8782,-45.196,-44.1037,-44.3023,-44.2361,
05-01-2026-Fri 14-08-44-PM,-44.2692,-42.8782,-45.196,-44.1037,-44.3354,-44.2692,
05-01-2026-Fri 14-08-45-PM,-44.3023,-42.8782,-45.2623,-44.1037,-44.3354,-44.3023,
05-01-2026-Fri 14-08-46-PM,-44.2692,-42.9114,-45.2623,-44.1368,-44.3354,-44.3023,
05-01-2026-Fri 14-08-48-PM,-44.3023,-42.9114,-45.2292,-44.2029,-44.3685,-44.3023,
05-01-2026-Fri 14-08-49-PM,-44.3023,-42.9445,-45.2292,-44.1698,-44.3685,-44.3023,
05-01-2026-Fri 14-08-50-PM,-44.3354,-42.9445,-45.2623,-44.1368,-44.3685,-44.3354,
05-01-2026-Fri 14-08-52-PM,-44.3354,-42.9445,-45.3285,-44.1698,-44.4017,-44.3354,
05-01-2026-Fri 14-08-54-PM,-44.3685,-42.9776,-45.2954,-44.2029,-44.4017,-44.3685,
05-01-2026-Fri 14-08-55-PM,-44.3685,-42.9776,-45.3285,-44.2029,-44.4348,-44.3685,
05-01-2026-Fri 14-08-57-PM,-44.3685,-43.0108,-45.3285,-44.2361,-44.4679,-44.4017,
05-01-2026-Fri 14-08-58-PM,-44.4017,-42.9776,-45.3616,-44.2029,-44.4679,-44.4348,
05-01-2026-Fri 14-08-59-PM,-44.4348,-42.9776,-45.3285,-44.2361,-44.4679,-44.4348,
05-01-2026-Fri 14-09-01-PM,-44.4348,-43.0438,-45.3616,-44.2029,-44.5009,-44.4348,
05-01-2026-Fri 14-09-02-PM,-44.4348,-43.0108,-45.4278,-44.2692,-44.4679,-44.4679,
05-01-2026-Fri 14-09-03-PM,-44.4679,-43.0438,-45.3947,-44.2692,-44.5009,-44.4679,
05-01-2026-Fri 14-09-05-PM,-44.4679,-43.077,-45.4278,-44.3023,-44.534,-44.4679,
05-01-2026-Fri 14-09-06-PM,-44.4679,-43.077,-45.4278,-44.2692,-44.534,-44.4679,
05-01-2026-Fri 14-09-07-PM,-44.5009,-43.1102,-45.4609,-44.2361,-44.534,-44.5009,
05-01-2026-Fri 14-09-09-PM,-44.5009,-43.1102,-45.4609,-44.2692,-44.534,-44.5009,
05-01-2026-Fri 14-09-10-PM,-44.5009,-43.1102,-45.494,-44.3685,-44.534,-44.534,
05-01-2026-Fri 14-09-11-PM,-44.534,-43.1432,-45.494,-44.3023,-44.5672,-44.534,
05-01-2026-Fri 14-09-13-PM,-44.534,-43.1432,-45.4609,-44.3354,-44.5672,-44.534,
05-01-2026-Fri 14-09-14-PM,-44.5672,-43.1432,-45.4609,-44.3354,-44.6334,-44.5672,
05-01-2026-Fri 14-09-16-PM,-44.5672,-43.1764,-45.494,-44.3354,-44.6003,-44.5672,
05-01-2026-Fri 14-09-17-PM,-44.6003,-43.1764,-45.5602,-44.3023,-44.6334,-44.5672,
05-01-2026-Fri 14-09-18-PM,-44.5672,-43.1764,-45.527,-44.3685,-44.6334,-44.6003,
05-01-2026-Fri 14-09-20-PM,-44.6003,-43.2094,-45.527,-44.3354,-44.6665,-44.6003,
05-01-2026-Fri 14-09-21-PM,-44.6334,-43.2094,-45.5933,-44.3685,-44.6665,-44.6334,
05-01-2026-Fri 14-09-23-PM,-44.6334,-43.2094,-45.5602,-44.3685,-44.6665,-44.6334,
05-01-2026-Fri 14-09-24-PM,-44.6665,-43.2426,-45.6264,-44.4017,-44.6665,-44.6665,
05-01-2026-Fri 14-09-25-PM,-44.6665,-43.2426,-45.5933,-44.4017,-44.6995,-44.6995,
05-01-2026-Fri 14-09-27-PM,-44.6665,-43.2757,-45.6264,-44.3685,-44.6995,-44.6665,
05-01-2026-Fri 14-09-28-PM,-44.6995,-43.2757,-45.6264,-44.4348,-44.7327,-44.6995,
05-01-2026-Fri 14-09-30-PM,-44.6995,-43.3089,-45.6925,-44.5009,-44.7327,-44.7327,
05-01-2026-Fri 14-09-31-PM,-44.7327,-43.3089,-45.5933,-44.5009,-44.7658,-44.7327,
05-01-2026-Fri 14-09-32-PM,-44.7327,-43.342,-45.6925,-44.6003,-44.7989,-44.7658,
05-01-2026-Fri 14-09-34-PM,-44.7989,-43.4082,-45.7257,-44.6665,-44.7989,-44.7658,
05-01-2026-Fri 14-09-35-PM,-44.7989,-43.4082,-45.7257,-44.6995,-44.832,-44.7658,
05-01-2026-Fri 14-09-37-PM,-44.832,-43.4414,-45.7919,-44.7658,-44.865,-44.7989,
05-01-2026-Fri 14-09-38-PM,-44.865,-43.5076,-45.7588,-44.865,-44.9313,-44.865,
05-01-2026-Fri 14-09-40-PM,-44.9313,-43.5406,-45.7919,-44.9975,-44.9644,-44.865,
05-01-2026-Fri 14-09-41-PM,-44.9313,-43.5738,-45.825,-45.0306,-44.9975,-44.8982,
05-01-2026-Fri 14-09-43-PM,-44.9644,-43.64,-45.8911,-45.13,-45.0637,-44.8982,
05-01-2026-Fri 14-09-46-PM,-44.9975,-43.6732,-45.9242,-45.163,-45.0637,-44.9644,
05-01-2026-Fri 14-09-48-PM,-45.0969,-43.7394,-45.8911,-45.3285,-45.163,-44.9975,
05-01-2026-Fri 14-09-51-PM,-45.13,-43.8057,-45.9573,-45.3947,-45.2292,-45.0306,
05-01-2026-Fri 14-09-54-PM,-45.196,-43.8387,-45.9904,-45.4609,-45.2954,-45.0969,
05-01-2026-Fri 14-09-57-PM,-45.2292,-43.8718,-46.0897,-45.5602,-45.3285,-45.13,
05-01-2026-Fri 14-09-58-PM,-45.2954,-43.9381,-46.1559,-45.6264,-45.3947,-45.163,
05-01-2026-Fri 14-09-59-PM,-45.3285,-43.9712,-46.1559,-45.6595,-45.4278,-45.2292,
05-01-2026-Fri 14-10-01-PM,-45.3616,-44.0043,-46.1559,-45.7257,-45.4609,-45.2292,
05-01-2026-Fri 14-10-02-PM,-45.3616,-44.0374,-46.222,-45.7919,-45.4609,-45.2292,
05-01-2026-Fri 14-10-04-PM,-45.3616,-44.0374,-46.222,-45.825,-45.527,-45.2623,
05-01-2026-Fri 14-10-05-PM,-45.4278,-44.0706,-46.2551,-45.858,-45.5602,-45.2623,
05-01-2026-Fri 14-10-06-PM,-45.494,-44.1368,-46.2551,-45.9242,-45.5933,-45.3285,
05-01-2026-Fri 14-10-08-PM,-45.494,-44.1698,-46.2551,-45.9904,-45.5933,-45.3285,
05-01-2026-Fri 14-10-09-PM,-45.494,-44.1698,-46.3213,-45.9904,-45.6264,-45.3616,
05-01-2026-Fri 14-10-10-PM,-45.527,-44.2029,-46.3213,-46.0234,-45.6925,-45.3616,
05-01-2026-Fri 14-10-12-PM,-45.527,-44.2361,-46.3543,-46.0897,-45.6925,-45.3947,
05-01-2026-Fri 14-10-13-PM,-45.5602,-44.2361,-46.4205,-46.1228,-45.7257,-45.4278,
05-01-2026-Fri 14-10-15-PM,-45.5933,-44.2361,-46.4536,-46.1559,-45.7588,-45.4609,
05-01-2026-Fri 14-10-16-PM,-45.6264,-44.3023,-46.4205,-46.1888,-45.825,-45.494,
05-01-2026-Fri 14-10-17-PM,-45.6595,-44.3354,-46.4867,-46.1888,-45.825,-45.494,
05-01-2026-Fri 14-10-19-PM,-45.6925,-44.3023,-46.4867,-46.1888,-45.858,-45.527,
05-01-2026-Fri 14-10-20-PM,-45.6925,-44.3685,-46.5197,-46.2882,-45.858,-45.527,
05-01-2026-Fri 14-10-21-PM,-45.7257,-44.4017,-46.4867,-46.2882,-45.8911,-45.5602,
05-01-2026-Fri 14-10-23-PM,-45.7588,-44.4348,-46.4867,-46.3213,-45.9242,-45.5933,
05-01-2026-Fri 14-10-24-PM,-45.7588,-44.4348,-46.586,-46.3875,-45.9573,-45.5933,
05-01-2026-Fri 14-10-26-PM,-45.825,-44.4679,-46.586,-46.3875,-45.9904,-45.6264,
05-01-2026-Fri 14-10-27-PM,-45.825,-44.4679,-46.619,-46.4205,-46.0234,-45.6595,
05-01-2026-Fri 14-10-28-PM,-45.858,-44.5009,-46.6521,-46.4536,-46.0566,-45.6925,
05-01-2026-Fri 14-10-30-PM,-45.858,-44.534,-46.619,-46.4867,-46.0566,-45.6925,
05-01-2026-Fri 14-10-31-PM,-45.858,-44.534,-46.7183,-46.4867,-46.0897,-45.7257,
05-01-2026-Fri 14-10-33-PM,-45.8911,-44.5672,-46.7183,-46.5529,-46.1228,-45.7588,
05-01-2026-Fri 14-10-34-PM,-45.9573,-44.6003,-46.7183,-46.5529,-46.1559,-45.7919,
05-01-2026-Fri 14-10-35-PM,-45.9573,-44.6334,-46.7514,-46.586,-46.1888,-45.7919,
05-01-2026-Fri 14-10-37-PM,-45.9904,-44.6665,-46.7845,-46.6521,-46.1888,-45.7919,
05-01-2026-Fri 14-10-38-PM,-45.9904,-44.6995,-46.8176,-46.6521,-46.222,-45.825,
05-01-2026-Fri 14-10-40-PM,-46.0566,-44.6665,-46.8505,-46.619,-46.2551,-45.8911,
05-01-2026-Fri 14-10-41-PM,-46.0566,-44.7327,-46.8505,-46.6852,-46.2882,-45.858,
05-01-2026-Fri 14-10-42-PM,-46.0897,-44.7327,-46.9167,-46.7183,-46.2882,-45.9242,
05-01-2026-Fri 14-10-44-PM,-46.1228,-44.7658,-46.8837,-46.7183,-46.3213,-45.9242,
05-01-2026-Fri 14-10-45-PM,-46.1228,-44.7989,-46.9498,-46.7183,-46.3543,-45.9573,
05-01-2026-Fri 14-10-47-PM,-46.1559,-44.7989,-46.9829,-46.7845,-46.3875,-45.9904,
05-01-2026-Fri 14-10-48-PM,-46.1559,-44.832,-46.9498,-46.8176,-46.4205,-46.0234,
05-01-2026-Fri 14-10-49-PM,-46.1888,-44.865,-47.0491,-46.8176,-46.4205,-46.0234,
05-01-2026-Fri 14-10-51-PM,-46.222,-44.865,-46.9829,-46.8505,-46.4536,-46.0234,
05-01-2026-Fri 14-10-52-PM,-46.222,-44.9313,-47.0822,-46.8837,-46.4867,-46.0897,
05-01-2026-Fri 14-10-54-PM,-46.2551,-44.9313,-47.0491,-46.8837,-46.5197,-46.0897,
05-01-2026-Fri 14-10-55-PM,-46.2882,-44.9644,-47.0822,-46.9498,-46.5197,-46.1228,
05-01-2026-Fri 14-10-56-PM,-46.2882,-44.9644,-47.0491,-46.8837,-46.5529,-46.1228,
05-01-2026-Fri 14-10-58-PM,-46.3213,-45.0306,-47.1153,-46.9498,-46.586,-46.1559,
05-01-2026-Fri 14-10-59-PM,-46.3213,-44.9975,-47.1813,-46.9829,-46.619,-46.1888,
05-01-2026-Fri 14-11-01-PM,-46.3543,-45.0637,-47.1483,-46.9829,-46.619,-46.1888,
05-01-2026-Fri 14-11-02-PM,-46.3875,-45.0637,-47.1813,-47.0159,-46.619,-46.222,
05-01-2026-Fri 14-11-03-PM,-46.3875,-45.0637,-47.2475,-47.0491,-46.6521,-46.2551,
05-01-2026-Fri 14-11-05-PM,-46.4205,-45.0969,-47.2806,-47.0822,-46.6521,-46.2882,
05-01-2026-Fri 14-11-06-PM,-46.4536,-45.13,-47.2475,-47.0491,-46.7183,-46.3213,
05-01-2026-Fri 14-11-08-PM,-46.4867,-45.13,-47.2806,-47.1153,-46.7183,-46.3213,
05-01-2026-Fri 14-11-09-PM,-46.4867,-45.196,-47.3137,-47.1153,-46.7514,-46.3543,
05-01-2026-Fri 14-11-10-PM,-46.5197,-45.163,-47.3137,-47.1153,-46.7845,-46.3543,
05-01-2026-Fri 14-11-12-PM,-46.5197,-45.196,-47.3467,-47.1483,-46.7845,-46.3875,
05-01-2026-Fri 14-11-13-PM,-46.5529,-45.2623,-47.3799,-47.1813,-46.8176,-46.4205,
05-01-2026-Fri 14-11-14-PM,-46.5529,-45.2623,-47.446,-47.1813,-46.8505,-46.4536,
05-01-2026-Fri 14-11-16-PM,-46.619,-45.2623,-47.4129,-47.2144,-46.8176,-46.4205,
05-01-2026-Fri 14-11-17-PM,-46.586,-45.2954,-47.446,-47.2144,-46.8837,-46.4536,
05-01-2026-Fri 14-11-18-PM,-46.6521,-45.3285,-47.4791,-47.2806,-46.8837,-46.4867,
05-01-2026-Fri 14-11-20-PM,-46.6521,-45.3285,-47.512,-47.2475,-46.9498,-46.5197,
05-01-2026-Fri 14-11-21-PM,-46.6852,-45.3616,-47.4791,-47.2806,-46.9498,-46.5529,
05-01-2026-Fri 14-11-23-PM,-46.6852,-45.3616,-47.5452,-47.3467,-46.9498,-46.5529,
05-01-2026-Fri 14-11-24-PM,-46.7514,-45.3947,-47.5452,-47.3467,-46.9829,-46.586,
05-01-2026-Fri 14-11-25-PM,-46.7514,-45.4278,-47.6113,-47.3467,-47.0159,-46.619,
05-01-2026-Fri 14-11-27-PM,-46.7514,-45.4278,-47.5452,-47.4129,-47.0491,-46.619,
05-01-2026-Fri 14-11-28-PM,-46.7845,-45.4609,-47.6444,-47.3799,-47.0822,-46.6521,
05-01-2026-Fri 14-11-30-PM,-46.8176,-45.4609,-47.6113,-47.4129,-47.0491,-46.6521,
05-01-2026-Fri 14-11-31-PM,-46.8505,-45.494,-47.6113,-47.4791,-47.1153,-46.6852,
05-01-2026-Fri 14-11-32-PM,-46.8505,-45.527,-47.6774,-47.446,-47.1153,-46.6852,
05-01-2026-Fri 14-11-34-PM,-46.8837,-45.527,-47.7106,-47.4791,-47.1483,-46.7183,
05-01-2026-Fri 14-11-35-PM,-46.8837,-45.5602,-47.7106,-47.4791,-47.1483,-46.7845,
05-01-2026-Fri 14-11-36-PM,-46.9167,-45.5933,-47.7767,-47.4791,-47.2144,-46.7845,
05-01-2026-Fri 14-11-38-PM,-46.9498,-45.5933,-47.7767,-47.5452,-47.2144,-46.8176,
05-01-2026-Fri 14-11-39-PM,-46.9498,-45.6264,-47.8098,-47.5452,-47.2144,-46.8176,
05-01-2026-Fri 14-11-41-PM,-46.9829,-45.6264,-47.8098,-47.5452,-47.2475,-46.8176,
05-01-2026-Fri 14-11-42-PM,-47.0159,-45.6595,-47.8427,-47.5783,-47.2475,-46.8505,
05-01-2026-Fri 14-11-44-PM,-47.0159,-45.6595,-47.8427,-47.6113,-47.2806,-46.8837,
05-01-2026-Fri 14-11-47-PM,-47.0159,-45.6595,-47.8759,-47.6113,-47.3467,-46.9167,
05-01-2026-Fri 14-11-48-PM,-47.0822,-45.7588,-47.909,-47.6774,-47.3467,-46.9498,
05-01-2026-Fri 14-11-49-PM,-47.0822,-45.7588,-47.9751,-47.6444,-47.3799,-46.9829,
05-01-2026-Fri 14-11-51-PM,-47.1153,-45.7919,-47.9751,-47.6774,-47.3799,-47.0159,
05-01-2026-Fri 14-11-52-PM,-47.1483,-45.7919,-48.0081,-47.7106,-47.4129,-47.0159,
05-01-2026-Fri 14-11-54-PM,-47.1813,-45.7919,-47.9751,-47.7437,-47.446,-47.0491,
05-01-2026-Fri 14-11-55-PM,-47.1813,-45.825,-48.0412,-47.7437,-47.446,-47.0491,
05-01-2026-Fri 14-11-56-PM,-47.2144,-45.825,-48.0412,-47.7437,-47.4791,-47.0822,
05-01-2026-Fri 14-11-58-PM,-47.2144,-45.858,-48.0743,-47.7437,-47.4791,-47.1153,
05-01-2026-Fri 14-11-59-PM,-47.2806,-45.8911,-48.1405,-47.7767,-47.512,-47.0822,
05-01-2026-Fri 14-12-01-PM,-47.2806,-45.8911,-48.1405,-47.7767,-47.512,-47.1153,
05-01-2026-Fri 14-12-02-PM,-47.2806,-45.9242,-48.1074,-47.8759,-47.5452,-47.1483,
05-01-2026-Fri 14-12-04-PM,-47.3137,-45.9242,-48.1734,-47.8098,-47.5783,-47.1813,
05-01-2026-Fri 14-12-05-PM,-47.3137,-45.9573,-48.2066,-47.8098,-47.6113,-47.2144,
05-01-2026-Fri 14-12-06-PM,-47.3467,-45.9573,-48.2066,-47.8759,-47.6113,-47.2475,
05-01-2026-Fri 14-12-08-PM,-47.3467,-45.9904,-48.2066,-47.8759,-47.6444,-47.2144,
05-01-2026-Fri 14-12-09-PM,-47.3799,-46.0234,-48.2396,-47.909,-47.6444,-47.2806,
05-01-2026-Fri 14-12-10-PM,-47.4129,-46.0234,-48.2727,-47.909,-47.6444,-47.2806,
05-01-2026-Fri 14-12-12-PM,-47.4129,-46.0566,-48.2727,-47.8759,-47.6774,-47.3137,
05-01-2026-Fri 14-12-13-PM,-47.446,-46.0566,-48.3058,-47.909,-47.7106,-47.3467,
05-01-2026-Fri 14-12-14-PM,-47.446,-46.0566,-48.2727,-47.942,-47.7106,-47.3467,
05-01-2026-Fri 14-12-16-PM,-47.4791,-46.1228,-48.3388,-48.0081,-47.7437,-47.3467,
05-01-2026-Fri 14-12-17-PM,-47.512,-46.0897,-48.3388,-47.9751,-47.7437,-47.4129,
05-01-2026-Fri 14-12-19-PM,-47.512,-46.1228,-48.3388,-47.9751,-47.7767,-47.4129,
05-01-2026-Fri 14-12-20-PM,-47.5452,-46.1559,-48.3719,-48.0412,-47.7767,-47.4129,
05-01-2026-Fri 14-12-21-PM,-47.5783,-46.1559,-48.438,-48.0081,-47.8098,-47.446,
05-01-2026-Fri 14-12-23-PM,-47.5783,-46.1888,-48.405,-48.0081,-47.8098,-47.446,
05-01-2026-Fri 14-12-24-PM,-47.5783,-46.222,-48.438,-48.0743,-47.8427,-47.4791,
05-01-2026-Fri 14-12-26-PM,-47.6113,-46.222,-48.438,-48.0743,-47.8759,-47.512,
05-01-2026-Fri 14-12-27-PM,-47.6113,-46.222,-48.4711,-48.0743,-47.8759,-47.512,
05-01-2026-Fri 14-12-28-PM,-47.6444,-46.2551,-48.4711,-48.1074,-47.8759,-47.512,
05-01-2026-Fri 14-12-30-PM,-47.6774,-46.2551,-48.5372,-48.1074,-47.942,-47.5783,
05-01-2026-Fri 14-12-31-PM,-47.6774,-46.2882,-48.5372,-48.1074,-47.942,-47.5783,
05-01-2026-Fri 14-12-33-PM,-47.7106,-46.2882,-48.5703,-48.1074,-47.9751,-47.6113,
05-01-2026-Fri 14-12-34-PM,-47.7437,-46.3543,-48.5372,-48.1405,-47.9751,-47.6113,
05-01-2026-Fri 14-12-35-PM,-47.7437,-46.3213,-48.6364,-48.1405,-47.9751,-47.6444,
05-01-2026-Fri 14-12-37-PM,-47.7767,-46.3543,-48.6364,-48.2066,-48.0081,-47.6444,
05-01-2026-Fri 14-12-38-PM,-47.7767,-46.3543,-48.7025,-48.2066,-48.0081,-47.6774,
05-01-2026-Fri 14-12-39-PM,-47.8098,-46.3543,-48.6033,-48.1734,-48.0412,-47.7106,
05-01-2026-Fri 14-12-41-PM,-47.8098,-46.4205,-48.6694,-48.2066,-48.0412,-47.7106,
05-01-2026-Fri 14-12-42-PM,-47.8427,-46.4536,-48.7025,-48.2066,-48.0743,-47.7437,
05-01-2026-Fri 14-12-44-PM,-47.8759,-46.4536,-48.7356,-48.2396,-48.1074,-47.7437,
05-01-2026-Fri 14-12-45-PM,-47.8759,-46.4536,-48.7686,-48.2396,-48.1074,-47.7767,
05-01-2026-Fri 14-12-46-PM,-47.8759,-46.4536,-48.7356,-48.2396,-48.1405,-47.8098,
05-01-2026-Fri 14-12-48-PM,-47.909,-46.5197,-48.8017,-48.3058,-48.1405,-47.8098,
05-01-2026-Fri 14-12-49-PM,-47.942,-46.5197,-48.8017,-48.3058,-48.1734,-47.8427,
05-01-2026-Fri 14-12-51-PM,-47.9751,-46.5197,-48.8017,-48.3058,-48.2066,-47.8427,
05-01-2026-Fri 14-12-52-PM,-47.9751,-46.5529,-48.8678,-48.3058,-48.2066,-47.8759,
05-01-2026-Fri 14-12-53-PM,-47.9751,-46.5529,-48.8678,-48.3058,-48.2396,-47.8759,
05-01-2026-Fri 14-12-55-PM,-48.0081,-46.586,-48.9008,-48.3388,-48.2396,-47.909,
05-01-2026-Fri 14-12-56-PM,-48.0081,-46.586,-48.8678,-48.3719,-48.2727,-47.942,
05-01-2026-Fri 14-12-58-PM,-48.0412,-46.619,-48.9339,-48.3388,-48.2727,-47.942,
05-01-2026-Fri 14-12-59-PM,-48.0412,-46.619,-48.9339,-48.3719,-48.2727,-47.942,
05-01-2026-Fri 14-13-01-PM,-48.0743,-46.6521,-48.9669,-48.3719,-48.3058,-48.0081,
05-01-2026-Fri 14-13-02-PM,-48.0743,-46.6521,-48.9669,-48.3719,-48.3058,-48.0412,
05-01-2026-Fri 14-13-03-PM,-48.1405,-46.6852,-48.9999,-48.405,-48.3388,-48.0081,
05-01-2026-Fri 14-13-05-PM,-48.1405,-46.6852,-48.9999,-48.438,-48.3388,-48.0412,
05-01-2026-Fri 14-13-06-PM,-48.1734,-46.7183,-49.0331,-48.4711,-48.3719,-48.0743,
05-01-2026-Fri 14-13-08-PM,-48.1734,-46.7183,-48.9999,-48.4711,-48.405,-48.0743,
05-01-2026-Fri 14-13-09-PM,-48.2066,-46.7514,-49.0992,-48.438,-48.405,-48.1074,
05-01-2026-Fri 14-13-10-PM,-48.2066,-46.7514,-49.0661,-48.5372,-48.405,-48.1405,
05-01-2026-Fri 14-13-12-PM,-48.2396,-46.8176,-49.1322,-48.5703,-48.4711,-48.1405,
05-01-2026-Fri 14-13-13-PM,-48.2727,-46.8176,-49.1322,-48.6033,-48.4711,-48.1405,
05-01-2026-Fri 14-13-14-PM,-48.2727,-46.8505,-49.1322,-48.7025,-48.504,-48.2066,
05-01-2026-Fri 14-13-16-PM,-48.3388,-46.9167,-49.1984,-48.8017,-48.5372,-48.2066,
05-01-2026-Fri 14-13-17-PM,-48.3719,-46.9498,-49.2644,-48.9008,-48.5703,-48.2396,
05-01-2026-Fri 14-13-19-PM,-48.405,-47.0159,-49.2644,-48.9669,-48.6033,-48.2727,
05-01-2026-Fri 14-13-20-PM,-48.438,-47.0159,-49.2644,-49.0331,-48.6694,-48.3058,
05-01-2026-Fri 14-13-21-PM,-48.4711,-47.0822,-49.3305,-49.1322,-48.7025,-48.3719,
05-01-2026-Fri 14-13-23-PM,-48.5372,-47.1153,-49.3636,-49.2314,-48.7356,-48.3719,
05-01-2026-Fri 14-13-24-PM,-48.5703,-47.1813,-49.4628,-49.2975,-48.8017,-48.405,
05-01-2026-Fri 14-13-26-PM,-48.6033,-47.2144,-49.3967,-49.3636,-48.8346,-48.405,
05-01-2026-Fri 14-13-27-PM,-48.6364,-47.2806,-49.4957,-49.4628,-48.9008,-48.4711,
05-01-2026-Fri 14-13-28-PM,-48.7025,-47.3137,-49.5289,-49.4957,-48.9339,-48.4711,
05-01-2026-Fri 14-13-30-PM,-48.7356,-47.3137,-49.5619,-49.5949,-48.9669,-48.5372,
05-01-2026-Fri 14-13-31-PM,-48.7686,-47.3137,-49.5619,-49.5949,-48.9999,-48.5703,
05-01-2026-Fri 14-13-33-PM,-48.7686,-47.3799,-49.628,-49.661,-49.0661,-48.5703,
05-01-2026-Fri 14-13-34-PM,-48.8346,-47.4129,-49.628,-49.661,-49.0992,-48.6033,
05-01-2026-Fri 14-13-35-PM,-48.8678,-47.4129,-49.661,-49.7271,-49.0992,-48.6364,
05-01-2026-Fri 14-13-37-PM,-48.8678,-47.4791,-49.7271,-49.7932,-49.1652,-48.6694,
05-01-2026-Fri 14-13-38-PM,-48.9339,-47.512,-49.7271,-49.7932,-49.1984,-48.6694,
05-01-2026-Fri 14-13-40-PM,-48.9339,-47.5452,-49.661,-49.8593,-49.2314,-48.7025,
05-01-2026-Fri 14-13-41-PM,-48.9669,-47.5452,-49.7932,-49.8923,-49.2644,-48.7356,
05-01-2026-Fri 14-13-42-PM,-48.9999,-47.6113,-49.7932,-49.9254,-49.2975,-48.7686,
05-01-2026-Fri 14-13-44-PM,-49.0331,-47.6444,-49.8262,-49.9914,-49.3305,-48.8017,
05-01-2026-Fri 14-13-46-PM,-49.0661,-47.6774,-49.8923,-50.0576,-49.3636,-48.8346,
05-01-2026-Fri 14-13-49-PM,-49.0992,-47.7106,-49.9254,-50.1237,-49.4297,-48.9008,
05-01-2026-Fri 14-13-52-PM,-49.1984,-47.7767,-49.9914,-50.2228,-49.4957,-48.9339,
05-01-2026-Fri 14-13-55-PM,-49.2644,-47.8427,-50.0576,-50.2889,-49.5619,-48.9999,
05-01-2026-Fri 14-13-57-PM,-49.2975,-47.909,-50.0906,-50.388,-49.661,-49.0661,
05-01-2026-Fri 14-14-00-PM,-49.3967,-47.9751,-50.2228,-50.4871,-49.661,-49.1322,
05-01-2026-Fri 14-14-03-PM,-49.4297,-48.0081,-50.2228,-50.5531,-49.7602,-49.1652,
05-01-2026-Fri 14-14-05-PM,-49.4957,-48.0743,-50.3218,-50.6192,-49.8262,-49.2314,
05-01-2026-Fri 14-14-08-PM,-49.5619,-48.1074,-50.3549,-50.6522,-49.8923,-49.2975,
05-01-2026-Fri 14-14-11-PM,-49.628,-48.1734,-50.421,-50.7184,-49.9914,-49.3305,
05-01-2026-Fri 14-14-14-PM,-49.6941,-48.2396,-50.421,-50.7844,-50.0245,-49.3967,
05-01-2026-Fri 14-14-16-PM,-49.6941,-48.3058,-50.4871,-50.8174,-50.0906,-49.4628,
05-01-2026-Fri 14-14-18-PM,-49.7602,-48.3388,-50.6192,-50.9165,-50.1237,-49.5289,
05-01-2026-Fri 14-14-19-PM,-49.7932,-48.3719,-50.5862,-50.9496,-50.1898,-49.5289,
05-01-2026-Fri 14-14-21-PM,-49.8262,-48.405,-50.5862,-50.9496,-50.1898,-49.5619,
05-01-2026-Fri 14-14-23-PM,-49.8593,-48.438,-50.6192,-50.9825,-50.2228,-49.5949,
05-01-2026-Fri 14-14-26-PM,-49.8923,-48.4711,-50.7184,-51.0817,-50.2889,-49.661,
05-01-2026-Fri 14-14-29-PM,-49.9585,-48.5372,-50.7514,-51.0817,-50.3218,-49.6941,
05-01-2026-Fri 14-14-31-PM,-50.0245,-48.6033,-50.8505,-51.1478,-50.388,-49.7932,
05-01-2026-Fri 14-14-34-PM,-50.0576,-48.6364,-50.9165,-51.2469,-50.421,-49.8262,
05-01-2026-Fri 14-14-37-PM,-50.0906,-48.7025,-50.9496,-51.2799,-50.4871,-49.8593,
05-01-2026-Fri 14-14-39-PM,-50.1898,-48.7356,-50.9825,-51.2799,-50.5531,-49.9254,
05-01-2026-Fri 14-14-42-PM,-50.2228,-48.8017,-51.0156,-51.379,-50.6192,-49.9914,
05-01-2026-Fri 14-14-44-PM,-50.2558,-48.8017,-51.1148,-51.379,-50.6522,-50.0245,
05-01-2026-Fri 14-14-46-PM,-50.2889,-48.8678,-51.1478,-51.445,-50.6853,-50.0576,
05-01-2026-Fri 14-14-48-PM,-50.3218,-48.8678,-51.1478,-51.445,-50.7184,-50.0576,
05-01-2026-Fri 14-14-49-PM,-50.3549,-48.9008,-51.2139,-51.5111,-50.7514,-50.1237,
05-01-2026-Fri 14-14-50-PM,-50.421,-48.9669,-51.2469,-51.5111,-50.7844,-50.1567,
05-01-2026-Fri 14-14-52-PM,-50.421,-48.9669,-51.2469,-51.5771,-50.7844,-50.1898,
05-01-2026-Fri 14-14-53-PM,-50.4541,-48.9999,-51.2469,-51.5441,-50.8174,-50.2228,
05-01-2026-Fri 14-14-54-PM,-50.4871,-48.9999,-51.2799,-51.5771,-50.8835,-50.2558,
05-01-2026-Fri 14-14-56-PM,-50.4871,-49.0331,-51.3129,-51.6102,-50.8835,-50.2558,
05-01-2026-Fri 14-14-57-PM,-50.5531,-49.0661,-51.3459,-51.6431,-50.9165,-50.2889,
05-01-2026-Fri 14-14-59-PM,-50.5202,-49.0992,-51.412,-51.6102,-50.9165,-50.3218,
05-01-2026-Fri 14-15-00-PM,-50.5531,-49.0992,-51.445,-51.6762,-50.9496,-50.3549,
05-01-2026-Fri 14-15-01-PM,-50.5862,-49.1322,-51.445,-51.6762,-51.0156,-50.388,
05-01-2026-Fri 14-15-03-PM,-50.6192,-49.1652,-51.478,-51.7092,-51.0156,-50.388,
05-01-2026-Fri 14-15-05-PM,-50.6522,-49.1984,-51.478,-51.7423,-51.0156,-50.421,
05-01-2026-Fri 14-15-07-PM,-50.6853,-49.2314,-51.5441,-51.7423,-51.0487,-50.4871,
05-01-2026-Fri 14-15-10-PM,-50.7184,-49.2314,-51.5771,-51.8082,-51.0817,-50.5202,
05-01-2026-Fri 14-15-11-PM,-50.7844,-49.2975,-51.6431,-51.8414,-51.1478,-50.5531,
05-01-2026-Fri 14-15-13-PM,-50.8174,-49.2975,-51.6431,-51.8744,-51.1808,-50.5862,
05-01-2026-Fri 14-15-14-PM,-50.8174,-49.3636,-51.6762,-51.8744,-51.1808,-50.6192,
05-01-2026-Fri 14-15-15-PM,-50.8505,-49.3636,-51.7092,-51.8744,-51.2139,-50.6192,
05-01-2026-Fri 14-15-17-PM,-50.8835,-49.3967,-51.7753,-51.9073,-51.2469,-50.6853,
05-01-2026-Fri 14-15-18-PM,-50.9165,-49.4297,-51.7753,-51.8744,-51.2799,-50.6853,
05-01-2026-Fri 14-15-20-PM,-50.9165,-49.4297,-51.7753,-51.9404,-51.2799,-50.7184,
05-01-2026-Fri 14-15-21-PM,-50.9496,-49.4628,-51.8082,-51.9404,-51.3129,-50.7514,
05-01-2026-Fri 14-15-22-PM,-50.9496,-49.4957,-51.8082,-51.9404,-51.3459,-50.7514,
05-01-2026-Fri 14-15-24-PM,-50.9825,-49.4957,-51.8414,-52.0064,-51.3459,-50.7844,
05-01-2026-Fri 14-15-25-PM,-51.0156,-49.4957,-51.9404,-52.0064,-51.379,-50.8174,
05-01-2026-Fri 14-15-27-PM,-51.0487,-49.5289,-51.9404,-52.0064,-51.412,-50.8505,
05-01-2026-Fri 14-15-30-PM,-51.0817,-49.5619,-51.9073,-52.0725,-51.445,-50.8835,
05-01-2026-Fri 14-15-31-PM,-51.1478,-49.628,-52.0064,-52.0725,-51.478,-50.9165,
05-01-2026-Fri 14-15-32-PM,-51.1478,-49.661,-52.0064,-52.0725,-51.5111,-50.9825,
05-01-2026-Fri 14-15-34-PM,-51.1808,-49.661,-52.0395,-52.1055,-51.5441,-50.9825,
05-01-2026-Fri 14-15-35-PM,-51.2139,-49.661,-52.0395,-52.1385,-51.5441,-51.0156,
05-01-2026-Fri 14-15-36-PM,-51.2139,-49.7271,-52.1055,-52.1715,-51.5771,-51.0156,
05-01-2026-Fri 14-15-38-PM,-51.2469,-49.7271,-52.1715,-52.1715,-51.6102,-51.0156,
05-01-2026-Fri 14-15-39-PM,-51.2469,-49.7602,-52.1385,-52.2046,-51.6102,-51.0817,
05-01-2026-Fri 14-15-41-PM,-51.3129,-49.7602,-52.1715,-52.2375,-51.6431,-51.0817,
05-01-2026-Fri 14-15-42-PM,-51.3129,-49.7932,-52.2046,-52.2046,-51.6762,-51.1478,
05-01-2026-Fri 14-15-44-PM,-51.3459,-49.8262,-52.1715,-52.2375,-51.6762,-51.1478,
05-01-2026-Fri 14-15-46-PM,-51.379,-49.8262,-52.2375,-52.2706,-51.7092,-51.1808,
05-01-2026-Fri 14-15-48-PM,-51.412,-49.8593,-52.2375,-52.3366,-51.7423,-51.2469,
05-01-2026-Fri 14-15-49-PM,-51.412,-49.9254,-52.2706,-52.3696,-51.7753,-51.2799,
05-01-2026-Fri 14-15-51-PM,-51.478,-49.9254,-52.3366,-52.3696,-51.8082,-51.2799,
05-01-2026-Fri 14-15-52-PM,-51.5111,-49.9254,-52.3696,-52.3696,-51.8414,-51.3129,
05-01-2026-Fri 14-15-53-PM,-51.5111,-49.9914,-52.3035,-52.3366,-51.8414,-51.3459,
05-01-2026-Fri 14-15-55-PM,-51.5441,-49.9914,-52.3696,-52.4027,-51.8744,-51.3459,
05-01-2026-Fri 14-15-56-PM,-51.5771,-50.0245,-52.4357,-52.4357,-51.8744,-51.3459,
05-01-2026-Fri 14-15-58-PM,-51.5771,-50.0245,-52.5017,-52.4357,-51.9073,-51.412,
05-01-2026-Fri 14-15-59-PM,-51.6102,-50.0576,-52.5347,-52.4357,-51.9404,-51.412,
05-01-2026-Fri 14-16-00-PM,-51.6431,-50.0906,-52.5017,-52.4357,-51.9404,-51.445,
05-01-2026-Fri 14-16-02-PM,-51.6762,-50.1237,-52.5347,-52.5017,-51.9733,-51.478,
05-01-2026-Fri 14-16-03-PM,-51.6762,-50.1237,-52.5678,-52.5017,-52.0064,-51.5111,
05-01-2026-Fri 14-16-05-PM,-51.7092,-50.1567,-52.5347,-52.5347,-52.0064,-51.5111,
05-01-2026-Fri 14-16-06-PM,-51.7092,-50.1567,-52.5678,-52.5347,-52.0395,-51.5771,
05-01-2026-Fri 14-16-07-PM,-51.7423,-50.1567,-52.6007,-52.5678,-52.0395,-51.5771,
05-01-2026-Fri 14-16-09-PM,-51.7423,-50.1898,-52.6337,-52.5678,-52.0725,-51.5771,
05-01-2026-Fri 14-16-10-PM,-51.7753,-50.2228,-52.6998,-52.5678,-52.1055,-51.6431,
05-01-2026-Fri 14-16-11-PM,-51.8082,-50.2228,-52.6667,-52.6007,-52.1385,-51.6431,
05-01-2026-Fri 14-16-13-PM,-51.8414,-50.2558,-52.7328,-52.6007,-52.1385,-51.6431,
05-01-2026-Fri 14-16-14-PM,-51.8414,-50.2558,-52.7328,-52.6007,-52.1385,-51.7092,
05-01-2026-Fri 14-16-15-PM,-51.8744,-50.2889,-52.7658,-52.6998,-52.2046,-51.7092,
05-01-2026-Fri 14-16-17-PM,-51.9073,-50.2889,-52.7658,-52.6337,-52.2046,-51.7423,
05-01-2026-Fri 14-16-18-PM,-51.9404,-50.3218,-52.7987,-52.6667,-52.2375,-51.7753,
05-01-2026-Fri 14-16-20-PM,-51.9404,-50.3218,-52.8649,-52.6667,-52.2375,-51.7753,
05-01-2026-Fri 14-16-21-PM,-51.9733,-50.3549,-52.8649,-52.7328,-52.2706,-51.7753,
05-01-2026-Fri 14-16-22-PM,-52.0064,-50.388,-52.8979,-52.6998,-52.2706,-51.8414,
05-01-2026-Fri 14-16-24-PM,-52.0064,-50.421,-52.8649,-52.7658,-52.3035,-51.8414,
05-01-2026-Fri 14-16-25-PM,-52.0395,-50.421,-52.8979,-52.7328,-52.3366,-51.9073,
05-01-2026-Fri 14-16-27-PM,-52.0725,-50.4541,-52.9638,-52.7658,-52.3696,-51.9404,
05-01-2026-Fri 14-16-28-PM,-52.1055,-50.4541,-52.9638,-52.7658,-52.3696,-51.9073,
05-01-2026-Fri 14-16-29-PM,-52.1055,-50.5202,-52.9968,-52.7987,-52.3696,-51.9733,
05-01-2026-Fri 14-16-31-PM,-52.1385,-50.5202,-52.9968,-52.7658,-52.4027,-51.9733,
05-01-2026-Fri 14-16-32-PM,-52.1385,-50.5531,-53.0299,-52.8318,-52.4357,-52.0064,
05-01-2026-Fri 14-16-34-PM,-52.1715,-50.5531,-53.0299,-52.8318,-52.4686,-52.0395,
05-01-2026-Fri 14-16-35-PM,-52.2046,-50.5862,-53.0959,-52.8649,-52.4686,-52.0395,
05-01-2026-Fri 14-16-36-PM,-52.2046,-50.5862,-53.1288,-52.8318,-52.5017,-52.0725,
05-01-2026-Fri 14-16-38-PM,-52.2375,-50.6192,-53.1288,-52.8649,-52.5017,-52.0725,
05-01-2026-Fri 14-16-39-PM,-52.2375,-50.6522,-53.1619,-52.8649,-52.5678,-52.1385,
05-01-2026-Fri 14-16-41-PM,-52.2706,-50.6522,-53.1619,-52.8979,-52.5347,-52.1055,
05-01-2026-Fri 14-16-42-PM,-52.3035,-50.6522,-53.1949,-52.8979,-52.5678,-52.1715,
05-01-2026-Fri 14-16-43-PM,-52.3035,-50.6853,-53.1619,-52.9638,-52.6007,-52.2046,
05-01-2026-Fri 14-16-45-PM,-52.3366,-50.6853,-53.2279,-52.9308,-52.6337,-52.2046,
05-01-2026-Fri 14-16-46-PM,-52.3696,-50.7184,-53.2609,-52.9308,-52.6337,-52.2375,
05-01-2026-Fri 14-16-48-PM,-52.3696,-50.7514,-53.2938,-52.9308,-52.6337,-52.2375,
05-01-2026-Fri 14-16-49-PM,-52.4027,-50.7844,-53.2938,-52.9638,-52.6667,-52.2706,
05-01-2026-Fri 14-16-50-PM,-52.4357,-50.7844,-53.3269,-52.9638,-52.6667,-52.3035,
05-01-2026-Fri 14-16-52-PM,-52.4686,-50.8174,-53.3599,-52.9968,-52.6998,-52.3366,
05-01-2026-Fri 14-16-53-PM,-52.4686,-50.8174,-53.3599,-53.0299,-52.7328,-52.3366,
05-01-2026-Fri 14-16-55-PM,-52.5017,-50.8505,-53.4259,-53.0299,-52.7328,-52.3696,
05-01-2026-Fri 14-16-56-PM,-52.5017,-50.8505,-53.3599,-53.0629,-52.7658,-52.4027,
05-01-2026-Fri 14-16-57-PM,-52.5347,-50.8835,-53.4589,-53.0299,-52.7987,-52.4357,
05-01-2026-Fri 14-16-59-PM,-52.5678,-50.8835,-53.4589,-53.0959,-52.7987,-52.4357,
05-01-2026-Fri 14-17-00-PM,-52.6007,-50.9165,-53.492,-53.0959,-52.8318,-52.4357,
05-01-2026-Fri 14-17-01-PM,-52.6337,-50.9165,-53.4589,-53.1288,-52.8318,-52.4686,
05-01-2026-Fri 14-17-03-PM,-52.6337,-50.9496,-53.492,-53.1288,-52.8649,-52.5017,
05-01-2026-Fri 14-17-04-PM,-52.6337,-50.9825,-53.525,-53.1288,-52.8979,-52.5017,
05-01-2026-Fri 14-17-06-PM,-52.6667,-50.9825,-53.5909,-53.1619,-52.8979,-52.5347,
05-01-2026-Fri 14-17-07-PM,-52.6998,-51.0156,-53.558,-53.1288,-52.8979,-52.5678,
05-01-2026-Fri 14-17-08-PM,-52.6998,-51.0156,-53.5909,-53.1288,-52.9638,-52.5678,
05-01-2026-Fri 14-17-10-PM,-52.7328,-51.0487,-53.6239,-53.1949,-52.9638,-52.6007,
05-01-2026-Fri 14-17-11-PM,-52.7328,-51.0487,-53.6569,-53.1949,-52.9968,-52.6337,
05-01-2026-Fri 14-17-13-PM,-52.7658,-51.0817,-53.6569,-53.2279,-52.9968,-52.6337,
05-01-2026-Fri 14-17-14-PM,-52.7658,-51.0817,-53.6899,-53.2609,-53.0299,-52.6667,
05-01-2026-Fri 14-17-15-PM,-52.7987,-51.1148,-53.7229,-53.2279,-53.0299,-52.6998,
05-01-2026-Fri 14-17-17-PM,-52.8318,-51.1148,-53.756,-53.2279,-53.0299,-52.7328,
05-01-2026-Fri 14-17-20-PM,-52.8318,-51.1808,-53.756,-53.2609,-53.0629,-52.7328,
05-01-2026-Fri 14-17-21-PM,-52.8979,-51.2139,-53.7889,-53.3269,-53.1288,-52.7987,
05-01-2026-Fri 14-17-22-PM,-52.8979,-51.2139,-53.7889,-53.2938,-53.1288,-52.7987,
05-01-2026-Fri 14-17-24-PM,-52.9308,-51.2139,-53.855,-53.3269,-53.1288,-52.8318,
05-01-2026-Fri 14-17-25-PM,-52.9308,-51.2469,-53.855,-53.3599,-53.1619,-52.8649,
05-01-2026-Fri 14-17-26-PM,-52.9638,-51.2469,-53.9209,-53.3599,-53.1949,-52.8649,
05-01-2026-Fri 14-17-28-PM,-52.9968,-51.2469,-53.888,-53.3599,-53.1949,-52.8979,
05-01-2026-Fri 14-17-29-PM,-52.9968,-51.3129,-53.9538,-53.3929,-53.1619,-52.8979,
05-01-2026-Fri 14-17-30-PM,-52.9968,-51.3129,-53.9209,-53.3929,-53.1949,-52.9308,
05-01-2026-Fri 14-17-32-PM,-53.0299,-51.3129,-53.9538,-53.4259,-53.2279,-52.9308,
05-01-2026-Fri 14-17-33-PM,-53.0629,-51.3459,-53.9869,-53.3929,-53.2609,-52.9638,
05-01-2026-Fri 14-17-35-PM,-53.0629,-51.379,-54.0199,-53.3929,-53.2609,-52.9968,
05-01-2026-Fri 14-17-36-PM,-53.0959,-51.379,-53.9869,-53.4589,-53.2938,-53.0299,
05-01-2026-Fri 14-17-37-PM,-53.0959,-51.412,-54.0199,-53.4259,-53.3269,-53.0629,
05-01-2026-Fri 14-17-39-PM,-53.1288,-51.445,-54.0199,-53.4259,-53.3599,-53.0629,
05-01-2026-Fri 14-17-40-PM,-53.1288,-51.445,-54.0199,-53.4259,-53.3599,-53.0629,
05-01-2026-Fri 14-17-42-PM,-53.1619,-51.478,-54.0529,-53.492,-53.3599,-53.0959,
05-01-2026-Fri 14-17-43-PM,-53.1949,-51.478,-54.0859,-53.492,-53.3929,-53.1288,
05-01-2026-Fri 14-17-44-PM,-53.1949,-51.478,-54.1519,-53.4589,-53.3929,-53.1619,
05-01-2026-Fri 14-17-46-PM,-53.2279,-51.5111,-54.1189,-53.525,-53.4259,-53.1949,
05-01-2026-Fri 14-17-47-PM,-53.2609,-51.5441,-54.1849,-53.492,-53.4589,-53.1619,
05-01-2026-Fri 14-17-48-PM,-53.2609,-51.5111,-54.1849,-53.492,-53.4259,-53.1949,
05-01-2026-Fri 14-17-50-PM,-53.2938,-51.5771,-54.2179,-53.558,-53.4589,-53.1949,
05-01-2026-Fri 14-17-51-PM,-53.2938,-51.5771,-54.1849,-53.558,-53.492,-53.2279,
05-01-2026-Fri 14-17-52-PM,-53.3269,-51.6102,-54.2838,-53.6239,-53.492,-53.2279,
05-01-2026-Fri 14-17-54-PM,-53.3269,-51.6102,-54.2179,-53.5909,-53.525,-53.2609,
05-01-2026-Fri 14-17-55-PM,-53.3599,-51.6102,-54.2838,-53.5909,-53.525,-53.2938,
05-01-2026-Fri 14-17-57-PM,-53.3599,-51.6431,-54.2838,-53.5909,-53.558,-53.3269,
05-01-2026-Fri 14-17-58-PM,-53.3929,-51.6431,-54.3168,-53.6239,-53.558,-53.3269,
05-01-2026-Fri 14-18-00-PM,-53.4259,-51.6762,-54.3168,-53.6569,-53.5909,-53.3599,
05-01-2026-Fri 14-18-01-PM,-53.4259,-51.6762,-54.3499,-53.6569,-53.6239,-53.3929,
05-01-2026-Fri 14-18-03-PM,-53.4589,-51.7092,-54.3168,-53.6569,-53.6239,-53.3929,
05-01-2026-Fri 14-18-04-PM,-53.492,-51.7423,-54.3828,-53.6899,-53.6569,-53.4259,
05-01-2026-Fri 14-18-05-PM,-53.525,-51.7423,-54.4158,-53.6899,-53.6899,-53.4589,
05-01-2026-Fri 14-18-07-PM,-53.492,-51.7423,-54.4488,-53.6899,-53.6899,-53.4259,
05-01-2026-Fri 14-18-08-PM,-53.525,-51.7753,-54.4488,-53.6899,-53.6899,-53.492,
05-01-2026-Fri 14-18-10-PM,-53.525,-51.7753,-54.4158,-53.7229,-53.7229,-53.525,
05-01-2026-Fri 14-18-11-PM,-53.558,-51.8082,-54.4818,-53.7229,-53.7229,-53.525,
05-01-2026-Fri 14-18-12-PM,-53.5909,-51.8414,-54.4818,-53.7229,-53.756,-53.525,
05-01-2026-Fri 14-18-14-PM,-53.5909,-51.8744,-54.4818,-53.756,-53.7889,-53.558,
05-01-2026-Fri 14-18-15-PM,-53.6239,-51.8414,-54.5148,-53.756,-53.756,-53.5909,
05-01-2026-Fri 14-18-16-PM,-53.6239,-51.8744,-54.5148,-53.756,-53.7889,-53.5909,
05-01-2026-Fri 14-18-18-PM,-53.6569,-51.9404,-54.5478,-53.7229,-53.822,-53.6239,
05-01-2026-Fri 14-18-19-PM,-53.6899,-51.9073,-54.6137,-53.7889,-53.822,-53.6569,
05-01-2026-Fri 14-18-21-PM,-53.6569,-51.9404,-54.6137,-53.756,-53.855,-53.6569,
05-01-2026-Fri 14-18-22-PM,-53.7229,-51.9733,-54.5808,-53.756,-53.855,-53.6899,
05-01-2026-Fri 14-18-24-PM,-53.7229,-51.9404,-54.6137,-53.822,-53.888,-53.6899,
05-01-2026-Fri 14-18-25-PM,-53.756,-51.9733,-54.6798,-53.822,-53.9209,-53.7229,
05-01-2026-Fri 14-18-26-PM,-53.756,-51.9733,-54.6468,-53.822,-53.9209,-53.7229,
05-01-2026-Fri 14-18-28-PM,-53.7889,-52.0064,-54.6798,-53.7889,-53.9209,-53.7229,
05-01-2026-Fri 14-18-29-PM,-53.7889,-52.0064,-54.7128,-53.7889,-53.9538,-53.756,
05-01-2026-Fri 14-18-31-PM,-53.822,-52.0395,-54.7128,-53.855,-53.9538,-53.7889,
05-01-2026-Fri 14-18-32-PM,-53.822,-52.0395,-54.7457,-53.822,-53.9869,-53.7889,
05-01-2026-Fri 14-18-33-PM,-53.855,-52.0725,-54.7457,-53.855,-53.9869,-53.822,
05-01-2026-Fri 14-18-35-PM,-53.855,-52.1055,-54.7457,-53.888,-54.0199,-53.855,
05-01-2026-Fri 14-18-36-PM,-53.888,-52.1385,-54.7787,-53.888,-54.0199,-53.855,
05-01-2026-Fri 14-18-38-PM,-53.9209,-52.1385,-54.8117,-53.9209,-54.0199,-53.888,
05-01-2026-Fri 14-18-39-PM,-53.9209,-52.1385,-54.7787,-53.9209,-54.0529,-53.888,
05-01-2026-Fri 14-18-40-PM,-53.9538,-52.1385,-54.8117,-53.9538,-54.0529,-53.9209,
05-01-2026-Fri 14-18-42-PM,-53.9538,-52.1715,-54.8117,-53.9209,-54.0859,-53.9209,
05-01-2026-Fri 14-18-43-PM,-53.9538,-52.1715,-54.8447,-53.9538,-54.0859,-53.9538,
05-01-2026-Fri 14-18-45-PM,-53.9869,-52.2046,-54.8777,-53.9209,-54.1189,-53.9538,
05-01-2026-Fri 14-18-46-PM,-53.9869,-52.2046,-54.9107,-53.9869,-54.1189,-53.9869,
05-01-2026-Fri 14-18-47-PM,-53.9869,-52.2706,-54.8777,-53.9209,-54.1189,-53.9869,
05-01-2026-Fri 14-18-49-PM,-54.0199,-52.2375,-54.9107,-53.9869,-54.1849,-54.0199,
05-01-2026-Fri 14-18-51-PM,-54.0529,-52.2375,-54.9436,-54.0199,-54.1849,-54.0529,
05-01-2026-Fri 14-18-54-PM,-54.0859,-52.2706,-54.9436,-53.9869,-54.1849,-54.0859,
05-01-2026-Fri 14-18-56-PM,-54.1189,-52.3366,-55.0426,-54.0529,-54.2509,-54.0859,
05-01-2026-Fri 14-18-57-PM,-54.1519,-52.3366,-54.9766,-54.0529,-54.2509,-54.1519,
05-01-2026-Fri 14-18-59-PM,-54.1519,-52.3696,-55.0426,-54.0199,-54.2509,-54.1519,
05-01-2026-Fri 14-19-00-PM,-54.1519,-52.3696,-55.0426,-54.0529,-54.2838,-54.1849,
05-01-2026-Fri 14-19-02-PM,-54.1849,-52.4357,-55.0756,-54.0529,-54.2838,-54.1849,
05-01-2026-Fri 14-19-03-PM,-54.1849,-52.4027,-55.1085,-54.0529,-54.3168,-54.2179,
05-01-2026-Fri 14-19-05-PM,-54.2179,-52.4027,-55.1416,-54.0529,-54.2838,-54.2179,
05-01-2026-Fri 14-19-06-PM,-54.2179,-52.4686,-55.1085,-54.1189,-54.3499,-54.2179,
05-01-2026-Fri 14-19-07-PM,-54.2509,-52.4686,-55.1416,-54.1189,-54.3499,-54.2509,
05-01-2026-Fri 14-19-09-PM,-54.2509,-52.4686,-55.1746,-54.0859,-54.3828,-54.2838,
05-01-2026-Fri 14-19-10-PM,-54.2838,-52.4686,-55.1746,-54.1189,-54.3828,-54.3168,
05-01-2026-Fri 14-19-12-PM,-54.2838,-52.5017,-55.1746,-54.0859,-54.3828,-54.3168,
05-01-2026-Fri 14-19-13-PM,-54.3168,-52.5347,-55.1746,-54.1189,-54.4158,-54.3168,
05-01-2026-Fri 14-19-14-PM,-54.3168,-52.5347,-55.2405,-54.1189,-54.4488,-54.3499,
05-01-2026-Fri 14-19-16-PM,-54.3499,-52.5678,-55.2076,-54.1519,-54.4818,-54.3499,
05-01-2026-Fri 14-19-17-PM,-54.3499,-52.5347,-55.2405,-54.1519,-54.4818,-54.3828,
05-01-2026-Fri 14-19-18-PM,-54.3828,-52.5678,-55.2734,-54.1519,-54.4488,-54.3499,
05-01-2026-Fri 14-19-20-PM,-54.3828,-52.6007,-55.2734,-54.1849,-54.4818,-54.3828,
05-01-2026-Fri 14-19-21-PM,-54.4158,-52.6007,-55.3394,-54.2179,-54.5148,-54.4158,
05-01-2026-Fri 14-19-23-PM,-54.4158,-52.6337,-55.3394,-54.2179,-54.5148,-54.4158,
05-01-2026-Fri 14-19-24-PM,-54.4158,-52.6667,-55.2734,-54.2179,-54.5478,-54.4818,
05-01-2026-Fri 14-19-26-PM,-54.4488,-52.6667,-55.3394,-54.2179,-54.5478,-54.4818,
05-01-2026-Fri 14-19-27-PM,-54.4818,-52.6998,-55.3394,-54.1849,-54.5808,-54.4818,
05-01-2026-Fri 14-19-28-PM,-54.4818,-52.6998,-55.3394,-54.2179,-54.5808,-54.5148,
05-01-2026-Fri 14-19-30-PM,-54.5148,-52.6998,-55.3724,-54.2509,-54.5808,-54.5148,
05-01-2026-Fri 14-19-31-PM,-54.4818,-52.7328,-55.4054,-54.2838,-54.6137,-54.5478,
05-01-2026-Fri 14-19-33-PM,-54.5148,-52.7328,-55.3724,-54.3168,-54.6137,-54.5148,
05-01-2026-Fri 14-19-34-PM,-54.5478,-52.7328,-55.4054,-54.2509,-54.6137,-54.5808,
05-01-2026-Fri 14-19-35-PM,-54.5478,-52.7658,-55.4383,-54.2509,-54.6468,-54.5808,
05-01-2026-Fri 14-19-37-PM,-54.5808,-52.7658,-55.4383,-54.2838,-54.6798,-54.5808,
05-01-2026-Fri 14-19-38-PM,-54.5808,-52.7987,-55.4383,-54.2838,-54.6798,-54.6468,
05-01-2026-Fri 14-19-40-PM,-54.5808,-52.8318,-55.5374,-54.2838,-54.6798,-54.6137,
05-01-2026-Fri 14-19-41-PM,-54.6137,-52.7987,-55.4714,-54.3168,-54.7128,-54.6468,
05-01-2026-Fri 14-19-42-PM,-54.6468,-52.8318,-55.4714,-54.2838,-54.7128,-54.6468,
05-01-2026-Fri 14-19-44-PM,-54.6468,-52.8318,-55.5044,-54.3168,-54.7457,-54.6798,
05-01-2026-Fri 14-19-45-PM,-54.6798,-52.8649,-55.5374,-54.3168,-54.7457,-54.7128,
05-01-2026-Fri 14-19-47-PM,-54.6798,-52.8649,-55.5044,-54.3168,-54.7457,-54.7128,
05-01-2026-Fri 14-19-48-PM,-54.6798,-52.8979,-55.4714,-54.3828,-54.7787,-54.7128,
05-01-2026-Fri 14-19-49-PM,-54.7128,-52.8979,-55.5374,-54.3499,-54.7787,-54.7457,
05-01-2026-Fri 14-19-51-PM,-54.7128,-52.8979,-55.6362,-54.3828,-54.8117,-54.7457,
05-01-2026-Fri 14-19-54-PM,-54.7457,-52.9308,-55.6032,-54.4158,-54.7787,-54.7787,
05-01-2026-Fri 14-19-56-PM,-54.7457,-52.9308,-55.6362,-54.4158,-54.8447,-54.8117,
05-01-2026-Fri 14-19-59-PM,-54.7787,-52.9968,-55.6362,-54.3828,-54.8777,-54.8447,
05-01-2026-Fri 14-20-01-PM,-54.8117,-53.0299,-55.7022,-54.4158,-54.9107,-54.8777,
05-01-2026-Fri 14-20-03-PM,-54.8117,-53.0299,-55.6362,-54.4158,-54.9107,-54.8777,
05-01-2026-Fri 14-20-06-PM,-54.8777,-53.0629,-55.7022,-54.4488,-54.9107,-54.9107,
05-01-2026-Fri 14-20-09-PM,-54.8777,-53.0959,-55.7352,-54.4488,-54.9436,-54.9436,
05-01-2026-Fri 14-20-10-PM,-54.9107,-53.1288,-55.7352,-54.4488,-55.0096,-54.9766,
05-01-2026-Fri 14-20-12-PM,-54.9107,-53.1288,-55.7681,-54.4818,-55.0096,-55.0096,
05-01-2026-Fri 14-20-13-PM,-54.9436,-53.1288,-55.8341,-54.5148,-55.0096,-55.0096,
05-01-2026-Fri 14-20-14-PM,-54.9436,-53.1619,-55.8341,-54.5148,-55.0426,-55.0096,
05-01-2026-Fri 14-20-16-PM,-54.9436,-53.1619,-55.8011,-54.5148,-55.0426,-55.0426,
05-01-2026-Fri 14-20-17-PM,-54.9766,-53.1949,-55.8011,-54.4818,-55.0426,-55.0426,
05-01-2026-Fri 14-20-19-PM,-55.0096,-53.1949,-55.8341,-54.4818,-55.0756,-55.0426,
05-01-2026-Fri 14-20-20-PM,-55.0096,-53.1949,-55.8341,-54.5148,-55.0756,-55.0756,
05-01-2026-Fri 14-20-22-PM,-55.0096,-53.2279,-55.8671,-54.5478,-55.0756,-55.1085,
05-01-2026-Fri 14-20-24-PM,-55.0426,-53.2279,-55.8671,-54.5148,-55.1085,-55.1085,
05-01-2026-Fri 14-20-26-PM,-55.0756,-53.2609,-55.9001,-54.5148,-55.1416,-55.1085,
05-01-2026-Fri 14-20-27-PM,-55.0756,-53.2938,-55.9001,-54.5148,-55.1416,-55.1416,
05-01-2026-Fri 14-20-30-PM,-55.0756,-53.2938,-55.9329,-54.5478,-55.1416,-55.1746,
05-01-2026-Fri 14-20-33-PM,-55.1085,-53.3269,-55.9001,-54.5808,-55.1746,-55.1746,
05-01-2026-Fri 14-20-34-PM,-55.1416,-53.3599,-55.9989,-54.6137,-55.1746,-55.2405,
05-01-2026-Fri 14-20-35-PM,-55.1416,-53.3599,-55.9329,-54.6137,-55.2076,-55.2076,
05-01-2026-Fri 14-20-37-PM,-55.1746,-53.3599,-56.0319,-54.5478,-55.2076,-55.2405,
05-01-2026-Fri 14-20-38-PM,-55.1746,-53.3599,-56.0319,-54.6137,-55.2076,-55.2405,
05-01-2026-Fri 14-20-40-PM,-55.2076,-53.4259,-55.9989,-54.5808,-55.2405,-55.2405,
05-01-2026-Fri 14-20-41-PM,-55.2076,-53.4259,-55.9989,-54.6137,-55.2405,-55.2734,
05-01-2026-Fri 14-20-42-PM,-55.2076,-53.4259,-56.0319,-54.6468,-55.2734,-55.3065,
05-01-2026-Fri 14-20-44-PM,-55.2076,-53.4589,-56.0649,-54.6137,-55.3065,-55.3394,
05-01-2026-Fri 14-20-45-PM,-55.2405,-53.4259,-56.0978,-54.6468,-55.3065,-55.3065,
05-01-2026-Fri 14-20-46-PM,-55.2734,-53.4589,-55.9989,-54.6137,-55.3065,-55.3394,
05-01-2026-Fri 14-20-48-PM,-55.2405,-53.4589,-56.0978,-54.6468,-55.3065,-55.3394,
05-01-2026-Fri 14-20-49-PM,-55.2734,-53.492,-56.0978,-54.6468,-55.3394,-55.3724,
05-01-2026-Fri 14-20-50-PM,-55.2734,-53.492,-56.0978,-54.6798,-55.3394,-55.3724,
05-01-2026-Fri 14-20-52-PM,-55.2734,-53.492,-56.1309,-54.6798,-55.3394,-55.4054,
05-01-2026-Fri 14-20-53-PM,-55.3065,-53.525,-56.1638,-54.6468,-55.3724,-55.4054,
05-01-2026-Fri 14-20-55-PM,-55.3065,-53.525,-56.1309,-54.6798,-55.3724,-55.4054,
05-01-2026-Fri 14-20-56-PM,-55.3065,-53.558,-56.1638,-54.6798,-55.3724,-55.4383,
05-01-2026-Fri 14-20-57-PM,-55.3394,-53.558,-56.0978,-54.7128,-55.4054,-55.4383,
05-01-2026-Fri 14-20-59-PM,-55.3394,-53.558,-56.2298,-54.6468,-55.4054,-55.4714,
05-01-2026-Fri 14-21-00-PM,-55.3724,-53.5909,-56.1638,-54.7128,-55.4054,-55.4383,
05-01-2026-Fri 14-21-02-PM,-55.3724,-53.5909,-56.1968,-54.7128,-55.4383,-55.4714,
05-01-2026-Fri 14-21-03-PM,-55.4054,-53.6239,-56.1638,-54.7128,-55.4383,-55.5044,
05-01-2026-Fri 14-21-04-PM,-55.4054,-53.6569,-56.1968,-54.7457,-55.4383,-55.5374,
05-01-2026-Fri 14-21-06-PM,-55.4383,-53.6569,-56.2298,-54.7457,-55.4714,-55.5374,
05-01-2026-Fri 14-21-07-PM,-55.4383,-53.6899,-56.2626,-54.7787,-55.4714,-55.5374,
05-01-2026-Fri 14-21-09-PM,-55.4383,-53.7229,-56.2626,-54.8447,-55.5374,-55.5374,
05-01-2026-Fri 14-21-10-PM,-55.4714,-53.756,-56.2957,-54.9107,-55.5044,-55.5703,
05-01-2026-Fri 14-21-11-PM,-55.5374,-53.7889,-56.3287,-55.0096,-55.5703,-55.6032,
05-01-2026-Fri 14-21-13-PM,-55.5374,-53.822,-56.2957,-55.1085,-55.6032,-55.6362,
05-01-2026-Fri 14-21-14-PM,-55.5703,-53.855,-56.4275,-55.2076,-55.6362,-55.6362,
05-01-2026-Fri 14-21-16-PM,-55.5703,-53.9209,-56.3946,-55.2405,-55.6692,-55.6692,
05-01-2026-Fri 14-21-17-PM,-55.6692,-53.9538,-56.4606,-55.3394,-55.7352,-55.6692,
05-01-2026-Fri 14-21-18-PM,-55.6692,-53.9869,-56.4935,-55.3724,-55.7681,-55.7352,
05-01-2026-Fri 14-21-20-PM,-55.7022,-54.0199,-56.5265,-55.4383,-55.8341,-55.7352,
05-01-2026-Fri 14-21-21-PM,-55.7352,-54.0529,-56.5265,-55.5374,-55.8671,-55.7681,
05-01-2026-Fri 14-21-22-PM,-55.7681,-54.0859,-56.5265,-55.5703,-55.8671,-55.8011,
05-01-2026-Fri 14-21-24-PM,-55.8011,-54.1519,-56.5265,-55.6362,-55.9329,-55.8011,
05-01-2026-Fri 14-21-25-PM,-55.8341,-54.1519,-56.6254,-55.6692,-55.966,-55.8341,
05-01-2026-Fri 14-21-27-PM,-55.8671,-54.1849,-56.5923,-55.7352,-55.9989,-55.8671,
05-01-2026-Fri 14-21-28-PM,-55.9001,-54.2179,-56.5265,-55.7352,-56.0319,-55.9329,
05-01-2026-Fri 14-21-29-PM,-55.9001,-54.2509,-56.6254,-55.8011,-56.0649,-55.9329,
05-01-2026-Fri 14-21-31-PM,-55.9001,-54.2509,-56.6913,-55.9001,-56.0649,-55.9329,
05-01-2026-Fri 14-21-32-PM,-55.966,-54.2838,-56.6254,-55.8341,-56.1309,-55.966,
05-01-2026-Fri 14-21-33-PM,-55.9989,-54.3168,-56.7243,-55.9329,-56.1638,-55.9989,
05-01-2026-Fri 14-21-35-PM,-55.9989,-54.3499,-56.7243,-55.966,-56.1968,-55.9989,
05-01-2026-Fri 14-21-36-PM,-56.0319,-54.3828,-56.7572,-55.9989,-56.2298,-56.0649,
05-01-2026-Fri 14-21-38-PM,-56.0978,-54.3828,-56.7902,-56.0319,-56.2626,-56.0649,
05-01-2026-Fri 14-21-39-PM,-56.0978,-54.4488,-56.8232,-56.1309,-56.2957,-56.0649,
05-01-2026-Fri 14-21-40-PM,-56.1309,-54.4818,-56.8891,-56.0978,-56.3287,-56.0978,
05-01-2026-Fri 14-21-42-PM,-56.1638,-54.4818,-56.8891,-56.1638,-56.3616,-56.1309,
05-01-2026-Fri 14-21-43-PM,-56.1638,-54.5148,-56.9219,-56.2298,-56.3946,-56.1638,
05-01-2026-Fri 14-21-45-PM,-56.2298,-54.5478,-56.955,-56.1968,-56.4275,-56.1968,
05-01-2026-Fri 14-21-46-PM,-56.2298,-54.5808,-56.8891,-56.2626,-56.4606,-56.1968,
05-01-2026-Fri 14-21-47-PM,-56.2626,-54.6137,-56.955,-56.3287,-56.4606,-56.2298,
05-01-2026-Fri 14-21-49-PM,-56.2957,-54.6137,-57.0209,-56.3287,-56.5265,-56.2626,
05-01-2026-Fri 14-21-50-PM,-56.2957,-54.6468,-57.0209,-56.3616,-56.5265,-56.2957,
05-01-2026-Fri 14-21-52-PM,-56.3287,-54.6798,-57.0209,-56.3946,-56.5595,-56.2957,
05-01-2026-Fri 14-21-54-PM,-56.3616,-54.7128,-57.0539,-56.3946,-56.5923,-56.3287,
05-01-2026-Fri 14-21-57-PM,-56.3946,-54.7457,-57.1198,-56.4935,-56.6583,-56.3946,
05-01-2026-Fri 14-22-00-PM,-56.4275,-54.7787,-57.1858,-56.5265,-56.7243,-56.4606,
05-01-2026-Fri 14-22-03-PM,-56.4606,-54.8447,-57.2187,-56.5265,-56.7572,-56.4606,
05-01-2026-Fri 14-22-05-PM,-56.5265,-54.9107,-57.2515,-56.6254,-56.8232,-56.5595,
05-01-2026-Fri 14-22-06-PM,-56.5595,-54.9107,-57.3175,-56.6583,-56.8232,-56.5595,
05-01-2026-Fri 14-22-08-PM,-56.5923,-54.9436,-57.2846,-56.6913,-56.8562,-56.5923,
05-01-2026-Fri 14-22-09-PM,-56.5923,-54.9766,-57.3175,-56.6583,-56.8891,-56.5923,
05-01-2026-Fri 14-22-10-PM,-56.5923,-54.9766,-57.3835,-56.6913,-56.9219,-56.6254,
05-01-2026-Fri 14-22-12-PM,-56.6254,-55.0426,-57.3835,-56.7572,-56.9219,-56.6583,
05-01-2026-Fri 14-22-14-PM,-56.6583,-55.0426,-57.4164,-56.7243,-56.9879,-56.6913,
05-01-2026-Fri 14-22-15-PM,-56.6913,-55.0756,-57.4164,-56.7902,-56.9879,-56.7243,
05-01-2026-Fri 14-22-17-PM,-56.6913,-55.1085,-57.4494,-56.7902,-57.0539,-56.7243,
05-01-2026-Fri 14-22-18-PM,-56.7243,-55.1085,-57.5153,-56.8232,-57.0539,-56.7572,
05-01-2026-Fri 14-22-19-PM,-56.7572,-55.1416,-57.4823,-56.8232,-57.0539,-56.7572,
05-01-2026-Fri 14-22-21-PM,-56.7902,-55.1746,-57.5153,-56.8562,-57.1198,-56.7902,
05-01-2026-Fri 14-22-22-PM,-56.8232,-55.1746,-57.5483,-56.8891,-57.1528,-56.7902,
05-01-2026-Fri 14-22-24-PM,-56.8232,-55.2076,-57.6141,-56.9219,-57.1528,-56.8562,
05-01-2026-Fri 14-22-25-PM,-56.8562,-55.2405,-57.6141,-56.955,-57.1858,-56.8562,
05-01-2026-Fri 14-22-26-PM,-56.8562,-55.2405,-57.6141,-56.9219,-57.2187,-56.8891,
05-01-2026-Fri 14-22-28-PM,-56.8891,-55.3065,-57.68,-56.955,-57.2187,-56.9219,
05-01-2026-Fri 14-22-29-PM,-56.9219,-55.3065,-57.6471,-56.9879,-57.2515,-56.9219,
05-01-2026-Fri 14-22-31-PM,-56.9219,-55.3065,-57.7459,-57.0209,-57.2515,-56.9219,
05-01-2026-Fri 14-22-32-PM,-56.955,-55.3394,-57.68,-56.9879,-57.2846,-56.9879,
05-01-2026-Fri 14-22-33-PM,-56.955,-55.3724,-57.713,-57.0209,-57.3175,-56.9879,
05-01-2026-Fri 14-22-35-PM,-56.9879,-55.3724,-57.7459,-57.0209,-57.3505,-57.0209,
05-01-2026-Fri 14-22-36-PM,-57.0209,-55.4054,-57.7789,-57.0868,-57.3505,-57.0539,
05-01-2026-Fri 14-22-37-PM,-57.0209,-55.4383,-57.8448,-57.0539,-57.3835,-57.0539,
05-01-2026-Fri 14-22-39-PM,-57.0209,-55.4383,-57.8119,-57.1198,-57.4164,-57.0868,
05-01-2026-Fri 14-22-40-PM,-57.0539,-55.4714,-57.8119,-57.1528,-57.4494,-57.1198,
05-01-2026-Fri 14-22-42-PM,-57.0868,-55.4714,-57.8448,-57.1198,-57.4494,-57.1528,
05-01-2026-Fri 14-22-43-PM,-57.1198,-55.5044,-57.8778,-57.1528,-57.4823,-57.1528,
05-01-2026-Fri 14-22-44-PM,-57.1198,-55.5374,-57.9437,-57.1858,-57.5153,-57.1528,
05-01-2026-Fri 14-22-46-PM,-57.1528,-55.5374,-57.9437,-57.1528,-57.5153,-57.2187,
05-01-2026-Fri 14-22-47-PM,-57.1528,-55.5703,-57.9106,-57.2187,-57.5483,-57.1858,
05-01-2026-Fri 14-22-49-PM,-57.1528,-55.5703,-57.9437,-57.2515,-57.5483,-57.2515,
05-01-2026-Fri 14-22-50-PM,-57.1858,-55.6032,-57.9766,-57.2187,-57.5811,-57.2515,
05-01-2026-Fri 14-22-51-PM,-57.2187,-55.6362,-58.0095,-57.2187,-57.6141,-57.2846,
05-01-2026-Fri 14-22-53-PM,-57.2187,-55.6362,-58.0425,-57.3175,-57.6471,-57.3175,
05-01-2026-Fri 14-22-54-PM,-57.2515,-55.6692,-58.0425,-57.3175,-57.6471,-57.3505,
05-01-2026-Fri 14-22-56-PM,-57.2846,-55.7022,-58.1084,-57.2846,-57.68,-57.3505,
05-01-2026-Fri 14-22-57-PM,-57.2846,-55.7022,-58.1084,-57.3175,-57.713,-57.3505,
05-01-2026-Fri 14-22-58-PM,-57.3175,-55.7352,-58.1084,-57.3505,-57.713,-57.4164,
05-01-2026-Fri 14-23-00-PM,-57.3175,-55.7352,-58.1084,-57.3835,-57.7459,-57.4164,
05-01-2026-Fri 14-23-01-PM,-57.3505,-55.7681,-58.1084,-57.3505,-57.7789,-57.4494,
05-01-2026-Fri 14-23-03-PM,-57.3835,-55.8011,-58.1743,-57.4164,-57.8119,-57.4494,
05-01-2026-Fri 14-23-04-PM,-57.3835,-55.8341,-58.1743,-57.3835,-57.8119,-57.4494,
05-01-2026-Fri 14-23-06-PM,-57.4164,-55.8341,-58.2073,-57.3835,-57.8119,-57.5153,
05-01-2026-Fri 14-23-07-PM,-57.4164,-55.8671,-58.2401,-57.4494,-57.8448,-57.5483,
05-01-2026-Fri 14-23-08-PM,-57.4494,-55.8671,-58.2731,-57.4494,-57.8778,-57.5483,
05-01-2026-Fri 14-23-10-PM,-57.4823,-55.8671,-58.2401,-57.4164,-57.8778,-57.5811,
05-01-2026-Fri 14-23-11-PM,-57.4823,-55.9001,-58.2731,-57.4823,-57.9106,-57.5811,
05-01-2026-Fri 14-23-13-PM,-57.4823,-55.9001,-58.339,-57.5153,-57.9437,-57.6141,
05-01-2026-Fri 14-23-14-PM,-57.5153,-55.9329,-58.306,-57.5153,-57.9437,-57.6471,
05-01-2026-Fri 14-23-15-PM,-57.5483,-55.9329,-58.339,-57.5153,-58.0095,-57.6471,
05-01-2026-Fri 14-23-17-PM,-57.5483,-55.966,-58.4048,-57.5483,-57.9766,-57.68,
05-01-2026-Fri 14-23-18-PM,-57.5811,-55.9989,-58.4048,-57.5153,-58.0095,-57.68,
05-01-2026-Fri 14-23-20-PM,-57.5811,-56.0319,-58.4048,-57.5811,-58.0425,-57.713,
05-01-2026-Fri 14-23-21-PM,-57.6141,-56.0319,-58.4378,-57.5811,-58.0425,-57.7459,
05-01-2026-Fri 14-23-22-PM,-57.6471,-56.0319,-58.4708,-57.5811,-58.0754,-57.7459,
05-01-2026-Fri 14-23-24-PM,-57.68,-56.0649,-58.4708,-57.6141,-58.0754,-57.8119,
05-01-2026-Fri 14-23-25-PM,-57.68,-56.0978,-58.4708,-57.6471,-58.1414,-57.7789,
05-01-2026-Fri 14-23-27-PM,-57.713,-56.0978,-58.4708,-57.6141,-58.1414,-57.8119,
05-01-2026-Fri 14-23-28-PM,-57.713,-56.1309,-58.5696,-57.68,-58.1743,-57.8448,
05-01-2026-Fri 14-23-29-PM,-57.713,-56.1638,-58.5696,-57.6471,-58.1414,-57.8778,
05-01-2026-Fri 14-23-31-PM,-57.7459,-56.1638,-58.5696,-57.6471,-58.1743,-57.8778,
05-01-2026-Fri 14-23-32-PM,-57.7789,-56.1638,-58.5367,-57.68,-58.2073,-57.9106,
05-01-2026-Fri 14-23-34-PM,-57.7789,-56.1968,-58.6684,-57.68,-58.2401,-57.9106,
05-01-2026-Fri 14-23-35-PM,-57.8119,-56.1968,-58.6355,-57.7789,-58.2731,-57.9437,
05-01-2026-Fri 14-23-36-PM,-57.8448,-56.1968,-58.6026,-57.68,-58.306,-57.9766,
05-01-2026-Fri 14-23-38-PM,-57.8778,-56.2298,-58.6684,-57.7459,-58.2731,-57.9766,
05-01-2026-Fri 14-23-39-PM,-57.8778,-56.2626,-58.6355,-57.7459,-58.339,-58.0095,
05-01-2026-Fri 14-23-41-PM,-57.8778,-56.2957,-58.7342,-57.7459,-58.306,-58.0425,
05-01-2026-Fri 14-23-42-PM,-57.9437,-56.2957,-58.7672,-57.8119,-58.3719,-58.0754,
05-01-2026-Fri 14-23-43-PM,-57.9437,-56.2957,-58.7342,-57.7789,-58.339,-58.0754,
05-01-2026-Fri 14-23-45-PM,-57.9437,-56.3287,-58.8002,-57.7789,-58.3719,-58.0754,
05-01-2026-Fri 14-23-46-PM,-57.9766,-56.3616,-58.8002,-57.8448,-58.4048,-58.1414,
05-01-2026-Fri 14-23-47-PM,-57.9766,-56.3616,-58.8331,-57.8778,-58.4378,-58.1084,
05-01-2026-Fri 14-23-49-PM,-58.0095,-56.3616,-58.8331,-57.8448,-58.4378,-58.1743,
05-01-2026-Fri 14-23-50-PM,-58.0425,-56.4275,-58.8331,-57.8778,-58.4378,-58.1414,
05-01-2026-Fri 14-23-52-PM,-58.0425,-56.4275,-58.899,-57.8778,-58.4708,-58.1743,
05-01-2026-Fri 14-23-53-PM,-58.0425,-56.4275,-58.8661,-57.9106,-58.5037,-58.2073,
05-01-2026-Fri 14-23-54-PM,-58.0754,-56.4606,-58.8331,-57.9106,-58.5367,-58.2401,
05-01-2026-Fri 14-23-56-PM,-58.1084,-56.4606,-58.899,-57.9766,-58.5367,-58.2401,
05-01-2026-Fri 14-23-57-PM,-58.1084,-56.4606,-58.932,-57.9106,-58.5696,-58.2731,
05-01-2026-Fri 14-23-59-PM,-58.1414,-56.4935,-58.9648,-57.9766,-58.5696,-58.306,
05-01-2026-Fri 14-24-00-PM,-58.1414,-56.5265,-58.9648,-57.9766,-58.6026,-58.306,
05-01-2026-Fri 14-24-01-PM,-58.1743,-56.5595,-59.0307,-57.9766,-58.6026,-58.339,
05-01-2026-Fri 14-24-03-PM,-58.2073,-56.5265,-58.9978,-58.0425,-58.6355,-58.339,
05-01-2026-Fri 14-24-04-PM,-58.2073,-56.5595,-59.0307,-58.0425,-58.6355,-58.3719,
05-01-2026-Fri 14-24-06-PM,-58.2073,-56.5923,-59.0636,-58.0425,-58.6684,-58.4048,
05-01-2026-Fri 14-24-07-PM,-58.2401,-56.6254,-59.1296,-58.0754,-58.7014,-58.4048,
05-01-2026-Fri 14-24-08-PM,-58.2401,-56.6254,-59.0636,-58.0754,-58.7014,-58.4048,
05-01-2026-Fri 14-24-10-PM,-58.2731,-56.6254,-59.0966,-58.0754,-58.7014,-58.4378,
05-01-2026-Fri 14-24-11-PM,-58.306,-56.6583,-59.1296,-58.0754,-58.7014,-58.4708,
05-01-2026-Fri 14-24-13-PM,-58.306,-56.6583,-59.1625,-58.1084,-58.7672,-58.5037,
05-01-2026-Fri 14-24-14-PM,-58.339,-56.6913,-59.2283,-58.0754,-58.7672,-58.5037,
05-01-2026-Fri 14-24-15-PM,-58.339,-56.6913,-59.1625,-58.0754,-58.7672,-58.5037,
05-01-2026-Fri 14-24-17-PM,-58.3719,-56.7243,-59.1625,-58.1084,-58.7672,-58.5367,
05-01-2026-Fri 14-24-18-PM,-58.3719,-56.7243,-59.2283,-58.1743,-58.8002,-58.5696,
05-01-2026-Fri 14-24-20-PM,-58.4048,-56.7243,-59.2613,-58.1414,-58.8331,-58.5367,
05-01-2026-Fri 14-24-21-PM,-58.4378,-56.7572,-59.1954,-58.1414,-58.8331,-58.6026,
05-01-2026-Fri 14-24-22-PM,-58.4378,-56.7572,-59.2613,-58.1414,-58.8661,-58.6026,
05-01-2026-Fri 14-24-24-PM,-58.4708,-56.7902,-59.2942,-58.2731,-58.8661,-58.6355,
05-01-2026-Fri 14-24-25-PM,-58.4708,-56.8232,-59.2942,-58.2401,-58.8661,-58.6355,
05-01-2026-Fri 14-24-27-PM,-58.4708,-56.8232,-59.3601,-58.2401,-58.899,-58.6684,
05-01-2026-Fri 14-24-28-PM,-58.5037,-56.8562,-59.3929,-58.2731,-58.899,-58.6684,
05-01-2026-Fri 14-24-29-PM,-58.5367,-56.8562,-59.3601,-58.306,-58.932,-58.6684,
05-01-2026-Fri 14-24-31-PM,-58.5696,-56.8562,-59.3929,-58.306,-58.9648,-58.7342,
05-01-2026-Fri 14-24-32-PM,-58.5696,-56.8891,-59.4259,-58.339,-58.932,-58.7342,
05-01-2026-Fri 14-24-33-PM,-58.5696,-56.8891,-59.4259,-58.3719,-58.9648,-58.7672,
05-01-2026-Fri 14-24-35-PM,-58.6026,-56.9219,-59.4589,-58.339,-58.9978,-58.7672,
05-01-2026-Fri 14-24-36-PM,-58.6355,-56.9219,-59.4589,-58.339,-59.0307,-58.8002,
05-01-2026-Fri 14-24-38-PM,-58.6684,-56.955,-59.4589,-58.3719,-59.0307,-58.8002,
05-01-2026-Fri 14-24-39-PM,-58.6684,-56.955,-59.4918,-58.3719,-59.0636,-58.8331,
05-01-2026-Fri 14-24-41-PM,-58.6684,-57.0209,-59.4918,-58.4048,-59.0636,-58.8331,
05-01-2026-Fri 14-24-42-PM,-58.7014,-57.0209,-59.4589,-58.4048,-59.0636,-58.8661,
05-01-2026-Fri 14-24-43-PM,-58.7014,-57.0209,-59.5248,-58.4048,-59.0966,-58.899,
05-01-2026-Fri 14-24-45-PM,-58.7342,-57.0539,-59.5906,-58.4378,-59.1296,-58.8661,
05-01-2026-Fri 14-24-46-PM,-58.7342,-57.0539,-59.6236,-58.4378,-59.0966,-58.899,
05-01-2026-Fri 14-24-47-PM,-58.8002,-57.0868,-59.6564,-58.4708,-59.1296,-58.932,
05-01-2026-Fri 14-24-49-PM,-58.8002,-57.0868,-59.6236,-58.4708,-59.1625,-58.9648,
05-01-2026-Fri 14-24-50-PM,-58.8002,-57.1198,-59.5906,-58.4708,-59.1625,-58.9648,
05-01-2026-Fri 14-24-52-PM,-58.8002,-57.1198,-59.6236,-58.5037,-59.1954,-58.9978,
05-01-2026-Fri 14-24-53-PM,-58.8661,-57.1198,-59.6236,-58.5367,-59.1954,-58.9978,
05-01-2026-Fri 14-24-54-PM,-58.8661,-57.1528,-59.6894,-58.5037,-59.2283,-59.0307,
05-01-2026-Fri 14-24-56-PM,-58.8661,-57.1858,-59.6894,-58.5696,-59.2283,-59.0636,
05-01-2026-Fri 14-24-57-PM,-58.899,-57.1528,-59.6894,-58.5696,-59.2613,-59.0636,
05-01-2026-Fri 14-24-59-PM,-58.899,-57.1858,-59.7222,-58.6026,-59.2942,-59.0966,
05-01-2026-Fri 14-25-00-PM,-58.932,-57.2187,-59.6894,-58.5696,-59.2942,-59.0636,
05-01-2026-Fri 14-25-01-PM,-58.932,-57.2187,-59.7552,-58.6355,-59.2613,-59.1296,
05-01-2026-Fri 14-25-03-PM,-58.9648,-57.2187,-59.7882,-58.6026,-59.3271,-59.1296,
05-01-2026-Fri 14-25-04-PM,-58.9978,-57.2846,-59.7552,-58.6355,-59.3271,-59.1625,
05-01-2026-Fri 14-25-06-PM,-58.9978,-57.2846,-59.8211,-58.6026,-59.3271,-59.1296,
05-01-2026-Fri 14-25-07-PM,-58.9978,-57.3175,-59.8211,-58.6684,-59.3601,-59.1625,
05-01-2026-Fri 14-25-08-PM,-59.0307,-57.2846,-59.7882,-58.6684,-59.3601,-59.1954,
05-01-2026-Fri 14-25-10-PM,-59.0636,-57.3175,-59.854,-58.6355,-59.3601,-59.2283,
05-01-2026-Fri 14-25-11-PM,-59.0307,-57.3175,-59.854,-58.7014,-59.3929,-59.2283,
05-01-2026-Fri 14-25-12-PM,-59.0966,-57.3505,-59.8869,-58.7014,-59.3929,-59.2283,
05-01-2026-Fri 14-25-14-PM,-59.1296,-57.3835,-59.8869,-58.7342,-59.3929,-59.2613,
05-01-2026-Fri 14-25-15-PM,-59.1296,-57.3835,-59.9199,-58.7342,-59.4589,-59.2942,
05-01-2026-Fri 14-25-17-PM,-59.1296,-57.3505,-59.8869,-58.7672,-59.4589,-59.2942,
05-01-2026-Fri 14-25-18-PM,-59.1625,-57.3835,-59.9528,-58.7342,-59.4589,-59.2942,
05-01-2026-Fri 14-25-19-PM,-59.1625,-57.4494,-59.9528,-58.7672,-59.4589,-59.3271,
05-01-2026-Fri 14-25-21-PM,-59.1954,-57.4164,-60.0186,-58.7672,-59.4918,-59.3601,
05-01-2026-Fri 14-25-22-PM,-59.1954,-57.4494,-59.9857,-58.7672,-59.4918,-59.3929,
05-01-2026-Fri 14-25-23-PM,-59.1954,-57.4494,-59.9857,-58.8002,-59.5248,-59.3929,
05-01-2026-Fri 14-25-25-PM,-59.2613,-57.4823,-60.0186,-58.8002,-59.5576,-59.3929,
05-01-2026-Fri 14-25-26-PM,-59.2613,-57.4823,-60.0515,-58.8661,-59.5248,-59.4259,
05-01-2026-Fri 14-25-28-PM,-59.2942,-57.5153,-60.0186,-58.8661,-59.5576,-59.4259,
05-01-2026-Fri 14-25-29-PM,-59.2942,-57.5483,-60.0845,-58.899,-59.5576,-59.4589,
05-01-2026-Fri 14-25-30-PM,-59.2942,-57.5483,-60.0515,-58.899,-59.5576,-59.4589,
05-01-2026-Fri 14-25-32-PM,-59.3271,-57.5483,-60.1174,-58.932,-59.5906,-59.4918,
05-01-2026-Fri 14-25-33-PM,-59.3271,-57.5483,-60.1174,-58.932,-59.6236,-59.4918,
05-01-2026-Fri 14-25-34-PM,-59.3601,-57.5811,-60.0845,-58.899,-59.6236,-59.4918,
05-01-2026-Fri 14-25-36-PM,-59.3601,-57.6141,-60.1174,-58.932,-59.6564,-59.5248,
05-01-2026-Fri 14-25-37-PM,-59.4259,-57.6141,-60.1503,-58.9648,-59.6564,-59.5576,
05-01-2026-Fri 14-25-39-PM,-59.4259,-57.6471,-60.1833,-58.932,-59.6894,-59.5576,
05-01-2026-Fri 14-25-40-PM,-59.4259,-57.6471,-60.2161,-58.9978,-59.7222,-59.5576,
05-01-2026-Fri 14-25-41-PM,-59.4259,-57.6471,-60.1833,-58.9648,-59.6894,-59.5906,
05-01-2026-Fri 14-25-43-PM,-59.4589,-57.713,-60.282,-58.9648,-59.6894,-59.5906,
05-01-2026-Fri 14-25-44-PM,-59.4918,-57.713,-60.2161,-59.0307,-59.7222,-59.6236,
05-01-2026-Fri 14-25-46-PM,-59.4918,-57.713,-60.2491,-58.9978,-59.7552,-59.6236,
05-01-2026-Fri 14-25-47-PM,-59.5248,-57.7459,-60.2491,-58.9978,-59.7552,-59.6564,
05-01-2026-Fri 14-25-48-PM,-59.5248,-57.7459,-60.2491,-59.0307,-59.7552,-59.6564,
05-01-2026-Fri 14-25-50-PM,-59.5576,-57.7459,-60.282,-59.0307,-59.7882,-59.6894,
05-01-2026-Fri 14-25-51-PM,-59.5576,-57.7459,-60.282,-59.0636,-59.7882,-59.6894,
05-01-2026-Fri 14-25-52-PM,-59.5906,-57.7789,-60.3478,-59.0966,-59.7882,-59.7222,
05-01-2026-Fri 14-25-54-PM,-59.5906,-57.8119,-60.3478,-59.0636,-59.8211,-59.7222,
05-01-2026-Fri 14-25-55-PM,-59.6236,-57.8119,-60.3478,-59.1296,-59.8211,-59.7222,
05-01-2026-Fri 14-25-57-PM,-59.6236,-57.8448,-60.3807,-59.0636,-59.8211,-59.7552,
05-01-2026-Fri 14-26-00-PM,-59.6564,-57.8448,-60.4137,-59.0966,-59.854,-59.7552,
05-01-2026-Fri 14-26-02-PM,-59.6564,-57.8778,-60.4466,-59.0966,-59.8869,-59.8211,
05-01-2026-Fri 14-26-05-PM,-59.6894,-57.9106,-60.4795,-59.1954,-59.8869,-59.8211,
05-01-2026-Fri 14-26-08-PM,-59.7222,-57.9437,-60.4466,-59.1625,-59.9199,-59.854,
05-01-2026-Fri 14-26-10-PM,-59.7552,-57.9766,-60.5125,-59.1954,-59.9528,-59.8869,
05-01-2026-Fri 14-26-13-PM,-59.7882,-57.9766,-60.5453,-59.2613,-59.9857,-59.9199,
05-01-2026-Fri 14-26-16-PM,-59.8211,-58.0095,-60.5453,-59.2283,-59.9857,-59.9528,
05-01-2026-Fri 14-26-19-PM,-59.854,-58.0425,-60.6441,-59.2942,-60.0186,-59.9528,
05-01-2026-Fri 14-26-21-PM,-59.8869,-58.0425,-60.6441,-59.2942,-60.0515,-59.9857,
05-01-2026-Fri 14-26-22-PM,-59.9199,-58.1084,-60.6441,-59.3271,-60.0515,-60.0186,
05-01-2026-Fri 14-26-23-PM,-59.9199,-58.1084,-60.677,-59.3601,-60.0845,-60.0515,
05-01-2026-Fri 14-26-25-PM,-59.9528,-58.1414,-60.677,-59.3271,-60.0845,-60.0515,
05-01-2026-Fri 14-26-26-PM,-59.9528,-58.1414,-60.677,-59.3271,-60.1174,-60.0515,
05-01-2026-Fri 14-26-28-PM,-59.9528,-58.1414,-60.7099,-59.3271,-60.1174,-60.0845,
05-01-2026-Fri 14-26-29-PM,-59.9857,-58.1743,-60.7099,-59.3601,-60.1174,-60.0845,
05-01-2026-Fri 14-26-30-PM,-59.9857,-58.1743,-60.7099,-59.4259,-60.1503,-60.1174,
05-01-2026-Fri 14-26-32-PM,-60.0186,-58.2073,-60.677,-59.4259,-60.1503,-60.1174,
05-01-2026-Fri 14-26-33-PM,-60.0186,-58.2073,-60.7758,-59.3929,-60.1503,-60.1174,
05-01-2026-Fri 14-26-35-PM,-60.0515,-58.2401,-60.7428,-59.3929,-60.1833,-60.1503,
05-01-2026-Fri 14-26-36-PM,-60.0186,-58.2401,-60.8087,-59.4259,-60.2161,-60.1503,
05-01-2026-Fri 14-26-37-PM,-60.0845,-58.2401,-60.8087,-59.4259,-60.1833,-60.1833,
05-01-2026-Fri 14-26-39-PM,-60.0845,-58.2731,-60.7758,-59.4259,-60.2161,-60.2161,
05-01-2026-Fri 14-26-40-PM,-60.0845,-58.306,-60.8745,-59.4589,-60.2161,-60.2161,
05-01-2026-Fri 14-26-41-PM,-60.1174,-58.306,-60.8416,-59.4589,-60.2161,-60.2161,
05-01-2026-Fri 14-26-43-PM,-60.1174,-58.339,-60.8416,-59.4589,-60.2491,-60.2161,
05-01-2026-Fri 14-26-44-PM,-60.1174,-58.339,-60.8745,-59.4589,-60.2491,-60.2491,
05-01-2026-Fri 14-26-46-PM,-60.1503,-58.3719,-60.8745,-59.4589,-60.282,-60.282,
05-01-2026-Fri 14-26-47-PM,-60.1503,-58.4048,-60.8416,-59.4589,-60.282,-60.282,
05-01-2026-Fri 14-26-48-PM,-60.1833,-58.3719,-60.9404,-59.4918,-60.282,-60.3149,
05-01-2026-Fri 14-26-50-PM,-60.1833,-58.4048,-60.9075,-59.5248,-60.282,-60.3149,
05-01-2026-Fri 14-26-51-PM,-60.2161,-58.4048,-60.9404,-59.4918,-60.3149,-60.3149,
05-01-2026-Fri 14-26-53-PM,-60.2161,-58.4048,-60.9732,-59.5248,-60.3478,-60.3478,
05-01-2026-Fri 14-26-54-PM,-60.2161,-58.4048,-60.9732,-59.5248,-60.3149,-60.3149,
05-01-2026-Fri 14-26-56-PM,-60.282,-58.4378,-60.9075,-59.5576,-60.3478,-60.3807,
05-01-2026-Fri 14-26-57-PM,-60.282,-58.4708,-61.039,-59.5576,-60.3478,-60.3478,
05-01-2026-Fri 14-26-59-PM,-60.282,-58.4708,-61.039,-59.5576,-60.3807,-60.3807,
05-01-2026-Fri 14-27-00-PM,-60.282,-58.4708,-61.0061,-59.6236,-60.3807,-60.4137,
05-01-2026-Fri 14-27-01-PM,-60.282,-58.5037,-61.039,-59.5906,-60.4137,-60.4137,
05-01-2026-Fri 14-27-03-PM,-60.3149,-58.5367,-61.039,-59.6236,-60.4137,-60.4466,
05-01-2026-Fri 14-27-04-PM,-60.3478,-58.5367,-61.1049,-59.6236,-60.4137,-60.4466,
05-01-2026-Fri 14-27-06-PM,-60.3807,-58.5367,-61.072,-59.6236,-60.4137,-60.4137,
05-01-2026-Fri 14-27-07-PM,-60.3807,-58.5696,-61.072,-59.6564,-60.4466,-60.4795,
05-01-2026-Fri 14-27-08-PM,-60.3807,-58.5696,-61.072,-59.6564,-60.4466,-60.4795,
05-01-2026-Fri 14-27-10-PM,-60.3807,-58.5696,-61.1378,-59.6236,-60.4466,-60.5125,
05-01-2026-Fri 14-27-11-PM,-60.4137,-58.6026,-61.1378,-59.6564,-60.4466,-60.5125,
05-01-2026-Fri 14-27-13-PM,-60.4137,-58.6026,-61.1378,-59.6564,-60.5125,-60.5125,
05-01-2026-Fri 14-27-14-PM,-60.4137,-58.6355,-61.1707,-59.6236,-60.5125,-60.5453,
05-01-2026-Fri 14-27-16-PM,-60.4466,-58.6684,-61.1707,-59.6564,-60.5125,-60.5453,
05-01-2026-Fri 14-27-17-PM,-60.4795,-58.6684,-61.1707,-59.6894,-60.5125,-60.5783,
05-01-2026-Fri 14-27-18-PM,-60.4795,-58.6684,-61.2036,-59.6894,-60.5125,-60.5783,
05-01-2026-Fri 14-27-20-PM,-60.5125,-58.7014,-61.2036,-59.7222,-60.5125,-60.6112,
05-01-2026-Fri 14-27-21-PM,-60.5125,-58.7014,-61.2695,-59.7222,-60.5453,-60.6112,
05-01-2026-Fri 14-27-23-PM,-60.5125,-58.7342,-61.2695,-59.6894,-60.5783,-60.6112,
05-01-2026-Fri 14-27-24-PM,-60.5125,-58.7672,-61.3024,-59.7552,-60.5453,-60.6112,
05-01-2026-Fri 14-27-25-PM,-60.5453,-58.7672,-61.2365,-59.7552,-60.5783,-60.6112,
05-01-2026-Fri 14-27-27-PM,-60.5453,-58.7672,-61.2365,-59.7222,-60.5783,-60.677,
05-01-2026-Fri 14-27-29-PM,-60.5783,-58.7672,-61.2695,-59.7552,-60.6112,-60.677,
05-01-2026-Fri 14-27-30-PM,-60.5783,-58.8002,-61.3024,-59.7222,-60.6112,-60.677,
05-01-2026-Fri 14-27-31-PM,-60.6112,-58.8331,-61.3352,-59.7882,-60.6441,-60.677,
05-01-2026-Fri 14-27-33-PM,-60.6441,-58.8331,-61.2695,-59.7552,-60.6441,-60.7099,
05-01-2026-Fri 14-27-34-PM,-60.6112,-58.8331,-61.3352,-59.8211,-60.6441,-60.7099,
05-01-2026-Fri 14-27-36-PM,-60.6441,-58.8661,-61.3024,-59.7882,-60.677,-60.7428,
05-01-2026-Fri 14-27-37-PM,-60.677,-58.8661,-61.3352,-59.8211,-60.677,-60.7099,
05-01-2026-Fri 14-27-38-PM,-60.677,-58.8661,-61.3352,-59.8211,-60.677,-60.7758,
05-01-2026-Fri 14-27-40-PM,-60.677,-58.899,-61.434,-59.854,-60.7099,-60.7758,
05-01-2026-Fri 14-27-41-PM,-60.7099,-58.899,-61.4011,-59.8869,-60.7099,-60.7758,
05-01-2026-Fri 14-27-43-PM,-60.7099,-58.932,-61.3681,-59.854,-60.7099,-60.7758,
05-01-2026-Fri 14-27-44-PM,-60.7099,-58.932,-61.4011,-59.854,-60.7428,-60.8087,
05-01-2026-Fri 14-27-45-PM,-60.7099,-58.932,-61.434,-59.8869,-60.7428,-60.8087,
05-01-2026-Fri 14-27-47-PM,-60.7428,-58.9648,-61.434,-59.8869,-60.7758,-60.8087,
05-01-2026-Fri 14-27-48-PM,-60.7428,-58.9978,-61.4669,-59.9528,-60.7428,-60.8416,
05-01-2026-Fri 14-27-50-PM,-60.7758,-59.0307,-61.4669,-59.9199,-60.7758,-60.8416,
05-01-2026-Fri 14-27-51-PM,-60.7758,-59.0307,-61.4998,-59.9857,-60.8087,-60.8745,
05-01-2026-Fri 14-27-52-PM,-60.8416,-59.0966,-61.5326,-60.0845,-60.8087,-60.8745,
05-01-2026-Fri 14-27-54-PM,-60.8416,-59.1296,-61.5326,-60.1174,-60.8416,-60.9075,
05-01-2026-Fri 14-27-55-PM,-60.8745,-59.1625,-61.6314,-60.2491,-60.8745,-60.9075,
05-01-2026-Fri 14-27-56-PM,-60.9075,-59.1954,-61.6643,-60.2491,-60.9404,-60.9732,
05-01-2026-Fri 14-27-58-PM,-60.9732,-59.2613,-61.6314,-60.3807,-60.9732,-60.9732,
05-01-2026-Fri 14-28-00-PM,-61.0061,-59.3271,-61.6971,-60.4795,-61.039,-61.039,
05-01-2026-Fri 14-28-01-PM,-61.039,-59.3601,-61.763,-60.6112,-61.1049,-61.039,
05-01-2026-Fri 14-28-02-PM,-61.072,-59.4259,-61.763,-60.7099,-61.1378,-61.072,
05-01-2026-Fri 14-28-04-PM,-61.1049,-59.4589,-61.8288,-60.7758,-61.2036,-61.1049,
05-01-2026-Fri 14-28-05-PM,-61.1378,-59.4918,-61.8288,-60.8416,-61.2365,-61.1049,
05-01-2026-Fri 14-28-07-PM,-61.2036,-59.5248,-61.8288,-60.8745,-61.2695,-61.1378,
05-01-2026-Fri 14-28-08-PM,-61.2036,-59.5576,-61.9276,-60.9732,-61.3024,-61.2036,
05-01-2026-Fri 14-28-09-PM,-61.2365,-59.5576,-61.8947,-61.0061,-61.3352,-61.2036,
05-01-2026-Fri 14-28-11-PM,-61.2695,-59.5906,-61.8947,-61.039,-61.3681,-61.2695,
05-01-2026-Fri 14-28-12-PM,-61.3024,-59.6236,-61.9276,-61.072,-61.4011,-61.2365,
05-01-2026-Fri 14-28-15-PM,-61.3024,-59.6564,-61.9933,-61.1378,-61.4011,-61.3024,
05-01-2026-Fri 14-28-16-PM,-61.4011,-59.7222,-62.0591,-61.1707,-61.4998,-61.3024,
05-01-2026-Fri 14-28-17-PM,-61.4011,-59.7222,-62.092,-61.2036,-61.4998,-61.3352,
05-01-2026-Fri 14-28-19-PM,-61.434,-59.7882,-62.092,-61.2365,-61.5656,-61.3681,
05-01-2026-Fri 14-28-20-PM,-61.4669,-59.7882,-62.092,-61.3024,-61.5656,-61.4011,
05-01-2026-Fri 14-28-22-PM,-61.4998,-59.8211,-62.092,-61.3352,-61.5985,-61.434,
05-01-2026-Fri 14-28-23-PM,-61.5326,-59.854,-62.1578,-61.4011,-61.6314,-61.4669,
05-01-2026-Fri 14-28-25-PM,-61.5326,-59.8869,-62.1906,-61.4011,-61.6643,-61.4998,
05-01-2026-Fri 14-28-27-PM,-61.5656,-59.9199,-62.2236,-61.5326,-61.6971,-61.4998,
05-01-2026-Fri 14-28-30-PM,-61.6314,-59.9857,-62.2565,-61.5326,-61.763,-61.5656,
05-01-2026-Fri 14-28-32-PM,-61.6971,-60.0515,-62.3223,-61.6314,-61.8288,-61.5985,
05-01-2026-Fri 14-28-33-PM,-61.6971,-60.0515,-62.3551,-61.6643,-61.8617,-61.6314,
05-01-2026-Fri 14-28-34-PM,-61.6971,-60.0845,-62.3551,-61.6643,-61.8947,-61.6643,
05-01-2026-Fri 14-28-36-PM,-61.763,-60.1174,-62.421,-61.6971,-61.8947,-61.6643,
05-01-2026-Fri 14-28-37-PM,-61.7959,-60.1833,-62.3881,-61.7301,-61.9276,-61.6971,
05-01-2026-Fri 14-28-38-PM,-61.7959,-60.1833,-62.4868,-61.7959,-61.9604,-61.7301,
05-01-2026-Fri 14-28-40-PM,-61.8288,-60.1833,-62.4868,-61.763,-61.9933,-61.7301,
05-01-2026-Fri 14-28-41-PM,-61.8617,-60.2161,-62.5196,-61.8288,-61.9933,-61.7959,
05-01-2026-Fri 14-28-43-PM,-61.8947,-60.2491,-62.5196,-61.8947,-61.9933,-61.7959,
05-01-2026-Fri 14-28-44-PM,-61.8947,-60.282,-62.5196,-61.8947,-62.0591,-61.8288,
05-01-2026-Fri 14-28-45-PM,-61.9276,-60.3149,-62.5526,-61.9276,-62.092,-61.8617,
05-01-2026-Fri 14-28-47-PM,-61.9604,-60.3478,-62.5854,-61.8947,-62.1249,-61.8947,
05-01-2026-Fri 14-28-48-PM,-61.9933,-60.3478,-62.6183,-61.9604,-62.1578,-61.8947,
05-01-2026-Fri 14-28-50-PM,-61.9933,-60.3807,-62.684,-61.9604,-62.1578,-61.8947,
05-01-2026-Fri 14-28-51-PM,-62.0261,-60.4137,-62.717,-62.0261,-62.1906,-61.9276,
05-01-2026-Fri 14-28-52-PM,-62.0261,-60.4466,-62.717,-62.0591,-62.2236,-61.9604,
05-01-2026-Fri 14-28-54-PM,-62.092,-60.4466,-62.717,-62.0591,-62.2236,-61.9933,
05-01-2026-Fri 14-28-55-PM,-62.092,-60.4795,-62.7499,-62.092,-62.2894,-62.0261,
05-01-2026-Fri 14-28-57-PM,-62.1249,-60.5125,-62.8157,-62.1249,-62.3223,-62.0591,
05-01-2026-Fri 14-28-58-PM,-62.1249,-60.5453,-62.8157,-62.1906,-62.3223,-62.0591,
05-01-2026-Fri 14-28-59-PM,-62.1578,-60.5783,-62.7499,-62.1578,-62.3551,-62.092,
05-01-2026-Fri 14-29-01-PM,-62.1578,-60.5783,-62.8157,-62.1906,-62.3551,-62.1249,
05-01-2026-Fri 14-29-02-PM,-62.2236,-60.6112,-62.8485,-62.2236,-62.3881,-62.1578,
05-01-2026-Fri 14-29-04-PM,-62.2236,-60.6441,-62.9144,-62.2565,-62.421,-62.1578,
05-01-2026-Fri 14-29-05-PM,-62.2565,-60.6441,-62.8815,-62.2894,-62.4539,-62.1906,
05-01-2026-Fri 14-29-06-PM,-62.2894,-60.677,-62.9801,-62.2565,-62.4539,-62.1906,
05-01-2026-Fri 14-29-08-PM,-62.2894,-60.7099,-63.0459,-62.3223,-62.4868,-62.2236,
05-01-2026-Fri 14-29-09-PM,-62.3223,-60.7428,-62.9801,-62.3551,-62.5196,-62.2565,
05-01-2026-Fri 14-29-11-PM,-62.3551,-60.7428,-63.0788,-62.3881,-62.5526,-62.2894,
05-01-2026-Fri 14-29-12-PM,-62.3551,-60.7758,-63.0459,-62.3881,-62.5526,-62.2894,
05-01-2026-Fri 14-29-13-PM,-62.3881,-60.8087,-63.0459,-62.4539,-62.5854,-62.3223,
05-01-2026-Fri 14-29-15-PM,-62.421,-60.8416,-63.0788,-62.4539,-62.6183,-62.3551,
05-01-2026-Fri 14-29-16-PM,-62.4539,-60.8745,-63.1117,-62.4868,-62.6512,-62.3881,
05-01-2026-Fri 14-29-18-PM,-62.4539,-60.8745,-63.1445,-62.4868,-62.6512,-62.3881,
05-01-2026-Fri 14-29-19-PM,-62.5196,-60.9075,-63.2103,-62.4868,-62.684,-62.421,
05-01-2026-Fri 14-29-20-PM,-62.4868,-60.9404,-63.2103,-62.5526,-62.717,-62.4539,
05-01-2026-Fri 14-29-22-PM,-62.5196,-60.9732,-63.2103,-62.5854,-62.7499,-62.4539,
05-01-2026-Fri 14-29-23-PM,-62.5526,-60.9732,-63.2432,-62.5854,-62.7499,-62.4868,
05-01-2026-Fri 14-29-25-PM,-62.5854,-61.0061,-63.2432,-62.6183,-62.7828,-62.5196,
05-01-2026-Fri 14-29-26-PM,-62.5854,-61.0061,-63.2432,-62.6183,-62.8157,-62.5196,
05-01-2026-Fri 14-29-27-PM,-62.6183,-61.039,-63.2761,-62.684,-62.8157,-62.5526,
05-01-2026-Fri 14-29-29-PM,-62.6512,-61.072,-63.2761,-62.684,-62.8485,-62.5854,
05-01-2026-Fri 14-29-30-PM,-62.6512,-61.072,-63.309,-62.684,-62.8815,-62.6183,
05-01-2026-Fri 14-29-31-PM,-62.684,-61.1049,-63.3747,-62.717,-62.8815,-62.6183,
05-01-2026-Fri 14-29-33-PM,-62.717,-61.1378,-63.4076,-62.717,-62.9144,-62.6512,
05-01-2026-Fri 14-29-34-PM,-62.717,-61.1378,-63.3747,-62.7499,-62.9473,-62.684,
05-01-2026-Fri 14-29-35-PM,-62.7499,-61.1707,-63.3747,-62.7499,-62.9801,-62.684,
05-01-2026-Fri 14-29-37-PM,-62.7499,-61.2036,-63.4076,-62.7828,-62.9801,-62.717,
05-01-2026-Fri 14-29-38-PM,-62.7828,-61.2036,-63.4734,-62.8157,-63.0129,-62.717,
05-01-2026-Fri 14-29-40-PM,-62.7828,-61.2365,-63.5062,-62.8157,-63.0459,-62.7828,
05-01-2026-Fri 14-29-41-PM,-62.8485,-61.2365,-63.5062,-62.8157,-63.0459,-62.8157,
05-01-2026-Fri 14-29-42-PM,-62.8485,-61.2695,-63.5391,-62.9144,-63.0788,-62.8157,
05-01-2026-Fri 14-29-44-PM,-62.8815,-61.3024,-63.572,-62.9144,-63.0788,-62.8157,
05-01-2026-Fri 14-29-45-PM,-62.8815,-61.3352,-63.572,-62.9144,-63.1445,-62.8485,
05-01-2026-Fri 14-29-47-PM,-62.9144,-61.3681,-63.6378,-62.9144,-63.1445,-62.9144,
05-01-2026-Fri 14-29-48-PM,-62.9473,-61.3681,-63.7035,-62.9144,-63.1445,-62.8815,
05-01-2026-Fri 14-29-49-PM,-62.9473,-61.4011,-63.6706,-62.9473,-63.1774,-62.9144,
05-01-2026-Fri 14-29-51-PM,-62.9801,-61.434,-63.6706,-62.9801,-63.2103,-62.9473,
05-01-2026-Fri 14-29-52-PM,-63.0129,-61.434,-63.7693,-63.0129,-63.2432,-62.9801,
05-01-2026-Fri 14-29-54-PM,-63.0129,-61.4669,-63.7693,-63.0129,-63.2432,-62.9801,
05-01-2026-Fri 14-29-55-PM,-63.0459,-61.4669,-63.7693,-63.0459,-63.2761,-63.0129,
05-01-2026-Fri 14-29-57-PM,-63.0788,-61.5326,-63.7693,-63.0459,-63.2432,-63.0129,
05-01-2026-Fri 14-29-58-PM,-63.0788,-61.5326,-63.8022,-63.1117,-63.309,-63.0459,
05-01-2026-Fri 14-29-59-PM,-63.1117,-61.5326,-63.8679,-63.1445,-63.3418,-63.1117,
05-01-2026-Fri 14-30-01-PM,-63.1445,-61.5656,-63.835,-63.1117,-63.3418,-63.1117,
05-01-2026-Fri 14-30-02-PM,-63.1445,-61.5656,-63.8679,-63.1445,-63.4076,-63.1117,
05-01-2026-Fri 14-30-03-PM,-63.1774,-61.6314,-63.8679,-63.1445,-63.4076,-63.1445,
05-01-2026-Fri 14-30-05-PM,-63.1774,-61.6314,-63.9008,-63.2103,-63.4405,-63.1445,
05-01-2026-Fri 14-30-06-PM,-63.2103,-61.6643,-63.9337,-63.1445,-63.4405,-63.1774,
05-01-2026-Fri 14-30-08-PM,-63.2103,-61.6643,-63.9666,-63.1774,-63.4734,-63.2103,
05-01-2026-Fri 14-30-09-PM,-63.2761,-61.6643,-63.9993,-63.2432,-63.5062,-63.2432,
05-01-2026-Fri 14-30-10-PM,-63.309,-61.6971,-63.9993,-63.2103,-63.5391,-63.2761,
05-01-2026-Fri 14-30-12-PM,-63.309,-61.7301,-64.0323,-63.2103,-63.572,-63.2761,
05-01-2026-Fri 14-30-13-PM,-63.3418,-61.763,-64.0652,-63.2432,-63.5391,-63.309,
05-01-2026-Fri 14-30-15-PM,-63.309,-61.763,-64.098,-63.2761,-63.572,-63.3418,
05-01-2026-Fri 14-30-16-PM,-63.3418,-61.7959,-64.098,-63.309,-63.572,-63.3747,
05-01-2026-Fri 14-30-18-PM,-63.3747,-61.8288,-64.0652,-63.309,-63.6049,-63.3747,
05-01-2026-Fri 14-30-19-PM,-63.4076,-61.8617,-64.1309,-63.3418,-63.6378,-63.4076,
05-01-2026-Fri 14-30-21-PM,-63.4405,-61.8617,-64.1967,-63.3418,-63.6706,-63.4076,
05-01-2026-Fri 14-30-22-PM,-63.4405,-61.8617,-64.1967,-63.3747,-63.7035,-63.4405,
05-01-2026-Fri 14-30-23-PM,-63.4734,-61.8947,-64.1967,-63.3747,-63.7035,-63.4405,
05-01-2026-Fri 14-30-25-PM,-63.4734,-61.8947,-64.2295,-63.3747,-63.7035,-63.4734,
05-01-2026-Fri 14-30-26-PM,-63.5062,-61.9276,-64.1967,-63.4405,-63.7364,-63.4734,
05-01-2026-Fri 14-30-27-PM,-63.5391,-61.9604,-64.2953,-63.4734,-63.7693,-63.5391,
05-01-2026-Fri 14-30-29-PM,-63.5391,-61.9604,-64.2953,-63.4405,-63.8022,-63.5391,
05-01-2026-Fri 14-30-30-PM,-63.572,-61.9933,-64.328,-63.4734,-63.8022,-63.572,
05-01-2026-Fri 14-30-31-PM,-63.572,-62.0261,-64.328,-63.4405,-63.8022,-63.6049,
05-01-2026-Fri 14-30-33-PM,-63.6049,-62.0591,-64.2953,-63.5062,-63.835,-63.6049,
05-01-2026-Fri 14-30-34-PM,-63.6049,-62.0261,-64.328,-63.5062,-63.8679,-63.6049,
05-01-2026-Fri 14-30-36-PM,-63.6378,-62.0591,-64.3938,-63.5062,-63.8679,-63.6706,
05-01-2026-Fri 14-30-37-PM,-63.6706,-62.092,-64.3938,-63.5391,-63.9337,-63.6706,
05-01-2026-Fri 14-30-39-PM,-63.6706,-62.1249,-64.3938,-63.5391,-63.9008,-63.7035,
05-01-2026-Fri 14-30-40-PM,-63.7035,-62.1249,-64.4267,-63.572,-63.9666,-63.7035,
05-01-2026-Fri 14-30-41-PM,-63.7035,-62.1578,-64.4596,-63.572,-63.9666,-63.7035,
05-01-2026-Fri 14-30-43-PM,-63.7364,-62.1578,-64.5253,-63.6049,-63.9993,-63.7693,
05-01-2026-Fri 14-30-46-PM,-63.7364,-62.1578,-64.5253,-63.572,-63.9993,-63.7693,
05-01-2026-Fri 14-30-48-PM,-63.8022,-62.2236,-64.5582,-63.6378,-64.0323,-63.8022,
05-01-2026-Fri 14-30-50-PM,-63.835,-62.2565,-64.5253,-63.6378,-64.098,-63.835,
05-01-2026-Fri 14-30-51-PM,-63.8679,-62.2565,-64.5911,-63.6706,-64.1309,-63.8679,
05-01-2026-Fri 14-30-53-PM,-63.8679,-62.2894,-64.6239,-63.6706,-64.1637,-63.9008,
05-01-2026-Fri 14-30-54-PM,-63.9008,-62.3223,-64.6239,-63.7364,-64.1637,-63.9008,
05-01-2026-Fri 14-30-55-PM,-63.9008,-62.3223,-64.5911,-63.7364,-64.1637,-63.9337,
05-01-2026-Fri 14-30-57-PM,-63.9008,-62.3551,-64.6567,-63.7364,-64.1967,-63.9337,
05-01-2026-Fri 14-30-58-PM,-63.9337,-62.3551,-64.6567,-63.7693,-64.2295,-63.9666,
05-01-2026-Fri 14-31-00-PM,-63.9666,-62.3881,-64.7225,-63.7035,-64.2295,-63.9993,
05-01-2026-Fri 14-31-02-PM,-63.9993,-62.3881,-64.7225,-63.7364,-64.2295,-64.0323,
05-01-2026-Fri 14-31-04-PM,-64.0323,-62.4539,-64.7554,-63.7693,-64.2624,-64.0323,
05-01-2026-Fri 14-31-06-PM,-64.0652,-62.4868,-64.7554,-63.8022,-64.328,-64.098,
05-01-2026-Fri 14-31-07-PM,-64.0652,-62.4868,-64.821,-63.835,-64.328,-64.098,
05-01-2026-Fri 14-31-09-PM,-64.098,-62.5196,-64.821,-63.8679,-64.361,-64.1309,
05-01-2026-Fri 14-31-10-PM,-64.098,-62.5196,-64.821,-63.8679,-64.361,-64.1309,
05-01-2026-Fri 14-31-12-PM,-64.1309,-62.5196,-64.9197,-63.8679,-64.3938,-64.1637,
05-01-2026-Fri 14-31-13-PM,-64.1309,-62.5854,-64.854,-63.9008,-64.3938,-64.2295,
05-01-2026-Fri 14-31-14-PM,-64.1637,-62.5854,-64.9197,-63.835,-64.3938,-64.2295,
05-01-2026-Fri 14-31-16-PM,-64.1637,-62.6183,-64.9197,-63.8679,-64.4267,-64.2295,
05-01-2026-Fri 14-31-17-PM,-64.1967,-62.6183,-64.9197,-63.9008,-64.4596,-64.2295,
05-01-2026-Fri 14-31-19-PM,-64.1967,-62.6183,-64.9197,-63.9337,-64.4924,-64.2295,
05-01-2026-Fri 14-31-20-PM,-64.2295,-62.6512,-64.9526,-63.9666,-64.4924,-64.2953,
05-01-2026-Fri 14-31-22-PM,-64.2295,-62.6512,-65.0183,-63.9666,-64.5253,-64.2953,
05-01-2026-Fri 14-31-25-PM,-64.2624,-62.684,-65.0511,-63.9337,-64.5253,-64.328,
05-01-2026-Fri 14-31-28-PM,-64.328,-62.7499,-65.084,-63.9993,-64.5911,-64.361,
05-01-2026-Fri 14-31-29-PM,-64.361,-62.7499,-65.1169,-63.9993,-64.6239,-64.4267,
05-01-2026-Fri 14-31-30-PM,-64.361,-62.7828,-65.1169,-63.9993,-64.6239,-64.4267,
05-01-2026-Fri 14-31-32-PM,-64.3938,-62.8157,-65.1497,-64.0652,-64.6239,-64.4596,
05-01-2026-Fri 14-31-33-PM,-64.3938,-62.8157,-65.1169,-64.0652,-64.6567,-64.4596,
05-01-2026-Fri 14-31-35-PM,-64.4267,-62.8485,-65.1169,-64.0652,-64.6567,-64.4596,
05-01-2026-Fri 14-31-36-PM,-64.4596,-62.8157,-65.1826,-64.098,-64.6896,-64.4924,
05-01-2026-Fri 14-31-37-PM,-64.4267,-62.8815,-65.2155,-64.0652,-64.7225,-64.4924,
05-01-2026-Fri 14-31-39-PM,-64.4596,-62.8815,-65.2155,-64.1309,-64.7225,-64.5253,
05-01-2026-Fri 14-31-40-PM,-64.4924,-62.8815,-65.2484,-64.098,-64.7225,-64.5582,
05-01-2026-Fri 14-31-42-PM,-64.4924,-62.9144,-65.2812,-64.1309,-64.7554,-64.5582,
05-01-2026-Fri 14-31-43-PM,-64.4924,-62.9473,-65.2812,-64.1309,-64.7554,-64.5911,
05-01-2026-Fri 14-31-44-PM,-64.5253,-62.9801,-65.3468,-64.1637,-64.7882,-64.5911,
05-01-2026-Fri 14-31-46-PM,-64.5582,-62.9801,-65.3468,-64.1637,-64.7882,-64.5911,
05-01-2026-Fri 14-31-47-PM,-64.5911,-62.9801,-65.3468,-64.1309,-64.821,-64.6567,
05-01-2026-Fri 14-31-49-PM,-64.5582,-62.9801,-65.3468,-64.1967,-64.854,-64.6567,
05-01-2026-Fri 14-31-50-PM,-64.5911,-63.0129,-65.3468,-64.1309,-64.854,-64.6567,
05-01-2026-Fri 14-31-51-PM,-64.6239,-63.0129,-65.3797,-64.1967,-64.854,-64.6896,
05-01-2026-Fri 14-31-53-PM,-64.6239,-63.0459,-65.4126,-64.1967,-64.854,-64.7225,
05-01-2026-Fri 14-31-54-PM,-64.6239,-63.0459,-65.3797,-64.1967,-64.8869,-64.7225,
05-01-2026-Fri 14-31-56-PM,-64.6567,-63.0459,-65.4126,-64.2295,-64.8869,-64.7225,
05-01-2026-Fri 14-31-57-PM,-64.6896,-63.0788,-65.4455,-64.1967,-64.9197,-64.7225,
05-01-2026-Fri 14-31-58-PM,-64.6896,-63.1117,-65.4455,-64.2295,-64.9526,-64.7882,
05-01-2026-Fri 14-32-00-PM,-64.6896,-63.1117,-65.4455,-64.2953,-64.9854,-64.7882,
05-01-2026-Fri 14-32-01-PM,-64.7225,-63.1445,-65.5112,-64.1967,-64.9854,-64.7882,
05-01-2026-Fri 14-32-03-PM,-64.7554,-63.1445,-65.5112,-64.2624,-64.9526,-64.821,
05-01-2026-Fri 14-32-04-PM,-64.7554,-63.1774,-65.544,-64.2953,-65.0183,-64.854,
05-01-2026-Fri 14-32-05-PM,-64.7554,-63.1774,-65.544,-64.328,-65.0183,-64.854,
05-01-2026-Fri 14-32-07-PM,-64.7882,-63.2103,-65.544,-64.328,-65.0511,-64.8869,
05-01-2026-Fri 14-32-08-PM,-64.821,-63.2103,-65.5769,-64.2953,-65.0511,-64.8869,
05-01-2026-Fri 14-32-11-PM,-64.821,-63.2432,-65.6098,-64.328,-65.0511,-64.9197,
05-01-2026-Fri 14-32-12-PM,-64.854,-63.2761,-65.5769,-64.328,-65.084,-64.9526,
05-01-2026-Fri 14-32-14-PM,-64.854,-63.2761,-65.6098,-64.328,-65.1169,-64.9526,
05-01-2026-Fri 14-32-15-PM,-64.8869,-63.2761,-65.6098,-64.328,-65.1169,-64.9854,
05-01-2026-Fri 14-32-17-PM,-64.9197,-63.309,-65.6098,-64.361,-65.1497,-64.9854,
05-01-2026-Fri 14-32-18-PM,-64.9197,-63.309,-65.6754,-64.3938,-65.1497,-65.0511,
05-01-2026-Fri 14-32-19-PM,-64.9197,-63.3418,-65.6754,-64.328,-65.1497,-65.0183,
05-01-2026-Fri 14-32-21-PM,-64.9526,-63.3418,-65.7083,-64.361,-65.1826,-65.0511,
05-01-2026-Fri 14-32-22-PM,-64.9526,-63.3747,-65.7083,-64.3938,-65.1826,-65.084,
05-01-2026-Fri 14-32-24-PM,-64.9526,-63.3747,-65.7411,-64.4267,-65.2155,-65.084,
05-01-2026-Fri 14-32-25-PM,-64.9854,-63.4076,-65.7411,-64.4267,-65.2155,-65.084,
05-01-2026-Fri 14-32-26-PM,-65.0183,-63.4076,-65.7411,-64.3938,-65.2484,-65.084,
05-01-2026-Fri 14-32-28-PM,-65.0183,-63.4076,-65.774,-64.4596,-65.2484,-65.1169,
05-01-2026-Fri 14-32-29-PM,-65.0183,-63.4405,-65.8068,-64.4596,-65.2812,-65.1497,
05-01-2026-Fri 14-32-31-PM,-65.084,-63.4405,-65.774,-64.4596,-65.2812,-65.1497,
05-01-2026-Fri 14-32-32-PM,-65.0511,-63.4734,-65.8397,-64.4596,-65.2812,-65.1826,
05-01-2026-Fri 14-32-33-PM,-65.084,-63.5062,-65.8397,-64.4924,-65.3139,-65.1826,
05-01-2026-Fri 14-32-35-PM,-65.084,-63.5062,-65.8397,-64.4924,-65.3139,-65.2155,
05-01-2026-Fri 14-32-36-PM,-65.1169,-63.5062,-65.8726,-64.4924,-65.3468,-65.2155,
05-01-2026-Fri 14-32-38-PM,-65.1169,-63.5391,-65.8726,-64.5582,-65.3468,-65.2484,
05-01-2026-Fri 14-32-39-PM,-65.1497,-63.5391,-65.8726,-64.5253,-65.3797,-65.2484,
05-01-2026-Fri 14-32-40-PM,-65.1497,-63.5391,-65.9054,-64.5253,-65.3797,-65.2812,
05-01-2026-Fri 14-32-42-PM,-65.1826,-63.572,-65.9383,-64.5582,-65.3797,-65.2812,
05-01-2026-Fri 14-32-43-PM,-65.1826,-63.6049,-65.9054,-64.4924,-65.3797,-65.3139,
05-01-2026-Fri 14-32-44-PM,-65.1826,-63.572,-65.971,-64.5582,-65.4126,-65.3139,
05-01-2026-Fri 14-32-46-PM,-65.1826,-63.6049,-65.9383,-64.5582,-65.4126,-65.3468,
05-01-2026-Fri 14-32-47-PM,-65.2155,-63.6378,-65.971,-64.5911,-65.4455,-65.3468,
05-01-2026-Fri 14-32-49-PM,-65.2155,-63.6378,-66.0039,-64.5911,-65.4455,-65.3468,
05-01-2026-Fri 14-32-51-PM,-65.2484,-63.6706,-66.0039,-64.5582,-65.4782,-65.3468,
05-01-2026-Fri 14-32-53-PM,-65.2812,-63.6706,-66.0368,-64.6567,-65.4782,-65.4126,
05-01-2026-Fri 14-32-55-PM,-65.2812,-63.6706,-66.1025,-64.6239,-65.5112,-65.4126,
05-01-2026-Fri 14-32-58-PM,-65.3139,-63.7693,-66.0696,-64.6896,-65.544,-65.4455,
05-01-2026-Fri 14-33-00-PM,-65.3468,-63.7364,-66.0696,-64.6239,-65.544,-65.4782,
05-01-2026-Fri 14-33-01-PM,-65.3797,-63.8022,-66.1682,-64.6896,-65.5769,-65.5112,
05-01-2026-Fri 14-33-03-PM,-65.3797,-63.8022,-66.1025,-64.7225,-65.6098,-65.5112,
05-01-2026-Fri 14-33-04-PM,-65.4126,-63.8022,-66.1025,-64.6896,-65.6098,-65.5112,
05-01-2026-Fri 14-33-06-PM,-65.4455,-63.835,-66.1682,-64.6896,-65.6098,-65.544,
05-01-2026-Fri 14-33-07-PM,-65.4455,-63.835,-66.201,-64.7225,-65.6098,-65.5769,
05-01-2026-Fri 14-33-09-PM,-65.4455,-63.8679,-66.1682,-64.7225,-65.6425,-65.544,
05-01-2026-Fri 14-33-10-PM,-65.4455,-63.835,-66.201,-64.7225,-65.6425,-65.5769,
05-01-2026-Fri 14-33-12-PM,-65.4455,-63.9008,-66.201,-64.7225,-65.6754,-65.5769,
05-01-2026-Fri 14-33-13-PM,-65.4782,-63.9008,-66.201,-64.6896,-65.6754,-65.6098,
05-01-2026-Fri 14-33-15-PM,-65.4782,-63.9337,-66.2339,-64.7225,-65.7083,-65.6425,
05-01-2026-Fri 14-33-16-PM,-65.5112,-63.9008,-66.2339,-64.7554,-65.7083,-65.6425,
05-01-2026-Fri 14-33-18-PM,-65.544,-63.9337,-66.2668,-64.7554,-65.7411,-65.6754,
05-01-2026-Fri 14-33-19-PM,-65.544,-63.9337,-66.3324,-64.7882,-65.7411,-65.6754,
05-01-2026-Fri 14-33-20-PM,-65.544,-63.9666,-66.2668,-64.7554,-65.7411,-65.6754,
05-01-2026-Fri 14-33-22-PM,-65.544,-63.9666,-66.2994,-64.7554,-65.774,-65.6754,
05-01-2026-Fri 14-33-23-PM,-65.5769,-63.9993,-66.2994,-64.7882,-65.774,-65.7083,
05-01-2026-Fri 14-33-24-PM,-65.5769,-63.9993,-66.2994,-64.7882,-65.774,-65.7083,
05-01-2026-Fri 14-33-26-PM,-65.6098,-63.9993,-66.2994,-64.821,-65.8068,-65.774,
05-01-2026-Fri 14-33-27-PM,-65.6098,-64.0323,-66.3652,-64.821,-65.8068,-65.7411,
05-01-2026-Fri 14-33-29-PM,-65.6098,-64.0323,-66.3652,-64.854,-65.8397,-65.7411,
05-01-2026-Fri 14-33-30-PM,-65.6425,-64.0652,-66.3652,-64.854,-65.8068,-65.774,
05-01-2026-Fri 14-33-31-PM,-65.6754,-64.0652,-66.3981,-64.854,-65.8397,-65.774,
05-01-2026-Fri 14-33-33-PM,-65.6754,-64.098,-66.3981,-64.854,-65.8397,-65.8068,
05-01-2026-Fri 14-33-35-PM,-65.6754,-64.1309,-66.4309,-64.8869,-65.8726,-65.8397,
05-01-2026-Fri 14-33-36-PM,-65.7083,-64.098,-66.3652,-64.8869,-65.8726,-65.8397,
05-01-2026-Fri 14-33-37-PM,-65.7083,-64.1309,-66.4309,-64.9197,-65.8726,-65.8397,
05-01-2026-Fri 14-33-39-PM,-65.7083,-64.1637,-66.4637,-64.8869,-65.9054,-65.8726,
05-01-2026-Fri 14-33-40-PM,-65.7411,-64.1309,-66.4967,-64.8869,-65.9054,-65.8726,
05-01-2026-Fri 14-33-42-PM,-65.7411,-64.1637,-66.4309,-64.8869,-65.9383,-65.9054,
05-01-2026-Fri 14-33-43-PM,-65.774,-64.1637,-66.4637,-64.9197,-65.9383,-65.9054,
05-01-2026-Fri 14-33-44-PM,-65.774,-64.1967,-66.4967,-64.8869,-65.971,-65.9383,
05-01-2026-Fri 14-33-46-PM,-65.774,-64.1967,-66.5295,-64.9526,-65.971,-65.9383,
05-01-2026-Fri 14-33-47-PM,-65.8068,-64.2295,-66.5295,-64.9197,-65.971,-65.9383,
05-01-2026-Fri 14-33-48-PM,-65.8068,-64.2295,-66.4967,-64.9197,-65.971,-65.971,
05-01-2026-Fri 14-33-50-PM,-65.8068,-64.2295,-66.4967,-64.9197,-65.971,-65.971,
05-01-2026-Fri 14-33-51-PM,-65.8397,-64.2624,-66.5623,-64.8869,-66.0039,-66.0039,
05-01-2026-Fri 14-33-52-PM,-65.8397,-64.2624,-66.5623,-64.9526,-66.0039,-66.0039,
05-01-2026-Fri 14-33-54-PM,-65.8397,-64.2953,-66.5623,-64.9197,-66.0368,-66.0368,
05-01-2026-Fri 14-33-55-PM,-65.8397,-64.2953,-66.6279,-64.9526,-66.0368,-66.0368,
05-01-2026-Fri 14-33-57-PM,-65.8397,-64.2953,-66.6279,-64.9526,-66.0696,-66.0039,
05-01-2026-Fri 14-33-58-PM,-65.9054,-64.2953,-66.6279,-64.9854,-66.0368,-66.0696,
05-01-2026-Fri 14-33-59-PM,-65.9054,-64.328,-66.6279,-64.9854,-66.0696,-66.0368,
05-01-2026-Fri 14-34-01-PM,-65.9383,-64.2953,-66.6279,-65.0183,-66.0696,-66.0696,
05-01-2026-Fri 14-34-02-PM,-65.9054,-64.3938,-66.6609,-64.9854,-66.0696,-66.1025,
05-01-2026-Fri 14-34-04-PM,-65.9383,-64.361,-66.6609,-65.0511,-66.1025,-66.1025,
05-01-2026-Fri 14-34-05-PM,-65.9383,-64.3938,-66.6609,-64.9854,-66.1025,-66.1025,
05-01-2026-Fri 14-34-06-PM,-65.9383,-64.3938,-66.6609,-65.0183,-66.1025,-66.1025,
05-01-2026-Fri 14-34-08-PM,-65.971,-64.3938,-66.6279,-65.0511,-66.1353,-66.1353,
05-01-2026-Fri 14-34-09-PM,-65.971,-64.4267,-66.6937,-65.0183,-66.1682,-66.1353,
05-01-2026-Fri 14-34-11-PM,-66.0039,-64.4267,-66.6609,-65.1169,-66.1353,-66.1682,
05-01-2026-Fri 14-34-12-PM,-66.0039,-64.4267,-66.7265,-65.0511,-66.1353,-66.1682,
05-01-2026-Fri 14-34-13-PM,-66.0039,-64.4267,-66.7593,-65.0511,-66.1682,-66.1682,
05-01-2026-Fri 14-34-15-PM,-66.0368,-64.4596,-66.7593,-65.0511,-66.201,-66.201,
05-01-2026-Fri 14-34-16-PM,-66.0368,-64.4596,-66.7593,-65.0511,-66.1682,-66.201,
05-01-2026-Fri 14-34-18-PM,-66.0368,-64.5253,-66.7593,-65.0511,-66.2339,-66.2339,
05-01-2026-Fri 14-34-19-PM,-66.0696,-64.4596,-66.7921,-65.084,-66.201,-66.2339,
05-01-2026-Fri 14-34-20-PM,-66.0696,-64.4924,-66.7593,-65.084,-66.2339,-66.2339,
05-01-2026-Fri 14-34-22-PM,-66.0696,-64.5253,-66.7921,-65.1169,-66.2339,-66.2668,
05-01-2026-Fri 14-34-23-PM,-66.1025,-64.5253,-66.7921,-65.084,-66.2668,-66.2668,
05-01-2026-Fri 14-34-25-PM,-66.1025,-64.5253,-66.8579,-65.1169,-66.2668,-66.2994,
05-01-2026-Fri 14-34-26-PM,-66.1353,-64.5582,-66.825,-65.084,-66.2668,-66.2668,
05-01-2026-Fri 14-34-27-PM,-66.1353,-64.5582,-66.825,-65.1169,-66.2668,-66.2994,
05-01-2026-Fri 14-34-29-PM,-66.1353,-64.5911,-66.8579,-65.1169,-66.2668,-66.2994,
05-01-2026-Fri 14-34-30-PM,-66.1353,-64.5911,-66.8907,-65.084,-66.2994,-66.3324,
05-01-2026-Fri 14-34-32-PM,-66.1682,-64.6239,-66.8579,-65.1497,-66.2994,-66.3652,
05-01-2026-Fri 14-34-33-PM,-66.1682,-64.6239,-66.8907,-65.1497,-66.2994,-66.3652,
05-01-2026-Fri 14-34-35-PM,-66.201,-64.6239,-66.8579,-65.1826,-66.3324,-66.3652,
05-01-2026-Fri 14-34-36-PM,-66.1682,-64.6567,-66.9236,-65.1497,-66.3324,-66.3652,
05-01-2026-Fri 14-34-37-PM,-66.201,-64.6567,-66.8907,-65.1826,-66.3652,-66.3981,
05-01-2026-Fri 14-34-39-PM,-66.201,-64.6896,-66.9236,-65.2155,-66.3652,-66.3981,
05-01-2026-Fri 14-34-40-PM,-66.2339,-64.6567,-66.9564,-65.1826,-66.3652,-66.4309,
05-01-2026-Fri 14-34-42-PM,-66.2339,-64.6896,-66.9564,-65.1497,-66.3652,-66.4309,
05-01-2026-Fri 14-34-43-PM,-66.2339,-64.7225,-66.9564,-65.1826,-66.3981,-66.4309,
05-01-2026-Fri 14-34-44-PM,-66.2668,-64.7225,-66.9236,-65.2484,-66.3981,-66.4637,
05-01-2026-Fri 14-34-46-PM,-66.2339,-64.7225,-66.9236,-65.2155,-66.3981,-66.4637,
05-01-2026-Fri 14-34-47-PM,-66.2668,-64.7554,-66.9892,-65.2155,-66.3981,-66.4637,
05-01-2026-Fri 14-34-49-PM,-66.2994,-64.7554,-66.9892,-65.2484,-66.4309,-66.4637,
05-01-2026-Fri 14-34-50-PM,-66.3324,-64.7554,-67.0221,-65.2484,-66.4309,-66.4637,
05-01-2026-Fri 14-34-52-PM,-66.2994,-64.7554,-67.0549,-65.2155,-66.4637,-66.4967,
05-01-2026-Fri 14-34-53-PM,-66.2994,-64.7882,-67.0221,-65.2484,-66.4637,-66.4967,
05-01-2026-Fri 14-34-54-PM,-66.3324,-64.821,-67.0221,-65.1826,-66.4637,-66.5295,
05-01-2026-Fri 14-34-56-PM,-66.3324,-64.7882,-67.0549,-65.2812,-66.4967,-66.5295,
05-01-2026-Fri 14-34-57-PM,-66.3652,-64.821,-67.0549,-65.2484,-66.4967,-66.5295,
05-01-2026-Fri 14-34-59-PM,-66.3652,-64.821,-67.0549,-65.2155,-66.4967,-66.5295,
05-01-2026-Fri 14-35-00-PM,-66.3652,-64.854,-67.0549,-65.2484,-66.4967,-66.5623,
05-01-2026-Fri 14-35-01-PM,-66.3652,-64.854,-67.0549,-65.2812,-66.5295,-66.5623,
05-01-2026-Fri 14-35-03-PM,-66.3981,-64.854,-67.0549,-65.3139,-66.4967,-66.5623,
05-01-2026-Fri 14-35-04-PM,-66.4309,-64.854,-67.1205,-65.3139,-66.5295,-66.5623,
05-01-2026-Fri 14-35-06-PM,-66.3981,-64.8869,-67.1205,-65.2812,-66.5623,-66.5952,
05-01-2026-Fri 14-35-07-PM,-66.4309,-64.8869,-67.1205,-65.2812,-66.5295,-66.6279,
05-01-2026-Fri 14-35-08-PM,-66.4309,-64.8869,-67.0877,-65.3468,-66.5623,-66.6279,
05-01-2026-Fri 14-35-10-PM,-66.4309,-64.9197,-67.1863,-65.3139,-66.5623,-66.6609,
05-01-2026-Fri 14-35-11-PM,-66.4309,-64.9197,-67.1205,-65.3468,-66.5623,-66.6609,
05-01-2026-Fri 14-35-13-PM,-66.4967,-64.9197,-67.1534,-65.2812,-66.5952,-66.6609,
05-01-2026-Fri 14-35-14-PM,-66.4637,-64.9197,-67.0877,-65.3139,-66.5952,-66.6609,
05-01-2026-Fri 14-35-15-PM,-66.4967,-64.9526,-67.1534,-65.3468,-66.6279,-66.6609,
05-01-2026-Fri 14-35-17-PM,-66.4967,-64.9526,-67.1863,-65.3468,-66.6279,-66.6937,
05-01-2026-Fri 14-35-18-PM,-66.4967,-64.9854,-67.1205,-65.3139,-66.6279,-66.6937,
05-01-2026-Fri 14-35-20-PM,-66.5295,-64.9854,-67.1863,-65.3139,-66.6279,-66.6937,
05-01-2026-Fri 14-35-21-PM,-66.4967,-64.9854,-67.1863,-65.3468,-66.6609,-66.7265,
05-01-2026-Fri 14-35-22-PM,-66.5295,-65.0183,-67.1534,-65.3468,-66.6609,-66.6937,
05-01-2026-Fri 14-35-24-PM,-66.5295,-65.0183,-67.2519,-65.3797,-66.6609,-66.7593,
05-01-2026-Fri 14-35-25-PM,-66.5623,-65.0183,-67.2191,-65.3468,-66.6609,-66.7265,
05-01-2026-Fri 14-35-26-PM,-66.5623,-65.0511,-67.2519,-65.3468,-66.6937,-66.7593,
05-01-2026-Fri 14-35-28-PM,-66.5623,-65.0511,-67.2519,-65.3468,-66.6937,-66.7593,
05-01-2026-Fri 14-35-29-PM,-66.5623,-65.084,-67.2847,-65.4126,-66.6937,-66.7593,
05-01-2026-Fri 14-35-30-PM,-66.5952,-65.084,-67.2519,-65.3797,-66.6609,-66.7921,
05-01-2026-Fri 14-35-32-PM,-66.6279,-65.1169,-67.2519,-65.3797,-66.7265,-66.7921,
05-01-2026-Fri 14-35-33-PM,-66.5952,-65.1169,-67.2847,-65.3797,-66.7265,-66.7921,
05-01-2026-Fri 14-35-35-PM,-66.6279,-65.1169,-67.3176,-65.3797,-66.7265,-66.7921,
05-01-2026-Fri 14-35-36-PM,-66.5952,-65.1169,-67.2847,-65.3797,-66.7265,-66.7921,
05-01-2026-Fri 14-35-37-PM,-66.6279,-65.1169,-67.2519,-65.4126,-66.7265,-66.825,
05-01-2026-Fri 14-35-39-PM,-66.6279,-65.1169,-67.3176,-65.4126,-66.7593,-66.8579,
05-01-2026-Fri 14-35-40-PM,-66.6609,-65.1497,-67.3176,-65.4455,-66.7593,-66.8579,
05-01-2026-Fri 14-35-41-PM,-66.6609,-65.1826,-67.3176,-65.4126,-66.7921,-66.8579,
05-01-2026-Fri 14-35-43-PM,-66.6609,-65.1826,-67.3176,-65.4455,-66.7593,-66.8579,
05-01-2026-Fri 14-35-44-PM,-66.6609,-65.1826,-67.3176,-65.4455,-66.7921,-66.8579,
05-01-2026-Fri 14-35-46-PM,-66.6937,-65.1826,-67.3504,-65.4782,-66.7921,-66.8907,
05-01-2026-Fri 14-35-47-PM,-66.6937,-65.1826,-67.3176,-65.4455,-66.7921,-66.8907,
05-01-2026-Fri 14-35-48-PM,-66.6937,-65.2155,-67.3176,-65.4455,-66.825,-66.8907,
05-01-2026-Fri 14-35-50-PM,-66.7265,-65.2155,-67.3504,-65.4782,-66.825,-66.9236,
05-01-2026-Fri 14-35-52-PM,-66.7265,-65.2155,-67.3504,-65.4455,-66.825,-66.8907,
05-01-2026-Fri 14-35-53-PM,-66.7593,-65.2155,-67.3176,-65.5112,-66.8579,-66.9564,
05-01-2026-Fri 14-35-55-PM,-66.7593,-65.2484,-67.3832,-65.4782,-66.8579,-66.9236,
05-01-2026-Fri 14-35-57-PM,-66.7593,-65.2484,-67.3832,-65.4782,-66.825,-66.9564,
05-01-2026-Fri 14-36-00-PM,-66.7921,-65.2812,-67.3504,-65.5112,-66.8579,-66.9564,
05-01-2026-Fri 14-36-03-PM,-66.7921,-65.3139,-67.4488,-65.544,-66.8907,-66.9892,
05-01-2026-Fri 14-36-06-PM,-66.825,-65.3468,-67.4161,-65.5112,-66.9236,-66.9892,
05-01-2026-Fri 14-36-07-PM,-66.825,-65.3468,-67.4488,-65.544,-66.9236,-67.0221,
05-01-2026-Fri 14-36-08-PM,-66.825,-65.3468,-67.4817,-65.544,-66.9236,-67.0221,
05-01-2026-Fri 14-36-10-PM,-66.8579,-65.3468,-67.4817,-65.544,-66.9564,-67.0549,
05-01-2026-Fri 14-36-11-PM,-66.825,-65.3468,-67.5146,-65.544,-66.9564,-67.0221,
05-01-2026-Fri 14-36-13-PM,-66.8579,-65.3797,-67.4488,-65.5769,-66.9236,-67.0549,
05-01-2026-Fri 14-36-14-PM,-66.8579,-65.3797,-67.4488,-65.5769,-66.9236,-67.0549,
05-01-2026-Fri 14-36-16-PM,-66.8907,-65.3797,-67.4817,-65.544,-66.9564,-67.0549,
05-01-2026-Fri 14-36-17-PM,-66.8579,-65.4126,-67.4817,-65.544,-66.9564,-67.0549,
05-01-2026-Fri 14-36-18-PM,-66.8907,-65.4126,-67.4817,-65.5769,-66.9892,-67.0877,
05-01-2026-Fri 14-36-20-PM,-66.8907,-65.4455,-67.5802,-65.544,-66.9892,-67.0877,
05-01-2026-Fri 14-36-22-PM,-66.8907,-65.4455,-67.5146,-65.5769,-66.9892,-67.0877,
05-01-2026-Fri 14-36-23-PM,-66.9236,-65.4455,-67.4817,-65.5769,-66.9892,-67.1205,
05-01-2026-Fri 14-36-24-PM,-66.9236,-65.4455,-67.5146,-65.5769,-67.0221,-67.1205,
05-01-2026-Fri 14-36-26-PM,-66.9236,-65.4782,-67.5146,-65.5769,-67.0221,-67.1205,
05-01-2026-Fri 14-36-27-PM,-66.9564,-65.4782,-67.5474,-65.5769,-67.0221,-67.1205,
05-01-2026-Fri 14-36-29-PM,-66.9564,-65.4782,-67.5802,-65.6098,-67.0221,-67.1205,
05-01-2026-Fri 14-36-30-PM,-66.9564,-65.4782,-67.5474,-65.6098,-67.0221,-67.1534,
05-01-2026-Fri 14-36-31-PM,-66.9564,-65.4782,-67.5802,-65.544,-67.0549,-67.1534,
05-01-2026-Fri 14-36-33-PM,-66.9564,-65.5112,-67.5802,-65.6098,-67.0877,-67.1534,
05-01-2026-Fri 14-36-34-PM,-66.9892,-65.5112,-67.5802,-65.6098,-67.0549,-67.1863,
05-01-2026-Fri 14-36-36-PM,-66.9892,-65.544,-67.613,-65.6098,-67.0877,-67.1863,
05-01-2026-Fri 14-36-37-PM,-67.0221,-65.544,-67.613,-65.6098,-67.0877,-67.1863,
05-01-2026-Fri 14-36-38-PM,-66.9892,-65.544,-67.5802,-65.6098,-67.0877,-67.1863,
05-01-2026-Fri 14-36-40-PM,-67.0221,-65.5112,-67.6459,-65.6098,-67.0877,-67.1863,
05-01-2026-Fri 14-36-41-PM,-67.0221,-65.544,-67.6459,-65.6098,-67.0877,-67.2191,
05-01-2026-Fri 14-36-42-PM,-67.0549,-65.544,-67.5802,-65.6425,-67.0877,-67.2191,
05-01-2026-Fri 14-36-44-PM,-67.0221,-65.5769,-67.6459,-65.6098,-67.1205,-67.2191,
05-01-2026-Fri 14-36-45-PM,-67.0221,-65.5769,-67.5802,-65.6098,-67.1205,-67.2519,
05-01-2026-Fri 14-36-46-PM,-67.0549,-65.5769,-67.6787,-65.6425,-67.1205,-67.2519,
05-01-2026-Fri 14-36-48-PM,-67.0549,-65.6098,-67.6787,-65.6425,-67.1534,-67.2519,
05-01-2026-Fri 14-36-49-PM,-67.0549,-65.6098,-67.613,-65.6425,-67.1534,-67.2519,
05-01-2026-Fri 14-36-51-PM,-67.0549,-65.6098,-67.6459,-65.6425,-67.1534,-67.2847,
05-01-2026-Fri 14-36-52-PM,-67.0877,-65.6425,-67.6787,-65.6425,-67.1534,-67.2847,
05-01-2026-Fri 14-36-53-PM,-67.0877,-65.6098,-67.6787,-65.6754,-67.1534,-67.2847,
05-01-2026-Fri 14-36-55-PM,-67.0877,-65.6425,-67.6787,-65.6754,-67.1534,-67.2847,
05-01-2026-Fri 14-36-56-PM,-67.1205,-65.6425,-67.6787,-65.6754,-67.1534,-67.2847,
05-01-2026-Fri 14-36-57-PM,-67.0877,-65.6425,-67.6787,-65.6754,-67.1534,-67.3176,
05-01-2026-Fri 14-36-59-PM,-67.1205,-65.6425,-67.6787,-65.7083,-67.1863,-67.3176,
05-01-2026-Fri 14-37-00-PM,-67.1205,-65.6754,-67.6787,-65.7083,-67.1863,-67.3176,
05-01-2026-Fri 14-37-02-PM,-67.1205,-65.7083,-67.7115,-65.7083,-67.2191,-67.3176,
05-01-2026-Fri 14-37-03-PM,-67.1534,-65.7083,-67.7115,-65.6425,-67.1863,-67.3176,
05-01-2026-Fri 14-37-04-PM,-67.1205,-65.7083,-67.6787,-65.7083,-67.1863,-67.3504,
05-01-2026-Fri 14-37-06-PM,-67.1534,-65.7083,-67.7444,-65.7083,-67.2191,-67.3504,
05-01-2026-Fri 14-37-07-PM,-67.1534,-65.7083,-67.7115,-65.7083,-67.2191,-67.3504,
05-01-2026-Fri 14-37-10-PM,-67.1534,-65.7083,-67.7444,-65.6754,-67.2519,-67.3504,
05-01-2026-Fri 14-37-13-PM,-67.1534,-65.7411,-67.7444,-65.7411,-67.2519,-67.3504,
05-01-2026-Fri 14-37-15-PM,-67.1863,-65.774,-67.7771,-65.7083,-67.2847,-67.3832,
05-01-2026-Fri 14-37-16-PM,-67.1863,-65.7411,-67.7444,-65.7411,-67.2847,-67.3832,
05-01-2026-Fri 14-37-17-PM,-67.2191,-65.774,-67.81,-65.7411,-67.2847,-67.3832,
05-01-2026-Fri 14-37-19-PM,-67.2191,-65.8068,-67.7444,-65.7083,-67.2847,-67.4161,
05-01-2026-Fri 14-37-20-PM,-67.2191,-65.774,-67.7771,-65.7411,-67.2847,-67.4488,
05-01-2026-Fri 14-37-22-PM,-67.2191,-65.8068,-67.7771,-65.7411,-67.2847,-67.4161,
05-01-2026-Fri 14-37-23-PM,-67.2519,-65.8068,-67.81,-65.7411,-67.3176,-67.4488,
05-01-2026-Fri 14-37-24-PM,-67.2519,-65.8068,-67.8428,-65.7411,-67.3176,-67.4488,
05-01-2026-Fri 14-37-26-PM,-67.2519,-65.8068,-67.7771,-65.7083,-67.2847,-67.4488,
05-01-2026-Fri 14-37-27-PM,-67.2519,-65.8397,-67.81,-65.774,-67.3176,-67.4817,
05-01-2026-Fri 14-37-29-PM,-67.2519,-65.8397,-67.81,-65.774,-67.3176,-67.4817,
05-01-2026-Fri 14-37-30-PM,-67.2847,-65.8726,-67.8428,-65.774,-67.3176,-67.4817,
05-01-2026-Fri 14-37-31-PM,-67.2519,-65.8726,-67.8428,-65.7411,-67.3176,-67.4817,
05-01-2026-Fri 14-37-33-PM,-67.2847,-65.8726,-67.8428,-65.7411,-67.3504,-67.4488,
05-01-2026-Fri 14-37-34-PM,-67.3176,-65.8397,-67.8428,-65.8068,-67.3504,-67.5146,
05-01-2026-Fri 14-37-36-PM,-67.2847,-65.8726,-67.8757,-65.774,-67.3504,-67.4817,
05-01-2026-Fri 14-37-37-PM,-67.3176,-65.9054,-67.8428,-65.774,-67.3504,-67.4817,
05-01-2026-Fri 14-37-38-PM,-67.3176,-65.9054,-67.8428,-65.774,-67.3504,-67.5146,
05-01-2026-Fri 14-37-40-PM,-67.3176,-65.9054,-67.8428,-65.774,-67.3832,-67.5146,
05-01-2026-Fri 14-37-41-PM,-67.3176,-65.9054,-67.8757,-65.8068,-67.3832,-67.5474,
05-01-2026-Fri 14-37-43-PM,-67.3176,-65.9054,-67.8428,-65.8397,-67.4161,-67.5146,
05-01-2026-Fri 14-37-44-PM,-67.3504,-65.9383,-67.8428,-65.8397,-67.3832,-67.5474,
05-01-2026-Fri 14-37-46-PM,-67.3504,-65.9383,-67.9085,-65.8068,-67.3832,-67.5146,
05-01-2026-Fri 14-37-47-PM,-67.3176,-65.9383,-67.8757,-65.8068,-67.4161,-67.5474,
05-01-2026-Fri 14-37-48-PM,-67.3504,-65.971,-67.8757,-65.8068,-67.4161,-67.5474,
05-01-2026-Fri 14-37-50-PM,-67.3832,-65.971,-67.8757,-65.8068,-67.4161,-67.5802,
05-01-2026-Fri 14-37-51-PM,-67.3832,-65.971,-67.8757,-65.8068,-67.4161,-67.5802,
05-01-2026-Fri 14-37-53-PM,-67.3832,-66.0039,-67.8757,-65.8397,-67.4161,-67.5802,
05-01-2026-Fri 14-37-54-PM,-67.3832,-66.0039,-67.9085,-65.8397,-67.4161,-67.5802,
05-01-2026-Fri 14-37-55-PM,-67.4161,-66.0039,-67.9413,-65.8068,-67.4488,-67.5802,
05-01-2026-Fri 14-37-57-PM,-67.4161,-66.0039,-67.9085,-65.8397,-67.4488,-67.5802,
05-01-2026-Fri 14-37-58-PM,-67.4161,-66.0368,-67.9413,-65.8068,-67.4488,-67.613,
05-01-2026-Fri 14-38-00-PM,-67.4161,-66.0039,-67.9085,-65.8397,-67.4488,-67.5802,
05-01-2026-Fri 14-38-01-PM,-67.4161,-66.0368,-67.9413,-65.8397,-67.4488,-67.5802,
05-01-2026-Fri 14-38-02-PM,-67.4161,-66.0368,-67.9742,-65.8397,-67.4488,-67.613,
05-01-2026-Fri 14-38-04-PM,-67.4488,-66.0696,-67.9742,-65.8397,-67.4488,-67.6459,
05-01-2026-Fri 14-38-05-PM,-67.4161,-66.0368,-67.9085,-65.8726,-67.4817,-67.6459,
05-01-2026-Fri 14-38-07-PM,-67.4488,-66.0696,-67.9742,-65.8397,-67.4817,-67.613,
05-01-2026-Fri 14-38-08-PM,-67.4488,-66.0696,-67.9742,-65.8397,-67.4817,-67.613,
05-01-2026-Fri 14-38-09-PM,-67.4488,-66.1025,-67.9742,-65.8726,-67.5146,-67.6459,
05-01-2026-Fri 14-38-11-PM,-67.4488,-66.1025,-67.9413,-65.8726,-67.4817,-67.6459,
05-01-2026-Fri 14-38-12-PM,-67.4488,-66.1025,-67.9413,-65.8726,-67.5146,-67.6459,
05-01-2026-Fri 14-38-13-PM,-67.4817,-66.1025,-68.0069,-65.8726,-67.5146,-67.6787,
05-01-2026-Fri 14-38-15-PM,-67.4817,-66.1025,-67.9742,-65.9054,-67.5146,-67.6459,
05-01-2026-Fri 14-38-16-PM,-67.5146,-66.1353,-67.9742,-65.8726,-67.5146,-67.6787,
05-01-2026-Fri 14-38-18-PM,-67.4817,-66.1353,-67.9742,-65.9054,-67.5474,-67.6787,
05-01-2026-Fri 14-38-19-PM,-67.4817,-66.1025,-68.0069,-65.9383,-67.5474,-67.6787,
05-01-2026-Fri 14-38-20-PM,-67.5146,-66.1353,-68.0398,-65.9054,-67.5474,-67.6787,
05-01-2026-Fri 14-38-22-PM,-67.5474,-66.1682,-67.9742,-65.9383,-67.5474,-67.6787,
05-01-2026-Fri 14-38-23-PM,-67.5474,-66.1353,-68.0069,-65.8726,-67.5802,-67.6787,
05-01-2026-Fri 14-38-25-PM,-67.5474,-66.1682,-68.0069,-65.9383,-67.5802,-67.7115,
05-01-2026-Fri 14-38-26-PM,-67.5146,-66.1682,-68.0398,-65.8726,-67.5474,-67.7115,
05-01-2026-Fri 14-38-28-PM,-67.5474,-66.201,-68.0398,-65.9383,-67.5802,-67.7115,
05-01-2026-Fri 14-38-29-PM,-67.5474,-66.201,-68.0069,-65.971,-67.5802,-67.7444,
05-01-2026-Fri 14-38-31-PM,-67.5474,-66.2339,-68.0726,-66.0368,-67.5802,-67.7444,
05-01-2026-Fri 14-38-32-PM,-67.5802,-66.2668,-68.1382,-66.0696,-67.6459,-67.7771,
05-01-2026-Fri 14-38-33-PM,-67.613,-66.2994,-68.1382,-66.1353,-67.6459,-67.7771,
05-01-2026-Fri 14-38-35-PM,-67.6459,-66.3652,-68.2039,-66.2339,-67.6787,-67.7771,
05-01-2026-Fri 14-38-36-PM,-67.6787,-66.3981,-68.2039,-66.2994,-67.7444,-67.81,
05-01-2026-Fri 14-38-38-PM,-67.7115,-66.4637,-68.3023,-66.4309,-67.7771,-67.81,
05-01-2026-Fri 14-38-39-PM,-67.7771,-66.4967,-68.2695,-66.5295,-67.8428,-67.8757,
05-01-2026-Fri 14-38-40-PM,-67.7444,-66.5295,-68.3351,-66.5952,-67.8757,-67.9085,
05-01-2026-Fri 14-38-42-PM,-67.81,-66.5952,-68.3351,-66.7265,-67.9413,-67.9085,
05-01-2026-Fri 14-38-43-PM,-67.8428,-66.6279,-68.368,-66.7593,-67.9742,-67.9742,
05-01-2026-Fri 14-38-45-PM,-67.8428,-66.6609,-68.4008,-66.825,-68.0069,-67.9742,
05-01-2026-Fri 14-38-46-PM,-67.9085,-66.7265,-68.4008,-66.9564,-68.0726,-68.0069,
05-01-2026-Fri 14-38-47-PM,-67.9742,-66.7593,-68.4664,-66.9892,-68.1053,-68.0398,
05-01-2026-Fri 14-38-49-PM,-67.9742,-66.7921,-68.4992,-67.0221,-68.1382,-68.0398,
05-01-2026-Fri 14-38-50-PM,-68.0069,-66.7921,-68.4664,-67.0877,-68.1711,-68.1053,
05-01-2026-Fri 14-38-52-PM,-68.0398,-66.825,-68.5321,-67.1205,-68.2039,-68.0726,
05-01-2026-Fri 14-38-53-PM,-68.0398,-66.825,-68.5321,-67.1863,-68.2368,-68.1382,
05-01-2026-Fri 14-38-54-PM,-68.0398,-66.8579,-68.5649,-67.1863,-68.3023,-68.1382,
05-01-2026-Fri 14-38-56-PM,-68.1382,-66.8907,-68.5977,-67.2191,-68.3351,-68.1711,
05-01-2026-Fri 14-38-57-PM,-68.1382,-66.9236,-68.5977,-67.2847,-68.368,-68.2039,
05-01-2026-Fri 14-38-59-PM,-68.1711,-66.9564,-68.6961,-67.2847,-68.368,-68.2368,
05-01-2026-Fri 14-39-00-PM,-68.1711,-66.9892,-68.6634,-67.3504,-68.4335,-68.2368,
05-01-2026-Fri 14-39-01-PM,-68.2039,-66.9892,-68.6634,-67.4161,-68.4664,-68.2695,
05-01-2026-Fri 14-39-03-PM,-68.2368,-67.0221,-68.7617,-67.4488,-68.4664,-68.2695,
05-01-2026-Fri 14-39-04-PM,-68.2368,-67.0877,-68.7617,-67.4817,-68.4992,-68.3351,
05-01-2026-Fri 14-39-05-PM,-68.2695,-67.0877,-68.7617,-67.5474,-68.5321,-68.3351,
05-01-2026-Fri 14-39-07-PM,-68.3023,-67.1205,-68.7617,-67.5802,-68.5321,-68.368,
05-01-2026-Fri 14-39-08-PM,-68.3023,-67.1534,-68.893,-67.6459,-68.5649,-68.4008,
05-01-2026-Fri 14-39-09-PM,-68.3351,-67.1863,-68.8274,-67.6459,-68.6306,-68.4008,
05-01-2026-Fri 14-39-11-PM,-68.368,-67.1863,-68.893,-67.6787,-68.6306,-68.4008,
05-01-2026-Fri 14-39-13-PM,-68.368,-67.2191,-68.8603,-67.7115,-68.6634,-68.4664,
05-01-2026-Fri 14-39-14-PM,-68.4008,-67.2519,-68.9587,-67.7771,-68.6961,-68.4664,
05-01-2026-Fri 14-39-15-PM,-68.4335,-67.2519,-68.893,-67.7771,-68.729,-68.4992,
05-01-2026-Fri 14-39-17-PM,-68.4335,-67.2847,-68.9587,-67.7771,-68.7617,-68.5321,
05-01-2026-Fri 14-39-18-PM,-68.4664,-67.2847,-68.9915,-67.81,-68.7946,-68.5649,
05-01-2026-Fri 14-39-19-PM,-68.4992,-67.3176,-69.0571,-67.8428,-68.8274,-68.5649,
05-01-2026-Fri 14-39-21-PM,-68.5321,-67.3504,-68.9915,-67.9085,-68.8274,-68.5977,
05-01-2026-Fri 14-39-22-PM,-68.5321,-67.3832,-69.0571,-67.9085,-68.8603,-68.5977,
05-01-2026-Fri 14-39-24-PM,-68.5649,-67.3832,-69.0571,-67.9742,-68.8603,-68.6306,
05-01-2026-Fri 14-39-25-PM,-68.5977,-67.4161,-69.1227,-67.9742,-68.9258,-68.6634,
05-01-2026-Fri 14-39-26-PM,-68.5977,-67.4488,-69.1555,-68.0398,-68.9258,-68.6634,
05-01-2026-Fri 14-39-28-PM,-68.6306,-67.4488,-69.1555,-68.0398,-68.9587,-68.6961,
05-01-2026-Fri 14-39-29-PM,-68.6634,-67.4817,-69.2211,-68.0726,-68.9915,-68.6961,
05-01-2026-Fri 14-39-31-PM,-68.6634,-67.5474,-69.1883,-68.1053,-69.0242,-68.7617,
05-01-2026-Fri 14-39-32-PM,-68.6634,-67.5146,-69.2211,-68.1053,-69.0571,-68.7617,
05-01-2026-Fri 14-39-33-PM,-68.6961,-67.5474,-69.2868,-68.1711,-69.0571,-68.7946,
05-01-2026-Fri 14-39-35-PM,-68.729,-67.5802,-69.2539,-68.1382,-69.0898,-68.7946,
05-01-2026-Fri 14-39-36-PM,-68.7617,-67.5802,-69.2868,-68.2039,-69.0898,-68.8274,
05-01-2026-Fri 14-39-38-PM,-68.7946,-67.613,-69.3523,-68.2039,-69.1227,-68.8274,
05-01-2026-Fri 14-39-39-PM,-68.7946,-67.6459,-69.3851,-68.2368,-69.1555,-68.8603,
05-01-2026-Fri 14-39-40-PM,-68.8274,-67.6787,-69.3851,-68.2368,-69.1555,-68.893,
05-01-2026-Fri 14-39-42-PM,-68.8603,-67.6787,-69.3851,-68.3023,-69.2211,-68.893,
05-01-2026-Fri 14-39-43-PM,-68.8603,-67.7115,-69.3851,-68.3023,-69.2211,-68.9258,
05-01-2026-Fri 14-39-45-PM,-68.893,-67.7115,-69.4508,-68.2695,-69.2211,-68.9258,
05-01-2026-Fri 14-39-46-PM,-68.893,-67.7771,-69.4508,-68.3351,-69.2539,-68.9915,
05-01-2026-Fri 14-39-47-PM,-68.9258,-67.7771,-69.4836,-68.3351,-69.2868,-68.9915,
05-01-2026-Fri 14-39-49-PM,-68.9587,-67.81,-69.4508,-68.368,-69.2868,-68.9915,
05-01-2026-Fri 14-39-50-PM,-68.9587,-67.81,-69.5492,-68.4008,-69.3196,-69.0242,
05-01-2026-Fri 14-39-52-PM,-68.9587,-67.8428,-69.5164,-68.4008,-69.3523,-69.0571,
05-01-2026-Fri 14-39-53-PM,-68.9915,-67.8428,-69.5819,-68.4664,-69.3851,-69.0898,
05-01-2026-Fri 14-39-55-PM,-69.0242,-67.8757,-69.6476,-68.4664,-69.3851,-69.0898,
05-01-2026-Fri 14-39-56-PM,-69.0571,-67.9085,-69.5819,-68.5321,-69.3851,-69.1227,
05-01-2026-Fri 14-39-57-PM,-69.0571,-67.9085,-69.5819,-68.4992,-69.4179,-69.1227,
05-01-2026-Fri 14-39-59-PM,-69.0898,-67.9413,-69.7132,-68.5321,-69.4508,-69.1555,
05-01-2026-Fri 14-40-00-PM,-69.0898,-67.9413,-69.6804,-68.5977,-69.4836,-69.1883,
05-01-2026-Fri 14-40-01-PM,-69.1227,-67.9742,-69.7132,-68.5977,-69.4836,-69.1883,
05-01-2026-Fri 14-40-03-PM,-69.1227,-67.9742,-69.6804,-68.5977,-69.5164,-69.1883,
05-01-2026-Fri 14-40-04-PM,-69.1555,-67.9742,-69.7459,-68.6306,-69.5164,-69.2211,
05-01-2026-Fri 14-40-05-PM,-69.1555,-68.0069,-69.7459,-68.6306,-69.5164,-69.2539,
05-01-2026-Fri 14-40-07-PM,-69.1883,-68.0398,-69.7459,-68.6634,-69.5492,-69.2539,
05-01-2026-Fri 14-40-08-PM,-69.1883,-68.0398,-69.7788,-68.6634,-69.5819,-69.3196,
05-01-2026-Fri 14-40-10-PM,-69.2211,-68.0726,-69.8116,-68.6961,-69.6148,-69.2868,
05-01-2026-Fri 14-40-11-PM,-69.2211,-68.1053,-69.8445,-68.6961,-69.6148,-69.3196,
05-01-2026-Fri 14-40-12-PM,-69.2539,-68.1053,-69.8445,-68.729,-69.6476,-69.3196,
05-01-2026-Fri 14-40-14-PM,-69.2868,-68.1382,-69.8772,-68.729,-69.6476,-69.3523,
05-01-2026-Fri 14-40-15-PM,-69.2868,-68.1053,-69.9099,-68.729,-69.6804,-69.3851,
05-01-2026-Fri 14-40-17-PM,-69.3196,-68.1711,-69.9429,-68.7617,-69.6804,-69.3851,
05-01-2026-Fri 14-40-18-PM,-69.3523,-68.2039,-69.9429,-68.8603,-69.7132,-69.4179,
05-01-2026-Fri 14-40-19-PM,-69.3523,-68.2039,-69.9429,-68.7946,-69.7132,-69.4508,
05-01-2026-Fri 14-40-21-PM,-69.3851,-68.2368,-69.9756,-68.8603,-69.7459,-69.4508,
05-01-2026-Fri 14-40-22-PM,-69.3851,-68.2695,-69.9429,-68.893,-69.7788,-69.4836,
05-01-2026-Fri 14-40-24-PM,-69.4179,-68.2695,-70.0084,-68.8603,-69.7788,-69.4836,
05-01-2026-Fri 14-40-25-PM,-69.4179,-68.2695,-70.0739,-68.893,-69.7788,-69.5164,
05-01-2026-Fri 14-40-26-PM,-69.4508,-68.3351,-70.0739,-68.893,-69.8445,-69.5492,
05-01-2026-Fri 14-40-28-PM,-69.4836,-68.3023,-70.0739,-68.893,-69.8116,-69.5819,
05-01-2026-Fri 14-40-29-PM,-69.4836,-68.3351,-70.1068,-68.9258,-69.8445,-69.5492,
05-01-2026-Fri 14-40-31-PM,-69.5164,-68.368,-70.0739,-68.9915,-69.8772,-69.6148,
05-01-2026-Fri 14-40-32-PM,-69.5164,-68.368,-70.1724,-68.9587,-69.9099,-69.6148,
05-01-2026-Fri 14-40-33-PM,-69.5164,-68.4008,-70.1724,-69.0242,-69.9099,-69.6476,
05-01-2026-Fri 14-40-35-PM,-69.5492,-68.4008,-70.1724,-68.9915,-69.9429,-69.6476,
05-01-2026-Fri 14-40-36-PM,-69.5819,-68.4008,-70.2052,-69.0242,-69.9429,-69.6804,
05-01-2026-Fri 14-40-38-PM,-69.6148,-68.4335,-70.1724,-69.0242,-69.9756,-69.6476,
05-01-2026-Fri 14-40-39-PM,-69.6148,-68.4335,-70.2052,-69.0242,-69.9756,-69.7132,
05-01-2026-Fri 14-40-40-PM,-69.6148,-68.4664,-70.2379,-69.0571,-69.9756,-69.6804,
05-01-2026-Fri 14-40-42-PM,-69.6476,-68.4664,-70.2708,-69.0898,-70.0084,-69.7132,
05-01-2026-Fri 14-40-43-PM,-69.6476,-68.4992,-70.3036,-69.0898,-70.0412,-69.7788,
05-01-2026-Fri 14-40-45-PM,-69.6804,-68.4992,-70.3036,-69.1227,-70.0412,-69.7459,
05-01-2026-Fri 14-40-46-PM,-69.7459,-68.5321,-70.3036,-69.1227,-70.0412,-69.8116,
05-01-2026-Fri 14-40-48-PM,-69.7459,-68.5649,-70.3364,-69.1227,-70.0739,-69.8116,
05-01-2026-Fri 14-40-49-PM,-69.7459,-68.5649,-70.4019,-69.1883,-70.1068,-69.8445,
05-01-2026-Fri 14-40-50-PM,-69.7459,-68.5977,-70.3691,-69.1883,-70.1068,-69.8772,
05-01-2026-Fri 14-40-52-PM,-69.7788,-68.5977,-70.4347,-69.2211,-70.1396,-69.8772,
05-01-2026-Fri 14-40-53-PM,-69.7788,-68.6306,-70.4019,-69.2211,-70.1068,-69.9099,
05-01-2026-Fri 14-40-54-PM,-69.8116,-68.6306,-70.4675,-69.2211,-70.1396,-69.9099,
05-01-2026-Fri 14-40-56-PM,-69.8116,-68.6634,-70.4347,-69.2211,-70.1724,-69.9099,
05-01-2026-Fri 14-40-57-PM,-69.8445,-68.6634,-70.4675,-69.2539,-70.1724,-69.9756,
05-01-2026-Fri 14-40-58-PM,-69.8445,-68.6634,-70.4675,-69.2868,-70.2052,-69.9429,
05-01-2026-Fri 14-41-00-PM,-69.8772,-68.6961,-70.5003,-69.2211,-70.2379,-69.9756,
05-01-2026-Fri 14-41-01-PM,-69.8445,-68.729,-70.5331,-69.2539,-70.2379,-70.0084,
05-01-2026-Fri 14-41-03-PM,-69.9099,-68.729,-70.5659,-69.2868,-70.2379,-70.0084,
05-01-2026-Fri 14-41-04-PM,-69.9429,-68.729,-70.5331,-69.2868,-70.2708,-70.0412,
05-01-2026-Fri 14-41-06-PM,-69.9099,-68.729,-70.5331,-69.3523,-70.2708,-70.0084,
05-01-2026-Fri 14-41-07-PM,-69.9429,-68.7617,-70.5659,-69.3196,-70.3036,-70.0412,
05-01-2026-Fri 14-41-08-PM,-69.9429,-68.7946,-70.5987,-69.3196,-70.3036,-70.0739,
05-01-2026-Fri 14-41-10-PM,-69.9756,-68.7946,-70.5987,-69.3851,-70.3036,-70.0739,
05-01-2026-Fri 14-41-11-PM,-69.9756,-68.7946,-70.6315,-69.3523,-70.3364,-70.1068,
05-01-2026-Fri 14-41-13-PM,-70.0084,-68.8274,-70.6643,-69.3851,-70.3364,-70.1068,
05-01-2026-Fri 14-41-14-PM,-70.0084,-68.8603,-70.6643,-69.3523,-70.3364,-70.1396,
05-01-2026-Fri 14-41-15-PM,-70.0084,-68.8274,-70.697,-69.4179,-70.3691,-70.1724,
05-01-2026-Fri 14-41-17-PM,-70.0739,-68.893,-70.7298,-69.3851,-70.4019,-70.1724,
05-01-2026-Fri 14-41-18-PM,-70.1068,-68.893,-70.7626,-69.4508,-70.4019,-70.1724,
05-01-2026-Fri 14-41-20-PM,-70.1068,-68.893,-70.7626,-69.4836,-70.4019,-70.2052,
05-01-2026-Fri 14-41-21-PM,-70.1068,-68.9258,-70.7954,-69.4836,-70.4347,-70.2379,
05-01-2026-Fri 14-41-22-PM,-70.1068,-68.9258,-70.8282,-69.4179,-70.4675,-70.2379,
05-01-2026-Fri 14-41-24-PM,-70.1396,-68.9587,-70.8282,-69.4508,-70.4347,-70.2708,
05-01-2026-Fri 14-41-25-PM,-70.1724,-68.9915,-70.8282,-69.4836,-70.4675,-70.2708,
05-01-2026-Fri 14-41-27-PM,-70.1724,-68.9587,-70.7626,-69.5164,-70.5003,-70.3036,
05-01-2026-Fri 14-41-28-PM,-70.2052,-68.9915,-70.8282,-69.5164,-70.5003,-70.3036,
05-01-2026-Fri 14-41-29-PM,-70.2052,-68.9915,-70.861,-69.5492,-70.5331,-70.3364,
05-01-2026-Fri 14-41-31-PM,-70.2052,-69.0242,-70.8282,-69.5164,-70.5659,-70.3364,
05-01-2026-Fri 14-41-32-PM,-70.2708,-69.0242,-70.8937,-69.5164,-70.5331,-70.3691,
05-01-2026-Fri 14-41-34-PM,-70.2708,-69.0571,-70.8937,-69.5819,-70.5659,-70.3691,
05-01-2026-Fri 14-41-35-PM,-70.2708,-69.0571,-70.9266,-69.5819,-70.5659,-70.3691,
05-01-2026-Fri 14-41-36-PM,-70.3036,-69.0898,-70.9266,-69.5492,-70.5659,-70.4019,
05-01-2026-Fri 14-41-38-PM,-70.3036,-69.0898,-70.9594,-69.6148,-70.5987,-70.4019,
05-01-2026-Fri 14-41-39-PM,-70.3036,-69.1227,-70.9594,-69.6148,-70.5987,-70.4347,
05-01-2026-Fri 14-41-41-PM,-70.3364,-69.1227,-70.9594,-69.6148,-70.6315,-70.4675,
05-01-2026-Fri 14-41-42-PM,-70.3364,-69.1227,-71.0249,-69.6476,-70.6643,-70.4675,
05-01-2026-Fri 14-41-44-PM,-70.3691,-69.1555,-70.9922,-69.6476,-70.6643,-70.5003,
05-01-2026-Fri 14-41-45-PM,-70.3691,-69.1883,-71.0249,-69.7132,-70.6643,-70.5003,
05-01-2026-Fri 14-41-46-PM,-70.4019,-69.1883,-71.0576,-69.6804,-70.697,-70.5003,
05-01-2026-Fri 14-41-48-PM,-70.4347,-69.1883,-71.0905,-69.6476,-70.697,-70.5331,
05-01-2026-Fri 14-41-49-PM,-70.4019,-69.2211,-71.0905,-69.6804,-70.697,-70.5659,
05-01-2026-Fri 14-41-51-PM,-70.4347,-69.1883,-71.0905,-69.6804,-70.7626,-70.5659,
05-01-2026-Fri 14-41-52-PM,-70.4347,-69.2211,-71.0905,-69.6804,-70.7298,-70.5987,
05-01-2026-Fri 14-41-53-PM,-70.4675,-69.2539,-71.1233,-69.7132,-70.7298,-70.5987,
05-01-2026-Fri 14-41-55-PM,-70.4675,-69.2539,-71.1233,-69.7132,-70.7626,-70.5987,
05-01-2026-Fri 14-41-56-PM,-70.5003,-69.2868,-71.1561,-69.7132,-70.7954,-70.6315,
05-01-2026-Fri 14-41-58-PM,-70.5003,-69.2868,-71.1561,-69.7459,-70.7954,-70.6315,
05-01-2026-Fri 14-41-59-PM,-70.5331,-69.3196,-71.2216,-69.7132,-70.7954,-70.6643,
05-01-2026-Fri 14-42-00-PM,-70.5331,-69.3196,-71.1888,-69.7459,-70.8282,-70.6643,
05-01-2026-Fri 14-42-02-PM,-70.5659,-69.3523,-71.2216,-69.7788,-70.861,-70.697,
05-01-2026-Fri 14-42-03-PM,-70.5331,-69.3196,-71.2544,-69.7788,-70.8282,-70.7298,
05-01-2026-Fri 14-42-05-PM,-70.5659,-69.3523,-71.2544,-69.7788,-70.8282,-70.7298,
05-01-2026-Fri 14-42-06-PM,-70.5987,-69.3523,-71.2216,-69.8445,-70.861,-70.7298,
05-01-2026-Fri 14-42-07-PM,-70.5659,-69.3523,-71.2544,-69.7788,-70.8937,-70.7298,
05-01-2026-Fri 14-42-09-PM,-70.5987,-69.3523,-71.32,-69.8445,-70.861,-70.7626,
05-01-2026-Fri 14-42-10-PM,-70.6315,-69.4179,-71.3527,-69.8445,-70.8937,-70.7626,
05-01-2026-Fri 14-42-11-PM,-70.6643,-69.3851,-71.32,-69.8445,-70.9266,-70.7954,
05-01-2026-Fri 14-42-13-PM,-70.6643,-69.4508,-71.32,-69.8772,-70.9266,-70.8282,
05-01-2026-Fri 14-42-14-PM,-70.6643,-69.4179,-71.3527,-69.8772,-70.9266,-70.8282,
05-01-2026-Fri 14-42-16-PM,-70.697,-69.4508,-71.32,-69.8445,-70.9594,-70.861,
05-01-2026-Fri 14-42-17-PM,-70.697,-69.4836,-71.3527,-69.8445,-70.9594,-70.861,
05-01-2026-Fri 14-42-18-PM,-70.7298,-69.4836,-71.3527,-69.8772,-70.9922,-70.861,
05-01-2026-Fri 14-42-20-PM,-70.7298,-69.4836,-71.4183,-69.9099,-70.9922,-70.8937,
05-01-2026-Fri 14-42-21-PM,-70.7298,-69.5164,-71.3854,-69.9099,-71.0249,-70.8937,
05-01-2026-Fri 14-42-23-PM,-70.7626,-69.5164,-71.4183,-69.9099,-70.9922,-70.9266,
05-01-2026-Fri 14-42-24-PM,-70.7626,-69.5164,-71.4839,-69.9099,-70.9922,-70.9266,
05-01-2026-Fri 14-42-25-PM,-70.7954,-69.5164,-71.4183,-69.9099,-71.0249,-70.9266,
05-01-2026-Fri 14-42-27-PM,-70.7954,-69.5492,-71.4511,-69.9099,-71.0576,-70.9594,
05-01-2026-Fri 14-42-28-PM,-70.7954,-69.5819,-71.4839,-69.9099,-71.0576,-70.9594,
05-01-2026-Fri 14-42-30-PM,-70.7954,-69.5819,-71.4839,-69.9429,-71.0576,-70.9922,
05-01-2026-Fri 14-42-31-PM,-70.8282,-69.6148,-71.5167,-69.9429,-71.0576,-70.9922,
05-01-2026-Fri 14-42-32-PM,-70.8282,-69.5819,-71.5167,-69.9429,-71.0905,-71.0249,
05-01-2026-Fri 14-42-34-PM,-70.861,-69.6476,-71.5494,-70.0412,-71.1233,-71.0249,
05-01-2026-Fri 14-42-35-PM,-70.8937,-69.6476,-71.5822,-70.0412,-71.1233,-71.0249,
05-01-2026-Fri 14-42-37-PM,-70.8937,-69.7132,-71.615,-70.1068,-71.1561,-71.0905,
05-01-2026-Fri 14-42-38-PM,-70.9594,-69.7459,-71.6805,-70.1396,-71.1888,-71.0905,
05-01-2026-Fri 14-42-39-PM,-70.9922,-69.7788,-71.7132,-70.2708,-71.2544,-71.1233,
05-01-2026-Fri 14-42-41-PM,-70.9922,-69.8445,-71.7132,-70.3691,-71.2872,-71.1561,
05-01-2026-Fri 14-42-42-PM,-71.0249,-69.8772,-71.8116,-70.4347,-71.32,-71.1888,
05-01-2026-Fri 14-42-43-PM,-71.0905,-69.9429,-71.8116,-70.5987,-71.3854,-71.2216,
05-01-2026-Fri 14-42-45-PM,-71.1233,-69.9756,-71.8116,-70.6315,-71.4511,-71.2216,
05-01-2026-Fri 14-42-46-PM,-71.1888,-70.0412,-71.91,-70.697,-71.4839,-71.2544,
05-01-2026-Fri 14-42-48-PM,-71.1888,-70.1068,-71.8771,-70.7626,-71.5494,-71.32,
05-01-2026-Fri 14-42-49-PM,-71.2544,-70.1396,-71.91,-70.8282,-71.5822,-71.3527,
05-01-2026-Fri 14-42-50-PM,-71.2544,-70.1724,-72.0083,-70.8937,-71.615,-71.3854,
05-01-2026-Fri 14-42-52-PM,-71.32,-70.2052,-72.0083,-70.9266,-71.6805,-71.4183,
05-01-2026-Fri 14-42-53-PM,-71.3527,-70.2052,-72.041,-70.9922,-71.6805,-71.4511,
05-01-2026-Fri 14-42-55-PM,-71.3527,-70.2379,-72.0738,-70.9922,-71.7461,-71.4839,
05-01-2026-Fri 14-42-56-PM,-71.3854,-70.2708,-72.0738,-71.0249,-71.7789,-71.5167,
05-01-2026-Fri 14-42-57-PM,-71.4183,-70.3036,-72.1065,-71.0905,-71.8116,-71.5167,
05-01-2026-Fri 14-42-59-PM,-71.4511,-70.3364,-72.1065,-71.1561,-71.8444,-71.5494,
05-01-2026-Fri 14-43-00-PM,-71.4839,-70.3691,-72.1721,-71.1888,-71.8771,-71.5822,
05-01-2026-Fri 14-43-02-PM,-71.5167,-70.4019,-72.2377,-71.1888,-71.91,-71.615,
05-01-2026-Fri 14-43-03-PM,-71.5494,-70.4019,-72.2377,-71.32,-71.91,-71.6478,
05-01-2026-Fri 14-43-04-PM,-71.5822,-70.4347,-72.2704,-71.2872,-71.9427,-71.6805,
05-01-2026-Fri 14-43-06-PM,-71.615,-70.4675,-72.3032,-71.32,-72.0083,-71.6805,
05-01-2026-Fri 14-43-07-PM,-71.5822,-70.5003,-72.3032,-71.4183,-72.041,-71.7132,
05-01-2026-Fri 14-43-09-PM,-71.6805,-70.5331,-72.336,-71.4511,-72.0738,-71.7461,
05-01-2026-Fri 14-43-10-PM,-71.6805,-70.5659,-72.4015,-71.4511,-72.1065,-71.8116,
05-01-2026-Fri 14-43-12-PM,-71.7132,-70.5659,-72.4998,-71.5167,-72.1393,-71.8116,
05-01-2026-Fri 14-43-13-PM,-71.7461,-70.6315,-72.4343,-71.5494,-72.1393,-71.8444,
05-01-2026-Fri 14-43-15-PM,-71.7789,-70.6315,-72.467,-71.5822,-72.2377,-71.8771,
05-01-2026-Fri 14-43-16-PM,-71.8116,-70.6643,-72.4998,-71.6805,-72.2377,-71.91,
05-01-2026-Fri 14-43-19-PM,-71.8444,-70.7298,-72.4998,-71.6478,-72.2704,-71.91,
05-01-2026-Fri 14-43-22-PM,-71.8771,-70.7626,-72.5981,-71.7132,-72.3687,-71.9755,
05-01-2026-Fri 14-43-24-PM,-71.9427,-70.8282,-72.6309,-71.7789,-72.3687,-72.041,
05-01-2026-Fri 14-43-26-PM,-71.9755,-70.861,-72.7291,-71.8771,-72.467,-72.1065,
05-01-2026-Fri 14-43-27-PM,-72.0083,-70.8937,-72.7946,-71.91,-72.467,-72.1065,
05-01-2026-Fri 14-43-28-PM,-72.041,-70.9266,-72.7619,-71.91,-72.5325,-72.1393,
05-01-2026-Fri 14-43-30-PM,-72.0738,-70.9594,-72.8274,-72.0083,-72.5325,-72.2048,
05-01-2026-Fri 14-43-31-PM,-72.1065,-70.9594,-72.8274,-72.0083,-72.5653,-72.2048,
05-01-2026-Fri 14-43-33-PM,-72.1393,-70.9922,-72.8601,-72.041,-72.5981,-72.2377,
05-01-2026-Fri 14-43-34-PM,-72.1393,-71.0249,-72.893,-72.041,-72.5981,-72.2704,
05-01-2026-Fri 14-43-35-PM,-72.1721,-71.0576,-72.9585,-72.041,-72.6309,-72.3032,
05-01-2026-Fri 14-43-37-PM,-72.2377,-71.0576,-73.0239,-72.1393,-72.6963,-72.336,
05-01-2026-Fri 14-43-38-PM,-72.2377,-71.0905,-72.9585,-72.1393,-72.6963,-72.336,
05-01-2026-Fri 14-43-40-PM,-72.2377,-71.1233,-72.9912,-72.1721,-72.7291,-72.3687,
05-01-2026-Fri 14-43-41-PM,-72.2704,-71.1561,-73.0239,-72.2048,-72.7291,-72.3687,
05-01-2026-Fri 14-43-42-PM,-72.3032,-71.1888,-73.0567,-72.2048,-72.7946,-72.4015,
05-01-2026-Fri 14-43-44-PM,-72.3032,-71.1888,-73.0567,-72.2377,-72.7946,-72.4343,
05-01-2026-Fri 14-43-45-PM,-72.3687,-71.2216,-73.1223,-72.2704,-72.8274,-72.4343,
05-01-2026-Fri 14-43-47-PM,-72.3687,-71.2216,-73.1223,-72.2704,-72.8601,-72.4998,
05-01-2026-Fri 14-43-49-PM,-72.4015,-71.2872,-73.1877,-72.3032,-72.893,-72.5325,
05-01-2026-Fri 14-43-52-PM,-72.467,-71.32,-73.2206,-72.3687,-72.9257,-72.5981,
05-01-2026-Fri 14-43-55-PM,-72.4998,-71.3854,-73.3188,-72.467,-72.9912,-72.6309,
05-01-2026-Fri 14-43-58-PM,-72.5325,-71.4183,-73.3514,-72.4998,-73.0239,-72.6636,
05-01-2026-Fri 14-44-00-PM,-72.5981,-71.4511,-73.4171,-72.5325,-73.0895,-72.7291,
05-01-2026-Fri 14-44-03-PM,-72.6636,-71.5494,-73.4826,-72.5981,-73.1223,-72.7619,
05-01-2026-Fri 14-44-06-PM,-72.7291,-71.5822,-73.5153,-72.6309,-73.1877,-72.8274,
05-01-2026-Fri 14-44-07-PM,-72.7291,-71.615,-73.5481,-72.6963,-73.2206,-72.893,
05-01-2026-Fri 14-44-10-PM,-72.7946,-71.6478,-73.5808,-72.6963,-73.2533,-72.893,
05-01-2026-Fri 14-44-13-PM,-72.8274,-71.6805,-73.6463,-72.7291,-73.3188,-72.9585,
05-01-2026-Fri 14-44-15-PM,-72.8601,-71.7132,-73.679,-72.7946,-73.3514,-72.9912,
05-01-2026-Fri 14-44-18-PM,-72.9257,-71.7789,-73.7446,-72.8274,-73.4171,-73.0239,
05-01-2026-Fri 14-44-20-PM,-72.9585,-71.8444,-73.81,-72.893,-73.4171,-73.1223,
05-01-2026-Fri 14-44-21-PM,-72.9912,-71.8771,-73.81,-72.9585,-73.4826,-73.155,
05-01-2026-Fri 14-44-23-PM,-73.0239,-71.8771,-73.8427,-72.9912,-73.4826,-73.155,
05-01-2026-Fri 14-44-24-PM,-73.0239,-71.8771,-73.8756,-72.9912,-73.5153,-73.1877,
05-01-2026-Fri 14-44-26-PM,-73.0567,-71.91,-73.9084,-72.9912,-73.5153,-73.2206,
05-01-2026-Fri 14-44-27-PM,-73.0895,-71.91,-73.8756,-73.0239,-73.5481,-73.2533,
05-01-2026-Fri 14-44-28-PM,-73.0895,-71.9427,-73.941,-73.0567,-73.6136,-73.2533,
05-01-2026-Fri 14-44-30-PM,-73.1223,-71.9755,-73.9738,-73.0239,-73.6136,-73.2533,
05-01-2026-Fri 14-44-31-PM,-73.155,-71.9755,-73.9738,-73.0567,-73.6463,-73.3188,
05-01-2026-Fri 14-44-33-PM,-73.1877,-72.0083,-73.941,-73.0895,-73.6463,-73.3188,
05-01-2026-Fri 14-44-34-PM,-73.1877,-72.041,-74.0393,-73.0895,-73.679,-73.3514,
05-01-2026-Fri 14-44-35-PM,-73.2206,-72.041,-74.0393,-73.1223,-73.7118,-73.3843,
05-01-2026-Fri 14-44-37-PM,-73.2206,-72.041,-74.072,-73.155,-73.7118,-73.4171,
05-01-2026-Fri 14-44-38-PM,-73.2533,-72.1065,-74.1048,-73.155,-73.7446,-73.4171,
05-01-2026-Fri 14-44-40-PM,-73.2861,-72.1393,-74.1048,-73.155,-73.7773,-73.4498,
05-01-2026-Fri 14-44-41-PM,-73.3188,-72.1393,-74.1375,-73.2206,-73.7773,-73.4826,
05-01-2026-Fri 14-44-42-PM,-73.3514,-72.1721,-74.203,-73.2533,-73.81,-73.4826,
05-01-2026-Fri 14-44-44-PM,-73.3843,-72.1721,-74.203,-73.2533,-73.81,-73.5153,
05-01-2026-Fri 14-44-45-PM,-73.3843,-72.2048,-74.2357,-73.2533,-73.8427,-73.5481,
05-01-2026-Fri 14-44-47-PM,-73.4171,-72.2377,-74.2357,-73.3188,-73.8756,-73.5808,
05-01-2026-Fri 14-44-48-PM,-73.4171,-72.2704,-74.3012,-73.2861,-73.9084,-73.5808,
05-01-2026-Fri 14-44-49-PM,-73.4498,-72.2704,-74.3339,-73.3188,-73.9084,-73.6136,
05-01-2026-Fri 14-44-51-PM,-73.4826,-72.3032,-74.3339,-73.3188,-73.941,-73.6463,
05-01-2026-Fri 14-44-52-PM,-73.5153,-72.336,-74.3994,-73.3514,-73.941,-73.6463,
05-01-2026-Fri 14-44-54-PM,-73.5153,-72.336,-74.3667,-73.4171,-73.9738,-73.7118,
05-01-2026-Fri 14-44-55-PM,-73.5481,-72.336,-74.3994,-73.3514,-73.9738,-73.7446,
05-01-2026-Fri 14-44-56-PM,-73.5481,-72.3687,-74.4322,-73.3843,-74.0393,-73.7446,
05-01-2026-Fri 14-44-58-PM,-73.5481,-72.3687,-74.4976,-73.3843,-74.0064,-73.7446,
05-01-2026-Fri 14-44-59-PM,-73.6136,-72.4015,-74.4976,-73.4498,-74.072,-73.7773,
05-01-2026-Fri 14-45-01-PM,-73.6136,-72.4015,-74.4649,-73.4826,-74.072,-73.81,
05-01-2026-Fri 14-45-02-PM,-73.6136,-72.467,-74.5304,-73.5153,-74.1048,-73.81,
05-01-2026-Fri 14-45-03-PM,-73.679,-72.467,-74.4976,-73.4498,-74.1048,-73.8427,
05-01-2026-Fri 14-45-05-PM,-73.679,-72.4998,-74.5304,-73.5153,-74.1375,-73.9084,
05-01-2026-Fri 14-45-06-PM,-73.679,-72.5325,-74.5959,-73.5481,-74.1702,-73.9084,
05-01-2026-Fri 14-45-08-PM,-73.7446,-72.5325,-74.5959,-73.5808,-74.1702,-73.941,
05-01-2026-Fri 14-45-09-PM,-73.7446,-72.5653,-74.6613,-73.5808,-74.2357,-73.941,
05-01-2026-Fri 14-45-11-PM,-73.7446,-72.5981,-74.6613,-73.6136,-74.2357,-73.9738,
05-01-2026-Fri 14-45-12-PM,-73.81,-72.6309,-74.6941,-73.5808,-74.2357,-74.0393,
05-01-2026-Fri 14-45-13-PM,-73.81,-72.5981,-74.6941,-73.6463,-74.3012,-74.0064,
05-01-2026-Fri 14-45-15-PM,-73.8427,-72.6636,-74.7268,-73.679,-74.2685,-74.0393,
05-01-2026-Fri 14-45-16-PM,-73.8756,-72.6636,-74.7268,-73.6463,-74.3012,-74.072,
05-01-2026-Fri 14-45-17-PM,-73.8756,-72.6963,-74.7596,-73.679,-74.3339,-74.072,
05-01-2026-Fri 14-45-19-PM,-73.9084,-72.6963,-74.7923,-73.7118,-74.3339,-74.1048,
05-01-2026-Fri 14-45-20-PM,-73.9084,-72.6963,-74.825,-73.679,-74.3667,-74.1048,
05-01-2026-Fri 14-45-21-PM,-73.941,-72.7291,-74.8578,-73.7118,-74.3667,-74.1375,
05-01-2026-Fri 14-45-23-PM,-73.941,-72.7291,-74.825,-73.7118,-74.3667,-74.1375,
05-01-2026-Fri 14-45-24-PM,-73.9738,-72.7619,-74.8578,-73.7446,-74.3994,-74.203,
05-01-2026-Fri 14-45-26-PM,-74.0064,-72.7619,-74.9233,-73.7773,-74.4322,-74.203,
05-01-2026-Fri 14-45-27-PM,-74.0064,-72.7946,-74.9233,-73.81,-74.4649,-74.2357,
05-01-2026-Fri 14-45-28-PM,-74.0393,-72.8601,-74.956,-73.81,-74.4649,-74.2685,
05-01-2026-Fri 14-45-30-PM,-74.072,-72.8601,-74.9886,-73.7773,-74.4976,-74.2685,
05-01-2026-Fri 14-45-31-PM,-74.072,-72.8601,-74.9886,-73.81,-74.4976,-74.3012,
05-01-2026-Fri 14-45-33-PM,-74.1375,-72.893,-74.9886,-73.81,-74.4976,-74.3339,
05-01-2026-Fri 14-45-34-PM,-74.1048,-72.9257,-75.0214,-73.8756,-74.5304,-74.3339,
05-01-2026-Fri 14-45-36-PM,-74.1375,-72.9257,-75.0541,-73.8756,-74.5304,-74.3667,
05-01-2026-Fri 14-45-37-PM,-74.1375,-72.9257,-75.0869,-73.941,-74.5959,-74.3667,
05-01-2026-Fri 14-45-38-PM,-74.203,-72.9585,-75.1523,-73.8756,-74.5959,-74.3994,
05-01-2026-Fri 14-45-40-PM,-74.203,-72.9912,-75.1196,-73.9084,-74.6286,-74.4322,
05-01-2026-Fri 14-45-42-PM,-74.2357,-72.9912,-75.1851,-73.941,-74.6286,-74.4649,
05-01-2026-Fri 14-45-44-PM,-74.2685,-73.0239,-75.1523,-73.941,-74.6613,-74.4976,
05-01-2026-Fri 14-45-47-PM,-74.3012,-73.0567,-75.1851,-74.0393,-74.6613,-74.4976,
05-01-2026-Fri 14-45-50-PM,-74.3339,-73.0895,-75.2506,-73.9738,-74.7268,-74.5632,
05-01-2026-Fri 14-45-53-PM,-74.3667,-73.0895,-75.2833,-74.0393,-74.7268,-74.5959,
05-01-2026-Fri 14-45-54-PM,-74.3994,-73.155,-75.3487,-74.072,-74.7923,-74.6286,
05-01-2026-Fri 14-45-55-PM,-74.3994,-73.1877,-75.3487,-74.072,-74.825,-74.6613,
05-01-2026-Fri 14-45-57-PM,-74.4649,-73.1877,-75.3487,-74.1048,-74.825,-74.6941,
05-01-2026-Fri 14-45-58-PM,-74.4322,-73.2206,-75.3814,-74.072,-74.825,-74.6941,
05-01-2026-Fri 14-46-00-PM,-74.4649,-73.2206,-75.4142,-74.1048,-74.8578,-74.7268,
05-01-2026-Fri 14-46-01-PM,-74.4976,-73.2533,-75.4469,-74.1375,-74.8905,-74.7268,
05-01-2026-Fri 14-46-02-PM,-74.5304,-73.2861,-75.4796,-74.1702,-74.8578,-74.7596,
05-01-2026-Fri 14-46-04-PM,-74.5304,-73.2861,-75.4796,-74.1375,-74.9233,-74.7596,
05-01-2026-Fri 14-46-05-PM,-74.5632,-73.2861,-75.4469,-74.1702,-74.9233,-74.7923,
05-01-2026-Fri 14-46-06-PM,-74.5632,-73.3188,-75.4469,-74.1702,-74.956,-74.7923,
05-01-2026-Fri 14-46-08-PM,-74.5959,-73.3514,-75.5451,-74.1702,-74.956,-74.8578,
05-01-2026-Fri 14-46-09-PM,-74.5959,-73.3514,-75.5124,-74.203,-74.956,-74.8578,
05-01-2026-Fri 14-46-11-PM,-74.5959,-73.3514,-75.5451,-74.1702,-74.9886,-74.8905,
05-01-2026-Fri 14-46-12-PM,-74.6286,-73.3843,-75.5451,-74.1702,-75.0214,-74.8905,
05-01-2026-Fri 14-46-13-PM,-74.6613,-73.4171,-75.5778,-74.2685,-75.0214,-74.9233,
05-01-2026-Fri 14-46-15-PM,-74.6941,-73.4171,-75.6106,-74.2357,-75.0214,-74.9233,
05-01-2026-Fri 14-46-16-PM,-74.6941,-73.4171,-75.6432,-74.2357,-75.0214,-74.956,
05-01-2026-Fri 14-46-17-PM,-74.6941,-73.4171,-75.6432,-74.203,-75.0541,-74.956,
05-01-2026-Fri 14-46-19-PM,-74.7268,-73.4498,-75.6432,-74.2357,-75.0869,-74.9886,
05-01-2026-Fri 14-46-20-PM,-74.7596,-73.4826,-75.7087,-74.2685,-75.0869,-75.0214,
05-01-2026-Fri 14-46-22-PM,-74.7596,-73.4826,-75.6432,-74.3012,-75.1196,-75.0214,
05-01-2026-Fri 14-46-23-PM,-74.7596,-73.5153,-75.6761,-74.2685,-75.1196,-75.0541,
05-01-2026-Fri 14-46-24-PM,-74.7596,-73.5481,-75.7414,-74.3339,-75.1523,-75.0541,
05-01-2026-Fri 14-46-26-PM,-74.825,-73.5481,-75.7742,-74.3667,-75.1523,-75.0869,
05-01-2026-Fri 14-46-27-PM,-74.825,-73.5808,-75.7414,-74.3667,-75.1851,-75.1196,
05-01-2026-Fri 14-46-29-PM,-74.8578,-73.5808,-75.7087,-74.3994,-75.1851,-75.1196,
05-01-2026-Fri 14-46-30-PM,-74.8905,-73.6136,-75.7742,-74.3994,-75.1851,-75.1523,
05-01-2026-Fri 14-46-31-PM,-74.8905,-73.6136,-75.8396,-74.4322,-75.2179,-75.1851,
05-01-2026-Fri 14-46-33-PM,-74.9233,-73.6463,-75.7742,-74.3994,-75.2179,-75.1851,
05-01-2026-Fri 14-46-34-PM,-74.9233,-73.6463,-75.8396,-74.4649,-75.2506,-75.1851,
05-01-2026-Fri 14-46-36-PM,-74.9233,-73.6463,-75.8396,-74.4649,-75.2506,-75.2179,
05-01-2026-Fri 14-46-37-PM,-74.956,-73.679,-75.8723,-74.4322,-75.2506,-75.2179,
05-01-2026-Fri 14-46-39-PM,-74.956,-73.7118,-75.8723,-74.4649,-75.3159,-75.2506,
05-01-2026-Fri 14-46-40-PM,-74.9886,-73.7118,-75.9378,-74.4322,-75.3159,-75.2506,
05-01-2026-Fri 14-46-42-PM,-75.0214,-73.7446,-75.8723,-74.4649,-75.3487,-75.2833,
05-01-2026-Fri 14-46-43-PM,-75.0214,-73.7446,-75.9378,-74.4649,-75.3487,-75.2833,
05-01-2026-Fri 14-46-44-PM,-75.0541,-73.7446,-75.9378,-74.4649,-75.3814,-75.3159,
05-01-2026-Fri 14-46-46-PM,-75.0541,-73.7446,-75.9704,-74.4649,-75.3814,-75.3159,
05-01-2026-Fri 14-46-47-PM,-75.0869,-73.7773,-76.0032,-74.4976,-75.3814,-75.3487,
05-01-2026-Fri 14-46-49-PM,-75.0869,-73.7773,-75.9704,-74.4976,-75.3814,-75.3814,
05-01-2026-Fri 14-46-50-PM,-75.1196,-73.81,-76.0032,-74.5304,-75.4142,-75.3814,
05-01-2026-Fri 14-46-51-PM,-75.1196,-73.8427,-76.0359,-74.5304,-75.4142,-75.4142,
05-01-2026-Fri 14-46-53-PM,-75.1523,-73.8427,-76.0359,-74.5304,-75.4469,-75.4142,
05-01-2026-Fri 14-46-54-PM,-75.1523,-73.8756,-76.0686,-74.5632,-75.4469,-75.4142,
05-01-2026-Fri 14-46-55-PM,-75.1851,-73.8756,-76.0359,-74.5959,-75.4796,-75.4469,
05-01-2026-Fri 14-46-57-PM,-75.1851,-73.9084,-76.134,-74.5959,-75.4796,-75.4796,
05-01-2026-Fri 14-46-58-PM,-75.2179,-73.9084,-76.1013,-74.5959,-75.5124,-75.5124,
05-01-2026-Fri 14-47-00-PM,-75.2179,-73.941,-76.1013,-74.5959,-75.5124,-75.5124,
05-01-2026-Fri 14-47-01-PM,-75.2179,-73.941,-76.134,-74.5959,-75.5124,-75.5124,
05-01-2026-Fri 14-47-02-PM,-75.2506,-73.941,-76.1668,-74.5959,-75.5451,-75.5451,
05-01-2026-Fri 14-47-04-PM,-75.2833,-73.9738,-76.1995,-74.6286,-75.5451,-75.5451,
05-01-2026-Fri 14-47-05-PM,-75.2833,-74.0064,-76.1668,-74.6613,-75.5778,-75.5778,
05-01-2026-Fri 14-47-07-PM,-75.3159,-73.9738,-76.1995,-74.6286,-75.5778,-75.5778,
05-01-2026-Fri 14-47-08-PM,-75.3159,-74.0064,-76.1995,-74.6286,-75.6106,-75.6106,
05-01-2026-Fri 14-47-09-PM,-75.3159,-74.0393,-76.2322,-74.6613,-75.5778,-75.6106,
05-01-2026-Fri 14-47-11-PM,-75.3487,-74.0393,-76.2322,-74.6613,-75.6106,-75.6432,
05-01-2026-Fri 14-47-12-PM,-75.3487,-74.072,-76.265,-74.6613,-75.6432,-75.6432,
05-01-2026-Fri 14-47-13-PM,-75.4142,-74.072,-76.265,-74.6941,-75.6432,-75.6761,
05-01-2026-Fri 14-47-15-PM,-75.4142,-74.072,-76.2976,-74.6613,-75.6761,-75.6761,
05-01-2026-Fri 14-47-16-PM,-75.4142,-74.072,-76.3304,-74.6613,-75.6761,-75.7087,
05-01-2026-Fri 14-47-18-PM,-75.4142,-74.1048,-76.2976,-74.7268,-75.7087,-75.7087,
05-01-2026-Fri 14-47-19-PM,-75.4142,-74.1375,-76.2976,-74.7596,-75.7087,-75.7087,
05-01-2026-Fri 14-47-20-PM,-75.4469,-74.1702,-76.3304,-74.7596,-75.7414,-75.7414,
05-01-2026-Fri 14-47-22-PM,-75.5124,-74.1702,-76.3304,-74.7268,-75.7087,-75.7414,
05-01-2026-Fri 14-47-24-PM,-75.4796,-74.203,-76.3958,-74.7596,-75.7742,-75.7742,
05-01-2026-Fri 14-47-27-PM,-75.5124,-74.203,-76.3631,-74.7268,-75.7742,-75.8068,
05-01-2026-Fri 14-47-29-PM,-75.5451,-74.2357,-76.4285,-74.7923,-75.8068,-75.8068,
05-01-2026-Fri 14-47-32-PM,-75.5778,-74.2685,-76.4612,-74.8578,-75.8396,-75.8723,
05-01-2026-Fri 14-47-34-PM,-75.6106,-74.3012,-76.494,-74.7923,-75.8723,-75.9051,
05-01-2026-Fri 14-47-35-PM,-75.6106,-74.3012,-76.5266,-74.825,-75.8723,-75.9378,
05-01-2026-Fri 14-47-37-PM,-75.6106,-74.3012,-76.494,-74.825,-75.8723,-75.9378,
05-01-2026-Fri 14-47-38-PM,-75.6432,-74.3012,-76.5266,-74.8578,-75.9051,-75.9378,
05-01-2026-Fri 14-47-39-PM,-75.6761,-74.3339,-76.5266,-74.825,-75.9051,-75.9704,
05-01-2026-Fri 14-47-41-PM,-75.6761,-74.3667,-76.5594,-74.8905,-75.9051,-75.9704,
05-01-2026-Fri 14-47-42-PM,-75.6761,-74.3667,-76.5594,-74.825,-75.9378,-75.9704,
05-01-2026-Fri 14-47-43-PM,-75.6761,-74.3667,-76.5921,-74.8905,-75.9378,-76.0032,
05-01-2026-Fri 14-47-45-PM,-75.7087,-74.3667,-76.5921,-74.8905,-75.9378,-76.0032,
05-01-2026-Fri 14-47-46-PM,-75.7414,-74.3994,-76.5594,-74.8905,-75.9704,-76.0359,
05-01-2026-Fri 14-47-48-PM,-75.7087,-74.4322,-76.5594,-74.8905,-75.9704,-76.0359,
05-01-2026-Fri 14-47-49-PM,-75.7414,-74.4322,-76.6247,-74.9233,-75.9704,-76.0686,
05-01-2026-Fri 14-47-50-PM,-75.7742,-74.4322,-76.6247,-74.956,-76.0032,-76.0686,
05-01-2026-Fri 14-47-52-PM,-75.7742,-74.4649,-76.6575,-74.956,-76.0032,-76.0686,
05-01-2026-Fri 14-47-53-PM,-75.7742,-74.4649,-76.6575,-74.956,-76.0359,-76.1013,
05-01-2026-Fri 14-47-55-PM,-75.8068,-74.4976,-76.6575,-74.9233,-76.0686,-76.134,
05-01-2026-Fri 14-47-56-PM,-75.8396,-74.4976,-76.6902,-74.956,-76.0686,-76.134,
05-01-2026-Fri 14-47-58-PM,-75.8396,-74.5304,-76.6902,-74.9886,-76.0686,-76.1668,
05-01-2026-Fri 14-47-59-PM,-75.8396,-74.5304,-76.6575,-74.9886,-76.1013,-76.1668,
05-01-2026-Fri 14-48-02-PM,-75.8396,-74.5304,-76.7556,-74.956,-76.1013,-76.1668,
05-01-2026-Fri 14-48-05-PM,-75.8723,-74.5632,-76.7229,-74.9886,-76.134,-76.1995,
05-01-2026-Fri 14-48-07-PM,-75.9378,-74.5959,-76.7556,-74.9886,-76.134,-76.2322,
05-01-2026-Fri 14-48-09-PM,-75.9378,-74.6286,-76.7882,-75.0214,-76.1668,-76.2322,
05-01-2026-Fri 14-48-10-PM,-75.9704,-74.6286,-76.821,-75.0541,-76.1668,-76.265,
05-01-2026-Fri 14-48-12-PM,-76.0032,-74.6613,-76.821,-75.0541,-76.1668,-76.2976,
05-01-2026-Fri 14-48-13-PM,-75.9704,-74.6613,-76.8538,-75.0869,-76.1995,-76.2976,
05-01-2026-Fri 14-48-14-PM,-76.0032,-74.6941,-76.8865,-75.0541,-76.1995,-76.2976,
05-01-2026-Fri 14-48-16-PM,-76.0032,-74.6941,-76.8865,-75.0541,-76.2322,-76.3304,
05-01-2026-Fri 14-48-18-PM,-76.0359,-74.7268,-76.8865,-75.0541,-76.1995,-76.3631,
05-01-2026-Fri 14-48-19-PM,-76.0359,-74.7268,-76.8538,-75.0869,-76.2322,-76.3631,
05-01-2026-Fri 14-48-20-PM,-76.0359,-74.7268,-76.8865,-75.1196,-76.265,-76.3631,
05-01-2026-Fri 14-48-22-PM,-76.0359,-74.7268,-76.9192,-75.0869,-76.265,-76.3958,
05-01-2026-Fri 14-48-23-PM,-76.0686,-74.7596,-76.9518,-75.0869,-76.265,-76.3958,
05-01-2026-Fri 14-48-25-PM,-76.1013,-74.7923,-76.9518,-75.1196,-76.2976,-76.4285,
05-01-2026-Fri 14-48-26-PM,-76.1013,-74.7596,-76.9192,-75.1523,-76.3304,-76.4285,
05-01-2026-Fri 14-48-28-PM,-76.1013,-74.7596,-76.9192,-75.1523,-76.2976,-76.4285,
05-01-2026-Fri 14-48-29-PM,-76.134,-74.825,-76.9846,-75.1196,-76.3631,-76.4285,
05-01-2026-Fri 14-48-31-PM,-76.1668,-74.825,-76.9846,-75.1523,-76.3304,-76.4612,
05-01-2026-Fri 14-48-32-PM,-76.1668,-74.8578,-76.9846,-75.1851,-76.3631,-76.4612,
05-01-2026-Fri 14-48-33-PM,-76.1668,-74.825,-77.0172,-75.1851,-76.3631,-76.494,
05-01-2026-Fri 14-48-35-PM,-76.1668,-74.8578,-77.05,-75.1851,-76.3631,-76.494,
05-01-2026-Fri 14-48-36-PM,-76.1995,-74.8578,-76.9846,-75.1851,-76.3958,-76.494,
05-01-2026-Fri 14-48-37-PM,-76.1995,-74.8578,-77.0172,-75.1851,-76.3631,-76.5266,
05-01-2026-Fri 14-48-39-PM,-76.2322,-74.8905,-77.05,-75.1851,-76.3958,-76.5266,
05-01-2026-Fri 14-48-40-PM,-76.2322,-74.9233,-77.0827,-75.1851,-76.4285,-76.5594,
05-01-2026-Fri 14-48-42-PM,-76.2322,-74.9233,-77.05,-75.2179,-76.4285,-76.5594,
05-01-2026-Fri 14-48-43-PM,-76.2322,-74.9233,-77.0827,-75.2506,-76.4285,-76.5594,
05-01-2026-Fri 14-48-44-PM,-76.265,-74.9233,-77.1153,-75.2179,-76.4612,-76.5921,
